taxon_id,sci_name,cn_name,image_path,image_url,author,license,license_url,page_url,status
19449,Abisara burnii,白点褐蚬蝶,,,,,,,no_image
10538,Abacarus aralioidus,,,,,,,,no_image
72469,Abbottina liaoningensis,辽宁棒花鱼,,,,,,,no_image
83226,Abies kawakamii,台湾冷杉,,,,,,,no_image
83193,Abelmoschus moschatus,黄葵,,,,,,,no_image
72478,Ablepharus himalayanus,喜山泛蜥（喜山裂睑蜥）,,,,,,,no_image
10494,Abacarus rotundus,,,,,,,,no_image
887,Abrina skinoshitai,卵圆阿布蛤,,,,,,,no_image
10497,Absenria lanyuensis,,,,,,,,no_image
7925,Abyla carina,拟突多面水母,,,,,,,no_image
72495,Abudefduf septemfasciatus,七带豆娘鱼,,,,,,,no_image
83273,Acaciella glauca,灰合欢,,,,,,,no_image
19533,Acalolepta seunghwani,,,,,,,,no_image
83284,Acalypha indica,热带铁苋菜,,,,,,,no_image
19547,Acanthacorydalis asiatica,属模巨齿蛉,,,,,,,no_image
19505,Acalolepta fasciculata,,,,,,,,no_image
6129,Acanthaxius formosa,台湾棘阿蛄虾,,,,,,,no_image
8704,Acanthochitona achates,玛瑙毛肤石鳖,,,,,,,no_image
19563,Acanthoglossa hirta,,,,,,,,no_image
83316,Acantholimon popovii,乌恰彩花,,,,,,,no_image
19585,Acanthoptura simplicicollis,简胸刺尾花天牛,,,,,,,no_image
19575,Acanthonevra trigonina,纹背刺脉实蝇,,,,,,,no_image
152522,Acanthophysellum lividocoeruleum,兰灰小棘囊菌,,,,,,,no_image
72530,Acanthosaura liui,刘氏棘蜥,,,,,,,no_image
72544,Acanthurus maculiceps,斑头刺尾鱼,,,,,,,no_image
10561,Acaphyllisa cryptomeria,,,,,,,,no_image
135095,Acarospora aeginaica,,,,,,,,no_image
135115,Acarospora peliscypha,,,,,,,,no_image
6084,Acasta armata,武装绵藤壶,,,,,,,no_image
155567,Acaulospora trappei,,,,,,,,no_image
155547,Acaulospora foveata,细齿无梗囊霉,,,,,,,no_image
83363,Acer davidii,青榨槭,,,,,,,no_image
83330,Acer acuminatum,齿裂槭,,,,,,,no_image
83387,Acer laurinum,十蕊槭,,,,,,,no_image
83408,Acer palmatum,鸡爪槭,,,,,,,no_image
83436,Acer sinopurpurascens,天目槭,,,,,,,no_image
10620,Aceria gei,,,,,,,,no_image
10655,Aceria microcis,,,,,,,,no_image
83463,Acer yinkunii,都安槭,,,,,,,no_image
10125,Aceria reticularis,,,,,,,,no_image
10106,Aceria zhejiangensis,,,,,,,,no_image
19617,Achaea serva,人心果阿夜蛾,,,,,,,no_image
72587,Achalinus damingensis,大明山脊蛇,,,,,,,no_image
139730,Acetabula leucomelaena,短棱柄盘菌,,,,,,,no_image
72607,Achalinus yunkaiensis,云开脊蛇,,,,,,,no_image
83480,Achillea setacea,丝叶蓍,,,,,,,no_image
19620,Achelipoda pictipennis,彩异螳舞虻,,,,,,,no_image
83514,Acidosasa chinensis,酸竹,,,,,,,no_image
19646,Aciagrion migratum,针尾狭翅蟌,,,,,,,no_image
83492,Achnatherum inebrians,醉马草,,,,,,,no_image
19666,Acidiella turgida,黄平脉实蝇,,,,,,,no_image
83526,Acilepis doichangensis,泰国尖鸠菊,,,,,,,no_image
19695,Aclerda acuta,尖仁蚧,,,,,,,no_image
19736,Aclerls platynotana,双斜长翅卷蛾,,,,,,,no_image
19716,Aclerls filipievi,灰色长翅卷蛾,,,,,,,no_image
83538,Acmella radicans,白花金纽扣,,,,,,,no_image
83571,Aconitum bulbilliferum,珠芽乌头,,,,,,,no_image
83602,Aconitum dolichostachyum,长序乌头,,,,,,,no_image
19759,Acomoptera sinica,中华光菌蚊,,,,,,,no_image
83670,Aconitum kojimae,锐裂乌头,,,,,,,no_image
83635,Aconitum georgei,长喙乌头,,,,,,,no_image
83703,Aconitum macrorhynchum,细叶乌头,,,,,,,no_image
83732,Aconitum pilopetalum,毛瓣乌头,,,,,,,no_image
83758,Aconitum rockii,拟康定乌头,,,,,,,no_image
83812,Aconitum xiangchengense,乡城乌头,,,,,,,no_image
83783,Aconitum stylosum,显柱乌头,,,,,,,no_image
19775,Acosmeryx miskini,黄点缺角天蛾,,,,,,,no_image
142249,Acremoniella atra,,,,,,,,no_image
19797,Acricotopus lucens,亮异环足摇蚊,,,,,,,no_image
19833,Acroceratitis maai,马氏刺角实蝇,,,,,,,no_image
72638,Acridotheres grandis,林八哥,,,,,,,no_image
72646,Acrocephalus bistrigiceps,黑眉苇莺,,,,,,,no_image
83845,Acrolejeunea pusilla,细体顶鳞苔,,,,,,,no_image
141321,Acrodictys oblonga,,,,,,,,no_image
19843,Acrocormus wuyingensis,五营痣斑金小蜂,,,,,,,no_image
83863,Acronema commutatum,多变丝瓣芹,,,,,,,no_image
19861,Acroneuria morsei,莫氏钮(虫责),,,,,,,no_image
19901,Acronicta strigosa,果剑纹夜蛾,,,,,,,no_image
19881,Acronicta insitiva,合剑纹夜蛾,,,,,,,no_image
6994,Acropora brueggemanni,松枝鹿角珊瑚,,,,,,,no_image
6924,Acropora humilis,粗野鹿角珊瑚,,,,,,,no_image
6967,Acropora secale,穗枝鹿角珊瑚,,,,,,,no_image
19908,Acropsilus guangdongensis,广东长须长足虻,,,,,,,no_image
131658,Acrospermum viticola,,,,,,,,no_image
19923,Acrostiba tibetana,,,,,,,,no_image
5949,Acrotocepheus gracilis,纤细顶头甲螨,,,,,,,no_image
19977,Acrotona retroarmata,,,,,,,,no_image
19957,Acrotona hongkongensis,,,,,,,,no_image
9078,Acrotritia sinensis,,,,,,,,no_image
199,Actaea polyacantha,多棘银杏蟹,,,,,,,no_image
20035,Actina tengchongana,腾冲星水虻,,,,,,,no_image
3900,Acteocina orientalis,东方拟捻螺,,,,,,,no_image
20013,Actias maenas,大尾大蚕蛾,,,,,,,no_image
83935,Actinidia fulvicoma,黄毛猕猴桃,,,,,,,no_image
83962,Actinidia persicina,桃花猕猴桃,,,,,,,no_image
83986,Actinidia vitifolia,葡萄叶猕猴桃,,,,,,,no_image
83998,Actinodaphne mushaensis,雾社黄肉楠,,,,,,,no_image
20044,Actinoptera formosana,双鬃短痣实蝇,,,,,,,no_image
10477,Aculodes hibisci,,,,,,,,no_image
20052,Actinotia polyodon,炫夜蛾,,,,,,,no_image
10361,Aculops monoices,,,,,,,,no_image
10554,Aculus leonuri,,,,,,,,no_image
10154,Aculus altissimae,,,,,,,,no_image
6174,Adamnestia tosaensis,土佐柱核螺,,,,,,,no_image
20084,Adelencyrtus bifasciatus,双带阿德跳小蜂,,,,,,,no_image
10577,Aculus tetanothrix,,,,,,,,no_image
20103,Adelphococris piceosetosus,四点褐苜蓿盲蝽,,,,,,,no_image
20123,Adelphomyia simplicistyla,简盲大蚊,,,,,,,no_image
84050,Adenophora hubeiensis,鄂西沙参,,,,,,,no_image
84080,Adenophora sinensis,中华沙参,,,,,,,no_image
84129,Adiantum hispidulum,毛叶铁线蕨,,,,,,,no_image
20126,Adia cinerella,小灰粪种蝇,,,,,,,no_image
84152,Adiantum tibeticum,西藏铁线蕨,,,,,,,no_image
84179,Adinandra lancipetala,狭瓣杨桐,,,,,,,no_image
20149,Adoxophyes croesus,皇褐带卷蛾,,,,,,,no_image
20142,Admontia longicornalis,长角毛颜寄蝇,,,,,,,no_image
20170,Aedes albocinctus,白条伊蚊,,,,,,,no_image
20190,Aedes cinereus,灰色伊蚊,,,,,,,no_image
20211,Aedes flavopictus,黄斑伊蚊,,,,,,,no_image
20254,Aedes novalbopictus,新白纹伊蚊,,,,,,,no_image
20232,Aedes khazani,竖鳞伊蚊,,,,,,,no_image
20274,Aedes reinerti,赖氏伊蚊,,,,,,,no_image
20294,Aedes unicinctus,单环伊蚊,,,,,,,no_image
84215,Aegopodium tadshikorum,塔什克羊角芹,,,,,,,no_image
17609,Aegista serpestes,赛尔派大脐蜗牛,,,,,,,no_image
84221,Aeluropus sinensis,獐毛,,,,,,,no_image
20333,Aeolothrips vittatus,条纹蓟马,,,,,,,no_image
20341,Aeromachus inachus,河伯锷弄蝶,,,,,,,no_image
84224,Aerides odorata,香花指甲兰,,,,,,,no_image
20364,Aeropedellus variegatus,,,,,,,,no_image
20386,Aeschnophlebia risi,李氏黑额蜓,,,,,,,no_image
84260,Aeschynanthus hildebrandii,唇冠芒毛苣苔,,,,,,,no_image
20394,Aeshna crenata,琉璃蜓,,,,,,,no_image
84280,Aeschynanthus poilanei,药用芒毛苣苔,,,,,,,no_image
20414,Aethes mesomelana,褐带双纹卷蛾,,,,,,,no_image
72761,Aetomylaeus nichofii,聂氏无刺鲼,,,,,,,no_image
84315,Agapetes anonyma,锈毛树萝卜,,,,,,,no_image
7495,Agalma elegans,美盛装水母,,,,,,,no_image
84337,Agapetes incurvata,皱叶树萝卜,,,,,,,no_image
84360,Agapetes neriifolia,夹竹桃叶树萝卜,,,,,,,no_image
84380,Agapetes xiana,念和树萝卜,,,,,,,no_image
144937,Agaricus arvensis,野蘑菇,,,,,,,no_image
144957,Agaricus caepestipes,四孢蘑菇,,,,,,,no_image
144977,Agaricus corneus,,,,,,,,no_image
144997,Agaricus fissuratus,淡黄菇,,,,,,,no_image
145037,Agaricus niveolutescens,,,,,,,,no_image
145057,Agaricus praerimosus,瓦鳞蘑菇,,,,,,,no_image
145017,Agaricus lepiotiformis,假环柄蘑菇,,,,,,,no_image
145077,Agaricus semotus,远离伞菌,,,,,,,no_image
145097,Agaricus trisulphuratus,硫黄色蘑菇,,,,,,,no_image
84383,Agastache rugosa,藿香,,,,,,,no_image
20466,Agathis hubeiensis,湖北窄径茧蜂,,,,,,,no_image
5611,Agelas robusta,强壮群海绵,,,,,,,no_image
20510,Agelosus nigricollis,,,,,,,,no_image
12421,Agelena chayu,察隅漏斗蛛,,,,,,,no_image
84401,Aglaia teysmanniana,星毛崖摩,,,,,,,no_image
5793,Aglaophamus toloensis,吐露内卷齿蚕,,,,,,,no_image
20538,Agnaptoria dzaensis,凹胸贞琵甲,,,,,,,no_image
20580,Agnetina starki,斯氏剑(虫责),,,,,,,no_image
20558,Agnaptoria seidlitzi,塞德贞琵甲,,,,,,,no_image
20606,Agnidra yunnanensis,云南距钩蛾,,,,,,,no_image
20621,Agonita kunminensis,连洼三脊甲,,,,,,,no_image
521,Agononida soelae,苏利亚斗铠虾,,,,,,,no_image
148162,Agrocybe hesleri,,,,,,,,no_image
20647,Agriomorpha xinglongensis,兴隆野蟌,,,,,,,no_image
15452,Agroeca flavens,黄田野蛛,,,,,,,no_image
20667,Agromyza potentillae,蔷薇潜蝇,,,,,,,no_image
84446,Agrostis mackliniae,歧颖剪股颖,,,,,,,no_image
20691,Agrotis fatidica,丰地夜蛾,,,,,,,no_image
84431,Agrostemma githago,麦仙翁,,,,,,,no_image
14405,Agyneta decurvis,扭曲丘皿蛛,,,,,,,no_image
20710,Ahlbergia nicevillei,尼采梳灰蝶,,,,,,,no_image
84483,Ailanthus integrifolia,全叶臭椿,,,,,,,no_image
84463,Ahnfeltiopsis flabelliformis,扇形拟伊藻,,,,,,,no_image
84508,Ainsliaea erectifolia,竖叶兔儿风,,,,,,,no_image
84532,Ainsliaea pertyoides,腋花兔儿风,,,,,,,no_image
20733,Aischrocrania brevimedia,短带偶角实蝇,,,,,,,no_image
84563,Ajania latifolia,宽叶亚菊,,,,,,,no_image
20736,Alabagrus sanctus,圣额脊茧蜂,,,,,,,no_image
72775,Alauda arvensis,云雀,,,,,,,no_image
84611,Ajuga multiflora,多花筋骨草,,,,,,,no_image
84583,Ajania tripinnatisecta,多裂亚菊,,,,,,,no_image
84665,Albizia crassiramea,白花合欢,,,,,,,no_image
151925,Albatrellus jiangenglingensis,尖峰岭地花菌,,,,,,,no_image
138433,Albotricha kurilensis,库页白毛盘菌,,,,,,,no_image
72806,Alcedo meninting,蓝耳翠鸟,,,,,,,no_image
72815,Alcippe hueti,淡眉雀鹛,,,,,,,no_image
20775,Aleiodes ferrugiteli,黄褐脊茧蜂,,,,,,,no_image
20755,Aleiodes alternator,夹色脊茧蜂,,,,,,,no_image
135791,Alectoria asiatica,,,,,,,,no_image
20811,Aleochara beijingorum,,,,,,,,no_image
20795,Aleiodes praetor,硕脊茧蜂,,,,,,,no_image
20831,Aleochara himalayanae,,,,,,,,no_image
20851,Aleochara punctiventris,,,,,,,,no_image
20871,Aleochara villosa,,,,,,,,no_image
20879,Aletia ferrago,紫红研夜蛾,,,,,,,no_image
20899,Aletia vitellina,研夜蛾,,,,,,,no_image
140325,Aleuria bicucullata,双勺网孢盘菌,,,,,,,no_image
84736,Aleuritopteris krameri,克氏粉背蕨,,,,,,,no_image
140345,Aleurina atrovinosa,,,,,,,,no_image
20903,Aleurodaphis sinojackiae,秤锤粉虱蚜,,,,,,,no_image
140365,Aleurina subapiculata,,,,,,,,no_image
152548,Aleurodiscus penicillatus,,,,,,,,no_image
20925,Algon hubeiensis,,,,,,,,no_image
72856,Alexandromys limnophilus,柴达木根田鼠,,,,,,,no_image
2911,Aliaporcellana suluensis,苏禄异瓷蟹,,,,,,,no_image
84776,Allardia lasiocarpa,毛果扁芒菊,,,,,,,no_image
9298,Alismobates rotundus,圆丰甲螨,,,,,,,no_image
20956,Alliopsis aldrichi,毛踝毛眼花蝇,,,,,,,no_image
84797,Allium beesianum,蓝花韭,,,,,,,no_image
20976,Alliopsis moerens,钩板毛眼花蝇,,,,,,,no_image
84841,Allium glomeratum,头花韭,,,,,,,no_image
84820,Allium condensatum,黄花葱,,,,,,,no_image
84865,Allium ledebourianum,硬皮葱,,,,,,,no_image
84956,Allium tuberosum,韭,,,,,,,no_image
84936,Allium songpanicum,松潘韭,,,,,,,no_image
84887,Allium ochotense,茖葱,,,,,,,no_image
84914,Allium rhabdotum,黑脉葱,,,,,,,no_image
20994,Allobaccha nubilipennis,褐翅异巴蚜蝇,,,,,,,no_image
20996,Allocladius aizaiensis,矮寨全直突摇蚊,,,,,,,no_image
21006,Allodahlia cheni,拟华异螋,,,,,,,no_image
21023,Alloeotomus chinensis,中国点盾盲蝽,,,,,,,no_image
21062,Allognosta wangzishana,王子山距水虻,,,,,,,no_image
21042,Allognosta gongshana,贡山距水虻,,,,,,,no_image
84977,Allomorphia urophylla,尾叶异形木,,,,,,,no_image
21081,Allohercostomus chinensis,中华全寡长足虻,,,,,,,no_image
19392,Allonychiurus shanghaiensis,,,,,,,,no_image
21093,Allophorocera rutila,金色异寄蝇,,,,,,,no_image
7604,Allorathkea macrogastrica,大胃异唇水母,,,,,,,no_image
21107,Allothrips taiwanus,台湾奇管蓟马,,,,,,,no_image
21120,Alloxiphidiopsis emarginata,凹缘异剑螽,,,,,,,no_image
21135,Alluaudomyia fuscula,烟色阿蠓,,,,,,,no_image
85017,Alocasia navicularis,黄苞海芋,,,,,,,no_image
84996,Alniphyllum fortunei,赤杨叶,,,,,,,no_image
21170,Aloconota magar,,,,,,,,no_image
85021,Aloina aloides,芦荟藓,,,,,,,no_image
16359,Alopecosa edax,贪食舞蛛,,,,,,,no_image
16483,Alopecosa pseudocuneata,伪楔舞蛛,,,,,,,no_image
1388,Alpheus bannerorum,斑纳鼓虾,,,,,,,no_image
72868,Alophoixus pallidus,白喉冠鹎,,,,,,,no_image
1361,Alpheus microstylus,短刺鼓虾,,,,,,,no_image
1373,Alpheus ehlersii,艾勒鼓虾,,,,,,,no_image
1408,Alpheus spatulatus,匙指鼓虾,,,,,,,no_image
85070,Alpinia japonica,山姜,,,,,,,no_image
85046,Alpinia bambusifolia,竹叶山姜,,,,,,,no_image
85091,Alpinia platychilus,宽唇山姜,,,,,,,no_image
149463,Alpova trappei,特拉氏光黑腹菌,,,,,,,no_image
85128,Alsophila spinulosa,桫椤,,,,,,,no_image
133831,Alternaria abutilonis,,,,,,,,no_image
133851,Alternaria bataticola,,,,,,,,no_image
133871,Alternaria catharanthi,,,,,,,,no_image
133891,Alternaria cylindrorostra,,,,,,,,no_image
133911,Alternaria gossypina,,,,,,,,no_image
133931,Alternaria luffae,,,,,,,,no_image
133951,Alternaria passiflorae,,,,,,,,no_image
133971,Alternaria radicina,,,,,,,,no_image
133991,Alternaria tagetica,,,,,,,,no_image
72886,Aluterus scriptus,拟态革鲀,,,,,,,no_image
85162,Alyssum simplex,新疆庭荠,,,,,,,no_image
85144,Altingia excelsa,细青皮,,,,,,,no_image
134011,Alternaria zinniae,,,,,,,,no_image
21231,Amamiclytus setiger,,,,,,,,no_image
142298,Amanita bingensis,宾卡鹤膏,,,,,,,no_image
135159,Amandinea lecideina,,,,,,,,no_image
142318,Amanita cokeri,柯克氏鹅膏,,,,,,,no_image
142338,Amanita fulva,赤褐鹅膏菌,,,,,,,no_image
142378,Amanita neoovoidea,新卵托鹅膏,,,,,,,no_image
142398,Amanita porphyria,褐云斑毒伞,,,,,,,no_image
142358,Amanita javanica,,,,,,,,no_image
142418,Amanita solitaria,角鳞鹅膏,,,,,,,no_image
142438,Amanita verna,白毒伞,,,,,,,no_image
85206,Amaranthus tenuifolius,薄叶苋,,,,,,,no_image
145560,Amanitopsis vaginata,灰鹅膏,,,,,,,no_image
1821,Amastigia varians,多变无鞭苔虫,,,,,,,no_image
151140,Amauroderma conjunctum,光粗柄假芝,,,,,,,no_image
151180,Amauroderma salebrosum,凹凸盖乌芝,,,,,,,no_image
151160,Amauroderma macrum,鸟假芝,,,,,,,no_image
72894,Ambassis ambassis,安巴双边鱼,,,,,,,no_image
72923,Amblygaster leiogaster,平胸钝腹鲱,,,,,,,no_image
72903,Amblychaeturichthys hexanema,六丝钝尾鰕虎,,,,,,,no_image
21267,Amblypsilopus ampliatus,雅长足虻,,,,,,,no_image
21287,Amblypsilopus hainanensis,海南雅长足虻,,,,,,,no_image
21307,Amblypsilopus sichuanensis,四川雅长足虻,,,,,,,no_image
21317,Ambrostoma chinkinyui,陈氏榆叶甲,,,,,,,no_image
21337,Amegilla malaccensis,黄黑无垫蜂,,,,,,,no_image
21363,Amiota acuta,端尖阿果蝇,,,,,,,no_image
85232,Amentotaxus yunnanensis,云南穗花杉,,,,,,,no_image
21383,Amiota brunneifemoralis,褐股阿果蝇,,,,,,,no_image
21403,Amiota gaoi,高氏阿果蝇,,,,,,,no_image
21423,Amiota nozawai,野泽阿果蝇,,,,,,,no_image
21443,Amiota spinifemorata,刺股阿果蝇,,,,,,,no_image
21469,Amnesicoma neoundulosa,新波帷尺蛾,,,,,,,no_image
85235,Amischotolype hispida,穿鞘花,,,,,,,no_image
72950,Amolops chanakya,考底利耶湍蛙,,,,,,,no_image
72971,Amolops kaulbacki,红纹湍蛙/缅北湍蛙,,,,,,,no_image
85252,Amomum dealbatum,长果砂仁,,,,,,,no_image
72992,Amolops teochew,潮州湍蛙,,,,,,,no_image
85272,Amomum petaloideum,宽丝豆蔻,,,,,,,no_image
6065,Ampelisca cyclops,轮双眼钩虾,,,,,,,no_image
85293,Amorpha fruticosa,紫穗槐,,,,,,,no_image
85311,Amorphophallus yuloensis,攸乐魔芋,,,,,,,no_image
85316,Ampelocalamus luodianensis,小蓬竹,,,,,,,no_image
21484,Ampelophaga obliquifascia,斜带葡萄天蛾,,,,,,,no_image
8027,Amphianthus capensis,好望角隐花海葵,,,,,,,no_image
3231,Amphilochus spencebate,棘矛钩虾,,,,,,,no_image
1501,Amphicham argentata,变顶猿头蛤,,,,,,,no_image
21518,Amphinemura apiciglobosa,球端倍叉(虫责),,,,,,,no_image
21538,Amphinemura filarmia,细臂倍叉(虫责),,,,,,,no_image
21558,Amphinemura leigong,雷公倍叉(虫责),,,,,,,no_image
21578,Amphinemura qingchengshana,青城山倍叉(虫责),,,,,,,no_image
1221,Amphipholis loripes,独双鳞蛇尾,,,,,,,no_image
5761,Amphiophiura canaliculata,腹沟粗蛇尾,,,,,,,no_image
21601,Amphipsylla asiatica,亚洲双蚤,,,,,,,no_image
21629,Amphipsylla rossica,俄双蚤,,,,,,,no_image
21656,Amphipyra subrigua,潮杂夜蛾,,,,,,,no_image
1190,Amphiura economiotata,奇异阳遂足,,,,,,,no_image
21663,Ampittia nana,小黄斑弄蝶,,,,,,,no_image
6353,Amusium japonicum,花日本日月贝,,,,,,,no_image
148759,Amylocorticiellum cremeoisabellinum,,,,,,,,no_image
148767,Amyloxenasma grisellum,,,,,,,,no_image
17811,Amynthas biconcavus,双陷远盲蚓,,,,,,,no_image
17833,Amynthas cruxus,十字远盲蚓,,,,,,,no_image
17938,Amynthas gracilis,简洁远盲蚓,,,,,,,no_image
17901,Amynthas editus,高尚远盲蚓,,,,,,,no_image
17771,Amynthas longiculiculatus,扁长远盲蚓,,,,,,,no_image
17977,Amynthas infuscuatus,深暗远盲蚓,,,,,,,no_image
17839,Amynthas papilliferus,多突远盲蚓,,,,,,,no_image
18008,Amynthas montanus,山区远盲蚓,,,,,,,no_image
17790,Amynthas tenellulus,娇小远盲蚓,,,,,,,no_image
17989,Amynthas robustus,壮伟远盲蚓,,,,,,,no_image
17905,Amynthas xingdoumontis,星斗远盲蚓,,,,,,,no_image
73047,Anabarilius qiluensis,杞麓白鱼,,,,,,,no_image
73054,Anacanthobatis donghaiensis,东海无鳍鳐,,,,,,,no_image
21703,Anacronicta tridens,三齿剑纹夜蛾,,,,,,,no_image
21735,Anaglyptus petrae,,,,,,,,no_image
21775,Anagyrus rugas,,,,,,,,no_image
21755,Anagyrus clauseni,克氏长索跳小蜂,,,,,,,no_image
85391,Anagallis arvensis,琉璃繁缕,,,,,,,no_image
4128,Anamixis torrida,焦越南钩虾,,,,,,,no_image
85441,Anaphalis muliensis,木里香青,,,,,,,no_image
85411,Anaphalis cinerascens,灰毛香青,,,,,,,no_image
85468,Anaphalis triplinervis,三脉香青,,,,,,,no_image
135239,Anaptychia ciliaris,毛边雪花衣,,,,,,,no_image
73074,Anas zonorhyncha,斑嘴鸭,,,,,,,no_image
135259,Anaptychia pacifica,,,,,,,,no_image
21798,Anarete johnsoni,约氏短角瘿蚊,,,,,,,no_image
21828,Anastrangalia dissimilis,东亚伪花天牛,,,,,,,no_image
21856,Anatkina inflammata,黑条斑大叶蝉,,,,,,,no_image
21840,Anatatha wilemani,外曼夜蛾,,,,,,,no_image
21876,Anatkina zhoui,周氏斑大叶蝉,,,,,,,no_image
15804,Anaulaciulus tibetanus,西藏少纹姬马陆,,,,,,,no_image
73079,Ancherythroculter wangi,汪氏近红鲌,,,,,,,no_image
21906,Anchon brevicornis,短屈角蝉,,,,,,,no_image
21922,Ancylis mitterbacheriana,栎镰翅小卷蛾,,,,,,,no_image
85500,Andreaea taiwanensis,台湾黑藓,,,,,,,no_image
85533,Androsace elatior,高莛点地梅,,,,,,,no_image
21938,Andropromachus gulinqingensis,,,,,,,,no_image
85575,Androsace rockii,密毛点地梅,,,,,,,no_image
85555,Androsace lamelloso-scapa,片莛点地梅,,,,,,,no_image
21941,Androthrips ramachandrai,拉马棘腿管蓟马,,,,,,,no_image
11548,Anelosimus crassipes,厚粗脚蛛,,,,,,,no_image
85619,Anemone demissa,展毛银莲花,,,,,,,no_image
85658,Anemone orthocarpa,直果银莲花,,,,,,,no_image
85689,Anemone taipaiensis,太白银莲花,,,,,,,no_image
21973,Angarotipula biprocessa,双突裸大蚊,,,,,,,no_image
85729,Angelica decursiva,紫花前胡,,,,,,,no_image
85708,Aneura maxima,大绿片苔,,,,,,,no_image
85751,Angelica multicaulis,多茎当归,,,,,,,no_image
85783,Angiopteris evecta,观音座莲,,,,,,,no_image
85803,Angiopteris tamdaoensis,三岛原始观音座莲,,,,,,,no_image
21979,Angelus obscura,安琪刺蛾,,,,,,,no_image
16228,Angulifemur unidigitis,单趾角股马陆,,,,,,,no_image
21997,Angustuma nigrimargina,黑缘狭顶叶蝉,,,,,,,no_image
22011,Anicetus howardi,霍氏扁角跳小蜂,,,,,,,no_image
22019,Anisodera propinqua,毛角潜甲,,,,,,,no_image
144187,Aniptodera palmicola,,,,,,,,no_image
22035,Anisolabis excisa,凹肥螋,,,,,,,no_image
132361,Anisomeridium tetrasporum,,,,,,,,no_image
22054,Ankylopteryx fraterna,曲脉绢草蛉,,,,,,,no_image
22068,Annamanum magnum,,,,,,,,no_image
85837,Annona macroprophyllata,异叶番荔枝,,,,,,,no_image
144573,Annulohypoxylon maeteangense,,,,,,,,no_image
85861,Anoectochilus hainanensis,海南开唇兰,,,,,,,no_image
85844,Anodendron benthamianum,台湾鳝藤,,,,,,,no_image
85884,Anomodon longifolius,长叶牛舌藓,,,,,,,no_image
73093,Anomalops katoptron,菲律宾灯颊鲷,,,,,,,no_image
22101,Anomoia distincta,鬃斜脉实蝇,,,,,,,no_image
148772,Anomoporia bombycina,柔丝变孔菌,,,,,,,no_image
22196,Anoplodera fokienensis,,,,,,,,no_image
22173,Anopheles subpictus,浅色按蚊,,,,,,,no_image
22132,Anopheles freyi,傅氏按蚊,,,,,,,no_image
22153,Anopheles mengalangensis,勐朗按蚊,,,,,,,no_image
16013,Anoplodesmus chinenis,,,,,,,,no_image
22233,Anoplophora glabripennis,,,,,,,,no_image
22255,Anoplophora zonator,,,,,,,,no_image
22266,Anotogaster myosa,细纹圆臀大蜓,,,,,,,no_image
22284,Anotylus crassicornis,,,,,,,,no_image
22326,Anotylus szechuanensis,,,,,,,,no_image
22306,Anotylus manchuricus,,,,,,,,no_image
73117,Anser indicus,斑头雁,,,,,,,no_image
73130,Antennatus tuberosus,网纹手躄鱼,,,,,,,no_image
22385,Anteon provinciale,邦单爪螯蜂,,,,,,,no_image
22345,Anteon choui,周氏单爪螯蜂,,,,,,,no_image
22365,Anteon laeve,光侧单爪螯蜂,,,,,,,no_image
2375,Anthenea difficilis,异五角海星,,,,,,,no_image
22405,Anteon wushense,雾社单爪螯蜂,,,,,,,no_image
22431,Anthidium furcatum,叉黄斑蜂,,,,,,,no_image
22456,Anthobium conjunctum,,,,,,,,no_image
789,Anthocidaris crassispina,紫海胆,,,,,,,no_image
22492,Anthocoris limbatus,淡边原花蝽,,,,,,,no_image
22527,Anthomyia pullulula,斑脉花蝇,,,,,,,no_image
7518,Anthogorgia divaricata,叉花柳珊瑚,,,,,,,no_image
22545,Anthophora badia,捷条蜂,,,,,,,no_image
22566,Anthophora furcata,叉条蜂,,,,,,,no_image
22587,Anthophora obtusispina,钝齿条蜂,,,,,,,no_image
22607,Anthophora stilobia,光条蜂,,,,,,,no_image
7953,Anthopleura stimpsonii,斯氏侧花海葵,,,,,,,no_image
85916,Anthoxanthum monticola,高山茅香,,,,,,,no_image
144690,Anthostomella longa,,,,,,,,no_image
154889,Anthracoidea foetidae,烈味薹草炭黑粉菌,,,,,,,no_image
154909,Anthracoidea setosae,刺毛薹草炭黑粉菌,,,,,,,no_image
134655,Anthracothecium oculatum,眼点炭壳衣,,,,,,,no_image
73136,Anthus campestris,平原鹨,,,,,,,no_image
22637,Antialcidas trifoliaceus,三叶结角蝉,,,,,,,no_image
412,Antigona lamellaris,对角蛤,,,,,,,no_image
85951,Antithamnion cruciatum,对丝藻,,,,,,,no_image
7787,Antipathes chota,普通黑珊瑚,,,,,,,no_image
5161,Antomicron elegans,秀丽前微线虫,,,,,,,no_image
151870,Antrodiella faginea,山毛榉小薄孔菌,,,,,,,no_image
22668,Antocha gracillima,细缘安大蚊,,,,,,,no_image
5984,Antropora fenglingiana,沣陵多穴苔虫,,,,,,,no_image
18604,Anuraeopsis navicula,舟形龟纹轮虫,,,,,,,no_image
135813,Anzia forbesiana,,,,,,,,no_image
22731,Apalacris viridis,绿胸斑蝗,,,,,,,no_image
22751,Apamea perstriata,立秀夜蛾,,,,,,,no_image
22771,Apatophysis sieversi,,,,,,,,no_image
22713,Aoria gracilicornis,细角厚缘肖叶甲,,,,,,,no_image
22800,Apenthecia hispida,齿鳞眶鬃果蝇,,,,,,,no_image
22819,Aphelia paleana,金光卷蛾,,,,,,,no_image
22839,Aphelopus nepalensis,尼泊尔常足螯蜂,,,,,,,no_image
85979,Aphanopleura capillifolia,细叶隐棱芹,,,,,,,no_image
22871,Aphria potans,游埃蜉寄蝇,,,,,,,no_image
85991,Aphyllorchis alpina,高山无叶兰,,,,,,,no_image
22859,Aphendala grandis,大润刺蛾,,,,,,,no_image
22895,Aphrodisium sauteri,,,,,,,,no_image
22914,Apimela glarearum,,,,,,,,no_image
22951,Apobletes marginicollis,缘阔咽阎甲,,,,,,,no_image
22938,Aplocera poneformata,锚尺蛾,,,,,,,no_image
86010,Apios fortunei,土圞儿,,,,,,,no_image
73191,Apodemus chevrieri,高山姬鼠,,,,,,,no_image
73202,Apogon carinatus,斑鳍天竺鲷,,,,,,,no_image
73222,Apogonichthyoides niger,黑似天竺鱼,,,,,,,no_image
22970,Apolygus concinnus,角斑后丽盲蝽,,,,,,,no_image
22990,Apolygus triangulus,三角后丽盲蝽,,,,,,,no_image
23009,Apomecyna tigrina,,,,,,,,no_image
23077,Aporia leucodice,中亚绢粉蝶,,,,,,,no_image
9330,Apoplophora pantotrema,,,,,,,,no_image
18092,Aporrectodea caliginosa,背暗流蚓,,,,,,,no_image
23118,Apotrechus nigrigeniculatus,黑膝疾蟋螽,,,,,,,no_image
143796,Appendiculella caseariicola,,,,,,,,no_image
143816,Appendiculella stachyuri,,,,,,,,no_image
23152,Apriona germarii,,,,,,,,no_image
23184,Apsiphortica lini,林氏毛胸果蝇,,,,,,,no_image
23164,Aprometopis orientalis,东方野秆蝇,,,,,,,no_image
134233,Aquaphila albicans,,,,,,,,no_image
86058,Aquilegia kamelinii,龙江耧斗菜,,,,,,,no_image
86084,Arabis hirsuta,硬毛南芥,,,,,,,no_image
86105,Arachniodes globisora,台湾复叶耳蕨,,,,,,,no_image
86125,Arachniodes simulans,华西复叶耳蕨,,,,,,,no_image
137784,Arachnopeziza nivea,,,,,,,,no_image
23198,Aragara menglaensis,勐腊螳秆蝇,,,,,,,no_image
86156,Aralia finlaysoniana,虎刺楤木,,,,,,,no_image
86176,Aralia thomsonii,云南楤木,,,,,,,no_image
11045,Araneus angulatus,有角园蛛,,,,,,,no_image
11095,Araneus conexus,愈园蛛,,,,,,,no_image
11125,Araneus pallasi,苍白园蛛,,,,,,,no_image
11240,Araneus khingan,兴安园蛛,,,,,,,no_image
11075,Araneus yadongensis,亚东园蛛,,,,,,,no_image
11242,Araneus stella,星状园蛛,,,,,,,no_image
23217,Araschnia davidis,大卫蜘蛱蝶,,,,,,,no_image
23234,Arbolygus picinus,黑褐树丽盲蝽,,,,,,,no_image
2246,Arca navicularis,舟蚶,,,,,,,no_image
86190,Arceuthobium pini,高山松寄生,,,,,,,no_image
86205,Archidendron dalatense,显脉棋子豆,,,,,,,no_image
14209,Archaraeoncus prospiciens,前延首蛛,,,,,,,no_image
86221,Archiphysalis chamaesarachoides,广西地海椒,,,,,,,no_image
23275,Archips kellerianus,油杉黄卷蛾,,,,,,,no_image
23299,Archips xylosteanus,梣黄卷蛾,,,,,,,no_image
1149,Arcopsi sculpeilis,雕刻拟蚶,,,,,,,no_image
23317,Arctornis bubalina,淡黄白毒蛾,,,,,,,no_image
86229,Arctoa hyperborea,北方极地藓,,,,,,,no_image
16309,Arctosa kiangsiensis,江西熊蛛,,,,,,,no_image
16290,Arctosa ziyunensis,紫云熊蛛,,,,,,,no_image
73303,Ardea insignis,白腹鹭,,,,,,,no_image
86254,Ardisia caudata,尾叶紫金牛,,,,,,,no_image
86274,Ardisia hokouensis,粗梗紫金牛,,,,,,,no_image
86296,Ardisia polysticta,纽子果,,,,,,,no_image
86326,Arenaria oreophila,山生福禄草,,,,,,,no_image
86337,Argemone mexicana,蓟罂粟,,,,,,,no_image
86318,Ardisia waitakii,越南紫金牛,,,,,,,no_image
86358,Argentina lineata,西南蕨麻,,,,,,,no_image
23340,Argestina pomena,苹色明眸眼蝶,,,,,,,no_image
11172,Argiope pulchella,丽金蛛,,,,,,,no_image
23351,Arguda viettei,维线枯叶蛾,,,,,,,no_image
86403,Argyreia fulvovillosa,黄背藤,,,,,,,no_image
73326,Argyrophis koshunensis,恒春盲蛇,,,,,,,no_image
11467,Argyrodes bonadea,白银斑蛛,,,,,,,no_image
23394,Arhopala hellenoroides,翠袖娆灰蝶,,,,,,,no_image
12679,Ariadna elaphra,敏捷垣蛛,,,,,,,no_image
23433,Aridelus miccus,小蝽茧蜂,,,,,,,no_image
73337,Ariosoma fasciatum,条纹美体鳗,,,,,,,no_image
86441,Arisaema clavatum,棒头南星,,,,,,,no_image
86463,Arisaema hainanense,黎婆花,,,,,,,no_image
86525,Arisaema xuanweiense,宣威南星,,,,,,,no_image
86503,Arisaema rubrirhizomatum,红根南星,,,,,,,no_image
86483,Arisaema melanostomum,墨喉南星,,,,,,,no_image
86545,Aristolochia fordiana,通城虎,,,,,,,no_image
86565,Aristolochia zollingeriana,港口马兜铃,,,,,,,no_image
23467,Armigeres durhami,达勒姆阿蚊,,,,,,,no_image
23448,Aristobia angustifrons,,,,,,,,no_image
147683,Armillaria ectypa,,,,,,,,no_image
147703,Armillariella obscura,,,,,,,,no_image
73359,Arothron meleagris,白点叉鼻鲀,,,,,,,no_image
73349,Arnoglossus polyspilus,多斑羊舌鲆,,,,,,,no_image
148399,Arrhenia umbratilis,,,,,,,,no_image
86591,Artemisia abaensis,阿坝蒿,,,,,,,no_image
86638,Artemisia desertorum,沙蒿,,,,,,,no_image
86616,Artemisia blepharolepis,白莎蒿,,,,,,,no_image
86677,Artemisia fulgens,亮蒿,,,,,,,no_image
86706,Artemisia issykkulensis,伊塞克绢蒿,,,,,,,no_image
86731,Artemisia macilenta,细杆沙蒿,,,,,,,no_image
86757,Artemisia neolehmanniana,新球序绢蒿,,,,,,,no_image
86783,Artemisia pewzowii,纤梗蒿,,,,,,,no_image
86867,Artemisia verlotiorum,南艾蒿,,,,,,,no_image
86837,Artemisia stricta,直茎蒿,,,,,,,no_image
86811,Artemisia sawanensis,沙湾绢蒿,,,,,,,no_image
23501,Artemisiomyia gorovoji,东亚蒿瘿蚊,,,,,,,no_image
131557,Arthonia parantillarum,准枯草斑衣,,,,,,,no_image
86895,Arthraxon epectinatus,光脊荩草,,,,,,,no_image
139468,Arthrobotrys cystosporium,,,,,,,,no_image
139488,Arthrobotrys venusta,,,,,,,,no_image
86921,Artocarpus gongshanensis,贡山波罗蜜,,,,,,,no_image
135431,Arthrorhaphis grisea,灰色珠节衣,,,,,,,no_image
86935,Arum jacquemontii,疆南星,,,,,,,no_image
86956,Arundinella parviflora,小花野古草,,,,,,,no_image
23548,Asarkina orientalis,东方狭口食蚜蝇,,,,,,,no_image
23530,Asaperda chongqingensis,,,,,,,,no_image
86986,Asarum geophilum,地花细辛,,,,,,,no_image
87011,Asarum sieboldii,汉城细辛,,,,,,,no_image
23561,Ascaphium irregulare,,,,,,,,no_image
13540,Asceua torquata,卷曲阿斯蛛,,,,,,,no_image
139595,Ascobolus castaneus,栗褐粪盘菌,,,,,,,no_image
139615,Ascobolus kervernii,,,,,,,,no_image
139635,Ascobolus reticulatus,网粪盘菌,,,,,,,no_image
133503,Ascochyta compositarum,,,,,,,,no_image
133483,Ascochyta araliae,,,,,,,,no_image
133523,Ascochyta impatientis,,,,,,,,no_image
133543,Ascochyta oleracea,,,,,,,,no_image
133583,Ascochyta zingibericola,,,,,,,,no_image
133563,Ascochyta scrophulariae,,,,,,,,no_image
142466,Ascominuta ovalispora,,,,,,,,no_image
155939,Ascophora disciflora,,,,,,,,no_image
23578,Asecodes medogensis,墨脱截脉姬小蜂,,,,,,,no_image
23596,Asiagomphus gongshanensis,贡山亚春蜓,,,,,,,no_image
9851,Asetacus oldhamus,,,,,,,,no_image
16798,Asianopis wuchaoi,吴超亚妖蛛,,,,,,,no_image
23627,Asidoblaps expressa,扁凹亚琵甲,,,,,,,no_image
23667,Asidoblaps zamotailovi,坡凹亚琵甲,,,,,,,no_image
23647,Asidoblaps miroshnikovi,米洛亚琵甲,,,,,,,no_image
23680,Asiotmethis songoricus,准噶尔波腿蝗,,,,,,,no_image
87046,Asparagus mairei,昆明天门冬,,,,,,,no_image
23694,Asota paliura,楔斑拟灯蛾,,,,,,,no_image
23701,Aspartimas formosanus,台湾异长角水虻,,,,,,,no_image
134327,Aspergillus beijingensis,,,,,,,,no_image
134347,Aspergillus egyptiacus,,,,,,,,no_image
134367,Aspergillus heyangensis,,,,,,,,no_image
134387,Aspergillus pseudodeflectus,,,,,,,,no_image
134407,Aspergillus tubingensis,,,,,,,,no_image
137351,Aspicilia anseris,异形平茶渍,,,,,,,no_image
137391,Aspicilia verrucigera,疣平茶渍,,,,,,,no_image
137371,Aspicilia hoffmannii,霍夫曼平茶渍,,,,,,,no_image
87086,Aspidistra caespitosa,丛生蜘蛛抱蛋,,,,,,,no_image
87108,Aspidistra dissecta,深裂蜘蛛抱蛋,,,,,,,no_image
87148,Aspidistra longiloba,巨型蜘蛛抱蛋,,,,,,,no_image
87128,Aspidistra hekouensis,河口蜘蛛抱蛋,,,,,,,no_image
87168,Aspidistra nutans,垂花蜘蛛抱蛋,,,,,,,no_image
23709,Aspidomorpha furcata,甘薯梳龟甲,,,,,,,no_image
87188,Aspidistra radiata,辐射蜘蛛抱蛋,,,,,,,no_image
87210,Aspidistra typica,卵叶蜘蛛抱蛋,,,,,,,no_image
87238,Aspidopterys obcordata,倒心盾翅藤,,,,,,,no_image
87271,Asplenium dolomiticum,圆叶铁角蕨,,,,,,,no_image
87251,Asplenium altajense,阿尔泰铁角蕨,,,,,,,no_image
87315,Asplenium oldhamii,东南铁角蕨,,,,,,,no_image
87292,Asplenium kansuense,甘肃铁角蕨,,,,,,,no_image
87335,Asplenium semivarians,近变异铁角蕨,,,,,,,no_image
23718,Asprothrips fuscipennis,暗棘皮蓟马,,,,,,,no_image
23735,Asteia nigripes,黑足寡脉蝇,,,,,,,no_image
23756,Astenus formosanus,,,,,,,,no_image
87372,Aster alatipes,翼柄紫菀,,,,,,,no_image
87429,Aster himalaicus,须弥紫菀,,,,,,,no_image
87404,Aster chuanshanensis,川陕紫菀,,,,,,,no_image
87454,Aster lingii,岩菀,,,,,,,no_image
87474,Aster nitidus,亮叶紫菀,,,,,,,no_image
87496,Aster sanqingshanicus,三清山紫菀,,,,,,,no_image
87518,Aster tataricus,紫菀,,,,,,,no_image
23777,Asteralobia doellingeriae,东风菀瘿蚊,,,,,,,no_image
143822,Asteridiella adinandricola,,,,,,,,no_image
143842,Asteridiella euryae,,,,,,,,no_image
143862,Asteridiella meliosmae,,,,,,,,no_image
143882,Asteridiella thwaitesii,,,,,,,,no_image
131675,Asterina castanopsis,,,,,,,,no_image
131694,Asterina elaeocarpi-kobanmochii,,,,,,,,no_image
131714,Asterina jasmini,,,,,,,,no_image
131733,Asterina manglietiae,,,,,,,,no_image
131751,Asterina rogergoosii,,,,,,,,no_image
23779,Asterococcus pyri,梨链壶蚧,,,,,,,no_image
141474,Asteroma argentea,,,,,,,,no_image
87560,Asterothamnus alyssoides,紫菀木,,,,,,,no_image
688,Asthenognathus hexagonum,六角倒颚蟹,,,,,,,no_image
17168,Astiotrema spinosa,多棘细孔吸虫,,,,,,,no_image
87581,Astragalus aksuensis,阿克苏黄芪,,,,,,,no_image
87603,Astragalus athranthus,黑药黄芪,,,,,,,no_image
87623,Astragalus brevialatus,短翼黄芪,,,,,,,no_image
87645,Astragalus chilienshanensis,祁连山黄芪,,,,,,,no_image
87698,Astragalus discolor,灰叶黄芪,,,,,,,no_image
87669,Astragalus cupulicalycinus,杯萼黄芪,,,,,,,no_image
87720,Astragalus flexus,弯花黄芪,,,,,,,no_image
87744,Astragalus grubovii,荒漠黄芪,,,,,,,no_image
87768,Astragalus hoffmeisteri,疏花黄芪,,,,,,,no_image
87791,Astragalus kongurensis,公格尔黄芪,,,,,,,no_image
87812,Astragalus lehmannianus,茧荚黄芪,,,,,,,no_image
87834,Astragalus luteiflorus,淡黄花黄芪,,,,,,,no_image
87885,Astragalus nanfoshanicus,南佛山黄芪,,,,,,,no_image
87860,Astragalus melilotoides,草木犀状黄芪,,,,,,,no_image
87926,Astragalus persepolitanus,沙生黄芪,,,,,,,no_image
87905,Astragalus ohbanus,奥巴黄芪,,,,,,,no_image
87950,Astragalus pseudohypogaeus,类留土黄芪,,,,,,,no_image
87972,Astragalus saccocalyx,袋萼黄芪,,,,,,,no_image
88016,Astragalus sulcatus,纹茎黄芪,,,,,,,no_image
87995,Astragalus sieversianus,绵果黄芪,,,,,,,no_image
88067,Astragalus visibilis,明媚黄芪,,,,,,,no_image
88042,Astragalus tongolensis,东俄洛黄芪,,,,,,,no_image
473,Astropecten monacanthus,单棘槭海星,,,,,,,no_image
2208,Astriclypeus manni,曼氏孔盾海胆,,,,,,,no_image
88087,Astragalus yechengensis,叶城黄芪,,,,,,,no_image
134217,Astrothelium cinnamomeum,肉桂星果衣,,,,,,,no_image
23837,Asura mentiens,拟暗脉艳苔蛾,,,,,,,no_image
23859,Asuridia obscura,昏绣苔蛾,,,,,,,no_image
88106,Asyneuma fulgens,长果牧根草,,,,,,,no_image
23882,Atanygnathus schuelkei,,,,,,,,no_image
190,Atergatis floridus,花纹爱洁蟹,,,,,,,no_image
73408,Athene noctua,纵纹腹小鸮,,,,,,,no_image
1336,Athanas ohsimai,大岛角鼓虾,,,,,,,no_image
23913,Atherigona latibasis,宽基芒蝇,,,,,,,no_image
23948,Atheta amicula,,,,,,,,no_image
23933,Atherigona soccata,高梁芒蝇,,,,,,,no_image
23968,Atheta chinkiangensis,,,,,,,,no_image
23988,Atheta dimorpha,,,,,,,,no_image
24009,Atheta gansuicola,,,,,,,,no_image
24049,Atheta kaohsiungicola,,,,,,,,no_image
24029,Atheta hsin,,,,,,,,no_image
24069,Atheta longefalcifera,,,,,,,,no_image
24089,Atheta mucronata,,,,,,,,no_image
24149,Atheta sapiana,,,,,,,,no_image
24109,Atheta palustris,,,,,,,,no_image
24129,Atheta pseudonana,,,,,,,,no_image
24169,Atheta sinoastuta,,,,,,,,no_image
24211,Atheta taiwamontana,,,,,,,,no_image
24191,Atheta sphaerae,,,,,,,,no_image
24231,Atheta vulnerans,,,,,,,,no_image
24251,Athetis cognata,连委夜蛾,,,,,,,no_image
24271,Athetis thoracica,乡委夜蛾,,,,,,,no_image
88138,Athyrium austro-orientale,藏东南蹄盖蕨,,,,,,,no_image
24304,Athyma opalina,虬眉带蛱蝶,,,,,,,no_image
88160,Athyrium cryptogrammoides,合欢山蹄盖蕨,,,,,,,no_image
88185,Athyrium exindusiatum,无盖蹄盖蕨,,,,,,,no_image
88234,Athyrium oppositipennum,对生蹄盖蕨,,,,,,,no_image
88209,Athyrium leiopodum,小叶蹄盖蕨,,,,,,,no_image
88256,Athyrium subrigescens,姬蹄盖蕨,,,,,,,no_image
24362,Atkinsoniella dormana,隐斑条大叶蝉,,,,,,,no_image
24342,Atimura japonica,,,,,,,,no_image
88281,Athyrium zayuense,察隅蹄盖蕨,,,,,,,no_image
24382,Atkinsoniella lii,李氏条大叶蝉,,,,,,,no_image
8922,Atlozetes tatus,,,,,,,,no_image
24422,Atkinsoniella wui,吴氏条大叶蝉，新种,,,,,,,no_image
24402,Atkinsoniella opponens,色条大叶蝉,,,,,,,no_image
24458,Atopolinus inusualis,,,,,,,,no_image
24478,Atopolinus silvestris,,,,,,,,no_image
24517,Atrichopogon aereum,铜色裸蠓,,,,,,,no_image
6911,Atorella subglobosa,小球六手水母,,,,,,,no_image
88286,Atractylodes koreana,朝鲜苍术,,,,,,,no_image
24537,Atrichopogon crispantis,带曲裸蠓,,,,,,,no_image
24597,Atrichopogon solivagus,游荡裸蠓,,,,,,,no_image
24577,Atrichopogon okinawensis,冲绳裸蠓,,,,,,,no_image
24557,Atrichopogon jacobsoni,杰克裸蠓,,,,,,,no_image
24617,Atrichopogon zhangmuensis,樟木裸蠓,,,,,,,no_image
88319,Atriplex hortensis,榆钱菠菜,,,,,,,no_image
24626,Atrocalopteryx oberthueri,透顶暗色蟌,,,,,,,no_image
12994,Attulus albolineatus,白线艾图蛛,,,,,,,no_image
73426,Atypannophrys gigantica,大花隐耳蟾,,,,,,,no_image
24679,Auchmis saga,沙杰夜蛾,,,,,,,no_image
24646,Atylotus horvathi,霍氏黄虻,,,,,,,no_image
11950,Atypus pedicellatus,小脚地蛛,,,,,,,no_image
88367,Audouinella globosa,球状旋体藻,,,,,,,no_image
24696,Aulaconotus incorrugatus,,,,,,,,no_image
24686,Aulacocentrum seticella,毛室腔室茧蜂,,,,,,,no_image
24708,Aulexis hochi,何氏齿胸肖叶甲,,,,,,,no_image
73434,Aurigequula fasciatus,长棘鲾,,,,,,,no_image
148820,Auricularia fusco-succinea,琥珀褐木耳,,,,,,,no_image
24733,Austrapoda seres,锯纹岐刺蛾,,,,,,,no_image
24727,Aulosaphes constractus,缩颊犁沟茧蜂,,,,,,,no_image
24743,Austrohancockia gressitti,嘉氏澳汉蚱,,,,,,,no_image
24757,Austrozele nipponensis,日本澳赛茧蜂,,,,,,,no_image
24783,Auzata superba,短线豆斑钩蛾,,,,,,,no_image
1132,Autolytus pictus,花色自裂虫,,,,,,,no_image
73440,Aviceda jerdoni,褐冠鹃隼,,,,,,,no_image
24803,Awas helii,,,,,,,,no_image
88414,Axyris amaranthoides,轴藜,,,,,,,no_image
24819,Azana grandispinosa,刺状奇菌蚊,,,,,,,no_image
14470,Baalzebub nemesis,涅墨巴力蛛,,,,,,,no_image
17507,Babelomurex lischkeanus,花仙塔肩棘螺,,,,,,,no_image
16950,Bacciger lizae,梭浆果吸虫,,,,,,,no_image
24835,Baccha sauteri,索特巴蚜蝇,,,,,,,no_image
136508,Bacidina pallidocarnea,,,,,,,,no_image
24865,Bactrocera arisanica,阿里山果实蝇,,,,,,,no_image
24886,Bactrocera guangxiana,广西果实蝇,,,,,,,no_image
24906,Bactrocera nigrifacia,滇黑果实蝇,,,,,,,no_image
24926,Bactrocera ruiliensis,瑞丽果实蝇,,,,,,,no_image
24977,Baeocera pseudinculta,,,,,,,,no_image
142483,Bactrodesmium microleucurum,,,,,,,,no_image
24957,Baeocera breveapicalis,,,,,,,,no_image
135154,Baeomyces rufus,淡红羊角衣,,,,,,,no_image
73463,Bagarius yarrelli,巨&#x0000E094;,,,,,,,no_image
73470,Balaenoptera omurai,大村鲸,,,,,,,no_image
88450,Balanophora japonica,日本蛇菰,,,,,,,no_image
7124,Balanophyllia parvula,小锥形珊瑚,,,,,,,no_image
88464,Baliospermum calycinum,云南斑籽木,,,,,,,no_image
73489,Bamburana tormota,凹耳竹叶蛙,,,,,,,no_image
132311,Balladynastrum clerodendri,,,,,,,,no_image
88514,Bambusa lapidea,油簕竹,,,,,,,no_image
88487,Bambusa crispiaurita,皱耳石竹,,,,,,,no_image
88549,Bambusa prominens,牛儿竹,,,,,,,no_image
88575,Bambusa utilis,乌叶竹,,,,,,,no_image
25050,Bambusaspis pseudominuscula,小竹斑链蚧,,,,,,,no_image
25067,Bambusiphaga taiwanensis,台湾竹飞虱,,,,,,,no_image
73506,Bangana tungting,洞庭孟加拉鲮,,,,,,,no_image
2274,Bankia saulii,密节鎧船蛆,,,,,,,no_image
25085,Baoris farri,刺胫弄蝶,,,,,,,no_image
73519,Barbatula liaoyangensis,辽阳须鳅,,,,,,,no_image
88595,Barbarea vulgaris,欧洲山芥,,,,,,,no_image
88609,Barbula arcuata,砂地石灰藓,,,,,,,no_image
73526,Barbuligobius boehlkei,髯毛鰕虎,,,,,,,no_image
140385,Barlaea polytrichi,,,,,,,,no_image
25102,Baroa punctivaga,孔灯蛾,,,,,,,no_image
1668,Barun trigranulum,三突巴隆蟹,,,,,,,no_image
150698,Basidioradulum radula,,,,,,,,no_image
25146,Basilepta minutipunctata,细刻角胸肖叶甲,,,,,,,no_image
25126,Basilepta elongata,长足角胸肖叶甲,,,,,,,no_image
25166,Basilepta scutellaris,黄盾角胸肖叶甲,,,,,,,no_image
25184,Basiprionota chinensis,大锯龟甲,,,,,,,no_image
88653,Bassia eriophora,绒藜,,,,,,,no_image
25225,Bassus similis,近金黄闭腔茧蜂,,,,,,,no_image
25205,Bassus choui,周氏闭腔茧蜂,,,,,,,no_image
73541,Bathophilus nigerrimus,丝须深巨口鱼,,,,,,,no_image
73556,Bathygadus antrodes,孔头底尾鳕,,,,,,,no_image
8434,Bathynomus affinis,亲密深水虱,,,,,,,no_image
6471,Bathyplotes natans,漂渊游参,,,,,,,no_image
5590,Batillaria multiformis,多形滩栖螺,,,,,,,no_image
88663,Batrachium bungei,,,,,,,,no_image
25287,Batriscenellus orientalis,,,,,,,,no_image
25267,Batraxis nanlingensis,,,,,,,,no_image
25307,Batrisodes longwangshanus,,,,,,,,no_image
88670,Bauhinia galpinii,嘉氏羊蹄甲,,,,,,,no_image
25329,Bayadera kirbyi,科氏尾溪蟌,,,,,,,no_image
3338,Beania aspinosa,无刺格苔虫,,,,,,,no_image
88696,Bazzania japonica,日本鞭苔,,,,,,,no_image
73604,Beaufortia niulanensis,牛栏爬岩鳅,,,,,,,no_image
8229,Bebryce indica,印度蔓柳珊瑚,,,,,,,no_image
88735,Begonia acetosella,无翅秋海棠,,,,,,,no_image
88760,Begonia barosma,醉香秋海棠,,,,,,,no_image
88780,Begonia cirrosa,卷毛秋海棠,,,,,,,no_image
88800,Begonia digyna,槭叶秋海棠,,,,,,,no_image
88820,Begonia flagellaris,鞭状秋海棠,,,,,,,no_image
88849,Begonia gungshanensis,贡山秋海棠,,,,,,,no_image
88894,Begonia lorentzonii,洛伦松氏秋海棠,,,,,,,no_image
88874,Begonia lacerata,撕裂秋海棠,,,,,,,no_image
88944,Begonia peii,小花秋海棠,,,,,,,no_image
88916,Begonia muliensis,木里秋海棠,,,,,,,no_image
88964,Begonia pulvinifera,肿柄秋海棠,,,,,,,no_image
88984,Begonia rushforthii,拉什氏秋海棠,,,,,,,no_image
89005,Begonia subhowii,粉叶秋海棠,,,,,,,no_image
89025,Begonia wenshanensis,文山秋海棠,,,,,,,no_image
25338,Beijingusa rougemonti,,,,,,,,no_image
89086,Beilschmiedia weii,大瑶山琼楠,,,,,,,no_image
73609,Beliops batanensis,菲律宾针鳍鮗,,,,,,,no_image
89064,Beilschmiedia mengwangensis,勐往琼楠,,,,,,,no_image
15016,Belisana guilin,桂林贝尔蛛,,,,,,,no_image
15206,Belisana parallelica,平行贝尔蛛,,,,,,,no_image
25347,Bellardia bayeri,拜耳陪丽蝇,,,,,,,no_image
25367,Bellatheta anmashanicola,,,,,,,,no_image
89092,Bellibarbula recurva,尖叶美叶藓,,,,,,,no_image
144399,Beltrania eremochloae,,,,,,,,no_image
138533,Belonidium mollissimum,,,,,,,,no_image
25405,Bengalia calilungae,菲律宾孟蝇,,,,,,,no_image
89105,Benkara rectispina,直刺鸡爪簕,,,,,,,no_image
73623,Benthobatis yangi,杨氏深海电鳐,,,,,,,no_image
89141,Berberis caroli,鄂尔多斯小檗,,,,,,,no_image
89119,Berberis approximata,近似小檗,,,,,,,no_image
89163,Berberis deinacantha,壮刺小檗,,,,,,,no_image
89187,Berberis forrestii,金江小檗,,,,,,,no_image
89236,Berberis jiulongensis,九龙小檗,,,,,,,no_image
89213,Berberis honanensis,河南小檗,,,,,,,no_image
89278,Berberis nemoros,林地小檗,,,,,,,no_image
89256,Berberis longispina,长刺小檗,,,,,,,no_image
89298,Berberis potaninii,少齿小檗,,,,,,,no_image
89323,Berberis shensiana,陕西小檗,,,,,,,no_image
89363,Berberis wanhuashanensis,万花山小檗,,,,,,,no_image
89343,Berberis tischleri,川西小檗,,,,,,,no_image
25423,Berca sinensis,,,,,,,,no_image
89411,Berchemia polyphylla,多叶勾儿茶,,,,,,,no_image
142495,Berkleasmium daphniphylli,虎皮楠顶丛格孢霉,,,,,,,no_image
25430,Beris digitata,指突柱角水虻,,,,,,,no_image
25455,Berta apopempta,峰丽斑尺蛾,,,,,,,no_image
73631,Berylmys latouchei,拉氏巨鼠,,,,,,,no_image
25486,Besaia goddrica,竹篦舟蛾,,,,,,,no_image
25510,Besaia sideridis,星篦舟蛾,,,,,,,no_image
25528,Betalbara leucosticta,白肩卑钩蛾,,,,,,,no_image
25545,Beybienkia barkolensis,巴里坤贝蝗,,,,,,,no_image
89450,Betula chinensis,坚桦,,,,,,,no_image
89480,Betula microphylla,小叶桦,,,,,,,no_image
25565,Bezzia hainana,海南贝蠓,,,,,,,no_image
25585,Bezzia sajana,莎佳贝蠓,,,,,,,no_image
13438,Bhutaniella zhui,朱氏不丹蛛,,,,,,,no_image
25606,Bhatia digitata,指沟顶叶蝉,,,,,,,no_image
136511,Biatora vernalis,,,,,,,,no_image
25649,Bibio biconcavus,双凹毛蚊,,,,,,,no_image
25710,Bibio zhaoi,赵氏毛蚊,,,,,,,no_image
25669,Bibio fuscopiceous,黑翅毛蚊,,,,,,,no_image
25689,Bibio obtusus,钝刺毛蚊,,,,,,,no_image
89526,Biebersteinia odora,高山熏倒牛,,,,,,,no_image
1665,Biflustra parasavartii,假萨氏别藻苔虫,,,,,,,no_image
136674,Bilimbia sublubens,,,,,,,,no_image
25733,Biomeigenia auripollinosa,黄粉突额寄蝇,,,,,,,no_image
141670,Bionectria kowhaii,,,,,,,,no_image
134033,Bipolaris peregianensis,,,,,,,,no_image
134013,Bipolaris chloridis,,,,,,,,no_image
25748,Bireta dorsisuffusa,锯缘角瓣舟蛾,,,,,,,no_image
25772,Bireta triangularis,三角瓣舟蛾,,,,,,,no_image
15553,Bisetocreagris cavernarum,洞双毛肉伪蝎,,,,,,,no_image
138235,Bisporella tetraspora,,,,,,,,no_image
25779,Bisnius germanus,,,,,,,,no_image
89575,Bistorta subscaposa,大理蓼,,,,,,,no_image
89585,Blachia andamanica,大果留萼木,,,,,,,no_image
25812,Blaesoxipha occatrix,老秃顶折麻蝇,,,,,,,no_image
25830,Blaps ballioni,帕里琵甲,,,,,,,no_image
25851,Blaps furcala,叉尾琵甲,,,,,,,no_image
25876,Blaps medusa,中型琵甲,,,,,,,no_image
25897,Blaps sulcatipennis,沟翅琵甲,,,,,,,no_image
19246,Blasconura hirtella,,,,,,,,no_image
25919,Blastopetrova keteleericola,云南油杉种子小卷蛾,,,,,,,no_image
25939,Bledius frisius,,,,,,,,no_image
89597,Blastus setulosus,刺毛柏拉木,,,,,,,no_image
25959,Bledius salsus,,,,,,,,no_image
25972,Blepephaeus multinotatus,,,,,,,,no_image
25992,Blepharicera asiatica,草网蚊,,,,,,,no_image
26012,Blepharipa nigrina,黑饰腹寄蝇,,,,,,,no_image
26044,Bleptina albovenata,白纹尖须夜蛾,,,,,,,no_image
26031,Blepharita petrolignea,褐灰毛眼夜蛾,,,,,,,no_image
89618,Blindia japonica,东亚小穗藓,,,,,,,no_image
89651,Blumea tenuifolia,狭叶艾纳香,,,,,,,no_image
89631,Blumea flava,拟艾纳香,,,,,,,no_image
26064,Bocula pallens,黄畸夜蛾,,,,,,,no_image
73670,Bodianus thoracotaeniatus,丝鳍普提鱼,,,,,,,no_image
89687,Boehmeria macrophylla,水苎麻,,,,,,,no_image
89717,Boenninghausenia albiflora,臭节草,,,,,,,no_image
16293,Bogdocosa kronebergi,克罗博狼蛛,,,,,,,no_image
89737,Bolbitis changjiangensis,昌江实蕨,,,,,,,no_image
14149,Bolephthyphantes index,索斑齿蛛,,,,,,,no_image
89757,Bolbitis virens,宽羽实蕨,,,,,,,no_image
148917,Boletellus porphyrius,红条孢牛肝,,,,,,,no_image
149560,Boletinus kunmingensis,昆明小牛肝菌,,,,,,,no_image
26075,Boletina laticauda,宽尾布菌蚊,,,,,,,no_image
148942,Boletus appendiculatus,缘盖牛肝菌,,,,,,,no_image
148962,Boletus castaneus,栎牛肝菌,,,,,,,no_image
148982,Boletus ferrugineus,锈褐牛肝菌,,,,,,,no_image
149002,Boletus hainanensis,海南牛肝菌,,,,,,,no_image
149022,Boletus magnisporus,宽孢牛肝菌,,,,,,,no_image
149042,Boletus phaeocephalus,褐盖牛肝菌,,,,,,,no_image
149062,Boletus queletii,红脚牛肝菌,,,,,,,no_image
149082,Boletus rufobrunnescens,变红褐牛肝菌,,,,,,,no_image
149102,Boletus subfulvus,,,,,,,,no_image
149122,Boletus unicolor,,,,,,,,no_image
26107,Bolitogyrus nigropolitus,,,,,,,,no_image
26087,Bolitobius parasetiger,,,,,,,,no_image
26127,Bolivaritettix sikkinensis,锡金波蚱,,,,,,,no_image
26134,Bombomyia discoidea,盘禅蜂虻,,,,,,,no_image
26148,Bombylius maculithorax,斑胸蜂虻,,,,,,,no_image
26168,Bomolocha squalida,污卜夜蛾,,,,,,,no_image
89784,Boodlea struveoides,网叶布多藻,,,,,,,no_image
26174,Borbororhinia bivittata,双条污彩蝇,,,,,,,no_image
26187,Borneogryllacris nigromarginata,黑缘婆蟋螽,,,,,,,no_image
26208,Botanophila askoldica,阿斯植种蝇,,,,,,,no_image
89796,Bossiella cretacea,粗扁节藻,,,,,,,no_image
26228,Botanophila cuneata,锥叶植种蝇,,,,,,,no_image
26248,Botanophila gnava,勤植种蝇,,,,,,,no_image
26268,Botanophila longifurcula,长中叉植种蝇,,,,,,,no_image
26288,Botanophila papiliocerca,蝶肛植种蝇,,,,,,,no_image
26308,Botanophila rufifrons,绯角植种蝇,,,,,,,no_image
73696,Botaurus stellaris,大麻鳽,,,,,,,no_image
26328,Botanophila subspinulibasis,拟棘基植种蝇,,,,,,,no_image
26354,Bothrogonia acuminata,尖凹大叶蝉,,,,,,,no_image
26374,Bothrogonia mouhoti,莫凹大叶蝉,,,,,,,no_image
73712,Botia superciliaris,中华沙鳅,,,,,,,no_image
15687,Bothropolys jiuensis,九寨石蜈蚣,,,,,,,no_image
131794,Botryosphaeria stevensii,,,,,,,,no_image
149656,Botryobasidium subbotryosum,类葡串担革菌,,,,,,,no_image
138912,Botrytis elliptica,,,,,,,,no_image
139947,Boudiera microscopica,,,,,,,,no_image
7441,Bougainvillia superciliaris,盾形鲍螅水母,,,,,,,no_image
73732,Boulenophrys daxuemontis,大雪山角蟾,,,,,,,no_image
73752,Boulenophrys lichun,立春角蟾,,,,,,,no_image
145125,Bovista gunnii,,,,,,,,no_image
26395,Boundarus ancinatus,钩突冠垠叶蝉,,,,,,,no_image
73772,Boulenophrys sanmingensis,三明角蟾,,,,,,,no_image
26406,Brabira atkinsonii,阿卜尺蛾,,,,,,,no_image
26411,Brachicoma nigra,黑短野蝇,,,,,,,no_image
73795,Brachirus pan,恒河宽箬鳎,,,,,,,no_image
18598,Brachionus chelonis,龟形臂尾轮虫,,,,,,,no_image
26428,Brachydiplax chalybea,褐胸疏脉蜻,,,,,,,no_image
26453,Brachypogon complanothecus,扁囊短蠓,,,,,,,no_image
26441,Brachyopa tianzhuensis,天祝短腹蚜蝇,,,,,,,no_image
89856,Brachymenium acuminatum,尖叶短月藓,,,,,,,no_image
26484,Brachyserphus breviterebrans,短管短细蜂,,,,,,,no_image
26473,Brachypogon sparsus,稀少短蠓,,,,,,,no_image
142512,Brachysporiella sinensis,,,,,,,,no_image
73819,Brachytarsophrys feae,费氏短腿蟾,,,,,,,no_image
89893,Brachythecium formosanum,台湾青藓,,,,,,,no_image
89913,Brachythecium populeum,长肋青藓,,,,,,,no_image
4264,Brachytoma tuberosa,多瘤短口螺,,,,,,,no_image
17575,Bradybaena maaccki,马氏巴蜗牛,,,,,,,no_image
26551,Bradysia dictyophorae,竹荪迟眼蕈蚊,,,,,,,no_image
26531,Bradysia bulbiformis,球尾迟眼蕈蚊,,,,,,,no_image
26591,Bradysia minitriacantha,小三刺迟眼蕈蚊,,,,,,,no_image
26571,Bradysia impatiens,异迟眼蕈蚊,,,,,,,no_image
26611,Bradysia quadridentata,四齿迟眼蕈蚊,,,,,,,no_image
26631,Bradysia triseta,三毛迟眼蕈蚊,,,,,,,no_image
26651,Brahmana flavomarginata,黄边梵(虫责),,,,,,,no_image
89946,Brandisia rosea,红花来江藤,,,,,,,no_image
89961,Brassaiopsis grushvitzkyi,南星毛掌叶树,,,,,,,no_image
26653,Braula coeca,蜂蝇,,,,,,,no_image
90011,Braya thomsonii,头序肉叶荠,,,,,,,no_image
90043,Breidleria erectiuscula,阔叶扁灰藓,,,,,,,no_image
90033,Bredia microphylla,小叶野海棠,,,,,,,no_image
9914,Brevipalpus daqingis,,,,,,,,no_image
90049,Breynia enchengensis,恩城黑面神,,,,,,,no_image
137582,Brigantiaea purpurata,紫色疣衣,,,,,,,no_image
26688,Brithura argyrospila,银斑尖头大蚊,,,,,,,no_image
13590,Brommella casseabri,科布朗蛛,,,,,,,no_image
90074,Bromus carinatus,显脊雀麦,,,,,,,no_image
90094,Bromus magnus,大雀麦,,,,,,,no_image
90114,Bromus sewerzowii,密穗雀麦,,,,,,,no_image
26712,Brontaea tonitrui,花裸圆蝇,,,,,,,no_image
90147,Brucea mollis,柔毛鸦胆子,,,,,,,no_image
73859,Bryaninops natans,漂游珊瑚鰕虎,,,,,,,no_image
90161,Bryhnia hultenii,短尖燕尾藓,,,,,,,no_image
9573,Bryobia qinghaiensis,,,,,,,,no_image
26737,Bryaxis nametkini,,,,,,,,no_image
26769,Bryocoris lobatus,叶突蕨盲蝽,,,,,,,no_image
26792,Bryodema qilianshanicum,祁连山痂蝗,,,,,,,no_image
26823,Bryoporus gracilis,,,,,,,,no_image
90181,Bryonoguchia brevifolia,短叶毛羽藓,,,,,,,no_image
135840,Bryoria implexa,非网状小孢发,,,,,,,no_image
90197,Bryum algovicum,狭网真藓,,,,,,,no_image
90241,Bryum purpurascens,紫色真藓,,,,,,,no_image
90217,Bryum elegans,幽美真藓,,,,,,,no_image
17130,Bucephalopsis ablennus,扁颌针鱼似牛首吸虫,,,,,,,no_image
17133,Bucephalus gazzae,鲾牛首吸虫,,,,,,,no_image
90262,Bucklandiella albipilifera,长毛矮齿藓,,,,,,,no_image
90285,Buddleja crispa,皱叶醉鱼草,,,,,,,no_image
135163,Buellia alboatra,黑白黑瘤衣,,,,,,,no_image
73888,Bufo bufo,大蟾蜍,,,,,,,no_image
73900,Bufotes pseudoraddei,札达蟾蜍,,,,,,,no_image
135183,Buellia sequax,承黑瘤衣,,,,,,,no_image
90346,Bulbophyllum forrestii,尖角卷瓣兰,,,,,,,no_image
73902,Bulbonaricus brucei,布氏鳗海龙,,,,,,,no_image
90387,Bulbophyllum menglunense,勐仑石豆兰,,,,,,,no_image
90326,Bulbophyllum chrysolabium,金唇石豆兰,,,,,,,no_image
90366,Bulbophyllum karenkoense,花莲卷瓣兰,,,,,,,no_image
90447,Bulbophyllum umbellatum,伞花卷瓣兰,,,,,,,no_image
90407,Bulbophyllum pinicola,无量山石豆兰,,,,,,,no_image
90427,Bulbophyllum shweliense,伞花石豆兰,,,,,,,no_image
26851,Bundera scalarra,梯斑斜脊叶蝉,,,,,,,no_image
5291,Bulla trifasciata,三纹壶腹枣螺,,,,,,,no_image
135854,Bulbothrix meizospora,大孢球针叶,,,,,,,no_image
90469,Bupleurum aureum,金黄柴胡,,,,,,,no_image
3765,Bullina lineate,线红纹螺,,,,,,,no_image
26866,Burmagomphus asahinai,朝比奈缅春蜓,,,,,,,no_image
90500,Bupleurum kaoi,台湾柴胡,,,,,,,no_image
90528,Bupleurum smithii,黑柴胡,,,,,,,no_image
90547,Burmannia oblonga,裂萼水玉簪,,,,,,,no_image
26888,Byasa dasarada,白斑麝凤蝶,,,,,,,no_image
6045,Byblis kallarthra,长腕沙钩虾,,,,,,,no_image
73913,Butastur indicus,灰脸鵟鹰,,,,,,,no_image
90561,Buxus cephalantha,头花黄杨,,,,,,,no_image
148795,Byssocorticium atrovirens,,,,,,,,no_image
73931,Bythaelurus immaculatus,无斑深海沟鲨,,,,,,,no_image
26914,Cacia cretifera,,,,,,,,no_image
138837,Cadophora fastigiata,,,,,,,,no_image
11193,Caerostris sumatrana,苏门平额蛛,,,,,,,no_image
26952,Caiusa coomani,越北绛蝇,,,,,,,no_image
90626,Calamus dianbaiensis,电白省藤,,,,,,,no_image
90615,Calamagrostis hongii,洪氏野青茅,,,,,,,no_image
90666,Calanthe densiflora,密花虾脊兰,,,,,,,no_image
90646,Calamus viminalis,柳条省藤,,,,,,,no_image
90687,Calanthe nankunensis,南昆虾脊兰,,,,,,,no_image
90711,Calanthe whiteana,四川虾脊兰,,,,,,,no_image
3780,Calappa quadrimaculata,四斑馒头蟹,,,,,,,no_image
141707,Calcarisporium ovalisporum,,,,,,,,no_image
136791,Calenia depressa,,,,,,,,no_image
10056,Calepitrimerus linderaus,,,,,,,,no_image
26961,Calesia dasypterus,胡夜蛾,,,,,,,no_image
26974,Calicnemia imitans,灰丽扇蟌,,,,,,,no_image
73977,Calidris pugnax,流苏鹬,,,,,,,no_image
27002,Caliphaea consimilis,紫闪色蟌,,,,,,,no_image
73987,Callechelys kuro,黑麗蛇鰻,,,,,,,no_image
90751,Callianthemum farreri,川甘美花草,,,,,,,no_image
8128,Calliactis japonica,日本美丽海葵,,,,,,,no_image
90773,Callicarpa erythrosticta,红腺紫珠,,,,,,,no_image
27032,Callicilix abraxata,美钩蛾,,,,,,,no_image
27052,Callidrepana ovata,泰丽钩蛾,,,,,,,no_image
90804,Callicarpa nudiflora,裸花紫珠,,,,,,,no_image
90847,Calligonum jeminaicum,吉木乃沙拐枣,,,,,,,no_image
73998,Callionymus hindsii,海氏[鱼衔],,,,,,,no_image
27060,Callimorpha equitalis,仿首丽灯蛾,,,,,,,no_image
4519,Calliostoma alboregium,乳白丽口螺,,,,,,,no_image
27081,Calliphora uralensis,乌拉尔丽蝇,,,,,,,no_image
27128,Callispa obliqua,斜缘丽甲,,,,,,,no_image
145624,Callistosporium luteo-olivaceum,黄褐色孢菌,,,,,,,no_image
27102,Callispa angusta,瘦丽甲,,,,,,,no_image
27168,Callitula elongata,凹唇尖角金小蜂,,,,,,,no_image
27157,Calliteara phloeobares,福丽毒蛾,,,,,,,no_image
74028,Callogobius sclateri,美鰕虎,,,,,,,no_image
27190,Callopistria juventina,散纹夜蛾,,,,,,,no_image
27204,Callopsylla changduensis,昌都盖蚤,,,,,,,no_image
74033,Callorhinus ursinus,北海狗,,,,,,,no_image
152764,Calocera fusca,暗色胶角耳,,,,,,,no_image
27226,Callyna jugaria,黄斑顶夜蛾,,,,,,,no_image
74039,Calonectris leucomelas,白额鹱,,,,,,,no_image
137625,Caloplaca geoica,土生橙衣,,,,,,,no_image
152645,Calodon velutinus,绒盖丽齿菌,,,,,,,no_image
141991,Calonectria ecuadoriae,,,,,,,,no_image
137605,Caloplaca bohlinii,包氏橙衣,,,,,,,no_image
137645,Caloplaca tominii,托敏氏橙衣,,,,,,,no_image
74052,Calotomus spinidens,凹尾绚鹦嘴鱼,,,,,,,no_image
149410,Calostoma ravenelii,拉文尼利丽口包,,,,,,,no_image
145138,Calvatia boninensis,粟粒皮秃马勃,,,,,,,no_image
138442,Calycina clariflava,,,,,,,,no_image
10717,Calycopsis papillata,乳状萼水母,,,,,,,no_image
19307,Calvatomina formosana,,,,,,,,no_image
90939,Calypogeia fissa,护蒴苔,,,,,,,no_image
90958,Calyptothecium urvilleanum,耳平藓,,,,,,,no_image
27265,Calythea cheni,陈氏拟花蝇,,,,,,,no_image
1044,Cambaroides schrenckii,许郎蝲蛄,,,,,,,no_image
90997,Camellia crapnelliana,红皮糙果茶,,,,,,,no_image
91058,Camellia leptophylla,膜叶茶,,,,,,,no_image
91030,Camellia glabricostata,秃助连蕊茶,,,,,,,no_image
91116,Camellia salicifolia,柳叶毛蕊茶,,,,,,,no_image
91088,Camellia paucipunctata,腺叶离蕊茶,,,,,,,no_image
91147,Camellia wardii,滇缅离蕊茶,,,,,,,no_image
4512,Camitia rotellinus,小口光隐螺,,,,,,,no_image
91162,Campanula crenulata,流石风铃草,,,,,,,no_image
8009,Campanularia groenlandica,格陵兰钟螅,,,,,,,no_image
91202,Camphora platyphylla,阔叶樟,,,,,,,no_image
27290,Campiglossa femorata,花股斑翅实蝇,,,,,,,no_image
27310,Campiglossa misella,蒿斑翅实蝇,,,,,,,no_image
1523,Camposcia retusa,钝额曲毛蟹,,,,,,,no_image
17060,Campula oblonga,椭圆弯曲吸虫,,,,,,,no_image
27363,Campylocheta maculosa,斑噪寄蝇,,,,,,,no_image
91247,Campylopus schmidii,黄曲柄藓,,,,,,,no_image
27343,Camptochilus bisulcus,叉纹拱肩网蛾,,,,,,,no_image
91265,Campylotropis bonii,密脉笐子梢,,,,,,,no_image
2729,Cancilla isabella,淡黄笔螺,,,,,,,no_image
91293,Campylotropis pinetorum,松林笐子梢,,,,,,,no_image
142537,Canalisporium panamense,,,,,,,,no_image
131631,Candelariella grimmiae,黄茶渍,,,,,,,no_image
142571,Candida tropicalis,,,,,,,,no_image
142551,Candida heveicola,,,,,,,,no_image
91342,Canna warszewiczii,紫叶美人蕉,,,,,,,no_image
149696,Cantharellus cibarius,鸡油菌,,,,,,,no_image
74062,Cantherhines fronticinctus,纵带前孔鲀,,,,,,,no_image
149716,Cantharellus pallidus,苍白鸡油菌,,,,,,,no_image
6599,Cantellius albus,白离板藤壶,,,,,,,no_image
91352,Cantinoa americana,穗序苞山香,,,,,,,no_image
27400,Capillogryllus dolabripalpis,斧须毛蟋,,,,,,,no_image
132107,Capnodium theae,,,,,,,,no_image
91372,Capparis lanceolaris,兰屿山柑,,,,,,,no_image
91392,Capparis viburnifolia,荚蒾叶山柑,,,,,,,no_image
141012,Capsulospora brunneispora,,,,,,,,no_image
74079,Capricornis rubidus,红鬣羚,,,,,,,no_image
27424,Caradrina clavipalpis,穂逸夜蛾,,,,,,,no_image
91416,Caragana chinghaiensis,青海锦鸡儿,,,,,,,no_image
91450,Caragana korshinskii,拧条锦鸡儿,,,,,,,no_image
91499,Caragana turkestanica,新疆锦鸡儿,,,,,,,no_image
91473,Caragana pruinosa,粉刺锦鸡儿,,,,,,,no_image
74111,Carangoides malabaricus,马拉巴若鲹,,,,,,,no_image
74125,Carassius auratus,,,,,,,,no_image
4864,Carbasea sinica,中华准藻苔虫,,,,,,,no_image
27469,Carcelia flavimaculata,黄斑狭颊寄蝇,,,,,,,no_image
27489,Carcelia rutilloides,拟红狭颊寄蝇,,,,,,,no_image
6392,Carcinoplax indica,印度隆背蟹,,,,,,,no_image
74131,Carcharhinus amblyrhynchos,钝吻真鲨,,,,,,,no_image
91532,Cardamine kokaiensis,小贝碎米荠,,,,,,,no_image
91512,Cardamine caroides,细裂碎米荠,,,,,,,no_image
91553,Cardamine pulchella,弯蕊芥,,,,,,,no_image
91571,Cardiandra moellendorffii,草绣球,,,,,,,no_image
2048,Cardiomya reticulata,网纹帚形蛤,,,,,,,no_image
27528,Carea leucocraspis,白缘赭夜蛾,,,,,,,no_image
91595,Carex angustiutricula,狭果囊薹草,,,,,,,no_image
91625,Carex augustinowiczii,短鳞薹草,,,,,,,no_image
91645,Carex bohemica,莎薹草,,,,,,,no_image
91669,Carex capillacea,发秆薹草,,,,,,,no_image
91699,Carex ciliatomarginata,毛缘宽叶薹草,,,,,,,no_image
91745,Carex diaoluoshanica,吊罗山薹草,,,,,,,no_image
91721,Carex curticeps,短梗嵩草,,,,,,,no_image
91774,Carex enervis,无脉薹草,,,,,,,no_image
91798,Carex fokienensis,福建薹草,,,,,,,no_image
91824,Carex gracilenta,雷波薹草,,,,,,,no_image
91845,Carex heudesii,长安薹草,,,,,,,no_image
91867,Carex incisa,,,,,,,,no_image
91890,Carex kiangsuensis,江苏薹草,,,,,,,no_image
91935,Carex litorhyncha,坚喙薹草,,,,,,,no_image
91913,Carex lasiocarpa,毛薹草,,,,,,,no_image
91962,Carex malipoensis,麻栗坡薹草,,,,,,,no_image
92010,Carex neesii,尼泊尔嵩草,,,,,,,no_image
91987,Carex minxianica,岷县薹草,,,,,,,no_image
92036,Carex oedorrhampha,肿喙薹草,,,,,,,no_image
92060,Carex pararadicalis,近根穗薹草,,,,,,,no_image
92107,Carex pseudogammiei,黑麦嵩草,,,,,,,no_image
92084,Carex planiculmis,扁秆薹草,,,,,,,no_image
92129,Carex qinghaiensis,青海薹草,,,,,,,no_image
92149,Carex rhynchachaenium,喙果薹草,,,,,,,no_image
92175,Carex scabrisacca,粗糙薹草,,,,,,,no_image
92206,Carex sichouensis,西畴薹草,,,,,,,no_image
92275,Carex tsoi,线茎薹草,,,,,,,no_image
92248,Carex tenuiformis,细形薹草,,,,,,,no_image
92228,Carex subfilicinoides,近蕨薹草,,,,,,,no_image
92318,Carex yulungshanensis,玉龙薹草,,,,,,,no_image
1956,Caridina brevicarpalis,短腕米虾,,,,,,,no_image
92297,Carex wahuensis,,,,,,,,no_image
1897,Caridina maculate,斑节米虾,,,,,,,no_image
1906,Caridina formosae,台湾米虾,,,,,,,no_image
1938,Caridina serrata,锯缘米虾,,,,,,,no_image
1998,Caridina zhejiangensis,浙江米虾,,,,,,,no_image
27554,Carilia tibetana,,,,,,,,no_image
27575,Carinata emeishanensis,峨眉脊额叶蝉,,,,,,,no_image
92335,Carlina biebersteinii,刺苞菊,,,,,,,no_image
27595,Carinata unicurvana,单钩脊额叶蝉,,,,,,,no_image
92342,Caroxylon passerinum,珍珠柴,,,,,,,no_image
27631,Carpelimus minusculus,,,,,,,,no_image
27652,Carpelimus silvestris,,,,,,,,no_image
27656,Carphacis cooteri,,,,,,,,no_image
92379,Carpinus kawakamii,阿里山鹅耳枥,,,,,,,no_image
92407,Carpinus tibetana,西藏鹅耳枥,,,,,,,no_image
13220,Carrhotus coronatus,冠猫跳蛛,,,,,,,no_image
74183,Carpodacus rodochroa,粉眉朱雀,,,,,,,no_image
27686,Caryanda amplipenna,宽翅卵翅蝗,,,,,,,no_image
27676,Carterocephalus dieckmanni,白斑银弄蝶,,,,,,,no_image
27706,Caryanda nigrolineata,黑条卵翅蝗,,,,,,,no_image
92441,Caryodaphnopsis laotica,老挝檬果樟,,,,,,,no_image
27720,Casiphia szechuana,,,,,,,,no_image
92450,Caryopteris incana,兰香草,,,,,,,no_image
27735,Cassida lineola,黑条龟甲,,,,,,,no_image
27757,Cassida vibex,血背龟甲,,,,,,,no_image
92487,Cassytha filiformis,无根藤,,,,,,,no_image
92500,Castanopsis ceratacantha,瓦山锥,,,,,,,no_image
92522,Castanopsis fordii,毛锥,,,,,,,no_image
92542,Castanopsis nigrescens,黑叶锥,,,,,,,no_image
92562,Castanopsis uraiana,淋漓锥,,,,,,,no_image
92571,Catabrosa aquatica,沿沟草,,,,,,,no_image
27789,Catantops rufipennis,红翅斑腿蝗,,,,,,,no_image
134725,Catapyrenium lachneum,绵毛鳞核衣,,,,,,,no_image
92584,Catharanthus roseus,长春花,,,,,,,no_image
92581,Catenella nipae,粗壮链藻,,,,,,,no_image
136513,Catinaria laureri,劳氏大盘衣,,,,,,,no_image
27831,Catocala optima,疆裳夜蛾,,,,,,,no_image
27857,Catopsilia scylla,镉黄迁粉蝶,,,,,,,no_image
92601,Caulerpa mexicana,墨西哥蕨藻,,,,,,,no_image
840,Caulibugula inermis,裸茎苔虫,,,,,,,no_image
92627,Causonis corniculata,角花乌蔹莓,,,,,,,no_image
7583,Cavernularia clavata,棍棒仙人掌海鳃,,,,,,,no_image
92652,Cayratia pedata,大麻藤,,,,,,,no_image
92653,Cedrela odorata,洋椿,,,,,,,no_image
27908,Celastrina oreas,大紫琉璃灰蝶,,,,,,,no_image
92676,Celastrus paniculatus,灯油藤,,,,,,,no_image
3651,Cellaria punctata,斑胞苔虫,,,,,,,no_image
92706,Celtis vandervoetiana,西川朴,,,,,,,no_image
27945,Celyphus medogis,墨脱准甲蝇,,,,,,,no_image
138259,Cenangium spermatiosporum,,,,,,,,no_image
27965,Cemus nigropunctatus,黑斑纹翅飞虱,,,,,,,no_image
27986,Centistes rufus,红宽鞘茧蜂,,,,,,,no_image
92720,Centaurea pulchella,琉苞菊,,,,,,,no_image
74230,Centrodraco pseudoxenicus,珠点粗棘蜥[鱼衔],,,,,,,no_image
92731,Centranthera cochinchinensis,胡麻草,,,,,,,no_image
74243,Centropus sinensis,褐翅鸦鹃,,,,,,,no_image
28012,Centrotoscelus arisanus,阿里山秃角蝉,,,,,,,no_image
28032,Centrotypus curvocornis,弯巨刺角蝉,,,,,,,no_image
28052,Cephalaeschna zhuae,朱氏头蜓,,,,,,,no_image
28056,Cephaleta brunniventris,黑盔蚧宽头金小蜂,,,,,,,no_image
11605,Cephalobares yangdingi,杨氏巨头蛛,,,,,,,no_image
74267,Cephalopholis leopardus,豹纹九棘鲈,,,,,,,no_image
18294,Cephalodella rotunda,圆柱巨头轮虫,,,,,,,no_image
18271,Cephalodella gibba,凸背巨头轮虫,,,,,,,no_image
28090,Cephalops palawanensis,巴拉光头蝇,,,,,,,no_image
92772,Cephalostachyum virgatum,金毛空竹,,,,,,,no_image
92785,Cephalozia ambigua,钝瓣大萼苔,,,,,,,no_image
92806,Cephaloziella spinicaulis,刺茎拟大萼苔,,,,,,,no_image
28113,Cephennodes caudatus,,,,,,,,no_image
28133,Cephennodes impressibos,,,,,,,,no_image
28153,Cephennodes paramerus,,,,,,,,no_image
28173,Cephennodes tertius,,,,,,,,no_image
9346,Cepheus brachiatus,肱藓甲螨,,,,,,,no_image
28210,Ceracia freyi,弗雷腊寄蝇,,,,,,,no_image
92811,Ceramium boydenii,波登仙菜,,,,,,,no_image
28234,Cerapterocerus celadus,毛角尖梗跳小蜂,,,,,,,no_image
92840,Cerastium huadingense,华顶卷耳,,,,,,,no_image
2337,Ceratocarcinus trilobatus,三叶角蟹,,,,,,,no_image
28247,Cerataphis lataniae,椰子坚蚜,,,,,,,no_image
28266,Ceratina laeviuscula,滑面芦蜂,,,,,,,no_image
28281,Ceratoglyphina styracicola,安息香坚角蚜,,,,,,,no_image
28282,Ceratonema bilineatum,双线客刺蛾,,,,,,,no_image
92868,Ceratophyllum muricatum,,,,,,,,no_image
2358,Ceratoplax obtusignathus,钝颚角颚蟹,,,,,,,no_image
28310,Ceratophyllus sinicus,中华角叶蚤,,,,,,,no_image
142579,Ceratosporella deviata,,,,,,,,no_image
28317,Ceratovacuna angusticorna,尖角粉角蚜,,,,,,,no_image
9290,Ceratozetes japonicus,日本尖棱甲螨,,,,,,,no_image
28343,Cerconychia livida,蓝色爪(虫责),,,,,,,no_image
132385,Cercospora alpiniicola,,,,,,,,no_image
132405,Cercospora arecacearum,,,,,,,,no_image
132445,Cercospora caricis,,,,,,,,no_image
132425,Cercospora bombycina,,,,,,,,no_image
132465,Cercospora cosmi,,,,,,,,no_image
132485,Cercospora dryopteridis,,,,,,,,no_image
132505,Cercospora floricola,,,,,,,,no_image
132525,Cercospora hitcheniae,,,,,,,,no_image
132545,Cercospora krugiana,,,,,,,,no_image
132565,Cercospora malvastri,,,,,,,,no_image
132585,Cercospora nasturtii,,,,,,,,no_image
132605,Cercospora pegani,,,,,,,,no_image
132625,Cercospora potentillae,,,,,,,,no_image
132645,Cercospora sapindicola,,,,,,,,no_image
132665,Cercospora stachydis,,,,,,,,no_image
132685,Cercospora verniciferae,,,,,,,,no_image
132705,Cercosporidium artemisiae,,,,,,,,no_image
28357,Ceresium fallaciosum,,,,,,,,no_image
28382,Ceriagrion azureum,天蓝黄蟌,,,,,,,no_image
7635,Cerianthus orientalis,东方角海葵,,,,,,,no_image
3322,Cerithium zebrum,斑马蟹守螺,,,,,,,no_image
150982,Ceriporia xylostromatoides,类木垫蜡卧孔菌,,,,,,,no_image
3316,Cerithium atromarginatum,黑缘蟹守螺,,,,,,,no_image
28416,Cerodontha geniculate,黄膝额角潜蝇,,,,,,,no_image
92918,Ceropegia sinoerecta,鹤庆吊灯花,,,,,,,no_image
28436,Ceromya silacea,黄毛脉寄蝇,,,,,,,no_image
92925,Cerosora microphylla,翠蕨,,,,,,,no_image
74300,Certhia manipurensis,休氏旋木雀,,,,,,,no_image
28472,Cestrotus acuticurvus,尖弯隆额缟蝇,,,,,,,no_image
135883,Cetraria laevigata,白边岛衣,,,,,,,no_image
74309,Cetonurus globiceps,球首鲸尾鳕,,,,,,,no_image
155582,Cetraspora pellucida,,,,,,,,no_image
131650,Chaenotheca olivaceorufa,,,,,,,,no_image
153050,Chaconia tectonae,,,,,,,,no_image
74317,Cettia cetti,宽尾树莺,,,,,,,no_image
28517,Chaetabraeus paria,等刺球阎甲,,,,,,,no_image
134596,Chaenothecopsis pusiola,类口果粉衣,,,,,,,no_image
28533,Chaetexorista setosa,长鬃刺蛾寄蝇,,,,,,,no_image
74330,Chaetodon adiergastos,项斑蝴蝶鱼,,,,,,,no_image
74350,Chaetodon modestus,朴蝴蝶鱼,,,,,,,no_image
74370,Chaetodontoplus chrysocephalus,黄头荷包鱼,,,,,,,no_image
28558,Chaetogonopteron dorsinigrum,黑背短跗长足虻,,,,,,,no_image
28578,Chaetogonopteron seriatum,排鬃短跗长足虻,,,,,,,no_image
92951,Chaetomorpha tortuosa,扭曲硬毛藻,,,,,,,no_image
144423,Chaetomium pilosum,,,,,,,,no_image
28618,Chaetosciara desidera,缺刺眼蕈蚊,,,,,,,no_image
144403,Chaetomium angustispirale,,,,,,,,no_image
142588,Chaetopsis probosciophora,,,,,,,,no_image
28642,Chalarus longicaudis,长尾隐脉头蝇,,,,,,,no_image
138820,Chalara ampullula,,,,,,,,no_image
28627,Chaetostomella stigmataspis,山牛蒡鬃实蝇,,,,,,,no_image
28661,Chalcolema gracilis,细樟肖叶甲,,,,,,,no_image
1491,Chama brassica,甘蓝猿头蛤,,,,,,,no_image
92964,Chamaecrista nomame,豆茶山扁豆,,,,,,,no_image
28674,Chalcosyrphus eumerus,弯脉桐木蚜蝇,,,,,,,no_image
145158,Chamaemyces fracidus,,,,,,,,no_image
92999,Chamaesphacos ilicifolius,矮刺苏,,,,,,,no_image
28708,Chamaepsila paragansuana,近甘顶茎蝇,,,,,,,no_image
28718,Chamyrisilla ampolleta,缰夜蛾,,,,,,,no_image
74389,Channa nox,黑月鳢,,,,,,,no_image
74403,Charadrius asiaticus,红胸鸻,,,,,,,no_image
60,Charybdis orientalis,东方蟳,,,,,,,no_image
28765,Chartographa plurilineata,多线洄纹尺蛾,,,,,,,no_image
28745,Charaxes marmax,螯蛱蝶,,,,,,,no_image
28784,Cheilocapsidea rufescens,红褐耳盲蝽,,,,,,,no_image
6327,Chasmocarcinops gelasimoides,可笑仿宽甲蟹,,,,,,,no_image
93041,Cheilolejeunea krakakammae,亚洲唇鳞苔,,,,,,,no_image
93022,Cheilanthes chusana,毛轴碎米蕨,,,,,,,no_image
28790,Cheiloneuromyia Cheiloneuromyia,,,,,,,,no_image
28798,Cheilosia albohirta,白粗毛黑蚜,,,,,,,no_image
28838,Cheilosia kulinensis,牯岭黑蚜蝇,,,,,,,no_image
28818,Cheilosia distincta,黄斑黑蚜蝇,,,,,,,no_image
28858,Cheilosia oblonga,长鬃黑蚜蝇,,,,,,,no_image
28878,Cheilosia septima,间黑蚜蝇,,,,,,,no_image
28898,Cheilosia zhangmuensis,樟目黑蚜蝇,,,,,,,no_image
140400,Cheilymenia coprinaria,粪缘刺盘菌,,,,,,,no_image
12599,Cheiracanthium daofeng,刀锋红螯蛛,,,,,,,no_image
9373,Cheiroseius curtipes,,,,,,,,no_image
12606,Cheiracanthium mordax,摩达红螯蛛,,,,,,,no_image
9853,Cheiracus lingnaniae,,,,,,,,no_image
93076,Cheirostylis monteiroi,箭药叉柱兰,,,,,,,no_image
74466,Chelidoperca pleurospilus,侧斑赤鮨,,,,,,,no_image
28920,Chelidonium argentatum,,,,,,,,no_image
28969,Chelisoches formosanus,丽垫跗螋,,,,,,,no_image
28949,Chelipoda fuscicornis,褐角鬃螳舞虻,,,,,,,no_image
93102,Chelonopsis guchengensis,谷城铃子香,,,,,,,no_image
28980,Chenacidiella aureiseta,黄鬃陈实蝇,,,,,,,no_image
93131,Cheniella tenuiflora,细花首冠藤,,,,,,,no_image
93151,Chenopodium strictum,圆头藜,,,,,,,no_image
93154,Chesneya acaulis,无茎雀儿豆,,,,,,,no_image
17540,Chicomurex laciniatus,紫唇拟棘螺,,,,,,,no_image
29010,Chetostoma dilutum,淡带颊鬃实蝇,,,,,,,no_image
93171,Chiehchenii thyrsi,陈介花,,,,,,,no_image
16239,Chilobrachys hubei,湖北缨毛蛛,,,,,,,no_image
93181,Chiloscyphus aposinensis,刺毛裂萼苔,,,,,,,no_image
93220,Chimonobambusa brevinoda,短节方竹,,,,,,,no_image
93206,Chiloscyphus yunnanensis,云南裂萼苔,,,,,,,no_image
93266,Chimonocalamus griffithianus,西藏香竹,,,,,,,no_image
93242,Chimonobambusa paucispinosa,少刺方竹,,,,,,,no_image
12954,Chinattus wulingensis,武陵华蛛,,,,,,,no_image
29070,Chinobrium mediofasciatum,,,,,,,,no_image
93281,Chionanthus longiflorus,长花李榄,,,,,,,no_image
29082,Chiridopsis bowringi,条点沟龟甲,,,,,,,no_image
29113,Chironomus tentans,伸展双叶摇蚊,,,,,,,no_image
29093,Chironomus crassiforceps,粗叉摇蚊,,,,,,,no_image
29132,Chirosia sichuanensis,四川蕨蝇,,,,,,,no_image
134962,Chitonomyces bakeri,,,,,,,,no_image
134982,Chitonomyces pullus,,,,,,,,no_image
74502,Chleuasicus atrosuperciliaris,黑眉鸦雀,,,,,,,no_image
93316,Chloranthus tianmushanensis,天目金粟兰,,,,,,,no_image
29169,Chloridolum lanyuanum,,,,,,,,no_image
29200,Chlorissa amphitritaria,迷仿锈腰尺蛾,,,,,,,no_image
29189,Chloridolum thoracicum,,,,,,,,no_image
29218,Chlorocytus comatus,闭室茎生金小蜂,,,,,,,no_image
29226,Chlorodontopera chalybeata,钢四眼绿尺蛾,,,,,,,no_image
29248,Chlorogomphus yokoii,褐基裂唇蜓,,,,,,,no_image
29268,Chlorophorus chiuae,,,,,,,,no_image
29289,Chlorophorus insidiosus,,,,,,,,no_image
29310,Chlorophorus quatuordecimmaculatus,,,,,,,,no_image
29330,Chlorophorus varius,,,,,,,,no_image
93327,Chlorophytum comosum,吊兰,,,,,,,no_image
29352,Chlorops latiusculus,宽颊秆蝇,,,,,,,no_image
29372,Chlorops tengchongensis,腾冲秆蝇,,,,,,,no_image
74535,Chlorurus frontalis,高额绿鹦嘴鱼,,,,,,,no_image
29388,Chlororhinia exempta,铜绿鼻蝇,,,,,,,no_image
29411,Chondracris rosea,,,,,,,,no_image
29398,Choaspes hemixantha,半黄绿弄蝶,,,,,,,no_image
74556,Choerodon melanostigma,大斑猪齿鱼,,,,,,,no_image
93354,Chondrilla rouillieri,基叶粉苞菊,,,,,,,no_image
29416,Chonocephalus forcipulus,钳尾细蚤蝇,,,,,,,no_image
93375,Chorispora songarica,准噶尔离子芥,,,,,,,no_image
29445,Chorthippus bilineatus,双条雏蝗,,,,,,,no_image
11245,Chorizopes trimamillatus,三疣壮头蛛,,,,,,,no_image
29487,Chorthippus mollis,小雏蝗,,,,,,,no_image
29507,Chorthippus xiangchengensis,乡城雏蝗,,,,,,,no_image
29467,Chorthippus genheensis,根河雏蝗,,,,,,,no_image
93382,Christia obcordata,铺地蝙蝠草,,,,,,,no_image
74584,Chromis elerae,黑肛光鳃鱼,,,,,,,no_image
1463,Chromadorina minor,小近色矛线虫,,,,,,,no_image
29529,Chromocallis similinirecola,肖绿斑蚜,,,,,,,no_image
11474,Chrosiothes fulvus,金克罗蛛,,,,,,,no_image
93419,Chrysanthemum parvifolium,小叶菊,,,,,,,no_image
93396,Chrysanthemum arcticum,北极菊,,,,,,,no_image
29546,Chrysocerca ruiliana,瑞丽尾草蛉,,,,,,,no_image
29563,Chrysogaster sinensis,中华金蚜蝇,,,,,,,no_image
29602,Chrysolina costulata,棱脊金叶甲,,,,,,,no_image
29581,Chrysolina alaschanica,阿拉善金叶甲,,,,,,,no_image
29624,Chrysolina hongyuanensis,红原金叶甲,,,,,,,no_image
29644,Chrysolina lishangyini,李商隐金叶甲,,,,,,,no_image
29664,Chrysolina pudica,光翅金叶甲,,,,,,,no_image
29687,Chrysolina virgata,绿条金叶甲,,,,,,,no_image
29705,Chrysomikia grahami,蓝绿金光寄蝇,,,,,,,no_image
153065,Chrysomyxa expansa,,,,,,,,no_image
29741,Chrysopa intima,多斑草蛉,,,,,,,no_image
29721,Chrysopa abbreviata,弧斑草蛉,,,,,,,no_image
29760,Chrysoperla bellatula,雅通草蛉,,,,,,,no_image
29796,Chrysopilus ferruginosus,锈色金鹬虻,,,,,,,no_image
29776,Chrysopida murina,灰毛岛屿肖叶甲,,,,,,,no_image
29816,Chrysopilus pallipilosus,白毛金鹬虻,,,,,,,no_image
29831,Chrysops aeneus,铜色斑虻,,,,,,,no_image
29871,Chrysorabdia viridata,金苔蛾,,,,,,,no_image
29851,Chrysops pettigrewi,毕氏斑虻,,,,,,,no_image
29891,Chrysosoma insensibile,弱鬃金长足虻,,,,,,,no_image
29911,Chrysosoma zhoui,周氏金长足虻,,,,,,,no_image
93454,Chrysosplenium giraldianum,纤细金腰,,,,,,,no_image
93488,Chrysosplenium ramosum,多枝金腰,,,,,,,no_image
131580,Chrysothrix candelaris,烛金絮衣,,,,,,,no_image
29936,Chrysotimus ningxianus,宁夏黄鬃长足虻,,,,,,,no_image
29956,Chrysotoxum cautum,黄颊长角蚜蝇,,,,,,,no_image
29976,Chrysotoxum nigricentivum,黑刺长角蚜蝇,,,,,,,no_image
30036,Chrysotus pallidus,宽颜小异长足虻,,,,,,,no_image
29996,Chrysotus adsiduus,勤勉小异长足虻,,,,,,,no_image
30016,Chrysotus fujianensis,福建小异长足虻,,,,,,,no_image
11613,Chrysso fanjingshan,梵净山丽蛛,,,,,,,no_image
30056,Chrysozephyrus choui,周氏金灰蝶,,,,,,,no_image
93499,Chrysymenia wrightii,金膜藻,,,,,,,no_image
30089,Chudania kunmingana,昆明消室叶蝉,,,,,,,no_image
30102,Chyliza abambusae,伪竹笋绒茎蝇,,,,,,,no_image
155266,Chytridium citriforme,,,,,,,,no_image
30122,Chymomyza atrimana,黑足吸汁果蝇,,,,,,,no_image
12026,Cicurina majiangensis,麻江洞叶蛛,,,,,,,no_image
93514,Cicerbita roborowskii,川甘岩参,,,,,,,no_image
138943,Ciboria shiraiana,白井杯盘菌,,,,,,,no_image
132111,Ciferrioxyphium giganteum,,,,,,,,no_image
140413,Ciliaria brunnea,,,,,,,,no_image
142594,Ciliophora quercus,,,,,,,,no_image
93537,Cinnamomum chago,茶果樟,,,,,,,no_image
93525,Cinchona calisaya,金鸡纳树,,,,,,,no_image
93557,Cinnamomum rigidissimum,卵叶桂,,,,,,,no_image
154928,Cintractia densa,,,,,,,,no_image
93567,Cionisaccus procerus,高宝兰,,,,,,,no_image
156049,Circinella minor,小卷霉,,,,,,,no_image
74656,Circus melanoleucos,鹊鹞,,,,,,,no_image
7778,Cirripathes hainanensis,海南鞭黑珊瑚,,,,,,,no_image
30198,Cirrospilus elegantissimus,短毛瑟姬小蜂,,,,,,,no_image
74665,Cirrhilabrus rubrimarginatus,红缘丝隆头鱼,,,,,,,no_image
93610,Cirsium fangii,峨眉蓟,,,,,,,no_image
93630,Cirsium pendulum,烟管蓟,,,,,,,no_image
93650,Cirsium viridifolium,块蓟,,,,,,,no_image
93664,Cissus adnata,贴生白粉藤,,,,,,,no_image
93686,Cistanche tubulosa,管状肉苁蓉,,,,,,,no_image
30222,Citrogramma citrinum,柑桔裸眼蚜蝇,,,,,,,no_image
93706,Citrus reticulata,柑橘,,,,,,,no_image
7177,Cladiella krempfi,克氏小枝软珊瑚,,,,,,,no_image
135525,Cladonia botrytes,葡萄石蕊,,,,,,,no_image
135545,Cladonia cylindrica,,,,,,,,no_image
141863,Cladobotryum apiculatum,,,,,,,,no_image
135605,Cladonia pseudodidyma,拟小红石蕊,,,,,,,no_image
135565,Cladonia granulans,粒红石蕊,,,,,,,no_image
135585,Cladonia mateocyatha,,,,,,,,no_image
135625,Cladonia submultiformis,亚多型石蕊,,,,,,,no_image
93712,Cladophora albida,苍白刚毛藻,,,,,,,no_image
93732,Cladophora sericea,细丝刚毛藻,,,,,,,no_image
132136,Cladosporium adianticola,,,,,,,,no_image
132156,Cladosporium cladosporioides,,,,,,,,no_image
132176,Cladosporium epiphyllum,,,,,,,,no_image
132216,Cladosporium parasiticum,,,,,,,,no_image
132196,Cladosporium machili,,,,,,,,no_image
132236,Cladosporium spongiosum,,,,,,,,no_image
30250,Cladotanytarsus digitalis,指枝长跗摇蚊,,,,,,,no_image
93750,Cladrastis parvifolia,小叶香槐,,,,,,,no_image
30273,Clanoneurum orientale,东洋折脉水蝇,,,,,,,no_image
145170,Clarkeinda trachodes,绿褶托菇,,,,,,,no_image
137431,Clathroporina nuculastrum,小果污核衣,,,,,,,no_image
93782,Clausena lansium,黄皮,,,,,,,no_image
502,Clavadoce nigrimaculata,黑斑棒须虫,,,,,,,no_image
145648,Clavaria flavipes,,,,,,,,no_image
145668,Clavaria muscoides,苔藓珊瑚菌,,,,,,,no_image
145688,Clavaria viridis,,,,,,,,no_image
151952,Clavicorona pyxidata,杯冠瑚菌,,,,,,,no_image
149739,Clavulina rugosa,皱锁瑚菌,,,,,,,no_image
145709,Clavulinopsis miniata,银朱锁瑚菌,,,,,,,no_image
8446,Cleantiella isopus,近似拟棒鞭水虱,,,,,,,no_image
93809,Cleisostoma parishii,短茎隔距兰,,,,,,,no_image
93831,Cleistocarpidium japonicum,东亚闭蒴藓属,,,,,,,no_image
93854,Clematis alternata,互叶铁线莲,,,,,,,no_image
93917,Clematis fruticosa,灌木铁线莲,,,,,,,no_image
93885,Clematis clarkeana,平坝铁线莲,,,,,,,no_image
93951,Clematis huchouensis,吴兴铁线莲,,,,,,,no_image
93978,Clematis liana,安吉铁线莲,,,,,,,no_image
94011,Clematis ningjingshanica,宁静山铁线莲,,,,,,,no_image
94089,Clematis tashiroi,长萼铁线莲,,,,,,,no_image
94051,Clematis pterantha,思茅铁线莲,,,,,,,no_image
94124,Clematis wissmanniana,厚萼铁线莲,,,,,,,no_image
30300,Cleomenes modicatus,,,,,,,,no_image
94162,Clerodendrum intermedium,垦丁苦林盘,,,,,,,no_image
30339,Cleptometopus similaris,,,,,,,,no_image
30320,Cleorina costata,脊鞘突肩肖叶甲,,,,,,,no_image
94190,Clethra delavayi,云南桤叶树,,,,,,,no_image
30349,Clidicus chinensis,,,,,,,,no_image
94212,Cleyera yangchunensis,阳春红淡比,,,,,,,no_image
30353,Clinocera sinensis,中华溪舞虻,,,,,,,no_image
94238,Clinopodium urticifolium,麻叶风轮菜,,,,,,,no_image
30373,Clistoabdominalis confusoides,混斜尾头蝇,,,,,,,no_image
30391,Clitelloxenia audreyae,奥氏鞍蚤蝇,,,,,,,no_image
142616,Clitocybe brumalis,,,,,,,,no_image
142636,Clitocybe ditopus,,,,,,,,no_image
142676,Clitocybe nebularis,,,,,,,,no_image
142656,Clitocybe guangdongensis,鱼露菇,,,,,,,no_image
142696,Clitocybe sinopicoides,,,,,,,,no_image
142716,Clitocybe truncicola,平头杯伞,,,,,,,no_image
141680,Clonostachys phyllophila,,,,,,,,no_image
146073,Clitopilus gigantosporus,巨孢斜盖伞,,,,,,,no_image
30402,Clossiana selenis,西冷珍蛱蝶,,,,,,,no_image
30423,Closterocerus trifasciatus,潜蝇三带曲纹姬小蜂,,,,,,,no_image
13946,Clubiona brachyptera,短翼管巢蛛,,,,,,,no_image
14022,Clubiona huaban,花瓣管巢蛛,,,,,,,no_image
13942,Clubiona laticeps,侧头管巢蛛,,,,,,,no_image
13891,Clubiona duoconcava,双凹管巢蛛,,,,,,,no_image
13916,Clubiona papillata,乳状管巢蛛,,,,,,,no_image
14018,Clubiona vigil,惊觉管巢蛛,,,,,,,no_image
13967,Clubiona subkuu,近胁管巢蛛,,,,,,,no_image
74715,Clupisoma longianalis,长臀鲱鲇,,,,,,,no_image
8012,Clytia folleata,单囊美螅水母,,,,,,,no_image
30437,Clytocera montensis,,,,,,,,no_image
30457,Clytus rufobasalis,,,,,,,,no_image
94257,Cnidium salinum,碱蛇床,,,,,,,no_image
10902,Cnodalia quadrituberculata,四瘤科达蛛,,,,,,,no_image
139139,Coccomyces crateriformis,杯状齿裂菌,,,,,,,no_image
30491,Coboldia fuscipes,广粪蚊,,,,,,,no_image
139159,Coccomyces pentagonus,,,,,,,,no_image
30502,Coccus elongatus,长软蜡蚧,,,,,,,no_image
94286,Codium geppiorum,杰氏松藻,,,,,,,no_image
134043,Cochliobolus geniculatus,,,,,,,,no_image
966,Codakia payternorum,佩特厚大蛤,,,,,,,no_image
94333,Codonopsis meleagris,珠鸡斑党参,,,,,,,no_image
30532,Codrus changbaishanensis,长白山肿额细蜂,,,,,,,no_image
94307,Codonopsis canescens,灰毛党参,,,,,,,no_image
2876,Coecella chinensis,中国朽叶蛤,,,,,,,no_image
18905,Coecobrya tenebricosa,,,,,,,,no_image
30566,Coeliccia svihleri,双色长腹扇蟌,,,,,,,no_image
30586,Coelioxys ducalis,短板尖腹蜂,,,,,,,no_image
30606,Coelioxys semenovi,黄鳞尖腹蜂,,,,,,,no_image
94359,Coelogyne corymbosa,眼斑贝母兰,,,,,,,no_image
94379,Coelogyne punctulata,狭瓣贝母兰,,,,,,,no_image
74754,Coelorinchus fuscigulus,黑喉腔吻鳕,,,,,,,no_image
30624,Coelopisthia caledonica,克里长环金小蜂,,,,,,,no_image
74774,Coelorinchus spinifer,大棘腔吻鳕,,,,,,,no_image
12462,Coelotes fujian,福建隙蛛,,,,,,,no_image
12300,Coelotes pervicax,虎纹隙蛛,,,,,,,no_image
94390,Coelothrix irregularis,不规则腔腺藻,,,,,,,no_image
136762,Coenogonium boninense,,,,,,,,no_image
30643,Coenolarentia argentiplumbea,银花尺蛾,,,,,,,no_image
30691,Coenonympha xinjiangensis,新疆珍眼蝶,,,,,,,no_image
30663,Coenonica semimutata,,,,,,,,no_image
30712,Coenosia brunneipennis,褐翅秽蝇,,,,,,,no_image
30732,Coenosia exigua,短小秽蝇,,,,,,,no_image
30752,Coenosia hirsutiloba,毛叶秽蝇,,,,,,,no_image
30772,Coenosia nigriceps,黑头秽蝇,,,,,,,no_image
30813,Coenosia taibaishanna,太白山秽蝇,,,,,,,no_image
30792,Coenosia punctifemorata,斑股秽蝇,,,,,,,no_image
30834,Cofana lata,显纹可大叶蝉,,,,,,,no_image
94402,Colaconema bonnemaisoniae,柏桉寄丝藻,,,,,,,no_image
30861,Colaspoides opaca,刺股沟臀肖叶甲,,,,,,,no_image
30883,Colastes longitergum,长背异茧蜂,,,,,,,no_image
153086,Coleosporium cacaliae,兔儿伞鞘锈菌,,,,,,,no_image
153106,Coleosporium evodiae,,,,,,,,no_image
153126,Coleosporium pedunculatum,具梗鞘锈,,,,,,,no_image
94409,Coleus carnosifolius,肉叶鞘蕊花,,,,,,,no_image
153146,Coleosporium sonchi,,,,,,,,no_image
30916,Colias grumi,格鲁豆粉蝶,,,,,,,no_image
30965,Colias wanda,万达豆粉蝶,,,,,,,no_image
137090,Collema glebulentum,隆胶衣,,,,,,,no_image
141574,Colletotrichum circinans,,,,,,,,no_image
137110,Collema subconveniens,砖孢胶衣,,,,,,,no_image
141594,Colletotrichum higginsianum,,,,,,,,no_image
141614,Colletotrichum miscanthi,,,,,,,,no_image
141634,Colletotrichum spaethianum,,,,,,,,no_image
30972,Collix praetenta,波斑考尺蛾,,,,,,,no_image
148432,Collybia leucomyosotis,,,,,,,,no_image
148412,Collybia alkalivirens,紫褐金钱菌,,,,,,,no_image
148452,Collybia reineckeana,裸柄金钱菌,,,,,,,no_image
94424,Colocasia affinis,卷苞芋,,,,,,,no_image
30986,Colocasiomyia xenalocasiae,异芋果蝇,,,,,,,no_image
94468,Cololejeunea latistyla,阔体疣鳞苔,,,,,,,no_image
94448,Cololejeunea diaphana,半透疣鳞苔,,,,,,,no_image
94488,Cololejeunea rotundilobula,圆瓣疣鳞苔,,,,,,,no_image
139173,Colpoma rosae,蔷薇弯壳菌,,,,,,,no_image
94508,Cololejeunea verrucosa,密砂疣鳞苔,,,,,,,no_image
150078,Coltricia opisthopus,,,,,,,,no_image
10222,Colopodacus obovataus,,,,,,,,no_image
94534,Colubrina javanica,毛蛇藤,,,,,,,no_image
94541,Colura karstenii,粗管叶苔,,,,,,,no_image
2879,Comantheria grandicalyx,巨萼栉羽花,,,,,,,no_image
94586,Combretum wallichii,石风车子,,,,,,,no_image
31014,Comibaena parornataria,类饰纹绿尺蛾,,,,,,,no_image
94591,Commelina danxiaensis,丹霞鸭跖草,,,,,,,no_image
94566,Comastoma jigzhiense,久治喉毛花,,,,,,,no_image
31040,Comostola mundata,洁亚四目绿尺蛾,,,,,,,no_image
31059,Compsobata huashanica,华山秀瘦足蝇,,,,,,,no_image
31077,Conanalus pieli,比尔锥尾螽,,,,,,,no_image
31095,Concaves albiclypeus,白额凹冠叶蝉,,,,,,,no_image
31135,Condylostylus yunnanensis,云南毛瘤长足虻,,,,,,,no_image
5046,Conchodytes tridacnae,砗磲江瑶虾,,,,,,,no_image
155335,Conidiobolus megalotocus,大耳霉,,,,,,,no_image
31115,Condylostylus digitiformis,指突毛瘤长足虻,,,,,,,no_image
31144,Conicera longilobusa,长叶锥蚤蝇,,,,,,,no_image
31150,Conilepia nigricosta,蓝缘苔蛾,,,,,,,no_image
94634,Coniogramme venusta,美丽凤了蕨,,,,,,,no_image
94609,Coniogramme affinis,尖齿凤了蕨,,,,,,,no_image
31175,Coniopteryx minana,闽干粉蛉,,,,,,,no_image
133394,Coniothyrium populicola,,,,,,,,no_image
31195,Conioscinella nigrohalterata,黑棒圆锥秆蝇,,,,,,,no_image
94649,Conioselinum tenuissimum,细叶藁本,,,,,,,no_image
31217,Conocephalus longipennis,长翅草螽,,,,,,,no_image
145605,Conocybe pilosella,,,,,,,,no_image
6107,Conopea canaliculata,沟纹舟藤壶,,,,,,,no_image
145585,Conocybe apala,乳白锥盖伞,,,,,,,no_image
31245,Conophymacris yunnanensis,云南拟裸蝗,,,,,,,no_image
31265,Conops rufifrons,红额眼蝇,,,,,,,no_image
8078,Conotrochus funicolumna,柄状锥轮珊瑚,,,,,,,no_image
31288,Convexana nigridorsuma,黑背凸冠叶蝉,,,,,,,no_image
31329,Copidosoma subalbicorne,,,,,,,,no_image
31297,Conwentzia orthotibia,直胫啮粉蛉,,,,,,,no_image
31309,Copidosoma albipes,,,,,,,,no_image
148005,Coprinopsis picacea,,,,,,,,no_image
147985,Coprinellus micaceus,,,,,,,,no_image
145187,Coprinus friesii,弗瑞氏鬼伞,,,,,,,no_image
145207,Coprinus ornatus,,,,,,,,no_image
140423,Coprobia granulata,,,,,,,,no_image
31354,Coprophilus formosanus,,,,,,,,no_image
31374,Coproporus minimus,,,,,,,,no_image
31395,Coptops lichenea,,,,,,,,no_image
74821,Copsychus saularis,鹊鸲,,,,,,,no_image
31417,Coptotermes hainanensis,海南乳白蚁,,,,,,,no_image
31437,Coquillettomyia bulbiformis,球尾舌板瘿蚊,,,,,,,no_image
5103,Coralliocaris taiwanensis,台湾珊瑚虾,,,,,,,no_image
17503,Coralliophila squamosissima,鳞甲珊瑚螺,,,,,,,no_image
2168,Corculum cardissa,心鸟蛤,,,,,,,no_image
94699,Cordia dichotoma,破布木,,,,,,,no_image
141775,Cordyceps bokyoensis,博奇奥虫草,,,,,,,no_image
141795,Cordyceps kobayasii,小林虫草,,,,,,,no_image
141815,Cordyceps pseudonelumboides,莲座状虫草,,,,,,,no_image
10710,Cordylophora caspia,滨水瘤螅,,,,,,,no_image
94718,Corethrodendron multijugum,红花羊柴,,,,,,,no_image
134990,Coreomyces chinensis,,,,,,,,no_image
31490,Coridromius angularis,角翅皮盲蝽,,,,,,,no_image
151204,Coriolus elongatus,伸长云芝,,,,,,,no_image
94735,Corispermum falcatum,镰叶虫实,,,,,,,no_image
94779,Cornus capitata,头状四照花,,,,,,,no_image
31496,Cornexcisia longicornuta,长角角麻蝇,,,,,,,no_image
94809,Cornus ulotricha,卷毛梾木,,,,,,,no_image
6268,Corophium serricaudatum,齿尾蜾蠃蜚,,,,,,,no_image
149798,Corticium contiguum,相接伏革菌,,,,,,,no_image
2787,Coronidopsis serenei,塞氏拟蝟虾蛄,,,,,,,no_image
149818,Corticium scutellare,碎纹伏革菌,,,,,,,no_image
145762,Cortinarius caerulescens,蓝丝膜蕈,,,,,,,no_image
145742,Cortinarius armillatus,环柄丝膜菌,,,,,,,no_image
145802,Cortinarius decolorus,黄褐丝膜菌,,,,,,,no_image
145782,Cortinarius citrinolilacinus,,,,,,,,no_image
145842,Cortinarius inocybiphyllus,,,,,,,,no_image
145822,Cortinarius fulvoochrascens,,,,,,,,no_image
145882,Cortinarius pauperculus,紫丝膜菌,,,,,,,no_image
145862,Cortinarius mucifluus,粘丝膜菌,,,,,,,no_image
145922,Cortinarius scaurus,,,,,,,,no_image
145902,Cortinarius purpureus,,,,,,,,no_image
145942,Cortinarius subtabularis,银光丝膜菌,,,,,,,no_image
145962,Cortinarius venustus,美柄丝膜菌,,,,,,,no_image
12977,Corusca jianfengensis,尖峰华美蛛,,,,,,,no_image
94848,Corydalis atuntsuensis,阿墩子紫堇,,,,,,,no_image
94872,Corydalis bungeana,地丁草,,,,,,,no_image
94828,Corydalis acropteryx,松潘黄堇,,,,,,,no_image
94897,Corydalis chingii,甘肃紫堇,,,,,,,no_image
94926,Corydalis diffusa,展枝黄堇,,,,,,,no_image
94946,Corydalis filisecta,丝叶紫堇,,,,,,,no_image
94968,Corydalis gyrophylla,裸茎延胡索,,,,,,,no_image
94990,Corydalis huangshanensis,黄山紫堇,,,,,,,no_image
95010,Corydalis kingii,帕里紫堇,,,,,,,no_image
95035,Corydalis lidenii,积鳞紫堇,,,,,,,no_image
95060,Corydalis mayae,马牙黄堇,,,,,,,no_image
95080,Corydalis nanchuanensis,南川紫堇,,,,,,,no_image
95103,Corydalis paeoniifolia,芍药叶紫堇,,,,,,,no_image
95123,Corydalis pseudoadunca,假粉绿黄堇,,,,,,,no_image
95143,Corydalis pseudosibirica,假北紫堇,,,,,,,no_image
95171,Corydalis rupifraga,石隙紫堇,,,,,,,no_image
95191,Corydalis sophronitis,石渠黄堇,,,,,,,no_image
95219,Corydalis ternatifolia,神农架紫堇,,,,,,,no_image
95241,Corydalis verna,春花紫堇,,,,,,,no_image
95260,Corylopsis glaucescens,怒江蜡瓣花,,,,,,,no_image
95286,Corylus heterophylla,榛,,,,,,,no_image
133401,Corynespora catharanthicola,,,,,,,,no_image
133421,Corynespora merrilliopanacis,,,,,,,,no_image
142730,Corynesporopsis cylindrica,,,,,,,,no_image
31526,Corynoneura gratias,感恩棒脉摇蚊,,,,,,,no_image
31546,Corynoptera comitessa,伴翼眼蕈蚊,,,,,,,no_image
31566,Corynoptera progressa,进化翼眼蕈蚊,,,,,,,no_image
31579,Coryphium tangi,,,,,,,,no_image
11763,Coscinida shimenensis,石门格蛛,,,,,,,no_image
9996,Cosella szygia,,,,,,,,no_image
31613,Cosmococcus euphobiae,戟雕盘蚧,,,,,,,no_image
31601,Cosmia trapezinula,净兜夜蛾,,,,,,,no_image
31622,Cosmotriche chensiensis,秦岭小枯叶蛾,,,,,,,no_image
31642,Cothornobata longifurca,长叉云瘦足蝇,,,,,,,no_image
95327,Cotoneaster aurantiacus,橙黄栒子,,,,,,,no_image
95385,Cotoneaster hebephyllus,钝叶栒子,,,,,,,no_image
95357,Cotoneaster delavayanus,滇西北栒子,,,,,,,no_image
95412,Cotoneaster marroninus,栗色栒子,,,,,,,no_image
95470,Cotoneaster taiwanensis,蓬莱栒子,,,,,,,no_image
95444,Cotoneaster pseudo-obscurus,拟暗红栒子,,,,,,,no_image
74882,Cottiusculus gonez,日本细杜父鱼,,,,,,,no_image
95496,Cousinia alata,翼茎刺头菊,,,,,,,no_image
95513,Crambe kotschyana,两节荠,,,,,,,no_image
31676,Craspedomerus cyanipennis,,,,,,,,no_image
74894,Cranoglanis henrici,亨氏长臀&#x0000E067;,,,,,,,no_image
12746,Crassignatha bicorniventris,双腹突糙胸蛛,,,,,,,no_image
2479,Crassimarginatella japonica,日本厚缘苔虫,,,,,,,no_image
95532,Crataegus hupehensis,湖北山楂,,,,,,,no_image
149744,Craterellus cibarius,鸡油菌,,,,,,,no_image
31698,Cratna abdominalis,,,,,,,,no_image
95574,Crawfurdia semialata,直立蔓龙胆,,,,,,,no_image
95598,Cremanthodium chungdienense,中甸垂头菊,,,,,,,no_image
95622,Cremanthodium heterocephalum,异头垂头菊,,,,,,,no_image
95668,Cremanthodium spathulifolium,匙叶垂头菊,,,,,,,no_image
95647,Cremanthodium oblongatum,矩叶垂头菊,,,,,,,no_image
31710,Cremnops malayensis,马来亚长喙茧蜂,,,,,,,no_image
31722,Creontiades coloripes,花肢淡盲蝽,,,,,,,no_image
95704,Crepidium concavum,凹唇沼兰,,,,,,,no_image
95723,Crepidomanes latemarginale,阔边假脉蕨,,,,,,,no_image
146014,Crepidotus cinnabarinus,,,,,,,,no_image
146034,Crepidotus palmularis,疣孢毛靴耳菌,,,,,,,no_image
95737,Crepis darvazica,中亚还阳参,,,,,,,no_image
31727,Crescoccus candidus,白生盘蚧,,,,,,,no_image
74906,Cricetulus sokolovi,索氏仓鼠,,,,,,,no_image
31750,Cricotopus rufiventris,红腹环足摇蚊,,,,,,,no_image
147103,Crinipellis malesiana,,,,,,,,no_image
10159,Criotacus homalium,,,,,,,,no_image
142739,Crocicreas helios,螺旋胶被盘菌,,,,,,,no_image
31782,Crocothemis erythraea,长尾红蜻,,,,,,,no_image
31800,Croesia sinica,中国弧翅卷蛾,,,,,,,no_image
31808,Crosita mellyi,缺翅秃跗叶甲,,,,,,,no_image
95770,Crossostephium chinense,芙蓉菊,,,,,,,no_image
95820,Crotalaria tiantaiensis,天台猪屎豆,,,,,,,no_image
95790,Crotalaria juncea,菽麻,,,,,,,no_image
19251,Crossodonthina montana,,,,,,,,no_image
31822,Crovettia townesi,汤氏直脉螯蜂,,,,,,,no_image
95866,Crupina vulgaris,半毛菊,,,,,,,no_image
95842,Croton howii,宽昭巴豆,,,,,,,no_image
31841,Cryphia petricolor,石藓夜蛾,,,,,,,no_image
95874,Crypteronia paniculata,隐翼木,,,,,,,no_image
31857,Cryptochetum grandicorne,大角隐芒蝇,,,,,,,no_image
31874,Cryptochironomus viridiclava,绿隐摇蚊,,,,,,,no_image
95894,Cryptocarya rolletii,瘤果厚壳桂,,,,,,,no_image
141479,Cryptoderis quercina,,,,,,,,no_image
95906,Cryptogramma brunoniana,高山珠蕨,,,,,,,no_image
5666,Cryptonatica purpurfunda,紫带隐玉螺,,,,,,,no_image
31878,Cryptoperla aculeata,有刺刺扁(虫责),,,,,,,no_image
31893,Cryptophyllium daparo,,,,,,,,no_image
31931,Cryptotermes hainanensis,海南堆砂白蚁,,,,,,,no_image
31919,Cryptoserphus rugulosus,皱隐颚细蜂,,,,,,,no_image
9174,Cryptoppia brevisetiger,短毛隐奥甲螨,,,,,,,no_image
7624,Ctenactis echinata,棘栉珊瑚,,,,,,,no_image
95947,Ctenitis mannii,银毛肋毛蕨,,,,,,,no_image
31949,Ctenochauliodes punctulatus,点斑栉鱼蛉,,,,,,,no_image
31954,Ctenophora fastuosa,尖喙栉大蚊,,,,,,,no_image
31978,Ctenophthalmus formosanus,短臂栉眼蚤,,,,,,,no_image
32023,Ctenothrips taibaishanensis,太白梳蓟马,,,,,,,no_image
32034,Cucullia biornata,黄条冬夜蛾,,,,,,,no_image
32004,Ctenophyllus hirticrus,丛鬃栉叶蚤,,,,,,,no_image
32054,Cucullia perforata,贯冬夜蛾,,,,,,,no_image
95963,Cucurbita maxima,笋瓜,,,,,,,no_image
32067,Cueta plexiformia,碎斑多脉蚁蛉,,,,,,,no_image
32085,Culex bitaeniorhynchus,二带喙库蚊,,,,,,,no_image
32105,Culex infantulus,幼小库蚊,,,,,,,no_image
32146,Culex spiculothorax,刺胸库蚊,,,,,,,no_image
32125,Culex orientalis,东方库蚊,,,,,,,no_image
142749,Culicidospora gravida,,,,,,,,no_image
32179,Culicoides balikunensis,巴里坤库蠓,,,,,,,no_image
32199,Culicoides chiopterus,雪翅库蠓,,,,,,,no_image
32259,Culicoides hamiensis,哈密库蠓,,,,,,,no_image
32219,Culicoides desytoculus,茸毛库蠓,,,,,,,no_image
32239,Culicoides fluvaitilis,河滩库蠓,,,,,,,no_image
32299,Culicoides kucheensis,库车库蠓,,,,,,,no_image
32279,Culicoides incertus,可疑库蠓,,,,,,,no_image
32319,Culicoides longirostris,长喙库蠓,,,,,,,no_image
32339,Culicoides matsuzawai,明边库蠓,,,,,,,no_image
32359,Culicoides nankanensis,南竿库蠓,,,,,,,no_image
32399,Culicoides pseudosalinarius,伪盐库蠓,,,,,,,no_image
32419,Culicoides recurvus,曲斑库蠓,,,,,,,no_image
32379,Culicoides oxystoma,尖喙库蠓,,,,,,,no_image
32439,Culicoides sphagnumensis,长角库蠓,,,,,,,no_image
32479,Culicoides tritenuifasciatus,三黑库蠓,,,,,,,no_image
32499,Culicoides yichunensis,宜春库蠓,,,,,,,no_image
32459,Culicoides tadzhikistanicus,塔吉克库蠓,,,,,,,no_image
4792,Cultellus scalprum,尖刀蛏,,,,,,,no_image
32522,Cunedda honghensis,红河楔叶蝉,,,,,,,no_image
10275,Cupacarus hebes,,,,,,,,no_image
155923,Cunninghamella phaeospora,,,,,,,,no_image
75008,Curruca nana,荒漠林莺,,,,,,,no_image
96004,Curcuma longa,姜黄,,,,,,,no_image
134057,Curvularia cylindrica,,,,,,,,no_image
95984,Cupressus gansuensis,甘肃柏木,,,,,,,no_image
134077,Curvularia trifolii,,,,,,,,no_image
2056,Cuspidaria elegans,华美杓蛤,,,,,,,no_image
32551,Cyana ariadne,蛛雪苔蛾,,,,,,,no_image
32572,Cyana guttifera,点滴雪苔蛾,,,,,,,no_image
96034,Cyananthus delavayi,细叶蓝钟花,,,,,,,no_image
138271,Cyathicula coronata,,,,,,,,no_image
7649,Cyanea purpurea,紫色霞水母,,,,,,,no_image
96075,Cyathostemma yunnanense,杯冠木,,,,,,,no_image
142764,Cyathus crassimurus,,,,,,,,no_image
142804,Cyathus yunnanensis,云南黑蛋巢菌,,,,,,,no_image
142784,Cyathus novae-zeelandiae,,,,,,,,no_image
96093,Cycas multipinnata,多歧苏铁,,,,,,,no_image
3800,Cycladicama semiasperoides,半糙圆蛤,,,,,,,no_image
137054,Cycledium atratum,,,,,,,,no_image
96128,Cyclocodon parviflorus,小花轮钟草,,,,,,,no_image
96132,Cyclogramma costularisora,无量山钩毛蕨,,,,,,,no_image
150112,Cyclomyces yunnanensis,,,,,,,,no_image
10964,Cyclosa dives,美丽艾蛛,,,,,,,no_image
11078,Cyclosa quinqueguttata,五斑艾蛛,,,,,,,no_image
96153,Cyclosorus contractus,狭缩毛蕨,,,,,,,no_image
96173,Cyclosorus macrophyllus,阔羽毛蕨,,,,,,,no_image
96193,Cyclosorus siamensis,泰国毛蕨,,,,,,,no_image
32620,Cylapofulvuitius lineolatus,线塞盲蝽,,,,,,,no_image
147708,Cylindrobasidium laeve,,,,,,,,no_image
75048,Cyclothone pseudopallida,近苍圆罩鱼,,,,,,,no_image
96212,Cylindrolobus glabriflorus,中缅柱兰,,,,,,,no_image
138840,Cylindrosporium eleocharidis,,,,,,,,no_image
32662,Cyllecoris equestris,普胝突盲蝽,,,,,,,no_image
8561,Cymatium cutaceum,圆肋嵌线螺,,,,,,,no_image
96219,Cymbaria daurica,大黄花,,,,,,,no_image
8570,Cymatium rubeculum,红肋嵌线螺,,,,,,,no_image
96245,Cymbidium erythraeum,长叶兰,,,,,,,no_image
96265,Cymbidium nanulum,珍珠矮,,,,,,,no_image
96286,Cymbopogon annamensis,圆基香茅,,,,,,,no_image
96309,Cymbopogon traninhensis,横香茅,,,,,,,no_image
96315,Cynanchum acutum,尖舌鹅绒藤,,,,,,,no_image
96339,Cynanchum graphistemmatoides,天星藤,,,,,,,no_image
96361,Cynanchum szechuanense,四川鹅绒藤,,,,,,,no_image
96387,Cynoglossum gansuense,甘青琉璃草,,,,,,,no_image
75070,Cynoglossus microlepis,小鳞舌鳎,,,,,,,no_image
75087,Cynops fudingensis,福鼎蝾螈,,,,,,,no_image
96409,Cyperus diffusus,多脉莎草,,,,,,,no_image
75114,Cyornis whitei,山蓝仙鹟,,,,,,,no_image
96436,Cyperus limosus,沼生水莎草,,,,,,,no_image
96460,Cyperus pygmaeus,矮莎草,,,,,,,no_image
75119,Cyprinus barbatus,洱海鲤,,,,,,,no_image
32694,Cyphomyia orientalis,东方长鞭水虻,,,,,,,no_image
7333,Cyphastrea chalcidicum,碓突刺星珊瑚,,,,,,,no_image
96489,Cypripedium debile,对叶杓兰,,,,,,,no_image
96509,Cypripedium palangshanense,巴朗山杓兰,,,,,,,no_image
75139,Cypselurus poecilopterus,花鳍燕鳐鱼,,,,,,,no_image
16245,Cyriopagopus hainanus/hainanum,海南塞勒蛛,,,,,,,no_image
96523,Cyrtandromoea grandiflora,囊萼花,,,,,,,no_image
9239,Cyrthermannia formosana,台湾短汉甲螨,,,,,,,no_image
32754,Cyrtogaster tryphera,陲茜金小蜂,,,,,,,no_image
75145,Cyrtodactylus dianxiensis,滇西裸趾虎,,,,,,,no_image
96546,Cyrtomium guizhouense,贵州贯众,,,,,,,no_image
10994,Cyrtophora hainanensis,海南云斑蛛,,,,,,,no_image
96566,Cyrtomium yamamotoi,阔羽贯众,,,,,,,no_image
146060,Cystidiodontia isabellina,,,,,,,,no_image
145242,Cystodermella australis,,,,,,,,no_image
96579,Cystopteris kansuana,西宁冷蕨,,,,,,,no_image
141522,Cytospora intermedia,,,,,,,,no_image
141542,Cytospora sophorae,,,,,,,,no_image
4297,Cytharopsis radulina,齿舌胞螺,,,,,,,no_image
2522,Dacryopilumnus perlata,广阔疣菱蟹,,,,,,,no_image
152772,Dacrymyces australis,,,,,,,,no_image
139506,Dactylellina arcuata,,,,,,,,no_image
142818,Dactylaria plovercovensis,,,,,,,,no_image
32844,Dactylispa paucispina,疏刺叉趾铁甲,,,,,,,no_image
32800,Dactylispa corpulenta,球突趾铁甲,,,,,,,no_image
135918,Dactylina arctica,,,,,,,,no_image
32824,Dactylispa lameyi,斑鞘趾铁甲,,,,,,,no_image
32866,Dactylispa spiniloba,四刺扁趾铁甲,,,,,,,no_image
8063,Dactylotrochus cervicornis,鹿角指轮珊瑚,,,,,,,no_image
8368,Dactylokepon richardsonae,理查指突鳃虱,,,,,,,no_image
150875,Daedalea incana,,,,,,,,no_image
96619,Dalbergia dyeriana,大金刚藤,,,,,,,no_image
96639,Dalbergia stenophylla,狭叶黄檀,,,,,,,no_image
96646,Dalechampia bidentata,黄蓉花,,,,,,,no_image
32913,Damalis artigasi,阿籽角食虫虻,,,,,,,no_image
96651,Damnacanthus giganteus,短刺虎刺,,,,,,,no_image
75168,Danio browni,布朗&#x0000E000;,,,,,,,no_image
96676,Daphne championii,长柱瑞香,,,,,,,no_image
96701,Daphne longilobata,长瓣瑞香,,,,,,,no_image
4418,Daphnella wui,巫氏桂螺,,,,,,,no_image
96725,Daphne taylorii,西藏瑞香,,,,,,,no_image
32955,Daphnusa ocellaris,,,,,,,,no_image
5235,Dardanus peduneulatus,小足真寄居蟹,,,,,,,no_image
32967,Dasineura citrigemmia,桔芽叶瘿蚊,,,,,,,no_image
96752,Dasya mollis,柔毛绒线藻,,,,,,,no_image
32976,Dasychira baibarana,茶茸毒蛾,,,,,,,no_image
32995,Dasydorylas holosericeus,整列毛头蝇,,,,,,,no_image
33034,Dasyhelea compta,修饰毛蠓,,,,,,,no_image
33014,Dasyhelea bambusaoris,竹生毛蠓,,,,,,,no_image
33054,Dasyhelea dunhuangensis,敦煌毛蠓,,,,,,,no_image
33074,Dasyhelea fossata,边界毛蠓,,,,,,,no_image
33094,Dasyhelea insulicola,岛屿毛蠓,,,,,,,no_image
33114,Dasyhelea miotheca,小囊毛蠓,,,,,,,no_image
33134,Dasyhelea paragrata,喜愿毛蠓,,,,,,,no_image
33154,Dasyhelea siculla,短剑毛蠓,,,,,,,no_image
33174,Dasyhelea turficola,裂茎毛蠓,,,,,,,no_image
139647,Dasyobolus immersus,,,,,,,,no_image
138546,Dasyscyphus albotestaceus,,,,,,,,no_image
33205,Dasypolia templi,绵冬夜蛾,,,,,,,no_image
138566,Dasyscyphus fuckelii,,,,,,,,no_image
138586,Dasyscyphus pteridophyllus,,,,,,,,no_image
96775,Davallia hookeri,宿枝小膜盖蕨,,,,,,,no_image
33221,Dasysyrphus orsua,具带毛蚜蝇,,,,,,,no_image
33240,Davidius lunatus,新月戴春蜓,,,,,,,no_image
96792,Debregeasia longifolia,长叶水麻,,,,,,,no_image
15733,Decapauropus disphaeroides,双球十别少足,,,,,,,no_image
96802,Decaschistia mouretii,中越十裂葵,,,,,,,no_image
148121,Deflexula ulmi,,,,,,,,no_image
148177,Deconica coprophila,,,,,,,,no_image
33274,Deinopteroloma chiangi,,,,,,,,no_image
33303,Delia bisetosa,双毛地种蝇,,,,,,,no_image
96821,Delavaya toxocarpa,茶条木,,,,,,,no_image
33343,Delia linearis,三条地种蝇,,,,,,,no_image
33323,Delia flavicommixta,黄杂地种蝇,,,,,,,no_image
33383,Delia solidilamina,坚腹地种蝇,,,,,,,no_image
33363,Delia partivitra,明缘地种蝇,,,,,,,no_image
33415,Delias descombesi,红肩斑粉蝶,,,,,,,no_image
33445,Delphacinoides altaicus,阿尔泰齿臀飞虱,,,,,,,no_image
96887,Delphinium dazangense,大藏翠雀花,,,,,,,no_image
96853,Delphinium caeruleum,蓝翠雀花,,,,,,,no_image
96926,Delphinium grandilimbum,硕片翠雀花,,,,,,,no_image
96954,Delphinium kansuense,甘肃翠雀花,,,,,,,no_image
96982,Delphinium longibracteolatum,长苞翠雀花,,,,,,,no_image
97005,Delphinium nilekeense,尼勒克翠雀花,,,,,,,no_image
97037,Delphinium pseudohamatum,拟钩距翠雀花,,,,,,,no_image
97064,Delphinium sinoelatum,新疆高翠雀花,,,,,,,no_image
97094,Delphinium tianshanicum,天山翠雀花,,,,,,,no_image
97124,Delphinium xichangense,西昌翠雀花,,,,,,,no_image
8072,Deltocyathus taiwanicus,台湾角杯珊瑚,,,,,,,no_image
273,Demania unispinosa,单刺鳞斑蟹,,,,,,,no_image
33490,Demonax gertrudae,,,,,,,,no_image
33470,Demonax annamensis,,,,,,,,no_image
33513,Demonax mali,,,,,,,,no_image
33533,Demonax pseudonotabilis,,,,,,,,no_image
33573,Demotina albomaculata,白斑茶肖叶甲,,,,,,,no_image
33553,Demonax simillimus,,,,,,,,no_image
33593,Demotina tuberosa,瘤鞘茶肖叶甲,,,,,,,no_image
97142,Dendrobium bannaense,版纳石斛,,,,,,,no_image
97162,Dendrobium devonianum,齿瓣石斛,,,,,,,no_image
97182,Dendrobium hercoglossum,重唇石斛,,,,,,,no_image
97203,Dendrobium maguanense,马关石斛,,,,,,,no_image
97225,Dendrobium somae,小双花石斛,,,,,,,no_image
97271,Dendrocalamus ovatus,篷竹,,,,,,,no_image
97245,Dendrocalamus asper,马来甜龙竹,,,,,,,no_image
75235,Dendrocopos leucopterus,白翅啄木鸟,,,,,,,no_image
97292,Dendroceros javanicus,爪哇树角苔,,,,,,,no_image
33603,Dendroleon pupillaris,扑树蚁蛉,,,,,,,no_image
33628,Dendrolimus spectabilis,赤松毛虫,,,,,,,no_image
3950,Dendronereis pinnaticirris,羽须鳃沙蚕,,,,,,,no_image
7119,Dendrophyllia alcocki,阿氏木珊瑚,,,,,,,no_image
33642,Dendrothrips homalii,母生棍蓟马,,,,,,,no_image
33653,Dentatissus brachys,短突巨齿瓢蜡蝉,,,,,,,no_image
134186,Dendryphiella broussonetiae,,,,,,,,no_image
155585,Dentiscutata cerradensis,,,,,,,,no_image
97362,Deparia coreana,朝鲜介蕨,,,,,,,no_image
97390,Deparia ludingensis,泸定蛾眉蕨,,,,,,,no_image
97417,Deparia vegetior,河北蛾眉蕨,,,,,,,no_image
33671,Deraeocoris ater,斑楔齿爪盲蝽,,,,,,,no_image
33691,Deraeocoris olivaceus,大齿爪盲蝽,,,,,,,no_image
33737,Dermaphis takahashii,高桥肠扁蚜,,,,,,,no_image
137841,Dermea ariae,阿里皮盘菌,,,,,,,no_image
33753,Derops dingshanus,,,,,,,,no_image
33711,Deraeocoris wangi,王氏齿爪盲蝽,,,,,,,no_image
97467,Descurainia sophia,播娘蒿,,,,,,,no_image
18075,Desmogaster sinensis,中华合胃蚓,,,,,,,no_image
97441,Derris fordii,中南鱼藤,,,,,,,no_image
18864,Desoria tigrina,,,,,,,,no_image
97496,Deutzia coriacea,革叶溲疏,,,,,,,no_image
97524,Deutzia muliensis,木里溲疏,,,,,,,no_image
97551,Deutzia yunnanensis,云南溲疏,,,,,,,no_image
33797,Dexia flavida,淡色长足寄蝇,,,,,,,no_image
13081,Dexippus taiwanensis,台湾右蛛,,,,,,,no_image
97562,Deyeuxia gaoligongensis,高黎贡山野青茅,,,,,,,no_image
97582,Deyeuxia sichuanensis,四川野青茅,,,,,,,no_image
7637,Diadumene lineata,纵条全丛海葵,,,,,,,no_image
33864,Dianemobius fascipes,斑腿双针蟋,,,,,,,no_image
33846,Diamesa aberrata,漫寡角摇蚊,,,,,,,no_image
33885,Dianous bellus,,,,,,,,no_image
33905,Dianous cyaneovirens,,,,,,,,no_image
33925,Dianous hainanensis,,,,,,,,no_image
33948,Dianous ningxiaensis,,,,,,,,no_image
33968,Dianous shan,,,,,,,,no_image
33988,Dianous verticosus,,,,,,,,no_image
97623,Diapensia wardii,西藏岩梅,,,,,,,no_image
97600,Dianthus chinensis,石竹,,,,,,,no_image
34041,Diaphorus ochripes,黄足异长足虻,,,,,,,no_image
34021,Diaphorus guangdongensis,广东异长足虻,,,,,,,no_image
75277,Diaphus diademophilus,冠冕眶灯鱼,,,,,,,no_image
75297,Diaphus splendidus,亮眶灯鱼,,,,,,,no_image
141356,Diaporthe phoenicis,,,,,,,,no_image
34065,Diarsia canescens,灰歹夜蛾,,,,,,,no_image
34087,Diarsia mandarinella,新歹夜蛾,,,,,,,no_image
34103,Diartiger beijingensis,,,,,,,,no_image
34123,Dibrachys yunnanensis,云南黑青金小蜂,,,,,,,no_image
34109,Diaugis plagiata,,,,,,,,no_image
34129,Dichaeta caudata,三鬃翘水蝇,,,,,,,no_image
34149,Dichaetomyia latiorbitalis,宽额重毫蝇,,,,,,,no_image
142838,Dicellaesporites foratus,,,,,,,,no_image
34169,Dichaetophora chaoi,赵氏双鬃果蝇,,,,,,,no_image
97634,Dichanthium annulatum,双花草,,,,,,,no_image
97653,Dichocarpum wuchuanense,务川人字果,,,,,,,no_image
34194,Dichromothrips corbetti,兰花二鬃蓟马,,,,,,,no_image
131601,Dichosporidium boschianum,柱双子衣,,,,,,,no_image
97680,Dicliptera elegans,优雅狗肝菜,,,,,,,no_image
97696,Dicranella rufescens,红色小曲尾藓,,,,,,,no_image
97709,Dicranoloma assimile,大锦叶藓,,,,,,,no_image
34230,Dicranomyia didyma,双细大蚊,,,,,,,no_image
34250,Dicranomyia laticellula,小边细大蚊,,,,,,,no_image
34270,Dicranomyia retrograda,后梯细大蚊,,,,,,,no_image
34290,Dicranomyia veternosa,旧细大蚊,,,,,,,no_image
97718,Dicranopteris curranii,乔芒萁,,,,,,,no_image
34313,Dicranosepsis olfactoria,胫弯二叉鼓翅蝇,,,,,,,no_image
97738,Dicranum fulvum,绒叶曲尾藓,,,,,,,no_image
34329,Dicranota hyalipennis,透尾叉大蚊,,,,,,,no_image
34346,Dicrotendipes saetanumerosus,多毛二叉摇蚊,,,,,,,no_image
97758,Dicranum rectifolium,直叶曲尾藓,,,,,,,no_image
150760,Dictyophora echinovolvata,,,,,,,,no_image
34359,Dictenidia pictipennis,双带偶栉大蚊,,,,,,,no_image
141257,Dictyochaeta coffeae,,,,,,,,no_image
133452,Dictyosporium brahmaswaroopii,,,,,,,,no_image
133472,Dictyosporium triramosum,,,,,,,,no_image
34379,Dicyphus parkheoni,朴氏显胝盲蝽,,,,,,,no_image
34395,Didymana bidens,钳钩蛾,,,,,,,no_image
97787,Didymocarpus longicalyx,长萼长蒴苣苔,,,,,,,no_image
97809,Didymodon acutus,尖锐对齿藓,,,,,,,no_image
97831,Didymodon leskeoides,鞭枝对齿藓,,,,,,,no_image
97853,Didymoglossum wallii,毛边蕨,,,,,,,no_image
133658,Didymosphaeria bambusicola,,,,,,,,no_image
97875,Digitaria abludens,粒状马唐,,,,,,,no_image
97900,Digitaria ternata,三数马唐,,,,,,,no_image
97870,Dienia shuicae,寿卡无耳沼兰,,,,,,,no_image
34423,Diglyphus crassinervis,大斑潜蝇姬小蜂,,,,,,,no_image
34443,Dilar lii,李氏栉角蛉,,,,,,,no_image
34476,Dilophus poikilospinalis,异刺棘毛蚊,,,,,,,no_image
34463,Dilar yunnanus,云南栉角蛉,,,,,,,no_image
97922,Dimeria solitaria,单生雁茅,,,,,,,no_image
18841,Dimorphacanthella anommatos,,,,,,,,no_image
34498,Dindica virescens,绿峰尺蛾,,,,,,,no_image
75345,Dinematichthys iluocoeteoides,双线鼬鳚,,,,,,,no_image
34531,Dinera xuei,薛氏迪内寄蝇,,,,,,,no_image
34541,Dinoptera lota,,,,,,,,no_image
34562,Dinotiscus bivalvis,双瓣刻唇金小蜂,,,,,,,no_image
34582,Diodelphax obstipus,斜迪奥飞虱,,,,,,,no_image
5266,Diogener tomentosus,绒螯活额寄居蟹,,,,,,,no_image
154528,Diorchidium levigatum,,,,,,,,no_image
97948,Dioscorea birmanica,独龙薯蓣,,,,,,,no_image
97981,Dioscorea kamoonensis,毛芋头薯蓣,,,,,,,no_image
98008,Dioscorea velutipes,毡毛薯蓣,,,,,,,no_image
98028,Diospyros dumetorum,岩柿,,,,,,,no_image
98072,Diospyros sichourensis,西畴君迁子,,,,,,,no_image
98050,Diospyros longshengensis,龙胜柿,,,,,,,no_image
34602,Diostracus brevis,短角巨口长足虻,,,,,,,no_image
154657,Dioszegia aurantiaca,,,,,,,,no_image
7715,Diphasia minuta,小双唇螅,,,,,,,no_image
14909,Diphya songi,宋氏双胜蛛,,,,,,,no_image
34638,Diplacodes trivialis,纹蓝小蜻,,,,,,,no_image
34649,Diplatys trilobus,三叶丝尾螋,,,,,,,no_image
98158,Diplazium kansuense,甘肃短肠蕨,,,,,,,no_image
98133,Diplazium dinghushanicum,鼎湖山毛轴线盖蕨,,,,,,,no_image
98208,Diplazium squamigerum,鳞柄短肠蕨,,,,,,,no_image
98184,Diplazium nipponicum,日本短肠蕨,,,,,,,no_image
7343,Diploastrea heliopora,同双星珊瑚,,,,,,,no_image
75382,Diploderma laeviventre,滑腹攀蜥,,,,,,,no_image
75362,Diploderma aorun,敖闰攀蜥（敖闰龙蜥）,,,,,,,no_image
75402,Diploderma xinlongense,新龙攀蜥,,,,,,,no_image
136833,Diploschistes actinostomus,裂果双缘衣,,,,,,,no_image
75413,Diplophos vicinia,西太双灯鱼,,,,,,,no_image
34655,Diplonevra bifasciata,双带栅蚤蝇,,,,,,,no_image
131810,Diplodia zeae,,,,,,,,no_image
34674,Diplothorax ishihamai,,,,,,,,no_image
98262,Dipoma iberideum,蛇头荠,,,,,,,no_image
11560,Dipoena gui,顾氏圆腹蛛,,,,,,,no_image
142901,Diporisporites oblongatus,,,,,,,,no_image
9748,Diptacus pseudocerasis,,,,,,,,no_image
9698,Diptacus chizhouensis,,,,,,,,no_image
9699,Diptilomiopus dendropanacis,,,,,,,,no_image
98281,Dipteronia sinensis,金钱槭,,,,,,,no_image
135216,Dirinaria applanata,扁平黑囊基衣,,,,,,,no_image
9812,Diptilomiopus ternstroemiae,,,,,,,,no_image
34696,Disciphus flavitarsis,黄跗指突秆蝇,,,,,,,no_image
98286,Dischidia australis,尖叶眼树莲,,,,,,,no_image
10629,Disella umbelliferae,,,,,,,,no_image
2163,Discors aurantiaca,桔红异纹鸟蛤,,,,,,,no_image
98306,Disporum calcaratum,距花万寿竹,,,,,,,no_image
75438,Discogobio bismargaritus,双珠盘&#x0000E068;,,,,,,,no_image
34741,Distenia tricostata,,,,,,,,no_image
34752,Distoleon guttulatus,古距蚁蛉,,,,,,,no_image
18473,Dissotrocha aculeata,尖刺间盘轮虫,,,,,,,no_image
98348,Distichophyllum pseudo-malayense,屏东黄藓,,,,,,,no_image
98359,Distylium buxifolium,小叶蚊母树,,,,,,,no_image
34766,Ditrichophora triseta,三鬃寡毛水蝇,,,,,,,no_image
34773,Ditrigona conflexaria,浓白钩蛾,,,,,,,no_image
34802,Ditrigona quinquelineata,五线皂钩蛾,,,,,,,no_image
17027,Divitelluses cantonensis,广东段黄吸虫,,,,,,,no_image
34842,Docirava brunnearia,褐盗尺蛾,,,,,,,no_image
34831,Dnopherula brevicornis,短角暗蝗,,,,,,,no_image
98394,Dodartia orientalis,野胡麻,,,,,,,no_image
34894,Dohrniphora setulipalpis,毛须栓蚤蝇,,,,,,,no_image
34874,Dohrniphora cespitula,簇齿栓蚤蝇,,,,,,,no_image
14944,Dolichognatha bannaensis,版纳长颚蛛,,,,,,,no_image
5938,Dolicheremaeus tamurai,田村隐甲螨,,,,,,,no_image
34959,Dolichopeza subalbitibia,白跗裸纤足大蚊,,,,,,,no_image
34978,Dolichopus bigeniculatus,尖钩长足虻,,,,,,,no_image
34939,Dolichopeza francki,黑突裸纤足大蚊,,,,,,,no_image
34998,Dolichopus latipennis,长柄长足虻,,,,,,,no_image
35038,Dolichopus yunnanus,云南长足虻,,,,,,,no_image
35018,Dolichopus roborovskii,茹氏长足虻,,,,,,,no_image
35061,Dolichothrips reuteri,罗伊氏修管蓟马,,,,,,,no_image
35043,Dolichosciara flavipes,黄腹突眼蕈蚊,,,,,,,no_image
35080,Domene immarginata,,,,,,,,no_image
12657,Dolomedes raptoroides,类掠狡蛛,,,,,,,no_image
98424,Dolophragma globiflorum,球花福禄草,,,,,,,no_image
35091,Donaceus nigronotatus,黑斑芦丛水蝇,,,,,,,no_image
98438,Dontostemon pinnatifidus,异蕊芥,,,,,,,no_image
35106,Dorcadia qinghaiensis,青海长喙蚤,,,,,,,no_image
6651,Dorylaimopsis rabalaisi,拉氏矛咽线虫,,,,,,,no_image
98444,Dorcoceras philippense,地胆旋蒴苣苔,,,,,,,no_image
35155,Dorysthenes fossatus,,,,,,,,no_image
35184,Downesia tarsata,淡色平脊甲,,,,,,,no_image
98454,Dotyophycus hainanensis,海南杜氏藻,,,,,,,no_image
389,Dosinia dilecta,彩带镜蛤,,,,,,,no_image
35198,Drabescus cuspidatus,尖突胫槽叶蝉,,,,,,,no_image
98492,Draba mieheorum,定日葶苈,,,,,,,no_image
98512,Draba surculosa,山菜葶苈,,,,,,,no_image
98472,Draba eriopoda,毛葶苈,,,,,,,no_image
98529,Dracocephalum breviflorum,短花枝子花,,,,,,,no_image
35218,Drabescus pallidus,淡色胫槽叶蝉,,,,,,,no_image
98550,Dracocephalum peregrinum,刺齿枝子花,,,,,,,no_image
12241,Draconarius altissimus,高原龙隙蛛,,,,,,,no_image
12338,Draconarius jiangyongensis,江永龙隙蛛,,,,,,,no_image
12223,Draconarius multidentatus,多齿龙隙蛛,,,,,,,no_image
12363,Draconarius episomos,大囊龙隙蛛,,,,,,,no_image
12476,Draconarius chaiqiaoensis,柴桥龙隙蛛,,,,,,,no_image
12131,Draconarius singulatus,单龙隙蛛,,,,,,,no_image
12107,Draconarius pictus,豹纹龙隙蛛,,,,,,,no_image
12365,Draconarius tiantangensis,天堂龙隙蛛,,,,,,,no_image
12113,Draconarius yadongensis,亚东龙隙蛛,,,,,,,no_image
13746,Drassodes platnicki,普氏掠蛛,,,,,,,no_image
16533,Draposa zhanjiangensis,湛江龙狼蛛,,,,,,,no_image
35238,Drasteria chinenisis,素妃夜蛾,,,,,,,no_image
18079,Drawida gisti,,,,,,,,no_image
35265,Drepanepteryx phalaenoides,钩翅褐蛉,,,,,,,no_image
134085,Drechslera triticicola,,,,,,,,no_image
35272,Drepasiagonusa angulata,,,,,,,,no_image
98601,Drepanolejeunea thwaitesiana,多油胞角鳞苔,,,,,,,no_image
35290,Drino flava,黄腹赘寄蝇,,,,,,,no_image
35310,Drino sinensis,中华赘寄蝇,,,,,,,no_image
35337,Drosophila bella,美丽果蝇,,,,,,,no_image
35317,Drosophila afer,阿佛果蝇,,,,,,,no_image
35357,Drosophila daruma,不倒翁果蝇,,,,,,,no_image
35377,Drosophila guptai,古普塔果蝇,,,,,,,no_image
35417,Drosophila malerkotliana,,,,,,,,no_image
35397,Drosophila kweichowensis,贵州果蝇,,,,,,,no_image
35438,Drosophila nigromaculata,黑点果蝇,,,,,,,no_image
35458,Drosophila pilosa,流苏果蝇,,,,,,,no_image
35479,Drosophila salpina,号角果蝇,,,,,,,no_image
35500,Drosophila suzukii,铃木氏果蝇,,,,,,,no_image
35521,Drosophila unispina,单剌果蝇,,,,,,,no_image
35564,Drymeia brumalis,冬胡蝇,,,,,,,no_image
35549,Drusilla yunnanensis,,,,,,,,no_image
35605,Drymeia pilifemorata,毛股胡蝇,,,,,,,no_image
17551,Drupella margariticola,珠母小核果螺,,,,,,,no_image
35584,Drymeia magnifica,立栉跗胡蝇,,,,,,,no_image
35625,Drymeia xuei,薛氏胡蝇,,,,,,,no_image
75481,Dryobates minor,小斑啄木鸟,,,,,,,no_image
98663,Dryopteris apiciflora,顶囊轴鳞蕨,,,,,,,no_image
98687,Dryopteris costalisora,近中肋鳞毛蕨,,,,,,,no_image
98711,Dryopteris formosana,台湾鳞毛蕨,,,,,,,no_image
98773,Dryopteris nyingchiensis,林芝鳞毛蕨,,,,,,,no_image
98731,Dryopteris himachalensis,木里鳞毛蕨,,,,,,,no_image
98751,Dryopteris latibasis,阔基鳞毛蕨,,,,,,,no_image
98793,Dryopteris renchangiana,仁昌鳞毛蕨,,,,,,,no_image
98815,Dryopteris sphaeropteroides,大鳞轴鳞蕨,,,,,,,no_image
98835,Dryopteris tokyoensis,东京鳞毛蕨,,,,,,,no_image
98650,Dryopteris ×,羽金山鳞毛蕨,,,,,,,no_image
35660,Dufouriellus ater,黑沟胸花蝽,,,,,,,no_image
35639,Dubitogomphus bicornutus,双角迷春蜓,,,,,,,no_image
35649,Ducetia japonica,日本条螽,,,,,,,no_image
98907,Dumasia villosa,柔毛山黑豆,,,,,,,no_image
98936,Duthiella flaccida,软枝绿锯藓,,,,,,,no_image
35661,Dundaia subtuberculata,,,,,,,,no_image
35677,Dymorphocosmisoma diversicorne,,,,,,,,no_image
75504,Dysalotus alcocki,阿氏线棘细齿鰧,,,,,,,no_image
35700,Dysgonia senex,耆巾夜蛾,,,,,,,no_image
98941,Dysolobium grande,镰瓣豆,,,,,,,no_image
98953,Dysoxylum cumingianum,兰屿樫木,,,,,,,no_image
35768,Eakingdonella gentiana,龙胆原金蝗,,,,,,,no_image
98969,Dysphania schraderiana,菊叶香藜,,,,,,,no_image
2604,Ebalia glans,珠粒坚壳蟹,,,,,,,no_image
35747,Dysstroma tenebricosa,乌涤尺蛾,,,,,,,no_image
35796,Eboda doryphora,矛圆角卷蛾,,,,,,,no_image
35806,Eccoptolonthus pedatiformis,,,,,,,,no_image
98979,Echinochloa crus-galli,稗,,,,,,,no_image
35819,Echidnophaga oschanini,长吻角头蚤,,,,,,,no_image
8246,Echinogorgia complexa,组刺柳珊瑚,,,,,,,no_image
7936,Echinoptilum echinatum,棘羽海鳃,,,,,,,no_image
7318,Echinopora horrida,丑刺孔珊瑚,,,,,,,no_image
35852,Ecliptopera muscicolor,苔色折线尺蛾,,,,,,,no_image
35830,Echo margarita,黑顶亮翅色蟌,,,,,,,no_image
35884,Ectophasia rotundiventris,圆腹异颜寄蝇,,,,,,,no_image
75534,Ecsenius yaeyamaensis,八重山岛异齿鳚,,,,,,,no_image
99017,Ectropothecium glossophylloides,亮叶偏蒴藓,,,,,,,no_image
35894,Edaphosoma lanceolifer,,,,,,,,no_image
35954,Edaphus mimus,,,,,,,,no_image
35914,Edaphus aphrodite,,,,,,,,no_image
35974,Edaphus sergius,,,,,,,,no_image
35934,Edaphus furculifer,,,,,,,,no_image
99031,Edgeworthia albiflora,白结香,,,,,,,no_image
36002,Egesina diffusa,,,,,,,,no_image
36021,Egle ciliata,纤毛柳花蝇,,,,,,,no_image
1087,Ehlersia anops,高角刺裂虫,,,,,,,no_image
99047,Ehretia pingbianensis,屏边厚壳树,,,,,,,no_image
36047,Eilema degenerella,雪土苔蛾,,,,,,,no_image
36070,Eilema uniformeola,单土苔蛾,,,,,,,no_image
18108,Eisenia hataii,火田爱胜蚓,,,,,,,no_image
36089,Elachiptera xizangensis,西藏瘤秆蝇,,,,,,,no_image
99094,Elaeagnus liuzhouensis,柳州胡颓子,,,,,,,no_image
99069,Elaeagnus davidii,四川胡颓子,,,,,,,no_image
99121,Elaeagnus retrostyla,卷柱胡颓子,,,,,,,no_image
99141,Elaeocarpus angustifolius,狭叶杜英,,,,,,,no_image
99172,Elaeocarpus harmandii,肿柄杜英,,,,,,,no_image
99195,Elaeocarpus subpetiolatus,屏边杜英,,,,,,,no_image
36118,Elaphropeza henanensis,河南黄隐肩舞虻,,,,,,,no_image
36098,Elaphria conjugata,会纹孤夜蛾,,,,,,,no_image
75558,Elaphe xiphodonta,秦皇锦蛇,,,,,,,no_image
36138,Elaphropeza obtusa,钝突黄隐肩舞虻,,,,,,,no_image
99225,Elatostema albovillosum,展毛楼梯草,,,,,,,no_image
36157,Elapropoda magrettii,玛长足条蜂,,,,,,,no_image
36167,Elasmus philippinensis,菲律宾扁股小蜂,,,,,,,no_image
99251,Elatostema balansae,华南楼梯草,,,,,,,no_image
99276,Elatostema cataractum,瀑布楼梯草,,,,,,,no_image
99300,Elatostema cuspidatum,骤尖楼梯草,,,,,,,no_image
99336,Elatostema flexuosicaule,曲茎楼梯草,,,,,,,no_image
99358,Elatostema hezhouense,贺州楼梯草,,,,,,,no_image
99401,Elatostema lungzhouense,龙州楼梯草,,,,,,,no_image
99380,Elatostema latitepalum,宽被楼梯草,,,,,,,no_image
99425,Elatostema menglunense,勐仑楼梯草,,,,,,,no_image
99457,Elatostema obtusum,钝叶楼梯草,,,,,,,no_image
99481,Elatostema petelotii,樟叶楼梯草,,,,,,,no_image
99506,Elatostema pseudoplatyphyllum,拟宽叶楼梯草,,,,,,,no_image
99526,Elatostema schizodiscum,裂托楼梯草,,,,,,,no_image
99549,Elatostema subtrichotomum,歧序楼梯草,,,,,,,no_image
99573,Elatostema villosistipulum,毛托叶楼梯草,,,,,,,no_image
99593,Elatostema youyangense,酉阳楼梯草,,,,,,,no_image
75562,Electrona risso,高体电灯鱼,,,,,,,no_image
142909,Elegantimyces sporidesmiopsis,,,,,,,,no_image
99619,Eleocharis palustris,沼泽荸荠,,,,,,,no_image
75564,Eleotris acanthopoma,刺盖塘鳢,,,,,,,no_image
99669,Eleutherococcus senticosus,刺五加,,,,,,,no_image
36211,Eleusis persimilis,,,,,,,,no_image
36236,Elimaea fallax,秋奇掩耳螽,,,,,,,no_image
36216,Elgiva divisa,戴维突脉沼蝇,,,,,,,no_image
10757,Ellisella maculata,斑鞭柳珊瑚,,,,,,,no_image
36275,Ellida branickii,布朗娓舟蛾,,,,,,,no_image
142928,Ellisembia minigelatinosa,,,,,,,,no_image
36256,Elimaea quadrispina,四刺掩耳螽,,,,,,,no_image
99681,Elodea najas,柱蕊水蕴草,,,,,,,no_image
99686,Elsholtzia cephalantha,小头花香薷,,,,,,,no_image
99714,Elsholtzia pilosa,长毛香薷,,,,,,,no_image
99731,Elymus alashanicus,阿拉善鹅观草,,,,,,,no_image
99759,Elymus caninus,犬草,,,,,,,no_image
99796,Elymus humilis,矮鹅观草,,,,,,,no_image
99850,Elymus tangutorum,麦薲草,,,,,,,no_image
99826,Elymus pseudocaninus,阿尔泰鹅观草,,,,,,,no_image
99886,Embelia sessiliflora,短梗酸藤子,,,,,,,no_image
36314,Elytrobium qinlinganum,,,,,,,,no_image
75611,Emberiza leucocephalos,白头鹀,,,,,,,no_image
36321,Emeiacris exiensis,鄂西峨眉蝗,,,,,,,no_image
99897,Emmenopterys henryi,香果树,,,,,,,no_image
36346,Empis basiflava,基黄缺脉舞虻,,,,,,,no_image
36366,Empis mandarina,多鬃平舞虻,,,,,,,no_image
36386,Empis sinensis,中华缺脉舞虻,,,,,,,no_image
155364,Empusa papillata,,,,,,,,no_image
99909,Encalypta sibirica,西伯利亚大帽藓,,,,,,,no_image
36401,Encephalus appendiculatus,,,,,,,,no_image
138956,Encoelia cubensis,古巴散胞盘菌,,,,,,,no_image
36415,Encyrtus aurantii,球蚧跳小蜂,,,,,,,no_image
134752,Endocarpon pallidum,淡石果衣,,,,,,,no_image
142967,Endophragmiella occidentalis,,,,,,,,no_image
142947,Endophragmiella biconstituta,,,,,,,,no_image
155796,Endogone incrassata,异味内囊霉,,,,,,,no_image
153477,Endophyllum kaernbachii,肯氏内锈菌,,,,,,,no_image
99925,Enemion raddeanum,拟扁果草,,,,,,,no_image
8315,Engystenopus palmipes,宽足近猬虾,,,,,,,no_image
99942,Enkianthus serotinus,晚花吊钟花,,,,,,,no_image
75699,Enneapterygius pallidoserialis,淡白斑双线鳚,,,,,,,no_image
11488,Enoplognatha fuyangensis,富阳齿螯蛛,,,,,,,no_image
2933,Enosteoides hainannensis,海南拟豆瓷蟹,,,,,,,no_image
99953,Entada pursaetha,,,,,,,,no_image
99978,Entodon giraldii,细绢藓,,,,,,,no_image
99961,Enteromorpha crinita,多毛浒苔,,,,,,,no_image
14086,Entelecara aurea,金黄隆首蛛,,,,,,,no_image
99998,Entodon sullivantii,亚美绢藓,,,,,,,no_image
146093,Entoloma amplisporum,,,,,,,,no_image
146153,Entoloma giganteum,大粉褶蕈,,,,,,,no_image
146113,Entoloma caespitosum,丛生粉褶蕈,,,,,,,no_image
146133,Entoloma cyanonigrum,蓝黑粉褶菌,,,,,,,no_image
146173,Entoloma lividocyanulum,灰斑粉褶菌,,,,,,,no_image
146213,Entoloma pseudogriseoalbum,拟灰白粉褶覃,,,,,,,no_image
146193,Entoloma nigrovillosum,,,,,,,,no_image
146233,Entoloma sphagnorum,,,,,,,,no_image
146253,Entoloma termitophilum,蚁生粉褶蕈,,,,,,,no_image
75712,Entomacrodus niuafoouensis,云纹犁齿鳚,,,,,,,no_image
155375,Entomophaga planchoniana,,,,,,,,no_image
18947,Entomobrya mieheorum,,,,,,,,no_image
36508,Entoria koshunensis,恒春长肛,,,,,,,no_image
155415,Entomophthora muscivora,,,,,,,,no_image
36491,Entomoscelis pulla,黑油菜叶甲,,,,,,,no_image
155395,Entomophthora cyrtoneurae,,,,,,,,no_image
100014,Entosthodon wichurae,尖叶梨蒴藓,,,,,,,no_image
36565,Eodorcadion wenhsini,,,,,,,,no_image
100015,Enydra fluctuans,沼菊,,,,,,,no_image
36533,Eodorcadion heros,,,,,,,,no_image
75718,Eonycteris spelaea,大长舌果蝠,,,,,,,no_image
75726,Eospalax baileyi,高原鼢鼠,,,,,,,no_image
75734,Eothenomys chinensis,中华绒鼠,,,,,,,no_image
9575,Eotetranychus bailae,,,,,,,,no_image
9523,Eotetranychus lewisi,,,,,,,,no_image
36598,Eotmethis recipennis,短翅突颜蝗,,,,,,,no_image
15839,Epanerchodus bispinosus,,,,,,,,no_image
36617,Eoxizicus tinkhami,丁谦原栖螽,,,,,,,no_image
15869,Epanerchodus schawalleri,,,,,,,,no_image
13110,Epeus guangxi,广西艾普蛛,,,,,,,no_image
36648,Eparchus yezoensis,东慈螋,,,,,,,no_image
36686,Ephesia largeteaui,拉光裳夜蛾,,,,,,,no_image
18828,Ephemerotoma huadongensis,,,,,,,,no_image
36722,Epichlorops yunnanensis,云南刻点秆蝇,,,,,,,no_image
36706,Ephydra breva,矮突水蝇,,,,,,,no_image
36737,Epicypta dolabriforma,斧状埃菌蚊,,,,,,,no_image
36757,Epicypta yangi,杨氏埃菌蚊,,,,,,,no_image
36766,Epidiplosis triangularis,三角端突瘿蚊,,,,,,,no_image
100069,Epilobium hohuanense,合欢柳叶菜,,,,,,,no_image
36772,Epiglenea comes,,,,,,,,no_image
100090,Epilobium tibetanum,光籽柳叶菜,,,,,,,no_image
100115,Epimedium jinfoshanensis,金佛山淫羊藿,,,,,,,no_image
100095,Epimedium brachyrrhizum,短茎淫羊藿,,,,,,,no_image
100137,Epimedium reticulatum,革叶淫羊藿,,,,,,,no_image
75757,Epinephelus areolatus,宝石石斑鱼,,,,,,,no_image
75777,Epinephelus longispinis,长棘石斑鱼,,,,,,,no_image
75797,Epinephelus trimaculatus,三斑石斑鱼,,,,,,,no_image
36816,Epipedocera zona,,,,,,,,no_image
100156,Epipactis flava,黄火烧兰,,,,,,,no_image
100168,Epipogium meridianum,间型虎舌兰,,,,,,,no_image
36828,Epiphragma mediale,中线艾大蚊,,,,,,,no_image
138278,Episclerotium sclerotiorum,核外盘菌,,,,,,,no_image
100174,Epipterygium tozeri,小叶藓,,,,,,,no_image
8750,Episiphon subtorquatum,细环顶管角贝,,,,,,,no_image
36924,Epistrophe nigritibia,黑胫垂边蚜蝇,,,,,,,no_image
36904,Epistictina viridimaculata,绿斑麻龟甲,,,,,,,no_image
36944,Epitetracnemus comis,,,,,,,,no_image
10498,Epitrimerus turgidus,,,,,,,,no_image
36961,Epoligosita longituba,长管爱波赤眼蜂,,,,,,,no_image
100181,Equisetum diffusum,披散问荆,,,,,,,no_image
10168,Epitrimerus danzhouicus,,,,,,,,no_image
100199,Eragrostis autumnalis,秋画眉草,,,,,,,no_image
36973,Ercheia cyllaria,曲耳夜蛾,,,,,,,no_image
100219,Eragrostis nutans,细叶画眉草,,,,,,,no_image
36999,Erebus crepuscularis,目夜蛾,,,,,,,no_image
100247,Eremogone acicularis,针叶老牛筋,,,,,,,no_image
37018,Eremippus mongolicus,蒙古蚍蝗,,,,,,,no_image
100271,Eremogone pulvinata,垫状雪灵芝,,,,,,,no_image
75826,Eremias arguta,敏麻蜥,,,,,,,no_image
100284,Eremurus anisopterus,异翅独尾草,,,,,,,no_image
100314,Erigeron fukuyamae,台湾飞蓬,,,,,,,no_image
100293,Eria medogensis,墨脱毛兰,,,,,,,no_image
37047,Erichsonius pullus,,,,,,,,no_image
14280,Erigone longipalpis,长触微蛛,,,,,,,no_image
100334,Erigeron pseudoseravschanicus,假泽山飞蓬,,,,,,,no_image
100355,Eriobotrya japonica,枇杷,,,,,,,no_image
138612,Erinella pudibunda,,,,,,,,no_image
100374,Eriocaulon ermeiense,峨眉谷精草,,,,,,,no_image
100400,Eriocaulon sollyanum,大药谷精草,,,,,,,no_image
100416,Eriodes barbata,毛梗兰,,,,,,,no_image
37063,Eriococcus lagerostroemiae,榴绒蚧,,,,,,,no_image
2088,Eriopisa incisa,缺刻毛钩虾,,,,,,,no_image
100425,Eriophorum russeolum,红毛羊胡子草,,,,,,,no_image
37118,Eriosoma yangi,杨氏绵蚜,,,,,,,no_image
100431,Erioscirpus comosus,岩胡子草,,,,,,,no_image
10984,Eriovixia menglunensis,勐仑毛园蛛,,,,,,,no_image
37156,Eristalis proserpina,爬管蚜蝇,,,,,,,no_image
100446,Eritrichium fetisovii,短梗齿缘草,,,,,,,no_image
37136,Eristalis anthophorinus,花蚤蝇管蚜蝇,,,,,,,no_image
100466,Eritrichium pendulifructum,垂果齿缘草,,,,,,,no_image
37171,Ernothrips longitudinalis,纵纹片膜蓟马,,,,,,,no_image
2439,Erronea hungerfordi,美丽拟枣贝,,,,,,,no_image
100498,Erycibe schmidtii,光叶丁公藤,,,,,,,no_image
2452,Erosaria helvola,枣红眼球贝,,,,,,,no_image
155439,Erynia castrans,,,,,,,,no_image
100512,Erysimum deflexum,外折糖芥,,,,,,,no_image
155459,Erynia orientalis,东方虫疫霉,,,,,,,no_image
137951,Erysiphe bremeri,,,,,,,,no_image
100534,Erysimum vitellinum,蛋黄糖芥,,,,,,,no_image
137971,Erysiphe erlangshanensis,,,,,,,,no_image
137991,Erysiphe lamprocarpa,,,,,,,,no_image
138011,Erysiphe poeltii,,,,,,,,no_image
138031,Erysiphe tomentosa,,,,,,,,no_image
100543,Erythranthe tibetica,西藏沟酸浆,,,,,,,no_image
75867,Erythrocles schlegelii,史氏红谐鱼,,,,,,,no_image
37212,Erythrus lineatus,,,,,,,,no_image
100568,Erythrophleum fordii,格木,,,,,,,no_image
75887,Eschrichtius robustus,灰鲸,,,,,,,no_image
37229,Estheria pallicornis,白毛依寄蝇,,,,,,,no_image
75894,Etelis radiosus,多耙红钻鱼,,,,,,,no_image
75896,Etmopterus brachyurus,短尾乌鲨,,,,,,,no_image
5897,Ethusa sexdentata,六齿四额齿蟹,,,,,,,no_image
4267,Etrema texta,紫端腹螺,,,,,,,no_image
37267,Euagathis maculipennis,斑翅真径茧蜂,,,,,,,no_image
37292,Eublemma quadrilinata,四线猎夜蛾,,,,,,,no_image
1752,Euarche maculate,色斑三手鳞虫,,,,,,,no_image
100603,Eucalyptus crebra,常桉,,,,,,,no_image
135006,Eucantharomyces atrani,,,,,,,,no_image
37322,Eucharia casta,洁雅灯蛾,,,,,,,no_image
100626,Eucheuma perplexum,错综麒麟菜,,,,,,,no_image
37326,Euchorthippus chenbaensis,镇巴异爪蝗,,,,,,,no_image
37342,Eucibdelus griseipennis,,,,,,,,no_image
37350,Euclidia dentata,齿恭夜蛾,,,,,,,no_image
37386,Euconocephalus varius,杂色优草螽,,,,,,,no_image
37366,Euconnus efferus,,,,,,,,no_image
37403,Eucosmabraxas octoscripta,双环祉尺蛾,,,,,,,no_image
37418,Eucyclodes discipennata,羽彩青尺蛾,,,,,,,no_image
4251,Eucyclotoma trivaricosa,三肋盘肋螺,,,,,,,no_image
37446,Eudemopsis heteroclita,异形圆斑小卷蛾,,,,,,,no_image
37472,Eudorylas attenuatus,剑管优头蝇,,,,,,,no_image
5840,Eudiocrinus indivisus,五腕羽枝,,,,,,,no_image
37492,Eudorylas orthogoninus,方抱优头蝇,,,,,,,no_image
37520,Eugoa flava,黄良苔蛾,,,,,,,no_image
37501,Eugahania gyitangensis,,,,,,,,no_image
37539,Eugynothrips intorquens,卷绕尤管蓟马,,,,,,,no_image
37561,Euhemisphaerius inclitus,波真球瓢蜡蝉,,,,,,,no_image
37580,Eukiefferiella celata,盖真开氏摇蚊,,,,,,,no_image
100655,Eulalia speciosa,金茅,,,,,,,no_image
1795,Eulepethus hamifera,真鳞虫,,,,,,,no_image
37628,Eulomalus rugosus,皱简额阎甲,,,,,,,no_image
37633,Eulophomorpha clubiona,蛛卵优洛姬小蜂,,,,,,,no_image
37649,Eumeella latifrons,宽额攸迷寄蝇,,,,,,,no_image
37662,Eumerus figurans,黄边平颜蚜蝇,,,,,,,no_image
37685,Eunidia lateralis,,,,,,,,no_image
75921,Eumetopias jubatus,北海狮,,,,,,,no_image
100705,Euonymus euscaphis,鸦椿卫矛,,,,,,,no_image
100683,Euonymus aculeatus,软刺卫矛,,,,,,,no_image
100745,Euonymus potingensis,保亭卫矛,,,,,,,no_image
100725,Euonymus kweichowensis,贵州卫矛,,,,,,,no_image
100767,Euonymus tsoi,狭叶卫矛,,,,,,,no_image
12777,Euophrys robusta,粗壮斑蛛,,,,,,,no_image
37706,Euparyphasma maxima,怪影波纹蛾,,,,,,,no_image
37710,Eupeodes aurosus,金优蚜蝇,,,,,,,no_image
17618,Euphaedusa spinula,棘刺真管螺,,,,,,,no_image
37730,Eupeodes parvus,小优蚜蝇,,,,,,,no_image
100814,Euphorbia graminea,禾叶大戟,,,,,,,no_image
100854,Euphorbia pachyrrhiza,长根大戟,,,,,,,no_image
100834,Euphorbia kozlovii,沙生大戟,,,,,,,no_image
100874,Euphorbia thymifolia,千根草,,,,,,,no_image
37756,Euphranta jucunda,颜带光沟实蝇,,,,,,,no_image
100901,Euphrasia transmorrisonensis,台湾小米草,,,,,,,no_image
8095,Euphyllia cristata,联合真叶珊瑚,,,,,,,no_image
7475,Euphysora verrucosa,疣真囊水母,,,,,,,no_image
37795,Euplectrus ceylonensis,锡兰距小蜂,,,,,,,no_image
37815,Euplectrus peechansis,媲阡距小蜂,,,,,,,no_image
13259,Eupoa jingwei,精卫尤波蛛,,,,,,,no_image
8231,Euplexuaura curvata,弯真丛柳珊瑚,,,,,,,no_image
37898,Euproctis dealbata,白霜黄毒蛾,,,,,,,no_image
37878,Euproctis angulata,叉带黄毒蛾,,,,,,,no_image
37918,Euproctis hunanensis,污黄毒蛾,,,,,,,no_image
37938,Euproctis montis,梯带黄毒蛾,,,,,,,no_image
37958,Euproctis seitzi,串带黄毒蛾,,,,,,,no_image
37978,Euproctis yunnanpina,云南松黄毒蛾,,,,,,,no_image
1797,Eurete schmidti,施氏真网海绵,,,,,,,no_image
37995,Eupyrgota pekinensis,北京真蜣蝇,,,,,,,no_image
38030,Euripersia tomlini,古北草粉蚧,,,,,,,no_image
100944,Eurya fangii,川柃,,,,,,,no_image
100922,Eurya acuminata,尾尖叶柃,,,,,,,no_image
100968,Eurya lunglingensis,隆林耳叶柃,,,,,,,no_image
100992,Eurya prunifolia,桃叶柃,,,,,,,no_image
101016,Eurya tsingpienensis,屏边柃,,,,,,,no_image
38050,Eurydiopsis porphyries,紫色宽突眼蝇,,,,,,,no_image
38059,Euryphagus miniatus,,,,,,,,no_image
38075,Eurystylus costalis,淡缘厚盲蝽,,,,,,,no_image
38084,Eusarima astuta,灵美萨瓢蜡蝉,,,,,,,no_image
38104,Eusarima matsumurai,松村美萨瓢蜡蝉,,,,,,,no_image
16834,Eusclera aureomaculata,金斑硬甲盲蛛,,,,,,,no_image
38141,Eusphalerum cangshanense,,,,,,,,no_image
38161,Eusphalerum masatakai,,,,,,,,no_image
38181,Eusphalerum tienshanense,,,,,,,,no_image
101031,Eustigma lenticellatum,云南秀柱花,,,,,,,no_image
38210,Eustroma promacha,广褥尺蛾,,,,,,,no_image
1125,Eusyllis irregulata,不规则真裂虫,,,,,,,no_image
38264,Euthalia aconthea,矛翠蛱蝶,,,,,,,no_image
38245,Eutetrapha bicostata,,,,,,,,no_image
38305,Euthalia patala,黄带翠蛱蝶,,,,,,,no_image
38337,Euthrix albomaculata,阿纹枯叶蛾,,,,,,,no_image
38362,Euthrix turpellus,新纹枯叶蛾,,,,,,,no_image
7392,Eutima gracilis,细真瘤水母,,,,,,,no_image
101060,Eutrema tianshanense,天山山萮菜,,,,,,,no_image
101038,Eutrema deltoideum,三角叶山萮菜,,,,,,,no_image
38387,Eutrichota hamata,钩叶叉泉蝇,,,,,,,no_image
16125,Eutrichodesmus lipsae,,,,,,,,no_image
38430,Euxoa intolerabilis,楚切夜蛾,,,,,,,no_image
38407,Eutropha oldenbergi,奥氏聚鬃秆蝇,,,,,,,no_image
38410,Euxiphidiopsis capricercus,犀尾优剑螽,,,,,,,no_image
38450,Evacanthus bimaculatus,双斑横脊叶蝉,,,,,,,no_image
12923,Evarcha bicoronata,双冠猎蛛,,,,,,,no_image
38470,Evacanthus nigrifasciatus,黑带横脊叶蝉,,,,,,,no_image
38493,Evaza hainanensis,海南寡毛水虻,,,,,,,no_image
135923,Evernia prunastri,普氏扁枝衣,,,,,,,no_image
75963,Eviota melasma,黑体矶塘鳢,,,,,,,no_image
75976,Evistias acutirostris,尖吻棘鲷,,,,,,,no_image
38519,Exallonyx arcus,弓皱叉齿细蜂,,,,,,,no_image
38539,Exallonyx chaoi,赵氏叉齿细蜂,,,,,,,no_image
38559,Exallonyx exilis,纤细叉齿细蜂,,,,,,,no_image
38579,Exallonyx henanensis,河南叉齿细蜂,,,,,,,no_image
38619,Exallonyx nigritrochantus,黑转叉齿细蜂,,,,,,,no_image
38599,Exallonyx longicalcaratus,长距叉齿细蜂,,,,,,,no_image
38639,Exallonyx posteripes,后足叉齿细蜂,,,,,,,no_image
38679,Exallonyx triangularis,三角叉齿细蜂,,,,,,,no_image
38659,Exallonyx sparsipilosellus,稀毛叉齿细蜂,,,,,,,no_image
38704,Exechia arisaemae,伞菌伊菌蚊,,,,,,,no_image
38699,Exallonyx zhengi,郑氏叉齿细蜂,,,,,,,no_image
148843,Exidia neglecta,结节黑耳,,,,,,,no_image
152839,Exobasidium cylindrosporum,,,,,,,,no_image
152859,Exobasidium reticulatum,网状外担菌,,,,,,,no_image
38757,Exocentrus m-signatus,,,,,,,,no_image
38733,Exocentrus coronatus,,,,,,,,no_image
38775,Exocentrus ulmicola,,,,,,,,no_image
5015,Exopalaemon annandalei,安氏白虾,,,,,,,no_image
38787,Exoprosopa jacchus,幽暗庸蜂虻,,,,,,,no_image
38807,Exorista fuscipennis,褐翅追寄蝇,,,,,,,no_image
38827,Exorista tenuicerca,狭肛追寄蝇,,,,,,,no_image
134089,Exserohilum fusiforme,,,,,,,,no_image
38839,Extenda fasciata,横带端突叶蝉,,,,,,,no_image
137847,Fabraea rosae,蔷薇叶埋盘,,,,,,,no_image
101124,Fagopyrum dibotrys,金荞麦,,,,,,,no_image
38860,Falagria chinensis,,,,,,,,no_image
75994,Falco cherrug,猎隼,,,,,,,no_image
955,Fallosquilla fallax,伪虾蛄,,,,,,,no_image
38893,Falsotrachystola torquata,,,,,,,,no_image
38913,Fannia coculea,合尾厕蝇,,,,,,,no_image
38933,Fannia flavifuscinata,暗黄厕蝇,,,,,,,no_image
38953,Fannia lepida,雅厕蝇,,,,,,,no_image
38993,Fannia pubescens,毳毛厕蝇,,,,,,,no_image
38973,Fannia ningxiaensis,宁夏厕蝇,,,,,,,no_image
39013,Fannia subpellucens,亚明厕蝇,,,,,,,no_image
101154,Fargesia adpressa,贴毛箭竹,,,,,,,no_image
101174,Fargesia dura,马斯箭竹,,,,,,,no_image
101194,Fargesia lushuiensis,泸水箭竹,,,,,,,no_image
101214,Fargesia robusta,拐棍竹,,,,,,,no_image
101234,Fargesia yuanjiangensis,元江箭竹,,,,,,,no_image
17359,Favartia rosea,玫瑰蜂巢螺,,,,,,,no_image
101242,Fatsia polycarpa,多室八角金盘,,,,,,,no_image
7344,Favites russelli,罗氏角蜂巢珊瑚,,,,,,,no_image
135475,Fellhaneropsis kurokawana,黑氏类肉盘衣,,,,,,,no_image
76021,Favonigobius reichei,雷氏蜂巢鰕虎,,,,,,,no_image
76031,Felis bieti,荒漠猫,,,,,,,no_image
39074,Feriola longicornis,长角凶寄蝇,,,,,,,no_image
714,Fenneropenaeus penicillatus,长毛明对虾,,,,,,,no_image
101265,Ferula karelinii,球根阿魏,,,,,,,no_image
39077,Feshyia mushaensis,斑腹芬实蝇,,,,,,,no_image
101308,Festuca formosana,台湾羊茅,,,,,,,no_image
101328,Festuca olgae,西山羊茅,,,,,,,no_image
101359,Festuca wallichiana,藏羊茅,,,,,,,no_image
101372,Ficus benguetensis,黄果榕,,,,,,,no_image
76041,Ficedula hyperythra,棕胸蓝姬鹟,,,,,,,no_image
782,Ficus filosa,线形琵琶螺,,,,,,,no_image
101421,Ficus ischnopoda,壶托榕,,,,,,,no_image
101443,Ficus prostrata,平枝榕,,,,,,,no_image
101481,Ficus subincisa,棒果榕,,,,,,,no_image
39080,Fiebrigella luteifrons,土黄绯秆蝇,,,,,,,no_image
7293,Filellum undulatum,波状丝管螅,,,,,,,no_image
15427,Filistata marginata,缘管网蛛,,,,,,,no_image
101540,Fimbristylis dura,类扁鞘飘拂草,,,,,,,no_image
101562,Fimbristylis polytrichoides,细叶飘拂草,,,,,,,no_image
1258,Fimbrosthenelais hirsuta,毛缘镰毛鳞虫,,,,,,,no_image
101595,Firmiana simplex,梧桐,,,,,,,no_image
101617,Fissidens curvatus,直叶凤尾藓,,,,,,,no_image
101637,Fissidens kinabaluensis,拟狭叶凤尾藓,,,,,,,no_image
101676,Fissistigma oldhamii,瓜馥木,,,,,,,no_image
101660,Fissidens subsessilis,短柄凤尾藓,,,,,,,no_image
136851,Fissurina globulifica,,,,,,,,no_image
9308,Flagrosuctobelba naginata,长刀鞭盾珠甲螨,,,,,,,no_image
151881,Flabellophora licmophora,薄扇黄层架菌,,,,,,,no_image
146723,Flammulaster erinaceella,刺毛暗皮伞,,,,,,,no_image
39119,Flatocerus wuyishanensis,武夷山扁角蚱,,,,,,,no_image
135935,Flavoparmelia caperata,皱衣,,,,,,,no_image
16750,Flexicrurum qishi,骑士曲胫蛛,,,,,,,no_image
101714,Flemingia mengpengensis,勐板千斤拔,,,,,,,no_image
10517,Floracarus hypophae,,,,,,,,no_image
101744,Floscopa scandens,聚花草,,,,,,,no_image
13106,Foliabitus longzhou,龙州潜叶蛛,,,,,,,no_image
18802,Folsomia decemoculata,,,,,,,,no_image
151248,Fomes augustus,,,,,,,,no_image
18866,Folsomia quadrioculata,,,,,,,,no_image
151268,Fomes glaziovii,,,,,,,,no_image
151288,Fomes ocellatus,,,,,,,,no_image
151328,Fomes undatus,,,,,,,,no_image
150128,Fomitiporia robusta,,,,,,,,no_image
151308,Fomes regulicolor,,,,,,,,no_image
150893,Fomitopsis sensitiva,灵敏拟层孔菌,,,,,,,no_image
39157,Forcipomyia arcigera,台北铗蠓,,,,,,,no_image
39177,Forcipomyia charis,雅致铗蠓,,,,,,,no_image
39197,Forcipomyia distapalpis,端须铗蠓,,,,,,,no_image
39217,Forcipomyia herbaceus,草丛铗蠓,,,,,,,no_image
39257,Forcipomyia nanshengwei,南生铗蠓,,,,,,,no_image
39237,Forcipomyia lochmocola,林栖铗蠓,,,,,,,no_image
39277,Forcipomyia praealtus,高飞铗蠓,,,,,,,no_image
39339,Forficula biplaga,二斑球螋,,,,,,,no_image
39297,Forcipomyia stelechos,斯泰铗蠓,,,,,,,no_image
101768,Fordiophyton cordifolium,心叶异药花,,,,,,,no_image
39317,Forcipomyia yaana,雅安铗蠓,,,,,,,no_image
39359,Forficula schlagintwiti,施球螋,,,,,,,no_image
39390,Formosatettix gonggashanensis,贡嘎山台蚱,,,,,,,no_image
39378,Formodelphax molodus,端条福摩飞虱,,,,,,,no_image
39410,Formosopyrrhona longula,,,,,,,,no_image
101796,Forsythia mira,奇异连翘,,,,,,,no_image
101806,Fragaria ×,草莓,,,,,,,no_image
101845,Fraxinus malacophylla,白枪杆,,,,,,,no_image
76090,Fowleria aurita,金色乳突天竺鲷,,,,,,,no_image
39425,Frankliniella occidentalis,西花蓟马,,,,,,,no_image
2378,Frenulina sanguinolenta,血红翅缰贝,,,,,,,no_image
2155,Frigicardium torrei,小棘鸟蛤,,,,,,,no_image
101881,Fritillaria pallidiflora,伊贝母,,,,,,,no_image
39476,Frontopsylla ornata,具饰额蚤,,,,,,,no_image
39441,Frontina laeta,彩艳宽额寄蝇,,,,,,,no_image
101900,Frullania acutiloba,喙尖耳叶苔,,,,,,,no_image
101924,Frullania duthiana,杜氏耳叶苔,,,,,,,no_image
101973,Frullania orientalis,东方耳叶苔,,,,,,,no_image
101951,Frullania inflexa,楔形耳叶苔,,,,,,,no_image
101994,Frullania sinosphaerantha,无脊耳叶苔,,,,,,,no_image
39504,Fucellia kamtchatica,勘察加海花蝇,,,,,,,no_image
76112,Fulvetta cinereiceps,灰头雀鹛,,,,,,,no_image
7630,Fungia fungites,石芝珊瑚,,,,,,,no_image
4413,Funa jeffreysii,杰氏卷管螺,,,,,,,no_image
150141,Fulvifomes glaucescens,,,,,,,,no_image
155474,Furia pieris,粉蝶虫癉霉,,,,,,,no_image
16902,Funkikoa maxima,巨弯肢盲蛛,,,,,,,no_image
142058,Fusarium incarnatum,,,,,,,,no_image
142038,Fusarium avenaceum,,,,,,,,no_image
142078,Fusarium roseum,,,,,,,,no_image
149572,Fuscoboletinus serotinus,秋生褐孔小牛肝菌,,,,,,,no_image
150175,Fuscoporia undulata,,,,,,,,no_image
150155,Fuscoporia chrysea,,,,,,,,no_image
131818,Fusicoccum quercus,,,,,,,,no_image
39544,Gabaza tsudai,津田伽巴水虻,,,,,,,no_image
39605,Gabronthus sulcifrons,,,,,,,,no_image
39564,Gabrius imitator,,,,,,,,no_image
39585,Gabrius sharpianus,,,,,,,,no_image
102055,Gagea neopopovii,新疆顶冰花,,,,,,,no_image
102067,Gahnia baniensis,散穗黑莎草,,,,,,,no_image
16879,Gagrella bawanga,坝王盾刺蛛,,,,,,,no_image
102035,Gagea alashanica,贺兰山顶冰花,,,,,,,no_image
139958,Galactinia echinospora,,,,,,,,no_image
102100,Galearis huanglongensis,黄龙盔花兰,,,,,,,no_image
570,Galathea subsquamata,似鳞铠甲虾,,,,,,,no_image
145972,Galera lateritia,,,,,,,,no_image
102080,Galatella dahurica,兴安乳菀,,,,,,,no_image
146565,Galerina venenata,毒盔孢伞,,,,,,,no_image
102125,Galium asperuloides,车叶葎,,,,,,,no_image
146545,Galerina megalocystis,大囊盔孢菌,,,,,,,no_image
102170,Galium humifusum,蔓生拉拉藤,,,,,,,no_image
102220,Galium yunnanense,滇拉拉藤,,,,,,,no_image
9252,Galumna lanceata,矛大翼甲螨,,,,,,,no_image
9974,Gammaphytoptus ficus,,,,,,,,no_image
102192,Galium rebae,芮芭拉拉藤,,,,,,,no_image
102229,Gamochaeta calviceps,直茎合冠鼠曲,,,,,,,no_image
39635,Gampsocera neimengguensis,内蒙曲角秆蝇,,,,,,,no_image
39658,Gandaritis tristis,暗枯叶尺蛾,,,,,,,no_image
151346,Ganoderma annulare,长管树舌,,,,,,,no_image
151366,Ganoderma cacainum,,,,,,,,no_image
151406,Ganoderma incrassatum,厚钝灵芝,,,,,,,no_image
151426,Ganoderma megaloma,,,,,,,,no_image
151386,Ganoderma daiqingshanense,大青山灵芝,,,,,,,no_image
151446,Ganoderma ostreatum,,,,,,,,no_image
151466,Ganoderma rotundatum,大圆灵芝,,,,,,,no_image
151486,Ganoderma subincrustatum,,,,,,,,no_image
151506,Ganoderma williamsianum,威廉灵芝,,,,,,,no_image
39670,Garaga flagelliformis,鞭突叉飞虱,,,,,,,no_image
3880,Gari pallida,苍白紫云蛤,,,,,,,no_image
102276,Gardneria ovata,卵叶蓬莱葛,,,,,,,no_image
102254,Garcinia qinzhouensis,钦州藤黄,,,,,,,no_image
76177,Garra bispinosa,双刺墨头鱼,,,,,,,no_image
11133,Gasteracantha diadesmia,菱棘腹蛛,,,,,,,no_image
102290,Garrettia siamensis,辣莸,,,,,,,no_image
39697,Gastrimargus parvulus,黄股车蝗,,,,,,,no_image
102309,Gastrochilus distichus,列叶盆距兰,,,,,,,no_image
102349,Gastrochilus tsii,吉氏盆距兰,,,,,,,no_image
102329,Gastrochilus matsudae,宽唇盆距兰,,,,,,,no_image
102387,Gastrodia motuoensis,尖唇天麻,,,,,,,no_image
102366,Gastrodia clausa,闭花天麻,,,,,,,no_image
39734,Gastrophysa polygoni,扁蓄齿胫叶甲,,,,,,,no_image
39746,Gastrozona quadrivittata,四条羽角实蝇,,,,,,,no_image
39702,Gastrolina thoracica,黑胸扁叶甲,,,,,,,no_image
102405,Gaultheria ciliisepala,缘毛萼白珠,,,,,,,no_image
102434,Gaultheria notabilis,短穗白珠,,,,,,,no_image
102457,Gaultheria wuliangshanensis,无量山白珠,,,,,,,no_image
149919,Gautieria otthii,奥氏高腹菌,,,,,,,no_image
39779,Gaurena roesleri,线篝波纹蛾,,,,,,,no_image
149845,Geastrum caespitosum,丛生地星,,,,,,,no_image
149865,Geastrum nanum,矮小地星,,,,,,,no_image
76242,Gehyra mutilata,截趾虎,,,,,,,no_image
76261,Gekko mindorensis,民都洛壁虎,,,,,,,no_image
39798,Gelastocera rubicundula,红褐霜夜蛾,,,,,,,no_image
102474,Gelidium planiusculum,扁枝石花菜,,,,,,,no_image
6516,Gelliodes incrustans,外套网结海绵,,,,,,,no_image
4405,Gemmula,,,,,,,,no_image
140436,Genea variabilis,变异囊被块菌,,,,,,,no_image
102537,Gentiana cephalantha,头花龙胆,,,,,,,no_image
102565,Gentiana delavayi,微籽龙胆,,,,,,,no_image
102515,Gentiana apiata,太白龙胆,,,,,,,no_image
6417,Gennadas propinquus,近屈腕虾,,,,,,,no_image
102587,Gentiana flexicaulis,弯茎龙胆,,,,,,,no_image
102607,Gentiana horaimontana,矮玉山龙胆,,,,,,,no_image
102653,Gentiana namlaensis,墨脱龙胆,,,,,,,no_image
102629,Gentiana licentii,苞叶龙胆,,,,,,,no_image
102703,Gentiana recurvata,外弯龙胆,,,,,,,no_image
102677,Gentiana phyllocalyx,叶萼龙胆,,,,,,,no_image
102733,Gentiana stellulata,星状龙胆,,,,,,,no_image
102760,Gentiana tenuissima,台东龙胆,,,,,,,no_image
102788,Gentiana walujewii,新疆秦艽,,,,,,,no_image
102813,Gentianella moorcroftiana,普兰假龙胆,,,,,,,no_image
39837,Geogepa stenochorda,黑痣卷蛾,,,,,,,no_image
102834,Geodorum recurvum,多花地宝兰,,,,,,,no_image
134867,Geoglossum ophioglossoides,瓶尔小草状地舌菌,,,,,,,no_image
39844,Geometra dieckmanni,钩线青尺蛾,,,,,,,no_image
140457,Geopyxis carbonaria,炭地杯菌,,,,,,,no_image
102835,Geophila repens,爱地草,,,,,,,no_image
39865,Geostiba rougemonti,,,,,,,,no_image
102868,Geranium pseudosibiricum,蓝花老鹳草,,,,,,,no_image
102848,Geranium farreri,圆柱根老鹳草,,,,,,,no_image
102888,Geranium wlassovianum,灰背老鹳草,,,,,,,no_image
39886,Geranomyia subradialis,亚辐射长唇大蚊,,,,,,,no_image
39901,Germaria violaceiventris,紫腹德尔寄蝇,,,,,,,no_image
147113,Gerronema albidum,,,,,,,,no_image
39928,Giardomyia longifida,长叉贾瘿蚊,,,,,,,no_image
39916,Gestriana superba,,,,,,,,no_image
39937,Gibbocerambyx aureovittatus,,,,,,,,no_image
39948,Gibosia perspicillata,显著偻(虫责),,,,,,,no_image
102910,Gigantochloa verticillata,花巨竹,,,,,,,no_image
155611,Gigaspora tuberculata,具瘤巨孢囊霉,,,,,,,no_image
102918,Gisekia pharnaceoides,针晶粟草,,,,,,,no_image
4567,Glans millegrana,多粒胀心蛤,,,,,,,no_image
17299,Glaphyrostomum garrulaxum,笑鸫滑口吸虫,,,,,,,no_image
4753,Glauconome curta,丝光绿螂,,,,,,,no_image
102955,Gleditsia fera,华南皂荚,,,,,,,no_image
40003,Glenea hieroglyphica,,,,,,,,no_image
40026,Glenea multiinterrupta,,,,,,,,no_image
39981,Glenea centroguttata,,,,,,,,no_image
40051,Glenea relicta,,,,,,,,no_image
40073,Glenea viridescens,,,,,,,,no_image
40088,Globitermes brachycerastes,短角球白蚁,,,,,,,no_image
143018,Gliomastix luzulae,,,,,,,,no_image
102983,Glochidion chademenosocarpum,线药算盘子,,,,,,,no_image
103003,Glochidion obovatum,倒卵叶算盘子,,,,,,,no_image
152562,Gloeocystidiellum lactescens,,,,,,,,no_image
150984,Gloeoporus taxicola,紫杉半胶孔菌,,,,,,,no_image
103019,Gloiopeltis furcata,海萝,,,,,,,no_image
155656,Glomus brasilianum,,,,,,,,no_image
155696,Glomus fuegianus,,,,,,,,no_image
155676,Glomus deserticola,沙荒球囊霉,,,,,,,no_image
155716,Glomus luteum,纯黄球囊霉,,,,,,,no_image
155736,Glomus multisubstensum,,,,,,,,no_image
155756,Glomus tenebrosum,荫性球囊霉,,,,,,,no_image
40093,Gloriana dentilinea,锯线荣夜蛾,,,,,,,no_image
103027,Glossocardia bidens,鹿角草,,,,,,,no_image
76354,Gloydius lijianlii,庙岛蝮,,,,,,,no_image
3589,Glycera lapidum,如石吻沙蚕,,,,,,,no_image
103033,Glyceria lithuanica,两蕊甜茅,,,,,,,no_image
103055,Glycosmis longipetala,长瓣山小橘,,,,,,,no_image
103068,Glycyrrhiza squamulosa,圆果甘草,,,,,,,no_image
16073,Glyphiulus foetidus,臭雕马陆,,,,,,,no_image
16063,Glyphiulus polytricha,多毛雕马陆,,,,,,,no_image
135134,Glypholecia tibetanica,,,,,,,,no_image
17045,Glypthelmins nyingchiensis,林芝刻体吸虫,,,,,,,no_image
17235,Glyptoporus pipistrelli,伏翼刻盘吸虫,,,,,,,no_image
40123,Glyptotermes fujianensis,福建树白蚁,,,,,,,no_image
40143,Glyptotermes tsaii,蔡氏树白蚁,,,,,,,no_image
76387,Glyptothorax longjiangensis,龙江纹胸&#x0000E065;,,,,,,,no_image
103102,Gnaphalium japonicum,细叶湿鼠曲草,,,,,,,no_image
13705,Gnaphosa mongolica,蒙古平腹蛛,,,,,,,no_image
40155,Gnaptorina cylindricollis,圆小琵甲,,,,,,,no_image
40193,Gnathostrangalia bilineatithorax,,,,,,,,no_image
40189,Gnathoncus potanini,波氏秃额阎甲,,,,,,,no_image
40177,Gnaptorina rugosipennis,皱鞘小琵甲,,,,,,,no_image
40202,Gnezdilovius chihpensis,池格氏瓢蜡蝉,,,,,,,no_image
40222,Gnezdilovius rotundus,圆翅格氏瓢蜡蝉,,,,,,,no_image
8467,Gnorimosphaeroma rayi,雷伊著名团水虱,,,,,,,no_image
40256,Gnypetalia parva,,,,,,,,no_image
76429,Gobiobotia lii,李氏鳅鮀,,,,,,,no_image
3870,Gobraeus kazusensis,沙栖蛤,,,,,,,no_image
103131,Gollania philippinensis,菲律宾粗枝藓,,,,,,,no_image
138049,Golovinomyces sordidus,,,,,,,,no_image
149441,Gomphidius subroseus,亚红铆钉菇,,,,,,,no_image
103160,Gomphostemma leptodon,细齿锥花,,,,,,,no_image
149933,Gomphus purpuraceus,紫陀螺菌,,,,,,,no_image
14153,Gongylidiellum bracteatum,鳞状贡勒蛛,,,,,,,no_image
40303,Gonia divisa,迪维膝芒寄蝇,,,,,,,no_image
7350,Goniastrea favulus,,,,,,,,no_image
40324,Gonioctena fulva,黑盾角胫叶甲,,,,,,,no_image
40362,Goniogryllus yunnanensis,云南哑蟋,,,,,,,no_image
103198,Goniophlebium mieheorum,米氏水龙骨,,,,,,,no_image
40344,Gonioctena viminalis,斑胸角胫叶甲,,,,,,,no_image
10693,Goniopora tenella,细巧角孔珊瑚,,,,,,,no_image
40372,Gonista damingshanna,大明山戛蝗,,,,,,,no_image
15922,Gonobelus sinensis,,,,,,,,no_image
40378,Gonolabis distincta,明殖肥螋,,,,,,,no_image
40398,Gonomyia latifolia,广叶祖大蚊,,,,,,,no_image
103224,Gonostegia hirta,糯米团,,,,,,,no_image
132307,Goosia melastomatis,,,,,,,,no_image
103235,Goodyera hemsleyana,高黎贡斑叶兰,,,,,,,no_image
76476,Gorsachius magnificus,海南鳽,,,,,,,no_image
103278,Gracilaria changii,张氏江蓠,,,,,,,no_image
103298,Gracilaria tenuistipitata,细基江蓠,,,,,,,no_image
76490,Gracixalus wuliangshan,无量山纤树蛙,,,,,,,no_image
40436,Grammodes geometrica,象夜蛾,,,,,,,no_image
40455,Grammoptera paucula,,,,,,,,no_image
40459,Granimedon creber,,,,,,,,no_image
152870,Graphiola phoenicis,棕榈粉座菌,,,,,,,no_image
136893,Graphis conferta,密集文字衣,,,,,,,no_image
136913,Graphis guangdongensis,广东文字衣,,,,,,,no_image
136933,Graphis oxyspora,尖孢文字衣,,,,,,,no_image
136953,Graphis urandrae,蕊木文字衣,,,,,,,no_image
40489,Grapholita inopinata,苹小食心虫,,,,,,,no_image
40502,Graptomyza cynocephala,犬头缺伪蚜蝇,,,,,,,no_image
103314,Grateloupia cornea,角质蜈蚣藻,,,,,,,no_image
103334,Grateloupia setchellii,赛氏蜈蚣藻,,,,,,,no_image
103344,Grewia abutilifolia,苘麻叶扁担杆,,,,,,,no_image
103366,Grewia oligandra,寡蕊扁担杆,,,,,,,no_image
103385,Grimmia decipiens,北方紫萼藓,,,,,,,no_image
103405,Grimmia subanodon,拟无齿紫萼藓,,,,,,,no_image
103423,Grubovia krylowii,全翅雾冰藜,,,,,,,no_image
143024,Guedea ovata,,,,,,,,no_image
40539,Gufacies hyalimaculata,透斑鼓面飞虱,,,,,,,no_image
103440,Guizotia abyssinica,小葵子,,,,,,,no_image
131866,Guignardia rosae,,,,,,,,no_image
136810,Gyalideopsis rubescens,,,,,,,,no_image
40557,Gunungidia trivalva,三瓣突额叶蝉，新种,,,,,,,no_image
8029,Gymnangium gracilicaule,细茎裸果羽螅,,,,,,,no_image
40580,Gymnoclasiopa awirthi,沃斯裸背水蝇,,,,,,,no_image
103453,Gymnema inodorum,广东匙羹藤,,,,,,,no_image
9212,Gymnodampia acuta,,,,,,,,no_image
146567,Gymnopilus aeruginosus,绿褐裸伞,,,,,,,no_image
76564,Gymnogobius zhoushanensis,舟山裸身鰕虎,,,,,,,no_image
146587,Gymnopilus liquiritiae,条纹裸伞,,,,,,,no_image
146607,Gymnopilus yangshanensis,阳山裸伞,,,,,,,no_image
40611,Gymnopternus lacus,池行脉长足虻,,,,,,,no_image
40631,Gymnopternus yatai,矢田行脉长足虻,,,,,,,no_image
147576,Gymnopus indoctus,,,,,,,,no_image
40634,Gymnosoma brevicorne,短角球腹寄蝇,,,,,,,no_image
103486,Gymnosphaera podophylla,黑桫椤,,,,,,,no_image
153210,Gymnosporangium juvenescens,,,,,,,,no_image
103490,Gymnosporia berberoides,小檗裸实,,,,,,,no_image
103510,Gymnostomiella longinervis,长肋疣壶藓,,,,,,,no_image
40646,Gymnusa smetanai,,,,,,,,no_image
76599,Gymnothorax pseudoprolatus,短尾褐裸胸鳝,,,,,,,no_image
76579,Gymnothorax herrei,海氏裸胸鳝,,,,,,,no_image
103547,Gynura elliptica,兰屿木耳菜,,,,,,,no_image
103521,Gynostemma aggregatum,聚果绞股蓝,,,,,,,no_image
8603,Gyrineum gyrinum,蝌蚪螺,,,,,,,no_image
103560,Gypsophila huashanensis,华山石头花,,,,,,,no_image
149420,Gyrodontium sacchari,糖圆齿菌,,,,,,,no_image
40674,Gyroneuron mirum,奇圆脉茧蜂,,,,,,,no_image
40714,Gyrophaena facilis,,,,,,,,no_image
40694,Gyrophaena bucranium,,,,,,,,no_image
40754,Gyrophaena pectinis,,,,,,,,no_image
40734,Gyrophaena lividoides,,,,,,,,no_image
40774,Gyrophaena shaanxiensis,,,,,,,,no_image
40794,Gyrophaena taiwaspinosa,,,,,,,,no_image
40812,Gyrtona semicarbonalis,暗斑窄蕊夜蛾,,,,,,,no_image
137691,Gyrophoropsis caroliniana,,,,,,,,no_image
103621,Habenaria malipoensis,麻栗坡玉凤花,,,,,,,no_image
103601,Habenaria fargesii,雅致玉凤花,,,,,,,no_image
40824,Habropoda bucconis,颊回条蜂,,,,,,,no_image
40848,Habrosyne dentata,齿华波纹蛾,,,,,,,no_image
103641,Habenaria tibetica,西藏玉凤花,,,,,,,no_image
103651,Hackelia difformis,异型假鹤虱,,,,,,,no_image
132267,Hadrotrichum virescens,,,,,,,,no_image
40884,Hadeodelphax pluto,冥王星飞虱,,,,,,,no_image
135649,Haematomma collatum,,,,,,,,no_image
40926,Haematopota erlangshanensis,二郎山麻虻,,,,,,,no_image
40946,Haematopota mengdingensis,勐定麻虻,,,,,,,no_image
40986,Haematopota yunnanensis,云南麻虻,,,,,,,no_image
135222,Hafellia curatellae,枝生哈氏衣,,,,,,,no_image
40966,Haematopota qionghaiensis,邛海麻虻,,,,,,,no_image
41012,Hagenomyia sagax,萨哈蚁蛉,,,,,,,no_image
12031,Hahnia wangi,王氏栅蛛,,,,,,,no_image
103662,Halenia elliptica,卵萼花锚,,,,,,,no_image
2677,Halalaimus longicaudatus,长尾吸咽线虫,,,,,,,no_image
76677,Halichoeres ornatissimus,饰妆海猪鱼,,,,,,,no_image
6562,Halicarcinus longipes,长足滨蟹,,,,,,,no_image
3539,Haliclona gelindra,凝胶蜂海绵,,,,,,,no_image
2206,Halicoides latilobata,宽叶蜂钩虾,,,,,,,no_image
103687,Halimeda simulans,相仿仙掌藻,,,,,,,no_image
7493,Halistemma rubrum,红海冠水母,,,,,,,no_image
6541,Haloa rotundata,日本月华螺,,,,,,,no_image
103703,Halopeplis pygmaea,盐千屈菜,,,,,,,no_image
103710,Haloselinum falcaria,镰叶前胡,,,,,,,no_image
11379,Hamataliwa pilulifera,小球哈猫蛛,,,,,,,no_image
103720,Hamamelis mollis,金缕梅,,,,,,,no_image
41047,Halticoptera lorata,舌状赘须金小蜂,,,,,,,no_image
103731,Hanceola labordei,高坡四轮香,,,,,,,no_image
9139,Hammerella pectinata,梳哈奥甲螨,,,,,,,no_image
103747,Hansenia pinnatiinvolucellata,羽苞羌活,,,,,,,no_image
154534,Hapalophragmium kawakamii,川上品字锈菌,,,,,,,no_image
41077,Haplodiplatys aotouensis,坳头单突丝尾螋,,,,,,,no_image
103771,Haplopteris flexuosa,书带蕨,,,,,,,no_image
103759,Haplomitrium hookeri,裸蒴苔,,,,,,,no_image
13710,Haplodrassus hunanensis,湖南单蛛,,,,,,,no_image
1053,Haplosyllis spongicola,单裂虫,,,,,,,no_image
2537,Haptosquilla stoliura,呆尾定虾蛄,,,,,,,no_image
5068,Harpiliopsis beaupresii,包氏拟钩岩虾,,,,,,,no_image
12762,Harmochirus pineus,松林哈莫蛛,,,,,,,no_image
41140,Harnischia longispuria,长距哈摇蚊,,,,,,,no_image
141723,Harposporium helicoides,,,,,,,,no_image
103791,Harrysmithia heterophylla,细裂芹,,,,,,,no_image
41182,Hastina stenozona,白尖历尺蛾,,,,,,,no_image
41192,Hayatia latiuscula,截翅环索赤眼蜂,,,,,,,no_image
7290,Hebellopsis scandens,攀缘拟杯螅,,,,,,,no_image
76724,Hebius atemporale,无颞鳞腹链蛇,,,,,,,no_image
76744,Hebius sangzhiensis,桑植腹链蛇,,,,,,,no_image
146627,Hebeloma ochraceum,赭粘滑菇,,,,,,,no_image
41220,Hedotettix gracilis,细庭蚱,,,,,,,no_image
41218,Hedinia implexa,甘肃何(虫责),,,,,,,no_image
103836,Hedychium puerense,普洱姜花,,,,,,,no_image
103814,Hedychium convexum,唇凸姜花,,,,,,,no_image
103863,Hedyotis austrosinica,华南耳草,,,,,,,no_image
103886,Hedyotis hainanensis,海南耳草,,,,,,,no_image
103926,Hedyotis vestita,脉耳草,,,,,,,no_image
103947,Hedysarum dentatoalatum,齿翅岩黄芪,,,,,,,no_image
103906,Hedyotis ovatifolia,矮小耳草,,,,,,,no_image
103971,Hedysarum neglectum,疏忽岩黄芪,,,,,,,no_image
103998,Hedysarum wangii,作宾岩黄芪,,,,,,,no_image
41231,Heizmannia catesi,银颊领蚊,,,,,,,no_image
41251,Heizmannia tengchongensis,腾冲领蚊,,,,,,,no_image
104009,Helichrysum arenarium,沙生蜡菊,,,,,,,no_image
41266,Heleodromia helanshana,贺兰山长喙舞虻,,,,,,,no_image
134235,Helicoma dennisii,,,,,,,,no_image
104030,Helicia tsaii,潞西山龙眼,,,,,,,no_image
41277,Helicoverpa assulta,烟青虫,,,,,,,no_image
104059,Helictotrichon schmidii,粗糙山燕麦,,,,,,,no_image
41294,Helina apicicauda,尖尾阳蝇,,,,,,,no_image
41314,Helina bohemani,薄黑阳蝇,,,,,,,no_image
41334,Helina conicocerca,锥肛阳蝇,,,,,,,no_image
41354,Helina dicrocercacma,叉叶阳蝇,,,,,,,no_image
41374,Helina fratercula,福瑞特库拉阳蝇,,,,,,,no_image
41394,Helina hyeta,雨阳蝇,,,,,,,no_image
41414,Helina laxifrons,宽额阳蝇,,,,,,,no_image
41434,Helina midmargiseta,中缘鬃阳蝇,,,,,,,no_image
41454,Helina nivimonta,雪山阳蝇,,,,,,,no_image
41474,Helina qilianshanensis,祁连阳蝇,,,,,,,no_image
41494,Helina solata,阳阳蝇,,,,,,,no_image
41534,Helina xiaowutaiensis,小五台阳蝇,,,,,,,no_image
7614,Heliofungia actiniformis,辐石芝珊瑚,,,,,,,no_image
41514,Helina subintermedia,亚介阳蝇,,,,,,,no_image
41582,Heliophorus phoenicoparyphus,斜斑彩灰蝶,,,,,,,no_image
104069,Heliotropium ellipticum,椭圆叶天芥菜,,,,,,,no_image
41571,Helionothrips unitatus,褐头领针蓟马,,,,,,,no_image
41613,Helius nipponensis,日本光大蚊,,,,,,,no_image
104083,Hellenia deliniana,莴笋花,,,,,,,no_image
133744,Helminthosporium obpyriforme,倒梨形长蠕孢,,,,,,,no_image
76767,Helopsaltes fasciolatus,苍眉蝗莺,,,,,,,no_image
41628,Helopeltis bradyi,布氏角盲蝽,,,,,,,no_image
138285,Helotium chlora,,,,,,,,no_image
138305,Helotium imberbe,,,,,,,,no_image
138325,Helotium rhizophilum,,,,,,,,no_image
139753,Helvella alpestris,,,,,,,,no_image
139793,Helvella latispora,阔孢马鞍菌,,,,,,,no_image
139773,Helvella exarata,斑纹马鞍菌,,,,,,,no_image
139813,Helvella silvicola,耳状马鞍,,,,,,,no_image
104105,Hemarthria altissima,大牛鞭草,,,,,,,no_image
41669,Hemerobius hyalinus,淡脉褐蛉,,,,,,,no_image
104126,Hemerocallis multiflora,多花萱草,,,,,,,no_image
41698,Hemerodromia puerensis,普洱螳舞虻,,,,,,,no_image
76784,Hemibarbus umbrifer,花棘&#x0000E04F;,,,,,,,no_image
104178,Hemiboea suiyangensis,绥阳半蒴苣苔,,,,,,,no_image
104154,Hemiboea lutea,黄花半蒴苣苔,,,,,,,no_image
76791,Hemiculterella macrolepis,大鳞半&#x0000E070;,,,,,,,no_image
41723,Hemielimaea procera,高半掩螽,,,,,,,no_image
147352,Hemimycena pseudolactea,,,,,,,,no_image
41734,Hemilea miyaluoia,米亚罗半实蝇,,,,,,,no_image
41743,Hemipenthes cheni,陈氏斑翅蜂虻,,,,,,,no_image
41763,Hemipenthes xizangensis,西藏斑翅蜂虻,,,,,,,no_image
104206,Hemipilia yajiangensis,雅江舌喙兰,,,,,,,no_image
76835,Hemiphyllodactylus mengsongcunensis,勐宋半叶趾虎,,,,,,,no_image
104209,Hemisteptia lyrata,泥胡菜,,,,,,,no_image
10262,Hemiscolocenus iaculum,,,,,,,,no_image
41807,Hemistola ornata,饰无缰青尺蛾,,,,,,,no_image
104212,Hemsleya chengyihana,征镒雪胆,,,,,,,no_image
41824,Hemithea marina,青颜锈腰尺蛾,,,,,,,no_image
104247,Hemsleya panlongqi,盘龙七,,,,,,,no_image
104267,Henckelia connata,合柄汉克苣苔,,,,,,,no_image
104287,Henckelia nanxiheensis,南溪河汉克苣苔,,,,,,,no_image
76871,Heniochus chrysostomus,金口马夫鱼,,,,,,,no_image
41862,Hepialus fusconebulosa,曲线蝠蛾,,,,,,,no_image
133803,Hendersonia sacchari,,,,,,,,no_image
41842,Hepialiscus borneensis,褶纹类蝠蛾,,,,,,,no_image
41882,Hepialus namensis,纳木蝠蛾,,,,,,,no_image
41902,Hepialus zhongzhiensis,中支蝠蛾,,,,,,,no_image
104337,Heptapleurum petelotii,金平鹅掌柴,,,,,,,no_image
104317,Heptapleurum glabrescens,光叶鹅掌柴,,,,,,,no_image
104362,Heracleum oreocharis,山地独活,,,,,,,no_image
41913,Hercostomus additus,外寡长足虻,,,,,,,no_image
104379,Herbertus ceylanicus,南亚剪叶苔,,,,,,,no_image
41933,Hercostomus brevifurcatus,端叉寡长足虻,,,,,,,no_image
41953,Hercostomus curviseta,弯鬃寡长足虻,,,,,,,no_image
41973,Hercostomus effusus,散寡长足虻,,,,,,,no_image
41993,Hercostomus fulvicaudis,黄尾寡长足虻,,,,,,,no_image
42013,Hercostomus incilis,凹叶寡长足虻,,,,,,,no_image
42033,Hercostomus longidigitatus,长指寡长足虻,,,,,,,no_image
42073,Hercostomus polleti,波氏寡长足虻,,,,,,,no_image
42053,Hercostomus modificatus,跗鬃寡长足虻,,,,,,,no_image
42093,Hercostomus shimai,岛洪寡长足虻,,,,,,,no_image
42113,Hercostomus taiwanensis,台湾寡长足虻,,,,,,,no_image
42133,Hercostomus xizangensis,西藏寡长足虻,,,,,,,no_image
14727,Heriaeus simoni,西蒙毛蟹蛛,,,,,,,no_image
104393,Heritiera angustata,长柄银叶树,,,,,,,no_image
42153,Hermetia illucens,亮斑扁角水虻,,,,,,,no_image
104408,Herminium josephii,宽唇角盘兰,,,,,,,no_image
42170,Hermonassa diaphana,通狭翅夜蛾,,,,,,,no_image
42190,Hermonassa nitella,明狭翅夜蛾,,,,,,,no_image
42207,Hermya beelzebul,比贺寄蝇,,,,,,,no_image
42224,Herochroma sinapiaria,夕始青尺蛾,,,,,,,no_image
16264,Hersilia montana,山地长纺蛛,,,,,,,no_image
104430,Herpochondria elegans,优美爬软藻,,,,,,,no_image
104443,Hesperis matronalis,欧亚香花芥,,,,,,,no_image
42251,Hesperosoma puetzl,,,,,,,,no_image
15718,Hessebius multiforaminis,多孔石蜈蚣,,,,,,,no_image
6298,Heteralepas japonica,日本异茗荷,,,,,,,no_image
151978,Heterobasidion linzhiense,林芝异担子菌,,,,,,,no_image
148872,Heterochaete mussooriensis,莫索尼刺皮耳,,,,,,,no_image
135286,Heterodermia hypoleuca,白腹哑铃孢,,,,,,,no_image
42297,Heteroconis unicornis,独角异粉蛉,,,,,,,no_image
42300,Heterogenella dolini,达氏异瘿蚊,,,,,,,no_image
42317,Heterolygus univittatus,单纹异草盲蝽,,,,,,,no_image
42324,Heteronychia heptapotamica,狭额欧麻蝇,,,,,,,no_image
76899,Heterophasia desgodinsi,黑头奇鹛,,,,,,,no_image
104469,Heterophyllium affine,腐木藓,,,,,,,no_image
13310,Heteropoda hupingensis,壶瓶巨蟹蛛,,,,,,,no_image
104492,Heteroscyphus argutus,四齿异萼苔,,,,,,,no_image
104485,Heteropolygonatum ogisui,瓦屋山异黄精,,,,,,,no_image
42372,Heterothera sororcula,台湾奇带尺蛾,,,,,,,no_image
42365,Heterosmylus primus,台湾异溪蛉,,,,,,,no_image
104519,Hevea brasiliensis,橡胶树,,,,,,,no_image
76910,Hexagrammos agrammus,斑头六线鱼,,,,,,,no_image
42434,Hexatoma gressittiana,嘉氏锦大蚊,,,,,,,no_image
42412,Hexatoma ambrosia,,,,,,,,no_image
42454,Hexatoma monoleuca,白躯锦大蚊,,,,,,,no_image
42476,Hexatoma rufipennis,红翅锦大蚊,,,,,,,no_image
104527,Hibiscus coccineus,红秋葵,,,,,,,no_image
3500,Hexechamaesipho pilsbryi,皮氏六板小藤壶,,,,,,,no_image
104558,Hibiscus taiwanensis,台湾芙蓉,,,,,,,no_image
42504,Hieroglyphus concolor,素色蔗蝗,,,,,,,no_image
42520,Hilara dashahensis,大沙河喜舞虻,,,,,,,no_image
104578,Hilliella shuangpaiensis,双牌脬果荠,,,,,,,no_image
42540,Hilara orientalis,东方喜舞虻,,,,,,,no_image
104596,Himalrandia lichiangensis,须弥茜树,,,,,,,no_image
104588,Himalaiella deltoidea,三角叶须弥菊,,,,,,,no_image
42573,Hippobosca camelina,驼马虱蝇,,,,,,,no_image
76933,Hintonia candens,犬牙亨灯鱼,,,,,,,no_image
104604,Hippocrepis emerus,蝎子旃那,,,,,,,no_image
42584,Hippotion rafflesi,后红斜线天蛾,,,,,,,no_image
104618,Hippophae litangensis,理塘沙棘,,,,,,,no_image
104652,Hiptage yangshuoensis,阳朔风筝果,,,,,,,no_image
42603,Hirtodrosophila furcapenis,叉茎毛果蝇,,,,,,,no_image
42624,Hirtodrosophila sexvittata,六条毛果蝇,,,,,,,no_image
42647,Hister japonicus,日本阎甲,,,,,,,no_image
76973,Hirundo smithii,线尾燕,,,,,,,no_image
142178,Hirsutella huangshanensis,,,,,,,,no_image
13698,Hitobia chayuensis,察隅希托蛛,,,,,,,no_image
147789,Hohenbuehelia longipes,,,,,,,,no_image
42666,Hodotermopsis sjostedti,山林原白蚁,,,,,,,no_image
42678,Holochlora allovenosa,异脉绿螽,,,,,,,no_image
104688,Holcoglossum rupestre,滇西槽舌兰,,,,,,,no_image
1003,Hololepidella commensalis,完背鳞虫,,,,,,,no_image
104666,Holboellia brachyandra,短蕊八月瓜,,,,,,,no_image
8471,Holotelson tuberculatus,多棘全尾水虱,,,,,,,no_image
42706,Holorusia calliergon,黑缘棘膝大蚊,,,,,,,no_image
3249,Holothuria hilla,黄疣海参,,,,,,,no_image
154643,Holtermannia pinguis,胶珊瑚菌,,,,,,,no_image
104715,Homaliodendron papillosum,疣叶树平藓,,,,,,,no_image
104733,Homalomena philippinensis,菲律宾千年健,,,,,,,no_image
42754,Homalotylus zhaoi,赵氏瓢虫跳小蜂,,,,,,,no_image
76991,Homatula coccinocola,红河副鳅,,,,,,,no_image
18987,Homidia linhaiensis,,,,,,,,no_image
18970,Homidia anhuiensis,,,,,,,,no_image
18914,Homidia speciosa,,,,,,,,no_image
42776,Homoeotricha brevicornis,两盾鬃叶喙实蝇,,,,,,,no_image
42794,Homolobus carbonator,烟滑茧蜂,,,,,,,no_image
42809,Homolonchoptera fautineura,脉同尖翅蝇,,,,,,,no_image
42814,Homonemobius nigrus,黑色同针蟋,,,,,,,no_image
42834,Homoneura chinensis,中华同脉缟蝇,,,,,,,no_image
42854,Homoneura denticuligera,齿新同脉缟蝇,,,,,,,no_image
42874,Homoneura fujianensis,福建同脉缟蝇,,,,,,,no_image
42894,Homoneura interrupta,拟云斑同脉缟蝇,,,,,,,no_image
42914,Homoneura longiplumaria,长毛同脉缟蝇,,,,,,,no_image
42934,Homoneura pallida,淡斑同脉缟蝇,,,,,,,no_image
42954,Homoneura setuligera,环毛多鬃同脉缟蝇,,,,,,,no_image
42974,Homoneura trilineata,三带同脉缟蝇,,,,,,,no_image
42994,Homoneura zhejiangenisis,浙江同脉缟蝇,,,,,,,no_image
104767,Homostylium polium,灰毛紫菀,,,,,,,no_image
104772,Hopea chinensis,狭叶坡垒,,,,,,,no_image
43022,Hoplitis beijingensis,北京拟孔蜂,,,,,,,no_image
43042,Hoplitis sichuanensis,四川拟孔蜂,,,,,,,no_image
77028,Hoplolatilus marcosi,马氏似弱棘鱼,,,,,,,no_image
43068,Hoplothrips fungosus,菌器管蓟马,,,,,,,no_image
104803,Horikawaea nitida,兜叶藓,,,,,,,no_image
43088,Horaiella kuatunensis,广东毫蛾蠓,,,,,,,no_image
43117,Horithyatra takamukui,台边波纹蛾,,,,,,,no_image
1243,Horstileanira vanderspoeli,霍刺梳鳞虫,,,,,,,no_image
43131,Horniella jinggangshana,,,,,,,,no_image
14300,Houshenzinus rimosus,多裂厚畛蛛,,,,,,,no_image
104842,Hoya edeni,伊甸球兰,,,,,,,no_image
104862,Hoya mcclurei,大花海南球兰,,,,,,,no_image
104882,Hoya spectatissima,丽花球兰,,,,,,,no_image
140475,Humaria aggregata,密集土盘菌,,,,,,,no_image
104895,Huberantha jenkinsii,长果细基丸,,,,,,,no_image
140495,Humaria lusatiae,,,,,,,,no_image
140515,Humaria umbrorum,,,,,,,,no_image
104909,Huodendron tibeticum,西藏山茉莉,,,,,,,no_image
144440,Humicola grisea,,,,,,,,no_image
104929,Huperzia leishanensis,雷山石杉,,,,,,,no_image
104946,Hura crepitans,响盒子,,,,,,,no_image
138470,Hyaloscypha albohyalina,白晶杯菌,,,,,,,no_image
139520,Hyalinia scolecospora,,,,,,,,no_image
138467,Hyalopeziza carneola,,,,,,,,no_image
43185,Hyalurgus latifrons,宽额透翅寄蝇,,,,,,,no_image
7515,Hybocodon amoyensis,厦门斜球螅水母,,,,,,,no_image
43208,Hybomitra barkamensis,马尔康瘤虻,,,,,,,no_image
43228,Hybomitra graminoida,拟草生瘤虻,,,,,,,no_image
43248,Hybomitra marginialba,白缘瘤虻,,,,,,,no_image
43288,Hybomitra yaoshanensis,药山瘤虻,,,,,,,no_image
43308,Hybos bifurcatus,双叉驼舞虻,,,,,,,no_image
43328,Hybos emeishanus,峨眉驼舞虻,,,,,,,no_image
43268,Hybomitra qinghaiensis,青海瘤虻,,,,,,,no_image
43348,Hybos huapingensis,花坪驼舞虻,,,,,,,no_image
43388,Hybos projectus,突缘驼舞虻,,,,,,,no_image
43368,Hybos major,粗驼舞虻,,,,,,,no_image
43408,Hybos truncatus,截形驼舞虻,,,,,,,no_image
150183,Hydnochaete olivacea,,,,,,,,no_image
43428,Hybridolinus jizushanus,,,,,,,,no_image
146340,Hydnangium citrinum,柠檬黄轴腹菌,,,,,,,no_image
139718,Hydnotrya variiformis,多形腔块菌,,,,,,,no_image
7063,Hydractinia echinata,刺介螅,,,,,,,no_image
104966,Hydrangea davidii,西南绣球,,,,,,,no_image
104990,Hydrangea stenophylla,柳叶绣球,,,,,,,no_image
43461,Hydrelia nepalensis,尼泊尔水尺蛾,,,,,,,no_image
43482,Hydrellia indicae,黄角毛眼水蝇,,,,,,,no_image
43501,Hydriomena ruberata,蕴涅尺蛾,,,,,,,no_image
7089,Hydrodendron sp,枝碟螅B,,,,,,,no_image
105007,Hydrocotyle dichondroides,毛柄天胡荽,,,,,,,no_image
43511,Hydrophoria cinerascens,灰隰蝇,,,,,,,no_image
43534,Hydrosmecta sinica,,,,,,,,no_image
43554,Hydrotaea diabolus,双斑齿股蝇,,,,,,,no_image
142097,Hydropisphaera jigongshanica,,,,,,,,no_image
43574,Hydrotaea nudispinosa,裸刺齿股蝇,,,,,,,no_image
43595,Hydrotaea subscambus,似曲胫齿股蝇,,,,,,,no_image
148477,Hygroaster nodulisporus,,,,,,,,no_image
146419,Hygrocybe pratensis,草地湿伞,,,,,,,no_image
146399,Hygrocybe flavescens,浅黄湿伞,,,,,,,no_image
16395,Hygrolycosa alpigena,高山潮狼蛛,,,,,,,no_image
146461,Hygrophorus erubescens,变红蜡伞,,,,,,,no_image
146441,Hygrophorus barbatulus,盖蜡伞,,,,,,,no_image
146481,Hygrophorus lindtneri,,,,,,,,no_image
146501,Hygrophorus pseudochrysaspis,水湿淡黄蜡伞,,,,,,,no_image
146521,Hygrophorus unicolor,单色蜡伞,,,,,,,no_image
43615,Hylaeothemis clementia,雨林沼蜻,,,,,,,no_image
16175,Hyleoglomeris aurata,金色木球马陆,,,,,,,no_image
16167,Hyleoglomeris reducta,退化木球马陆,,,,,,,no_image
105074,Hylodesmum williamsii,大苞长柄山蚂蟥,,,,,,,no_image
43633,Hyllisia saigonensis,,,,,,,,no_image
16001,Hylomus simplipodus,,,,,,,,no_image
105090,Hylotelephium mongolicum,承德八宝,,,,,,,no_image
149499,Hymenangium aestivum,,,,,,,,no_image
105137,Hymenidium album,白滇藁本,,,,,,,no_image
105123,Hymenasplenium obscurum,绿秆膜叶铁角蕨,,,,,,,no_image
77123,Hymenocephalus longipes,大头膜首鳕,,,,,,,no_image
105157,Hymenidium lindleyanum,天山滇藁本,,,,,,,no_image
150203,Hymenochaete duportii,,,,,,,,no_image
150223,Hymenochaete murashkinskyi,,,,,,,,no_image
150243,Hymenochaete sphaerospora,,,,,,,,no_image
146648,Hymenogaster cangyanshanensis,苍岩山层腹菌,,,,,,,no_image
105188,Hymenophyllum fimbriatum,流苏苞蕗蕨,,,,,,,no_image
146668,Hymenogaster sulcatus,沟折层腹菌,,,,,,,no_image
138342,Hymenoscyphus calyculus,小膜盘菌,,,,,,,no_image
77133,Hynobius fuca,观雾小鲵,,,,,,,no_image
138382,Hymenoscyphus scutula,盾膜盘菌,,,,,,,no_image
138362,Hymenoscyphus infundibulum,,,,,,,,no_image
6775,Hyotissa hyotis,舌骨牡蛎,,,,,,,no_image
3049,Hypererythrops spinifera,超红糠虾,,,,,,,no_image
43681,Hypena tenebralis,黑褐髯须夜蛾,,,,,,,no_image
43659,Hypena indicatalis,清髯须夜蛾,,,,,,,no_image
105251,Hypericum faberi,扬子小连翘,,,,,,,no_image
150912,Hyphoderma argillaceum,土色丝皮革菌,,,,,,,no_image
43702,Hyperstrotia albicincta,白束展夜蛾,,,,,,,no_image
105275,Hypericum longistylum,长柱金丝桃,,,,,,,no_image
105300,Hypericum scabrum,糙枝金丝桃,,,,,,,no_image
150932,Hyphoderma tenue,纤细丝皮菌,,,,,,,no_image
150624,Hyphodontia curvispora,弯孢丝齿菌,,,,,,,no_image
150644,Hyphodontia palmae,,,,,,,,no_image
150664,Hyphodontia taiwaniana,,,,,,,,no_image
105335,Hypochaeris glabra,光猫耳菊,,,,,,,no_image
43725,Hypnogyra hoffmanni,,,,,,,,no_image
43736,Hypocaccus eremobius,沙漠皱额阎甲,,,,,,,no_image
148220,Hypholoma sublateritium,红垂幕菇,,,,,,,no_image
141870,Hypocrea aurantia,橙黄肉座菌,,,,,,,no_image
105349,Hypodematium guilinense,桂林肿足蕨,,,,,,,no_image
139184,Hypoderma caryae,,,,,,,,no_image
139202,Hypoderma pinicola,,,,,,,,no_image
139219,Hypodermella sulcigena,,,,,,,,no_image
135977,Hypogymnia stricta,长叶袋衣,,,,,,,no_image
105366,Hypoglossum fujianensis,福建下舌藻,,,,,,,no_image
135957,Hypogymnia hypotrypella,粉黄袋衣,,,,,,,no_image
105378,Hypolepis tenuifolia,细叶姬蕨,,,,,,,no_image
43779,Hypopygiopsis tumrasvini,拟斑翅巨尾蝇,,,,,,,no_image
141883,Hypomyces macrosporus,,,,,,,,no_image
43789,Hyporites setifemorata,鬃股近脉花蝇,,,,,,,no_image
136008,Hypotrachyna revoluta,卷叶双歧根,,,,,,,no_image
135988,Hypotrachyna addita,亚覆瓦双歧根,,,,,,,no_image
43807,Hypsauchenia chinensis,中华高冠角蝉,,,,,,,no_image
144616,Hypoxylon lenormandii,勒农炭团菌,,,,,,,no_image
132291,Hysterium macrosporum,大孢缝裂壳,,,,,,,no_image
105389,Hyptianthera stricta,藏药木,,,,,,,no_image
150728,Hysterangium clathroides,网格辐片包,,,,,,,no_image
43814,Hypsolyrium aleurites,油桐钩冠角蝉,,,,,,,no_image
43835,Hysterura multifaria,多列杯尺蛾,,,,,,,no_image
77198,Ianthocincla ocellata,眼纹噪鹛,,,,,,,no_image
43861,Hystriomyia paradoxa,墨黑豪寄蝇,,,,,,,no_image
2027,Ichnopus nanhaiensis,南海辙钩虾,,,,,,,no_image
43878,Icteracantha spinulosa,透翅刺股广口蝇,,,,,,,no_image
77221,Idiastion pacificum,太平洋小隐棘鲉,,,,,,,no_image
43938,Idiostrangalia auricoma,,,,,,,,no_image
43916,Idiochlora minuscula,小介青尺蛾,,,,,,,no_image
144647,Idriella rhododendri,,,,,,,,no_image
105438,Ilex chengkouensis,城口冬青,,,,,,,no_image
43959,Ilema catocaloides,霉棕毒蛾,,,,,,,no_image
105411,Ilex aculeolata,满树星,,,,,,,no_image
105470,Ilex dicarpa,双果冬青,,,,,,,no_image
105501,Ilex gintungensis,景东冬青,,,,,,,no_image
105523,Ilex jiaolingensis,蕉岭冬青,,,,,,,no_image
105545,Ilex lohfauensis,矮冬青,,,,,,,no_image
105574,Ilex miguensis,米谷冬青,,,,,,,no_image
105640,Ilex syzygiophylla,蒲桃叶冬青,,,,,,,no_image
105597,Ilex polyneura,多脉冬青,,,,,,,no_image
105673,Ilex wangiana,假枝冬青,,,,,,,no_image
105620,Ilex serrata,落霜红,,,,,,,no_image
105694,Iljinia regelii,戈壁藜,,,,,,,no_image
105715,Illicium pachyphyllum,短梗八角,,,,,,,no_image
105734,Illigera khasiana,披针叶青藤,,,,,,,no_image
43983,Ilythea japonica,日本伊水蝇,,,,,,,no_image
105797,Impatiens clavicuspis,棒尾凤仙花,,,,,,,no_image
105777,Impatiens bijieensis,毕节凤仙花,,,,,,,no_image
105757,Impatiens apalophylla,大叶凤仙花,,,,,,,no_image
105818,Impatiens dalaiensis,紫花辐射凤仙花,,,,,,,no_image
105838,Impatiens ernstii,川滇凤仙花,,,,,,,no_image
105900,Impatiens linghziensis,林芝凤仙花,,,,,,,no_image
105880,Impatiens labordei,高坡凤仙花,,,,,,,no_image
105858,Impatiens gracilipes,细梗凤仙花,,,,,,,no_image
105921,Impatiens maculifera,点花凤仙花,,,,,,,no_image
105943,Impatiens multiramea,多枝凤仙花,,,,,,,no_image
105963,Impatiens omeiana,峨眉凤仙花,,,,,,,no_image
105985,Impatiens potaninii,陇南凤仙花,,,,,,,no_image
106006,Impatiens rectirostrata,直喙凤仙花,,,,,,,no_image
106026,Impatiens shimianensis,石棉凤仙花,,,,,,,no_image
106070,Impatiens tubulosa,管茎凤仙花,,,,,,,no_image
106049,Impatiens tayemonii,关雾凤仙花,,,,,,,no_image
106091,Impatiens xishuangbannaensis,版纳凤仙花,,,,,,,no_image
43994,Impatiophila convergens,聚齿凤仙花果蝇,,,,,,,no_image
143050,Inapertisporites elongatus,,,,,,,,no_image
44014,Impatiophila ptyonosternata,扇形凤仙花果蝇,,,,,,,no_image
106127,Incarvillea sinensis,角蒿,,,,,,,no_image
106184,Indigofera kirilowii,花木蓝,,,,,,,no_image
106162,Indigofera dolichochaete,长齿木蓝,,,,,,,no_image
106136,Indigofera atropurpurea,深紫木蓝,,,,,,,no_image
106213,Indigofera penduloides,拟垂序木蓝,,,,,,,no_image
106235,Indigofera taiwaniana,台湾木蓝,,,,,,,no_image
106255,Indocalamus hunanensis,湖南箬竹,,,,,,,no_image
44061,Indomorphus spinosus,,,,,,,,no_image
44044,Indocypha svenhedini,四川印鼻蟌,,,,,,,no_image
44080,Indonemoura trilongispina,三刺印叉(虫责),,,,,,,no_image
106285,Indosasa ingens,粗穗大节竹,,,,,,,no_image
44094,Indoquedius formosae,,,,,,,,no_image
148480,Infundibulicybe geotropa,肉色杯菌,,,,,,,no_image
106294,Indothuidium kiasense,南羽藓,,,,,,,no_image
77258,Inimicus japonicus,日本鬼鲉,,,,,,,no_image
146746,Inocybe bongardii,多鳞丝盖伞,,,,,,,no_image
150260,Inocutis ludoviciana,,,,,,,,no_image
146766,Inocybe duriuscula,寻常丝盖伞,,,,,,,no_image
146786,Inocybe godeyi,土黄丝盖伞,,,,,,,no_image
146806,Inocybe lucifuga,,,,,,,,no_image
146826,Inocybe obsoleta,模糊丝盖伞,,,,,,,no_image
146866,Inocybe subalbidodisca,,,,,,,,no_image
146846,Inocybe pruinosa,疏生丝盖伞,,,,,,,no_image
150265,Inonotopsis subiculosa,稀有拟纤孔菌,,,,,,,no_image
150285,Inonotus hispidus,粗毛针孔菌,,,,,,,no_image
150305,Inonotus pruinosus,柳生针孔菌,,,,,,,no_image
150325,Inonotus tricolor,,,,,,,,no_image
4280,Inquisitor recurvirostrata,洁裁判螺,,,,,,,no_image
44145,Interphasma leigongshanense,雷公山介䗛,,,,,,,no_image
106303,Inula helianthus-aquatilis,水朝阳旋覆花,,,,,,,no_image
143059,Involutisporonites putus,,,,,,,,no_image
137656,Ioplaca pindarensis,粉胎座衣,,,,,,,no_image
106330,Ipomoea biflora,心萼薯,,,,,,,no_image
77264,Iracundus signifer,南非纪鲉,,,,,,,no_image
106354,Ipomoea polymorpha,羽叶薯,,,,,,,no_image
143887,Irenina selaginellae,,,,,,,,no_image
106392,Iris formosana,台湾鸢尾,,,,,,,no_image
106368,Iris bloudowii,中亚鸢尾,,,,,,,no_image
106420,Iris minutoaurea,小黄花鸢尾,,,,,,,no_image
106454,Iris typhifolia,北陵鸢尾,,,,,,,no_image
13065,Irura bidenticulata,双齿翘蛛,,,,,,,no_image
44201,Isabel ravana,明翅盲蝽,,,,,,,no_image
141837,Isaria amoenerosea,鲜红棒束孢,,,,,,,no_image
132715,Isariopsis indica,,,,,,,,no_image
106497,Ischaemum polystachyum,簇穗鸭嘴草,,,,,,,no_image
44214,Ischnodora sejugata,,,,,,,,no_image
44232,Ischnopsyllus quadrasetus,四鬃蝠蚤,,,,,,,no_image
44254,Ischnosoma involutum,,,,,,,,no_image
44277,Ischnostrangalis semenowi,,,,,,,,no_image
44281,Ischnura asiatica,东亚异痣蟌,,,,,,,no_image
77267,Isistius brasiliensis,巴西达摩鲨,,,,,,,no_image
106504,Isodon adenanthus,腺花香茶菜,,,,,,,no_image
106552,Isodon japonicus,毛叶香茶菜,,,,,,,no_image
106530,Isodon eriocalyx,毛萼香茶菜,,,,,,,no_image
106580,Isodon pantadenius,全腺香茶菜,,,,,,,no_image
106602,Isodon sukungii,素功香茶菜,,,,,,,no_image
106617,Isoetes changxingensis,长兴水韭,,,,,,,no_image
5866,Isolimea limopsis,拟等锉蛤,,,,,,,no_image
44338,Isomyia cupreoviridis,铜绿等彩蝇,,,,,,,no_image
44358,Isomyia ryukyuensis,琉球等彩蝇,,,,,,,no_image
44377,Isoperla curvispina,弯刺同(虫责),,,,,,,no_image
106634,Isopterygiopsis pulchella,美丽拟同叶藓,,,,,,,no_image
44402,Isoscelipteron puncticolle,点斑等鳞蛉,,,,,,,no_image
18858,Isotoma gracilliseta,,,,,,,,no_image
18822,Isotomurus qinpuensis,,,,,,,,no_image
106671,Isotrema forrestianum,大囊关木通,,,,,,,no_image
106693,Isotrema liangshanense,凉山关木通,,,,,,,no_image
106713,Isotrema saccatum,袋形关木通,,,,,,,no_image
77274,Istigobius campbelli,康培氏衔鰕虎,,,,,,,no_image
44417,Isshikia hainanensis,海南指虻,,,,,,,no_image
44446,Istocheta nigripedalis,黑足裸背寄蝇,,,,,,,no_image
44464,Itagonia semenowi,谢氏齿琵甲,,,,,,,no_image
44484,Italochrysa nanpingana,南平意草蛉,,,,,,,no_image
106744,Itea kwangsiensis,子农鼠刺,,,,,,,no_image
150774,Ithyphallus discolor,,,,,,,,no_image
12454,Iwogumoa dicranata,波纹亚隙蛛,,,,,,,no_image
106760,Ixeridium dentatum,小苦荬,,,,,,,no_image
77299,Ixobrychus eurhythmus,紫背苇鳽,,,,,,,no_image
106806,Jacaranda mimosifolia,蓝花楹,,,,,,,no_image
106800,Ixora subsessilis,囊果龙船花,,,,,,,no_image
106824,Jaeschkea canaliculata,宽萼口药花,,,,,,,no_image
44523,Jamides celeno,锡冷雅灰蝶,,,,,,,no_image
77311,Japalura mictophola,异鳞龙蜥（错那龙蜥）,,,,,,,no_image
106855,Jasminum lanceolaria,清香藤,,,,,,,no_image
106834,Jasminanthes mucronata,黑鳗藤,,,,,,,no_image
106883,Jasminum sinense,华素馨,,,,,,,no_image
7570,Javania insignis,标记爪哇珊瑚,,,,,,,no_image
16674,Jingneta caoxian,曹仙京弱蛛,,,,,,,no_image
44564,Jodis argutaria,藕色突尾尺蛾,,,,,,,no_image
77322,Johnius amblycephalus,团头叫姑鱼,,,,,,,no_image
106894,Jubula japonica,日本毛耳苔,,,,,,,no_image
106902,Juncus aletaiensis,阿勒泰灯芯草,,,,,,,no_image
106927,Juncus effusus,灯芯草,,,,,,,no_image
106949,Juncus leucanthus,甘川灯芯草,,,,,,,no_image
106969,Juncus perpusillus,短茎灯芯草,,,,,,,no_image
151888,Junghuhnia pseudozilingiana,菌寄生容氏孔菌,,,,,,,no_image
106998,Juncus unifolius,单叶灯芯草,,,,,,,no_image
107040,Juniperus recurva,垂枝柏,,,,,,,no_image
107061,Jurinea dshungarica,天山苓菊,,,,,,,no_image
107081,Justicia demissa,矮爵床,,,,,,,no_image
107101,Justicia procumbens,爵床,,,,,,,no_image
10289,Jutarus plagiogyrus,,,,,,,,no_image
107130,Kaempferia rotunda,海南三七,,,,,,,no_image
107141,Kalanchoe tashiroi,台东伽蓝菜,,,,,,,no_image
44618,Kalocyrma echita,蛇木苍祝蛾,,,,,,,no_image
44629,Kamimuria bimaculata,双斑钩(虫责),,,,,,,no_image
44669,Kamimuria sparsula,稀疏钩(虫责),,,,,,,no_image
44649,Kamimuria jeanneli,吉氏钩(虫责),,,,,,,no_image
44703,Karshomyia emarginata,凹缘饰瘿蚊,,,,,,,no_image
44686,Kanekoa lirata,沟胸金古花天牛,,,,,,,no_image
16932,Kaurma orientalis,东方高麻吸虫,,,,,,,no_image
44720,Keilbachia orthonema,短毛凯眼蕈蚊,,,,,,,no_image
936,Kempina stridulans,发声糙虾蛄,,,,,,,no_image
107191,Kengyilia pendula,弯垂仲彬草,,,,,,,no_image
4178,Kermia caletria,锦绣棋盘螺,,,,,,,no_image
15124,Khorata rongshuiensis,融水呵叻蛛,,,,,,,no_image
144228,Kernia nitida,,,,,,,,no_image
18569,Keratella lenzi,缘锯龟甲轮虫,,,,,,,no_image
44744,Kieffer sinensis,中华矛螯蜂,,,,,,,no_image
15106,Khorata digitata,指状呵叻蛛,,,,,,,no_image
44757,Kingdonella modesta,静金蝗,,,,,,,no_image
44773,Kiotina delicata,弯叶扣(虫责),,,,,,,no_image
13677,Kishidaia albimaculata,白斑岸田蛛,,,,,,,no_image
107237,Klasea centauroides,麻花头,,,,,,,no_image
7433,Koellikerina heteronemalis,异手八束水母,,,,,,,no_image
107311,Kolkwitzia amabilis,猬实,,,,,,,no_image
107288,Koenigia hookeri,硬毛蓼,,,,,,,no_image
44820,Kolla rufidorsa,红背边大叶蝉，新种,,,,,,,no_image
152834,Kordyana commelinae,,,,,,,,no_image
107255,Knema tenuinervia,红光树,,,,,,,no_image
44844,Kosala flavosignata,单白枯叶蛾,,,,,,,no_image
44857,Kramerea schuetzei,舞毒蛾克麻蝇,,,,,,,no_image
138851,Kriegeria seaveri,,,,,,,,no_image
153372,Kuehneola harrisoniae,牛筋果无眠多胞锈菌,,,,,,,no_image
77368,Kuhlia marginata,黑边汤鲤,,,,,,,no_image
44893,Kunugia ampla,棕色杂枯叶蛾,,,,,,,no_image
44880,Kumasia kumaso,基夜蛾,,,,,,,no_image
2271,Kuphus polythalamia,滩栖船蛆,,,,,,,no_image
77387,Kurochkinegramma hypogrammicum,蓝枕花蜜鸟,,,,,,,no_image
44938,Kuwanimyia zhanjiangensis,湛江库寄蝇,,,,,,,no_image
3264,Labidodemas pertinax,明柄体参,,,,,,,no_image
141272,Kylindria millettiae,崖豆藤柱形孢,,,,,,,no_image
44979,Labomimus torus,,,,,,,,no_image
135027,Laboulbenia fasciculata,,,,,,,,no_image
146344,Laccaria amethysteo-occidentalis,椭孢紫蜡蘑,,,,,,,no_image
77399,Labroides dimidiatus,裂唇鱼,,,,,,,no_image
151526,Laccocephalum mylittae,巨核雷丸菌,,,,,,,no_image
135047,Laboulbenia philippina,,,,,,,,no_image
140566,Lachnea stercorea,粪生毛盘菌,,,,,,,no_image
140546,Lachnea corium,,,,,,,,no_image
147550,Lachnella subtilissima,,,,,,,,no_image
152056,Lachnocladium vitellinum,,,,,,,,no_image
138652,Lachnum bambusicola,,,,,,,,no_image
138672,Lachnum eleutherococci,,,,,,,,no_image
138712,Lachnum palmae,棕榈生粒毛盘菌,,,,,,,no_image
138732,Lachnum singerianum,辛格粒毛盘菌,,,,,,,no_image
138692,Lachnum lanyuensis,,,,,,,,no_image
45019,Laciniodes umbrosus,荫网尺蛾,,,,,,,no_image
152110,Lactarius albellus,小白乳菇,,,,,,,no_image
152130,Lactarius blumii,布氏乳菇,,,,,,,no_image
152150,Lactarius controversus,白杨乳菇,,,,,,,no_image
152170,Lactarius fuliginosus,暗褐乳菇,,,,,,,no_image
152190,Lactarius kivuensis,,,,,,,,no_image
152229,Lactarius pallidilamellatus,,,,,,,,no_image
152209,Lactarius mitissimus,细质乳菇,,,,,,,no_image
152269,Lactarius semisanguifluus,半血红乳菇,,,,,,,no_image
152249,Lactarius putidus,,,,,,,,no_image
152289,Lactarius tomentosus,毛头乳菇,,,,,,,no_image
152309,Lactifluus oedematopus,,,,,,,,no_image
45021,Lacvietina astoni,,,,,,,,no_image
17564,Laeocathaica stenochone,窄射带蜗牛,,,,,,,no_image
8790,Laevidentalium longitrorsum,细长光角贝,,,,,,,no_image
107395,Lagerstroemia caudata,尾叶紫薇,,,,,,,no_image
77415,Lagocephalus gloveri,克氏兔头鲀,,,,,,,no_image
107429,Lagopsis eriostachya,毛穗夏至草,,,,,,,no_image
107450,Lagotis praecox,紫叶兔耳草,,,,,,,no_image
45043,Lagynogaster princeps,浙江棒腹食虫虻,,,,,,,no_image
45049,Lambula fuliginosa,烟色浸苔蛾,,,,,,,no_image
138860,Lambertella jasmini,茉莉兰伯盘菌,,,,,,,no_image
155477,Lamia culicis,,,,,,,,no_image
77444,Lampanyctus macropterus,大鳍珍灯鱼,,,,,,,no_image
140574,Lamprospora polytrichi,多毛齿盘菌,,,,,,,no_image
45083,Lamproptera meges,绿带燕凤蝶,,,,,,,no_image
77469,Lanius excubitor,西灰伯劳,,,,,,,no_image
107462,Lancea tibetica,肉果草,,,,,,,no_image
138875,Lanzia guangxiensis,广西兰斯盘菌,,,,,,,no_image
45121,Laoterthrona flavovittata,黄条类节飞虱,,,,,,,no_image
107491,Lappula effusa,展枝鹤虱,,,,,,,no_image
123,Laphystiopsis iridometrae,虹彩掠钩虾,,,,,,,no_image
10858,Larinia cyclera,环隆肥蛛,,,,,,,no_image
107535,Larix gmelinii,落叶松,,,,,,,no_image
107511,Lappula ramulosa,多枝鹤虱,,,,,,,no_image
77513,Larvivora akahige,日本歌鸲,,,,,,,no_image
137700,Lasallia rossica,露西疱脐衣,,,,,,,no_image
107567,Lasianthus henryi,西南粗叶木,,,,,,,no_image
45147,Lasiestra dovrensis,黑褐绒夜蛾,,,,,,,no_image
107597,Lasiocaryum densiflorum,毛果草,,,,,,,no_image
45183,Lasiohelea breviprobosca,短喙蠛蠓,,,,,,,no_image
45168,Lasiochila excavata,涡胸毛唇潜甲,,,,,,,no_image
45203,Lasiohelea hortensis,园圃蠛蠓,,,,,,,no_image
45223,Lasiohelea nemerosa,林荫蠛蠓,,,,,,,no_image
45243,Lasiohelea tunchanga,屯昌蠛蠓,,,,,,,no_image
45262,Lasiomma densisetibasis,密鬃纤目花蝇,,,,,,,no_image
45284,Lasionycta proxima,近灰茸夜蛾,,,,,,,no_image
9401,Lasioseius lasiodactyli,,,,,,,,no_image
45320,Lathrobium ayui,,,,,,,,no_image
9407,Lasioseius sinensis,,,,,,,,no_image
17203,Laterotrema cincli,河乌侧孔吸虫,,,,,,,no_image
45299,Lasiplexia semirena,月纹毡夜蛾,,,,,,,no_image
45360,Lathrobium curvispinosum,,,,,,,,no_image
45340,Lathrobium bisuditum,,,,,,,,no_image
45380,Lathrobium extraculum,,,,,,,,no_image
45400,Lathrobium guizhouense,,,,,,,,no_image
45420,Lathrobium ishiharai,,,,,,,,no_image
45440,Lathrobium lingae,,,,,,,,no_image
45460,Lathrobium nomural,,,,,,,,no_image
45520,Lathrobium wolongicum,,,,,,,,no_image
45480,Lathrobium schuelkei,,,,,,,,no_image
45540,Lathrobium zhemoicum,,,,,,,,no_image
45500,Lathrobium stipiferum,,,,,,,,no_image
45560,Lathyrophthalmus quinquestriatus,黄跗斑目蚜蝇,,,,,,,no_image
77532,Laticauda laticaudata,扁尾海蛇,,,,,,,no_image
107631,Lathyrus quinquenervius,山黧豆,,,,,,,no_image
10834,Latouchia fossoria,沟垃土蛛,,,,,,,no_image
45590,Latreille stantoni,史氏螯蜂,,,,,,,no_image
12791,Laufeia eximia,奇劳弗蛛,,,,,,,no_image
107653,Laurencia tenera,柔弱凹顶藻,,,,,,,no_image
45595,Layahima validum,强雅蚁蛉,,,,,,,no_image
18163,Lecane aspasia,愉悦腔轮虫,,,,,,,no_image
18181,Lecane haliclysta,短棘腔轮虫,,,,,,,no_image
18159,Lecane pyriformis,梨形腔轮虫,,,,,,,no_image
136520,Lecania toninioides,泡鳞型副茶渍,,,,,,,no_image
135669,Lecanora argopholis,碎茶渍,,,,,,,no_image
135689,Lecanora circumborealis,空果茶渍,,,,,,,no_image
135709,Lecanora hybocarpa,,,,,,,,no_image
135729,Lecanora pachirana,厚茶渍,,,,,,,no_image
135749,Lecanora strobilinoides,,,,,,,,no_image
149171,Leccinum chromapes,,,,,,,,no_image
107663,Lecanorchis malipoensis,麻栗坡盂兰,,,,,,,no_image
149191,Leccinum rubropunctum,红点疣柄牛肝菌,,,,,,,no_image
136727,Lecidea piperina,,,,,,,,no_image
136707,Lecidea hypomelaena,,,,,,,,no_image
136687,Lecidea auriculata,耳盘网衣,,,,,,,no_image
45642,Lecithocera hemiacma,喜马祝蛾,,,,,,,no_image
135770,Lecidella elaeochroma,油色小网衣,,,,,,,no_image
45662,Lecithocera mylitacha,石平祝蛾,,,,,,,no_image
45622,Lecithocera beijingensis,北京祝蛾,,,,,,,no_image
45682,Lecithocera spinivalva,刺瓣祝蛾,,,,,,,no_image
16770,Leclercera paiensis,派利克蛛,,,,,,,no_image
107683,Leea indica,火筒树,,,,,,,no_image
45696,Leeuwenia vorax,吞食毛管蓟马,,,,,,,no_image
45722,Leiopus campbelli,,,,,,,,no_image
137254,Leioderma sorediatum,,,,,,,,no_image
77559,Leiothrix lutea,红嘴相思鸟,,,,,,,no_image
45709,Leia robusticornis,粗角滑菌蚊,,,,,,,no_image
107716,Lejeunea curviloba,弯叶细鳞苔,,,,,,,no_image
107736,Lejeunea pallidevirens,淡绿细鳞苔,,,,,,,no_image
45743,Lemba sinensis,中华舟形蝗，新组合,,,,,,,no_image
107756,Lemna turionifera,鳞根萍,,,,,,,no_image
45759,Lemula longipennis,,,,,,,,no_image
7749,Lensia multicristata,七棱浅室水母,,,,,,,no_image
45782,Lemyra jankowskii,淡黄望灯蛾,,,,,,,no_image
45807,Lemyra zhangmuna,樟木望灯蛾,,,,,,,no_image
151962,Lentinellus ursinus,北方小香菇,,,,,,,no_image
151539,Lentinus odorus,芳香韧伞,,,,,,,no_image
151554,Lenzites betulina,桦革裥菌,,,,,,,no_image
430,Leocrates claparedii,无疣海结虫,,,,,,,no_image
107768,Leontopodium dedekensii,戟叶火绒草,,,,,,,no_image
107791,Leontopodium omeiense,峨眉火绒草,,,,,,,no_image
107811,Leonurus urticifolius,荨麻叶益母草,,,,,,,no_image
139063,Leotia portentosa,奇异锤舌菌,,,,,,,no_image
107821,Lepidagathis secunda,小琉球鳞花草,,,,,,,no_image
107832,Lepidium chalepense,球果群心菜,,,,,,,no_image
18665,Lepadella qinghaiensis,青海鞍甲轮虫，新种,,,,,,,no_image
77572,Lepidocephalichthys berdmorei,伯氏似鳞头鳅,,,,,,,no_image
1024,Lepidonotus jacksoni,杰氏背鳞虫,,,,,,,no_image
77588,Lepidotrigla marisinensis,南海红娘鱼,,,,,,,no_image
8717,Lepidozona bisculpta,双刻鳞带石鳖,,,,,,,no_image
145294,Lepiota azalearum,杜鹃环柄菇,,,,,,,no_image
145314,Lepiota cortinarius,丝膜环柄菇,,,,,,,no_image
145334,Lepiota fulvella,,,,,,,,no_image
145354,Lepiota insimulata,,,,,,,,no_image
145374,Lepiota micropholis,微鳞环柄菇,,,,,,,no_image
107877,Lepisanthes rubiginosa,赤才,,,,,,,no_image
145414,Lepiota sulphopenita,,,,,,,,no_image
145394,Lepiota rachodes,粗鳞大环柄菇,,,,,,,no_image
107897,Lepisorus gyriongensis,吉隆瓦韦,,,,,,,no_image
107919,Lepisorus normalis,毛鳞蕨,,,,,,,no_image
107939,Lepisorus suboligolepidus,拟鳞瓦韦,,,,,,,no_image
148488,Lepista graveolens,浓香蘑,,,,,,,no_image
136603,Lepraria caesiella,,,,,,,,no_image
45822,Leptacris taeniata,绿长腹蝗,,,,,,,no_image
45836,Leptepania lantauensis,,,,,,,,no_image
45868,Leptobelus sauteri,撒矛角蝉,,,,,,,no_image
45844,Leptidea sinapis,条纹小粉蝶,,,,,,,no_image
45875,Leptocentrus leucaspis,白盾弧角蝉,,,,,,,no_image
77611,Leptobrachella albomarginata,白缘掌突蟾,,,,,,,no_image
107968,Leptochilus cantoniensis,心叶薄唇蕨,,,,,,,no_image
45893,Leptochirus laevis,,,,,,,,no_image
45901,Leptoconops bezzii,疲竭细蠓,,,,,,,no_image
45921,Leptoconops magnaclypeus,大唇细蠓,,,,,,,no_image
45941,Leptoconops yunhsienensis,郧县细蠓,,,,,,,no_image
108016,Leptodermis limprichtii,天全野丁香,,,,,,,no_image
45949,Leptogaster coarctata,台岛细腹食虫虻,,,,,,,no_image
137123,Leptogium austroamericanum,南美猫耳衣,,,,,,,no_image
108046,Leptodermis xizangensis,西藏野丁香,,,,,,,no_image
137143,Leptogium lichenoides,薄猫耳衣,,,,,,,no_image
45969,Leptogomphus gestroi,尖尾纤春蜓,,,,,,,no_image
108069,Leptogramma scallanii,峨眉茯蕨,,,,,,,no_image
5158,Leptolaimoides punctatus,具装饰似纤咽线虫,,,,,,,no_image
45981,Leptomastix nigrocincta,,,,,,,,no_image
16601,Leptonetela liuguan,留观小弱蛛,,,,,,,no_image
16591,Leptonetela gigachela,巨螯小弱蛛,,,,,,,no_image
16614,Leptonetela bama,巴马小弱蛛,,,,,,,no_image
16600,Leptonetela palmata,掌形小弱蛛,,,,,,,no_image
16688,Leptonetela tangi,唐氏小弱蛛,,,,,,,no_image
139833,Leptopodia pezizoides,,,,,,,,no_image
108104,Leptopterigynandrum subintegrum,全缘叉羽藓,,,,,,,no_image
146270,Leptonia gnaphalodes,灰蓝艳鳞伞,,,,,,,no_image
7319,Leptoria phrygia,弗利吉亚肠珊瑚,,,,,,,no_image
133680,Leptosphaeria acanthi,,,,,,,,no_image
133700,Leptosphaeria honiaraensis,,,,,,,,no_image
133597,Leptosphaerulina americana,,,,,,,,no_image
46019,Leptostrangalia nakamurai,,,,,,,,no_image
46028,Leptotarsus variceps,异头龙大蚊,,,,,,,no_image
46048,Leptura barkamica,,,,,,,,no_image
143087,Leptothyrium perichymeni,,,,,,,,no_image
46070,Leptura quadrifasciata,四纹花天牛,,,,,,,no_image
46123,Leptusa peregrina,,,,,,,,no_image
9447,Leptus dolichopodos,,,,,,,,no_image
46103,Leptusa erlangensis,,,,,,,,no_image
108165,Lespedeza hupehensis,湖北胡枝子,,,,,,,no_image
77651,Lepus tolai,蒙古兔,,,,,,,no_image
46143,Leptusa tenchiensis,,,,,,,,no_image
108140,Leskeella nervosa,细罗藓,,,,,,,no_image
46157,Lestes concinnus,整齐丝蟌,,,,,,,no_image
46212,Letana grandis,大环螽,,,,,,,no_image
46197,Lesteva rufopunctata,,,,,,,,no_image
46177,Lesteva elegantula,,,,,,,,no_image
46234,Lethe cybele,圣母黛眼蝶,,,,,,,no_image
46268,Lethe moelleri,米勒黛眼蝶,,,,,,,no_image
77678,Lethrinus rubrioperculatus,红裸颊鲷,,,,,,,no_image
46318,Leucania ignita,光粘夜蛾,,,,,,,no_image
46299,Lethe violaceopicta,紫线黛眼蝶,,,,,,,no_image
46338,Leucania putrida,腐粘夜蛾,,,,,,,no_image
14960,Leucauge talagangiba,异银鳞蛛,,,,,,,no_image
108198,Leucas aspera,蜂巢草,,,,,,,no_image
7882,Leuckartiara orientalis,东方隔膜水母,,,,,,,no_image
145444,Leucoagaricus serenus,,,,,,,,no_image
17021,Leucochloridium musculare,肉质彩蚴吸虫,,,,,,,no_image
145459,Leucocoprinus luteus,,,,,,,,no_image
46371,Leucocraspedum taiwanense,,,,,,,,no_image
108238,Leucodon temperatus,中台白齿藓,,,,,,,no_image
46379,Leucoma costalis,黑檐雪毒蛾,,,,,,,no_image
46397,Leuconemacris xizangensis,西藏白纹蝗,,,,,,,no_image
108249,Leucophanes octoblepharioides,白睫藓,,,,,,,no_image
46414,Leucophenga bifurcata,双叉白果蝇,,,,,,,no_image
46434,Leucophenga interrupta,断带白果蝇,,,,,,,no_image
46454,Leucophenga pinguifoliacea,粗叶白果蝇,,,,,,,no_image
46474,Leucophenga sordida,体黑白果蝇,,,,,,,no_image
46492,Leucophora brevifrons,短额植蝇,,,,,,,no_image
4376,Leucosyrinx mai,马氏亮白螺,,,,,,,no_image
46512,Leucopis annulipes,狭抱小斑腹蝇,,,,,,,no_image
2572,Leucosia craniolaris,头盖玉蟹,,,,,,,no_image
108255,Leveillea jungermannioides,海藓藻,,,,,,,no_image
1573,Levicaris mammillata,海胆光滑虾,,,,,,,no_image
46531,Lewisister excellens,脊额阎甲,,,,,,,no_image
108288,Leymus multicaulis,多枝赖草,,,,,,,no_image
9023,Liacarus nitens,光高丽甲螨,,,,,,,no_image
108325,Liagora perennis,长生粉枝藻,,,,,,,no_image
46543,Liancalus shandonganus,山东联长足虻,,,,,,,no_image
108356,Libanotis schrenkiana,坚挺岩风,,,,,,,no_image
46559,Libnotes basistrigata,基纹亮大蚊,,,,,,,no_image
46579,Libnotes tszi,慈氏亮大蚊,,,,,,,no_image
136024,Lichen deustus,,,,,,,,no_image
136044,Lichen torrefactus,,,,,,,,no_image
8822,Licnoliodes andrei,安氏扇壳甲螨,,,,,,,no_image
4381,Lienardia purpuracens,紫顶狭口螺,,,,,,,no_image
108370,Ligularia atroviolacea,黑紫橐吾,,,,,,,no_image
108416,Ligularia kojimae,台湾橐吾,,,,,,,no_image
108390,Ligularia dolichobotrys,太白山橐吾,,,,,,,no_image
108438,Ligularia melanocephala,黑苞橐吾,,,,,,,no_image
108460,Ligularia potaninii,浅齿橐吾,,,,,,,no_image
108484,Ligularia tangutorum,唐古特橐吾,,,,,,,no_image
108506,Ligusticopsis angelicifolia,归叶拟藁本,,,,,,,no_image
108550,Ligustrum delavayanum,紫药女贞,,,,,,,no_image
108526,Ligusticopsis violacea,紫茎拟藁本,,,,,,,no_image
108585,Ligustrum strongylophyllum,宜昌女贞,,,,,,,no_image
46618,Ligyra zibrinus,带斑丽蜂虻,,,,,,,no_image
108616,Lilium distichum,东北百合,,,,,,,no_image
108673,Lilium pyi,毕氏百合,,,,,,,no_image
108643,Lilium lijiangense,丽江百合,,,,,,,no_image
108696,Lilium yapingense,亚坪百合,,,,,,,no_image
5879,Limatula choshiensis,细肋平锉蛤,,,,,,,no_image
46648,Limnellia flavitarsis,黄跗沼泽水蝇,,,,,,,no_image
145568,Limacella ochraceolutea,,,,,,,,no_image
5360,Limnoperna fortunei,沼蛤,,,,,,,no_image
46662,Limnophora asiatica,亚洲池蝇,,,,,,,no_image
46702,Limnophora nigrisquama,黑瓣池蝇,,,,,,,no_image
46723,Limnophora subscrupulosa,肖锐池蝇,,,,,,,no_image
46682,Limnophora furcicerca,裂叶池蝇,,,,,,,no_image
108717,Limonium coralloides,珊瑚补血草,,,,,,,no_image
46744,Limnophyes palleocestus,浅色沼摇蚊,,,,,,,no_image
46759,Limonia kashmirica,克什沼大蚊,,,,,,,no_image
46786,Linan hainanicus,,,,,,,,no_image
77724,Limosa lapponica,斑尾塍鹬,,,,,,,no_image
46816,Linda signaticornis,,,,,,,,no_image
108772,Lindera chunii,鼎湖钓樟,,,,,,,no_image
108747,Linaria vulgaris,欧洲柳穿鱼,,,,,,,no_image
108794,Lindera nacusua,绒毛山胡椒,,,,,,,no_image
108825,Lindernia ciliata,刺齿泥花草,,,,,,,no_image
108845,Lindernia scutellariiformis,黄芩母草,,,,,,,no_image
1161,Lineus alborostratus,白额纵沟纽虫,,,,,,,no_image
108855,Lindsaea eberhardtii,线片鳞始蕨,,,,,,,no_image
46832,Linnaemya ambigua,疑短须寄蝇,,,,,,,no_image
141291,Linocarpon smilacis,,,,,,,,no_image
46852,Linnaemya pullior,雏短须寄蝇,,,,,,,no_image
6456,Linuparus trigonus,三角脊龙虾,,,,,,,no_image
77756,Liobagrus nigricauda,黑尾&#x0000E056;,,,,,,,no_image
46904,Liogluta imitatrix,,,,,,,,no_image
77759,Liocichla omeiensis,灰胸薮鹛,,,,,,,no_image
46884,Liodrosophila kimurai,木村曙果蝇,,,,,,,no_image
135,Liomera rugata,皱纹花瓣蟹,,,,,,,no_image
46924,Liogluta shalulinigra,,,,,,,,no_image
46963,Liosarcophaga kirgizica,三鬃醬麻蝇,,,,,,,no_image
46943,Liopygia crassipalpis,肥须利麻蝇,,,,,,,no_image
46983,Liotesba expansipalpis,,,,,,,,no_image
47003,Liothrips machili,润楠滑管蓟马,,,,,,,no_image
108902,Liparis elongata,宝岛羊耳蒜,,,,,,,no_image
108883,Liparis auriculata,玉簪羊耳蒜,,,,,,,no_image
108921,Liparis mannii,三裂羊耳蒜,,,,,,,no_image
47027,Lipsothrix taiwanica,台湾脂大蚊,,,,,,,no_image
108955,Lipocarpha squarrosa,毛毯湖瓜草,,,,,,,no_image
108939,Liparis rostrata,齿突羊耳蒜,,,,,,,no_image
47030,Liriomyza bryoniae,番茄斑潜蝇,,,,,,,no_image
108979,Liriope muscari,短莛山麦冬,,,,,,,no_image
47054,Lispe caesia,青灰溜蝇,,,,,,,no_image
47075,Lispe longicollis,长条溜蝇,,,,,,,no_image
47095,Lispinus formosanus,,,,,,,,no_image
47115,Lispocephala kanmiyai,开米亚溜头秽蝇,,,,,,,no_image
47135,Lispocephala postifolifera,后侧叶溜头秽蝇,,,,,,,no_image
47151,Lissocephala subbicolor,双色头滑果蝇,,,,,,,no_image
15639,Lithobius ramulosus,分支石蜈蚣,,,,,,,no_image
47155,Lithacodia atrata,黑俚夜蛾,,,,,,,no_image
15690,Lithobius asulcutus,无沟石蜈蚣,,,,,,,no_image
15707,Lithobius irregularis,紊石蜈蚣,,,,,,,no_image
108987,Lithocarpus amygdalifolius,杏叶柯,,,,,,,no_image
109038,Lithocarpus farinulentus,易武柯,,,,,,,no_image
109009,Lithocarpus collettii,格林柯,,,,,,,no_image
109058,Lithocarpus hypoglaucus,灰背叶柯,,,,,,,no_image
109080,Lithocarpus mairei,光叶柯,,,,,,,no_image
109123,Lithocarpus truncatus,截果柯,,,,,,,no_image
109102,Lithocarpus propinquus,三柄果柯,,,,,,,no_image
5340,Lithophaga antillarum,安的列斯石蛏,,,,,,,no_image
47184,Lithophane ustulata,焦石冬夜蛾,,,,,,,no_image
109170,Litsea depressa,扁果木姜子,,,,,,,no_image
109145,Litostigma pingbianense,屏边凹柱苣苔,,,,,,,no_image
134665,Lithothelium submuriforme,,,,,,,,no_image
109195,Litsea lancifolia,剑叶木姜子,,,,,,,no_image
109222,Litsea rotundifolia,圆叶豺皮樟,,,,,,,no_image
77794,Liuixalus romeri,罗默刘树蛙,,,,,,,no_image
109252,Litsea wilsonii,绒叶木姜子,,,,,,,no_image
47215,Lixophaga parva,螟利索寄蝇,,,,,,,no_image
47233,Ljungh lucens,黑尾叶蝉双距螯蜂,,,,,,,no_image
137188,Lobaria retigera,网脊肺衣,,,,,,,no_image
137168,Lobaria crassior,厚肺衣,,,,,,,no_image
109279,Lobelia fangiana,峨眉紫锤草,,,,,,,no_image
19243,Lobellina gedehensis,,,,,,,,no_image
47259,Lobesia virulenta,落叶松花翅小卷蛾,,,,,,,no_image
7238,Lobophytum longispiculatum,长针叶软珊瑚,,,,,,,no_image
7847,Lobophyllia hataii,盔叶状珊瑚,,,,,,,no_image
77804,Lobotes surinamensis,松鲷,,,,,,,no_image
47311,Lobrathium kedian,,,,,,,,no_image
47331,Lobrathium spathulatum,,,,,,,,no_image
47291,Lobrathium daxuense,,,,,,,,no_image
77807,Locustella davidi,北短翅蝗莺,,,,,,,no_image
109302,Loeskeobryum breviristre,假蔓藓,,,,,,,no_image
109316,Lomariopsis cochinchinensis,藤蕨,,,,,,,no_image
109338,Lomatogonium perenne,宿根肋柱花,,,,,,,no_image
47405,Lonchoptera pipi,柱尾尖翅蝇,,,,,,,no_image
47370,Lomechusoides teres,,,,,,,,no_image
47415,Longiheada scarleta,猩红长头叶蝉,,,,,,,no_image
47385,Lonchodes huapingensis,花坪长足异䗛,,,,,,,no_image
47424,Longzhouacris annulicornis,斑角龙州蝗,,,,,,,no_image
109370,Lonicera fragrantissima,郁香忍冬,,,,,,,no_image
109401,Lonicera microphylla,小叶忍冬,,,,,,,no_image
109425,Lonicera subhispida,单花忍冬,,,,,,,no_image
17650,Lophauchen cristatellus,冠毛环颈螺,,,,,,,no_image
47433,Lopaphus angusticauda,细尾股䗛,,,,,,,no_image
139236,Lophoderma nervisequum,,,,,,,,no_image
4275,Lophiotoma koolhoveni,柯珲飞螺,,,,,,,no_image
139256,Lophodermium camelliicola,茶生散斑壳,,,,,,,no_image
139296,Lophodermium parasiticum,寄生散斑壳,,,,,,,no_image
139276,Lophodermium jianchuanense,剑川散斑壳,,,,,,,no_image
139316,Lophodermium sichuanense,四川散斑壳,,,,,,,no_image
47471,Lophophelma pingbiana,屏边冠尺蛾,,,,,,,no_image
139323,Lophomerum autumnale,秋隔孢缝壳,,,,,,,no_image
47486,Lophoptera tripartita,歧脊蕊夜蛾,,,,,,,no_image
47506,Lophosia macropyga,宽尾罗佛寄蝇,,,,,,,no_image
109458,Lophozia guttulata,油滴裂叶苔,,,,,,,no_image
109466,Loranthus delavayi,椆树桑寄生,,,,,,,no_image
47537,Lordiphosa falsiramula,拟双叉拱背果蝇,,,,,,,no_image
47557,Lordiphosa ramula,双叉拱背果蝇,,,,,,,no_image
109472,Loropetalum axillare,广州檵木,,,,,,,no_image
109487,Lotus schoelleri,直根百脉根,,,,,,,no_image
47588,Loxerebia ruricola,垂泪舜眼蝶,,,,,,,no_image
47601,Loxocera omei,峨眉长角茎蝇,,,,,,,no_image
109503,Loxogramme grammitoides,匙叶剑蕨,,,,,,,no_image
2777,Loxosomella crassicauda,粗尾小曲体虫,,,,,,,no_image
4997,Lucifer orientalis,东方莹虾,,,,,,,no_image
47641,Lucilia shansiensis,山西绿蝇,,,,,,,no_image
4973,Luidia hardwicki,哈氏砂海星,,,,,,,no_image
109517,Luculia pinceana,滇丁香,,,,,,,no_image
109550,Luisia yunnanensis,云南钗子股,,,,,,,no_image
77933,Lutjanus sebae,千年笛鲷,,,,,,,no_image
109561,Lupinus micranthus,羽扇豆,,,,,,,no_image
77913,Lutjanus carponotatus,胸斑笛鲷,,,,,,,no_image
47667,Luzonomyza hirsuta,多毛颊鬃缟蝇,,,,,,,no_image
159,Lybia tessellata,花纹细螯蟹,,,,,,,no_image
77941,Lycodon chapaensis,沙坝链蛇,,,,,,,no_image
77961,Lycodon zayuensis,察隅链蛇,,,,,,,no_image
109605,Lycianthes neesiana,截齿红丝线,,,,,,,no_image
146943,Lycoperdon lividum,铅色马勃,,,,,,,no_image
146963,Lycoperdon polycephalum,马勃,,,,,,,no_image
146923,Lycoperdon excoriatum,,,,,,,,no_image
146983,Lycoperdon zeae,,,,,,,,no_image
47698,Lycoriella baishanzuna,百山祖厉眼蕈蚊,,,,,,,no_image
16281,Lycosa grahami,格氏狼蛛,,,,,,,no_image
47718,Lycoriella maxima,硕厉眼蕈蚊,,,,,,,no_image
109659,Lycoris josephinae,四川石蒜,,,,,,,no_image
47733,Lyctocoris hasegawai,暗色细角花蝽,,,,,,,no_image
47750,Lygidea illota,低角盲蝽,,,,,,,no_image
47769,Lygocoris rufomedialis,中红丽盲蝽,,,,,,,no_image
47779,Lygus orientis,东方草盲蝽,,,,,,,no_image
47798,Lymantria elassa,剑毒蛾,,,,,,,no_image
109684,Lyonia macrocalyx,大萼珍珠花,,,,,,,no_image
47818,Lymantria tricolor,三色毒蛾,,,,,,,no_image
147016,Lyophyllum leucophaeatum,白褐离褶伞,,,,,,,no_image
134315,Lyromma nectandrae,,,,,,,,no_image
47836,Lypesthes lewisii,路易氏筒胸肖叶甲,,,,,,,no_image
109708,Lysimachia breviflora,短花珍珠菜,,,,,,,no_image
109729,Lysimachia coriacea,革叶过路黄,,,,,,,no_image
109751,Lysimachia fenghwaiana,芦头过路黄,,,,,,,no_image
109795,Lysimachia maritima,海乳草,,,,,,,no_image
109774,Lysimachia huitsunae,白花过路黄,,,,,,,no_image
109820,Lysimachia pentapetala,狭叶珍珠菜,,,,,,,no_image
109887,Lysionotus chingii,攀缘吊石苣苔,,,,,,,no_image
109842,Lysimachia robusta,粗壮珍珠菜,,,,,,,no_image
109865,Lysimachia taliensis,大理珍珠菜,,,,,,,no_image
109917,Lysionotus pubescens,毛枝吊石苣苔,,,,,,,no_image
14680,Lysiteles conflatus,膨大微蟹蛛,,,,,,,no_image
5196,Lysmatella prima,主拟鞭腕虾,,,,,,,no_image
14602,Lysiteles mandali,曼氏微蟹蛛,,,,,,,no_image
47859,Lyubana longa,长腹连褶金小蜂,,,,,,,no_image
47884,Macellina qizhouense,七州瘦䗛,,,,,,,no_image
47871,Maaserphus henanensis,河南马氏细蜂,,,,,,,no_image
109937,Macadamia tetraphylla,四叶澳洲坚果,,,,,,,no_image
47899,Machaerotypus sibiricus,西伯利亚脊角蝉,,,,,,,no_image
109965,Machilus daozhenensis,道真润楠,,,,,,,no_image
109989,Machilus kurzii,秃枝润楠,,,,,,,no_image
110011,Machilus nanchuanensis,南川润楠,,,,,,,no_image
110032,Machilus shiwandashanica,十万大山润楠,,,,,,,no_image
47908,Machimus concinnus,巧圆突食虫虻,,,,,,,no_image
152313,Macowanites iodiolens,碘味地红菇,,,,,,,no_image
110064,Maclura tricuspidata,柘,,,,,,,no_image
5120,Macrobrachium meridionalis,南方沼虾,,,,,,,no_image
5055,Macrobrachium esculentum,绒掌沼虾,,,,,,,no_image
47942,Macrocentrus anjiensis,安吉长体茧蜂,,,,,,,no_image
47963,Macrocentrus flavo-orbitalis,黄眶长体茧蜂,,,,,,,no_image
47982,Macrocentrus marginator,缘长体茧蜂,,,,,,,no_image
48020,Macrocera nepalensis,尼长角菌蚊,,,,,,,no_image
48003,Macrocentrus tritergitus,三板长体茧蜂,,,,,,,no_image
48056,Macroglossum imperator,滇长喙天蛾,,,,,,,no_image
145627,Macrocybe gigantea,巨大口蘑,,,,,,,no_image
17696,Macrochlamys fargesianus,佛尔巨楯蛞蝓,,,,,,,no_image
48096,Macromia septima,沙天马大伪蜻,,,,,,,no_image
145470,Macrolepiota gracilenta,红顶大环柄菇,,,,,,,no_image
48074,Macromia aculeata,棘尾大伪蜻,,,,,,,no_image
110076,Macromitrium gymnostomum,缺齿蓑藓,,,,,,,no_image
110097,Macromitrium uraiense,乳胞蓑藓,,,,,,,no_image
48119,Macropelopia rotunda,圆大粗腹摇蚊,,,,,,,no_image
131831,Macrophoma mangiferae,,,,,,,,no_image
4034,Macrophthalmus milloti,米氏大眼蟹,,,,,,,no_image
78008,Macroramphosus scolopax,长吻鱼(鹭管鱼),,,,,,,no_image
48132,Macropodaphis tubituberculata,管瘤粗腿蚜,,,,,,,no_image
134102,Macrosporium helminthosporioides,,,,,,,,no_image
48158,Macrostylophora heishuiensis,黑水大锥蚤,,,,,,,no_image
48178,Macrotermes incisus,凹缘大白蚁,,,,,,,no_image
18467,Macrotrachela multispinosa,多刺粗颈轮虫,,,,,,,no_image
13487,Macrothele bannaensis,版纳大疣蛛,,,,,,,no_image
13491,Macrothele yunlingensis,云岭大疣蛛,,,,,,,no_image
3118,Mactra inaequalis,异侧蛤蜊,,,,,,,no_image
78015,Maculopaa maculosa,花棘蛙,,,,,,,no_image
2134,Maera hirondellei,赫氏细身钩虾,,,,,,,no_image
110143,Maesa insignis,毛穗杜茎山,,,,,,,no_image
110164,Maesa tomentella,微毛杜茎山,,,,,,,no_image
48233,Magos xanthopus,玛刺蛾,,,,,,,no_image
48249,Mahavana malaca,,,,,,,,no_image
110186,Mahonia fortunei,十大功劳,,,,,,,no_image
110229,Maianthemum purpureum,紫花鹿药,,,,,,,no_image
110206,Mahonia shenii,沈氏十大功劳,,,,,,,no_image
110235,Makinoa crispata,南溪苔,,,,,,,no_image
48269,Malacosoma insignis,高山幕枯叶蛾,,,,,,,no_image
110237,Malania oleifera,蒜头果,,,,,,,no_image
48282,Malaya incomptas,无纹钩蚊,,,,,,,no_image
2121,Mallacoota subcarinata,亚峰细小钩虾,,,,,,,no_image
5155,Malleus albus,白丁蛎,,,,,,,no_image
48322,Mallota matolla,拟毛管蚜蝇,,,,,,,no_image
110291,Mallotus tiliifolius,椴叶野桐,,,,,,,no_image
13539,Mallinella obtusa,钝马利蛛,,,,,,,no_image
110258,Mallotus japonicus,野梧桐,,,,,,,no_image
110341,Malva neglecta,长瓣圆叶锦葵,,,,,,,no_image
110311,Malus kansuensis,陇东海棠,,,,,,,no_image
15980,Mandarinopus gracilipes,,,,,,,,no_image
110366,Manglietia dandyi,大叶木莲,,,,,,,no_image
110387,Manglietia obovalifolia,倒卵叶木莲,,,,,,,no_image
48360,Mansoniella sassafri,檫木曼盲蝽,,,,,,,no_image
110408,Mannia triandra,疣冠苔,,,,,,,no_image
10957,Mangora spiculata,矛状芒果蛛,,,,,,,no_image
147646,Marasmiellus sinensis,琥珀皮伞,,,,,,,no_image
147606,Marasmiellus androsaceiformis,安络小皮伞,,,,,,,no_image
48379,Mantitheus taiguensis,,,,,,,,no_image
147626,Marasmiellus hondurensis,洪都拉斯微皮伞,,,,,,,no_image
147145,Marasmius alpinus,高山皮伞,,,,,,,no_image
147165,Marasmius candidus,,,,,,,,no_image
147185,Marasmius cystidiosus,,,,,,,,no_image
147205,Marasmius fusicystidiosus,,,,,,,,no_image
147225,Marasmius leelavathyi,,,,,,,,no_image
147285,Marasmius setulosifolius,毛褶小皮伞,,,,,,,no_image
147305,Marasmius urens,,,,,,,,no_image
147265,Marasmius pseudoniveus,,,,,,,,no_image
147245,Marasmius oreades,硬柄小皮伞,,,,,,,no_image
110422,Marchantia formosana,台湾地钱,,,,,,,no_image
78047,Mareca strepera,赤膀鸭,,,,,,,no_image
48406,Margarinotus niponicus,日本歧阎甲,,,,,,,no_image
48424,Margites luteopubens,,,,,,,,no_image
78049,Marmaronetta angustirostris,云石斑鸭,,,,,,,no_image
13050,Marpissa pomatia,黄棕蝇狮蛛,,,,,,,no_image
110466,Marsdenia schneideri,四川牛奶菜,,,,,,,no_image
137918,Marssonina dimocarpi,,,,,,,,no_image
152317,Martellia ramispina,叉刺孢马特腹菌,,,,,,,no_image
13122,Marusyllus bator,巴特马树蛛,,,,,,,no_image
133763,Massarina polymorpha,,,,,,,,no_image
110491,Mastigolejeunea auriculata,鞭鳞苔,,,,,,,no_image
48466,Matrona nigripectus,黑单脉色蟌,,,,,,,no_image
48452,Masuria brevipennis,,,,,,,,no_image
2436,Mauritia Arabica,阿文绥贝,,,,,,,no_image
110520,Matthiola superba,沙地紫罗兰,,,,,,,no_image
48494,Maxates acutissima,丛尖尾尺蛾,,,,,,,no_image
110538,Mazus jiangshiensis,将石通泉草,,,,,,,no_image
48515,Maxates microdonta,平波尖尾尺蛾,,,,,,,no_image
48531,Mazarredia guangxiensis,广西玛蚱,,,,,,,no_image
48549,Mecomma capitata,凹顶昧盲蝽,,,,,,,no_image
110562,Mazus tainanensis,台南通泉草,,,,,,,no_image
110580,Meconopsis biloba,二裂绿绒蒿,,,,,,,no_image
110602,Meconopsis impedita,滇西绿绒蒿,,,,,,,no_image
110629,Meconopsis quintuplinervia,五脉绿绒蒿,,,,,,,no_image
110567,Meconopsis ×,堇色绿绒蒿,,,,,,,no_image
48594,Medetera xizangensis,西藏聚脉长足虻,,,,,,,no_image
48574,Medauroidea polita,光泽莫䗛,,,,,,,no_image
48614,Medhiama wallstromae,,,,,,,,no_image
110680,Medicago sativa,苜蓿,,,,,,,no_image
110702,Meehania henryi,龙头草,,,,,,,no_image
48625,Medogothrips reticulatus,墨脱网管蓟马,,,,,,,no_image
48640,Megabothris advenarius,新来巨槽蚤,,,,,,,no_image
15595,Megachernes himalayensis,喜马巨伪蝎,,,,,,,no_image
48671,Megachile chinensis,中国切叶蜂,,,,,,,no_image
48695,Megachile flavofasciata,黄带切叶蜂,,,,,,,no_image
48719,Megachile maackii,冒切叶蜂,,,,,,,no_image
48740,Megachile relata,窄颊切叶蜂,,,,,,,no_image
14236,Megalepthyphantes kuhitangensis,库山巨斑皿蛛,,,,,,,no_image
48782,Megacoelum minutus,小沟顶盲蝽,,,,,,,no_image
48762,Megachile subtranquilla,拟蔷薇切叶蜂,,,,,,,no_image
48824,Megalinus ruficaudatus,,,,,,,,no_image
48804,Megalinus hailuogouensis,,,,,,,,no_image
152574,Megalocystidium luridum,,,,,,,,no_image
137587,Megalospora atrorubicans,,,,,,,,no_image
48862,Megalurothrips typicus,模大蓟马,,,,,,,no_image
48898,Megarthrus tac,,,,,,,,no_image
48918,Megaselia curtineura,短脉异蚤蝇,,,,,,,no_image
48878,Megarthrus chinese,,,,,,,,no_image
48938,Megaselia meracula,浅黄异蚤蝇,,,,,,,no_image
48958,Megaselia spiracularis,东亚异蚤蝇,,,,,,,no_image
48975,Megasyrphus chinensis,中华硕蚜蝇,,,,,,,no_image
48991,Megophyra multisetosa,多鬃巨黑蝇,,,,,,,no_image
49008,Meijerella cavernae,洞穴环秆蝇,,,,,,,no_image
49019,Mekongiella kingdoni,金澜沧蝗,,,,,,,no_image
153232,Melampsora aleuritidis,油桐栅锈菌,,,,,,,no_image
153252,Melampsora hypericorum,金丝桃栅锈菌,,,,,,,no_image
153292,Melampsora yoshinagai,,,,,,,,no_image
153272,Melampsora orchidi-repentis,,,,,,,,no_image
49030,Melanagromyza conspicua,棘阳黑潜蝇,,,,,,,no_image
136049,Melanelia exasperatula,微糙褐梅,,,,,,,no_image
49050,Melanagromyza viciae,蚕豆黑潜蝇,,,,,,,no_image
136069,Melanelixia glabroides,类茸伊氏叶,,,,,,,no_image
78101,Melanitta americana,黑海番鸭,,,,,,,no_image
149478,Melanogaster obovatisporus,倒卵孢黑腹菌,,,,,,,no_image
136083,Melanohalea poeltii,波氏黑尔衣,,,,,,,no_image
148534,Melanoleuca oreina,,,,,,,,no_image
49082,Melanopachycerina leucochaeta,白毛黑长角缟蝇,,,,,,,no_image
142152,Melanopsamma lanuginosa,,,,,,,,no_image
110759,Melanoseris lessertiana,黑苞毛鳞菊,,,,,,,no_image
154983,Melanopsichium inouyei,桢楠瘤黑粉菌,,,,,,,no_image
49101,Melanthia procellata,黑岛尺蛾,,,,,,,no_image
49087,Melanostoma aurantiaca,橙斑墨蚜蝇,,,,,,,no_image
49109,Melastrongygaster chaoi,赵氏黑寄蝇,,,,,,,no_image
132276,Melaspilea mangrovei,,,,,,,,no_image
110800,Melica radula,细叶臭草,,,,,,,no_image
78122,Melichthys vidua,黑边角鳞鲀,,,,,,,no_image
143913,Meliola alchorneicola,,,,,,,,no_image
49118,Melinda apicihamata,端钩蜗蝇,,,,,,,no_image
143933,Meliola banosensis,,,,,,,,no_image
143993,Meliola eriolaenicola,,,,,,,,no_image
143953,Meliola callicarpicola,,,,,,,,no_image
143973,Meliola cryptocaryae,,,,,,,,no_image
144013,Meliola glochidiicola,,,,,,,,no_image
144033,Meliola juttingii,,,,,,,,no_image
144053,Meliola livistonae,,,,,,,,no_image
144073,Meliola millettiae-rhodanthae,,,,,,,,no_image
144093,Meliola parenchymatica,,,,,,,,no_image
144113,Meliola robinsonii,,,,,,,,no_image
144153,Meliola trachelospermi,,,,,,,,no_image
144133,Meliola styracis,,,,,,,,no_image
110835,Meliosma dilleniifolia,重齿泡花树,,,,,,,no_image
110866,Meliosma veitchiorum,暖木,,,,,,,no_image
49153,Melitaea yuenty,圆翅网蛱蝶,,,,,,,no_image
49169,Mellicta athalia,黄蜜蛱蝶,,,,,,,no_image
2100,Melita hoshinoi,霍氏马尔他钩虾,,,,,,,no_image
110885,Melocanna humilis,小梨竹,,,,,,,no_image
110905,Memecylon pendulum,垂枝谷木,,,,,,,no_image
49184,Meltripata chloronema,黄条黑纹蝗,,,,,,,no_image
110909,Meniocus linifolius,条叶庭荠,,,,,,,no_image
8226,Menella spinifera,针小月柳珊瑚,,,,,,,no_image
110911,Mentha ×,辣薄荷,,,,,,,no_image
49207,Merionoeda catoxelytra,,,,,,,,no_image
340,Meretrix lusoria,丽文蛤,,,,,,,no_image
5421,Merisca margaritina,珍珠美丽蛤,,,,,,,no_image
49247,Merogomphus torpens,小长足春蜓,,,,,,,no_image
16793,Merizocera yuxi,玉溪梅斑蛛,,,,,,,no_image
3096,Meropesta sinojaponica,中国立蛤,,,,,,,no_image
110936,Merremia emarginata,肾叶山猪菜,,,,,,,no_image
5148,Mesacturus furcicaudatus,叉尾刺尾虾蛄,,,,,,,no_image
49283,Mesembrina magnifica,壮墨蝇,,,,,,,no_image
110967,Mertensia dshagastanica,蓝花滨紫草,,,,,,,no_image
49307,Mesembrius tuberosus,瘤突墨管蚜蝇,,,,,,,no_image
78159,Mesogobio tumenensis,图们江中&#x0000E068;,,,,,,,no_image
49339,Mesonemoura tritaenia,三带中叉(虫责),,,,,,,no_image
110975,Mesophyllum simulans,拟中叶藻,,,,,,,no_image
49373,Mesopolobus mongolicus,樟子松迈金小蜂,,,,,,,no_image
49393,Mesopsylla tuschkan,跳鼠中蚤,,,,,,,no_image
49408,Mesosa alternata,,,,,,,,no_image
49429,Mesosa myops,,,,,,,,no_image
110988,Mesostemma gypsophiloides,沙地繁缕,,,,,,,no_image
14908,Meta qianshanensis,千山后蛛,,,,,,,no_image
16875,Metagagrella silvestrii,西尔后盾盲蛛,,,,,,,no_image
49471,Metalimnobia impubis,无毛次沼大蚊,,,,,,,no_image
1629,Metacrinus multisegmentatus,多节新百合,,,,,,,no_image
49489,Metallolophia inanularia,无环豆纹尺蛾,,,,,,,no_image
49498,Metanipponaphis silverstrii,栎叶后扁蚜,,,,,,,no_image
760,Metapenaeopsis stridulans,音响赤虾,,,,,,,no_image
17855,Metaphire asiatica,亚洲腔蚓,,,,,,,no_image
17939,Metaphire fortuita,偶然腔蚓,,,,,,,no_image
17982,Metaphire tschiliensis,直隶腔蚓,,,,,,,no_image
49508,Metaphycus insidiosus,软蚧阔柄跳小蜂,,,,,,,no_image
18013,Metaphire myriosetosa,多毛腔蚓,,,,,,,no_image
141736,Metarhizium anisopliae,,,,,,,,no_image
49524,Metastrangalis albicornis,,,,,,,,no_image
2854,Metaverruca recta,直边拟花笼,,,,,,,no_image
111038,Meteorium buchananii,川滇蔓藓,,,,,,,no_image
49554,Methistemistiba zhejiangensis,,,,,,,,no_image
49563,Metolinus binarius,,,,,,,,no_image
49582,Metopia nudibasis,裸基突额蜂麻蝇,,,,,,,no_image
2834,Metopograpsus quadridentatus,四齿大额蟹,,,,,,,no_image
49606,Metriocnemus aculeatus,细尖中足摇蚊,,,,,,,no_image
49626,Metrioptera bonneti,邦内特姬螽,,,,,,,no_image
111051,Metzgeria fruticulosa,大叉苔,,,,,,,no_image
49652,Micadina sonani,环尾小异䗛,,,,,,,no_image
13699,Micaria alxa,阿拉善小蚁蛛,,,,,,,no_image
49638,Miaenia granulicollis,,,,,,,,no_image
49662,Miccolamia coenosa,,,,,,,,no_image
111096,Michelia microtricha,小毛含笑,,,,,,,no_image
111076,Michelia elegans,雅致含笑,,,,,,,no_image
111127,Micranthes zekoensis,泽库亭阁草,,,,,,,no_image
3449,Micippa platipes,扁足折额蟹,,,,,,,no_image
111140,Microcephala subglobosa,近球状小花菊,,,,,,,no_image
152965,Microbotryum paucireticulatum,,,,,,,,no_image
111144,Microchloa indica,小草,,,,,,,no_image
49710,Microctonus dinghuensis,皱背食甲茧蜂,,,,,,,no_image
49736,Microdon chapini,狭腹巢穴蚜蝇,,,,,,,no_image
49728,Microdebilissa testacea,,,,,,,,no_image
49776,Microdrosophila purpurata,紫眼微果蝇,,,,,,,no_image
49756,Microdrosophila congesta,棕带微果蝇,,,,,,,no_image
134889,Microglossum shiraianum,,,,,,,,no_image
78193,Microhyla pulchra,花姬蛙,,,,,,,no_image
111173,Microlepia kurzii,毛阔叶鳞盖蕨,,,,,,,no_image
111198,Microlepia trichocarpa,毛果鳞盖蕨,,,,,,,no_image
49820,Micromus formosanus,台湾脉褐蛉,,,,,,,no_image
49840,Micromya brevisegmenta,短节小角瘿蚊,,,,,,,no_image
49806,Micromelalopha ralla,细小舟蛾,,,,,,,no_image
49853,Micropeplus jason,,,,,,,,no_image
49873,Micropeplus yushanensis,,,,,,,,no_image
78205,Microphysogobio alticorpus,高身小鳔&#x0000E068;,,,,,,,no_image
138399,Micropodia chrysostigma,,,,,,,,no_image
49884,Micropsectra aristata,尖小突摇蚊,,,,,,,no_image
111235,Microstegium reticulatum,网脉莠竹,,,,,,,no_image
111212,Microsorum cuspidatum,光亮瘤蕨,,,,,,,no_image
49905,Microstylum spectrum,肖微芒食虫虻,,,,,,,no_image
134617,Microsporum audouinii,,,,,,,,no_image
49919,Microtendipes zhamensis,樟木倒毛摇蚊,,,,,,,no_image
49939,Microterys hei,何氏花翅跳小蜂,,,,,,,no_image
49959,Microterys skotasmos,暗色花翅跳小蜂,,,,,,,no_image
111251,Microtoena longisepala,长萼冠唇花,,,,,,,no_image
111269,Microtropis daweishanensis,大围山假卫矛,,,,,,,no_image
111289,Microtropis pyramidalis,塔蕾假卫矛,,,,,,,no_image
111326,Microula polygonoides,蓼状微孔草,,,,,,,no_image
111302,Microula blepharolepis,尖叶微孔草,,,,,,,no_image
1168,Micrura formosana,台湾小尾纽虫,,,,,,,no_image
49994,Mileewa decemspina,十刺窗翅叶蝉,,,,,,,no_image
111355,Mikania micrantha,微甘菊,,,,,,,no_image
50014,Mileewa medispina,中刺窗翅叶蝉，新种,,,,,,,no_image
50034,Milesia apsycta,闽小迷蚜蝇,,,,,,,no_image
154468,Milesina formosana,台湾迈尔锈菌,,,,,,,no_image
111370,Millettia tetraptera,四翅崖豆,,,,,,,no_image
111360,Miliusa cuneata,楔叶野独活,,,,,,,no_image
50100,Miltochrista nigrociliata,毛黑美苔蛾,,,,,,,no_image
50122,Miltochrista strigivenata,黑丝美苔蛾,,,,,,,no_image
50142,Miltogrammidium leigongshanum,雷公山狄蜂麻蝇,,,,,,,no_image
50080,Miltochrista flexuosa,曲美苔蛾,,,,,,,no_image
50160,Mimathyma schrenckii,白斑迷蛱蝶,,,,,,,no_image
50192,Mimomyia fusca,棕色小蚊,,,,,,,no_image
11390,Mimetus labiatus,唇形拟态蛛,,,,,,,no_image
50213,Mimostrangalia cornix,,,,,,,,no_image
111378,Mimulicalyx rosulatus,虾子草,,,,,,,no_image
50270,Minilimosina archboldi,阿奇索小粪蝇,,,,,,,no_image
143121,Minimelanolocus machili,,,,,,,,no_image
50253,Minettia longistylis,长背黑缟蝇,,,,,,,no_image
50291,Minucella divaricata,枝突微室叶蝉,,,,,,,no_image
50331,Mira bifasciata,双带奇异跳小蜂,,,,,,,no_image
50314,Miobdelus kitawakii,,,,,,,,no_image
50347,Mireditha ovulum,圆平肩肖叶甲,,,,,,,no_image
50365,Mirollia composita,复合奇螽,,,,,,,no_image
50406,Mistshenko qinghaiensis,青海缺背蝗,,,,,,,no_image
50385,Miroslava jitkae,伊特卡米粪蝇,,,,,,,no_image
111388,Miscanthus villosus,毛轴芒,,,,,,,no_image
2727,Mitra hilli,黑丽笔螺,,,,,,,no_image
2744,Mitra acuminate,尖顶笔螺,,,,,,,no_image
2706,Mitra ticaonica,紫口笔螺,,,,,,,no_image
111410,Mitreola liuyanii,睫毛度量草,,,,,,,no_image
138767,Mitrula brevispora,短孢地杖菌,,,,,,,no_image
8938,Mixacarus suoxiensis,索溪混居甲螨,,,,,,,no_image
50421,Mnais mneme,烟翅绿色蟌,,,,,,,no_image
111445,Mnium spinosum,刺叶提灯藓,,,,,,,no_image
5367,Modiolus hanleyi,韩氏偏顶蛤,,,,,,,no_image
50441,Moechotypa semenovi,,,,,,,,no_image
78277,Mogera insularis,海岛缺齿鼹,,,,,,,no_image
138790,Mollisia melaleuca,黑白软盘菌,,,,,,,no_image
78282,Mola mola,翻车鲀,,,,,,,no_image
50469,Molophilus duplicatus,双磨大蚊,,,,,,,no_image
50509,Molorchus heptapotamicus,,,,,,,,no_image
50489,Molorchoepania simplexa,,,,,,,,no_image
50529,Molorchus rugatus,,,,,,,,no_image
50547,Momisis longicornis,,,,,,,,no_image
139539,Monacrosporium parvicollis,,,,,,,,no_image
134576,Monascus fumeus,烟灰色红曲霉,,,,,,,no_image
11569,Moneta tumida,膨胀短跗蛛,,,,,,,no_image
50584,Mongoliana signifer,黑星蒙瓢蜡蝉,,,,,,,no_image
1295,Monhystera dispar,不等单宫线虫,,,,,,,no_image
138974,Monilinia johnsonii,约翰逊链核盘菌,,,,,,,no_image
141026,Monochaetia karstenii,,,,,,,,no_image
50609,Monoceromyia guangxiana,广西柄角蚜蝇,,,,,,,no_image
143135,Monodictys gemmipara,,,,,,,,no_image
111472,Monochasma sheareri,鹿茸草,,,,,,,no_image
50639,Monochamus guttulatus,,,,,,,,no_image
143155,Monodidymaria viticis,,,,,,,,no_image
78288,Monomitopus kumae,熊吉单趾鼬鳚,,,,,,,no_image
143161,Monoporisporites megaporus,,,,,,,,no_image
10111,Monotrymacus ternatus,,,,,,,,no_image
8045,Monoserius pennarius,单列羽螅,,,,,,,no_image
78305,Montifringilla henrici,藏雪雀,,,,,,,no_image
6982,Montipora spumosa,泡沫蔷薇珊瑚,,,,,,,no_image
50693,Morana asema,,,,,,,,no_image
139884,Morchella elatovelutipes,,,,,,,,no_image
139904,Morchella umbrinovelutipes,,,,,,,,no_image
111494,Morella adenophora,青杨梅,,,,,,,no_image
131778,Morenoina palmicola,,,,,,,,no_image
111508,Morinda brevipes,短柄鸡眼藤,,,,,,,no_image
155854,Mortierella humilis,矮小被孢霉,,,,,,,no_image
50733,Mormonia bella,苹刺裳夜蛾,,,,,,,no_image
111537,Morinda scabrifolia,西南巴戟,,,,,,,no_image
155874,Mortierella wuyishanensis,,,,,,,,no_image
19250,Morulina nucifera,,,,,,,,no_image
78322,Moschus leucogaster,喜马拉雅麝,,,,,,,no_image
149202,Mucilopilus castaneiceps,栗色黏盖牛肝菌,,,,,,,no_image
15391,Mosu huogou,火狗摩梭蛛,,,,,,,no_image
155961,Mucor griseolilacinus,灰紫毛霉,,,,,,,no_image
156001,Mucor strictus,紧密毛霉,,,,,,,no_image
155981,Mucor petrinsularis,碎囊毛霉,,,,,,,no_image
111591,Mucuna guangxiensis,广西油麻藤,,,,,,,no_image
143175,Multicellaesporites discitypicus,,,,,,,,no_image
50750,Muirodelphax nigrostriata,具条缪氏飞虱,,,,,,,no_image
7753,Muggiaea delsmani,短五角水母,,,,,,,no_image
143195,Multicellaesporites obscurus,,,,,,,,no_image
50754,Multiformis longlingensis,龙陵多突叶蝉,,,,,,,no_image
556,Munida caesura,断脊刺铠虾,,,,,,,no_image
581,Munida sinensis,中华刺铠虾,,,,,,,no_image
602,Munidopsis edwardsii,爱德华拟刺铠虾,,,,,,,no_image
527,Munidopsis taiwanica,台湾拟刺铠虾,,,,,,,no_image
111626,Murdannia citrina,橙花水竹叶,,,,,,,no_image
17350,Murex concinnus,精巧骨螺,,,,,,,no_image
78375,Murina cyclotis,圆耳管鼻蝠,,,,,,,no_image
133343,Murispora rubicunda,,,,,,,,no_image
111656,Musa acuminata,小果野蕉,,,,,,,no_image
111689,Musa yamiensis,雅美芭蕉,,,,,,,no_image
50774,Musca inferior,毛瓣家蝇,,,,,,,no_image
78410,Muscicapa striata,斑鹟,,,,,,,no_image
111722,Mussaenda lotungensis,乐东玉叶金花,,,,,,,no_image
111700,Mussaenda breviloba,短裂玉叶金花,,,,,,,no_image
78419,Mustela strigidorsa,纹鼬,,,,,,,no_image
1677,Myadora fluctuosa,波纹螂斗蛤,,,,,,,no_image
147388,Mycena crocata,橙黄小菇,,,,,,,no_image
50824,Mycalesis panthaka,平顶眉眼蝶,,,,,,,no_image
147368,Mycena arcangeliana,弯柄小菇,,,,,,,no_image
147408,Mycena glutinocothurnata,粘柄小菇,,,,,,,no_image
147448,Mycena phaeophylla,,,,,,,,no_image
147428,Mycena luteoalba,,,,,,,,no_image
147468,Mycena rosella,淡紫小菇,,,,,,,no_image
147488,Mycena trachyspora,,,,,,,,no_image
50857,Mycetophila grata,雅致菌蚊,,,,,,,no_image
50837,Mycetophila absqua,无斑菌蚊,,,,,,,no_image
78425,Mycerobas melanozanthos,白点翅拟蜡嘴雀,,,,,,,no_image
50877,Mycetophila sicyoideusa,葫形菌蚊,,,,,,,no_image
50890,Mycodrosophila albiconis,白角菇果蝇,,,,,,,no_image
50910,Mycodrosophila takachihonis,高千穗菇果蝇,,,,,,,no_image
50918,Mycomya dentalosa,多齿真菌蚊,,,,,,,no_image
50938,Mycomya permixta,杂真菌蚊,,,,,,,no_image
50958,Mycophila speyeri,斯氏菌瘿蚊,,,,,,,no_image
132753,Mycovellosiella passalorioides,,,,,,,,no_image
132733,Mycosphaerella gardeniae,,,,,,,,no_image
78432,Myctophum obtusirostre,钝吻灯笼鱼,,,,,,,no_image
50987,Mydaea minutiglaucina,小蓝圆蝇,,,,,,,no_image
136103,Myelochroa salazinica,水杨嗪黄髓叶,,,,,,,no_image
155480,Myiophyton planchonianum,,,,,,,,no_image
51020,Myllaena laboriosa,,,,,,,,no_image
51040,Myllaena tianmumontis,,,,,,,,no_image
51055,Myopa polystigma,毛虻眼蝇,,,,,,,no_image
51083,Myospila bruma,冬妙蝇,,,,,,,no_image
111761,Myosotis alpestris,勿忘草,,,,,,,no_image
51123,Myospila pudica,怯妙蝇,,,,,,,no_image
51103,Myospila guangdonga,广东妙蝇,,,,,,,no_image
78456,Myotis aurascens,草原须鼠耳蝠,,,,,,,no_image
78476,Myotis muricola,喜山鼠耳蝠,,,,,,,no_image
111788,Myrioneuron tonkinensis,越南密脉木,,,,,,,no_image
13297,Myrmarachne circulus,环蚁蛛,,,,,,,no_image
133316,Myriangium haraeanum,,,,,,,,no_image
13061,Myrmarachne vehemens,苇荷蚁蛛,,,,,,,no_image
136970,Myriotrema viridialbum,,,,,,,,no_image
51155,Myrmecocephalus myrmecolucidus,,,,,,,,no_image
51177,Myrmeleon alticola,褐跗蚁蛉,,,,,,,no_image
111819,Myrsine linearis,打铁树,,,,,,,no_image
51197,Myrmeleotettix brachypterus,短翅蚁蝗,,,,,,,no_image
15409,Mysmena goudao,沟道密蛛,,,,,,,no_image
18303,Mytilina bisulcata,凹脊棘管轮虫,,,,,,,no_image
51224,Nabicula americolimbata,广捺姬蝽,,,,,,,no_image
78503,Myxine kuoi,郭氏盲鳗,,,,,,,no_image
51246,Nabis reuteri,北姬蝽,,,,,,,no_image
51273,Naddia mangshanensis,,,,,,,,no_image
51283,Naiacoccus minor,小蛇粉蚧,,,,,,,no_image
148234,Naematoloma ericaeum,欧石楠状沿丝伞,,,,,,,no_image
51287,Nalepa cylindracea,长圆那琵甲,,,,,,,no_image
51302,Nanatka pianmanana,片马透大叶蝉，新种,,,,,,,no_image
78514,Nannobrachium nigrum,黑体短鳃灯鱼,,,,,,,no_image
51335,Nanostrangalia emeishana,峨眉小花天牛,,,,,,,no_image
78515,Nanorana bangdaensis,邦达倭蛙,,,,,,,no_image
51318,Nanocladius dichromus,双色矮突摇蚊,,,,,,,no_image
111884,Nardia japonica,东亚被蒴苔,,,,,,,no_image
78529,Napothera malacoptila,长嘴鹩鹛,,,,,,,no_image
51366,Narosoideus vulpinus,狡娜刺蛾,,,,,,,no_image
78550,Naso tergus,大眼鼻鱼,,,,,,,no_image
8644,Nassarius bellula,美丽织纹螺,,,,,,,no_image
8648,Nassarius velatus,隐匿织纹螺,,,,,,,no_image
8672,Nassarius glans,橡子织纹螺,,,,,,,no_image
8689,Nassarius olivaceus,橄榄织纹螺,,,,,,,no_image
51391,Nasutitermes inclinasus,倾鼻象白蚁,,,,,,,no_image
5625,Natica sinensis,中华玉螺,,,,,,,no_image
78556,Nasutixalus yingjiangensis,盈江棱鼻树蛙,,,,,,,no_image
51414,Natula pravdini,弯带真蛣蛉,,,,,,,no_image
51416,Naxidia glaphyra,小玷尺蛾,,,,,,,no_image
51453,Nazeris clavator,,,,,,,,no_image
51433,Nazeris baihuaensis,,,,,,,,no_image
51473,Nazeris eminens,,,,,,,,no_image
51513,Nazeris longilobus,,,,,,,,no_image
51493,Nazeris hastatus,,,,,,,,no_image
51533,Nazeris parabrunneus,,,,,,,,no_image
51575,Nazeris uenoi,,,,,,,,no_image
51553,Nazeris sadanarii,,,,,,,,no_image
51595,Nazeris zhaotiexiongi,,,,,,,,no_image
111897,Neanotis boerhaavioides,卷毛新耳草,,,,,,,no_image
51613,Nearcticorpus palaearcticum,古新北小粪蝇,,,,,,,no_image
111914,Neckera flexiramea,曲枝平藓,,,,,,,no_image
51626,Necroscia mista,刺粒角臀䗛,,,,,,,no_image
141699,Nectriopsis uredinophila,,,,,,,,no_image
51651,Necydalis shinborii,,,,,,,,no_image
142107,Nectria australiensis,,,,,,,,no_image
111943,Neillia ribesioides,毛叶绣线梅,,,,,,,no_image
78572,Neenchelys mccoskeri,麦氏新蛇鳗,,,,,,,no_image
111966,Nekemias rubifolia,毛枝牛果藤,,,,,,,no_image
144737,Nemania plumbea,,,,,,,,no_image
147815,Nematoctonus robustus,,,,,,,,no_image
1706,Nematopagurus spinulsensoris,刺螯线寄居蟹,,,,,,,no_image
7439,Nemopsis bachei,贝氏拟线水母,,,,,,,no_image
51679,Nemestrinus ruficaudis,红尾网翅虻,,,,,,,no_image
51721,Nemotelus uliginosus,沼泽线角水虻,,,,,,,no_image
51706,Nemorimyza xizangensis,西藏墨潜蝇,,,,,,,no_image
51741,Nemoura manchuriana,东北叉(虫责),,,,,,,no_image
51761,Nemoura yunnanensis,云南叉(虫责),,,,,,,no_image
51772,Neoasterodiaspis szemaoensis,思茅新链蚧,,,,,,,no_image
111982,Neobotrydium ornithopodum,鸟爪状香藜,,,,,,,no_image
78599,Neobythites unimaculatus,单斑新鼬鳚,,,,,,,no_image
1895,Neocaridina ketagatalan,坎他新米虾,,,,,,,no_image
78601,Neoceratias spinifer,新角鮟鱇,,,,,,,no_image
51820,Neochauliodes occidentalis,西华斑鱼蛉,,,,,,,no_image
111989,Neocinnamomum fargesii,川鄂新樟,,,,,,,no_image
131837,Neodeightonia subglobosa,,,,,,,,no_image
78609,Neodon irene,高原松田鼠,,,,,,,no_image
51856,Neodrymonia comes,半新林舟蛾,,,,,,,no_image
51878,Neodrymonia zuanwu,祝新林舟蛾,,,,,,,no_image
51898,Neoempheria monticola,山居新菌蚊,,,,,,,no_image
138082,Neoerysiphe galii,,,,,,,,no_image
16926,Neoglyphe cheni,陈氏新穴吸虫,,,,,,,no_image
111999,Neohymenopogon parasiticus,石丁香,,,,,,,no_image
51970,Neokodaiana minensis,福建梯额瓢蜡蝉,,,,,,,no_image
51930,Neohirasea hongkongensis,香港新棘䗛,,,,,,,no_image
112029,Neolitsea kwangsiensis,广西新木姜子,,,,,,,no_image
51974,Neolimnophila alticola,台湾沼大蚊,,,,,,,no_image
112051,Neolitsea undulatifolia,波叶新木姜子,,,,,,,no_image
112002,Neolitsea aciculata,台湾新木姜子,,,,,,,no_image
52040,Neomyia coeruleifrons,绿额翠蝇,,,,,,,no_image
51993,Neolygus bui,卜氏新丽盲蝽,,,,,,,no_image
78633,Neomerinthe rotunda,钝吻新棘鲉,,,,,,,no_image
52013,Neolygus renae,任氏新丽盲蝽,,,,,,,no_image
52096,Neoperla baotianmana,宝天曼新(虫责),,,,,,,no_image
78634,Neomys fodiens,水鼩鼱,,,,,,,no_image
142126,Neonectria shennongjiana,,,,,,,,no_image
52065,Neope armandii,阿芒荫眼蝶,,,,,,,no_image
52116,Neoperla flexiscrotata,曲囊新(虫责),,,,,,,no_image
52156,Neoperla rotunda,圆形新(虫责),,,,,,,no_image
52136,Neoperla lihuae,王氏新(虫责),,,,,,,no_image
52188,Neophryganistria heusii,,,,,,,,no_image
52176,Neoperla yaoshana,尧山新(虫责),,,,,,,no_image
78647,Neopomacentrus bankieri,斑氏新雀鲷,,,,,,,no_image
52225,Neopsylla galea,盔状新蚤,,,,,,,no_image
52256,Neoqiongphasma diaoluoshanensis,吊罗山新琼䗛,,,,,,,no_image
52272,Neoris haraldi,弧目大蚕蛾,,,,,,,no_image
52280,Neosclerus biaculeatus,,,,,,,,no_image
11113,Neoscona flavescens,黄色新园蛛,,,,,,,no_image
11066,Neoscona sinhagadensis,辛哈新园蛛,,,,,,,no_image
112080,Neoshirakia japonica,白木乌桕,,,,,,,no_image
52342,Neotetricodes longispinus,长突拟瘤额瓢蜡蝉,,,,,,,no_image
11452,Neospintharus nipponicus,日本新刺胸蛛,,,,,,,no_image
52355,Neotogaria curvata,曲网波纹蛾,,,,,,,no_image
52326,Neotermes dubiocalcaratus,异距新白蚁,,,,,,,no_image
112091,Neottia brevicaulis,短茎对叶兰,,,,,,,no_image
112111,Neottia maolanensis,鱼尾鸟巢兰,,,,,,,no_image
112133,Neottia taibaishanensis,太白山鸟巢兰,,,,,,,no_image
141746,Neotyphodium gansuense,,,,,,,,no_image
1183,Neoxylophaga lobata,片新凿木蛤,,,,,,,no_image
15820,Nepalmatoiulus immaturus,未熟尼姬马陆,,,,,,,no_image
16033,Nepalella jinfoshan,,,,,,,,no_image
52393,Nepalomyia effecta,尽跗距长足虻,,,,,,,no_image
52413,Nepalomyia nantouensis,南投跗距长足虻,,,,,,,no_image
52453,Nepalota gracilis,,,,,,,,no_image
112140,Nepenthes mirabilis,猪笼草,,,,,,,no_image
52433,Nepalomyia zhangae,张氏跗距长足虻,,,,,,,no_image
112160,Nepeta membranifolia,膜叶荆芥,,,,,,,no_image
112183,Nepeta yanthina,淡紫荆芥,,,,,,,no_image
136114,Nephromopsis pallescens,皮革肾岛衣,,,,,,,no_image
112196,Nephrolepis falciformis,镰叶肾蕨,,,,,,,no_image
52491,Nephrotoma caudifera,异尾短柄大蚊,,,,,,,no_image
52512,Nephrotoma hunanensis,湖南短柄大蚊,,,,,,,no_image
52533,Nephrotoma ocellata,后斑短柄大蚊,,,,,,,no_image
52555,Nephrotoma scalaris,,,,,,,,no_image
6902,Nephthea chabrolii,白穗柔荑软珊瑚,,,,,,,no_image
52591,Neptis armandia,矛环蛱蝶,,,,,,,no_image
52638,Neptis narayana,那拉环蛱蝶,,,,,,,no_image
52697,Neptis thestias,泰环蛱蝶,,,,,,,no_image
3969,Nereis longior,长须沙蚕,,,,,,,no_image
14104,Neriene angulifera,丽纹盖蛛,,,,,,,no_image
112202,Nervilia aragoana,广布芋兰,,,,,,,no_image
14287,Neriene macella,鹤嘴盖蛛,,,,,,,no_image
52718,Nesidiocoris tenuis,烟盲蝽,,,,,,,no_image
14545,Nesticella huomachongensis,火马冲小类球蛛,,,,,,,no_image
14532,Nesticella wanzaiensis,万载小类球蛛,,,,,,,no_image
78668,Netuma bilineata,双线多齿海鲶,,,,,,,no_image
52750,Neurigona concaviuscula,细凹脉长足虻,,,,,,,no_image
52770,Neurigona xui,许氏脉长足虻,,,,,,,no_image
52790,Neuronema indicum,印度脉线蛉,,,,,,,no_image
144486,Neurospora intermedia,,,,,,,,no_image
52820,Nevskyella sinensis,华聂跳蚜,,,,,,,no_image
52823,Nicerus gervaisi,格尼蝶角蛉,,,,,,,no_image
78685,Nidirana guangxiensis,广西琴蛙,,,,,,,no_image
145498,Nidularia pulvinata,,,,,,,,no_image
151894,Nigroporus durus,硬黑孔菌,,,,,,,no_image
52843,Nihonogomphus lieftincki,黎氏日春蜓,,,,,,,no_image
52859,Nilaparvata lineolae,线斑褐飞虱,,,,,,,no_image
52879,Nilobezzia semirufa,半红尼蠓,,,,,,,no_image
52906,Niphona cantonensis,,,,,,,,no_image
12665,Nilus phipsoni,菲氏尼蛛,,,,,,,no_image
112236,Niphotrichum canescens,长齿藓,,,,,,,no_image
9237,Nippohermannia parallela,平行日本汉甲螨,,,,,,,no_image
52952,Nipponobythus korbeli,,,,,,,,no_image
6172,Nipponoscaphander japonica,日本泊螺,,,,,,,no_image
52971,Nitidotachinus dui,,,,,,,,no_image
52978,Nivelliomorpha inequalithorax,,,,,,,,no_image
78740,Niviventer pianmaensis,片马社鼠,,,,,,,no_image
52981,Nocticanace pacifica,肥夜滨蝇,,,,,,,no_image
112253,Nogra guangxiensis,广西土黄芪,,,,,,,no_image
53001,Nodina taliana,大理球肖叶甲,,,,,,,no_image
53046,Nondenticentrus qinlingensis,秦岭无齿角蝉,,,,,,,no_image
53026,Nonagria puengeleri,香蒲杆夜蛾,,,,,,,no_image
53063,Nordstroemia duplicata,倍线钩蛾,,,,,,,no_image
53078,Norracoides basinotata,朴娜舟蛾,,,,,,,no_image
53108,Nosopsyllus tersus,四鬃病蚤,,,,,,,no_image
112260,Nothapodytes obscura,薄叶假柴龙树,,,,,,,no_image
18563,Notholca striata,条纹叶轮虫,,,,,,,no_image
53142,Nothoserphus dui,杜氏前沟细蜂,,,,,,,no_image
8829,Nothrus silvestris,森林懒甲螨,,,,,,,no_image
14353,Notioscopus sibiricus,西伯利亚诺提蛛,,,,,,,no_image
7808,Notocyathus conicus,圆锥锦杯珊瑚,,,,,,,no_image
78757,Notoraja tobitukai,日本隆背鳐(短鳐),,,,,,,no_image
18273,Notommata doneta,长趾椎轮虫,,,,,,,no_image
112275,Notoscyphus lutescens,假苞苔,,,,,,,no_image
53226,Notothecta urumqiensis,,,,,,,,no_image
112293,Nowellia aciliata,无毛拳叶苔,,,,,,,no_image
53233,Nudobius lemniscatus,,,,,,,,no_image
4963,Nucula cyrenoides,环肋胡桃蛤,,,,,,,no_image
53251,Numenes siletti,斜带毒蛾,,,,,,,no_image
3882,Nuttallia tchangsii,张氏圆滨蛤,,,,,,,no_image
53265,Nupserha longipennis,,,,,,,,no_image
53288,Nupserha yunnanensis,,,,,,,,no_image
53309,Nyctemera tripunctaria,白巾蝶灯蛾,,,,,,,no_image
53330,Nycterimyia kerteszi,克氏晦网翅虻,,,,,,,no_image
112314,Nymphaea tetragona,睡莲,,,,,,,no_image
112340,Nyssa wenshanensis,文山蓝果树,,,,,,,no_image
112331,Nymphoides hydrophylla,刺种荇菜,,,,,,,no_image
53399,Oberea komlyai,,,,,,,,no_image
53419,Oberea savioi,,,,,,,,no_image
53355,Oberea angustata,,,,,,,,no_image
53439,Obereopsis atritarsis,,,,,,,,no_image
53379,Oberea donceeli,,,,,,,,no_image
112355,Oberonia falconeri,短耳鸢尾兰,,,,,,,no_image
112376,Oberonia pyrulifera,裂唇鸢尾兰,,,,,,,no_image
53458,Obrium fuscoapicalis,,,,,,,,no_image
53474,Ocalea gibbula,,,,,,,,no_image
78819,Ochotona nubrica,奴布拉鼠兔,,,,,,,no_image
53489,Ochlodes subhyalina,白斑赭弄蝶,,,,,,,no_image
137861,Ocellaria ocellata,,,,,,,,no_image
137405,Ochrolechia glacialis,冰川肉疣衣,,,,,,,no_image
137425,Ochrolechia tartarea,酒石肉疣衣,,,,,,,no_image
53509,Ochropleura juldussi,尤狼夜蛾,,,,,,,no_image
53529,Ochropleura umbrifera,阴狼夜蛾,,,,,,,no_image
53543,Ochthephilus basicornis,,,,,,,,no_image
53563,Ochthephilus wrasei,,,,,,,,no_image
15290,Octonoba dentata,齿涡蛛,,,,,,,no_image
53575,Ocinara brunnea,黑点赭蚕蛾,,,,,,,no_image
112402,Octoblepharum albidum,八齿藓,,,,,,,no_image
7018,Octophialucium solidum,坚实八拟杯水母,,,,,,,no_image
140618,Octospora rubens,红八孢盘菌,,,,,,,no_image
53593,Ocychinus kalabi,,,,,,,,no_image
53608,Ocypus aurosericans,,,,,,,,no_image
53629,Ocypus helleni,,,,,,,,no_image
53671,Ocypus weisei,,,,,,,,no_image
53650,Ocypus pammenes,,,,,,,,no_image
78833,Odontanthias borbonius,黄斑牙花鮨,,,,,,,no_image
53695,Odontochrysa hainana,海南齿草蛉,,,,,,,no_image
152672,Odontia sulphurea,硫黄裂齿菌,,,,,,,no_image
53709,Odontoedon rufulus,淡红齿猿叶甲,,,,,,,no_image
53729,Odontomyia lutatius,封闭短角水虻,,,,,,,no_image
112439,Odontostemma euodontum,真齿无心菜,,,,,,,no_image
112463,Odontostemma melandryoides,桃色无心菜,,,,,,,no_image
112423,Odontoschisma francisci,钝叶苔,,,,,,,no_image
112487,Odontostemma setiferum,刚毛无心菜,,,,,,,no_image
53753,Odontotermes annulicornis,环角土白蚁,,,,,,,no_image
53773,Odontotermes wuzhishanensis,五指山土白蚁,,,,,,,no_image
78871,Odorrana liboensis,荔波臭蛙,,,,,,,no_image
78851,Odorrana concelata,苔斑臭蛙,,,,,,,no_image
53787,Oecanthus antennalis,斑角树蟋,,,,,,,no_image
53822,Oedichirus longipennis,,,,,,,,no_image
53803,Oedaspis dorsocentralis,背中鬃鼓盾实蝇,,,,,,,no_image
14317,Oedothorax collinus,毛丘瘤胸蛛,,,,,,,no_image
53836,Oenospila strix,纹月青尺蛾,,,,,,,no_image
53841,Oestroderma schubini,平颜狂皮蝇,,,,,,,no_image
2385,Ogyrides striaticauda,脊尾长眼虾,,,,,,,no_image
138813,Oidiodendron truncatum,,,,,,,,no_image
53867,Olenecamptus clarus,,,,,,,,no_image
112540,Okamuraea hakoniensis,长枝褶藓,,,,,,,no_image
112554,Olea europaea,木犀榄,,,,,,,no_image
53890,Olethreutes electana,溲疏新小卷蛾,,,,,,,no_image
19381,Oligaphorura jingyueensis,,,,,,,,no_image
112578,Oligochaeta minima,寡毛菊,,,,,,,no_image
16819,Oligolophus tienmushanensis,天目山小冠盲蛛,,,,,,,no_image
9547,Oligonychus formosanus,,,,,,,,no_image
9493,Oligonychus qilianensis,,,,,,,,no_image
112588,Oligostachyum nuspiculum,林仔竹,,,,,,,no_image
53936,Oligosita glabriscutata,光盾寡索赤眼蜂,,,,,,,no_image
13456,Olios digitatus,指状奥利蛛,,,,,,,no_image
155279,Olpidium endogenum,内生油壶菌,,,,,,,no_image
112609,Ombrocharis dulcis,喜雨草,,,,,,,no_image
53992,Ommatophora luminosa,瞳夜蛾,,,,,,,no_image
53977,Ommatius frauenfeldi,弗拉羽芒食虫虻,,,,,,,no_image
148584,Omphalina obatra,,,,,,,,no_image
78926,Omosudis lowii,锤颌鱼,,,,,,,no_image
148564,Omphalia striipilea,,,,,,,,no_image
112619,Omphalotrigonotis cupulifera,皿果草,,,,,,,no_image
54019,Oncocephala formosana,台湾瘤铁甲,,,,,,,no_image
143250,Oncopodium erectum,,,,,,,,no_image
54055,Onidodelphax serratus,锯茎欧尼飞虱,,,,,,,no_image
54035,Onesia erlangshanensis,二郎山蚓蝇,,,,,,,no_image
112666,Onosma paniculatum,滇紫草,,,,,,,no_image
112643,Onosma bracteata,尾苞滇紫草,,,,,,,no_image
112629,Onobrychis pulchella,美丽红豆草,,,,,,,no_image
54075,Ontholestes oculatus,,,,,,,,no_image
78958,Onychostoma lepturum,细尾白甲鱼,,,,,,,no_image
54095,Onukia saddlea,马鞍锥头叶蝉,,,,,,,no_image
54109,Oocelyphus nigritus,黑卵甲蝇,,,,,,,no_image
19393,Onychiurus qingchuanensis,,,,,,,,no_image
54127,Ooencyrtus pallidipes,,,,,,,,no_image
131591,Opegrapha viridis,,,,,,,,no_image
54143,Opacoptera callirrhabda,隐翅祝蛾,,,,,,,no_image
2814,Ophiactis affinis,近辐蛇尾,,,,,,,no_image
78974,Ophichthus bonaparti,鲍氏蛇鳗,,,,,,,no_image
9335,Ophidiotrichus ussuricus,乌苏里蛇轮甲螨,,,,,,,no_image
142197,Ophiocordyceps melolonthae,鳃金龟线虫草,,,,,,,no_image
891,Ophiochiton fastigatus,脊铠蛇尾,,,,,,,no_image
112694,Ophioglossum austroasiaticum,高山瓶尔小草,,,,,,,no_image
6737,Ophioleptoplax megapora,大孔薄板蛇尾,,,,,,,no_image
142128,Ophionectria trichospora,,,,,,,,no_image
54163,Ophiomyia centrosematis,距瓣豆蛇潜蝇,,,,,,,no_image
4703,Ophiophthalmus relictus,鼓盘裸盾蛇尾,,,,,,,no_image
112719,Ophiopogon heterandrus,异药沿阶草,,,,,,,no_image
112739,Ophiopogon pseudotonkinensis,拟多花沿阶草,,,,,,,no_image
112759,Ophiopogon zingiberaceus,姜状沿阶草,,,,,,,no_image
112777,Ophiorrhiza dulongensis,独龙蛇根草,,,,,,,no_image
112797,Ophiorrhiza laevifolia,平滑蛇根草,,,,,,,no_image
112837,Ophiorrhiza shiqianensis,石阡蛇根草,,,,,,,no_image
112817,Ophiorrhiza oppositiflora,对生蛇根草,,,,,,,no_image
468,Ophiothrix koreana,朝鲜刺蛇尾,,,,,,,no_image
78993,Ophryophryne microstoma,小口拟角蟾,,,,,,,no_image
54219,Ophyra okazakii,拟斑蹠黑蝇,,,,,,,no_image
54185,Ophisma gravata,赘夜蛾,,,,,,,no_image
16970,Opisthorchis cantonensis,广东后睾吸虫,,,,,,,no_image
79010,Opisthotropis tamdaoensis,三岛后棱蛇,,,,,,,no_image
54233,Oplodontha facinigra,黑颜脉水虻,,,,,,,no_image
15325,Opopaea macula,斑点巨膝蛛,,,,,,,no_image
54240,Opsyra chalcoela,耀夜蛾,,,,,,,no_image
922,Oratosquillina anomala,异形小口虾蛄,,,,,,,no_image
139549,Orbilia calochroa,,,,,,,,no_image
139569,Orbilia luteorubella,黄红圆盘菌,,,,,,,no_image
18770,Orchesellides sinensis,,,,,,,,no_image
17031,Orchidasma amphiorchis,端睾离睾吸虫,,,,,,,no_image
112886,Oreocharis acutiloba,尖瓣佛肚苣苔,,,,,,,no_image
112914,Oreocharis chienii,浙皖佛肚苣苔,,,,,,,no_image
112938,Oreocharis elegantissima,紫花佛肚苣苔,,,,,,,no_image
112958,Oreocharis hongheensis,红河短檐苣苔,,,,,,,no_image
112986,Oreocharis notochlaena,弥勒苣苔,,,,,,,no_image
113032,Oreocharis synergia,友谊马铃苣苔,,,,,,,no_image
113008,Oreocharis qianyuensis,黔渝马铃苣苔,,,,,,,no_image
113054,Oreocharis xieyongii,解勇马铃苣苔,,,,,,,no_image
113078,Oreocomopsis dochenensis,羽苞芹,,,,,,,no_image
79038,Oreolalax granulosus,棘疣齿蟾,,,,,,,no_image
54257,Oreomela borochorensis,般若高山叶甲,,,,,,,no_image
54277,Oreomela nigroviolacea,紫高山叶甲,,,,,,,no_image
79057,Oreonectes donglanensis,东兰岭鳅,,,,,,,no_image
113097,Oreorchis erythrochrysea,短梗山兰,,,,,,,no_image
113118,Oreoseris raphanifolia,光叶火石花,,,,,,,no_image
54311,Oreta fusca,昏山钩蛾,,,,,,,no_image
54335,Orgilus caballus,长脸怒茧蜂,,,,,,,no_image
54355,Orgyia tristis,丝古毒蛾,,,,,,,no_image
54380,Orientomiris sznicus,华夏东盲蝽,,,,,,,no_image
54363,Orienticaelum parvisetalis,四纹拟刺脉实蝇,,,,,,,no_image
54386,Orimarga basilobata,基裂缘大蚊,,,,,,,no_image
113128,Orinus intermedius,中间固沙草,,,,,,,no_image
54426,Ormosia decorate,华美索大蚊,,,,,,,no_image
54411,Orius neimongolanus,内蒙古小花蝽,,,,,,,no_image
113148,Ormosia inflata,胀荚红豆,,,,,,,no_image
113166,Ormosia saxatilis,岩生红豆,,,,,,,no_image
54446,Ornithoctona plicata,褶翅钩鸟虱蝇,,,,,,,no_image
113194,Orobanche elatior,短唇列当,,,,,,,no_image
113212,Orophea multiflora,多花澄广花,,,,,,,no_image
136128,Oropogon colibor,,,,,,,,no_image
54481,Orothalassodes hypocrites,斑翠尺蛾,,,,,,,no_image
136148,Oropogon secalonicus,黑麦酮砖孢发,,,,,,,no_image
54499,Orphnebius planicollis,,,,,,,,no_image
54511,Orsunius confluens,,,,,,,,no_image
113225,Orthocaulis atlanticus,直茎苔,,,,,,,no_image
54531,Orthetrum internum,褐肩灰蜻,,,,,,,no_image
54561,Orthocladius priomixtus,尖角直突摇蚊,,,,,,,no_image
3373,Ortholinea sinensis,中华直缝虫,,,,,,,no_image
54589,Orthonevra karumaiensis,晕翅闪光蚜蝇,,,,,,,no_image
7980,Orthopyxis platycarpa,扁直果螅,,,,,,,no_image
54618,Orthostheneboea simianshanensis,,,,,,,,no_image
113259,Orthotrichum laxum,散生木灵藓,,,,,,,no_image
113275,Orychophragmus hupehensis,湖北诸葛菜,,,,,,,no_image
54624,Orthotylus fieberi,佛氏合垫盲蝽,,,,,,,no_image
54647,Orthotylus zhengi,郑氏合垫盲蝽,,,,,,,no_image
113315,Osmanthus hainanensis,显脉木犀,,,,,,,no_image
113297,Osbeckia crinita,假朝天罐,,,,,,,no_image
54670,Osmia excavata,凹唇壁蜂,,,,,,,no_image
54690,Osmia rufina,红壁蜂,,,,,,,no_image
54703,Osmylus fuberosus,偶瘤溪蛉,,,,,,,no_image
54722,Osorius huangi,,,,,,,,no_image
79095,Ostichthys archiepiscopus,长吻骨鳂,,,,,,,no_image
54740,Ostedes dentata,,,,,,,,no_image
4119,Ostrea denselamellosa,密鳞牡蛎,,,,,,,no_image
79113,Ostorhinchus kiensis,中线鹦天竺鲷,,,,,,,no_image
11886,Otacilia florifera,花腹奥塔蛛,,,,,,,no_image
11868,Otacilia ailan,爱兰奥塔蛛,,,,,,,no_image
11897,Otacilia macrospora,巨孔奥塔蛛,,,,,,,no_image
11909,Otacilia shenshanica,神山奥塔蛛,,,,,,,no_image
11896,Otacilia yinae,尹氏奥塔蛛,,,,,,,no_image
54771,Othius furcillatus,,,,,,,,no_image
54793,Othius rosti,,,,,,,,no_image
139916,Otidea auricula,木耳状地耳,,,,,,,no_image
79151,Otus sunia,红角鸮,,,,,,,no_image
139936,Otidea silvicola,,,,,,,,no_image
113377,Otosema extensa,耳旗豆,,,,,,,no_image
147739,Oudemansiella platensis,凸孢长根菇,,,,,,,no_image
19,Ovalipes punctatus,细点圆趾蟹,,,,,,,no_image
54819,Oxoia viridipicta,绿敏舟蛾,,,,,,,no_image
54817,Oxacme marginata,白翅尖苔蛾,,,,,,,no_image
54840,Oxyambulyx Kuangtungensis,华南鹰翅天蛾,,,,,,,no_image
54874,Oxycera micronigra,小黑盾刺水虻,,,,,,,no_image
113424,Oxybasis chenopodioides,合被藜,,,,,,,no_image
151050,Oxydontia copelandii,悬垂箭皮菌,,,,,,,no_image
144667,Oxydothis pandanicola,,,,,,,,no_image
54893,Oxyna gansuica,甘肃灿翅实蝇,,,,,,,no_image
11339,Oxyopes birmanicus,缅甸猫蛛,,,,,,,no_image
11382,Oxyopes nenilini,雷林猫蛛,,,,,,,no_image
54903,Oxyphyllomyia cordylurina,突尖叶寄蝇,,,,,,,no_image
54923,Oxypoda dabicola,,,,,,,,no_image
54943,Oxypoda implorans,,,,,,,,no_image
54963,Oxypoda mimobisinuata,,,,,,,,no_image
54983,Oxypoda saanxicola,,,,,,,,no_image
55003,Oxypoda subsericea,,,,,,,,no_image
55038,Oxyporus femoratus,,,,,,,,no_image
55023,Oxypoda yunnanicola,,,,,,,,no_image
55055,Oxyporus meigu,,,,,,,,no_image
150683,Oxyporus subpopulinus,拟杨锐孔菌,,,,,,,no_image
55084,Oxyrrhepes cantonensis,广东大头蝗,,,,,,,no_image
55093,Oxysychus scolyti,桃蠹奥金小蜂,,,,,,,no_image
55100,Oxytelus almorensis,,,,,,,,no_image
55121,Oxythrips ulmifoliorum,榆敏蓟马,,,,,,,no_image
113468,Oxytropis biloba,二裂棘豆,,,,,,,no_image
113490,Oxytropis densiflora,密叶棘豆,,,,,,,no_image
113514,Oxytropis hirsuta,长硬毛棘豆,,,,,,,no_image
113560,Oxytropis muricata,糙荚棘豆,,,,,,,no_image
113534,Oxytropis latibracteata,宽苞棘豆,,,,,,,no_image
113580,Oxytropis proboscidea,冰川棘豆,,,,,,,no_image
113602,Oxytropis saposhnikovii,萨氏棘豆,,,,,,,no_image
79182,Oxyurichthys formosanus,台湾沟鰕虎,,,,,,,no_image
113624,Oxytropis thomsonii,长喙棘豆,,,,,,,no_image
148013,Ozonium auricomum,黄丝索,,,,,,,no_image
55129,Pachista superans,巨尺蛾,,,,,,,no_image
55149,Pachycorynus shanmo,,,,,,,,no_image
113651,Pachygone yunnanensis,滇粉绿藤,,,,,,,no_image
55160,Pachylophus chinensis,中华粗腿秆蝇,,,,,,,no_image
55180,Pachyneuron merum,光边楔缘金小蜂,,,,,,,no_image
55198,Pachypappa tortuosae,龙爪柳粗毛绵蚜,,,,,,,no_image
139991,Pachyphloeus carneus,,,,,,,,no_image
8142,Pachyseris speciosa,标准厚丝珊瑚,,,,,,,no_image
55242,Pachytodes longipes,,,,,,,,no_image
15848,Pacidesmus tiani,,,,,,,,no_image
134441,Paecilomyces odonatae,,,,,,,,no_image
2930,Padrycheles sculptus,雕刻厚螯瓷蟹,,,,,,,no_image
113670,Paederia changguan,长冠鸡屎藤,,,,,,,no_image
55278,Paederus excisissimus,,,,,,,,no_image
55258,Paederus apfelsinicus,,,,,,,,no_image
55300,Paederus multidenticulatus,,,,,,,,no_image
55320,Paederus volutobliquus,,,,,,,,no_image
113707,Paeonia sterniana,白花芍药,,,,,,,no_image
5202,Paguristes hians,短鞭长眼寄居蟹,,,,,,,no_image
1709,Pagurus japonicus,日本寄居蟹,,,,,,,no_image
9324,Palaeacaroides pacificus,大洋拟古甲螨,,,,,,,no_image
55379,Palaminus japonicus,,,,,,,,no_image
55331,Palaeochrysomphanus hippothoe,古灰蝶,,,,,,,no_image
19241,Paleonura angustior,,,,,,,,no_image
55357,Palaeopsylla longidigita,长指古蚤,,,,,,,no_image
55402,Palimna liturata,,,,,,,,no_image
14102,Palliduphantes pallidus,苍白暗皿蛛,,,,,,,no_image
113735,Palmatiboea yinzhengii,印政掌脉苣苔,,,,,,,no_image
55427,Palpomyia divisa,分节须蠓,,,,,,,no_image
55447,Palpomyia serripes,锯足须蠓,,,,,,,no_image
113746,Panax stipuleanatus,屏边三七,,,,,,,no_image
55461,Pammene ochsenheimeriana,云杉超小卷蛾,,,,,,,no_image
79217,Pandaka lidwilli,莱氏矮鰕虎,,,,,,,no_image
55489,Pandemis curvipenita,曲褐卷蛾,,,,,,,no_image
155486,Pandora calliphorae,丽蝇虫疠霉,,,,,,,no_image
147499,Panellus acerosus,针形扇菇,,,,,,,no_image
10178,Pangacarus formosanus,,,,,,,,no_image
55518,Pangrapta saucia,二斑眉夜蛾,,,,,,,no_image
113769,Panicum humile,南亚黍,,,,,,,no_image
137255,Pannaria conoplea,绵毛鳞叶衣,,,,,,,no_image
9611,Panonychus lishanensis,,,,,,,,no_image
55548,Pantana jinpingensis,金平竹毒蛾,,,,,,,no_image
55562,Pantoporia bieti,苾蟠蛱蝶,,,,,,,no_image
151079,Panus stipticus,止血革耳,,,,,,,no_image
55590,Panzeria mesnili,梅斯阳寄蝇,,,,,,,no_image
79229,Pao leiurus,斑腰单孔鲀,,,,,,,no_image
372,Paphia sinuosa,屈巴非蛤,,,,,,,no_image
113829,Paphiopedilum insigne,波瓣兜兰,,,,,,,no_image
55621,Papilio castor,玉牙美凤蝶,,,,,,,no_image
113860,Papillidiopsis macrosticta,褶边拟刺疣藓,,,,,,,no_image
55674,Papilio thaiwanus,台湾美风蝶,,,,,,,no_image
55680,Parabaculum wushanense,巫山拟短肛䗛,,,,,,,no_image
79235,Parablennius yatabei,八部副鳚,,,,,,,no_image
55691,Parabolopona basispina,基突脊翅叶蝉,,,,,,,no_image
113883,Paraboea nanxiensis,南溪蛛毛苣苔,,,,,,,no_image
79237,Parabothus kiensis,少鳞拟鲆,,,,,,,no_image
79251,Paracaesio xanthura,黄背若梅鲷,,,,,,,no_image
3629,Paracaudina chilensis,海棒槌,,,,,,,no_image
55722,Paracercion calamorum,蓝纹尾蟌,,,,,,,no_image
55733,Parachironomus gracilior,格拉拟摇蚊,,,,,,,no_image
55746,Paracladopelma camptolabis,钩突拟枝角摇蚊,,,,,,,no_image
55781,Paraclius melicus,谐弓脉长足虻,,,,,,,no_image
5109,Paraclimene franklini,富兰克林副岩虾,,,,,,,no_image
6664,Paracomesoma dubium,疑拟联体线虫,,,,,,,no_image
55801,Paraclytus irenae,,,,,,,,no_image
55824,Paracrama dulcissima,翡夜蛾,,,,,,,no_image
55835,Paracyrta longiloba,长突异弓背叶蝉,,,,,,,no_image
55862,Paradichosia chuanbeiensis,川北变丽蝇,,,,,,,no_image
55853,Paradelphomyia issikina,一色索大蚊,,,,,,,no_image
16943,Paradiscogaster farooqii,福氏类腹盘吸虫,,,,,,,no_image
55893,Paradoxopsyllus intermedius,介中怪蚤,,,,,,,no_image
79264,Paradoxornis guttaticollis,点胸鸦雀,,,,,,,no_image
10101,Paraepitrimerus erigeronsis,,,,,,,,no_image
55939,Paragentia excavata,,,,,,,,no_image
155786,Paraglomus occultum,隐类球囊霉,,,,,,,no_image
79275,Paragobiodon modestus,疣副叶鰕虎,,,,,,,no_image
55986,Paragonista infumata,小戛蝗,,,,,,,no_image
55999,Paragus hanzhongensis,汉中小蚜蝇,,,,,,,no_image
113905,Paragymnopteris bipinnata,,,,,,,,no_image
56045,Parahypotermes sumatrensis,暗齿壤白蚁,,,,,,,no_image
56027,Parahybos chiragra,细腿准驼舞虻,,,,,,,no_image
1261,Paralacydonia paradoxa,拟特须虫,,,,,,,no_image
56074,Paraleiophasma xinganensis,兴安仿润䗛,,,,,,,no_image
56082,Paraleprodera insidiosa,,,,,,,,no_image
56109,Paralimna sinensis,中华沼刺水蝇,,,,,,,no_image
56093,Paraleucophenga longiseta,长鬃扁腹果蝇,,,,,,,no_image
19214,Paralobella tianmuna,,,,,,,,no_image
3480,Paralomis heterotuberculata,异突仿石蟹,,,,,,,no_image
56148,Paramedetera jinxiuensis,金秀直脉长足虻,,,,,,,no_image
79307,Paramegophrys liui,福建掌突蟾,,,,,,,no_image
79327,Paramegophrys wumingensis,武鸣掌突蟾,,,,,,,no_image
79332,Paramesotriton aurantius,橙脊瘰螈,,,,,,,no_image
56160,Parametriocnemus brundini,布氏拟中足摇蚊,,,,,,,no_image
79349,Paramisgurnus dabryanus,大鳞副泥鳅,,,,,,,no_image
56188,Paranaspia ruficollis,,,,,,,,no_image
538,Paramunida tricarinata,三脊仿刺铠虾,,,,,,,no_image
113931,Paranephelium hainanense,海南假韶子,,,,,,,no_image
56219,Paranticopsis xenocles,客纹凤蝶,,,,,,,no_image
56233,Parapalaestrinus mutillarius,,,,,,,,no_image
56241,Paraphaenocladius triangulus,三角拟矩摇蚊,,,,,,,no_image
79371,Parapercis millepunctata,雪点拟鲈,,,,,,,no_image
723,Parapenaeus australiensis,澳洲拟对虾,,,,,,,no_image
113946,Paraphlomis foliata,曲茎假糙苏,,,,,,,no_image
113973,Paraphlomis parviflora,小花假糙苏,,,,,,,no_image
56250,Paraphrodisium sinense,,,,,,,,no_image
113989,Paraprenanthes diversifolia,林生假福王草,,,,,,,no_image
56260,Parapsestis lichenea,华异波纹蛾,,,,,,,no_image
79403,Pararasbora moltrechti,台湾副细鲫,,,,,,,no_image
18757,Pararrhopalites yinae,,,,,,,,no_image
56303,Parasa hainana,琼绿刺蛾,,,,,,,no_image
56341,Parasalpinia laosensis,,,,,,,,no_image
56323,Parasa punica,榴绿刺蛾,,,,,,,no_image
114021,Parasenecio cyclotus,轮叶蟹甲草,,,,,,,no_image
56361,Parascela tuberosa,瘤鞘似角胸肖叶甲,,,,,,,no_image
114043,Parasenecio longispicus,长穗蟹甲草,,,,,,,no_image
114067,Parasenecio tenianus,盐丰蟹甲草,,,,,,,no_image
56372,Parasiccia nocturna,夜斑苔蛾,,,,,,,no_image
56386,Parasipyloidea galbina,暗绿无齿股䗛,,,,,,,no_image
11515,Parasteatoda celsabdomina,翘腹拟肥腹蛛,,,,,,,no_image
11659,Parasteatoda taiwanica,台湾拟肥腹蛛,,,,,,,no_image
56407,Parastrangalis diffluata,,,,,,,,no_image
56438,Parasyrphus lineolus,直带拟蚜蝇,,,,,,,no_image
56427,Parastrangalis protensa,齿胸异花天牛,,,,,,,no_image
114078,Parathelypteris caoshanensis,草山金星蕨,,,,,,,no_image
56454,Paratendipes guizhouensis,贵州间摇蚊,,,,,,,no_image
33,Parathranites orientalis,东方板梭子蟹,,,,,,,no_image
56486,Paratorna fenestralis,褐边环翅卷蛾,,,,,,,no_image
56502,Paratrypeta appendiculata,纹背副脉实蝇,,,,,,,no_image
79435,Pardachirus pavoninus,眼斑豹鳎,,,,,,,no_image
10974,Parawixia dehaani,德氏近园蛛,,,,,,,no_image
16274,Pardosa birmanica,缅甸豹蛛,,,,,,,no_image
16522,Pardosa longisepta,长隔豹蛛,,,,,,,no_image
16580,Pardosa paratesquorum,拟荒漠豹蛛,,,,,,,no_image
16427,Pardosa hedini,赫氏豹蛛,,,,,,,no_image
16341,Pardosa sichuanensis,四川豹蛛,,,,,,,no_image
16330,Pardosa villarealae,维拉豹蛛,,,,,,,no_image
79447,Pareas geminatus,伯仲钝头蛇,,,,,,,no_image
56528,Paregle vetula,毛腹邻种蝇,,,,,,,no_image
56542,Parerigone takanoi,高野俏饰寄蝇,,,,,,,no_image
56545,Pareulype consanguinea,直菲尺蛾,,,,,,,no_image
56568,Pareutetrapha olivacea,,,,,,,,no_image
3726,Parhyale hawaiensis,夏威夷明钩虾,,,,,,,no_image
512,Pariphiculus agariciferus,伞菌拟精干蟹,,,,,,,no_image
114129,Paris polyphylla,七叶一枝花,,,,,,,no_image
150894,Parmastomyces mollissimus,软帕氏孔菌,,,,,,,no_image
136170,Parmelia cristifera,鸡冠状梅衣,,,,,,,no_image
136190,Parmelia isidioclada,,,,,,,,no_image
136210,Parmelia niitakana,高山梅衣,,,,,,,no_image
136250,Parmelia tinctina,暗腹梅衣,,,,,,,no_image
136268,Parmelinopsis afrorevoluta,反卷狭叶衣,,,,,,,no_image
136230,Parmelia squarrosa,羽根梅衣,,,,,,,no_image
136284,Parmotrema crinitoides,类毛大叶梅,,,,,,,no_image
136304,Parmotrema overeemii,奥氏大叶梅,,,,,,,no_image
136324,Parmotrema tinctorium,,,,,,,,no_image
114178,Parnassia degeensis,德格梅花草,,,,,,,no_image
114230,Parnassia subscaposa,倒卵瓣梅花草,,,,,,,no_image
114204,Parnassia longipetaloides,似长瓣梅花草,,,,,,,no_image
56705,Parnassius schulteri,师古绢蝶,,,,,,,no_image
56627,Parnassius baileyi,巴裔绢蝶,,,,,,,no_image
56736,Parochthiphila yangi,杨氏准斑腹蝇,,,,,,,no_image
56749,Paromalus vernalis,春丽尾阎甲,,,,,,,no_image
56766,Parosmylus yadonganus,亚东近溪蛉,,,,,,,no_image
114262,Parthenocissus feddei,长柄地锦,,,,,,,no_image
79511,Parus monticolus,绿背山雀,,,,,,,no_image
79488,Parupeneus barberinus,条斑副绯鲤,,,,,,,no_image
56796,Parydra pulvisa,黑胫滨水蝇,,,,,,,no_image
114288,Paspalum scrobiculatum,鸭乸草,,,,,,,no_image
132773,Passalora evodiae,,,,,,,,no_image
132793,Passalora simulans,,,,,,,,no_image
114304,Passiflora foetida,龙珠果,,,,,,,no_image
56801,Patanga humilis,小黄脊蝗,,,,,,,no_image
140647,Patella umbrorum,,,,,,,,no_image
6770,Patulambrus nummiferus,钱币路紧握蟹,,,,,,,no_image
114321,Patis coreana,长旗草,,,,,,,no_image
114353,Pavieasia yunnanensis,云南檀栗,,,,,,,no_image
56831,Pectiniseta yaeyamensis,八重山栉芒秽蝇,,,,,,,no_image
56825,Pazala timur,铁木剑凤蝶,,,,,,,no_image
149495,Paxillus rhytidophyllus,皱褶桩菇,,,,,,,no_image
114380,Pedicularis anthemifolia,春黄菊叶马先蒿,,,,,,,no_image
114412,Pedicularis cernua,俯垂马先蒿,,,,,,,no_image
114439,Pedicularis cranolopha,凸额马先蒿,,,,,,,no_image
114473,Pedicularis delavayi,新粗管马先蒿,,,,,,,no_image
114498,Pedicularis elsholtzioides,丁青马先蒿,,,,,,,no_image
114582,Pedicularis kongboensis,宫布马先蒿,,,,,,,no_image
114556,Pedicularis holocalyx,全萼马先蒿,,,,,,,no_image
114525,Pedicularis galeata,显盔马先蒿,,,,,,,no_image
114608,Pedicularis limprichtiana,会理马先蒿,,,,,,,no_image
114637,Pedicularis mariae,斜果马先蒿,,,,,,,no_image
114659,Pedicularis muscicola,藓生马先蒿,,,,,,,no_image
114694,Pedicularis orthocoryne,直盔马先蒿,,,,,,,no_image
114724,Pedicularis praeruptorum,悬岩马先蒿,,,,,,,no_image
114792,Pedicularis ruoergaiensis,若尔盖马先蒿,,,,,,,no_image
114820,Pedicularis sphaerantha,团花马先蒿,,,,,,,no_image
114753,Pedicularis remotiloba,疏裂马先蒿,,,,,,,no_image
114851,Pedicularis tantalorhyncha,颤喙马先蒿,,,,,,,no_image
114876,Pedicularis trichomata,须毛马先蒿,,,,,,,no_image
114901,Pedicularis wanghongiae,王红马先蒿,,,,,,,no_image
56857,Pedopodisma furcula,小尾小蹦蝗,,,,,,,no_image
56838,Pediobius elongatus,长腹柄腹姬小蜂,,,,,,,no_image
79540,Pegasus laternarius,海蛾鱼,,,,,,,no_image
56905,Pegomya flavifrons,黄额泉蝇,,,,,,,no_image
56965,Pegomya sublurida,拟灰黄泉蝇,,,,,,,no_image
56885,Pegomya brunnescens,褐色泉蝇,,,,,,,no_image
56945,Pegomya phyllostachys,毛笋泉蝇,,,,,,,no_image
56925,Pegomya luteapiculis,黄尖泉蝇,,,,,,,no_image
56985,Pegoplata nigroscutellata,黑小盾须泉蝇,,,,,,,no_image
57003,Pelagodes subquadraria,亚海绿尺蛾,,,,,,,no_image
14064,Pelecopsis nigroloba,黑突盾板蛛,,,,,,,no_image
57016,Peleteria honghuang,红黄长须寄蝇,,,,,,,no_image
57036,Peleteria triseta,黑头长须寄蝇,,,,,,,no_image
57054,Pelioptera taitungensis,,,,,,,,no_image
114955,Peliosanthes purpureiflora,紫花球子草,,,,,,,no_image
57072,Pella sichuanensis,,,,,,,,no_image
149674,Pellicularia salmonicolor,,,,,,,,no_image
114989,Pellionia paucidentata,滇南赤车,,,,,,,no_image
57078,Pelochrista arabescana,斑刺小卷蛾,,,,,,,no_image
57083,Pelopidas agna,南亚谷弄蝶,,,,,,,no_image
57095,Pelosia hoenei,边黄泥苔蛾,,,,,,,no_image
137284,Peltigera dolichorrhiza,,,,,,,,no_image
137304,Peltigera polydactylon,多指地卷,,,,,,,no_image
115005,Peltolepis quadrata,月鳞苔,,,,,,,no_image
57120,Pemphigus sinobursarius,柄脉叶瘿绵蚜,,,,,,,no_image
57135,Penicillidia jenynsii,姜宜笔蛛蝇,,,,,,,no_image
57106,Pelurga comitata,驼尺蛾,,,,,,,no_image
134478,Penicillium coprophilum,,,,,,,,no_image
134518,Penicillium multicolor,,,,,,,,no_image
134498,Penicillium griseofulvum,,,,,,,,no_image
134538,Penicillium rubrum,,,,,,,,no_image
152059,Peniophora alutaria,革色笋伏革菌,,,,,,,no_image
152079,Peniophora trigonosperma,角孢隔孢伏革菌,,,,,,,no_image
10674,Pennatula sp,海鳃A,,,,,,,no_image
2368,Pentaceraster chinensis,中华疣海星,,,,,,,no_image
115032,Pentaphragma spicatum,直序五膜草,,,,,,,no_image
57170,Penthetria zangana,藏叉毛蚊,,,,,,,no_image
57148,Penthema adelma,白斑眼蝶,,,,,,,no_image
7809,Peponocythus folliculus,小袋果杯珊瑚,,,,,,,no_image
79607,Perdix dauurica,斑翅山鹑,,,,,,,no_image
151614,Perenniporia gomezii,戈氏多年卧孔菌,,,,,,,no_image
57193,Periaeschna nocturnalis,浅色佩蜓,,,,,,,no_image
9249,Pergalumna altera,斜孔全大翼甲螨,,,,,,,no_image
115055,Pericampylus glaucus,细圆藤,,,,,,,no_image
5080,Periclimenes soror,姊妹岩虾,,,,,,,no_image
143274,Periconia macrospinosa,,,,,,,,no_image
5047,Periclimenella spinifera,刺近岩虾,,,,,,,no_image
57234,Peridea gigantea,濛内斑舟蛾,,,,,,,no_image
153187,Peridermium pini-koraiensis,红松叶锈菌,,,,,,,no_image
57264,Periergos postruba,后纡舟蛾,,,,,,,no_image
115056,Perilimnastes deltoidea,三角齿毛锦香,,,,,,,no_image
4664,Perinea laevisima,光滑围蟹,,,,,,,no_image
785,Periploma nanshaensis,南沙短吻蛤,,,,,,,no_image
17796,Perionyx excavatus,外腔环棘蚓,,,,,,,no_image
57329,Perissus expletus,,,,,,,,no_image
57306,Perissandria brevirami,促罕夜蛾,,,,,,,no_image
57349,Perissus rhaphumoides,,,,,,,,no_image
115099,Peristylus forceps,一掌参,,,,,,,no_image
57366,Peristenus xanthos,黄常室茧蜂,,,,,,,no_image
57376,Perizoma alchemillata,流纹周尺蛾,,,,,,,no_image
115124,Persicaria biconvexa,双凸戟叶蓼,,,,,,,no_image
57401,Perkinsiella thompson,汤姆扁角飞虱,,,,,,,no_image
57419,Perlomyia excavata,缺刻皮(虫责),,,,,,,no_image
14094,Perregrinus deformis,方凹喙突蛛,,,,,,,no_image
115148,Persicaria kawagoeana,柔茎蓼,,,,,,,no_image
115175,Persicaria pinetorum,松林蓼,,,,,,,no_image
115201,Persicaria wugongshanensis,武功山蓼,,,,,,,no_image
137449,Pertusaria corallina,珊瑚鸡皮衣,,,,,,,no_image
137509,Pertusaria xanthodes,黄鸡皮衣,,,,,,,no_image
137489,Pertusaria schizostomella,硫点鸡皮衣,,,,,,,no_image
137469,Pertusaria multipuncta,斑点鸡皮衣,,,,,,,no_image
115224,Pertya simozawae,台湾帚菊,,,,,,,no_image
141075,Pestalotiopsis betazamiae,,,,,,,,no_image
141055,Pestalotia malicola,,,,,,,,no_image
141115,Pestalotiopsis hainanensis,,,,,,,,no_image
141095,Pestalotiopsis crassiuscula,,,,,,,,no_image
141135,Pestalotiopsis maculiformans,,,,,,,,no_image
141155,Pestalotiopsis palmarum,,,,,,,,no_image
141175,Pestalotiopsis stellata,,,,,,,,no_image
3063,Petalophthalmus liui,刘氏瓣眼糠虾,,,,,,,no_image
9687,Petrobia hemerocallis,,,,,,,,no_image
57438,Peteina hyperdiscalis,粗鬃拍寄蝇,,,,,,,no_image
115272,Petrocodon maguanensis,马关异唇苣苔,,,,,,,no_image
115252,Petrocodon ferrugineus,锈色石山苣苔,,,,,,,no_image
115313,Petrocosmea funingensis,富宁石蝴蝶,,,,,,,no_image
115292,Petrocodon viridescens,绿花石山苣苔,,,,,,,no_image
115336,Petrocosmea minor,小石蝴蝶,,,,,,,no_image
115360,Petrocosmea viridis,青翠石蝴蝶,,,,,,,no_image
115406,Peucedanum wawrae,泰山前胡,,,,,,,no_image
2957,Petrolisthes indicus,印度岩瓷蟹,,,,,,,no_image
115381,Peucedanum dielsianum,竹节前胡,,,,,,,no_image
57450,Petrorossia ventilo,伞越蜂虻,,,,,,,no_image
57464,Pexopsis kyushuensis,九州梳寄蝇,,,,,,,no_image
135069,Peyritschiella furcifera,,,,,,,,no_image
137869,Pezicula quercina,,,,,,,,no_image
140009,Peziza alpestris,,,,,,,,no_image
140029,Peziza aureliella,,,,,,,,no_image
140049,Peziza cantharella,,,,,,,,no_image
140069,Peziza cinnamomea,,,,,,,,no_image
140089,Peziza crinita,,,,,,,,no_image
140129,Peziza granulosa,,,,,,,,no_image
140109,Peziza epispartia,,,,,,,,no_image
140149,Peziza inflexa,,,,,,,,no_image
140169,Peziza merdaria,,,,,,,,no_image
140189,Peziza ovilla,,,,,,,,no_image
140209,Peziza pteridicola,,,,,,,,no_image
140249,Peziza striata,,,,,,,,no_image
140229,Peziza sclerotiorum,,,,,,,,no_image
140289,Peziza woolhopeia,,,,,,,,no_image
140269,Peziza turbinata,,,,,,,,no_image
12938,Phaeacius yixin,一心昏蛛,,,,,,,no_image
115422,Phacelurus trichophyllus,毛叶束尾草,,,,,,,no_image
57504,Phaedon mellyi,麦氏猿叶甲,,,,,,,no_image
57524,Phaenoserphus excarinatus,无脊光胸细蜂,,,,,,,no_image
57544,Phaenoserphus transirugosus,横皱光胸细蜂,,,,,,,no_image
149938,Phaeoclavulina macrospora,,,,,,,,no_image
145993,Phaeogalera stagnina,隐杆褐环柄菇,,,,,,,no_image
137000,Phaeographis heterochroa,杂色黑文衣,,,,,,,no_image
135321,Phaeophyscia limbata,粉缘黑蜈蚣衣,,,,,,,no_image
138412,Phaeohelotium carneum,,,,,,,,no_image
140292,Phaeopezia crinita,,,,,,,,no_image
115438,Phaius mishmensis,紫花鹤顶兰,,,,,,,no_image
57552,Phaeosoma nigricorne,黑角暗斑蝇,,,,,,,no_image
153317,Phakopsora formosana,,,,,,,,no_image
57556,Phalacrocera formosae,台湾简烛大蚊,,,,,,,no_image
115444,Phalaenopsis aphrodite,蝴蝶兰,,,,,,,no_image
115469,Phalaenopsis wilsonii,华西蝴蝶兰,,,,,,,no_image
57573,Phalera albocalceolata,鞋掌舟蛾,,,,,,,no_image
57599,Phalera obtrudo,欧掌舟蛾,,,,,,,no_image
1773,Phalium areola,棋盘鬘螺,,,,,,,no_image
150797,Phallus costatus,,,,,,,,no_image
150817,Phallus nanchangensis,南昌鬼笔,,,,,,,no_image
57632,Phalonidia julianiensis,黑翅褐纹卷蛾,,,,,,,no_image
115484,Phanera cercidifolia,紫荆叶火索藤,,,,,,,no_image
151099,Phanerochaete sordida,乳白原毛平革菌,,,,,,,no_image
115511,Phanera paucinervata,少脉火索藤,,,,,,,no_image
57658,Phaneroserphus chaoi,赵氏脊额细蜂,,,,,,,no_image
6124,Phanoderma macrophallum,大茎光皮线虫,,,,,,,no_image
57714,Phaonia bicolorantis,双色棘蝇,,,,,,,no_image
57755,Phaonia debiliceps,残头棘蝇,,,,,,,no_image
57694,Phaonia asierrans,亚洲游荡棘蝇,,,,,,,no_image
57734,Phaonia cineripollinosa,灰粉鬃棘蝇,,,,,,,no_image
57775,Phaonia fengyani,冯炎棘蝇,,,,,,,no_image
57795,Phaonia fusciaurea,褐金棘蝇,,,,,,,no_image
57815,Phaonia hejinga,和静棘蝇,,,,,,,no_image
57837,Phaonia jinbeiensis,晋北棘蝇,,,,,,,no_image
57897,Phaonia mimocandicans,拟变白棘蝇,,,,,,,no_image
57877,Phaonia luteovittoida,类黄腰棘蝇,,,,,,,no_image
57918,Phaonia nigribasicosta,黑鳞棘蝇,,,,,,,no_image
57857,Phaonia latilamelloida,类宽板棘蝇,,,,,,,no_image
57958,Phaonia pilosipennis,毛翅棘蝇,,,,,,,no_image
57938,Phaonia nuditarsis,裸腹棘蝇,,,,,,,no_image
57998,Phaonia siebecki,西伯克棘蝇,,,,,,,no_image
57978,Phaonia ripara,眷溪棘蝇,,,,,,,no_image
58059,Phaonia tristriolata,三条棘蝇,,,,,,,no_image
58018,Phaonia subfuscicoxa,拟黄基棘蝇,,,,,,,no_image
58038,Phaonia subsemilunara,亚半月棘蝇,,,,,,,no_image
58079,Phaonia xihuaensis,西华棘蝇,,,,,,,no_image
5427,Pharaonella perna,火腿小王蛤,,,,,,,no_image
58130,Phassus fujianodus,福建疖蝙蛾,,,,,,,no_image
8275,Phascolosoma japonicum,日本革囊星虫,,,,,,,no_image
58112,Phasia huanrenensis,桓仁突颜寄蝇,,,,,,,no_image
115537,Phegopteris tibetica,西藏卵果蕨,,,,,,,no_image
150356,Phellinidium sulphurascens,,,,,,,,no_image
150376,Phellinus collinus,,,,,,,,no_image
58147,Phebellia flavescens,黄菲寄蝇,,,,,,,no_image
150396,Phellinus glaucescens,,,,,,,,no_image
150436,Phellinus pini,松木层孔菌,,,,,,,no_image
150416,Phellinus lonicericola,忍冬木层孔菌,,,,,,,no_image
150456,Phellinus senex,栗色针层孔,,,,,,,no_image
58203,Pheosiopsis sichuanensis,川夙舟蛾,,,,,,,no_image
150476,Phellinus yamanoi,亚玛针层孔菌,,,,,,,no_image
58162,Phenacoccus prunicola,梅绵粉蚧,,,,,,,no_image
58176,Pheosiopsis alishanensis,阿里山夙舟蛾,,,,,,,no_image
8823,Pheroliodes sculptrata,刻纹负壳甲螨,,,,,,,no_image
134311,Phialophora microspora,,,,,,,,no_image
115566,Philadelphus lushuiensis,泸水山梅花,,,,,,,no_image
4316,Philbertia excellens,优秀菲螺,,,,,,,no_image
58224,Philereme bipunctularia,双斑夸尺蛾,,,,,,,no_image
58233,Philodicus chinensis,中华峰额食虫虻,,,,,,,no_image
12573,Philodromus gyirongensis,吉隆逍遥蛛,,,,,,,no_image
140818,Phillipsia chinensis,中华歪盘菌,,,,,,,no_image
58249,Philonicus nigrosetosus,黑鬃铗食虫虻,,,,,,,no_image
115610,Philonotis yezoana,粗尖泽藓,,,,,,,no_image
58291,Philonthus flavocinctus,,,,,,,,no_image
58270,Philonthus coprophilus,,,,,,,,no_image
58311,Philonthus lederi,,,,,,,,no_image
58374,Philophylla aethiops,黑痣叶实蝇,,,,,,,no_image
58352,Philonthus sinuatocollis,,,,,,,,no_image
58331,Philonthus oberti,,,,,,,,no_image
58394,Philophylla superflucta,苦郎树叶实蝇,,,,,,,no_image
58406,Philotroctes niger,黑喜日蝇,,,,,,,no_image
12895,Phintella linea,条纹金蝉蛛,,,,,,,no_image
2625,Philyra olivacea,橄榄拳蟹,,,,,,,no_image
58421,Phlaeoba antennata,长角佛蝗,,,,,,,no_image
151062,Phlebia tremellosus,,,,,,,,no_image
115629,Phlegmariurus salvinioides,柔软马尾杉,,,,,,,no_image
58443,Phlebotomus tumenensis,土门白蛉,,,,,,,no_image
137874,Phloeosporella hiemalis,,,,,,,,no_image
58453,Phlogophora fuscomarginata,黑缘衫夜蛾,,,,,,,no_image
115713,Phlomoides tatsienensis,康定糙苏,,,,,,,no_image
115669,Phlomoides deserticola,沙生沙穗,,,,,,,no_image
115689,Phlomoides megalantha,大花糙苏,,,,,,,no_image
115763,Phoebe nigrifolia,黑叶楠,,,,,,,no_image
58463,Phobeticomyia lunifera,月斑凸颜缟蝇,,,,,,,no_image
115739,Phoebe crassipedicella,粗柄楠,,,,,,,no_image
79757,Phoenicurus schisticeps,白喉红尾鸲,,,,,,,no_image
15148,Pholcus bessus,山谷幽灵蛛,,,,,,,no_image
15175,Pholcus fragillimus,易脆幽灵蛛,,,,,,,no_image
15185,Pholcus jixianensis,蓟县幽灵蛛,,,,,,,no_image
15113,Pholcus mianshanensis,绵山幽灵蛛,,,,,,,no_image
15169,Pholcus shangrila,香格里拉幽灵蛛,,,,,,,no_image
148246,Pholiota abstrusa,黄褐鳞伞,,,,,,,no_image
15024,Pholcus zhui,朱氏幽灵蛛,,,,,,,no_image
15009,Pholcus wangtian,望天幽灵蛛,,,,,,,no_image
148266,Pholiota conissans,,,,,,,,no_image
148286,Pholiota glutinosa,,,,,,,,no_image
148306,Pholiota malicola,长缘囊鳞伞,,,,,,,no_image
148326,Pholiota pudica,羞鳞伞,,,,,,,no_image
148346,Pholiota subochracea,近赭色鳞伞,,,,,,,no_image
133608,Phoma amomi,,,,,,,,no_image
133648,Phoma tabaci,,,,,,,,no_image
133628,Phoma lespedezicola,,,,,,,,no_image
141377,Phomopsis brachyceras,,,,,,,,no_image
141397,Phomopsis elaeagnicola,,,,,,,,no_image
141437,Phomopsis passiflorae,,,,,,,,no_image
141417,Phomopsis liriodendri,,,,,,,,no_image
58475,Phora acerosa,针叶蚤蝇,,,,,,,no_image
58495,Phorbia curvicauda,丝阳草种绳,,,,,,,no_image
58516,Phorbia sinosingularis,华异草种蝇,,,,,,,no_image
141457,Phomopsis smilacis,,,,,,,,no_image
58536,Phorocera liaoningensis,辽宁蜉寄蝇,,,,,,,no_image
625,Phoronis psammophila,沙栖帚虫,,,,,,,no_image
58564,Phortica gamma,叉茎伏果蝇,,,,,,,no_image
58584,Phortica longiseta,长鬃伏果蝇,,,,,,,no_image
58604,Phortica rhagolobos,片突伏果蝇,,,,,,,no_image
58624,Phorticella singularis,单条果蝇,,,,,,,no_image
79760,Photonectes albipennis,白鳍袋巨口鱼,,,,,,,no_image
115815,Photinia lasiopetala,毛瓣石楠,,,,,,,no_image
58645,Photoscotosia eudiosa,柔幅尺蛾,,,,,,,no_image
58668,Photoscotosia polysticha,重列幅尺蛾,,,,,,,no_image
153393,Phragmidium formosanum,台湾多胞锈菌,,,,,,,no_image
79772,Phoxocampus belcheri,黑锥海龙,,,,,,,no_image
153413,Phragmidium pauciloculare,少隔多胞锈,,,,,,,no_image
153433,Phragmidium sinicum,中国多胞锈菌,,,,,,,no_image
58704,Phraortes glabra,亮皮䗛,,,,,,,no_image
134268,Phragmogibbera herbicola,草生双色隔孢腔菌,,,,,,,no_image
58744,Phratora parva,紫弗叶甲,,,,,,,no_image
58724,Phratora abdominalis,乱点弗叶甲,,,,,,,no_image
58781,Phrosinella kozlovi,布法蜂麻蝇,,,,,,,no_image
58761,Phronia aspidoida,盾形巧菌蚊,,,,,,,no_image
14748,Phrynarachne ceylonica,锡兰瘤蟹蛛,,,,,,,no_image
58800,Phryxe heraclei,赫氏怯寄蝇,,,,,,,no_image
79774,Phrynocephalus alpherakii,伊犁沙蜥,,,,,,,no_image
58812,Phthiridium ornatum,吐虱蛛蝇,,,,,,,no_image
144288,Phyllachora banahaensis,,,,,,,,no_image
115855,Phuopsis stylosa,长柱草,,,,,,,no_image
11801,Phycosoma sinica,中华藻蛛,,,,,,,no_image
144308,Phyllachora eleusines,,,,,,,,no_image
144328,Phyllachora kaernbachii,,,,,,,,no_image
138102,Phyllactinia ampelopsidis,,,,,,,,no_image
144348,Phyllachora oryzopsidis,,,,,,,,no_image
144368,Phyllachora sinensis,,,,,,,,no_image
138122,Phyllactinia linderae,,,,,,,,no_image
115861,Phyllagathis adenocoronata,冠腺锦香草,,,,,,,no_image
115883,Phyllanthus arenarius,沙地叶下珠,,,,,,,no_image
115905,Phyllanthus tenellus,纤梗叶下珠,,,,,,,no_image
10066,Phyllocoptes asperatae,,,,,,,,no_image
9976,Phyllocoptes mediotransversus,,,,,,,,no_image
10187,Phyllocoptruta subcoriaceae,,,,,,,,no_image
10233,Phyllocoptes taishanensis,,,,,,,,no_image
495,Phyllodoce chinensis,中华半突虫,,,,,,,no_image
8946,Phyllolohmannia yinae,尹氏叶罗甲螨,,,,,,,no_image
115923,Phyllolobium chapmanianum,展毛蔓黄芪,,,,,,,no_image
58879,Phyllomyza cuspigera,尖髭真叶蝇,,,,,,,no_image
5995,Phyllophorus cebuensis,宿务沙鸡子,,,,,,,no_image
149211,Phylloporus ater,黑褶孔菌,,,,,,,no_image
136524,Phyllopsora chlorophaea,绿色树痂衣,,,,,,,no_image
79820,Phylloscopus forresti,四川柳莺,,,,,,,no_image
2520,Phyllospongia papyracea,小片叶海绵,,,,,,,no_image
115964,Phyllostachys funhuaensis,奉化水竹,,,,,,,no_image
79854,Phylloscopus pulcher,橙斑翅柳莺,,,,,,,no_image
115991,Phyllostachys parvifolia,安吉金竹,,,,,,,no_image
116013,Phyllostachys viridiglaucescens,粉绿竹,,,,,,,no_image
131905,Phyllosticta caricae-papayae,,,,,,,,no_image
131885,Phyllosticta arecae,,,,,,,,no_image
131925,Phyllosticta concomitans,,,,,,,,no_image
131965,Phyllosticta ginkgo,,,,,,,,no_image
131945,Phyllosticta dioscoreacearum,,,,,,,,no_image
131985,Phyllosticta lantanae,,,,,,,,no_image
132005,Phyllosticta micheliicola,,,,,,,,no_image
132025,Phyllosticta panacis,,,,,,,,no_image
132045,Phyllosticta rhamni,,,,,,,,no_image
132065,Phyllosticta sojaecola,,,,,,,,no_image
132085,Phyllosticta yamaguchii,,,,,,,,no_image
58909,Phymatodes infasciatus,,,,,,,,no_image
58924,Phymatura cooteri,,,,,,,,no_image
116031,Physalis cordata,棱萼酸浆,,,,,,,no_image
135338,Physcia clementiana,珊瑚芽蜈蚣衣,,,,,,,no_image
135358,Physcia stenophyllina,狭叶蜈蚣衣,,,,,,,no_image
137159,Physma callicarpum,美果胶囊衣,,,,,,,no_image
135368,Physconia distorta,粉大孢衣,,,,,,,no_image
58932,Physetobasis dentifascia,束大轭尺蛾,,,,,,,no_image
58960,Physocephala reducta,红面叉芒眼蝇,,,,,,,no_image
58968,Physomerinus cruralis,,,,,,,,no_image
116060,Physospermopsis delavayi,滇芎,,,,,,,no_image
58981,Phytocoris gobicus,戈壁植盲蝽,,,,,,,no_image
59001,Phytocoris obliquevittatus,斜纹植盲蝽,,,,,,,no_image
59058,Phytomyza tenella,娇嫩植潜蝇,,,,,,,no_image
59021,Phytoecia ferrea,,,,,,,,no_image
59038,Phytomia zonata,羽芒宽盾蚜蝇,,,,,,,no_image
59075,Phytosciara hamulosa,丛钩植眼蕈蚊,,,,,,,no_image
116109,Picrasma chinensis,中国苦木,,,,,,,no_image
116085,Picea farreri,缅甸云杉,,,,,,,no_image
59104,Pidonia benesi,,,,,,,,no_image
79936,Picus vittatus,花腹绿啄木鸟,,,,,,,no_image
59164,Pidonia pudica,,,,,,,,no_image
59144,Pidonia luridaria,,,,,,,,no_image
59184,Pidonia yamato,,,,,,,,no_image
59124,Pidonia flaccidissima,,,,,,,,no_image
156013,Pilaira subangularis,,,,,,,,no_image
116148,Pilea chartacea,纸质冷水花,,,,,,,no_image
59215,Pieris krueperi,克莱粉蝶,,,,,,,no_image
116175,Pilea linearifolia,条叶冷水花,,,,,,,no_image
116225,Pilea salwinensis,怒江冷水花,,,,,,,no_image
116198,Pilea myriantha,长穗冷水花,,,,,,,no_image
116247,Pilea yadongensis,亚东冷水花,,,,,,,no_image
156026,Pilobolus hyalosporus,透孢水玉霉,,,,,,,no_image
181,Pilodius pubescens,柔毛毛壳蟹,,,,,,,no_image
2352,Pilumnus comatus,粗毛毛刺蟹,,,,,,,no_image
116265,Pimpinella cnidioides,蛇床茴芹,,,,,,,no_image
12041,Pimoa duiba,堆坝派模蛛,,,,,,,no_image
116290,Pimpinella rubescens,少花茴芹,,,,,,,no_image
116310,Pinalia ovata,大脚筒,,,,,,,no_image
11284,Pinelema cunfengensis,村风平莱蛛,,,,,,,no_image
4479,Pinctada anomioides,拟金蛤珠母贝,,,,,,,no_image
11318,Pinelema spirae,盘曲平莱蛛,,,,,,,no_image
116330,Pinellia peltata,盾叶半夏,,,,,,,no_image
79941,Pinjalo lewisi,利瓦伊氏斜鳞笛鲷,,,,,,,no_image
4624,Pinnotheres excusseus,胀腹豆蟹,,,,,,,no_image
59269,Pinophilus melanocephalus,,,,,,,,no_image
116367,Pinus hwangshanensis,黄山松,,,,,,,no_image
116416,Piper austrosinense,华南胡椒,,,,,,,no_image
116393,Pinus sylvestris,欧洲赤松,,,,,,,no_image
116442,Piper kadsura,风藤,,,,,,,no_image
116462,Piper polysyphonum,樟叶胡椒,,,,,,,no_image
116486,Piper tsengianum,瑞丽胡椒,,,,,,,no_image
59282,Pipiza hongheensis,红河缩颜蚜蝇,,,,,,,no_image
116504,Piptatherum hilariae,少穗落芒草,,,,,,,no_image
16385,Pirata digitatus,指形水狼蛛,,,,,,,no_image
12511,Pireneitega fuyunensis,富蕴拟隙蛛,,,,,,,no_image
143765,Piricularia oryzae,,,,,,,,no_image
149523,Pisolithus arhizus,豆马勃,,,,,,,no_image
14832,Pistius wulingensis,武陵截腹蛛,,,,,,,no_image
116526,Pittosporum angustilimbum,窄叶海桐,,,,,,,no_image
59304,Pithauria stramineipennis,槁翅琵弄蝶,,,,,,,no_image
133365,Pithomyces gladioli,,,,,,,,no_image
116562,Pittosporum napaulense,滇藏海桐,,,,,,,no_image
116593,Pittosporum tobira,海桐,,,,,,,no_image
59325,Placusa montium,,,,,,,,no_image
116606,Plagiobryum giraldii,钝叶平蒴藓,,,,,,,no_image
151634,Placodes lucidus,,,,,,,,no_image
116649,Plagiochila furcifolia,裂叶羽苔,,,,,,,no_image
116627,Plagiochila caulimammillosa,瘤茎羽苔,,,,,,,no_image
116689,Plagiochila singularis,密疣羽苔,,,,,,,no_image
116669,Plagiochila ovalifolia,卵叶羽苔,,,,,,,no_image
116703,Plagiogyria assurgens,峨眉瘤足蕨,,,,,,,no_image
79961,Plagiopholis blakewayi,颈斑蛇,,,,,,,no_image
116719,Plagiomnium maximoviczii,侧枝匐灯藓,,,,,,,no_image
17188,Plagiorchis longiformis,长形后斜睾吸虫,,,,,,,no_image
141490,Plagiostoma euphorbiae,,,,,,,,no_image
79968,Plagiotremus rhinorhynchos,粗吻短带鳚,,,,,,,no_image
626,Plagusia squamosa,鳞突斜纹蟹,,,,,,,no_image
59389,Planococcus citri,臀纹粉蚧,,,,,,,no_image
116772,Plantago arachnoidea,蛛毛车前,,,,,,,no_image
116797,Plantago tenuiflora,小花车前,,,,,,,no_image
59425,Plastus tuberculatus,,,,,,,,no_image
116815,Platanthera devolii,台湾蜻蜓兰,,,,,,,no_image
116835,Platanthera longicalcarata,长距舌唇兰,,,,,,,no_image
116858,Platanthera stenantha,条瓣舌唇兰,,,,,,,no_image
59427,Platencyrtus aclerus,仁蚧平背跳小蜂,,,,,,,no_image
12422,Platocoelotes daweishanensis,大围宽隙蛛,,,,,,,no_image
13638,Plator cyclicus,圆扁蛛,,,,,,,no_image
59455,Platycephala zhejiangensis,浙江宽头秆蝇,,,,,,,no_image
6148,Platybrissus roemeri,平壶海胆,,,,,,,no_image
59471,Platycheirus macroantennae,大角宽跗蚜蝇,,,,,,,no_image
59489,Platycorpus nadaensis,儋片飞虱,,,,,,,no_image
59529,Platydracus brevicornis,,,,,,,,no_image
59509,Platycorynus mouhoti,斜窝扁角肖叶甲,,,,,,,no_image
7317,Platygyra lamellina,片扁脑珊瑚,,,,,,,no_image
59551,Platydracus sharpi,,,,,,,,no_image
59585,Platylomalus viaticus,旅平阎甲,,,,,,,no_image
9082,Platyliodes japonicus,,,,,,,,no_image
59590,Platypalpus acutatus,尖突平须舞虻,,,,,,,no_image
59610,Platypalpus didymus,双突平须舞虻,,,,,,,no_image
59631,Platypalpus pallipilosus,白毛平须舞虻,,,,,,,no_image
79983,Platypharodon extremus,极边扁咽齿鱼,,,,,,,no_image
59674,Platysoma lineare,线方阎甲,,,,,,,no_image
59660,Platypria parva,小掌铁甲,,,,,,,no_image
59718,Plecia hardyi,哈氏襀毛蚊,,,,,,,no_image
59692,Platystethus subnitens,,,,,,,,no_image
11079,Plebs astridae,鞭普园蛛,,,,,,,no_image
140872,Plectania campylospora,弯孢红盘菌,,,,,,,no_image
80003,Plectorhinchus chrysotaenia,黄纹胡椒鲷,,,,,,,no_image
80018,Plectranthias jothyi,焦氏棘花鮨,,,,,,,no_image
116920,Pleioblastus intermedius,华丝竹,,,,,,,no_image
80038,Plectrophenax nivalis,雪鹀,,,,,,,no_image
134106,Pleospora pelagica,,,,,,,,no_image
116945,Pleione bulbocodioides,独蒜兰,,,,,,,no_image
1528,Pleistacantha jopanica,日本密刺蟹,,,,,,,no_image
59742,Plesiothrips perplexus,淡腹伸顶蓟马,,,,,,,no_image
17239,Pleurogenoides taylori,泰氏拟侧殖吸虫,,,,,,,no_image
138836,Pleuroascus rilstonii,,,,,,,,no_image
116981,Pleurospermopsis bicolor,二色簇苞芹,,,,,,,no_image
144388,Pleurothecium recurvatum,,,,,,,,no_image
147831,Pleurotus cornucopiae,白黄侧耳,,,,,,,no_image
147871,Pleurotus roseolus,,,,,,,,no_image
147851,Pleurotus lindquistii,,,,,,,,no_image
13043,Plexippus setipes,条纹蝇虎,,,,,,,no_image
12857,Plexippoides digitatus,指状拟蝇虎,,,,,,,no_image
8221,Plumularia lagenifera,葫芦羽螅,,,,,,,no_image
6188,Plotohelmis capitata,泳蚕,,,,,,,no_image
59754,Pliomelaena biseta,二鬃缘斑实蝇,,,,,,,no_image
18049,Plutellus hanyuangensis,汉源毛蚓,,,,,,,no_image
147902,Pluteus flavofuligineus,,,,,,,,no_image
147922,Pluteus phlebophoroides,皮光柄菇,,,,,,,no_image
80082,Pluvialis squatarola,灰鸻,,,,,,,no_image
117050,Poa bomiensis,波密早熟禾,,,,,,,no_image
117112,Poa polyneuron,多脉早熟禾,,,,,,,no_image
117084,Poa infirma,低矮早熟禾,,,,,,,no_image
117152,Poa timoleontis,,,,,,,,no_image
117173,Podocarpus annamiensis,海南罗汉松,,,,,,,no_image
145504,Podaxis pistillaris,轴灰包菌,,,,,,,no_image
117184,Podochilus oxystophylloides,云南柄唇兰,,,,,,,no_image
144740,Podosordaria tulasnei,,,,,,,,no_image
138163,Podosphaera spiraeae,,,,,,,,no_image
59789,Podothrips odonaspicola,拟蜓肢管蓟马,,,,,,,no_image
59790,Poecilocampa morandinii,莫拉杨枯叶蛾,,,,,,,no_image
59802,Poecilosomella curvipes,弯星小粪蝇,,,,,,,no_image
117209,Pogonatum subfuscatum,半栉小金发藓,,,,,,,no_image
117217,Pogostemon barbatus,髯毛刺蕊草,,,,,,,no_image
117187,Pogonatherum biaristatum,二芒金发草,,,,,,,no_image
117239,Pogostemon quadrifolius,四叶水蜡烛,,,,,,,no_image
117261,Pohlia laticuspis,粗枝丝瓜藓,,,,,,,no_image
59842,Polia nebulosa,灰夜蛾,,,,,,,no_image
155895,Poitrasia circinans,,,,,,,,no_image
5684,Polinices candidissimus,大白乳玉螺,,,,,,,no_image
11036,Poltys ellipticus,椭圆锥头蛛,,,,,,,no_image
59890,Polleniopsis pseudophalla,伪亮拟粉蝇,,,,,,,no_image
134772,Polyblastia sinoalpina,,,,,,,,no_image
59870,Pollenia pectinata,栉跗粉蝇,,,,,,,no_image
6209,Polychelidae amemiyai,日本多螯虾,,,,,,,no_image
138510,Polydesmia recta,直多丝盘菌,,,,,,,no_image
117357,Polygala sibirica,西伯利亚远志,,,,,,,no_image
117331,Polygala hainanensis,海南远志,,,,,,,no_image
117399,Polygonatum luteoverrucosum,淡黄多疣黄精,,,,,,,no_image
117379,Polygonatum cyrtonema,多花黄精,,,,,,,no_image
134220,Polymeridium proponens,聚扇衣,,,,,,,no_image
117438,Polygonum polycnemoides,针叶萹蓄,,,,,,,no_image
59909,Polygonia c-album,白钩蛱蝶,,,,,,,no_image
59931,Polymixis viridula,灰绿展冬夜蛾,,,,,,,no_image
80140,Polypedates braueri,布氏泛树蛙,,,,,,,no_image
59959,Polypedilum cochlearum,勺尖多足摇蚊,,,,,,,no_image
59979,Polypedilum infundibulum,楔形多足摇蚊,,,,,,,no_image
59999,Polypedilum paucisetum,寡毛多足摇蚊,,,,,,,no_image
60019,Polyphaenis Oberthüri,霉裙剑夜蛾,,,,,,,no_image
117464,Polypogon maritimus,裂颖棒头草,,,,,,,no_image
151652,Polyporus caryophylleus,,,,,,,,no_image
151672,Polyporus ellisii,黄鳞多孔菌,,,,,,,no_image
151692,Polyporus leucophaeus,,,,,,,,no_image
151712,Polyporus nigrolucidus,,,,,,,,no_image
151732,Polyporus pulverulentus,,,,,,,,no_image
151752,Polyporus semiclausus,,,,,,,,no_image
151772,Polyporus tsugae,,,,,,,,no_image
117487,Polystichum acutidens,尖齿耳蕨,,,,,,,no_image
117469,Polyscias guilfoylei,银边南洋参,,,,,,,no_image
117547,Polystichum excellens,尖顶耳蕨,,,,,,,no_image
117527,Polystichum crinigerum,毛发耳蕨,,,,,,,no_image
117507,Polystichum bigemmatum,双胞耳蕨,,,,,,,no_image
117567,Polystichum hanmengqii,孟奇耳蕨,,,,,,,no_image
117587,Polystichum kungianum,宪需耳蕨,,,,,,,no_image
117607,Polystichum luteoviride,黄绿耳蕨,,,,,,,no_image
117627,Polystichum nanchurnicum,南川耳蕨,,,,,,,no_image
117647,Polystichum ovatopaleaceum,卵鳞耳蕨,,,,,,,no_image
117707,Polystichum sublanceolatum,拟亮叶耳蕨,,,,,,,no_image
117687,Polystichum saxicola,石生耳蕨,,,,,,,no_image
117667,Polystichum pseudolanceolatum,假亮叶耳蕨,,,,,,,no_image
117728,Polystichum wattii,细裂耳蕨,,,,,,,no_image
150492,Polystictus drummondii,,,,,,,,no_image
150512,Polystictus tenuoroseus,,,,,,,,no_image
143313,Polytretophora calcarata,,,,,,,,no_image
60054,Polyura athamas,窄斑尾蛱蝶,,,,,,,no_image
60083,Polyzonus nitidicollis,,,,,,,,no_image
18318,Pompholyx complanata,扁平泡轮虫,,,,,,,no_image
80157,Pomacentrus alexanderae,胸斑雀鲷,,,,,,,no_image
80177,Pomadasys kaakan,点石鲈,,,,,,,no_image
117788,Ponerorchis gracilis,无柱兰,,,,,,,no_image
117808,Ponerorchis tibetica,西藏无柱兰,,,,,,,no_image
117829,Pontederia elata,高莛雨久花,,,,,,,no_image
18055,Pontoscolex corethrurus,南美岸蚓,,,,,,,no_image
117874,Populus hsinganica,兴安杨,,,,,,,no_image
117931,Populus wilsonii,椅杨,,,,,,,no_image
2962,Porcellana pulchra,美丽瓷蟹,,,,,,,no_image
117899,Populus przewalskii,青甘杨,,,,,,,no_image
117983,Porella latifolia,宽叶光萼苔,,,,,,,no_image
118009,Porella undatorevoluta,卷波光萼苔,,,,,,,no_image
151801,Poria xantha,,,,,,,,no_image
137528,Porina limbulata,檐污核衣,,,,,,,no_image
10687,Porites lobata,团块滨珊瑚,,,,,,,no_image
150519,Porodaedalea pini,,,,,,,,no_image
60123,Poropoea duplicate,叠棒圆翅赤眼蜂,,,,,,,no_image
118015,Porpax ustulata,盾柄兰,,,,,,,no_image
149230,Porphyrellus formosanus,,,,,,,,no_image
12764,Portia wui,吴氏孔蛛,,,,,,,no_image
60135,Portevinia maculata,灰斑颜突蚜蝇,,,,,,,no_image
136754,Porpidia soredizodes,粉芽假网衣,,,,,,,no_image
99,Portunus hainanensis,海南梭子蟹,,,,,,,no_image
150848,Postia amurensis,阿穆泊氏孔菌,,,,,,,no_image
3686,Potamocorbula fasciata,射带河篮蛤,,,,,,,no_image
118060,Potamogeton perfoliatus,穿叶眼子菜,,,,,,,no_image
118075,Potentilla asperrima,刚毛委陵菜,,,,,,,no_image
118107,Potentilla fragarioides,莓叶委陵菜,,,,,,,no_image
60172,Pothyne albosternalis,,,,,,,,no_image
118176,Potentilla squalida,疏忽委陵菜,,,,,,,no_image
118139,Potentilla multifida,多裂委陵菜,,,,,,,no_image
118215,Pourthiaea impressivena,陷脉石楠,,,,,,,no_image
60195,Pothyne variegata,,,,,,,,no_image
118243,Pouzolzia zeylanica,雾水葛,,,,,,,no_image
118247,Prangos cachroides,隐盘芹,,,,,,,no_image
7376,Praya dubia,不定帕腊亚水母,,,,,,,no_image
118277,Premna menglaensis,平滑豆腐柴,,,,,,,no_image
134161,Preussia typharum,,,,,,,,no_image
118344,Primula calderiana,暗紫脆蒴报春,,,,,,,no_image
118299,Premna tomentosa,塔序豆腐柴,,,,,,,no_image
8513,Primovula concinna,洁原梭螺,,,,,,,no_image
118323,Primula baileyana,圆叶报春,,,,,,,no_image
118389,Primula dejuniana,德浚报春,,,,,,,no_image
118368,Primula chionata,裂叶脆蒴报春,,,,,,,no_image
118413,Primula esquirolii,贵州卵叶报春,,,,,,,no_image
118436,Primula forrestii,灰岩皱叶报春,,,,,,,no_image
118527,Primula merrilliana,安徽羽叶报春,,,,,,,no_image
118503,Primula longiscapa,长莛报春,,,,,,,no_image
118458,Primula hookeri,春花脆蒴报春,,,,,,,no_image
118481,Primula klaveriana,云南卵叶报春,,,,,,,no_image
118598,Primula rhodochroa,密丛小报春,,,,,,,no_image
118577,Primula polyneura,多脉报春,,,,,,,no_image
118555,Primula occlusa,扇叶小报春,,,,,,,no_image
118619,Primula septemloba,七指报春,,,,,,,no_image
118643,Primula stenodonta,凉山灯台报春,,,,,,,no_image
118666,Primula tsaiana,希陶脆蒴报春,,,,,,,no_image
118710,Primula zhui,朱华报春,,,,,,,no_image
118690,Primula wangii,广南报春,,,,,,,no_image
118736,Primulina cangwuensis,苍梧报春苣苔,,,,,,,no_image
118756,Primulina debaoensis,德保报春苣苔,,,,,,,no_image
118780,Primulina gemma,花钿报春苣苔,,,,,,,no_image
118805,Primulina hsiwenii,锡文报春苣苔,,,,,,,no_image
118825,Primulina leiophylla,光叶报春苣苔,,,,,,,no_image
118847,Primulina longicalyx,长萼报春苣苔,,,,,,,no_image
118870,Primulina malipoensis,麻栗坡报春苣苔,,,,,,,no_image
118892,Primulina papillosa,刺疣报春苣苔,,,,,,,no_image
118933,Primulina shouchengensis,寿城报春苣苔,,,,,,,no_image
118912,Primulina pungentisepala,尖萼报春苣苔,,,,,,,no_image
118963,Primulina tsoongii,钟氏报春苣苔,,,,,,,no_image
118983,Primulina yingdeensis,英德报春苣苔,,,,,,,no_image
60241,Priochirus baoxingensis,,,,,,,,no_image
80272,Priolepis semidoliata,半纹锯鳞鰕虎,,,,,,,no_image
60282,Prionus delavayi,,,,,,,,no_image
60268,Prionolabis carbonis,碳黄翅大蚊,,,,,,,no_image
3450,Prismatopus halimoides,拟海棱蛛蟹,,,,,,,no_image
80290,Pristipomoides typus,尖齿紫鱼,,,,,,,no_image
7037,Proboscidactyla stellata,六枝管水母,,,,,,,no_image
18400,Proalides digitus,指形似前翼轮虫,,,,,,,no_image
60332,Processus midfascianus,中带长突叶蝉,,,,,,,no_image
60369,Procladius transiens,翼前突摇蚊,,,,,,,no_image
60349,Prociphilus xylostei,忍冬卷叶绵蚜,,,,,,,no_image
80299,Procypris merus,乌原鲤,,,,,,,no_image
60402,Prodiamesa olivacea,橄榄原寡角摇蚊,,,,,,,no_image
10329,Proiectus taiwanensis,,,,,,,,no_image
60428,Promachus fulviventris,四川叉胫食虫虻,,,,,,,no_image
119013,Pronephrium triphyllum,三羽新月蕨,,,,,,,no_image
10436,Prominens taiwanensis,,,,,,,,no_image
3359,Propeamussium watsoni,沃氏拟日月贝,,,,,,,no_image
60476,Prosciara ellipsoidea,卵尾首眼蕈蚊,,,,,,,no_image
60467,Prorhinotermes spectabilis,奇丽原鼻白蚁,,,,,,,no_image
60496,Prosciara pollex,大指首眼蕈蚊,,,,,,,no_image
17094,Prosorhynchus macintoshi,麦氏前吻吸虫,,,,,,,no_image
60513,Prosodes dilaticollis,突颊侧琵甲,,,,,,,no_image
16119,Prosopodesmus jacobsoni,,,,,,,,no_image
133829,Prosthemium asterosporum,,,,,,,,no_image
17204,Prosthodendrium ovimagnosum,大巢副前腺吸虫指名亚种,,,,,,,no_image
3156,Protankyra pseudodigitata,伪指刺锚参,,,,,,,no_image
19371,Protaphorura zhangae,,,,,,,,no_image
60574,Protexarnis paralia,泛异夜蛾,,,,,,,no_image
136477,Protoblastenia areolata,网原胚衣,,,,,,,no_image
60598,Protocalliphora proxima,细叶原丽蝇,,,,,,,no_image
60631,Protohermes dimaculatus,双斑星齿蛉,,,,,,,no_image
60614,Protocypus wrasei,,,,,,,,no_image
60651,Protohermes similis,滇蜀星齿蛉,,,,,,,no_image
60668,Protomiltogramma yunnanense,滇南盾斑蜂麻蝇,,,,,,,no_image
60672,Protonemura biintrans,凹缘原叉(虫责),,,,,,,no_image
60682,Protoschinia scutosa,宽胫夜蛾,,,,,,,no_image
60695,Protuliocnemis dissimilis,异丝尺蛾,,,,,,,no_image
119029,Prunella grandiflora,大花夏枯草,,,,,,,no_image
119056,Prunus cerasoides,高盆樱桃,,,,,,,no_image
119082,Prunus fruticosa,草原樱桃,,,,,,,no_image
119108,Prunus laoshanensis,崂山樱花,,,,,,,no_image
119190,Prunus velutina,毡毛稠李,,,,,,,no_image
119136,Prunus persica,桃,,,,,,,no_image
119168,Prunus ssiori,库页稠李,,,,,,,no_image
60717,Psacothea nigrostigma,,,,,,,,no_image
60731,Psallops luteus,橙斑撒盲蝽,,,,,,,no_image
1239,Psammolyce malayana,马来砂鳞虫,,,,,,,no_image
148028,Psathyrella araguana,阿拉根那小脆柄菇,,,,,,,no_image
148048,Psathyrella disseminata,小脆柄菇,,,,,,,no_image
148088,Psathyrella rugocephala,皱盖小脆柄菇,,,,,,,no_image
148068,Psathyrella mucosa,粘胶小脆柄菇,,,,,,,no_image
119210,Psathyrostachys juncea,新麦草,,,,,,,no_image
13632,Psechrus tingpingensis,汀坪褛网蛛,,,,,,,no_image
60753,Psectrotanypus varius,法布伪长足摇蚊,,,,,,,no_image
60772,Pselaphodes femoralis,,,,,,,,no_image
60792,Pselaphodes monoceros,,,,,,,,no_image
19231,Pseudachorutes palmiensis,,,,,,,,no_image
60831,Pselliophora fumiplena,烟翅比栉大蚊,,,,,,,no_image
80364,Psenes cyanophrys,玻璃玉鲳,,,,,,,no_image
60812,Pselaphogenius chapingshanus,,,,,,,,no_image
60869,Pseudalbara parvula,三线钩蛾,,,,,,,no_image
60888,Pseudalosterna pullata,,,,,,,,no_image
80383,Pseudanthias dispar,刺盖拟花鮨,,,,,,,no_image
80395,Pseudapocryptes elongatus,长身拟平牙鰕虎,,,,,,,no_image
60918,Pseudatheta pulchra,,,,,,,,no_image
60926,Pseudencyrtus misellus,,,,,,,,no_image
80415,Pseudobagrus brevicaudatus,短尾拟鲿,,,,,,,no_image
13194,Pseudeuophrys erratica,游走伪斑蛛,,,,,,,no_image
60945,Pseudiragoides itsova,终拟焰刺蛾,,,,,,,no_image
119232,Pseudobarbella laosiensis,波叶假悬藓,,,,,,,no_image
60968,Pseudobironium ussuricum,,,,,,,,no_image
60974,Pseudocalamobius japanicus,,,,,,,,no_image
80441,Pseudocalotes microlepis,细鳞拟树蜥,,,,,,,no_image
5296,Pseudoceratina purpurea,自类角海绵,,,,,,,no_image
132825,Pseudocercospora alpiniicola,,,,,,,,no_image
132845,Pseudocercospora atromarginalis,,,,,,,,no_image
132885,Pseudocercospora cinnamomi,,,,,,,,no_image
132865,Pseudocercospora cajani-flavi,,,,,,,,no_image
132925,Pseudocercospora dioscoreae,,,,,,,,no_image
132945,Pseudocercospora eupatorii-formosani,,,,,,,,no_image
132905,Pseudocercospora costina,,,,,,,,no_image
132965,Pseudocercospora ghanensis,,,,,,,,no_image
132985,Pseudocercospora indica,,,,,,,,no_image
133045,Pseudocercospora musae-sapientium,,,,,,,,no_image
133025,Pseudocercospora maesae,,,,,,,,no_image
133065,Pseudocercospora oxysporae,,,,,,,,no_image
133005,Pseudocercospora latens,,,,,,,,no_image
133105,Pseudocercospora punicae,,,,,,,,no_image
133145,Pseudocercospora stillingiae,,,,,,,,no_image
133125,Pseudocercospora sarcocephali,,,,,,,,no_image
133085,Pseudocercospora pittospori,,,,,,,,no_image
133165,Pseudocercospora toonae,,,,,,,,no_image
133185,Pseudocercospora wrightiae,,,,,,,,no_image
119247,Pseudocherleria laricina,石漆姑,,,,,,,no_image
150834,Pseudoclathrus leigongshanensis,雷公山假笼头菌,,,,,,,no_image
61021,Pseudocoruncanius flavostriatus,黄纹拟钻瓢蜡蝉,,,,,,,no_image
119278,Pseudocyclosorus duclouxii,苍山假毛蕨,,,,,,,no_image
119266,Pseudocodon retroserratus,倒齿辐冠参,,,,,,,no_image
119298,Pseudocyclosorus qingchengensis,青城假毛蕨,,,,,,,no_image
4218,Pseudodaphnella barnardi,双珠拟桂螺,,,,,,,no_image
138749,Pseudodiscinella ciliifera,,,,,,,,no_image
16846,Pseudogagrella arishana,阿里山伪盾刺盲蛛,,,,,,,no_image
16953,Pseudofellodistomum plagiorchis,斜睾伪壮穴吸虫,,,,,,,no_image
61079,Pseudogonia rufifrons,红额拟芒寄蝇,,,,,,,no_image
80480,Pseudogastromyzon peristictus,密斑拟腹吸鳅,,,,,,,no_image
119329,Pseudohygrohypnum subeugyrium,贡山假水灰藓,,,,,,,no_image
119335,Pseudoleskeella tectorum,瓦叶假细罗藓,,,,,,,no_image
2474,Pseudohapalocarcinus ransoni,兰森伪珊隐蟹,,,,,,,no_image
141278,Pseudolachnea hispidula,,,,,,,,no_image
61121,Pseudolimnophila inconcussa,东京准拟大蚊,,,,,,,no_image
61132,Pseudolycoriella mecocteniuni,长梳伪厉眼蕈蚊,,,,,,,no_image
61143,Pseudomacrochenus wusuae,,,,,,,,no_image
61183,Pseudomallada longwangshana,龙王山叉草蛉,,,,,,,no_image
61163,Pseudomallada eumorpha,优模叉草蛉,,,,,,,no_image
149634,Pseudomerulius aureus,金色伪干朽菌,,,,,,,no_image
61223,Pseudonemophas versteegii,,,,,,,,no_image
61228,Pseudopanolis takao,伪小眼夜蛾,,,,,,,no_image
61203,Pseudomallada wuchangana,武昌叉草蛉,,,,,,,no_image
137879,Pseudopeziza medicaginis,苜蓿假盘菌,,,,,,,no_image
2558,Pseudophilyra woodmasoni,伍氏假拳蟹,,,,,,,no_image
61258,Pseudoplandria gaoligongensis,,,,,,,,no_image
61278,Pseudoplandria umbonata,,,,,,,,no_image
13442,Pseudopoda daliensis,大理伪遁蛛,,,,,,,no_image
13448,Pseudopoda physematosa,膨伪遁蛛,,,,,,,no_image
134222,Pseudopyrenula quintaria,,,,,,,,no_image
17079,Pseudoprosorhynchus fusiformis,纺锤形伪前吻吸虫,,,,,,,no_image
13324,Pseudopoda triangula,三角伪遁蛛,,,,,,,no_image
80511,Pseudorasbora parva,麦穗鱼,,,,,,,no_image
61315,Pseudorthocladius cylindratus,柱尖伪直突摇蚊,,,,,,,no_image
80521,Pseudorhombus neglectus,南海斑鲆,,,,,,,no_image
119407,Pseudosasa magilaminaris,江永茶秆竹,,,,,,,no_image
61348,"Pseudostegana bilobataLi,",裂叶斑翅果蝇,,,,,,,no_image
61339,Pseudosomera noctuiformis,仿夜舟蛾,,,,,,,no_image
19096,Pseudosinella bellingeri,,,,,,,,no_image
61364,Pseudosymplanella nigrifasciata,长杯瓢蜡蝉,,,,,,,no_image
119423,Pseudostellaria heterantha,异花孩儿参,,,,,,,no_image
80532,Pseudoxenodon bambusicola,横纹斜鳞蛇,,,,,,,no_image
61375,Pseudotmethis alashanicus,贺兰疙蝗,,,,,,,no_image
61397,Pseuduscana changbaiensis,长白似尤赤眼蜂,,,,,,,no_image
61409,Psilephydra cyanoprosopa,蓝裸颜水蝇,,,,,,,no_image
146721,Psilocybe wayanadensis,拟变蓝裸盖菇,,,,,,,no_image
146701,Psilocybe medullosa,,,,,,,,no_image
119459,Psilopilum cavifolium,全缘拟赤藓,,,,,,,no_image
61467,Psolodesmus mandarinus,,,,,,,,no_image
61454,Psimada quadripennis,洒夜蛾,,,,,,,no_image
61429,Psilopa compta,头饰凸额水蝇,,,,,,,no_image
139436,Psorotichia kansuensis,甘肃鳞壁衣,,,,,,,no_image
61488,Psychoda subquadrilobata,潮州蛾蠓,,,,,,,no_image
119485,Psychotria symplocifolia,山矾叶九节,,,,,,,no_image
61501,Ptecticus australis,南方指突水虻,,,,,,,no_image
19294,Ptenothrix monochroma,,,,,,,,no_image
61518,Pterella grisea,灰小翅蜂麻蝇,,,,,,,no_image
119531,Pteris cretica,欧洲凤尾蕨,,,,,,,no_image
119504,Pteridrys cnemidaria,薄叶牙蕨,,,,,,,no_image
119589,Pteris nanlingensis,南岭凤尾蕨,,,,,,,no_image
119565,Pteris hui,胡氏凤尾蕨,,,,,,,no_image
119609,Pteris scabririgens,糙坚凤尾蕨,,,,,,,no_image
119633,Pternopetalum botrychioides,散血芹,,,,,,,no_image
119659,Pternopetalum tanakae,东亚囊瓣芹,,,,,,,no_image
119679,Pterobryopsis subcrassicaulis,海岛拟蕨藓,,,,,,,no_image
119694,Pteroceras asperatum,长莛长足兰,,,,,,,no_image
61526,Pterodontia waxelli,瓦普小头虻,,,,,,,no_image
61535,Pterogonia episcopalis,裁夜蛾,,,,,,,no_image
61588,Pterolophia lineatipennis,,,,,,,,no_image
61543,Pterolophia arcuata,,,,,,,,no_image
61564,Pterolophia elegans,,,,,,,,no_image
61628,Pterolophia variantennalis,,,,,,,,no_image
61608,Pterolophia quadrigibbosipennis,,,,,,,,no_image
17387,Pteropurpura falcatus,钩翼紫螺,,,,,,,no_image
61642,Pterosarcophaga emeishanensis,峨眉山翼麻蝇,,,,,,,no_image
119720,Pterostyrax psilophyllus,白辛树,,,,,,,no_image
119729,Pterygiella trichosepala,毛萼翅茎草,,,,,,,no_image
80671,Pteruthius melanotis,栗喉鵙鹛,,,,,,,no_image
17378,Pterymarchia martinetana,窗格芭蕉螺,,,,,,,no_image
119752,Ptilidium ciliare,毛叶苔,,,,,,,no_image
61677,Ptilodon spinosa,板突羽齿舟蛾,,,,,,,no_image
61691,Ptycholoma lecheana,环铅卷蛾,,,,,,,no_image
13096,Ptocasius lushiensis,卢氏兜跳蛛,,,,,,,no_image
80691,Ptyas multicinctus,横纹翠青蛇（横纹鼠蛇）,,,,,,,no_image
18348,Ptygura furcillata,叉爪细簇轮虫,,,,,,,no_image
61701,Ptychoptera longwangshana,龙王山褶蚊,,,,,,,no_image
119779,Puccinellia glauca,灰绿碱茅,,,,,,,no_image
119799,Puccinellia nipponica,日本碱茅,,,,,,,no_image
153491,Puccinia abrupta,截形柄锈菌 银胶菊生变种,,,,,,,no_image
153531,Puccinia aphanicondra,隐秘柄锈菌,,,,,,,no_image
153551,Puccinia arundinellae,野古草柄锈菌,,,,,,,no_image
153511,Puccinia agropyricola,冰草生柄锈菌,,,,,,,no_image
153571,Puccinia bambusicola,竹生柄锈菌,,,,,,,no_image
153591,Puccinia bullata,,,,,,,,no_image
153611,Puccinia caricis,,,,,,,,no_image
153651,Puccinia circaeae-caricis,苔露珠草柄锈菌,,,,,,,no_image
153631,Puccinia caricis-thunbergii,桑伯格苔草柄锈菌,,,,,,,no_image
153671,Puccinia convolvuli,旋花柄锈菌,,,,,,,no_image
153691,Puccinia dendranthemae,拟亚菊柄锈,,,,,,,no_image
153711,Puccinia elaeagni,胡颓子柄锈菌,,,,,,,no_image
153751,Puccinia flosculosorum,,,,,,,,no_image
153731,Puccinia erythroxyli,,,,,,,,no_image
153771,Puccinia gouaniae-tiliaefoliae,椴叶咀签柄锈菌,,,,,,,no_image
153791,Puccinia hemerocallidis,,,,,,,,no_image
153811,Puccinia hyalina,淡梭孢柄锈菌,,,,,,,no_image
153831,Puccinia juncelli,水莎草柄锈菌,,,,,,,no_image
153851,Puccinia lactucae-repentis,沙苦苣柄锈菌,,,,,,,no_image
153911,Puccinia metanarthecii,异纳茜菜柄锈菌,,,,,,,no_image
153871,Puccinia levis,光滑柄锈菌,,,,,,,no_image
153891,Puccinia longirostris,长嘴柄锈菌,,,,,,,no_image
153931,Puccinia morobeana,莫罗贝柄锈菌,,,,,,,no_image
153951,Puccinia nothaphoebes,赛楠柄锈菌,,,,,,,no_image
153991,Puccinia phaeosticta,,,,,,,,no_image
153971,Puccinia ornata,饰顶柄锈菌,,,,,,,no_image
154011,Puccinia podophylli,鬼臼柄锈菌,,,,,,,no_image
154031,Puccinia porri,葱锈菌,,,,,,,no_image
154071,Puccinia rufescens,,,,,,,,no_image
154051,Puccinia punctata,斑点柄锈菌,,,,,,,no_image
154091,Puccinia scirpi-mucronati,,,,,,,,no_image
154111,Puccinia sinarundinariae,箭竹柄锈菌,,,,,,,no_image
154131,Puccinia spermacoces,,,,,,,,no_image
154171,Puccinia thwaitesii,裹篱樵柄锈菌,,,,,,,no_image
154151,Puccinia taihaensis,舌唇兰柄锈菌,,,,,,,no_image
154191,Puccinia universalis,蒿柄锈,,,,,,,no_image
154211,Puccinia violae-reniformis,肾叶堇菜柄锈,,,,,,,no_image
154475,Pucciniastrum actinidiae,,,,,,,,no_image
154495,Pucciniastrum malloti,野桐膨痂锈菌,,,,,,,no_image
119824,Pueraria grandiflora,大花葛,,,,,,,no_image
61722,Pulchriphyllium bioculatum,,,,,,,,no_image
149244,Pulveroboletus caespitosus,密簇粉末牛肝菌,,,,,,,no_image
119844,Pulmonaria mollissima,腺毛肺草,,,,,,,no_image
140665,Pulvinula constellatio,橘红垫盘菌,,,,,,,no_image
8915,Punctoribates latilobatus,阔点肋甲螨,,,,,,,no_image
3751,Pupa coccinata,红斑蛹螺,,,,,,,no_image
61746,Purohita theognis,纹翅叶角飞虱,,,,,,,no_image
2430,Pustularia childreni,金蛹疹贝,,,,,,,no_image
119878,Pycnarrhena lucida,密花藤,,,,,,,no_image
80747,Pycnonotus xanthorrhous,黄臀鹎,,,,,,,no_image
119885,Pycreus delavayi,黑鳞扁莎,,,,,,,no_image
19325,Pygmarrhopalites amarus,,,,,,,,no_image
61804,Pygostrangalia vittaticollis,,,,,,,,no_image
61785,Pygophora orbiculata,球尾秽蝇,,,,,,,no_image
3655,Pylocheles macrop,长腿门螯寄居蟹,,,,,,,no_image
61810,Pyrellia secunda,双毛碧蝇,,,,,,,no_image
137884,Pyrenopeziza nigrella,黑埋核盘菌,,,,,,,no_image
134683,Pyrenula hunana,,,,,,,,no_image
134703,Pyrenula pyrenuloides,类小核衣,,,,,,,no_image
61822,Pyrestes rugicollis,,,,,,,,no_image
119966,Pyrola elegantula,长叶鹿蹄草,,,,,,,no_image
143768,Pyricularia costi,,,,,,,,no_image
61850,Pyrosis ni,倪黑枯叶蛾,,,,,,,no_image
150540,Pyrrhoderma sendaiense,黑红皮孔菌,,,,,,,no_image
140683,Pyronema omphalodes,烧土火丝菌,,,,,,,no_image
119996,Pyrrosia drakeana,毡毛石韦,,,,,,,no_image
120016,Pyrrosia stenophylla,狭叶石韦,,,,,,,no_image
120039,Pyrus pseudopashia,滇梨,,,,,,,no_image
135231,Pyxine meissneriana,墨氏黑盘衣,,,,,,,no_image
61870,Qiongphasma bispinosum,双棘琼䗛,,,,,,,no_image
80793,Quasipaa spinosa,棘胸蛙,,,,,,,no_image
61880,Quadrastichus flavomaculatus,黄斑胯姬小蜂,,,,,,,no_image
61899,Quedius amicorum,,,,,,,,no_image
61939,Quedius cupreonotus,,,,,,,,no_image
61919,Quedius bleptikos,,,,,,,,no_image
61979,Quedius guey,,,,,,,,no_image
61959,Quedius erriapo,,,,,,,,no_image
61999,Quedius indigestus,,,,,,,,no_image
62019,Quedius krali,,,,,,,,no_image
62059,Quedius mukuensis,,,,,,,,no_image
62039,Quedius lih,,,,,,,,no_image
62079,Quedius oros,,,,,,,,no_image
62099,Quedius quinctius,,,,,,,,no_image
62119,Quedius shiow,,,,,,,,no_image
62139,Quedius terng,,,,,,,,no_image
62159,Quedius wolong,,,,,,,,no_image
120051,Quercus acrodonta,岩栎,,,,,,,no_image
120076,Quercus chenii,小叶栎,,,,,,,no_image
120096,Quercus franchetii,锥连栎,,,,,,,no_image
120116,Quercus lodicosa,西藏栎,,,,,,,no_image
120136,Quercus patelliformis,托盘青冈,,,,,,,no_image
120158,Quercus stenophylloides,台湾窄叶青冈,,,,,,,no_image
62179,Quernaphis tuberculatus,瘤栎扁蚜,,,,,,,no_image
62192,Quwatanabius flavicornis,,,,,,,,no_image
62213,Rachiades lichenicolor,苔岩舟蛾,,,,,,,no_image
62236,Rachispoda subtinctipennis,斑刺足小粪蝇,,,,,,,no_image
62238,Raddea carriei,狭环瑞夜蛾,,,,,,,no_image
120220,Radula kojana,尖叶扁萼苔,,,,,,,no_image
120200,Radiogrammitis taiwanensis,台湾辐禾蕨,,,,,,,no_image
80800,Raja pulchra,美鳐,,,,,,,no_image
120242,Radula tjibodensis,细茎扁萼苔,,,,,,,no_image
136564,Ramalina polymorpha,多形树花,,,,,,,no_image
136544,Ramalina denticulata,细齿树花,,,,,,,no_image
149943,Ramaria araiospora,,,,,,,,no_image
149963,Ramaria cristata,冠锁瑚菌,,,,,,,no_image
149983,Ramaria formosa,粉红枝瑚菌,,,,,,,no_image
150003,Ramaria linearis,细丛枝瑚,,,,,,,no_image
150023,Ramaria pulcherrima,,,,,,,,no_image
62255,Ramburiella bolivari,无斑土库曼蝗,,,,,,,no_image
150043,Ramaria subaurantiaca,金色枝瑚菌,,,,,,,no_image
1159,Ramphogordius sanguineus,血色喙纽虫,,,,,,,no_image
133236,Ramularia foeniculi,,,,,,,,no_image
133216,Ramularia cardui,,,,,,,,no_image
133256,Ramularia millettiae,,,,,,,,no_image
133276,Ramularia rumicis-crispi,,,,,,,,no_image
62274,Ramulus asaphus,隐脊短角棒䗛,,,,,,,no_image
62334,Ramulus rotunginus,,,,,,,,no_image
62294,Ramulus gansuense,甘肃短角棒䗛,,,,,,,no_image
62314,Ramulus liboensis,荔波短角棒䗛,,,,,,,no_image
9166,Ramusella humicola,地枝奥甲螨,,,,,,,no_image
80825,Rana luanchuanensis,栾川林蛙,,,,,,,no_image
120269,Ranunculus chinensis,茴茴蒜,,,,,,,no_image
1292,Raninoides longifrons,长额仿蛙蟹,,,,,,,no_image
120299,Ranunculus formosa-montanus,蓬莱毛茛,,,,,,,no_image
120328,Ranunculus japonicus,毛茛,,,,,,,no_image
120384,Ranunculus pectinatilobus,栉裂毛茛,,,,,,,no_image
120356,Ranunculus melanogynus,黑果毛茛,,,,,,,no_image
120407,Ranunculus reptans,松叶毛茛,,,,,,,no_image
120432,Ranunculus tengchongensis,腾冲毛茛,,,,,,,no_image
120462,Raphiocarpus jinpingensis,金平漏斗苣苔,,,,,,,no_image
120456,Ranunculus zhungdianensis,中甸毛茛,,,,,,,no_image
62361,Rapala pheretima,绯烂燕灰蝶,,,,,,,no_image
80856,Ratabulus megacephalus,犬牙鲬,,,,,,,no_image
120474,Rauvolfia vomitoria,催吐萝芙木,,,,,,,no_image
11973,Raveniola alpina,高山雷文蛛,,,,,,,no_image
578,Raymunida formosanus,宝岛卫铠虾,,,,,,,no_image
80869,Rectoris mutabilis,变形直口鲮,,,,,,,no_image
120503,Regmatodon declinatus,异齿藓,,,,,,,no_image
120483,Reevesia botingensis,保亭梭罗树,,,,,,,no_image
144384,Rehmiodothis osbeckiae,,,,,,,,no_image
6682,Remiarctus bertholdii,双斑桨蝉虾,,,,,,,no_image
17056,Renicola biphyllorchis,双叶肾居吸虫,,,,,,,no_image
62423,Resseliella kadsurae,南五味子雷瘿蚊,,,,,,,no_image
62428,Reticulaphis distylii,金缕梅网扁蚜,,,,,,,no_image
62447,Reticulitermes brevicurvatus,短弯颚散白蚁,,,,,,,no_image
62467,Reticulitermes fengduensis,丰都散白蚁,,,,,,,no_image
62488,Reticulitermes leiboensis,雷波散白蚁,,,,,,,no_image
62508,Reticulitermes ovatilabrum,卵唇散白蚁,,,,,,,no_image
62528,Reticulitermes testudineus,龟唇散白蚁,,,,,,,no_image
4860,Retiflustra schoenaui,寿氏网藻苔虫,,,,,,,no_image
1277,Retropluma denticulate,锯齿反羽蟹,,,,,,,no_image
62566,Rhabdochaeta asteria,见霜黄平裂翅实蝇,,,,,,,no_image
80908,Rhabdophis himalayanus,喜山颈槽蛇,,,,,,,no_image
120557,Rhachidosorus mesosorus,轴果蕨,,,,,,,no_image
16930,Rhacophotrema longicirrus,长茎树蛙吸虫,,,,,,,no_image
62625,Rhagastis mongoliana,,,,,,,,no_image
62601,Rhadinopsylla leii,雷氏纤蚤,,,,,,,no_image
62648,Rhagio huashanensis,华山鹬虻,,,,,,,no_image
62668,Rhagio wenxianus,文县鹬虻,,,,,,,no_image
120570,Rhamnella martini,多脉猫乳,,,,,,,no_image
120589,Rhamnus daliensis,大理鼠李,,,,,,,no_image
120615,Rhamnus kwangsiensis,广西鼠李,,,,,,,no_image
120640,Rhamnus sargentiana,多脉鼠李,,,,,,,no_image
62692,Rhamphomyia baotianmana,宝天曼猎舞虻,,,,,,,no_image
141226,Rhamphoria pyriformis,,,,,,,,no_image
62726,Rhaphium baihuashanum,百花山锥长足虻,,,,,,,no_image
62717,Rhaphidophora sichuanensis,四川驼螽,,,,,,,no_image
62766,Rhaphuma desaii,,,,,,,,no_image
62746,Rhaphuma albicolon,,,,,,,,no_image
62806,Rhaphuma pingana,,,,,,,,no_image
62786,Rhaphuma klapperichi,,,,,,,,no_image
62828,Rhaphuma virgo,,,,,,,,no_image
12926,Rhene flavigera,黄宽胸蝇虎,,,,,,,no_image
62843,Rheocricotopus heterochros,异色趋流摇蚊,,,,,,,no_image
62862,Rheotanytarsus brevipalpus,短节流长跗摇蚊,,,,,,,no_image
120719,Rheum globulosum,头序大黄,,,,,,,no_image
120739,Rheum spiciforme,穗序大黄,,,,,,,no_image
62888,Rheumaptera fasciaria,中带汝尺蛾,,,,,,,no_image
62914,Rheumaptera subhastata,亚黑白汝尺娥,,,,,,,no_image
62924,Rhingia aureola,艳色鼻颜蚜蝇,,,,,,,no_image
80939,Rhinochimaera pacifica,太平洋长吻银鲛,,,,,,,no_image
80957,Rhinogobius formosanus,台湾吻鰕虎,,,,,,,no_image
62949,Rhinoestrus usbekistanicus,亚非鼻狂蝇,,,,,,,no_image
80977,Rhinogobius maculafasciatus,斑带吻鰕虎,,,,,,,no_image
80997,Rhinogobius wuyiensis,武义吻鰕虎,,,,,,,no_image
81011,Rhinolophus perniger,大菊头蝠,,,,,,,no_image
9760,Rhinophytoptus roxburghis,,,,,,,,no_image
9836,Rhinotergum ulmi,,,,,,,,no_image
62969,Rhipidia reductispina,短刺栉形大蚊,,,,,,,no_image
140789,Rhizina nigro-olivacea,,,,,,,,no_image
17073,Rhipidocotyloides Long,曾氏似扇盘吸虫,,,,,,,no_image
62996,Rhipidoxylomyia longilobata,长瓣扇瘿蚊,,,,,,,no_image
120757,Rhizoclonium riparium,岸生根枝藻,,,,,,,no_image
137562,Rhizocarpon nipponense,拟地图衣,,,,,,,no_image
120760,Rhizomnium horikawae,薄边毛灯藓,,,,,,,no_image
155290,Rhizophlyctis rosea,,,,,,,,no_image
155310,Rhizophydium melosirae,直炼藻根生壶菌,,,,,,,no_image
149502,Rhizopogon induratus,,,,,,,,no_image
138519,Rhizoscyphus monotropae,,,,,,,,no_image
156032,Rhizopus americanus,,,,,,,,no_image
63032,Rhodesiella monticola,山锥秆蝇,,,,,,,no_image
81053,Rhodeus sericeus,黑龙江鳑鲏,,,,,,,no_image
120816,Rhodiola pamiroalaica,帕米红景天,,,,,,,no_image
120792,Rhodiola dumulosa,小丛红景天,,,,,,,no_image
120844,Rhodiola tangutica,唐古红景天,,,,,,,no_image
63050,Rhodocosmaria occidentalis,双距小卷蛾,,,,,,,no_image
120883,Rhododendron amandum,细枝杜鹃,,,,,,,no_image
120913,Rhododendron auriculatum,耳叶杜鹃,,,,,,,no_image
120935,Rhododendron brachycarpum,短果杜鹃,,,,,,,no_image
120963,Rhododendron cephalanthum,毛喉杜鹃,,,,,,,no_image
120993,Rhododendron cochlearifolium,匙叶杜鹃,,,,,,,no_image
121016,Rhododendron davidii,腺果杜鹃,,,,,,,no_image
121046,Rhododendron eclecteum,杂色杜鹃,,,,,,,no_image
121116,Rhododendron hancockii,滇南杜鹃,,,,,,,no_image
121071,Rhododendron farinosum,钝头杜鹃,,,,,,,no_image
121094,Rhododendron galactinum,乳黄叶杜鹃,,,,,,,no_image
121143,Rhododendron huidongense,会东杜鹃,,,,,,,no_image
121166,Rhododendron joniense,卓尼杜鹃,,,,,,,no_image
121188,Rhododendron leiboense,雷波杜鹃,,,,,,,no_image
121232,Rhododendron mallotum,羊毛杜鹃,,,,,,,no_image
121208,Rhododendron longifalcatum,长尖杜鹃,,,,,,,no_image
121258,Rhododendron mitriforme,头巾马银花,,,,,,,no_image
121282,Rhododendron nivale,雪层杜鹃,,,,,,,no_image
121336,Rhododendron polytrichum,多毛杜鹃,,,,,,,no_image
121312,Rhododendron pachytrichum,绒毛杜鹃,,,,,,,no_image
121363,Rhododendron pudingense,普定杜鹃,,,,,,,no_image
121446,Rhododendron simiarum,猴头杜鹃,,,,,,,no_image
121478,Rhododendron sulfureum,硫黄杜鹃,,,,,,,no_image
121386,Rhododendron ririei,大钟杜鹃,,,,,,,no_image
121423,Rhododendron schistocalyx,裂萼杜鹃,,,,,,,no_image
121537,Rhododendron urophyllum,尾叶杜鹃,,,,,,,no_image
121503,Rhododendron tianlinense,田林马银花,,,,,,,no_image
121560,Rhododendron websterianum,毛蕊杜鹃,,,,,,,no_image
121581,Rhododendron yaoshanicum,瑶山杜鹃,,,,,,,no_image
121600,Rhodoleia macrocarpa,大果红花荷,,,,,,,no_image
63068,Rhodoneura hemibruna,半褐网蛾,,,,,,,no_image
146297,Rhodophyllus clypeatus,,,,,,,,no_image
63089,Rhodoneura taneiata,三带网蛾,,,,,,,no_image
146317,Rhodophyllus politus,,,,,,,,no_image
121608,Rhoiptelea chiliantha,马尾树,,,,,,,no_image
146337,Rhodophyllus violaceus,灰紫粉褶菌,,,,,,,no_image
63113,Rhondia formosa,,,,,,,,no_image
63127,Rhopalomyia chrysanthemi,真菊瘿蚊,,,,,,,no_image
63143,Rhopalopsole furcata,叉突诺(虫责),,,,,,,no_image
63163,Rhopalopsole shimentaiensis,石门台诺(虫责),,,,,,,no_image
144639,Rhopalostroma luzonense,,,,,,,,no_image
63193,Rhopus mymaricoides,,,,,,,,no_image
63204,Rhyacionia leptotubula,细梢小卷蛾,,,,,,,no_image
9803,Rhyncaphytoptus guanegounis,,,,,,,,no_image
9855,Rhyncaphytoptus ulmivigrans,,,,,,,,no_image
63213,Rhynchodontodes plusioides,丑齿口夜蛾,,,,,,,no_image
63221,Rhynchopsilopa magnicornis,大角裸喙水蝇,,,,,,,no_image
121650,Rhynchospora gracillima,柔弱刺子莞,,,,,,,no_image
121669,Rhynchostegium inclinatum,斜枝长喙藓,,,,,,,no_image
121690,Rhynchotechum parviflorum,小花线柱苣苔,,,,,,,no_image
63242,Rhyparida formosana,台湾亚澳肖叶甲,,,,,,,no_image
139361,Rhytisma pseudoplatani,,,,,,,,no_image
121692,Rhytidiadelphus japonicus,仰尖拟垂枝藓,,,,,,,no_image
121707,Ribes davidii,革叶茶藨子,,,,,,,no_image
121743,Ribes kialanum,康边茶藨子,,,,,,,no_image
121811,Riccardia changbaishanensis,长白山片叶苔,,,,,,,no_image
121831,Riccia crystallina,片叶钱苔,,,,,,,no_image
121780,Ribes pseudofasciculatum,青海茶藨子,,,,,,,no_image
121853,Richardia shaoyoukengensis,小油坑墨苜蓿,,,,,,,no_image
63262,Riedelia bicolor,双色月寄蝇,,,,,,,no_image
136349,Rimelia subisidiosa,亚裂芽网裂衣,,,,,,,no_image
135384,Rinodina aspersa,散生饼干衣,,,,,,,no_image
81080,Riparia chinensis,灰喉沙燕,,,,,,,no_image
135404,Rinodina roboris,栎饼干衣,,,,,,,no_image
63286,Rivellia fusca,暗带广口蝇,,,,,,,no_image
15889,Riukiaria capaca,宽股琉球带马陆,,,,,,,no_image
63297,Robineauella anchoriformis,锚形叉麻蝇,,,,,,,no_image
154232,Roestelia fenzeliana,芬泽尔角春孢锈菌,,,,,,,no_image
121875,Rochelia cardiosepala,心萼孪果鹤虱,,,,,,,no_image
121892,Rohdea annulata,环花开口箭,,,,,,,no_image
121914,Rohdea medogensis,墨脱开口箭,,,,,,,no_image
63319,Rondibilis grisescens,,,,,,,,no_image
63358,Ropronia fossula,槽沟窄腹细蜂,,,,,,,no_image
63378,Ropronia wolongensis,卧龙窄腹细蜂,,,,,,,no_image
2944,Rophidopus ciliatus,绒毛细足蟹,,,,,,,no_image
122008,Rosa jinterensis,景泰蔷薇,,,,,,,no_image
121940,Rosa albertii,腺齿蔷薇,,,,,,,no_image
121978,Rosa davurica,山刺玫,,,,,,,no_image
122042,Rosa morrisonensis,玉山蔷薇,,,,,,,no_image
122074,Rosa sambucina,,,,,,,,no_image
122112,Rosa weisiensis,维西蔷薇,,,,,,,no_image
122129,Roscoea debilis,长柄象牙参,,,,,,,no_image
144750,Rosellinia lamprostoma,,,,,,,,no_image
63398,Rosama auritracta,金纹玫舟蛾,,,,,,,no_image
122161,Rotheca macrostachya,抽莛三对节,,,,,,,no_image
154242,Rostrupia scleriae,,,,,,,,no_image
122189,Rubia edgeworthii,川滇茜草,,,,,,,no_image
63413,Roxasellana stellata,星茎丽斑叶蝉,,,,,,,no_image
122175,Rozea pterogonioides,翼叶小绢藓,,,,,,,no_image
122209,Rubia salicifolia,柳叶茜草,,,,,,,no_image
122222,Rubiteucris palmata,掌叶石蚕,,,,,,,no_image
122288,Rubus crassifolius,厚叶悬钩子,,,,,,,no_image
122254,Rubus brevipetiolatus,短柄悬钩子,,,,,,,no_image
122326,Rubus foliaceistipulatus,托叶悬钩子,,,,,,,no_image
122360,Rubus hirsutus,蓬藟,,,,,,,no_image
122396,Rubus jiulongshanensis,九龙山悬钩子,,,,,,,no_image
122432,Rubus lucens,光亮悬钩子,,,,,,,no_image
122461,Rubus pacificus,太平莓,,,,,,,no_image
122496,Rubus platysepalus,武冈悬钩子,,,,,,,no_image
122544,Rubus rufus,棕红悬钩子,,,,,,,no_image
122578,Rubus taitoensis,台东刺花悬钩子,,,,,,,no_image
122604,Rubus wushanensis,巫山悬钩子,,,,,,,no_image
63418,Rudicollaris convexipennis,凸翅糙颈螽,,,,,,,no_image
63431,Rugilus bhotius,,,,,,,,no_image
63451,Rugilus japonicus,,,,,,,,no_image
4005,Rullierinereis elytrocirra,鳞须舌沙蚕,,,,,,,no_image
122647,Rumex patientia,巴天酸模,,,,,,,no_image
122661,Rungia fangdingiana,方鼎孩儿草,,,,,,,no_image
81118,Rusa unicolor,水鹿,,,,,,,no_image
152352,Russula cavipes,空柄红菇,,,,,,,no_image
152332,Russula alutacea,革红菇,,,,,,,no_image
152432,Russula mollis,软红菇,,,,,,,no_image
152412,Russula japonica,日本红菇,,,,,,,no_image
152392,Russula friesii,黄孢紫红菇,,,,,,,no_image
152372,Russula decolorans,褪色红菇,,,,,,,no_image
152472,Russula raoultii,,,,,,,,no_image
152452,Russula pelargonia,天竺葵红菇,,,,,,,no_image
152492,Russula subdepallens,粉红菇,,,,,,,no_image
152512,Russula viscida,粘质红菇,,,,,,,no_image
9322,Sabahtritia foveolata,凹点联甲螨,,,,,,,no_image
63473,Rymosia elliptica,椭圆瑞菌蚊,,,,,,,no_image
122690,Sabia discolor,灰背清风藤,,,,,,,no_image
122716,Sabulina litwinowii,西北山漆姑,,,,,,,no_image
63485,Saccharicoccus sacchari,糖粉蚧,,,,,,,no_image
139650,Saccobolus depauperatus,小集孢粪盘菌,,,,,,,no_image
63490,Saetheria reissi,瑞氏萨特摇蚊,,,,,,,no_image
122738,Saccogynidium muricellum,糙叶拟囊萼苔,,,,,,,no_image
122764,Sageretia pedicellata,南丹雀梅藤,,,,,,,no_image
122783,Sagittaria pygmaea,矮慈姑,,,,,,,no_image
122805,Salacistis rubicunda,红花足宝兰,,,,,,,no_image
156047,Saksenaea vasiformis,,,,,,,,no_image
63533,Saliocleta ochracaea,黄箩舟蛾,,,,,,,no_image
19034,Salina celebensis,,,,,,,,no_image
122853,Salix capitata,圆头柳,,,,,,,no_image
122826,Salix argyrotrichocarpa,银毛果柳,,,,,,,no_image
122880,Salix cyanolimnea,光果乌柳,,,,,,,no_image
122907,Salix ernestii,银背柳,,,,,,,no_image
122932,Salix hainanica,海南柳,,,,,,,no_image
122981,Salix linearistipularis,筐柳,,,,,,,no_image
122957,Salix kamanica,卡马垫柳,,,,,,,no_image
123007,Salix mictotricha,兴山柳,,,,,,,no_image
123030,Salix opsimantha,迟花柳,,,,,,,no_image
123060,Salix plocotricha,曲毛柳,,,,,,,no_image
123115,Salix shandanensis,山丹柳,,,,,,,no_image
123087,Salix rehderiana,川滇柳,,,,,,,no_image
123173,Salix wangiana,眉柳,,,,,,,no_image
123144,Salix taishanensis,泰山柳,,,,,,,no_image
4932,Salmacis virgulata,条纹角孔海胆,,,,,,,no_image
123199,Salsola intramongolica,红翅猪毛菜,,,,,,,no_image
123239,Salvia changchuniana,长春鼠尾草,,,,,,,no_image
81135,Salvelinus leucomaenis,白斑红点鲑,,,,,,,no_image
123302,Salvia nubicola,云生丹参,,,,,,,no_image
123271,Salvia hayatae,阿里山鼠尾草,,,,,,,no_image
123358,Salvinia cucullata,勺叶槐叶蘋,,,,,,,no_image
123332,Salvia schizochila,裂瓣鼠尾草,,,,,,,no_image
123378,Sanguisorba officinalis,地榆,,,,,,,no_image
123364,Sambucus adnata,血满草,,,,,,,no_image
63587,Saprinus chalcites,金泽腐阎甲,,,,,,,no_image
63608,Saprinus sternifossa,斯达腐阎甲,,,,,,,no_image
63571,Saperda scalaris,,,,,,,,no_image
63554,Saniderus cooteri,,,,,,,,no_image
123421,Saprosma hainanensis,海南染木树,,,,,,,no_image
63640,Sarasaeschna zhuae,朱氏沼蜓,,,,,,,no_image
123433,Sarcochlamys pulcherrima,肉被麻,,,,,,,no_image
152661,Sarcodon thwaitesii,大黄肉齿菌,,,,,,,no_image
135143,Sarcogyne solitaria,单生网盘衣,,,,,,,no_image
63663,Sarcorohdendorfia shenzhenfensis,深圳鬃麻蝇,,,,,,,no_image
7181,Sarcophyton infundibuliforme,漏斗肉芝软珊瑚,,,,,,,no_image
140853,Sarcoscypha shennongjiana,神农架肉杯菌,,,,,,,no_image
123461,Sarcosperma laurinum,肉实树,,,,,,,no_image
81170,Sardinops sagax,拟沙丁鱼,,,,,,,no_image
63675,Sargus gemmifer,芽瘦腹水虻,,,,,,,no_image
63695,Sarimissus bispinus,双突弥萨瓢蜡蝉,,,,,,,no_image
63713,Sarmydus fujishiroi,,,,,,,,no_image
7364,Sarsis nipponica,日本长管水母,,,,,,,no_image
63757,Sathytes longwangshanus,,,,,,,,no_image
63773,Satyrium formosanum,台湾洒灰蝶,,,,,,,no_image
63731,Sasunaga longiplaga,长斑幻夜蛾,,,,,,,no_image
123481,Saurauia cerea,蜡质水东哥,,,,,,,no_image
81207,Saurida umeyoshii,梅吉氏蛇鲻,,,,,,,no_image
123501,Sauromatum hirsutum,毛犁头尖,,,,,,,no_image
123521,Saussurea acrophila,破血丹,,,,,,,no_image
123543,Saussurea balangshanensis,巴朗山雪莲,,,,,,,no_image
123563,Saussurea caudata,尾叶风毛菊,,,,,,,no_image
123584,Saussurea coriacea,革苞风毛菊,,,,,,,no_image
123606,Saussurea eriostemon,尼泊尔风毛菊,,,,,,,no_image
123648,Saussurea incisa,锐裂风毛菊,,,,,,,no_image
123626,Saussurea graciliformis,纤细风毛菊,,,,,,,no_image
123670,Saussurea kungii,洋县风毛菊,,,,,,,no_image
123710,Saussurea minuta,小风毛菊,,,,,,,no_image
123690,Saussurea liangshanensis,凉山风毛菊,,,,,,,no_image
123730,Saussurea nyingchiensis,林芝风毛菊,,,,,,,no_image
123750,Saussurea picridifolia,重羽菊,,,,,,,no_image
123792,Saussurea qilangii,启良风毛菊,,,,,,,no_image
123814,Saussurea semiamplexicaulis,半抱茎风毛菊,,,,,,,no_image
123770,Saussurea pseudojiulongensis,拟九龙风毛菊,,,,,,,no_image
123834,Saussurea subulata,钻叶风毛菊,,,,,,,no_image
123856,Saussurea tridactyla,三指雪兔子,,,,,,,no_image
123880,Saussurea woodiana,牛耳风毛菊,,,,,,,no_image
138169,Sawadaea polyfida,,,,,,,,no_image
123896,Sauteria spongiosa,球孢星孔苔,,,,,,,no_image
123934,Saxifraga chrysanthoides,拟黄花虎耳草,,,,,,,no_image
123912,Saxifraga benzilanensis,奔子栏虎耳草,,,,,,,no_image
123981,Saxifraga erectisepala,直萼虎耳草,,,,,,,no_image
123956,Saxifraga dianxibeiensis,滇西北虎耳草,,,,,,,no_image
124009,Saxifraga granulifera,珠芽虎耳草,,,,,,,no_image
124058,Saxifraga macrostigmatoides,假大柱头虎耳草,,,,,,,no_image
124086,Saxifraga nangxianensis,朗县虎耳草,,,,,,,no_image
124038,Saxifraga jainzhuglaensis,金珠拉虎耳草,,,,,,,no_image
124111,Saxifraga pseudohirculus,狭瓣虎耳草,,,,,,,no_image
124136,Saxifraga signata,西南虎耳草,,,,,,,no_image
124192,Saxifraga yangshuoensis,阳朔虎耳草,,,,,,,no_image
124163,Saxifraga tangutica,唐古特虎耳草,,,,,,,no_image
63809,Scaeva hwangi,黄氏鼓额蚜蝇,,,,,,,no_image
63822,Scalmogomphus bistrigatus,黄条刀春蜓,,,,,,,no_image
124214,Scapania cuspiduligera,兜瓣合叶苔,,,,,,,no_image
124236,Scapania mucronata,尖叶合叶苔,,,,,,,no_image
81233,Scapanulus oweni,甘肃鼹,,,,,,,no_image
9038,Scapheremaeus yamashitai,山下船甲螨,,,,,,,no_image
63868,Scaphidium reni,,,,,,,,no_image
63846,Scaphidium formosanum,,,,,,,,no_image
63927,Scaphisoma mendax,,,,,,,,no_image
63888,Scaphidium zhoushuni,,,,,,,,no_image
63947,Scaphisoma pseudovarium,,,,,,,,no_image
63907,Scaphisoma emeicum,,,,,,,,no_image
63967,Scaphisoma wolong,,,,,,,,no_image
63985,Scaphobaeocera spira,,,,,,,,no_image
64002,Scaptodrosophila lurida,浅黄花果蝇,,,,,,,no_image
64022,Scaptomyza consimilis,似草姬果蝇,,,,,,,no_image
18648,Scaridium elegans,长翼高跷轮虫,,,,,,,no_image
81256,Scarus ovifrons,突额鹦嘴鱼,,,,,,,no_image
64087,Sceiodonta sauteri,索氏沟顶肖叶甲,,,,,,,no_image
64068,Scatopsciara dispositata,趋粪眼蕈蚊,,,,,,,no_image
64101,Schedorhinotermes insolitus,异盟长鼻白蚁,,,,,,,no_image
64049,Scathophaga gigantea,巨形粪蝇,,,,,,,no_image
124273,Schiffneriolejeunea tumida,希福尼鳞苔,,,,,,,no_image
81267,Schindleria pietschmanni,等鳍辛氏微体鱼,,,,,,,no_image
124308,Schisandra plena,重瓣五味子,,,,,,,no_image
124328,Schistidium apocarpum,圆蒴连轴藓,,,,,,,no_image
124347,Schistochilopsis setosa,刺叶拟歧舌苔,,,,,,,no_image
16458,Schizocosa parricida,葩裂狼蛛,,,,,,,no_image
81285,Schistura fasciolata,横纹南鳅,,,,,,,no_image
81305,Schistura pseudofasciolata,似横纹南鳅,,,,,,,no_image
124374,Schizophragma choufenianum,临桂钻地风,,,,,,,no_image
150712,Schizopora paradoxa,裂孔菌,,,,,,,no_image
124393,Schizostachyum jaculans,岭南[/思]簩竹,,,,,,,no_image
9690,Schizotetranychus lanyuensis,,,,,,,,no_image
81355,Schizothorax longibarbus,长须裂腹鱼,,,,,,,no_image
81335,Schizothorax curvilabiatus,弧唇裂腹鱼,,,,,,,no_image
81375,Schizothorax wangchiachii,短须裂腹鱼,,,,,,,no_image
124414,Schnabelia terniflora,三花莸,,,,,,,no_image
124447,Schoenorchis mishmensis,米什米匙唇兰,,,,,,,no_image
124427,Schoenoplectus chen-moui,陈谋水葱,,,,,,,no_image
124478,Sciaphila secundiflora,大柱霉草,,,,,,,no_image
64131,Schwarzerium provostii,,,,,,,,no_image
64155,Sciasmomyia meijerei,梅氏影缟蝇,,,,,,,no_image
81408,Scincella qianica,黔滑蜥,,,,,,,no_image
150554,Scindalma incrassatum,,,,,,,,no_image
150574,Scindalma resinaceum,,,,,,,,no_image
6803,Scintilla violescens,尖顶红蛤,,,,,,,no_image
64186,Scirtothrips dobroskyi,多布硬蓟马,,,,,,,no_image
124514,Scleria novae-hollandiae,角架珍珠茅,,,,,,,no_image
64178,Sciophila septentrionalis,北方粘菌蚊,,,,,,,no_image
64195,Sclerochiton schuelkei,,,,,,,,no_image
124530,Scleromitrion angustifolium,纤花耳草,,,,,,,no_image
149531,Scleroderma citrinum,橘色硬皮马勃,,,,,,,no_image
131624,Sclerophyton actinoboloides,辐硬衣,,,,,,,no_image
139001,Sclerotinia intermedia,,,,,,,,no_image
143356,Scolecobasidium laeve,,,,,,,,no_image
139021,Sclerotinia tuberosa,,,,,,,,no_image
9744,Scoliquadracus longipetiolatus,,,,,,,,no_image
81430,Scolopsis vosmeri,伏氏眶棘鲈,,,,,,,no_image
64224,Scopaeus beesoni,,,,,,,,no_image
13820,Scopoides xizangensis,西藏寻蛛,,,,,,,no_image
81449,Scopeloberyx robustus,壮体灯孔鲷,,,,,,,no_image
124548,Scorpidium cossonii,大叶蝎尾藓,,,,,,,no_image
81462,Scorpaenodes evides,日本小鲉,,,,,,,no_image
64246,Scotiophyes faeculosa,颚双卷蛾,,,,,,,no_image
64259,Scotopteryx semenovi,黑波掷尺蛾,,,,,,,no_image
124587,Scrophularia incisa,砾玄参,,,,,,,no_image
124607,Scrophularia umbrosa,翅茎玄参,,,,,,,no_image
135237,Sculptolumina japonica,日本雕纹衣,,,,,,,no_image
124638,Scutellaria baicalensis,黄芩,,,,,,,no_image
124692,Scutellaria meehanioides,龙头黄芩,,,,,,,no_image
124665,Scutellaria hainanensis,海南黄芩,,,,,,,no_image
124725,Scutellaria purpureocardia,紫心黄芩,,,,,,,no_image
124754,Scutellaria taiwanensis,台湾黄芩,,,,,,,no_image
124778,Scutellaria yangbiensis,荨麻叶黄芩,,,,,,,no_image
140722,Scutellinia sinosetosa,华毛盾盘菌,,,,,,,no_image
140702,Scutellinia hinnulea,,,,,,,,no_image
155629,Scutellospora fulgida,亮色盾巨孢囊霉,,,,,,,no_image
81492,Scutiger feiliangi,华夏齿突蟾,,,,,,,no_image
81511,Scutiger wanglangensis,王朗齿突蟾,,,,,,,no_image
64282,Scydmaenus taihorinus,,,,,,,,no_image
143369,Scytalidium lignicola,,,,,,,,no_image
64301,Scythropochroa magistrata,土著塞眼蕈蚊,,,,,,,no_image
81522,Sebastes inermis,无备平鲉,,,,,,,no_image
11938,Scytodes yphanta,锦花皮蛛,,,,,,,no_image
124798,Secamone likiangensis,丽江鲫鱼藤,,,,,,,no_image
124811,Sedum barbeyi,离瓣景天,,,,,,,no_image
124834,Sedum dugueyi,藓茎景天,,,,,,,no_image
124857,Sedum grammophyllum,禾叶景天,,,,,,,no_image
124877,Sedum lineare,佛甲草,,,,,,,no_image
124901,Sedum obtrullatum,铲瓣景天,,,,,,,no_image
124922,Sedum przewalskii,高原景天,,,,,,,no_image
124942,Sedum subtile,细小景天,,,,,,,no_image
124972,Sedum yangjifengense,阳际峰景天,,,,,,,no_image
141191,Seiridium ceratosporum,,,,,,,,no_image
124981,Selaginella austro-orientalis,东南卷柏,,,,,,,no_image
125001,Selaginella dianzhongensis,滇中卷柏,,,,,,,no_image
125022,Selaginella labordei,细叶卷柏,,,,,,,no_image
125043,Selaginella pseudonipponica,拟伏地卷柏,,,,,,,no_image
125065,Selaginella submonospora,拟单子卷柏,,,,,,,no_image
81538,Selar boops,牛目凹肩鲹,,,,,,,no_image
15920,Sellanucheza tenebra,,,,,,,,no_image
125106,Selliguea engleri,恩氏假瘤蕨,,,,,,,no_image
64336,Semanotus undatus,,,,,,,,no_image
125146,Selliguea tibetana,西藏假瘤蕨,,,,,,,no_image
125126,Selliguea nigrovenia,毛叶假瘤蕨,,,,,,,no_image
125167,Semenovia montana,锐尖叶大瓣芹,,,,,,,no_image
64347,Semidalis unicornis,一角重粉蛉,,,,,,,no_image
125198,Senecio dodrans,黑缘千里光,,,,,,,no_image
14083,Semljicola faustus,窄缝肺音蛛,,,,,,,no_image
125220,Senecio muliensis,木里千里光,,,,,,,no_image
125283,Senna hirsuta,毛荚决明,,,,,,,no_image
125243,Senecio vulgaris,欧洲千里光,,,,,,,no_image
125263,Senegalia prominens,老虎刺儿茶,,,,,,,no_image
64368,Senometopia fujianensis,福建裸基寄蝇,,,,,,,no_image
19417,Sensillonychiurus reducta,,,,,,,,no_image
64388,Senometopia subferrifera,亚锈叶裸基寄蝇,,,,,,,no_image
64420,Sepedophilus bipustulatus,,,,,,,,no_image
64445,Sepsis barbata,须状鼓翅蝇,,,,,,,no_image
5310,Septifer excisus,隆起隔贻贝,,,,,,,no_image
154639,Septobasidium tanakae,褐色膏药病,,,,,,,no_image
154619,Septobasidium henningsii,,,,,,,,no_image
143394,Septoria armeriae,,,,,,,,no_image
143414,Septoria centellae,,,,,,,,no_image
143434,Septoria digitalis,,,,,,,,no_image
143474,Septoria lophanthi,,,,,,,,no_image
143454,Septoria gaurina,,,,,,,,no_image
143494,Septoria phaseoli,,,,,,,,no_image
143514,Septoria saccharina,,,,,,,,no_image
143534,Septoria tormentillae,,,,,,,,no_image
64478,Sergentomyia khawi,许氏司蛉,,,,,,,no_image
140734,Sepultaria geaster,,,,,,,,no_image
64498,Sergentomyia wangi,王氏司蛉,,,,,,,no_image
6500,Sergia lucens,发光(正)樱虾,,,,,,,no_image
81545,Serilophus lunatus,银胸丝冠鸟,,,,,,,no_image
64533,Serrodes curvilinea,曲线斑翅夜蛾,,,,,,,no_image
64524,Serixia prolata,,,,,,,,no_image
7687,Sertularia nana,细小桧叶螅,,,,,,,no_image
125308,Sesbania bispinosa,刺田菁,,,,,,,no_image
125332,Seseli strictum,劲直西风芹,,,,,,,no_image
125348,Setaria italica,粱,,,,,,,no_image
9469,Setoptus koraiensis,,,,,,,,no_image
14155,Shaanxinus anguilliformis,蛇形陕蛛,,,,,,,no_image
81563,Shinisaurus crocodilurus,鳄蜥,,,,,,,no_image
64570,Shangrilla flavomarginata,黄缘藏刺蛾,,,,,,,no_image
10050,Shevtchenkella acer,,,,,,,,no_image
64603,Sialis elegans,优雅泥蛉,,,,,,,no_image
125391,Shorea robusta,娑罗双,,,,,,,no_image
125401,Sibbaldia procumbens,山莓草,,,,,,,no_image
125417,Sibirotrisetum henryi,湖北三毛草,,,,,,,no_image
81572,Sicista subtilis,草原蹶鼠,,,,,,,no_image
704,Sicyonia taiwanensis,单肢虾,,,,,,,no_image
125441,Sida yunnanensis,云南黄花棯,,,,,,,no_image
9454,Sierraphytoptus taiwanensus,,,,,,,,no_image
81586,Siganus punctatus,斑篮子鱼,,,,,,,no_image
64655,Siglophora ferreilutea,锈血斑夜蛾,,,,,,,no_image
64669,Silba setifera,多毛双鬃尖尾蝇,,,,,,,no_image
125510,Silene incurvifolia,镰叶蝇子草,,,,,,,no_image
125462,Silene borysthenica,小花蝇子草,,,,,,,no_image
125484,Silene firma,坚硬女娄菜,,,,,,,no_image
125534,Silene media,间型蝇子草,,,,,,,no_image
125558,Silene otites,黄雪轮,,,,,,,no_image
125580,Silene stewartiana,大子蝇子草,,,,,,,no_image
81600,Sillago ingenuua,海湾鱚,,,,,,,no_image
125600,Silene zhongbaensis,仲巴蝇子草,,,,,,,no_image
81617,Silurus soldatovi,怀头鲇,,,,,,,no_image
64695,Silvius formosensis,台岛林虻,,,,,,,no_image
146050,Simocybe centunculus,密绒盖伞,,,,,,,no_image
64719,Simulium angustitarse,窄跗纺蚋,,,,,,,no_image
64739,Simulium caohaiense,草海蚋,,,,,,,no_image
64759,Simulium densastylum,齿端蚋,,,,,,,no_image
64779,Simulium foliatum,叶片蚋,,,,,,,no_image
64799,Simulium himalayense,喜山蚋,,,,,,,no_image
64819,Simulium kangi,康氏绳蚋,,,,,,,no_image
64839,Simulium longchatum,矛板蚋,,,,,,,no_image
64859,Simulium mie,三重纺蚋,,,,,,,no_image
64879,Simulium nujiangense,怒江蚋,,,,,,,no_image
64899,Simulium promorsitans,桑叶蚋,,,,,,,no_image
64919,Simulium reptans,爬蚋,,,,,,,no_image
64939,Simulium shogakii,憎木绳蚋,,,,,,,no_image
64979,Simulium vulgare,伏尔加蚋,,,,,,,no_image
64959,Simulium taulingense,透林纺蚋,,,,,,,no_image
64999,Simulium xueae,薛氏纺蚋,,,,,,,no_image
65016,Sinacris hunanensis,湖南华蝗,,,,,,,no_image
65031,Sinagonia maculigera,黑斑断脊甲,,,,,,,no_image
65039,Sindiola vigintisexnotata,廿六斑双梳龟甲,,,,,,,no_image
19046,Sinella longiantenna,,,,,,,,no_image
19106,Sinella transoculata,,,,,,,,no_image
65048,Sineugraphe scotina,暗扇夜蛾,,,,,,,no_image
19049,Sinhomidia guangxiensis,,,,,,,,no_image
81627,Sinilabeo longibarbatus,长须华鲮,,,,,,,no_image
65072,Sinlathrobium lobrathiforme,,,,,,,,no_image
65080,Sinocapritermes magnus,大华扭白蚁,,,,,,,no_image
65091,Sinocentrus sinensis,华角蝉,,,,,,,no_image
81637,Sinobatis stenosoma,狭体海湾无鳍鳐,,,,,,,no_image
65109,Sinochlora trapezialis,折板华绿螽,,,,,,,no_image
125662,Sinocrassula densirosulata,密叶石莲,,,,,,,no_image
12070,Sinocoelotes guangxian,光先华隙蛛,,,,,,,no_image
81646,Sinocyclocheilus anophthalmus,无眼金线鲃,,,,,,,no_image
81686,Sinocyclocheilus microphthalmus,小眼金线鲃,,,,,,,no_image
81666,Sinocyclocheilus hugeibarbus,巨须金线鲃,,,,,,,no_image
65125,Sinodrapetis basiflava,基黄华合室舞虻,,,,,,,no_image
1970,Sinodina bannica,版纳华米虾,,,,,,,no_image
81706,Sinocyclocheilus yimenensis,易门金线鲃,,,,,,,no_image
81720,Sinogastromyzon tonkinensis,越南华吸鳅,,,,,,,no_image
65139,Sinolacme tyranna,闽南茎刺飞虱,,,,,,,no_image
12993,Sinoinsula minuta,小华岛蛛,,,,,,,no_image
65162,Sinopelta maculiventra,斑腹华圆蝇,,,,,,,no_image
65146,Sinonasutitermes guangxiensis,广西华象白蚁,,,,,,,no_image
65181,Sinophasma largum,广华枝䗛,,,,,,,no_image
13468,Sinopoda altissima,高原华遁蛛,,,,,,,no_image
13309,Sinopoda forcipata,钳状华遁蛛,,,,,,,no_image
13400,Sinopoda yanlingensis,炎陵华遁蛛,,,,,,,no_image
65214,Sinopodisma wulingshana,武陵山蹦蝗,,,,,,,no_image
13364,Sinopoda nuda,裸华遁蛛,,,,,,,no_image
125733,Sinosenecio guangxiensis,广西蒲儿根,,,,,,,no_image
125753,Sinosenecio phalacrocarpus,秃果蒲儿根,,,,,,,no_image
125714,Sinosasa mingyueshanensis,明月山华赤竹,,,,,,,no_image
125773,Sinoseris scandens,中国苣,,,,,,,no_image
81749,Sinosuthora zappeyi,暗色鸦雀,,,,,,,no_image
7251,Sinularia discrepans,分歧指软珊瑚,,,,,,,no_image
7151,Sinularia microclavata,小棒指软珊瑚,,,,,,,no_image
65240,Sinotrisus nomurai,,,,,,,,no_image
7234,Sinularia variabilis,多变指软珊瑚,,,,,,,no_image
7543,Siphonogorgia cylindrita,筒管软珊瑚,,,,,,,no_image
125784,Siphocranion flavidum,淡黄筒冠花,,,,,,,no_image
8306,Sipunculus angasoides,拟安氏方格星虫,,,,,,,no_image
17457,Siratus alabaster,岩石链棘螺,,,,,,,no_image
125802,Sisymbrium brassiciforme,无毛大蒜芥,,,,,,,no_image
143552,Sirococcus piceae,,,,,,,,no_image
65284,Sisyropa heterusiae,异皮寄蝇,,,,,,,no_image
125829,Skimmia japonica,,,,,,,,no_image
81777,Sitta solangiae,淡紫䴓,,,,,,,no_image
150942,Skeletocutis lenis,,,,,,,,no_image
125846,Sloanea longiaculeatae,长刺猴欢喜,,,,,,,no_image
125865,Smelowskia heishuiensis,黑水华羽芥,,,,,,,no_image
65313,Smidtia candida,亮丽锥腹寄蝇,,,,,,,no_image
125903,Smilax gaudichaudiana,合丝肖菝葜,,,,,,,no_image
125881,Smilax bockii,肖菝葜,,,,,,,no_image
125925,Smilax malipoensis,麻栗坡菝葜,,,,,,,no_image
125947,Smilax polyandra,多蕊肖菝葜,,,,,,,no_image
125970,Smilax yunnanensis,云南菝葜,,,,,,,no_image
8200,Smithea eurygaster,真胃穴水母,,,,,,,no_image
1483,Smittipora harmeriana,哈氏斯密苔虫,,,,,,,no_image
65346,Soikiella mongibelli,火山斯赤眼蜂,,,,,,,no_image
126007,Solanum luzoniense,吕宋茄,,,,,,,no_image
2026,Socarnopsis dissimulantia,双混拟肉钩虾,,,,,,,no_image
126027,Solanum seaforthianum,南青杞,,,,,,,no_image
5543,Solen grandis,大竹蛏,,,,,,,no_image
4834,Solenocera choprai,乔氏管鞭虾,,,,,,,no_image
3640,Solecurtus divaricata,总角截蛏,,,,,,,no_image
126073,Solenostoma hyalinum,透明管口苔,,,,,,,no_image
126053,Solenostoma caoi,曹氏管口苔,,,,,,,no_image
126096,Solenostoma rupicola,石生管口苔,,,,,,,no_image
14308,Solenysa lanyuensis,兰屿蚁微蛛,,,,,,,no_image
143558,Solicorynespora pseudolmediae,,,,,,,,no_image
10733,Solmaris flavescens,黄色太阳水母,,,,,,,no_image
126140,Solms-laubachia marinellii,柔毛宽果芥,,,,,,,no_image
137322,Solorina crocea,镉黄散盘衣,,,,,,,no_image
65365,Solva nigricoxis,黑基粗腿木虻,,,,,,,no_image
65386,Somatochlora shanxiensis,山西金光伪蜻,,,,,,,no_image
126168,Sonerila picta,彩叶蜂斗草,,,,,,,no_image
65406,Sophonia bilineara,双线拟隐脉叶蝉,,,,,,,no_image
16731,Songthela wosanensis,峨山宋蛛,,,,,,,no_image
65427,Sophonia tortuosa,曲茎拟隐脉叶蝉,,,,,,,no_image
126200,Sophora praetorulosa,疏节槐,,,,,,,no_image
126257,Sorbus dolichofoliolatus,长叶花楸,,,,,,,no_image
126227,Sorbaria kirilowii,华北珍珠梅,,,,,,,no_image
126279,Sorbus guanii,开云花楸,,,,,,,no_image
126307,Sorbus monbeigii,维西花楸,,,,,,,no_image
126360,Sorbus tsinlingensis,秦岭花楸,,,,,,,no_image
126331,Sorbus reducta,铺地花楸,,,,,,,no_image
81806,Sorex excelsus,云南鼩鼱,,,,,,,no_image
81818,Soriculus medogensis,墨脱长尾鼩鼱,,,,,,,no_image
126391,Soroseris umbrella,肉菊,,,,,,,no_image
154758,Sorosporium paspali,,,,,,,,no_image
140746,Sowerbyella laevispora,光孢索氏盘菌,,,,,,,no_image
65483,Spaniocelyphus fuscipes,棕足狭须甲蝇,,,,,,,no_image
151865,Sparassis latifolia,广叶绣球菌,,,,,,,no_image
65460,Spalangia drosophilae,平胸俑小蜂,,,,,,,no_image
65512,Spatalina argentata,银华舟蛾,,,,,,,no_image
13045,Spartaeus jianfengensis,尖峰散蛛,,,,,,,no_image
126419,Spatholobus gengmaensis,耿马密花豆,,,,,,,no_image
65530,Spatulignatha hemichrysa,匙唇祝蛾,,,,,,,no_image
81827,Spelaeornis caudatus,棕喉鹩鹛,,,,,,,no_image
12688,Speocera gexuejuni,学军角洞蛛,,,,,,,no_image
126439,Spermacoce alata,阔叶丰花草,,,,,,,no_image
152975,Sphacelotheca apludae,水蔗草轴黑粉菌,,,,,,,no_image
153015,Sphacelotheca smithii,,,,,,,,no_image
152995,Sphacelotheca lioui,,,,,,,,no_image
144759,Sphaeria rubi,,,,,,,,no_image
65567,Sphaerobulbus brezinai,,,,,,,,no_image
65584,Sphaerogastrella javana,爪哇球腹果蝇,,,,,,,no_image
6329,Sphaeromyxa elegini,宽突鳕弧形虫,,,,,,,no_image
65607,Sphaerophoria flavianusana,黄颜细腹蚜蝇,,,,,,,no_image
136600,Sphaerophorus taiwanensis,台东球粉衣,,,,,,,no_image
140755,Sphaerospora trechispora,疣球孢盘菌,,,,,,,no_image
138194,Sphaerotheca mors-uvae,醋栗单囊壳,,,,,,,no_image
126464,Sphagneticola ×,广东蟛蜞菊,,,,,,,no_image
126484,Sphagnum junghuhnianum,暖地泥炭藓,,,,,,,no_image
138174,Sphaerotheca balsaminae,凤仙花单囊壳,,,,,,,no_image
126506,Sphagnum rubellum,红叶泥炭藓,,,,,,,no_image
65633,Sphegigaster fusca,棕柄斯夫金小蜂,,,,,,,no_image
65653,Sphegina potanini,波棒腹蚜蝇,,,,,,,no_image
65666,Sphenometopa czernyi,切氏榍蜂麻蝇,,,,,,,no_image
7958,Spheractis cheungae,洞球海葵,,,,,,,no_image
65729,Sphragifera magniplaga,大斑明夜蛾,,,,,,,no_image
65685,Sphingonotus bifasciatus,二纹束颈蝗,,,,,,,no_image
18761,Sphyrotheca multifasciata,,,,,,,,no_image
65709,Sphingonotus salinus,瘤背束颈蝗,,,,,,,no_image
65748,Spilarctia huizenensis,会泽污灯蛾,,,,,,,no_image
65790,Spilogona eximia,宽颧点池蝇,,,,,,,no_image
65770,Spiloconis sexguttata,六斑瑕粉蛉,,,,,,,no_image
65811,Spilogona paradise,极乐点池蝇,,,,,,,no_image
65851,Spilonota ocellana,苹白小卷蛾,,,,,,,no_image
65831,Spilogona tibetana,青藏点池蝇,,,,,,,no_image
65865,Spilosoma ningyuenfui,点斑雪灯蛾,,,,,,,no_image
65901,Spinipalpa aletes,游须刺夜蛾,,,,,,,no_image
65879,Spindasis syama,豆粒银线灰蝶,,,,,,,no_image
65908,Spinoberea cephalotes,,,,,,,,no_image
126530,Spiradiclis baishaiensis,百色螺序草,,,,,,,no_image
126552,Spiradiclis hainanensis,海南螺序草,,,,,,,no_image
126572,Spiradiclis petrophila,石生螺序草,,,,,,,no_image
126594,Spiraea alpina,高山绣线菊,,,,,,,no_image
126628,Spiraea flexuosa,曲萼绣线菊,,,,,,,no_image
126714,Spiraea sericea,绢毛绣线菊,,,,,,,no_image
126673,Spiraea media,欧亚绣线菊,,,,,,,no_image
15788,Spirobolus formosae,福尔摩沙山蛩,,,,,,,no_image
126741,Spiranthes australis,亚太绶草,,,,,,,no_image
126755,Splachnum sphaericum,卵叶壶藓,,,,,,,no_image
65926,Spodoptera pecten,梳灰翅夜蛾,,,,,,,no_image
5620,Spongionella pulchella,秀丽小针海绵,,,,,,,no_image
3387,Spondylus heidkeae,亥氏海菊蛤,,,,,,,no_image
133783,Sporidesmiella hyalosperma,,,,,,,,no_image
143587,Sporidesmium dissolvens,,,,,,,,no_image
155009,Sporisorium cymbopogonis-distantis,香茅粒孢堆黑粉菌,,,,,,,no_image
143607,Sporidesmium nivae,,,,,,,,no_image
155029,Sporisorium miscanthi,芒孢堆黑粉菌,,,,,,,no_image
154989,Sporisorium abramovianum,大油芒孢堆黑粉菌,,,,,,,no_image
135489,Sporopodium leprieurii,,,,,,,,no_image
155049,Sporisorium stuhlmannii,,,,,,,,no_image
151108,Sporotrichum martinekii,,,,,,,,no_image
126798,Spruceanthus polymorphus,变异多褶苔,,,,,,,no_image
81916,Squaliolus aliae,阿里拟角鲨,,,,,,,no_image
142216,Stachybotrys atra,,,,,,,,no_image
65937,Squamosa chalcites,姹鳞刺蛾,,,,,,,no_image
126849,Stachyurus chinensis,中国旌节花,,,,,,,no_image
126812,Stachys adulterina,少毛甘露子,,,,,,,no_image
142236,Stachybotrys zhangmuensis,,,,,,,,no_image
126856,Stahlianthus involucratus,土田七,,,,,,,no_image
143635,Stanjehughesia polypora,,,,,,,,no_image
126861,Staphylea campanulata,钟果省沽油,,,,,,,no_image
126870,Stauntonia duclouxii,羊瓜藤,,,,,,,no_image
126889,Staurogyne brachystachya,短穗叉柱花,,,,,,,no_image
65982,Staurophora celsia,干纹夜蛾,,,,,,,no_image
11698,Steatoda nigrimaculata,黑斑肥腹蛛,,,,,,,no_image
134784,Staurothele rufa,淡红矮疣衣,,,,,,,no_image
151989,Stecchericium ochrocroceum,赭黄齿耳,,,,,,,no_image
66015,Stegana angustifoliacea,瘦叶冠果蝇,,,,,,,no_image
11944,Stedocys matuoensis,马坨胸蛛,,,,,,,no_image
66035,Stegana cyclophylla,圆叶冠果蝇,,,,,,,no_image
66055,Stegana jianfenglingensis,尖峰岭冠果蝇,,,,,,,no_image
66095,Stegana planiceps,平头冠果蝇,,,,,,,no_image
66075,Stegana monoacaena,单刺冠果蝇,,,,,,,no_image
66115,Stegana taiwana,台湾冠果蝇,,,,,,,no_image
126912,Stegonia latifolia,石芽藓,,,,,,,no_image
66135,Steganopsis convergens,聚曲脉缟蝇,,,,,,,no_image
66145,Stelis breviuscula,短暗蜂,,,,,,,no_image
126939,Stellaria dianthifolia,石竹叶繁缕,,,,,,,no_image
126966,Stellaria nemorum,腺毛繁缕,,,,,,,no_image
126986,Stellaria tibetica,西藏繁缕,,,,,,,no_image
127001,Stemona mairei,云南百部,,,,,,,no_image
134114,Stemphylium amaranthi,,,,,,,,no_image
134134,Stemphylium pisi,,,,,,,,no_image
66162,Stenaesthetus conflictatus,,,,,,,,no_image
66179,Stenatkina luteimacula,黄斑长冠叶蝉,,,,,,,no_image
66216,Stenichnus donggonganus,,,,,,,,no_image
66193,Stenhomalus clarinus,,,,,,,,no_image
66236,Stenistoderus nothus,,,,,,,,no_image
66256,Stenochironomus linanensis,临安狭摇蚊,,,,,,,no_image
66273,Stenocorus vittatus,,,,,,,,no_image
66293,Stenocranus zalantunensis,扎兰屯长突飞虱,,,,,,,no_image
66312,Stenodema plebeja,川狭盲蝽,,,,,,,no_image
66332,Stenodes pallens,金黄窄纹卷蛾,,,,,,,no_image
15579,Stenohya huangi,黄氏狭伪蝎,,,,,,,no_image
66380,Stenomastax subopaca,,,,,,,,no_image
66360,Stenomalina liparae,丽纤金小蜂,,,,,,,no_image
66419,Stenoponia vlasovi,伏氏狭蚤,,,,,,,no_image
66399,Stenopogon coracinus-carbonarius,灰瘦芒食虫虻,,,,,,,no_image
66428,Stenotus insularis,台湾纤盲蝽,,,,,,,no_image
66495,Stenus breviculus,,,,,,,,no_image
66450,Stenus andamanensis,,,,,,,,no_image
66473,Stenus beckeri,,,,,,,,no_image
66536,Stenus confertus,,,,,,,,no_image
66515,Stenus cirriger,,,,,,,,no_image
66557,Stenus decoratus,,,,,,,,no_image
66599,Stenus fraterculus,,,,,,,,no_image
66577,Stenus erlangmontium,,,,,,,,no_image
66619,Stenus hainanicola,,,,,,,,no_image
66639,Stenus illotulus,,,,,,,,no_image
66659,Stenus jinxiuensis,,,,,,,,no_image
66681,Stenus liangtangi,,,,,,,,no_image
66703,Stenus marginiventris,,,,,,,,no_image
66725,Stenus montitenens,,,,,,,,no_image
66747,Stenus oemanus,,,,,,,,no_image
66768,Stenus perpastus,,,,,,,,no_image
66788,Stenus perversor,,,,,,,,no_image
66831,Stenus rugosivestis,,,,,,,,no_image
66810,Stenus qingliangfengus,,,,,,,,no_image
66851,Stenus shibataiellus,,,,,,,,no_image
66871,Stenus sugayai,,,,,,,,no_image
66891,Stenus trigonuroides,,,,,,,,no_image
66931,Stenus yasuakii,,,,,,,,no_image
66911,Stenus voluptabilis,,,,,,,,no_image
127037,Stephania japonica,千金藤,,,,,,,no_image
127017,Stephanandra incisa,小野珠兰,,,,,,,no_image
18119,Stephanoceros fimbriatus,丝带花环轮虫,,,,,,,no_image
81964,Stercorarius maccormicki,南极贼鸥,,,,,,,no_image
127081,Sterculia principis,基苹婆,,,,,,,no_image
136635,Stereocaulon depreaultii,迪氏珊瑚枝,,,,,,,no_image
136655,Stereocaulon pomiferum,苹果珊瑚枝,,,,,,,no_image
6864,Stereonephthya pumilia,小型硬荑软珊瑚,,,,,,,no_image
152601,Stereum purpureum,紫韧革菌,,,,,,,no_image
152581,Stereum chailletii,细笋革菌,,,,,,,no_image
127109,Stevenia cheiranthoides,曙南芥,,,,,,,no_image
127098,Sterigmostemum caspicum,棒果芥,,,,,,,no_image
66962,Sthenias cylindricus,,,,,,,,no_image
66956,Sternotropa sinensis,,,,,,,,no_image
66979,Stiboges nymphidia,白蚬蝶,,,,,,,no_image
7776,Stichopathes flagellum,鞭纵列黑珊瑚,,,,,,,no_image
137213,Sticta neocaledonica,南洋牛皮叶,,,,,,,no_image
67013,Stichopogon infuscatus,棕微食虫虻,,,,,,,no_image
67035,Stictomischus longus,长痣刻柄金小蜂,,,,,,,no_image
137070,Stictis stellata,星状点盘菌,,,,,,,no_image
143643,Stigmateacites simplex,,,,,,,,no_image
133294,Stigmidium trichotheliorum,,,,,,,,no_image
67069,Stilicoderus denticulatus,,,,,,,,no_image
67089,Stilicoderus schuelkei,,,,,,,,no_image
67128,Stilobezzia paucipictipes,斑足柱蠓,,,,,,,no_image
67108,Stilobezzia debilipes,柔弱柱蠓,,,,,,,no_image
127152,Stipa baxoiensis,八宿针茅,,,,,,,no_image
127178,Stipa sareptana,新疆针茅,,,,,,,no_image
67143,Stivalius laxilobulus,宽叶微棒蚤,,,,,,,no_image
6003,Stolus micronodosus,细疣囊皮参,,,,,,,no_image
127200,Stranvaesia lasiogyna,倒卵叶红果树,,,,,,,no_image
67153,Stomorhina procula,四斑口鼻蝇,,,,,,,no_image
67164,Storeya paradoxa,奇金小蜂,,,,,,,no_image
67198,Stratiomys portschinskana,缩眼水虻,,,,,,,no_image
67217,Streblocera emarginata,凹缘长柄茧蜂,,,,,,,no_image
82016,Streptopelia turtur,欧斑鸠,,,,,,,no_image
67237,Streblocera nigra,黑胸长柄茧蜂,,,,,,,no_image
67257,Streblocera xianensis,西安长柄茧蜂,,,,,,,no_image
67270,Striglin bifida,叉斜线网蛾,,,,,,,no_image
6111,Striatobalanus krügeri,窄翼条藤壶,,,,,,,no_image
127228,Strigosella scorpioides,卷果涩芥,,,,,,,no_image
8775,Striodentalium rhabdotum,沟角贝,,,,,,,no_image
127244,Strobilanthes biocullata,湖南马蓝,,,,,,,no_image
127267,Strobilanthes dryadum,林马蓝,,,,,,,no_image
127310,Strobilanthes longispica,长穗腺背蓝,,,,,,,no_image
127287,Strobilanthes henryi,南一笼鸡,,,,,,,no_image
127350,Strobilanthes sherdukpenorum,,,,,,,,no_image
127370,Strobilanthes truncata,截头紫云菜,,,,,,,no_image
127330,Strobilanthes pateriformis,翅枝马蓝,,,,,,,no_image
149282,Strobilomyces nigricans,黑松塔牛肝菌,,,,,,,no_image
67296,Strobilomyia oriens,东方球果花蝇,,,,,,,no_image
1591,Strobopagurus gracilipes,细指转寄居蟹,,,,,,,no_image
10787,Strombus haemastoma,红口凤螺,,,,,,,no_image
155498,Strongwellsea castrans,绝育斯魏霉,,,,,,,no_image
67316,Strongylophthalmyia sichuanica,四川圆目蝇,,,,,,,no_image
148364,Stropharia coronilla,齿环球盖菇,,,,,,,no_image
148384,Stropharia subsquamulosa,近鱗球盖菇,,,,,,,no_image
127402,Strychnos angustiflora,牛眼马钱,,,,,,,no_image
127418,Stuckenia pectinata,蓖齿眼子菜,,,,,,,no_image
127426,Stylosanthes guianensis,圭亚那笔花豆,,,,,,,no_image
156096,Stylopage anomala,异形梗虫霉,,,,,,,no_image
5404,Stylocidaris annulosa,环棘柄头帕,,,,,,,no_image
67386,Stylurus flavicornis,黄角扩腹春蜓,,,,,,,no_image
67366,Stylotermes lianpingensis,连平杆白蚁,,,,,,,no_image
127469,Styrax roseus,粉花安息香,,,,,,,no_image
127443,Styrax chongzuoensis,崇左安息香,,,,,,,no_image
67408,Styringomyia taiwanensis,台湾香大蚊,,,,,,,no_image
127499,Suaeda rigida,硬枝碱蓬,,,,,,,no_image
1027,Subadyte micropapillata,小突刺囊鳞虫,,,,,,,no_image
67432,Submicroterys eriococci,绒蚧亚翅跳小蜂,,,,,,,no_image
17629,Succinea carectorum,苔藓琥珀螺,,,,,,,no_image
13573,Sudesna hedini,赫氏苏蛛,,,,,,,no_image
67452,Suillia uenoi,上野舒日蝇,,,,,,,no_image
149592,Suillus flavoluteus,黄褐乳牛肝菌,,,,,,,no_image
149632,Suillus viscidus,灰乳牛肝菌,,,,,,,no_image
149612,Suillus pinetorum,松林乳牛肝菌,,,,,,,no_image
67473,Suinzona potanini,粗点梭形叶甲,,,,,,,no_image
7764,Sulculeolaria brintoni,镶无棱水母,,,,,,,no_image
82067,Suncus murinus,臭鼩,,,,,,,no_image
127529,Sunipia thailandica,光花大苞兰,,,,,,,no_image
67511,Suragina guangxiensis,广西平颊伪鹬虻,,,,,,,no_image
127533,Suzukia luchuensis,齿唇台钱草,,,,,,,no_image
127544,Swertia calycina,叶萼獐牙菜,,,,,,,no_image
127593,Swertia muliensis,木里獐牙菜,,,,,,,no_image
127571,Swertia franchetiana,抱茎獐牙菜,,,,,,,no_image
127619,Swertia souliei,康定獐牙菜,,,,,,,no_image
3667,Syamus erratiaus,游荡鲸虱,,,,,,,no_image
67549,Sybistroma latifacies,宽颜粗柄长足虻,,,,,,,no_image
67572,Sybra miscanthivola,,,,,,,,no_image
67594,Sycacantha inopinata,淡维小卷蛾,,,,,,,no_image
82088,Sylviparus modestus,黄眉林雀,,,,,,,no_image
67626,Sympetrum daliensis,大理赤蜻,,,,,,,no_image
67611,Symbrenthia liaea,散纹盛蛱蝶,,,,,,,no_image
67649,Sympetrum speciosum,,,,,,,,no_image
82103,Symphurus bathyspilus,深渊无线鳎,,,,,,,no_image
127663,Symphyotrichum ciliatum,短星菊,,,,,,,no_image
67680,Symplana biloba,二叶斯杯瓢蜡蝉,,,,,,,no_image
7678,Symplectoscyphus tropicus,热带辫螅,,,,,,,no_image
127719,Symplocos pseudobarberina,铁山矾,,,,,,,no_image
127695,Symplocos fukienensis,福建山矾,,,,,,,no_image
67698,Sympotthastia repentina,匍行同波摇蚊,,,,,,,no_image
67718,Symydobius paucisensorius,少圈毛斑蚜,,,,,,,no_image
12802,Synagelides platnicki,普氏合跳蛛,,,,,,,no_image
1341,Synalpheus bituberculatus,双突合鼓虾,,,,,,,no_image
82117,Synanceia horrida,毒鲉,,,,,,,no_image
156056,Syncephalastrum racemosum,丝 状 真 菌 Sr18,,,,,,,no_image
18461,Synchaeta pectinata,梳状疣毛轮虫,,,,,,,no_image
127747,Syndiclis kwangsiensis,广西油果樟,,,,,,,no_image
155270,Synchytrium decipiens,迷惑集壶菌,,,,,,,no_image
67743,Syneches apiciflavus,黄端柄驼舞虻,,,,,,,no_image
67763,Syneches muscarius,斑翅柄驼舞虻,,,,,,,no_image
127756,Syneilesis subglabrata,高山兔儿伞,,,,,,,no_image
82146,Synodus jaculum,射狗母鱼,,,,,,,no_image
67787,Syngamoptera gigas,巨合夜蝇,,,,,,,no_image
127761,Synotis atractylidifolia,术叶合耳菊,,,,,,,no_image
127781,Synotis jinshajiangensis,金沙江合耳菊,,,,,,,no_image
127801,Synotis solidaginea,川西合耳菊,,,,,,,no_image
67821,Syntretomorpha szaboi,斯赞蜜蜂茧蜂,,,,,,,no_image
67801,Syntomopus fuscipes,棕足矩胸金小蜂,,,,,,,no_image
67829,Syntypistis ambigua,糊胯舟蛾,,,,,,,no_image
67855,Syntypistis synechochlora,兴胯舟蛾,,,,,,,no_image
67874,Sypnoides olena,肘析夜蛾,,,,,,,no_image
127839,Syringa protolaciniata,华丁香,,,,,,,no_image
67900,Syrphophagus nigrocyaneus,食蚜蝇跳小蜂,,,,,,,no_image
127858,Syrrhopodon flammeonervis,红肋网藓,,,,,,,no_image
67917,Systasis longula,长腹毛链金小蜂,,,,,,,no_image
67935,Systropus barbiellinii,巴氏姬蜂虻,,,,,,,no_image
67955,Systropus flavicornis,黄角姬蜂虻,,,,,,,no_image
67975,Systropus liuae,钝平姬蜂虻,,,,,,,no_image
67995,Systropus yspilus,燕尾姬蜂虻,,,,,,,no_image
127886,Syzygium boisianum,无柄蒲桃,,,,,,,no_image
127909,Syzygium fruticosum,簇花蒲桃,,,,,,,no_image
127932,Syzygium malaccense,马六甲蒲桃,,,,,,,no_image
127953,Syzygium sterrophyllum,硬叶蒲桃,,,,,,,no_image
68021,Tabanus bovinus,嗜牛虻,,,,,,,no_image
82168,Taaningichthys minimus,新西兰月灯鱼,,,,,,,no_image
68063,Tabanus golovi,戈氏虻,,,,,,,no_image
68083,Tabanus kabuensis,卡布虻,,,,,,,no_image
68043,Tabanus cylindrocallus,柱胛虻,,,,,,,no_image
68103,Tabanus lushanensis,庐山虻,,,,,,,no_image
68143,Tabanus pallidepectoratus,浅胸虻,,,,,,,no_image
68183,Tabanus signifer,角斑虻,,,,,,,no_image
68123,Tabanus nanpingensis,南平虻,,,,,,,no_image
68163,Tabanus pullomaculatus,暗斑虻,,,,,,,no_image
127971,Tabernaemontana divaricata,狗牙花,,,,,,,no_image
68232,Tachina breviceps,短头寄蝇,,,,,,,no_image
68203,Tabanus tricolorus,三色虻,,,,,,,no_image
68252,Tachina lateromaculata,艳斑寄蝇,,,,,,,no_image
68272,Tachina qingzangensis,青藏寄蝇,,,,,,,no_image
68333,Tachinus licenti,,,,,,,,no_image
68313,Tachinus fanjingensis,,,,,,,,no_image
68292,Tachinomorphus paramerus,,,,,,,,no_image
68374,Tachinus taichungensis,,,,,,,,no_image
68409,Tachytrechus genualis,黑脚迅长足虻,,,,,,,no_image
82173,Tachymarptis melba,高山雨燕,,,,,,,no_image
68354,Tachinus ohbayashii,,,,,,,,no_image
82179,Tadorna ferruginea,赤麻鸭,,,,,,,no_image
68443,Tagiades gana,白边裙弄蝶,,,,,,,no_image
68462,Tailorilygus apicalis,泛泰盲蝽,,,,,,,no_image
68425,Taeniostola vittigera,五条笋实蝇,,,,,,,no_image
68469,Taipinus elatus,壮圆胸叶甲,,,,,,,no_image
68498,Taiwania ginpinica,金平圆龟甲,,,,,,,no_image
68520,Taiwania quadriramosa,四枝台龟甲,,,,,,,no_image
68479,Taiwania appluda,小云龟甲,,,,,,,no_image
68541,Taiwanina pandoxa,尖弯台湾枝大蚊,,,,,,,no_image
68560,Takahashia japonica,日本纽绵蜡蚧,,,,,,,no_image
11527,Takayus kunmingicus,昆明高蛛,,,,,,,no_image
16272,Takeoa nishimurai,叉肢塔克蛛,,,,,,,no_image
82199,Takifugu porphyreus,紫色多纪鲀,,,,,,,no_image
82219,Takydromus sexlineatus,南草蜥,,,,,,,no_image
128033,Tamarix austromongolica,甘蒙柽柳,,,,,,,no_image
68580,Talbotia naganum,飞龙粉蝶,,,,,,,no_image
3933,Tambalagamia fauveli,背褶沙蚕,,,,,,,no_image
10750,Tamoya alata,火水母,,,,,,,no_image
128070,Tanacetum vulgare,菊蒿,,,,,,,no_image
5639,Tanea shoichiroi,小斑玉螺,,,,,,,no_image
68617,Tanyptera hebeiensis,河北奇栉大蚊,,,,,,,no_image
68655,Taperus luchunensis,绿春角突叶蝉,,,,,,,no_image
68637,Tanytarsus oyamai,细纹长跗摇蚊,,,,,,,no_image
68668,Taraka hamada,蚜灰蝶,,,,,,,no_image
128095,Taraxacum brevicorniculatum,短角蒲公英,,,,,,,no_image
68662,Tapiena quadridens,四齿麻螽,,,,,,,no_image
128115,Taraxacum forrestii,网苞蒲公英,,,,,,,no_image
128155,Taraxacum pingue,尖角蒲公英,,,,,,,no_image
128135,Taraxacum ludlowii,林周蒲公英,,,,,,,no_image
128175,Taraxacum simulans,德格蒲公英,,,,,,,no_image
128195,Taraxacum turritum,塔状蒲公英,,,,,,,no_image
128214,Tarenna polysperma,多籽乌口树,,,,,,,no_image
13146,Tasa davidi,大卫塔沙蛛,,,,,,,no_image
68678,Tarophagus colocasiae,野芋飞虱,,,,,,,no_image
68694,Tasiocera kibunensis,东京尾大蚊,,,,,,,no_image
128272,Taxiphyllum taxirameum,鳞叶藓,,,,,,,no_image
128248,Taxillus liquidambaricola,枫香钝果寄生,,,,,,,no_image
128292,Taxus wallichiana,西藏红豆杉,,,,,,,no_image
128321,Tectaria griffithii,云南三叉蕨,,,,,,,no_image
6120,Tedania nigrescen,灰暗苔海绵,,,,,,,no_image
68715,Teanocera hyalipennis,亮额基芒沼蝇,,,,,,,no_image
128341,Tectaria simonsii,燕尾三叉蕨,,,,,,,no_image
9978,Tegolophus eminentopus,,,,,,,,no_image
10478,Tegonotus mangiferae,,,,,,,,no_image
10410,Tegolophus ringsi,,,,,,,,no_image
134175,Teichospora populi,,,,,,,,no_image
68762,Teleopsis guangxiensis,广西泰突眼蝇,,,,,,,no_image
5522,Tellinimactra edentula,蜊樱蛤,,,,,,,no_image
68783,Telingana maculoptera,斑翅负角蝉,,,,,,,no_image
68745,Teleclita centristicta,中点远舟蛾,,,,,,,no_image
137664,Teloschistes flavicans,浅黄枝衣,,,,,,,no_image
128357,Tenacistachya sichuanensis,坚轴草,,,,,,,no_image
68794,Temnostethus reduvinus,长头截胸花蝽,,,,,,,no_image
9916,Tenuipalpus hainanensis,,,,,,,,no_image
68807,Tephrilopyrgota miliaria,栗斑灰蜣蝇,,,,,,,no_image
68826,Tephritis hengduana,横断山花翅实蝇,,,,,,,no_image
128365,Tephroseris praticola,草原狗舌草,,,,,,,no_image
68846,Tephritis variata,草原花翅实蝇,,,,,,,no_image
151110,Terana caerulea,,,,,,,,no_image
82279,Teratoscincus scincus,伊犁沙虎,,,,,,,no_image
2284,Teredo clavus,棒底船蛆,,,,,,,no_image
68877,Teredorus wuyishanensis,武夷山尖顶蚱,,,,,,,no_image
16955,Tergestia xiamenensis,厦门颈褶吸虫,,,,,,,no_image
147051,Termitomyces aurantiacus,金黄鸡枞,,,,,,,no_image
128411,Ternstroemia hainanensis,海南厚皮香,,,,,,,no_image
147071,Termitomyces radicatus,根柄鸡土从菌,,,,,,,no_image
68902,Terrilimosina nana,矮陆小粪蝇,,,,,,,no_image
68919,Terthrothrips parvus,小胫管蓟马,,,,,,,no_image
68928,Tethea albicostata,白太波纹蛾,,,,,,,no_image
10197,Tetra acerii,,,,,,,,no_image
10280,Tetra lobuliferus,,,,,,,,no_image
10078,Tetra suspensae,,,,,,,,no_image
5981,Tetraclitella darwini,突角小笠藤壶,,,,,,,no_image
18859,Tetracanthella wui,,,,,,,,no_image
68983,Tetraglenes hirticornis,,,,,,,,no_image
68989,Tetralonia chinensis,中国四条蜂,,,,,,,no_image
14895,Tetragnatha jaculator,射肖蛸,,,,,,,no_image
14959,Tetragnatha squamata,鳞纹肖蛸,,,,,,,no_image
69006,Tetraneura caerulescens,暗色四脉绵蚜,,,,,,,no_image
9605,Tetranychus fijiensis,,,,,,,,no_image
9552,Tetranychus shihlinensis,,,,,,,,no_image
82309,Tetraophasis obscurus,红喉雉鹑,,,,,,,no_image
69041,Tetrapleurus formosae,,,,,,,,no_image
10046,Tetraspinus pistaciae,,,,,,,,no_image
128466,Tetrastigma hypoglaucum,叉须崖爬藤,,,,,,,no_image
82319,Tetrax tetrax,小鸨,,,,,,,no_image
69057,Tetrastichus septentrionalis,白蛾黑棒啮小蜂,,,,,,,no_image
128491,Tetrastigma serrulatum,狭叶崖爬藤,,,,,,,no_image
69105,Tetropium gracilicum,,,,,,,,no_image
69085,Tetrix ochronotata,褐背蚱,,,,,,,no_image
134943,Tettigomyces filiformis,,,,,,,,no_image
69132,Teuchophorus gratiosus,奉承脉胝长足虻,,,,,,,no_image
69146,Teulisna plagiata,方斑图苔蛾,,,,,,,no_image
128530,Teucrium labiosum,大唇香科科,,,,,,,no_image
128563,Thaigardenia collinsiae,卷萼栀,,,,,,,no_image
49,Thalamita malaccensis,马六甲短桨蟹,,,,,,,no_image
17511,Thais turbinoides,鳞片荔枝螺,,,,,,,no_image
19332,Thalassaphorura guangxiensis,,,,,,,,no_image
68,Thalamita wakensis,威克短桨蟹,,,,,,,no_image
8264,Thalassema fuscum,棕绿螠,,,,,,,no_image
82335,Thalassoma lunare,新月锦鱼,,,,,,,no_image
128570,Thalictrum angustialatum,狭翅钩柱唐松草,,,,,,,no_image
128600,Thalictrum fargesii,西南唐松草,,,,,,,no_image
128627,Thalictrum kangdingense,康定唐松草,,,,,,,no_image
128652,Thalictrum panzhihuaense,攀枝花唐松草,,,,,,,no_image
128676,Thalictrum simaoense,思茅唐松草,,,,,,,no_image
128702,Thalictrum viscosum,黏唐松草,,,,,,,no_image
69189,Thamiaraea kochi,,,,,,,,no_image
156070,Thamnocephalis quadrupedata,四脚头枝霉,,,,,,,no_image
69206,Thaumatoleon splendidus,台湾大弯爪蚁蛉,,,,,,,no_image
12567,Thanatus nipponicus,日本狼逍遥蛛,,,,,,,no_image
69227,Thecabius populisuctus,吸杨伪卷叶绵蚜,,,,,,,no_image
69235,Thecocarcelia hainanensis,海南鞘寄蝇,,,,,,,no_image
139672,Thecotheus pelletieri,锥盘菌,,,,,,,no_image
1268,Thelenota ananas,梅花参,,,,,,,no_image
69257,Thektogaster simplex,简单尖腹金小蜂,,,,,,,no_image
152697,Thelephora xerantha,干革菌,,,,,,,no_image
82353,Theloderma lateriticum,砖背棱皮树蛙,,,,,,,no_image
137044,Thelotrema microstomum,,,,,,,,no_image
128738,Themeda intermedia,居中菅,,,,,,,no_image
6687,Thenus orientalis,东方扁虾,,,,,,,no_image
11804,Theridion chonetum,漏斗球蛛,,,,,,,no_image
82357,Theragra chalcogramma,黄线狭鳕,,,,,,,no_image
11800,Theridion irrugatum,皱褶球蛛,,,,,,,no_image
11662,Theridion pulanense,普兰球蛛,,,,,,,no_image
69319,Thermistis croceocincta,,,,,,,,no_image
14488,Theridiosoma shuangbi,双臂球体蛛,,,,,,,no_image
128757,Thermopsis chinensis,霍州油菜,,,,,,,no_image
128778,Thesium himalense,露柱百蕊草,,,,,,,no_image
69338,Thetidia pekingensis,交二线绿尺蛾,,,,,,,no_image
69369,Thienemannimyia trina,三斑特长足摇蚊,,,,,,,no_image
69349,Thienemanniella hainanensis,海南提尼曼摇蚊,,,,,,,no_image
69411,Thlaspida biramosa,双枝尾龟甲,,,,,,,no_image
128811,Thladiantha globicarpa,球果赤瓟,,,,,,,no_image
69409,Thinophilus tesselatus,方形滨长足虻,,,,,,,no_image
69389,Thinodromus sericatus,,,,,,,,no_image
14809,Thomisus marginifrons,缘额蟹蛛,,,,,,,no_image
69450,Thoradonta apiculata,尖瘤蚱,,,,,,,no_image
69431,Thoracochirus arcuatus,,,,,,,,no_image
69468,Thosea rara,稀扁刺蛾,,,,,,,no_image
69505,Thricops himalayensis,喜马毛基蝇,,,,,,,no_image
69483,Thranius simplex,,,,,,,,no_image
128850,Thrixspermum fantasticum,金唇白点兰,,,,,,,no_image
69526,Thrips himalayanus,喜马拉雅蓟马,,,,,,,no_image
69547,Thrypticus bellus,丽潜长足虻,,,,,,,no_image
128883,Thuja standishii,日本香柏,,,,,,,no_image
69559,Thyas honesta,肖毛翅夜蛾,,,,,,,no_image
144640,Thuemenella cubispora,,,,,,,,no_image
69577,Thylactus pulawskii,,,,,,,,no_image
11591,Thymoites wangi,王氏灵蛛,,,,,,,no_image
6007,Thyone papuensis,巴布赛瓜参,,,,,,,no_image
69608,Thyreocephalus taiwanensis,,,,,,,,no_image
69626,Thyridosmylus triypsiloneurus,三丫窗溪蛉,,,,,,,no_image
8290,Thysanocardia nigra,黑色缨心星虫,,,,,,,no_image
128932,Tibetia yunnanensis,云南高山豆,,,,,,,no_image
3466,Tiarinia spinigera,刺并额蟹,,,,,,,no_image
69641,Ticherra acte,三滴灰蝶,,,,,,,no_image
128962,Tilia kueichouensis,黔椴,,,,,,,no_image
128988,Tillaea schimperi,五蕊东爪草,,,,,,,no_image
152909,Tilletia foetida,,,,,,,,no_image
152929,Tilletia pennisetina,,,,,,,,no_image
390,Timoclea imbricata,鳞片帝汶蛤,,,,,,,no_image
69659,Timelaea maculata,猫蛱蝶,,,,,,,no_image
128999,Timonius arboreus,海茜树,,,,,,,no_image
69700,Tinocallis mushensis,穆希长斑蚜,,,,,,,no_image
69735,Tipula barbigera,胡须尖大蚊,,,,,,,no_image
69713,Tipula absconsa,裸月大蚊,,,,,,,no_image
69777,Tipula digesta,长头普大蚊,,,,,,,no_image
69757,Tipula clinata,罗浮普大蚊,,,,,,,no_image
69797,Tipula fuiana,胡氏朗大蚊,,,,,,,no_image
69817,Tipula hingstoni,亨氏华大蚊,,,,,,,no_image
69837,Tipula jiangi,蒋氏蜚大蚊,,,,,,,no_image
69877,Tipula melampodia,黑足尖大蚊,,,,,,,no_image
69897,Tipula obliterata,缺脉丽大蚊,,,,,,,no_image
69857,Tipula leucosema,滇西普大蚊,,,,,,,no_image
69917,Tipula persplendens,斑斓华大蚊,,,,,,,no_image
69937,Tipula quadrinotata,乌鲁尖大蚊,,,,,,,no_image
69957,Tipula sinica,中华日大蚊,,,,,,,no_image
69997,Tipula vermiculata,西北普大蚊,,,,,,,no_image
69977,Tipula subtestata,弯刺蜚大蚊,,,,,,,no_image
11271,Titanoeca flavicoma,黄斑隐石蛛,,,,,,,no_image
129014,Tipularia szechuanica,筒距兰,,,,,,,no_image
14750,Tmarus lanyu,兰屿峭腹蛛,,,,,,,no_image
70035,Tmesiphodimerus sinensis,,,,,,,,no_image
16209,Tokyosoma australe,,,,,,,,no_image
70048,Togoperla canilimbata,中华襟(虫责),,,,,,,no_image
129028,Tomentypnum falcifolium,弯叶毛青藓,,,,,,,no_image
142211,Tolypocladium geodes,,,,,,,,no_image
19121,Tomocerus baibungensis,,,,,,,,no_image
19146,Tomocerus jinyunensis,,,,,,,,no_image
19176,Tomocerus pseudospinulus,,,,,,,,no_image
4386,Tomopleura pouloensis,保罗尖肋螺,,,,,,,no_image
70081,Tomosvaryella oryzaetora,稻佗头蝇,,,,,,,no_image
129038,Tongoloa pauciradiata,少辐东俄芹,,,,,,,no_image
8550,Tonna sulcosa,沟鹑螺,,,,,,,no_image
136585,Toninia diffracta,,,,,,,,no_image
70123,Topomyia yanbareroides,类细竹局限蚊,,,,,,,no_image
70103,Topomyia bambusaihole,竹穴局限蚊,,,,,,,no_image
70140,Torodora hoenei,禾瘤祝蛾,,,,,,,no_image
129069,Torenia parviflora,小花蝴蝶草,,,,,,,no_image
82420,Torrentophryne aspinia,无棘溪蟾,,,,,,,no_image
70160,Torodora rectilinea,直线瘤祝蛾,,,,,,,no_image
129089,Tortella japonica,日本纽藓,,,,,,,no_image
129110,Tortula systylia,合柱链齿藓,,,,,,,no_image
129116,Tournefortia sarmentosa,台湾紫丹,,,,,,,no_image
129160,Toxocarpus villosus,毛弓果藤,,,,,,,no_image
129134,Toxicodendron oligophyllum,少叶漆,,,,,,,no_image
70190,Toxorhina univirgata,单纹箭大蚊,,,,,,,no_image
5166,Tozeuma tomentosum,密毛船形虾,,,,,,,no_image
15482,Trachelas japonicus,日本管蛛,,,,,,,no_image
70229,Trachusa latipes,扁足准黄斑蜂,,,,,,,no_image
82440,Trachinotus ovatus,卵形鲳鲹,,,,,,,no_image
2188,Trachycardium sewolli,塞氏糙鸟蛤,,,,,,,no_image
129188,Trachydium tibetanicum,西藏瘤果芹,,,,,,,no_image
129202,Trachypus humilis,小扭叶藓,,,,,,,no_image
70242,Trachythorax fuscocarinatus,褐脊瘤胸䗛,,,,,,,no_image
129222,Tragopogon heteropappus,长苞婆罗门参,,,,,,,no_image
70255,Tramea transmarina,,,,,,,,no_image
151828,Trametes maxima,巨大栓菌,,,,,,,no_image
154595,Tranzschelia discolor,异色疣双胞锈菌,,,,,,,no_image
151848,Trametes subsuaveolens,亚香栓菌,,,,,,,no_image
4054,Trapezia speciosa,灿烂梯形蟹,,,,,,,no_image
135446,Trapeliopsis flexuosa,曲类褐衣,,,,,,,no_image
70279,Traulia nigritibialis,黑胫凸额蝗,,,,,,,no_image
152722,Trechispora subsphaerospora,,,,,,,,no_image
154688,Tremella australiensis,澳洲银耳,,,,,,,no_image
154708,Tremella globispora,球孢银耳,,,,,,,no_image
70300,Trentepohlia tarsalba,白跗弯脉大蚊,,,,,,,no_image
154728,Tremella sulcariae,沟纹银耳,,,,,,,no_image
70318,Tribasodites bedosae,,,,,,,,no_image
143691,Tretospeira ugandensis,,,,,,,,no_image
15301,Triaeris stenaspis,窄三气蛛,,,,,,,no_image
129271,Tribulus cistoides,大花蒺藜,,,,,,,no_image
1828,Tricellaria multispinosa,多刺三胞苔虫,,,,,,,no_image
70348,Tricentrus bovillus,黄盘三刺角蝉,,,,,,,no_image
70368,Tricentrus fairmairei,费氏三刺角蝉,,,,,,,no_image
70388,Tricentrus longimarginis,宽缘三刺角蝉,,,,,,,no_image
70408,Tricentrus pronus,倾胸三刺角蝉,,,,,,,no_image
70428,Tricentrus zhouzhiensis,周至三刺角蝉,,,,,,,no_image
18390,Trichocerca brachyura,腕状异尾轮虫,,,,,,,no_image
18397,Trichocerca rattus,鼠异尾轮虫,,,,,,,no_image
70446,Trichochrysea clypeata,基齿毛肖叶甲,,,,,,,no_image
131783,Trichasterina goniothalamicola,,,,,,,,no_image
70466,Trichochrysea viridis,白绒毛肖叶甲,,,,,,,no_image
141907,Trichoderma chlorosporum,,,,,,,,no_image
70473,Trichocoscinesthes szetschuanica,,,,,,,,no_image
141927,Trichoderma helicum,,,,,,,,no_image
141947,Trichoderma pleurotum,,,,,,,,no_image
70499,Trichoglossina glaciei,,,,,,,,no_image
141967,Trichoderma taxi,,,,,,,,no_image
70487,Trichoferus semipunctatus,,,,,,,,no_image
134900,Trichoglossum hirsutum,毛舌菌,,,,,,,no_image
70538,Trichogramma psocopterae,啮虫赤眼蜂,,,,,,,no_image
70518,Trichogramma bilingensis,碧岭赤眼蜂,,,,,,,no_image
148623,Tricholoma aestuans,夏口蘑,,,,,,,no_image
148643,Tricholoma columbetta,白毛口蘑,,,,,,,no_image
148683,Tricholoma orirubens,粉褶口蘑,,,,,,,no_image
148663,Tricholoma immundum,,,,,,,,no_image
148703,Tricholoma sordidum,紫晶口蘑,,,,,,,no_image
147080,Tricholomella constricta,,,,,,,,no_image
70577,Trichomalopsis exigua,沃克氏金小蜂,,,,,,,no_image
70557,Trichomachimus elongatus,长三叉食虫虻,,,,,,,no_image
70597,Trichomasthus funiculus,长索毛胸跳小蜂,,,,,,,no_image
16189,Trichopeltis latellai,,,,,,,,no_image
140773,Trichophaea geoporoides,地孔状长毛盘菌,,,,,,,no_image
70618,Trichopterigia consobrinaria,联洱尺蛾,,,,,,,no_image
134626,Trichophyton concentricum,,,,,,,,no_image
129315,Trichosanthes glandulosa,腺栝楼,,,,,,,no_image
129339,Trichosanthes sericeifolia,丝毛栝楼,,,,,,,no_image
70640,Trichopteryx ustata,栎毛翅尺蛾,,,,,,,no_image
70654,Trichosia conglobata,团毛眼蕈蚊,,,,,,,no_image
140963,Trichosporon diddensii,,,,,,,,no_image
129357,Trichostomum platyphyllum,阔叶毛口藓,,,,,,,no_image
70683,Trichotheca variabilis,纹鞘齿股肖叶甲,,,,,,,no_image
129367,Trichuriella monsoniae,针叶苋,,,,,,,no_image
70699,Tricycleopsis pilantenna,毛角鬃腹丽蝇,,,,,,,no_image
3616,Tridacna crocea,番红砗磲,,,,,,,no_image
70712,Tridrepana leva,光黄钩蛾,,,,,,,no_image
129406,Trifolium pratense,红车轴草,,,,,,,no_image
70730,Trigona iridipennis,虹无刺蜂,,,,,,,no_image
129431,Trigonotis barkamensis,金川附地菜,,,,,,,no_image
70740,Trigonocera rivosa,小溪三角长足虻,,,,,,,no_image
70760,Trigonomima gibbera,驼三管食虫虻,,,,,,,no_image
129458,Trigonotis leucantha,白花附地菜,,,,,,,no_image
15378,Trilacuna fugong,福贡三窝蛛,,,,,,,no_image
129487,Trigonotis tenera,蒙山附地菜,,,,,,,no_image
9094,Trimalaconothrus longisetosus,长毛三盲甲螨,,,,,,,no_image
82546,Trimma halonevum,红小斑磨塘鳢,,,,,,,no_image
82559,Tringa ochropus,白腰草鹬,,,,,,,no_image
82532,Trimeresurus tibetanus,西藏竹叶青蛇,,,,,,,no_image
70794,Triomicrus hamus,,,,,,,,no_image
70831,Triphosa expansa,展光尺蛾,,,,,,,no_image
129515,Tripleurospermum inodorum,新疆三肋果,,,,,,,no_image
154575,Triphragmium anomalum,,,,,,,,no_image
70813,Trionymus diminutus,密葵粉蚧,,,,,,,no_image
82625,Triplophysa minxianensis,岷县高原鳅,,,,,,,no_image
82585,Triplophysa dalaica,达里湖高原鳅,,,,,,,no_image
82605,Triplophysa labiata,穗唇高原鳅,,,,,,,no_image
82645,Triplophysa rosa,玫瑰高原鳅,,,,,,,no_image
82665,Triplophysa weiheensis,渭河高原鳅,,,,,,,no_image
6581,Tripneustes gratilla,白棘三列海胆,,,,,,,no_image
132133,Tripospermum myrti,,,,,,,,no_image
129538,Tripterospermum chinense,双蝴蝶,,,,,,,no_image
70862,Trirachys orientalis,,,,,,,,no_image
2224,Trisidos tortuosa,扭蚶,,,,,,,no_image
143706,Triscelophorus monosporus,,,,,,,,no_image
70897,Trisuloides catocalina,淡色后夜蛾,,,,,,,no_image
70917,Trithemis aurora,晓褐蜻,,,,,,,no_image
6631,Trivirostra oryza,喙猎女神螺,,,,,,,no_image
129582,Tritomaria exsecta,三瓣苔,,,,,,,no_image
82704,Trochalopteron imbricatum,丽星噪鹛,,,,,,,no_image
147325,Trogia icterina,,,,,,,,no_image
16505,Trochosa propinqua,近獾蛛,,,,,,,no_image
15401,Trogloneta speciosum,美洞密蛛,,,,,,,no_image
129619,Trollius ranunculoides,毛茛状金莲花,,,,,,,no_image
129633,Tropidia somae,台湾竹茎兰,,,,,,,no_image
70966,Tropidocephala yichangensis,宜昌匙顶飞虱,,,,,,,no_image
70978,Tropimenelytron smetanai,,,,,,,,no_image
6834,Truncatoguynia irregularis,不规则截形盖伊珊瑚,,,,,,,no_image
71018,Trypeta yushunica,玉树实蝇,,,,,,,no_image
1135,Trypanosyllis zebra,钻穿裂虫,,,,,,,no_image
129642,Tsuga dumosa,云南铁杉,,,,,,,no_image
71028,Trypogeus guangxiensis,,,,,,,,no_image
140920,Tuber excavatum,凹陷块菌,,,,,,,no_image
71068,Tuberculatus paranaracola,蒙古栎侧棘斑蚜,,,,,,,no_image
71049,Tuberculanostoma solitarium,厚跗瘤墨蚜蝇,,,,,,,no_image
140940,Tuber puberulum,短毛块菌,,,,,,,no_image
139860,Tubipeda elastica,,,,,,,,no_image
154798,Tuburcinia hispanica,,,,,,,,no_image
150598,Tubulicrinis hamatus,,,,,,,,no_image
136352,Tuckermanopsis americana,美洲土可曼衣,,,,,,,no_image
129655,Tulipa biflora,柔毛郁金香,,,,,,,no_image
145525,Tulostoma costatum,肋孢灰锤,,,,,,,no_image
145545,Tulostoma squamosum,,,,,,,,no_image
71091,Tumidiclava subcaudata,波兰肿棒赤眼蜂,,,,,,,no_image
82768,Turdus maximus,藏乌鸫,,,,,,,no_image
129679,Turania aperta,露果粟特蓬,,,,,,,no_image
5712,Turbo mormoratus,夜光蝾螺,,,,,,,no_image
71114,Turnaia furva,,,,,,,,no_image
4291,Turricula sumatrana,苏岛拟塔螺,,,,,,,no_image
8609,Tutufa bubo,土发螺,,,,,,,no_image
71127,Tyana monosticta,一点角翅夜蛾,,,,,,,no_image
82799,Tylonycteris tonkinensis,褐扁颅蝠,,,,,,,no_image
149310,Tylopilus chromoreticulatus,采网粉孢牛肝菌,,,,,,,no_image
129737,Tylophora silvestris,贵州娃儿藤,,,,,,,no_image
129717,Tylophora glabra,长梗娃儿藤,,,,,,,no_image
14901,Tylorida marmorea,大理石肖蛸,,,,,,,no_image
149330,Tylopilus punctatofumosus,斑褐粉孢牛肝菌,,,,,,,no_image
82809,Tylototriton maolanensis,茂兰疣螈,,,,,,,no_image
129745,Typha angustifolia,水烛,,,,,,,no_image
139074,Tympanis abietina,冷杉芽孢盘菌,,,,,,,no_image
1072,Typosyllis vittata,条斑模裂虫,,,,,,,no_image
129762,Typhonium flagelliforme,鞭檐犁头尖,,,,,,,no_image
1062,Typosyllis adamantens,千岛模裂虫,,,,,,,no_image
2330,Typhlocarcinus nanshaensis,南沙盲蟹,,,,,,,no_image
150955,Tyromyces fumidiceps,灰盖干酪菌,,,,,,,no_image
71189,Udaya argyrurus,银尾尤蚊,,,,,,,no_image
143711,Uberispora tropicalis,,,,,,,,no_image
71200,Ufens similis,相似宽翅赤眼蜂,,,,,,,no_image
71218,Ulidia xizangensis,西藏金斑蝇,,,,,,,no_image
129805,Ulmus mianzhuensis,绵竹榆,,,,,,,no_image
129833,Ulva fasciata,裂片石莼,,,,,,,no_image
137704,Umbilicaria altaiensis,阿尔泰石耳,,,,,,,no_image
129816,Ulota crispa,卷叶藓,,,,,,,no_image
137744,Umbilicaria nylanderiana,皱面黑腹石耳,,,,,,,no_image
137724,Umbilicaria herrei,薄石耳,,,,,,,no_image
137764,Umbilicaria virginis,淡肤根石耳,,,,,,,no_image
129851,Uncaria yunnanensis,云南钩藤,,,,,,,no_image
138422,Unguiculariopsis damingshanica,大明山拟爪毛盘菌,,,,,,,no_image
3673,Upogebia darwinii,达尔文蝼蛄虾,,,,,,,no_image
71251,Uranotaenia macfarlanei,麦氏蓝带蚊,,,,,,,no_image
19355,Uralaphorura liangshuiensis,,,,,,,,no_image
129862,Uraria lagopodioides,狸尾豆,,,,,,,no_image
16137,Uriunceustreptus bilamellatus,双叶尾草马陆,,,,,,,no_image
138524,Urceolella spirotricha,,,,,,,,no_image
129890,Urochloa platyphylla,宽叶手号草,,,,,,,no_image
154817,Urocystis alopecuri,看麦娘条黑粉菌,,,,,,,no_image
154837,Urocystis filipendulae,蚊子草条黑粉菌,,,,,,,no_image
154877,Urocystis wangii,王氏条黑粉菌,,,,,,,no_image
154256,Uromyces alhaginis,骆驼刺单胞锈菌,,,,,,,no_image
154857,Urocystis parallela,,,,,,,,no_image
154276,Uromyces brasiliensis,巴西单胞锈菌,,,,,,,no_image
154296,Uromyces digitariae-adscendentis,升马唐单胞锈菌,,,,,,,no_image
154316,Uromyces glycyrrhizae,甘草单胞锈菌,,,,,,,no_image
154336,Uromyces intrusus,,,,,,,,no_image
154356,Uromyces lespedezae-procumbentis,平铺胡枝子单胞锈菌,,,,,,,no_image
154376,Uromyces perigynius,周位单胞锈菌,,,,,,,no_image
154396,Uromyces shiraianus,,,,,,,,no_image
154416,Uromyces suzukii,铃木单胞锈菌,,,,,,,no_image
154436,Uromyces viciae-fabae,蚕豆单胞锈菌,,,,,,,no_image
82874,Uropsilus andersoni,峨眉鼩鼹,,,,,,,no_image
71281,Urothemis signata,,,,,,,,no_image
129910,Urtica fissa,荨麻,,,,,,,no_image
817,Uroptychus babai,马场折尾虾,,,,,,,no_image
136387,Usnea fragilescens,脆松萝,,,,,,,no_image
136367,Usnea antarctica,南极石萝,,,,,,,no_image
136427,Usnea schadenbergiana,短松萝,,,,,,,no_image
136407,Usnea macrospinosa,大刺松萝,,,,,,,no_image
141753,Ustilaginoidea arundinellae,,,,,,,,no_image
155079,Ustilago bothriochloae,孔颖草黑粉菌,,,,,,,no_image
155099,Ustilago davisii,戴维斯黑粉菌,,,,,,,no_image
155119,Ustilago foliorum,,,,,,,,no_image
155139,Ustilago kolleri,,,,,,,,no_image
155159,Ustilago nepalensis,尼泊尔蓼黑粉菌,,,,,,,no_image
155179,Ustilago polygoni-alati,网状黑粉菌,,,,,,,no_image
155219,Ustilago trebouxii,碱草黑粉菌,,,,,,,no_image
155199,Ustilago sorghicola,,,,,,,,no_image
129933,Utricularia damingshanensis,大明山挖耳草,,,,,,,no_image
129955,Utricularia striatula,圆叶挖耳草,,,,,,,no_image
71294,Utaperla orientalis,东方犹绿(虫责),,,,,,,no_image
129975,Vaccinium brachyandrum,短蕊越橘,,,,,,,no_image
130001,Vaccinium duclouxii,云南越橘,,,,,,,no_image
130031,Vaccinium iteophyllum,黄背越橘,,,,,,,no_image
130078,Vaccinium serrulatum,细齿乌饭,,,,,,,no_image
130056,Vaccinium oldhamii,腺齿越橘,,,,,,,no_image
71308,Valeria exanthema,巨肾鹰冬夜蛾,,,,,,,no_image
130103,Vaccinium zhangzhouense,漳州越橘,,,,,,,no_image
130123,Valeriana minutiflora,小花缬草,,,,,,,no_image
15663,Validifemur pedodontus,聚齿石蜈蚣,,,,,,,no_image
141557,Valsa malicola,,,,,,,,no_image
6186,Vanadis fuspunctata,囊明蚕,,,,,,,no_image
5824,Vaneyella dactylica,指形华纳参,,,,,,,no_image
130156,Vandenboschia auriculata,瓶蕨,,,,,,,no_image
137898,Varicosporium delicatum,,,,,,,,no_image
82924,Vanmanenia striata,横斑原缨口鳅,,,,,,,no_image
71337,Velarifictorus aspersus,长颚斗蟋,,,,,,,no_image
16420,Venonia spirocysta,旋囊脉狼蛛,,,,,,,no_image
71342,Ventroprojecta luteina,黄斑腹突叶蝉,,,,,,,no_image
130189,Venturiella perrottetii,广布钟帽藓,,,,,,,no_image
71363,Venusia planicaput,平额维尺蛾,,,,,,,no_image
71372,Veraphis assingi,,,,,,,,no_image
71381,Vermiophis taishanensis,泰山潜穴虻,,,,,,,no_image
130203,Veratrum oblongum,长梗藜芦,,,,,,,no_image
130223,Vernicia montana,木油桐,,,,,,,no_image
130241,Veronica chinoalpina,河北婆婆纳,,,,,,,no_image
130268,Veronica oligosperma,少籽婆婆纳,,,,,,,no_image
139909,Verpa bohemica,波地钟菌,,,,,,,no_image
134808,Verrucaria cupreocervina,,,,,,,,no_image
130294,Veronica undulata,水苦荬,,,,,,,no_image
71401,Vestalaria miao,苗黄细色蟌,,,,,,,no_image
134828,Verrucaria margacea,珍珠瓶口衣,,,,,,,no_image
133669,Verruculina enalia,,,,,,,,no_image
17698,Vertigo alpestris,阿尔帕斯旋螺,,,,,,,no_image
139047,Vibrissea sporogyra,,,,,,,,no_image
130414,Viburnum omeiense,峨眉荚蒾,,,,,,,no_image
130354,Viburnum corylifolium,榛叶荚蒾,,,,,,,no_image
130387,Viburnum inopinatum,厚绒荚蒾,,,,,,,no_image
130477,Vicia geminiflora,索伦野豌豆,,,,,,,no_image
130448,Viburnum triplinerve,三脉叶荚蒾,,,,,,,no_image
130504,Vicia sativa,救荒野豌豆,,,,,,,no_image
130544,Vigna luteola,长叶豇豆,,,,,,,no_image
71410,Vidalia accola,中住瘤额实蝇,,,,,,,no_image
130567,Vincetoxicum amplexicaule,合掌消,,,,,,,no_image
130587,Vincetoxicum pingtaoanum,三峡白前,,,,,,,no_image
71425,Villa fasciata,条纹绒蜂虻,,,,,,,no_image
130601,Vinealobryum vineale,密疣藓,,,,,,,no_image
130625,Viola chaozhouensis,潮州堇菜,,,,,,,no_image
130649,Viola grypoceras,紫花堇菜,,,,,,,no_image
130691,Viola patrinii,白花地丁,,,,,,,no_image
130669,Viola lucens,亮毛堇菜,,,,,,,no_image
130714,Viola shiweii,世纬堇菜,,,,,,,no_image
130746,Viscum articulatum,扁枝槲寄生,,,,,,,no_image
130737,Viola websteri,蓼叶堇菜,,,,,,,no_image
130805,Vitis betulifolia,桦叶葡萄,,,,,,,no_image
130765,Vitex duclouxii,金沙荆,,,,,,,no_image
130833,Vitis piasezkii,变叶葡萄,,,,,,,no_image
19263,Vitronura ciliata,,,,,,,,no_image
82966,Viverra megaspila,大斑灵猫,,,,,,,no_image
17505,Vokesimurex sobrinus,海峡沃骨螺,,,,,,,no_image
71457,Volucella lividiventris,蓝腹蜂蚜蝇,,,,,,,no_image
8514,Volva habei,波部钝梭螺,,,,,,,no_image
147957,Volvariella nivea,,,,,,,,no_image
71477,Voria ruralis,茹蜗寄蝇,,,,,,,no_image
71480,Wagimo sulgeri,华灰蝶,,,,,,,no_image
141207,Wallrothiella subiculosa,,,,,,,,no_image
14265,Walckenaeria jinlin,金林瓦蛛,,,,,,,no_image
71498,Wasmannellus chinensis,,,,,,,,no_image
130888,Weissia controversa,小石藓,,,,,,,no_image
130904,Wendlandia formosana,水金京,,,,,,,no_image
130931,Wendlandia tinctoria,,,,,,,,no_image
71521,Wesmaelius nervosus,尖顶齐褐蛉,,,,,,,no_image
139030,Whetzelinia sclerotiorum,,,,,,,,no_image
130969,Wikstroemia acutisepala,尖萼荛花,,,,,,,no_image
130989,Wikstroemia hainanensis,海南荛花,,,,,,,no_image
131013,Wikstroemia paxiana,懋功荛花,,,,,,,no_image
18729,Willemia dhaesei,,,,,,,,no_image
19070,Willowsia qui,,,,,,,,no_image
71549,Winthemia javana,爪哇温寄蝇,,,,,,,no_image
131032,Wisteria brevidentata,短梗紫藤,,,,,,,no_image
71573,Wohlfahrtia fedtschenkoi,阿拉善污蝇,,,,,,,no_image
71583,Wollastoniella marginella,宽边乌花蝽,,,,,,,no_image
71591,Woodiphora harveyi,哈氏乌蚤蝇,,,,,,,no_image
131064,Woodsia macrochlaena,大囊岩蕨,,,,,,,no_image
151998,Wrightoporia gloeocystidiata,胶囊赖特卧孔菌,,,,,,,no_image
144385,Woronichina tranzschelii,,,,,,,,no_image
71600,Wuyia miaowensis,庙湾武夷飞虱,,,,,,,no_image
71607,Xanthandrus talamaui,短角宽扁蚜蝇,,,,,,,no_image
71616,Xanthocanace magna,大黄滨蝇,,,,,,,no_image
71624,Xanthodes graellsii,焦条黄夜蛾,,,,,,,no_image
71644,Xanthonia taiwana,台湾黄肖叶甲,,,,,,,no_image
71651,Xanthophius unicidentatus,,,,,,,,no_image
136458,Xanthoparmelia lineola,线形黄梅,,,,,,,no_image
71662,Xanthorhoe hummeli,胡潢尺蛾,,,,,,,no_image
137677,Xanthoria polycarpa,多果石黄衣,,,,,,,no_image
71685,Xarnuta leucotelus,褐翅盾鬃实蝇,,,,,,,no_image
71692,Xenicotela distincta,,,,,,,,no_image
82990,Xenocyprioides carinatus,棱似鲴,,,,,,,no_image
71709,Xenohammus bimaculatus,,,,,,,,no_image
83002,Xenophrys dehongensis,德宏角蟾,,,,,,,no_image
71727,Xenoplatyura lata,宽栖菌蚊,,,,,,,no_image
71762,Xenotachina fumifemoralis,烟股客夜蝇,,,,,,,no_image
131121,Xerochrysum bracteatum,麦秆菊,,,,,,,no_image
134250,Xenosporium helicominum,,,,,,,,no_image
149364,Xerocomus magniporus,巨孔绒盖牛肝菌,,,,,,,no_image
149384,Xerocomus sylvestris,林绒盖牛肝菌,,,,,,,no_image
143728,Xerotus lateritius,,,,,,,,no_image
71785,Xestia brunneago,色鲁夜蛾,,,,,,,no_image
71806,Xestia homochroma,同鲁夜蛾,,,,,,,no_image
71826,Xestia triangulum,三角鲁夜蛾,,,,,,,no_image
17195,Xiphidiotrema magnum,大剑口吸虫,,,,,,,no_image
71876,Xistrella wuyishana,武夷山希蚱,,,,,,,no_image
71843,Xiaitermes yinxianensis,鄞县夏氏白蚁,,,,,,,no_image
144768,Xylaria acuminatilongissima,长尖炭角菌,,,,,,,no_image
144788,Xylaria brunneovinosa,紫褐炭角菌,,,,,,,no_image
144808,Xylaria duranii,,,,,,,,no_image
144828,Xylaria haemorrhoidalis,,,,,,,,no_image
144868,Xylaria papillata,,,,,,,,no_image
144848,Xylaria longiana,,,,,,,,no_image
71894,Xylena vetusta,老木冬夜蛾,,,,,,,no_image
71899,Xylocopa caerulea,蓝胸木蜂,,,,,,,no_image
150725,Xylodon taiwanianus,,,,,,,,no_image
144888,Xylaria scruposa,皱皮炭角菌,,,,,,,no_image
71923,Xylocopa tumida,小蓝木蜂,,,,,,,no_image
71936,Xylomya gracilicorpus,雅木虻,,,,,,,no_image
71949,Xylosciara sensillata,感光木眼蕈蚊,,,,,,,no_image
71966,Xylota honghe,红河木蚜蝇,,,,,,,no_image
71986,Xylotachina vulnerans,害蠹蛾寄蝇,,,,,,,no_image
72010,Xylotrechus goetzi,,,,,,,,no_image
72038,Xylotrechus multisignatus,,,,,,,,no_image
131140,Xyris indica,黄眼草,,,,,,,no_image
72062,Xylotrechus suzukii,,,,,,,,no_image
14646,Xysticus davidi,大卫花蟹蛛,,,,,,,no_image
14558,Xysticus mongolicus,蒙古花蟹蛛,,,,,,,no_image
14757,Xysticus xiningensis,西宁花蟹蛛,,,,,,,no_image
131144,Yamadaella caenomyce,丝拟藻,,,,,,,no_image
83034,Yaotriton liuyangensis,浏阳瑶螈,,,,,,,no_image
155239,Yenia vaillantii,,,,,,,,no_image
4583,Yoldia similis,薄云母蛤,,,,,,,no_image
18703,Yosiides chinensis,,,,,,,,no_image
131177,Youngia lanata,绵毛黄鹌菜,,,,,,,no_image
131196,Ypsilandra alpina,高山丫蕊花,,,,,,,no_image
72137,Ypthima multistriata,密纹矍眼蝶,,,,,,,no_image
131224,Yulania sinostellata,景宁玉兰,,,,,,,no_image
143731,Yunnania penicillata,帚状云南霉,,,,,,,no_image
83043,Yuhina gularis,纹喉凤鹛,,,,,,,no_image
83069,Yunnanilus macrolepis,大鳞云南鳅,,,,,,,no_image
72169,Yunnanosticta wilsoni,韦氏云扁蟌,,,,,,,no_image
131244,Yushania cava,空柄玉山竹,,,,,,,no_image
131264,Yushania gongshanensis,马辔簕,,,,,,,no_image
131284,Yushania pauciramificans,少枝玉山竹,,,,,,,no_image
131307,Yushania zhaoyangensis,昭阳玉山竹,,,,,,,no_image
72199,Zanchius viridislineatus,纹腿平盲蝽,,,,,,,no_image
72184,Zaira cinerea,步甲灾寄蝇,,,,,,,no_image
72216,Zanclognatha tarsipennalis,扁镰须夜蛾,,,,,,,no_image
131319,Zanthoxylum acanthopodium,刺花椒,,,,,,,no_image
131351,Zanthoxylum micranthum,小花花椒,,,,,,,no_image
131373,Zanthoxylum yuanjiangense,元江花椒,,,,,,,no_image
133301,Zasmidium cercestidis,,,,,,,,no_image
72240,Zaphne zetterstedti,矩突鞭隰蝇,,,,,,,no_image
72269,Zeiraphera hohuanshana,皇山线小卷蛾,,,,,,,no_image
83101,Zebrasoma flavescens,黄高鳍刺尾鱼,,,,,,,no_image
13661,Zelotes altissimus,高原狂蛛,,,,,,,no_image
13725,Zelotes nishikawai,西川狂蛛,,,,,,,no_image
131386,Zenia insignis,任豆,,,,,,,no_image
6831,Zetorchestes aokii,青木跳甲螨,,,,,,,no_image
83125,Zhangixalus hongchibaensis,巫溪树蛙,,,,,,,no_image
131403,Zeuxine ovalifolia,卵叶线柱兰,,,,,,,no_image
11239,Zilla crownia,皇冠扇蛛,,,,,,,no_image
83145,Zhangixalus zhoukaiyae,安徽树蛙,,,,,,,no_image
131451,Zingiber pauciflorum,澜沧姜,,,,,,,no_image
131472,Zingiber zhuxiense,竹溪姜,,,,,,,no_image
131431,Zingiber integrum,全舌姜,,,,,,,no_image
131484,Ziziphus jujuba,枣,,,,,,,no_image
13542,Zodarion planum,扁平拟平腹蛛,,,,,,,no_image
72328,Zoodes basalis,,,,,,,,no_image
155522,Zoophthora orientalis,,,,,,,,no_image
16249,Zora lyriformis,琴形佐蛛,,,,,,,no_image
72344,Zubovskia koeppeni,柯无翅蝗,,,,,,,no_image
83171,Zosterops meyeni,低地绣眼鸟,,,,,,,no_image
131512,Zygodon rupestris,芽胞变齿藓,,,,,,,no_image
72368,Zygoneura qinana,奇粪眼蕈蚊,,,,,,,no_image
131520,Zygophyllum jaxarticum,长果驼蹄瓣,,,,,,,no_image
156021,Zygorhynchus moelleri,莫氏接合霉,,,,,,,no_image
72401,Zyras diaoluomontis,,,,,,,,no_image
72381,Zyras artemis,,,,,,,,no_image
72421,Zyras kambaitiensis,,,,,,,,no_image
72441,Zyras rectus,,,,,,,,no_image
72461,Zyras yangi,,,,,,,,no_image
