taxon_id,sci_name,cn_name,image_path,image_url,author,license,license_url,page_url,status
19440,Abaxisotima furca,岐尾远素螽,,,,,,,no_image
19489,Abryna regispetri,,,,,,,,no_image
6550,Aaptos aaptos,远隔疏海绵,,,,,,,no_image
83222,Abies georgei,长苞冷杉,,,,,,,no_image
19447,Abirus xishuangensis,西双皱鞘肖叶甲,,,,,,,no_image
10636,Abacarus phyllostachyis,,,,,,,,no_image
19503,Acalolepta degeneroides,,,,,,,,no_image
83271,Acacia oshanesii,昆士兰荆,,,,,,,no_image
873,Abrina lunella,小阿布蛤,,,,,,,no_image
72476,Ablepharus deserti,沙地泛蜥,,,,,,,no_image
19531,Acalolepta semisericea,,,,,,,,no_image
7912,Abyla bicarinata,双翼多面水母,,,,,,,no_image
72493,Abudefduf lorenzi,劳伦氏豆娘鱼,,,,,,,no_image
83189,Abelmoschus esculentus,咖啡黄葵,,,,,,,no_image
17216,Acanthatrium oligacanthum,少吻刺囊吸虫,,,,,,,no_image
3165,Acanthacaris tenuimana,细掌刺海螯虾,,,,,,,no_image
83282,Acalypha hainanensis,海南铁苋菜,,,,,,,no_image
72507,Acanthocepola krusensternii,克氏棘赤刀鱼,,,,,,,no_image
152519,Acanthofungus ahmadii,艾氏刺囊革菌,,,,,,,no_image
72528,Acanthosaura hainanensis,海南棘蜥,,,,,,,no_image
83314,Acantholimon laevigatum,光萼彩花,,,,,,,no_image
83323,Acanthophyllum pungens,刺石竹,,,,,,,no_image
9296,Acaronychus traegardhi,特氏棘古甲螨,,,,,,,no_image
19573,Acanthonevra speciosa,媚刺脉实蝇,,,,,,,no_image
72542,Acanthurus leucopareius,白颊刺尾鱼,,,,,,,no_image
19583,Acanthoptura impressicollis,,,,,,,,no_image
19602,Acasis exviretata,灰沼尺蛾,,,,,,,no_image
10493,Acaphyllisa bracteatae,,,,,,,,no_image
135113,Acarospora obpallens,,,,,,,,no_image
155545,Acaulospora elegans,丽孢无梗囊霉,,,,,,,no_image
72581,Acentrogobius viridipunctatus,青斑细棘鰕虎,,,,,,,no_image
83361,Acer coriaceifolium,樟叶槭,,,,,,,no_image
155565,Acaulospora splendida,华彩无梗囊霉,,,,,,,no_image
83384,Acer kweilinense,桂林槭,,,,,,,no_image
83434,Acer sinense,中华槭,,,,,,,no_image
83461,Acer wilsonii,三峡槭,,,,,,,no_image
83406,Acer oliverianum,五裂槭,,,,,,,no_image
10338,Aceria fraxinicola,,,,,,,,no_image
10403,Aceria luxuni,,,,,,,,no_image
10546,Aceria qinghaiensis,,,,,,,,no_image
10209,Aceria yunanensis,,,,,,,,no_image
6481,Acetes vulgaris,普通毛虾,,,,,,,no_image
139728,Acetabula costifera,,,,,,,,no_image
72585,Achalinus ater,青脊蛇,,,,,,,no_image
72605,Achalinus spinalis,黑脊蛇,,,,,,,no_image
72623,Acheilognathus tabira,巨口&#x0000E05E;,,,,,,,no_image
83478,Achillea ptarmicoides,短瓣蓍,,,,,,,no_image
83488,Achnatherum henryi,湖北芨芨草,,,,,,,no_image
19644,Aciagrion approximans,霜蓝狭翅蟌,,,,,,,no_image
19664,Acidiella retroflexa,峨后鬃平脉实蝇,,,,,,,no_image
83512,Acidosasa breviclavata,小叶酸竹,,,,,,,no_image
19694,Acklandia curvata,曲叶球喙花蝇,,,,,,,no_image
83524,Acilepis clivorum,岗尖鸠菊,,,,,,,no_image
19734,Aclerls perfundana,栎长翅卷蛾,,,,,,,no_image
19714,Aclerls expressa,水曲柳长翅卷蛾,,,,,,,no_image
83536,Acmella oleracea,桂圆菊,,,,,,,no_image
19757,Acomocera glandiocula,大眼瘦盲蝽,,,,,,,no_image
83569,Aconitum brevilimbum,短唇乌头,,,,,,,no_image
83600,Aconitum delavayi,马耳山乌头,,,,,,,no_image
83631,Aconitum gammiei,错那乌头,,,,,,,no_image
83701,Aconitum ludlowii,江孜乌头,,,,,,,no_image
83728,Aconitum phyllostegium,木里乌头,,,,,,,no_image
83663,Aconitum karakolicum,多根乌头,,,,,,,no_image
83754,Aconitum richardsonianum,直序乌头,,,,,,,no_image
83810,Aconitum wuchagouense,五叉沟乌头,,,,,,,no_image
83779,Aconitum stapfianum,玉龙乌头,,,,,,,no_image
19773,Acosmeryx castanea,缺角天蛾,,,,,,,no_image
83823,Acranthera sinensis,中华尖药花,,,,,,,no_image
19795,Acrias tauricornis,奇尖头姬小蜂,,,,,,,no_image
72632,Acridotheres burmannicus,红嘴椋鸟,,,,,,,no_image
141319,Acrodictys irregularis,,,,,,,,no_image
72642,Acrocephalus agricola,稻田苇莺,,,,,,,no_image
19859,Acroneuria grahamia,葛氏钮(虫责),,,,,,,no_image
19831,Acroceratitis distincta,缘点刺角实蝇,,,,,,,no_image
19841,Acrocormus fuscus,棕唇痣斑金小蜂,,,,,,,no_image
83843,Acrolejeunea infuscata,浅棕瓦鳞苔,,,,,,,no_image
83857,Acronema chienii,条叶丝瓣芹,,,,,,,no_image
19879,Acronicta hemileuca,涵剑纹夜蛾,,,,,,,no_image
19899,Acronicta regifica,独剑纹夜蛾,,,,,,,no_image
83887,Acroporium stramineum,顶胞藓,,,,,,,no_image
6923,Acropora austera,简单鹿角珊瑚,,,,,,,no_image
6964,Acropora granulosa,颗粒鹿角珊瑚,,,,,,,no_image
6937,Acropora rosaria,玫瑰鹿角珊瑚,,,,,,,no_image
83894,Acrosorium yendoi,顶群藻,,,,,,,no_image
141860,Acrostalagmus albus,,,,,,,,no_image
14609,Acrotmarus gummosus,胶高峭蛛,,,,,,,no_image
83905,Actaea muliensis,木里升麻,,,,,,,no_image
3890,Acteocina gracilis,细小拟捻螺,,,,,,,no_image
19955,Acrotona guandongensis,,,,,,,,no_image
9074,Acrotritia corletti,,,,,,,,no_image
19975,Acrotona pseudofungi,,,,,,,,no_image
20011,Actias heterogyna,黄尾大蚕蛾,,,,,,,no_image
83931,Actinidia fasciculoides,簇花猕猴桃,,,,,,,no_image
20033,Actina quadrimaculata,四斑星水虻,,,,,,,no_image
83996,Actinodaphne lecomtei,柳叶黄肉楠,,,,,,,no_image
83984,Actinidia valvata,对萼猕猴桃,,,,,,,no_image
83960,Actinidia melliana,美丽猕猴桃,,,,,,,no_image
84014,Actinothuidium hookeri,锦丝藓,,,,,,,no_image
1457,Actinonema pachydermatum,厚皮光线虫,,,,,,,no_image
9958,Aculochetus wanluoensis,,,,,,,,no_image
10496,Aculops yinghuae,,,,,,,,no_image
10457,Aculops lycopersici,,,,,,,,no_image
10574,Aculus jasmini,,,,,,,,no_image
10367,Aculus shaoxingensis,,,,,,,,no_image
6162,Adamnestia japonica,日本柱核螺,,,,,,,no_image
20101,Adelphococris nigritylus,黑唇苜蓿盲蝽,,,,,,,no_image
19292,Adbiloba sikkimensis,,,,,,,,no_image
84078,Adenophora remotiflora,薄叶荠苨,,,,,,,no_image
20121,Adelphomyia rantaizana,峦大盲大蚊,,,,,,,no_image
84043,Adenophora gmelinii,狭叶沙参,,,,,,,no_image
84127,Adiantum formosanum,深山铁线蕨,,,,,,,no_image
20124,Adhavara ferruginea,,,,,,,,no_image
84150,Adiantum soboliferum,翅柄铁线蕨,,,,,,,no_image
84177,Adinandra howii,保亭杨桐,,,,,,,no_image
20140,Admontia gracilipes,细足毛颜寄蝇,,,,,,,no_image
20147,Adoxomyia hungshanensis,黄山隐水虻,,,,,,,no_image
20168,Aedes aegypti,埃及伊蚊,,,,,,,no_image
20188,Aedes chrysolineatus,金线伊蚊,,,,,,,no_image
20292,Aedes togoi,东乡伊蚊,,,,,,,no_image
20230,Aedes japonicus,日本伊蚊,,,,,,,no_image
20252,Aedes nipponicus,东瀛伊蚊,,,,,,,no_image
20209,Aedes fengi,冯氏伊蚊,,,,,,,no_image
20272,Aedes pullatus,黑头伊蚊,,,,,,,no_image
17579,Aegista chinensis,中国大脐蜗牛,,,,,,,no_image
84213,Aegopodium kashmiricum,克什米尔羊角芹,,,,,,,no_image
84217,Aeluropus pilosus,毛叶獐毛,,,,,,,no_image
20331,Aeolothrips luteolus,黄纹蓟马,,,,,,,no_image
84222,Aerides falcata,指甲兰,,,,,,,no_image
84258,Aeschynanthus fulgens,亮花芒毛苣苔,,,,,,,no_image
72734,Aerodramus fuciphagus,爪哇金丝燕,,,,,,,no_image
84301,Aesculus wangii,云南七叶树,,,,,,,no_image
20362,Aeropedellus prominemarginis,突缘蛛蝗,,,,,,,no_image
84278,Aeschynanthus pachytrichus,粗毛芒毛苣苔,,,,,,,no_image
20384,Aeschnophlebia nanlingensis,南岭黑额蜓,,,,,,,no_image
72759,Aetomylaeus maculatus,花点无刺鲼,,,,,,,no_image
20412,Aethes cnicana,菊双纹卷蛾,,,,,,,no_image
20428,Agadasys xizangensis,西藏多毛广口蝇,,,,,,,no_image
84313,Agapetes aborensis,阿波树萝卜,,,,,,,no_image
84358,Agapetes miranda,坛花树萝卜,,,,,,,no_image
84335,Agapetes huangiana,素华树萝卜,,,,,,,no_image
84378,Agapetes wardii,滇缅树萝卜,,,,,,,no_image
145015,Agaricus lanipes,锦合蘑菇,,,,,,,no_image
144995,Agaricus excellens,灰白蘑菇,,,,,,,no_image
144935,Agaricus argyropotamicus,褐顶银白蘑菇,,,,,,,no_image
145035,Agaricus moelleri,细褐鳞蘑菇,,,,,,,no_image
144955,Agaricus brunneolus,,,,,,,,no_image
144975,Agaricus comptulus,,,,,,,,no_image
145055,Agaricus praeclaresquamosus,细褐鳞蘑菇,,,,,,,no_image
20441,Agarwalencyrtus citri,柑橘阿戈跳小蜂,,,,,,,no_image
145075,Agaricus semiovatus,卵形斑褶菇,,,,,,,no_image
145095,Agaricus tabularis,平菇,,,,,,,no_image
20465,Agathis asternaulus,缺沟窄径茧蜂,,,,,,,no_image
84399,Aglaia spectabilis,曲梗崖摩,,,,,,,no_image
20482,Agehana maraho,台湾宽尾凤蝶,,,,,,,no_image
20508,Agelosus distigma,,,,,,,,no_image
20504,Agelasta yunnana,,,,,,,,no_image
5796,Aglaophamus sinensis,中华内卷齿蚕,,,,,,,no_image
20556,Agnaptoria rufipes,赤足贞琵甲，新组合,,,,,,,no_image
20619,Agonita immaculata,朱红三脊甲,,,,,,,no_image
20536,Agnaptoria crassa,糙贞琵甲,,,,,,,no_image
20578,Agnetina quadrituberculata,四瘤剑(虫责),,,,,,,no_image
20604,Agnidra tanyospinosa,长刺距钩蛾,,,,,,,no_image
6504,Agriodesma navicula,舟形长带蛤,,,,,,,no_image
148160,Agrocybe farinacea,无环田头菇,,,,,,,no_image
539,Agononida pilosimanus,毛足斗铠虾,,,,,,,no_image
15466,Agroeca debilis,柔弱田野蛛,,,,,,,no_image
20678,Agrosteella punctata,粗点平胸叶甲,,,,,,,no_image
84444,Agrostis infirma,玉山剪股颖,,,,,,,no_image
20665,Agromyza panici,帕尼奇潜蝇,,,,,,,no_image
20689,Agrotis eugramma,奇地夜蛾,,,,,,,no_image
14158,Agyneta cauta,护丘皿蛛,,,,,,,no_image
84481,Ailanthus giraldii,毛臭椿,,,,,,,no_image
20708,Ahlbergia chalcidis,金梳灰蝶,,,,,,,no_image
84461,Ahnfeltia fastigiata,帚状伊谷藻,,,,,,,no_image
84530,Ainsliaea parvifolia,小叶兔儿风,,,,,,,no_image
84505,Ainsliaea daheishanensis,大黑山兔儿风,,,,,,,no_image
84548,Aira caryophyllea,银须草,,,,,,,no_image
84561,Ajania hypoleuca,下白亚菊,,,,,,,no_image
84581,Ajania trifida,女蒿,,,,,,,no_image
84605,Ajuga lupulina,白苞筋骨草,,,,,,,no_image
142276,Alatospora acuminata,,,,,,,,no_image
72773,Akysis brachybarbatus,短须粒鲇,,,,,,,no_image
151923,Albatrellus fumosus,灰褐地花菌,,,,,,,no_image
84663,Albizia chinensis,楹树,,,,,,,no_image
138431,Albotricha guangxiensis,广西白毛盘菌,,,,,,,no_image
72802,Alcedo atthis,普通翠鸟,,,,,,,no_image
135789,Alectoria acanthodes,多刺树发,,,,,,,no_image
20773,Aleiodes excavatus,具凹脊茧蜂,,,,,,,no_image
20793,Aleiodes pallinervis,淡脉脊茧蜂,,,,,,,no_image
20753,Aleiodes aethris,静脊茧蜂,,,,,,,no_image
72809,Alcippe davidi,灰眶雀鹛,,,,,,,no_image
20809,Aleochara banghaasi,,,,,,,,no_image
20849,Aleochara praesul,,,,,,,,no_image
20829,Aleochara gladiata,,,,,,,,no_image
20869,Aleochara verna,,,,,,,,no_image
20877,Aletia decisissima,十点研夜蛾,,,,,,,no_image
140323,Aleuria ampliata,,,,,,,,no_image
20897,Aletia simplex,单研夜蛾,,,,,,,no_image
84734,Aleuritopteris grevilleoides,中国蕨,,,,,,,no_image
140343,Aleurina asperula,,,,,,,,no_image
140363,Aleurina splendens,,,,,,,,no_image
152546,Aleurodiscus orientalis,,,,,,,,no_image
20901,Aleurodaphis blumeae,艾纳香粉虱蚜,,,,,,,no_image
20923,Algon grebennikovi,,,,,,,,no_image
72854,Alexandromys fortis,东方田鼠,,,,,,,no_image
84767,Alisma plantago-aquatica,泽泻,,,,,,,no_image
2916,Aliaporcellana kikuchii,卡氏异瓷蟹,,,,,,,no_image
84774,Allardia glabra,西藏扁芒菊,,,,,,,no_image
72863,Alligator sinensis,扬子鳄,,,,,,,no_image
84839,Allium funckiifolium,玉簪叶山葱,,,,,,,no_image
84863,Allium korolkowii,褐皮韭,,,,,,,no_image
84792,Allium ascalonicum,西亚火葱,,,,,,,no_image
84818,Allium chrysocephalum,折被韭,,,,,,,no_image
20974,Alliopsis lutebasicosta,黄鳞毛眼花蝇,,,,,,,no_image
84912,Allium pseudosenescens,假山韭,,,,,,,no_image
84885,Allium nutans,齿丝山韭,,,,,,,no_image
84934,Allium sikkimense,高山韭,,,,,,,no_image
15539,Allochthonius trigonus,三角异伪蝎,,,,,,,no_image
21004,Allodahlia ahrimanes,双斑异螋,,,,,,,no_image
20992,Allobaccha meijerei,梅异巴蚜蝇,,,,,,,no_image
84954,Allium trifurcatum,三柱韭,,,,,,,no_image
21040,Allognosta flavofemoralis,黄腿距水虻,,,,,,,no_image
21021,Alloeorhynchus sinicus,华夏异姬蝽,,,,,,,no_image
21060,Allognosta tengchongana,腾冲距水虻,,,,,,,no_image
21079,Allohelea subnigripes,亚黑埃蠓,,,,,,,no_image
84975,Allomorphia curtisii,翅茎异形木,,,,,,,no_image
21091,Allophorocera flavipruina,黄粉异寄蝇,,,,,,,no_image
19364,Allonychiurus pseudokimi,,,,,,,,no_image
21097,Alloplandria problematica,,,,,,,,no_image
21105,Allothoracaphis piyananensis,平胸奇胸蚜,,,,,,,no_image
21118,Allotrionymus plurostiolatus,云南配粉蚧,,,,,,,no_image
21133,Alluaudomyia formosana,美岛阿蠓,,,,,,,no_image
85020,Aloe vera,芦荟,,,,,,,no_image
146528,Alnicola lactariolens,,,,,,,,no_image
21168,Aloconota levitatis,,,,,,,,no_image
85015,Alocasia longiloba,尖叶海芋,,,,,,,no_image
16380,Alopecosa ovalis,椭圆舞蛛,,,,,,,no_image
16491,Alopecosa curtohirta,弯毛舞蛛,,,,,,,no_image
85033,Alopecurus pratensis,大看麦娘,,,,,,,no_image
1339,Alpheus amiranti,阿米兰鼓虾,,,,,,,no_image
1306,Alpheus seurati,珠脊鼓虾,,,,,,,no_image
1334,Alpheus edamensis,毛掌鼓虾,,,,,,,no_image
85043,Alphonsea yunnanensis,云南藤春,,,,,,,no_image
1420,Alpheus malabaricus,马拉巴鼓虾指名亚种,,,,,,,no_image
85089,Alpinia oxyphylla,益智,,,,,,,no_image
85068,Alpinia hainanensis,海南山姜,,,,,,,no_image
85126,Alsophila latebrosa,阴生桫椤,,,,,,,no_image
149461,Alpova mollis,柔软光黑腹菌,,,,,,,no_image
85140,Alternanthera pungens,刺花莲子草,,,,,,,no_image
133869,Alternaria cassiae,,,,,,,,no_image
133889,Alternaria cucumerina,,,,,,,,no_image
133909,Alternaria gaisen,,,,,,,,no_image
133849,Alternaria bannaensis,,,,,,,,no_image
133929,Alternaria longirostrata,,,,,,,,no_image
133949,Alternaria papaveris,,,,,,,,no_image
134009,Alternaria yaliinficiens,,,,,,,,no_image
133969,Alternaria querci,,,,,,,,no_image
133989,Alternaria suffruticosae,,,,,,,,no_image
72884,Alticus saliens,跳弹鳚,,,,,,,no_image
150696,Alutaceodontia alutacea,,,,,,,,no_image
85160,Alyssum desertorum,庭荠,,,,,,,no_image
142296,Amanita battarrae,,,,,,,,no_image
21229,Amamiclytus limaticollis,,,,,,,,no_image
135157,Amandinea efflorescens,,,,,,,,no_image
142356,Amanita innatifibrilla,,,,,,,,no_image
142376,Amanita muscaria,毒蝇伞,,,,,,,no_image
142396,Amanita phalloides,灰鹅膏,,,,,,,no_image
145558,Amanitopsis nivalis,,,,,,,,no_image
85204,Amaranthus spinosus,刺苋,,,,,,,no_image
142316,Amanita citrina,橙黄鹅膏菌,,,,,,,no_image
142336,Amanita fritillaria,格纹鹅膏,,,,,,,no_image
142436,Amanita umbrinolutea,黄褐鹅膏,,,,,,,no_image
142416,Amanita sinocitrina,杵柄鹅膏,,,,,,,no_image
1837,Amastigia rudis,粗糙无鞭苔虫,,,,,,,no_image
151158,Amauroderma longgangense,弄岗假芝,,,,,,,no_image
151138,Amauroderma chaperi,,,,,,,,no_image
151178,Amauroderma rugosissimum,,,,,,,,no_image
85212,Amblovenatum terminans,顶育硫腺蕨,,,,,,,no_image
72921,Amblyeleotris yanoi,亚诺钝塘鳢,,,,,,,no_image
21305,Amblypsilopus sanyanus,三亚雅长足虻,,,,,,,no_image
143791,Amazonia rogergoosii,,,,,,,,no_image
21316,Ambrosiger gravis,,,,,,,,no_image
21335,Amegilla himalajensis,喜马无垫蜂,,,,,,,no_image
72936,Amblypomacentrus breviceps,短头钝雀鲷,,,,,,,no_image
21285,Amblypsilopus flavicercus,黄尾雅长足虻,,,,,,,no_image
21401,Amiota furcata,叉叶阿果蝇,,,,,,,no_image
72939,Amioides polyacanthus,多刺天竺鲷,,,,,,,no_image
85230,Amentotaxus formosana,台湾穗花杉,,,,,,,no_image
21381,Amiota bifoliolata,双叶阿果蝇,,,,,,,no_image
21421,Amiota multispinata,多刺阿果蝇,,,,,,,no_image
21461,Amischa rougemonti,,,,,,,,no_image
21441,Amiota sinuata,弯叶阿果蝇,,,,,,,no_image
21467,Amnesicoma adornata,预帷尺蛾,,,,,,,no_image
72990,Amolops splendissimus,星空湍蛙,,,,,,,no_image
72948,Amolops bellulus,片马湍蛙,,,,,,,no_image
72969,Amolops iriodes,绿湍蛙,,,,,,,no_image
85250,Amomum compactum,爪哇白豆蔻,,,,,,,no_image
85292,Amomum yunnanense,云南砂仁,,,,,,,no_image
85270,Amomum paratsaoko,拟草果,,,,,,,no_image
6057,Ampelisca ceratophoculata,角眼双眼钩虾,,,,,,,no_image
85309,Amorphophallus tonkinensis,东京魔芋,,,,,,,no_image
85314,Ampelocalamus breviligulatus,钓竹,,,,,,,no_image
133791,Ampelomyces quisqualis,,,,,,,,no_image
21500,Amphekes gymna,阿毒蛾,,,,,,,no_image
3228,Amphilochus likelike,欢乐矛钩虾,,,,,,,no_image
7371,Amphicaryon ernesti,支管双钟水母,,,,,,,no_image
21516,Amphinemura ancistroidea,钩突倍叉(虫责),,,,,,,no_image
21536,Amphinemura elongata,长突倍叉(虫责),,,,,,,no_image
21556,Amphinemura kiangsiensis,江西倍叉(虫责),,,,,,,no_image
1237,Amphiodia microplax,细板三齿蛇尾,,,,,,,no_image
21576,Amphinemura pieli,皮氏倍叉(虫责),,,,,,,no_image
1212,Amphioplus trichoides,三分倍棘蛇尾,,,,,,,no_image
21599,Amphipsylla anceps,短须双蚤,,,,,,,no_image
21654,Amphipyra schrenkii,桦杂夜蛾,,,,,,,no_image
3508,Ampithoe valida,强壮藻钩虾,,,,,,,no_image
21625,Amphipsylla quadratedigita,方指双蚤,,,,,,,no_image
1194,Amphiura digitula,小指阳遂足,,,,,,,no_image
21675,Amurinocellia sinica,中华异盲蛇蛉,,,,,,,no_image
5339,Amygdalum soyoae,白点杏蛤,,,,,,,no_image
17814,Amynthas bellatulus,洁美远盲蚓,,,,,,,no_image
152013,Amylostereum laevigatum,平滑淀粉韧革菌,,,,,,,no_image
17763,Amynthas corticis,皮下远盲蚓,,,,,,,no_image
18004,Amynthas douliouensis,斗六远盲蚓,,,,,,,no_image
17714,Amynthas lingshuiensis,陵水远盲蚓,,,,,,,no_image
17878,Amynthas incongruus,相异远盲蚓,,,,,,,no_image
17849,Amynthas gilvus,黄白远盲蚓,,,,,,,no_image
17776,Amynthas tantulus,拇指远盲蚓,,,,,,,no_image
17981,Amynthas palmosus,指掌远盲蚓,,,,,,,no_image
17908,Amynthas rhabdoidus,棒状远盲蚓,,,,,,,no_image
17741,Amynthas monoserialis,单丝远盲蚓,,,,,,,no_image
17758,Amynthas wulinensis,武岭远盲蚓,,,,,,,no_image
73045,Anabarilius paucirastellus,少耙白鱼,,,,,,,no_image
85386,Anacolia sinensis,中华刺毛藓,,,,,,,no_image
85383,Anacamptodon latidens,阔叶反齿藓,,,,,,,no_image
21733,Anaglyptus meridionalis,,,,,,,,no_image
21715,Anaesthetobrium luteipenne,,,,,,,,no_image
21753,Anagyrus brachyclavae,短棒长索跳小蜂,,,,,,,no_image
21773,Anagyrus quadrimaculatus,四斑长索跳小蜂,,,,,,,no_image
21785,Anamimnesis bleszynskii,安娜祝蛾,,,,,,,no_image
85466,Anaphalis tibetica,西藏香青,,,,,,,no_image
85436,Anaphalis margaritacea,珠光香青,,,,,,,no_image
85409,Anaphalis chlamydophylla,茧衣香青,,,,,,,no_image
3159,Anapta gracilis,细无锚参,,,,,,,no_image
135257,Anaptychia neoleucomelaena,,,,,,,,no_image
73070,Anas platyrhynchos,绿头鸭,,,,,,,no_image
21796,Anarete angusta,狭短角瘿蚊,,,,,,,no_image
21854,Anatkina incurvata,凹斑大叶蝉,,,,,,,no_image
21827,Anastoechus xuthus,黄鬃雏蜂虻,,,,,,,no_image
85490,Anastrophyllum striolatum,细纹挺叶苔,,,,,,,no_image
21874,Anatkina yingjiangana,盈江斑大叶蝉,,,,,,,no_image
15796,Anaulaciulus setulifer,细毛少纹姬马陆,,,,,,,no_image
73077,Ancherythroculter lini,大眼近红鲌,,,,,,,no_image
85496,Andreaea mutabilis,多态黑藓,,,,,,,no_image
21904,Anchocerus yini,,,,,,,,no_image
21920,Ancylis comptana,草莓镰翅小卷蛾,,,,,,,no_image
85512,Andropogon virginicus,弗吉尼亚须芒草,,,,,,,no_image
85553,Androsace integra,石莲叶点地梅,,,,,,,no_image
85531,Androsace delavayi,滇西北点地梅,,,,,,,no_image
85596,Androsace zayulensis,察隅点地梅,,,,,,,no_image
85573,Androsace rigida,硬枝点地梅,,,,,,,no_image
85651,Anemone narcissiflora,水仙状银莲花,,,,,,,no_image
8261,Anelassorhynchus sabinus,萨氏单吻套螠,,,,,,,no_image
85687,Anemone subpinnata,近羽裂银莲花,,,,,,,no_image
85615,Anemone davidii,西南银莲花,,,,,,,no_image
10975,Anepsion roeweri,罗氏秃头蛛,,,,,,,no_image
21971,Angarotipula altivolans,褐背裸大蚊,,,,,,,no_image
85727,Angelica dailingensis,带岭当归,,,,,,,no_image
85747,Angelica morrisonicola,玉山当归,,,,,,,no_image
85771,Angelica yanyuanensis,盐源当归,,,,,,,no_image
85781,Angiopteris dianyuecola,滇越观音座莲,,,,,,,no_image
144185,Aniptodera mauritaniensis,,,,,,,,no_image
6376,Anguipecten superbus,超蛇斑扇贝,,,,,,,no_image
22009,Anicetus chinensis,中国扁角跳小蜂,,,,,,,no_image
21995,Angustuma nigricarina,黑脊狭顶叶蝉,,,,,,,no_image
85801,Angiopteris subrotundata,圆基原始观音座莲,,,,,,,no_image
132359,Anisomeridium tamarindi,特码拉异形菌,,,,,,,no_image
22033,Anisolabis addita,付肥螋,,,,,,,no_image
22017,Anisodera fraterna,断脊潜甲,,,,,,,no_image
22052,Ankylopteryx doleschalii,台湾绢草蛉,,,,,,,no_image
22066,Annamanum humerale,,,,,,,,no_image
144571,Annulohypoxylon hians,,,,,,,,no_image
85835,Annona cherimola,毛叶番荔枝,,,,,,,no_image
22080,Anochthiphila intermedia,中凹喜斑腹蝇,,,,,,,no_image
85859,Anoectochilus formosanus,台湾银线兰,,,,,,,no_image
1768,Anomalifrons lightana,莱氏异额蟹,,,,,,,no_image
85882,Anomodon dentatus,齿缘牛舌藓,,,,,,,no_image
22130,Anopheles dirus,大劣按蚊,,,,,,,no_image
22099,Anomoia connexa,连带斜脉实蝇,,,,,,,no_image
22115,Anomophysis hainana,,,,,,,,no_image
22151,Anopheles ludlowae,劳氏按蚊,,,,,,,no_image
22171,Anopheles splendidus,美彩按蚊,,,,,,,no_image
22214,Anoplodera villigera,,,,,,,,no_image
22194,Anoplodera diplosa,,,,,,,,no_image
22253,Anoplophora viriantennata,,,,,,,,no_image
22231,Anoplophora freyi,,,,,,,,no_image
22264,Anotogaster klossi,金斑圆臀大蜓,,,,,,,no_image
22282,Anotylus cognatus,,,,,,,,no_image
22304,Anotylus lewisius,,,,,,,,no_image
22324,Anotylus sparsus,,,,,,,,no_image
73113,Anser erythropus,小白额雁,,,,,,,no_image
22343,Anteon cheni,陈氏单爪螯蜂,,,,,,,no_image
73128,Antennatus dorehensis,驼背手躄鱼,,,,,,,no_image
22363,Anteon javanum,爪哇单爪螯蜂,,,,,,,no_image
22429,Anthidium flavotarsum,黄跗黄斑蜂,,,,,,,no_image
22383,Anteon planum,平头单爪螯蜂,,,,,,,no_image
2373,Anthenea aspera,糙五角海星,,,,,,,no_image
22403,Anteon vistosum,宾单爪螯蜂,,,,,,,no_image
22470,Anthocharis cardamines,红襟粉蝶,,,,,,,no_image
22454,Anthobium capitale,,,,,,,,no_image
22490,Anthocoris japonicus,日本原花蝽,,,,,,,no_image
85910,Anthogonium gracile,筒瓣兰,,,,,,,no_image
22563,Anthophora fulvipes,黄足条蜂,,,,,,,no_image
22525,Anthomyia procellaris,骚花蝇,,,,,,,no_image
22543,Anthophora atricilla,腔条蜂,,,,,,,no_image
22585,Anthophora nigrifrons,黑面条蜂,,,,,,,no_image
7970,Anthopleura pacifica,太平洋侧花海葵,,,,,,,no_image
22605,Anthophora sinensis,中华条蜂,,,,,,,no_image
144688,Anthostomella irregularispora,,,,,,,,no_image
85914,Anthoxanthum hookeri,藏黄花茅,,,,,,,no_image
154887,Anthracoidea filamentosae,丝杆苔草炭黑粉菌,,,,,,,no_image
134653,Anthracothecium majus,,,,,,,,no_image
154907,Anthracoidea rupestris,石薹草炭黑粉菌,,,,,,,no_image
85946,Antidesma sootepense,泰北五月茶,,,,,,,no_image
85950,Antirrhinum majus,金鱼草,,,,,,,no_image
22635,Antialcidas hyalopterus,透翅结角蝉,,,,,,,no_image
22666,Antocha fortidens,强安大蚊,,,,,,,no_image
150871,Antrodia wangii,王氏薄孔菌,,,,,,,no_image
85928,Anthurium andraeanum,花烛,,,,,,,no_image
85948,Antiotrema dunnianum,长蕊斑种草,,,,,,,no_image
22686,Antocha styx,冥安大蚊,,,,,,,no_image
85968,Antrophyum vittarioides,书带车前蕨,,,,,,,no_image
22711,Aoria costata,脊厚缘肖叶甲,,,,,,,no_image
22769,Apatophysis roborowskii,,,,,,,,no_image
135811,Anzia colpota,霜绵腹衣,,,,,,,no_image
18573,Anuraeopsis coelata,锯齿龟纹轮虫,,,,,,,no_image
22729,Apalacris tonkinensis,越北胸斑蝗,,,,,,,no_image
22749,Apamea oblonga,修秀夜蛾,,,,,,,no_image
148114,Aphanobasidium bisterigmaticum,,,,,,,,no_image
22817,Aphelia disfuncta,分光卷蛾,,,,,,,no_image
22798,Apelaunothrips nigripennis,暗翅网管蓟马,,,,,,,no_image
22857,Aphendala conspersa,点润刺蛾,,,,,,,no_image
22869,Aphria longilingua,长埃蜉寄蝇,,,,,,,no_image
22893,Aphrodisium niisatoi,,,,,,,,no_image
22837,Aphelopus malayanus,马来亚常足螯蜂,,,,,,,no_image
85989,Aphyllodium australiense,海南两节豆,,,,,,,no_image
22912,Apimela chinensis,,,,,,,,no_image
22937,Apladrapsa ochracea,鬃角夜蛾,,,,,,,no_image
86005,Apios chindiana,青田土圞儿,,,,,,,no_image
22958,Apodacra pulchra,欣柄蜂麻蝇,,,,,,,no_image
2081,Aplustrum amplustre,宽带饰纹螺,,,,,,,no_image
73200,Apogon albomarginatus,白边天竺鲷,,,,,,,no_image
22968,Apolygus biannulatus,双环后丽盲蝽,,,,,,,no_image
73220,Apogon unicolor,单色天竺鲷,,,,,,,no_image
22988,Apolygus sinicus,毛后丽盲蝽,,,,,,,no_image
9332,Apoplophora dentata,,,,,,,,no_image
23007,Apomecyna proxima,,,,,,,,no_image
86030,Aporosa villosa,毛银柴,,,,,,,no_image
23070,Aporia larraldei,三黄绢粉蝶,,,,,,,no_image
143794,Appendiculella arisanensis,,,,,,,,no_image
23116,Apotrechus digitatus,指突疾蟋螽,,,,,,,no_image
23150,Apriona chemsaki,,,,,,,,no_image
143814,Appendiculella quercina,,,,,,,,no_image
73243,Apristurus platyrhynchus,扁吻光尾鲨,,,,,,,no_image
86056,Aquilegia incurvata,秦岭耧斗菜,,,,,,,no_image
23182,Apsectrotanypus trifascipennis,三束异伪长足摇蚊,,,,,,,no_image
86103,Arachniodes festina,华南复叶耳蕨,,,,,,,no_image
86082,Arabis borealis,新疆南芥,,,,,,,no_image
73256,Apus salimalii,华西白腰雨燕,,,,,,,no_image
137782,Arachnopeziza cornuta,角蛛盘菌,,,,,,,no_image
86123,Arachniodes similis,相似复叶耳蕨,,,,,,,no_image
2781,Araeosoma owstoni,裸软海胆,,,,,,,no_image
86152,Aralia elata,楤木,,,,,,,no_image
86174,Aralia stipulata,披针叶楤木,,,,,,,no_image
11112,Araneus haruspex,卜僧园蛛,,,,,,,no_image
11137,Araneus albomaculatus,白斑园蛛,,,,,,,no_image
11099,Araneus seminiger,半黑园蛛,,,,,,,no_image
11200,Araneus xianfengensis,咸丰园蛛,,,,,,,no_image
11181,Araneus pahalgaonensis,印度园蛛,,,,,,,no_image
11139,Araneus circumbasilaris,轮基园蛛,,,,,,,no_image
23211,Araragi sugiyamai,杉木癞灰蝶,,,,,,,no_image
23232,Arbolygus himalayicus,喜马树丽盲蝽,,,,,,,no_image
2251,Arca avellana,榛蚶,,,,,,,no_image
86188,Arceuthobium minutissimum,微小油杉寄生,,,,,,,no_image
86194,Archangelica brevicaulis,短茎球序当归,,,,,,,no_image
23293,Archips termias,端黄卷蛾,,,,,,,no_image
23273,Archips ingentanus,苹黄卷蛾,,,,,,,no_image
23255,Archineura hetaerinoides,霜基色蟌,,,,,,,no_image
86227,Arctium tomentosum,毛头牛蒡,,,,,,,no_image
86203,Archidendron clypearia,猴耳环,,,,,,,no_image
1143,Arcopsi interplicata,间褶拟蚶,,,,,,,no_image
86231,Arctopoa ×,希斯肯类早熟禾,,,,,,,no_image
16382,Arctosa kansuensis,甘肃熊蛛,,,,,,,no_image
73297,Ardea alba,大白鹭,,,,,,,no_image
16308,Arctosa xunyangensis,旬阳熊蛛,,,,,,,no_image
86294,Ardisia pedalis,矮短紫金牛,,,,,,,no_image
86324,Arenaria neelgherrensis,尼盖无心菜,,,,,,,no_image
86316,Ardisia villosa,雪下红,,,,,,,no_image
86252,Ardisia bullata,皱叶紫金牛,,,,,,,no_image
86272,Ardisia gigantifolia,走马胎,,,,,,,no_image
73319,Argentina kagoshimae,鹿儿岛水珍鱼,,,,,,,no_image
86384,Argentina vittata,条纹蕨麻,,,,,,,no_image
11047,Argiope ocula,目金蛛,,,,,,,no_image
8384,Argeia atlantica,大西洋褐虾鳃虱,,,,,,,no_image
23349,Arguda insulindiana,棕线枯叶蛾,,,,,,,no_image
86399,Argyreia formosana,台湾银背藤,,,,,,,no_image
73324,Argyropelecus sladeni,斯氏银斧鱼,,,,,,,no_image
23431,Aridelus fuscus,褐蝽茧蜂,,,,,,,no_image
73335,Ariosoma anagoides,拟穴美体鳗,,,,,,,no_image
23369,Argyrocosma inductaria,银绿尺蛾,,,,,,,no_image
23392,Arhopala eumolphus,娥娆灰蝶,,,,,,,no_image
8257,Arhynchite rugosum,多绉无吻螠,,,,,,,no_image
86460,Arisaema griffithii,,,,,,,,no_image
86439,Arisaema chuanxiense,川西南星,,,,,,,no_image
86481,Arisaema mairei,乌蒙南星,,,,,,,no_image
86537,Aristida tsangpoensis,藏布三芒草,,,,,,,no_image
86523,Arisaema wattii,双耳南星,,,,,,,no_image
86563,Aristolochia zhongdianensis,中甸马兜铃,,,,,,,no_image
23465,Armigeres baisasi,贝氏阿蚊,,,,,,,no_image
86501,Arisaema quinquelobatum,五叶山珠南星,,,,,,,no_image
147681,Armillaria cepistipes,黄小蜜环菌,,,,,,,no_image
86543,Aristolochia debilis,马兜铃,,,,,,,no_image
73347,Arnoglossus japonicus,日本羊舌鲆,,,,,,,no_image
73357,Arothron manilensis,菲律宾叉鼻鲀,,,,,,,no_image
147701,Armillariella ectypa,,,,,,,,no_image
148397,Arrhenia rustica,,,,,,,,no_image
73363,Artamus fuscus,灰燕鵙,,,,,,,no_image
86636,Artemisia demissa,纤杆蒿,,,,,,,no_image
86729,Artemisia lingyeouruennii,有润蒿,,,,,,,no_image
86673,Artemisia frigida,冷蒿,,,,,,,no_image
86614,Artemisia bargusinensis,巴尔古津蒿,,,,,,,no_image
86809,Artemisia santolina,沙漠绢蒿,,,,,,,no_image
86702,Artemisia indica,五月艾,,,,,,,no_image
86835,Artemisia stolonifera,宽叶山蒿,,,,,,,no_image
86755,Artemisia nakaii,矮滨蒿,,,,,,,no_image
86779,Artemisia pengchuoensis,彭错蒿,,,,,,,no_image
86865,Artemisia velutina,黄毛蒿,,,,,,,no_image
131555,Arthonia ochropallens,,,,,,,,no_image
86893,Arthraxon castratus,海南荩草,,,,,,,no_image
86889,Artemisia zayuensis,察隅蒿,,,,,,,no_image
139466,Arthrobotrys cladodes,,,,,,,,no_image
139486,Arthrobotrys superba,,,,,,,,no_image
86919,Artocarpus altilis,太平洋面包树,,,,,,,no_image
135429,Arthrorhaphis alpina,高山珠节衣,,,,,,,no_image
16577,Artoria ligulacea,舌状阿狼蛛,,,,,,,no_image
86954,Arundinella nepalensis,石芒草,,,,,,,no_image
23546,Asarkina eurytaeniata,宽条狭口食蚜蝇,,,,,,,no_image
23528,Asamangulia longispina,“U”刺异爪铁甲,,,,,,,no_image
87009,Asarum sagittarioides,慈姑叶细辛,,,,,,,no_image
86984,Asarum forbesii,杜衡,,,,,,,no_image
23559,Ascaphium huanghaoi,,,,,,,,no_image
13499,Asceua quadrimaculata,四斑阿斯蛛,,,,,,,no_image
139593,Ascobolus carbonarius,炭色粪盘菌,,,,,,,no_image
139633,Ascobolus phillipsii,,,,,,,,no_image
139613,Ascobolus infestans,,,,,,,,no_image
133481,Ascochyta anemones,,,,,,,,no_image
133521,Ascochyta hydnocarpi,,,,,,,,no_image
133501,Ascochyta cinnamomi,,,,,,,,no_image
133541,Ascochyta moricola,,,,,,,,no_image
142464,Ascolacicola aquatica,,,,,,,,no_image
133581,Ascochyta woronowiana,,,,,,,,no_image
133561,Ascochyta ricinella,,,,,,,,no_image
139407,Ascophanus testaceus,,,,,,,,no_image
139409,Ascozonus niveus,,,,,,,,no_image
23594,Asiagomphus flavifacies,黄脸亚春蜓,,,,,,,no_image
9709,Asetacus cuninghamiae,,,,,,,,no_image
16797,Asianopis liukuensis,六库亚妖蛛,,,,,,,no_image
23625,Asidoblaps edentata,无齿亚琵甲,,,,,,,no_image
23665,Asidoblaps yaanensis,雅安亚琵甲,,,,,,,no_image
23645,Asidoblaps mekonga,墨贡亚琵甲,,,,,,,no_image
23678,Asiotmethis heptapotamicus,波腿蝗,,,,,,,no_image
87064,Asparagus yanbianensis,盐边天门冬,,,,,,,no_image
23692,Asota egens,橙拟灯蛾,,,,,,,no_image
87044,Asparagus longiflorus,长花天门冬,,,,,,,no_image
134325,Aspergillus avenaceus,,,,,,,,no_image
134385,Aspergillus petrakii,,,,,,,,no_image
134345,Aspergillus dimorphicus,,,,,,,,no_image
134405,Aspergillus terricola,,,,,,,,no_image
134365,Aspergillus gracilis,,,,,,,,no_image
137369,Aspicilia hartliana,拟亚洲平茶渍,,,,,,,no_image
137349,Aspicilia alphoplaca,粉盘平茶渍,,,,,,,no_image
87084,Aspidistra bogneri,宁平蜘蛛抱蛋,,,,,,,no_image
137389,Aspicilia transbaicalica,小角平茶渍,,,,,,,no_image
87146,Aspidistra longhuiensis,隆回蜘蛛抱蛋,,,,,,,no_image
87106,Aspidistra dentosa,齿瓣蜘蛛抱蛋,,,,,,,no_image
87126,Aspidistra guizhouensis,贵州蜘蛛抱蛋,,,,,,,no_image
87166,Aspidistra nanchuanensis,南川蜘蛛抱蛋,,,,,,,no_image
87206,Aspidistra tonkinensis,大花蜘蛛抱蛋,,,,,,,no_image
87186,Aspidistra qijiangensis,綦江蜘蛛抱蛋,,,,,,,no_image
23707,Aspidomorpha difformis,圆顶梳龟甲,,,,,,,no_image
87269,Asplenium delavayi,水鳖蕨,,,,,,,no_image
87236,Aspidopterys microcarpa,小果盾翅藤,,,,,,,no_image
87333,Asplenium saxicola,石生铁角蕨,,,,,,,no_image
87249,Asplenium affine,匙形铁角蕨,,,,,,,no_image
23733,Asteia curvinervis,弧脉寡脉蝇,,,,,,,no_image
87290,Asplenium interjectum,贵阳铁角蕨,,,,,,,no_image
87241,Asplenium ×,赤石铁角蕨,,,,,,,no_image
87313,Asplenium normaloides,拟倒挂铁角蕨,,,,,,,no_image
23754,Astenus concolor,,,,,,,,no_image
87427,Aster hersileoides,横斜紫菀,,,,,,,no_image
23776,Astenus walkerianus,,,,,,,,no_image
87402,Aster bulleyanus,扁毛紫菀,,,,,,,no_image
87452,Aster likiangensis,丽江紫菀,,,,,,,no_image
87516,Aster taliangshanensis,凉山紫菀,,,,,,,no_image
87472,Aster neolanuginosus,棉毛紫菀,,,,,,,no_image
87492,Aster salwinensis,怒江紫菀,,,,,,,no_image
87538,Aster yuanqunensis,垣曲裸菀,,,,,,,no_image
143820,Asteridiella aberrans,,,,,,,,no_image
143880,Asteridiella tersa,,,,,,,,no_image
143860,Asteridiella manca,,,,,,,,no_image
143840,Asteridiella ebuli,,,,,,,,no_image
131731,Asterina malloti-apeltae,白背叶星盾炱,,,,,,,no_image
131692,Asterina elaeagni,,,,,,,,no_image
131712,Asterina ilicicola,,,,,,,,no_image
131673,Asterina caseariae,,,,,,,,no_image
131749,Asterina punctiformis,,,,,,,,no_image
23794,Asterolecanium grandiculum,莉链蚧,,,,,,,no_image
132336,Asterinella stuhlmanni,,,,,,,,no_image
152042,Asterostroma muscicola,喜苔星座革菌,,,,,,,no_image
17171,Astiotrema odhneri,奥德细孔吸虫,,,,,,,no_image
14433,Asthenargus edentulus,无齿锐蛛,,,,,,,no_image
87579,Astragalus agrestis,毛喉黄芪,,,,,,,no_image
87599,Astragalus arnoldii,团垫黄芪,,,,,,,no_image
87621,Astragalus brachysemia,短柄黄芪,,,,,,,no_image
87643,Astragalus charguschanus,卡尔古斯黄芪,,,,,,,no_image
87667,Astragalus crassifolius,厚叶黄芪,,,,,,,no_image
87696,Astragalus dilutus,浅黄芪,,,,,,,no_image
87718,Astragalus filicaulis,丝茎黄芪,,,,,,,no_image
87742,Astragalus graveolens,烈香黄芪,,,,,,,no_image
87789,Astragalus kifonsanicus,鸡峰山黄芪,,,,,,,no_image
87766,Astragalus heterodontus,异齿黄芪,,,,,,,no_image
87810,Astragalus laxmannii,斜茎黄芪,,,,,,,no_image
87858,Astragalus mekongensis,湄公黄芪,,,,,,,no_image
87832,Astragalus luculentus,光滑黄芪,,,,,,,no_image
87883,Astragalus nanellus,极矮黄芪,,,,,,,no_image
87903,Astragalus occultus,克郎河黄芪,,,,,,,no_image
87948,Astragalus pseudoborodinii,西域黄芪,,,,,,,no_image
87923,Astragalus penduliflorus,欧亚膜荚黄芪,,,,,,,no_image
87970,Astragalus rytidocarpus,橙果黄芪,,,,,,,no_image
87993,Astragalus shaerqinensis,沙尔沁黄芪,,,,,,,no_image
88040,Astragalus tibeticola,藏黄芪,,,,,,,no_image
88065,Astragalus vescus,辛辣黄芪,,,,,,,no_image
88085,Astragalus yangii,竟生黄芪,,,,,,,no_image
88014,Astragalus suffruticosus,亚灌木黄芪,,,,,,,no_image
6975,Astreopora moretonensis,莫登星孔珊瑚,,,,,,,no_image
73399,Astronesthes trifibulatus,三丝星衫鱼,,,,,,,no_image
133356,Astrosphaeriella vesuvius,,,,,,,,no_image
23857,Asuridia jinpingica,金平绣苔蛾,,,,,,,no_image
23880,Atanygnathus juang,,,,,,,,no_image
23835,Asura likiangensis,丽江艳苔蛾,,,,,,,no_image
23889,Atenisodus gracilicornis,,,,,,,,no_image
23875,Asyndetus xinjiangensis,新疆隐脉长足虻,,,,,,,no_image
1326,Athanas hongkongensis,角鼓虾,,,,,,,no_image
23911,Atherigona kurahashii,库氏芒蝇,,,,,,,no_image
148794,Athelopsis lacerata,,,,,,,,no_image
23946,Atheta alternantoides,,,,,,,,no_image
23966,Atheta chinamicula,,,,,,,,no_image
23931,Atherigona scopula,帚叶芒蝇,,,,,,,no_image
23986,Atheta detruncata,,,,,,,,no_image
24007,Atheta furtivoides,,,,,,,,no_image
24027,Atheta hoihaensis,,,,,,,,no_image
24047,Atheta kadooriorum,,,,,,,,no_image
24067,Atheta liukuensis,,,,,,,,no_image
24087,Atheta ming,,,,,,,,no_image
24107,Atheta ocularis,,,,,,,,no_image
24127,Atheta pseudocollusa,,,,,,,,no_image
24189,Atheta sororcula,,,,,,,,no_image
24167,Atheta sinoamicula,,,,,,,,no_image
24147,Atheta salamannai,,,,,,,,no_image
24209,Atheta taichungensis,,,,,,,,no_image
24249,Athetis atripuncta,门斑委夜蛾,,,,,,,no_image
24229,Atheta viduoides,,,,,,,,no_image
24269,Athetis renalis,白肾委夜蛾,,,,,,,no_image
88136,Athyrium attenuatum,剑叶蹄盖蕨,,,,,,,no_image
24297,Athyma jina,玉杵带蛱蝶,,,,,,,no_image
88158,Athyrium crassipes,粗柄蹄盖蕨,,,,,,,no_image
88183,Athyrium erythropodum,红柄蹄盖蕨,,,,,,,no_image
88232,Athyrium obtusilimbum,钝顶蹄盖蕨,,,,,,,no_image
88205,Athyrium kenzo-satakei,紫柄蹄盖蕨,,,,,,,no_image
88254,Athyrium spinulosum,假冷蕨,,,,,,,no_image
88279,Athyrium yuanyangense,元阳蹄盖蕨,,,,,,,no_image
24360,Atkinsoniella dactylia,指突条大叶蝉,,,,,,,no_image
24340,Atimura cylindrica,,,,,,,,no_image
24400,Atkinsoniella nigrominiatula,黑红条大叶蝉,,,,,,,no_image
24380,Atkinsoniella jini,金氏条大叶蝉，新种,,,,,,,no_image
24440,Atlanticus palpalis,长须寰螽,,,,,,,no_image
24476,Atopolinus sichuanicus,,,,,,,,no_image
24420,Atkinsoniella variata,变异条大叶蝉,,,,,,,no_image
24456,Atopolinus ilan,,,,,,,,no_image
24535,Atrichopogon coma,毛毛裸蠓,,,,,,,no_image
88284,Atractylocarpus alpinus,长帽藓,,,,,,,no_image
24496,Atopophysa punicea,紫窝尺蛾,,,,,,,no_image
24515,Atrecus yunnanus,,,,,,,,no_image
24555,Atrichopogon intertextus,交织裸蠓,,,,,,,no_image
24575,Atrichopogon nigritellus,近黑裸蠓,,,,,,,no_image
88315,Atriplex centralasiatica,中亚滨藜,,,,,,,no_image
24644,Atylotus flavoguttatus,黄条黄虻,,,,,,,no_image
24595,Atrichopogon rufescens,趋红裸蠓,,,,,,,no_image
24615,Atrichopogon xylochus,林丛裸蠓,,,,,,,no_image
24662,Atympanum nigrofasciatum,暗纹缺耳蝗,,,,,,,no_image
24638,Attacus edwardsi,冬青大蚕蛾,,,,,,,no_image
24622,Atrocalopteryx laosica,老挝暗色蟌,,,,,,,no_image
24677,Auchmis paucinotata,疏纹杰夜蛾,,,,,,,no_image
11951,Atypus largosaccatus,大囊地蛛,,,,,,,no_image
88365,Audouinella dictyotae,网地旋体藻,,,,,,,no_image
24694,Aulaconotus atronotatus,,,,,,,,no_image
24684,Aulacocentrum confusum,混腔室茧蜂,,,,,,,no_image
24706,Aulexis cinnamoni,樟齿胸肖叶甲,,,,,,,no_image
24725,Aulogymnus hyalopterus,透翅奥姬小蜂,,,,,,,no_image
148818,Auricularia eburnea,象牙白木耳,,,,,,,no_image
150064,Aurificaria luteoumbrina,,,,,,,,no_image
24731,Australopierretia australis,奥麻蝇,,,,,,,no_image
24741,Austrohancockia cristata,冠澳汉蚱,,,,,,,no_image
24755,Austrozele longipalpis,长须澳赛茧蜂,,,,,,,no_image
24781,Auzata semilucida,透豆斑钩蛾,,,,,,,no_image
24812,Axylia putris,朽木夜蛾,,,,,,,no_image
1136,Autolytus magnus,大型自裂虫,,,,,,,no_image
24792,Avetianella ambigua,云斑天牛卵跳小蜂,,,,,,,no_image
73448,Awaous ocellaris,眼斑阿胡鰕虎,,,,,,,no_image
24817,Azaleothrips moundi,孟氏焦管蓟马,,,,,,,no_image
24829,Azpeytia maculata,带斑直腿蚜蝇,,,,,,,no_image
17406,Babelomurex kiranus,吉良塔肩棘螺,,,,,,,no_image
24855,Bacchisa violaceoapicalis,,,,,,,,no_image
24833,Baccha elongata,短额巴蚜蝇,,,,,,,no_image
24884,Bactrocera gansuica,甘肃果实蝇,,,,,,,no_image
136506,Bacidina apiahica,蜜昵孢衣,,,,,,,no_image
24863,Bactrocera apiciflava,端黄果实蝇,,,,,,,no_image
142481,Bactrodesmium atrum,,,,,,,,no_image
24904,Bactrocera munda,笋瓜果实蝇,,,,,,,no_image
24955,Baeocera alishana,,,,,,,,no_image
24924,Bactrocera rubigina,锈红果实蝇,,,,,,,no_image
25002,Baeoura trihastata,三戟燥大蚊,,,,,,,no_image
24975,Baeocera pigra,,,,,,,,no_image
135152,Baeomyces placophyllus,叶羊角衣,,,,,,,no_image
73468,Balaenoptera edeni,布氏鲸,,,,,,,no_image
88462,Baliospermum angustifolium,狭叶斑籽木,,,,,,,no_image
7123,Balanophyllia gigas,大锥形珊瑚,,,,,,,no_image
88448,Balanophora indica,印度蛇菰,,,,,,,no_image
132305,Balladyna lelebae,,,,,,,,no_image
88572,Bambusa tulda,俯竹,,,,,,,no_image
88547,Bambusa piscatorum,石竹仔,,,,,,,no_image
88512,Bambusa insularis,黎庵高竹,,,,,,,no_image
73487,Bamburana nasica,长吻竹叶蛙,,,,,,,no_image
88485,Bambusa corniculata,东兴黄竹,,,,,,,no_image
25048,Bambusaspis miliaris,密竹斑链蚧,,,,,,,no_image
25065,Bambusiphaga nigropunctata,黑斑竹飞虱,,,,,,,no_image
73504,Bangana rendahli,长江孟加拉鲮,,,,,,,no_image
88593,Barbarea stricta,直立山芥,,,,,,,no_image
2270,Bankia oryzaformis,稻穗节鎧船蛆,,,,,,,no_image
88607,Barbula anceps,扁叶石灰藓,,,,,,,no_image
73517,Barbatula emuensis,额穆须鳅,,,,,,,no_image
25084,Baodera khasiana,三纹温枯叶蛾,,,,,,,no_image
140383,Barlaea miltina,,,,,,,,no_image
88627,Barbula williamsii,钝叶石灰藓,,,,,,,no_image
1174,Barnea fragilis,脆壳海笋,,,,,,,no_image
88646,Bartramia subulata,绿珠藓,,,,,,,no_image
156107,Basidiobolus ranarum,蛙粪霉,,,,,,,no_image
25144,Basilepta martini,斑鞘角胸肖叶甲,,,,,,,no_image
25124,Basilepta djoui,不齐角胸肖叶甲,,,,,,,no_image
25164,Basilepta ruficollis,圆角胸肖叶甲,,,,,,,no_image
25182,Basiprionota bimaculata,双斑锯龟甲,,,,,,,no_image
88652,Bassecoia hookeri,匙叶翼首花,,,,,,,no_image
25203,Bassus canaliculatus,沟腹闭腔茧蜂,,,,,,,no_image
25223,Bassus romani,罗曼氏闭腔茧蜂,,,,,,,no_image
73554,Bathycongrus retrotinctus,网格深海康吉鳗,,,,,,,no_image
14388,Bathylinyphia maior,大指皿蛛,,,,,,,no_image
73539,Bathophilus kingi,四丝深巨口鱼,,,,,,,no_image
25256,Batracharta cossoides,碎纹巴夜蛾,,,,,,,no_image
73585,Bathyuroconger vicinus,深海尾鳗,,,,,,,no_image
73572,Bathyphylax bombifrons,长棘卫渊鲀,,,,,,,no_image
25305,Batrisodes grossus,,,,,,,,no_image
25265,Batraxis longithorax,,,,,,,,no_image
25327,Bayadera hatvan,墨端尾溪蟌,,,,,,,no_image
25285,Batriscenellus femoralis,,,,,,,,no_image
88668,Bauhinia acuminata,白花羊蹄甲,,,,,,,no_image
88714,Bazzania vittata,假肋鞭苔,,,,,,,no_image
88694,Bazzania himlayana,喜马拉雅鞭苔,,,,,,,no_image
73602,Beaufortia leveretti,爬岩鳅,,,,,,,no_image
141765,Beauveria velata,,,,,,,,no_image
88798,Begonia dielsiana,南川秋海棠,,,,,,,no_image
17755,Begemius paraglandularis,异腺毕格蚓,,,,,,,no_image
88758,Begonia bamaensis,巴马秋海棠,,,,,,,no_image
88778,Begonia chuyunshanensis,出云山秋海棠,,,,,,,no_image
88818,Begonia fimbribracteata,须苞秋海棠,,,,,,,no_image
88847,Begonia gulinqingensis,古林箐秋海棠,,,,,,,no_image
88872,Begonia kuofangii,国芳秋海棠,,,,,,,no_image
88912,Begonia morifolia,桑叶秋海棠,,,,,,,no_image
88892,Begonia longistyla,长柱秋海棠,,,,,,,no_image
88962,Begonia puerensis,普洱秋海棠,,,,,,,no_image
88940,Begonia paucilobata,少裂秋海棠,,,,,,,no_image
88982,Begonia rubropunctata,红斑秋海棠,,,,,,,no_image
89003,Begonia subcoriacea,近革叶秋海棠,,,,,,,no_image
88732,Begonia ×,短莛秋海棠,,,,,,,no_image
89023,Begonia villifolia,长毛秋海棠,,,,,,,no_image
89062,Beilschmiedia longepetiolata,长柄琼楠,,,,,,,no_image
15152,Belisana zhengi,郑氏贝尔蛛,,,,,,,no_image
89084,Beilschmiedia turbinata,陀螺果琼楠,,,,,,,no_image
25342,Belciana staudingeri,新靛夜蛾,,,,,,,no_image
15036,Belisana forcipata,钳贝尔蛛,,,,,,,no_image
15190,Belisana naling,纳灵贝尔蛛,,,,,,,no_image
25365,Bellardia xianensis,西安陪丽蝇,,,,,,,no_image
25383,Bellenden siguniang,,,,,,,,no_image
15960,Belousoviella kabaki,,,,,,,,no_image
25403,Benbowia takamukuanus,塔良舟蛾,,,,,,,no_image
138531,Belonidium excelsior,,,,,,,,no_image
89103,Benkara forrestii,滇鸡爪簕,,,,,,,no_image
6421,Bentheogennema investgigatoris,东方深对虾,,,,,,,no_image
89185,Berberis fengii,大果小檗,,,,,,,no_image
89117,Berberis angulosa,有棱小檗,,,,,,,no_image
89139,Berberis campylotropa,弯果小檗,,,,,,,no_image
89161,Berberis dawoensis,道孚小檗,,,,,,,no_image
89211,Berberis hobsonii,毛梗小檗,,,,,,,no_image
89234,Berberis jinshajiangensis,小瓣小檗,,,,,,,no_image
89254,Berberis liophylla,滑叶小檗,,,,,,,no_image
89276,Berberis multiserrata,粗齿小檗,,,,,,,no_image
89296,Berberis poiretii,细叶小檗,,,,,,,no_image
89320,Berberis sanguinea,血红小檗,,,,,,,no_image
89341,Berberis thunbergii,日本小檗,,,,,,,no_image
89361,Berberis viridiflora,绿花小檗,,,,,,,no_image
89383,Berberis zhaotongensis,昭通小檗,,,,,,,no_image
89409,Berchemia medogensis,墨脱勾儿茶,,,,,,,no_image
25428,Beris brevis,短突柱角水虻,,,,,,,no_image
142493,Berkleasmium concinnum,,,,,,,,no_image
73629,Berylmys berdmorei,大泡灰鼠,,,,,,,no_image
25484,Besaia eupatagia,美偶舟蛾,,,,,,,no_image
89434,Berrya cordifolia,六翅木,,,,,,,no_image
25506,Besaia ronkayorum,荣邻偶舟蛾,,,,,,,no_image
25526,Betalbara flavilinea,齿线卑钩蛾,,,,,,,no_image
89448,Betula buggsii,秦巴桦,,,,,,,no_image
142499,Beverwykella pulmonaria,,,,,,,,no_image
89478,Betula luminifera,亮叶桦,,,,,,,no_image
25563,Bezzia fuliginata,烟色贝蠓,,,,,,,no_image
25583,Bezzia prospicula,前突贝蠓,,,,,,,no_image
6678,Biarctus sordidus,泥污双齿蝉虾,,,,,,,no_image
25604,Bharetta owadai,大和带枯叶蛾,,,,,,,no_image
13356,Bhutaniella latissima,宽不丹蛛,,,,,,,no_image
25647,Bibio baishanzunus,百山祖毛蚊,,,,,,,no_image
25667,Bibio funivanus,伏牛毛蚊,,,,,,,no_image
89524,Biebersteinia heterostemon,熏倒牛,,,,,,,no_image
25687,Bibio nigerescens,黑长跗毛蚊,,,,,,,no_image
25708,Bibio xizangensis,西藏毛蚊,,,,,,,no_image
1649,Biflustra lingdingensis,伶仃别藻苔虫,,,,,,,no_image
25718,Bilia esakii,江崎圆花蝽,,,,,,,no_image
7436,Bimeria vestita,被双节螅,,,,,,,no_image
8578,Biplex perca,鳍螺,,,,,,,no_image
141668,Bionectria grammicospora,,,,,,,,no_image
134031,Bipolaris panici-miliacei,,,,,,,,no_image
25746,Bireta belosa,刺角瓣舟蛾,,,,,,,no_image
25769,Bireta symmetricus,对称角瓣舟蛾,,,,,,,no_image
138233,Bisporella subpallida,近白小双孢盘菌,,,,,,,no_image
25777,Bisnius eidmanni,,,,,,,,no_image
151082,Bjerkandera fumosa,烟色烟管菌,,,,,,,no_image
89573,Bistorta purpureonervosa,紫脉蓼,,,,,,,no_image
15555,Bisetocreagris annamensis,安纳双毛肉伪蝎,,,,,,,no_image
25810,Blaesoxipha macula,斑折麻蝇,,,,,,,no_image
25828,Blaps apicecostata,端脊琵甲,,,,,,,no_image
25849,Blaps eximia,北疆琵甲,,,,,,,no_image
73640,Blarinella quadraticauda,川鼩,,,,,,,no_image
25873,Blaps lethifera,大型琵甲,,,,,,,no_image
25895,Blaps stotzneri,暗黑琵甲,,,,,,,no_image
89595,Blastus mollissimus,密毛柏拉木,,,,,,,no_image
155256,Blastocladia sparrowii,斯帊罗芽枝霉,,,,,,,no_image
25970,Blepephaeus indicus,,,,,,,,no_image
25937,Bledius formosanus,,,,,,,,no_image
26010,Blepharipa jacobsoni,杰克饰腹寄蝇,,,,,,,no_image
89609,Blepharostoma trichophyllum,睫毛苔,,,,,,,no_image
25957,Bledius perplexus,,,,,,,,no_image
25990,Blepharhymenus smetanai,,,,,,,,no_image
26029,Blepharita melanodonta,紫褐毛眼夜蛾,,,,,,,no_image
89629,Blumea conspicua,大花艾纳香,,,,,,,no_image
89616,Blindia acuta,小穗藓,,,,,,,no_image
89649,Blumea sessiliflora,无梗艾纳香,,,,,,,no_image
73668,Bodianus rubrisos,红赭普提鱼,,,,,,,no_image
26062,Bocula divergens,完斑畸夜蛾,,,,,,,no_image
26069,Boettcherisca peregrina,棕尾别麻蝇,,,,,,,no_image
89755,Bolbitis tibetica,西藏实蕨,,,,,,,no_image
89685,Boehmeria listeri,藏南苎麻,,,,,,,no_image
89715,Boeica stolonifera,匍茎短筒苣苔,,,,,,,no_image
89734,Bolbitis angustipinna,多羽实蕨,,,,,,,no_image
148915,Boletellus obscurecoccineus,深红条孢牛肝菌,,,,,,,no_image
89765,Bolbostemma paniculatum,假贝母,,,,,,,no_image
149558,Boletinus grevillei,淡灰假牛肝,,,,,,,no_image
148940,Boletus alutaceus,淡棕牛肝菌,,,,,,,no_image
148960,Boletus calyciformis,,,,,,,,no_image
26073,Boletina gutianshana,古田山布菌蚊,,,,,,,no_image
148980,Boletus fechtneri,,,,,,,,no_image
149020,Boletus luridus,,,,,,,,no_image
149000,Boletus griseipurpureus,,,,,,,,no_image
149040,Boletus parasiticus,寄生牛肝菌,,,,,,,no_image
149080,Boletus rubriflavus,红黄牛肝菌,,,,,,,no_image
149060,Boletus puniceus,胭脂牛肝菌,,,,,,,no_image
149100,Boletus subappendiculatus,,,,,,,,no_image
149120,Boletus umbrinellus,赭褐牛肝菌,,,,,,,no_image
26085,Bolitobius conjungens,,,,,,,,no_image
26105,Bolitogyrus metallicus,,,,,,,,no_image
26125,Bolivaritettix longzhouensis,龙州波蚱,,,,,,,no_image
73687,Bombina microdeladigitora,微蹼铃蟾,,,,,,,no_image
26166,Bomolocha perspicua,显卜夜蛾,,,,,,,no_image
26146,Bombylius kozlovi,考氏蜂虻,,,,,,,no_image
89782,Boodlea composita,布多藻,,,,,,,no_image
17391,Boreotrophon candelabrum,腊台北方饵螺,,,,,,,no_image
14687,Borboropactus jiangyong,江永泥蟹蛛,,,,,,,no_image
89795,Bosmania membranacea,膜叶星蕨,,,,,,,no_image
26226,Botanophila cornuta,角植种蝇,,,,,,,no_image
26206,Botanophila apodicra,离叉植种蝇,,,,,,,no_image
26246,Botanophila fumidorsis,突叶植种蝇,,,,,,,no_image
26266,Botanophila longibarbata,长须植种蝇,,,,,,,no_image
26286,Botanophila oraria,海岸植种蝇,,,,,,,no_image
73698,Bothrocara brunneum,褐长孔绵鳚,,,,,,,no_image
26346,Botanophila vicariola,拟微叉植种蝇,,,,,,,no_image
26372,Bothrogonia macromaculata,大斑凹大叶蝉,,,,,,,no_image
26306,Botanophila rubrifrons,红额植种蝇,,,,,,,no_image
26326,Botanophila subobscura,拟暗瓣植种蝇,,,,,,,no_image
15666,Bothropolys edgecombei,艾氏石蜈蚣,,,,,,,no_image
131792,Botryosphaeria cunninghamiae,,,,,,,,no_image
149654,Botryobasidium musaisporum,,,,,,,,no_image
73710,Botia reevesae,宽体沙鳅,,,,,,,no_image
138910,Botrytis cinerea,,,,,,,,no_image
140395,Boubovia nicholsonii,尼氏拟垫盘菌,,,,,,,no_image
73770,Boulenophrys rubrimera,红股角蟾,,,,,,,no_image
73750,Boulenophrys leishanensis,雷山角蟾,,,,,,,no_image
73730,Boulenophrys daoji,道济角蟾,,,,,,,no_image
26409,Brachicoma asiatica,东方短野蝇,,,,,,,no_image
73790,Boulenophrys yingdeensis,英德角蟾,,,,,,,no_image
7428,Bougainvillia ramosa,束状鲍螅水母,,,,,,,no_image
26402,Braahyxanthia zelotype,模胸夜蛾,,,,,,,no_image
145123,Bovista dermoxantha,,,,,,,,no_image
18564,Brachionus calyciflorus,萼花臂尾轮虫,,,,,,,no_image
26436,Brachylomia pygmaea,偶柳冬夜蛾,,,,,,,no_image
26426,Brachydeutera longipes,长足短脉水蝇,,,,,,,no_image
73793,Brachirus annularis,云斑宽箬鳎,,,,,,,no_image
26451,Brachypogon chuanxicus,川西短蠓,,,,,,,no_image
26439,Brachyneurina hemisphaerica,半球拟短脉瘿蚊,,,,,,,no_image
26482,Brachyserphus bicoloratus,两色短细蜂,,,,,,,no_image
26471,Brachypogon raohenicus,饶河短蠓,,,,,,,no_image
142510,Brachysporiella rhizoidea,,,,,,,,no_image
89911,Brachythecium planiusculum,扁枝青藓,,,,,,,no_image
26513,Brachytarsina kanoi,否蝠蝇,,,,,,,no_image
89891,Brachythecium erythrorrhizon,赤根青藓,,,,,,,no_image
26514,Brachythemis contaminata,黄翅蜻,,,,,,,no_image
17602,Bradybaena haplozona,单带巴蜗牛,,,,,,,no_image
26529,Bradysia bituberculata,双瘤迟眼蕈蚊,,,,,,,no_image
26549,Bradysia dazhulana,大竹岚迟眼蕈蚊,,,,,,,no_image
26569,Bradysia huoditangana,火地塘迟眼蕈蚊,,,,,,,no_image
26589,Bradysia megamelanata,大黑迟眼蕈蚊,,,,,,,no_image
26609,Bradysia qinlingana,秦岭迟眼蕈蚊,,,,,,,no_image
26629,Bradysia triaristata,三芒迟眼蕈蚊,,,,,,,no_image
89944,Brandisia kwangsiensis,广西来江藤,,,,,,,no_image
26649,Bradysia zizhongi,子忠迟眼蕈蚊,,,,,,,no_image
89992,Brassica rapa,蔓菁,,,,,,,no_image
89959,Brassaiopsis glomerulata,罗伞,,,,,,,no_image
90009,Braya siliquosa,长角肉叶荠,,,,,,,no_image
73853,Bregmaceros pseudolanceolatus,拟尖鳍犀鳕,,,,,,,no_image
90064,Bridelia tomentosa,土蜜树,,,,,,,no_image
90031,Bredia malipoensis,麻栗坡野海棠,,,,,,,no_image
9809,Brevulacus jilinensis,,,,,,,,no_image
26673,Breviculala hemileoides,半褐翅实蝇,,,,,,,no_image
26702,Bromius obscurus,葡萄肖叶甲,,,,,,,no_image
26686,Britha biguttata,箭夜蛾,,,,,,,no_image
90092,Bromus lepidus,鳞稃雀麦,,,,,,,no_image
90072,Bromus brachystachys,短轴雀麦,,,,,,,no_image
26755,Bryaxis yushanensis,,,,,,,,no_image
90145,Broussonetia papyrifera,构,,,,,,,no_image
90112,Bromus scoparius,帚雀麦,,,,,,,no_image
26710,Brontaea polystigma,多点裸圆蝇,,,,,,,no_image
26735,Bryaxis mandarinus,,,,,,,,no_image
9619,Bryobia pritchardi,,,,,,,,no_image
138436,Brunnipila calyculiformis,,,,,,,,no_image
26790,Bryodema nigroptera,黑翅痂蝗,,,,,,,no_image
26767,Bryocoris latus,宽翅蕨盲蝽,,,,,,,no_image
26804,Bryomyia bergrothi,伯氏藓瘿蚊,,,,,,,no_image
26821,Bryoporus cernuus,,,,,,,,no_image
90193,Bryowijkia ambigua,蔓枝藓,,,,,,,no_image
135838,Bryoria hengduanensis,横断山小孢发,,,,,,,no_image
90215,Bryum cyclophyllum,圆叶真藓,,,,,,,no_image
149138,Buchwaldoboletus sphaerocephalus,,,,,,,,no_image
90239,Bryum petelotii,拟纤枝真藓,,,,,,,no_image
9852,Bucculacus phoebus,,,,,,,,no_image
17134,Bucephalopsis yingtanensis,鹰潭似牛首吸虫,,,,,,,no_image
73880,Budorcas tibetana,中华扭角羚,,,,,,,no_image
90281,Buddleja caryopteridifolia,莸叶醉鱼草,,,,,,,no_image
135181,Buellia sarcogynoides,肉黑瘤衣,,,,,,,no_image
73886,Bufo andrewsi,华西蟾蜍,,,,,,,no_image
8622,Bufonaria rana,习见赤蛙螺,,,,,,,no_image
26832,Bulbistridulous furcatus,歧尾鼓鸣螽,,,,,,,no_image
90385,Bulbophyllum menghaiense,勐海石豆兰,,,,,,,no_image
90344,Bulbophyllum fimbriperianthium,钝萼卷瓣兰,,,,,,,no_image
90324,Bulbophyllum chinense,中华卷瓣兰,,,,,,,no_image
90364,Bulbophyllum jejosephii,小巧石豆兰,,,,,,,no_image
90405,Bulbophyllum pingnanense,屏南石豆兰,,,,,,,no_image
90425,Bulbophyllum setaceum,鹳冠卷瓣兰,,,,,,,no_image
90445,Bulbophyllum trongsaense,通萨卷瓣兰,,,,,,,no_image
5294,Bulla difficilis,凝带枣螺,,,,,,,no_image
26849,Bundera pellucida,透斑斜脊叶蝉,,,,,,,no_image
154670,Bulleromyces albus,,,,,,,,no_image
135852,Bulbothrix goebelii,戈氏球针叶,,,,,,,no_image
90495,Bupleurum gulczense,噶尔克孜柴胡,,,,,,,no_image
90467,Bupleurum alatum,翅果柴胡,,,,,,,no_image
90525,Bupleurum sibiricum,兴安柴胡,,,,,,,no_image
26864,Burmagomphus apricus,太阳缅春蜓,,,,,,,no_image
26879,Busseola longistriga,黑纹干夜蛾,,,,,,,no_image
90545,Burmannia itoana,纤草,,,,,,,no_image
26884,Byasa crassipes,短尾麝凤蝶,,,,,,,no_image
90559,Buxus austroyunnanensis,滇南黄杨,,,,,,,no_image
6049,Byblis io,河神沙钩虾,,,,,,,no_image
6036,Byblis verae,真沙钩虾,,,,,,,no_image
133772,Byssosphaeria rhodomphala,,,,,,,,no_image
26950,Caissa parenti,帕氏凯刺蛾,,,,,,,no_image
26912,Cacia cephaloides,,,,,,,,no_image
9205,Caenosamerus spatiosus,长新领甲螨帽儿山亚种,,,,,,,no_image
90664,Calanthe davidii,剑叶虾脊兰,,,,,,,no_image
90611,Calamagrostis epigejos,拂子茅,,,,,,,no_image
5528,Cadella semen,半扭楔樱蛤,,,,,,,no_image
90685,Calanthe masuca,长距虾脊兰,,,,,,,no_image
90644,Calamus tetradactylus,白藤,,,,,,,no_image
90624,Calamus beccarii,土藤,,,,,,,no_image
141705,Calcarisporium acerosum,,,,,,,,no_image
3784,Calappa philargius,逍遥馒头蟹,,,,,,,no_image
9988,Calepitrimerus jasmini,,,,,,,,no_image
10632,Calesalquia tiantangzhaica,,,,,,,,no_image
90707,Calanthe tsoongiana,无距虾脊兰,,,,,,,no_image
26972,Calicnemia gulinensis,古蔺丽扇蟌,,,,,,,no_image
90724,Caldesia parnassifolia,泽苔草,,,,,,,no_image
73974,Calidris minuta,小滨鹬,,,,,,,no_image
27000,Caliphaea angka,昂卡闪色蟌,,,,,,,no_image
27018,Callarge sagitta,箭纹粉眼蝶,,,,,,,no_image
27027,Calleulype whitelyi,环纹尺蛾,,,,,,,no_image
90771,Callicarpa dichotoma,白棠子树,,,,,,,no_image
90749,Callianthemum alatavicum,厚叶美花草,,,,,,,no_image
90802,Callicarpa membranacea,窄叶紫珠,,,,,,,no_image
27030,Callicera aenea,铜色丽角蚜蝇,,,,,,,no_image
90845,Calligonum ebinuricum,艾比湖沙拐枣,,,,,,,no_image
27048,Callidrepana forcipulata,方点丽钩蛾,,,,,,,no_image
73996,Callionymus filamentosus,单丝[鱼衔],,,,,,,no_image
74018,Calliope tschebaiewi,白须黑胸歌鸲,,,,,,,no_image
27058,Callimenellus ferrugineus,锈色彩螽,,,,,,,no_image
27079,Calliphora stelviana,斯氏丽蝇,,,,,,,no_image
27099,Callispa almora,高山丽甲,,,,,,,no_image
27126,Callispa nigricollis,黑胸丽甲,,,,,,,no_image
27138,Callistomyia pavonina,颜点美目实蝇,,,,,,,no_image
90880,Callitriche ravenii,细苞水马齿,,,,,,,no_image
27202,Callopsylla bursiforma,囊形盖蚤,,,,,,,no_image
27188,Callopistria duplicans,弧角散纹夜蛾,,,,,,,no_image
74026,Callogobius nigromarginatus,黑鳍缘美鰕虎,,,,,,,no_image
27155,Calliteara nox,白斑丽毒蛾,,,,,,,no_image
90888,Calocedrus rupestris,岩生翠柏,,,,,,,no_image
27224,Callundine locordairei,,,,,,,,no_image
27222,Callopsylla yui,于氏盖蚤,,,,,,,no_image
27232,Calodera coccinea,,,,,,,,no_image
142009,Calonectria rumohrae,,,,,,,,no_image
141989,Calonectria crousiana,,,,,,,,no_image
137603,Caloplaca biatorina,,,,,,,,no_image
74050,Calotomus carolinus,星眼绚鹦嘴鱼,,,,,,,no_image
137643,Caloplaca teicholyta,墙橙衣,,,,,,,no_image
137623,Caloplaca flavovirescens,,,,,,,,no_image
149408,Calostoma oriruber,粗皮丽口包,,,,,,,no_image
27251,Caltoris cornasa,方斑珂弄蝶,,,,,,,no_image
145156,Calvatiella lioui,,,,,,,,no_image
138440,Calycina bolaris,,,,,,,,no_image
27254,Calycomyza humeralis,紫莞尊潜蝇,,,,,,,no_image
6323,Camatopsis rubida,红色相机蟹,,,,,,,no_image
90975,Calystegia soldanella,肾叶打碗花,,,,,,,no_image
91028,Camellia gaudichaudii,硬叶糙果茶,,,,,,,no_image
90956,Calyptothecium pinnatum,羽枝耳平藓,,,,,,,no_image
90937,Calypogeia arguta,刺叶护蒴苔,,,,,,,no_image
91084,Camellia parviflora,细花短蕊茶,,,,,,,no_image
91055,Camellia kwangsiensis,广西茶,,,,,,,no_image
91114,Camellia rosthorniana,川鄂连蕊荼,,,,,,,no_image
90995,Camellia costata,突肋茶,,,,,,,no_image
91144,Camellia villicarpa,小果毛蕊茶,,,,,,,no_image
9047,Camisia segnis,懒洼甲螨,,,,,,,no_image
91200,Camphora parthenoxylon,黄樟,,,,,,,no_image
91160,Campanula cana,灰毛风铃草,,,,,,,no_image
27288,Campiglossa dorema,二条斑翅实蝇,,,,,,,no_image
91183,Campanula stevenii,新疆风铃草,,,,,,,no_image
27328,Campiglossa virgata,弗斑翅实蝇,,,,,,,no_image
27308,Campiglossa menyuanana,门源斑翅实蝇,,,,,,,no_image
27341,Camptochaeta tumidula,膨尾屈眼蕈蚊,,,,,,,no_image
27361,Campylocheta hirticeps,毛颜噪寄蝇,,,,,,,no_image
27355,Camptothlipsis taichungensis,太川愈室茧蜂,,,,,,,no_image
142535,Canalisporium kenyense,,,,,,,,no_image
91263,Campylotropis alopochroa,西藏笐子梢,,,,,,,no_image
131629,Candelariella aurella,金黄茶渍,,,,,,,no_image
91287,Campylotropis macrocarpa,笐子梢,,,,,,,no_image
91245,Campylopus pyriformis,梨蒴曲柄藓,,,,,,,no_image
2732,Cancilla aegra,脆弱笔螺,,,,,,,no_image
142549,Candida gosingica,,,,,,,,no_image
142569,Candida silvanorum,,,,,,,,no_image
91347,Cansjera rheedei,山柑藤,,,,,,,no_image
91340,Canna glauca,粉美人蕉,,,,,,,no_image
149694,Cantharellus carneoflavus,黄肉鸡油菌,,,,,,,no_image
15058,Cantikus elongatus,长俏蛛,,,,,,,no_image
134958,Cantharomyces platystethi,,,,,,,,no_image
149714,Cantharellus minor,小鸡油菌,,,,,,,no_image
91356,Capillipedium parviflorum,细柄草,,,,,,,no_image
132105,Capnodium pelliculosum,,,,,,,,no_image
27410,Capricoria boisduvaliana,羊角小卷蛾,,,,,,,no_image
91370,Capparis himalayensis,爪瓣山柑,,,,,,,no_image
91390,Capparis urophylla,小绿刺,,,,,,,no_image
14137,Caracladus montanus,山地支头蛛,,,,,,,no_image
14290,Capsulia laciniosa,锯齿裹蛛,,,,,,,no_image
91414,Caragana camilloi-schneideri,北疆锦鸡儿,,,,,,,no_image
91448,Caragana kansuensis,甘肃锦鸡儿,,,,,,,no_image
91471,Caragana polourensis,昆仑锦鸡儿,,,,,,,no_image
91497,Caragana tragacanthoides,中亚锦鸡儿,,,,,,,no_image
74109,Carangoides hedlandensis,海兰德若鲹,,,,,,,no_image
27487,Carcelia rasella,拉赛狭颊寄蝇,,,,,,,no_image
74123,Carapus mourlani,蒙氏潜鱼,,,,,,,no_image
4852,Carbasea meridionalis,南方准藻苔虫,,,,,,,no_image
27467,Carcelia falx,镰叶狭颊寄蝇,,,,,,,no_image
74129,Carcharhinus albimarginatus,白边鳍真鲨,,,,,,,no_image
6402,Carcinoplax angusta,窄小隆背蟹,,,,,,,no_image
91510,Cardamine calcicola,岩生碎米荠,,,,,,,no_image
91530,Cardamine hygrophila,湿生碎米荠,,,,,,,no_image
2058,Cardiomya fortisculpta,半纹帚形蛤,,,,,,,no_image
91551,Cardamine prorepens,浮水碎米荠,,,,,,,no_image
27513,Cardepia sociabilis,锁额夜蛾,,,,,,,no_image
91593,Carex amgunensis,球穗薹草,,,,,,,no_image
27526,Carea dione,斜线赭夜蛾,,,,,,,no_image
91643,Carex blinii,白里薹草,,,,,,,no_image
91622,Carex atrofusca,暗褐薹草,,,,,,,no_image
91719,Carex cryptostachys,隐穗薹草,,,,,,,no_image
91743,Carex deqinensis,德钦薹草,,,,,,,no_image
91667,Carex canescens,白山薹草,,,,,,,no_image
91695,Carex chui,曲氏薹草,,,,,,,no_image
91796,Carex fissiglumis,柄果嵩草,,,,,,,no_image
91822,Carex gongshanensis,贡山薹草,,,,,,,no_image
91865,Carex idzuroei,马菅,,,,,,,no_image
91843,Carex heterolepis,异鳞薹草,,,,,,,no_image
91770,Carex eleusinoides,蟋蟀薹草,,,,,,,no_image
91888,Carex karlongensis,卡郎薹草,,,,,,,no_image
91933,Carex liouana,刘氏薹草,,,,,,,no_image
91911,Carex lancisquamata,披针鳞薹草,,,,,,,no_image
92008,Carex nakaoana,钝鳞薹草,,,,,,,no_image
91985,Carex middendorffii,高鞘薹草,,,,,,,no_image
92105,Carex pseudodispalata,似皱果薹草,,,,,,,no_image
92082,Carex pingleensis,平乐薹草,,,,,,,no_image
91960,Carex makinoana,牧野薹草,,,,,,,no_image
92034,Carex obscuriceps,褐紫鳞薹草,,,,,,,no_image
92058,Carex paracheniana,近陈氏薹草,,,,,,,no_image
92127,Carex purpureovaginalis,紫鞘薹草,,,,,,,no_image
92147,Carex retrofracta,反折果薹草,,,,,,,no_image
92173,Carex scabrifolia,糙叶薹草,,,,,,,no_image
92204,Carex shuangbaiensis,双柏薹草,,,,,,,no_image
92246,Carex tenebrosa,芒尖鳞薹草,,,,,,,no_image
92226,Carex subcernua,武义薹草,,,,,,,no_image
92273,Carex tsaiana,希陶薹草,,,,,,,no_image
92295,Carex viridimarginata,绿边薹草,,,,,,,no_image
1958,Caridina baojingensis,保靖米虾,,,,,,,no_image
2016,Caridina fasciata,条纹米虾,,,,,,,no_image
92316,Carex ypsilandrifolia,丫蕊薹草,,,,,,,no_image
1955,Caridina longirostris,长额米虾,,,,,,,no_image
1928,Caridina qingyuanensis,清远米虾,,,,,,,no_image
27552,Carilia pilipennis,,,,,,,,no_image
1891,Caridina yilong,异龙米虾,,,,,,,no_image
92340,Caroxylon nitrarium,钠珍珠柴,,,,,,,no_image
27593,Carinata signigena,斑颊脊额叶蝉,,,,,,,no_image
27650,Carpelimus siamensis,,,,,,,,no_image
27628,Carpelimus laticeps,,,,,,,,no_image
27573,Carinata datianensis,大田脊额叶蝉,,,,,,,no_image
92333,Carlemannia tetragona,香茜,,,,,,,no_image
92359,Carpesium triste,暗花金挖耳,,,,,,,no_image
92377,Carpinus hupeana,湖北鹅耳枥,,,,,,,no_image
92405,Carpinus stipulata,小叶鹅耳枥,,,,,,,no_image
74180,Carpodacus rhodochlamys,红腰朱雀,,,,,,,no_image
27663,Carpophthoracidia bivittata,双条卡咆实蝇,,,,,,,no_image
27672,Carterocephalus alcinoides,黄斑银弄蝶,,,,,,,no_image
92436,Carya tonkinensis,越南山核桃,,,,,,,no_image
27704,Caryanda longhushanensis,龙虎山卵翅蝗,,,,,,,no_image
92447,Caryopteris forrestii,灰毛莸,,,,,,,no_image
92439,Caryodaphnopsis hekouensis,河口檬果樟,,,,,,,no_image
92470,Casimiroa edulis,香肉果,,,,,,,no_image
27733,Cassida japana,虾钳菜日龟甲,,,,,,,no_image
27755,Cassida undecimnotata,黑盾长龟甲,,,,,,,no_image
1777,Cassis cornuta,冠螺,,,,,,,no_image
92496,Castanopsis calathiformis,枹丝锥,,,,,,,no_image
92520,Castanopsis fissa,黧蒴锥,,,,,,,no_image
92560,Castanopsis tribuloides,蒺藜锥,,,,,,,no_image
92540,Castanopsis megaphylla,大叶锥,,,,,,,no_image
92579,Catalpa tibetica,藏楸,,,,,,,no_image
7875,Catablema vesicarium,囊状全水母,,,,,,,no_image
134723,Catapyrenium inaequale,不等鳞核衣,,,,,,,no_image
155257,Catenaria anguillulae,,,,,,,,no_image
17580,Cathaica schensiensis,陕西华蜗牛,,,,,,,no_image
135503,Catillaria tristiopsis,暗色腊肠衣,,,,,,,no_image
27847,Catopsilia pomona,迁粉蝶,,,,,,,no_image
27829,Catocala nymphaeoides,宁裳夜蛾,,,,,,,no_image
92595,Caulerpa brachypus,锯叶蕨藻,,,,,,,no_image
92650,Cayratia lanceolata,狭叶大麻藤,,,,,,,no_image
92625,Causonis cardiospermoides,短柄乌蔹莓,,,,,,,no_image
838,Caulibugula gracilenta,纤细茎苔虫,,,,,,,no_image
92647,Cavea tanguensis,莛菊,,,,,,,no_image
74214,Cecropis daurica,金腰燕,,,,,,,no_image
92674,Celastrus obovatifolius,倒卵叶南蛇藤,,,,,,,no_image
27903,Celastrina hersilia,华西琉璃灰蝶,,,,,,,no_image
92704,Celtis tetrandra,四蕊朴,,,,,,,no_image
27923,Celes variabilis,,,,,,,,no_image
138257,Cenangium populneum,杨薄盘菌,,,,,,,no_image
27943,Celyphus immitans,爪甲蝇,,,,,,,no_image
92717,Centaurea glastifolia,菘蓝薄鳞菊,,,,,,,no_image
27963,Cemus macaoensis,澳门纹翅飞虱,,,,,,,no_image
28004,Centorisoma shaanxiensis,陕西隆盾秆蝇,,,,,,,no_image
27984,Centistes ocularis,眼宽鞘茧蜂,,,,,,,no_image
28007,Centroclisis negligens,单中大蚁蛉,,,,,,,no_image
28009,Centrophthalmus sinensis,,,,,,,,no_image
28030,Centrotypus assamensis,榕巨刺角蝉,,,,,,,no_image
28010,Centrotoscelus apheliphallus,滑秃角蝉,,,,,,,no_image
28073,Cephalispa spina,刺溜秽蝇,,,,,,,no_image
92762,Cephalaria beijiangensis,北疆刺头草,,,,,,,no_image
28050,Cephalaeschna solitaria,独行头蜓,,,,,,,no_image
18233,Cephalodella qionghaiensis,琼海巨头轮虫,,,,,,,no_image
74265,Cephalopholis formosa,蓝线九棘鲈,,,,,,,no_image
18224,Cephalodella forceps,钳枝巨头轮虫,,,,,,,no_image
28088,Cephalops longistigmatis,长痣光头蝇,,,,,,,no_image
92770,Cephalostachyum pergracile,糯竹,,,,,,,no_image
92804,Cephaloziella microphylla,小叶拟大萼苔,,,,,,,no_image
28111,Cephennodes capricornis,,,,,,,,no_image
144222,Cephalotrichum purpureofuscum,,,,,,,,no_image
28151,Cephennodes palpalis,,,,,,,,no_image
28131,Cephennodes huapingensis,,,,,,,,no_image
28171,Cephennodes tauroides,,,,,,,,no_image
92809,Ceramium aduncum,内枝仙菜,,,,,,,no_image
28191,Cephennomicrus taiwanensis,,,,,,,,no_image
148777,Ceraceomyces sublaevis,,,,,,,,no_image
28232,Cerapteroceroides similis,黑褐纹翅跳小蜂,,,,,,,no_image
92836,Cerastium furcatum,缘毛卷耳,,,,,,,no_image
28245,Cerataphis freycinetiae,藤露兜坚蚜,,,,,,,no_image
74284,Ceratobregma helenae,海伦额角三鳍鳚,,,,,,,no_image
28279,Ceratoglyphina phragmitidisucta,芦苇坚角蚜,,,,,,,no_image
28264,Ceratina japonica,日本芦蜂,,,,,,,no_image
6708,Ceratomyxa toitai,星鲽鱼角形虫,,,,,,,no_image
92866,Ceratonia siliqua,长角豆,,,,,,,no_image
28308,Ceratophyllus qinghaiensis,青海角叶蚤,,,,,,,no_image
18742,Ceratophysella yinae,,,,,,,,no_image
8455,Ceratothoa imbricata,重叠角水虱,,,,,,,no_image
28335,Ceratovacuna uscare,琉球粉角蚜,,,,,,,no_image
143750,Ceratosphaeria silva-nigra,,,,,,,,no_image
132383,Cercospora alpiniae-katsumadae,,,,,,,,no_image
132403,Cercospora araliae-cordatae,,,,,,,,no_image
92896,Cercis racemosa,垂丝紫荆,,,,,,,no_image
132423,Cercospora bidentis,,,,,,,,no_image
132443,Cercospora caracallae,,,,,,,,no_image
132483,Cercospora dioscoreae-pyrifoliae,,,,,,,,no_image
132463,Cercospora commelinicola,,,,,,,,no_image
132503,Cercospora fagopyri,,,,,,,,no_image
132563,Cercospora malloti,,,,,,,,no_image
132543,Cercospora kaki,,,,,,,,no_image
132523,Cercospora heliconiae,,,,,,,,no_image
132583,Cercospora musae,,,,,,,,no_image
132603,Cercospora passifloricola,,,,,,,,no_image
132623,Cercospora populicola,,,,,,,,no_image
132643,Cercospora sambuci,,,,,,,,no_image
28355,Ceresium albomaculatum,,,,,,,,no_image
132663,Cercospora sophorae,,,,,,,,no_image
132703,Cercosporella lilii,,,,,,,,no_image
132683,Cercospora uredinophila,,,,,,,,no_image
10346,Cereusacarus maopingensis,,,,,,,,no_image
28400,Ceriana vespiformis,胡蜂突角蚜蝇,,,,,,,no_image
150980,Ceriporia totara,圆孢蜡卧孔菌,,,,,,,no_image
3299,Cerithium traillii,特氏蟹守螺,,,,,,,no_image
3313,Cerithidium perparvulum,矮小蟹守螺,,,,,,,no_image
28434,Ceromya pendleburyi,彭德毛脉寄蝇,,,,,,,no_image
28414,Cerodontha fujianica,福建角潜蝇,,,,,,,no_image
92916,Ceropegia pubescens,西藏吊灯花,,,,,,,no_image
28448,Ceroputo clematidis,铁线莲雪粉蚧,,,,,,,no_image
28471,Cestonionerva petiolata,细芒裸堤寄蝇,,,,,,,no_image
74295,Certhia himalayana,高山旋木雀,,,,,,,no_image
135881,Cetraria islandica,岛衣,,,,,,,no_image
155580,Cetraspora gilmorei,,,,,,,,no_image
1426,Cetoconcha japonica,日本怪蛤,,,,,,,no_image
74313,Cettia brunnifrons,棕顶树莺,,,,,,,no_image
1627,Chaceon manningi,曼宁查氏蟹,,,,,,,no_image
131648,Chaenotheca hispidula,,,,,,,,no_image
28515,Chaetabraeus cohaeres,合刺球阎甲,,,,,,,no_image
134594,Chaenothecopsis pilosa,,,,,,,,no_image
5580,Chaetodiadema granulatum,粒毛冠海胆,,,,,,,no_image
28531,Chaetexorista palpis,棒须刺蛾寄蝇,,,,,,,no_image
74348,Chaetodon meyeri,麦氏蝴蝶鱼,,,,,,,no_image
74368,Chaetodon xanthurus,黄蝴蝶鱼,,,,,,,no_image
28576,Chaetogonopteron pallipilosum,白毛短跗长足虻,,,,,,,no_image
28556,Chaetogonopteron daweishanum,大围山短跗长足虻,,,,,,,no_image
92942,Chaetomitrium orthorrhynchum,直喙刺柄藓,,,,,,,no_image
28616,Chaetorellia blanda,蒙古背中鬃实蝇,,,,,,,no_image
92949,Chaetomorpha linum,线形硬毛藻,,,,,,,no_image
142013,Chaetopsinectria chaetopsinae,,,,,,,,no_image
144421,Chaetomium microcephalum,,,,,,,,no_image
28625,Chaetostomella cylindrica,离带鬃实蝇,,,,,,,no_image
28640,Chalarus juliae,朱莉娅隐脉头蝇,,,,,,,no_image
92953,Chaiturus marrubiastrum,鬃尾草,,,,,,,no_image
28659,Chalcolema foveicollis,窝背樟肖叶甲,,,,,,,no_image
28690,Challia fletcheri,瘤螋,,,,,,,no_image
92960,Chamaecrista mimosoides,含羞草山扁豆,,,,,,,no_image
28672,Chalcosyrphus choui,周氏桐木蚜蝇,,,,,,,no_image
92984,Chamaelirium shiwandashanense,十万大山白丝草,,,,,,,no_image
28706,Chamaepsila nigrohumera,斑背顶茎蝇,,,,,,,no_image
92997,Chamaesium viridiflorum,绿花矮泽芹,,,,,,,no_image
74382,Champsodon guentheri,贡氏鳄齿鱼,,,,,,,no_image
28727,Characoma ruficirra,暗影饰皮夜蛾,,,,,,,no_image
74387,Channa lucius,带鳢,,,,,,,no_image
64,Charybdis natator,善泳蟳,,,,,,,no_image
28739,Charaxes bernardus,白带螯蛱蝶,,,,,,,no_image
28761,Chartographa ludovicaria,葡萄洄纹尺蛾,,,,,,,no_image
28775,Chasminodes nigrostigma,黑痣白夜蛾,,,,,,,no_image
93020,Cheilanthes chinensis,中华隐囊蕨,,,,,,,no_image
74436,Cheilio inermis,管唇鱼,,,,,,,no_image
93039,Cheilolejeunea intertexta,圆叶唇鳞苔,,,,,,,no_image
74456,Cheilopogon unicolor,白鳍须唇飞鱼,,,,,,,no_image
93059,Cheilolejeunea zhui,朱氏唇鳞苔,,,,,,,no_image
28836,Cheilosia kirgizorum,吉尔吉斯黑蚜蝇,,,,,,,no_image
28856,Cheilosia nona,宽额黑蚜蝇,,,,,,,no_image
28816,Cheilosia decima,毛斑黑蚜蝇,,,,,,,no_image
12621,Cheiracanthium brevispinum,短刺红螯蛛,,,,,,,no_image
28876,Cheilosia scutellata,异盾黑蚜蝇,,,,,,,no_image
140398,Cheilymenia ascoboloides,,,,,,,,no_image
28896,Cheilosia xizangica,西藏黑蚜蝇,,,,,,,no_image
12613,Cheiracanthium zhejiangense,浙江红螯蛛,,,,,,,no_image
9370,Cheiroseius capacoperitrematus,,,,,,,,no_image
12597,Cheiracanthium lascivum,拉斯红螯蛛,,,,,,,no_image
93073,Cheirostylis liukiuensis,琉球叉柱兰,,,,,,,no_image
74464,Chelidoperca leucostigmata,白斑花鲈,,,,,,,no_image
74460,Chelidonichthys kumu,绿鳍鱼,,,,,,,no_image
28967,Chelis dahurica,达裂灯蛾,,,,,,,no_image
28947,Chelipoda basalis,基鬃螳舞虻,,,,,,,no_image
93100,Chelonopsis forrestii,大萼铃子香,,,,,,,no_image
93127,Cheniella pubicarpa,毛果首冠藤,,,,,,,no_image
2417,Chelycypraea testudinaria,龟甲贝,,,,,,,no_image
28997,Chersotis ocellina,侏卡夜蛾,,,,,,,no_image
29008,Chetostoma admirandum,黑股颊鬃实蝇,,,,,,,no_image
17528,Chicomurex elliscrossi,爱丽丝拟棘螺,,,,,,,no_image
17504,Chicoreus strigatus,条纹棘螺,,,,,,,no_image
93149,Chenopodium pamiricum,帕米尔藜,,,,,,,no_image
93218,Chimonobambusa armata,缅甸方竹,,,,,,,no_image
29045,Chillcottomyia zhuae,朱氏毛眼驼舞虻,,,,,,,no_image
93204,Chiloscyphus sikkimensis,锡金裂萼苔,,,,,,,no_image
74483,Chiloscyllium plagiosum,条纹斑竹鲨,,,,,,,no_image
93262,Chimonocalamus dumosus,小香竹,,,,,,,no_image
93279,Chionanthus hainanensis,海南李榄,,,,,,,no_image
12964,Chinattus validus,强壮华蛛,,,,,,,no_image
29068,Chinghaipsylla bisinuosa,双窦青海蚤,,,,,,,no_image
93240,Chimonobambusa opienensis,三月竹,,,,,,,no_image
29091,Chironomus cingulatus,尖附器摇蚊,,,,,,,no_image
29111,Chironomus sinicus,中华摇蚊,,,,,,,no_image
29080,Chiraps alloica,兔耳卷蛾,,,,,,,no_image
29130,Chirosia paucisetosa,疏毛蕨蝇,,,,,,,no_image
134960,Chitonomyces amoyensis,,,,,,,,no_image
93312,Chloranthus sessilifolius,四川金粟兰,,,,,,,no_image
6330,Chlamys farreri,栉孔扇贝,,,,,,,no_image
134980,Chitonomyces paradoxus,,,,,,,,no_image
29216,Chloroclystis semiscripta,黑缘沦尺蛾,,,,,,,no_image
74518,Chloris spinoides,高山金翅雀,,,,,,,no_image
29165,Chloridolum kwangtungum,,,,,,,,no_image
29187,Chloridolum thaliodes,,,,,,,,no_image
142,Chlorodiella spinimera,刺足绿蟹,,,,,,,no_image
29266,Chlorophorus capillatus,,,,,,,,no_image
29246,Chlorogomphus suzukii,铃木裂唇蜓,,,,,,,no_image
29287,Chlorophorus ictericus,,,,,,,,no_image
29308,Chlorophorus proannulatus,,,,,,,,no_image
29328,Chlorophorus trivialis,,,,,,,,no_image
145168,Chlorophyllum sphaerosporum,,,,,,,,no_image
29350,Chlorops grisescens,灰秆蝇,,,,,,,no_image
29370,Chlorops rufinus,古北秆蝇,,,,,,,no_image
155891,Choanephora trispora,,,,,,,,no_image
29391,Chlorozancla falcatus,绿镰尺蛾,,,,,,,no_image
29386,Chloropulvinaria psidii,垫囊绿绵蜡蚧,,,,,,,no_image
74554,Choerodon gymnogenys,紫纹猪齿鱼,,,,,,,no_image
93373,Chorispora sabulosa,砂生离子芥,,,,,,,no_image
93352,Chondrilla pauciflora,少花粉苞菊,,,,,,,no_image
93333,Chondracanthus intermedius,中间软刺藻,,,,,,,no_image
29414,Chonocephalus depressus,扁背细蚤蝇,,,,,,,no_image
29465,Chorthippus foveatus,狭窝雏蝗,,,,,,,no_image
29485,Chorthippus markamensis,芒康雏蝗,,,,,,,no_image
29443,Chorthippus bellus,黑俏雏蝗,,,,,,,no_image
11025,Chorizopes nipponicus,日本壮头蛛,,,,,,,no_image
93380,Christia constricta,长管蝙蝠草,,,,,,,no_image
1464,Chromadora quadrilinea,四行点色矛线虫,,,,,,,no_image
74582,Chromis delta,三角光鳃鱼,,,,,,,no_image
29505,Chorthippus tibetanus,西藏雏蝗,,,,,,,no_image
29527,Chromocallis nirecola,日本绿斑蚜,,,,,,,no_image
149435,Chroogomphus tomentosus,绒红色钉菇,,,,,,,no_image
29543,Chrysacris wulingshanensis,武陵山金色蝗,,,,,,,no_image
93417,Chrysanthemum naktongense,楔叶菊,,,,,,,no_image
74611,Chrysiptera unimaculata,无斑金翅雀鲷,,,,,,,no_image
74616,Chrysocolaptes guttacristatus,大金背啄木鸟,,,,,,,no_image
29600,Chrysolina confucii,孔氏金叶甲,,,,,,,no_image
29574,Chrysolina aeneomicans,铜翅金叶甲,,,,,,,no_image
29622,Chrysolina gyacaensis,加查金叶甲,,,,,,,no_image
29642,Chrysolina lineigera,直缘金叶甲,,,,,,,no_image
29662,Chrysolina przewalskii,花点金叶甲,,,,,,,no_image
29685,Chrysolina tekessica,泰克萨金叶甲,,,,,,,no_image
153063,Chrysomyxa deformans,变形金锈菌,,,,,,,no_image
29703,Chrysomela tremulae,白杨叶甲,,,,,,,no_image
29719,Chrysonopa tibetana,西藏粗股肖叶甲,,,,,,,no_image
29739,Chrysopa hummeli,胡氏草蛉,,,,,,,no_image
29758,Chrysopera combinans,纯夜蛾,,,,,,,no_image
29794,Chrysopilus dives,离眼金鹬虻,,,,,,,no_image
29814,Chrysopilus ningminganus,宁明金鹬虻,,,,,,,no_image
74627,Chrysophrys auratus,金鲷,,,,,,,no_image
29849,Chrysops nigripes,黑足斑虻,,,,,,,no_image
141331,Chrysoporthe hodgesiana,,,,,,,,no_image
29909,Chrysosoma yunnanense,云南金长足虻,,,,,,,no_image
29889,Chrysosoma hainanum,海南金长足虻,,,,,,,no_image
29869,Chrysorabdia bivitta,绿斑金苔蛾,,,,,,,no_image
29934,Chrysotimus lijianganus,丽江黄鬃长足虻,,,,,,,no_image
4516,Chrysostoma paradoxum,金口螺,,,,,,,no_image
29954,Chrysotoxum brunnefrontum,棕额长角蚜蝇,,,,,,,no_image
93452,Chrysosplenium forrestii,贡山金腰,,,,,,,no_image
93483,Chrysosplenium pilosum,毛金腰,,,,,,,no_image
30014,Chrysotus femoratus,黄腿小异长足虻,,,,,,,no_image
29994,Chrysotoxum vernale,土斑长角蚜蝇,,,,,,,no_image
29974,Chrysotoxum maoershanicum,帽尔山长角蚜蝇,,,,,,,no_image
30034,Chrysotus nanjingensis,南京小异长足虻,,,,,,,no_image
30054,Chrysotus zhangi,张氏小异长足虻,,,,,,,no_image
11818,Chrysso cyclocera,圆尾丽蛛,,,,,,,no_image
11458,Chrysso yulingu,雨林谷丽蛛,,,,,,,no_image
30087,Chudania hellerina,赫氏消室叶蝉,,,,,,,no_image
30100,Churinga metaxantha,丝丘苔蛾,,,,,,,no_image
30120,Chyliza sinensis,斑胸绒茎蝇,,,,,,,no_image
138941,Ciboria pseudotuberosa,块状杯盘菌,,,,,,,no_image
30140,Chytonix latipennis,清流夜蛾,,,,,,,no_image
11999,Cicurina kekei,科科洞叶蛛,,,,,,,no_image
93512,Cicerbita ladyginii,高原岩参,,,,,,,no_image
30155,Cidariplura ochreistigma,赭纹胸须夜蛾,,,,,,,no_image
30189,Cimidaeorus hasegawai,长谷川棒角盲蝽,,,,,,,no_image
93535,Cinnamomum burmanni,阴香,,,,,,,no_image
5232,Ciliopagurus liui,刘氏纤毛寄居蟹,,,,,,,no_image
154946,Cintractia variabilis,,,,,,,,no_image
7760,Cilia reticulata,网棱水母,,,,,,,no_image
93555,Cinnamomum pittosporoides,刀把木,,,,,,,no_image
154926,Cintractia carpophila,,,,,,,,no_image
9297,Circellobates venustus,爱环甲螨,,,,,,,no_image
74653,Circus cyaneus,白尾鹞,,,,,,,no_image
74663,Cirrhilabrus lunatus,新月丝隆头鱼,,,,,,,no_image
74680,Cirrimaxilla formosa,台湾颌须鳝(须裸海鳝),,,,,,,no_image
30196,Cirrospilus centralis,心斑瑟姬小蜂,,,,,,,no_image
93628,Cirsium muliense,木里蓟,,,,,,,no_image
93608,Cirsium eriophoroides,绵头蓟,,,,,,,no_image
93648,Cirsium vernonioides,斑鸠蓟,,,,,,,no_image
93661,Cissampelos convolvulacea,旋花锡生藤,,,,,,,no_image
93684,Cistanche salsa,盐生肉苁蓉,,,,,,,no_image
30220,Citrogramma arisanicum,阿里山裸眼蚜蝇,,,,,,,no_image
93702,Citrus medica,香橼,,,,,,,no_image
135523,Cladonia bellidiflora,菊花石蕊,,,,,,,no_image
30243,Cladiscodes sacchari,,,,,,,,no_image
7172,Cladiella digitulatum,指状小枝软珊瑚,,,,,,,no_image
135603,Cladonia pocillum,莲座石蕊,,,,,,,no_image
135543,Cladonia crispata,穿杯石蕊,,,,,,,no_image
135563,Cladonia gonggaensis,,,,,,,,no_image
135623,Cladonia subconistea,拟小杯石蕊,,,,,,,no_image
135583,Cladonia magyarica,鳞杯石蕊,,,,,,,no_image
134299,Cladophialophora bantiana,,,,,,,,no_image
132154,Cladosporium circaea,,,,,,,,no_image
93730,Cladophora sarcenica,孟买刚毛藻,,,,,,,no_image
7362,Cladosarsia gulangensis,鼓浪枝萨水母,,,,,,,no_image
132174,Cladosporium elegans,,,,,,,,no_image
132194,Cladosporium lonicerae,,,,,,,,no_image
132234,Cladosporium sparsum,,,,,,,,no_image
132214,Cladosporium pallidum,,,,,,,,no_image
30248,Cladotanytarsus bisetus,二毛枝长跗摇蚊,,,,,,,no_image
93748,Cladrastis chingii,秦氏香槐,,,,,,,no_image
30271,Clanis titan,浅斑豆天蛾,,,,,,,no_image
30287,Claterna cydonia,喋夜蛾,,,,,,,no_image
74708,Clariger taiwanensis,台湾翼棘鰕虎,,,,,,,no_image
93780,Clausena hainanensis,海南黄皮,,,,,,,no_image
145646,Clavaria epiphylla,,,,,,,,no_image
135660,Clauzadeana macula,,,,,,,,no_image
145666,Clavaria mitrata,,,,,,,,no_image
145686,Clavaria vermicularis,豆芽菌,,,,,,,no_image
149737,Clavulina cristata,冠锁瑚菌,,,,,,,no_image
151950,Clavicorona colensoi,小冠瑚菌,,,,,,,no_image
145707,Clavulinopsis luteoochracea,黄赭拟锁瑚菌,,,,,,,no_image
4408,Clavus viduus,瘤棒螺,,,,,,,no_image
74710,Cleisthenes pinetorum,松木高眼鲽,,,,,,,no_image
93807,Cleisostoma nangongense,南贡隔距兰,,,,,,,no_image
93913,Clematis florida,铁线莲,,,,,,,no_image
93883,Clematis chiupehensis,丘北铁线莲,,,,,,,no_image
93852,Clematis akoensis,屏东铁线莲,,,,,,,no_image
93947,Clematis hexapetala,棉团铁线莲,,,,,,,no_image
93976,Clematis laxistrigosa,糙毛铁线莲,,,,,,,no_image
94049,Clematis pseudopogonandra,西南铁线莲,,,,,,,no_image
94084,Clematis tamurae,田村铁线莲,,,,,,,no_image
94009,Clematis napaulensis,合苞铁线莲,,,,,,,no_image
94122,Clematis wenshanensis,文山铁线莲,,,,,,,no_image
30296,Cleomenes giganteus,,,,,,,,no_image
30318,Cleoporus variabilis,李肖叶甲,,,,,,,no_image
30337,Cleptometopus motuoensis,,,,,,,,no_image
94188,Clethra barbinervis,髭脉桤叶树,,,,,,,no_image
94160,Clerodendrum henryi,南垂茉莉,,,,,,,no_image
94210,Cleyera pachyphylla,厚叶红淡比,,,,,,,no_image
5271,Clibanarius striolatus,条纹细螯寄居蟹,,,,,,,no_image
30351,Clinocera guizhouensis,贵州溪舞虻,,,,,,,no_image
94236,Clinopodium repens,匍匐风轮菜,,,,,,,no_image
30371,Clisitherella fukienensis,福建粗角肖叶甲,,,,,,,no_image
30389,Clitelloxenia antenuda,缺鬃鞍蚤蝇,,,,,,,no_image
142654,Clitocybe glacialis,,,,,,,,no_image
142614,Clitocybe bresadolana,赭黄杯伞,,,,,,,no_image
142634,Clitocybe dilatata,扩张杯伞,,,,,,,no_image
142674,Clitocybe metachroa,环纹杯伞,,,,,,,no_image
142714,Clitocybe trogii,,,,,,,,no_image
142694,Clitocybe senilis,,,,,,,,no_image
146071,Clitopilus crispus,皱纹斜盖伞,,,,,,,no_image
141223,Clohiesia lignicola,,,,,,,,no_image
30397,Clossiana freija,佛珍蛱蝶,,,,,,,no_image
14029,Clubiona bipinnata,双羽管巢蛛,,,,,,,no_image
13989,Clubiona lamellaris,薄片管巢蛛,,,,,,,no_image
14023,Clubiona heterosaca,异囊管巢蛛,,,,,,,no_image
13930,Clubiona trivialis,三叉管巢蛛,,,,,,,no_image
13934,Clubiona odesanensis,欧德纱管巢蛛,,,,,,,no_image
13927,Clubiona didentata,双齿管巢蛛,,,,,,,no_image
8005,Clytia discoida,盘形美螅水母,,,,,,,no_image
30421,Closterocerus separatus,离带曲纹姬小蜂,,,,,,,no_image
74712,Clupanodon thrissa,花鰶,,,,,,,no_image
13874,Clubiona subasrevida,近阿管巢蛛,,,,,,,no_image
94253,Cnidium japonicum,滨蛇床,,,,,,,no_image
30435,Clytiomya continua,连克寄蝇,,,,,,,no_image
10889,Cnodalia ampliabdominis,宽腹科达蛛,,,,,,,no_image
30455,Clytus raddensis,,,,,,,,no_image
74731,Cobitis xui,徐氏花鳅,,,,,,,no_image
139137,Coccomyces circinatus,卷丝齿裂菌,,,,,,,no_image
139157,Coccomyces multangularis,多角齿裂菌,,,,,,,no_image
30500,Coccus acutissimus,锐软蜡蚧,,,,,,,no_image
94268,Cochlianthus montanus,高山旋花豆,,,,,,,no_image
94269,Cocos nucifera,椰子,,,,,,,no_image
94331,Codonopsis lanceolata,羊乳,,,,,,,no_image
94284,Codium formosanum,台湾松藻,,,,,,,no_image
94305,Codonopsis bomiensis,波密党参,,,,,,,no_image
30530,Codrus brevipetiolatus,短柄肿额细蜂,,,,,,,no_image
30564,Coeliccia scutellum,截斑长腹扇蟌,,,,,,,no_image
30550,Codrus xuexini,学新肿额细蜂,,,,,,,no_image
18934,Coecobrya qinorum,,,,,,,,no_image
30584,Coelioxys decipiens,圆尾尖腹蜂,,,,,,,no_image
30604,Coelioxys ruficincta,红带尖腹蜂,,,,,,,no_image
94357,Coelogyne barbata,髯毛贝母兰,,,,,,,no_image
94377,Coelogyne prolifera,黄绿贝母兰,,,,,,,no_image
74742,Coelophrys micropa,小足腔蝠鱼,,,,,,,no_image
74772,Coelorinchus smithi,史氏腔吻鳕,,,,,,,no_image
12138,Coelotes obtusangulus,钝隙蛛,,,,,,,no_image
74752,Coelorinchus divergens,广布腔吻鳕,,,,,,,no_image
12282,Coelotes everesti,珠峰隙蛛,,,,,,,no_image
12110,Coelotes wangi,王氏隙蛛,,,,,,,no_image
136780,Coenogonium usambarense,,,,,,,,no_image
5563,Coenobita rugosus,灰白陆寄居蟹,,,,,,,no_image
30730,Coenosia doryponosa,矛秽蝇,,,,,,,no_image
30689,Coenonympha sunbecca,绿斑珍眼蝶,,,,,,,no_image
30750,Coenosia guizhouensis,贵州秽蝇,,,,,,,no_image
30710,Coenosia brevimana,短跗秽蝇,,,,,,,no_image
30790,Coenosia pulicaria,蚤秽蝇,,,,,,,no_image
30661,Coenonica parens,,,,,,,,no_image
30770,Coenosia mollicula,软毛秽蝇,,,,,,,no_image
30832,Cofana albida,白色可大叶蝉,,,,,,,no_image
30811,Coenosia sublacteipennis,似乳翅秽蝇,,,,,,,no_image
30881,Colastes alboapicalis,淡端异茧蜂,,,,,,,no_image
94397,Coix lacryma-jobi,薏苡,,,,,,,no_image
153084,Coleosporium bletiae,白及鞘锈菌,,,,,,,no_image
153104,Coleosporium eupatorii,泽兰鞘锈菌,,,,,,,no_image
30859,Colaspoides morimotoi,摩氏沟臀肖叶甲,,,,,,,no_image
153124,Coleosporium paederiae,牛皮冻鞘锈菌,,,,,,,no_image
94407,Coleus barbatus,毛喉鞘蕊花,,,,,,,no_image
153144,Coleosporium serratulae,麻花头鞘锈,,,,,,,no_image
30912,Colias felderi,菲儿豆粉蝶,,,,,,,no_image
30961,Colias tyche,兴安豆粉蝶,,,,,,,no_image
137088,Collema furfureolum,小鳞胶衣,,,,,,,no_image
137108,Collema shiroumanum,白山胶衣,,,,,,,no_image
141572,Colletotrichum chlorophyti,,,,,,,,no_image
141592,Colletotrichum griseum,,,,,,,,no_image
141612,Colletotrichum malvacearum,,,,,,,,no_image
141632,Colletotrichum simmondsii,,,,,,,,no_image
94421,Collinsiella cava,凹陷科氏藻,,,,,,,no_image
148410,Collybia alboflavida,,,,,,,,no_image
148430,Collybia lacerata,,,,,,,,no_image
148450,Collybia radicans,长根金钱菌,,,,,,,no_image
30977,Colobostema torulosa,珠角粪蚊,,,,,,,no_image
30984,Colocasiomyia longivalva,长瓣芋果蝇,,,,,,,no_image
94466,Cololejeunea lanciloba,狭瓣疣鳞苔,,,,,,,no_image
94446,Cololejeunea denticulata,细齿疣鳞苔,,,,,,,no_image
94486,Cololejeunea pseudoschmidtii,拟日本疣鳞苔,,,,,,,no_image
10294,Colopodacus lanceolatus,,,,,,,,no_image
94506,Cololejeunea truncatifolia,截叶小鳞苔,,,,,,,no_image
139171,Colpoma intermedium,居间弯壳菌,,,,,,,no_image
150076,Coltricia oblectabilis,悦目小集毛菌,,,,,,,no_image
150096,Coltriciella tasmanica,,,,,,,,no_image
94539,Colura corynephora,异瓣管叶苔,,,,,,,no_image
13145,Colyttus yiwui,毅武剑蛛,,,,,,,no_image
94564,Comastoma falcatum,镰萼喉毛花,,,,,,,no_image
94582,Combretum punctatum,盾鳞风车子,,,,,,,no_image
31012,Comibaena nigromacularia,紫斑绿尺蛾,,,,,,,no_image
31038,Comostola maculata,点线亚四目绿尺蛾,,,,,,,no_image
31057,Compsiluroides proboscis,喙拟腹寄蝇,,,,,,,no_image
94589,Commelina benghalensis,饭包草,,,,,,,no_image
31075,Comusia tokii,,,,,,,,no_image
31093,Concaveplana trifasciata,三带凹片叶蝉,,,,,,,no_image
5037,Conchodytes monodactylus,单指江瑶虾,,,,,,,no_image
31113,Condylostylus conspectus,署名毛瘤长足虻,,,,,,,no_image
31133,Condylostylus tenebrosus,黄腿毛瘤长足虻,,,,,,,no_image
31142,Conicera kempi,凯氏锥蚤蝇,,,,,,,no_image
155333,Conidiobolus lichenicola,,,,,,,,no_image
141508,Coniella granati,,,,,,,,no_image
31161,Coniocompsa truncata,截叉曲粉蛉,,,,,,,no_image
94632,Coniogramme sinensis,紫柄凤了蕨,,,,,,,no_image
31173,Coniopteryx guangxiana,广西粉蛉,,,,,,,no_image
31193,Conioscinella intrita,中间圆锥秆蝇,,,,,,,no_image
133392,Coniothyrium paulense,,,,,,,,no_image
31215,Conocephalus gladiatus,长瓣草螽,,,,,,,no_image
94647,Conioselinum smithii,辽藁本,,,,,,,no_image
145583,Conocybe antipoda,,,,,,,,no_image
145603,Conocybe ochracea,,,,,,,,no_image
31230,Cononedys trischidis,三叉秀蜂虻,,,,,,,no_image
31243,Conophymacris szechwanensis,四川拟裸蝗,,,,,,,no_image
31263,Conops opimus,壮眼蝇,,,,,,,no_image
10831,Conothele yundingensis,云鼎科诺蛛,,,,,,,no_image
31307,Cophinopoda chinensis,中华单羽食虫虻,,,,,,,no_image
147983,Coprinellus impatiens,,,,,,,,no_image
31286,Convexana fleura,曲突凸冠叶蝉,,,,,,,no_image
94670,Convolvulus xanthopotamicus,黄河旋花,,,,,,,no_image
145185,Coprinus fimetarius,绒鬼伞,,,,,,,no_image
148003,Coprinopsis pachysperma,,,,,,,,no_image
31327,Copidosoma serricorne,锯角多胚跳小蜂,,,,,,,no_image
145205,Coprinus neolagopus,,,,,,,,no_image
145225,Coprinus xanthothrix,,,,,,,,no_image
31352,Coprophilus chinensis,,,,,,,,no_image
139420,Coprotus uncinatus,钩粪裸盘菌,,,,,,,no_image
31372,Coproporus melanarius,,,,,,,,no_image
5117,Coralliocaris graminea,翠条珊瑚虾,,,,,,,no_image
31435,Coquillettidia richiardii,环跗轲蚊,,,,,,,no_image
31391,Coptops japonicus,,,,,,,,no_image
31415,Coptotermes guizhouensis,贵州乳白蚁,,,,,,,no_image
17436,Coralliophila rubrococcinea,红色珊瑚螺,,,,,,,no_image
94697,Corchorus trilocularis,三室黄麻,,,,,,,no_image
142245,Cordella johnstonii,,,,,,,,no_image
141793,Cordyceps henleyae,亨利虫草,,,,,,,no_image
141773,Cordyceps bassiana,球孢虫草,,,,,,,no_image
94705,Cordyloblaste confusa,南岭革瓣山矾,,,,,,,no_image
141813,Cordyceps polycarpica,多壳虫草,,,,,,,no_image
13756,Coreodrassus forficalus,剪韩掠蛛,,,,,,,no_image
94713,Corethrodendron krassnowii,帕米尔羊柴,,,,,,,no_image
94724,Coriaria napalensis,马桑,,,,,,,no_image
151202,Coriolus biformis,二型革盖菌,,,,,,,no_image
94733,Corispermum dutreuilii,粗喙虫实,,,,,,,no_image
94776,Cornus bretschneideri,沙梾,,,,,,,no_image
94757,Corispermum tibeticum,藏虫实,,,,,,,no_image
94806,Cornus schindleri,康定梾木,,,,,,,no_image
6228,Corophium monospinum,单刺蜾蠃蜚,,,,,,,no_image
149796,Corticium centrifugum,,,,,,,,no_image
3844,Coronaster volsellatus,座冠海星,,,,,,,no_image
145740,Cortinarius argentatus,银色丝膜菌,,,,,,,no_image
149816,Corticium salmonicolor,,,,,,,,no_image
145760,Cortinarius bulliardi,,,,,,,,no_image
145780,Cortinarius cinnabarinus,朱红丝膜菌,,,,,,,no_image
145800,Cortinarius decolorans,亚黄盖丝膜菌,,,,,,,no_image
145820,Cortinarius fulgens,光亮丝膜菌,,,,,,,no_image
145840,Cortinarius incisus,,,,,,,,no_image
145860,Cortinarius melleopallens,,,,,,,,no_image
145880,Cortinarius paleaceus,,,,,,,,no_image
145920,Cortinarius saniosus,,,,,,,,no_image
145900,Cortinarius puniceus,红丝膜菌,,,,,,,no_image
145940,Cortinarius sublatisporus,,,,,,,,no_image
145960,Cortinarius varius,白柄丝膜菌,,,,,,,no_image
94846,Corydalis appendiculata,小距紫堇,,,,,,,no_image
94826,Corybas sinii,铠兰,,,,,,,no_image
13147,Corusca falcata,镰状华美蛛,,,,,,,no_image
94868,Corydalis bulbilligera,巫溪紫堇,,,,,,,no_image
94893,Corydalis cheilosticta,斑花紫堇,,,,,,,no_image
94924,Corydalis delphinioides,飞燕黄堇,,,,,,,no_image
94966,Corydalis grandiflora,丹巴黄堇,,,,,,,no_image
94944,Corydalis feddeana,大海黄堇,,,,,,,no_image
94988,Corydalis hsiaowutaishanensis,五台山延胡索,,,,,,,no_image
95008,Corydalis kiautschouensis,胶州延胡索,,,,,,,no_image
95058,Corydalis madida,喜湿紫堇,,,,,,,no_image
95033,Corydalis lhorongensis,洛隆紫堇,,,,,,,no_image
95121,Corydalis procera,白花紫堇,,,,,,,no_image
95078,Corydalis myriophylla,富叶紫堇,,,,,,,no_image
95141,Corydalis pseudomucronata,长突尖紫堇,,,,,,,no_image
95101,Corydalis pachycentra,浪穹紫堇,,,,,,,no_image
95168,Corydalis rostellata,具喙黄堇,,,,,,,no_image
95239,Corydalis uvaria,圆根紫堇,,,,,,,no_image
95189,Corydalis sigmantha,甘南紫堇,,,,,,,no_image
95217,Corydalis tenuipes,细柄黄堇,,,,,,,no_image
95258,Corylopsis brevistyla,短柱蜡瓣花,,,,,,,no_image
133399,Corynespora cassiae,,,,,,,,no_image
95282,Corylus fargesii,披针叶榛,,,,,,,no_image
133439,Corynespora torulosa,,,,,,,,no_image
133419,Corynespora litseae,,,,,,,,no_image
31524,Corynoneura edwardsi,爱德华棒脉摇蚊,,,,,,,no_image
74875,Coryphaenoides rudis,野突吻鳕,,,,,,,no_image
31564,Corynoptera praedentata,前齿翼眼蕈蚊,,,,,,,no_image
31544,Corynoptera captiosa,伪翼眼蕈蚊,,,,,,,no_image
11535,Coscinida conica,圆锥格蛛,,,,,,,no_image
31611,Cosmococcus albizziae,合欢雕盘蚧,,,,,,,no_image
10291,Cosella speciosae,,,,,,,,no_image
31599,Cosmia restituta,白斑兜夜蛾,,,,,,,no_image
95325,Cotoneaster atrovirens,黑绿栒子,,,,,,,no_image
142019,Cosmospora purpureocolla,,,,,,,,no_image
95355,Cotoneaster decandrus,十蕊栒子,,,,,,,no_image
31640,Cothornobata fusca,黄褐云瘦足蝇,,,,,,,no_image
95383,Cotoneaster harrovianus,蒙自栒子,,,,,,,no_image
95410,Cotoneaster latifolius,宽叶栒子,,,,,,,no_image
95468,Cotoneaster submultiflorus,毛叶水栒子,,,,,,,no_image
95494,Courtoisina cyperoides,翅鳞莎,,,,,,,no_image
95440,Cotoneaster pannosus,毡毛栒子,,,,,,,no_image
95488,Cotoneaster yulingkongensis,榆林宫栒子,,,,,,,no_image
95511,Craigia kwangsiensis,桂滇桐,,,,,,,no_image
95517,Craspedolobium unijugum,巴豆藤,,,,,,,no_image
95516,Craniotome furcata,簇序草,,,,,,,no_image
12741,Crassignatha yinzhi,縯直糙胸蛛,,,,,,,no_image
12727,Crassignatha baihua,百花糙胸蛛,,,,,,,no_image
149742,Craterellus aureus,金黄喇叭菌,,,,,,,no_image
95526,Crataegus cuneata,野山楂,,,,,,,no_image
95572,Crawfurdia pricei,福建蔓龙胆,,,,,,,no_image
95594,Cremanthodium calcicola,长鞘垂头菊,,,,,,,no_image
31695,Cratilla lineata,,,,,,,,no_image
95643,Cremanthodium nobile,壮观垂头菊,,,,,,,no_image
95618,Cremanthodium goringense,西藏垂头菊,,,,,,,no_image
95666,Cremanthodium sino-oblongatum,铲叶垂头菊,,,,,,,no_image
95702,Crepidium biauritum,二耳沼兰,,,,,,,no_image
31708,Cremnops hedini,贺氏长喙茧蜂,,,,,,,no_image
95735,Crepis coreana,宽叶还阳参,,,,,,,no_image
146032,Crepidotus nephrodes,肾形靴耳,,,,,,,no_image
152018,Creolophus corrugatum,,,,,,,,no_image
95754,Crescentia alata,叉叶木,,,,,,,no_image
74904,Cricetulus barabensis,黑线仓鼠,,,,,,,no_image
146012,Crepidotus caspari,,,,,,,,no_image
95721,Crepidomanes kurzii,柯氏假脉蕨,,,,,,,no_image
31748,Cricotopus pretorianus,首基环足摇蚊,,,,,,,no_image
147101,Crinipellis campanella,,,,,,,,no_image
31770,Criorhina formosana,台湾皮毛蚜蝇,,,,,,,no_image
142737,Crocicreas cyathoideum,杯状胶被盘菌,,,,,,,no_image
19234,Crossodonthina hainana,,,,,,,,no_image
74925,Crocodylus porosus,湾鳄,,,,,,,no_image
31798,Croesia lutescentis,黄色弧翅卷蛾,,,,,,,no_image
31806,Crosita clementzae,宽距秃跗叶甲,,,,,,,no_image
74940,Crossorhombus kobensis,高本缨鲆,,,,,,,no_image
95788,Crotalaria incana,圆叶猪屎豆,,,,,,,no_image
95840,Croton hancei,香港巴豆,,,,,,,no_image
95818,Crotalaria spectabilis,大托叶猪屎豆,,,,,,,no_image
31820,Crovettia liangshanensis,凉山直脉螯蜂,,,,,,,no_image
31825,Crumomyia nipponica,日本硕小粪蝇,,,,,,,no_image
16147,Cryptocorypha ornata,,,,,,,,no_image
31849,Crypteria luteipennis,黄隐大蚊,,,,,,,no_image
31838,Cryphia ochsi,欧藓夜蛾,,,,,,,no_image
31855,Cryptochetum deltatum,三角隐芒蝇,,,,,,,no_image
95892,Cryptocarya maculata,斑果厚壳桂,,,,,,,no_image
5669,Cryptonatica huanghaiensis,黄海隐玉螺,,,,,,,no_image
4078,Cryptodromiopsis plumosa,羽毛仿隐绵蟹,,,,,,,no_image
31872,Cryptochironomus rostratus,喙隐摇蚊,,,,,,,no_image
31891,Cryptophlebia ombrodelta,荔枝异形小卷蛾,,,,,,,no_image
6344,Cryptopecten vesiculosus,泡隐扇贝,,,,,,,no_image
31936,Cteipolia sacelli,梳冬夜蛾,,,,,,,no_image
151210,Cryptoporus sinensis,中华隐孔菌,,,,,,,no_image
31917,Cryptoserphus minithyridium,小疤隐颚细蜂,,,,,,,no_image
95945,Ctenitis guidianensis,桂滇肋毛蕨,,,,,,,no_image
5862,Ctenoides lischke,李氏栉锉蛤,,,,,,,no_image
31947,Ctenochauliodes meridionalis,南方栉鱼蛉,,,,,,,no_image
31929,Cryptotermes domesticus,截头堆砂白蚁,,,,,,,no_image
31976,Ctenophthalmus eothenomus,绒鼠栉眼蚤,,,,,,,no_image
32000,Ctenophyllus armatus,装甲栉叶蚤,,,,,,,no_image
32021,Ctenothrips kwanzanensis,开山梳蓟马,,,,,,,no_image
32032,Cucullia artemisiae,嗜蒿冬夜蛾,,,,,,,no_image
95955,Cucumis melo,甜瓜,,,,,,,no_image
139035,Cudoniella tenuispora,,,,,,,,no_image
32083,Culex bengalensis,孟加拉库蚊,,,,,,,no_image
32052,Cucullia nigrifascia,黑条冬夜蛾,,,,,,,no_image
32103,Culex huangae,黄氏库蚊,,,,,,,no_image
155353,Culicicola culicis,,,,,,,,no_image
32144,Culex spiculostylus,刺端库蚊,,,,,,,no_image
32123,Culex okinawae,冲绳库蚊,,,,,,,no_image
32217,Culicoides dentiformis,齿纹库蠓,,,,,,,no_image
32197,Culicoides chengduensis,成都库蠓,,,,,,,no_image
32177,Culicoides aterinervis,黑脉库蠓,,,,,,,no_image
32257,Culicoides hainanensis,海南库蠓,,,,,,,no_image
32237,Culicoides flavescens,黄胸库蠓,,,,,,,no_image
32297,Culicoides kongmiaoensis,孔庙库蠓,,,,,,,no_image
32277,Culicoides imicola,残肢库蠓,,,,,,,no_image
32337,Culicoides marinus,滨海库蠓,,,,,,,no_image
32317,Culicoides lochmocola,林栖库蠓,,,,,,,no_image
32357,Culicoides musajevi,墨洒库蠓,,,,,,,no_image
32377,Culicoides orestes,山栖库蠓,,,,,,,no_image
32417,Culicoides rarus,稀见库蠓,,,,,,,no_image
32397,Culicoides pictipennis,色茎库蠓,,,,,,,no_image
32437,Culicoides simulator,仿似库蠓,,,,,,,no_image
32457,Culicoides suspectus,疑库蠓,,,,,,,no_image
32520,Cunedda albibanda,白斑楔叶蝉,,,,,,,no_image
155921,Cunninghamella mandshurica,,,,,,,,no_image
4789,Cultellus attenuatus,小刀蛏,,,,,,,no_image
32477,Culicoides toyamaruae,泊地库蠓,,,,,,,no_image
32497,Culicoides yamii,雅美库蠓,,,,,,,no_image
74996,Cuora yunnanensis,云南闭壳龟,,,,,,,no_image
95982,Cupressus fallax,剑阁柏木,,,,,,,no_image
75003,Curruca curruca,白喉林莺,,,,,,,no_image
96000,Curcuma gulinqingensis,古林箐姜黄,,,,,,,no_image
134055,Curvularia crassiseptum,,,,,,,,no_image
32549,Cyana alborosea,白玫雪苔蛾,,,,,,,no_image
2051,Cuspidaria corrugata,皱纹杓蛤,,,,,,,no_image
32570,Cyana gelida,凝雪苔蛾,,,,,,,no_image
96073,Cyathophorum spinosum,雉尾藓,,,,,,,no_image
134075,Curvularia subpallescens,,,,,,,,no_image
32590,Cyanagapanthia bicolor,,,,,,,,no_image
7647,Cyanea ferruginea,棕色霞水母,,,,,,,no_image
7073,Cyathelia axillaries,腋下杯状珊瑚,,,,,,,no_image
142782,Cyathus montagnei,,,,,,,,no_image
142762,Cyathus cornucopioides,角状黑蛋巢,,,,,,,no_image
3801,Cycladicama lunaris,月形圆蛤,,,,,,,no_image
142802,Cyathus triplex,,,,,,,,no_image
96091,Cycas multifrondis,多羽叉叶苏铁,,,,,,,no_image
96120,Cyclea tonkinensis,南轮环藤,,,,,,,no_image
96126,Cyclocodon celebicus,小叶轮钟草,,,,,,,no_image
96130,Cyclogramma auriculata,耳羽钩毛蕨,,,,,,,no_image
150110,Cyclomyces tabacinus,,,,,,,,no_image
11060,Cyclosa cylindrata,柱艾蛛,,,,,,,no_image
96191,Cyclosorus scaberulus,糙叶毛蕨,,,,,,,no_image
96151,Cyclosorus caii,多耳毛蕨,,,,,,,no_image
96171,Cyclosorus latipinnus,宽羽毛蕨,,,,,,,no_image
75051,Cygnus cygnus,大天鹅,,,,,,,no_image
11157,Cyclosa pentatuberculata,五突艾蛛,,,,,,,no_image
32633,Cylindrepomus viridipennis,,,,,,,,no_image
75046,Cyclothone obscura,暗圆罩鱼,,,,,,,no_image
96210,Cylindrolobus cristatus,鸡冠柱兰,,,,,,,no_image
32648,Cylindromyia umbripennis,暗翅筒腹寄蝇,,,,,,,no_image
32660,Cylindrotoma taiwania,台湾烛大蚊,,,,,,,no_image
8574,Cymatium caudtum,尾嵌线螺,,,,,,,no_image
8592,Cymatium pileare,毛嵌线螺,,,,,,,no_image
75055,Cymbacephalus nematophthalmus,孔鲬,,,,,,,no_image
96263,Cymbidium micranthum,细花兰,,,,,,,no_image
96243,Cymbidium elegans,莎草兰,,,,,,,no_image
96221,Cymbidium ×,红唇独占春,,,,,,,no_image
96307,Cymbopogon pospischilii,喜马拉雅香茅,,,,,,,no_image
8463,Cymothoa pulchrum,美丽缩头水虱,,,,,,,no_image
75085,Cynops chuxiongensis,楚雄蝾螈,,,,,,,no_image
75108,Cyornis rubeculoides,蓝喉仙鹟,,,,,,,no_image
96359,Cynanchum rostellatum,萝藦,,,,,,,no_image
96383,Cynoglossum formosanum,台湾琉璃草,,,,,,,no_image
75068,Cynoglossus macrolepidotus,巨鳞舌鳎,,,,,,,no_image
96337,Cynanchum giraldii,峨眉牛皮消,,,,,,,no_image
96407,Cyperus cyperoides,砖子苗,,,,,,,no_image
96434,Cyperus iria,碎米莎草,,,,,,,no_image
96458,Cyperus polystachyos,多枝扁莎,,,,,,,no_image
32692,Cyphomyia albopilosa,白毛长鞭水虻,,,,,,,no_image
32688,Cyphanta chortochroa,褐斑绿舟蛾,,,,,,,no_image
75117,Cyprinus acutidorsalis,尖鳍鲤,,,,,,,no_image
96487,Cypripedium cordigerum,白唇杓兰,,,,,,,no_image
96507,Cypripedium margaritaceum,斑叶杓兰,,,,,,,no_image
75137,Cypselurus oligolepis,少鳞燕鳐鱼,,,,,,,no_image
32709,Cyrestis themire,黑缘丝蛱蝶,,,,,,,no_image
6577,Cyrtechinus verruculatus,疣篮海胆,,,,,,,no_image
32730,Cyrtacanthacris tatarica,塔达刺胸蝗,,,,,,,no_image
75143,Cyrtodactylus caixitaoi,蔡氏裸趾虎,,,,,,,no_image
96544,Cyrtomium fortunei,贯众,,,,,,,no_image
96564,Cyrtomium tukusicola,齿盖贯众,,,,,,,no_image
32752,Cyrtogaster decora,华茜金小蜂,,,,,,,no_image
11023,Cyrtophora exanthematica,花云斑蛛,,,,,,,no_image
145240,Cystoderma rugosoreticulatum,,,,,,,,no_image
96577,Cystopteris fragilis,冷蕨,,,,,,,no_image
96573,Cyrtosia taiwanica,台湾肉果兰,,,,,,,no_image
4221,Cytharopsis butonensis,波顿胞螺,,,,,,,no_image
141520,Cytospora halimodendri,,,,,,,,no_image
96591,Dacrydium pectinatum,陆均松,,,,,,,no_image
141540,Cytospora salicis,,,,,,,,no_image
150844,Dacryobolus sudans,苏丹耳壳菌,,,,,,,no_image
139504,Dactylella yoaniae,,,,,,,,no_image
32798,Dactylispa chinensis,中华叉趾铁甲,,,,,,,no_image
142816,Dactylaria obscuriseptata,,,,,,,,no_image
96600,Dactylicapnos schneideri,粗茎紫金龙,,,,,,,no_image
32842,Dactylispa parbatya,膨端叉趾铁甲,,,,,,,no_image
32822,Dactylispa kambaitica,滇西叉趾铁甲,,,,,,,no_image
32864,Dactylispa sjostedti,竹趾铁甲,,,,,,,no_image
8345,Dactylokepon caribaeus,加勒比指突鳃虱,,,,,,,no_image
150873,Daedalea berkeleyi,,,,,,,,no_image
96617,Dalbergia changhuagensis,昌化黄檀,,,,,,,no_image
96637,Dalbergia sericea,毛叶黄檀,,,,,,,no_image
5803,Dactylosaster cylindricus,圆腕筒海星,,,,,,,no_image
8893,Damaeus yaoi,姚氏珠甲螨,,,,,,,no_image
32943,Dangerfield zhejiangensis,浙江南折茧蜂,,,,,,,no_image
6754,Daldorfia horrida,糙壳蚀菱蟹,,,,,,,no_image
32931,Damalis vitripennis,亮翅阔头食虫虻,,,,,,,no_image
4194,Daphnella semivaricosa,半脊桂螺,,,,,,,no_image
96722,Daphne sureil,头序瑞香,,,,,,,no_image
96673,Daphne bholua,藏东瑞香,,,,,,,no_image
96699,Daphne leishanensis,雷山瑞香,,,,,,,no_image
96741,Daphniphyllum peltatum,盾叶虎皮楠,,,,,,,no_image
32965,Daseuplexia lageniformis,中褐剑冬夜蛾,,,,,,,no_image
5215,Dardanus lagopodes,兔足真寄居蟹,,,,,,,no_image
15762,Dasonguis spatulatus,匙状宋氏少足,,,,,,,no_image
5042,Dasycaris symbiotes,共生尖腹虾,,,,,,,no_image
33032,Dasyhelea cirrata,卷曲毛蠓,,,,,,,no_image
33012,Dasyhelea arrhena,粗茎毛蠓,,,,,,,no_image
96755,Dasycladus vermicularis,蠕形绒枝藻,,,,,,,no_image
33052,Dasyhelea dufouri,杜复毛蠓,,,,,,,no_image
33072,Dasyhelea fornicata,拱带毛蠓,,,,,,,no_image
33112,Dasyhelea mangshi,芒市毛蠓,,,,,,,no_image
33092,Dasyhelea infula,带状毛蠓,,,,,,,no_image
33203,Dasypoda sichuanensis,四川毛足蜂,,,,,,,no_image
96761,Dasymaschalon tibetense,西藏皂帽花,,,,,,,no_image
33132,Dasyhelea pallidiscutellata,淡盾毛蠓,,,,,,,no_image
33152,Dasyhelea shaoshana,韶山毛蠓,,,,,,,no_image
33172,Dasyhelea triaina,三尖毛蠓,,,,,,,no_image
138564,Dasyscyphus flavidulus,,,,,,,,no_image
138584,Dasyscyphus patenus,,,,,,,,no_image
138544,Dasyscyphus agassizii,大毛钉菌,,,,,,,no_image
96773,Davallia divaricata,大叶骨碎补,,,,,,,no_image
33219,Dasysyrphus lituiformis,喇形毛蚜蝇,,,,,,,no_image
33238,Davidius delineatus,细纹戴春蜓,,,,,,,no_image
96790,Debregeasia elliptica,椭圆叶水麻,,,,,,,no_image
15739,Decapauropus crassescens,棒形十别少足,,,,,,,no_image
33258,Decma nigrovertex,黑顶异涤螽,,,,,,,no_image
155348,Delacroixia coronata,,,,,,,,no_image
75194,Decapterus russelli,罗氏圆鲹,,,,,,,no_image
148119,Deflexula lilaceobrunnea,褐丁香紫龙爪菌,,,,,,,no_image
33272,Deinopsis erosa,,,,,,,,no_image
33301,Delia bacilligera,杆突地种蝇,,,,,,,no_image
33321,Delia felsicanalis,伪沟跗地种蝇,,,,,,,no_image
33341,Delia latissima,宽额麦地种蝇,,,,,,,no_image
33381,Delia setigera,拟毛股地种蝇,,,,,,,no_image
33361,Delia pansihirta,泛毛地种蝇,,,,,,,no_image
96826,Delonix regia,凤凰木,,,,,,,no_image
33405,Delias belladonna,艳妇斑粉蝶,,,,,,,no_image
96851,Delphinium buerjinense,布尔津翠雀花,,,,,,,no_image
96918,Delphinium gongliuense,巩留翠雀花,,,,,,,no_image
96885,Delphinium daochengense,稻城翠雀花,,,,,,,no_image
97035,Delphinium pseudocyananthum,假深蓝翠雀花,,,,,,,no_image
96980,Delphinium likiangense,丽江翠雀花,,,,,,,no_image
97090,Delphinium tetragynum,四果翠雀花,,,,,,,no_image
97062,Delphinium sherriffii,米林翠雀花,,,,,,,no_image
96950,Delphinium incisolobulatum,缺刻翠雀花,,,,,,,no_image
97001,Delphinium naviculare,船苞翠雀花,,,,,,,no_image
8061,Deltocyathus murrayi,薄壳角杯珊瑚,,,,,,,no_image
97122,Delphinium wuqiaense,乌恰翠雀花,,,,,,,no_image
208,Demania scaberrima,粗糙鳞斑蟹,,,,,,,no_image
33488,Demonax fugongensis,,,,,,,,no_image
33468,Demonax alcanor,,,,,,,,no_image
33551,Demonax siccus,,,,,,,,no_image
33531,Demonax probus,,,,,,,,no_image
33508,Demonax literatus,,,,,,,,no_image
33571,Demoticoides pallidus,白拟解寄蝇,,,,,,,no_image
33591,Demotina serriventris,锯腹茶肖叶甲,,,,,,,no_image
97160,Dendrobium denneanum,叠鞘石斛,,,,,,,no_image
97140,Dendrobium aduncum,钩状石斛,,,,,,,no_image
97180,Dendrobium henanense,河南石斛,,,,,,,no_image
97200,Dendrobium luoi,罗氏石斛,,,,,,,no_image
97223,Dendrobium sinense,华石斛,,,,,,,no_image
97243,Dendrobium zhenghuoense,政和石斛,,,,,,,no_image
97290,Dendrocalamus yunnanicus,云南龙竹,,,,,,,no_image
97267,Dendrocalamus menglongensis,勐龙牡竹,,,,,,,no_image
75230,Dendrocopos darjellensis,黄颈啄木鸟,,,,,,,no_image
33601,Dendroleon motuoensis,墨脱树蚁蛉,,,,,,,no_image
33626,Dendrolimus rubripennis,火地松毛虫,,,,,,,no_image
152044,Dendrophora albobadia,,,,,,,,no_image
33640,Dendrothripoides poni,矛鬃背刺蓟马,,,,,,,no_image
12661,Dendrolycosa songi,宋氏树盗蛛,,,,,,,no_image
13223,Dendryphantes yadongensis,亚东追蛛,,,,,,,no_image
8784,Dentalium variabile,可变角贝,,,,,,,no_image
152024,Dentipellis taiwaniana,,,,,,,,no_image
97360,Deparia confusa,陕甘介蕨,,,,,,,no_image
97386,Deparia liangshanensis,凉山蛾眉蕨,,,,,,,no_image
97415,Deparia truncata,截头蛾眉蕨,,,,,,,no_image
33709,Deraeocoris tibetanus,西藏齿爪盲蝽,,,,,,,no_image
33689,Deraeocoris majesticus,雅齿爪盲蝽,,,,,,,no_image
33669,Deraeocoris aphidicidus,环足齿爪盲蝽,,,,,,,no_image
33734,Dericorys annulata,,,,,,,,no_image
142833,Dermatodothis javanica,,,,,,,,no_image
33751,Derolus volvulus,,,,,,,,no_image
145619,Descolea flavoannulata,黄环鳞伞,,,,,,,no_image
97439,Derris entadoides,榼藤子鱼藤,,,,,,,no_image
97478,Desmodium velutinum,,,,,,,,no_image
18783,Desoria imparidentata,,,,,,,,no_image
97494,Deutzia cinerascens,灰叶溲疏,,,,,,,no_image
97522,Deutzia mollis,钻丝溲疏,,,,,,,no_image
97549,Deutzia taiwanensis,台湾溲疏,,,,,,,no_image
33795,Dexia divergens,多形长足寄蝇,,,,,,,no_image
33815,Dexiosoma nigricorne,黑角颊寄蝇,,,,,,,no_image
97580,Deyeuxia rosea,玫红野青茅,,,,,,,no_image
33830,Diadocidia sevciki,瑟氏张翅菌蚊,,,,,,,no_image
75268,Diancistrus fuscus,暗色猎神深鳚,,,,,,,no_image
97560,Deyeuxia flaccida,柔弱野青茅,,,,,,,no_image
33844,Dialysis pallens,黄胸芒角臭虻,,,,,,,no_image
33881,Dianous banghaasi,,,,,,,,no_image
33903,Dianous cupreoviolaceus,,,,,,,,no_image
33946,Dianous meo,,,,,,,,no_image
33923,Dianous gonggamontis,,,,,,,,no_image
97596,Dianthus barbatus,须苞石竹,,,,,,,no_image
33966,Dianous schuelkei,,,,,,,,no_image
34039,Diaphorus nanpingensis,南坪异长足虻,,,,,,,no_image
33986,Dianous versicolor,,,,,,,,no_image
75275,Diaphus coeruleus,蓝光眶灯鱼,,,,,,,no_image
97621,Diapensia himalaica,喜马拉雅岩梅,,,,,,,no_image
34019,Diaphorus dioicus,房异长足虻,,,,,,,no_image
75295,Diaphus signatus,后光眶灯鱼,,,,,,,no_image
141354,Diaporthe pardalota,,,,,,,,no_image
34062,Diarsia beckeri,贝歹夜蛾,,,,,,,no_image
34085,Diarsia hypographa,艺歹夜蛾,,,,,,,no_image
142836,Dicellaesporites disphaericus,,,,,,,,no_image
97630,Diarthron tianschanicum,天山假狼毒,,,,,,,no_image
97632,Dicercoclados triplinervis,歧笔菊,,,,,,,no_image
144525,Diatrypella favacea,,,,,,,,no_image
34121,Dibrachys microgastri,黑青金小蜂,,,,,,,no_image
34147,Dichaetomyia jianfenglingensis,尖峰岭重毫蝇,,,,,,,no_image
34167,Dichaetophora alticola,高山双鬃果蝇,,,,,,,no_image
34187,Dichaetophora yeren,野人双鬃果蝇,,,,,,,no_image
34190,Dichopygina nigrohalteralis,黑棒裂眼蕈蚊,,,,,,,no_image
97651,Dichocarpum sutchuenense,人字果,,,,,,,no_image
97678,Dicliptera bupleuroides,印度狗肝菜,,,,,,,no_image
97708,Dicranodontium uncinatum,钩叶青毛藓,,,,,,,no_image
97673,Dichrocephala integrifolia,鱼眼草,,,,,,,no_image
34228,Dicranomyia curtivena,短脉细大蚊,,,,,,,no_image
97694,Dicranella palustris,粗叶异毛藓,,,,,,,no_image
34248,Dicranomyia koxinga,郑氏细大蚊,,,,,,,no_image
97716,Dicranopteris ampla,大芒萁,,,,,,,no_image
34288,Dicranomyia unibrunnea,褐细大蚊,,,,,,,no_image
34268,Dicranomyia rectidens,齿细大蚊,,,,,,,no_image
34311,Dicranosepsis hamata,转突二叉鼓翅蝇,,,,,,,no_image
34327,Dicranota fumicostata,烟翅叉大蚊,,,,,,,no_image
97756,Dicranum polysetum,波叶曲尾藓,,,,,,,no_image
97736,Dicranum flagellare,鞭枝直毛藓,,,,,,,no_image
34355,Dictenidia luteicostalis,,,,,,,,no_image
34344,Dicrotendipes nudus,光裸二叉摇蚊,,,,,,,no_image
13572,Dictyna zhangmuensis,樟木卷叶蛛,,,,,,,no_image
133470,Dictyosporium tetraseriale,,,,,,,,no_image
147330,Dictyopanus subpulverulentus,粉状网孔菌,,,,,,,no_image
34377,Dicyphus longicomis,长角显胝盲蝽,,,,,,,no_image
133450,Dictyosporium binatum,,,,,,,,no_image
97785,Didymocarpus janakiae,错那长蒴苣苔,,,,,,,no_image
6171,Didontoglossa decoratoides,饰球舌螺,,,,,,,no_image
97851,Didymoglossum sublimbatum,单叶假脉蕨,,,,,,,no_image
97807,Didymocarpus zhufengensis,珠峰长蒴苣苔,,,,,,,no_image
154586,Didymopsorella toddaliae,飞龙掌血胶双胞锈菌,,,,,,,no_image
97829,Didymodon johansenii,梭尖对齿藓,,,,,,,no_image
97868,Dienia cylindrostachya,筒穗无耳沼兰,,,,,,,no_image
34421,Diglyphus albiscapus,白柄潜蝇姬小蜂,,,,,,,no_image
97873,Digitalis lanata,狭叶毛地黄,,,,,,,no_image
97895,Digitaria stewartiana,昆仑马唐,,,,,,,no_image
34461,Dilar wuyianus,武夷栉角蛉,,,,,,,no_image
34441,Dilar hastatus,长刺栉角蛉,,,,,,,no_image
34474,Dilophus nigrivenatus,黑脉棘毛蚊,,,,,,,no_image
97920,Dimeria parva,小雁茅,,,,,,,no_image
97929,Dimocarpus yunnanensis,滇龙眼,,,,,,,no_image
34529,Dinera similis,似迪内寄蝇,,,,,,,no_image
142875,Dinemasporium neottiosporioides,,,,,,,,no_image
34560,Dinotiscus aponius,大痣小蠹狄金小蜂,,,,,,,no_image
34496,Dindica taiwana,台湾峰尺蛾,,,,,,,no_image
34539,Dinoptera chrysomelina,,,,,,,,no_image
34596,Diopsis chinica,中国突眼蝇,,,,,,,no_image
5205,Diogener rectmanus,直螯活额寄居蟹,,,,,,,no_image
34580,Dioclerus thailandensis,泰榕盲蝽,,,,,,,no_image
98026,Diospyros daweishanensis,大围山柿,,,,,,,no_image
97976,Dioscorea hispida,白薯莨,,,,,,,no_image
98006,Dioscorea tenuipes,细柄薯蓣,,,,,,,no_image
98048,Diospyros kotoensis,兰屿柿,,,,,,,no_image
97946,Dioscorea bicolor,尖头果薯蓣,,,,,,,no_image
98070,Diospyros saxatilis,石山柿,,,,,,,no_image
34600,Diostracus brevabdominalis,短腹巨口长足虻,,,,,,,no_image
34620,Diostracus wolongensis,卧龙巨口长足虻,,,,,,,no_image
75360,Diplacanthopoma japonicus,日本双棘鼬鳚,,,,,,,no_image
34647,Diplatys reconditus,隐丝尾螋,,,,,,,no_image
14920,Diphya okumae,大熊双胜蛛,,,,,,,no_image
7686,Diphasia dubia,特异双唇螅,,,,,,,no_image
98156,Diplazium jinfoshanicola,金佛山短肠蕨,,,,,,,no_image
98182,Diplazium nanchuanicum,南川短肠蕨,,,,,,,no_image
98131,Diplazium crassiusculum,厚叶双盖蕨,,,,,,,no_image
98117,Diplazium ×,中日短肠蕨,,,,,,,no_image
98206,Diplazium spectabile,密果短肠蕨,,,,,,,no_image
98234,Diplocyclos palmatus,毒瓜,,,,,,,no_image
75380,Diploderma jiulongense,九龙攀蜥,,,,,,,no_image
131808,Diplodia sophorae,,,,,,,,no_image
98255,Diplopterygium maximum,绿里白,,,,,,,no_image
17706,Diplommatina sculptilis,思卡尔倍唇螺,,,,,,,no_image
75411,Diplophos pacificus,太平洋双光鱼,,,,,,,no_image
75400,Diploderma varcoae,昆明攀蜥,,,,,,,no_image
11795,Dipoena complexa,繁复圆腹蛛,,,,,,,no_image
15618,Diplotemnus balcanicus,大双伪蝎,,,,,,,no_image
11448,Dipoenura cyclosoides,旋转后丘蛛,,,,,,,no_image
142899,Diporisporites incurvus,,,,,,,,no_image
9771,Diptacus platycarya,,,,,,,,no_image
9850,Diptacus camptothecae,,,,,,,,no_image
98279,Dipterocarpus turbinatus,羯布罗香,,,,,,,no_image
9749,Diptilomiopus perfectus,,,,,,,,no_image
9868,Diptilomiopus cuminis,,,,,,,,no_image
75429,Diretmus argenteus,银眼鲷,,,,,,,no_image
98285,Dischidanthus urceolatus,马兰藤,,,,,,,no_image
139694,Discina venosa,多筋亚盘菌,,,,,,,no_image
3730,Discoplax hirtipes,毛足扁盘蟹,,,,,,,no_image
34707,Discodes shenyangensis,沈阳点刻跳小蜂,,,,,,,no_image
132257,Dissoconium proteae,,,,,,,,no_image
10539,Disella octcella,,,,,,,,no_image
98304,Disporum acuminatissimum,尖被万寿竹,,,,,,,no_image
34739,Distenia shennongjiaensis,,,,,,,,no_image
98357,Distyliopsis tutcheri,钝叶假蚊母,,,,,,,no_image
98346,Distichophyllum obtusifolium,钝尖黄藓,,,,,,,no_image
34750,Distoleon dirus,迪距蚁蛉,,,,,,,no_image
34764,Ditrichophora fusca,棕色寡毛水蝇,,,,,,,no_image
34771,Ditrigona chama,后四白钩蛾,,,,,,,no_image
34797,Ditrigona pomenaria,银条白钩蛾,,,,,,,no_image
155577,Diversispora epigaea,地表多样孢囊霉,,,,,,,no_image
34829,Djalmabatista reidi,瑞氏虹彩摇蚊,,,,,,,no_image
98392,Docynia indica,多依,,,,,,,no_image
34872,Dohrniphora capillaris,细齿栓蚤蝇,,,,,,,no_image
34840,Docirava aequilineata,斜线盗尺蛾,,,,,,,no_image
34892,Dohrniphora rectangularis,直角栓蚤蝇,,,,,,,no_image
5936,Dolicheremaeus infrequens,下隐甲螨台湾亚种,,,,,,,no_image
34957,Dolichopeza shirakiella,双色山纤足大蚊,,,,,,,no_image
34925,Dolichocoxys unisetus,单鬃长腹寄蝇,,,,,,,no_image
34937,Dolichopeza fabella,均色裸纤足大蚊,,,,,,,no_image
34976,Dolichopus aubertini,斑翅长足虻,,,,,,,no_image
35016,Dolichopus reichardti,隐胝长足虻,,,,,,,no_image
34996,Dolichopus jaxarticus,黄鬃长足虻,,,,,,,no_image
35036,Dolichopus xinyuanus,新源长足虻,,,,,,,no_image
9920,Dolichotetranychus nanningensis,,,,,,,,no_image
12633,Dolomedes petalinus,瓣突狡蛛,,,,,,,no_image
16931,Dolichosaccus spinosa,多刺长囊吸虫,,,,,,,no_image
2730,Domiporta gloriole,细纱笔螺,,,,,,,no_image
35064,Dolophrades annulicornis,,,,,,,,no_image
35078,Domene firmicornis,,,,,,,,no_image
98436,Dontostemon micranthus,小花花旗杆,,,,,,,no_image
35104,Dorcadia dorcadia,狍长喙蚤,,,,,,,no_image
35136,Dorcadion tibiale,,,,,,,,no_image
35140,Dortus primarius,缅多盲蝽,,,,,,,no_image
397,Dosinia corrugata,薄片镜蛤,,,,,,,no_image
35152,Dorysthenes elegans,,,,,,,,no_image
132713,Dothistroma pini,,,,,,,,no_image
35182,Downesia strandi,红背平脊甲,,,,,,,no_image
98470,Draba elata,高茎葶苈,,,,,,,no_image
98490,Draba matangensis,马塘葶苈,,,,,,,no_image
98510,Draba subamplexicaulis,半抱茎葶苈,,,,,,,no_image
35216,Drabescus notatus,斑胫槽叶蝉,,,,,,,no_image
35196,Drabescus bilaminatus,双瓣胫槽叶蝉,,,,,,,no_image
98527,Dracocephalum argunense,光萼青兰,,,,,,,no_image
98548,Dracocephalum palmatoides,掌叶青兰,,,,,,,no_image
12264,Draconarius adnatus,连龙隙蛛,,,,,,,no_image
12340,Draconarius infulatus,带纹龙隙蛛,,,,,,,no_image
12313,Draconarius cavernalis,洞穴龙隙蛛,,,,,,,no_image
12215,Draconarius dubius,特龙隙蛛,,,,,,,no_image
12379,Draconarius mikrommatos,小眼龙隙蛛,,,,,,,no_image
12480,Draconarius sichuanensis,四川龙隙蛛,,,,,,,no_image
12297,Draconarius terebratus,孔龙隙蛛,,,,,,,no_image
12149,Draconarius penicillatus,笔状龙隙蛛,,,,,,,no_image
12276,Draconarius xishuiensis,习水龙隙蛛,,,,,,,no_image
14140,Drapetisca socialis,群居珑蛛,,,,,,,no_image
13813,Drassodes parauritus,拟耳状掠蛛,,,,,,,no_image
18068,Drawida dandongensis,丹东杜拉蚓,,,,,,,no_image
35236,Drasteria catocalis,塞妃夜蛾,,,,,,,no_image
134083,Drechslera ellisii,,,,,,,,no_image
35263,Drepanephora piliseta,微毛凹盾缟蝇,,,,,,,no_image
19066,Drepanura mongolica,,,,,,,,no_image
98599,Drepanolejeunea spicata,长角针鳞苔,,,,,,,no_image
35308,Drino parafacialis,邻狭颜赘寄蝇,,,,,,,no_image
35288,Drino densichaeta,密毛赘寄蝇,,,,,,,no_image
35335,Drosophila barbarae,泊果蝇,,,,,,,no_image
98623,Drosera serpens,蛇游茅膏菜,,,,,,,no_image
35355,Drosophila curviceps,弯头果蝇,,,,,,,no_image
35375,Drosophila glabra,光滑暗果蝇,,,,,,,no_image
35395,Drosophila kuntzei,昆茨氏果蝇,,,,,,,no_image
35415,Drosophila luguensis,泸沽湖暗果蝇,,,,,,,no_image
35436,Drosophila nigridentata,黑齿果蝇,,,,,,,no_image
35477,Drosophila ruberrimoides,拟红缝果蝇,,,,,,,no_image
35456,Drosophila perlucida,透茎果蝇,,,,,,,no_image
35519,Drosophila tsukubaensis,筑波果蝇,,,,,,,no_image
35497,Drosophila sui,苏氏果蝇,,,,,,,no_image
35547,Drusilla sparsa,,,,,,,,no_image
17320,Drupella cornus,角小核果螺,,,,,,,no_image
35603,Drymeia palpibrevis,短须胡蝇,,,,,,,no_image
35562,Drymeia brevipes,短足胡蝇,,,,,,,no_image
35582,Drymeia katepimeronipilosa,毛肋胡蝇,,,,,,,no_image
35623,Drymeia vicana,脱色胡蝇,,,,,,,no_image
98649,Drynaria tricuspis,戟蕨,,,,,,,no_image
98661,Dryopteris angustifrons,狭叶鳞毛蕨,,,,,,,no_image
98685,Dryopteris conjugata,连合鳞毛蕨,,,,,,,no_image
98709,Dryopteris fibrillosissima,近纤维鳞毛蕨,,,,,,,no_image
98749,Dryopteris lacera,狭顶鳞毛蕨,,,,,,,no_image
98729,Dryopteris hezhangensis,赫章鳞毛蕨,,,,,,,no_image
98769,Dryopteris nobilis,优雅鳞毛蕨,,,,,,,no_image
98791,Dryopteris redactopinnata,藏布鳞毛蕨,,,,,,,no_image
98813,Dryopteris sordidipes,落鳞鳞毛蕨,,,,,,,no_image
98833,Dryopteris thibetica,陇蜀鳞毛蕨,,,,,,,no_image
98855,Dryopteris yungtzeensis,永自鳞毛蕨,,,,,,,no_image
98871,Duabanga grandiflora,八宝树,,,,,,,no_image
35647,Ducetia borealis,北方条螽,,,,,,,no_image
35659,Dudusa synopla,联蕊舟蛾,,,,,,,no_image
98927,Dunbaria villosa,野扁豆,,,,,,,no_image
98934,Duthiea brachypodium,毛蕊草,,,,,,,no_image
98905,Dumasia prazeri,小花山黑豆,,,,,,,no_image
35675,Dymasius miser,,,,,,,,no_image
35698,Dysgonia palumba,柚巾夜蛾,,,,,,,no_image
35681,Dyrzela squamata,甲线迪夜蛾,,,,,,,no_image
35715,Dysodia ignita,霉黄后窗网蛾,,,,,,,no_image
35745,Dysstroma singularia,独涤尺蛾,,,,,,,no_image
35720,Dysphania militaris,豹尺蛾,,,,,,,no_image
98951,Dysosma xishuiensis,习水八角莲,,,,,,,no_image
151222,Earliella scabrosa,粗硬春孔菌,,,,,,,no_image
35766,Eakingdonella bayanharaensis,巴颜喀拉原金蝗,,,,,,,no_image
35804,Eccoptolonthus hongkongensis,,,,,,,,no_image
35794,Eboda cellerigera,圆角卷蛾,,,,,,,no_image
2313,Echinoecus pentagonus,五角海胆蟹,,,,,,,no_image
35817,Echidnophaga murina,鼠角头蚤,,,,,,,no_image
98977,Echinochloa caudata,长芒稗,,,,,,,no_image
136798,Echinoplaca pellicula,,,,,,,,no_image
35850,Ecliptopera furva,黑折线尺蛾,,,,,,,no_image
99009,Echinops tjanschanicus,天山蓝刺头,,,,,,,no_image
75532,Ecsenius namiyei,纳氏异齿鳚,,,,,,,no_image
99011,Echium vulgare,蓝蓟,,,,,,,no_image
35892,Edaphosoma impressicollis,,,,,,,,no_image
35912,Edaphus anmamontis,,,,,,,,no_image
35882,Ectophasia oblonga,长异颜寄蝇,,,,,,,no_image
99015,Ectropothecium buitenzorgi,偏蒴藓,,,,,,,no_image
35952,Edaphus mendosus,,,,,,,,no_image
35932,Edaphus forcipipenis,,,,,,,,no_image
35992,Edessena hamada,钩白肾夜蛾,,,,,,,no_image
35972,Edaphus rougemonti,,,,,,,,no_image
36000,Egesina bifasciana,,,,,,,,no_image
99045,Ehretia lengshuikengensis,冷水坑厚壳树,,,,,,,no_image
36019,Egle anthomyioides,拟花柳花蝇,,,,,,,no_image
36045,Eilema costipuncta,缘点土苔蛾,,,,,,,no_image
75542,Egretta sacra,岩鹭,,,,,,,no_image
99065,Elaeagnus conferta,密花胡颓子,,,,,,,no_image
18089,Eisenia fetida,赤子爱胜蚓,,,,,,,no_image
99119,Elaeagnus pingnanensis,平南胡颓子,,,,,,,no_image
99092,Elaeagnus lanpingensis,兰坪胡颓子,,,,,,,no_image
36087,Elachiptera sibirica,普通瘤秆蝇,,,,,,,no_image
36068,Eilema stigma,前痣土苔蛾,,,,,,,no_image
99139,Elaeagnus yunnanensis,云南胡颓子,,,,,,,no_image
99168,Elaeocarpus gymnogynus,秃蕊杜英,,,,,,,no_image
75556,Elaphe schrenckii,棕黑锦蛇,,,,,,,no_image
99193,Elaeocarpus sikkimensis,大果杜英,,,,,,,no_image
36116,Elaphropeza guangxiensis,广西黄隐肩舞虻,,,,,,,no_image
134571,Elaphomyces reticulosporus,网孢大团囊菌,,,,,,,no_image
36156,Elaphrothrips greeni,格林轻管蓟马,,,,,,,no_image
36136,Elaphropeza nankunshanensis,南昆山黄隐肩舞虻,,,,,,,no_image
36165,Elasmus albopictus,三化螟扁股小蜂,,,,,,,no_image
99249,Elatostema austroyunnanense,滇南楼梯草,,,,,,,no_image
99223,Elatostema albopilosoides,拟疏毛楼梯草,,,,,,,no_image
99274,Elatostema brunneobracteolatum,褐苞楼梯草,,,,,,,no_image
99296,Elatostema cuneatum,稀齿楼梯草,,,,,,,no_image
99356,Elatostema heterocladum,异茎楼梯草,,,,,,,no_image
99399,Elatostema luchunense,绿春楼梯草,,,,,,,no_image
99330,Elatostema ficoides,梨序楼梯草,,,,,,,no_image
99378,Elatostema lasiocephalum,毛序楼梯草,,,,,,,no_image
99479,Elatostema pellionioides,赤车楼梯草,,,,,,,no_image
99453,Elatostema obscurinerve,隐脉楼梯草,,,,,,,no_image
99524,Elatostema salvinioides,叠叶楼梯草,,,,,,,no_image
99423,Elatostema melanophyllum,黑叶楼梯草,,,,,,,no_image
99500,Elatostema pseudonanchuanense,拟南川楼梯草,,,,,,,no_image
99571,Elatostema triseriatobracteatum,三列苞楼梯草,,,,,,,no_image
99547,Elatostema sublineare,条叶楼梯草,,,,,,,no_image
99591,Elatostema yaoshanense,瑶山楼梯草,,,,,,,no_image
1866,Electra xiamenensis,厦门琥珀苔虫,,,,,,,no_image
99617,Eleocharis ochrostachys,假马蹄,,,,,,,no_image
99647,Eleusine indica,牛筋草,,,,,,,no_image
36194,Electrophaes tsermosaria,阔焰尺蛾,,,,,,,no_image
36197,Eleonoria chuchiensis,竹崎埃利茧蜂,,,,,,,no_image
99667,Eleutherococcus rehderianus,匙叶五加,,,,,,,no_image
36234,Elimaea chloris,奇点掩耳螽,,,,,,,no_image
151232,Elfvingia tornata,,,,,,,,no_image
36254,Elimaea punctifera,疹点掩耳螽,,,,,,,no_image
10763,Ellisella gracilis,细鞭柳珊瑚,,,,,,,no_image
36273,Elixothrips brevisetis,短鬃藤针蓟马,,,,,,,no_image
142926,Ellisembia longispora,,,,,,,,no_image
148839,Elmerina borneensis,,,,,,,,no_image
36309,Elymnias nesaea,龙女锯眼蝶,,,,,,,no_image
99712,Elsholtzia ochroleuca,黄白香薷,,,,,,,no_image
99684,Elsholtzia bodinieri,东紫苏,,,,,,,no_image
99757,Elymus canadensis,加拿大披碱草,,,,,,,no_image
36312,Elytrobium edentulum,,,,,,,,no_image
99821,Elymus pendulinus,缘毛鹅观草,,,,,,,no_image
99846,Elymus strictus,肃草,,,,,,,no_image
99794,Elymus hondae,本田鹅观草,,,,,,,no_image
36329,Emmelia trabealis,谐夜蛾,,,,,,,no_image
36319,Embrikstrandia unifasciata,,,,,,,,no_image
99883,Embelia ribes,白花酸藤果,,,,,,,no_image
75609,Emberiza koslowi,藏鹀,,,,,,,no_image
36384,Empis scopulifera,岩舞虻,,,,,,,no_image
36364,Empis longisetosa,长鬃缺脉舞虻,,,,,,,no_image
36344,Emphysomera nigra,黑胀食虫虻,,,,,,,no_image
155362,Empusa grylli,蝗单枝虫霉,,,,,,,no_image
99907,Encalypta pilifera,芒叶大帽藓,,,,,,,no_image
75660,Enchelynassa canina,鋭齿鳝,,,,,,,no_image
18437,Encentrum wiszniewskii,韦氏中吻轮虫,,,,,,,no_image
36413,Encyclops olivaceus,,,,,,,,no_image
153475,Endophyllum emasculatum,去雄内锈菌,,,,,,,no_image
142983,Endoxylina citricola,,,,,,,,no_image
134750,Endocarpon nigromarginatum,黑边石果衣,,,,,,,no_image
75675,Engyprosopon multisquama,多鳞短额鲆,,,,,,,no_image
155794,Endogone flammicorona,赤冠内囊霉,,,,,,,no_image
142965,Endophragmiella multiramosa,,,,,,,,no_image
142945,Endophragmiella acuta,,,,,,,,no_image
99940,Enkianthus perulatus,台湾吊钟花,,,,,,,no_image
75697,Enneapterygius nanus,矮双线鳚,,,,,,,no_image
11626,Enoplognatha daweiensis,大围齿螯蛛,,,,,,,no_image
288,Enoplometopus occidentalis,西方礁螯虾,,,,,,,no_image
99949,Entada parvifolia,小叶榼藤,,,,,,,no_image
36466,Entedon yichunicus,红松小蠹灿姬小蜂,,,,,,,no_image
146091,Entoloma album,白黄粉褶蕈,,,,,,,no_image
99996,Entodon seductrix,兜叶绢藓,,,,,,,no_image
99976,Entodon dolichocucullatus,长帽绢藓,,,,,,,no_image
99959,Enteromorpha clathrata,条浒苔,,,,,,,no_image
146111,Entoloma caccabus,,,,,,,,no_image
146131,Entoloma cuboidosporum,立方体孢粉褶蕈,,,,,,,no_image
146151,Entoloma gasteromycetoides,,,,,,,,no_image
146211,Entoloma prunuloides,粉褶蕈,,,,,,,no_image
146171,Entoloma lepidissimum,细小蓝黑粉褶菌,,,,,,,no_image
146231,Entoloma sinuatum,,,,,,,,no_image
146191,Entoloma neglectum,,,,,,,,no_image
18927,Entomobrya leviseta,,,,,,,,no_image
155373,Entomophaga maimaiga,,,,,,,,no_image
75710,Entomacrodus epalzeocheilos,触角犁齿鳚,,,,,,,no_image
146251,Entoloma tengii,邓氏粉褶蕈,,,,,,,no_image
155413,Entomophthora megasperma,,,,,,,,no_image
155393,Entomophthora culicis,库蚊虫霉,,,,,,,no_image
36489,Entomoscelis nigriventris,黑腹油菜叶甲,,,,,,,no_image
36506,Entoria ishigakiensis,石垣长肛䗛,,,,,,,no_image
100012,Entosthodon physcomitrioides,立碗梨蒴藓,,,,,,,no_image
36560,Eodorcadion sinicum,,,,,,,,no_image
152832,Entyloma ranunculi-repentis,毛茛叶黑粉菌,,,,,,,no_image
36531,Eodorcadion gansuense,,,,,,,,no_image
36586,Eosiopsis pumila,短小华突眼蝇,,,,,,,no_image
1552,Eonemertes macrophthalma,大眼曙纽虫,,,,,,,no_image
9684,Eotetranychus jiujiangensis,,,,,,,,no_image
17625,Eostrobilops coreana,冠状意欧螺,,,,,,,no_image
36596,Eotmethis jintaiensis,景泰突颜蝗,,,,,,,no_image
9580,Eotetranychus wisteriae,,,,,,,,no_image
36615,Eoxizicus parallelus,平突原栖螽,,,,,,,no_image
100019,Epaltes divaricata,翅柄球菊,,,,,,,no_image
13184,Epeus bicuspidatus,双尖艾普蛛,,,,,,,no_image
100041,Ephedra saxatilis,藏麻黄,,,,,,,no_image
36646,Eparchus insignis,慈螋E,,,,,,,no_image
15875,Epanerchodus pinguis,,,,,,,,no_image
36735,Epicypta basiramifera,基枝埃菌蚊,,,,,,,no_image
36704,Ephydra acutata,尖突水蝇,,,,,,,no_image
10093,Epicecidophyes meliosmanis,,,,,,,,no_image
36684,Ephesia invasa,珠光裳夜蛾,,,,,,,no_image
36764,Epidiplosis reflexa,反刺端突瘿蚊,,,,,,,no_image
36755,Epicypta wangi,王氏埃菌蚊,,,,,,,no_image
100051,Epigeneium rotundatum,双叶厚唇兰,,,,,,,no_image
100067,Epilobium gouldii,鳞根柳叶菜,,,,,,,no_image
100088,Epilobium taiwanianum,台湾柳叶菜,,,,,,,no_image
100135,Epimedium pudingense,普定淫羊藿,,,,,,,no_image
75775,Epinephelus lanceolatus,鞍带石斑鱼,,,,,,,no_image
100113,Epimedium ilicifolium,镇坪淫羊藿,,,,,,,no_image
75755,Epinephelus akaara,赤点石斑鱼,,,,,,,no_image
36801,Epiophlebia laidlawi,,,,,,,,no_image
100093,Epimedium acuminatum,粗毛淫羊藿,,,,,,,no_image
75795,Epinephelus tankahkeei,嘉庚石斑鱼,,,,,,,no_image
36814,Epipedocera subatra,,,,,,,,no_image
36826,Epiphragma evanescens,弱艾大蚊,,,,,,,no_image
100166,Epipogium aphyllum,裂唇虎舌兰,,,,,,,no_image
36856,Epipsestis ornata,平波纹蛾,,,,,,,no_image
8752,Episiphon kiaochowwanense,胶州湾顶管角贝,,,,,,,no_image
36880,Episcaphium watanabei,,,,,,,,no_image
36922,Epistrophe melatarsis,暗跗垂边蚜蝇,,,,,,,no_image
36894,Episteira nigrilinearia,黑线秃尺蛾,,,,,,,no_image
36942,Episyrphus perscitus,慧黑带蚜蝇,,,,,,,no_image
10506,Epitrimerus callicarpae,,,,,,,,no_image
10353,Epitrimerus sabinae,,,,,,,,no_image
36970,Epyhemisphaerius tappanus,似球瓢蜡蝉,,,,,,,no_image
100197,Eragrostis alta,高画眉草,,,,,,,no_image
36959,Epoligosita lini,林氏爱波赤眼蜂,,,,,,,no_image
36971,Erax attieus,阿隆额食虫虻,,,,,,,no_image
100217,Eragrostis nevinii,华南画眉草,,,,,,,no_image
37016,Eremippus heimahoensis,黑马河蚍蝗,,,,,,,no_image
36997,Erebus albicinctus,玉边目夜蛾,,,,,,,no_image
9081,Eremella induta,遮独甲螨,,,,,,,no_image
100245,Eremochloa ophiuroides,假俭草,,,,,,,no_image
100269,Eremogone kumaonensis,库莽雪灵芝,,,,,,,no_image
9350,Eremulus rimosus,多缝沙甲螨,,,,,,,no_image
100291,Eria javanica,香花毛兰,,,,,,,no_image
37045,Erichsonius naomii,,,,,,,,no_image
14141,Erigone koshiensis,锯胸微蛛,,,,,,,no_image
100332,Erigeron philadelphicus,春飞蓬,,,,,,,no_image
100312,Erigeron canadensis,小蓬草,,,,,,,no_image
138610,Erinella nivea,,,,,,,,no_image
100353,Eriobotrya fulvicoma,黄毛枇杷,,,,,,,no_image
100372,Eriocaulon decemflorum,长苞谷精草,,,,,,,no_image
100398,Eriocaulon setaceum,丝叶谷精草,,,,,,,no_image
37061,Eriococcus isacanthus,绣线菊绒蚧,,,,,,,no_image
137235,Erioderma rigidum,硬毛面衣,,,,,,,no_image
2084,Eriopisa chilkensis,长尾毛钩虾,,,,,,,no_image
100423,Eriophorum angustifolium,东方羊胡子草,,,,,,,no_image
37116,Eriosoma ulmipumilicola,白榆绵蚜,,,,,,,no_image
11074,Eriovixia jianfengensis,尖峰毛园蛛,,,,,,,no_image
37102,Erioptera rogersi,罗杰绵大蚊,,,,,,,no_image
37154,Eristalis oestracea,刺管蚜蝇,,,,,,,no_image
37134,Eristalis albibasis,白管蚜蝇,,,,,,,no_image
100464,Eritrichium pauciflorum,少花齿缘草,,,,,,,no_image
100444,Eritrichium deqinense,德钦齿缘草,,,,,,,no_image
75859,Ernogrammus hexagrammus,六线鳚,,,,,,,no_image
2438,Erronea donghaiensis,东海拟枣贝,,,,,,,no_image
100496,Erycibe obtusifolia,丁公藤,,,,,,,no_image
2412,Erosaria erosa,眼球贝,,,,,,,no_image
155437,Erynia calliphorae,,,,,,,,no_image
155457,Erynia nouryi,诺氏虫疫霉,,,,,,,no_image
100510,Erysimum croceum,天山糖芥,,,,,,,no_image
137949,Erysiphe betae,,,,,,,,no_image
137969,Erysiphe epimedii,,,,,,,,no_image
100532,Erysimum sisymbrioides,小糖芥,,,,,,,no_image
137989,Erysiphe knautiae,,,,,,,,no_image
138009,Erysiphe pisi,,,,,,,,no_image
138029,Erysiphe thesii,,,,,,,,no_image
100541,Erythranthe szechuanensis,四川沟酸浆,,,,,,,no_image
37200,Erythrocera nigripes,黑赤寄蝇,,,,,,,no_image
37210,Erythrus formosanus,,,,,,,,no_image
100566,Erythronium sibiricum,新疆猪牙花,,,,,,,no_image
37227,Estheria magna,大依寄蝇,,,,,,,no_image
100582,Eschenbachia perennis,宿根白酒草,,,,,,,no_image
5892,Ethusa minuta,小型四额齿蟹,,,,,,,no_image
75892,Etelis carbunculus,红钻鱼,,,,,,,no_image
100592,Etlingera yunnanensis,茴香砂仁,,,,,,,no_image
3160,Euapta godeffroyi,高氏真锚参,,,,,,,no_image
4294,Etrema streptonotus,高胚腹螺,,,,,,,no_image
37265,Euagathis jinshanensis,金山真径茧蜂,,,,,,,no_image
100622,Eucalyptus tereticornis,细叶桉,,,,,,,no_image
3027,Euchaetomera oculata,双眼糠虾,,,,,,,no_image
100597,Eucalyptus camaldulensis,赤桉,,,,,,,no_image
37290,Eublemma leucanides,淡缘猎夜蛾,,,,,,,no_image
100624,Eucheuma arnoldii,珊瑚状麒麟菜,,,,,,,no_image
37325,Euchlo orientalis,东方荣粉蝶,,,,,,,no_image
37340,Eucibdelus chinensis,,,,,,,,no_image
4350,Eucithara stagnalis,静美琴螺,,,,,,,no_image
37384,Euconocephalus pallidus,苍白优草螽,,,,,,,no_image
37416,Eucyclodes augustaria,金银彩青尺蛾,,,,,,,no_image
37401,Eucosmabraxas evanescens,绣球祉尺蛾,,,,,,,no_image
37364,Euconnus cerastiventris,,,,,,,,no_image
4172,Eucyclotoma tasmanica,坦桑盘肋螺,,,,,,,no_image
37444,Eudemopsis brevis,短尾圆斑小卷蛾,,,,,,,no_image
16048,Eudigraphis taiwaniensis,台湾五尖毛马陆,,,,,,,no_image
8554,Eudolium pyriforme,梨形真鹑螺,,,,,,,no_image
37490,Eudorylas ningxiaensis,宁夏优头蝇,,,,,,,no_image
16855,Eugagrella yuennanana,滇真盾刺盲蛛,,,,,,,no_image
37518,Eugoa crassa,厚良苔蛾,,,,,,,no_image
7379,Eugymnanthea japonica,日本真裸花螅,,,,,,,no_image
37559,Euhampsonia sinjaevi,辛氏星舟蛾,,,,,,,no_image
37578,Eukiefferiella brevicalcar,短距真开氏摇蚊,,,,,,,no_image
100651,Eulalia quadrinervis,四脉金茅,,,,,,,no_image
37605,Euleechia miranda,,,,,,,,no_image
100676,Eulophia spectabilis,紫花美冠兰,,,,,,,no_image
37626,Eulomalus lombokanus,龙目简额阎甲,,,,,,,no_image
37660,Eumerus chrysopygus,丽尾节平颜蚜蝇,,,,,,,no_image
2346,Eumedonus niger,毛光真护蟹,,,,,,,no_image
100681,Euonymus acanthoxanthus,三脉卫矛,,,,,,,no_image
100703,Euonymus duanensis,都安卫矛,,,,,,,no_image
37680,Eumerus tuberculatus,疣腿平颜蚜蝇,,,,,,,no_image
37683,Eunidia atripennis,,,,,,,,no_image
100723,Euonymus kachinensis,克钦卫矛,,,,,,,no_image
100743,Euonymus phellomanus,栓翅卫矛,,,,,,,no_image
100765,Euonymus tingens,染用卫矛,,,,,,,no_image
37704,Euparyphasma albibasis,影波纹蛾,,,,,,,no_image
12970,Euophrys nepalica,尼泊尔斑蛛,,,,,,,no_image
37728,Eupeodes nitens,凹带优蚜蝇,,,,,,,no_image
37708,Eupeodes alaceris,捷优蚜蝇,,,,,,,no_image
100812,Euphorbia franchetii,北疆大戟,,,,,,,no_image
17616,Euphaedusa diaconalis,横锥真管螺,,,,,,,no_image
100832,Euphorbia kansuensis,甘肃大戟,,,,,,,no_image
100852,Euphorbia nutans,大地锦草,,,,,,,no_image
37754,Euphranta flavorufa,黄背光沟实蝇,,,,,,,no_image
100872,Euphorbia taihsiensis,台西地锦草,,,,,,,no_image
100897,Euphrasia regelii,短腺小米草,,,,,,,no_image
37784,Euphyia variegata,易游尺蛾,,,,,,,no_image
37813,Euplectrus paribus,对毛距小蜂,,,,,,,no_image
7482,Euphysora solidonema,硬手真囊水母,,,,,,,no_image
37793,Euplectrus brevicarinatus,短脊距小蜂,,,,,,,no_image
37876,Euproctis albopunctata,白点黄毒蛾,,,,,,,no_image
37916,Euproctis hemicyclia,霞黄毒蛾,,,,,,,no_image
37896,Euproctis croceola,菱带黄毒蛾,,,,,,,no_image
37862,Euploea tulliola,妒丽紫斑蝶,,,,,,,no_image
37936,Euproctis mesostiba,沙带黄毒蛾,,,,,,,no_image
37956,Euproctis reticulata,络黄毒蛾,,,,,,,no_image
8234,Euplexuaura albida,浅白真丛柳珊瑚,,,,,,,no_image
37976,Euproctis xuthonepha,云黄毒蛾,,,,,,,no_image
38021,Eurema laeta,尖角黄粉蝶,,,,,,,no_image
37993,Eupyrgota luteola,浅黄真蜣蝇,,,,,,,no_image
38028,Eurina orientalis,东方颜脊秆蝇,,,,,,,no_image
100942,Eurya distichophylla,二列叶柃,,,,,,,no_image
100966,Eurya loquaiana,细枝柃,,,,,,,no_image
5946,Eurostocepheus heterotrichus,异毛纠头甲螨,,,,,,,no_image
101014,Eurya trichocarpa,毛果柃,,,,,,,no_image
38048,Eurydiopsis conflata,隆额宽突眼蝇,,,,,,,no_image
100990,Eurya pittosporifolia,海桐叶柃,,,,,,,no_image
75936,Eurypegasus draconis,宽海蛾鱼(龙海蛾鱼),,,,,,,no_image
38082,Eusarima arva,田美萨瓢蜡蝉,,,,,,,no_image
38073,Eurystylus burmanicus,缅甸厚盲蝽,,,,,,,no_image
101027,Euscaphis japonica,野鸦椿,,,,,,,no_image
38102,Eusarima kuyanianum,窟美萨瓢蜡蝉,,,,,,,no_image
38159,Eusphalerum luteoides,,,,,,,,no_image
38179,Eusphalerum subsolanum,,,,,,,,no_image
38193,Eusteniamorpha zhejiangensis,,,,,,,,no_image
38139,Eusphalerum akikoae,,,,,,,,no_image
38205,Eustroma lativittaria,侧带褥尺蛾,,,,,,,no_image
1076,Eusyllis habei,叶须真裂虫,,,,,,,no_image
9589,Eutetranychus orientalis,,,,,,,,no_image
1254,Euthalenessa digitata,真三指鳞虫,,,,,,,no_image
38300,Euthalia nara,黄铜翠蛱蝶,,,,,,,no_image
38385,Eutrichota fuscigenua,暗膝叉泉蝇,,,,,,,no_image
101036,Eutrema bouffordii,石渠山萮菜,,,,,,,no_image
101058,Eutrema tenue,日本山萮菜,,,,,,,no_image
38360,Euthrix tenebrosus,暗纹枯叶蛾,,,,,,,no_image
38335,Euthoracaphis heterotricha,异毛真胸蚜,,,,,,,no_image
7395,Eutima gegenbauri,八蕊真瘤水母,,,,,,,no_image
16123,Eutrichodesmus latellai,,,,,,,,no_image
38405,Eutropha flavofrontata,黄额聚鬃秆蝇,,,,,,,no_image
231,Euxanthus huonii,似雕真扇蟹,,,,,,,no_image
38448,Evacanthus biguttatus,二点横脊叶蝉,,,,,,,no_image
38428,Euxoa homicida,刃切夜蛾,,,,,,,no_image
38468,Evacanthus longianus,片突横脊叶蝉,,,,,,,no_image
135921,Evernia esorediosa,裸扁枝衣,,,,,,,no_image
13113,Evarcha albaria,白斑猎蛛,,,,,,,no_image
38491,Evaza flaviscutellum,黄盾寡毛水虻,,,,,,,no_image
75961,Eviota lacrimae,泣矶塘鳢,,,,,,,no_image
38517,Exallonyx antennatus,褐角叉齿细蜂,,,,,,,no_image
38537,Exallonyx carinus,脊唇叉齿细蜂,,,,,,,no_image
16323,Evippa sjostedti,舍氏艾狼蛛,,,,,,,no_image
38557,Exallonyx excelsicarinatus,高脊叉齿细蜂,,,,,,,no_image
38577,Exallonyx hangzhouensis,杭州叉齿细蜂,,,,,,,no_image
38637,Exallonyx platocollus,平颈叉齿细蜂,,,,,,,no_image
38597,Exallonyx liqiangi,李强叉齿细蜂,,,,,,,no_image
38617,Exallonyx nigripes,黑足叉齿细蜂,,,,,,,no_image
38697,Exallonyx zengae,曾氏叉齿细蜂,,,,,,,no_image
8415,Excorallana yamamuroae,山室外珊瑚水虱,,,,,,,no_image
38657,Exallonyx silvestris,林区叉齿细蜂,,,,,,,no_image
148841,Exidia glandulosa,黑胶耳,,,,,,,no_image
38677,Exallonyx townesi,汤斯叉齿细蜂,,,,,,,no_image
152837,Exobasidium camelliae,,,,,,,,no_image
38731,Exocentrus championi,,,,,,,,no_image
152857,Exobasidium pyroloides,,,,,,,,no_image
38753,Exocentrus lineatus,,,,,,,,no_image
38773,Exocentrus theresae,,,,,,,,no_image
4214,Exomilus lutrarius,平顶獭螺,,,,,,,no_image
38785,Exoprosopa globosa,球茎庸蜂虻,,,,,,,no_image
38825,Exorista sorbillans,家蚕追寄蝇,,,,,,,no_image
38837,Extenda broadbanda,宽带端突叶蝉,,,,,,,no_image
38805,Exorista frontata,额追寄蝇,,,,,,,no_image
5423,Exotica producta,小泊来蛤,,,,,,,no_image
38858,Fagitana gigantea,宏遗夜蛾,,,,,,,no_image
101108,Faberia sinensis,花佩菊,,,,,,,no_image
142995,Fairmaniella leprosa,,,,,,,,no_image
75992,Falcipennis falcipennis,镰翅鸡,,,,,,,no_image
101147,Fallopia dentatoalata,齿翅蓼,,,,,,,no_image
38891,Falsoterinaea rufipennis,,,,,,,,no_image
38911,Fannia carbonaria,炭色厕蝇,,,,,,,no_image
38931,Fannia facisetosa,毛颜厕蝇,,,,,,,no_image
38951,Fannia latihamata,宽钩厕蝇,,,,,,,no_image
38971,Fannia nigribasicosta,黑鳞厕蝇,,,,,,,no_image
39011,Fannia submaculata,拟斑厕蝇,,,,,,,no_image
38991,Fannia prolata,前伸厕蝇,,,,,,,no_image
101192,Fargesia lincangensis,雪山箭竹,,,,,,,no_image
101152,Farfugium japonicum,大吴风草,,,,,,,no_image
101172,Fargesia dracocephala,龙头箭竹,,,,,,,no_image
101212,Fargesia purpurea,紫鞘箭竹,,,,,,,no_image
101240,Fatoua villosa,水蛇麻,,,,,,,no_image
101232,Fargesia wuliangshanensis,无量山箭竹,,,,,,,no_image
17402,Favartia maculata,斑点蜂巢螺,,,,,,,no_image
7313,Favites halicora,海孔角蜂巢珊瑚,,,,,,,no_image
135473,Fellhanera subtilis,精细肉盘衣,,,,,,,no_image
151241,Favolus tenuiculus,略薄棱孔菌,,,,,,,no_image
3803,Felaniella usta,小猫眼蛤,,,,,,,no_image
39072,Feriola angustifrons,狭额凶寄蝇,,,,,,,no_image
101263,Ferula jaeschkeana,中亚阿魏,,,,,,,no_image
774,Fenneropenaeus indicus,印度明对虾,,,,,,,no_image
101285,Ferula transiliensis,伊犁芹,,,,,,,no_image
101306,Festuca extremiorientalis,远东羊茅,,,,,,,no_image
101326,Festuca myuros,鼠茅,,,,,,,no_image
101351,Festuca valesiaca,瑞士羊茅,,,,,,,no_image
76038,Ficedula erithacus,锈胸蓝姬鹟,,,,,,,no_image
101370,Ficus auriculata,大果榕,,,,,,,no_image
101419,Ficus hookeriana,大青树,,,,,,,no_image
101441,Ficus polynervis,多脉榕,,,,,,,no_image
101396,Ficus esquiroliana,黄毛榕,,,,,,,no_image
101479,Ficus stenophylla,竹叶榕,,,,,,,no_image
101503,Ficus virgata,岛榕,,,,,,,no_image
7295,Filellum serpens,环口丝管螅,,,,,,,no_image
101560,Fimbristylis pauciflora,海南飘拂草,,,,,,,no_image
101516,Filipendula vestita,锈脉蚊子草,,,,,,,no_image
101536,Fimbristylis dipsacea,起绒飘拂草,,,,,,,no_image
101585,Fimbristylis tristachya,三穗飘拂草,,,,,,,no_image
101593,Firmiana major,云南梧桐,,,,,,,no_image
101658,Fissidens subangustus,卷尖凤尾藓,,,,,,,no_image
101635,Fissidens javanicus,爪哇凤尾藓,,,,,,,no_image
101613,Fissidens crenulatus,齿叶凤尾藓,,,,,,,no_image
101674,Fissistigma latifolium,大叶瓜馥木,,,,,,,no_image
136849,Fissurina elaiocarpa,,,,,,,,no_image
101695,Flagellaria indica,须叶藤,,,,,,,no_image
39111,Fixsenia herzi,乌灰蝶,,,,,,,no_image
148200,Flammula subflavida,黄火菇,,,,,,,no_image
39117,Flatocerus hainanensis,海南扁角蚱,,,,,,,no_image
101710,Flemingia lineata,细叶千斤拔,,,,,,,no_image
150983,Flavodon flavus,黄囊孔菌,,,,,,,no_image
16780,Flexicrurum longispina,长刺曲胫蛛,,,,,,,no_image
39141,Flos asoka,锁铠花灰蝶,,,,,,,no_image
10027,Floracarus abruptus,,,,,,,,no_image
18839,Folsomia candida,,,,,,,,no_image
101751,Foeniculum vulgare,茴香,,,,,,,no_image
18792,Folsomia pseudodecemoculata,,,,,,,,no_image
151286,Fomes meliae,楝树层孔菌,,,,,,,no_image
151266,Fomes fuscopallens,,,,,,,,no_image
151246,Fomes applanatus,扁平层孔菌,,,,,,,no_image
151326,Fomes tropicus,,,,,,,,no_image
151306,Fomes pseudoferreus,,,,,,,,no_image
150891,Fomitopsis rufolaccatus,,,,,,,,no_image
150126,Fomitiporia punicata,石榴嗜蓝孢孔菌,,,,,,,no_image
39155,Forcipomyia antrosus,具孔铗蠓,,,,,,,no_image
39175,Forcipomyia cavatus,空洞铗蠓,,,,,,,no_image
39195,Forcipomyia despecta,地痞铗蠓,,,,,,,no_image
39215,Forcipomyia heilongjiangensis,黑龙铗蠓,,,,,,,no_image
39235,Forcipomyia lenis,平缓铗蠓,,,,,,,no_image
39275,Forcipomyia pinnata,羽状铗蠓,,,,,,,no_image
39295,Forcipomyia simulataris,模仿铗蠓,,,,,,,no_image
39255,Forcipomyia mucronis,尖齿铗蠓,,,,,,,no_image
39337,Forficula berezovskii,贝球螋,,,,,,,no_image
39388,Formosatettix dabieshanensis,大别山台蚱,,,,,,,no_image
101766,Fordiophyton breviscapum,短莛无距花,,,,,,,no_image
39358,Forficula ruUiensis,瑞丽球螋,,,,,,,no_image
39315,Forcipomyia xichangensis,西昌铗蠓,,,,,,,no_image
39376,Formodelphax confusus,基褐福摩飞虱,,,,,,,no_image
39408,Formosolva tuberifrons,瘤额丽木虻,,,,,,,no_image
76088,Fowlea piscator,渔游蛇（渔异色蛇）,,,,,,,no_image
101794,Forsythia likiangensis,丽江连翘,,,,,,,no_image
101819,Fragaria vesca,野草莓,,,,,,,no_image
76101,Fregata ariel,白斑军舰鸟,,,,,,,no_image
101843,Fraxinus hubeiensis,湖北梣,,,,,,,no_image
39471,Frontopsylla megasinus,巨凹额蚤,,,,,,,no_image
39423,Frankliniella hawksworthi,山楂花蓟马,,,,,,,no_image
39439,Frontina adusta,闪斑宽额寄蝇,,,,,,,no_image
101868,Friesodielsia hainanensis,尖花藤,,,,,,,no_image
101879,Fritillaria meleagroides,额敏贝母,,,,,,,no_image
101922,Frullania densiloba,密瓣耳叶苔,,,,,,,no_image
101949,Frullania hypoleuca,细瓣耳叶苔,,,,,,,no_image
39499,Fruhstorferiola viridifemorata,绿腿腹露蝗,,,,,,,no_image
39502,Fucellia boninensis,小笠原海花蝇,,,,,,,no_image
101971,Frullania nodulosa,厚角耳叶苔,,,,,,,no_image
76110,Fulmarus glacialis,暴风鹱,,,,,,,no_image
150139,Fulvifomes durissimus,,,,,,,,no_image
101992,Frullania serrata,齿叶耳叶苔,,,,,,,no_image
102023,Fumaria officinalis,烟堇,,,,,,,no_image
7631,Fungia cyclolites,环形石芝珊瑚,,,,,,,no_image
155472,Furia gloeospora,胶孢虫瘴霉,,,,,,,no_image
39517,Funkhouserella arborea,树栖球冠角蝉,,,,,,,no_image
142036,Fusarium arthrosporioides,,,,,,,,no_image
142056,Fusarium graminum,,,,,,,,no_image
142076,Fusarium pseudograminearum,,,,,,,,no_image
149570,Fuscoboletinus grisellus,淡色褐孔小牛肝菌,,,,,,,no_image
131816,Fusicoccum betulae,,,,,,,,no_image
39542,Gabaza sinica,中华伽巴水虻,,,,,,,no_image
150153,Fuscoporia altocedronensis,,,,,,,,no_image
150173,Fuscoporia setifera,,,,,,,,no_image
39603,Gabronthus maritimus,,,,,,,,no_image
39562,Gabrius fimetarioides,,,,,,,,no_image
326,Gafraium tumidum,凸加夫蛤,,,,,,,no_image
39583,Gabrius satoi,,,,,,,,no_image
16818,Gagrellula scabra,疮痂拟盾刺盲蛛,,,,,,,no_image
16800,Gagrella aenigra,神秘盾刺盲蛛,,,,,,,no_image
139956,Galactinia celtica,,,,,,,,no_image
515,Galathea rubromaculata,红斑铠甲虾,,,,,,,no_image
102053,Gagea nakaiana,顶冰花,,,,,,,no_image
102098,Galearis camtschatica,延根兰,,,,,,,no_image
102078,Galatella biflora,盘花乳菀,,,,,,,no_image
145970,Galera apala,,,,,,,,no_image
146543,Galerina hypnorum,苔藓盔孢伞,,,,,,,no_image
102119,Galium aparine,原拉拉藤,,,,,,,no_image
146563,Galerina uncialis,矮盔孢菌,,,,,,,no_image
102190,Galium prattii,康定拉拉藤,,,,,,,no_image
9255,Galumna curvum,曲大翼甲螨,,,,,,,no_image
102168,Galium hirtiflorum,毛花拉拉藤,,,,,,,no_image
102210,Galium verticillatum,轮叶拉拉藤,,,,,,,no_image
154525,Gambleola cornuta,,,,,,,,no_image
102227,Gammiella panchienii,平边厚角藓,,,,,,,no_image
39633,Gampsocera menglaensis,勐腊曲角秆蝇,,,,,,,no_image
39654,Gandaritis sinicaria,中国枯叶尺蛾,,,,,,,no_image
151404,Ganoderma hoehnelianum,,,,,,,,no_image
151344,Ganoderma albomarginatum,白边灵芝,,,,,,,no_image
151384,Ganoderma curtisii,弱光泽灵芝,,,,,,,no_image
151364,Ganoderma brownii,褐树舌,,,,,,,no_image
151444,Ganoderma oroflavum,黄孔灵芝,,,,,,,no_image
151464,Ganoderma resinaceum,无柄灵芝,,,,,,,no_image
151424,Ganoderma mastoporum,无柄紫芝,,,,,,,no_image
151484,Ganoderma subamboinense,,,,,,,,no_image
102252,Garcinia paucinervis,金丝李,,,,,,,no_image
151504,Ganoderma valesiacum,紫光灵芝,,,,,,,no_image
15425,Gaoligonga zhusun,竹笋高黎蛛,,,,,,,no_image
102274,Gardneria multiflora,蓬莱葛,,,,,,,no_image
3863,Gari lessoni,莱氏紫云蛤,,,,,,,no_image
102288,Garovaglia plicata,绳藓,,,,,,,no_image
76197,Garra tengchongensis,腾冲墨头鱼,,,,,,,no_image
7447,Garveia francisana,弗朗加尔螅,,,,,,,no_image
39695,Gastrimargus marmoratus,云斑车蝗,,,,,,,no_image
102327,Gastrochilus linzhiensis,林芝盆距兰,,,,,,,no_image
102347,Gastrochilus subpapillosus,歪头盆距兰,,,,,,,no_image
102307,Gastrochilus ciliaris,缘毛盆距兰,,,,,,,no_image
102385,Gastrodia longitubularis,海南天麻,,,,,,,no_image
102364,Gastrodia appendiculata,台湾天麻,,,,,,,no_image
39744,Gastrozona hirtiventris,毛腹羽角实蝇,,,,,,,no_image
39732,Gastrophysa atrocyanea,蓼蓝齿胫叶甲,,,,,,,no_image
39700,Gastrolina pallipes,淡足扁叶甲,,,,,,,no_image
102454,Gaultheria trigonoclada,三棱枝白珠,,,,,,,no_image
102403,Gaultheria brevistipes,短柄白珠,,,,,,,no_image
149917,Gautieria morchellaeformis,高腹菌,,,,,,,no_image
149843,Geastrum berkeleyi,伯克利地星,,,,,,,no_image
102432,Gaultheria mangshanensis,莽山白珠,,,,,,,no_image
39777,Gaurena olivacea,橄榄篝波纹蛾,,,,,,,no_image
76259,Gekko liui,刘氏壁虎,,,,,,,no_image
12751,Gedea unguiformis,爪格德蛛,,,,,,,no_image
149863,Geastrum mirabile,木生地星,,,,,,,no_image
5185,Gelastocaris paronae,巴荣憨虾,,,,,,,no_image
9062,Gemmazetes crosbyi,克氏蕾甲螨帽儿山亚种,,,,,,,no_image
102472,Gelidium latiusculum,宽枝石花菜,,,,,,,no_image
6514,Gelliodes carnosa,丰肉结海绵,,,,,,,no_image
140434,Genea fragilis,易碎囊被块菌,,,,,,,no_image
6422,Gennadas incertus,拟屈腕虾,,,,,,,no_image
102535,Gentiana caeruleogrisea,蓝灰龙胆,,,,,,,no_image
102511,Gentiana anisostemon,异药龙胆,,,,,,,no_image
102561,Gentiana davidii,五岭龙胆,,,,,,,no_image
102583,Gentiana filistyla,丝柱龙胆,,,,,,,no_image
102605,Gentiana himalayaensis,喜马拉雅龙胆,,,,,,,no_image
102649,Gentiana muscicola,藓生龙胆,,,,,,,no_image
102627,Gentiana lhassica,全萼秦艽,,,,,,,no_image
102758,Gentiana tentyoensis,厚叶龙胆,,,,,,,no_image
102701,Gentiana qiujiangensis,独龙江龙胆,,,,,,,no_image
102731,Gentiana squarrosa,鳞叶龙胆,,,,,,,no_image
102675,Gentiana pedata,鸟足龙胆,,,,,,,no_image
102832,Geodorum eulophioides,贵州地宝兰,,,,,,,no_image
102784,Gentiana viatrix,五叶龙胆,,,,,,,no_image
102811,Gentianella gentianoides,密花假龙胆,,,,,,,no_image
134865,Geoglossum nigritum,黑地舌菌,,,,,,,no_image
15631,Geogarypus longidigitatus,长指地伪蝎,,,,,,,no_image
139696,Geoporella suevica,,,,,,,,no_image
76289,Geokichla sibirica,白眉地鸫,,,,,,,no_image
39861,Geomyza taoismatica,道地禾蝇,,,,,,,no_image
102866,Geranium polyanthes,多花老鹳草,,,,,,,no_image
39863,Geostiba hongkongensis,,,,,,,,no_image
102846,Geranium donianum,长根老鹳草,,,,,,,no_image
102886,Geranium wallichianum,宽托叶老鹳草,,,,,,,no_image
39926,Ghoria yuennanica,土黄荷苔蛾,,,,,,,no_image
39884,Geranomyia sparsiguttata,散斑长唇大蚊,,,,,,,no_image
39899,Germaria angustata,安德尔寄蝇,,,,,,,no_image
76303,Gerres oyena,奥奈银鲈,,,,,,,no_image
39914,Gesonula punctifrons,芋蝗,,,,,,,no_image
141651,Gibellulopsis nigrescens,,,,,,,,no_image
8967,Gibbicepheus frondosus,叶弯步甲螨,,,,,,,no_image
102908,Gigantochloa maneensis,曼峨巨竹,,,,,,,no_image
155609,Gigaspora ramisporophora,分支巨孢囊霉,,,,,,,no_image
102925,Glandularia tenera,细叶美女樱,,,,,,,no_image
102916,Girgensohnia oppositiflora,对叶盐蓬,,,,,,,no_image
4750,Glauconome chinensis,中华绿螂,,,,,,,no_image
102953,Glechoma sinograndis,大花活血丹,,,,,,,no_image
17293,Glaphyrostomum adhaerens,艾德滑口吸虫,,,,,,,no_image
39979,Glenea cancellata,,,,,,,,no_image
40049,Glenea quadrinotata,,,,,,,,no_image
40001,Glenea glabronotata,,,,,,,,no_image
40024,Glenea mitonoana,,,,,,,,no_image
40071,Glenea torquatella,,,,,,,,no_image
141868,Gliocladium thaxteri,,,,,,,,no_image
148122,Globulicium hiemale,,,,,,,,no_image
40086,Globiceps fulvicollis,脊球首盲蝽,,,,,,,no_image
152560,Gloeocystidiellum clavuligerum,,,,,,,,no_image
151972,Gloiodon strigosus,刺胶革菌,,,,,,,no_image
149894,Gloeophyllum trabeum,,,,,,,,no_image
103001,Glochidion nubigenum,云雾算盘子,,,,,,,no_image
155654,Glomus boreale,北方球囊霉,,,,,,,no_image
155674,Glomus coronatum,副冠球囊霉,,,,,,,no_image
155694,Glomus fragilistratum,,,,,,,,no_image
155734,Glomus multicaulis,,,,,,,,no_image
155714,Glomus leptotichum,薄壁球囊霉,,,,,,,no_image
155754,Glomus spurcum,沾屑球囊霉,,,,,,,no_image
133318,Glonium caucasicum,,,,,,,,no_image
4869,Glossobalanus mortenseni,短殖舌形虫,,,,,,,no_image
76352,Gloydius intermedius,中介蝮,,,,,,,no_image
3601,Glycera gigantean,巨吻沙蚕,,,,,,,no_image
103066,Glycyrrhiza inflata,胀果甘草,,,,,,,no_image
103031,Glyceria leptolepis,假鼠妇草,,,,,,,no_image
103053,Glycosmis esquirolii,锈毛山小橘,,,,,,,no_image
16068,Glyphiulus difficilis,难雕马陆,,,,,,,no_image
16088,Glyphiulus parobliteratus,近消雕马陆,,,,,,,no_image
17036,Glypthelmins macrorchium,大睾刻体吸虫,,,,,,,no_image
76368,Glyphoglossus yunnanensis,云南小狭口蛙,,,,,,,no_image
40121,Glyptotermes euryceps,宽头树白蚁,,,,,,,no_image
76369,Glyptophidium japonicum,日本曲鼬鳚,,,,,,,no_image
40148,Gnamptopteryx perficita,曲翅尺蛾,,,,,,,no_image
76385,Glyptothorax longicauda,长尾纹胸&#x0000E065;,,,,,,,no_image
40141,Glyptotermes simaoensis,思茅树白蚁,,,,,,,no_image
13709,Gnaphosa mandschurica,曼平腹蛛,,,,,,,no_image
40153,Gnaptorina cordicollis,心形小琵甲,,,,,,,no_image
40175,Gnaptorina reitteri,莱氏小琵甲,,,,,,,no_image
40187,Gnathoncus nannetensis,小齿秃额阎甲,,,,,,,no_image
76410,Gnathopogon tsinanensis,济南颌须&#x0000E068;,,,,,,,no_image
40200,Gnezdilovius carbonarius,深色格氏瓢蜡蝉,,,,,,,no_image
40220,Gnezdilovius robustus,壮格氏瓢蜡蝉,,,,,,,no_image
76427,Gobiobotia jiangxiensis,江西鳅,,,,,,,no_image
40235,Gnophomyia dejecta,萎靡木大蚊,,,,,,,no_image
76447,Gobiopsis quinquecincta,五带髯鰕虎,,,,,,,no_image
40254,Gnypeta yingkouensis,,,,,,,,no_image
103129,Gollania japonica,日本粗枝藓,,,,,,,no_image
149439,Gomphidius roseus,粉红铆钉菇,,,,,,,no_image
103158,Gomphostemma hainanense,海南锥花,,,,,,,no_image
138047,Golovinomyces orontii,,,,,,,,no_image
149931,Gomphus orientalis,东方陀螺菌,,,,,,,no_image
7338,Goniastrea australiensis,澳洲菊花珊瑚,,,,,,,no_image
40301,Gonia chinensis,中华膝芒寄蝇,,,,,,,no_image
103176,Gongronema napalense,纤冠藤,,,,,,,no_image
40322,Gonioctena flexuosa,曲带角胫叶甲,,,,,,,no_image
40342,Gonioctena tredecimmaculata,十三斑角胫叶甲,,,,,,,no_image
103196,Goniophlebium mengtzeense,蒙自拟水龙骨,,,,,,,no_image
10708,Goniopora stokesi,无序角孔珊瑚,,,,,,,no_image
40360,Goniogryllus punctatus,刻点哑蟋,,,,,,,no_image
16000,Gonobelus martensi,,,,,,,,no_image
40370,Gonista chayuensis,察隅戛蝗,,,,,,,no_image
3351,Gonodactylus smithii,窄脊指虾蛄,,,,,,,no_image
40396,Gonomyia inquisita,黄环祖大蚊,,,,,,,no_image
16140,Gonoplectus astutus,,,,,,,,no_image
40425,Gorpis zhangmuensis,樟木山高姬蝽,,,,,,,no_image
103233,Goodyera fusca,脊唇斑叶兰,,,,,,,no_image
103255,Goodyera yamiana,兰屿斑叶兰,,,,,,,no_image
103276,Gracilaria bangmeiana,繁枝江蓠,,,,,,,no_image
76488,Gracixalus tianlinensis,田林纤树蛙,,,,,,,no_image
103296,Gracilaria salicornia,缢江蓠,,,,,,,no_image
40435,Grammicomyia sauteri,萨德棒瘦足蝇,,,,,,,no_image
40453,Grammoptera lenis,,,,,,,,no_image
136873,Graphina petrophila,,,,,,,,no_image
136891,Graphis cincta,环带文字衣,,,,,,,no_image
103308,Grangea maderaspatana,田基黄,,,,,,,no_image
136911,Graphis glaucescens,灰白文字衣,,,,,,,no_image
136931,Graphis oligospora,寡孢文字衣,,,,,,,no_image
136951,Graphis tsunodae,粗皮文字衣,,,,,,,no_image
40500,Graptomyza brevirostris,短角缺伪蚜蝇,,,,,,,no_image
40487,Grapholita globella,顶平小食心虫,,,,,,,no_image
103312,Grateloupia chiangii,江氏蜈蚣藻,,,,,,,no_image
103332,Grateloupia qingdaoensis,青岛蜈蚣藻,,,,,,,no_image
40523,Gressittia emeishanensis,峨眉山格虻,,,,,,,no_image
103364,Grewia macropetala,长瓣扁担杆,,,,,,,no_image
103403,Grimmia pulvinata,垫丛紫萼藓,,,,,,,no_image
103383,Grimmia caotongiana,曹氏紫萼藓,,,,,,,no_image
40536,Guanchia uvarovi,乌秽球螋,,,,,,,no_image
103421,Grubovia brevidentata,短齿雾冰藜,,,,,,,no_image
40538,Guerryus aureopubescens,,,,,,,,no_image
131864,Guignardia polygoni-chinensis,,,,,,,,no_image
143028,Guizhounema endosporicum,,,,,,,,no_image
40555,Gunungidia ruficincta,红带突额叶蝉,,,,,,,no_image
103451,Gymnema foetidum,华宁藤,,,,,,,no_image
136808,Gyalideopsis muscicola,藓生亚星盘衣,,,,,,,no_image
8048,Gymnangium bryani,布氏裸果羽螅,,,,,,,no_image
103465,Gymnocladus chinensis,肥皂荚,,,,,,,no_image
76562,Gymnogobius transversefasciatus,横带裸身鰕虎,,,,,,,no_image
40590,Gymnophryxe modesta,谦金怯寄蝇,,,,,,,no_image
76552,Gymnocypris waddelli,高原裸鲤,,,,,,,no_image
40609,Gymnopternus kurtus,曲行脉长足虻,,,,,,,no_image
146605,Gymnopilus terrestris,地生裸伞,,,,,,,no_image
40629,Gymnopternus subpopulus,亚群行脉长足虻,,,,,,,no_image
147574,Gymnopus hariolorum,,,,,,,,no_image
146585,Gymnopilus hybridus,,,,,,,,no_image
40633,Gymnoscelis tristrigosa,猫脸勒尺蛾,,,,,,,no_image
103484,Gymnosphaera khasyana,卡西黑桫椤,,,,,,,no_image
153208,Gymnosporangium juniperi,,,,,,,,no_image
103488,Gymnosporia acuminata,美登木,,,,,,,no_image
40644,Gymnusa atra,,,,,,,,no_image
103508,Gymnostachyum sinense,华裸柱草,,,,,,,no_image
76577,Gymnothorax formosus,美丽裸胸鳝,,,,,,,no_image
76597,Gymnothorax prolatus,长身裸胸鳝,,,,,,,no_image
103556,Gypsophila cephalotes,膜苞石头花,,,,,,,no_image
10825,Gyraulus sibiricus,西伯小旋螺,,,,,,,no_image
103519,Gynandropsis gynandra,白花菜,,,,,,,no_image
103545,Gynura cusimbua,木耳菜,,,,,,,no_image
139708,Gyromitra xinjiangensis,新疆鹿花菌,,,,,,,no_image
40692,Gyrophaena bifurcata,,,,,,,,no_image
149469,Gyrodon minutus,小圆牛肝菌,,,,,,,no_image
40712,Gyrophaena erlangensis,,,,,,,,no_image
40792,Gyrophaena taiwanensis,,,,,,,,no_image
40732,Gyrophaena kuanensis,,,,,,,,no_image
40772,Gyrophaena sensitiva,,,,,,,,no_image
40752,Gyrophaena pasniki,,,,,,,,no_image
40810,Gyrtona nama,白纹窄蕊夜蛾,,,,,,,no_image
137689,Gyrophora hyperborea,,,,,,,,no_image
103619,Habenaria mairei,棒距玉凤花,,,,,,,no_image
103599,Habenaria diphylla,二叶玉凤花,,,,,,,no_image
103639,Habenaria stenopetala,狭瓣玉凤花,,,,,,,no_image
40842,Habrosyne albipuncta,白华波纹蛾,,,,,,,no_image
40822,Habrophorula nubilipennis,云足细条蜂,,,,,,,no_image
103649,Hackelia brachytuba,大叶假鹤虱,,,,,,,no_image
40899,Hadropinus fossor,,,,,,,,no_image
40882,Hadennia nakatanii,斜线厚角夜蛾,,,,,,,no_image
135647,Haematomma africanum,,,,,,,,no_image
40984,Haematopota yongpingi,永平麻虻,,,,,,,no_image
40924,Haematopota degenensis,德格麻虻,,,,,,,no_image
40944,Haematopota lukiangensis,怒江麻虻,,,,,,,no_image
12013,Hahnia thorntoni,索氏栅蛛,,,,,,,no_image
40964,Haematopota punctifera,针细麻虻,,,,,,,no_image
17313,Haemotolochus similis,似舐血吸虫,,,,,,,no_image
41010,Hagenomyia guangxiensis,广西哈蚁蛉,,,,,,,no_image
7090,Halecium tenellum,细碟螅,,,,,,,no_image
2682,Halalaimus isaishikovi,埃氏吸咽线虫,,,,,,,no_image
6555,Halicarcinus coralicola,珊瑚滨蟹,,,,,,,no_image
3529,Haliclona cymiformis,莳箩蜂海绵,,,,,,,no_image
76675,Halichoeres nigrescens,云斑海猪鱼,,,,,,,no_image
76686,Halicmetus reticulatus,网纹牙棘茄鱼,,,,,,,no_image
6545,Haloa margaitoides,珠光月华螺,,,,,,,no_image
7552,Haliscera mininum,微小海棘水母,,,,,,,no_image
76701,Halosaurus sinensis,中华海蜥鱼,,,,,,,no_image
103685,Halimeda opuntia,仙掌藻,,,,,,,no_image
41045,Halticoptera laevigata,长腹赘须金小蜂,,,,,,,no_image
41031,Halonabis sinicus,华海姬蝽,,,,,,,no_image
11357,Hamataliwa pedicula,足哈猫蛛,,,,,,,no_image
11369,Hamadruas hieroglyphica,象文钩猫蛛,,,,,,,no_image
134424,Hamigera avellanea,,,,,,,,no_image
103745,Hansenia oviformis,卵叶羌活,,,,,,,no_image
76708,Hapalomys longicaudatus,长尾绒鼠,,,,,,,no_image
103729,Hanceola exserta,出蕊四轮香,,,,,,,no_image
17038,Haplometrana simibramae,华鳊单宫吸虫,,,,,,,no_image
13745,Haplodrassus dentatus,齿单蛛,,,,,,,no_image
131607,Haplodina corticola,,,,,,,,no_image
103769,Haplopteris doniana,带状书带蕨,,,,,,,no_image
1109,Haplosyllis gorgoniacolo,柳珊瑚单裂虫,,,,,,,no_image
41138,Harnischia fuscimana,暗肩哈摇蚊,,,,,,,no_image
8979,Haplozetes loongchiensis,宽叶单翼甲螨,,,,,,,no_image
12799,Harmochirus brachiatus,鳃哈莫蛛,,,,,,,no_image
141721,Harposporium arcuatum,,,,,,,,no_image
41149,Harpedona projecta,突薯蓣盲蝽,,,,,,,no_image
103795,Hayata tabiyahanensis,,,,,,,,no_image
2331,Harrovia tuberculata,疣突短角蟹,,,,,,,no_image
41178,Hasora vitta,纬带趾弄蝶,,,,,,,no_image
146625,Hebeloma mesophaeum,毛边滑锈伞,,,,,,,no_image
7294,Hebella venusta,锦杯螅,,,,,,,no_image
41206,Hebetacris amplinota,宽背拙蝗,,,,,,,no_image
103799,Hedera nepalensis,尼泊尔常春藤,,,,,,,no_image
103812,Hedychium chrysoleucum,黄白姜花,,,,,,,no_image
76742,Hebius optatum,丽纹腹链蛇,,,,,,,no_image
15927,Hedinomorpha yunnanensis,,,,,,,,no_image
103834,Hedychium parvibracteatum,小苞姜花,,,,,,,no_image
103858,Hedyotis auricularia,耳草,,,,,,,no_image
103904,Hedyotis obliquinervis,偏脉耳草,,,,,,,no_image
103884,Hedyotis effusa,鼎湖耳草,,,,,,,no_image
103924,Hedyotis uncinella,长节耳草,,,,,,,no_image
103945,Hedysarum cuonanum,错那岩黄芪,,,,,,,no_image
103969,Hedysarum minjanense,敏姜岩黄芪,,,,,,,no_image
103996,Hedysarum ussuriense,长白岩黄芪,,,,,,,no_image
149158,Heimioporus xerampelinus,堇色网孢牛肝菌,,,,,,,no_image
41249,Heizmannia ruiliensis,瑞丽领蚊,,,,,,,no_image
41264,Heleodromia basiflava,基黄长喙舞虻,,,,,,,no_image
686,Helice latimera,侧足厚蟹,,,,,,,no_image
104028,Helicia silvicola,林地山龙眼,,,,,,,no_image
76761,Helicolenus hilgendorfii,赫氏无鳔鲉,,,,,,,no_image
104057,Helictotrichon mongolicum,蒙古山燕麦,,,,,,,no_image
41292,Helina annosa,古阳蝇,,,,,,,no_image
143034,Helicoubisia coronata,,,,,,,,no_image
41312,Helina bispina,二刺阳蝇,,,,,,,no_image
41332,Helina compositimacula,并斑阳蝇,,,,,,,no_image
41352,Helina dianxiia,滇西阳蝇,,,,,,,no_image
41372,Helina flavitegula,黄翅阳蝇,,,,,,,no_image
41392,Helina huaxia,华夏阳蝇,,,,,,,no_image
41452,Helina ningwuensis,宁武阳蝇,,,,,,,no_image
41412,Helina latiscissa,裂叶阳蝇,,,,,,,no_image
41432,Helina meiguica,美姑阳蝇,,,,,,,no_image
41472,Helina punctifemoralis,斑股阳蝇,,,,,,,no_image
41492,Helina similidensibarbata,拟密胡阳蝇,,,,,,,no_image
41532,Helina wuzhaiensis,五寨阳蝇,,,,,,,no_image
41512,Helina subhirsutitibia,亚毛胫阳蝇,,,,,,,no_image
41551,Heliocypha biforata,月斑阳鼻蟌,,,,,,,no_image
41569,Helionothrips ponkikiri,朴领针蓟马,,,,,,,no_image
41576,Heliophorus ila,浓紫彩灰蝶,,,,,,,no_image
104067,Heliotropium acutiflorum,尖花天芥菜,,,,,,,no_image
41623,Helleia helle,罕莱灰蝶,,,,,,,no_image
41611,Helius minusculus,小光大蚊,,,,,,,no_image
133742,Helminthosporium microsorum,,,,,,,,no_image
41627,Helodon neomulticaulis,新多丝赫蚋,,,,,,,no_image
138283,Helotium calyculus,,,,,,,,no_image
76762,Helopsaltes amnicola,库页岛蝗莺,,,,,,,no_image
138303,Helotium hongkongense,香港柔膜菌,,,,,,,no_image
138323,Helotium pygmaeum,,,,,,,,no_image
139751,Helvella albida,,,,,,,,no_image
139791,Helvella lactea,乳白马鞍菌,,,,,,,no_image
139771,Helvella ephippium,灰褐马鞍菌,,,,,,,no_image
41667,Hemerobius hengduanus,横断褐蛉,,,,,,,no_image
139811,Helvella purpurea,紫棱柄马鞍菌,,,,,,,no_image
41653,Hemacroneuria violacea,浅紫瘤钮(虫责),,,,,,,no_image
76782,Hemibarbus medius,间&#x0000E04F;,,,,,,,no_image
41696,Hemerodromia nigrescens,褐芒螳舞虻,,,,,,,no_image
104122,Hemerocallis middendorffii,大苞萱草,,,,,,,no_image
76789,Hemiculter tchangi,张氏&#x0000E070;,,,,,,,no_image
104172,Hemiboea subacaulis,短茎半蒴苣苔,,,,,,,no_image
41721,Hemielimaea mannhardti,曼氏半掩螽,,,,,,,no_image
104152,Hemiboea longisepala,长萼半蒴苣苔,,,,,,,no_image
147350,Hemimycena hirsuta,,,,,,,,no_image
41732,Hemilea infuscata,蒲公英半实蝇,,,,,,,no_image
41761,Hemipenthes tushetica,途枭斑翅蜂虻,,,,,,,no_image
41741,Hemipenthes apiculata,端尖斑翅蜂虻,,,,,,,no_image
76851,Hemisalanx brachyrostralis,短吻间银鱼,,,,,,,no_image
104204,Hemipilia limprichtii,短距舌喙兰,,,,,,,no_image
76833,Hemiphyllodactylus lungcuensis,龙古半叶趾虎,,,,,,,no_image
41785,Hemisphaerius sauteri,驳斑球瓢蜡蝉,,,,,,,no_image
41822,Hemithea aestivaria,红颜锈腰尺蛾,,,,,,,no_image
104210,Hemsleya amabilis,曲莲,,,,,,,no_image
41805,Hemistola orbiculosa,四圈无缰青尺蛾,,,,,,,no_image
104243,Hemsleya mitrata,帽果雪胆,,,,,,,no_image
104265,Henckelia briggsioides,鹤峰汉克苣苔,,,,,,,no_image
133801,Hendersonia oryzacola,,,,,,,,no_image
104285,Henckelia monantha,单花汉克苣苔,,,,,,,no_image
41860,Hepialus dinggyeensis,定结蝠蛾,,,,,,,no_image
6326,Hephthopelta littoralis,海滨熟盾蟹,,,,,,,no_image
41880,Hepialus meiliensis,梅里蝠蛾,,,,,,,no_image
76869,Henicorhynchus lineatus,单吻鱼,,,,,,,no_image
41900,Hepialus zhangmoensis,樟木蝠蛾,,,,,,,no_image
104335,Heptapleurum pauciflorum,球序鹅掌柴,,,,,,,no_image
104315,Heptapleurum ellipticum,密脉鹅掌柴,,,,,,,no_image
104357,Heracleum moellendorffii,短毛独活,,,,,,,no_image
41931,Hercostomus bispinifer,双刺寡长足虻,,,,,,,no_image
104375,Herbertus aduncus,剪叶苔,,,,,,,no_image
41911,Hercostomus acutilobatus,尖叶寡长足虻,,,,,,,no_image
41951,Hercostomus curvilobatus,弯叶寡长足虻,,,,,,,no_image
41971,Hercostomus ebaeus,小寡长足虻,,,,,,,no_image
42011,Hercostomus hypogaeus,地寡长足虻,,,,,,,no_image
42031,Hercostomus litargus,疾寡长足虻,,,,,,,no_image
41991,Hercostomus fluxus,流寡长足虻,,,,,,,no_image
42051,Hercostomus medialis,中生寡长足虻,,,,,,,no_image
42111,Hercostomus taipeiensis,台北寡长足虻,,,,,,,no_image
42091,Hercostomus serriformis,鞍形寡长足虻,,,,,,,no_image
42131,Hercostomus xishuiensis,习水寡长足虻,,,,,,,no_image
42071,Hercostomus pilifacies,毛颜寡长足虻,,,,,,,no_image
14798,Heriaeus convexus,凸毛蟹蛛,,,,,,,no_image
42151,Hermetia branchystyla,短芒扁角水虻,,,,,,,no_image
42150,Heringia sinica,华赫氏蚜蝇,,,,,,,no_image
104406,Herminium gongshanense,贡山角盘兰,,,,,,,no_image
42168,Hermonassa consignata,狭翅夜蛾,,,,,,,no_image
42188,Hermonassa marsypiophora,囊狭翅夜蛾,,,,,,,no_image
5829,Hermonia hystrix,三叉小鳞虫,,,,,,,no_image
3405,Hespererato nanhaiensis,南海金星爱神螺,,,,,,,no_image
104428,Herpetospermum pedunculosum,波棱瓜,,,,,,,no_image
42222,Herochroma perspicillata,宏始青尺蛾,,,,,,,no_image
16266,Hersilia asiatica,亚洲长纺蛛,,,,,,,no_image
42249,Hesperosoma klapperichi,,,,,,,,no_image
15645,Hessebius luculenta,明突石蜈蚣,,,,,,,no_image
6843,Heteractis magnifica,巨大异海葵,,,,,,,no_image
151976,Heterobasidion ecrustosum,无壳异担子菌,,,,,,,no_image
148870,Heterochaete mangensis,莽山刺皮,,,,,,,no_image
135284,Heterodermia flabellata,扇哑铃孢,,,,,,,no_image
76892,Heterodontus zebra,狭纹虎鲨,,,,,,,no_image
42322,Heteronychia curvifemoralis,曲股欧麻蝇,,,,,,,no_image
42295,Heteroconis terminalis,锐角异粉蛉,,,,,,,no_image
42315,Heterolygus tenuicornis,细角异草盲蝽,,,,,,,no_image
13411,Heteropoda gyirongensis,吉隆巨蟹蛛,,,,,,,no_image
76895,Heterophasia auricularis,白耳奇鹛,,,,,,,no_image
42351,Heterophleps variegara,丰异翅尺蛾,,,,,,,no_image
42363,Heterosmylus flavidus,淡黄异溪蛉,,,,,,,no_image
42370,Heterostylodes pilifera,草坪菊种蝇,,,,,,,no_image
42361,Heteroscinis siphonelloides,长管异影秆蝇,,,,,,,no_image
7589,Heteroxenia pinnata,羽状双异花软珊瑚,,,,,,,no_image
151521,Hexagonia rigida,硬蜂窝菌,,,,,,,no_image
104483,Heteropolygonatum ginfushanicum,金佛山异黄精,,,,,,,no_image
42432,Hexatoma fumidipennis,雾翅锦大蚊,,,,,,,no_image
42410,Hexatoma abdominalis,腹锦大蚊,,,,,,,no_image
42494,Hexatoma verticalis,顶锦大蚊,,,,,,,no_image
42452,Hexatoma mediofila,中线锦大蚊,,,,,,,no_image
42472,Hexatoma regina,,,,,,,,no_image
104525,Hibiscus austroyunnanensis,滇南芙蓉,,,,,,,no_image
42518,Hilara curviphallus,弯茎喜舞虻,,,,,,,no_image
42502,Hieroglyphus annulicornis,斑角蔗蝗,,,,,,,no_image
104548,Hibiscus surattensis,刺芙蓉,,,,,,,no_image
42538,Hilara nigritibialis,黑胫喜舞虻,,,,,,,no_image
104576,Hilliella rivulorum,河岸脬果荠,,,,,,,no_image
104586,Himalaiella abnormis,普兰须弥菊,,,,,,,no_image
16845,Himalphalangium palpalis,触喜盲蛛,,,,,,,no_image
42570,Hindothosea cervina,裔刺蛾,,,,,,,no_image
104650,Hiptage stenoptera,狭翅风筝果,,,,,,,no_image
76936,Hippichthys penicillus,笔状多环海龙,,,,,,,no_image
104616,Hippophae goniocarpa,棱果沙棘,,,,,,,no_image
42579,Hippocephala guangdongensis,,,,,,,,no_image
42582,Hippotion celerio,银条斜线天蛾,,,,,,,no_image
142176,Hirsutella gigantea,,,,,,,,no_image
42601,Hirtodrosophila dentata,齿毛果蝇,,,,,,,no_image
42622,Hirtodrosophila quadrivittata,四条毛果蝇,,,,,,,no_image
76967,Hirundichthys speculiger,尖鳍文鳐鱼,,,,,,,no_image
42645,Hister congener,康吉阎甲,,,,,,,no_image
42664,Hodotermopsiphila longisetosa,,,,,,,,no_image
13862,Hitobia asiatica,亚洲希托蛛,,,,,,,no_image
4989,Holascus ridleyi,利氏全囊海绵,,,,,,,no_image
147787,Hohenbuehelia horakii,,,,,,,,no_image
104686,Holcoglossum pumilum,假囊距兰,,,,,,,no_image
42677,Holobus yunnanensis,,,,,,,,no_image
42704,Holorusia basiflava,基黄棘膝大蚊,,,,,,,no_image
76987,Hologymnosus rhodonotus,玫瑰细鳞盔鱼,,,,,,,no_image
3233,Holothuria fuscogliva,黄乳海参,,,,,,,no_image
42724,Holorusia similis,宽斑棘膝大蚊,,,,,,,no_image
42732,Holotrochus pulcher,,,,,,,,no_image
104713,Homaliodendron montagneanum,西南树平藓,,,,,,,no_image
42752,Homalotylus trisubalbus,三白瓢虫跳小蜂,,,,,,,no_image
104731,Homalomena kelungensis,台湾千年健,,,,,,,no_image
76989,Homatula anguillioides,拟鳗副鳅,,,,,,,no_image
77009,Homatula wuliangensis,无量山副鳅,,,,,,,no_image
19022,Homidia sinensis,,,,,,,,no_image
18973,Homidia leei,,,,,,,,no_image
42792,Homolobus bifurcatus,双叉滑茧蜂,,,,,,,no_image
42774,Homoeotricha arisanica,三条叶喙实蝇,,,,,,,no_image
42852,Homoneura degenerata,无肢同脉缟蝇,,,,,,,no_image
4908,Homolomannia occlusa,封口类人面蟹,,,,,,,no_image
42832,Homoneura caloptera,美翅同脉缟蝇,,,,,,,no_image
42812,Homona magnanima,茶长卷蛾,,,,,,,no_image
42872,Homoneura forcipata,钳形同脉缟蝇,,,,,,,no_image
42892,Homoneura incompleta,叉刺新同脉缟蝇,,,,,,,no_image
42912,Homoneura longifurcata,长叉同脉缟蝇,,,,,,,no_image
42932,Homoneura orientis,东方褐同脉缟蝇,,,,,,,no_image
42992,Homoneura zhangae,张氏同脉缟蝇,,,,,,,no_image
42952,Homoneura septentrionalis,北方同脉缟蝇,,,,,,,no_image
42972,Homoneura triangulata,三角同脉缟蝇,,,,,,,no_image
77017,Hoolock hoolock,西白眉长臂猿,,,,,,,no_image
104765,Homostylium lavandulifolium,线叶紫菀,,,,,,,no_image
77022,Hoplichthys regani,长指棘鲬(雷氏棘鲬),,,,,,,no_image
43040,Hoplitis rufoantennalis,红角拟孔蜂,,,,,,,no_image
77026,Hoplolatilus cuniculus,似弱棘鱼,,,,,,,no_image
43066,Hoplotarache deceptrix,蒙陵夜蛾,,,,,,,no_image
43087,Horaia xizanga,西藏霍氏网蚊,,,,,,,no_image
43093,Horiisca hozawai,鹿角堀麻蝇,,,,,,,no_image
43113,Horithyatra decorata,边波纹蛾,,,,,,,no_image
43129,Horniella falcis,,,,,,,,no_image
104810,Horsfieldia kingii,大叶风吹楠,,,,,,,no_image
104819,Houpoea officinalis,厚朴,,,,,,,no_image
104840,Hoya dasyantha,厚花球兰,,,,,,,no_image
104860,Hoya lyi,香花球兰,,,,,,,no_image
104880,Hoya sichuanensis,四川球兰,,,,,,,no_image
12170,Huangyuania tibetana,西藏湟源蛛,,,,,,,no_image
43155,Hulodes hilaris,悦木夜蛾,,,,,,,no_image
144438,Humicola fuscoatra,,,,,,,,no_image
140493,Humaria humosa,土生土盘菌,,,,,,,no_image
140513,Humaria theleboloides,,,,,,,,no_image
104905,Hunteria zeylanica,仔榄树,,,,,,,no_image
43163,Hupodonta pulcherrima,丽霭舟蛾,,,,,,,no_image
104927,Huperzia laipoensis,雷波石杉,,,,,,,no_image
139518,Hyalinia inflatula,,,,,,,,no_image
43176,Hyalopeplus similis,斑楔透翅盲蝽,,,,,,,no_image
139531,Hyalorbilia nodulosa,结突晶圆盘菌,,,,,,,no_image
43183,Hyalurgus curvicercus,曲肛透翅寄蝇,,,,,,,no_image
43206,Hybomitra atripalpis,黑须瘤虻,,,,,,,no_image
4667,Hyastenus pleione,慈母互敬蟹,,,,,,,no_image
43226,Hybomitra fuscomaculata,棕斑瘤虻,,,,,,,no_image
43286,Hybomitra yajianensis,雅江瘤虻,,,,,,,no_image
43246,Hybomitra lyneborgi,里氏瘤虻,,,,,,,no_image
43266,Hybomitra pulchriventris,黄腹瘤虻,,,,,,,no_image
43306,Hybos biancistroides,双钩驼舞虻,,,,,,,no_image
43346,Hybos hanmianus,汉密驼舞虻,,,,,,,no_image
43326,Hybos dorsalis,背鬃驼舞虻,,,,,,,no_image
43386,Hybos pingbianensis,屏边驼舞虻,,,,,,,no_image
43366,Hybos longus,长板驼舞虻,,,,,,,no_image
43406,Hybos trifurcatus,三突驼舞虻,,,,,,,no_image
139716,Hydnotrya ploettneriana,,,,,,,,no_image
43443,Hydatothrips proximus,基裂绢蓟马,,,,,,,no_image
150181,Hydnochaete duportii,杜波特毛齿菌,,,,,,,no_image
7062,Hydractinia carnea,肉质介螅水母,,,,,,,no_image
43426,Hybridolinus flavocinctus,,,,,,,,no_image
104988,Hydrangea robusta,粗枝绣球,,,,,,,no_image
104964,Hydrangea coacta,毡毛绣球,,,,,,,no_image
43499,Hydriomena impluviata,文涅尺蛾,,,,,,,no_image
43479,Hydrellia geniculata,,,,,,,,no_image
43459,Hydrelia marginepunctata,星缘水尺蛾,,,,,,,no_image
43509,Hydrophoria aberrans,异隰蝇,,,,,,,no_image
7093,Hydrodendron arboreum,似枝碟螅,,,,,,,no_image
105005,Hydrocotyle calcicola,石山天胡荽,,,,,,,no_image
43529,Hydrophylita emporos,携播嗜水赤眼蜂,,,,,,,no_image
43532,Hydrosmecta sichuanensis,,,,,,,,no_image
43572,Hydrotaea muricilies,尖刺齿股蝇,,,,,,,no_image
43552,Hydrotaea cyrtoneurina,曲脉齿股蝇,,,,,,,no_image
43593,Hydrotaea spinigeroides,拟具刺齿股蝇,,,,,,,no_image
146397,Hygrocybe cystidiata,,,,,,,,no_image
105030,Hygroamblystegium noterophilum,沼生湿柳藓,,,,,,,no_image
105038,Hygrohypnum fontinaloides,长枝水灰藓,,,,,,,no_image
146417,Hygrocybe persistens,橙黄蜡伞,,,,,,,no_image
146439,Hygrophorus auratocephalus,橙黄蜡伞,,,,,,,no_image
146459,Hygrophorus discoxanthus,粉黄 蜡伞,,,,,,,no_image
146479,Hygrophorus ligatus,黄蜡伞,,,,,,,no_image
146519,Hygrophorus turundus,,,,,,,,no_image
146499,Hygrophorus poetarum,大白蜡伞,,,,,,,no_image
77107,Hyla tsinlingensis,秦岭雨蛙,,,,,,,no_image
43631,Hyllisia ruficolor,,,,,,,,no_image
16186,Hyleoglomeris proximata,近条纹木球马陆,,,,,,,no_image
16170,Hyleoglomeris albicorporis,白体木球马陆,,,,,,,no_image
105066,Hylodesmum podocarpum,长柄山蚂蟥,,,,,,,no_image
16020,Hylomus scutigeroides,,,,,,,,no_image
105106,Hymenaea verrucosa,疣果孪叶豆,,,,,,,no_image
105088,Hylotelephium maximowiczii,东北瓦松,,,,,,,no_image
2505,Hymeniacidon conulosa,园锥膜海绵,,,,,,,no_image
105121,Hymenasplenium murakami-hatanakae,单边膜叶铁角蕨,,,,,,,no_image
105155,Hymenidium ladyginii,南山滇藁本,,,,,,,no_image
77121,Hymenocephalus longibarbis,长须膜首鳕,,,,,,,no_image
150221,Hymenochaete minuscula,,,,,,,,no_image
150201,Hymenochaete crustacea,,,,,,,,no_image
146646,Hymenogaster arenarius,豆粒层腹菌,,,,,,,no_image
150241,Hymenochaete spathulata,,,,,,,,no_image
146666,Hymenogaster populetorum,杨生层腹菌,,,,,,,no_image
105186,Hymenophyllum exquisitum,玲珑蕗蕨,,,,,,,no_image
138340,Hymenoscyphus amentaceus,,,,,,,,no_image
77131,Hynobius chinensis,中国小鲵,,,,,,,no_image
105219,Hyoscyamus niger,天仙子,,,,,,,no_image
138360,Hymenoscyphus imberbis,无须膜盘菌,,,,,,,no_image
138380,Hymenoscyphus sclerogenus,硬膜盘菌,,,,,,,no_image
43697,Hyperaxis yaosanicus,瑶山鳞毛肖叶甲,,,,,,,no_image
105249,Hypericum enshiense,恩施金丝桃,,,,,,,no_image
43657,Hypena iconicalis,肖髯须夜蛾,,,,,,,no_image
105298,Hypericum rotundifolium,安龙金丝桃,,,,,,,no_image
43679,Hypena subcyanea,褐线髯须夜蛾,,,,,,,no_image
105273,Hypericum latisepalum,宽萼金丝桃,,,,,,,no_image
150930,Hyphoderma sibiricum,西伯利亚丝皮菌,,,,,,,no_image
77140,Hyperoglyphe japonica,日本栉鲳,,,,,,,no_image
150622,Hyphodontia crassa,厚层丝齿菌,,,,,,,no_image
150910,Hyphoderma albicans,白丝皮菌,,,,,,,no_image
43723,Hypnogyra formosae,,,,,,,,no_image
150642,Hyphodontia ovispora,,,,,,,,no_image
150662,Hyphodontia subspathulata,,,,,,,,no_image
148218,Hypholoma stellatum,星顶花边伞,,,,,,,no_image
43734,Hypocaccus balux,巴鲁皱额阎甲,,,,,,,no_image
105333,Hypochaeris chillensis,智利猫耳菊,,,,,,,no_image
183,Hypocolpus abbotti,双脊肝下穴蟹,,,,,,,no_image
139182,Hypoderma breve,,,,,,,,no_image
105347,Hypodematium glandulosum,腺毛肿足蕨,,,,,,,no_image
139200,Hypoderma pacificensis,,,,,,,,no_image
18713,Hypogastrura sheyangensis,,,,,,,,no_image
139217,Hypodermella macrospora,,,,,,,,no_image
135975,Hypogymnia pseudopruinosa,拟霜袋衣,,,,,,,no_image
135955,Hypogymnia hengduanensis,横断山袋衣,,,,,,,no_image
105376,Hypolepis resistens,密毛姬蕨,,,,,,,no_image
43777,Hypopygiopsis diversis,离叶巨尾蝇,,,,,,,no_image
141881,Hypomyces hyalinus,,,,,,,,no_image
43787,Hyporites leptinostylata,瘦叶山花蝇,,,,,,,no_image
136006,Hypotrachyna physcioides,,,,,,,,no_image
6303,Hypothalassia armata,武装深海蟹,,,,,,,no_image
9228,Hypozetes rostralis,,,,,,,,no_image
144614,Hypoxylon investiens,坚硬炭团菌,,,,,,,no_image
146999,Hypsizygus tessulatus,小斑玉蕈,,,,,,,no_image
77186,Hypsugo pulveratus,灰伏翼,,,,,,,no_image
132289,Hysterium juniperinum,,,,,,,,no_image
150726,Hysterangium album,白辐片包,,,,,,,no_image
43859,Hystriomyia nigrosetosa,墨鬃豪寄蝇,,,,,,,no_image
43833,Hysterura hypischyra,小杯尺蛾,,,,,,,no_image
77194,Ianthocincla lunulata,斑背噪鹛,,,,,,,no_image
105404,Ichnocarpus frutescens,腰骨藤,,,,,,,no_image
137341,Icmadophila ericetorum,霜降衣,,,,,,,no_image
43897,Idia quadra,波纹极夜蛾,,,,,,,no_image
43936,Idiostrangalia angustissima,,,,,,,,no_image
43914,Idiocera shantungensis,山东奇角大蚊,,,,,,,no_image
43953,Idricerus xianganus,湘完眼蝶角蛉,,,,,,,no_image
43977,Ilema vaneeckei,温棕毒蛾,,,,,,,no_image
43957,Ilema bhana,铜棕毒蛾,,,,,,,no_image
105435,Ilex chartacifolia,,,,,,,,no_image
105521,Ilex intricata,错枝冬青,,,,,,,no_image
105499,Ilex fukienensis,福建冬青,,,,,,,no_image
105468,Ilex denticulata,细齿冬青,,,,,,,no_image
105595,Ilex pingheensis,平和冬青,,,,,,,no_image
105572,Ilex micrococca,小果冬青,,,,,,,no_image
105618,Ilex sanqingshanensis,三清山冬青,,,,,,,no_image
105543,Ilex linii,汝昌冬青,,,,,,,no_image
77230,Ilisha melastoma,黑口鳓,,,,,,,no_image
105638,Ilex suzukii,铃木冬青,,,,,,,no_image
105671,Ilex verisimilis,湿生冬青,,,,,,,no_image
105732,Illigera grandiflora,大花青藤,,,,,,,no_image
105713,Illicium modestum,滇南八角,,,,,,,no_image
646,Ilyoplax serrata,锯眼泥蟹,,,,,,,no_image
105755,Impatiens angulata,棱茎凤仙花,,,,,,,no_image
105775,Impatiens bellula,美丽凤仙花,,,,,,,no_image
105795,Impatiens chlorosepala,绿萼凤仙花,,,,,,,no_image
105856,Impatiens gongchengensis,恭城凤仙花,,,,,,,no_image
105816,Impatiens cymbifera,舟状凤仙花,,,,,,,no_image
105878,Impatiens kamtilongensis,甘堤龙凤仙花,,,,,,,no_image
105836,Impatiens duclouxii,滇南凤仙花,,,,,,,no_image
105898,Impatiens lilacina,丁香色凤仙花,,,,,,,no_image
105918,Impatiens macrantha,大花凤仙花,,,,,,,no_image
105983,Impatiens porphyrea,紫色凤仙花,,,,,,,no_image
105941,Impatiens morsei,龙州凤仙花,,,,,,,no_image
106004,Impatiens rapiformis,芜菁状凤仙花,,,,,,,no_image
105961,Impatiens odontophylla,齿叶凤仙花,,,,,,,no_image
106024,Impatiens shenglanii,盛兰凤仙花,,,,,,,no_image
106047,Impatiens tajoensis,塔乔凤仙花,,,,,,,no_image
106068,Impatiens tsangshanensis,苍山凤仙花,,,,,,,no_image
106088,Impatiens xanthina,金黄凤仙花,,,,,,,no_image
136010,Imshaugia aleurites,,,,,,,,no_image
106122,Incarvillea mairei,鸡肉参,,,,,,,no_image
43992,Impatiophila bifurcata,裂瓣凤仙花果蝇,,,,,,,no_image
44012,Impatiophila pentamaculata,五斑凤仙花果蝇,,,,,,,no_image
106160,Indigofera densifructa,密果木蓝,,,,,,,no_image
106182,Indigofera jindongensis,景东木蓝,,,,,,,no_image
106134,Indigofera amblyantha,多花木蓝,,,,,,,no_image
106207,Indigofera pedicellata,具梗木蓝,,,,,,,no_image
106233,Indigofera suffruticosa,野青树,,,,,,,no_image
44059,Indomorphus parcus,,,,,,,,no_image
106253,Indocalamus hirtivaginatus,毛鞘箬竹,,,,,,,no_image
44078,Indonemoura tortuosa,弯突印叉(虫责),,,,,,,no_image
44042,Indocypha katharina,卡萨印鼻蟌,,,,,,,no_image
44092,Indoquedius chuen,,,,,,,,no_image
106281,Indosasa glabrata,算盘竹,,,,,,,no_image
5789,Inermonephtys palpata,须无疣齿吻沙蚕,,,,,,,no_image
44110,Indothemis carnatica,深蓝印蜻,,,,,,,no_image
146764,Inocybe descissa,灰褐丝盖伞大孢变种,,,,,,,no_image
146744,Inocybe avellanea,淡棕丝盖伞,,,,,,,no_image
150258,Inocutis dryophila,,,,,,,,no_image
77256,Inimicus cuvieri,居氏鬼鲉,,,,,,,no_image
146784,Inocybe glabrescens,,,,,,,,no_image
146844,Inocybe praetervisa,瞭望丝盖伞,,,,,,,no_image
146804,Inocybe leucoloma,白锦丝盖伞,,,,,,,no_image
146824,Inocybe obscura,暗丝盖伞,,,,,,,no_image
146864,Inocybe sphaerospora,球孢丝盖伞,,,,,,,no_image
146884,Inocybe xanthomelas,黄黑丝盖伞,,,,,,,no_image
150283,Inonotus hainanensis,海南纤孔菌,,,,,,,no_image
150303,Inonotus patouillardii,,,,,,,,no_image
150323,Inonotus tamaricis,怪柳纤孔菌,,,,,,,no_image
4171,Inquisitor minimarus,微小裁判螺,,,,,,,no_image
106301,Inula caspica,里海旋覆花,,,,,,,no_image
44143,Interphasma huayingshanense,华蓥山介䗛,,,,,,,no_image
106319,Involucrella lithophila,石生合叶耳草,,,,,,,no_image
106352,Ipomoea pes-tigridis,虎掌藤,,,,,,,no_image
138395,Ionomidotis fulvotingens,黑聚盘菌,,,,,,,no_image
106328,Ipomoea aquatica,蕹菜,,,,,,,no_image
44176,Iproca acuminata,,,,,,,,no_image
4260,Iredalea pygmaea,白密肋螺,,,,,,,no_image
106366,Iris anguifuga,单苞鸢尾,,,,,,,no_image
106418,Iris mandshurica,长白鸢尾,,,,,,,no_image
106390,Iris farreri,多斑鸢尾,,,,,,,no_image
106450,Iris tibetica,青海玉蝉花,,,,,,,no_image
150998,Irpex vellereus,软线耙菌,,,,,,,no_image
106495,Ischaemum magnum,大穗鸭嘴草,,,,,,,no_image
44199,Irwiniella sauteri,邵氏欧文剑虻,,,,,,,no_image
106480,Isachne truncata,平颖柳叶箬,,,,,,,no_image
141855,Isaria tenuipes,细脚棒束孢,,,,,,,no_image
44212,Ischnodora decolorata,,,,,,,,no_image
44252,Ischnosoma gemellum,,,,,,,,no_image
44275,Ischnostrangalis manipurensis,,,,,,,,no_image
44230,Ischnopsyllus octactenus,八栉蝠蚤,,,,,,,no_image
44312,Isodemis serpentinana,勐同卷蛾,,,,,,,no_image
15368,Ischnothyreus yueluensis,岳麓弱斑蛛,,,,,,,no_image
8161,Isis minorbrachyblasta,细枝竹节柳珊瑚,,,,,,,no_image
106528,Isodon elegans,秀丽香茶菜,,,,,,,no_image
106576,Isodon oreophilus,子宫草,,,,,,,no_image
106550,Isodon interruptus,间断香茶菜,,,,,,,no_image
106615,Isoetes baodongii,保东水韭,,,,,,,no_image
106600,Isodon silvaticus,林生香茶菜,,,,,,,no_image
44336,Isomyia caudidiversa,叉尾等彩蝇,,,,,,,no_image
3644,Isognomon perna,细肋钳蛤,,,,,,,no_image
106632,Isopaches decolorans,暗色等厚苔,,,,,,,no_image
44356,Isomyia quadrina,类方等彩蝇,,,,,,,no_image
44395,Isopsestis cuprina,铜波纹蛾,,,,,,,no_image
44400,Isoscelipteron formosense,台湾等鳞蛉,,,,,,,no_image
106653,Isothecium myosuroides,圆枝猫尾藓,,,,,,,no_image
106691,Isotrema ledongense,乐东关木通,,,,,,,no_image
18871,Isotomurus palustris,,,,,,,,no_image
106669,Isotrema faviogonzalezii,中越关木通,,,,,,,no_image
106711,Isotrema pseudohei,拟何氏关木通,,,,,,,no_image
106731,Isotrema yujungianum,裕荣关木通,,,,,,,no_image
77272,Istiblennius lineatus,条纹动齿鳚,,,,,,,no_image
44444,Istocheta ludingensis,泸定裸背寄蝇,,,,,,,no_image
44462,Itagonia provostii,原齿琵甲,,,,,,,no_image
44482,Italochrysa megista,巨意草蛉,,,,,,,no_image
150772,Ithyphallus coralloides,,,,,,,,no_image
106740,Itea indochinensis,毛鼠刺,,,,,,,no_image
106758,Ixeridium beauverdianum,狭叶小苦荬,,,,,,,no_image
106756,Iwatsukiella leucotricha,小柔齿藓,,,,,,,no_image
106781,Ixiolirion tataricum,鸢尾蒜,,,,,,,no_image
106798,Ixora paraopaca,版纳龙船花,,,,,,,no_image
15453,Jacaena zhui,朱氏雅卡蛛,,,,,,,no_image
44517,Jamides alecto,素雅灰蝶,,,,,,,no_image
44513,Jaeobson ordossana,内蒙杨梢肖叶甲,,,,,,,no_image
77309,Japalura andersoniana,长肢龙蜥,,,,,,,no_image
44543,Japonopsimus orientalis,,,,,,,,no_image
106853,Jasminum honghoense,红河素馨,,,,,,,no_image
106879,Jasminum sambac,茉莉花,,,,,,,no_image
8957,Javacarus kuehnelti,奎氏爪哇甲螨,,,,,,,no_image
44559,Jingia vestigialis,京夜蛾,,,,,,,no_image
44562,Jodia sericea,丝亮冬夜蛾,,,,,,,no_image
44585,Johannsenomyia sejuncta,台南约蠓,,,,,,,no_image
1185,Jouannetia cumingii,铃海笋,,,,,,,no_image
16143,Junceustreptus retrorsus,回草马陆,,,,,,,no_image
106967,Juncus papillosus,乳头灯芯草,,,,,,,no_image
106947,Juncus lanpinguensis,密花灯芯草,,,,,,,no_image
106925,Juncus diastrophanthus,星花灯芯草,,,,,,,no_image
106994,Juncus triglumis,贴苞灯芯草,,,,,,,no_image
151886,Junghuhnia nitida,光亮容氏孔菌,,,,,,,no_image
107059,Jurinea algida,矮小苓菊,,,,,,,no_image
107038,Juniperus przewalskii,祁连圆柏,,,,,,,no_image
107079,Justicia championii,圆苞杜根藤,,,,,,,no_image
10228,Jutarus benjaminae,,,,,,,,no_image
107099,Justicia patentiflora,野靛棵,,,,,,,no_image
107126,Kaempferia galanga,山柰,,,,,,,no_image
44616,Kalocyrma curota,苍祝蛾,,,,,,,no_image
44627,Kamimuria acutispina,尖刺钩(虫责),,,,,,,no_image
107138,Kalanchoe integra,匙叶伽蓝菜,,,,,,,no_image
44647,Kamimuria infumata,烟褐钩(虫责),,,,,,,no_image
44667,Kamimuria similis,相似钩(虫责),,,,,,,no_image
44701,Karnyothrips flavipes,黄径长鬃管蓟马,,,,,,,no_image
107150,Kandelia obovata,秋茄树,,,,,,,no_image
77346,Kaupichthys atronasus,黑吻眶鼻鳗,,,,,,,no_image
44718,Keilbachia grandiosa,大凯眼蕈蚊,,,,,,,no_image
107165,Kelloggia chinensis,云南钩毛果,,,,,,,no_image
107189,Kengyilia mutica,无芒仲彬草,,,,,,,no_image
18593,Keratella delicata,柔软龟甲轮虫，新种,,,,,,,no_image
4259,Kermia albofuniculata,筛孔棋盘螺,,,,,,,no_image
4312,Kermia tokyoensis,东京棋盘螺,,,,,,,no_image
44742,Kieffer melaphelus,黑滑矛螯蜂,,,,,,,no_image
15199,Khorata dawei,大围呵叻蛛,,,,,,,no_image
15135,Khorata qian,黔呵叻蛛,,,,,,,no_image
44755,Kingdonella longiconica,长锥金蝗,,,,,,,no_image
44771,Kiotina chiangi,蒋氏扣(虫责),,,,,,,no_image
133678,Kirschsteiniothelia reticulata,,,,,,,,no_image
15902,Kiulinga lobosa,叶牯岭马陆,,,,,,,no_image
107253,Knema lenta,狭叶红光树,,,,,,,no_image
7432,Koellikerina diforficulata,双叉八束水母,,,,,,,no_image
107286,Koenigia forrestii,大铜钱叶蓼,,,,,,,no_image
44818,Kolla procerula,短突边大叶蝉,,,,,,,no_image
107310,Koilodepas hainanense,白茶树,,,,,,,no_image
107314,Kopsia fruticosa,红花蕊木,,,,,,,no_image
44841,Koruthaialos rubecula,红标弄蝶,,,,,,,no_image
44856,Krakatauia recta,矩黯长足虻,,,,,,,no_image
153370,Kuehneola desmium,,,,,,,,no_image
144728,Kretzschmariella culmorum,,,,,,,,no_image
107342,Kungia aliciae,孔岩草,,,,,,,no_image
44920,Kunugia xichangensis,西昌杂枯叶蛾,,,,,,,no_image
44879,Kuldscha vicinalis,邻库尺蛾,,,,,,,no_image
107338,Kuhlhasseltia motuoensis,墨脱旗唇兰,,,,,,,no_image
107355,Kydia glabrescens,光叶翅果麻,,,,,,,no_image
77385,Kurixalus wangi,王氏原指树蛙,,,,,,,no_image
44936,Kutara tenuipenis,细茎增脉叶蝉,,,,,,,no_image
44962,Labanda viridaloides,绿润皮夜蛾,,,,,,,no_image
44977,Labomimus simplicipalpus,,,,,,,,no_image
135025,Laboulbenia divaricata,,,,,,,,no_image
135045,Laboulbenia partita,,,,,,,,no_image
146342,Laccaria altaica,,,,,,,,no_image
44986,Labrogomphus torvus,凶猛春蜓,,,,,,,no_image
146362,Laccaria vinaceoavellanea,,,,,,,,no_image
140544,Lachnea coccinea,,,,,,,,no_image
140564,Lachnea scutellata,毛盘菌,,,,,,,no_image
152054,Lachnocladium himalayense,喜马拉雅茸瑚,,,,,,,no_image
138650,Lachnum attenuatum,渐狭粒毛盘菌,,,,,,,no_image
147548,Lachnella rufo-olivacea,,,,,,,,no_image
138690,Lachnum lanariceps,树蕨粒毛盘菌,,,,,,,no_image
138730,Lachnum sclerotii,斯氏粒毛盘菌,,,,,,,no_image
138710,Lachnum oncospermatum,瘤状粒毛盘菌,,,,,,,no_image
138670,Lachnum cylindricum,柱孢粒毛盘菌,,,,,,,no_image
45017,Laciniodes pseudoconditaria,假隐网尺蛾,,,,,,,no_image
152108,Lactarius affinis,肉色乳菇,,,,,,,no_image
152128,Lactarius binchuanensis,宾川红菇,,,,,,,no_image
152148,Lactarius clarkeae,,,,,,,,no_image
152168,Lactarius fragilis,脆香乳菇,,,,,,,no_image
152207,Lactarius medusae,,,,,,,,no_image
152227,Lactarius oomsisiensis,欧姆斯乳菇,,,,,,,no_image
152188,Lactarius indigo,靛蓝乳菇,,,,,,,no_image
152247,Lactarius pubescens,绒边乳菇,,,,,,,no_image
152267,Lactarius scrobianulatus,窝柄黄乳菇,,,,,,,no_image
152287,Lactarius thejogolus,,,,,,,,no_image
152307,Lactifluus corrugis,皱皮多汁乳菇,,,,,,,no_image
17561,Laeocathaica pewzowi,皮氏射带蜗牛,,,,,,,no_image
107383,Lactuca triangulata,翼柄翅果菊,,,,,,,no_image
400,Laevicirce soyoae,苍鹰光美女蛤,,,,,,,no_image
107393,Lagerstroemia anhuiensis,安徽紫薇,,,,,,,no_image
17710,Lagochilus sexfilaris,六线兔唇螺,,,,,,,no_image
107413,Laggera alata,六棱菊,,,,,,,no_image
45041,Lagynogaster fuliginosa,黑纹棒腹食虫虻,,,,,,,no_image
107448,Lagotis macrosiphon,大筒兔耳草,,,,,,,no_image
10776,Lambis truncata,瘤平顶蜘蛛螺,,,,,,,no_image
138858,Lambertella guizhouensis,贵州兰伯盘菌,,,,,,,no_image
45068,Lamellocerambyx laosensis,,,,,,,,no_image
45079,Lamprophthalma rhomalea,壮丽广口蝇,,,,,,,no_image
77442,Lampanyctus alatus,翼珍灯鱼,,,,,,,no_image
140572,Lamprospora crechqueraultii,刺孢齿盘菌,,,,,,,no_image
15725,Lamyctes pachypes,胖足石蜈蚣,,,,,,,no_image
77462,Lanius collurioides,栗背伯劳,,,,,,,no_image
138873,Lanzia aurantiaca,橙色兰斯盘菌,,,,,,,no_image
107486,Lappula deserticola,沙生鹤虱,,,,,,,no_image
45119,Laosaphrodisium crassum,,,,,,,,no_image
45139,Laphria taipinensis,太平毛食虫虻,,,,,,,no_image
77495,Larimichthys polyactis,小黄鱼,,,,,,,no_image
107509,Lappula physacantha,囊刺鹤虱,,,,,,,no_image
45144,Lariophagus distinguendus,米象娜金小蜂,,,,,,,no_image
77509,Larus schistisagus,灰背鸥,,,,,,,no_image
137698,Lasallia pertusa,孔疱脐衣,,,,,,,no_image
107565,Lasianthus fordii,罗浮粗叶木,,,,,,,no_image
107596,Lasianthus wardii,滇西粗叶木,,,,,,,no_image
45150,Lasiocampa eversmanni,艾雯枯叶蛾,,,,,,,no_image
45201,Lasiohelea hainana,海南蠛蠓,,,,,,,no_image
45166,Lasiochila dimidiatipennis,半鞘毛唇潜甲,,,,,,,no_image
45221,Lasiohelea multispina,多棘蠛蠓,,,,,,,no_image
45181,Lasiohelea bambusa,竹林蠛蠓,,,,,,,no_image
45260,Lasiomma craspedodonta,缘齿纤目花蝇,,,,,,,no_image
45241,Lasiohelea thyesta,曲茎蠛蠓,,,,,,,no_image
45282,Lasionycta nana,宁茸夜蛾,,,,,,,no_image
9418,Lasioseius huangheensis,,,,,,,,no_image
9392,Lasioseius schizopilus,,,,,,,,no_image
6428,Laternula nanhaiensis,南海鸭嘴蛤,,,,,,,no_image
45297,Lasiplexia chalybeata,铅色毡夜蛾,,,,,,,no_image
45318,Lathrobium aquilinum,,,,,,,,no_image
45338,Lathrobium bisinuatum,,,,,,,,no_image
45358,Lathrobium crenatum,,,,,,,,no_image
45378,Lathrobium erlangense,,,,,,,,no_image
45398,Lathrobium grebennikovi,,,,,,,,no_image
45438,Lathrobium lijiangense,,,,,,,,no_image
45418,Lathrobium inflexum,,,,,,,,no_image
45498,Lathrobium spinigerum,,,,,,,,no_image
45458,Lathrobium nenkaoicum,,,,,,,,no_image
45478,Lathrobium rougemonti,,,,,,,,no_image
45558,Lathyrophthalmus octopunctatus,八斑斑目蚜蝇,,,,,,,no_image
45538,Lathrobium zhangi,,,,,,,,no_image
45518,Lathrobium verminatum,,,,,,,,no_image
107629,Lathyrus pisiformis,大托叶山黧豆,,,,,,,no_image
45564,Latiborophora bathmis,小痣阔蚤蝇,,,,,,,no_image
77539,Laudakia wui,吴氏岩蜥,,,,,,,no_image
10839,Latouchia fasciata,束垃土蛛,,,,,,,no_image
45588,Latreille pyrillivorus,食蜡蝉螯蜂,,,,,,,no_image
107651,Laurencia silvai,赛氏凹顶藻,,,,,,,no_image
45593,Layahima chiangi,澜沧雅蚁蛉,,,,,,,no_image
18149,Lecane pumila,短趾腔轮虫,,,,,,,no_image
18152,Lecane althausi,爱尔逊腔轮虫,,,,,,,no_image
18176,Lecane grandis,大腔轮虫,,,,,,,no_image
136518,Lecania mongolica,,,,,,,,no_image
135667,Lecanora amicalis,善茶渍,,,,,,,no_image
135687,Lecanora cinereocarnea,肉灰茶渍,,,,,,,no_image
135707,Lecanora helva,淡栗茶渍,,,,,,,no_image
135727,Lecanora oreinoides,,,,,,,,no_image
135747,Lecanora semipallida,,,,,,,,no_image
136705,Lecidea hypocrita,伪网衣,,,,,,,no_image
136725,Lecidea parasema,侧点梅衣,,,,,,,no_image
149169,Leccinum brunneo-olivaceum,橄榄色疣柄牛肝菌,,,,,,,no_image
107661,Lecanorchis japonica,盂兰,,,,,,,no_image
149189,Leccinum quercinum,栋疣柄牛肝菌,,,,,,,no_image
136685,Lecidea andersonii,,,,,,,,no_image
45620,Lecithocera aulias,半网平祝蛾,,,,,,,no_image
135768,Lecidella bullata,泡状小网衣,,,,,,,no_image
45660,Lecithocera meyricki,麦氏祝蛾,,,,,,,no_image
107681,Leea glabra,光叶火筒树,,,,,,,no_image
45694,Leeuwenia pasanii,帕氏毛管蓟马,,,,,,,no_image
45640,Lecithocera gemma,蕾祝蛾,,,,,,,no_image
45680,Lecithocera shanpinensis,山平祝蛾,,,,,,,no_image
16751,Leclercera lizi,梨子利克蛛,,,,,,,no_image
45707,Leia pilosa,柔毛滑菌蚊,,,,,,,no_image
77545,Leiocassis tenuifurcatus,叉尾&#x0000E067;,,,,,,,no_image
77552,Leioptila annectens,栗背奇鹛,,,,,,,no_image
107734,Lejeunea obscura,暗绿细鳞苔,,,,,,,no_image
107754,Lemna minuta,单脉萍,,,,,,,no_image
107714,Lejeunea compacta,耳瓣细鳞苔,,,,,,,no_image
45741,Lemba daguanensis,大关舟形蝗,,,,,,,no_image
45804,Lemyra sincera,纯望灯蛾,,,,,,,no_image
107704,Leiospora pamirica,帕米尔光籽芥,,,,,,,no_image
45757,Lemula japonica,,,,,,,,no_image
45780,Lemyra imparilis,奇特望灯蛾,,,,,,,no_image
7743,Lensia lelouveteau,多棱浅室水母,,,,,,,no_image
151537,Lentinus lindquistii,临川香菇,,,,,,,no_image
151960,Lentinellus micheneri,米切纳螺壳菌,,,,,,,no_image
107789,Leontopodium nyingchiense,林芝火绒草,,,,,,,no_image
8910,Leobodes yinae,尹氏不倒翁甲螨,,,,,,,no_image
107766,Leontopodium calocephalum,美头火绒草,,,,,,,no_image
45814,Lentistivalius occidentayunnanus,滇西韧棒蚤,,,,,,,no_image
139061,Leotia lubrica,润滑锤舌菌,,,,,,,no_image
107809,Leonurus sibiricus,细叶益母草,,,,,,,no_image
18666,Lepadella patella,盘状鞍甲轮虫,,,,,,,no_image
107819,Lepidagathis inaequalis,卵叶鳞花草,,,,,,,no_image
107830,Lepidium capitatum,头花独行菜,,,,,,,no_image
77570,Lepidobero sinensis,中华鳞舌杜父鱼,,,,,,,no_image
993,Lepidonotus hainanicus,海南背鳞虫,,,,,,,no_image
145292,Lepiota atrosquamulosa,黑鳞环柄菇,,,,,,,no_image
107868,Lepidozia vitrea,硬指叶苔,,,,,,,no_image
77586,Lepidotrigla longifaciata,长头红娘鱼,,,,,,,no_image
145312,Lepiota citrophylla,橙褶环柄菇,,,,,,,no_image
145332,Lepiota fraterna,,,,,,,,no_image
145352,Lepiota implana,,,,,,,,no_image
145372,Lepiota meleagris,珠鸡斑环柄菇,,,,,,,no_image
145412,Lepiota subprocera,,,,,,,,no_image
107875,Lepisanthes hainanensis,鳞花木,,,,,,,no_image
145392,Lepiota puellaris,,,,,,,,no_image
148486,Lepista flaccida,黄白香蘑,,,,,,,no_image
107937,Lepisorus subhemionitideus,滇鳞果星蕨,,,,,,,no_image
107895,Lepisorus ensatus,剑叶盾蕨,,,,,,,no_image
107917,Lepisorus morrisonensis,白边瓦韦,,,,,,,no_image
136601,Lepraria aeruginosa,蓝绿痢屑衣,,,,,,,no_image
45834,Leptepania insularis,,,,,,,,no_image
45842,Leptidea morsei,莫氏小粉蝶,,,,,,,no_image
45820,Leptacinus harbinensis,,,,,,,,no_image
45866,Leptobelus hunanensis,湘显顶矛角蝉,,,,,,,no_image
77609,Leptobotia tientainensis,扁尾薄鳅,,,,,,,no_image
107966,Leptochilus axillaris,薄唇蕨,,,,,,,no_image
107991,Leptochilus wrightii,褐叶线蕨,,,,,,,no_image
45873,Leptocentrus florifacialis,花面弧角蝉,,,,,,,no_image
45919,Leptoconops longicauda,长尾细蠓,,,,,,,no_image
45939,Leptoconops yalongensis,牙龙细蠓,,,,,,,no_image
45899,Leptoconops bailangensis,白浪细蠓,,,,,,,no_image
108014,Leptodermis kumaonensis,吉隆野丁香,,,,,,,no_image
137121,Leptogium asiaticum,亚洲猫耳衣,,,,,,,no_image
45947,Leptogaster basilaris,基细腹食虫虻,,,,,,,no_image
108044,Leptodermis vestita,广东野丁香,,,,,,,no_image
108067,Leptogramma mollissima,毛叶茯蕨,,,,,,,no_image
137141,Leptogium hypotrachynum,,,,,,,,no_image
45979,Leptomastix auraticorpus,,,,,,,,no_image
77627,Leptojulis urostigma,尾斑蓝胸鱼,,,,,,,no_image
45967,Leptogomphus divaricatus,歧角纤春蜓,,,,,,,no_image
868,Leptomya pura,洁小海螂,,,,,,,no_image
16595,Leptonetela gang,缸小弱蛛,,,,,,,no_image
16682,Leptonetela lineata,线形小弱蛛,,,,,,,no_image
16632,Leptonetela nuda,裸小弱蛛,,,,,,,no_image
16623,Leptonetela shuilian,水帘小弱蛛,,,,,,,no_image
16665,Leptonetela zakou,扎口小弱蛛,,,,,,,no_image
8147,Leptoseris yabei,叶形柔纹珊瑚,,,,,,,no_image
108114,Leptopyrum fumarioides,蓝堇草,,,,,,,no_image
139831,Leptopodia klotzschiana,,,,,,,,no_image
108102,Leptopterigynandrum piliferum,毛尖叉羽藓,,,,,,,no_image
133698,Leptosphaeria guiyan,,,,,,,,no_image
133718,Leptosphaeria vagabunda,,,,,,,,no_image
143085,Leptothyrium camelliae,,,,,,,,no_image
77638,Leptostomias multifilis,多纹纤巨口鱼,,,,,,,no_image
46026,Leptotarsus quadriniger,宽黑龙大蚊,,,,,,,no_image
46046,Leptura auratopilosa,金绒花天牛,,,,,,,no_image
9436,Leptus brachypodos,,,,,,,,no_image
46101,Leptusa discolor,,,,,,,,no_image
46066,Leptura nigroguttata,,,,,,,,no_image
46141,Leptusa taiwanensis,,,,,,,,no_image
46121,Leptusa parvibulbata,,,,,,,,no_image
77649,Lepus tibetanus,中亚兔,,,,,,,no_image
108138,Leskea scabrinervis,粗肋薄罗藓,,,,,,,no_image
108163,Lespedeza hengduanshanensis,横断山胡枝子,,,,,,,no_image
140908,Lespiaultinia oligosperma,,,,,,,,no_image
46175,Lesteva dabashanensis,,,,,,,,no_image
46195,Lesteva ruficollis,,,,,,,,no_image
46229,Lethe christophi,棕褐黛眼蝶,,,,,,,no_image
77676,Lethrinus ornatus,短吻裸颊鲷,,,,,,,no_image
46210,Letana despecta,德斯环螽,,,,,,,no_image
46265,Lethe mataja,马太黛眼蝶,,,,,,,no_image
46316,Leucania ferrilinea,黑线粘夜蛾,,,,,,,no_image
46336,Leucania proxima,白钩粘夜蛾,,,,,,,no_image
108197,Leucanthemum vulgare,滨菊,,,,,,,no_image
46293,Lethe verma,玉带黛眼蝶,,,,,,,no_image
14963,Leucauge subgemmea,亚蕾银鳞蛛,,,,,,,no_image
7898,Leuckartiara octona,八瓣隔膜水母,,,,,,,no_image
145442,Leucoagaricus purpureolilacinus,,,,,,,,no_image
17011,Leucochloridium japonicum,日本彩蚴吸虫,,,,,,,no_image
145457,Leucocoprinus cygneus,天鹅色环柄菇,,,,,,,no_image
108236,Leucodon sphaerocarpus,龙珠白齿藓,,,,,,,no_image
46369,Leucocraspedum sinicum,,,,,,,,no_image
46377,Leucoma candida,杨雪毒蛾,,,,,,,no_image
46395,Leuconemacris microptera,小翅白纹蝗,,,,,,,no_image
46412,Leucophenga bicuspidata,双突白果蝇,,,,,,,no_image
108247,Leucophanes candidum,爪哇白睫藓,,,,,,,no_image
46432,Leucophenga hirticeps,毛头白果蝇,,,,,,,no_image
46452,Leucophenga pectinata,梳翅白果蝇,,,,,,,no_image
46510,Leucophora xinjiangensis,新疆植蝇,,,,,,,no_image
46472,Leucophenga shillomgensis,西隆白果蝇,,,,,,,no_image
2632,Leucosia biminentis,双疣玉蟹,,,,,,,no_image
46529,Leurocerus hongkongensis,香港全棒跳小蜂,,,,,,,no_image
46490,Leucophora amicula,合眶植蝇,,,,,,,no_image
138069,Leveillula tropaeoli,,,,,,,,no_image
108271,Lewinskya speciosa,黄显孔藓,,,,,,,no_image
46524,Leucostoma simplex,简亮寄蝇,,,,,,,no_image
108286,Leymus karelinii,大药赖草,,,,,,,no_image
9015,Liacarus emeiensis,峨眉丽甲螨,,,,,,,no_image
108323,Liagora paniculata,圆锥粉枝藻,,,,,,,no_image
46541,Liancalus lasius,毛联长足虻,,,,,,,no_image
108354,Libanotis laoshanensis,老山岩风,,,,,,,no_image
46557,Libido voluptuosa,黑点黎舟蛾,,,,,,,no_image
46577,Libnotes subopaca,亚序亮大蚊,,,,,,,no_image
136042,Lichen spodochrous,,,,,,,,no_image
136022,Lichen chinensis,,,,,,,,no_image
9204,Licnodamaeus pulcherrimus,美扇珠甲螨,,,,,,,no_image
4200,Lienardia occelata,花瓣狭口螺,,,,,,,no_image
108436,Ligularia macrodonta,大齿橐吾,,,,,,,no_image
108368,Ligularia anoleuca,白序橐吾,,,,,,,no_image
108388,Ligularia dictyoneura,网脉橐吾,,,,,,,no_image
108412,Ligularia jiajinshanensis,夹金山橐吾,,,,,,,no_image
108458,Ligularia platyglossa,宽舌橐吾,,,,,,,no_image
108482,Ligularia stenoglossa,裂舌橐吾,,,,,,,no_image
108504,Ligulariopsis shichuana,假橐吾,,,,,,,no_image
108524,Ligusticopsis scapiformis,抽莛拟藁本,,,,,,,no_image
108544,Ligustrum compactum,长叶女贞,,,,,,,no_image
46616,Ligyra sphinx,奇丽蜂虻,,,,,,,no_image
108575,Ligustrum sempervirens,裂果女贞,,,,,,,no_image
108609,Lilium concolor,渥丹,,,,,,,no_image
108692,Lilium wenshanense,文山百合,,,,,,,no_image
108639,Lilium leucanthum,宜昌百合,,,,,,,no_image
108671,Lilium pumilum,山丹,,,,,,,no_image
145566,Limacella guttata,斑粘伞,,,,,,,no_image
5859,Limaria perfragilis,薄壳雪锉蛤,,,,,,,no_image
46660,Limnophora argentifrons,银额池蝇,,,,,,,no_image
46644,Limenitis sulpitia,残锷线蛱蝶,,,,,,,no_image
77722,Limnonectes nguyenorum,阮氏大头娃,,,,,,,no_image
46680,Limnophora flavifrons,黄额池蝇,,,,,,,no_image
46700,Limnophora nigripes,黑足池蝇,,,,,,,no_image
46757,Limonia fraudulenta,伪沼大蚊,,,,,,,no_image
46721,Limnophora setinevoides,类鬃脉池蝇,,,,,,,no_image
108713,Limonium chrysocomum,簇枝补血草,,,,,,,no_image
46742,Limnophyes opimus,长棘沼摇蚊,,,,,,,no_image
149833,Limonomyces roseipellis,,,,,,,,no_image
46784,Linan fortunatus,,,,,,,,no_image
108745,Linaria longicalcarata,长距柳穿鱼,,,,,,,no_image
46814,Linda scopigera,,,,,,,,no_image
108790,Lindera metcalfiana,滇粤山胡椒,,,,,,,no_image
108770,Lindera angustifolia,狭叶山胡椒,,,,,,,no_image
108853,Lindsaea chingii,碎叶鳞始蕨,,,,,,,no_image
108843,Lindernia rotundifolia,圆叶母草,,,,,,,no_image
108823,Lindernia antipoda,泥花草,,,,,,,no_image
46826,Lineopalpa birena,双瞳齿缘夜蛾,,,,,,,no_image
108866,Linnaea borealis,北极花,,,,,,,no_image
141289,Linocarpon pandani,,,,,,,,no_image
46850,Linnaemya perinealis,长肛短须寄蝇,,,,,,,no_image
108875,Linum usitatissimum,亚麻,,,,,,,no_image
6822,Liochthonius strenzkei,斯氏滑缝甲螨,,,,,,,no_image
77754,Liobagrus marginatus,白缘&#x0000E056;,,,,,,,no_image
46882,Liodrosophila globosa,圆身曙果蝇,,,,,,,no_image
46902,Liogluta hezuoensis,,,,,,,,no_image
46922,Liogluta serpentitheca,,,,,,,,no_image
170,Liomera monticulosa,高山花瓣蟹,,,,,,,no_image
77779,Liopropoma susumi,孙氏长鲈,,,,,,,no_image
46961,Liosarcophaga kanoi,六郎醬麻蝇,,,,,,,no_image
47001,Liothrips kuwanai,桑名滑管蓟马,,,,,,,no_image
46981,Liotesba antonellae,,,,,,,,no_image
108881,Liparis angustioblonga,狭瓣羊耳蒜,,,,,,,no_image
108900,Liparis elegahs,秀雅羊耳蒜,,,,,,,no_image
108919,Liparis mae,麻氏羊耳蒜,,,,,,,no_image
108937,Liparis resupinata,蕊丝羊耳蒜,,,,,,,no_image
108953,Lipocarpha chinensis,华湖瓜草,,,,,,,no_image
47025,Lipsothrix mirabilis,奇异脂大蚊,,,,,,,no_image
108977,Liriope longipedicellata,长梗山麦冬,,,,,,,no_image
47028,Liriomyza artemisicola,蒿斑潜蝇,,,,,,,no_image
47051,Lispe bivittata,双条溜蝇,,,,,,,no_image
47113,Lispocephala frigida,寒溜头秽蝇,,,,,,,no_image
47093,Lispe vittipennis,明翅溜蝇,,,,,,,no_image
47073,Lispe litorea,海滨溜蝇,,,,,,,no_image
47133,Lispocephala pectinata,突额溜头秽蝇,,,,,,,no_image
15703,Lithobius hummeli,胡梅石蜈蚣,,,,,,,no_image
15692,Lithobius anabilineatus,拟双线石蜈蚣,,,,,,,no_image
47153,Litchiomyia chinensis,中国荔枝瘿蚊,,,,,,,no_image
47149,Lissocephala metallescens,光泽头滑果蝇,,,,,,,no_image
15716,Lithobius polyommatus,多眼石蜈蚣,,,,,,,no_image
15636,Lithobius zhui,朱氏石蜈蚣,,,,,,,no_image
109005,Lithocarpus cinereus,炉灰柯,,,,,,,no_image
109100,Lithocarpus petelotii,星毛柯,,,,,,,no_image
109121,Lithocarpus trachycarpus,糙果柯,,,,,,,no_image
109056,Lithocarpus henryi,灰柯,,,,,,,no_image
109078,Lithocarpus macilentus,粉叶柯,,,,,,,no_image
109036,Lithocarpus elmerrillii,万宁柯,,,,,,,no_image
3472,Lithodes turritus,塔形石蟹,,,,,,,no_image
47182,Lithophane pruinosa,霜石冬夜蛾,,,,,,,no_image
134663,Lithothelium illotum,,,,,,,,no_image
109163,Litsea coreana,朝鲜木姜子,,,,,,,no_image
109143,Litostigma crystallinum,水晶凹柱苣苔,,,,,,,no_image
109250,Litsea verticillifolia,琼南木姜子,,,,,,,no_image
109193,Litsea kwangsiensis,红楠刨,,,,,,,no_image
109220,Litsea pseudoelongata,竹叶木姜子,,,,,,,no_image
77792,Liuixalus hainanus,海南刘树蛙,,,,,,,no_image
47231,Ljungh leurosipropodeus,滑背双距螯蜂,,,,,,,no_image
47213,Lixophaga fallax,伪利索寄蝇,,,,,,,no_image
19237,Lobella perfusa,,,,,,,,no_image
137166,Lobaria amplissima,,,,,,,,no_image
109277,Lobelia drungjiangensis,独龙江山梗菜,,,,,,,no_image
137186,Lobaria pulmonaria,肺衣,,,,,,,no_image
47257,Lobesia reliquana,花翅小卷蛾,,,,,,,no_image
7216,Lobophytum verrucosum,多疣叶软珊瑚,,,,,,,no_image
47274,Lobophorodes undulans,波纹拟叶尺蛾,,,,,,,no_image
7229,Lobophytum hirsutum,粗糙叶软珊瑚,,,,,,,no_image
47329,Lobrathium smetanai,,,,,,,,no_image
47289,Lobrathium cornutissimum,,,,,,,,no_image
109300,Loeseneriella merrilliana,翅子藤,,,,,,,no_image
77805,Locustella alishanensis,台湾短翅蝗莺,,,,,,,no_image
47368,Lomechusoides sibiricus,,,,,,,,no_image
16890,Lomanius formosae,台湾罗氏盲蛛,,,,,,,no_image
109336,Lomatogonium micranthum,小花肋柱花,,,,,,,no_image
47309,Lobrathium hongkongense,,,,,,,,no_image
47383,Lonchodes guangdongensis,广东长足异䗛,,,,,,,no_image
47403,Lonchoptera orientalis,东方尖翅蝇,,,,,,,no_image
17193,Longigula auris,耳长管吸虫,,,,,,,no_image
17275,Longitrema piriforme,梨形长盘吸虫,,,,,,,no_image
109368,Lonicera ferdinandi,葱皮忍冬,,,,,,,no_image
109423,Lonicera stephanocarpa,冠果忍冬,,,,,,,no_image
109399,Lonicera macranthoides,灰毡毛忍冬,,,,,,,no_image
109445,Lophatherum gracile,淡竹叶,,,,,,,no_image
5572,Lopadorhynchus uncinatus,方盘首蚕,,,,,,,no_image
4344,Lophiotoma ina,内飞螺,,,,,,,no_image
139254,Lophodermium breve,,,,,,,,no_image
47446,Lophocosma intermedia,中介冠舟蛾,,,,,,,no_image
139274,Lophodermium implicatum,纠丝散斑壳,,,,,,,no_image
139294,Lophodermium nitens,光亮散斑壳,,,,,,,no_image
139314,Lophodermium sapoti,,,,,,,,no_image
109455,Lopholejeunea zollingeri,宽叶冠鳞苔,,,,,,,no_image
47484,Lophoptera squammigera,暗裙脊蕊夜蛾,,,,,,,no_image
47504,Lophosia jiangxiensis,江西罗佛寄蝇,,,,,,,no_image
47466,Lophophelma funebrosa,索冠尺蛾,,,,,,,no_image
47516,Lophotyna albosignata,峨夜蛾,,,,,,,no_image
138764,Loramyces macrosporus,,,,,,,,no_image
47535,Lordiphosa deqenensis,德钦拱背果蝇,,,,,,,no_image
47599,Loxocera lunata,新月长角茎蝇,,,,,,,no_image
47555,Lordiphosa ramipara,等枝拱背果蝇,,,,,,,no_image
77874,Loriculus vernalis,短尾鹦鹉,,,,,,,no_image
47586,Loxerebia martyr,黑舜眼蝶,,,,,,,no_image
16247,Loxosceles rufescens,红平甲蛛,,,,,,,no_image
109501,Loxogramme duclouxii,褐柄剑蕨,,,,,,,no_image
109485,Lotus krylovii,中亚百脉根,,,,,,,no_image
4999,Lucifer hanseni,汉森莹虾,,,,,,,no_image
8844,Lucoppia spinosissima,棘光亮奥甲螨,,,,,,,no_image
47639,Lucilia regalis,长叶绿蝇,,,,,,,no_image
109534,Luffa acutangula,广东丝瓜,,,,,,,no_image
77911,Lutjanus bohar,白斑笛鲷,,,,,,,no_image
109548,Luisia ramosii,宽瓣钗子股,,,,,,,no_image
109559,Lupinus angustifolius,狭叶羽扇豆,,,,,,,no_image
77931,Lutjanus rufolineatus,红纹笛鲷,,,,,,,no_image
47665,Luzonimyia stictogaster,斑腹吕宋果蝇,,,,,,,no_image
47669,Luzulaspis crassispina,云南狭毡蜡蚧,,,,,,,no_image
109603,Lycianthes macrodon,大齿红丝线,,,,,,,no_image
77939,Lycodon capucinus,白枕链蛇,,,,,,,no_image
146941,Lycoperdon hyemale,冬季马勃,,,,,,,no_image
77959,Lycodon serratus,锯纹链蛇（锯纹白环蛇）,,,,,,,no_image
146921,Lycoperdon echinulatum,,,,,,,,no_image
146961,Lycoperdon perlatum,网纹马勃,,,,,,,no_image
146981,Lycoperdon vesparium,,,,,,,,no_image
47696,Lycoriella anjiana,安吉厉眼蕈蚊,,,,,,,no_image
47716,Lycoriella longisetae,长毛厉眼蕈蚊,,,,,,,no_image
16488,Lycosa formosana,台湾狼蛛,,,,,,,no_image
109657,Lycoris guangxiensis,广西石蒜,,,,,,,no_image
16407,Lycosa yunnanensis,云南狼蛛,,,,,,,no_image
47748,Lygephila viciae,蚕豆影夜蛾,,,,,,,no_image
47777,Lygus gemellatus,青绿草盲蝽,,,,,,,no_image
47796,Lymantria dispar,舞毒蛾,,,,,,,no_image
47767,Lygocoris pabulinus,原丽盲蝽,,,,,,,no_image
47816,Lymantria singapura,新加坡毒蛾,,,,,,,no_image
109682,Lyonia compta,秀丽珍珠花,,,,,,,no_image
147014,Lyophyllum infumatum,烟熏离褶伞,,,,,,,no_image
47834,Lypesthes fulvus,棕筒胸肖叶甲,,,,,,,no_image
2174,Lyrocardium lyratum,斜纹鸟蛤,,,,,,,no_image
109727,Lysimachia congestiflora,临时救,,,,,,,no_image
109749,Lysimachia excisa,短柱珍珠菜,,,,,,,no_image
109772,Lysimachia huangsangensis,黄桑过路黄,,,,,,,no_image
109706,Lysimachia brachyandra,短蕊香草,,,,,,,no_image
109793,Lysimachia longipes,长梗过路黄,,,,,,,no_image
109817,Lysimachia patungensis,巴东过路黄,,,,,,,no_image
109839,Lysimachia reflexiloba,折瓣珍珠菜,,,,,,,no_image
109863,Lysimachia subverticellata,轮花香草,,,,,,,no_image
14794,Lysiteles bicuspidatus,双尖微蟹蛛,,,,,,,no_image
109915,Lysionotus petelotii,细萼吊石苣苔,,,,,,,no_image
109885,Lysionotus cangyuanensis,沧源吊石苣苔,,,,,,,no_image
5187,Lysmata ternatensis,特纳双鞭虾,,,,,,,no_image
14623,Lysiteles linzhiensis,林芝微蟹蛛,,,,,,,no_image
47869,Maaserphus gansuensis,甘肃马氏细蜂,,,,,,,no_image
8049,Lytocarpia nigra,黑荚果羽螅,,,,,,,no_image
77979,Macaca thibetana,藏酋猴,,,,,,,no_image
109963,Machilus chuanchienensis,川黔润楠,,,,,,,no_image
110030,Machilus salicina,柳叶润楠,,,,,,,no_image
47882,Macellina digitata,腹指瘦䗛,,,,,,,no_image
47897,Machaerotypus rubronigris,二带红脊角蝉,,,,,,,no_image
110009,Machilus multinervia,多脉润楠,,,,,,,no_image
109985,Machilus japonica,长叶润楠,,,,,,,no_image
110062,Maclura pomifera,橙桑,,,,,,,no_image
47906,Machimus asiaticas,亚洲圆突食虫虻,,,,,,,no_image
5131,Macrobrachium edentatum,无齿沼虾,,,,,,,no_image
47917,Macotasa orientalis,五点玛苔蛾,,,,,,,no_image
5022,Macrobrachium maculatum,斑节沼虾,,,,,,,no_image
47960,Macrocentrus coronarius,环角长体茧蜂,,,,,,,no_image
47940,Macrocentrus 1aevigatus,光区长体茧蜂,,,,,,,no_image
47980,Macrocentrus maculistigmus,斑痣长体茧蜂,,,,,,,no_image
48001,Macrocentrus thoracicus,红胸长体茧蜂,,,,,,,no_image
48042,Macroconops sinensis,中华巨眼蝇,,,,,,,no_image
17693,Macrochlamys cincta,裙状巨楯蛞蝓,,,,,,,no_image
48092,Macromia manchurica,东北大伪蜻,,,,,,,no_image
48054,Macroglossum fukienensis,福建长喙天蛾,,,,,,,no_image
48018,Macrocera lacustrina,湖生长角菌蚊,,,,,,,no_image
259,Macromedaeus distinguendus,特异大权蟹,,,,,,,no_image
145468,Macrolepiota dolichaula,,,,,,,,no_image
110095,Macromitrium tosae,长帽蓑藓,,,,,,,no_image
110074,Macromitrium ferriei,福氏蓑藓,,,,,,,no_image
48117,Macropelopia notata,诺大粗腹摇蚊,,,,,,,no_image
131829,Macrophoma grossulariae,,,,,,,,no_image
110113,Macrosolen tricolor,三色鞘花,,,,,,,no_image
78003,Macropygia tenuirostris,菲律宾鹃鸠,,,,,,,no_image
48130,Macroplectra hamata,钩织刺蛾,,,,,,,no_image
4045,Macrophthalmus japonicus,日本大眼蟹,,,,,,,no_image
48155,Macrostylophora hastatus,矛形大锥蚤,,,,,,,no_image
48176,Macrotermes guangxiensis,广西大白蚁,,,,,,,no_image
110117,Macrothamnium submacrocarpum,亚南木藓,,,,,,,no_image
13490,Macrothele yani,颜氏大疣蛛,,,,,,,no_image
18469,Macrotrachela bullata,泡状粗颈轮虫,,,,,,,no_image
78013,Maculopaa chayuensis,察隅棘蛙,,,,,,,no_image
2102,Maera danae,达纳细身钩虾,,,,,,,no_image
3090,Mactra crossii,克氏蛤蜊,,,,,,,no_image
110141,Maesa hupehensis,湖北杜茎山,,,,,,,no_image
151580,Magoderna subresinosum,,,,,,,,no_image
110162,Maesa striatocarpa,纹果杜茎山,,,,,,,no_image
110227,Maianthemum nanchuanense,南川鹿药,,,,,,,no_image
48247,Mahavana jizuensis,,,,,,,,no_image
110182,Mahonia eurybracteata,宽苞十大功劳,,,,,,,no_image
48267,Malacosoma dentata,棕色幕枯叶蛾,,,,,,,no_image
78020,Makaira mazara,蓝枪鱼,,,,,,,no_image
110204,Mahonia retinervis,网脉十大功劳,,,,,,,no_image
78030,Malakichthys griseus,灰软鱼,,,,,,,no_image
48297,Maliattha vialis,路瑙夜蛾,,,,,,,no_image
110239,Malaxis monophyllos,原沼兰,,,,,,,no_image
2534,Malletia inaequilateralis,异侧马雷蛤,,,,,,,no_image
13534,Mallinella liuyang,浏阳马利蛛,,,,,,,no_image
110256,Mallotus esquirolii,长叶野桐,,,,,,,no_image
110306,Malus hupehensis,湖北海棠,,,,,,,no_image
110385,Manglietia maguanica,马关木莲,,,,,,,no_image
110339,Malva cachemiriana,新疆花葵,,,,,,,no_image
48320,Mallota haemorrhoidalis,血红毛管蚜蝇,,,,,,,no_image
48334,Mandarinia regalis,蓝斑丽眼蝶,,,,,,,no_image
110289,Mallotus tetracoccus,四果野桐,,,,,,,no_image
11143,Mangora rhombopicta,菱斑芒果蛛,,,,,,,no_image
110364,Manglietia conifera,桂南木莲,,,,,,,no_image
48377,Mantitheus murzini,,,,,,,,no_image
110406,Mannia sibirica,西伯利亚疣冠苔,,,,,,,no_image
147604,Marasmiellus albus-corticis,白皮微皮伞,,,,,,,no_image
147143,Marasmius albus-corticis,白皮微皮伞,,,,,,,no_image
147644,Marasmiellus sanctae-marthae,圣玛尔塔微皮伞,,,,,,,no_image
48358,Mansoniella rubida,赤环曼盲蝽,,,,,,,no_image
147163,Marasmius brunneoaurantiacus,,,,,,,,no_image
147624,Marasmiellus goossensiae,歪柄微皮伞,,,,,,,no_image
147183,Marasmius culmisedus,,,,,,,,no_image
147203,Marasmius fulvoferrugineus,,,,,,,,no_image
147243,Marasmius oaxacanus,瓦哈卡小皮伞,,,,,,,no_image
147223,Marasmius jasminodorus,,,,,,,,no_image
147283,Marasmius semiustus,,,,,,,,no_image
147303,Marasmius umbilicatus,脐状小皮伞,,,,,,,no_image
110418,Marchantia aquatica,全缘地钱,,,,,,,no_image
78045,Mareca falcata,罗纹鸭,,,,,,,no_image
147263,Marasmius pseudocorrugatus,拟皱小皮伞,,,,,,,no_image
48404,Margarinotus laevifossa,中亚歧阎甲,,,,,,,no_image
48422,Margites egenus,,,,,,,,no_image
13258,Marpissa milleri,螺蝇狮蛛,,,,,,,no_image
13794,Marjanus platnicki,普氏马里蛛,,,,,,,no_image
110464,Marsdenia pulchella,美蓝叶藤,,,,,,,no_image
137916,Marssonia rosae,,,,,,,,no_image
13208,Marusyllus auspex,环纹马树蛛,,,,,,,no_image
152315,Martellia gilkeyae,吉尔克无索腹菌,,,,,,,no_image
133761,Massarina peerallyi,,,,,,,,no_image
8025,Mastigias ocellatus,眼硝水母,,,,,,,no_image
48464,Matrona cyanoptera,台湾单脉色蟌,,,,,,,no_image
78062,Masturus lanceolatus,矛尾翻车鲀,,,,,,,no_image
16178,Mauriesia splendida,佳马球马陆,,,,,,,no_image
110518,Matthiola chorassanica,伊朗紫罗兰,,,,,,,no_image
48513,Maxates lactipuncta,黄星尖尾尺蛾,,,,,,,no_image
110522,Mawenzhangia thamnobryoides,卷鞭藓,,,,,,,no_image
48529,Mayrencyrtus longiscapus,长柄麦厄跳小蜂,,,,,,,no_image
110560,Mazus sunhangii,神农架通泉草,,,,,,,no_image
48547,Mecodina subviolacea,紫灰薄夜蛾,,,,,,,no_image
110535,Mazus humilis,低矮通泉草,,,,,,,no_image
110578,Meconopsis betonicifolia,藿香叶绿绒蒿,,,,,,,no_image
110600,Meconopsis horridula,多刺绿绒蒿,,,,,,,no_image
110655,Meconopsis yaoshanensis,药山绿绒蒿,,,,,,,no_image
110625,Meconopsis pulchella,冕宁绿绒蒿,,,,,,,no_image
48572,Medauroidea dolichocercata,长臀莫䗛,,,,,,,no_image
48592,Medetera tuberculata,管状聚脉长足虻,,,,,,,no_image
110676,Medicago rivularis,杂花苜蓿,,,,,,,no_image
48612,Medhiama sichuanica,,,,,,,,no_image
110695,Meehania faberi,肉叶龙头草,,,,,,,no_image
9786,Mediugum sanasaii,,,,,,,,no_image
48693,Megachile fervida,火切叶蜂,,,,,,,no_image
78078,Megachasma pelagios,巨口鲨,,,,,,,no_image
48738,Megachile plumatus,羽毛切叶蜂,,,,,,,no_image
6450,Megabalanus zebra,纵肋巨藤壶,,,,,,,no_image
48669,Megachile bombycina,虻切叶蜂,,,,,,,no_image
48717,Megachile lapponica,山切叶蜂,,,,,,,no_image
110721,Megacodon venosus,川东大钟花,,,,,,,no_image
48760,Megachile spissula,细切叶蜂,,,,,,,no_image
78082,Megalaspis cordyla,大甲鲹,,,,,,,no_image
48837,Megalocentrus sinensis,中华巨弧角蝉,,,,,,,no_image
48802,Megalinus eremiticus,,,,,,,,no_image
48822,Megalinus pervivagus,,,,,,,,no_image
48876,Megarhogas maculipennis,斑翅大内茧蜂,,,,,,,no_image
48860,Megalurothrips guizhouensis,贵州大蓟马,,,,,,,no_image
78089,Megalops cyprinoides,大海鲢,,,,,,,no_image
48896,Megarthrus shibatai,,,,,,,,no_image
48916,Megaselia cornipalpis,角须异蚤蝇,,,,,,,no_image
48956,Megaselia shiyiluae,陆氏异蚤蝇,,,,,,,no_image
48936,Megaselia malaisei,马莱异蚤蝇,,,,,,,no_image
151583,Megasporoporia setulosa,刚毛大孢孔菌,,,,,,,no_image
48989,Megophyra intraalaris,翅内巨黑蝇,,,,,,,no_image
110728,Meizotropis buteiformis,西藏紫矿,,,,,,,no_image
49006,Meigenia tridentata,三齿美根寄蝇,,,,,,,no_image
153230,Melampsora abietis-populi,冷杉-杨栅锈,,,,,,,no_image
153290,Melampsora vaccinii,,,,,,,,no_image
153250,Melampsora hirculi,羊臭虎耳草栅锈菌,,,,,,,no_image
153270,Melampsora nujiangensis,,,,,,,,no_image
49028,Melanagromyza alternata,暗腹黑潜蝇,,,,,,,no_image
49048,Melanagromyza subfusca,亚褐黑潜蝇,,,,,,,no_image
136067,Melanelixia fuliginosa,光伊氏叶,,,,,,,no_image
136047,Melanelia acetabulum,,,,,,,,no_image
49076,Melanitis phedima,睇暮眼蝶,,,,,,,no_image
136081,Melanohalea olivacea,橄榄黑尔衣,,,,,,,no_image
142150,Melanopsamma indica,,,,,,,,no_image
149476,Melanogaster intermedius,间型黑腹菌,,,,,,,no_image
16832,Melanopa yuennanensis,云南黑盲蛛,,,,,,,no_image
148532,Melanoleuca maculata,斑金钱菌,,,,,,,no_image
110757,Melanoseris leiolepis,光苞毛鳞菊,,,,,,,no_image
154981,Melanopsichium austroamericanum,,,,,,,,no_image
49085,Melanostolus nigricilius,黑毛弥长足虻,,,,,,,no_image
139338,Melasmia viburni,荚蒾叶痣菌,,,,,,,no_image
49099,Melanthia exquisita,五彩黑岛尺蛾,,,,,,,no_image
110785,Melastoma scaberrimum,耳药花,,,,,,,no_image
737,Melicertus marginatus,缘沟对虾,,,,,,,no_image
110796,Melica persica,伊朗臭草,,,,,,,no_image
110824,Melilotus officinalis,黄香草木犀,,,,,,,no_image
143911,Meliola agelaeae,,,,,,,,no_image
143931,Meliola bambusae,,,,,,,,no_image
143951,Meliola caesalpiniicola,,,,,,,,no_image
143971,Meliola commixta,,,,,,,,no_image
144011,Meliola geniculata,,,,,,,,no_image
143991,Meliola elaeidis,,,,,,,,no_image
144031,Meliola jamaicensis,,,,,,,,no_image
144071,Meliola mephitidiae,,,,,,,,no_image
144051,Meliola litseae,,,,,,,,no_image
144091,Meliola pandanicola,,,,,,,,no_image
144131,Meliola strychnicola,,,,,,,,no_image
144111,Meliola randiae-aculeatae,,,,,,,,no_image
144151,Meliola tinomisciicola,,,,,,,,no_image
110831,Meliosma callicarpifolia,紫珠叶泡花树,,,,,,,no_image
110864,Meliosma thomsonii,西南泡花树,,,,,,,no_image
2131,Melita donghaiensis,东海马尔他钩虾,,,,,,,no_image
49150,Melitaea romanovi,罗网蛱蝶,,,,,,,no_image
110893,Melothria pendula,番马瓟,,,,,,,no_image
49167,Melittobia sosui,宗瑞蜂巢啮小蜂,,,,,,,no_image
110883,Melocalamus scandens,大吊竹,,,,,,,no_image
110903,Memecylon octocostatum,棱果谷木,,,,,,,no_image
8250,Menella praelonga,长小月柳珊瑚,,,,,,,no_image
14473,Menglunia inaffecta,简朴勐仑蛛,,,,,,,no_image
110922,Mentha suaveolens,苹果薄荷,,,,,,,no_image
341,Meretrix casta,紫文蛤,,,,,,,no_image
49205,Merionoeda baoshana,,,,,,,,no_image
16791,Merizocera tengchong,腾冲梅斑蛛,,,,,,,no_image
49245,Merodontina rufirostra,红喙齿腿食虫虻,,,,,,,no_image
3087,Meropesta nicobarica,尼科巴立蛤,,,,,,,no_image
151012,Meripilus sumstinei,,,,,,,,no_image
2470,Mesacanthion littoralis,滨中棘尾线虫,,,,,,,no_image
110934,Merremia cordata,心叶山土瓜,,,,,,,no_image
110965,Merrilliopanax membranifolius,长梗常春木,,,,,,,no_image
49281,Mesembrina decipiens,迷墨蝇,,,,,,,no_image
49337,Mesonemoura spiroflagellata,旋鞭中叉(虫责),,,,,,,no_image
49318,Mesoereis bifasciata,,,,,,,,no_image
49305,Mesembrius peregrinus,奇异墨管蚜蝇,,,,,,,no_image
49354,Mesophalera sigmatoides,曲间掌舟蛾,,,,,,,no_image
49406,Mesorhaga stylata,柱状孤脉长足虻,,,,,,,no_image
49371,Mesopolobus mesolatus,宽胸迈金小蜂,,,,,,,no_image
49391,Mesopsylla lenis,软中蚤,,,,,,,no_image
49427,Mesosa medioalbofaciata,,,,,,,,no_image
49461,Metacolus unifasciatus,双斑肿脉金小蜂,,,,,,,no_image
14993,Meta nebulosa,雾后蛛,,,,,,,no_image
110984,Mesostemma amblyosepalum,钝萼繁缕,,,,,,,no_image
49487,Metallolophia cuneataria,楔斑豆纹尺蛾,,,,,,,no_image
16828,Metagagrella hsuehshanensis,雪山后盾盲蛛,,,,,,,no_image
49469,Metalimnobia bifasciata,双束次沼大蚊,,,,,,,no_image
49496,Metanipponaphis cuspidatae,大颗瘤后扁蚜,,,,,,,no_image
754,Metapenaeopsis provocatoria,,,,,,,,no_image
17746,Metaphire aggera,上井腔蚓,,,,,,,no_image
16889,Metapodoctis formosae,台湾近刺盲蛛,,,,,,,no_image
17877,Metaphire tibetana,西藏腔蚓,,,,,,,no_image
111018,Metastachydium sagittatum,箭叶水苏,,,,,,,no_image
17973,Metaphire matsuensis,马祖腔蚓,,,,,,,no_image
17964,Metaphire feijani,飞栈腔蚓,,,,,,,no_image
111036,Meteoriopsis undulata,波叶粗蔓藓,,,,,,,no_image
49506,Metaphycus eriococcus,绒蚧阔柄跳小蜂,,,,,,,no_image
111032,Metathelypteris wuyishanica,武夷山凸轴蕨,,,,,,,no_image
49552,Meteorus unicolor,单色悬茧蜂,,,,,,,no_image
49580,Metopia campestris,平原突额蜂麻蝇,,,,,,,no_image
17612,Metodontia wenxianensis,文县间齿螺,,,,,,,no_image
49624,Metriogryllacris permodesta,谦恭姬蟋螽,,,,,,,no_image
2837,Metopograpsus latifrons,大额蟹,,,,,,,no_image
49635,Miaenia elongatus,,,,,,,,no_image
49605,Metriaeschra zhubajie,戒心舟蛾,,,,,,,no_image
111049,Metzgeria foliicola,背毛叉苔,,,,,,,no_image
49660,Miccolamia bicristata,,,,,,,,no_image
49650,Micadina phluctainoides,准小异䗛,,,,,,,no_image
13726,Micaria albofasciata,白捆小蚁蛛,,,,,,,no_image
111074,Michelia crassipes,紫花含笑,,,,,,,no_image
111125,Micranthes pallida,多叶亭阁草,,,,,,,no_image
49672,Michotamia yunnanensis,云南簇芒食虫虻,,,,,,,no_image
111094,Michelia maudiae,深山含笑,,,,,,,no_image
152963,Microbotryum cordai,,,,,,,,no_image
49708,Microctonus brevicornis,短角食甲茧蜂,,,,,,,no_image
49726,Microdebilissa minuta,,,,,,,,no_image
111138,Microcarpaea minima,小果草,,,,,,,no_image
49697,Microchironomus tener,软铗小摇蚊,,,,,,,no_image
49734,Microdon bicolor,双色巢穴蚜蝇,,,,,,,no_image
49754,Microdrosophila chuii,垂珍微果蝇,,,,,,,no_image
49774,Microdrosophila pleurolineata,二线微果蝇,,,,,,,no_image
134887,Microglossum robustum,,,,,,,,no_image
78191,Microhyla mixtura,合征姬蛙,,,,,,,no_image
111196,Microlepia todayensis,乔大鳞盖蕨,,,,,,,no_image
111171,Microlepia khasiyana,西南鳞盖蕨,,,,,,,no_image
49804,Micromelalopha haemorrhoidalis,赭小舟蛾,,,,,,,no_image
49818,Micromus calidus,瑕脉褐蛉,,,,,,,no_image
49849,Micropeplus dentatus,,,,,,,,no_image
49871,Micropeplus xiaoae,,,,,,,,no_image
49838,Micromus yunnanus,藏异脉褐蛉,,,,,,,no_image
422,Microphthalmus hartmane,太平哈氏微目虫,,,,,,,no_image
145485,Micropsalliota furfuracea,,,,,,,,no_image
78223,Microphysogobio zhangi,张氏小鳔鮈,,,,,,,no_image
49896,Microscydmus bicavatus,,,,,,,,no_image
49903,Microstylum oberthuerii,奥氏微芒食虫虻,,,,,,,no_image
143114,Microsphaeropsis conielloides,,,,,,,,no_image
111233,Microstegium nudum,竹叶茅,,,,,,,no_image
49917,Microtendipes tuberosus,具瘤倒毛摇蚊,,,,,,,no_image
111249,Microtoena esquirolii,贵州冠唇花,,,,,,,no_image
49957,Microterys shaanxiensis,陕西花翅跳小蜂,,,,,,,no_image
49937,Microterys flavitibiaris,黄胫花翅跳小蜂,,,,,,,no_image
111267,Microtropis biflora,双花假卫矛,,,,,,,no_image
111287,Microtropis paucinervia,少脉假卫矛,,,,,,,no_image
78241,Miichthys miiuy,鮸,,,,,,,no_image
111322,Microula ovalifolia,卵叶微孔草,,,,,,,no_image
49973,Microtypus wesmaelii,魏氏小模茧蜂,,,,,,,no_image
6833,Microzetorchestes emeryi,毛小跳甲螨,,,,,,,no_image
50012,Mileewa lynchi,陵崎窗翅叶蝉,,,,,,,no_image
49992,Mileewa coeomacula,合斑窗翅叶蝉,,,,,,,no_image
50032,Mileewa zhanae,詹氏窗翅叶蝉，新种,,,,,,,no_image
154466,Milesina erythrosora,红痂迈尔锈菌,,,,,,,no_image
111368,Millettia leucantha,垂序崖豆,,,,,,,no_image
111358,Miliusa bannaensis,版纳野独活,,,,,,,no_image
50098,Miltochrista multistriata,繁纹美苔蛾,,,,,,,no_image
50078,Miltochrista excelsa,高美苔蛾,,,,,,,no_image
50119,Miltochrista spilosomoides,斯美苔蛾,,,,,,,no_image
11400,Mimetus contrarius,对立拟态蛛,,,,,,,no_image
50140,Miltogrammidium fidusum,实狄蜂麻蝇,,,,,,,no_image
50156,Mimathyma chevana,迷蛱蝶,,,,,,,no_image
111376,Mimosa pigra,大含羞草,,,,,,,no_image
50251,Minettia longifurcata,长叉瘤黑缟蝇,,,,,,,no_image
50189,Mimogonus microps,,,,,,,,no_image
3701,Minicorbula minutissima,小篮蛤,,,,,,,no_image
50232,Mimozethes angula,尖顶圆钩蛾,,,,,,,no_image
78262,Minous trachycephalus,粗首虎鲉,,,,,,,no_image
143119,Minimelanolocus endospermi,黄桐小黑孢,,,,,,,no_image
50345,Mireditha intermedia,居间平肩肖叶甲,,,,,,,no_image
17448,Mipus matsumotoi,松本肋肩棘螺,,,,,,,no_image
50309,Miobdelus insolens,,,,,,,,no_image
50363,Mirollia angusticerca,狭尾奇螽,,,,,,,no_image
50383,Mironasutitermes tianmuensis,天目奇象白蚁,,,,,,,no_image
111386,Miscanthus sacchariflorus,荻,,,,,,,no_image
50404,Mispila sonthianae,,,,,,,,no_image
16825,Mitopus mongolicus,蒙古线脚,,,,,,,no_image
111408,Mitreola lincangensis,临沧度量草,,,,,,,no_image
2751,Mitra fraga,脆笔螺,,,,,,,no_image
2718,Mitra stictica,红斑笔螺,,,,,,,no_image
138765,Mitrula abietis,,,,,,,,no_image
8940,Mixacarus exilis,弱混居甲螨,,,,,,,no_image
50419,Mnais andersoni,安氏绿色蟌,,,,,,,no_image
111443,Mnium lycopodioiodes,长叶提灯藓,,,,,,,no_image
5346,Modiolus elongatus,长偏顶蛤,,,,,,,no_image
154986,Moesziomyces bullatus,泡状莫氏黑粉菌,,,,,,,no_image
50439,Moechotypa nigricollis,,,,,,,,no_image
50454,Mokrzeckia menzeli,门氏绒茧金小蜂,,,,,,,no_image
50467,Molophilus crassulus,厚磨大蚊,,,,,,,no_image
50507,Molorchus gilvitarsis,,,,,,,,no_image
138788,Mollisia hydrophila,水生软盘菌,,,,,,,no_image
50527,Molorchus relictus,,,,,,,,no_image
50545,Moma alpium,缤夜蛾,,,,,,,no_image
50487,Molophilus uniclavatus,棒磨大蚊,,,,,,,no_image
139537,Monacrosporium gephyrophagum,,,,,,,,no_image
134574,Monascus aurantiacus,,,,,,,,no_image
138972,Monilinia fructicola,,,,,,,,no_image
141024,Monochaetia garciniae,,,,,,,,no_image
50607,Monoceromyia crocota,橘腹柄角蚜蝇,,,,,,,no_image
50582,Mongoliana recurrens,逆蒙瓢蜡蝉,,,,,,,no_image
11621,Moneta spinigeroides,类刺短跗蛛,,,,,,,no_image
50600,Mongolotmethis gobiensis,戈壁蒙癞蝗,,,,,,,no_image
143133,Monodictys clavata,棒状单格孢,,,,,,,no_image
50637,Monochamus gravidus,,,,,,,,no_image
111470,Monochasma monantha,单花鹿茸草,,,,,,,no_image
143159,Monoporisporites gigasus,,,,,,,,no_image
143153,Monodictys tuberculata,,,,,,,,no_image
111474,Monolophus linearis,大苞姜,,,,,,,no_image
2773,Monorhaphis chuni,灌木单根海绵,,,,,,,no_image
6948,Montipora peltiformis,翼形蔷薇珊瑚,,,,,,,no_image
111491,Monotropastrum humile,假沙晶兰,,,,,,,no_image
78298,Monticola solitarius,蓝矶鸫,,,,,,,no_image
7031,Mopsella aurantia,橙黄叠叶柳珊瑚,,,,,,,no_image
139882,Morchella distans,开裂羊肚菌,,,,,,,no_image
139902,Morchella tridentina,三齿羊肚菌,,,,,,,no_image
154956,Moreaua aterrima,,,,,,,,no_image
50714,Morellia suifenhensis,绥芬河莫蝇,,,,,,,no_image
111535,Morinda rosiflora,红木巴戟,,,,,,,no_image
111506,Morinda angustifolia,黄木巴戟,,,,,,,no_image
155852,Mortierella horticola,,,,,,,,no_image
155872,Mortierella verticillata,,,,,,,,no_image
50731,Mormo venata,脉莫夜蛾,,,,,,,no_image
78320,Moschus chrysogaster,马麝,,,,,,,no_image
17494,Morula uva,草莓结螺,,,,,,,no_image
111578,Mosla soochouensis,苏州荠苧,,,,,,,no_image
50746,Mucha yunnanensis,云南慕夏鼓翅蝇,,,,,,,no_image
155959,Mucor gigasporus,巨孢毛霉,,,,,,,no_image
155979,Mucor parvispora,,,,,,,,no_image
155999,Mucor silvaticus,林生毛霉,,,,,,,no_image
111588,Mucuna deeringiana,茸毛黧豆,,,,,,,no_image
50748,Mufetiella grisescens,灰色东丽蝇,,,,,,,no_image
111618,Muhlenbergia ramosa,多枝乱子草,,,,,,,no_image
143173,Multicellaesporites conspicuus,,,,,,,,no_image
143193,Multicellaesporites mollis,,,,,,,,no_image
149774,Multiclavula pogonati,,,,,,,,no_image
553,Munida asprosoma,白身刺铠虾,,,,,,,no_image
78373,Murina bicolor,黄胸管鼻蝠,,,,,,,no_image
587,Munidopsis dasypus,毛足拟刺铠虾,,,,,,,no_image
530,Munidopsis subchelata,亚钳拟刺铠虾,,,,,,,no_image
604,Munida rufiantennulata,红须刺铠虾,,,,,,,no_image
78371,Muraenichthys thompsoni,汤氏虫鳗,,,,,,,no_image
78393,Murina yuanyang,元阳管鼻蝠,,,,,,,no_image
78398,Mus musculus,小家鼠,,,,,,,no_image
111644,Murdannia yunnanensis,云南水竹叶,,,,,,,no_image
50772,Musca hervei,黑边家蝇,,,,,,,no_image
111687,Musa siangensis,紫轴芭蕉,,,,,,,no_image
78405,Muscicapa muttui,褐胸鹟,,,,,,,no_image
111696,Musella lasiocarpa,地涌金莲,,,,,,,no_image
111720,Mussaenda laxiflora,疏花玉叶金花,,,,,,,no_image
78417,Mustela nivalis,伶鼬,,,,,,,no_image
132367,Muyocopron smilacis,,,,,,,,no_image
50819,Mycalesis mineus,小眉眼蝶,,,,,,,no_image
147366,Mycena amygdalina,黑褐小菇,,,,,,,no_image
147386,Mycena coracina,,,,,,,,no_image
147426,Mycena lohwagii,,,,,,,,no_image
147406,Mycena galericulata,灰小菇,,,,,,,no_image
147446,Mycena pearsoniana,,,,,,,,no_image
147466,Mycena rorida,黏柄小菇,,,,,,,no_image
78422,Mycerobas affinis,黄颈拟蜡嘴雀,,,,,,,no_image
147486,Mycena tenuiceps,薄盖小菇,,,,,,,no_image
147664,Mycetinis epidryas,污黄小伞,,,,,,,no_image
50855,Mycetophila genuflexuosa,膝弯菌蚊,,,,,,,no_image
50875,Mycetophila senticosa,多刺菌蚊,,,,,,,no_image
143210,Mycocentrospora angulata,,,,,,,,no_image
50908,Mycodrosophila stylaria,尖齿菇果蝇,,,,,,,no_image
50916,Mycomya copicusa,习见真菌蚊,,,,,,,no_image
50936,Mycomya odontoda,侧齿真菌蚊,,,,,,,no_image
132751,Mycovellosiella imperatae,,,,,,,,no_image
50956,Mycophila fungicola,真菌瘿蚊,,,,,,,no_image
132731,Mycosphaerella frenumbensis,,,,,,,,no_image
78430,Myctophum lychnobium,双灯灯笼鱼,,,,,,,no_image
50985,Mydaea laxidetrita,宽屑圆蝇,,,,,,,no_image
136101,Myelochroa perisidians,裂芽黄髓叶,,,,,,,no_image
155478,Myiophyton cohnii,,,,,,,,no_image
51018,Myllaena japonica,,,,,,,,no_image
51038,Myllaena speciosa,,,,,,,,no_image
51053,Myopa pellucida,欧洲虻眼蝇,,,,,,,no_image
51070,Myorhina sororcula,缘锉麻蝇,,,,,,,no_image
51081,Myospila boseica,百色妙蝇,,,,,,,no_image
51101,Myospila fuscicoxa,暗基妙蝇,,,,,,,no_image
51121,Myospila piliungulisoides,亚毛爪妙蝇,,,,,,,no_image
78474,Myotis macrodactylus,大趾鼠耳蝠,,,,,,,no_image
111773,Myriactis wightii,黏冠草,,,,,,,no_image
78454,Myotis altarium,西南鼠耳蝠,,,,,,,no_image
111786,Myrioneuron faberi,密脉木,,,,,,,no_image
136968,Myriotrema compunctum,通点多网衣,,,,,,,no_image
12971,Myrmarachne angusta,狭蚁蛛,,,,,,,no_image
13031,Myrmarachne schenkeli,申克尔蚁蛛,,,,,,,no_image
51153,Myrmecocephalus madurensis,,,,,,,,no_image
51175,Myrmecopora chinensis,,,,,,,,no_image
111817,Myrsine faberi,平叶密花树,,,,,,,no_image
51195,Myrmeleon wangi,王氏蚁蛉,,,,,,,no_image
15413,Mysmena cornigera,角突密蛛,,,,,,,no_image
111826,Mytilaria laosensis,壳菜果,,,,,,,no_image
51222,Nabepselaphus yulongxueshanus,,,,,,,,no_image
1482,Myxilla parasitica,附生粘海绵,,,,,,,no_image
51271,Naddia ishiharai,,,,,,,,no_image
51243,Nabis punctatus,类原姬蝽,,,,,,,no_image
148232,Naematoloma elongatipes,,,,,,,,no_image
111839,Nageia wallichiana,肉托竹柏,,,,,,,no_image
51285,Nala lividipes,纳蠼螋,,,,,,,no_image
51300,Nanatka huzhuana,互助透大叶蝉，新种,,,,,,,no_image
51307,Nannoarctia obliquifascia,斜带南灯蛾,,,,,,,no_image
51316,Nanocladius baltus,黑带矮突摇蚊,,,,,,,no_image
111882,Nardia assamica,南亚被蒴苔,,,,,,,no_image
111875,Nanophyton mongolicum,蒙古小蓬,,,,,,,no_image
51333,Nanostrangalia chujoi,连纹小花天牛,,,,,,,no_image
51350,Napomyza xizangensis,西藏萝潜蝇,,,,,,,no_image
8692,Nassarius fuscolineata,纺锤织纹螺,,,,,,,no_image
51364,Narosoideus flavidorsalis,梨娜刺蛾,,,,,,,no_image
78548,Naso minor,小鼻鱼,,,,,,,no_image
8674,Nassarius babylonicus,佛塔织纹螺,,,,,,,no_image
8647,Nassarius nodifer,节织纹螺,,,,,,,no_image
8626,Nassarius thachi,塔氏织纹螺,,,,,,,no_image
51389,Nasutitermes guizhouensis,贵州象白蚁,,,,,,,no_image
5629,Natica nipponensis,日本玉螺,,,,,,,no_image
51409,Nasutitermes vallis,山谷象白蚁,,,,,,,no_image
111893,Natsiatopsis thunbergiifolia,麻核藤,,,,,,,no_image
7944,Nausithoe punctata,红斑游船水母,,,,,,,no_image
51431,Nazeris anhuiensis,,,,,,,,no_image
51451,Nazeris chinensis,,,,,,,,no_image
51471,Nazeris divisus,,,,,,,,no_image
51491,Nazeris hailuogouensis,,,,,,,,no_image
51511,Nazeris lingulatus,,,,,,,,no_image
51531,Nazeris nomurai,,,,,,,,no_image
51551,Nazeris rufus,,,,,,,,no_image
51573,Nazeris trifurcatus,,,,,,,,no_image
51593,Nazeris zhangi,,,,,,,,no_image
111912,Neckera denigricans,南亚平藓,,,,,,,no_image
51624,Necroscia hainanensis,海南角臀䗛,,,,,,,no_image
51612,Nealsomyia rufella,四斑尼尔寄蝇,,,,,,,no_image
19225,Neanura kentingensis,,,,,,,,no_image
142105,Nectria aleuritidia,,,,,,,,no_image
141697,Nectriopsis hongkongensis,,,,,,,,no_image
78570,Neenchelys cheni,陈氏新蛇鳗,,,,,,,no_image
51649,Necydalis rufiabdominis,,,,,,,,no_image
111941,Neillia grandiflora,大花绣线梅,,,,,,,no_image
144735,Nemania memorabilis,,,,,,,,no_image
1732,Nematopagurus ostlingochirus,卷毛线寄居蟹,,,,,,,no_image
111962,Nekemias hypoglauca,粉叶牛果藤,,,,,,,no_image
147813,Nematoctonus lignicola,,,,,,,,no_image
51686,Nemopoda nitidula,露尾丝状鼓翅蝇,,,,,,,no_image
51704,Nemorilla maculosa,双斑截尾寄蝇,,,,,,,no_image
51677,Nemestrinus marginatus,缘网翅虻,,,,,,,no_image
51770,Neoasterodiaspis pasaniae,黄新链蚧,,,,,,,no_image
51719,Nemotelus przewalskii,普氏线角水虻,,,,,,,no_image
51759,Nemoura tridenticula,三齿叉(虫责),,,,,,,no_image
51739,Nemoura junhuae,张氏叉(虫责),,,,,,,no_image
51799,Neocerambyx raddei,,,,,,,,no_image
78597,Neobythites sivicola,黑潮新鼬鳚,,,,,,,no_image
1889,Neocaridina hofendopoda,蹄肢新米虾,,,,,,,no_image
111980,Neobotrydium corniculatum,角果香藜,,,,,,,no_image
51818,Neochauliodes moriutii,基点斑鱼蛉,,,,,,,no_image
111986,Neocinnamomum caudatum,滇新樟,,,,,,,no_image
138489,Neodasyscypha cerina,新毛钉菌,,,,,,,no_image
78607,Neodon forresti,云南松田鼠,,,,,,,no_image
51896,Neoempheria merogena,分支新菌蚊,,,,,,,no_image
51854,Neodrymonia apicalis,陀新林舟蛾,,,,,,,no_image
679,Neoeriocheir leptognathus,狭颚新绒螯蟹,,,,,,,no_image
51874,Neodrymonia taiwana,台新林舟蛾,,,,,,,no_image
78625,Neohylomys hainanensis,海南毛猬,,,,,,,no_image
51926,Neohirasea asper,,,,,,,,no_image
51968,Neoitamus zouhari,佐氏弯顶毛食虫虻,,,,,,,no_image
11210,Neogea yunnanensis,云南新佳蛛,,,,,,,no_image
10390,Neolitaculus lyoniae,,,,,,,,no_image
112001,Neolepidozia wallichiana,瓦氏新指叶苔,,,,,,,no_image
51991,Neolygus bimaculatus,二斑新丽盲蝽,,,,,,,no_image
112049,Neolitsea sutchuanensis,四川新木姜子,,,,,,,no_image
112027,Neolitsea impressa,凹脉新木姜子,,,,,,,no_image
52038,Neomyia bristocercus,鬃叶翠蝇,,,,,,,no_image
52011,Neolygus nigroscutellaris,黑盾新丽盲蝽,,,,,,,no_image
78631,Neomerinthe megalepis,大鳞新棘鲉,,,,,,,no_image
142124,Neonectria major,,,,,,,,no_image
6563,Neomynchoplar introversa,凹背新尖额蟹,,,,,,,no_image
52094,Neoperla baishuijiangensis,白江水新(虫责),,,,,,,no_image
1757,Neopanthalis muricatus,刺须新斑鳞虫,,,,,,,no_image
52114,Neoperla flagellata,鞭突新(虫责),,,,,,,no_image
52134,Neoperla latispina,侧刺新(虫责),,,,,,,no_image
52154,Neoperla qinlingensis,秦岭新(虫责),,,,,,,no_image
52186,Neophryganistria grandis,,,,,,,,no_image
52174,Neoperla yanlii,李氏新(虫责),,,,,,,no_image
78645,Neopomacentrus anabatoides,似攀鲈新雀鲷,,,,,,,no_image
52255,Neopsylla villa,绒毛新蚤,,,,,,,no_image
52270,Neoripersia miscanthicola,台湾禾粉蚧,,,,,,,no_image
52221,Neopsylla dispar,不同新蚤,,,,,,,no_image
52278,Neosclerus atsushii,,,,,,,,no_image
10931,Neoscona semilunaris,半月新园蛛,,,,,,,no_image
10892,Neoscona adianta,隐灌木新园蛛,,,,,,,no_image
52324,Neotermes brachynotum,扁胸新白蚁,,,,,,,no_image
10602,Neoshevtchenkella pinnatiae,,,,,,,,no_image
112089,Neottia bicallosa,察隅对叶兰,,,,,,,no_image
52314,Neospiniphasma triangulatum,,,,,,,,no_image
112109,Neottia listeroides,高山鸟巢兰,,,,,,,no_image
52340,Neotetricodes clavatus,棒突拟瘤额瓢蜡蝉,,,,,,,no_image
6019,Neothyonidium spiniferum,棘新赛参,,,,,,,no_image
11696,Neottiura margarita,珍珠新土蛛,,,,,,,no_image
1767,Neoxenophthalmus obscurus,模糊新短眼蟹,,,,,,,no_image
112131,Neottia smithii,川西对叶兰,,,,,,,no_image
16037,Nepalella grandoides,,,,,,,,no_image
15809,Nepalmatoiulus formosae,福尔摩沙尼姬马陆,,,,,,,no_image
52391,Nepalomyia daweishana,大围山跗距长足虻,,,,,,,no_image
52411,Nepalomyia lustrabilis,显跗距长足虻,,,,,,,no_image
52431,Nepalomyia yunnanensis,云南跗距长足虻,,,,,,,no_image
52451,Nepalota gansuensis,,,,,,,,no_image
1270,Nepanthia belcheri,贝氏尼斑海星,,,,,,,no_image
112181,Nepeta wilsonii,圆齿荆芥,,,,,,,no_image
112158,Nepeta longibracteata,长苞荆芥,,,,,,,no_image
136112,Nephromopsis nephromoides,,,,,,,,no_image
52487,Nephrotoma bombayensis,孟买短柄大蚊,,,,,,,no_image
112194,Nephrolepis cordifolia,肾蕨,,,,,,,no_image
52510,Nephrotoma hirsuticauda,毛尾短柄大蚊,,,,,,,no_image
6870,Nephthea brassica,甘蓝柔荑软珊瑚,,,,,,,no_image
52531,Nephrotoma nigrohalterata,黑棒短柄大蚊,,,,,,,no_image
52633,Neptis miah,弥环蛱蝶,,,,,,,no_image
52553,Nephrotoma retenta,褐棒短柄大蚊,,,,,,,no_image
4008,Nereis huanghaiensis,黄海沙蚕,,,,,,,no_image
52584,Neptis antilope,羚环蛱蝶,,,,,,,no_image
52692,Neptis taiwana,台湾环蛱蝶,,,,,,,no_image
52713,Nericonia nigra,,,,,,,,no_image
52716,Nesidiocoris plebejus,寻常烟盲蝽,,,,,,,no_image
14369,Neriene longipedella,长肢盖蛛,,,,,,,no_image
112200,Nertera nigricarpa,黑果薄柱草,,,,,,,no_image
14520,Nesticella gracilenta,纤细小类球蛛,,,,,,,no_image
14502,Nesticella tibetana,西藏小类球蛛,,,,,,,no_image
78666,Nettastoma parviceps,小头丝鳗,,,,,,,no_image
52768,Neurigona xiaolongmensis,小龙门脉长足虻,,,,,,,no_image
52748,Neurigona chetitarsa,跗鬃脉长足虻,,,,,,,no_image
52818,Nevskyella fungifera,蘑菇聂跳蚜,,,,,,,no_image
112219,Neuropeltis racemosa,盾苞藤,,,,,,,no_image
52788,Neuronema heterodelta,异斑脉线蛉,,,,,,,no_image
78678,Nibea semifasciata,半斑黄姑鱼,,,,,,,no_image
52835,Nigritomyia guangxiensis,广西黑水虻,,,,,,,no_image
52841,Nihonogomphus gilvus,浅黄日春蜓,,,,,,,no_image
78683,Nidirana daunchina,仙琴蛙,,,,,,,no_image
145496,Nidularia deformis,,,,,,,,no_image
52857,Nilaparvata bakeri,拟褐飞虱,,,,,,,no_image
52877,Nilobezzia ningxia,宁夏尼蠓,,,,,,,no_image
78709,Niltava vivida,台湾蓝仙鹟,,,,,,,no_image
52926,Niphonix segregata,乏夜蛾,,,,,,,no_image
52904,Niphona albofasciata,,,,,,,,no_image
14319,Nippononeta sinica,中华日蛛,,,,,,,no_image
52950,Nipponobythus dispar,,,,,,,,no_image
52969,Nitidotachinus brunneus,,,,,,,,no_image
8903,Nippobodes pseudobrevisetiger,,,,,,,,no_image
112252,Noccaea yunnanensis,云南山菥蓂,,,,,,,no_image
141316,Nitschkia phaeospora,,,,,,,,no_image
78738,Niviventer mekongis,湄公针毛鼠,,,,,,,no_image
53024,Nomuraius nanlingensis,,,,,,,,no_image
52999,Nodina sauteri,索氏球肖叶甲,,,,,,,no_image
53044,Nondenticentrus oedothorectus,壮无齿角蝉,,,,,,,no_image
53016,Noemia semirufa,,,,,,,,no_image
53060,Nordstroemia angula,突缘线钩蛾,,,,,,,no_image
53102,Nosopsyllus laeviceps,秃病蚤,,,,,,,no_image
9858,Norma lanyuensis,,,,,,,,no_image
112258,Nothapodytes collina,厚叶假柴龙树,,,,,,,no_image
53185,Notocrypta morishitai,森下袖弄蝶,,,,,,,no_image
12430,Notiocoelotes qiongzhongensis,琼中南隙蛛,,,,,,,no_image
18570,Notholca labis,唇形叶轮虫,,,,,,,no_image
53140,Nothoserphus breviterebra,短管前沟细蜂,,,,,,,no_image
8827,Nothrus borussicus,苞懒甲螨,,,,,,,no_image
18250,Notommata copeus,龙大椎轮虫,,,,,,,no_image
112274,Notopterygium tenuifolium,细叶羌活,,,,,,,no_image
78759,Notoscopelus caudispinosus,尾棘背灯鱼,,,,,,,no_image
53230,Novosatsuma pratti,齿轮灰蝶,,,,,,,no_image
53224,Notothecta song,,,,,,,,no_image
4950,Nucula convexa,宽壳胡桃蛤,,,,,,,no_image
53231,Nudina artaxidia,云彩苔蛾,,,,,,,no_image
53249,Numenes patrana,幽斜带毒蛾,,,,,,,no_image
53286,Nupserha ventralis,,,,,,,,no_image
53263,Nupserha infantula,,,,,,,,no_image
8711,Nutallina alternata,黑石鳖,,,,,,,no_image
53328,Nycterimyia fenestroclatrata,绮丽晦网翅虻,,,,,,,no_image
53307,Nyctemera coleta,毛胫蝶灯蛾,,,,,,,no_image
112312,Nymphaea pubescens,柔毛齿叶睡莲,,,,,,,no_image
112329,Nymphoides coronata,海丰荇菜,,,,,,,no_image
112338,Nyssa shweliensis,瑞丽蓝果树,,,,,,,no_image
53377,Oberea diversimembris,,,,,,,,no_image
53353,Obelura montana,高剑螋,,,,,,,no_image
53397,Oberea infratestacea,,,,,,,,no_image
112353,Oberonia ensiformis,剑叶鸢尾兰,,,,,,,no_image
112374,Oberonia orbicularis,心唇鸢尾兰,,,,,,,no_image
53417,Oberea rufiniventris,,,,,,,,no_image
53437,Oberea yunnana,,,,,,,,no_image
53456,Obrium fractum,,,,,,,,no_image
78800,Oceanites oceanicus,黄蹼洋海燕,,,,,,,no_image
53485,Ochlodes ochracea,宽边赭弄蝶,,,,,,,no_image
53472,Ocalea chinensis,,,,,,,,no_image
53507,Ochropleura ignara,灰褐狼夜蛾,,,,,,,no_image
137423,Ochrolechia subviridis,亚绿肉疣衣,,,,,,,no_image
78817,Ochotona macrotis,大耳鼠兔,,,,,,,no_image
137403,Ochrolechia balcanica,瘤型肉疣衣,,,,,,,no_image
53527,Ochropleura stentzi,衍狼夜蛾,,,,,,,no_image
53561,Ochthephilus uhligi,,,,,,,,no_image
149208,Octavianina asterosperma,星孢奥腹菌坡特变种,,,,,,,no_image
7025,Octophialucium indicum,印度八拟杯水母,,,,,,,no_image
53541,Ochthephilum yunnanense,,,,,,,,no_image
53573,Ocinara apicalis,黑点白蚕蛾,,,,,,,no_image
15289,Octonoba basuensis,八宿涡蛛,,,,,,,no_image
140616,Octospora nivea,,,,,,,,no_image
53591,Ocychinus capitalis,,,,,,,,no_image
53606,Ocypus alticulminis,,,,,,,,no_image
53627,Ocypus harbinensis,,,,,,,,no_image
53648,Ocypus orodes,,,,,,,,no_image
53669,Ocypus umbro,,,,,,,,no_image
53690,Odontalgus dongbaiensis,,,,,,,,no_image
152670,Odontia stipata,密裂齿菌,,,,,,,no_image
112420,Odontochilus saprophyticus,腐生齿唇兰,,,,,,,no_image
53727,Odontomyia hydroleon,怪足短角水虻,,,,,,,no_image
53707,Odontoedon maculicollis,斑胸齿猿叶甲,,,,,,,no_image
112437,Odontostemma dimorphitrichum,滇蜀齿缀草,,,,,,,no_image
53745,Odontosabula licenti,黎氏盾刺臭虻,,,,,,,no_image
112485,Odontostemma salweenense,怒江齿缀草,,,,,,,no_image
112461,Odontostemma melanandrum,黑蕊无心菜,,,,,,,no_image
53771,Odontotermes shanglinensis,上林土白蚁,,,,,,,no_image
78849,Odorrana chapaensis,沙巴臭蛙,,,,,,,no_image
1117,Odontosyllis rubofasciata,红带齿裂虫,,,,,,,no_image
78869,Odorrana leishanensis,雷山臭蛙,,,,,,,no_image
53785,Oebalia harpax,钩镰折蜂麻蝇,,,,,,,no_image
53801,Oedaleus rosescens,红翅小车蝗,,,,,,,no_image
53820,Oedichirus kuroshio,,,,,,,,no_image
14172,Oedothorax apicatus,僧帽瘤胸蛛,,,,,,,no_image
53834,Oeneis urda,酒眼蝶,,,,,,,no_image
53839,Oestroderma potanini,窄颜狂皮蝇,,,,,,,no_image
14485,Ogulnius hapalus,柔弱奥古蛛,,,,,,,no_image
78902,Okamejei mengae,孟氏瓮鳐,,,,,,,no_image
112552,Olea brachiata,滨木犀榄,,,,,,,no_image
53864,Olecryptotendipes melasmus,斑点乌列摇蚊,,,,,,,no_image
138811,Oidiodendron rhodogenum,,,,,,,,no_image
53888,Olethreutes decrepitana,松新小卷蛾,,,,,,,no_image
78918,Oligolepis acutipennis,尖鳍寡鳞鰕虎,,,,,,,no_image
19337,Oligaphorura changbaiensis,,,,,,,,no_image
9630,Oligonychus clavatus,,,,,,,,no_image
53912,Oligoaeschna aquilonaris,广西似沼蜓,,,,,,,no_image
112607,Olimarabidopsis cabulica,喀布尔无苞芥,,,,,,,no_image
112586,Oligostachyum lanceolatum,云和少穗竹,,,,,,,no_image
9522,Oligonychus punicae,,,,,,,,no_image
53975,Ommatius compactus,坚羽芒食虫虻,,,,,,,no_image
53934,Oligosita erythrina,红色寡索赤眼蜂,,,,,,,no_image
155277,Olpidium bothriospermi,斑种草油壶菌,,,,,,,no_image
53965,Omalium xizangense,,,,,,,,no_image
9344,Ommatocepheus clavatus,棒眼藓甲螨日本亚种,,,,,,,no_image
54003,Omologlusa rougemonti,,,,,,,,no_image
148562,Omphalia lapidescens,雷丸,,,,,,,no_image
112623,Oncoba spinosa,鼻烟盒树,,,,,,,no_image
54033,Onesia curviloba,弯叶蚓蝇,,,,,,,no_image
112617,Omphalogramma tibeticum,西藏独花报春,,,,,,,no_image
150342,Onnia vallata,墙昂尼孔菌,,,,,,,no_image
148582,Omphalina lilaceorosea,赭褐亚脐菇,,,,,,,no_image
54053,Onesia wolongensis,卧龙蚓蝇,,,,,,,no_image
143248,Oncopodiella robusta,,,,,,,,no_image
112641,Onosma alba,白花滇紫草,,,,,,,no_image
112664,Onosma multiramosum,多枝滇紫草,,,,,,,no_image
54073,Ontholestes murinus,,,,,,,,no_image
78956,Onychostoma elongatus,细身白甲鱼,,,,,,,no_image
54093,Onukia palemargina,白缘锥头叶蝉,,,,,,,no_image
19385,Onychiurus fimetarius,,,,,,,,no_image
54125,Ooencyrtus nezarae,,,,,,,,no_image
78969,Oocatochus rufodorsatus,红纹滞卵蛇,,,,,,,no_image
54141,Opacifrons dupliciseta,双鬃欧小粪蝇,,,,,,,no_image
4711,Ophiacantha pentagona,五角棘蛇尾,,,,,,,no_image
78972,Ophichthus apicalis,尖吻蛇鳗,,,,,,,no_image
131589,Opegrapha quercina,,,,,,,,no_image
78988,Ophidion asiro,席鳞鼬鳚,,,,,,,no_image
142195,Ophiocordyceps laojunshanensis,老君山线虫草,,,,,,,no_image
436,Ophiodromus obscura,暗蛇潜虫,,,,,,,no_image
5731,Ophiochalcis scabra,糙小石蛇尾,,,,,,,no_image
5744,Ophiolepis annulosa,黄鳞蛇尾,,,,,,,no_image
4710,Ophiomyces delata,显著菌蛇尾,,,,,,,no_image
112717,Ophiopogon grandis,大沿阶草,,,,,,,no_image
4707,Ophiophthalmus cataleimmoidus,红裸盾蛇尾,,,,,,,no_image
6740,Ophiomyxa australis,澳洲粘蛇尾,,,,,,,no_image
112775,Ophiorrhiza densa,密脉蛇根草,,,,,,,no_image
112757,Ophiopogon yangshuoensis,阳朔沿阶草,,,,,,,no_image
112737,Ophiopogon pingbienensis,屏边沿阶草,,,,,,,no_image
112795,Ophiorrhiza kuroiwae,小花蛇根草,,,,,,,no_image
471,Ophiothrix exigua,小刺蛇尾,,,,,,,no_image
112815,Ophiorrhiza nutans,垂花蛇根草,,,,,,,no_image
112835,Ophiorrhiza rugosa,匍地蛇根草,,,,,,,no_image
5757,Ophiozonella subtilis,细带蛇尾,,,,,,,no_image
54217,Ophyra ignava,银眉黑蝇,,,,,,,no_image
112848,Ophrestia pinnata,羽叶拟大豆,,,,,,,no_image
78997,Opisthopterus valenciennesi,伐氏后鳍鱼,,,,,,,no_image
112862,Oplismenus undulatifolius,求米草,,,,,,,no_image
79008,Opisthotropis maxwelli,福建后棱蛇,,,,,,,no_image
901,Oratosquilla kempi,黑斑口虾蛄,,,,,,,no_image
15327,Opopaea furcula,叉板巨膝蛛,,,,,,,no_image
79027,Opsarius koratensis,泰国真马口鱼,,,,,,,no_image
54246,Orbita parallelodroma,魔眼瓢蜡蝉,,,,,,,no_image
139547,Orbilia bomiensis,波密圆盘菌,,,,,,,no_image
139567,Orbilia leporina,,,,,,,,no_image
112880,Orchidantha insularis,海南兰花蕉,,,,,,,no_image
54253,Orellia falcata,婆罗门参缝点实蝇,,,,,,,no_image
112936,Oreocharis dinghushanensis,鼎湖后蕊苣苔,,,,,,,no_image
112912,Oreocharis cavaleriei,贵州马铃苣苔,,,,,,,no_image
112982,Oreocharis nemoralis,湖南马铃苣苔,,,,,,,no_image
112956,Oreocharis hekouensis,河口直瓣苣苔,,,,,,,no_image
113052,Oreocharis wuxiensis,巫溪马铃苣苔,,,,,,,no_image
113030,Oreocharis stewardii,广西佛肚苣苔,,,,,,,no_image
113006,Oreocharis pumila,裂檐苣苔,,,,,,,no_image
113090,Oreogrammitis sinohirtella,隐脉滨禾蕨,,,,,,,no_image
113076,Oreocome striata,条纹雪藁本,,,,,,,no_image
113091,Oreomecon nudicaulis,野罂粟,,,,,,,no_image
54275,Oreomela muzartea,莫氏高山叶甲,,,,,,,no_image
54295,Oreomela weisei,韦氏高山叶甲,,,,,,,no_image
113095,Oreorchis bashanensis,巴山山兰,,,,,,,no_image
113116,Oreoseris maxima,箭叶火石花,,,,,,,no_image
54309,Oreta dalia,大理山钩蛾,,,,,,,no_image
54353,Orgyia postica,棉古毒蛾,,,,,,,no_image
13014,Orientattus hongkong,香港东跳蛛,,,,,,,no_image
54333,Orgilonia vechti,维氏拟怒茧蜂Orgilonia,,,,,,,no_image
113126,Origanum vulgare,牛至,,,,,,,no_image
54378,Orientomiris pseudopronotalis,黑头东盲蝽,,,,,,,no_image
54409,Orius minutus,微小花蝽,,,,,,,no_image
54403,Orinoma alba,白纹岳眼蝶,,,,,,,no_image
113135,Ormosia boluoensis,博罗红豆,,,,,,,no_image
54434,Ormosia inaequispina,奇索大蚊,,,,,,,no_image
113182,Ornithochilus difformis,羽唇兰,,,,,,,no_image
113164,Ormosia pubescens,柔毛红豆,,,,,,,no_image
113192,Orobanche clarkei,西藏列当,,,,,,,no_image
136126,Oropogon caespitosus,,,,,,,,no_image
113210,Orophea hirsuta,毛澄广花,,,,,,,no_image
136146,Oropogon salazinicus,,,,,,,,no_image
54479,Orothalassodes falsaria,弧斑翠尺蛾,,,,,,,no_image
54508,Orsotriaena medus,奥眼蝶,,,,,,,no_image
54497,Orphnebius nanlingensis,,,,,,,,no_image
54529,Orthetrum chrysis,华丽灰蜻,,,,,,,no_image
15507,Orthobula yaginumai,八木盾球蛛,,,,,,,no_image
54559,Orthocladius musester,突叶直突摇蚊,,,,,,,no_image
54587,Orthonevra formosana,台湾闪光蚜蝇,,,,,,,no_image
54578,Orthogonia tapaishana,太白胖夜蛾,,,,,,,no_image
113257,Orthotrichum ibukiense,日本木灵藓,,,,,,,no_image
113239,Orthosiphon wulfenioides,鸡脚参,,,,,,,no_image
8000,Orthopyxis fujianensis,福建直果水母,,,,,,,no_image
54622,Orthotylus convexus,胝凸合垫盲蝽,,,,,,,no_image
113313,Osmanthus fragrans,木犀,,,,,,,no_image
54659,Oruza semilux,黑褐巧夜蛾,,,,,,,no_image
54645,Orthotylus sericeus,丝毛合垫盲蝽,,,,,,,no_image
54668,Osmia concavoclypearis,凹壁蜂,,,,,,,no_image
54720,Osorius guizhouensis,,,,,,,,no_image
113293,Osbeckia capitata,头序金锦香,,,,,,,no_image
54701,Osmylus bipapillatus,双突溪蛉,,,,,,,no_image
54688,Osmia quadricornuta,方角壁蜂,,,,,,,no_image
113359,Ostericum viridiflorum,绿花山芹,,,,,,,no_image
4604,Ostracotheres subglobosus,似球介豆蟹,,,,,,,no_image
54738,Ostedes bidentata,,,,,,,,no_image
79111,Ostorhinchus fleurieu,斑柄鹦天竺鲷,,,,,,,no_image
11905,Otacilia fanjingshan,梵净山奥塔蛛,,,,,,,no_image
11857,Otacilia acuta,尖奥塔蛛,,,,,,,no_image
11915,Otacilia longtanica,龙潭奥塔蛛,,,,,,,no_image
11907,Otacilia revoluta,旋奥塔蛛,,,,,,,no_image
11880,Otacilia yangi,杨氏奥塔蛛,,,,,,,no_image
54791,Othius quadratus,,,,,,,,no_image
54766,Othius fibulifer,,,,,,,,no_image
139914,Otidea atrofusca,,,,,,,,no_image
139934,Otidea propinquata,邻侧盘菌,,,,,,,no_image
113376,Otolejeunea semperiana,森泊耳鳞苔,,,,,,,no_image
147737,Oudemansiella nigra,,,,,,,,no_image
54813,Outachyusa taiwanensis,,,,,,,,no_image
79146,Otus semitorques,北领角鸮,,,,,,,no_image
79163,Owstonia totomiensis,欧氏鰧,,,,,,,no_image
54859,Oxyartes yunnanus,云南刺异䗛,,,,,,,no_image
54872,Oxycera liui,刘氏盾刺水虻,,,,,,,no_image
54836,Oxyaciura tibialis,中二奥楔实蝇,,,,,,,no_image
144665,Oxydothis oraniopsis,,,,,,,,no_image
16017,Oxidus gracilis,雅丽酸马陆,,,,,,,no_image
79172,Oxycirrhites typus,尖吻[鱼翁],,,,,,,no_image
11374,Oxyopes balteiformis,带缘猫蛛,,,,,,,no_image
54891,Oxyna fasciata,带纹灿翅实蝇,,,,,,,no_image
3091,Oxyperas bernardi,布氏尖蛤蜊,,,,,,,no_image
11384,Oxyopes macilentus,细纹猫蛛,,,,,,,no_image
54961,Oxypoda microgranulifera,,,,,,,,no_image
54921,Oxypoda cristae,,,,,,,,no_image
55001,Oxypoda subhsingicola,,,,,,,,no_image
54981,Oxypoda remota,,,,,,,,no_image
54941,Oxypoda hsingicola,,,,,,,,no_image
150672,Oxyporus cuneatus,楔囊锐孔菌,,,,,,,no_image
55021,Oxypoda yuan,,,,,,,,no_image
55053,Oxyporus maculiventris,,,,,,,,no_image
150682,Oxyporus sinensis,中国锐孔菌,,,,,,,no_image
55091,Oxysychus nupserhae,纽奥金小蜂,,,,,,,no_image
55118,Oxytelus tibetanus,,,,,,,,no_image
113435,Oxyria sinensis,中华山蓼,,,,,,,no_image
55098,Oxytelus abiturus,,,,,,,,no_image
113464,Oxytropis bicolor,二色棘豆,,,,,,,no_image
113512,Oxytropis guinanensis,贵南棘豆,,,,,,,no_image
113488,Oxytropis dehra-duni,,,,,,,,no_image
113532,Oxytropis larionovii,,,,,,,,no_image
113558,Oxytropis mollis,软毛棘豆,,,,,,,no_image
113578,Oxytropis poncinsii,内折棘豆,,,,,,,no_image
113600,Oxytropis rupifraga,悬岩棘豆,,,,,,,no_image
113622,Oxytropis taochensis,洮河棘豆,,,,,,,no_image
79180,Oxyurichthys amabalis,长背沟鰕虎,,,,,,,no_image
55147,Pachycorynus helvus,,,,,,,,no_image
79193,Paa rostandi,罗斯坦棘蛙,,,,,,,no_image
113649,Pachygone sinica,粉绿藤,,,,,,,no_image
5850,Ozius rugulosus,皱纹团扇蟹,,,,,,,no_image
55158,Pachylomalus deficiens,缺线厚阎甲,,,,,,,no_image
55218,Pachypeltis politum,黑斑颈盲蝽,,,,,,,no_image
55178,Pachyneuron korlense,库尔勒楔缘金小蜂,,,,,,,no_image
8150,Pachyseris foliosa,多叶厚丝珊瑚,,,,,,,no_image
55196,Pachypappa pilosa,毛埃斯绵蚜,,,,,,,no_image
2961,Padrycheles pectinicarpus,栉腕厚螯瓷蟹,,,,,,,no_image
15860,Pacidesmus sinensis,,,,,,,,no_image
55240,Pachytodes bottcheri,,,,,,,,no_image
134439,Paecilomyces longipes,,,,,,,,no_image
55247,Paectes cristatrix,冠娱尾夜蛾,,,,,,,no_image
55256,Paederus anmamontis,,,,,,,,no_image
55276,Paederus discurrens,,,,,,,,no_image
55298,Paederus melampus,,,,,,,,no_image
55318,Paederus trihamatus,,,,,,,,no_image
113702,Paeonia rockii,紫斑牡丹,,,,,,,no_image
5288,Paguristes ciliatus,绒毛长眼寄居蟹,,,,,,,no_image
1702,Pagurus gracilis,细足寄居蟹,,,,,,,no_image
15239,Paiwana chengpoi,澄波排湾蛛,,,,,,,no_image
55355,Palaeopsylla laxidigita,宽指古蚤,,,,,,,no_image
5031,Palaemonetes sinensis,中华小长臂虾,,,,,,,no_image
55377,Palaminus elmebalasanae,,,,,,,,no_image
136979,Pallidogramme chlorocarpoides,绿果灰线衣,,,,,,,no_image
55386,Palearctia mongolica,蒙古北灯蛾,,,,,,,no_image
55400,Palimna formosana,,,,,,,,no_image
113733,Palmatiboea salviiflora,叠裂掌脉苣苔,,,,,,,no_image
55425,Palpomyia chongqingi,重庆须蠓,,,,,,,no_image
55445,Palpomyia reversa,旋转须蠓,,,,,,,no_image
55459,Pammene germmana,李超小卷蛾,,,,,,,no_image
113744,Panax pseudoginseng,假人参,,,,,,,no_image
55487,Pandemis cinnamomeana,松褐卷蛾,,,,,,,no_image
113750,Pancratium biflorum,全能花,,,,,,,no_image
155484,Pandora borea,北虫疠霉,,,,,,,no_image
147517,Panellus violaceofulvus,紫褶色扇茹,,,,,,,no_image
113758,Pandorea jasminoides,粉花凌霄,,,,,,,no_image
55516,Pangrapta prophyrea,波眉夜蛾,,,,,,,no_image
113787,Panisea yunnanensis,云南曲唇兰,,,,,,,no_image
113767,Panicum dichotomiflorum,洋野黍,,,,,,,no_image
55546,Pantana aurantihumarata,橙肩竹毒蛾,,,,,,,no_image
55560,Pantilius gonoceroides,翘角延额盲蝽,,,,,,,no_image
9656,Panonychus elongatus,,,,,,,,no_image
113789,Panzerina canescens,灰白脓疮草,,,,,,,no_image
151077,Panus setiger,毛革耳,,,,,,,no_image
55588,Panzeria latipennis,宽茎阳寄蝇,,,,,,,no_image
113825,Paphiopedilum henryanum,亨利兜兰,,,,,,,no_image
365,Paphia schnelliana,靓巴非蛤,,,,,,,no_image
55617,Papilio bootes,黑美凤蝶,,,,,,,no_image
55672,Papilio rumanzovius,红斑美凤蝶,,,,,,,no_image
113858,Papillaria torquata,台湾松萝藓,,,,,,,no_image
8263,Paraarhynchite hexorenale,六肾拟无吻螠,,,,,,,no_image
113881,Paraboea minutiflora,微花蛛毛苣苔,,,,,,,no_image
55687,Parablatticida scapata,,,,,,,,no_image
55689,Parabolitobius prolongatus,,,,,,,,no_image
55702,Paraboreochlus okinawanus,冲绳近北摇蚊,,,,,,,no_image
79249,Paracaesio sordida,冲绳若梅鲷,,,,,,,no_image
9034,Parachipteria distincta,显副角翼甲螨弯亚种,,,,,,,no_image
1908,Paracaridina zijinica,紫金拟米虾,,,,,,,no_image
8475,Paracerceis sculpta,雕刻拟尖水虱,,,,,,,no_image
55744,Paracladopelma binum,双叶拟枝角摇蚊,,,,,,,no_image
1674,Paracleistostoma tomentosa,绒毛拟闭口蟹,,,,,,,no_image
55799,Paraclytus helenae,,,,,,,,no_image
55779,Paraclius mastrus,觅弓脉长足虻,,,,,,,no_image
10270,Paracolomerus davidiae,,,,,,,,no_image
55833,Paracyrta blattina,金异弓背叶蝉,,,,,,,no_image
55851,Paradelphomyia cerina,蜂巢索大蚊,,,,,,,no_image
55822,Paracosmetura cryptocerca,隐尾副异饰肛螽,,,,,,,no_image
55860,Paradichosia blaesostyla,凹铗变丽蝇,,,,,,,no_image
55891,Paradoxopsyllus inferioprocerus,低突怪蚤,,,,,,,no_image
55877,Paradiplatys salvazae,全若丝尾螋,,,,,,,no_image
55924,Paraepepeotes marmoratus,,,,,,,,no_image
55938,Paragavialidium tridentatum,三齿佯鳄蚱,,,,,,,no_image
55913,Paradoxopsyllus wangi,王氏怪蚤,,,,,,,no_image
55951,Paraglenurus riparius,巨弯爪蚁蛉,,,,,,,no_image
55982,Paragongylopus sinensis,中华仿圆足䗛,,,,,,,no_image
79273,Paragobiodon lacunicolus,黑鳍副叶鰕虎,,,,,,,no_image
55997,Paragus gulangensis,古浪小蚜蝇,,,,,,,no_image
56025,Parahybos breviprocerus,短突准驼舞虻,,,,,,,no_image
56017,Paragusia karakulensis,卡小蚜蜂麻蝇,,,,,,,no_image
56072,Paralecanium machili,楠扇蜡蚧,,,,,,,no_image
113918,Parakmeria yunnanensis,云南拟单性木兰,,,,,,,no_image
56043,Parahypotermes manyunensis,曼允壤白蚁,,,,,,,no_image
56078,Paraleprodera carolina,,,,,,,,no_image
19288,Paralobella penangensis,,,,,,,,no_image
56091,Paraleucophenga invicta,隐秘扁腹果蝇,,,,,,,no_image
56107,Paralimna opaca,长毛沼刺水蝇,,,,,,,no_image
165,Paramedaeu noelensis,钝额拟权位蟹,,,,,,,no_image
3477,Paralomis arae,天壇仿石蟹,,,,,,,no_image
79305,Paramegophrys jinyunensis,缙云掌突蟾,,,,,,,no_image
56156,Paramesosella fasciculata,,,,,,,,no_image
79325,Paramegophrys wuhuangmontis,五皇山掌突蟾,,,,,,,no_image
56159,Paramestus nigrostriatus,黑条宽膈飞虱,,,,,,,no_image
56186,Paranaspia erythromelas,,,,,,,,no_image
7235,Paraminabea rubeusa,红近南软珊瑚,,,,,,,no_image
619,Paramunida proxima,近缘仿刺铠虾,,,,,,,no_image
56196,Paraneopsylla tiflovi,直指副新蚤,,,,,,,no_image
56217,Paranticopsis megarus,细纹凤蝶,,,,,,,no_image
1577,Parapagurus latimanus,偏螯拟寄居蟹,,,,,,,no_image
79369,Parapercis macrophthalma,大眼拟鲈,,,,,,,no_image
755,Parapenaeopsis tenella,细巧仿对虾,,,,,,,no_image
56238,Paraphaenocladius impensus,,,,,,,,no_image
113944,Paraphlomis caloneura,美脉假糙苏,,,,,,,no_image
113971,Paraphlomis octopus,章鱼假糙苏,,,,,,,no_image
6219,Paraphotis sinensis,中华拟亮钩虾,,,,,,,no_image
56255,Parapodisma astris,无纹刺秃蝗,,,,,,,no_image
56258,Parapsalis infernalis,阴异元螋,,,,,,,no_image
114002,Paraquilegia caespitosa,密丛拟耧斗菜,,,,,,,no_image
56301,Parasa flavabdomena,黄腹绿刺蛾,,,,,,,no_image
15899,Parariukiaria kabaki,,,,,,,,no_image
56321,Parasa pseudorepanda,肖媚绿刺蛾,,,,,,,no_image
56359,Parascela castanea,栗色似角胸肖叶甲,,,,,,,no_image
6773,Parasalenia poehli,环棘偏海胆,,,,,,,no_image
114041,Parasenecio leucocephalus,白头蟹甲草,,,,,,,no_image
114019,Parasenecio caroli,革叶蟹甲草,,,,,,,no_image
56384,Parasipyloidea carinata,显脊无齿股䗛,,,,,,,no_image
56370,Parasiccia maculifascia,斑苔蛾,,,,,,,no_image
114065,Parasenecio souliei,川西蟹甲草,,,,,,,no_image
11455,Parasteatoda subvexa,锥形拟肥腹蛛,,,,,,,no_image
11430,Parasteatoda angulithorax,横带拟肥腹蛛,,,,,,,no_image
56405,Parastrangalis dalihodi,,,,,,,,no_image
56436,Parasyrphus annulatus,环带拟蚜蝇,,,,,,,no_image
56425,Parastrangalis phantoma,,,,,,,,no_image
56452,Paratendipes angustus,尖窄间摇蚊,,,,,,,no_image
56468,Parathoracaphis cheni,陈副胸蚜,,,,,,,no_image
56484,Paratorna cuprescens,银带环翅卷蛾,,,,,,,no_image
114076,Parathelypteris beddomei,长根金星蕨,,,,,,,no_image
56501,Paratropus khandalensis,坎达拉缘尾阎甲,,,,,,,no_image
56509,Paravibrissina adiscalis,锄亚髭寄蝇,,,,,,,no_image
16463,Pardosa baxianensis,拔仙豹蛛,,,,,,,no_image
79434,Parazen pacificus,太平洋副海鲂,,,,,,,no_image
16548,Pardosa haibeiensis,海北豹蛛,,,,,,,no_image
16554,Pardosa litangensis,理塘豹蛛,,,,,,,no_image
16320,Pardosa papilionaca,蝶豹蛛,,,,,,,no_image
16287,Pardosa shyamae,怯豹蛛,,,,,,,no_image
16366,Pardosa uncifera,钩豹蛛,,,,,,,no_image
56526,Paregle audacula,根邻种蝇,,,,,,,no_image
79479,Pareuchiloglanis tianquanensis,天全&#x0000E065;,,,,,,,no_image
79445,Pareas dulongjiangensis,独龙江钝头蛇,,,,,,,no_image
56540,Parerigone laxifrons,宽额俏饰寄蝇,,,,,,,no_image
56581,Parheminodes collaris,紫胸宽角肖叶甲,,,,,,,no_image
114127,Paris nitida,亮叶重楼,,,,,,,no_image
56565,Pareutaenia arnaudi,,,,,,,,no_image
8359,Parionina chinensis,中华类旁鳃虱,,,,,,,no_image
114158,Parkia timoriana,球花豆,,,,,,,no_image
136168,Parmelia clavulifera,螺状梅衣,,,,,,,no_image
136248,Parmelia taractica,劣草场梅衣,,,,,,,no_image
136266,Parmelinella simplicior,小孢甲衣,,,,,,,no_image
136188,Parmelia infumata,烟色黑尔衣,,,,,,,no_image
136228,Parmelia sinensis,中华梅衣,,,,,,,no_image
136208,Parmelia mundata,,,,,,,,no_image
136282,Parmotrema cetratum,睫毛大叶梅,,,,,,,no_image
136302,Parmotrema myriolobulatum,密裂大叶梅,,,,,,,no_image
136322,Parmotrema subsumptum,,,,,,,,no_image
114174,Parnassia crassifolia,鸡心梅花草,,,,,,,no_image
56622,Parnassius apollonius,羲和绢蝶,,,,,,,no_image
114198,Parnassia lijiangensis,丽江梅花草,,,,,,,no_image
114228,Parnassia simianshanensis,四面山梅花草,,,,,,,no_image
56699,Parnassius phoebus,福布绢蝶,,,,,,,no_image
56747,Paromalus picturatus,皮克丽尾阎甲,,,,,,,no_image
56734,Parochthiphila transcaspica,钝脊准斑腹蝇,,,,,,,no_image
56764,Parosmylus liupanshanensis,六盘山近溪蛉,,,,,,,no_image
114260,Parthenocissus chinensis,小叶地锦,,,,,,,no_image
56782,Parum porphyria,月天蛾,,,,,,,no_image
56794,Parydra lutumilis,斑翅滨水蝇,,,,,,,no_image
79502,Parus major,欧亚大山雀,,,,,,,no_image
114286,Paspalum paniculatum,开穗雀稗,,,,,,,no_image
132791,Passalora rosae,,,,,,,,no_image
132771,Passalora dubia,,,,,,,,no_image
114302,Passiflora eberhardtii,心叶西番莲,,,,,,,no_image
56799,Pataeta carbo,拍尾夜蛾,,,,,,,no_image
12738,Patu spinathoraxi,棘胸帕图蛛,,,,,,,no_image
138411,Patinellaria cubensis,,,,,,,,no_image
140645,Patella stercorea,,,,,,,,no_image
149493,Paxillus panuoides,耳状桩菇,,,,,,,no_image
114351,Pavetta tomentosa,绒毛大沙叶,,,,,,,no_image
56823,Pazala sichuanica,四川剑凤蝶,,,,,,,no_image
114378,Pedicularis angustiloba,狭裂马先蒿,,,,,,,no_image
56829,Pectiniseta mediastina,中华栉芒秽蝇,,,,,,,no_image
114408,Pedicularis brevilabris,短唇马先蒿,,,,,,,no_image
114471,Pedicularis decora,美观马先蒿,,,,,,,no_image
114437,Pedicularis corydaloides,拟紫堇马先蒿,,,,,,,no_image
114496,Pedicularis elata,高升马先蒿,,,,,,,no_image
114523,Pedicularis furfuracea,糠秕马先蒿,,,,,,,no_image
114554,Pedicularis henryi,江南马先蒿,,,,,,,no_image
114604,Pedicularis liguliflora,舌花马先蒿,,,,,,,no_image
114580,Pedicularis kialensis,甲拉马先蒿,,,,,,,no_image
114635,Pedicularis mairei,东川马先蒿,,,,,,,no_image
114657,Pedicularis monbeigiana,澜沧马先蒿,,,,,,,no_image
114751,Pedicularis ramosissima,多枝马先蒿,,,,,,,no_image
114722,Pedicularis polyodonta,多齿马先蒿,,,,,,,no_image
114690,Pedicularis oliveriana,茸背马先蒿,,,,,,,no_image
114790,Pedicularis rubens,红色马先蒿,,,,,,,no_image
114818,Pedicularis souliei,短裂马先蒿,,,,,,,no_image
114849,Pedicularis taliensis,大理马先蒿,,,,,,,no_image
114874,Pedicularis trichocymba,毛舟马先蒿,,,,,,,no_image
114899,Pedicularis violascens,堇色马先蒿,,,,,,,no_image
56855,Pedopodisma epacroptera,尖翅小蹦蝗,,,,,,,no_image
5573,Pedinosoma curtum,矮指蚕,,,,,,,no_image
114920,Peganum multisectum,多裂骆驼蓬,,,,,,,no_image
56903,Pegomya emeinigra,峨嵋黑泉蝇,,,,,,,no_image
56923,Pegomya longshanensis,龙山泉蝇,,,,,,,no_image
56883,Pegomya bicolor,双色泉蝇,,,,,,,no_image
56963,Pegomya spiraculata,小孔泉蝇,,,,,,,no_image
56943,Pegomya orientis,东方泉蝇,,,,,,,no_image
57001,Pelagodes simplvalvae,小海绿尺蛾,,,,,,,no_image
56983,Pegoplata lengshanensis,冷山须泉蝇,,,,,,,no_image
79548,Pelecanus onocrotalus,白鹈鹕,,,,,,,no_image
57034,Peleteria sphyricera,短翅长须寄蝇,,,,,,,no_image
57014,Peleteria frater,红尾长须寄蝇,,,,,,,no_image
114953,Peliosanthes planicoronata,平冠球子草,,,,,,,no_image
57052,Pelioptera samchunensis,,,,,,,,no_image
114987,Pellionia macrophylla,大叶赤车,,,,,,,no_image
149672,Pellicularia koleroga,,,,,,,,no_image
79574,Pelophylax plancyi,金线侧褶蛙,,,,,,,no_image
57070,Pella puetzi,,,,,,,,no_image
57077,Pelmatops tangliangi,汤亮突眼实蝇,,,,,,,no_image
137302,Peltigera polydactyla,多指地卷,,,,,,,no_image
137282,Peltigera degenii,裂边地卷,,,,,,,no_image
8974,Peloribates yunnanensis,南圆单翼甲螨,,,,,,,no_image
57100,Peltodonia chinensis,,,,,,,,no_image
139455,Peltula tortuosa,多曲盾衣,,,,,,,no_image
57118,Pemphigus populinigrae,杨叶红瘿绵蚜,,,,,,,no_image
57132,Penicillidia dufourii,,,,,,,,no_image
134476,Penicillium coffeae,,,,,,,,no_image
134496,Penicillium glandicola,,,,,,,,no_image
152057,Peniophora alba,白隔孢伏革菌,,,,,,,no_image
134536,Penicillium roseopurpureum,,,,,,,,no_image
134516,Penicillium miczynskii,,,,,,,,no_image
152077,Peniophora spathulata,匙形隔孢伏革菌,,,,,,,no_image
10681,Pennatula murrayi,默氏海鳃,,,,,,,no_image
57142,Pennithera subcomis,亚羽带尺蛾,,,,,,,no_image
115030,Pentapetes phoenicea,午时花,,,,,,,no_image
79605,Percocypris retrodorslis,后背鲈鲤,,,,,,,no_image
57146,Pentelicus orientalis,,,,,,,,no_image
151612,Perenniporia formosana,台湾多年卧孔菌,,,,,,,no_image
57176,Peplomicrus yinae,,,,,,,,no_image
57168,Penthetria velutina,短绒叉毛蚊,,,,,,,no_image
57191,Periaeschna magdalena,狭痣佩蜓,,,,,,,no_image
151632,Perenniporia xantha,黄多年卧孔菌,,,,,,,no_image
57211,Pericallia matronula,斑灯蛾,,,,,,,no_image
5065,Periclimenaeus spongicola,海绵小岩虾,,,,,,,no_image
5138,Periclimenes psamathe,细额岩虾,,,,,,,no_image
143272,Periconia jabalpurensis,,,,,,,,no_image
153185,Peridermium pini,松针被孢锈菌,,,,,,,no_image
57232,Peridea dichroma,分内斑舟蛾,,,,,,,no_image
57288,Perina nuda,榕透翅毒蛾,,,,,,,no_image
57262,Periergos orest,山纡舟蛾,,,,,,,no_image
57277,Perigrapha uniformis,虚连环夜蛾,,,,,,,no_image
783,Periploma japonicum,日本短吻蛤,,,,,,,no_image
2794,Perioculodes longidactylus,长指周眼钩虾,,,,,,,no_image
57304,Perissandria adornata,甲罕夜蛾,,,,,,,no_image
115097,Peristylus fallax,盘腺阔蕊兰,,,,,,,no_image
57364,Peristenus rugosus,皱常室茧蜂,,,,,,,no_image
57327,Perissus demonacoides,,,,,,,,no_image
57347,Perissus persimilis,,,,,,,,no_image
9216,Perlohmannia coiffaiti,考氏全罗甲螨,,,,,,,no_image
57399,Perkinsiella saccharicida,甘蔗扁角飞虱,,,,,,,no_image
115114,Perotis indica,茅根,,,,,,,no_image
57374,Peritropis yunnanensis,云佩盲蝽,,,,,,,no_image
115199,Persicaria viscofera,黏蓼,,,,,,,no_image
115122,Persicaria assamica,阿萨姆蓼,,,,,,,no_image
115173,Persicaria perfoliata,扛板归,,,,,,,no_image
115146,Persicaria japonica,蚕茧草,,,,,,,no_image
137447,Pertusaria composita,复合鸡皮衣,,,,,,,no_image
137487,Pertusaria rigida,硬鸡皮衣,,,,,,,no_image
137507,Pertusaria violacea,紫罗兰鸡皮衣,,,,,,,no_image
137467,Pertusaria macrospora,,,,,,,,no_image
141053,Pestalotia flagellata,,,,,,,,no_image
115222,Pertya pungens,尖苞帚菊,,,,,,,no_image
141073,Pestalotiopsis batatae,,,,,,,,no_image
141093,Pestalotiopsis coffeae,,,,,,,,no_image
141113,Pestalotiopsis guepini,,,,,,,,no_image
141133,Pestalotiopsis macrospora,,,,,,,,no_image
141153,Pestalotiopsis paeoniae,,,,,,,,no_image
141173,Pestalotiopsis sorbi,,,,,,,,no_image
57436,Petaliaeschna tomokunii,硕叶蜓,,,,,,,no_image
115270,Petrocodon lui,陆氏细筒苣苔,,,,,,,no_image
9636,Petrobia barkolensis,,,,,,,,no_image
79676,Petaurista xanthotis,灰鼯鼠,,,,,,,no_image
115248,Petrocodon dealbatus,石山苣苔,,,,,,,no_image
115290,Petrocodon urceolatus,壶状石山苣苔,,,,,,,no_image
115334,Petrocosmea menglianensis,孟连石蝴蝶,,,,,,,no_image
115311,Petrocosmea flaccida,萎软石蝴蝶,,,,,,,no_image
2934,Petrolisthes haswelli,哈氏岩瓷蟹,,,,,,,no_image
115358,Petrocosmea thermopuncta,热点石蝴蝶,,,,,,,no_image
57448,Petrorossia salqamum,锐越蜂虻,,,,,,,no_image
115379,Peucedanum caespitosum,北京前胡,,,,,,,no_image
57462,Pexopsis dongchuanensis,东川梳寄蝇,,,,,,,no_image
115404,Peucedanum turgeniifolium,长前胡,,,,,,,no_image
135067,Peyritschiella clivinae,,,,,,,,no_image
137867,Pezicula ocellata,浅黄无柄盘菌,,,,,,,no_image
140027,Peziza aurantia,,,,,,,,no_image
140007,Peziza alnea,,,,,,,,no_image
140047,Peziza calyculus,,,,,,,,no_image
140067,Peziza cinatica,糠状盘菌,,,,,,,no_image
140087,Peziza coronata,,,,,,,,no_image
140107,Peziza emileia,,,,,,,,no_image
140127,Peziza grandis,,,,,,,,no_image
140147,Peziza inaequalis,,,,,,,,no_image
140167,Peziza melaloma,,,,,,,,no_image
140187,Peziza oncospermatis,,,,,,,,no_image
140207,Peziza pseudoviolacea,假紫盘菌,,,,,,,no_image
140247,Peziza stevensonii,,,,,,,,no_image
140227,Peziza scatigena,,,,,,,,no_image
140267,Peziza tricholoma,,,,,,,,no_image
140287,Peziza vulcanalis,,,,,,,,no_image
57486,Phacophallus pallidipennis,,,,,,,,no_image
132798,Phacellium bulbigerum,,,,,,,,no_image
57502,Phaedon igori,翼格猿叶甲,,,,,,,no_image
57522,Phaenoserphus brevicellus,短径光胸细蜂,,,,,,,no_image
115430,Phaeoceros pearsonii,培氏黄角苔,,,,,,,no_image
57542,Phaenoserphus sulcus,沟光胸细蜂,,,,,,,no_image
144214,Phaeonectriella lignicola,,,,,,,,no_image
136998,Phaeographis exaltata,高举厚基衣,,,,,,,no_image
133668,Phaeodothis winteri,,,,,,,,no_image
135319,Phaeophyscia imbricata,覆瓦黑蜈蚣衣,,,,,,,no_image
137018,Phaeographis wukangensis,武冈黑文衣,,,,,,,no_image
146891,Phaeosolenia platensis,,,,,,,,no_image
153315,Phakopsora fici,,,,,,,,no_image
115436,Phaius hainanensis,海南鹤顶兰,,,,,,,no_image
57566,Phalacrotophora punctifrons,点额伐蚤蝇,,,,,,,no_image
115465,Phalaenopsis taenialis,小尖囊兰,,,,,,,no_image
153335,Phakopsora ziziphi-vulgaris,,,,,,,,no_image
57597,Phalera niveomaculata,雪花掌舟蛾,,,,,,,no_image
57571,Phalera aciei,婀掌舟蛾,,,,,,,no_image
57620,Phalga clarirena,清波尾夜蛾,,,,,,,no_image
150815,Phallus megacephalus,巨盖鬼笔,,,,,,,no_image
115506,Phanera nervosa,棒花火索藤,,,,,,,no_image
115482,Phanera calciphila,石山火索藤,,,,,,,no_image
151097,Phanerochaete leptoderma,薄原毛平革菌,,,,,,,no_image
57630,Phalonidia curvistrigana,曲带褐纹卷蛾,,,,,,,no_image
150795,Phallus celebicus,,,,,,,,no_image
6123,Phanoderma campbelli,凯氏光皮线虫,,,,,,,no_image
57656,Phaneroserphus bui,卜氏脊额细蜂,,,,,,,no_image
57692,Phaonia arcuaticauda,拱腹棘蝇,,,,,,,no_image
57712,Phaonia benxiensis,本溪棘蝇,,,,,,,no_image
57732,Phaonia chuanierrans,川荡棘蝇,,,,,,,no_image
57753,Phaonia dayiensis,大邑棘蝇,,,,,,,no_image
57773,Phaonia fani,范氏棘蝇,,,,,,,no_image
57793,Phaonia fusciantenna,暗棕角棘蝇,,,,,,,no_image
57813,Phaonia hebetoida,类钝棘蝇,,,,,,,no_image
57835,Phaonia jiaodingshanica,轿顶棘蝇,,,,,,,no_image
57855,Phaonia latierrans,宽荡棘蝇,,,,,,,no_image
57875,Phaonia lushuiensis,泸水棘蝇,,,,,,,no_image
57895,Phaonia mimerrans,拟游荡棘蝇,,,,,,,no_image
57976,Phaonia reduncicauda,翘尾棘蝇,,,,,,,no_image
57916,Phaonia nigeritegula,黑肩棘蝇,,,,,,,no_image
57996,Phaonia shuierrans,蜀荡棘蝇,,,,,,,no_image
57936,Phaonia nounechesa,稳重棘蝇,,,,,,,no_image
58036,Phaonia subpunctinerva,亚斑脉棘蝇,,,,,,,no_image
57956,Phaonia pennifuscata,褐翅棘蝇,,,,,,,no_image
58016,Phaonia subflavivivida,亚黄活棘蝇,,,,,,,no_image
58057,Phaonia triseriata,三列棘蝇,,,,,,,no_image
58077,Phaonia xianensis,西安棘蝇,,,,,,,no_image
8266,Phascolosoma arcuatum,弓形革囊星虫,,,,,,,no_image
58097,Phaonia zhelochovtsevi,翅斑棘蝇,,,,,,,no_image
58110,Phasia caudata,红尾突颜寄蝇,,,,,,,no_image
150354,Phellinidium pouzarii,,,,,,,,no_image
58128,Phassus camphorae,星蝙蛾,,,,,,,no_image
58145,Phebellia carceliaeformis,拟狭颊菲寄蝇,,,,,,,no_image
150374,Phellinus chrysoloma,,,,,,,,no_image
115535,Phegopteris decursive-pinnata,延羽卵果蕨,,,,,,,no_image
150394,Phellinus fushanus,,,,,,,,no_image
150434,Phellinus pachyphloeus,厚皮木层孔菌,,,,,,,no_image
150454,Phellinus salicinus,,,,,,,,no_image
150414,Phellinus lloydii,,,,,,,,no_image
150474,Phellinus williamsii,,,,,,,,no_image
58160,Phenacoccus fraxinus,蜡绵粉蚧,,,,,,,no_image
58174,Pheosiopsis abludo,岐夙舟蛾,,,,,,,no_image
58201,Pheosiopsis pseudoantennalis,新角夙舟蛾,,,,,,,no_image
4225,Philbertia thorssoni,敏捷菲螺,,,,,,,no_image
115563,Philadelphus kunmingensis,昆明山梅花,,,,,,,no_image
58221,Pherbina mediterranea,地中海缘鬃沼蝇,,,,,,,no_image
4355,Philbertia daedalea,精美菲螺,,,,,,,no_image
134309,Phialophora cinerescens,,,,,,,,no_image
12527,Philodromus digitatus,指逍遥蛛,,,,,,,no_image
115590,Philodendron sagittifolium,箭叶喜林芋,,,,,,,no_image
5905,Philippidoeippe philippinensis,菲岛关公蟹,,,,,,,no_image
115608,Philonotis thwaitesii,细叶泽藓,,,,,,,no_image
58289,Philonthus fenestratus,,,,,,,,no_image
58247,Philomyceta asperipennis,,,,,,,,no_image
58309,Philonthus lan,,,,,,,,no_image
58268,Philonthus confinis,,,,,,,,no_image
58329,Philonthus nudus,,,,,,,,no_image
58350,Philonthus shangzhiensis,,,,,,,,no_image
58372,Philonthus yaoi,,,,,,,,no_image
58392,Philophylla rufescens,淡红叶实蝇,,,,,,,no_image
2637,Philyra heterograna,杂粒拳蟹,,,,,,,no_image
58404,Philosina buchi,红尾黑山蟌,,,,,,,no_image
12891,Phintella lepidus,洁金蝉蛛,,,,,,,no_image
58419,Phlaeoba albonema,白纹佛蝗,,,,,,,no_image
151060,Phlebia rufa,红射脉菌,,,,,,,no_image
58441,Phlebotomus sichuanensis,四川白蛉,,,,,,,no_image
115627,Phlegmariurus phlegmaria,马尾杉,,,,,,,no_image
58451,Phlogophora beatrix,福衫夜蛾,,,,,,,no_image
58446,Phloeomyzus passerinii,,,,,,,,no_image
115665,Phlomoides cuonaensis,错那钩萼草,,,,,,,no_image
115687,Phlomoides maximowiczii,大叶糙苏,,,,,,,no_image
115711,Phlomoides strigosa,糙毛糙苏,,,,,,,no_image
149520,Phlyctospora maculata,,,,,,,,no_image
115757,Phoebe neurantha,白楠,,,,,,,no_image
115737,Phoebe cavaleriei,赛楠,,,,,,,no_image
15065,Pholcus bantouensis,板透幽灵蛛,,,,,,,no_image
79750,Phoenicurus ochruros,赭红尾鸲,,,,,,,no_image
15215,Pholcus fengcheng,凤城幽灵蛛,,,,,,,no_image
15040,Pholcus qingyunensis,卿云幽灵蛛,,,,,,,no_image
15006,Pholcus jiulong,九龙幽灵蛛,,,,,,,no_image
115793,Pholidota yunnanensis,云南石仙桃,,,,,,,no_image
15089,Pholcus undatus,波形幽灵蛛,,,,,,,no_image
15186,Pholcus medog,墨脱幽灵蛛,,,,,,,no_image
148264,Pholiota condensa,密生鳞伞,,,,,,,no_image
148284,Pholiota fulvodisca,黄盘鳞伞,,,,,,,no_image
15189,Pholcus zhangae,张氏幽灵蛛,,,,,,,no_image
148304,Pholiota luteola,鲜黄鳞伞,,,,,,,no_image
148324,Pholiota praecox,,,,,,,,no_image
133606,Phoma adianticola,,,,,,,,no_image
148344,Pholiota subflavida,,,,,,,,no_image
133626,Phoma juglandis,,,,,,,,no_image
141375,Phomopsis batatae,,,,,,,,no_image
141395,Phomopsis durionis,,,,,,,,no_image
133646,Phoma scheffleri,,,,,,,,no_image
141415,Phomopsis juglandina,,,,,,,,no_image
141455,Phomopsis sapotae,,,,,,,,no_image
58473,Phonomyia aristata,芒声寄蝇,,,,,,,no_image
141435,Phomopsis occulta,,,,,,,,no_image
58493,Phora tattakana,鹿林蚤蝇,,,,,,,no_image
58513,Phorbia securis,,,,,,,,no_image
58534,Phorocera assimilis,勺肛蜉寄蝇,,,,,,,no_image
624,Phoronis ijimai,饭岛帚虫,,,,,,,no_image
58582,Phortica longicauda,长尾伏果蝇,,,,,,,no_image
58562,Phortica foliiseta,叶芒伏果蝇,,,,,,,no_image
58602,Phortica psi,三叉伏果蝇,,,,,,,no_image
58622,Phorticella htunmaungi,托孟氏条果蝇,,,,,,,no_image
6252,Photis sinensis,中国亮钩虾,,,,,,,no_image
115813,Photinia kwangsiensis,广西石楠,,,,,,,no_image
58643,Photoscotosia diochoticha,离幅尺蛾,,,,,,,no_image
58666,Photoscotosia pallifasciaria,宽带幅尺蛾,,,,,,,no_image
79767,Phoxinus kumkang,斑鳍&#x0000E003;,,,,,,,no_image
153391,Phragmidium coreanum,过江龙多胞锈,,,,,,,no_image
153431,Phragmidium shensianum,陕西多胞锈,,,,,,,no_image
153411,Phragmidium okianum,冲多胞锈菌,,,,,,,no_image
143293,Phragmocephala stemphylioides,,,,,,,,no_image
58702,Phraortes formosanus,台湾皮䗛,,,,,,,no_image
58722,Phraortes sphaeroidalis,球臀皮䗛,,,,,,,no_image
58742,Phratora moha,岛弗叶甲,,,,,,,no_image
115842,Phryma leptostachya,北美透骨草,,,,,,,no_image
58779,Phronia wudangana,武当巧菌蚊,,,,,,,no_image
58759,Phrixolepia zhejiangensis,浙冠刺蛾,,,,,,,no_image
58798,Phryno vetula,拱头芙寄蝇,,,,,,,no_image
79792,Phrynoglossus lingnanica,岭南浮蛙,,,,,,,no_image
58810,Phthiridium devatae,天神虱蛛蝇,,,,,,,no_image
11431,Phycosoma mustelinum,鼬形藻蛛,,,,,,,no_image
58831,Phumosia abdominalis,彩腹阜蝇,,,,,,,no_image
144286,Phyllachora bambusae,,,,,,,,no_image
144306,Phyllachora dolichogena,,,,,,,,no_image
144326,Phyllachora isachnes,,,,,,,,no_image
144346,Phyllachora oblongospora,,,,,,,,no_image
144366,Phyllachora setariicola,,,,,,,,no_image
138120,Phyllactinia kakicola,,,,,,,,no_image
138100,Phyllactinia aleuritidis,,,,,,,,no_image
58838,Phylladothrips pallidus,白叶管蓟马,,,,,,,no_image
115903,Phyllanthus rheedii,瑞氏叶下珠,,,,,,,no_image
115879,Phyllanthodendron yunnanense,云南珠子木,,,,,,,no_image
10440,Phyllocoptes adalius,,,,,,,,no_image
10303,Phyllocoptes lyciumi,,,,,,,,no_image
10604,Phyllocoptes suavissimi,,,,,,,,no_image
10328,Phyllocoptruta sorbarianis,,,,,,,,no_image
115915,Phyllodium pulchellum,排钱树,,,,,,,no_image
115921,Phyllolobium balfourianum,长小苞蔓黄芪,,,,,,,no_image
115941,Phyllolobium tribulifolium,蒺藜叶蔓黄芪,,,,,,,no_image
58877,Phyllomyza clavellata,棒须真叶蝇,,,,,,,no_image
136522,Phyllopsora albicans,白树痂衣,,,,,,,no_image
79818,Phylloscopus emeiensis,峨眉柳莺,,,,,,,no_image
139457,Phyllopeltula corticola,树生叶盾衣,,,,,,,no_image
149209,Phylloporus alborufus,,,,,,,,no_image
79852,Phylloscopus poliogenys,灰脸鹟莺,,,,,,,no_image
115944,Phyllospadix japonicus,黑纤维虾海藻,,,,,,,no_image
115962,Phyllostachys fimbriligula,角竹,,,,,,,no_image
115987,Phyllostachys nigra,紫竹,,,,,,,no_image
131883,Phyllosticta apii,,,,,,,,no_image
131903,Phyllosticta capsulicola,,,,,,,,no_image
116011,Phyllostachys violascens,早竹,,,,,,,no_image
131923,Phyllosticta commonsii,,,,,,,,no_image
131943,Phyllosticta digitalis,,,,,,,,no_image
131983,Phyllosticta juglandis,,,,,,,,no_image
132003,Phyllosticta melongenae,,,,,,,,no_image
131963,Phyllosticta gerbericola,,,,,,,,no_image
132023,Phyllosticta osmanthicola,,,,,,,,no_image
132043,Phyllosticta populina,,,,,,,,no_image
132083,Phyllosticta vitis,,,,,,,,no_image
132063,Phyllosticta setariae,,,,,,,,no_image
58907,Phymatodes eximius,,,,,,,,no_image
58922,Phymatura brevicollis,,,,,,,,no_image
135336,Physcia caesia,兰灰蜈蚣衣,,,,,,,no_image
135366,Physconia chinensis,,,,,,,,no_image
116029,Physaliastrum yunnanense,云南散血丹,,,,,,,no_image
58931,Physeriococcus cellulosus,刺绒蚧,,,,,,,no_image
135356,Physcia sorediosa,粉芽蜈蚣衣,,,,,,,no_image
137157,Physma byrsaeum,拟皮胶囊衣,,,,,,,no_image
58958,Physocephala pielina,派叉芒眼蝇,,,,,,,no_image
155264,Physoderma zeae-maydis,,,,,,,,no_image
116058,Physospermopsis alepidioides,全叶滇芎,,,,,,,no_image
58979,Phytocoris elongatulus,狭长植盲蝽,,,,,,,no_image
58999,Phytocoris novobliquevittatus,拟斜纹植盲蝽,,,,,,,no_image
59019,Phytoecia cinctipennis,,,,,,,,no_image
59056,Phytomyza takasagoensis,阿里山植潜蝇,,,,,,,no_image
59036,Phytomia chrysopyga,金尾宽盾蚜蝇,,,,,,,no_image
59073,Phytosciara endotriacantha,内三刺植眼蕈蚊,,,,,,,no_image
116081,Picea brachytyla,麦吊云杉,,,,,,,no_image
79909,Picoides kizuki,小星头啄木鸟,,,,,,,no_image
79933,Picus rabieri,红颈绿啄木鸟,,,,,,,no_image
59102,Pidonia atritarsis,,,,,,,,no_image
59122,Pidonia erlangshana,,,,,,,,no_image
59142,Pidonia ludmilae,,,,,,,,no_image
59162,Pidonia picta,,,,,,,,no_image
59182,Pidonia takahashii,,,,,,,,no_image
116121,Pieris japonica,马醉木,,,,,,,no_image
116144,Pilea cavaleriei,波缘冷水花,,,,,,,no_image
156011,Pilaira moreaui,,,,,,,,no_image
116223,Pilea rotundinucula,圆果冷水花,,,,,,,no_image
116173,Pilea japonica,山冷水花,,,,,,,no_image
962,Pillucina vietnamica,南海毛满月蛤,,,,,,,no_image
116196,Pilea monilifera,念珠冷水花,,,,,,,no_image
116245,Pilea weimingii,维明冷水花,,,,,,,no_image
2351,Pilumnus capillatus,多毛毛刺蟹,,,,,,,no_image
238,Pilodius paumotensis,保莫蒂毛壳蟹,,,,,,,no_image
12058,Pimoa clavata,棒状派模蛛,,,,,,,no_image
116263,Pimpinella caudata,尾尖茴芹,,,,,,,no_image
116286,Pimpinella rhomboidea,菱叶茴芹,,,,,,,no_image
116308,Pinalia longlingensis,龙陵苹兰,,,,,,,no_image
116321,Pinanga tashiroi,兰屿山槟榔,,,,,,,no_image
11303,Pinelema cordata,心形平莱蛛,,,,,,,no_image
5503,Pinguitellin robusta,胖樱蛤,,,,,,,no_image
11305,Pinelema spina,刺平莱蛛,,,,,,,no_image
116328,Pinellia integrifolia,石蜘蛛,,,,,,,no_image
4614,Pinnotheres cyclinus,青蛤豆蟹,,,,,,,no_image
59267,Pinophilus lewisius,,,,,,,,no_image
116440,Piper interruptum,疏果胡椒,,,,,,,no_image
116365,Pinus gerardiana,西藏白皮松,,,,,,,no_image
116414,Piper arunachalense,西藏胡椒,,,,,,,no_image
116391,Pinus squamata,五针白皮松,,,,,,,no_image
116460,Piper pingbienense,屏边胡椒,,,,,,,no_image
116484,Piper tricolor,三色胡椒,,,,,,,no_image
59280,Pipiza festiva,亮跗缩颜蚜蝇,,,,,,,no_image
116502,Piptatherum gracile,小落芒草,,,,,,,no_image
156014,Pirella circinans,,,,,,,,no_image
59296,Pipunculus campestris,平原头蝇,,,,,,,no_image
12325,Pireneitega xiyankouensis,西岩口拟隙蛛,,,,,,,no_image
149521,Pisolithus abditus,隐匿豆包菌,,,,,,,no_image
14572,Pistius truncatus,截形截腹蛛,,,,,,,no_image
59302,Pithauria marsena,黄标琵弄蝶,,,,,,,no_image
133363,Pithomyces ellisii,,,,,,,,no_image
79954,Pitta sordida,绿胸八色鸫,,,,,,,no_image
116560,Pittosporum maoshanense,昴山海桐,,,,,,,no_image
116591,Pittosporum subulisepalum,尖萼海桐,,,,,,,no_image
59323,Placusa kadooriorum,,,,,,,,no_image
116604,Plagiobasis centauroides,斜果菊,,,,,,,no_image
79959,Placocheilus dulongensis,独龙盆唇鱼,,,,,,,no_image
116624,Plagiochila blepharophora,海岛羽苔,,,,,,,no_image
116647,Plagiochila fordiana,福氏羽苔,,,,,,,no_image
116687,Plagiochila shangaica,上海羽苔,,,,,,,no_image
59345,Plagiodera yunnanica,云南圆叶甲,,,,,,,no_image
116667,Plagiochila oblonga,矩叶羽苔,,,,,,,no_image
116734,Plagiopetalum wenshanense,猫耳朵,,,,,,,no_image
17189,Plagiorchis glyptothoraxis,鮡后斜睾吸虫,,,,,,,no_image
116717,Plagiomnium integrum,全缘匐灯藓,,,,,,,no_image
59366,Plagiostenopterina yunnana,云南狭翅广口蝇,,,,,,,no_image
116767,Plagiothecium undulatum,波叶棉藓,,,,,,,no_image
59387,Planococcoides lingnani,岭南牦粉蚧,,,,,,,no_image
630,Plagusia immaculata,无斑斜纹蟹,,,,,,,no_image
4116,Planostrea pestigris,鹅掌牡蛎,,,,,,,no_image
116795,Plantago polysperma,多籽车前,,,,,,,no_image
116813,Platanthera deflexilabella,反唇舌唇兰,,,,,,,no_image
59423,Plastus shanghaiensis,,,,,,,,no_image
116833,Platanthera likiangensis,丽江舌唇兰,,,,,,,no_image
116856,Platanthera sinica,滇西舌唇兰,,,,,,,no_image
116872,Platea latifolia,阔叶肖榄,,,,,,,no_image
12463,Platocoelotes bifidus,双叉宽隙蛛,,,,,,,no_image
116878,Platostoma palustre,凉粉草,,,,,,,no_image
12310,Platocoelotes zhuchuandiani,朱传典宽隙蛛,,,,,,,no_image
59453,Platycephala xanthodes,黄色宽头秆蝇,,,,,,,no_image
59469,Platycheirus fulviventris,黄腹宽跗蚜蝇,,,,,,,no_image
59507,Platycorynus igneicollis,红胸扁角肖叶甲,,,,,,,no_image
59488,Platycnemis phyllopoda,叶足扇蟌,,,,,,,no_image
59527,Platydracus aeneoniger,,,,,,,,no_image
59547,Platydracus pseudopaganus,,,,,,,,no_image
7309,Platygyra crosslandi,交替扁脑珊瑚,,,,,,,no_image
1473,Platylepas hexastylos,六柱扁藤壶,,,,,,,no_image
59608,Platypalpus curvispinus,弯刺平须舞虻,,,,,,,no_image
59583,Platylomalus submetallicus,胸线平阎甲,,,,,,,no_image
116898,Platyosprion platycarpum,翅荚香槐,,,,,,,no_image
17603,Platypetasus futteri,扁平瓣蜗牛,,,,,,,no_image
59629,Platypalpus medialis,中斑平须舞虻,,,,,,,no_image
59658,Platypria melli,枣掌铁甲,,,,,,,no_image
59672,Platysoma elongatum,长方阎甲,,,,,,,no_image
59690,Platystethus nitens,,,,,,,,no_image
59704,Plaxomicrus violaceomaculatus,,,,,,,,no_image
59716,Plecia fulvicollis,黄胸襀毛蚊,,,,,,,no_image
80001,Plectorhinchus albovittatus,白带胡椒鲷,,,,,,,no_image
79999,Plecotus ognevi,奥氏长耳蝠,,,,,,,no_image
80016,Plectranthias helenae,海氏棘花鮨,,,,,,,no_image
116916,Pleioblastus hsienchuensis,仙居苦竹,,,,,,,no_image
80036,Plectroglyphidodon leucozonus,白带椒雀鲷,,,,,,,no_image
116943,Pleione aurita,艳花独蒜兰,,,,,,,no_image
134104,Pleospora mangiferae,,,,,,,,no_image
116935,Pleione ×,保山独蒜兰,,,,,,,no_image
80052,Plesiops oxycephalus,尖头鮗,,,,,,,no_image
116973,Pleuridium subulatum,丛毛藓,,,,,,,no_image
17270,Pleurogenoides japonicus,日本拟侧殖吸虫,,,,,,,no_image
144386,Pleurothecium clavatum,棒侧囊壳菌,,,,,,,no_image
80070,Pleurosicya mossambica,莫桑比克腹瓢鰕虎,,,,,,,no_image
147829,Pleurotus citrinopileatus,金顶侧耳,,,,,,,no_image
147869,Pleurotus reniformis,肾形侧耳,,,,,,,no_image
147849,Pleurotus lignatilis,腐木生侧耳,,,,,,,no_image
8219,Plumularia dendritica,树枝羽螅,,,,,,,no_image
80072,Plicofollis polystaphylodon,葡齿褶囊海鲶,,,,,,,no_image
12982,Plexippoides annulipedis,环足拟蝇虎,,,,,,,no_image
9359,Plonaphacarus kugohi,库普卷甲螨,,,,,,,no_image
13028,Plexippus paykulli,黑色蝇虎,,,,,,,no_image
59766,Plusiodonta casta,纯肖金夜蛾,,,,,,,no_image
147920,Pluteus pellitus,,,,,,,,no_image
147900,Pluteus exiguus,,,,,,,,no_image
80080,Pluvialis apricaria,欧金鸻,,,,,,,no_image
117046,Poa bactriana,荒漠早熟禾,,,,,,,no_image
117150,Poa tangii,唐氏早熟禾,,,,,,,no_image
117082,Poa hylobates,喜马早熟禾,,,,,,,no_image
117110,Poa perennis,宿生早熟禾,,,,,,,no_image
138161,Podosphaera setacea,,,,,,,,no_image
151123,Podoscypha venustula,楔形美丽柄杯菌,,,,,,,no_image
138883,Poculum sydowianum,,,,,,,,no_image
80100,Podoces hendersoni,黑尾地鸦,,,,,,,no_image
59787,Podothrips kentingensis,肯特肢管蓟马,,,,,,,no_image
59784,Podismopsis sinucarinata,曲线跃度蝗,,,,,,,no_image
80113,Poecile superciliosus,白眉山雀,,,,,,,no_image
59800,Poecilosomella brunettii,布氏星小粪蝇,,,,,,,no_image
59820,Poecilotraphera taeniata,条纹斓矛广口蝇,,,,,,,no_image
117215,Pogostemon amaranthoides,短冠刺蕊草,,,,,,,no_image
117279,Poikilospermum naucleiflorum,大序锥头麻,,,,,,,no_image
117237,Pogostemon parviflorus,短穗刺蕊草,,,,,,,no_image
117259,Pohlia hisae,纤毛丝瓜藓,,,,,,,no_image
117207,Pogonatum sinense,树形小金发藓,,,,,,,no_image
59840,Polia mongolica,翰灰夜蛾,,,,,,,no_image
5682,Polinices albumen,蛋白乳玉螺,,,,,,,no_image
59868,Pollenia ernangshanna,二郎山粉蝇,,,,,,,no_image
59888,Polleniopsis milina,米林拟粉蝇,,,,,,,no_image
134770,Polyblastia integrascens,全缘多囊衣,,,,,,,no_image
117298,Pollia thyrsiflora,密花杜若,,,,,,,no_image
138508,Polydesmia pruinosa,多丝盘菌,,,,,,,no_image
117355,Polygala resinosa,斑果远志,,,,,,,no_image
5614,Polycheira fusca,紫轮参,,,,,,,no_image
117327,Polygala furcata,肾果小扁豆,,,,,,,no_image
117397,Polygonatum longipedunculatum,长柄黄精,,,,,,,no_image
117377,Polygonatum cirrhifolium,卷叶黄精,,,,,,,no_image
117436,Polygonum patulum,展枝萹蓄,,,,,,,no_image
117419,Polygonatum wardii,西藏黄精,,,,,,,no_image
59916,Polylopha cassiicola,肉桂双瓣卷蛾,,,,,,,no_image
59929,Polymixis serpentina,委展冬夜蛾,,,,,,,no_image
59957,Polypedilum bullum,二型多足摇蚊,,,,,,,no_image
59977,Polypedilum harteni,哈特三突多足摇蚊,,,,,,,no_image
59997,Polypedilum parallelum,平行三突多足摇蚊,,,,,,,no_image
117448,Polyosma cambodiana,多香木,,,,,,,no_image
117462,Polypogon hissaricus,糙毛棒头草,,,,,,,no_image
60017,Polypedilum xuei,薛氏多足摇蚊,,,,,,,no_image
151650,Polyporus calkinsii,嘉氏多孔菌,,,,,,,no_image
151670,Polyporus dubiopansus,,,,,,,,no_image
151690,Polyporus laccatus,,,,,,,,no_image
151710,Polyporus multiplicatus,,,,,,,,no_image
117467,Polyscias cumingiana,线叶南洋参,,,,,,,no_image
151730,Polyporus pseudoboletus,,,,,,,,no_image
117485,Polystichum acanthophyllum,刺叶耳蕨,,,,,,,no_image
151770,Polyporus triqueter,,,,,,,,no_image
151750,Polyporus scopulosus,,,,,,,,no_image
117525,Polystichum crassirachis,厚轴耳蕨,,,,,,,no_image
117505,Polystichum biaristatum,二尖耳蕨,,,,,,,no_image
117585,Polystichum kropfii,克罗普夫耳蕨,,,,,,,no_image
117545,Polystichum erosum,蚀盖耳蕨,,,,,,,no_image
117565,Polystichum hainanicola,海南耳蕨,,,,,,,no_image
117605,Polystichum longissimum,长叶耳蕨,,,,,,,no_image
117625,Polystichum multispinulosum,多刺耳蕨,,,,,,,no_image
117645,Polystichum otomasui,南碧耳蕨,,,,,,,no_image
117665,Polystichum pseudocastaneum,拟栗鳞耳蕨,,,,,,,no_image
117685,Polystichum rupicola,岩生耳蕨,,,,,,,no_image
150490,Polystictus cichoriaceus,,,,,,,,no_image
117726,Polystichum uniseriale,单行耳蕨,,,,,,,no_image
117705,Polystichum subdeltodon,粗齿耳蕨,,,,,,,no_image
150510,Polystictus sepia,皱褐扇,,,,,,,no_image
60043,Polytremis theca,盒纹孔弄蝶,,,,,,,no_image
117762,Polytrichum swartzii,微齿金发藓,,,,,,,no_image
60081,Polyzonus latefasciatus,,,,,,,,no_image
80155,Pomacanthus xanthometopon,黄颅刺盖鱼,,,,,,,no_image
117768,Pommereschea spectabilis,短柄直唇姜,,,,,,,no_image
117786,Ponerorchis gonggashanica,贡嘎无柱兰,,,,,,,no_image
117806,Ponerorchis takasagomontana,高山小红门兰,,,,,,,no_image
80175,Pomadasys argenteus,银石鲈,,,,,,,no_image
19434,Pontastacus leptodactylus,窄螯螯虾,,,,,,,no_image
5836,Pontogenia nuda,裸桥鳞虫,,,,,,,no_image
117869,Populus glauca,灰背杨,,,,,,,no_image
117897,Populus platyphylla,阔叶杨,,,,,,,no_image
117979,Porella japonica,日本光萼苔,,,,,,,no_image
117929,Populus violascens,堇柄杨,,,,,,,no_image
2901,Porcellana curvifrons,弯额瓷蟹,,,,,,,no_image
118007,Porella subparaphyllina,齿尖光萼苔,,,,,,,no_image
137526,Porina karnatakensis,,,,,,,,no_image
10696,Porites cylindrica,柱状滨珊瑚,,,,,,,no_image
150517,Porodaedalea laricis,,,,,,,,no_image
151799,Poria undulata,,,,,,,,no_image
60121,Poropoea chinensis,中国圆翅赤眼蜂,,,,,,,no_image
136752,Porpidia macrocarpa,腹斑假网衣,,,,,,,no_image
60133,Portevinia bashanensis,巴山颜突蚜蝇,,,,,,,no_image
118013,Porotrichodendron mahahaicum,树枝藓,,,,,,,no_image
118034,Porphyra yezoensis,条斑紫菜,,,,,,,no_image
12896,Portia songi,宋氏孔蛛,,,,,,,no_image
60154,Potamia seitarsis,鬃跗河蝇,,,,,,,no_image
53,Portunus gracilimanus,纤手梭子蟹,,,,,,,no_image
16998,Posthovitellum eurystomi,三宝鸟后腺吸虫,,,,,,,no_image
118058,Potamogeton octandrus,八蕊眼子菜,,,,,,,no_image
118137,Potentilla multicaulis,多茎委陵菜,,,,,,,no_image
118071,Potentilla argentea,银背委陵菜,,,,,,,no_image
118105,Potentilla evestita,脱绒委陵菜,,,,,,,no_image
118172,Potentilla simulatrix,等齿委陵菜,,,,,,,no_image
118197,Pothos scandens,螳螂跌打,,,,,,,no_image
118211,Pourthiaea fokienensis,福建石楠,,,,,,,no_image
60193,Pothyne suturella,,,,,,,,no_image
118239,Pouzolzia sanguinea,红雾水葛,,,,,,,no_image
60209,Praesetora kwangtungensis,广东伯刺蛾,,,,,,,no_image
132805,Prathigada picrismae,,,,,,,,no_image
118297,Premna tapintzeana,大坪子豆腐柴,,,,,,,no_image
118273,Premna ligustroides,臭黄荆,,,,,,,no_image
134159,Preussia quattuordecimcellularis,,,,,,,,no_image
118321,Primula atrodentata,白心球花报春,,,,,,,no_image
118342,Primula buryana,珠峰垂花报春,,,,,,,no_image
60238,Primocerioides beijingensis,北京首角蚜蝇,,,,,,,no_image
118366,Primula chimingiana,启明报春,,,,,,,no_image
118387,Primula davidii,大叶宝兴报春,,,,,,,no_image
118411,Primula erratica,甘南报春,,,,,,,no_image
118456,Primula hoii,单伞长柄报春,,,,,,,no_image
118434,Primula florindae,巨伞钟报春,,,,,,,no_image
118479,Primula kingii,高莛紫晶报春,,,,,,,no_image
118501,Primula loeseneri,肾叶报春,,,,,,,no_image
118553,Primula obliqua,斜花雪山报春,,,,,,,no_image
118525,Primula melanops,粉莛报春,,,,,,,no_image
118596,Primula reflexa,嫩黄报春,,,,,,,no_image
118575,Primula pinnatifida,羽叶穗花报春,,,,,,,no_image
118617,Primula scopulorum,米仓山报春,,,,,,,no_image
118641,Primula spicata,穗状垂花报春,,,,,,,no_image
118708,Primula yunnanensis,云南报春,,,,,,,no_image
118664,Primula tridentifera,三齿卵叶报春,,,,,,,no_image
118688,Primula walshii,腺毛小报春,,,,,,,no_image
118734,Primulina brassicoides,芥状报春苣苔,,,,,,,no_image
118776,Primulina fordii,桂粤报春苣苔,,,,,,,no_image
118823,Primulina lechangensis,乐昌报春苣苔,,,,,,,no_image
118754,Primulina danxiaensis,丹霞小花苣苔,,,,,,,no_image
118910,Primulina pseudotabacum,拟报春苣苔,,,,,,,no_image
118845,Primulina longanica,隆安報春苣苔,,,,,,,no_image
118799,Primulina hiemalis,冬花报春苣苔,,,,,,,no_image
118868,Primulina maguanensis,马关报春苣苔,,,,,,,no_image
118890,Primulina ophiopogoides,条叶报春苣苔,,,,,,,no_image
118931,Primulina serrulata,锯缘报春苣苔,,,,,,,no_image
118959,Primulina titan,泰坦报春苣苔,,,,,,,no_image
118981,Primulina yangshanensis,阳山报春苣苔,,,,,,,no_image
5409,Prionocidaris baculosa,棒棘锯头帕,,,,,,,no_image
118994,Prinsepia utilis,扁核木,,,,,,,no_image
80270,Priolepis kappa,卡氏锯鳞鰕虎,,,,,,,no_image
80288,Pristipomoides multidens,多牙紫鱼,,,,,,,no_image
18520,Proales theodora,粗壮前翼轮虫,,,,,,,no_image
8501,Prionovolva wilsoniana,维尔逊锯梭螺,,,,,,,no_image
118995,Prismatomeris tetrandra,南山花,,,,,,,no_image
60330,Processus bifasciatus,双带长突叶蝉,,,,,,,no_image
7039,Proboscidactyla mutabilis,异枝管水母,,,,,,,no_image
60347,Prociphilus pini,松根卷叶绵蚜,,,,,,,no_image
60414,Prohimerta yunnanea,云南安螽,,,,,,,no_image
60426,Promachus chinensis,中华叉胫食虫虻,,,,,,,no_image
60367,Procladius ruris,鲁前突摇蚊,,,,,,,no_image
60383,Proctotrupes sinensis,中华细蜂,,,,,,,no_image
16835,Prodentobunus unispinosus,独刺前齿盲蛛,,,,,,,no_image
80304,Promethichthys prometheus,纺锤蛇鲭,,,,,,,no_image
60494,Prosciara paucispina,疏刺首眼蕈蚊,,,,,,,no_image
3365,Propeamussium sibogai,黄肋拟日月贝,,,,,,,no_image
119011,Pronephrium setosum,刚毛新月蕨,,,,,,,no_image
60465,Prorhinotermes hainanensis,海南原鼻白蚁,,,,,,,no_image
60474,Prosciara decamera,十刺首眼蕈蚊,,,,,,,no_image
17151,Prosorhynchus glyptothoracis,鮡前吻吸虫,,,,,,,no_image
60511,Prosimulium nevexalatamus,突板原蚋,,,,,,,no_image
60533,Prosopochrysa chusanensis,舟山丽额水虻,,,,,,,no_image
60551,Prosthecarthron insulanus,,,,,,,,no_image
17238,Prosthodendrium obtusum,钝形副前腺吸虫,,,,,,,no_image
19410,Protaphorura taimyrica,,,,,,,,no_image
3149,Protankyra bidentata,棘刺锚参,,,,,,,no_image
60594,Protoblaps kashkarovi,四川原琵甲,,,,,,,no_image
60629,Protohermes davidi,大卫星齿蛉,,,,,,,no_image
60612,Protocypus ursus,,,,,,,,no_image
60572,Protexarnis laetifica,赖异夜蛾,,,,,,,no_image
60649,Protohermes orientalis,东方星齿蛉,,,,,,,no_image
60596,Protocalliphora lii,李氏原丽蝇,,,,,,,no_image
60666,Protomiltogramma jaxartiana,拟带盾斑蜂麻蝇,,,,,,,no_image
80328,Protonemacheilus longipectoralis,长鳍原条鳅,,,,,,,no_image
80330,Protosalanx chinensis,大银鱼,,,,,,,no_image
60693,Protuliocnemis candida,洁丝尺蛾,,,,,,,no_image
80333,Prunella collaris,领岩鹨,,,,,,,no_image
119104,Prunus jingningensis,沼生矮樱,,,,,,,no_image
119080,Prunus ferganensis,新疆桃,,,,,,,no_image
119054,Prunus caudata,尖尾樱桃,,,,,,,no_image
119188,Prunus undulata,尖叶桂樱,,,,,,,no_image
119134,Prunus patentipila,散毛樱桃,,,,,,,no_image
119166,Prunus spinosa,黑刺李,,,,,,,no_image
60713,Przhevalskiana orongonis,羚繸皮蝇,,,,,,,no_image
60729,Psallops formosanus,台湾撒盲蝽,,,,,,,no_image
148026,Psathyrella ammophila,砂褶小脆柄菇,,,,,,,no_image
148046,Psathyrella cubensis,古巴小脆柄菇,,,,,,,no_image
1248,Psammolyce fijiensis,斐济砂鳞虫,,,,,,,no_image
148066,Psathyrella microrhiza,小脆柄菇,,,,,,,no_image
13622,Psechrus spatulatus,匙状褛网蛛,,,,,,,no_image
148086,Psathyrella rubiginosa,赤褐小脆柄菇,,,,,,,no_image
148106,Psathyrella velutina,毡毛小脆柄菇,,,,,,,no_image
60790,Pselaphodes meniscus,,,,,,,,no_image
60770,Pselaphodes elongatus,,,,,,,,no_image
60751,Psectrosema xinjiangense,新疆柽瘿蚊,,,,,,,no_image
60810,Pselaphodes yunnanicus,,,,,,,,no_image
60829,Pselliophora enderleini,台湾比栉大蚊,,,,,,,no_image
19252,Pseudachorutes kangchenjungae,,,,,,,,no_image
60849,Pselliophora xanthopimplina,拟蜂比栉大蚊,,,,,,,no_image
60886,Pseudalosterna mupinensis,,,,,,,,no_image
60867,Pseudagrion spencei,褐斑蟌,,,,,,,no_image
80381,Pseudanthias cichlops,丽拟花鮨,,,,,,,no_image
60925,Pseudectroma longicauda,长尾秀德跳小蜂,,,,,,,no_image
60901,Pseudaphycus malinus,粉蚧玉棒跳小蜂,,,,,,,no_image
60916,Pseudatheta indica,,,,,,,,no_image
60936,Pseudeulia asinana,亚灰卷蛾,,,,,,,no_image
60943,Pseudipocragyes maculatus,,,,,,,,no_image
60972,Pseudocaissa marvelosa,玛伪凯刺蛾,,,,,,,no_image
80413,Pseudobagrus analis,长臀拟鲿,,,,,,,no_image
60951,Pseudobaptria corydalaria,假漆尺蛾,,,,,,,no_image
60996,Pseudocentema liui,刘氏拟刺背䗛,,,,,,,no_image
60966,Pseudobironium sinicum,,,,,,,,no_image
132823,Pseudocercospora alpiniae-katsumadaicola,,,,,,,,no_image
132883,Pseudocercospora chloranthi,,,,,,,,no_image
80439,Pseudocalotes jingpo,景颇拟树蜥,,,,,,,no_image
132843,Pseudocercospora assamensis,,,,,,,,no_image
132863,Pseudocercospora buddleiae,,,,,,,,no_image
132903,Pseudocercospora cornicola,,,,,,,,no_image
132923,Pseudocercospora dichrocephalae,,,,,,,,no_image
132943,Pseudocercospora eumusae,,,,,,,,no_image
133003,Pseudocercospora lagerstroemiae-subcostatae,,,,,,,,no_image
132963,Pseudocercospora gei,,,,,,,,no_image
133023,Pseudocercospora macleayae,博落迴假尾孢,,,,,,,no_image
132983,Pseudocercospora hymenodictyonis,,,,,,,,no_image
133063,Pseudocercospora osmanthi-asiatici,,,,,,,,no_image
133043,Pseudocercospora mucunicola,,,,,,,,no_image
133083,Pseudocercospora piperis-muricati,,,,,,,,no_image
133103,Pseudocercospora puerariicola,,,,,,,,no_image
133123,Pseudocercospora sapii-sebiferi,,,,,,,,no_image
133163,Pseudocercospora timorensis,,,,,,,,no_image
133143,Pseudocercospora stephanicola,,,,,,,,no_image
150832,Pseudoclathrus anshunensis,安顺假笼头菌,,,,,,,no_image
133183,Pseudocercospora weigeliae,,,,,,,,no_image
80448,Pseudocheilinus ocellatus,眼斑拟唇鱼,,,,,,,no_image
119264,Pseudocodon hirsutus,毛叶辐冠参,,,,,,,no_image
80459,Pseudocoris ocellata,眼斑拟盔鱼,,,,,,,no_image
119276,Pseudocyclosorus damingshanensis,大明山假毛蕨,,,,,,,no_image
119296,Pseudocyclosorus pseudofalcilobus,似镰羽假毛蕨,,,,,,,no_image
137201,Pseudocyphellaria intricata,缠结假杯点衣,,,,,,,no_image
80478,Pseudogastromyzon lianjiangensis,练江拟腹吸鳅,,,,,,,no_image
143320,Pseudodichomera elaeagni,,,,,,,,no_image
143321,Pseudofuscophialis lignicola,,,,,,,,no_image
61044,Pseudoeoscyllina longicorna,长角拟埃蝗,,,,,,,no_image
80484,Pseudogobius javanicus,爪哇拟鰕虎,,,,,,,no_image
119327,Pseudohygrohypnum fertile,多蒴假水灰藓,,,,,,,no_image
61084,Pseudohampsonella lii,李氏伪汉刺蛾,,,,,,,no_image
80500,Pseudolabrus japonicus,日本拟隆头鱼,,,,,,,no_image
119333,Pseudoleskeella catenulata,假细罗藓,,,,,,,no_image
61141,Pseudomacrochenus oberthueri,,,,,,,,no_image
61161,Pseudomallada epunctata,无斑叉草蛉,,,,,,,no_image
61119,Pseudolimnophila concussa,海南准拟大蚊,,,,,,,no_image
61131,Pseudoloxops robustus,壮突额盲蝽,,,,,,,no_image
61201,Pseudomallada vitticlypea,唇斑叉草蛉,,,,,,,no_image
61181,Pseudomallada kiangsuensis,江苏叉草蛉,,,,,,,no_image
61212,Pseudomeristomerinx nigroscutellus,黑盾异瘦腹水虻,,,,,,,no_image
2061,Pseudoneaera minor,小拟杓蛤,,,,,,,no_image
5856,Pseudopalicus oahuensis,假扁蟹,,,,,,,no_image
137877,Pseudopeziza jaapii,,,,,,,,no_image
2603,Pseudophilyra melita,墨吉假拳蟹,,,,,,,no_image
61276,Pseudoplandria tianmuensis,,,,,,,,no_image
13306,Pseudopoda contentio,努力伪遁蛛,,,,,,,no_image
61256,Pseudoplandria formosae,,,,,,,,no_image
13425,Pseudopoda obtusa,钝伪遁蛛,,,,,,,no_image
141230,Pseudoproboscispora aquatica,,,,,,,,no_image
13423,Pseudopoda taibaischana,太白伪遁蛛,,,,,,,no_image
61295,Pseudopulvinaria sikkimensis,锡金绵盘蚧,,,,,,,no_image
80509,Pseudorasbora elongate,长麦穗鱼,,,,,,,no_image
80519,Pseudorhombus levisquamis,圆鳞斑鲆,,,,,,,no_image
119403,Pseudosasa longiligula,广竹,,,,,,,no_image
61313,Pseudorthocladius cristagus,背脊伪直突摇蚊,,,,,,,no_image
8527,Pseudosimnia sinensis,中华拟鼻螺,,,,,,,no_image
61346,Pseudostegana angustifasciata,狭纹斑翅果蝇,,,,,,,no_image
61337,Pseudosmittia trilobata,三叶伪施密摇蚊,,,,,,,no_image
61395,Pseuduraecha punctiventris,,,,,,,,no_image
119437,Pseudosymblepharis angustata,狭叶拟合睫藓,,,,,,,no_image
119421,Pseudostellaria fangiana,方氏孩儿参,,,,,,,no_image
140658,Pseudotis abietina,,,,,,,,no_image
61380,Pseudovadonia livida,黄翅伪滨花天牛,,,,,,,no_image
138517,Psilachnum inquilinum,,,,,,,,no_image
146699,Psilocybe keralensis,,,,,,,,no_image
146719,Psilocybe uda,,,,,,,,no_image
61427,Psilonyx humeralis,天目缺突食虫虻,,,,,,,no_image
61445,Psilophrys may,,,,,,,,no_image
134775,Psoroglaena cubensis,,,,,,,,no_image
80571,Psittiparus gularis,灰头鸦雀,,,,,,,no_image
119467,Psilotrichum yunnanense,云南林地苋,,,,,,,no_image
61486,Psychoda platilobata,宽片蛾蠓,,,,,,,no_image
119483,Psychotria serpens,蔓九节,,,,,,,no_image
61499,Psyrana magna,大缘螽,,,,,,,no_image
19304,Ptenothrix gaoligongshanensis,,,,,,,,no_image
80590,Ptereleotris zebra,斑马鳍塘鳢,,,,,,,no_image
119563,Pteris heteromorpha,长尾凤尾蕨,,,,,,,no_image
119529,Pteris confertinervia,密脉凤尾蕨,,,,,,,no_image
119502,Pteridium yunnanense,云南蕨,,,,,,,no_image
119507,Pteris ×,乌来凤尾蕨,,,,,,,no_image
119657,Pternopetalum sinense,华囊瓣芹,,,,,,,no_image
119587,Pteris morii,琼南凤尾蕨,,,,,,,no_image
119677,Pterobryopsis scabriucula,大拟蕨藓,,,,,,,no_image
119692,Pterocaulon redolens,翼茎草,,,,,,,no_image
119607,Pteris ryukyuensis,琉球凤尾蕨,,,,,,,no_image
80606,Pterogobius zacalles,五带高鳍鰕虎,,,,,,,no_image
119705,Pterocyclus wolffianus,长果滇羌活,,,,,,,no_image
61541,Pterolophia alternata,,,,,,,,no_image
61562,Pterolophia discalis,,,,,,,,no_image
61586,Pterolophia laterialba,,,,,,,,no_image
61606,Pterolophia postfuscomaculata,,,,,,,,no_image
80655,Pterorhinus sannio,白颊噪鹛,,,,,,,no_image
80617,Pteroplatytrygon violacea,紫色翼魟,,,,,,,no_image
61651,Pterostoma sinicum,槐羽舟蛾,,,,,,,no_image
61626,Pterolophia transversefasciata,,,,,,,,no_image
80663,Pteruthius aeralatus,红翅鵙鹛,,,,,,,no_image
17442,Pterymarchia barclayana,巴克莱芭蕉螺,,,,,,,no_image
119727,Pterygiella nigrescens,翅茎草,,,,,,,no_image
119750,Ptilagrostis pugeensis,普格细柄茅,,,,,,,no_image
61675,Ptilodon saturata,绚羽齿舟蛾,,,,,,,no_image
80689,Ptyas major,翠青蛇（翠青鼠蛇）,,,,,,,no_image
61718,Ptygonotus xinglongshanensis,兴隆山凹背蝗,,,,,,,no_image
1451,Ptycholaimellus ponticus,小桥折咽线虫,,,,,,,no_image
13009,Ptocasius kinhi,金希兜跳蛛,,,,,,,no_image
153509,Puccinia agrimoniae,,,,,,,,no_image
61699,Ptychoptera gutianshana,古田山褶蚊,,,,,,,no_image
119797,Puccinellia minuta,侏碱茅,,,,,,,no_image
119777,Puccinellia florida,玖花碱茅,,,,,,,no_image
119817,Puccinellia vachanica,文昌碱茅,,,,,,,no_image
153549,Puccinia arundinacea,,,,,,,,no_image
153569,Puccinia austroyunnanica,滇南柄锈菌,,,,,,,no_image
153529,Puccinia antenori,金线草柄锈,,,,,,,no_image
153649,Puccinia cinnamomicola,樟生柄锈菌,,,,,,,no_image
153629,Puccinia caricis-siderostictae,宽叶苔草柄锈菌,,,,,,,no_image
153669,Puccinia consimilis,,,,,,,,no_image
153689,Puccinia cyperi-tagetiformis,,,,,,,,no_image
153609,Puccinia caricicola,苔草生柄锈菌,,,,,,,no_image
153729,Puccinia ervi,,,,,,,,no_image
153589,Puccinia breviculmis,短杆苔草柄锈菌,,,,,,,no_image
153709,Puccinia echinopis,蓝刺头柄锈菌,,,,,,,no_image
153769,Puccinia glycyrhizae,,,,,,,,no_image
153749,Puccinia flammulfformis,焰状柄锈菌,,,,,,,no_image
153809,Puccinia humilicola,葎草生柄锈,,,,,,,no_image
153849,Puccinia lactucae-debilis,低滩苦荬菜柄锈菌,,,,,,,no_image
153789,Puccinia helianthorum,,,,,,,,no_image
153829,Puccinia jasmini-humilis,矮探春柄锈菌,,,,,,,no_image
153889,Puccinia longicornis,长角柄锈菌,,,,,,,no_image
153869,Puccinia leucophaea,淡灰柄锈菌,,,,,,,no_image
153909,Puccinia mendozana,,,,,,,,no_image
153949,Puccinia nokoensis,能高山柄锈菌,,,,,,,no_image
153929,Puccinia morigera,桑疣柄锈菌,,,,,,,no_image
154009,Puccinia poae-sudeticae,,,,,,,,no_image
154029,Puccinia polysora,多堆柄锈菌,,,,,,,no_image
153969,Puccinia oreosolenis,藏玄参柄锈菌,,,,,,,no_image
153989,Puccinia persica,,,,,,,,no_image
154049,Puccinia pulchra,美丽柄锈菌,,,,,,,no_image
154089,Puccinia scimitriformis,弯剑形柄锈菌,,,,,,,no_image
154069,Puccinia rubigo-vera,禾叶褐锈,,,,,,,no_image
154109,Puccinia silvaticella,,,,,,,,no_image
154129,Puccinia sorghi-halepensis,,,,,,,,no_image
154169,Puccinia thuemeniana,蒂曼柄锈菌,,,,,,,no_image
154189,Puccinia umbilici,脐景天柄锈菌,,,,,,,no_image
154149,Puccinia tahensis,塔河柄锈菌,,,,,,,no_image
154209,Puccinia viburnicola,荚蒾生柄锈菌,,,,,,,no_image
154229,Puccinia zoysiae,,,,,,,,no_image
154493,Pucciniastrum ishikariense,,,,,,,,no_image
61731,Pullimosina quadripulata,四突方小粪蝇,,,,,,,no_image
119822,Pueraria calycina,黄毛萼葛,,,,,,,no_image
61721,Pulcheria catomelas,璞夜蛾,,,,,,,no_image
140663,Pulvinula carbonaria,炭垫盘菌,,,,,,,no_image
3755,Pupa affinis,亲缘蛹螺,,,,,,,no_image
136341,Punctelia subflava,裂片星点梅,,,,,,,no_image
149242,Pulveroboletus auriporus,黄孔粉末牛肝菌,,,,,,,no_image
61744,Purohita sinica,中华叶角飞虱,,,,,,,no_image
140672,Pustularia catinus,,,,,,,,no_image
119876,Pyankovia brachiata,散枝蓬,,,,,,,no_image
119884,Pycnospora lutescens,密子豆,,,,,,,no_image
119904,Pygeum wilsonii,西南臀果木,,,,,,,no_image
80742,Pycnonotus sinensis,白头鹎,,,,,,,no_image
61783,Pygophora nigrimargiala,黑缘尾秽蝇,,,,,,,no_image
61802,Pygostrangalia silvestrii,,,,,,,,no_image
61808,Pyrellia habaheensis,哈巴河碧蝇,,,,,,,no_image
132259,Pyrenocollema halodytes,嗜盐核胶衣,,,,,,,no_image
119922,Pylaisiadelpha yokohamae,短叶毛锦藓,,,,,,,no_image
134681,Pyrenula duplicans,,,,,,,,no_image
143766,Pyricularia angulata,,,,,,,,no_image
134701,Pyrenula pseudobufonia,略小核衣,,,,,,,no_image
61820,Pyrestes pascoei,,,,,,,,no_image
119964,Pyrola dahurica,兴安鹿蹄草,,,,,,,no_image
140681,Pyronema domesticum,砖火丝菌,,,,,,,no_image
150538,Pyrrhoderma scaura,肿红皮孔菌,,,,,,,no_image
61848,Pyrosis fulviplaga,三角黑枯叶蛾,,,,,,,no_image
119994,Pyrrosia costata,下延石韦,,,,,,,no_image
120033,Pyrus pashia,川梨,,,,,,,no_image
120014,Pyrrosia sheareri,庐山石韦,,,,,,,no_image
5523,Quadrans spinosa,棘方樱蛤,,,,,,,no_image
135229,Pyxine limbulata,亚橄榄黑盘衣,,,,,,,no_image
61897,Quedius albiorix,,,,,,,,no_image
16754,Qiongocera hongjunensis,红军琼斑蛛,,,,,,,no_image
80791,Quasipaa robertingeri,合江棘蛙,,,,,,,no_image
61917,Quedius bisignatus,,,,,,,,no_image
61997,Quedius iapetus,,,,,,,,no_image
61937,Quedius cornutus,,,,,,,,no_image
61957,Quedius equus,,,,,,,,no_image
62017,Quedius koltzei,,,,,,,,no_image
61977,Quedius gongga,,,,,,,,no_image
62037,Quedius liangtangi,,,,,,,,no_image
62057,Quedius mniophilus,,,,,,,,no_image
62097,Quedius purus,,,,,,,,no_image
62077,Quedius oreinos,,,,,,,,no_image
62137,Quedius tenuiculus,,,,,,,,no_image
62117,Quedius shan,,,,,,,,no_image
62157,Quedius wassu,,,,,,,,no_image
120074,Quercus changhualingensis,昌化岭青冈,,,,,,,no_image
62176,Quemetopon grandipenis,,,,,,,,no_image
120156,Quercus sichourensis,西畴青冈,,,,,,,no_image
120134,Quercus palustris,沼生栎,,,,,,,no_image
120114,Quercus litseoides,木姜叶青冈,,,,,,,no_image
120094,Quercus fenchengensis,凤城栎,,,,,,,no_image
120176,Quercus zhekunii,浙昆栎,,,,,,,no_image
62190,Quwatanabius chiaw,,,,,,,,no_image
62211,Rachia plumosa,羽峭舟蛾,,,,,,,no_image
62234,Rachispoda pseudooctisetosa,伪鬃刺足小粪蝇,,,,,,,no_image
154551,Racospermyces hyalosporus,明孢网孢锈菌,,,,,,,no_image
62253,Rainieria triseta,三鬃绒瘦足蝇,,,,,,,no_image
120198,Radiogrammitis setigera,刚毛辐禾蕨,,,,,,,no_image
120218,Radula japonica,日本扁萼苔,,,,,,,no_image
120240,Radula stellatogemmipara,星苞扁萼苔,,,,,,,no_image
136542,Ramalina confirmata,,,,,,,,no_image
149941,Ramaria americana,,,,,,,,no_image
136562,Ramalina peruviana,芽树花,,,,,,,no_image
149961,Ramaria conjunctipes,,,,,,,,no_image
149981,Ramaria flavosaponaria,,,,,,,,no_image
150001,Ramaria leptoformosa,橘色枝瑚菌,,,,,,,no_image
150021,Ramaria pinicola,,,,,,,,no_image
150041,Ramaria strasseri,斯氏枝瑚菌,,,,,,,no_image
18113,Ramiella sinicus,中国树蚓,,,,,,,no_image
145729,Ramariopsis tenuicula,,,,,,,,no_image
133214,Ramularia bistortae,,,,,,,,no_image
133274,Ramularia rubella,,,,,,,,no_image
133234,Ramularia euonymi,,,,,,,,no_image
133254,Ramularia menthae,,,,,,,,no_image
62312,Ramulus lanceus,剑臀短角棒䗛,,,,,,,no_image
62272,Ramulus arrogans,硕短角棒䗛,,,,,,,no_image
62332,Ramulus robinius,刺槐短角棒䗛,,,,,,,no_image
62292,Ramulus formosanus,台湾短角棒䗛,,,,,,,no_image
62352,Ramulus xixiaense,下关短角棒䗛,,,,,,,no_image
80823,Rana kukunoris,高原林蛙,,,,,,,no_image
1291,Raninoides hendersoni,韩氏仿蛙蟹,,,,,,,no_image
120267,Ranunculus changpingensis,昌平毛茛,,,,,,,no_image
120297,Ranunculus flavidus,黄花水毛茛,,,,,,,no_image
120324,Ranunculus indivisus,圆叶毛茛,,,,,,,no_image
120354,Ranunculus maoxianensis,茂县毛茛,,,,,,,no_image
120382,Ranunculus oreionannos,花萼毛茛,,,,,,,no_image
120405,Ranunculus regelianus,扁果毛茛,,,,,,,no_image
62356,Rapala iarbus,红燕灰蝶,,,,,,,no_image
120427,Ranunculus taiwanensis,台湾毛茛,,,,,,,no_image
120460,Raphiocarpus begoniifolius,大苞漏斗苣苔,,,,,,,no_image
120454,Ranunculus yunnanensis,云南毛茛,,,,,,,no_image
120472,Rauvolfia tiaolushanensis,吊罗山萝芙木,,,,,,,no_image
154568,Ravenelia stuhlmanni,,,,,,,,no_image
62384,Rastrococcus mangiferae,杧果平刺粉蚧,,,,,,,no_image
2581,Raylilia mirabilis,奇异雷百合蟹,,,,,,,no_image
120522,Rehmannia piasezkii,裂叶地黄,,,,,,,no_image
80867,Rectoris longifinus,长鳍直口鲮,,,,,,,no_image
4991,Regardrella okinoseana,深海斜网海绵,,,,,,,no_image
17022,Reesella orientalis,东方丽色吸虫,,,,,,,no_image
120539,Renanthera coccinea,火焰兰,,,,,,,no_image
62415,Rema costimacula,桨夜蛾,,,,,,,no_image
147520,Resinomycena mirabilis,,,,,,,,no_image
149255,Retiboletus retipes,网状网柄牛肝菌,,,,,,,no_image
62445,Reticulitermes bitumulus,双峰散白蚁,,,,,,,no_image
62465,Reticulitermes dinghuensis,鼎湖散白蚁,,,,,,,no_image
62486,Reticulitermes largus,大型散白蚁,,,,,,,no_image
62526,Reticulitermes sublongicapitatus,似长头散白蚁,,,,,,,no_image
62506,Reticulitermes nanjiangensis,南江散白蚁,,,,,,,no_image
62562,Retipenna parvula,小罗草蛉,,,,,,,no_image
4855,Retiflustra anatina,鸭嘴网藻苔虫,,,,,,,no_image
80902,Rhabdoblennius nitidus,灿烂棒鳚,,,,,,,no_image
80906,Rhabdophis confusus,拟红脖颈槽蛇,,,,,,,no_image
80927,Rhacophorus qiongica,琼树蛙,,,,,,,no_image
120555,Rhachidosorus blotianus,脆叶轴果蕨,,,,,,,no_image
62599,Rhadinopsylla ioffi,两列纤蚤,,,,,,,no_image
62622,Rhagastis aurifera,土色白肩天蛾,,,,,,,no_image
62646,Rhagio hangzhouensis,杭州鹬虻,,,,,,,no_image
120568,Rhamnella intermedia,间型猫乳,,,,,,,no_image
62666,Rhagio stigmosus,多斑鹬虻,,,,,,,no_image
120613,Rhamnus kanagusukii,变叶鼠李,,,,,,,no_image
120585,Rhamnus coriophylla,革叶鼠李,,,,,,,no_image
120635,Rhamnus rosthornii,小冻绿树,,,,,,,no_image
62690,Rhamphocoris hasegawai,黑头光姬蝽,,,,,,,no_image
62716,Rhaphidophora minuolamella,小殖板驼螽,,,,,,,no_image
62710,Rhamphophasma pseudomodestum,疑褐喙尾䗛,,,,,,,no_image
62744,Rhaphium zhongdianum,中甸锥长足虻,,,,,,,no_image
62764,Rhaphuma decora,,,,,,,,no_image
62784,Rhaphuma indifferens,,,,,,,,no_image
62724,Rhaphitelus maculatus,桃蠹棍角金小蜂,,,,,,,no_image
62804,Rhaphuma phiale,,,,,,,,no_image
62826,Rhaphuma ustulatula,,,,,,,,no_image
13175,Rhene candida,雪亮宽胸蝇虎,,,,,,,no_image
62841,Rheocricotopus fuscipes,褐色趋流摇蚊,,,,,,,no_image
120717,Rheum forrestii,牛尾七,,,,,,,no_image
62860,Rheotanytarsus aphelus,平流长跗摇蚊,,,,,,,no_image
80934,Rhinecanthus verrucosus,毒锉鳞鲀,,,,,,,no_image
62912,Rheumaptera pharcis,皱纹汝尺蛾,,,,,,,no_image
120737,Rheum rhizostachyum,枝穗大黄,,,,,,,no_image
62884,Rheumaptera confusaria,茫汝尺蛾,,,,,,,no_image
62947,Rhinoestrus latifrons,宽额鼻狂蝇,,,,,,,no_image
80937,Rhinobatos microphthalmus,小眼犁头鳐,,,,,,,no_image
80955,Rhinogobius duospilus,溪吻鰕虎,,,,,,,no_image
80975,Rhinogobius longyanensis,龙岩吻鰕虎,,,,,,,no_image
81009,Rhinolophus osgoodi,丽江菊头蝠,,,,,,,no_image
9820,Rhinophytoptus grewiae,,,,,,,,no_image
80995,Rhinogobius wangi,汪氏吻鰕虎,,,,,,,no_image
1527,Rhinospinosa demani,六刺犀牛刺蛛蟹,,,,,,,no_image
140787,Rhizina ferruginea,,,,,,,,no_image
62967,Rhipidia monoctenia,单栉形大蚊,,,,,,,no_image
17120,Rhipidocotyle pseudobagri,黄颡扇盘吸虫,,,,,,,no_image
62994,Rhipidoxylomyia aequabilis,长茎扇瘿蚊,,,,,,,no_image
81041,Rhizomys sinensis,中华竹鼠,,,,,,,no_image
137560,Rhizocarpon kansuense,甘肃地图衣,,,,,,,no_image
120758,Rhizomnium gracile,纤细毛灯藓,,,,,,,no_image
120755,Rhizoclonium grande,大根枝藻,,,,,,,no_image
81043,Rhizoprionodon acutus,尖吻斜锯牙鲨,,,,,,,no_image
149500,Rhizopogon cylindrisporus,柱孢须腹菌,,,,,,,no_image
155308,Rhizophydium macroporosum,,,,,,,,no_image
4152,Rhizorus radiola,尖卷螺,,,,,,,no_image
81051,Rhodeus nigrodorsalis,黑背鳑鲏,,,,,,,no_image
120788,Rhodiola cretinii,根出红景天,,,,,,,no_image
63030,Rhodesiella kunmingana,昆明锥秆蝇,,,,,,,no_image
120812,Rhodiola nobilis,优秀红景天,,,,,,,no_image
120842,Rhodiola stephanii,兴安红景天,,,,,,,no_image
120879,Rhododendron albertsenianum,亮红杜鹃,,,,,,,no_image
147675,Rhodocollybia meridana,,,,,,,,no_image
120909,Rhododendron augustinii,毛肋杜鹃,,,,,,,no_image
120932,Rhododendron boothii,柠檬杜鹃,,,,,,,no_image
120989,Rhododendron citriniflorum,橙黄杜鹃,,,,,,,no_image
120961,Rhododendron catacosum,瓣萼杜鹃,,,,,,,no_image
121092,Rhododendron fuscipilum,棕毛杜鹃,,,,,,,no_image
121044,Rhododendron dumicola,灌丛杜鹃,,,,,,,no_image
121014,Rhododendron datiandingense,大田顶杜鹃,,,,,,,no_image
121069,Rhododendron falconeri,杯毛杜鹃,,,,,,,no_image
121114,Rhododendron hainanense,海南杜鹃,,,,,,,no_image
121141,Rhododendron huanum,凉山杜鹃,,,,,,,no_image
121164,Rhododendron jinxiuense,金秀杜鹃,,,,,,,no_image
121256,Rhododendron miniatum,焰红杜鹃,,,,,,,no_image
121206,Rhododendron longesquamatum,长鳞杜鹃,,,,,,,no_image
121185,Rhododendron latoucheae,鹿角杜鹃,,,,,,,no_image
121310,Rhododendron pachypodum,云上杜鹃,,,,,,,no_image
121230,Rhododendron maguanense,马关杜鹃,,,,,,,no_image
121279,Rhododendron nigroglandulosum,大炮山杜鹃,,,,,,,no_image
121334,Rhododendron polycladum,多枝杜鹃,,,,,,,no_image
121361,Rhododendron pubicostatum,毛脉杜鹃,,,,,,,no_image
121384,Rhododendron rimicola,小草坝杜鹃,,,,,,,no_image
121420,Rhododendron saxatile,崖壁杜鹃,,,,,,,no_image
121557,Rhododendron wasonii,褐毛杜鹃,,,,,,,no_image
121443,Rhododendron sikangense,川西杜鹃,,,,,,,no_image
121532,Rhododendron tutcherae,香缅树杜鹃,,,,,,,no_image
121476,Rhododendron subestipitatum,单花无柄杜鹃,,,,,,,no_image
121500,Rhododendron thomsonii,半圆叶杜鹃,,,,,,,no_image
121579,Rhododendron yaogangxianense,瑶岗仙杜鹃,,,,,,,no_image
121598,Rhodoleia forrestii,绒毛红花荷,,,,,,,no_image
63066,Rhodoneura fuzirecticula,混目网蛾,,,,,,,no_image
146295,Rhodophyllus chamaecyparidis,矮生粉褶菌,,,,,,,no_image
63087,Rhodoneura subcostalis,花窗网蛾,,,,,,,no_image
146315,Rhodophyllus placidus,,,,,,,,no_image
63111,Rhondia bicoloripes,,,,,,,,no_image
121606,Rhodymenia hainanensis,海南红皮藻,,,,,,,no_image
146335,Rhodophyllus umbrinellus,茶褐赤褶菇,,,,,,,no_image
156068,Rhopalomyces cucurbitarum,,,,,,,,no_image
63141,Rhopalopsole fengyangshanensis,凤阳山诺(虫责),,,,,,,no_image
63161,Rhopalopsole recurvispina,曲刺诺(虫责),,,,,,,no_image
144637,Rhopalostroma kanyae,,,,,,,,no_image
63191,Rhopus brachypterous,短翅裂脖跳小蜂,,,,,,,no_image
121648,Rhynchospora corymbosa,三俭草,,,,,,,no_image
63219,Rhynchopsilopa jinxiuensis,金秀裸喙水蝇,,,,,,,no_image
9740,Rhyncaphytoptus ulimiss,,,,,,,,no_image
81075,Rhynchocypris percnurus,湖大吻&#x0000E003;,,,,,,,no_image
63202,Rhyacionia duplana,夏梢小卷蛾,,,,,,,no_image
121667,Rhynchostegium fauriei,狭叶长喙藓,,,,,,,no_image
121688,Rhynchotechum nirijuliense,高大线柱苣苔,,,,,,,no_image
9716,Rhyncaphytoptus filiarium,,,,,,,,no_image
81079,Rhyticeros undulatus,花冠皱盔犀鸟,,,,,,,no_image
63238,Rhyothemis variegata,,,,,,,,no_image
139359,Rhytisma lonicericola,忍冬生斑痣盘菌,,,,,,,no_image
121741,Ribes humile,矮醋栗,,,,,,,no_image
121809,Riccardia angustata,狭片叶苔,,,,,,,no_image
121778,Ribes petraeum,暗紫色茶藨子,,,,,,,no_image
121703,Ribes americanum,美洲茶藨子,,,,,,,no_image
135087,Rickia wulaiensis,,,,,,,,no_image
121829,Riccia chinensis,中华钱苔,,,,,,,no_image
121851,Richardia brasiliensis,巴西墨苜蓿,,,,,,,no_image
135382,Rinodina archaea,,,,,,,,no_image
148616,Rimbachia bryophila,,,,,,,,no_image
135402,Rinodina pycnocarpa,密果饼干衣,,,,,,,no_image
63278,Risoba repugnans,长角皮夜蛾,,,,,,,no_image
63265,Rioxa lanceolata,径斑脉实蝇,,,,,,,no_image
63284,Rivellia cladis,分支带广口蝇,,,,,,,no_image
11525,Robertus potanini,波氏罗伯蛛,,,,,,,no_image
131622,Roccellina nipponica,日本小染衣,,,,,,,no_image
154230,Roestelia cunninghamianum,,,,,,,,no_image
81095,Rohanixalus vittatus,侧条树蛙,,,,,,,no_image
63317,Rondibilis chengtuensis,,,,,,,,no_image
121912,Rohdea longipedunculata,长梗开口箭,,,,,,,no_image
137579,Ropalospora chlorantha,绿锥形孢,,,,,,,no_image
121937,Rorippa sylvestris,欧亚蔊菜,,,,,,,no_image
63376,Ropronia tongi,童氏窄腹细蜂,,,,,,,no_image
63356,Ropronia dilata,肿腮窄腹细蜂,,,,,,,no_image
121974,Rosa daishanensis,岱山蔷薇,,,,,,,no_image
122006,Rosa hezhangensis,赫章蔷薇,,,,,,,no_image
122040,Rosa maximowicziana,伞花蔷薇,,,,,,,no_image
63396,Rosalia lesnei,,,,,,,,no_image
122072,Rosa rubus,悬钩子蔷薇,,,,,,,no_image
122108,Rosa uniflorella,单花合柱蔷薇,,,,,,,no_image
122124,Roscoea capitata,头花象牙参,,,,,,,no_image
154240,Rostrupia dioscoreae,,,,,,,,no_image
144748,Rosellinia formosana,,,,,,,,no_image
18476,Rotaria tardigrada,懒轮虫,,,,,,,no_image
149257,Rubinoboletus balloui,玉红牛肝菌,,,,,,,no_image
122207,Rubia pterygocaulis,翅茎茜草,,,,,,,no_image
63411,Rowleyella gongshanensis,贡山罗氏蚤,,,,,,,no_image
122173,Rozea diversifolia,异叶小绢藓,,,,,,,no_image
122249,Rubus biflorus,粉枝莓,,,,,,,no_image
122187,Rubia deserticola,沙生茜草,,,,,,,no_image
122284,Rubus corchorifolius,山莓,,,,,,,no_image
122322,Rubus flosculosus,弓茎悬钩子,,,,,,,no_image
122356,Rubus hemithyrsus,半锥莓,,,,,,,no_image
122394,Rubus jinfoshanensis,金佛山悬钩子,,,,,,,no_image
122459,Rubus ourosepalus,宝兴悬钩子,,,,,,,no_image
122492,Rubus piluliferus,陕西悬钩子,,,,,,,no_image
122539,Rubus rosifolius,空心藨,,,,,,,no_image
122430,Rubus lobophyllus,角裂悬钩子,,,,,,,no_image
122574,Rubus sumatranus,红腺悬钩子,,,,,,,no_image
122602,Rubus wilsonii,湖北悬钩子,,,,,,,no_image
63429,Rugilus aquilinus,,,,,,,,no_image
122621,Rudbeckia laciniata,金光菊,,,,,,,no_image
63449,Rugilus gonggaicus,,,,,,,,no_image
81116,Rugosa tientaiensis,天台粗皮蛙,,,,,,,no_image
122643,Rumex nepalensis,尼泊尔酸模,,,,,,,no_image
122659,Rungia chinensis,中华孩儿草,,,,,,,no_image
152370,Russula cyanoxantha,蓝黄红菇,,,,,,,no_image
152330,Russula alboareolata,白纹红菇,,,,,,,no_image
152350,Russula castanopsidis,栲裂皮红菇,,,,,,,no_image
152390,Russula foetens,臭红菇,,,,,,,no_image
152430,Russula metachroa,污黄红菇,,,,,,,no_image
122677,Ruppia maritima,川蔓藻,,,,,,,no_image
152450,Russula pectinata,篦形红菇,,,,,,,no_image
152410,Russula integriformis,,,,,,,,no_image
152470,Russula purpurina,微紫红菇,,,,,,,no_image
152490,Russula squalida,紫黑红菇,,,,,,,no_image
152510,Russula viridella,浅绿红菇,,,,,,,no_image
81121,Ruvettus pretiosus,棘鳞蛇鲭,,,,,,,no_image
16914,Sabacon okadai,冈田鼓肢盲蛛,,,,,,,no_image
122688,Sabia coriacea,革叶清风藤,,,,,,,no_image
132093,Saccharata proteae,,,,,,,,no_image
122714,Sabulina kashmirica,克什米尔山漆姑,,,,,,,no_image
139648,Saccobolus aparaphysatus,,,,,,,,no_image
122736,Saccogyna viticulosa,囊萼苔,,,,,,,no_image
63488,Saetheria digitata,指状萨特摇蚊,,,,,,,no_image
122762,Sageretia omeiensis,峨眉雀梅藤,,,,,,,no_image
7707,Salacia tetracythara,四花海女螅,,,,,,,no_image
63504,Sakencyrtus longicaudus,长尾塞克跳小蜂,,,,,,,no_image
122781,Sagittaria natans,浮叶慈姑,,,,,,,no_image
18974,Salina anhuiensis,,,,,,,,no_image
122824,Salix argyracea,银柳,,,,,,,no_image
63531,Saliocleta nubila,云姬舟蛾,,,,,,,no_image
122850,Salix caesia,欧杞柳,,,,,,,no_image
122877,Salix crenata,锯齿叶垫柳,,,,,,,no_image
122903,Salix erioclada,绵毛柳,,,,,,,no_image
122930,Salix gyamdaensis,江达柳,,,,,,,no_image
122954,Salix jishiensis,积石柳,,,,,,,no_image
123028,Salix okamotoana,台矮柳,,,,,,,no_image
123004,Salix microphyta,宝兴矮柳,,,,,,,no_image
123113,Salix sericocarpa,绢果柳,,,,,,,no_image
122979,Salix limprichtii,黑皮柳,,,,,,,no_image
123084,Salix radinostachya,长穗柳,,,,,,,no_image
123058,Salix pingliensis,平利柳,,,,,,,no_image
123142,Salix tagawana,花莲柳,,,,,,,no_image
123197,Salsola hartmannii,阿里猪毛菜,,,,,,,no_image
123170,Salix vestita,皱纹柳,,,,,,,no_image
4941,Salmacis bicolor,模式角孔海胆,,,,,,,no_image
123234,Salvia castanea,栗色鼠尾草,,,,,,,no_image
63543,Saltusaphis scirpus,灯心草跳蚜,,,,,,,no_image
123297,Salvia nanchuanensis,南川鼠尾草,,,,,,,no_image
123269,Salvia guidongensis,桂东丹参,,,,,,,no_image
123327,Salvia scapiformis,地埂鼠尾草,,,,,,,no_image
81144,Samariscus triocellatus,三斑沙鲽,,,,,,,no_image
123356,Salvia yangii,滨藜叶分药花,,,,,,,no_image
123376,Sanguisorba diandra,疏花地榆,,,,,,,no_image
63583,Saprinus bimaculatus,圆斑腐阎甲,,,,,,,no_image
123407,Sanicula tuberculata,瘤果变豆菜,,,,,,,no_image
63567,Saperda perforata,,,,,,,,no_image
63606,Saprinus spernax,斯博腐阎甲,,,,,,,no_image
63638,Sarasaeschna sabre,刃尾沼蜓,,,,,,,no_image
63627,Sapromyza zebra,斑马双鬃缟蝇,,,,,,,no_image
152659,Sarcodon leucopus,白肉齿菌,,,,,,,no_image
81152,Sarcocheilichthys sinensis,,,,,,,,no_image
135141,Sarcogyne regularis,对称网盘衣,,,,,,,no_image
7241,Sarcophyton furcatum,分叉肉芝软珊瑚,,,,,,,no_image
63661,Sarcorohdendorfia mimobasalis,银翅鬃麻蝇,,,,,,,no_image
140851,Sarcoscypha radiculata,,,,,,,,no_image
81168,Sardinella sindensis,信德小沙丁鱼,,,,,,,no_image
63693,Sarima nigrifacies,黑萨瓢蜡蝉,,,,,,,no_image
123458,Sarcosperma griffithii,小叶肉实树,,,,,,,no_image
63711,Sarmydus cheni,,,,,,,,no_image
63673,Sargus brevis,短突瘦腹水虻,,,,,,,no_image
63729,Sasunaga interrupta,间纹幻夜蛾,,,,,,,no_image
63755,Sathytes larinus,,,,,,,,no_image
63719,Saropogon subauratus,亚金并角食虫虻,,,,,,,no_image
150838,Satyrus rubicundus,,,,,,,,no_image
63769,Satyrium austrinum,南风洒灰蝶,,,,,,,no_image
81205,Saurida nebulosa,云纹蛇鲻,,,,,,,no_image
123519,Saururus chinensis,三白草,,,,,,,no_image
123541,Saussurea austrotibetica,藏南风毛菊,,,,,,,no_image
123499,Sauromatum gaoligongense,贡山斑龙芋,,,,,,,no_image
123582,Saussurea conyzoides,假蓬风毛菊,,,,,,,no_image
123624,Saussurea gongriensis,贡日风毛菊,,,,,,,no_image
123561,Saussurea canescens,伊宁风毛菊,,,,,,,no_image
123604,Saussurea epilobioides,柳叶菜风毛菊,,,,,,,no_image
123708,Saussurea merinoi,截叶风毛菊,,,,,,,no_image
123646,Saussurea hwangshanensis,黄山风毛菊,,,,,,,no_image
123668,Saussurea komarnitzkii,腋头风毛菊,,,,,,,no_image
123688,Saussurea lhunzensis,隆子风毛菊,,,,,,,no_image
123768,Saussurea pseudoeriostemon,拟尼泊尔风毛菊,,,,,,,no_image
123748,Saussurea petrovii,西北风毛菊,,,,,,,no_image
123728,Saussurea nivea,银背风毛菊,,,,,,,no_image
123790,Saussurea purpurascens,紫苞风毛菊,,,,,,,no_image
123812,Saussurea schlagintweitii,腺毛风毛菊,,,,,,,no_image
123854,Saussurea topkegolensis,藏南雪兔子,,,,,,,no_image
123832,Saussurea stricta,喜林风毛菊,,,,,,,no_image
123894,Sauteria alpina,星孔苔,,,,,,,no_image
123878,Saussurea wernerioides,锥叶风毛菊,,,,,,,no_image
138167,Sawadaea bicornis,,,,,,,,no_image
123910,Saxifraga balfourii,马耳山虎耳草,,,,,,,no_image
123932,Saxifraga champutungensis,菖蒲桶虎耳草,,,,,,,no_image
123952,Saxifraga densifoliata,密叶虎耳草,,,,,,,no_image
123979,Saxifraga engleriana,藏南虎耳草,,,,,,,no_image
124084,Saxifraga nanelloides,拟光缘虎耳草,,,,,,,no_image
124005,Saxifraga gongshanensis,小刚毛虎耳草,,,,,,,no_image
124134,Saxifraga sheqilaensis,舍季拉虎耳草,,,,,,,no_image
124161,Saxifraga subtsangchanensis,藏东南虎耳草,,,,,,,no_image
124107,Saxifraga prattii,康定虎耳草,,,,,,,no_image
124056,Saxifraga lushuiensis,泸水虎耳草,,,,,,,no_image
124036,Saxifraga isophylla,林芝虎耳草,,,,,,,no_image
124190,Saxifraga wenchuanensis,汶川虎耳草,,,,,,,no_image
63807,Scaeva caucasica,高加索鼓额蚜蝇,,,,,,,no_image
980,Scalisetosus fragilis,脆弱梯毛虫,,,,,,,no_image
124234,Scapania macroparaphyllia,片毛合叶苔,,,,,,,no_image
124212,Scapania contorta,宽脊合叶苔,,,,,,,no_image
9040,Scapheremaeus retestriatus,网纹船甲螨,,,,,,,no_image
63844,Scaphidium falsum,,,,,,,,no_image
63886,Scaphidium yunnanum,,,,,,,,no_image
63866,Scaphidium nigrocinctulum,,,,,,,,no_image
124256,Scapania undulata,合叶苔,,,,,,,no_image
63905,Scaphisoma dohertyi,,,,,,,,no_image
63925,Scaphisoma linum,,,,,,,,no_image
63945,Scaphisoma pseudorufum,,,,,,,,no_image
63965,Scaphisoma vexator,,,,,,,,no_image
64000,Scaptodrosophila drosocentralis,背中花果蝇,,,,,,,no_image
63983,Scaphobaeocera simplex,,,,,,,,no_image
81239,Scaptonyx wangi,高黎贡长尾鼹,,,,,,,no_image
64020,Scaptomyza choi,曹氏姬果蝇,,,,,,,no_image
64047,Scathophaga curtipilata,短毛粪蝇,,,,,,,no_image
64066,Scatopsciara brevitarsi,短跗粪眼蕈蚊,,,,,,,no_image
81254,Scarus niger,黑鹦嘴鱼,,,,,,,no_image
64085,Sceiodonta lesnei,莱氏沟顶肖叶甲,,,,,,,no_image
64099,Schedorhinotermes fortignathus,强颚长鼻白蚁,,,,,,,no_image
124288,Schima villosa,毛木荷,,,,,,,no_image
124271,Schiffneriolejeunea polycarpa,多果尼鳞苔,,,,,,,no_image
124306,Schisandra neglecta,滇藏五味子,,,,,,,no_image
81281,Schistura dabryi,,,,,,,,no_image
124345,Schistochilopsis incisa,皱叶拟歧舌苔,,,,,,,no_image
124326,Schismus barbatus,髯毛齿稃草,,,,,,,no_image
81303,Schistura poculi,密带南鳅,,,,,,,no_image
124358,Schizocapsa plantaginea,裂果薯,,,,,,,no_image
9511,Schizotetranychus imperatae,,,,,,,,no_image
124391,Schizostachyum funghomii,沙罗单竹,,,,,,,no_image
150710,Schizopora cystidiata,,,,,,,,no_image
124372,Schizopepon monoicus,峨眉裂瓜,,,,,,,no_image
81333,Schizothorax chongi,细鳞裂腹鱼,,,,,,,no_image
81373,Schizothorax taliensis,大理裂腹鱼,,,,,,,no_image
124410,Schnabelia nepetifolia,单花莸,,,,,,,no_image
81353,Schizothorax lantsangensis,澜沧裂腹鱼,,,,,,,no_image
124424,Schoenoplectiella triangulata,水毛花,,,,,,,no_image
124426,Schoenoplectus ×,中间水葱,,,,,,,no_image
124464,Schulzia dissecta,苞裂芹,,,,,,,no_image
124476,Sciaphila maculata,斑点霉草,,,,,,,no_image
64153,Sciasmomyia longissima,极影缟蝇,,,,,,,no_image
81406,Scincella potanini,康定滑蜥,,,,,,,no_image
150572,Scindalma pullatum,,,,,,,,no_image
150552,Scindalma hemibaphum,,,,,,,,no_image
6799,Scintilla nitidella,亮红蛤,,,,,,,no_image
64176,Sciophila pilusolenta,多毛粘菌蚊,,,,,,,no_image
124510,Scleria lithosperma,石果珍珠茅,,,,,,,no_image
64184,Scirtothrips acus,肖楠硬蓟马,,,,,,,no_image
64193,Sclerochiton indicus,,,,,,,,no_image
149529,Scleroderma bovista,大孢硬皮马勃,,,,,,,no_image
124529,Scleroglossum sulcatum,革舌蕨,,,,,,,no_image
138999,Sclerotinia gladioli,唐菖蒲核盘菌,,,,,,,no_image
64204,Sclerophaedon shennongi,神农固猿叶甲,,,,,,,no_image
139019,Sclerotinia squamosa,,,,,,,,no_image
64212,Scoliophthalmus palldinervis,浅色曲眼秆蝇,,,,,,,no_image
143354,Scolecobasidium eupatorii,,,,,,,,no_image
81428,Scolopsis temporalis,花吻眶棘鲈,,,,,,,no_image
81460,Scorpaenodes albaiensis,长鳍小鲉,,,,,,,no_image
153060,Scopellopsis dalbergiae,,,,,,,,no_image
81442,Scomberomorus sinensis,中华马鲛,,,,,,,no_image
13828,Scopoides gyirongensis,吉隆寻蛛,,,,,,,no_image
81480,Scorpaenopsis venosa,枕脊拟鲉,,,,,,,no_image
64256,Scotopteryx junctata,联掷尺蛾,,,,,,,no_image
124566,Scorzonera transiliensis,橙黄鸦葱,,,,,,,no_image
124585,Scrophularia heucheriiflora,新疆玄参,,,,,,,no_image
124605,Scrophularia stylosa,长柱玄参,,,,,,,no_image
124634,Scutellaria austrotaiwanensis,南台湾黄芩,,,,,,,no_image
1833,Scrupocellaria unicornis,独角粗胞苔虫,,,,,,,no_image
124663,Scutellaria grossecrenata,粗齿黄芩,,,,,,,no_image
124752,Scutellaria supina,仰卧黄芩,,,,,,,no_image
124776,Scutellaria wuana,征镒黄芩,,,,,,,no_image
124690,Scutellaria macrosiphon,长管黄芩,,,,,,,no_image
124723,Scutellaria przewalskii,深裂叶黄芩,,,,,,,no_image
140700,Scutellinia fimetaria,粪生盾盘菌,,,,,,,no_image
140720,Scutellinia setosiopsis,拟毛盾盘菌,,,,,,,no_image
155627,Scutellospora erythropa,红色盾巨孢囊霉,,,,,,,no_image
81490,Scutiger ching,山精齿突蟾,,,,,,,no_image
64299,Scythropiodes velipotens,峨眉绢祝蛾,,,,,,,no_image
64280,Scydmaenus sinensis,,,,,,,,no_image
143367,Scytalidium hepiali,,,,,,,,no_image
81509,Scutiger tengchongensis,腾冲齿突蟾,,,,,,,no_image
124809,Sedum baileyi,对叶景天,,,,,,,no_image
124796,Secamone elliptica,鲫鱼藤,,,,,,,no_image
81520,Sebastapistes tinkhami,廷氏鳞头鲉,,,,,,,no_image
11940,Scytodes semipullata,半曳花皮蛛,,,,,,,no_image
124831,Sedum dongzhiense,东至景天,,,,,,,no_image
124855,Sedum giajae,柔毛景天,,,,,,,no_image
124875,Sedum leptophyllum,薄叶景天,,,,,,,no_image
124899,Sedum nokoense,能高佛甲草,,,,,,,no_image
124920,Sedum prasinopetalum,绿瓣景天,,,,,,,no_image
124940,Sedum stellariifolium,繁缕景天,,,,,,,no_image
124970,Sedum woronowii,长萼景天,,,,,,,no_image
18962,Seira oligoseta,,,,,,,,no_image
124979,Selaginella algida,高寒卷柏,,,,,,,no_image
124999,Selaginella densiciliata,密毛卷柏,,,,,,,no_image
125020,Selaginella kraussiana,小翠云,,,,,,,no_image
125041,Selaginella picta,黑顶卷柏,,,,,,,no_image
7702,Selaginopsis trilateralis,三列柏叶螅,,,,,,,no_image
125063,Selaginella subchaetoloma,近毛边卷柏,,,,,,,no_image
125104,Selliguea echinospora,大叶玉山假瘤蕨,,,,,,,no_image
125085,Selinum longicalycium,长萼亮蛇床,,,,,,,no_image
125124,Selliguea malacodon,芒刺假瘤蕨,,,,,,,no_image
125144,Selliguea tenuicauda,狭羽节肢蕨,,,,,,,no_image
64334,Semanotus semenovi,,,,,,,,no_image
64345,Semidalis rectangula,直角重粉蛉,,,,,,,no_image
125165,Semenovia gyirongensis,吉隆大瓣芹,,,,,,,no_image
125216,Senecio megalanthus,大花千里光,,,,,,,no_image
125241,Senecio thianschanicus,天山千里光,,,,,,,no_image
6356,Semipallium tigris,虎斑拟套扇贝,,,,,,,no_image
125194,Senecio desfontainei,芥叶千里光,,,,,,,no_image
64366,Senometopia distincta,肿须裸基寄蝇,,,,,,,no_image
125281,Senna didymobotrya,长穗决明,,,,,,,no_image
125261,Senegalia orientalis,东方儿茶,,,,,,,no_image
64386,Senometopia separata,离裸基寄蝇,,,,,,,no_image
19401,Sensillonychiurus pseudogeminus,,,,,,,,no_image
64441,Sephisa princeps,黄帅蛱蝶,,,,,,,no_image
143412,Septoria carthami,,,,,,,,no_image
143392,Septoria araliae,,,,,,,,no_image
64418,Sepedophilus armatus,,,,,,,,no_image
154617,Septobasidium gaoligongense,,,,,,,,no_image
64463,Sepsis zuskai,祖卡鼓翅蝇,,,,,,,no_image
154637,Septobasidium septobasidioides,菌丝状隔担菌,,,,,,,no_image
143432,Septoria dearnessii,,,,,,,,no_image
143472,Septoria libanotidis,,,,,,,,no_image
143512,Septoria pulmonariae,,,,,,,,no_image
143452,Septoria fullonum,,,,,,,,no_image
140732,Sepultaria arenosa,沙地埋盘菌,,,,,,,no_image
143492,Septoria periplocicola,,,,,,,,no_image
143532,Septoria tianschanica,,,,,,,,no_image
64496,Sergentomyia tangi,唐氏司蛉,,,,,,,no_image
64515,Sericothrips houjii,后稷绢蓟马,,,,,,,no_image
64476,Sergentomyia iyengari,应氏司蛉,,,,,,,no_image
64521,Serixia formosana,,,,,,,,no_image
6497,Sergia inequalis,歪型樱虾,,,,,,,no_image
3210,Sesarmops intermedium,中型中相手蟹,,,,,,,no_image
125330,Seseli sessiliflorum,无柄西风芹,,,,,,,no_image
81556,Serrivomer sector,长齿锯犁鳗,,,,,,,no_image
7680,Sertularia furcata,叉状桧叶螅,,,,,,,no_image
9468,Setoptus inusitatus,,,,,,,,no_image
125344,Setaria guizhouensis,贵州狗尾草,,,,,,,no_image
64569,Shangomyia impectinata,无齿商摇蚊,,,,,,,no_image
64563,Shaanxiana takashimai,陕西灰蝶,,,,,,,no_image
125370,Shevockia anacamptolepis,卵叶亮蒴藓,,,,,,,no_image
64581,Shijimia moorei,山灰蝶,,,,,,,no_image
125389,Shivparvatia stracheyi,藏西独缀草,,,,,,,no_image
64601,Siagonium yunnanense,,,,,,,,no_image
125399,Sibbaldia cuneata,楔叶山莓草,,,,,,,no_image
81564,Sibirionetta formosa,花脸鸭,,,,,,,no_image
64647,Sieboldius maai,马氏施春蜓,,,,,,,no_image
773,Sicyonia ommanneyi,少刺单肢虾,,,,,,,no_image
81570,Sicista concolor,中国蹶鼠,,,,,,,no_image
125439,Sida subcordata,榛叶黄花棯,,,,,,,no_image
81584,Siganus puellus,眼带篮子鱼,,,,,,,no_image
15935,Sigipinius spiniger,,,,,,,,no_image
64667,Silba perplexa,结双鬃尖尾蝇,,,,,,,no_image
125482,Silene dumetosa,灌丛蝇子草,,,,,,,no_image
125460,Silene bilingua,双舌蝇子草,,,,,,,no_image
125506,Silene hupehensis,湖北蝇子草,,,,,,,no_image
125532,Silene longicornuta,长角蝇子草,,,,,,,no_image
125556,Silene ophioglossa,蛇舌蝇子草,,,,,,,no_image
125576,Silene seoulensis,汉城蝇子草,,,,,,,no_image
125598,Silene yetii,腺毛蝇子草,,,,,,,no_image
81598,Sillago boutani,北部湾鱚,,,,,,,no_image
81615,Silurus meridionalis,大口鲇,,,,,,,no_image
64693,Silvius chongmingensis,崇明林虻,,,,,,,no_image
64717,Simulium angustifurca,窄叉维蚋,,,,,,,no_image
8512,Simnialena formicaria,蚁凹螺,,,,,,,no_image
64797,Simulium hengshanense,衡山蚋,,,,,,,no_image
64777,Simulium flavoantennatum,黄色逊蚋,,,,,,,no_image
64737,Simulium brivetruncum,短茎绳蚋,,,,,,,no_image
64817,Simulium jisigouense,吉斯沟山蚋,,,,,,,no_image
64837,Simulium liubaense,留坝蚋,,,,,,,no_image
64757,Simulium dasguptai,达氏山蚋,,,,,,,no_image
64857,Simulium metatarsale,后宽绳蚋,,,,,,,no_image
64877,Simulium noelleri,淡额蚋,,,,,,,no_image
64897,Simulium praetargum,宽头纺蚋,,,,,,,no_image
64917,Simulium reginae,皇后真蚋,,,,,,,no_image
64937,Simulium shennongjiaense,神农架蚋,,,,,,,no_image
64957,Simulium tarnogradskii,塔氏蚋,,,,,,,no_image
65014,Sinacidia esakii,离曲带实蝇,,,,,,,no_image
64997,Simulium xinzhouense,忻州山蚋,,,,,,,no_image
64977,Simulium veltistshevi,沟额维蚋,,,,,,,no_image
65029,Sinagonia angulata,膨角断脊甲,,,,,,,no_image
65037,Sindiola burmensis,缅甸双梳龟甲,,,,,,,no_image
18983,Sinella lipsae,,,,,,,,no_image
65045,Sineugraphe longipennis,华长扇夜蛾,,,,,,,no_image
19000,Sinella tiani,,,,,,,,no_image
65056,Sinhalohelea pingyii,平益辛蠓,,,,,,,no_image
65070,Sinlathrobium densepunctatum,,,,,,,,no_image
65065,Sinihella chengkou,,,,,,,,no_image
125634,Sinobambusa urens,尖头唐竹,,,,,,,no_image
65078,Sinocapritermes fujianensis,闽华扭白蚁,,,,,,,no_image
125646,Sinocarum schizopetalum,裂瓣芹,,,,,,,no_image
12135,Sinocoelotes cangshanensis,苍山华隙蛛,,,,,,,no_image
65107,Sinochlora szechwanensis,四川华绿螽,,,,,,,no_image
81644,Sinocyclocheilus angularis,角金线鲃,,,,,,,no_image
81684,Sinocyclocheilus malacopterus,软鳍金线鲃,,,,,,,no_image
125660,Sinocrassula ambigua,长萼石莲,,,,,,,no_image
81664,Sinocyclocheilus huaningensis,华宁金线鲃,,,,,,,no_image
81704,Sinocyclocheilus xunlensis,驯乐金线鲃,,,,,,,no_image
1919,Sinodina acutipoda,尖肢华米虾,,,,,,,no_image
12298,Sinodraconarius sangjiuensis,桑久华龙隙蛛,,,,,,,no_image
81718,Sinogastromyzon sichangensis,西昌华吸鳅,,,,,,,no_image
65137,Sinolacme tortilla,扭旋茎刺飞虱,,,,,,,no_image
12930,Sinoinsula longa,长华岛蛛,,,,,,,no_image
65144,Sinonasutitermes dimorphus,二型华象白蚁,,,,,,,no_image
65179,Sinophasma jinxiuense,金秀华枝䗛,,,,,,,no_image
13318,Sinopoda aequalis,等华遁蛛,,,,,,,no_image
13381,Sinopoda exspectata,期望华遁蛛,,,,,,,no_image
125704,Sinopanax formosanus,华参,,,,,,,no_image
65212,Sinopodisma sunzishanensis,笋子山蹦蝗,,,,,,,no_image
13315,Sinopoda mi,米华遁蛛,,,,,,,no_image
13345,Sinopoda xieae,谢氏华遁蛛,,,,,,,no_image
125712,Sinosasa longiligulata,华赤竹,,,,,,,no_image
125729,Sinosenecio fanjingshanicus,梵净蒲儿根,,,,,,,no_image
125751,Sinosenecio peltatus,盾叶蒲儿根,,,,,,,no_image
125771,Sinoseris changii,肇骞中国苣,,,,,,,no_image
7166,Sinularia maxima,大型指软珊瑚,,,,,,,no_image
7168,Sinularia corpulenta,肥指软珊瑚,,,,,,,no_image
81753,Siphamia majimai,马岛氏管天竺鲷,,,,,,,no_image
7198,Sinularia tenella,柔指软珊瑚,,,,,,,no_image
81741,Sinosuthora przewalskii,灰冠鸦雀,,,,,,,no_image
65238,Sinotrichopeza taiwanensis,台湾华舞虻,,,,,,,no_image
8799,Siphonodentalium minutum,小管角贝,,,,,,,no_image
65263,Siphunculina nitidissima,光额短脉秆蝇,,,,,,,no_image
125793,Siraitia siamensis,翅子罗汉果,,,,,,,no_image
143550,Sirobasidium japonicum,日本链担耳,,,,,,,no_image
125800,Sisymbriopsis shuanghuica,双湖假蒜芥,,,,,,,no_image
81772,Sitta nagaensis,栗臀䴓,,,,,,,no_image
125844,Sloanea integrifolia,全叶猴欢喜,,,,,,,no_image
150940,Skeletocutis krawtzewii,柯氏干皮孔菌,,,,,,,no_image
153462,Skierka toddaliae,,,,,,,,no_image
125815,Sisyrinchium rosulatum,庭菖蒲,,,,,,,no_image
125863,Smelowskia calycina,芹叶荠,,,,,,,no_image
65311,Smidtia amurensis,黑龙江锥腹寄蝇,,,,,,,no_image
125879,Smilax binchuanensis,云南肖菝葜,,,,,,,no_image
125901,Smilax fooningensis,富宁菝葜,,,,,,,no_image
125945,Smilax pinfaensis,平伐菝葜,,,,,,,no_image
125968,Smilax vanchingshanensis,梵净山菝葜,,,,,,,no_image
125923,Smilax lushuiensis,泸水菝葜,,,,,,,no_image
2036,Socarnella cavipalmata,凹掌近肉钩虾,,,,,,,no_image
18756,Sminthurus wutaii,,,,,,,,no_image
65332,Smittia seppfittkaui,喙施密摇蚊,,,,,,,no_image
125988,Sohmaea zonata,单叶拿身草,,,,,,,no_image
126005,Solanum lasiocarpum,毛茄,,,,,,,no_image
126025,Solanum sarrachoides,毛龙葵,,,,,,,no_image
81790,Solea ovata,卵鳎,,,,,,,no_image
5547,Solen exiguus,侏儒竹蛏,,,,,,,no_image
126051,Solenostoma atrorevolutum,褐卷管口苔,,,,,,,no_image
4841,Solenocera alticarinata,高脊管鞭虾,,,,,,,no_image
126071,Solenostoma heterolimbatum,异边管口苔,,,,,,,no_image
81796,Solenostomus paradoxus,细吻剃刀鱼,,,,,,,no_image
126094,Solenostoma rotundatum,溪石管口苔,,,,,,,no_image
143556,Solicorynespora linderae,,,,,,,,no_image
126138,Solms-laubachia linearifolia,线叶丛菔,,,,,,,no_image
126121,Soliva anthemifolia,裸柱菊,,,,,,,no_image
81797,Solocisquama stellulata,星点梭罗蝠鱼,,,,,,,no_image
65363,Solva mediomacula,中斑粗腿木虻,,,,,,,no_image
65384,Somatochlora lingyinensis,灵隐金光伪蜻,,,,,,,no_image
65404,Sophonia anushamata,肛突拟隐脉叶蝉,,,,,,,no_image
126166,Sonerila khasiana,卡西蜂斗草,,,,,,,no_image
65425,Sophonia rufa,红色拟隐脉叶蝉,,,,,,,no_image
16745,Songthela shei,佘氏宋蛛,,,,,,,no_image
154593,Sorataea pruni-persicae,,,,,,,,no_image
126198,Sophora mollis,翅果槐,,,,,,,no_image
126255,Sorbus coxii,丽江花楸,,,,,,,no_image
126277,Sorbus gonggashanica,贡嘎花楸,,,,,,,no_image
81804,Sorex cylindricauda,纹背鼩鼱,,,,,,,no_image
126305,Sorbus meliosmifolia,泡花树叶花楸,,,,,,,no_image
126389,Soroseris pumila,矮小绢毛苣,,,,,,,no_image
126374,Sorghum ×,杂高粱,,,,,,,no_image
126327,Sorbus pteridophylla,蕨叶花楸,,,,,,,no_image
126356,Sorbus tianschanica,天山花楸,,,,,,,no_image
154756,Sorosporium manchuricum,,,,,,,,no_image
140744,Sowerbyella imperialis,壮丽索氏盘菌,,,,,,,no_image
65458,Spaelotis stoetzneri,实矛夜蛾,,,,,,,no_image
65481,Spaniocelyphus delfinadoae,戴氏狭须甲蝇,,,,,,,no_image
13287,Spartaeus emeishan,峨眉山散蛛,,,,,,,no_image
65510,Spatalia plusiotis,富金舟蛾,,,,,,,no_image
151863,Sparassis crispa,绣球菌,,,,,,,no_image
126417,Spatholobus biauritus,双耳密花豆,,,,,,,no_image
65527,Spatulifimbria castaneiceps,栗色匙刺蛾,,,,,,,no_image
12693,Speocera bicornea,双角角洞蛛,,,,,,,no_image
126437,Spergularia media,缘翅牛漆姑,,,,,,,no_image
143562,Speiropsis scopiformis,,,,,,,,no_image
152973,Sphacelotheca andropogonis-annulati,,,,,,,,no_image
152993,Sphacelotheca isachnes,柳叶箬轴黑粉菌,,,,,,,no_image
153013,Sphacelotheca sacchari,甘蔗轴黑粉菌,,,,,,,no_image
144757,Sphaeria canaliculata,,,,,,,,no_image
65565,Sphaerobulbus biplagiatus,,,,,,,,no_image
4092,Sphaerodromia ducoussoi,圆绵蟹,,,,,,,no_image
65605,Sphaerophoria evida,婷婷细腹蚜蝇,,,,,,,no_image
65590,Sphaeromias spiniferus,刺突球蠓,,,,,,,no_image
138172,Sphaerotheca aphanis,臭椿球针壳,,,,,,,no_image
136598,Sphaerophorus globosus,球粉衣,,,,,,,no_image
140754,Sphaerospora patagonica,,,,,,,,no_image
138192,Sphaerotheca melampyri,,,,,,,,no_image
126465,Sphagneticola calendulacea,蟛蜞菊,,,,,,,no_image
126482,Sphagnum inundatum,泽地泥炭藓,,,,,,,no_image
81857,Sphenomorphus tonkinensis,北部湾蜓蜥,,,,,,,no_image
65631,Sphegigaster cirrhocornis,黄角斯夫金小蜂,,,,,,,no_image
65651,Sphegina nigrapicula,端黑棒腹蚜蝇,,,,,,,no_image
126504,Sphagnum recurvum,喙叶泥炭藓,,,,,,,no_image
65727,Sphragifera biplagiata,日月明夜蛾,,,,,,,no_image
65707,Sphingonotus qinghaiensis,青海束颈蝗,,,,,,,no_image
65683,Sphingonotus amplofemurus,粗股束颈蝗,,,,,,,no_image
126520,Sphenodesme pentandra,楔翅藤,,,,,,,no_image
81872,Sphyrna zygaena,锤头双髻鲨,,,,,,,no_image
65746,Spilarctia erythrophleps,赤污灯蛾,,,,,,,no_image
65788,Spilogona dasyoomma,毛眼点池蝇,,,,,,,no_image
65768,Spilarctia xanthogastes,腹黄污灯蛾,,,,,,,no_image
65809,Spilogona orthosurstyla,直叶点池蝇,,,,,,,no_image
65875,Spindasis kuyaniana,黄银线灰蝶,,,,,,,no_image
65849,Spilonota eremitana,松白小卷蛾,,,,,,,no_image
65829,Spilogona tenuisurstyla,狭侧叶点池蝇,,,,,,,no_image
65863,Spilosoma lubricipedum,黄星雪灯蛾,,,,,,,no_image
65897,Spinimegopis piliventris,,,,,,,,no_image
14773,Spiracme striatipes,条纹旋蟹蛛,,,,,,,no_image
14436,Spinirta rugosa,皱刺突蛛,,,,,,,no_image
126550,Spiradiclis glandulosa,腺叶螺序草,,,,,,,no_image
126590,Spiradiclis yuanyangensis,元阳螺序草,,,,,,,no_image
126570,Spiradiclis oblanceolata,长叶螺序草,,,,,,,no_image
126710,Spiraea schneideriana,川滇绣线菊,,,,,,,no_image
126626,Spiraea elegans,美丽绣线菊,,,,,,,no_image
126668,Spiraea longigemmis,长芽绣线菊,,,,,,,no_image
15787,Spirobolus bungii,燕山蛩,,,,,,,no_image
65917,Spirama helicina,绕环夜蛾,,,,,,,no_image
126753,Splachnum luteum,黄壶藓,,,,,,,no_image
65924,Spodoptera litura,斜纹夜蛾,,,,,,,no_image
3395,Spondylus gaederopus,异棘海菊蛤,,,,,,,no_image
8309,Spongicoloides iheyaensis,伊平屋拟俪虾,,,,,,,no_image
133781,Sporidesmiella cuneiformis,,,,,,,,no_image
143605,Sporidesmium nanii,,,,,,,,no_image
143585,Sporidesmium coprophilum,,,,,,,,no_image
143625,Sporidesmium verrucisporum,,,,,,,,no_image
155007,Sporisorium cenchri,稷疣孢堆黑粉菌,,,,,,,no_image
155047,Sporisorium sorghi,,,,,,,,no_image
155027,Sporisorium macrosporum,大孢孢堆黑粉菌,,,,,,,no_image
81914,Squalidus wolterstorffi,点纹银&#x0000E068;,,,,,,,no_image
144265,Sporothrix schenckii,,,,,,,,no_image
126784,Sporocyphoxeia apicialba,白尖无冕果,,,,,,,no_image
126796,Spruceanthus mamillilobulus,疣叶多褶苔,,,,,,,no_image
65935,Squamopenna gansuensis,甘肃鳞翅蝗,,,,,,,no_image
81934,Stachyris roberti,楔嘴穗鹛,,,,,,,no_image
142234,Stachybotrys yunnanensis,,,,,,,,no_image
19253,Stachorutes cuihuaensis,,,,,,,,no_image
133653,Stagonosporopsis caricae,,,,,,,,no_image
126847,Stachys yingzuijieensis,鹰嘴界水苏,,,,,,,no_image
126868,Stauntonia chinensis,野木瓜,,,,,,,no_image
143633,Stanjehughesia minima,,,,,,,,no_image
7485,Staurodiscus vietnamensis,越南十盘水母,,,,,,,no_image
143637,Staphlosporonites discitypicus,,,,,,,,no_image
143639,Stauronema sacchari,,,,,,,,no_image
134782,Staurothele muliensis,,,,,,,,no_image
151987,Stecchericium gyroporum,,,,,,,,no_image
11803,Steatoda mainlingensis,米林肥腹蛛,,,,,,,no_image
11929,Stedocys huangniuensis,黄牛胸蛛,,,,,,,no_image
66013,Stegana angulistrata,弯突冠果蝇,,,,,,,no_image
66073,Stegana melanothorax,黑胸冠果蝇,,,,,,,no_image
66033,Stegana curvata,弯叶冠果蝇,,,,,,,no_image
66053,Stegana izu,伊豆冠果蝇,,,,,,,no_image
66093,Stegana pililobasa,毛片冠果蝇,,,,,,,no_image
66113,Stegana sinica,中国冠果蝇,,,,,,,no_image
3195,Stelgistra stormi,斯氏刮削蟹,,,,,,,no_image
8373,Stegoalpheon kempi,凯氏盖鼓虾鳃虱,,,,,,,no_image
66133,Stegana zhangi,张氏冠果蝇,,,,,,,no_image
126984,Stellaria strongylosepala,圆萼繁缕,,,,,,,no_image
126964,Stellaria multipartita,多裂繁缕,,,,,,,no_image
126937,Stellaria delavayi,大叶繁缕,,,,,,,no_image
126999,Stemona japonica,百部,,,,,,,no_image
134132,Stemphylium oblongum,,,,,,,,no_image
133655,Stemphyliomma heterochromum,,,,,,,,no_image
66177,Stenatkina heveli,赫氏长冠叶蝉,,,,,,,no_image
66191,Stenhomalus baibarensis,,,,,,,,no_image
66214,Stenichnus bellulus,,,,,,,,no_image
13164,Stenaelurillus triguttatus,三点斯坦蛛,,,,,,,no_image
66254,Stenochironomus inalemeus,印拉狭摇蚊,,,,,,,no_image
66234,Stenischia wui,吴氏狭臀蚤,,,,,,,no_image
66291,Stenocranus tonghuaensis,通化长突飞虱,,,,,,,no_image
66271,Stenocorus minutus,,,,,,,,no_image
66310,Stenodema parvula,小狭盲蝽,,,,,,,no_image
66330,Stenodes nipponana,日本窄纹卷蛾,,,,,,,no_image
66378,Stenomastax serrula,,,,,,,,no_image
15558,Stenohya curvata,弯曲狭伪蝎,,,,,,,no_image
66397,Stenopogon cinereus,灰瘦芒食虫虻,,,,,,,no_image
4801,Stenothoe qingdaoensis,青岛板钩虾,,,,,,,no_image
66358,Stenomalina illudens,伊纤金小蜂,,,,,,,no_image
66469,Stenus banghaasi,,,,,,,,no_image
66448,Stenus amoenus,,,,,,,,no_image
66417,Stenoponia singularis,独狭蚤,,,,,,,no_image
66493,Stenus brachati,,,,,,,,no_image
66555,Stenus decens,,,,,,,,no_image
66534,Stenus compressicollis,,,,,,,,no_image
66513,Stenus cirratus,,,,,,,,no_image
66575,Stenus emeishanus,,,,,,,,no_image
66597,Stenus fortunatoris,,,,,,,,no_image
66617,Stenus habropus,,,,,,,,no_image
66657,Stenus jiangrixini,,,,,,,,no_image
66637,Stenus hujiayaoi,,,,,,,,no_image
66677,Stenus latissimus,,,,,,,,no_image
66723,Stenus montinatus,,,,,,,,no_image
66745,Stenus oblitus,,,,,,,,no_image
66701,Stenus mangdangshanus,,,,,,,,no_image
66766,Stenus perodiosus,,,,,,,,no_image
66808,Stenus pustulatus,,,,,,,,no_image
66786,Stenus perturbator,,,,,,,,no_image
66849,Stenus shenshanjiai,,,,,,,,no_image
66829,Stenus rugosipennis,,,,,,,,no_image
66869,Stenus succinifer,,,,,,,,no_image
66889,Stenus tridentipenis,,,,,,,,no_image
66929,Stenus yanolanus,,,,,,,,no_image
66909,Stenus viridicans,,,,,,,,no_image
127035,Stephania herbacea,草质千金藤,,,,,,,no_image
127015,Stephanachne pappophorea,冠毛草,,,,,,,no_image
127058,Stephania viridiflavens,黄叶地不容,,,,,,,no_image
66950,Stephanothrips occidentalis,西方冠管蓟马,,,,,,,no_image
127079,Sterculia pexa,家麻树,,,,,,,no_image
136633,Stereocaulon coniophyllum,锥型珊瑚枝,,,,,,,no_image
136653,Stereocaulon piluliferum,圆头珊瑚枝,,,,,,,no_image
127093,Stereodontopsis pseudorevoluta,拟硬叶藓,,,,,,,no_image
152579,Stereum bicolor,双色韧革菌,,,,,,,no_image
152599,Stereum princeps,大韧革菌,,,,,,,no_image
152731,Sterigmatomyces fuzhouensis,福州梗孢酵母,,,,,,,no_image
127107,Steudnera kerrii,广西泉七,,,,,,,no_image
66954,Sternotropa dabamontis,,,,,,,,no_image
66976,Stibara tricolor,,,,,,,,no_image
127131,Stewartia villosa,毛折柄茶,,,,,,,no_image
7783,Stichopathes desbonni,轮刺纵列黑珊瑚,,,,,,,no_image
137211,Sticta limbata,粉缘牛皮叶,,,,,,,no_image
67033,Stictomischus lanceus,矛腹刻柄金小蜂,,,,,,,no_image
127139,Stigmaphyllon timoriense,翅实藤,,,,,,,no_image
67011,Stichopogon chrysontoma,中国微食虫虻,,,,,,,no_image
137068,Stictis ocellata,,,,,,,,no_image
133292,Stigmidium cupulare,勺斑点菌,,,,,,,no_image
67067,Stilicoderus continentalis,,,,,,,,no_image
67087,Stilicoderus rastratus,,,,,,,,no_image
127150,Stipa arabica,图尔盖针茅,,,,,,,no_image
67106,Stilobezzia chlorogastrula,绿腹柱蠓,,,,,,,no_image
127176,Stipa regeliana,狭穗针茅,,,,,,,no_image
67126,Stilobezzia niveus,白雪柱蠓,,,,,,,no_image
131578,Stirtonia indica,印度小斑衣,,,,,,,no_image
5998,Stolus canescens,灰褐囊皮参,,,,,,,no_image
13502,Storenomorpha yizhang,宜章斯托蛛,,,,,,,no_image
67151,Stomorhina melastoma,黑咀口鼻蝇,,,,,,,no_image
134915,Strangospora moriformis,桑葚型峡孢菌,,,,,,,no_image
67255,Streblocera tungpuensis,东埔长柄茧蜂,,,,,,,no_image
67196,Stratiomys mongolica,蒙古水虻,,,,,,,no_image
67235,Streblocera meifengensis,梅峰长柄茧蜂,,,,,,,no_image
67215,Streblocera distincta,显长柄茧蜂,,,,,,,no_image
82010,Streptopelia orientalis,山斑鸠,,,,,,,no_image
5468,Strigilla tomlini,陶氏细纹蛤,,,,,,,no_image
127226,Strigosella brevipes,短梗涩芥,,,,,,,no_image
6113,Striatobalanus amaryllis,高峰条藤壶,,,,,,,no_image
127263,Strobilanthes dimorphotricha,球花马蓝,,,,,,,no_image
8782,Striodentalium chinensis,中国沟角贝,,,,,,,no_image
127242,Strobilanthes austrosinensis,华南马蓝,,,,,,,no_image
127285,Strobilanthes hamiltoniana,叉花草,,,,,,,no_image
127368,Strobilanthes tonkinensis,糯米香,,,,,,,no_image
127348,Strobilanthes secunda,偏花马蓝,,,,,,,no_image
127308,Strobilanthes longgangensis,[山／弄]岗马蓝,,,,,,,no_image
127328,Strobilanthes paniculiformis,圆锥状马蓝,,,,,,,no_image
127382,Strobocalyx solanifolia,茄叶斑鸠菊,,,,,,,no_image
149280,Strobilomyces mirandus,黄纱松塔牛肝菌,,,,,,,no_image
67294,Strobilomyia luteoforceps,黄尾球果花蝇,,,,,,,no_image
10786,Strombus fragilis,脆凤螺,,,,,,,no_image
67314,Strongylophthalmyia phillindablank,费氏圆目蝇,,,,,,,no_image
10807,Strombus vittatus,带凤螺,,,,,,,no_image
148382,Stropharia squamosa,多鳞球盖菇,,,,,,,no_image
148362,Stropharia bilamellata,棱环球盖菇,,,,,,,no_image
127400,Struvea intermedia,中间网叶藻,,,,,,,no_image
127416,Stuckenia filiformis,丝叶眼子菜,,,,,,,no_image
67340,Stylogomphus tantulus,小尖尾春蜓,,,,,,,no_image
127420,Stylidium uliginosum,花柱草,,,,,,,no_image
127425,Stylophorum sutchuenense,四川金罂粟,,,,,,,no_image
67384,Stylurus endicotti,恩迪扩腹春蜓,,,,,,,no_image
127467,Styrax perkinsiae,瓦山安息香,,,,,,,no_image
67364,Stylotermes latilabrum,唇杆白蚁,,,,,,,no_image
67422,Suastus gremius,素弄蝶,,,,,,,no_image
127441,Styrax calvescens,灰叶安息香,,,,,,,no_image
127497,Suaeda prostrata,平卧碱蓬,,,,,,,no_image
67406,Styringomyia separata,离香大蚊,,,,,,,no_image
17642,Subzebrinus hyemalis,海马杂斑螺,,,,,,,no_image
141227,Submersisphaeria bambusicola,,,,,,,,no_image
13618,Sudesna digitata,指状苏蛛,,,,,,,no_image
149610,Suillus paluster,小牛肝菌,,,,,,,no_image
67450,Suillia taiwanensis,台湾舒日蝇,,,,,,,no_image
149590,Suillus elegans,雅致乳牛肝菌,,,,,,,no_image
3519,Sunamphitoe plumosa,毛日藻钩虾,,,,,,,no_image
67471,Suinzona pallasi,长角梭形叶甲,,,,,,,no_image
149630,Suillus variegatus,杂色乳牛肝菌,,,,,,,no_image
67509,Suragina flaviscutellum,黄盾平颊伪鹬虻,,,,,,,no_image
7763,Sulculeolaria bigelowi,宽无棱水母,,,,,,,no_image
127527,Sunipia scariosa,大苞兰,,,,,,,no_image
127542,Swertia bimaculata,獐牙菜,,,,,,,no_image
82081,Suthora verreauxi,金色鸦雀,,,,,,,no_image
127569,Swertia fasciculata,簇花獐牙菜,,,,,,,no_image
127640,Swietenia mahagoni,桃花心木,,,,,,,no_image
127617,Swertia scapiformis,花莛獐牙菜,,,,,,,no_image
127591,Swertia membranifolia,膜叶獐牙菜,,,,,,,no_image
67547,Sybistroma henanus,河南粗柄长足虻,,,,,,,no_image
67602,Sylvicola indicus,印度殊蠓,,,,,,,no_image
67570,Sybra marmorea,,,,,,,,no_image
67592,Sycacantha hilarograpta,褐维小卷蛾,,,,,,,no_image
67608,Symbrenthia hypselis,花豹盛蛱蝶,,,,,,,no_image
67624,Sympetrum cordulegaster,长尾赤蜻,,,,,,,no_image
67647,Sympetrum ruptum,双横赤蜻,,,,,,,no_image
67669,Symphoromyia sinensis,中华肾角鹬虻,,,,,,,no_image
67678,Sympistis grumi,丘集冬夜蛾,,,,,,,no_image
127661,Symphyodon weymouthioides,贵州刺果藓,,,,,,,no_image
7677,Symplectoscyphus huanghaiensis,黄海辫螅,,,,,,,no_image
127693,Symplocos euryoides,柃叶山矾,,,,,,,no_image
127717,Symplocos poilanei,丛花山矾,,,,,,,no_image
152881,Sympodiomycopsis kandeliae,,,,,,,,no_image
67716,Symydobius fumus,昙毛斑蚜,,,,,,,no_image
13026,Synagelides palpalis,长触合跳蛛,,,,,,,no_image
1322,Synalpheus trispinosus,三刺合鼓虾,,,,,,,no_image
127742,Syncalathium roseum,红花合头菊,,,,,,,no_image
6470,Synallactes discoidal,盘形辛那参,,,,,,,no_image
18459,Synchaeta monostyla,单趾疣毛轮虫，新种,,,,,,,no_image
82134,Synchiropus splendidus,花斑连鳍[鱼衔],,,,,,,no_image
127745,Syndiclis fooningensis,富宁油果樟,,,,,,,no_image
67741,Syneches acutatus,尖突柄驼舞虻,,,,,,,no_image
67761,Syneches luctifer,甲仙柄驼舞虻,,,,,,,no_image
127754,Syneilesis australis,南方兔儿伞,,,,,,,no_image
82144,Synodus hoshinonis,肩班狗母鱼,,,,,,,no_image
67784,Syngamoptera chekiangensis,浙江合夜蝇,,,,,,,no_image
127759,Synotis ainsliaeifolia,宽翅合耳菊,,,,,,,no_image
127779,Synotis ionodasys,紫毛合耳菊,,,,,,,no_image
127799,Synotis setchuenensis,四川合耳菊,,,,,,,no_image
67819,Syntormon xizangense,西藏嵌长足虻,,,,,,,no_image
82157,Synthliboramphus antiquus,扁嘴海雀,,,,,,,no_image
67827,Syntypistis abmelana,布胯舟蛾,,,,,,,no_image
67853,Syntypistis subgeneris,亚红胯舟蛾,,,,,,,no_image
127837,Syringa pinetorum,松林丁香,,,,,,,no_image
67872,Sypnoides mandarina,旗析夜蛾,,,,,,,no_image
67898,Syrphophagus aphidivorus,蚜虫跳小蜂,,,,,,,no_image
127856,Syrrhopodon armatus,鞘刺网藓,,,,,,,no_image
67915,Systasis angustula,狭体毛链金小蜂,,,,,,,no_image
67933,Systropus apiciflavus,黄端姬蜂虻,,,,,,,no_image
67953,Systropus fadillus,陕西姬蜂虻,,,,,,,no_image
67973,Systropus laqueatus,黑足姬蜂虻,,,,,,,no_image
67993,Systropus tripunctatus,寡突姬蜂虻,,,,,,,no_image
127884,Syzygium balsameum,香胶蒲桃,,,,,,,no_image
127907,Syzygium formosanum,台湾蒲桃,,,,,,,no_image
68019,Tabanus birmanicus,缅甸虻,,,,,,,no_image
127930,Syzygium levinei,山蒲桃,,,,,,,no_image
18753,Szeptyckitheca spinimucronata,,,,,,,,no_image
68061,Tabanus geminus,双重虻,,,,,,,no_image
127951,Syzygium simile,兰屿赤楠,,,,,,,no_image
68081,Tabanus johnburgeri,约翰柏杰虻,,,,,,,no_image
68041,Tabanus coreanus,朝鲜虻,,,,,,,no_image
68101,Tabanus loukashkini,路氏虻,,,,,,,no_image
68121,Tabanus murdochi,麦多虻,,,,,,,no_image
68141,Tabanus oxyceratus,窄缘虻,,,,,,,no_image
68161,Tabanus prefulventer,前黄腹虻,,,,,,,no_image
68181,Tabanus shennongjiaensis,神农架虻,,,,,,,no_image
68201,Tabanus tienmuensis,天目虻,,,,,,,no_image
127969,Tabernaemontana bufalina,尖蕾狗牙花,,,,,,,no_image
68230,Tachina bombylia,拟蜂虻寄蝇,,,,,,,no_image
68250,Tachina jakovlewii,毛肋寄蝇,,,,,,,no_image
68290,Tachinomorphus duplepunctatus,,,,,,,,no_image
68270,Tachina pulvera,鬃颜寄蝇,,,,,,,no_image
68311,Tachinus emeiensis,,,,,,,,no_image
68331,Tachinus kaiseri,,,,,,,,no_image
68372,Tachinus sugayai,,,,,,,,no_image
68352,Tachinus nitouensis,,,,,,,,no_image
82175,Tachysurus lani,蓝氏疯鲿,,,,,,,no_image
68391,Tachydromia thaica,泰国合室舞虻,,,,,,,no_image
127992,Taeniophyllum tumulusum,塔山带叶兰,,,,,,,no_image
127978,Tadehagi pseudotriquetrum,蔓茎葫芦茶,,,,,,,no_image
127995,Tagetes minuta,印加孔雀草,,,,,,,no_image
68496,Taiwania flavoscutata,花盾台龟甲,,,,,,,no_image
127996,Taihangia rupestris,太行花,,,,,,,no_image
68477,Taiwanhormius granulosus,颗台索茧蜂,,,,,,,no_image
68518,Taiwania probata,黑额圆龟甲,,,,,,,no_image
68467,Tainiterma pachytarsis,粗跗带鞘茧蜂,,,,,,,no_image
68539,Taiwania viridiguttata,绿斑台龟甲,,,,,,,no_image
68557,Tajuria luculenta,灿烂双尾灰蝶,,,,,,,no_image
11506,Takayus codomaculatus,铃斑高蛛,,,,,,,no_image
4086,Takedromia cristatatipes,冠毛肢武田绵蟹,,,,,,,no_image
82197,Takifugu plagiocellatus,斜斑多纪鲀,,,,,,,no_image
82217,Takydromus sauteri,恒春草蜥（梭德氏草蜥）,,,,,,,no_image
128031,Tamarix aphylla,无叶柽柳,,,,,,,no_image
68587,Tamba corealis,东方坦夜蛾,,,,,,,no_image
82232,Tamiops minshanica,岷山花鼠,,,,,,,no_image
12928,Talavera petrensis,彼得怜蛛,,,,,,,no_image
68635,Tanytarsus mendax,渐变长跗摇蚊,,,,,,,no_image
128066,Tanacetum tanacetoides,伞房菊蒿,,,,,,,no_image
68615,Tanyptera cognata,弯脉奇栉大蚊,,,,,,,no_image
5641,Tanea hilaris,鹿斑玉螺,,,,,,,no_image
68653,Taperus flavifrons,黄额角突叶蝉,,,,,,,no_image
68660,Tapiena longzhouensis,龙州麻螽,,,,,,,no_image
128093,Taraxacum bessarabicum,窄苞蒲公英,,,,,,,no_image
82249,Taractichthys steindachneri,斯氏长鳍乌鲂,,,,,,,no_image
128173,Taraxacum sherriffii,拉萨蒲公英,,,,,,,no_image
128153,Taraxacum peccator,小五台蒲公英,,,,,,,no_image
128193,Taraxacum tonsum,短毛蒲公英,,,,,,,no_image
128113,Taraxacum florum,金发蒲公英,,,,,,,no_image
128133,Taraxacum liaotungense,辽东蒲公英,,,,,,,no_image
128212,Tarenna mollissima,白花苦灯笼,,,,,,,no_image
140762,Tarzetta cupularis,碟状疣杯菌,,,,,,,no_image
68677,Tarika varana,银雀苔蛾,,,,,,,no_image
128234,Tashiroea villosa,长柔毛鸭脚茶,,,,,,,no_image
128270,Taxiphyllum pilosum,疏毛鳞叶藓,,,,,,,no_image
68713,Teanocera elata,黑缘基芒沼蝇,,,,,,,no_image
128244,Taxillus levinei,锈毛钝果寄生,,,,,,,no_image
128339,Tectaria sagenioides,轴脉蕨,,,,,,,no_image
128290,Taxus florinii,川滇红豆杉,,,,,,,no_image
128319,Tectaria fungii,冯氏轴脉蕨,,,,,,,no_image
4524,Tectus triserialis,三列扭柱螺,,,,,,,no_image
10315,Tegolophus corylopsus,,,,,,,,no_image
10134,Tegolophus polygonus,,,,,,,,no_image
134173,Teichospora olenjensis,,,,,,,,no_image
10449,Tegonotus exiguus,,,,,,,,no_image
12881,Telamonia shepardi,薛普纽蛛,,,,,,,no_image
68760,Teleopsis cheni,陈氏泰突眼蝇,,,,,,,no_image
68779,Telicota linna,黑脉长标弄蝶,,,,,,,no_image
5440,Tellinides timorensis,仿樱蛤,,,,,,,no_image
5912,Teloscalpellum ventricosum,大肚远铠茗荷,,,,,,,no_image
4935,Temnopleurus reevesi,芮氏刻肋海胆,,,,,,,no_image
14403,Tenuiphantes nigriventris,分叉细蛛,,,,,,,no_image
68824,Tephritis formosa,麻点花翅实蝇,,,,,,,no_image
9906,Tenuipalpus disparilis,,,,,,,,no_image
128355,Tenaciphyllum xishaensis,西沙腹根藻,,,,,,,no_image
68844,Tephritis sinica,富带花翅实蝇,,,,,,,no_image
128363,Tephroseris phaeantha,长白狗舌草,,,,,,,no_image
128390,Tephrosia vogelii,西非灰毛豆,,,,,,,no_image
82277,Teratoscincus przewalskii,新疆沙虎,,,,,,,no_image
5384,Terebratulina hataiana,羽田拟钻孔贝,,,,,,,no_image
147049,Termitomyces albuminosus,鸡枞,,,,,,,no_image
68875,Teredorus longipulvillus,长垫尖顶蚱,,,,,,,no_image
147069,Termitomyces microcarpus,穿孔鸡枞菌,,,,,,,no_image
16952,Tergestia hainanensis,海南颈褶吸虫,,,,,,,no_image
128408,Ternstroemia conicocarpa,锥果厚皮香,,,,,,,no_image
68917,Terthrothrips apterus,无翅胫管蓟马,,,,,,,no_image
68900,Terrilimosina brevipexa,短毛陆小粪蝇,,,,,,,no_image
9989,Tetra sorbusis,,,,,,,,no_image
68924,Tetartopeus rufonitidus,,,,,,,,no_image
6551,Tethya robusta,强壮荔枝海绵,,,,,,,no_image
10503,Tetra japonicae,,,,,,,,no_image
5982,Tetraclitella chinensis,中华小笠藤壶,,,,,,,no_image
128436,Tetraena mongolica,四合木,,,,,,,no_image
68979,Tetracanthagyna waterhousei,沃氏短痣蜓,,,,,,,no_image
14882,Tetragnatha shoshone,肖尼肖蛸,,,,,,,no_image
14948,Tetragnatha heongi,洪氏肖蛸,,,,,,,no_image
69004,Tetraneura asymmachia,异爪四脉绵蚜,,,,,,,no_image
3577,Tetraloides heterodactyla,异指仿拟梯形蟹,,,,,,,no_image
9577,Tetranychus dunhuangensis,,,,,,,,no_image
9604,Tetranychus ricini,,,,,,,,no_image
69022,Tetraommatus kuantaoshanensis,,,,,,,,no_image
128443,Tetraphyllum confertiflorum,密花四轮苣苔,,,,,,,no_image
10177,Tetraspinus lentus,,,,,,,,no_image
128464,Tetrastigma hemsleyanum,三叶崖爬藤,,,,,,,no_image
69055,Tetrastichus nigricoxae,黑足啮小蜂,,,,,,,no_image
128486,Tetrastigma retinervium,网脉崖爬藤,,,,,,,no_image
69083,Tetrix jingheensis,精河蚱,,,,,,,no_image
69064,Tetrathemis irregularis,钩尾方蜻,,,,,,,no_image
69103,Tetropium fuscum,,,,,,,,no_image
134941,Tettigomyces chaetophilus,,,,,,,,no_image
69130,Teuchophorus emeiensis,峨嵋脉胝长足虻,,,,,,,no_image
128525,Teucrium grandifolium,大花香科科,,,,,,,no_image
69144,Teulisna bipectinis,梳角图苔蛾,,,,,,,no_image
10162,Thacra piperasia,,,,,,,,no_image
17375,Thais squamosa,鳞甲荔枝螺,,,,,,,no_image
103,Thalamita kagoshimaensis,鹿儿岛短桨蟹,,,,,,,no_image
19383,Thalassaphorura grandis,,,,,,,,no_image
110,Thalamita stephensoni,匙指短桨蟹,,,,,,,no_image
19379,Thalassaphorura xihuensis,,,,,,,,no_image
82333,Thalassoma hardwicke,鞍斑锦鱼,,,,,,,no_image
128565,Thalictrum acutifolium,尖叶唐松草,,,,,,,no_image
128598,Thalictrum elegans,小叶唐松草,,,,,,,no_image
128625,Thalictrum jilongense,吉隆唐松草,,,,,,,no_image
69187,Thamiaraea irigaster,,,,,,,,no_image
128650,Thalictrum omeiense,峨眉唐松草,,,,,,,no_image
128674,Thalictrum sexnervisepalum,六脉萼唐松草,,,,,,,no_image
128698,Thalictrum urbainii,台湾唐松草,,,,,,,no_image
128720,Thamnocalamus spathiflorus,筱竹,,,,,,,no_image
69204,Thaumatodryinus carinatus,脊毛角螯蜂,,,,,,,no_image
12559,Thanatus mongolicus,蒙古狼逍遥蛛,,,,,,,no_image
69224,Thecabius orientalis,东方伪卷叶绵蚜,,,,,,,no_image
139427,Thelebolus striatus,,,,,,,,no_image
69230,Thecla betulae,线灰蝶,,,,,,,no_image
69255,Thektogaster plica,皱柄尖腹金小蜂,,,,,,,no_image
139670,Thecotheus flavidus,,,,,,,,no_image
82351,Theloderma hekouense,河口棱皮树蛙,,,,,,,no_image
152695,Thelephora terrestris,疣革菌,,,,,,,no_image
137042,Thelotrema leioplacoides,,,,,,,,no_image
69290,Thera tabulata,层黑带尺蛾,,,,,,,no_image
128736,Themeda helferi,无茎菅,,,,,,,no_image
11429,Theridion carinatum,肋脊球蛛,,,,,,,no_image
8299,Themiste minor,微小枝触星虫,,,,,,,no_image
11681,Theridion hupingense,壶瓶球蛛,,,,,,,no_image
11655,Theridion pinastri,双钩球蛛,,,,,,,no_image
14468,Theridiosoma diwang,地网球体蛛,,,,,,,no_image
69317,Thermistis cheni,,,,,,,,no_image
128774,Thesium chinense,百蕊草,,,,,,,no_image
128751,Thermopsis alpina,高山野决明,,,,,,,no_image
69367,Thienemannimyia rotunda,圆斑特长足摇蚊,,,,,,,no_image
69347,Thienemanniella ginzanquerea,银座提尼曼摇蚊,,,,,,,no_image
69387,Thinodromus schillhammeri,,,,,,,,no_image
128809,Thladiantha dimorphantha,山西赤瓟,,,,,,,no_image
69336,Thetidia correspondens,齿二线绿尺蛾,,,,,,,no_image
69407,Thinophilus sinensis,中华滨长足虻,,,,,,,no_image
128841,Thladiantha villosula,长毛赤瓟,,,,,,,no_image
69448,Thoracostrongylus sarawakensis,,,,,,,,no_image
69429,Thoracochaeta recta,直胸刺小粪蝇,,,,,,,no_image
14714,Thomisus labefactus,角红蟹蛛,,,,,,,no_image
69466,Thosea obliquistriga,斜扁刺蛾,,,,,,,no_image
69481,Thranius obliquefasciatus,,,,,,,,no_image
69503,Thricops flavidus,黄毛基蝇,,,,,,,no_image
69524,Thrips fuscipennis,褐翅蓟马,,,,,,,no_image
7803,Thrypticotrochus multilobatus,多叶娇轮珊瑚,,,,,,,no_image
128881,Thuja occidentalis,北美香柏,,,,,,,no_image
69556,Thubana leucosphena,楔白祝蛾,,,,,,,no_image
11633,Thwaitesia margaritifera,珍珠银板蛛,,,,,,,no_image
128848,Thrixspermum centipeda,白点兰,,,,,,,no_image
69575,Thylactus densepunctatus,,,,,,,,no_image
11445,Thymoites ramosus,多枝灵蛛,,,,,,,no_image
5993,Thyone fusus,,,,,,,,no_image
69624,Thyridosmylus trifasciatus,三带窗溪蛉,,,,,,,no_image
69606,Thyreocephalus purpuripennis,,,,,,,,no_image
128919,Thysananthus retusus,微凹毛鳞苔,,,,,,,no_image
3467,Tiarinia cornigera,有角并额蟹,,,,,,,no_image
128960,Tilia japonica,华东椴,,,,,,,no_image
128930,Tibetia tongolensis,黄花高山豆,,,,,,,no_image
128943,Ticanto xylocarpa,木荚南天藤,,,,,,,no_image
128986,Tillaea likiangensis,丽江东爪草,,,,,,,no_image
152927,Tilletia pallida,苍白腥黑粉菌,,,,,,,no_image
152907,Tilletia deyeuxiae,野青茅腥黑粉菌,,,,,,,no_image
69655,Timelaea aformis,异型猫蛱蝶,,,,,,,no_image
69685,Timomenus shelfordi,社乔球螋,,,,,,,no_image
128997,Timmiella anomala,反纽藓,,,,,,,no_image
129009,Tinospora sinensis,中华青牛胆,,,,,,,no_image
69698,Tinocallis kahawaluokalani,紫薇长斑蚜,,,,,,,no_image
69733,Tipula avicularoides,锐刺蜚大蚊,,,,,,,no_image
69755,Tipula chumbiensis,春丕阔大蚊,,,,,,,no_image
69775,Tipula desidiosa,扭突尖大蚊,,,,,,,no_image
69795,Tipula forticauda,膨尾尖大蚊,,,,,,,no_image
69815,Tipula henanensis,河南尖大蚊,,,,,,,no_image
69835,Tipula interrita,狭月大蚊,,,,,,,no_image
69895,Tipula nova,新雅大蚊,,,,,,,no_image
69875,Tipula medivittata,暗缝尖大蚊,,,,,,,no_image
69855,Tipula letifera,蟹钳萨大蚊,,,,,,,no_image
69955,Tipula sibiriensis,中俄普大蚊,,,,,,,no_image
69915,Tipula perlata,宽翅大蚊,,,,,,,no_image
69935,Tipula pseudophaedina,长斑日大蚊,,,,,,,no_image
69995,Tipula variipetiolaris,异柄中突大蚊,,,,,,,no_image
69975,Tipula subprotrusa,亚尖雅大蚊,,,,,,,no_image
14597,Tmarus hastatus,戟形峭腹蛛,,,,,,,no_image
129012,Tipularia josephii,短柄筒距兰,,,,,,,no_image
11263,Titanoeca altaica,阿勒泰隐石蛛,,,,,,,no_image
14718,Tmarus yani,颜氏峭腹蛛,,,,,,,no_image
16895,Tokunosia tenuipes,细德之盲蛛,,,,,,,no_image
70046,Togepteryx meyi,梅氏土舟蛾,,,,,,,no_image
129027,Tolypiocladia glomerulata,球枝藻,,,,,,,no_image
152702,Tomentellopsis echinospora,刺孢拟小垫革菌,,,,,,,no_image
19123,Tomocerina yiliensis,,,,,,,,no_image
1717,Tomopaguroides valdiviae,小眼似片寄居蟹,,,,,,,no_image
19172,Tomocerus parvus,,,,,,,,no_image
70079,Tomosvaryella epichalca,靓佗头蝇,,,,,,,no_image
19153,Tomocerus ishibasii,,,,,,,,no_image
136583,Toninia candida,白泡鳞衣,,,,,,,no_image
8548,Tonna olearium,带鹑螺,,,,,,,no_image
129036,Tongoloa loloensis,云南东俄芹,,,,,,,no_image
70101,Topomesoides jonasi,明毒蛾,,,,,,,no_image
129067,Torenia fournieri,蓝猪耳,,,,,,,no_image
70138,Torodora glyptosema,雕瘤祝蛾,,,,,,,no_image
70121,Topomyia winter,冬季局限蚊,,,,,,,no_image
129108,Tortula raucopapillosa,粗疣链齿藓,,,,,,,no_image
141228,Torrentispora fibrosa,,,,,,,,no_image
70158,Torodora phaselosa,肾瘤祝蛾,,,,,,,no_image
129087,Tortella fragilis,折叶纽藓,,,,,,,no_image
129114,Tournefortia argentea,银毛树,,,,,,,no_image
5190,Tozeuma armatum,刺背船形虾,,,,,,,no_image
15495,Trachelas gaoligongensis,高黎贡管蛛,,,,,,,no_image
129131,Toxicodendron hirtellum,硬毛漆,,,,,,,no_image
129158,Toxocarpus patens,广花弓果藤,,,,,,,no_image
70188,Toxorhina taiwanicola,台湾箭大蚊,,,,,,,no_image
82438,Trachinotus blochii,布氏鲳鲹,,,,,,,no_image
70227,Trachusa formosanum,台湾直黄斑蜂,,,,,,,no_image
2156,Trachycardium nigropunctatum,暗斑糙鸟蛤,,,,,,,no_image
129186,Trachydium simplicifolium,单叶瘤果芹,,,,,,,no_image
129197,Trachypodopsis serrulata,拟扭叶藓,,,,,,,no_image
129220,Tragopogon elongatus,长茎婆罗门参,,,,,,,no_image
129213,Trachythecium verrucosum,刺蒴藓,,,,,,,no_image
151826,Trametes ljubarskii,,,,,,,,no_image
70266,Transvenosus signumes,端斑横脉叶蝉,,,,,,,no_image
151846,Trametes suaveolens,香栓菌,,,,,,,no_image
70250,Tramea basilaris,,,,,,,,no_image
135444,Trapelia involuta,内卷褐边衣,,,,,,,no_image
70277,Traulia lofaoshana,罗浮山凸额蝗,,,,,,,no_image
4050,Trapezia septata,幽暗梯形蟹,,,,,,,no_image
154686,Tremella aurantia,金耳,,,,,,,no_image
152720,Trechispora polygonospora,多角糙孢孔菌,,,,,,,no_image
154706,Tremella fuciformis,银耳,,,,,,,no_image
154726,Tremella sanguinea,血耳,,,,,,,no_image
70316,Tribasodites abnormalis,,,,,,,,no_image
70306,Tretoserphus tenuiterebrans,瘦鞘洼缝细蜂,,,,,,,no_image
70298,Trentepohlia proba,佳弯脉大蚊,,,,,,,no_image
82500,Tribolodon hakonensis,珠星三块鱼,,,,,,,no_image
129267,Triaenophora rupestris,崖白菜,,,,,,,no_image
70346,Tricentrus bibrunneifasciatus,二褐带三剌角蝉,,,,,,,no_image
1819,Tricellaria gracilis,细三胞苔虫,,,,,,,no_image
70366,Tricentrus elevotidorsalis,隆背三刺角蝉,,,,,,,no_image
70386,Tricentrus hyalopterus,透翅三刺角蝉,,,,,,,no_image
70406,Tricentrus pilinervosus,毛脉三刺角蝉,,,,,,,no_image
70426,Tricentrus xizangensis,西藏三刺角蝉,,,,,,,no_image
18366,Trichocerca bicristata,二突异尾轮虫,,,,,,,no_image
131781,Trichasterina desmotis,,,,,,,,no_image
70444,Trichochrysea cephalotes,细角毛肖叶甲,,,,,,,no_image
129278,Trichocoleopsis tsinlingensis,秦岭囊绒苔,,,,,,,no_image
70464,Trichochrysea undulata,西藏毛肖叶甲,,,,,,,no_image
18382,Trichocerca pusilla,暗小异尾轮虫,,,,,,,no_image
141905,Trichoderma ceramicum,,,,,,,,no_image
141925,Trichoderma hamatum,,,,,,,,no_image
141965,Trichoderma surrotundum,,,,,,,,no_image
141945,Trichoderma piluliferum,,,,,,,,no_image
70485,Trichoferus maculatus,,,,,,,,no_image
70516,Trichogramma agriae,旋花天蛾赤眼蜂,,,,,,,no_image
70497,Trichoglossina erdaoensis,,,,,,,,no_image
129294,Tricholepis tibetica,红花针苞菊,,,,,,,no_image
134898,Trichoglossum farlowii,法洛毛舌菌,,,,,,,no_image
70536,Trichogramma pintoi,暗黑赤眼蜂,,,,,,,no_image
148641,Tricholoma cingulatum,灰环蘑菇,,,,,,,no_image
148681,Tricholoma nudum,裸口蘑,,,,,,,no_image
148661,Tricholoma goniospermum,,,,,,,,no_image
148721,Tricholoma zelleri,泽勒口蘑,,,,,,,no_image
70595,Trichomalopsis zhaoi,厉寄克氏金小蜂,,,,,,,no_image
70575,Trichomalopsis deplanata,平背克氏金小蜂,,,,,,,no_image
148701,Tricholoma sciodes,褶缘黑点口蘑,,,,,,,no_image
70555,Trichomachimus basalis,泛三叉食虫虻,,,,,,,no_image
140771,Trichophaea donglingensis,东岭长毛盘菌,,,,,,,no_image
70608,Trichophya tenuis,,,,,,,,no_image
16190,Trichopeltis bellus,,,,,,,,no_image
70616,Trichopterigia adorabilis,花莲洱尺蛾,,,,,,,no_image
129337,Trichosanthes rugatisemina,皱籽栝楼,,,,,,,no_image
70638,Trichopteryx rivularia,溪毛翅尺蛾,,,,,,,no_image
129313,Trichosanthes dunniana,糙点栝楼,,,,,,,no_image
140961,Trichosporon cutaneum,皮状丝孢酵母,,,,,,,no_image
129355,Trichostomum hattorianum,卷叶毛口藓,,,,,,,no_image
70652,Trichoserphus carinicornis,脊角毛眼细蜂,,,,,,,no_image
70681,Trichotheca similis,似红额齿股肖叶甲,,,,,,,no_image
70689,Trichromothrips xanthius,黄异色蓟马,,,,,,,no_image
70710,Tridrepana hainana,叔黑缘黄钩蛾,,,,,,,no_image
4964,Tricoma brevirostris,短喙三体线虫,,,,,,,no_image
129384,Tricyrtis viridula,绿花油点草,,,,,,,no_image
129402,Trifolium lupinaster,野火球,,,,,,,no_image
70728,Trigomphus svenhedini,斯氏棘尾春蜓,,,,,,,no_image
70738,Trigonocera guizhouensis,贵州三角长足虻,,,,,,,no_image
70758,Trigonodes hyppasia,分夜蛾,,,,,,,no_image
6789,Trigonothracia jinxingae,金星蝶铰蛤,,,,,,,no_image
129453,Trigonotis jinfoshanica,金佛山附地菜,,,,,,,no_image
15322,Trilacuna cuneata,楔形三窝蛛,,,,,,,no_image
129485,Trigonotis rockii,高山附地菜,,,,,,,no_image
9095,Trimalaconothrus brevisetiger,短毛三盲甲螨,,,,,,,no_image
82530,Trimeresurus sichuanensis,四川竹叶青蛇,,,,,,,no_image
82544,Trimma fangi,方氏磨塘鳢,,,,,,,no_image
70792,Triomicrus frondosus,,,,,,,,no_image
70811,Trionymus cantonensis,粤葵粉蚧,,,,,,,no_image
70828,Triphosa amdoensis,安多光尺蛾,,,,,,,no_image
82557,Tringa incana,漂鹬,,,,,,,no_image
154573,Triphragmiopsis laricinum,落叶松拟三孢锈菌,,,,,,,no_image
129513,Tripleurospermum ambiguum,褐苞三肋果,,,,,,,no_image
82623,Triplophysa microps,小眼高原鳅,,,,,,,no_image
82583,Triplophysa crassilabris,粗唇高原鳅,,,,,,,no_image
82663,Triplophysa venusta,秀丽高原鳅,,,,,,,no_image
82603,Triplophysa jianchuanensis,剑川高原鳅,,,,,,,no_image
129519,Triplostegia glandulifera,双参,,,,,,,no_image
132131,Tripospermum camelopardus,,,,,,,,no_image
82643,Triplophysa qiubeiensis,丘北盲高原鳅,,,,,,,no_image
129536,Tripterospermum australe,南方双蝴蝶,,,,,,,no_image
70860,Trirachys holosericeus,,,,,,,,no_image
143704,Triscelophorus acuminatus,,,,,,,,no_image
2226,Trisidos kiyomoi,鳞片扭蚶,,,,,,,no_image
70896,Trisuloides c-album,白斑后夜蛾,,,,,,,no_image
4042,Tritodynamia longipropodum,长腿三强蟹,,,,,,,no_image
70915,Tritaeniopteron excellens,黄颜斜带实蝇,,,,,,,no_image
82699,Trochalopteron formosum,红翅噪鹛,,,,,,,no_image
6632,Trivirostra exigua,小喙猎女神螺,,,,,,,no_image
16379,Trochosa honggiana,红旗獾蛛,,,,,,,no_image
82735,Troglonectes microphthalmus,小眼洞鳅,,,,,,,no_image
4532,Trochus zhangi,张氏马蹄螺,,,,,,,no_image
129613,Trollius micranthus,小花金莲花,,,,,,,no_image
129631,Tropidia nanhuae,南华竹茎兰,,,,,,,no_image
70976,Tropimenelytron schuelkei,,,,,,,,no_image
70964,Tropidocephala speciosa,美丽匙顶飞虱,,,,,,,no_image
7563,Truncatoflabellum incrustatum,硬壳截形扇珊瑚,,,,,,,no_image
139378,Tryblidiopsis pinastri,,,,,,,,no_image
71026,Trypetomima formosina,台湾余脉水蝇,,,,,,,no_image
71039,Tsudayusurika multiannulata,多触津田摇蚊,,,,,,,no_image
71016,Trypeta submicans,甘川实蝇,,,,,,,no_image
140938,Tuber pseudoexcavatum,拟凹陷块菌,,,,,,,no_image
71047,Tuberaphis viscisucta,槲寄生管扁蚜,,,,,,,no_image
71066,Tuberculatus paiki,白云侧棘斑蚜,,,,,,,no_image
140918,Tuber californicum,加州块菌,,,,,,,no_image
134247,Tubeufia palmarum,,,,,,,,no_image
1854,Tucetona nodosa,瘤圆扇蚶蜊,,,,,,,no_image
150596,Tubulicrinis glebulosus,,,,,,,,no_image
154796,Tuburcinia granulosa,,,,,,,,no_image
145523,Tulostoma brevistipitatum,短柄灰锤,,,,,,,no_image
149791,Tulasnella violacea,,,,,,,,no_image
17638,Turanena kuldshanus,库车小柱螺,,,,,,,no_image
145543,Tulostoma simulans,,,,,,,,no_image
71089,Tumidiclava minoripenis,小茎肿棒赤眼蜂,,,,,,,no_image
5713,Turbo chrysostomus,金口蝾螺,,,,,,,no_image
82764,Turdus kessleri,棕背黑头鸫,,,,,,,no_image
71117,Tusothrips sumatrensis,苏门答腊尾突蓟马,,,,,,,no_image
71112,Turnaca ernestina,营拓舟蛾,,,,,,,no_image
4232,Turricula javana,爪哇拟塔螺,,,,,,,no_image
82797,Tylonycteris fulvida,华南扁颅蝠,,,,,,,no_image
71125,Tyana falcata,绿角翅夜蛾,,,,,,,no_image
129715,Tylophora floribunda,七层楼,,,,,,,no_image
129735,Tylophora secamonoides,蛇胆草,,,,,,,no_image
149308,Tylopilus chlorinosmus,,,,,,,,no_image
149328,Tylopilus plumbeoviolaceus,紫色粉孢牛肝菌,,,,,,,no_image
15975,Tylopus similis,,,,,,,,no_image
71161,Tyndarichus navae,苹果毒蛾跳小蜂,,,,,,,no_image
2294,Typhlocarcinops takedai,武田拟盲蟹,,,,,,,no_image
5607,Tymolus hirtipes,毛足鬼蟹,,,,,,,no_image
82807,Tylototriton joe,片马疣螈,,,,,,,no_image
129760,Typhonium baoshanense,保山犁头尖,,,,,,,no_image
71169,Typopsilopa chinensis,中华亮水蝇,,,,,,,no_image
1094,Typosyllis regulata,规则模裂虫,,,,,,,no_image
71187,Udaspes folus,姜弄蝶,,,,,,,no_image
150953,Tyromyces armeniacus,杏黄干酪菌,,,,,,,no_image
71216,Ulidia gongjuensis,贡觉金斑蝇,,,,,,,no_image
71198,Ufens pallidus,淡脉宽翅赤眼蜂,,,,,,,no_image
129801,Ulmus lanceifolia,常绿榆,,,,,,,no_image
82830,Tyto longimembris,草鸮,,,,,,,no_image
71223,Ulodemis tridentata,三齿卷蛾,,,,,,,no_image
137742,Umbilicaria neoproboscidea,,,,,,,,no_image
82834,Ulua mentalis,短丝羽鳃鲹,,,,,,,no_image
137722,Umbilicaria haplocarpa,,,,,,,,no_image
129849,Uncaria sessilifructus,白钩藤,,,,,,,no_image
156063,Umbelopsis vinacea,,,,,,,,no_image
137762,Umbilicaria tylorrhiza,肉根石耳,,,,,,,no_image
138522,Unguicularia crispula,,,,,,,,no_image
3678,Upogebia barbata,多毛蝼蛄虾,,,,,,,no_image
71236,Uraecha yunnana,,,,,,,,no_image
71249,Uranotaenia lui,吕氏蓝带蚊,,,,,,,no_image
82854,Uria aalge,崖海鸦,,,,,,,no_image
129877,Urceola xylinabariopsoides,乐东藤,,,,,,,no_image
154815,Urocystis agrostidis,剪股颖条黑粉,,,,,,,no_image
129860,Uraria guangxiensis,广西狸尾豆,,,,,,,no_image
154855,Urocystis occulta,隐条黑粉菌,,,,,,,no_image
154835,Urocystis eranthidis,,,,,,,,no_image
154254,Uromyces agropyri,,,,,,,,no_image
129888,Urochloa paspaloides,雀稗尾稃草,,,,,,,no_image
154875,Urocystis tritici,,,,,,,,no_image
154314,Uromyces geranii,,,,,,,,no_image
154274,Uromyces blandus,光滑单胞锈菌,,,,,,,no_image
154294,Uromyces deeringiae,浆果苋单胞锈菌,,,,,,,no_image
154334,Uromyces inayati,伊纳亚特单胞锈菌,,,,,,,no_image
154374,Uromyces ormosiae,,,,,,,,no_image
154354,Uromyces lespedezae-bicoloris,胡枝子单胞锈菌,,,,,,,no_image
154434,Uromyces veratri,藜芦单胞锈菌,,,,,,,no_image
154414,Uromyces striolatus,沟纹单胞锈菌,,,,,,,no_image
154394,Uromyces scaberulus,,,,,,,,no_image
129899,Urophysa rockii,距瓣尾囊草,,,,,,,no_image
129905,Urtica chengkouensis,城口荨麻,,,,,,,no_image
136365,Usnea aciculifera,尖刺松萝,,,,,,,no_image
129900,Urospora doliifera,桶状尾孢藻,,,,,,,no_image
812,Uroptychus anacaena,无棘折尾虾,,,,,,,no_image
136405,Usnea luridorufa,小刺褐松萝,,,,,,,no_image
154968,Ustanciosporium gigantosporum,,,,,,,,no_image
136385,Usnea flexilis,,,,,,,,no_image
136425,Usnea rubicunda,深红松萝,,,,,,,no_image
155077,Ustilago bistortarum,珠芽蓼黑粉菌,,,,,,,no_image
155097,Ustilago cynodonticola,狗牙根生黑粉菌,,,,,,,no_image
155137,Ustilago kenjiana,高梁花黑粉菌,,,,,,,no_image
155117,Ustilago flagellata,,,,,,,,no_image
155177,Ustilago pimprina,,,,,,,,no_image
155157,Ustilago morobiana,,,,,,,,no_image
155217,Ustilago thaxteri,,,,,,,,no_image
155197,Ustilago sinkiangensis,新疆黑粉菌,,,,,,,no_image
153027,Ustilentyloma pleuropogonis,,,,,,,,no_image
129931,Utricularia caerulea,短梗挖耳草,,,,,,,no_image
129973,Vaccinium ardisioides,紫梗越橘,,,,,,,no_image
129951,Utricularia scandens,缠绕挖耳草,,,,,,,no_image
130029,Vaccinium hirtum,日本越橘,,,,,,,no_image
129998,Vaccinium delavayi,苍山越橘,,,,,,,no_image
130054,Vaccinium napoense,那坡越橘,,,,,,,no_image
130099,Vaccinium wrightii,海岛越橘,,,,,,,no_image
130121,Valeriana kawakamii,高山缬草,,,,,,,no_image
130076,Vaccinium sciaphilum,林生越橘,,,,,,,no_image
82900,Valenciennellus tripunctulatus,三斑丛光鱼,,,,,,,no_image
71319,Valiatrella pulchra,丽维蟋,,,,,,,no_image
71328,Vamuna stoetzneri,峭瓦苔蛾组,,,,,,,no_image
130155,Vanda subconcolor,纯色万代兰,,,,,,,no_image
71330,Vanessa cardui,小红蛱蝶,,,,,,,no_image
141555,Valsa macrospora,,,,,,,,no_image
3698,Varicobula rotalis,轮变异篮蛤,,,,,,,no_image
130175,Vatica mangachapoi,青梅,,,,,,,no_image
82942,Ventrifossa rhipidodorsalis,扇鳍凹腹鳕,,,,,,,no_image
149902,Veluticeps fimbriata,,,,,,,,no_image
82922,Vanmanenia serrilineata,湄公河原缨口鳅,,,,,,,no_image
71361,Venusia obliquisigna,斜维尺蛾,,,,,,,no_image
2190,Vepricadium multispinosum,多刺鸟蛤,,,,,,,no_image
134287,Venturia rhamni,,,,,,,,no_image
71379,Vermiophis minshanensis,岷山潜穴虻,,,,,,,no_image
130239,Veronica chamaedrys,石蚕叶婆婆纳,,,,,,,no_image
130201,Veratrum nanchuanense,南川藜芦,,,,,,,no_image
130221,Vernicia calcicola,石山油桐,,,,,,,no_image
130292,Veronica tibetica,西藏婆婆纳,,,,,,,no_image
130264,Veronica longipetiolata,长柄婆婆纳,,,,,,,no_image
134806,Verrucaria compaginata,,,,,,,,no_image
130323,Veronicastrum wulingense,武陵腹水草,,,,,,,no_image
134846,Verrucaria yunnana,,,,,,,,no_image
134826,Verrucaria luchunensis,绿春瓶口衣,,,,,,,no_image
3708,Verticordia costeminens,片肋旋心蛤,,,,,,,no_image
82951,Vespertilio sinensis,东方蝙蝠,,,,,,,no_image
139045,Vibrissea flavovirens,,,,,,,,no_image
130352,Viburnum cinnamomifolium,樟叶荚蒾,,,,,,,no_image
130475,Vicia dichroantha,二色野豌豆,,,,,,,no_image
130497,Vicia pseudo-orobus,大叶野豌豆,,,,,,,no_image
130445,Viburnum thunbergianum,蝴蝶戏珠花,,,,,,,no_image
130385,Viburnum hengshanicum,衡山荚蒾,,,,,,,no_image
130410,Viburnum odoratissimum,珊瑚树,,,,,,,no_image
130534,Vickifunkia thyrsoidea,塔序无鞘橐吾,,,,,,,no_image
71423,Villa cerussata,白毛绒蜂虻,,,,,,,no_image
130542,Vigna gracilicaulis,细茎豇豆,,,,,,,no_image
130599,Vinealobryum guangdongensis,南方密疣藓,,,,,,,no_image
130622,Viola chaerophylloides,南山堇菜,,,,,,,no_image
130565,Vinca major,蔓长春花,,,,,,,no_image
130585,Vincetoxicum mongolicum,华北白前,,,,,,,no_image
130712,Viola serrula,小齿堇菜,,,,,,,no_image
130667,Viola lactiflora,白花堇菜,,,,,,,no_image
130647,Viola gmeliniana,兴安堇菜,,,,,,,no_image
130689,Viola odorata,香堇菜,,,,,,,no_image
130735,Viola violacea,紫背堇菜,,,,,,,no_image
130763,Vitex burmensis,长叶荆,,,,,,,no_image
130801,Vitis bashanica,麦黄葡萄,,,,,,,no_image
130831,Vitis menghaiensis,勐海葡萄,,,,,,,no_image
71455,Volucella linearis,亮丽蜂蚜蝇,,,,,,,no_image
2236,Vitracar albida,白玻璃蚶,,,,,,,no_image
8103,Virgularia sp,沙箸海鳃 A,,,,,,,no_image
14284,Vittatus pan,盘状长板蛛,,,,,,,no_image
17392,Vokesimurex multiplicatus,班特沃骨螺,,,,,,,no_image
143724,Volucrispora ornithomorpha,,,,,,,,no_image
147955,Volvariella microspila,,,,,,,,no_image
71475,Voria ciliata,多鬃蜗寄蝇,,,,,,,no_image
130867,Wallichia triandra,三药瓦理棕,,,,,,,no_image
14190,Walckenaeria dahaituoensis,大海陀瓦蛛,,,,,,,no_image
16390,Wadicosa daliensis,大理娲蛛,,,,,,,no_image
130886,Weissia brachycarpa,膜口藓,,,,,,,no_image
130877,Washingtonia filifera,丝葵,,,,,,,no_image
130902,Wendlandia cavaleriei,贵州水锦树,,,,,,,no_image
130929,Wendlandia speciosa,美丽水锦树,,,,,,,no_image
71519,Wesmaelius helanensis,贺兰丛褐蛉,,,,,,,no_image
130967,Wijkia surcularis,细枝刺枝藓,,,,,,,no_image
130950,Wettsteinia rotundifolia,圆叶无萼苔,,,,,,,no_image
71538,Wilemanus hamata,赣闽威舟蛾,,,,,,,no_image
130987,Wikstroemia gracilis,纤细荛花,,,,,,,no_image
131011,Wikstroemia pachyrachis,粗轴荛花,,,,,,,no_image
71567,Winthemia zhoui,周氏温寄蝇,,,,,,,no_image
18926,Willowsia pseudoplatani,,,,,,,,no_image
71547,Winthemia diversoides,巨角温寄蝇,,,,,,,no_image
71571,Wohlfahrtia bella,毛足污蝇,,,,,,,no_image
131050,Wollastonia dentata,卤地菊,,,,,,,no_image
71589,Woodiphora fasciaria,明带乌蚤蝇,,,,,,,no_image
131062,Woodsia kungiana,宪需岩蕨,,,,,,,no_image
131094,Wuodendron praecox,征镒木,,,,,,,no_image
131081,Woodwardia unigemmata,顶芽狗脊,,,,,,,no_image
71642,Xanthonia sinica,中国黄肖叶甲,,,,,,,no_image
131096,Xanthium spinosum,刺苍耳,,,,,,,no_image
136456,Xanthoparmelia hypopsila,贴生黄梅,,,,,,,no_image
151996,Wrightoporia efibulata,,,,,,,,no_image
71605,Xanthandrus callidus,敏宽扁蚜蝇,,,,,,,no_image
131100,Xanthocyparis vietnamensis,金柏,,,,,,,no_image
71649,Xanthophius filum,,,,,,,,no_image
71660,Xanthorhoe hampsoni,汉潢尺蛾,,,,,,,no_image
131116,Xantolis stenosepala,滇刺榄,,,,,,,no_image
7587,Xenia puertogalerae,童盔异花软珊瑚,,,,,,,no_image
137675,Xanthoria mandschurica,拟石黄衣,,,,,,,no_image
71700,Xenoclystia unijuga,淡黄孔尺蛾,,,,,,,no_image
83018,Xenophysogobio nudicorpa,裸体异鳔鳅&#x0000E069;,,,,,,,no_image
71707,Xenogryllus marmoratus,金蛣蛉,,,,,,,no_image
71724,Xenophasmina bedoti,,,,,,,,no_image
149362,Xerocomus illudens,拟绒盖牛肝菌,,,,,,,no_image
71748,Xenortholitha propinguata,甜黑点尺蛾,,,,,,,no_image
18710,Xenylla taihangensis,,,,,,,,no_image
149382,Xerocomus subpaludosus,酒红绒盖牛肝菌,,,,,,,no_image
71760,Xenotachina disternopleuraliss,双鬃客夜蝇,,,,,,,no_image
71783,Xestia baja,劳鲁夜蛾,,,,,,,no_image
131122,Xerospermum bonii,干果木,,,,,,,no_image
71804,Xestia gansuensis,甘鲁夜蛾,,,,,,,no_image
71824,Xestia stupenda,前黄鲁夜蛾,,,,,,,no_image
5145,Xestospongia similis,相似锉海绵,,,,,,,no_image
71857,Xiphidiopsis jinxiuensis,金秀剑螽,,,,,,,no_image
71874,Xistrella cliva,隆背希蚱,,,,,,,no_image
71885,Xylaplothrips palmerae,帕默木管蓟马,,,,,,,no_image
144786,Xylaria botuliformis,串珠炭角菌,,,,,,,no_image
144806,Xylaria dichotoma,二叉炭角菌,,,,,,,no_image
144826,Xylaria griseosepiacea,灰黑炭角菌,,,,,,,no_image
144846,Xylaria liquidambar,,,,,,,,no_image
144866,Xylaria oxyacanthae,,,,,,,,no_image
71892,Xylena exsoleta,木冬夜蛾,,,,,,,no_image
144886,Xylaria schweinitzii,斯氏炭角菌,,,,,,,no_image
71921,Xylocopa tranquabarica,夜木蜂,,,,,,,no_image
71897,Xylocopa auripennis,金翅木蜂,,,,,,,no_image
150723,Xylodon rimosissimus,,,,,,,,no_image
131130,Xylosalsola arbuscula,木猪毛菜,,,,,,,no_image
71934,Xylomya chekiangensis,浙江木虻,,,,,,,no_image
71964,Xylota fo,云南木蚜蝇,,,,,,,no_image
71984,Xylotachina femorata,股寄蝇,,,,,,,no_image
72008,Xylotrechus dominulus,,,,,,,,no_image
72059,Xylotrechus stebbingi,,,,,,,,no_image
131138,Xyris complanata,硬叶葱草,,,,,,,no_image
72036,Xylotrechus multiimpressus,,,,,,,,no_image
14780,Xysticus croceus,波纹花蟹蛛,,,,,,,no_image
14657,Xysticus maculiger,黑斑花蟹蛛,,,,,,,no_image
155237,Yenia kusanoi,,,,,,,,no_image
14707,Xysticus ulmi,乌氏花蟹蛛,,,,,,,no_image
83032,Yaotriton dabienicus,大别瑶螈,,,,,,,no_image
131143,Yakushimabryum tonkinense,狭叶拟厚角藓,,,,,,,no_image
72117,Yoshinothrips ponkamui,小主吉野蓟马,,,,,,,no_image
131175,Youngia jiulongshanensis,九龙山黄鹌菜,,,,,,,no_image
4586,Yoldia notabilis,醒目云母蛤,,,,,,,no_image
131195,Youngia zhengyiana,荔波黄鹌菜,,,,,,,no_image
72135,Ypthima megalomma,乱云矍眼蝶,,,,,,,no_image
131222,Yulania sargentiana,凹叶玉兰,,,,,,,no_image
72164,Yunnanacris wenshanensis,文山云秃蝗,,,,,,,no_image
83039,Yuhina brunneiceps,褐头凤鹛,,,,,,,no_image
83067,Yunnanilus macrogaster,臌腹云南鳅,,,,,,,no_image
131282,Yushania oblonga,马鹿竹,,,,,,,no_image
131232,Yunnanopilia longistaminea,甜菜树,,,,,,,no_image
131262,Yushania glandulosa,盈江玉山竹,,,,,,,no_image
131242,Yushania canoviridis,灰绿玉山竹,,,,,,,no_image
72197,Zanchius tibetanus,藏平盲蝽,,,,,,,no_image
131305,Yushania xizangensis,西藏玉山竹,,,,,,,no_image
154446,Zaghouania phillyreae,菲利桂基孔单胞锈菌,,,,,,,no_image
72214,Zanclognatha stramentacealis,宽后镰须夜蛾,,,,,,,no_image
131318,Zantedeschia rehmannii,红马蹄莲,,,,,,,no_image
131371,Zanthoxylum wutaiense,屏东花椒,,,,,,,no_image
72238,Zaphne ventribarbata,鬃腹鞭隰蝇,,,,,,,no_image
131349,Zanthoxylum liboense,荔波花椒,,,,,,,no_image
72267,Zeiraphera gansuensis,甘肃线小卷蛾,,,,,,,no_image
133299,Zasmidium alpiniae,,,,,,,,no_image
152517,Zelleromyces ramispinus,枝刺孢乳腹菌,,,,,,,no_image
131374,Zea mays,玉米,,,,,,,no_image
13869,Zelotes longipes,长足狂蛛,,,,,,,no_image
131401,Zeuxine niijimai,眉原线柱兰,,,,,,,no_image
83107,Zenarchopterus buffonis,蟾异鳞鱵,,,,,,,no_image
8898,Zetomotrichus linearis,线毛跳甲螨,,,,,,,no_image
72304,Zichya gobica,戈壁懒螽,,,,,,,no_image
83143,Zhangixalus yinggelingensis,鹦哥岭树蛙,,,,,,,no_image
83123,Zhangixalus feae,棕褶树蛙,,,,,,,no_image
131429,Zingiber inodorum,无味姜,,,,,,,no_image
131470,Zingiber yunnanense,云南姜,,,,,,,no_image
131449,Zingiber oligophyllum,少叶姜,,,,,,,no_image
13523,Zodarion hunanense,湖南拟平腹蛛,,,,,,,no_image
131482,Ziziphus fungii,褐果枣,,,,,,,no_image
72327,Zonopterus flavitarsis,,,,,,,,no_image
155520,Zoophthora gloeospora,,,,,,,,no_image
83168,Zosterops erythropleurus,红胁绣眼鸟,,,,,,,no_image
72333,Zophomyia temula,醉暗寄蝇,,,,,,,no_image
131510,Zygodon obtusifolius,钝叶变齿藓,,,,,,,no_image
156019,Zygorhynchus japonicus,,,,,,,,no_image
72342,Zubovskia brachycercata,短尾无翅蝗,,,,,,,no_image
72419,Zyras implorans,,,,,,,,no_image
131518,Zygophyllum gobicum,戈壁驼蹄瓣,,,,,,,no_image
72366,Zygoneura mirispina,奇刺齿眼蕈蚊,,,,,,,no_image
72379,Zygothrica pimacula,派嗜真菌果蝇,,,,,,,no_image
72399,Zyras cylindricornis,,,,,,,,no_image
72439,Zyras pulcher,,,,,,,,no_image
72459,Zyras volans,,,,,,,,no_image
