taxon_id,sci_name,cn_name,image_path,image_url,author,license,license_url,page_url,status
10152,Abacarus fopingi,,,,,,,,no_image
1516,Abelbolla huanghaiensis,黄海无管球线虫,,,,,,,no_image
880,Abra kurodai,黑田团结蛤,,,,,,,no_image
9437,Abalakeus bambusoe,,,,,,,,no_image
19482,Abrosiomyia flavipes,黄足华美水虻,,,,,,,no_image
83237,Abietinella histricosa,美丽山羽藓,,,,,,,no_image
155905,Absidia orchidis,淡紫梨头霉,,,,,,,no_image
7028,Acabaria philippinensis,菲律宾柏柳珊瑚,,,,,,,no_image
19517,Acalolepta hunanensis,,,,,,,,no_image
19495,Acallurothrips nonakai,弄阿卡宽管蓟马,,,,,,,no_image
83274,Acalypha acmophylla,尾叶铁苋菜,,,,,,,no_image
83294,Acalypha wui,印禅铁苋菜,,,,,,,no_image
83300,Acanthephippium sylhetense,坛花兰,,,,,,,no_image
19558,Acanthocinus gundaiensis,,,,,,,,no_image
5559,Acanthonchus tridentatus,三齿棘线虫,,,,,,,no_image
72522,Acanthopagrus taiwanensis,台湾棘鲷,,,,,,,no_image
8730,Acanthopleura japonica,日本花棘石鳖,,,,,,,no_image
19595,Acanthormius rugosivertex,皱顶齿腹茧蜂,,,,,,,no_image
19600,Acanthothrips nodicornis,角棘管蓟马,,,,,,,no_image
2253,Acar plicata,褶白蚶,,,,,,,no_image
135105,Acarospora gobiensis,戈壁微孢衣,,,,,,,no_image
135125,Acarospora suprasedens,,,,,,,,no_image
155537,Acaulospora appendicula,附柄无柄囊霉,,,,,,,no_image
19468,Ablabesmyia monilis,莫无突摇蚊,images/00/01/00019468.webp,https://thumb.wikimedia.org/wikipedia/commons/thumb/3/3f/Ablabesmyia_monilis%2C_Trawscoed%2C_North_Wales%2C_July_2016_-_Flickr_-_janetgraham84.jpg/960px-Ablabesmyia_monilis%2C_Trawscoed%2C_North_Wales%2C_July_2016_-_Flickr_-_janetgraham84.jpg?utm_source=en.wikipedia.org&utm_campaign=api&utm_content=thumbnail,Janet Graham,CC BY 2.0,https://creativecommons.org/licenses/by/2.0,"https://en.wikipedia.org/wiki/File:Ablabesmyia_monilis,_Trawscoed,_North_Wales,_July_2016_-_Flickr_-_janetgraham84.jpg",ok
155557,Acaulospora myriocarpa,多果无梗囊霉,,,,,,,no_image
83253,Abutilon guineense,几内亚磨盘草,images/00/08/00083253.webp,https://thumb.wikimedia.org/wikipedia/commons/thumb/9/92/Abutilon_guineense_1.jpg/960px-Abutilon_guineense_1.jpg?utm_source=en.wikipedia.org&utm_campaign=api&utm_content=thumbnail,葉子,CC0,http://creativecommons.org/publicdomain/zero/1.0/deed.en,https://en.wikipedia.org/wiki/File:Abutilon_guineense_1.jpg,ok
7849,Acanthastrea echinata,棘星珊瑚,images/00/00/00007849.webp,https://thumb.wikimedia.org/wikipedia/commons/thumb/6/69/Acanthastrea_echinata.jpg/960px-Acanthastrea_echinata.jpg?utm_source=en.wikipedia.org&utm_campaign=api&utm_content=thumbnail,Philippe Bourjon,CC BY-SA 3.0,https://creativecommons.org/licenses/by-sa/3.0,https://en.wikipedia.org/wiki/File:Acanthastrea_echinata.jpg,ok
72554,Acanthurus xanthopterus,黄鳍刺尾鱼,images/00/07/00072554.webp,https://thumb.wikimedia.org/wikipedia/commons/thumb/d/d8/Pez_cirujano_de_aleta_amarilla_%28Acanthurus_xanthopterus%29%2C_Nosy_Tanikely%2C_Madagascar%2C_2025-09-19%2C_DD_125.jpg/960px-Pez_cirujano_de_aleta_amarilla_%28Acanthurus_xanthopterus%29%2C_Nosy_Tanikely%2C_Madagascar%2C_2025-09-19%2C_DD_125.jpg?utm_source=en.wikipedia.org&utm_campaign=api&utm_content=thumbnail,Diego Delso,CC BY-SA 4.0,https://creativecommons.org/licenses/by-sa/4.0,"https://en.wikipedia.org/wiki/File:Pez_cirujano_de_aleta_amarilla_(Acanthurus_xanthopterus),_Nosy_Tanikely,_Madagascar,_2025-09-19,_DD_125.jpg",ok
83452,Acer tonkinense,粗柄槭,,,,,,,no_image
10360,Aceria celtis,,,,,,,,no_image
83397,Acer metcalfii,南岭槭,,https://thumb.wikimedia.org/wikipedia/commons/thumb/2/24/Acer_sikkimense_03.jpg/960px-Acer_sikkimense_03.jpg?utm_source=en.wikipedia.org&utm_campaign=api&utm_content=thumbnail,,,,https://en.wikipedia.org/wiki/Acer_metcalfii,license_rejected
10350,Aceria kuko,,,,,,,,no_image
10172,Aceria pallida,,,,,,,,no_image
9986,Aceria sylvestrae,,,,,,,,no_image
140319,Acervus changchunense,,,,,,,,no_image
83204,Abies ernestii,黄果冷杉,images/00/08/00083204.webp,https://thumb.wikimedia.org/wikipedia/commons/thumb/6/6a/Abies_chensiensis_-_Botanischer_Garten_Freiburg_-_DSC06478.jpg/960px-Abies_chensiensis_-_Botanischer_Garten_Freiburg_-_DSC06478.jpg?utm_source=en.wikipedia.org&utm_campaign=api&utm_content=thumbnail,Daderot,CC0,http://creativecommons.org/publicdomain/zero/1.0/deed.en,https://en.wikipedia.org/wiki/File:Abies_chensiensis_-_Botanischer_Garten_Freiburg_-_DSC06478.jpg,ok
83468,Acetabularia parvula,极小伞藻,,,,,,,no_image
1543,Achaeus japonicus,日本英雄蟹,,,,,,,no_image
83470,Achillea acuminata,齿叶蓍,,,,,,,no_image
83351,Acer caudatifolium,尖尾槭,images/00/08/00083351.webp,https://thumb.wikimedia.org/wikipedia/commons/thumb/3/3b/Acer_caudatifolium_in_Auckland_Botanic_Gardens_04.jpg/960px-Acer_caudatifolium_in_Auckland_Botanic_Gardens_04.jpg?utm_source=en.wikipedia.org&utm_campaign=api&utm_content=thumbnail,Krzysztof Golik,CC BY-SA 4.0,https://creativecommons.org/licenses/by-sa/4.0,https://en.wikipedia.org/wiki/File:Acer_caudatifolium_in_Auckland_Botanic_Gardens_04.jpg,ok
19637,Achmonia submontana,,,,,,,,no_image
83505,Achyranthes bidentata,牛膝,,,,,,,no_image
19656,Acidiella funesta,透带平脉实蝇,,,,,,,no_image
19686,Acidoxantha punctiventris,点黄鬃实蝇,,,,,,,no_image
19676,Acidiostigma omeium,峨眉长痣实蝇,,,,,,,no_image
72626,Acipenser dabryanus,达氏鲟,,,,,,,no_image
72574,Accipiter virgatus,松雀鹰,,https://thumb.wikimedia.org/wikipedia/commons/thumb/6/6d/Besra_Sparrowhawk%2C_Wattegama%2C_Sri_Lanka.jpg/960px-Besra_Sparrowhawk%2C_Wattegama%2C_Sri_Lanka.jpg?utm_source=en.wikipedia.org&utm_campaign=api&utm_content=thumbnail,,,,https://en.wikipedia.org/wiki/Accipiter_virgatus,license_rejected
19705,Aclerls comariana,草莓长翅卷蛾,,,,,,,no_image
19726,Aclerls longipalpana,长须长翅卷蛾,,,,,,,no_image
1764,Acoetes melanonota,黑斑蠕鳞虫,,,,,,,no_image
19746,Acletoxenus indicas,印度嗜粉虱果蝇,,,,,,,no_image
83554,Aconitum apetalum,空茎乌头,,,,,,,no_image
83617,Aconitum fischeri,薄叶乌头,,,,,,,no_image
83649,Aconitum huiliense,会理乌头,,,,,,,no_image
72615,Acheilognathus hypselonotus,寡鳞&#x0000E05E;,,,,,,,no_image
83716,Aconitum novoaxillare,新腋花乌头,,,,,,,no_image
83693,Aconitum lioui,秦岭乌头,,,,,,,no_image
83742,Aconitum pulchellum,美丽乌头,,,,,,,no_image
83768,Aconitum sinomontanum,高乌头,,,,,,,no_image
83794,Aconitum tsaii,碧江乌头,,,,,,,no_image
19768,Acontia nivipicta,白缘绮夜蛾,,,,,,,no_image
142259,Acremonium hyalinulum,,,,,,,,no_image
19807,Acrida lineata,线剑角蝗,,,,,,,no_image
19820,Acritus komai,驹井异跗阎甲,,,,,,,no_image
19825,Acrocera khamensis,康巴小头虻,,,,,,,no_image
72660,Acrochordus granulatus,瘰鳞蛇,,,,,,,no_image
19854,Acrocyrtidus simianshanensis,,,,,,,,no_image
132345,Acrogenospora setiformis,,,,,,,,no_image
19857,Acrometopia conspicua,锥尖斑腹蝇,,,,,,,no_image
83873,Acronema nervosum,羽轴丝瓣芹,,,,,,,no_image
19891,Acronicta nigricans,黑剑纹夜蛾,,,,,,,no_image
19871,Acronicta catocaloida,白斑剑纹夜蛾,,,,,,,no_image
83592,Aconitum chilienshanicum,祁连山乌头,,,,,,,no_image
19907,Acropolis thalia,颠眼蝶,,,,,,,no_image
6973,Acropora donei,杜氏鹿角珊瑚,,,,,,,no_image
6938,Acropora nana,细枝鹿角珊瑚,,,,,,,no_image
6965,Acropora valida,强壮鹿角珊瑚,,,,,,,no_image
19919,Acrosathe argentea,银裸颜剑虻,,,,,,,no_image
19785,Acosmetura longicercata,长尾异饰肛螽,,,,,,,no_image
72679,Acrossocheilus malacopterus,软鳍光唇鱼,,,,,,,no_image
83425,Acer pubinerve,毛脉槭,images/00/08/00083425.webp,https://thumb.wikimedia.org/wikipedia/commons/thumb/5/5c/Acer_wuyuanense_-_Morris_Arboretum_-_DSC00460.JPG/960px-Acer_wuyuanense_-_Morris_Arboretum_-_DSC00460.JPG?utm_source=en.wikipedia.org&utm_campaign=api&utm_content=thumbnail,Daderot,CC0,http://creativecommons.org/publicdomain/zero/1.0/deed.en,https://en.wikipedia.org/wiki/File:Acer_wuyuanense_-_Morris_Arboretum_-_DSC00460.JPG,ok
19931,Acrotaeniostola sexvittata,六纹短羽实蝇,,,,,,,no_image
19947,Acrotona dilutipennis,,,,,,,,no_image
19967,Acrotona muscorum,,,,,,,,no_image
19988,Acrotona tonensis,,,,,,,,no_image
83898,Actaea brachycarpa,短果升麻,,,,,,,no_image
3903,Acteocina avenaria,燕麦拟捻螺,,,,,,,no_image
20001,Actia jocularis,长喙阿寄蝇,,,,,,,no_image
20025,Actina curvata,弯突星水虻,,,,,,,no_image
83914,Actinidia arguta,软枣猕猴桃,,,,,,,no_image
83949,Actinidia lanceolata,小叶猕猴桃,,,,,,,no_image
861,Actinocucumis typicus,模式辐瓜参,,,,,,,no_image
2321,Actumnus taiwanicus,台湾杨梅蟹,,,,,,,no_image
83975,Actinidia sorbifolia,花楸猕猴桃,,,,,,,no_image
3262,Actinopyga miliaris,乌皱辐肛参,,,,,,,no_image
72689,Actinodura egertoni,栗额斑翅鹛,,,,,,,no_image
10625,Aculops chinonei,,,,,,,,no_image
9985,Aculops syringae,,,,,,,,no_image
20059,Acylophorus schuelkei,,,,,,,,no_image
10646,Aculus pistaciae,,,,,,,,no_image
10645,Aculus cuihuae,,,,,,,,no_image
20075,Adapsilia megophthalma,大适蜣蝇,,,,,,,no_image
20093,Adelphococris ferrugineus,褐苜蓿盲蝽,,,,,,,no_image
20113,Adelphococris tibetanus,西藏苜蓿盲蝽,,,,,,,no_image
72597,Achalinus meiguensis,美姑脊蛇,,https://thumb.wikimedia.org/wikipedia/commons/thumb/9/91/Achalinus_meiguensis_distribution.png/960px-Achalinus_meiguensis_distribution.png?utm_source=en.wikipedia.org&utm_campaign=api&utm_content=thumbnail,"compiled by rbrausse with Quantum GIS
Map data: Made with Natural Earth. Free vector and raster map data @ naturalearthdata.com.
Range data: Rao, D.-q., Jiang, J. &amp; Guo, P. 2012. Achalinus meiguensis. In: IUCN 2012. IUCN Red List of Threatened Species. Version 2012.2. &lt;www.iucnredlist.org&gt;. Downloaded on 27 May 2013.",CC BY-SA 3.0,https://creativecommons.org/licenses/by-sa/3.0,https://en.wikipedia.org/wiki/File:Achalinus_meiguensis_distribution.png,download_failed
84032,Adenophora capillaris,丝裂沙参,,,,,,,no_image
84060,Adenophora morrisonensis,台湾沙参,,,,,,,no_image
84100,Adenophora wulingshanica,雾灵沙参,,,,,,,no_image
84119,Adiantum davidii,白背铁线蕨,,,,,,,no_image
84162,Adinandra elegans,长梗杨桐,,,,,,,no_image
84139,Adiantum myriosorum,灰背铁线蕨,,,,,,,no_image
20133,Adinopsis chinensis,,,,,,,,no_image
20180,Aedes annandalei,圆斑伊蚊,,,,,,,no_image
84198,Adonis ramosa,辽吉侧金盏花,,,,,,,no_image
20161,Adrapsa incertalis,断线疖夜蛾,,,,,,,no_image
20222,Aedes hatorii,羽鸟伊蚊,,,,,,,no_image
20264,Aedes peytoni,佩顿伊蚊,,,,,,,no_image
20200,Aedes dissimilis,异形奈蚊,,,,,,,no_image
84204,Aegiceras corniculatum,蜡烛果,,,,,,,no_image
20244,Aedes malikuli,马利伊蚊,,,,,,,no_image
20284,Aedes shortti,单棘伊蚊,,,,,,,no_image
20302,Aegolipton marginale,,,,,,,,no_image
9889,Aegyptobia changi,,,,,,,,no_image
72729,Aeoliscus strigatus,条纹虾鱼,,,,,,,no_image
84234,Aerobryopsis membranacea,膜叶灰气藓,,,,,,,no_image
7461,Aequorea macrodactyla,大型多管水母,,,,,,,no_image
20354,Aeropedellus helanshanensis,贺兰山蛛蝗,,,,,,,no_image
84246,Aeschynanthus angustioblongus,狭矩芒毛苣苔,,,,,,,no_image
84270,Aeschynanthus macranthus,伞花芒毛苣苔,,,,,,,no_image
4066,Aetea truncata,平截列胞苔虫,,,,,,,no_image
20375,Aeschnophlebia haui,郝氏黑额蜓,,,,,,,no_image
84292,Aeschynanthus wardii,狭花芒毛苣苔,,,,,,,no_image
72748,Aethopyga saturata,黑胸太阳鸟,,,,,,,no_image
20425,Afrolimnophila fenestrella,透翅非洲大蚊,,,,,,,no_image
20429,Agapanthia alternans,,,,,,,,no_image
84350,Agapetes macrophylla,大叶树萝卜,,,,,,,no_image
84326,Agapetes epacridea,尖叶树萝卜,,,,,,,no_image
84370,Agapetes pyrolifolia,鹿蹄草叶树萝卜,,,,,,,no_image
144927,Agaricus aestivalis,夏生蘑菇,,,,,,,no_image
144967,Agaricus ceciliae,,,,,,,,no_image
144947,Agaricus bisporus,双孢菇,,,,,,,no_image
144987,Agaricus depauperatus,,,,,,,,no_image
145007,Agaricus hemitrichus,,,,,,,,no_image
145067,Agaricus retirugis,,,,,,,,no_image
145027,Agaricus malachius,,,,,,,,no_image
145047,Agaricus pilatianus,皮氏蘑菇,,,,,,,no_image
20453,Agathia hilarata,平艳青尺蛾,,,,,,,no_image
145087,Agaricus stramineus,,,,,,,,no_image
145107,Agaricus villaticus,麻脸蘑菇,,,,,,,no_image
20493,Agelasta kumei,,,,,,,,no_image
20476,Agathomyia nigriventris,黑腹粗腿扁足蝇,,,,,,,no_image
20516,Agilihelea jiania,吉安敏蠓,,,,,,,no_image
5783,Aglaophamus gippslandicus,吉浦内卷齿蚕,,,,,,,no_image
12174,Ageleradix cymbiforma,船形盾漏蛛,,,,,,,no_image
8198,Aglaura hemistoma,半口壮丽水母,,,,,,,no_image
20548,Agnaptoria markana,芒康贞琵甲,,,,,,,no_image
20570,Agnetina duplistyla,倍突剑(虫责),,,,,,,no_image
20593,Agnidra corticata,,,,,,,,no_image
134715,Agonimia pacifica,太平洋鳞砖孢,,,,,,,no_image
20631,Agonita sculpturata,雕胸三脊甲,,,,,,,no_image
20638,Agriocnemis clauseni,蓝斑小蟌,,,,,,,no_image
148152,Agrocybe aegerita,柱状田头菇菌,,,,,,,no_image
148172,Agrocybe sphaleromorpha,,,,,,,,no_image
20657,Agromyza anthracina,尊麻潜蝇,,,,,,,no_image
84425,Agropyron michnoi,根茎冰草,,,,,,,no_image
84436,Agrostis clavata,华北剪股颖,,,,,,,no_image
20701,Agrotis segetum,黄地老虎,,,,,,,no_image
84456,Agrostis vinealis,芒剪股颖,,,,,,,no_image
20719,Ahmaditermes pingnanensis,屏南钝颚白蚁,,,,,,,no_image
84495,Ainsliaea aptera,无翅兔儿风,,,,,,,no_image
14339,Agyneta subtilis,细丘皿蛛,,,,,,,no_image
84522,Ainsliaea lancangensis,澜沧兔儿风,,,,,,,no_image
84472,Aidia oxyodonta,尖萼茜树,,,,,,,no_image
84544,Ainsliaea trinervis,三脉兔儿风,,,,,,,no_image
84553,Ajania amphisericea,灰叶亚菊,,,,,,,no_image
84588,Ajuga campylantha,弯花筋骨草,,,,,,,no_image
141756,Akanthomyces gracilis,,,,,,,,no_image
84573,Ajania quercifolia,栎叶亚菊,,,,,,,no_image
151915,Albatrellus caeruleoporus,蓝孔地花菌,,,,,,,no_image
84648,Alangium kurzii,毛八角枫,,,,,,,no_image
84677,Albizia retusa,兰屿合欢,,,,,,,no_image
151935,Albatrellus yunnanensis,云南地花菌,,,,,,,no_image
135801,Alectoria virens,,,,,,,,no_image
6780,Albunea symmysta,东方管须蟹,,,,,,,no_image
84689,Alchornea rugosa,羽脉山麻秆,,,,,,,no_image
20749,Aldania raddei,黑条伞蛱蝶,,,,,,,no_image
20785,Aleiodes mongolicus,蒙古脊茧蜂,,,,,,,no_image
20765,Aleiodes cruentus,血色脊茧蜂,,,,,,,no_image
20805,Aleiodes tristis,深色脊茧蜂,,,,,,,no_image
20841,Aleochara mentita,,,,,,,,no_image
20861,Aleochara similinsularis,,,,,,,,no_image
20821,Aleochara curtula,,,,,,,,no_image
72851,Alepocephalus owstoni,欧氏平头鱼,,,,,,,no_image
20889,Aletia pakdala,帕研夜蛾,,,,,,,no_image
140355,Aleurina macrantha,,,,,,,,no_image
84708,Aletris nana,短肺筋草,,,,,,,no_image
140335,Aleuria silvestris,,,,,,,,no_image
84746,Aleuritopteris speciosa,美丽粉背蕨,,,,,,,no_image
84724,Aleuritopteris chrysophylla,金粉背蕨,,,,,,,no_image
152538,Aleurodiscus gigasporus,大孢盘革菌,,,,,,,no_image
20935,Algon sphaericollis,,,,,,,,no_image
83376,Acer griseum,血皮槭,,https://thumb.wikimedia.org/wikipedia/commons/thumb/c/cb/Acer_griseum_Morton_836-58-7.jpg/960px-Acer_griseum_Morton_836-58-7.jpg?utm_source=en.wikipedia.org&utm_campaign=api&utm_content=thumbnail,,,,https://en.wikipedia.org/wiki/Acer_griseum,license_rejected
20906,Alevonota foedicornis,,,,,,,,no_image
20915,Algon ailaoshanus,,,,,,,,no_image
14385,Alioranus chiardolae,奇亚多前翼蛛,,,,,,,no_image
12341,Allagelena bistriata,双纹异漏蛛,,,,,,,no_image
20966,Alliopsis flavipes,黄足毛眼花蝇,,,,,,,no_image
84807,Allium carolinianum,镰叶韭,,,,,,,no_image
84831,Allium fanjingshanense,梵净山葱,,,,,,,no_image
20950,Allata duplius,倍奇舟蛾,,,,,,,no_image
84855,Allium inutile,齿棱茎合被韭,,,,,,,no_image
20986,Alliopsis tibialis,毛胫毛眼花蝇,,,,,,,no_image
84875,Allium maximowiczii,马葱,,,,,,,no_image
84900,Allium phariense,帕里韭,,,,,,,no_image
84924,Allium saxatile,长喙韭,,,,,,,no_image
12495,Alloclubionoides triangulatus,三角满蛛,,,,,,,no_image
84946,Allium tanguticum,唐古韭,,,,,,,no_image
84968,Allium yingshanense,英山韭,,,,,,,no_image
15592,Allochernes tropicus,热带异伪蝎,,,,,,,no_image
21032,Allognosta basiflava,基黄距水虻,,,,,,,no_image
9106,Allodamaeus tectorius,顶盖细珠甲螨,,,,,,,no_image
21052,Allognosta maxima,大距水虻,,,,,,,no_image
14461,Allomedmassa crassa,粗异介蛛,,,,,,,no_image
21071,Allohelea borealosinica,北国埃蠓,,,,,,,no_image
84989,Allospondias lakonensis,岭南酸枣,,,,,,,no_image
15755,Allopauropus tetrachotomous,四分叉别少足,,,,,,,no_image
8807,Allonothrus sinicus,中华异懒甲螨,,,,,,,no_image
84982,Allophylus dimorphus,五叶异木患,,,,,,,no_image
21110,Allotraeus sphaerioninus,,,,,,,,no_image
21125,Alluaudomyia bistorta,双拳阿蠓,,,,,,,no_image
21145,Alluaudomyia spinosipes,棘刺阿蠓,,,,,,,no_image
21160,Aloconota heilongjiangensis,,,,,,,,no_image
85008,Alnus nepalensis,尼泊尔桤木,,,,,,,no_image
16279,Alopecosa kratochvili,克拉舞蛛,,,,,,,no_image
21180,Aloconota sulcifrons,,,,,,,,no_image
16511,Alopecosa akkolka,方隔舞蛛,,,,,,,no_image
16418,Alopecosa xuelin,雪林舞蛛,,,,,,,no_image
1396,Alpheus compressus,扁螯鼓虾,,,,,,,no_image
21200,Alphaea hongenna,红粉灯蛾,,,,,,,no_image
1319,Alpheus hoplocheles,刺螯鼓虾,,,,,,,no_image
85081,Alpinia nanchuanensis,南川山姜,,,,,,,no_image
1383,Alpheus parvus,小鼓虾,,,,,,,no_image
85035,Alphonsea boniana,金平藤春,,,,,,,no_image
85058,Alpinia emaculata,无斑山姜,,,,,,,no_image
85101,Alpinia stachyodes,密苞山姜,,,,,,,no_image
85119,Alseodaphnopsis petiolaris,长柄北油丹,,,,,,,no_image
85136,Alstonia yunnanensis,鸡骨常山,,,,,,,no_image
133841,Alternaria amorphophalli,,,,,,,,no_image
133881,Alternaria citri,,,,,,,,no_image
133901,Alternaria eleuthrines,,,,,,,,no_image
133861,Alternaria burnsii,,,,,,,,no_image
133921,Alternaria kansuiae,,,,,,,,no_image
133941,Alternaria nelumbicola,,,,,,,,no_image
133961,Alternaria pluriseptata,,,,,,,,no_image
133981,Alternaria sesami,,,,,,,,no_image
21211,Althonarosa horisyaensis,优刺蛾,,,,,,,no_image
134001,Alternaria triticina,,,,,,,,no_image
8465,Amakusanthura koonyumae,空屿山下背尾水虱,,,,,,,no_image
2853,Altiverruca navicula,船型高花笼,,,,,,,no_image
85152,Alysicarpus ovalifolius,卵叶链荚豆,,,,,,,no_image
85179,Amana latifolia,日本老鸦瓣,,,,,,,no_image
142288,Amanita anisata,瓦灰鹅膏菌,,,,,,,no_image
142328,Amanita exitialis,毒伞,,,,,,,no_image
142308,Amanita castanopsis,栲鹅膏,,,,,,,no_image
142368,Amanita macrospora,大孢蘑菇,,,,,,,no_image
142388,Amanita ovalispora,卵孢鹅膏,,,,,,,no_image
142348,Amanita hemibapha,浅橙黄鹅膏菌,,,,,,,no_image
142448,Amanita yema,春生鹅膏（白毒伞）,,,,,,,no_image
142428,Amanita subfrostiana,,,,,,,,no_image
85193,Amaranthus graecizans,拟腋花苋,,,,,,,no_image
142408,Amanita rubescens,赭盖鹅膏菌,,,,,,,no_image
21242,Amarochara schuelkei,,,,,,,,no_image
151130,Amauroderma amoiensis,,,,,,,,no_image
151170,Amauroderma pseudoboletus,,,,,,,,no_image
151150,Amauroderma guangxiense,广西假芝,,,,,,,no_image
151190,Amauroderma zambesianum,,,,,,,,no_image
72913,Amblyeleotris melanocephala,黑头钝塘鳢,,,,,,,no_image
85210,Amberboa turanica,黄花珀菊,,,,,,,no_image
72933,Amblygobius phalaena,尾斑钝鰕虎,,,,,,,no_image
21277,Amblypsilopus coronatus,隆脊雅长足虻,,,,,,,no_image
21297,Amblypsilopus longwanganus,龙王雅长足虻,,,,,,,no_image
72938,Amblyrhynchotes rufopunctatus,棕斑宽吻鲀,,,,,,,no_image
21356,Amichrotus formosanus,,,,,,,,no_image
21347,Amegilla urens,螯无垫蜂,,,,,,,no_image
21327,Amegilla calceifera,鞋斑无垫蜂,,,,,,,no_image
21373,Amiota arcuata,拱叶阿果蝇,,,,,,,no_image
21413,Amiota leucomia,白肩阿果蝇,,,,,,,no_image
21393,Amiota dentata,具齿阿果蝇,,,,,,,no_image
21453,Amiota watabei,渡部阿果蝇,,,,,,,no_image
21433,Amiota polytreta,多点阿果蝇,,,,,,,no_image
72940,Ammodytes personatus,太平洋玉筋鱼,,,,,,,no_image
21480,Amobia signata,斑摩蜂麻蝇,,,,,,,no_image
7528,Acanthogorgia vegae,粗疣棘柳珊瑚,,,,,,,no_image
72982,Amolops nyingchiensis,林芝湍蛙,,,,,,,no_image
85262,Amomum longipetiolatum,长柄豆蔻,,,,,,,no_image
72961,Amolops gerbillus,小耳湍蛙,,,,,,,no_image
73015,Amoya moloanus,黑带缰鰕虎,,,,,,,no_image
73002,Amolops wuyiensis,武夷湍蛙,,,,,,,no_image
6042,Ampelisca naikaiensis,那贺双眼钩虾,,,,,,,no_image
85282,Amomum tibeticum,西藏豆蔻,,,,,,,no_image
85301,Amorphophallus henryi,台湾魔芋,,,,,,,no_image
85351,Ampelopsis megalophylla,,,,,,,,no_image
85326,Ampelocissus artemisiifolia,酸蔹藤,,,,,,,no_image
21512,Amphigomphus nakamurai,娜卡安春蜓,,,,,,,no_image
7881,Amphinema australis,澳洲双手水母,,,,,,,no_image
6443,Amphibalanus variegates,杂色纹藤壶,,,,,,,no_image
21568,Amphinemura mirabilis,奇突倍叉(虫责),,,,,,,no_image
21588,Amphinemura trassaerti,截尾倍叉(虫责),,,,,,,no_image
21528,Amphinemura cryptocercia,隐尾倍叉(虫责),,,,,,,no_image
73021,Amphiprion bicinctus,二带双锯鱼,,,,,,,no_image
21548,Amphinemura guizhouensis,贵州倍叉(虫责),,,,,,,no_image
1205,Amphioplus impressa,印痕倍棘蛇尾,,,,,,,no_image
21611,Amphipsylla longispina,长鬃双蚤,,,,,,,no_image
141009,Amphisphaeria populi,,,,,,,,no_image
21646,Amphipyra alpherakii,宁杂夜蛾,,,,,,,no_image
1228,Amphiura vadicola,滩栖阳遂足,,,,,,,no_image
151942,Amylonotus africanus,非洲粉孔菌,,,,,,,no_image
146363,Ampulloclitocybe clavipes,棒柄杯伞,,,,,,,no_image
17769,Amynthas directus,直管远盲蚓,,,,,,,no_image
17860,Amynthas catenus,链条远盲蚓,,,,,,,no_image
17882,Amynthas homochaetus,等毛远盲蚓,,,,,,,no_image
17985,Amynthas amplipapillatus,宽突远盲蚓,,,,,,,no_image
85372,Amydrium sinense,雷公连,,,,,,,no_image
17992,Amynthas mediparvus,中小远盲蚓,,,,,,,no_image
17775,Amynthas lautus,华美远盲蚓,,,,,,,no_image
17993,Amynthas fluxus,溪床远盲蚓,,,,,,,no_image
18016,Amynthas nubilus,缙云远盲蚓,,,,,,,no_image
17848,Amynthas pongchii,邦杰远盲蚓,,,,,,,no_image
9033,Anachipteria mahunkai,马氏无前翼甲螨,,,,,,,no_image
17967,Amynthas sinuosus,盘曲远盲蚓,,,,,,,no_image
17952,Amynthas ultorius,尝胆远盲蚓,,,,,,,no_image
85376,Anabasis elatior,高枝假木贼,,,,,,,no_image
85389,Anadendrum montanum,上树南星,,,,,,,no_image
21725,Anaglyptus decemmaculatus,,,,,,,,no_image
73033,Anabarilius brevianalis,短臀白鱼,,,,,,,no_image
21765,Anagyrus jenniferae,,,,,,,,no_image
21745,Anagonalia melichari,红纹平大叶蝉,,,,,,,no_image
13557,Anahita jianfengensis,尖峰阿纳蛛,,,,,,,no_image
85428,Anaphalis hancockii,铃铃香青,,,,,,,no_image
21787,Anaparaputo liui,安粉蚧,,,,,,,no_image
85454,Anaphalis sinica,香青,,,,,,,no_image
135249,Anaptychia heterochroa,,,,,,,,no_image
12725,Anapistula appendix,附叶安皮图蛛,,,,,,,no_image
21805,Anarta orbiculosa,环窄眼夜蛾,,,,,,,no_image
135269,Anaptychia subascendens,,,,,,,,no_image
21819,Anastoechus chakanus,茶长雏蜂虻,,,,,,,no_image
85479,Anastrophyllum donnianum,挺叶苔,,,,,,,no_image
21866,Anatkina polycolora,多色斑大叶蝉,,,,,,,no_image
21846,Anatkina biprocessa,双突斑大叶蝉，新种,,,,,,,no_image
21891,Anax nigrofasciatus,黑纹伟蜓,,,,,,,no_image
5116,Anchistus custos,葫芦贝隐虾,,,,,,,no_image
21912,Ancistrotermes crassiceps,厚头钩白蚁,,,,,,,no_image
85543,Androsace globifera,球形点地梅,,,,,,,no_image
85523,Androsace cernuiflora,弯花点地梅,,,,,,,no_image
21885,Anaulacaspis taiwanica,,,,,,,,no_image
85504,Androcorys pugioniformis,剑唇兜蕊兰,,,,,,,no_image
73080,Andamia reyi,雷氏唇盘鳚,,,,,,,no_image
85565,Androsace minor,小丛点地梅,,,,,,,no_image
85588,Androsace sublanata,棉毛点地梅,,,,,,,no_image
21951,Anechura primaria,官张球螋,,,,,,,no_image
85599,Anemone altaica,阿尔泰银莲花,,,,,,,no_image
85641,Anemone griffithii,三出银莲花,,,,,,,no_image
85674,Anemone rockii,岷山银莲花,,,,,,,no_image
85761,Angelica sinensis,当归,,,,,,,no_image
85702,Anemone xingyiensis,兴义银莲花,,,,,,,no_image
85773,Angiopteris bipinnata,二回原始观音座莲,,,,,,,no_image
85739,Angelica laxifoliata,疏叶当归,,,,,,,no_image
85714,Angelica apaensis,阿坝当归,,,,,,,no_image
14685,Angaeus zhengi,郑氏安格蛛,,,,,,,no_image
85793,Angiopteris neglecta,边生观音座莲,,,,,,,no_image
73089,Anguilla marmorata,花鳗鲡,,,,,,,no_image
5506,Angulus vestalioides,拟角蛤,,,,,,,no_image
85810,Ania penangiana,绿花安兰,,,,,,,no_image
22016,Anigraea albomaculata,白斑伊夜蛾,,,,,,,no_image
132351,Anisomeridium anisolobum,不等芽异形菌,,,,,,,no_image
85817,Anisocampium ×,华日安蕨,,,,,,,no_image
22044,Anisopilothrips venustulus,丽异毛针蓟马,,,,,,,no_image
22025,Anisogomphus forresti,福氏异春蜓,,,,,,,no_image
85832,Anna rubidiflora,红花大苞苣苔,,,,,,,no_image
5913,Annandaleum laccadivicum,繁毛阿南铠茗荷,,,,,,,no_image
85850,Anoectangium crassinervium,粗肋丛本藓,,,,,,,no_image
144583,Annulohypoxylon stygium,,,,,,,,no_image
141212,Annulatascus tropicalis,,,,,,,,no_image
85894,Anomodon viticulosus,牛舌藓,,,,,,,no_image
85871,Anoectochilus xingrenensis,兴仁金线兰,,,,,,,no_image
22090,Anomis mesogona,中桥夜蛾,,,,,,,no_image
22111,Anomoia yunnana,云南斜脉实蝇,,,,,,,no_image
22122,Anopheles baimaii,贝曼按蚊,,,,,,,no_image
22206,Anoplodera rubripennis,,,,,,,,no_image
22143,Anopheles jeyporiensis,吉普尔按蚊,,,,,,,no_image
22184,Anoplistes kozlovi,,,,,,,,no_image
22163,Anopheles pseudojamesi,伪詹氏按蚊,,,,,,,no_image
22222,Anoplophora cheni,,,,,,,,no_image
10605,Anothopoda hainanensis,,,,,,,,no_image
22245,Anoplophora malasiaca,,,,,,,,no_image
22316,Anotylus nitouensis,,,,,,,,no_image
22274,Anotylus apicipennis,,,,,,,,no_image
22294,Anotylus grandiceps,,,,,,,,no_image
73102,Anous stolidus,白顶玄燕鸥,,,,,,,no_image
85898,Antennaria dioica,蝶须,,,,,,,no_image
22335,Anteon austini,澳氏单爪螯蜂,,,,,,,no_image
22355,Anteon gauldi,高氏单爪螯蜂,,,,,,,no_image
22375,Anteon mite,梅单爪螯蜂,,,,,,,no_image
22444,Anthidium punctatum,点黄斑蜂,,,,,,,no_image
7599,Anthelia glauca,灰绿羽花软珊瑚,,,,,,,no_image
22395,Anteon songyangense,松阳单爪螯蜂,,,,,,,no_image
85903,Antheroporum glaucum,粉叶肿荚豆,,,,,,,no_image
22466,Anthobium splendidulum,,,,,,,,no_image
22482,Anthocoris chibi,小原花蝽,,,,,,,no_image
22502,Anthocoris pistaciae,锈揭原花蝽,,,,,,,no_image
22517,Anthomyia lasiommata,毛目花蝇,,,,,,,no_image
22576,Anthophora loczyi,罗条蜂,,,,,,,no_image
22555,Anthophora dubia,黄胸条蜂,,,,,,,no_image
7972,Anthopleura dixoniana,叉侧花海葵,,,,,,,no_image
22597,Anthophora qinghaiense,青海条蜂,,,,,,,no_image
22535,Anthophora albifronella,白脸条蜂,,,,,,,no_image
73133,Anthracoceros albirostris,冠斑犀鸟,,,,,,,no_image
144680,Anthostomella clypeata,,,,,,,,no_image
144700,Anthostomella sulcigena,,,,,,,,no_image
22625,Anthrax koshunensis,高雄岩蜂虻,,,,,,,no_image
154899,Anthracoidea microspora,小孢炭黑粉菌,,,,,,,no_image
73157,Anthus spinoletta,水鹨,,,,,,,no_image
154919,Anthracoidea yunnanensis,云南炭黑粉菌,,,,,,,no_image
22645,Antillocladius scalpellatus,刀鬃安的列摇蚊,,,,,,,no_image
85936,Antidesma fordii,黄毛五月茶,,,,,,,no_image
22652,Antiphalera armata,铁腕反掌舟蛾,,,,,,,no_image
22658,Antocha bidens,双齿安大蚊,,,,,,,no_image
150863,Antrodia gossypium,棉絮薄孔菌,,,,,,,no_image
22678,Antocha picturata,色安大蚊,,,,,,,no_image
151880,Antrodiella versicutis,黄蝶小薄孔菌,,,,,,,no_image
85972,Aongstroemia orientalis,东亚昂氏藓,,,,,,,no_image
22698,Anuga japonica,修殿尾夜蛾,,,,,,,no_image
73172,Anyperodon leucogrammicus,白线光腭鲈,,,,,,,no_image
22741,Apamea cuneatoides,齿秀夜蛾,,,,,,,no_image
22790,Apecholinus liui,,,,,,,,no_image
22761,Apatetica curtipennis,,,,,,,,no_image
6257,Aoroides longimerucs,长节刀钩虾,,,,,,,no_image
22829,Aphelopus dui,杜氏常足螯蜂,,,,,,,no_image
22808,Aphalacrosoma taiwanense,台湾准白长足虻,,,,,,,no_image
22813,Apharinodes sinensis,,,,,,,,no_image
22849,Aphelopus sabahnus,沙巴常足螯蜂,,,,,,,no_image
85981,Aphragmus bouffordii,左贡寒原荠,,,,,,,no_image
22878,Aphrodisium faldermannii,,,,,,,,no_image
5835,Aphrodita alta,阿山鳞沙蚕,,,,,,,no_image
73180,Aphyocypris lini,林氏细鲫,,,,,,,no_image
22927,Apis laboriosa,黑大蜜蜂,,,,,,,no_image
141473,Apiognomonia errabunda,,,,,,,,no_image
9736,Apodiptacus albae,,,,,,,,no_image
86017,Apocopis wrightii,瑞氏楔颖草,,,,,,,no_image
22948,Aploneura ampelina,葡萄平翅根蚜,,,,,,,no_image
73212,Apogon lineatus,细条天竺鲷,,,,,,,no_image
22980,Apolygus major,大后丽盲蝽,,,,,,,no_image
9217,Apolohmannia gigantea,大阿波罗甲螨,,,,,,,no_image
23050,Aporia goutellei,锯纹绢粉蝶,,,,,,,no_image
9499,Aponychus corpuzae,,,,,,,,no_image
86023,Apomarsupella verrucosa,粗疣类钱袋苔,,,,,,,no_image
139044,Apostemidium sporogyrum,,,,,,,,no_image
23108,Aporia uedai,上田绢粉蝶,,,,,,,no_image
142241,Appendicospora hongkongensis,,,,,,,,no_image
143806,Appendiculella lonicerae,,,,,,,,no_image
23136,Appias libythea,利比尖粉蝶,,,,,,,no_image
23174,Aprostocetus fukutai,天牛卵长尾啮小蜂,,,,,,,no_image
73235,Apristurus internatus,中间光尾鲨,,,,,,,no_image
23192,Aptinothrips rufus,淡红缺翅蓟马,,,,,,,no_image
86095,Arachniodes aristata,刺头复叶耳蕨,,,,,,,no_image
86048,Aquilaria yunnanensis,云南沉香,,,,,,,no_image
86072,Aquilegia yabeana,华北耧斗菜,,,,,,,no_image
86115,Arachniodes longipinna,长羽复叶耳蕨,,,,,,,no_image
86135,Arachniodes ziyunshanensis,紫云山复叶耳蕨,,,,,,,no_image
11017,Arachnura logio,双峰尾园蛛,,,,,,,no_image
86144,Aralia chinensis,黄毛楤木,,,,,,,no_image
86166,Aralia lihengiana,李恒羽叶参,,,,,,,no_image
11090,Araneus bimaculicollis,双斑园蛛,,,,,,,no_image
11142,Araneus metellus,伴侣园蛛,,,,,,,no_image
11128,Araneus elongatus,长腹园蛛,,,,,,,no_image
23204,Araneibatrus curvitibialis,,,,,,,,no_image
11096,Araneus praedatus,抢园蛛,,,,,,,no_image
10873,Araneus tubabdominus,简腹园蛛,,,,,,,no_image
23224,Arbela pulchella,丽棒姬蝽,,,,,,,no_image
10869,Araniella displicata,六痣蛛,,,,,,,no_image
2549,Arcania globata,球形栗壳蟹,,,,,,,no_image
73271,Arborophila atrogularis,白颊山鹧鸪,,,,,,,no_image
86196,Archiatriplex nanpinensis,单性滨藜,,,,,,,no_image
86215,Archidendron turgidum,大叶合欢,,,,,,,no_image
73288,Archamia bleekeri,布氏长鳍天竺鲷,,,,,,,no_image
23263,Archips crataeganus,,,,,,,,no_image
5466,Arcopagia pudia,皮德阿樱蛤,,,,,,,no_image
23285,Archips seminubilis,柑橘黄卷蛾,,,,,,,no_image
4605,Arcotheres sinensis,中华蚶豆蟹,,,,,,,no_image
982,Arctonoella sinagawaensis,品川阿鳞虫,,,,,,,no_image
86242,Arcuatopterus thalictrioideus,唐松叶弓翅芹,,,,,,,no_image
16581,Arctosa amylaceoides,阿米熊蛛,,,,,,,no_image
16307,Arctosa schensiensis,陕西熊蛛,,,,,,,no_image
86264,Ardisia dasyrhizomatica,粗茎紫金牛,,,,,,,no_image
86244,Ardisia affinis,细罗伞,,,,,,,no_image
86285,Ardisia medogensis,墨脱紫金牛,,,,,,,no_image
86307,Ardisia retroflexa,弯梗紫金牛,,,,,,,no_image
86336,Arenga westerhoutii,桄榔,,,,,,,no_image
144498,Arecophila coronata,,,,,,,,no_image
86390,Argostemma saxatile,岩雪花,,,,,,,no_image
86417,Argyreia pierreana,东京银背藤,,,,,,,no_image
23364,Argyra sinensis,中华银长足虻,,,,,,,no_image
86344,Argentina contigua,高山蕨麻,,,,,,,no_image
10897,Argiope bruennichi,横纹金蛛,,,,,,,no_image
86372,Argentina smithiana,齿萼蕨麻,,,,,,,no_image
13612,Argyroneta aquatica,水蛛,,,,,,,no_image
23408,Arhopalus cavatus,,,,,,,,no_image
23380,Argyrotaenia angustilineata,茨坪卷蛾,,,,,,,no_image
23443,Aridelus ussuriensis,乌蝽茧蜂,,,,,,,no_image
86431,Arisaema bannaense,版纳南星,,,,,,,no_image
23423,Aricia artaxerxes,白斑爱灰蝶,,,,,,,no_image
86473,Arisaema lackneri,勐海南星,,,,,,,no_image
86451,Arisaema erubescens,一把伞南星,,,,,,,no_image
86515,Arisaema tengtsungense,腾冲南星,,,,,,,no_image
86493,Arisaema peninsulae,细齿南星,,,,,,,no_image
86529,Aristida alpina,高原三芒草,,,,,,,no_image
86555,Aristolochia pulvinata,垫状花关木通,,,,,,,no_image
23477,Armigeres seticoxitus,毛抱阿蚊,,,,,,,no_image
23458,Aristocypha fenestrella,黄脊圣鼻蟌,,,,,,,no_image
143786,Armatella katumotoi,,,,,,,,no_image
147693,Armillaria ostoyae,,,,,,,,no_image
23489,Aromia moschata,,,,,,,,no_image
148389,Arrhenia cupularis,,,,,,,,no_image
86574,Arnebia szechenyi,疏花软紫草,,,,,,,no_image
86583,Artabotrys hexapetalus,鹰爪花,,,,,,,no_image
86604,Artemisia argyrophylla,银叶蒿,,,,,,,no_image
86663,Artemisia erlangshanensis,二郎山蒿,,,,,,,no_image
86626,Artemisia caruifolia,青蒿,,,,,,,no_image
86718,Artemisia kuschakewiczii,掌裂蒿,,,,,,,no_image
86771,Artemisia oligocarpa,高山艾,,,,,,,no_image
86694,Artemisia gyitangensis,吉塘蒿,,,,,,,no_image
86745,Artemisia minor,垫型蒿,,,,,,,no_image
86796,Artemisia qinlingensis,秦岭蒿,,,,,,,no_image
86853,Artemisia tangutica,甘青蒿,,,,,,,no_image
86881,Artemisia wudanica,乌丹蒿,,,,,,,no_image
86825,Artemisia sieversiana,大籽蒿,,,,,,,no_image
142242,Arthrinium luzulae,,,,,,,,no_image
23513,Artimpaza metallica,,,,,,,,no_image
139478,Arthrobotrys nonseptata,,,,,,,,no_image
131547,Arthonia clemens,静斑衣,,,,,,,no_image
86931,Artocarpus styracifolius,二色波罗蜜,,,,,,,no_image
134214,Arthopyrenia cinereopruinosa,,,,,,,,no_image
86912,Arthromeris notholaenoides,隐囊蕨状节肢蕨,,,,,,,no_image
73367,Arvicola amphibius,水䶄,,,,,,,no_image
86944,Arundinella fluviatilis,溪边野古草,,,,,,,no_image
86976,Asarum chengkouense,城口细辛,,,,,,,no_image
23540,Asaphes oculi,大眼脊柄金小蜂,,,,,,,no_image
23571,Asceloctella calicifera,丽杯麻蝇,,,,,,,no_image
23551,Ascalaphus dicax,迪蝶角蛉,,,,,,,no_image
86997,Asarum magnificum,祁阳细辛,,,,,,,no_image
139605,Ascobolus furfuraceus,,,,,,,,no_image
139585,Ascobolus aerugineus,,,,,,,,no_image
139625,Ascobolus marginatus,,,,,,,,no_image
133493,Ascochyta bupleuri,,,,,,,,no_image
139645,Ascobolus winteri,,,,,,,,no_image
133513,Ascochyta fagopyri,,,,,,,,no_image
133533,Ascochyta maackiae,,,,,,,,no_image
133553,Ascochyta polygoni,,,,,,,,no_image
133573,Ascochyta staticis,,,,,,,,no_image
139399,Ascophanus glaucellus,,,,,,,,no_image
139675,Ascodesmis microscopica,微瓶束盘菌,,,,,,,no_image
23584,Asemum punctulatum,,,,,,,,no_image
142472,Ascotaiwania wulai,,,,,,,,no_image
23617,Asidoblaps berezowskii,贝里亚琵甲,,,,,,,no_image
1608,Ashtoret granulosa,颗粒月神蟹,,,,,,,no_image
23606,Asiagomphus somnolens,卧佛亚春蜓,,,,,,,no_image
73378,Asio otus,长耳鸮,,,,,,,no_image
87030,Askellia pseudonaniformis,长苞假苦菜,,,,,,,no_image
23637,Asidoblaps ignorata,红色亚琵甲,,,,,,,no_image
87036,Asparagus breslerianus,西北天门冬,,,,,,,no_image
23657,Asidoblaps reperta,川北亚琵甲,,,,,,,no_image
4269,Asperdaphne peradmirabilis,条纹糙桂螺,,,,,,,no_image
87056,Asparagus schoberioides,龙须菜,,,,,,,no_image
134337,Aspergillus clavatonanica,,,,,,,,no_image
134357,Aspergillus fumigatiaffinis,,,,,,,,no_image
134417,Aspergillus zhaoqingensis,,,,,,,,no_image
137361,Aspicilia cupreoglauca,铜绿平茶渍,,,,,,,no_image
134397,Aspergillus sclerotiorum,,,,,,,,no_image
134377,Aspergillus nidulans,,,,,,,,no_image
87074,Aspidistra arnautovii,海防蜘蛛抱蛋,,,,,,,no_image
87096,Aspidistra connata,合瓣蜘蛛抱蛋,,,,,,,no_image
137381,Aspicilia schisticola,片岩平茶渍,,,,,,,no_image
87138,Aspidistra lianhuatanensis,莲花滩蜘蛛抱蛋,,,,,,,no_image
87178,Aspidistra patentiloba,柳江蜘蛛抱蛋,,,,,,,no_image
87158,Aspidistra lurida,九龙盘,,,,,,,no_image
87221,Aspidistra yizhouensis,宜州蜘蛛抱蛋,,,,,,,no_image
5739,Aspidophiura forbesi,福氏盾蛇尾,,,,,,,no_image
87118,Aspidistra fasciaria,带叶蜘蛛抱蛋,,,,,,,no_image
87198,Aspidistra shiwandashanensis,十万山蜘蛛抱蛋,,,,,,,no_image
87261,Asplenium ceterach,药蕨,,,,,,,no_image
87282,Asplenium gueinzianum,撕裂铁角蕨,,,,,,,no_image
18549,Asplanchna intermedia,中型晶囊轮虫,,,,,,,no_image
87348,Asplenium trichomanes,铁角蕨,,,,,,,no_image
87325,Asplenium qiujiangense,独龙江苍山蕨,,,,,,,no_image
23725,Astegopteryx basalis,基舞蚜,,,,,,,no_image
87303,Asplenium maguanense,马关铁角蕨,,,,,,,no_image
87392,Aster barbellatus,髯毛紫菀,,,,,,,no_image
23745,Asteia taeniata,带茎寡脉蝇,,,,,,,no_image
23768,Astenus rufobrunneus,,,,,,,,no_image
87414,Aster farreri,狭苞紫菀,,,,,,,no_image
87442,Aster itsunboshi,大埔紫菀,,,,,,,no_image
87464,Aster menelii,黔中紫菀,,,,,,,no_image
87506,Aster sinianus,岳麓紫菀,,,,,,,no_image
87528,Aster tsarungensis,察瓦龙紫菀,,,,,,,no_image
87552,Asterella saccata,囊苞花萼苔,,,,,,,no_image
131665,Asterina artabotrydis,,,,,,,,no_image
87484,Aster prainii,厚棉紫菀,,,,,,,no_image
143872,Asteridiella rosae,,,,,,,,no_image
143852,Asteridiella hydrangeae,,,,,,,,no_image
131684,Asterina dallasica,,,,,,,,no_image
131704,Asterina hainanensis,,,,,,,,no_image
143832,Asteridiella confragosa,,,,,,,,no_image
131743,Asterina nodosa,,,,,,,,no_image
6627,Asteropus simplex,简易星壳海绵,,,,,,,no_image
23788,Asterodiaspis multipora,麻栎斑链蚧,,,,,,,no_image
131723,Asterina lobulifera,,,,,,,,no_image
87568,Astilbe macrocarpa,大果落新妇,,,,,,,no_image
131761,Asterina theae,,,,,,,,no_image
23816,Astochia virgatipes,肿宽跗食虫虻,,,,,,,no_image
23796,Asthena albosignata,麻白尺蛾,,,,,,,no_image
87591,Astragalus andaulgensis,安道黄芪,,,,,,,no_image
87635,Astragalus candidissimus,亮白黄芪,,,,,,,no_image
87613,Astragalus baxoiensis,八宿黄芪,,,,,,,no_image
87655,Astragalus commixtus,混合黄芪,,,,,,,no_image
87756,Astragalus havianus,华山黄芪,,,,,,,no_image
87681,Astragalus degensis,窄翼黄芪,,,,,,,no_image
87732,Astragalus golmunensis,格尔木黄芪,,,,,,,no_image
87710,Astragalus efoliolatus,单叶黄芪,,,,,,,no_image
87781,Astragalus jiuquanensis,酒泉黄芪,,,,,,,no_image
87823,Astragalus licentianus,甘肃黄芪,,,,,,,no_image
87848,Astragalus majevskianus,富蕴黄芪,,,,,,,no_image
87802,Astragalus lamalaensis,拉木拉黄芪,,,,,,,no_image
87895,Astragalus nigrodentatus,黑齿黄芪,,,,,,,no_image
87875,Astragalus monbeigii,异长齿黄芪,,,,,,,no_image
87915,Astragalus oxyglottis,尖舌黄芪,,,,,,,no_image
87936,Astragalus polyceras,多角黄芪,,,,,,,no_image
87985,Astragalus scleropodius,硬柄黄芪,,,,,,,no_image
87960,Astragalus purpurinus,淡紫花黄芪,,,,,,,no_image
88005,Astragalus stalinskyi,矮型黄芪,,,,,,,no_image
88030,Astragalus tecti-mundi,屋脊黄芪,,,,,,,no_image
88057,Astragalus uliginosus,湿地黄芪,,,,,,,no_image
88077,Astragalus wulumuqianus,乌市黄芪,,,,,,,no_image
88099,Astragalus zangdongensis,藏东黄芪,,,,,,,no_image
5414,Astroglymna sculptum,刻腕蔓蛇尾,,,,,,,no_image
133348,Astrosphaeriella lageniformis,,,,,,,,no_image
23826,Asura conjunctana,连纹艳苔蛾,,,,,,,no_image
23847,Asura speciosa,奇艳苔蛾,,,,,,,no_image
23867,Asyndetus latifrons,宽额隐脉长足虻,,,,,,,no_image
88117,Atalantia buxifolia,酒饼簕,,,,,,,no_image
73403,Ateleopus tanabensis,田边辫鱼,,,,,,,no_image
23891,Aterpia palliata,泸水小卷蛾,,,,,,,no_image
23903,Atherigona dorsovittata,条背芒蝇,,,,,,,no_image
148786,Athelia decipiens,相似阿泰菌,,,,,,,no_image
23923,Atherigona oryzae,稻芒蝇,,,,,,,no_image
73416,Atherion elymus,糙头细银汉鱼,,,,,,,no_image
23958,Atheta apicalis,,,,,,,,no_image
24019,Atheta guanxianensis,,,,,,,,no_image
23978,Atheta dadopora,,,,,,,,no_image
23998,Atheta falciferides,,,,,,,,no_image
24099,Atheta nigritula,,,,,,,,no_image
24119,Atheta perindistincta,,,,,,,,no_image
24079,Atheta megatheca,,,,,,,,no_image
24139,Atheta reitteriana,,,,,,,,no_image
24059,Atheta latifalcifera,,,,,,,,no_image
24039,Atheta inquinuloides,,,,,,,,no_image
24201,Atheta subpunctata,,,,,,,,no_image
24179,Atheta sinopusilla,,,,,,,,no_image
24221,Atheta tibetapicalis,,,,,,,,no_image
24159,Atheta serraculter,,,,,,,,no_image
24261,Athetis lineosa,线委夜蛾,,,,,,,no_image
24241,Atheta yokkaichiana,,,,,,,,no_image
88148,Athyrium caudiforme,长尾蹄盖蕨,,,,,,,no_image
24281,Athrycia curvinervis,曲脉短芒寄蝇,,,,,,,no_image
24324,Athymoris paramecola,长貂祝蛾,,,,,,,no_image
88172,Athyrium devolii,湿生蹄盖蕨,,,,,,,no_image
88222,Athyrium minimum,小蹄盖蕨,,,,,,,no_image
88195,Athyrium himalaicum,中锡蹄盖蕨,,,,,,,no_image
88246,Athyrium rubripes,黑龙江蹄盖蕨,,,,,,,no_image
88266,Athyrium vidalii,尖头蹄盖蕨,,,,,,,no_image
24352,Atkinsoniella biundulata,波缘条大叶蝉,,,,,,,no_image
24332,Athyrsomima stackelbergi,乌苏里开麻蝇,,,,,,,no_image
24412,Atkinsoniella thalia,隐纹条大叶蝉,,,,,,,no_image
24392,Atkinsoniella multiseta,多毛条大叶蝉，新种,,,,,,,no_image
24372,Atkinsoniella goosenecka,鹅头条大叶蝉，新种,,,,,,,no_image
24432,Atlanticus brevicaudus,短瓣寰螽,,,,,,,no_image
24488,Atopolinus tona,,,,,,,,no_image
24468,Atopolinus puetzi,,,,,,,,no_image
24448,Atopolinus dayianus,,,,,,,,no_image
24505,Atractomorpha melanostriga,黑纹负蝗,,,,,,,no_image
88298,Atraphaxis manshurica,东北木蓼,,,,,,,no_image
24527,Atrichopogon brenthus,布伦裸蠓,,,,,,,no_image
24547,Atrichopogon fusculus,棕色裸蠓,,,,,,,no_image
24567,Atrichopogon ludingensis,泸定裸蠓,,,,,,,no_image
24587,Atrichopogon pruinosus,霜蕊裸蠓,,,,,,,no_image
73419,Atrilinea macrops,大眼黑线&#x0000E070;,,,,,,,no_image
24607,Atrichopogon tuberculatus,结节裸蠓,,,,,,,no_image
88329,Atriplex sagittiformis,箭苞滨藜,,,,,,,no_image
24631,Atrophaneura horishana,曙凤蝶,,,,,,,no_image
12892,Attulus penicillatus,笔状艾图蛛,,,,,,,no_image
24656,Atylotus sinensis,中华黄虻,,,,,,,no_image
88355,Aucuba japonica,青木,,,,,,,no_image
6764,Aulacolambrus diacanthus,双刺凹唇紧握蟹,,,,,,,no_image
24667,Atypophthalmus umbratus,伞平行大蚊,,,,,,,no_image
24669,Aucha pronans,黑褐灿夜蛾,,,,,,,no_image
88377,Audouinella ryukyuensis,琉球旋体藻,,,,,,,no_image
24718,Aulexis ventralis,黑腹齿胸肖叶甲,,,,,,,no_image
148887,Aureoboletus cramesinus,红盖金牛肝菌,,,,,,,no_image
24700,Aulacosternus zelandicus,完额阎甲,,,,,,,no_image
148830,Auricularia polytricha,毛木耳,,,,,,,no_image
15644,Australobius apicicornis,白环石蜈蚣,,,,,,,no_image
24734,Austroclimaciella habutsuella,褐缘澳蜂螳蛉,,,,,,,no_image
135826,Austroparmelina subtiliacea,亚椴自梅,,,,,,,no_image
24767,Autalia smetanai,,,,,,,,no_image
24772,Autophila inconspicua,隐隘夜蛾,,,,,,,no_image
88405,Avrainvillea amadelpha,群栖绒扇藻,,,,,,,no_image
88397,Avena nuda,裸燕麦,,,,,,,no_image
73452,Aythya collaris,环颈潜鸭,,,,,,,no_image
24810,Axiologarthra nobilis,,,,,,,,no_image
136498,Bacidia heterochroa,杂绿杆孢衣,,,,,,,no_image
24844,Bacchisa fortunei,,,,,,,,no_image
24857,Bactra minima,莎草尖翅小卷蛾,,,,,,,no_image
73460,Azemiops kharini,白头蝰,,,,,,,no_image
24875,Bactrocera depressa,南瓜果实蝇,,,,,,,no_image
24896,Bactrocera jinreni,近仁华实蝇,,,,,,,no_image
17465,Babelomurex gemmatus,花蕾塔肩棘螺,,,,,,,no_image
17344,Babelomurex tosanus,土佐塔肩棘螺,,,,,,,no_image
24916,Bactrocera pictipennis,斑翅果实蝇,,,,,,,no_image
24949,Baculonistria chinensis,中华短肛佛䗛,,,,,,,no_image
24967,Baeocera huashana,,,,,,,,no_image
24994,Baeoura consona,协燥大蚊,,,,,,,no_image
24936,Bactrocera trilineata,三条果实蝇,,,,,,,no_image
88439,Balanophora abbreviata,短穗蛇菰,,,,,,,no_image
88436,Baimashania pulvinata,白马芥,,,,,,,no_image
88460,Balanophora xinfeniae,信芬蛇菰,,,,,,,no_image
24987,Baeocharis pascuorum,巴库小雅跳小蜂,,,,,,,no_image
6437,Balanus trigonus,三角藤壶,,,,,,,no_image
25025,Balsa malana,洼夜蛾,,,,,,,no_image
73479,Balitora longibarbata,长须爬鳅,,,,,,,no_image
88477,Bambusa bicicatricata,孟竹,,,,,,,no_image
25040,Bambusaspis bambusicola,日竹斑链蚧,,,,,,,no_image
88534,Bambusa odashimae,乌脚绿竹,,,,,,,no_image
88504,Bambusa funghomii,鸡窦簕竹,,,,,,,no_image
88559,Bambusa sinospinosa,车筒竹,,,,,,,no_image
25057,Bambusiphaga citricolorata,橘色竹飞虱,,,,,,,no_image
15305,Bannana crassispina,厚毛版蛛,,,,,,,no_image
16917,Bandona bonienensis,笠斑盲蛛,,,,,,,no_image
25075,Banisia astro,二星网蛾,,,,,,,no_image
2239,Barbatia matsumotoi,色须蚶,,,,,,,no_image
25095,Baralipton maculosum,,,,,,,,no_image
88630,Barleria integrisepala,全缘萼假杜鹃,,,,,,,no_image
141037,Bartalinia dracaenae,,,,,,,,no_image
25116,Basilepta convexa,隆凸角胸肖叶甲,,,,,,,no_image
88619,Barbula javanica,爪哇石灰藓,,,,,,,no_image
88602,Barbellopsis trichophora,拟悬藓,,,,,,,no_image
88647,Basella alba,落葵,,,,,,,no_image
73529,Barilius pulchellus,丽色低线&#x0000E073;,,,,,,,no_image
25156,Basilepta plagiosa,横斑角胸肖叶甲,,,,,,,no_image
25197,Basiprionota tibetana,六星狭锯龟甲,,,,,,,no_image
25136,Basilepta incerta,长角角胸肖叶甲,,,,,,,no_image
25176,Basilepta weixiensis,维西角胸肖叶甲,,,,,,,no_image
25235,Bassus ussuriensis,乌苏里闭腔茧蜂,,,,,,,no_image
25215,Bassus glycinivorellae,豆食心虫闭腔茧蜂,,,,,,,no_image
73534,Bassozetus compressus,扁索深鼬鳚,,,,,,,no_image
73566,Bathygobius laddi,莱氏深鰕虎,,,,,,,no_image
73546,Bathycongrus albimarginatus,白边深海康吉鳗,,,,,,,no_image
25248,Batocera numitor,,,,,,,,no_image
4131,Bathysquilla crassispinosa,粗刺深虾蛄,,,,,,,no_image
14426,Bathyphantes eumenis,穴居指蛛,,,,,,,no_image
73595,Batrachuperus yenyuanensis,盐源山溪鲵,,,,,,,no_image
25277,Batricavus abdominalis,,,,,,,,no_image
25317,Batrisodes zethus,,,,,,,,no_image
25321,Baumhaueria goniaeformis,毛虫抱寄蝇,,,,,,,no_image
25297,Batrisocenus cicatricosus,,,,,,,,no_image
88686,Bazzania bilobata,二瓣鞭苔,,,,,,,no_image
141757,Beauveria amorpha,,,,,,,,no_image
25337,Bedelia kokanica,中亚似沟顶肖叶甲,,,,,,,no_image
88706,Bazzania serrulatioides,齿叶鞭苔,,,,,,,no_image
3336,Beania spinigera,多刺格苔虫,,,,,,,no_image
88750,Begonia augustinei,歪叶秋海棠,,,,,,,no_image
88833,Begonia giganticaulis,巨型秋海棠,,,,,,,no_image
88790,Begonia dalaiensis,聚花秋海棠,,,,,,,no_image
88770,Begonia cavaleriei,西南秋海棠,,,,,,,no_image
88810,Begonia erythrofolia,红背秋海棠,,,,,,,no_image
88864,Begonia howii,侯氏秋海棠,,,,,,,no_image
88884,Begonia lithophila,石生秋海棠,,,,,,,no_image
88904,Begonia markiana,马克氏秋海棠,,,,,,,no_image
88928,Begonia ornithopedata,鸟足叶秋海棠,,,,,,,no_image
88954,Begonia porteri,罗甸秋海棠,,,,,,,no_image
88974,Begonia rex,大王秋海棠,,,,,,,no_image
89015,Begonia tetralobata,四裂秋海棠,,,,,,,no_image
88994,Begonia shunzhii,顺志秋海棠,,,,,,,no_image
89035,Begonia yizhouensis,宜州秋海棠,,,,,,,no_image
89076,Beilschmiedia purpurascens,紫叶琼楠,,,,,,,no_image
8892,Belba sellnicki,塞氏珠足甲螨,,,,,,,no_image
89052,Beilschmiedia furfuracea,糠秕琼楠,,,,,,,no_image
15143,Belisana maoer,猫耳贝尔蛛,,,,,,,no_image
15172,Belisana colubrina,蛇形贝尔蛛,,,,,,,no_image
25377,Bellatheta tibetana,,,,,,,,no_image
89093,Bellis perennis,雏菊,,,,,,,no_image
25357,Bellardia nartshukae,直钩陪丽蝇,,,,,,,no_image
15142,Belisana yadongensis,亚东贝尔蛛,,,,,,,no_image
25395,Belonuchus puncticulus,,,,,,,,no_image
73620,Bembrops platyrhynchus,扁吻鲬状鱼,,,,,,,no_image
25415,Bengalia mandarina,广东孟蝇,,,,,,,no_image
152728,Bensingtonia pseudonaganoensis,,,,,,,,no_image
89109,Berberis acuminata,渐尖小檗,,,,,,,no_image
89129,Berberis beijingensis,北京小檗,,,,,,,no_image
89224,Berberis insolita,西昌小檗,,,,,,,no_image
89153,Berberis contracta,德钦小檗,,,,,,,no_image
89175,Berberis dumicola,丛林小檗,,,,,,,no_image
89288,Berberis parisepala,等萼小檗,,,,,,,no_image
89203,Berberis guizhouensis,毕节小檗,,,,,,,no_image
89246,Berberis kunmingensis,昆明小檗,,,,,,,no_image
89266,Berberis microtrich,小毛小檗,,,,,,,no_image
89310,Berberis racemulosa,短序小檗,,,,,,,no_image
89333,Berberis subholophylla,近缘叶小檗,,,,,,,no_image
89375,Berberis xanthophlaea,黄皮小檗,,,,,,,no_image
89353,Berberis valida,宁远小檗,,,,,,,no_image
89428,Bergenia stracheyi,短柄岩白菜,,,,,,,no_image
25464,Bertsa major,大隆胸盲蝽,,,,,,,no_image
25440,Beris potanini,平头柱角水虻,,,,,,,no_image
89395,Berchemia formosana,台湾勾儿茶,,,,,,,no_image
89433,Berneuxia thibetica,岩匙,,,,,,,no_image
25476,Besaia atrilinea,黑线篦舟蛾,,,,,,,no_image
25498,Besaia neglecta,忽篦舟蛾,,,,,,,no_image
89437,Beta vulgaris,甜菜,,,,,,,no_image
89470,Betula gynoterminalis,贡山桦,,,,,,,no_image
25539,Betashachia senescens,昏舟蛾,,,,,,,no_image
89499,Betula sunanensis,肃南桦,,,,,,,no_image
25555,Bezzia bucina,喇叭贝蠓,,,,,,,no_image
25575,Bezzia medusa,水母贝蠓,,,,,,,no_image
25616,Bhatiahamus flabellatus,扇茎肛突叶蝉,,,,,,,no_image
25659,Bibio echinulatus,尖裂毛蚊,,,,,,,no_image
25595,Bezzia xinyangensis,信阳贝蠓,,,,,,,no_image
25637,Bibasis oedipodea,黑斑伞弄蝶,,,,,,,no_image
89509,Biancaea decapetala,云实,,,,,,,no_image
25700,Bibio subrotundus,环凹毛蚊,,,,,,,no_image
25679,Bibio jinggangensis,井岗毛蚊,,,,,,,no_image
89517,Bidens leptophylla,薄叶鬼针草,,,,,,,no_image
1659,Biflustra bartschi,巴氏别藻苔虫,,,,,,,no_image
25728,Billaea micronychia,小爪篦寄蝇,,,,,,,no_image
19396,Bionychiurus changbaiensis,,,,,,,,no_image
89538,Biondia microcentra,祛风藤,,,,,,,no_image
14394,Bifurcia songi,宋氏叉蛛,,,,,,,no_image
142500,Biporisporites rotundus,,,,,,,,no_image
134023,Bipolaris gossypina,棉平脐蠕孢,,,,,,,no_image
89549,Bischofia polycarpa,重阳木,,,,,,,no_image
25761,Bireta opis,钩角瓣舟蛾,,,,,,,no_image
15584,Bisetocreagris scaurum,弯足双毛肉伪蝎,,,,,,,no_image
25802,Blaesoxipha formosana,台湾折麻蝇,,,,,,,no_image
89563,Bistorta honanensis,河南蓼,,,,,,,no_image
25789,Bisnius sordidus,,,,,,,,no_image
25886,Blaps pilosa,多毛琵甲,,,,,,,no_image
25794,Bithia modesta,谦比西寄蝇,,,,,,,no_image
25841,Blaps conicum,措那琵甲，新种,,,,,,,no_image
25865,Blaps holcus,凹缘琵甲，新种,,,,,,,no_image
25917,Blasticorhinus rivulosa,锉夜蛾,,,,,,,no_image
25908,Blaps umbilicata,脐点琵甲,,,,,,,no_image
155879,Blakeslea monospora,,,,,,,,no_image
89601,Blechnopsis orientalis,乌毛蕨,,,,,,,no_image
25949,Bledius kosempoensis,,,,,,,,no_image
26002,Blepharidopterus diaphanus,绿背毛翅盲蝽,,,,,,,no_image
25982,Blepephaeus variegatus,,,,,,,,no_image
25925,Blastothrix mys,,,,,,,,no_image
26020,Blepharita adusta,焦毛眼夜蛾,,,,,,,no_image
25967,Blenina senex,柿癣皮夜蛾,,,,,,,no_image
137794,Bloxamia nilagirica,,,,,,,,no_image
26054,Blera nitens,亮斑短毛蚜蝇,,,,,,,no_image
26036,Blepharosis dianthoecina,润睫冬夜蛾,,,,,,,no_image
73650,Blythipicus pyrrhotis,黄嘴栗啄木鸟,,,,,,,no_image
89641,Blumea membranacea,长柄艾纳香,,,,,,,no_image
73660,Bodianus izuensis,伊津普提鱼,,,,,,,no_image
89673,Boehmeria dolichostachya,长序苎麻,,,,,,,no_image
89704,Boehmeria tomentosa,密毛苎麻,,,,,,,no_image
73671,Boiga cyanea,绿林蛇,,,,,,,no_image
89725,Boesenbergia albomaculata,白斑凹唇姜,,,,,,,no_image
89747,Bolbitis lianhuachihensis,莲华池实蕨,,,,,,,no_image
145578,Bolbitius yunnanensis,滇粪锈伞,,,,,,,no_image
148907,Boletellus floriformis,花状条孢牛肝菌,,,,,,,no_image
148935,Boletochaete spinifera,毛刺牛肝菌,,,,,,,no_image
149395,Boletinellus merulioides,褶孔牛肝菌,,,,,,,no_image
148927,Boletellus umbrinellus,赭色条孢牛肝菌,,,,,,,no_image
148972,Boletus cutifractus,皱盖牛肝菌,,,,,,,no_image
148952,Boletus borneensis,南亚牛肝菌,,,,,,,no_image
149032,Boletus nigromaculatus,黑斑牛肝菌,,,,,,,no_image
148992,Boletus fulvus,,,,,,,,no_image
149012,Boletus latisporus,阔孢牛肝菌,,,,,,,no_image
149092,Boletus sinapicolor,芥黄牛肝菌,,,,,,,no_image
149052,Boletus projectellus,缘膜盖牛肝菌,,,,,,,no_image
26097,Bolitogyrus elegantulus,,,,,,,,no_image
149072,Boletus retisporus,,,,,,,,no_image
149112,Boletus sylvestris,林牛肝菌,,,,,,,no_image
149132,Boletus virens,,,,,,,,no_image
14382,Bolyphantes luteolus,土黄齿刺蛛,,,,,,,no_image
26117,Bolitophila taihybrida,台湾柄菌蚊,,,,,,,no_image
26138,Bombylius ambustus,庵埠蜂虻,,,,,,,no_image
16892,Bonea zhui,朱氏骨刺盲蛛,,,,,,,no_image
89787,Borago officinalis,玻璃苣,,,,,,,no_image
26158,Bombylius vitellinus,黄领蜂虻,,,,,,,no_image
26184,Boreoheptagyia xinglongiensis,兴隆北七角摇蚊,,,,,,,no_image
26193,Borophaga tibialis,裸胫粪蚤蝇,,,,,,,no_image
26198,Botanophila alatavensis,天山植种蝇,,,,,,,no_image
26238,Botanophila dolichocerca,长叉植种蝇,,,,,,,no_image
26218,Botanophila changbaishanensis,长白山植种蝇,,,,,,,no_image
26258,Botanophila kanmiyai,神宫植种蝇,,,,,,,no_image
26278,Botanophila monacensis,摩纳植种蝇,,,,,,,no_image
26298,Botanophila platysurstyla,宽叶植种蝇,,,,,,,no_image
89806,Bothriospermum chinense,斑种草,,,,,,,no_image
26318,Botanophila spinisternata,棘腹植种蝇,,,,,,,no_image
26338,Botanophila trinivittata,三条植种蝇,,,,,,,no_image
26364,Bothrogonia fuquana,泉凹大叶蝉,,,,,,,no_image
26390,Bothynotus brevicornis,短角沟盲蝽,,,,,,,no_image
26384,Bothrogonia striata,条斑凹大叶蝉,,,,,,,no_image
142502,Botryodiplodia acerina,,,,,,,,no_image
149646,Botryobasidium candicans,白色串担革菌,,,,,,,no_image
138903,Botryotinia ranunculi,毛茛葡萄孢盘菌,,,,,,,no_image
7425,Bougainvillia fulva,褐鲍螅水母,,,,,,,no_image
138922,Botrytis sinoallii,中国葱葡萄孢,,,,,,,no_image
73722,Boulenophrys brachykolos,短肢角蟾,,,,,,,no_image
73762,Boulenophrys nanlingensis,南岭角蟾,,,,,,,no_image
73742,Boulenophrys huangshanensis,黄山角蟾,,,,,,,no_image
73782,Boulenophrys wushanensis,巫山角蟾,,,,,,,no_image
89826,Bousigonia angustifolia,闷奶果,,,,,,,no_image
145135,Bovistella longipedicellata,长 柄 静 灰 球 菌,,,,,,,no_image
89838,Brachiaria fusiformis,细毛臂形草,,,,,,,no_image
5308,Brachidontes setiger,刻缘短齿蛤,,,,,,,no_image
89851,Brachycorythis galeandra,短距苞叶兰,,,,,,,no_image
18597,Brachionus plicatilis,褶皱臂尾轮虫,,,,,,,no_image
17297,Brachylaima arcuatus,弓形短咽吸虫,,,,,,,no_image
89866,Brachymenium nepalense,短月藓,,,,,,,no_image
73801,Brachypleura novaezeelandiae,新西兰短鲽,,,,,,,no_image
26463,Brachypogon lobulus,裂茎短蠓,,,,,,,no_image
89883,Brachythecium bodinieri,贵州青藓,,,,,,,no_image
26518,Bradinopyga geminata,赭岩蜻,,,,,,,no_image
89903,Brachythecium noguchii,野口青藓,,,,,,,no_image
89923,Brachythecium sinense,厚边藓,,,,,,,no_image
89879,Brachystemma ovatifolium,卵叶短瓣花,,,,,,,no_image
89876,Brachypterum eriocarpum,毛果短翅鱼藤,,,,,,,no_image
26494,Brachyserphus tianmushanensis,天目山短细蜂,,,,,,,no_image
26541,Bradysia congata,聚刺迟眼蕈蚊,,,,,,,no_image
26521,Bradysia auriculariae,木耳迟眼蕈蚊,,,,,,,no_image
26561,Bradysia geminispina,孪刺迟眼蕈蚊,,,,,,,no_image
26581,Bradysia longicolla,长颈迟眼蕈蚊,,,,,,,no_image
26641,Bradysia wui,吴氏迟眼蕈蚊,,,,,,,no_image
26621,Bradysia silvosa,林茂迟眼蕈蚊,,,,,,,no_image
26601,Bradysia pallespina,淡刺迟眼蕈蚊,,,,,,,no_image
73834,Branchiostoma belcheri,白氏文昌鱼,,,,,,,no_image
89971,Brassaiopsis stellata,星毛掌叶树,,,,,,,no_image
89951,Brassaiopsis angustifolia,狭叶罗伞,,,,,,,no_image
90020,Bredia fordii,叶底红,,,,,,,no_image
90001,Braya humilis,蚓果芥,,,,,,,no_image
73845,Bregmaceros arabicus,阿拉伯犀鳕,,,,,,,no_image
9919,Brevipalpus potentillae,,,,,,,,no_image
90047,Breutelia dicranacea,仰叶热泽藓,,,,,,,no_image
90104,Bromus pseudoramosus,假枝雀麦,,,,,,,no_image
26681,Brinckochrysa guiana,桂边草蛉,,,,,,,no_image
10671,Briareum marquesarum,马岛强壮柳珊瑚,,,,,,,no_image
13571,Brommella sejuncta,分离布朗蛛,,,,,,,no_image
26698,Brithura shii,石氏尖头大蚊,,,,,,,no_image
90084,Bromus grossus,粗雀麦,,,,,,,no_image
90136,Brotherella henonii,南方小锦藓,,,,,,,no_image
90128,Bromus variegatus,变色雀麦,,,,,,,no_image
26747,Bryaxis sichuanus,,,,,,,,no_image
26727,Bryaxis emeicus,,,,,,,,no_image
26715,Brunettia lungjingensis,龙井黑蛾蠓,,,,,,,no_image
9521,Bryobia graminum,,,,,,,,no_image
26759,Bryocoris concavus,凹背蕨盲蝽,,,,,,,no_image
26778,Bryodema gansuensis,甘肃痂蝗,,,,,,,no_image
90172,Bryoerythrophyllum hostile,异叶红叶藓,,,,,,,no_image
26814,Bryophaenocladius subparallelus,亚平行苔摇蚊,,,,,,,no_image
135830,Bryoria bicolor,双色小孢发,,,,,,,no_image
90207,Bryum blindii,卵蒴真藓,,,,,,,no_image
135850,Bryoria trichodes,,,,,,,,no_image
90227,Bryum marratii,马氏真藓,,,,,,,no_image
90253,Bryum uliginosum,垂蒴真藓,,,,,,,no_image
17127,Bucephalopsis ozakii,尾崎似牛首吸虫,,,,,,,no_image
90295,Buddleja microstachya,密穗醉鱼草,,,,,,,no_image
90255,Buchanania arborescens,山檨子,,,,,,,no_image
90273,Buddleja alata,翅枝醉鱼草,,,,,,,no_image
135193,Buellia vernicoma,漆毛黑瘤衣,,,,,,,no_image
135173,Buellia himalayensis,喜马拉雅黑瘤衣,,,,,,,no_image
73898,Bufoceratias thele,后棘蟾鮟鱇,,,,,,,no_image
90336,Bulbophyllum didymotropis,拟泰国卷瓣兰,,,,,,,no_image
847,Bugula robusta,粗壮草苔虫,,,,,,,no_image
90316,Bulbophyllum bittnerianum,团花石豆兰,,,,,,,no_image
90417,Bulbophyllum rolfei,高山卷瓣兰,,,,,,,no_image
90356,Bulbophyllum hamatum,锚齿卷瓣兰,,,,,,,no_image
90397,Bulbophyllum otoglossum,德钦石豆兰,,,,,,,no_image
90377,Bulbophyllum levinei,齿瓣石豆兰,,,,,,,no_image
90437,Bulbophyllum taiwanense,台湾卷瓣兰,,,,,,,no_image
90457,Bulbophyllum yingjiangense,盈江卷瓣兰,,,,,,,no_image
154647,Bullera derxii,,,,,,,,no_image
90487,Bupleurum dielsianum,太白柴胡,,,,,,,no_image
139095,Bulgaria similis,,,,,,,,no_image
73909,Bungarus suzhenae,素贞环蛇,,,,,,,no_image
26858,Buquetia musca,毛颜凤蝶寄蝇,,,,,,,no_image
90517,Bupleurum microcephalum,马尾柴胡,,,,,,,no_image
5807,Bunaster ritteri,俞氏石嵌海星,,,,,,,no_image
26876,Burmagomphus vermicularis,联纹缅春蜓,,,,,,,no_image
8619,Bursa cruentata,血斑蛙螺,,,,,,,no_image
73925,Buteo rufinus,棕尾鵟,,,,,,,no_image
90573,Buxus mollicula,软毛黄杨,,,,,,,no_image
6078,Byblis angustifrons,窄额沙钩虾,,,,,,,no_image
6032,Byblis pirloti,皮氏沙钩虾,,,,,,,no_image
26924,Cacoxenus academica,学园异果蝇,,,,,,,no_image
1808,Caberea sinensis,中国松苔虫,,,,,,,no_image
140396,Byssonectria aggregata,聚毡赤壳,,,,,,,no_image
90597,Caduciella mariei,尾枝藓,,,,,,,no_image
26942,Cafius nauticus,,,,,,,,no_image
90606,Cajanus niveus,白虫豆,,,,,,,no_image
73946,Calamaria septentrionalis,钝尾两头蛇,,,,,,,no_image
90636,Calamus macrorrhynchus,大喙省藤,,,,,,,no_image
90677,Calanthe henryi,疏花虾脊兰,,,,,,,no_image
90655,Calanthe arcuata,弧距虾脊兰,,,,,,,no_image
90699,Calanthe simplex,匙瓣虾脊兰,,,,,,,no_image
3772,Calappa bicornis,双角馒头蟹,,,,,,,no_image
5280,Calcinus lineapropodus,线足硬壳寄居蟹,,,,,,,no_image
4920,Calaxiopsis manningi,曼氏木阿蛄虾,,,,,,,no_image
10034,Calepitrimerus bungeanus,,,,,,,,no_image
26985,Caligula lindia,,,,,,,,no_image
10563,Calepitrimerus reticulatus,,,,,,,,no_image
135198,Calicium hyperelloides,腭粉衣,,,,,,,no_image
73962,Calidris bairdii,黑腰滨鹬,,,,,,,no_image
1687,Callianassa modesta,洁白美人虾,,,,,,,no_image
27012,Calisuspensus bidentatus,二齿环片飞虱,,,,,,,no_image
90729,Callerya dielsiana,香花鸡血藤,,,,,,,no_image
90836,Calliergonella lindbergii,弯叶大湿原藓,,,,,,,no_image
90816,Callicarpa remotiserrulata,疏齿紫珠,,,,,,,no_image
90792,Callicarpa lingii,光叶紫珠,,,,,,,no_image
90758,Callicarpa arborea,木紫珠,,,,,,,no_image
27041,Callidium coriaceum,,,,,,,,no_image
90857,Calligonum taklimakanense,塔克拉玛干沙拐枣,,,,,,,no_image
74008,Callionymus scabriceps,粗首[鱼衔],,,,,,,no_image
2972,Callinera bergendali,伯氏丽纽虫,,,,,,,no_image
27071,Calliphora chinghaiensis,青海丽蝇,,,,,,,no_image
308,Callista erycina,棕带仙女蛤,,,,,,,no_image
27092,Calliptamus turanicus,旱地星翅蝗,,,,,,,no_image
27116,Callispa donkieri,狭胸丽甲,,,,,,,no_image
90867,Callithamnion corymbosum,绢丝藻,,,,,,,no_image
27147,Calliteara contexta,织结丽毒蛾,,,,,,,no_image
27174,Callocleonymus ferrierei,费氏刺角金小蜂,,,,,,,no_image
74032,Calloplesiops altivelis,珍珠丽鮗,,,,,,,no_image
90881,Callophyllis adhaerens,附着美叶藻,,,,,,,no_image
27214,Callopsylla longispina,长鬃盖蚤,,,,,,,no_image
14258,Callosa ciliata,纤毛卡络蛛,,,,,,,no_image
141981,Calonectria acicola,,,,,,,,no_image
4899,Callyspongia Callyspongia,弥漫美丽海绵,,,,,,,no_image
146989,Calocybe fallax,,,,,,,,no_image
142001,Calonectria morganii,,,,,,,,no_image
74047,Calotes wangi,中国树蜥,,,,,,,no_image
137595,Caloplaca agardhiana,,,,,,,,no_image
149400,Calostoma berkeleyi,伯克利丽口包,,,,,,,no_image
137615,Caloplaca coronata,具冠橙衣,,,,,,,no_image
137635,Caloplaca leptozona,长带橙衣,,,,,,,no_image
145148,Calvatia gigantea,,,,,,,,no_image
8523,Calpurnus verrucosus,瓮螺,,,,,,,no_image
138239,Calycella claroflava,,,,,,,,no_image
90928,Calymperes levyanum,拟花叶藓,,,,,,,no_image
138452,Calycina melastoma,,,,,,,,no_image
146365,Camarophyllus laccatus,,,,,,,,no_image
147084,Calyptella campanula,,,,,,,,no_image
90962,Calyptrochaeta ramosa,多枝毛柄藓,,,,,,,no_image
91011,Camellia euryoides,柃叶连蕊茶,,,,,,,no_image
91041,Camellia hongkongensis,香港红山茶,,,,,,,no_image
90985,Camellia azalea,杜鹃叶山茶,,,,,,,no_image
91073,Camellia maoniushanensis,牦牛山山茶,,,,,,,no_image
91156,Cameraria latifolia,鸭蛋花,,,,,,,no_image
91104,Camellia pubifurfuracea,毛糙果茶,,,,,,,no_image
91132,Camellia tachangensis,大厂茶,,,,,,,no_image
11628,Campanicola campanulata,钟巢钟纺蛛,,,,,,,no_image
91190,Camphora glandulifera,云南樟,,,,,,,no_image
27320,Campiglossa simplex,片楔斑翅实蝇,,,,,,,no_image
27280,Campiglossa amurensis,阿穆尔斑翅实蝇,,,,,,,no_image
91175,Campanula mekongensis,澜沧风铃草,,,,,,,no_image
27300,Campiglossa loewiana,劳氏斑翅实蝇,,,,,,,no_image
91225,Campylium porphyriticum,紫色细湿藓,,,,,,,no_image
27353,Camptopteromyia flavitarsa,黄跗折翅水虻,,,,,,,no_image
91211,Campsis radicans,厚萼凌霄,,,,,,,no_image
91235,Campylopus comosus,尾尖曲柄藓,,,,,,,no_image
91257,Campylosiphon saundersii,贵州玉头簪,,,,,,,no_image
91280,Campylotropis henryi,元江笐子梢,,,,,,,no_image
91313,Campylotropis wilsonii,小叶笐子梢,,,,,,,no_image
91327,Canavalia cathartica,小刀豆,,,,,,,no_image
1818,Canda foliifera,叶形环管苔虫,,,,,,,no_image
142541,Candida albicans,,,,,,,,no_image
142561,Candida oxycetoniae,,,,,,,,no_image
148403,Cantharellula umbonata,脐形鸡油菌,,,,,,,no_image
135862,Canoparmelia crozalsiana,粉槽灰梅衣,,,,,,,no_image
27376,Cania pseudobilinea,伪双线刺蛾,,,,,,,no_image
149706,Cantharellus hygrophanus,蜡伞状鸡油菌,,,,,,,no_image
74072,Canthigaster janthinoptera,圆斑扁背鲀,,,,,,,no_image
27405,Capnia qilianshana,祁连山黑(虫责),,,,,,,no_image
149726,Cantharellus umbonatus,脐形鸡油菌,,,,,,,no_image
27394,Capila pauripunetata,微点大弄蝶,,,,,,,no_image
91362,Capparis chingiana,野槟榔,,,,,,,no_image
4820,Caprella iniquilibra,厚麦杆虫,,,,,,,no_image
91382,Capparis sabiifolia,黑叶山柑,,,,,,,no_image
134298,Capronia glabra,,,,,,,,no_image
91406,Caragana altaica,阿尔泰锦鸡儿,,,,,,,no_image
19289,Caputanurina sinensis,,,,,,,,no_image
91434,Caragana fruticosa,极东锦鸡儿,,,,,,,no_image
91489,Caragana spinifera,西藏锦鸡儿,,,,,,,no_image
91462,Caragana longshoushanensis,龙首锦鸡儿,,,,,,,no_image
27445,Carausius luchunensis,陆川竹异䗛,,,,,,,no_image
74101,Carangoides bajad,橘点若鲹,,,,,,,no_image
27459,Carcelia bombylans,尖音狭颊寄蝇,,,,,,,no_image
74121,Caranx sexfasciatus,六带鲹,,,,,,,no_image
27479,Carcelia lucorum,芦寇狭颊寄蝇,,,,,,,no_image
27499,Carcelia yakushimana,屋久狭颊寄蝇,,,,,,,no_image
74141,Carcharhinus macrops,大眼真鲨,,,,,,,no_image
27508,Carcinops penatii,贝氏匀点阎甲,,,,,,,no_image
91522,Cardamine gracilis,纤细碎米荠,,,,,,,no_image
91542,Cardamine microzyga,小叶碎米荠,,,,,,,no_image
91563,Cardamine tianqingiae,田青碎米荠,,,,,,,no_image
91635,Carex baohuashanica,宝华山薹草,,,,,,,no_image
27522,Cardiocladius capucinus,端心突摇蚊,,,,,,,no_image
4574,Cardita variegata,异纹心蛤,,,,,,,no_image
91585,Carex agglomerata,团穗薹草,,,,,,,no_image
91657,Carex brownii,亚澳薹草,,,,,,,no_image
91607,Carex arisanensis,阿里山薹草,,,,,,,no_image
91711,Carex courtallensis,隐穗柄薹草,,,,,,,no_image
91683,Carex cheniana,陈氏薹草,,,,,,,no_image
91757,Carex doniana,签草,,,,,,,no_image
91733,Carex daxinensis,大新薹草,,,,,,,no_image
91784,Carex fastigiata,簇穗薹草,,,,,,,no_image
91835,Carex harlandii,长囊薹草,,,,,,,no_image
91814,Carex glabrescens,辽东薹草,,,,,,,no_image
91880,Carex jianfengensis,尖峰岭薹草,,,,,,,no_image
91855,Carex huanjiangensis,环江薹草,,,,,,,no_image
91900,Carex kwangsiensis,广西薹草,,,,,,,no_image
91923,Carex liangiana,松筠薹草,,,,,,,no_image
91952,Carex longshengensis,龙胜薹草,,,,,,,no_image
91975,Carex melananthiformis,尤尔都斯薹草,,,,,,,no_image
92000,Carex motuoensis,墨脱薹草,,,,,,,no_image
92022,Carex noltiei,阔鳞嵩草,,,,,,,no_image
92048,Carex orthostemon,直蕊薹草,,,,,,,no_image
92072,Carex perakensis,霹雳薹草,,,,,,,no_image
92097,Carex praelonga,帚状薹草,,,,,,,no_image
92119,Carex pseuduncinoides,甘肃嵩草,,,,,,,no_image
92139,Carex radicina,细根茎薹草,,,,,,,no_image
92165,Carex sabulosa,沙地薹草,,,,,,,no_image
92193,Carex serreana,紫喙薹草,,,,,,,no_image
92216,Carex speciosa,翠丽薹草,,,,,,,no_image
92238,Carex taldycola,南疆薹草,,,,,,,no_image
92261,Carex tibetikobresia,西藏嵩草,,,,,,,no_image
92285,Carex urelytra,扁果薹草,,,,,,,no_image
92308,Carex yajiangensis,雅江薹草,,,,,,,no_image
1963,Caridina crassipes,粗肢米虾,,,,,,,no_image
92328,Carica papaya,番木瓜,,,,,,,no_image
1941,Caridina oligospina,寡刺米虾,,,,,,,no_image
1924,Caridina jiangxiensis,江西米虾,,,,,,,no_image
1948,Caridina trifasciata,三纹米虾,,,,,,,no_image
27585,Carinata nigra,黑色脊额叶蝉,,,,,,,no_image
27565,Carinata bifida,叉突脊额叶蝉,,,,,,,no_image
27544,Carilia cuprifera,,,,,,,,no_image
27603,Carinolesthes pericalles,,,,,,,,no_image
27607,Carodista flavicana,黄褐顶祝蛾,,,,,,,no_image
27620,Carpelimus curvus,,,,,,,,no_image
27641,Carpelimus politus,,,,,,,,no_image
92349,Carpesium lipskyi,高原天名精,,,,,,,no_image
92367,Carpinus dayongina,大庸鹅耳枥,,,,,,,no_image
27683,Carvaka bigeminata,对突卡叶蝉,,,,,,,no_image
92393,Carpinus omeiensis,峨眉鹅耳枥,,,,,,,no_image
27696,Caryanda guangxiensis,广西卵翅蝗,,,,,,,no_image
74202,Carpodacus thura,喜山白眉朱雀,,,,,,,no_image
27716,Caryanda wulingshana,武陵山卵翅蝗,,,,,,,no_image
27666,Carriola diaphora,点窗毒蛾,,,,,,,no_image
8058,Caryophyllia paucipaliata,少片丁香珊瑚,,,,,,,no_image
74155,Carpodacus dubius,白眉朱雀,,,,,,,no_image
92461,Caryota obtusa,董棕,,,,,,,no_image
27723,Cassida alticola,高居长龟甲,,,,,,,no_image
92512,Castanopsis delavayi,高山锥,,,,,,,no_image
27745,Cassida rubiginosa,密点龟甲,,,,,,,no_image
92479,Cassiope fujianensis,福建岩须,,,,,,,no_image
27770,Castanopsides montanus,山木盲蝽,,,,,,,no_image
92532,Castanopsis jinpingensis,金平锥,,,,,,,no_image
92552,Castanopsis rufotomentosa,红壳锥,,,,,,,no_image
14440,Castianeira shaxianensis,沙县纯蛛,,,,,,,no_image
27798,Catapicephala ruficornis,绯角扁头蝇,,,,,,,no_image
27782,Catallagia dacenkoi,孔大无栉蚤,,,,,,,no_image
9846,Catarhinus mori,,,,,,,,no_image
27841,Catochrysops panormus,蓝咖灰蝶,,,,,,,no_image
92619,Caulerpa urvilleana,乌微里蕨藻,,,,,,,no_image
17594,Cathaica mongolia,蒙古华蜗牛,,,,,,,no_image
135495,Catillaria chalybeia,钢灰腊肠衣,,,,,,,no_image
27861,Caulococcus phenacoccoides,蓟丝粉蚧,,,,,,,no_image
92593,Caudalejeunea reniloba,肾瓣尾鳞苔,,,,,,,no_image
27816,Catocala elocata,迪裳夜蛾,,,,,,,no_image
27870,Cavitas concava,洞凹颜金小蜂,,,,,,,no_image
92639,Causonis timoriensis,南亚乌蔹莓,,,,,,,no_image
27878,Cecidophagula digitata,指突啮螽,,,,,,,no_image
92666,Celastrus homaliifolius,小果南蛇藤,,,,,,,no_image
27887,Celaenorrhinus horishanus,台湾星弄蝶,,,,,,,no_image
27935,Celyphus cheni,陈氏瓢甲蝇,,,,,,,no_image
5802,Celerina heffernani,西奈海星,,,,,,,no_image
92694,Celtis cerasifera,小果朴,,,,,,,no_image
27976,Centistes choui,周氏宽鞘茧蜂,,,,,,,no_image
27996,Centorisoma gansuensis,甘肃隆盾秆蝇,,,,,,,no_image
138249,Cenangium cinnamomeum,,,,,,,,no_image
27955,Celyphus quadrimaculatus,四斑瓢甲蝇,,,,,,,no_image
27971,Cenocoelius taiwanensis,台湾高腹茧蜂,,,,,,,no_image
74227,Centrobranchus choerocephalus,椭锦灯鱼,,,,,,,no_image
74234,Centrophorus lusitanicus,低鳍刺鲨,,,,,,,no_image
28022,Centrotoscelus longus,细长秃角蝉,,,,,,,no_image
74255,Centropyge venusta,仙女刺尻鱼,,,,,,,no_image
18272,Cephalodella megalocephala,大头巨头轮虫,,,,,,,no_image
28042,Cephalaeschna klotsi,克氏头蜓,,,,,,,no_image
28065,Cephalispa fujianensis,福建溜秽蝇,,,,,,,no_image
17057,Cephalogonimus japonicus,日本头殖吸虫,,,,,,,no_image
18296,Cephalodella cyclops,剑巨头轮虫,,,,,,,no_image
92755,Cephalanthera longifolia,头蕊兰,,,,,,,no_image
28080,Cephalops crassipinus,粗管光头蝇,,,,,,,no_image
74281,Cephaloscyllium umbratile,阴影绒毛鲨,,,,,,,no_image
92795,Cephalozia otaruensis,薄壁大萼苔,,,,,,,no_image
92784,Cephalotaxus sinensis,粗榧,,,,,,,no_image
28103,Cephennodes astoni,,,,,,,,no_image
28123,Cephennodes excavatus,,,,,,,,no_image
28143,Cephennodes masuanus,,,,,,,,no_image
28183,Cephennomicrus crucifer,,,,,,,,no_image
28163,Cephennodes serratus,,,,,,,,no_image
28201,Cepora nerissa,黑脉园粉蝶,,,,,,,no_image
28226,Ceracrisoides virides,绿拟竹蝗,,,,,,,no_image
28242,Cerastis rubricosa,弓夜蛾,,,,,,,no_image
92821,Ceramium seriosporum,纤细仙菜,,,,,,,no_image
28256,Ceratina denticulata,刻面芦蜂,,,,,,,no_image
6696,Ceratomyxa kareii,石鲽角形虫,,,,,,,no_image
14176,Ceratinella brevis,短角微蛛,,,,,,,no_image
92852,Cerastium szechuense,四川卷耳,,,,,,,no_image
28300,Ceratophyllus garei,粗毛角叶蚤,,,,,,,no_image
144171,Ceratocystis ips,,,,,,,,no_image
3963,Ceratonereis hircinicola,羊角沙蚕,,,,,,,no_image
18723,Ceratophysella duplicispinosa,,,,,,,,no_image
92873,Ceratopteris chingii,粗梗水蕨,,,,,,,no_image
17376,Ceratostoma burnetti,钝角口螺,,,,,,,no_image
28327,Ceratovacuna nekoashi,球米草粉角蚜,,,,,,,no_image
28340,Cerchysius marginalis,长缘长尾跳小蜂,,,,,,,no_image
132455,Cercospora chelidonii,,,,,,,,no_image
132375,Cercospora agavicola,,,,,,,,no_image
132395,Cercospora andrographidicola,,,,,,,,no_image
132415,Cercospora atropae,,,,,,,,no_image
132435,Cercospora californiensis,,,,,,,,no_image
132475,Cercospora cyperigena,,,,,,,,no_image
132495,Cercospora eulophiae,,,,,,,,no_image
132515,Cercospora glothidiicola,,,,,,,,no_image
132535,Cercospora iphigeniae,,,,,,,,no_image
132555,Cercospora lingii,,,,,,,,no_image
132575,Cercospora melongenae,,,,,,,,no_image
132595,Cercospora paederiicola,牛皮冻生尾孢,,,,,,,no_image
132675,Cercospora thunbergiana,,,,,,,,no_image
132615,Cercospora pistiae,,,,,,,,no_image
132655,Cercospora sidaecola,,,,,,,,no_image
132635,Cercospora richardiicola,,,,,,,,no_image
132695,Cercospora zingibericola,,,,,,,,no_image
28350,Cerdistus laets,台湾低颜食虫虻,,,,,,,no_image
28392,Ceriana chekiangensis,浙江突角蚜蝇,,,,,,,no_image
28368,Ceresium nilgiriense,,,,,,,,no_image
92898,Ceriscoides howii,木瓜榄,,,,,,,no_image
150972,Ceriporia camaresiana,卡玛蜡卧孔菌,,,,,,,no_image
92908,Ceropegia jinshaensis,金沙江吊灯花,,,,,,,no_image
3292,Cerithium nesioticum,岛栖蟹守螺,,,,,,,no_image
28407,Cerococcus ornatus,南亚壶蚧,,,,,,,no_image
28426,Cerodontha piliseta,黄股额角潜蝇,,,,,,,no_image
28457,Ceroxys munda,洁角斑蝇,,,,,,,no_image
28440,Ceroplastes japonicus,日本蜡蚧,,,,,,,no_image
74305,Cervus nippon,梅花鹿,,,,,,,no_image
135908,Cetrelia nuda,裸斑叶,,,,,,,no_image
135893,Cetraria straminea,,,,,,,,no_image
28479,Cetema gansuensis,甘肃中距秆蝇,,,,,,,no_image
135873,Cetraria daibuensis,,,,,,,,no_image
28504,Ceusibia stenosinuata,狭凹茸足蚤,,,,,,,no_image
74327,Chaerephon plicatus,小犬吻蝠,,,,,,,no_image
134586,Chaenothecopsis golubkovae,,,,,,,,no_image
28511,Chaenotetrastichus semiflava,半黄毛盾啮小蜂,,,,,,,no_image
28537,Chaetocladius dentiforceps,细尾毛突摇蚊,,,,,,,no_image
74340,Chaetodon falcula,纹带蝴蝶鱼,,,,,,,no_image
142584,Chaetendophragmia britannica,,,,,,,,no_image
74360,Chaetodon semeion,细点蝴蝶鱼,,,,,,,no_image
28548,Chaetogonopteron acutatum,尖角短跗长足虻,,,,,,,no_image
28568,Chaetogonopteron longicercus,长须短跗长足虻,,,,,,,no_image
28588,Chaetogramma longiscapiformus,长柄毛纹赤眼蜂,,,,,,,no_image
144433,Chaetomium torulosum,,,,,,,,no_image
144413,Chaetomium elatum,,,,,,,,no_image
8714,Chaetopleura asperior,毛带石鳖,,,,,,,no_image
141240,Chaetosphaeria hiugensis,,,,,,,,no_image
28609,Chaetopsylla ningxiaensis,宁夏鬃蚤,,,,,,,no_image
134291,Chaetothyrium echinulatum,,,,,,,,no_image
138830,Chalara sinensis,,,,,,,,no_image
12901,Chalcoscirtus nigritus,黑铜蛛,,,,,,,no_image
149141,Chalciporus pseudorubinellus,,,,,,,,no_image
28684,Chalcosyrphus scalistictus,梯斑桐木蚜蝇,,,,,,,no_image
92976,Chamaegastrodia guidongensis,桂东叠鞘兰,,,,,,,no_image
1489,Chama pulchella,彩带猿头蛤,,,,,,,no_image
92989,Chamaerhodos sabulosa,砂生地蔷薇,,,,,,,no_image
28698,Chamaepsila gansuana,甘肃顶茎蝇,,,,,,,no_image
93004,Chamerion latifolium,宽叶柳兰,,,,,,,no_image
2381,Chaperia acanthina,荆刺槲苔虫,,,,,,,no_image
28725,Changeondelphax velitchkovskyi,大褐飞虱,,,,,,,no_image
28729,Charagochilus gyllenhali,欧亚纹唇盲蝽,,,,,,,no_image
28752,Charmon taiwanensis,台湾悦茧蜂,,,,,,,no_image
9202,Chaunoproctus plumosus,,,,,,,,no_image
671,Chasmagnathus convexus,隆背张口蟹,,,,,,,no_image
93032,Cheilanthes tenuifolia,薄叶碎米蕨,,,,,,,no_image
48,Charybdis callianassa,美人蟳,,,,,,,no_image
74441,Cheilodipterus intermedius,中间巨牙天竺鲷,,,,,,,no_image
93051,Cheilolejeunea subopaca,尖叶唇鳞苔,,,,,,,no_image
74447,Cheilopogon arcticeps,弓头唇须飞鱼,,,,,,,no_image
28808,Cheilosia barkalovi,巴氏黑蚜蝇,,,,,,,no_image
28828,Cheilosia grahami,汉黑蚜蝇,,,,,,,no_image
28848,Cheilosia multa,毛眼黑蚜蝇,,,,,,,no_image
28868,Cheilosia prima,鸟突黑蚜蝇,,,,,,,no_image
28888,Cheilosia tetria,鸟嘴黑蚜蝇,,,,,,,no_image
28906,Cheilotrichia liliputina,纤细唇大蚊,,,,,,,no_image
140410,Cheilymenia theleboloides,黄缘刺盘菌,,,,,,,no_image
12605,Cheiracanthium subinsulanum,近岛生红螯蛛,,,,,,,no_image
12620,Cheiracanthium fujianense,福建红螯蛛,,,,,,,no_image
28916,Cheiropachus juglandis,核桃小蠹四斑金小蜂,,,,,,,no_image
93064,Cheirostylis acuminata,尖唇叉柱兰,,,,,,,no_image
93088,Cheirostylis thailandica,反瓣叉柱兰,,,,,,,no_image
28939,Chelifera lateralis,淡侧裸螳舞虻,,,,,,,no_image
28929,Chelidonium sifanicum,,,,,,,,no_image
28959,Chelipoda petiolata,柄腹鬃螳舞虻,,,,,,,no_image
6197,Chelonibia patula,薄壳龟藤壶,,,,,,,no_image
93119,Cheniella damiaoshanensis,大苗山首冠藤,,,,,,,no_image
28972,Chelostoma aureocincta,褐盾裂爪蜂,,,,,,,no_image
17410,Chicoreus exuberans,粗棘螺,,,,,,,no_image
93141,Chenopodium album,藜,,,,,,,no_image
28988,Chersonesia risa,黄绢坎蛱蝶,,,,,,,no_image
29000,Chetogena fasciata,缘刺鬃堤寄蝇,,,,,,,no_image
29030,Chilasa epycides,小黑斑凤蝶,,,,,,,no_image
93175,Chiloschista densiflora,密花异型兰,,,,,,,no_image
93191,Chiloscyphus japonicus,东亚裂萼苔,,,,,,,no_image
93168,Chiastocaulon mayebarae,稀齿对羽苔,,,,,,,no_image
74490,Chimarrogale styani,灰腹水鼩,,,,,,,no_image
93254,Chimonobambusa tuberculata,永善方竹,,,,,,,no_image
93230,Chimonobambusa luzhiensis,光竹,,,,,,,no_image
12800,Chinattus emeiensis,峨眉华蛛,,,,,,,no_image
29060,Chinecallicerus serratus,,,,,,,,no_image
74491,Chionis albus,白鞘嘴鸥,,,,,,,no_image
131594,Chiodecton aurantiacoflavum,,,,,,,,no_image
29103,Chironomus melanotus,迈拉诺摇蚊,,,,,,,no_image
74496,Chirolophis saitone,网纹笠鳚,,,,,,,no_image
29141,Chirothrips manicatus,袖指蓟马,,,,,,,no_image
29122,Chirosia griseifrons,凹凸蕨蝇,,,,,,,no_image
134972,Chitonomyces intermedius,,,,,,,,no_image
29179,Chloridolum punctulatum,,,,,,,,no_image
29144,Chitoria pallas,铂铠蛱蝶,,,,,,,no_image
29199,Chloriona unicolor,单色绿飞虱,,,,,,,no_image
29157,Chloridolum addictum,,,,,,,,no_image
93297,Chloranthus flavus,黄蕊金粟兰,,,,,,,no_image
137807,Chlorociboria aeruginascens,小孢绿杯盘菌,,,,,,,no_image
29236,Chlorogomphus hiten,老挝裂唇蜓,,,,,,,no_image
29279,Chlorophorus faldermanni,,,,,,,,no_image
93324,Chlorodesmis hildebrandtii,缢缩绿毛藻,,,,,,,no_image
74524,Chlorophthalmus nigromarginatus,黑缘青眼鱼,,,,,,,no_image
29299,Chlorophorus minamiiwo,,,,,,,,no_image
29342,Chlorops digitatus,指突秆蝇,,,,,,,no_image
29258,Chlorophorus annularis,,,,,,,,no_image
74527,Chloropsis cochinchinensis,蓝翅叶鹎,,,,,,,no_image
29362,Chlorops nigripila,黑毛秆蝇,,,,,,,no_image
29320,Chlorophorus signaticollis,,,,,,,,no_image
155883,Choanephora circinans,曲卷笄霉,,,,,,,no_image
137831,Chlorosplenium discoideum,,,,,,,,no_image
74549,Chodsigoa smithii,斯氏缺齿鼩,,,,,,,no_image
140904,Choiromyces leonis,,,,,,,,no_image
93344,Chondria xishaensis,西沙软骨藻,,,,,,,no_image
93363,Chonemorpha floccosa,丛毛鹿角藤,,,,,,,no_image
29431,Choristoneura murinana,紫色卷蛾,,,,,,,no_image
29422,Chorisops separata,短刺离眼水虻,,,,,,,no_image
29435,Chorthippus aethalinus,黑翅雏蝗,,,,,,,no_image
29457,Chorthippus dahinganlingensis,大兴安岭雏蝗,,,,,,,no_image
29477,Chorthippus latifoveatus,宽窝雏蝗,,,,,,,no_image
29497,Chorthippus rufipennis,红翅雏蝗,,,,,,,no_image
74569,Chroicocephalus brunnicephalus,棕头鸥,,,,,,,no_image
29517,Chrioloba apicata,长阳隐叶尺蛾,,,,,,,no_image
93406,Chrysanthemum hypargyreum,黄花小山菊,,,,,,,no_image
74574,Chromis albomaculata,白斑光鳃鱼,,,,,,,no_image
74594,Chromis ovatiformes,卵形光鳃鱼,,,,,,,no_image
29535,Chrysacris humengensis,呼盟金色蝗,,,,,,,no_image
149427,Chroogomphus helveticus,,,,,,,,no_image
74603,Chrysiptera biocellata,双斑金翅雀鲷,,,,,,,no_image
29557,Chrysochus asclepiadeus,蓝紫萝藦肖叶甲,,,,,,,no_image
29566,Chrysolampra hirta,毛亮肖叶甲,,,,,,,no_image
29612,Chrysolina exanthematica,薄荷金叶甲,,,,,,,no_image
29591,Chrysolina boccaccioi,博卡氏金叶甲,,,,,,,no_image
74619,Chrysolophus pictus,红腹锦鸡,,,,,,,no_image
29634,Chrysolina khalyktavica,若氏金叶甲,,,,,,,no_image
29654,Chrysolina nigrorugosa,黑皱金叶甲,,,,,,,no_image
29675,Chrysolina sichuanica,四川金叶甲,,,,,,,no_image
153075,Chrysomyxa stilbae,束丝金锈,,,,,,,no_image
29711,Chrysomya nigripes,乌足金蝇,,,,,,,no_image
29751,Chrysopa pictifacialis,彩面草蛉,,,,,,,no_image
29731,Chrysopa eximia,卓草蛉,,,,,,,no_image
29771,Chrysoperla sola,单通草蛉,,,,,,,no_image
29841,Chrysops flavescens,黄瘤斑虻,,,,,,,no_image
29806,Chrysopilus luctuosus,褐翅金鹬虻,,,,,,,no_image
29861,Chrysops szechuanensis,四川斑虻,,,,,,,no_image
29786,Chrysopidia trigonia,广西三阶草蛉,,,,,,,no_image
29826,Chrysopilus xanthocromus,黄金鹬虻,,,,,,,no_image
29881,Chrysosoma damingshanshanum,大明山金长足虻,,,,,,,no_image
29901,Chrysosoma ruyuanense,乳源金长足虻,,,,,,,no_image
93444,Chrysosplenium biondianum,秦岭金腰,,,,,,,no_image
29946,Chrysotimus xiaolongmensis,小龙门黄鬃长足虻,,,,,,,no_image
93475,Chrysosplenium lectus-cochleae,林金腰,,,,,,,no_image
29926,Chrysotimus chikuni,集昆黄鬃长足虻,,,,,,,no_image
29986,Chrysotoxum sibiricum,西伯利亚长角蚜蝇,,,,,,,no_image
134637,Chrysosporium lobatum,,,,,,,,no_image
29966,Chrysotoxum fratellum,弗拉长角蚜蝇,,,,,,,no_image
30006,Chrysotus brevicercus,短须小异长足虻,,,,,,,no_image
30026,Chrysotus laesus,黑胫小异长足虻,,,,,,,no_image
30046,Chrysotus suavis,裂茎小异长足虻,,,,,,,no_image
30073,Chrysozephyrus rarasanus,娆娆金灰蝶,,,,,,,no_image
30112,Chyliza inopinata,柔绒茎蝇,,,,,,,no_image
93503,Chuniophoenix hainanensis,琼棕,,,,,,,no_image
11477,Chrysso scintillans,星斑丽蛛,,,,,,,no_image
93507,Cibotium sinoburmaense,中缅金毛狗,,,,,,,no_image
30132,Chymomyza pararufithorax,拟红胸吸汁果蝇,,,,,,,no_image
30079,Chudania axona,叉突消室叶蝉,,,,,,,no_image
12036,Cicurina avicularia,鸟洞叶蛛,,,,,,,no_image
138933,Ciboria carunculoides,桑杯盘菌,,,,,,,no_image
30147,Cidaria ochripennis,羽巾尺蛾,,,,,,,no_image
138537,Ciliatula ciliifera,,,,,,,,no_image
30166,Ciinocentrus pallidistigmus,淡痣横纹茧蜂,,,,,,,no_image
30182,Cimicicapsus montanus,山环盲蝽,,,,,,,no_image
93547,Cinnamomum kotoense,兰屿肉桂,,,,,,,no_image
150906,Cinereomyces vulgaris,,,,,,,,no_image
74646,Cinnyris asiaticus,紫花蜜鸟,,,,,,,no_image
154938,Cintractia merrillii,,,,,,,,no_image
93569,Circaea ×,可疑露珠草,,,,,,,no_image
2684,Circlotoma crenata,双脊圆盘螺,,,,,,,no_image
144193,Cirrenalia macrocephala,,,,,,,,no_image
74674,Cirrhitichthys oxycephalus,尖头金[鱼翁],,,,,,,no_image
74686,Cirripectes polyzona,多斑穗肩鳚,,,,,,,no_image
74689,Cissa chinensis,蓝绿鹊,,,,,,,no_image
93620,Cirsium lamyroides,阿拉套蓟,,,,,,,no_image
93595,Cirsium argyracanthum,南蓟,,,,,,,no_image
93674,Cissus repanda,大叶白粉藤,,,,,,,no_image
93640,Cirsium sichuanense,西岭蓟,,,,,,,no_image
30212,Citellophilus tesquorum,方形黄鼠蚤,,,,,,,no_image
93694,Citrus cavaleriei,宜昌橙,,,,,,,no_image
135535,Cladonia coccifera,红石蕊,,,,,,,no_image
135510,Cladina portentosa,,,,,,,,no_image
30236,Claassenia magna,大型锤(虫责),,,,,,,no_image
10683,Cladonema radiatum,辐状枝手水母,,,,,,,no_image
135555,Cladonia elongata,长柄石蕊,,,,,,,no_image
135575,Cladonia lepidota,基黑点石蕊,,,,,,,no_image
135595,Cladonia ochrochlora,黄绿石蕊,,,,,,,no_image
135615,Cladonia scutellata,扇盘衣,,,,,,,no_image
7113,Cladopsammia willeyi,韦氏枝沙珊瑚,,,,,,,no_image
135635,Cladonia uncialis,寸石蕊,,,,,,,no_image
132146,Cladosporium asperulatum,,,,,,,,no_image
132166,Cladosporium delicatulum,,,,,,,,no_image
93722,Cladophora flexuosa,曲刚毛藻,,,,,,,no_image
132246,Cladosporium uvarum,,,,,,,,no_image
132206,Cladosporium nigrellum,,,,,,,,no_image
132226,Cladosporium salicis-sitchensis,,,,,,,,no_image
132186,Cladosporium herbarum,,,,,,,,no_image
30260,Cladotanytarsus vanderwulpi,范氏枝长跗摇蚊,,,,,,,no_image
4498,Clanculus denticulatus,齿隐螺,,,,,,,no_image
93762,Claoxylon indicum,白桐树,,,,,,,no_image
30284,Claspettomyia retrorsa,背折钩瘿蚊,,,,,,,no_image
93774,Claudea multifida,多裂顶冠藻,,,,,,,no_image
145638,Clavaria biformis,二形珊瑚菌,,,,,,,no_image
17659,Clausiliopsis phaeorhaphe,暗缝闭合螺,,,,,,,no_image
145658,Clavaria juncea,灯草菌,,,,,,,no_image
149911,Clavariadelphus truncatus,平截棒瑚菌,,,,,,,no_image
145678,Clavaria rubicundula,,,,,,,,no_image
7641,Clavularia viridis,绿棒花软珊瑚,,,,,,,no_image
93821,Cleistanthus concinnus,东方闭花木,,,,,,,no_image
145699,Clavulinopsis dichotoma,,,,,,,,no_image
4354,Clavus canicularis,花棒螺,,,,,,,no_image
93871,Clematis burmanica,缅甸铁线莲,,,,,,,no_image
93799,Cleisostoma fuerstenbergianum,长叶隔距兰,,,,,,,no_image
93842,Cleistogenes songorica,无芒隐子草,,,,,,,no_image
93937,Clematis grewiiflora,黄毛铁线莲,,,,,,,no_image
93902,Clematis dilatata,舟柄铁线莲,,,,,,,no_image
94067,Clematis shenlungchiaensis,神农架铁线莲,,,,,,,no_image
93989,Clematis melanonema,黑丝铁线莲,,,,,,,no_image
94033,Clematis pengii,彭氏铁线莲,,,,,,,no_image
93964,Clematis jinzhaiensis,金寨铁线莲,,,,,,,no_image
94134,Clematis zygophylla,蒺藜小木通,,,,,,,no_image
94109,Clematis tsaii,福贡铁线莲,,,,,,,no_image
30310,Cleonymus grandiceps,宽距短颊金小蜂,,,,,,,no_image
94150,Clerodendrum colebrookianum,腺茉莉,,,,,,,no_image
30329,Clepsis humana,聂拉木双斜卷蛾,,,,,,,no_image
94196,Clevea hyalina,克氏苔,,,,,,,no_image
94172,Clerodendrum peii,长梗大青,,,,,,,no_image
94219,Climacoptera obtusifolia,钝叶梯翅蓬,,,,,,,no_image
5203,Clibanarius infraspinatus,下齿细螯寄居蟹,,,,,,,no_image
94228,Clinopodium euosmum,清香姜风轮,,,,,,,no_image
30366,Clinotanypus pallidula,白菱跗摇蚊,,,,,,,no_image
142606,Clitocybe albocinerea,,,,,,,,no_image
30381,Clitellaria flavipilosa,黄毛鞍腹水虻,,,,,,,no_image
142626,Clitocybe connata,,,,,,,,no_image
142646,Clitocybe fragrans,,,,,,,,no_image
142666,Clitocybe inversa,倒垂杯伞,,,,,,,no_image
142686,Clitocybe pinophila,松生杯伞,,,,,,,no_image
946,Clorida rotundicauda,园尾绿虾蛄,,,,,,,no_image
142706,Clitocybe subinvoluta,,,,,,,,no_image
147099,Clitocybula lignicola,,,,,,,,no_image
13958,Clubiona cordata,心形管巢蛛,,,,,,,no_image
13936,Clubiona baimaensis,白马管巢蛛,,,,,,,no_image
94243,Clitoria laurifolia,棱荚蝶豆,,,,,,,no_image
30413,Clostera mahatma,玛扇舟蛾,,,,,,,no_image
13886,Clubiona globosa,球管巢蛛,,,,,,,no_image
13982,Clubiona jucunda,羽斑管巢蛛,,,,,,,no_image
14000,Clubiona medog,墨脱管巢蛛,,,,,,,no_image
13910,Clubiona zhanggureni,张古忍管巢蛛,,,,,,,no_image
13995,Clubiona qianhuayuani,倩华管巢蛛,,,,,,,no_image
13949,Clubiona tanikawai,谷川管巢蛛,,,,,,,no_image
3321,Clypeomorus pellucida,直管楯桑葚螺,,,,,,,no_image
8013,Clytia ovalis,单管美螅水母,,,,,,,no_image
30447,Clytus fibularis,,,,,,,,no_image
30481,Cnipsomorpha kunmingensis,昆明拟刺䗛,,,,,,,no_image
94249,Cnesmone mairei,粗毛藤,,,,,,,no_image
74723,Cobitis lutheri,黑龙江花鳅,,,,,,,no_image
137076,Coccocarpia erythroxyli,环纹瓦衣,,,,,,,no_image
139149,Coccomyces huangshanensis,黄山齿裂菌,,,,,,,no_image
30512,Coccygidium longipterus,长翅褐径茧蜂,,,,,,,no_image
139169,Coccomyces tumidus,肿齿裂菌,,,,,,,no_image
30522,Cochylis defessana,长瓣纹卷蛾,,,,,,,no_image
94297,Codium tenue,纤细松藻,,,,,,,no_image
94276,Codium arabicum,阿拉伯松藻,,,,,,,no_image
18986,Coecobrya huangi,,,,,,,,no_image
94321,Codonopsis gongshanica,高黎贡党参,,,,,,,no_image
30542,Codrus qinlingensis,秦岭肿额细蜂,,,,,,,no_image
94348,Codonopsis ussuriensis,雀斑党参,,,,,,,no_image
30576,Coelioxys aurolimbata,耳尖腹蜂,,,,,,,no_image
30556,Coeliccia furcata,蓝黑长腹扇蟌,,,,,,,no_image
30596,Coelioxys mandibularis,大颚尖腹蜂,,,,,,,no_image
135916,Coelocaulon aculeatum,皮刺角衣,,,,,,,no_image
94369,Coelogyne longipes,长柄贝母兰,,,,,,,no_image
94389,Coelogyne zhenkangensis,镇康贝母兰,,,,,,,no_image
74764,Coelorinchus macrolepis,大鳞腔吻鳕,,,,,,,no_image
74744,Coelorinchus anatirostris,鸭嘴腔吻鳕,,,,,,,no_image
12444,Coelotes capacilimbus,宽边隙蛛,,,,,,,no_image
12317,Coelotes sinuolatus,细弯隙蛛,,,,,,,no_image
12128,Coelotes ledongensis,乐东隙蛛,,,,,,,no_image
30701,Coenosia anta,安特秽蝇,,,,,,,no_image
30653,Coenonica confundibilis,,,,,,,,no_image
30636,Coenagrion hastulatum,三纹蟌,,,,,,,no_image
30722,Coenosia connectens,连秽蝇,,,,,,,no_image
136772,Coenogonium linkii,林氏绒衣,,,,,,,no_image
30673,Coenonympha amaryllis,牧女珍眼蝶,,,,,,,no_image
30782,Coenosia paludis,沼泽秽蝇,,,,,,,no_image
30742,Coenosia flavipenicillata,黄笔秽蝇,,,,,,,no_image
30762,Coenosia latisponsa,宽束秽蝇,,,,,,,no_image
94393,Coffea congensis,刚果咖啡,,,,,,,no_image
30802,Coenosia spinifemorata,刺股秽蝇,,,,,,,no_image
30823,Coenosia xuei,薛氏秽蝇,,,,,,,no_image
30871,Colasposoma confusa,麻点甘薯肖叶甲,,,,,,,no_image
30851,Colaspoides chinensis,中华沟臀肖叶甲,,,,,,,no_image
153464,Coleopucciniella idei,,,,,,,,no_image
153096,Coleosporium clerodendri,臭牡丹鞘锈菌,,,,,,,no_image
153136,Coleosporium pseudocampanulae,假风铃草鞘锈菌,,,,,,,no_image
153116,Coleosporium liparidis,,,,,,,,no_image
30948,Colias sieversi,西梵豆粉蝶,,,,,,,no_image
30896,Colias berylla,玉色豆粉蝶,,,,,,,no_image
153156,Coleosporium violae,堇菜鞘锈菌,,,,,,,no_image
137080,Collema callibotrys,,,,,,,,no_image
137100,Collema ogotae,,,,,,,,no_image
30971,Collessia hiharai,日原科氏果蝇,,,,,,,no_image
141624,Colletotrichum orthianum,,,,,,,,no_image
141584,Colletotrichum falcatum,,,,,,,,no_image
141604,Colletotrichum lindemuthianum,,,,,,,,no_image
18123,Collotheca edentata,无齿胶鞘轮虫,,,,,,,no_image
148422,Collybia eriocephala,毛盖金钱菌,,,,,,,no_image
141644,Colletotrichum truncatum,,,,,,,,no_image
148442,Collybia nitellina,,,,,,,,no_image
148462,Collybia velutipes,冬菇,,,,,,,no_image
94434,Colocasia lihengiae,李氏香芋,,,,,,,no_image
94438,Cololejeunea albodentata,刺边疣鳞苔,,,,,,,no_image
94458,Cololejeunea hainanensis,海南疣鳞苔,,,,,,,no_image
94514,Colona thorelii,狭叶一担柴,,,,,,,no_image
94498,Cololejeunea stephanii,斯氏疣鳞苔,,,,,,,no_image
94478,Cololejeunea ornata,粗柱疣鳞苔,,,,,,,no_image
30993,Colostygia exceptata,摈旋尺蛾,,,,,,,no_image
150068,Coltricia cumingii,亚褐钹孔菌,,,,,,,no_image
150088,Coltricia verrucata,,,,,,,,no_image
74802,Columba punicea,紫林鸽,,,,,,,no_image
94544,Coluria longifolia,无尾果,,,,,,,no_image
2893,Comanthus solaster,阳星海齿花,,,,,,,no_image
31004,Comibaena cenocraspis,新绿尺蛾,,,,,,,no_image
31030,Comostola cedilla,忆亚四目绿尺蛾,,,,,,,no_image
31067,Compterosmittia lii,李氏毛施密摇蚊,,,,,,,no_image
2883,Comatula pectinata,栉毛头星,,,,,,,no_image
31052,Comperiella lemniscata,纽带巨角跳小蜂,,,,,,,no_image
31026,Comibaena takasago,隐角斑绿尺蛾,,,,,,,no_image
31085,Concaveplana furcata,叉茎凹片叶蝉,,,,,,,no_image
94604,Conchidium muscicola,网鞘蛤兰,,,,,,,no_image
31107,Condica illecta,易点夜蛾,,,,,,,no_image
31125,Condylostylus longicaudatus,长尾毛瘤长足虻,,,,,,,no_image
14068,Conglin personatus,面具丛林蛛,,,,,,,no_image
31165,Coniopteryx arctica,北方粉蛉,,,,,,,no_image
155325,Conidiobolus conglomeratus,,,,,,,,no_image
155345,Conidiobolus stromoideus,子座耳霉,,,,,,,no_image
31153,Coniocompsa forticata,铗曲粉蛉,,,,,,,no_image
94621,Coniogramme ovata,卵羽凤了蕨,,,,,,,no_image
133384,Coniothyrium fraxini,,,,,,,,no_image
94636,Conioselinum acuminatum,尖叶藁本,,,,,,,no_image
31185,Coniopteryx qiongana,琼干粉蛉,,,,,,,no_image
18219,Conochilus hippocrepis,团状聚花轮虫,,,,,,,no_image
31235,Conophyma herbaceum,草裸蝗,,,,,,,no_image
94653,Connarus yunnanensis,云南牛栓藤,,,,,,,no_image
145615,Conocybe subovalis,卵形锥盖伞,,,,,,,no_image
10852,Conothele baoting,保亭科诺蛛,,,,,,,no_image
145595,Conocybe fuscimarginata,,,,,,,,no_image
31255,Conops flavifrons,黄额眼蝇,,,,,,,no_image
31279,Contarinia tritici,麦黄吸浆虫,,,,,,,no_image
31300,Coomanister scolyti,斯氏簇点阎甲,,,,,,,no_image
94662,Convolvulus chinensis,中华旋花,,,,,,,no_image
147995,Coprinopsis jonesii,,,,,,,,no_image
145197,Coprinus lagopides,白绒鬼伞,,,,,,,no_image
31319,Copidosoma flagellare,,,,,,,,no_image
147975,Coprinellus aokii,,,,,,,,no_image
145177,Coprinus comatus,毛头鬼伞,,,,,,,no_image
31344,Coproica pusio,极角脉小粪蝇,,,,,,,no_image
145217,Coprinus rhizophorus,假根鬼伞,,,,,,,no_image
31364,Coproporus dilutus,,,,,,,,no_image
139412,Coprotus glaucellus,光粪裸盘菌,,,,,,,no_image
94677,Coptis quinquefolia,五叶黄连,,,,,,,no_image
31427,Coptotermes varicapitatus,异头乳白蚁,,,,,,,no_image
31407,Coptotermes changtaiensis,长泰乳白蚁,,,,,,,no_image
17381,Coralliophila fearnleyi,菲氏珊瑚螺,,,,,,,no_image
6349,Coralichlamys jousseaumei,细胁珊瑚扇贝,,,,,,,no_image
94688,Corallorhiza sinensis,中华珊瑚兰,,,,,,,no_image
31451,Cordalia yunnanensis,,,,,,,,no_image
94703,Cordisepalum phalanthopetalum,小花心萼藤,,,,,,,no_image
141785,Cordyceps delicatostipitata,,,,,,,,no_image
141825,Cordyceps submilitaris,,,,,,,,no_image
31468,Corennys caduca,,,,,,,,no_image
141805,Cordyceps musicaudata,鼠尾虫草,,,,,,,no_image
151194,Coriolopsis byrsina,软盖拟革盖菌,,,,,,,no_image
31485,Corgatha dictaria,柑橘孔夜蛾,,,,,,,no_image
94707,Coreopsis grandiflora,大花金鸡菊,,,,,,,no_image
94749,Corispermum patelliforme,碟果虫实,,,,,,,no_image
74844,Coris gaimard,露珠盔鱼,,,,,,,no_image
94796,Cornus multinervosa,多脉四照花,,,,,,,no_image
94768,Cornopteris latiloba,阔片角蕨,,,,,,,no_image
31504,Cornutrypeta omeishana,峨嵋脊额实蝇,,,,,,,no_image
149808,Corticium platani,,,,,,,,no_image
6213,Corophium denticulatum,齿蜾蠃蜚,,,,,,,no_image
94813,Corsinia coriandrina,花地钱,,,,,,,no_image
145752,Cortinarius bolaris,掷丝膜菌,,,,,,,no_image
145732,Cortinarius alboviolaceus,白紫丝膜菌,,,,,,,no_image
145792,Cortinarius croceifolius,土褐纹膜菌,,,,,,,no_image
145772,Cortinarius caperatus,皱盖丝膜菌,,,,,,,no_image
145832,Cortinarius hedyaromaticus,,,,,,,,no_image
145812,Cortinarius emodensis,,,,,,,,no_image
145872,Cortinarius obtusus,钝顶丝膜菌,,,,,,,no_image
145852,Cortinarius lividoochraceus,,,,,,,,no_image
145932,Cortinarius subalboviolaceus,亚白紫丝膜菌,,,,,,,no_image
145892,Cortinarius praestans,纹缘丝膜菌,,,,,,,no_image
145952,Cortinarius trivialis,常见丝膜菌,,,,,,,no_image
145912,Cortinarius rufolatus,紫红丝膜菌,,,,,,,no_image
94858,Corydalis bijiangensis,碧江黄堇,,,,,,,no_image
74855,Corvus frugilegus,秃鼻乌鸦,,,,,,,no_image
31513,Cortodera atra,,,,,,,,no_image
94838,Corydalis amphipogon,文县紫堇,,,,,,,no_image
94884,Corydalis casimiriana,,,,,,,,no_image
94911,Corydalis cytisiflora,金雀花紫堇,,,,,,,no_image
94980,Corydalis heracleifolia,独活叶紫堇,,,,,,,no_image
94958,Corydalis gigantea,巨紫堇,,,,,,,no_image
94936,Corydalis elata,高茎紫堇,,,,,,,no_image
95000,Corydalis ischnosiphon,瘦距紫堇,,,,,,,no_image
95022,Corydalis latilepidota,宽鳞紫堇,,,,,,,no_image
95050,Corydalis longistyla,长柱黄堇,,,,,,,no_image
95070,Corydalis minutiflora,小花紫堇,,,,,,,no_image
95091,Corydalis oligosperma,稀子黄堇,,,,,,,no_image
95158,Corydalis racemosa,小花黄堇,,,,,,,no_image
95133,Corydalis pseudofluminicola,假多叶紫堇,,,,,,,no_image
95113,Corydalis pinnata,羽叶紫堇,,,,,,,no_image
95181,Corydalis semenowii,中亚黄堇,,,,,,,no_image
95229,Corydalis trilobipetala,三裂瓣紫堇,,,,,,,no_image
95251,Corydalis yaoi,覆鳞紫堇,,,,,,,no_image
95205,Corydalis sunhangii,色季拉黄堇,,,,,,,no_image
95274,Corylopsis stelligera,星毛蜡瓣花,,,,,,,no_image
138265,Coryne foliacea,,,,,,,,no_image
133411,Corynespora flagellatum,,,,,,,,no_image
133431,Corynespora sacchari,,,,,,,,no_image
141328,Coryneum modonium,,,,,,,,no_image
31536,Corynoneura scutellata,片状棒脉摇蚊,,,,,,,no_image
31556,Corynoptera marinae,海翼眼蕈蚊,,,,,,,no_image
7258,Coscinaraea columna,柱形筛珊瑚,,,,,,,no_image
31576,Corynoptera tumulta,混乱翼眼蕈蚊,,,,,,,no_image
10551,Cosella hancei,,,,,,,,no_image
31608,Cosmina limbipennis,缘翅彩蝇,,,,,,,no_image
31591,Cosmia achatina,玛瑙兜夜蛾,,,,,,,no_image
31620,Cosmophorus rugitergitus,皱背大颚茧蜂,,,,,,,no_image
95313,Cotoneaster acuminatus,尖叶栒子,,,,,,,no_image
139738,Costapeda crispa,,,,,,,,no_image
95345,Cotoneaster chuanus,桂龄栒子,,,,,,,no_image
95369,Cotoneaster franchetii,西南栒子,,,,,,,no_image
95402,Cotoneaster kangdingensis,康定栒子,,,,,,,no_image
95429,Cotoneaster nitens,光泽栒子,,,,,,,no_image
95458,Cotoneaster sanguineus,血色栒子,,,,,,,no_image
95480,Cotoneaster uniflorus,单花栒子,,,,,,,no_image
74890,Coturnix coturnix,西鹌鹑,,,,,,,no_image
31661,Craniophora obsura,浊首夜蛾,,,,,,,no_image
5048,Coutièrella tonkinensis,越南古洁虾,,,,,,,no_image
2492,Cranosina coronata,王冠盔苔虫,,,,,,,no_image
31686,Craspedometopon spina,刺等额水虻,,,,,,,no_image
12724,Crassignatha quadriventris,方腹糙胸蛛,,,,,,,no_image
4107,Crassostrea ariakensis,近江牡蛎,,,,,,,no_image
95562,Crawfurdia crawfurdioides,裂萼蔓龙胆,,,,,,,no_image
95545,Crataegus songarica,准噶尔山楂,,,,,,,no_image
152632,Craterocolla pura,,,,,,,,no_image
95608,Cremanthodium dibangii,短柱垂头菊,,,,,,,no_image
95582,Cremanthodium atrocapitatum,黑垂头菊,,,,,,,no_image
95635,Cremanthodium maoxianense,茂县垂头菊,,,,,,,no_image
95657,Cremanthodium principis,方叶垂头菊,,,,,,,no_image
95691,Crepidiastrum lanceolatum,假还阳参,,,,,,,no_image
95678,Cremastra aphylla,无叶杜鹃兰,,,,,,,no_image
95714,Crepidium parryae,紫斑沼兰,,,,,,,no_image
8493,Crenavolva chinensis,中国凹梭螺,,,,,,,no_image
146004,Crepidotus albissimus,淡白靴耳,,,,,,,no_image
146024,Crepidotus inhonestus,,,,,,,,no_image
95746,Crepis oreades,山地还阳参,,,,,,,no_image
146044,Crepidotus sulphurinus,硫色靴耳,,,,,,,no_image
74903,Crex crex,长脚秧鸡,,,,,,,no_image
31740,Cricotopus guidalii,指环足摇蚊,,,,,,,no_image
95756,Crinitina tatarica,新疆麻菀,,,,,,,no_image
31760,Cricotopus trifasciatus,三带环足摇蚊,,,,,,,no_image
31790,Croesia crataegi,山楂弧翅卷蛾,,,,,,,no_image
153171,Cronartium orientale,,,,,,,,no_image
31779,Cristaphanes tysoni,,,,,,,,no_image
74917,Crocidura shantungensis,山东小麝鼩,,,,,,,no_image
31812,Crosskeya nigrotibialis,黑胫柯罗寄蝇,,,,,,,no_image
95780,Crotalaria calycina,长萼猪屎豆,,,,,,,no_image
15101,Crossopriza lyoni,莱氏壶腹蛛,,,,,,,no_image
95805,Crotalaria occulta,紫花猪屎豆,,,,,,,no_image
95863,Crucihimalaya tibetica,西藏须弥芥,,,,,,,no_image
95832,Croton cascarilloides,银叶巴豆,,,,,,,no_image
31828,Cryphia brunneola,褐藓夜蛾,,,,,,,no_image
74949,Cryptocentrus russus,红丝鰕虎,,,,,,,no_image
11459,Cryptachaea riparia,海岸希蛛,,,,,,,no_image
95852,Croton purpurascens,淡紫毛巴豆,,,,,,,no_image
95884,Cryptocarya depauperata,贫花厚壳桂,,,,,,,no_image
95897,Cryptochilus luteus,宿苞兰,,,,,,,no_image
154677,Cryptococcus magnus,,,,,,,,no_image
4083,Cryptodromia amboinensis,安汶隐绵蟹,,,,,,,no_image
95920,Cryptonemia yendoi,远藤隐丝藻,,,,,,,no_image
31875,Cryptomalus mingh,名豪隐阎甲,,,,,,,no_image
31909,Cryptoserphus flavipes,黄足隐颚细蜂,,,,,,,no_image
31888,Cryptophaea saukra,优雅隐溪蟌,,,,,,,no_image
8741,Cryptoplax larvaeformis,幼形隐板石鳖,,,,,,,no_image
95927,Cryptostylis taiwaniana,台湾隐柱兰,,,,,,,no_image
17256,Cryptotropa lingnanensis,岭南隐弯吸虫,,,,,,,no_image
74958,Ctenogobiops maculosus,颊纹栉眼鰕虎,,,,,,,no_image
31941,Ctenocephalides orientis,东洋栉首蚤,,,,,,,no_image
95937,Ctenidium molluscum,梳藓,,,,,,,no_image
31989,Ctenophthalmus quadratus,方叶栉眼蚤,,,,,,,no_image
32013,Ctenosciara hyalipennis,海栉眼蕈蚊,,,,,,,no_image
31963,Ctenophthalmus arvalis,田栉眼蚤,,,,,,,no_image
32025,Cubitomoris aechmata,拟肘部祝蛾,,,,,,,no_image
32044,Cucullia jankowskii,雪冬夜蛾,,,,,,,no_image
74968,Cuculus canorus,大杜鹃,,,,,,,no_image
139119,Cudonia convoluta,卷地锤菌,,,,,,,no_image
32075,Culcua longispina,长刺库水虻,,,,,,,no_image
32095,Culex guizhouensis,贵州库蚊,,,,,,,no_image
32115,Culex mengdinensis,孟定库蚊,,,,,,,no_image
32136,Culex rubensis,留边库蚊,,,,,,,no_image
32156,Culex vagans,迷走库蚊,,,,,,,no_image
32169,Culicoides alexandrae,亚历山大库蠓,,,,,,,no_image
32209,Culicoides conaensis,错那库蠓,,,,,,,no_image
32189,Culicoides brevitarsis,短跗库蠓,,,,,,,no_image
32229,Culicoides elongatus,长斑库蠓,,,,,,,no_image
32249,Culicoides gentiloides,宗库蠓,,,,,,,no_image
32269,Culicoides horridus,顶端库蠓,,,,,,,no_image
32289,Culicoides kamrupi,卡奴库蠓,,,,,,,no_image
32309,Culicoides lengi,冷氏库蠓,,,,,,,no_image
32329,Culicoides majorinus,硕大库蠓,,,,,,,no_image
32369,Culicoides nujiangensis,怒江库蠓,,,,,,,no_image
32349,Culicoides minutissimus,微小库蠓,,,,,,,no_image
32429,Culicoides segnis,迟缓库蠓,,,,,,,no_image
32389,Culicoides parroti,帕罗库蠓,,,,,,,no_image
32449,Culicoides subfasciipennis,亚单带库蠓,,,,,,,no_image
32409,Culicoides qingdaoensis,青岛库蠓,,,,,,,no_image
32469,Culicoides tessellatus,琪斑库蠓,,,,,,,no_image
9008,Cultroribula vtorovi,维氏刀肋甲螨,,,,,,,no_image
32489,Culicoides wandashanensis,完达山库蠓,,,,,,,no_image
32509,Culiseta alaskaensis,阿拉斯加脉毛蚊,,,,,,,no_image
155913,Cunninghamella binariae,,,,,,,,no_image
95992,Curculigo glabrescens,光叶仙茅,,,,,,,no_image
146375,Cuphophyllus canescens,,,,,,,,no_image
74988,Cuora cyclornata,越南三线闭壳龟,,,,,,,no_image
96014,Curcuma zanthorrhiza,印尼莪术,,,,,,,no_image
134067,Curvularia matsushimae,,,,,,,,no_image
134047,Curvularia akaii,,,,,,,,no_image
96023,Cuscuta japonica,金灯藤,,,,,,,no_image
32582,Cyana puer,阳雪苔蛾,,,,,,,no_image
32561,Cyana crassa,粗线雪苔蛾,,,,,,,no_image
96046,Cyananthus longiflorus,长花蓝钟花,,,,,,,no_image
75012,Cutia nipalensis,斑胁姬鹛,,,,,,,no_image
96066,Cyathodium indicum,印度光苔,,,,,,,no_image
96055,Cyanotis arachnoidea,蛛丝毛蓝耳草,,,,,,,no_image
142774,Cyathus intermedius,,,,,,,,no_image
142754,Cyathus annulatus,,,,,,,,no_image
96103,Cycas taiwaniana,闽粤苏铁,,,,,,,no_image
142794,Cyathus rufipes,,,,,,,,no_image
96110,Cyclea hypoglauca,粉叶轮环藤,,,,,,,no_image
96083,Cycas collina,越南苏铁,,,,,,,no_image
10940,Cyclosa argenteoalba,银背艾蛛,,,,,,,no_image
672,Cyclograpsus longipes,长足圆方蟹,,,,,,,no_image
96163,Cyclosorus gustavii,古斯塔毛蕨,,,,,,,no_image
124,Cyclodius drachi,龙圆瘤蟹,,,,,,,no_image
32598,Cyclidia tetraspota,四星圆钩蛾,,,,,,,no_image
11224,Cyclosa zhui,朱氏艾蛛,,,,,,,no_image
10888,Cyclosa mulmeinensis,角腹艾蛛,,,,,,,no_image
96183,Cyclosorus parvifolius,小叶毛蕨,,,,,,,no_image
323,Cyclosunetta concinna,巧环楔形蛤,,,,,,,no_image
32615,Cydia pactolana,松皮小卷蛾,,,,,,,no_image
32624,Cylindilla grisescens,,,,,,,,no_image
142027,Cylindrocladiopsis cotoneastri,无,,,,,,,no_image
32652,Cylindrothecum ibericum,西班牙筒蜂麻蝇,,,,,,,no_image
32640,Cylindromyia fuscipennis,褐翅筒腹寄蝇,,,,,,,no_image
3512,Cymadusa filosa,线浪钩虾,,,,,,,no_image
96233,Cymbidium concinnum,丽花兰,,,,,,,no_image
151070,Cymatoderma hainanense,海南波边革菌,,,,,,,no_image
8580,Cymatium hepaticum,金色嵌线螺,,,,,,,no_image
96255,Cymbidium kanran,寒兰,,,,,,,no_image
96275,Cymbidium suavissimum,果香兰,,,,,,,no_image
96299,Cymbopogon liangshanense,凉山香茅,,,,,,,no_image
8478,Cymodoce japonica,日本突尾水虱,,,,,,,no_image
96328,Cynanchum bungei,白首乌,,,,,,,no_image
96351,Cynanchum longipedunculatum,短柱豹药藤,,,,,,,no_image
75060,Cynoglossus gracilis,窄体舌鳎,,,,,,,no_image
96371,Cynodontium fallax,假狗牙藓,,,,,,,no_image
75097,Cynopterus brachyotis,短耳犬蝠,,,,,,,no_image
75080,Cynoglossus sinicus,中华舌鳎,,,,,,,no_image
96399,Cyperus amuricus,阿穆尔莎草,,,,,,,no_image
96426,Cyperus fuscus,褐穗莎草,,,,,,,no_image
96448,Cyperus niveus,南莎草,,,,,,,no_image
2444,Cypraea lynx,山猫眼宝贝,,,,,,,no_image
96473,Cyperus tenuispica,窄穗莎草,,,,,,,no_image
32690,Cyphodemidea saundersi,萨氏拟草盲蝽,,,,,,,no_image
75129,Cyprinus multitaeniata,三角鲤,,,,,,,no_image
96499,Cypripedium henryi,绿花杓兰,,,,,,,no_image
32744,Cyrtodiopsis concava,凹曲突眼蝇,,,,,,,no_image
32722,Cyrta longiprocessa,长突弓背叶蝉,,,,,,,no_image
96519,Cypripedium wumengense,乌蒙杓兰,,,,,,,no_image
147710,Cyptotrama asprata,粗糙小干蘑,,,,,,,no_image
32738,Cyrtoclytus luteomarginatus,,,,,,,,no_image
11130,Cyrtarachne inaequalis,对称曲腹蛛,,,,,,,no_image
96556,Cyrtomium pachyphyllum,厚叶贯众,,,,,,,no_image
96536,Cyrtomium atropunctatum,黑点贯众,,,,,,,no_image
32762,Cyrtopeltis nigripilis,黑棘弓盲蝽,,,,,,,no_image
32769,Cyrtoptyx latipes,实蝇赛阿金小蜂,,,,,,,no_image
145232,Cystoderma cinnabarinum,朱红囊皮菌,,,,,,,no_image
145252,Cystolepiota moelleri,,,,,,,,no_image
137932,Cystotheca tjibodensis,,,,,,,,no_image
141532,Cytospora nivea,,,,,,,,no_image
141512,Cytospora atra,,,,,,,,no_image
32777,Cyzenis albicans,灰白塞寄蝇,,,,,,,no_image
142808,Dactylaria biguttulata,,,,,,,,no_image
152782,Dacrymyces sichuanensis,四川花耳,,,,,,,no_image
96592,Dactylicapnos burmanica,缅甸紫金龙,,,,,,,no_image
139496,Dactylella heptameres,,,,,,,,no_image
32812,Dactylispa fukienica,福建趾铁甲,,,,,,,no_image
32788,Dactylispa binotaticollis,双斑趾铁甲,,,,,,,no_image
32834,Dactylispa melanocera,黑角趾铁甲,,,,,,,no_image
32854,Dactylispa quinquespina,五刺叉趾铁甲,,,,,,,no_image
32896,Dacus polistiformis,尖槐藤棍腹实蝇,,,,,,,no_image
75165,Dactylopus dactylopus,指脚[鱼衔],,,,,,,no_image
32880,Dactylispa vulnifica,云南趾铁甲,,,,,,,no_image
96612,Daemonorops jenkinsiana,黄藤,,,,,,,no_image
96629,Dalbergia nigrescens,黑叶黄檀,,,,,,,no_image
144590,Daldinia childiae,启迪轮层炭壳,,,,,,,no_image
8896,Damaeus costanotus,脊背珠甲螨,,,,,,,no_image
96687,Daphne gracilis,小娃娃皮,,,,,,,no_image
32932,Damora sagana,青豹蛱蝶,,,,,,,no_image
32923,Damalis nigrabdomina,黑腹籽角食虫虻,,,,,,,no_image
32948,Daochia longshengensis,龙胜刀翅叶蝉,,,,,,,no_image
96711,Daphne papyracea,白瑞香,,,,,,,no_image
96733,Daphniphyllum calycinum,牛耳枫,,,,,,,no_image
5252,Dardanus arrosor,鳞纹真寄居蟹,,,,,,,no_image
4180,Daphnella itonis,鳞翅桂螺,,,,,,,no_image
134659,Daruvedia bacillata,,,,,,,,no_image
75180,Dasyatis laosensis,老挝&#x0000E05B;,,,,,,,no_image
32986,Dasychira olearia,纵线茸毒蛾,,,,,,,no_image
96747,Dasiphora galantha,三小叶银露梅,,,,,,,no_image
33004,Dasyhelea ambita,绕行毛蠓,,,,,,,no_image
33024,Dasyhelea bullocki,朴乐毛蠓,,,,,,,no_image
33044,Dasyhelea denticulata,小齿毛蠓,,,,,,,no_image
33064,Dasyhelea fasciigera,宽带毛蠓,,,,,,,no_image
33084,Dasyhelea hei,何氏毛蠓,,,,,,,no_image
138541,Dasyscypha virginea,,,,,,,,no_image
33144,Dasyhelea raoheensis,饶河毛蠓,,,,,,,no_image
33195,Dasyphora paraversicolor,拟变色毛蝇,,,,,,,no_image
33184,Dasyhipps peipingensis,北京棒角蝗,,,,,,,no_image
33124,Dasyhelea nigritula,黑尾毛蠓,,,,,,,no_image
33104,Dasyhelea longipenis,长茎毛蠓,,,,,,,no_image
33164,Dasyhelea sudis,杵椿毛蠓,,,,,,,no_image
138556,Dasyscyphus cerinus,淡黄毛钉菌,,,,,,,no_image
138576,Dasyscyphus leucophaeus,白色毛钉菌,,,,,,,no_image
138596,Dasyscyphus virgineus,洁白毛钉菌,,,,,,,no_image
138274,Davincia helios,,,,,,,,no_image
96800,Decaneuropsis cumingiana,蔓斑鸠菊,,,,,,,no_image
33231,Data thalpophiloides,达沓夜蛾,,,,,,,no_image
6334,Decatoecten plica,褶纹肋扇贝,,,,,,,no_image
96785,Davallia solida,阔叶骨碎补,,,,,,,no_image
15761,Decapauropus tibeticus,西藏十别少足,,,,,,,no_image
33259,Decticus nigrescens,黑头盾螽,,,,,,,no_image
143753,Deightoniella arecae,,,,,,,,no_image
33284,Deinopteroloma tricuspidatum,,,,,,,,no_image
33313,Delia cyclocerca,圆叶地种蝇,,,,,,,no_image
33293,Delia alatavensis,天山地种蝇,,,,,,,no_image
33333,Delia gracilibacilla,瘦杆地种蝇,,,,,,,no_image
33393,Delia tenuiventris,窄腹地种蝇,,,,,,,no_image
33353,Delia mastigella,短鞭地种蝇,,,,,,,no_image
33373,Delia planipalpis,毛尾地种蝇,,,,,,,no_image
96837,Delphinium anthriscifolium,还亮草,,,,,,,no_image
75202,Delichon nipalense,黑喉毛脚燕,,,,,,,no_image
96873,Delphinium chayuense,察隅翠雀花,,,,,,,no_image
96906,Delphinium erlangshanicum,二郎山翠雀花,,,,,,,no_image
97076,Delphinium taipaicum,太白翠雀花,,,,,,,no_image
97020,Delphinium pachycentrum,粗距翠雀花,,,,,,,no_image
96939,Delphinium honanense,河南翠雀花,,,,,,,no_image
96970,Delphinium lasiantherum,毛药翠雀花,,,,,,,no_image
97134,Delphinium yunnanense,云南翠雀花,,,,,,,no_image
97110,Delphinium viscosum,黏毛翠雀花,,,,,,,no_image
96992,Delphinium menyuyanense,门源翠雀花,,,,,,,no_image
97049,Delphinium pycnocentrum,密距翠雀花,,,,,,,no_image
16150,Delurodesmus orientalis,,,,,,,,no_image
33480,Demonax dignus,,,,,,,,no_image
33462,Demicryptochironomus pannus,小片拟隐摇蚊,,,,,,,no_image
33500,Demonax kezukai,,,,,,,,no_image
33523,Demonax nishiyamai,,,,,,,,no_image
33543,Demonax rosicola,,,,,,,,no_image
33583,Demotina gansuica,甘肃茶肖叶甲,,,,,,,no_image
33563,Demonax trudae,,,,,,,,no_image
97172,Dendrobium furcatopedicellatum,双花石斛,,,,,,,no_image
6083,Dendrilla rosea,花骨枝骨海绵,,,,,,,no_image
97192,Dendrobium leptocladum,菱唇石斛,,,,,,,no_image
97215,Dendrobium pendulum,肿节石斛,,,,,,,no_image
97152,Dendrobium chryseum,线叶石斛,,,,,,,no_image
97235,Dendrobium wangliangii,五色石斛,,,,,,,no_image
97257,Dendrocalamus hamiltonii,版纳甜龙竹,,,,,,,no_image
33613,Dendrolimus kikuchii,吉松毛虫,,,,,,,no_image
13251,Dendroicius hotaruae,蛍树伊蛛,,,,,,,no_image
75226,Dendrocitta vagabunda,棕腹树鹊,,,,,,,no_image
97281,Dendrocalamus sinicus,歪脚龙竹,,,,,,,no_image
97325,Dendropanax pellucidopunctatus,台湾树参,,,,,,,no_image
97307,Dendrolobium dispermum,两节假木豆,,,,,,,no_image
97335,Dendrotrophe umbellata,伞花寄生藤,,,,,,,no_image
142826,Dendrothele acerina,,,,,,,,no_image
33651,Densufens multiciliatus,多毛类宽赤眼蜂,,,,,,,no_image
97374,Deparia henryi,鄂西介蕨,,,,,,,no_image
33661,Deraeocoris ainoicus,圆斑齿爪盲蝽,,,,,,,no_image
33657,Dentifibula nigritarsis,黑跗齿铗瘿蚊,,,,,,,no_image
97350,Deparia allantodioides,短肠蛾眉蕨,,,,,,,no_image
33701,Deraeocoris qinlingensis,秦岭齿爪盲蝽,,,,,,,no_image
97402,Deparia pycnosora,东北蛾眉蕨,,,,,,,no_image
33681,Deraeocoris guizhouensis,贵州齿爪盲蝽,,,,,,,no_image
33727,Dere kirai,,,,,,,,no_image
134736,Dermatocarpon luridum,水生皮果衣,,,,,,,no_image
33738,Dermorhytis foveata,凹窝皱皮肖叶甲,,,,,,,no_image
97453,Derris palmifolia,掌叶鱼藤,,,,,,,no_image
33763,Derops vietnamicus,,,,,,,,no_image
97468,Desmanthus pernambucanus,合欢草,,,,,,,no_image
97481,Desmos dumosus,毛叶假鹰爪,,,,,,,no_image
97510,Deutzia glaucophylla,灰绿溲疏,,,,,,,no_image
150114,Deviodontia pilaecystidiata,,,,,,,,no_image
33786,Deutoleon lineatus,条斑次蚁蛉,,,,,,,no_image
97537,Deutzia rubens,粉红溲疏,,,,,,,no_image
33807,Dexiomimops crassipes,厚邻寄蝇,,,,,,,no_image
1700,Diacanthurus ophthalmicus,宽眼双刺寄居蟹,,,,,,,no_image
33825,Dexopollenia uniseta,单鬃瘦粉蝇,,,,,,,no_image
97572,Deyeuxia neglecta,小花野青茅,,,,,,,no_image
33873,Dianous andrewesi,,,,,,,,no_image
33836,Dialineura elongata,长粗柄剑虻,,,,,,,no_image
33856,Diamesa solhoyi,索氏寡角摇蚊,,,,,,,no_image
33895,Dianous coeruleogutta,,,,,,,,no_image
33915,Dianous endymion,,,,,,,,no_image
33958,Dianous radiatus,,,,,,,,no_image
33938,Dianous lieni,,,,,,,,no_image
33978,Dianous sucinigutta,,,,,,,,no_image
33998,Dianous zhejiangensis,,,,,,,,no_image
34031,Diaphorus lividiventris,蓝腹异长足虻,,,,,,,no_image
34011,Diaphorus basiniger,基黑异长足虻,,,,,,,no_image
97610,Dianthus recticaulis,直立膜萼石竹,,,,,,,no_image
34077,Diarsia erythropsis,幽歹夜蛾,,,,,,,no_image
75287,Diaphus mollis,短距眶灯鱼,,,,,,,no_image
34051,Diaphorus triangulatus,三角异长足虻,,,,,,,no_image
141346,Diaporthe culta,,,,,,,,no_image
97625,Diarrhena fauriei,法利龙常草,,,,,,,no_image
34097,Diarsia ruficauda,赭尾歹夜蛾,,,,,,,no_image
144517,Diatrype disciformis,,,,,,,,no_image
34113,Dibrachys confusus,混黑青金小蜂,,,,,,,no_image
142848,Dicellaesporites volubis,,,,,,,,no_image
34139,Dichaetomyia dasiomma,毛眼重豪蝇,,,,,,,no_image
131795,Dichomera gemmicola,,,,,,,,no_image
97641,Dichocarpum auriculatum,耳状人字果,,,,,,,no_image
75311,Dicaeum ignipectus,红胸啄花鸟,,,,,,,no_image
34159,Dichaetomyia quadrata,四鬃重毫蝇,,,,,,,no_image
34179,Dichaetophora pseudotenuicauda,断带双鬃果蝇,,,,,,,no_image
97665,Dichroa febrifuga,常山,,,,,,,no_image
97684,Dicranella cerviculata,短颈小曲尾藓,,,,,,,no_image
97674,Dichrostachys cinerea,代儿茶,,,,,,,no_image
34220,Dicranomyia baileyana,贝氏细大蚊,,,,,,,no_image
97700,Dicranodontium asperulum,粗叶青毛藓,,,,,,,no_image
34240,Dicranomyia hainaniana,海南细大蚊,,,,,,,no_image
34280,Dicranomyia subpunctulata,点斑细大蚊,,,,,,,no_image
18433,Dicranophorus uncinatus,钩形猪吻轮虫,,,,,,,no_image
97726,Dicranostigma platycarpum,宽果秃疮花,,,,,,,no_image
97728,Dicranoweisia crispula,卷毛藓,,,,,,,no_image
34260,Dicranomyia pammelas,黑细大蚊,,,,,,,no_image
75341,Dicrurus remifer,小盘尾,,,,,,,no_image
34303,Dicranoptycha nigrotibialis,黑胫褶大蚊,,,,,,,no_image
75320,Dicrolene multifilis,多丝丝指鼬鳚,,,,,,,no_image
97748,Dicranum lorifolium,硬叶曲尾藓,,,,,,,no_image
13608,Dictyna felis,猫卷叶蛛,,,,,,,no_image
75343,Dictyosoma burgeri,,,,,,,,no_image
144675,Didymobotryum verrucosum,,,,,,,,no_image
141267,Dictyochaetopsis antillana,,,,,,,,no_image
97821,Didymodon fallax,北地对齿藓,,,,,,,no_image
14179,Dicymbium tibiale,胫毛双舟蛛,,,,,,,no_image
133462,Dictyosporium nigroapice,,,,,,,,no_image
97797,Didymocarpus silvarum,林生长蒴苣苔,,,,,,,no_image
97843,Didymodon rivicola,溪边对齿藓,,,,,,,no_image
34387,Dideoides kempi,狭带直脉蚜蝇,,,,,,,no_image
142855,Didymoporisporonites oblongatus,,,,,,,,no_image
141684,Didymostilbe australiensis,,,,,,,,no_image
34406,Diestramima intermedia,居中突灶螽,,,,,,,no_image
97887,Digitaria ischaemum,止血马唐,,,,,,,no_image
34466,Dilophus bipunctatus,双斑棘毛蚊,,,,,,,no_image
34414,Diglyphomorphomyia fossa,中沟雕姬小蜂,,,,,,,no_image
34453,Dilar sinicus,中华栉角蛉,,,,,,,no_image
34433,Dilar chebalingensis,车八岭栉角蛉,,,,,,,no_image
34478,Dimelaphis obtusifalcata,钝镰离倍蚜,,,,,,,no_image
135003,Dimeromyces rugosus,,,,,,,,no_image
34487,Dindica hepatica,洪峰尺蛾,,,,,,,no_image
34510,Dindicodes vigil,砂涡尺蛾,,,,,,,no_image
34521,Dinera guanxiensis,广西迪内寄蝇,,,,,,,no_image
34552,Dinothenarus regalis,,,,,,,,no_image
34534,Dinocarsiella quinqueguttata,五斑敌若跳小蜂,,,,,,,no_image
34572,Diochus bicornutus,,,,,,,,no_image
5275,Diogener fasciatus,宽带活额寄居蟹,,,,,,,no_image
34588,Dioides jinxiuensis,金秀异缟蝇,,,,,,,no_image
136830,Diorygma pachygraphum,厚唇霜盘衣,,,,,,,no_image
97968,Dioscorea esquirolii,七叶薯蓣,,,,,,,no_image
97995,Dioscorea poilanei,吊罗薯蓣,,,,,,,no_image
98018,Diospyros brandisiana,长柱柿,,,,,,,no_image
98082,Diospyros xiangguiensis,湘桂柿,,,,,,,no_image
98038,Diospyros hasseltii,黑毛柿,,,,,,,no_image
98061,Diospyros oldhamii,红柿,,,,,,,no_image
34612,Diostracus lii,李氏巨口长足虻,,,,,,,no_image
34624,Dioxyna bidentis,鬼针长唇实蝇,,,,,,,no_image
98100,Diphyscium foliosum,短颈藓,,,,,,,no_image
34628,Diphtherocome discibrunnea,白线青夜蛾,,,,,,,no_image
98123,Diplazium bellum,美丽短肠蕨,,,,,,,no_image
34639,Diplatys denticulatus,锯齿丝尾螋,,,,,,,no_image
98194,Diplazium pseudosetigerum,矩圆短肠蕨,,,,,,,no_image
98148,Diplazium hachijoense,薄盖短肠蕨,,,,,,,no_image
98172,Diplazium matthewii,阔片短肠蕨,,,,,,,no_image
98221,Diplazium viridescens,草绿短肠蕨,,,,,,,no_image
34651,Diplochasma alboapicata,白顶颜脊缟蝇,,,,,,,no_image
131800,Diplodia euonymi,,,,,,,,no_image
75372,Diploderma donglangense,东朗攀蜥,,,,,,,no_image
75392,Diploderma qiaojiaense,巧家攀蜥,,,,,,,no_image
16214,Diplomaragna gracilipes,,,,,,,,no_image
34665,Diplonevra peregrina,广东栅蚤蝇,,,,,,,no_image
34680,Diplotoxa xantha,黄尖近脉秆蝇,,,,,,,no_image
11507,Dipoena shortiducta,短管圆腹蛛,,,,,,,no_image
98247,Diploprora truncata,孟连蛇舌兰,,,,,,,no_image
136843,Diploschistes sinensis,中华双缘衣,,,,,,,no_image
142891,Diporicellaesporites liaoningensis,,,,,,,,no_image
98271,Dipsacus sativus,拉毛果,,,,,,,no_image
9802,Diptacus wenisis,,,,,,,,no_image
9793,Diptacus liquidambaris,,,,,,,,no_image
9726,Diptilomiopus ligustri,,,,,,,,no_image
75423,Diptychus maculatus,斑重唇鱼,,,,,,,no_image
9837,Diptilomiopus averrhoae,,,,,,,,no_image
34689,Disasuridia rubida,赤角苔蛾,,,,,,,no_image
75434,Dischistodus prosopotaenia,黑背盘雀鲷,,,,,,,no_image
34703,Discobola taivanella,台湾盘斑大蚊,,,,,,,no_image
75448,Discogobio tetrabarbatus,四须盘&#x0000E068;,,,,,,,no_image
10253,Disella aceriae,,,,,,,,no_image
34731,Distenia mellina,,,,,,,,no_image
98316,Disporum shimadae,山万寿竹,,,,,,,no_image
155810,Dispira parvispora,小孢双卷霉,,,,,,,no_image
75452,Distoechodon compressus,扁圆吻鲴,,,,,,,no_image
98331,Distichophyllum carinatum,折叶黄藓,,,,,,,no_image
8566,Distorsio muehlhaeusseri,美好色扭螺,,,,,,,no_image
98380,Ditrichum pusillum,细叶牛毛藓,,,,,,,no_image
98369,Distylium racemosum,蚊母树,,,,,,,no_image
34786,Ditrigona lineata,线角白钩蛾,,,,,,,no_image
34812,Ditrigona virgo,枝白钩蛾,,,,,,,no_image
34846,Docosia flabellate,扇状多菌蚊,,,,,,,no_image
154735,Doassansiopsis guangdongensis,广东虚球黑粉菌,,,,,,,no_image
34823,Dixa nigripleura,黑胸细蚊,,,,,,,no_image
34884,Dohrniphora longisetalis,长鬃栓蚤蝇,,,,,,,no_image
34917,Dolichocephala sinica,中华长头舞虻,,,,,,,no_image
98398,Dodonaea viscosa,车桑子,,,,,,,no_image
34907,Dolgoma ovalis,圆朵苔蛾,,,,,,,no_image
34969,Dolichopodomintho dolichopiformis,长形长爪寄蝇,,,,,,,no_image
98401,Dolichomitriopsis diversiformis,尖叶拟船叶藓,,,,,,,no_image
34949,Dolichopeza lugubrivestis,圆尾裸纤足大蚊,,,,,,,no_image
35028,Dolichopus tenuicornis,细角长柄长足虻,,,,,,,no_image
34988,Dolichopus exsul,尖突长足虻,,,,,,,no_image
35008,Dolichopus meyeri,麦氏长足虻,,,,,,,no_image
98408,Dolichos thorelii,海南镰扁豆,,,,,,,no_image
35053,Dolichosciara qingliangfengana,清凉峰突眼蕈蚊,,,,,,,no_image
98414,Dolomiaea forrestii,膜缘川木香,,,,,,,no_image
12664,Dolomedes chevronus,山狡蛛,,,,,,,no_image
35070,Domene chenpengi,,,,,,,,no_image
35090,Domene tui,,,,,,,,no_image
98428,Donella lanceolata,多花金叶树,,,,,,,no_image
35122,Dorcadion morozovi,,,,,,,,no_image
98442,Dopatrium junceum,虻眼,,,,,,,no_image
98448,Doronicum gansuense,甘肃多榔菊,,,,,,,no_image
132266,Dothidea tetraspora,,,,,,,,no_image
98453,Doryopteris concolor,黑心蕨,,,,,,,no_image
35173,Downesia javana,爪哇平脊甲,,,,,,,no_image
35165,Dorysthenes walkeri,,,,,,,,no_image
98502,Draba polyphylla,多叶葶苈,,,,,,,no_image
98482,Draba jucunda,愉悦葶苈,,,,,,,no_image
98462,Draba bartholomewii,匍匐葶苈,,,,,,,no_image
35208,Drabescus lamellatus,片茎胫槽叶蝉,,,,,,,no_image
35188,Drabescoides longiarmus,长臂阔颈叶蝉,,,,,,,no_image
98539,Dracocephalum integrifolium,全缘叶青兰,,,,,,,no_image
98564,Dracocephalum truncatum,截萼毛建草,,,,,,,no_image
98522,Dracaena cochinchinensis,剑叶龙血树,,,,,,,no_image
12506,Draconarius hangzhouensis,杭州龙隙蛛,,,,,,,no_image
12192,Draconarius bituberculatus,双瘤龙隙蛛,,,,,,,no_image
12396,Draconarius davidi,大卫龙隙蛛,,,,,,,no_image
35227,Drailea aristata,縯金小蜂,,,,,,,no_image
12510,Draconarius linzhiensis,林芝龙隙蛛,,,,,,,no_image
12320,Draconarius sublutulentus,亚污龙隙蛛,,,,,,,no_image
12405,Draconarius uncinatus,钩刺龙隙蛛,,,,,,,no_image
12394,Draconarius paracidentatus,拟尖齿龙隙蛛,,,,,,,no_image
12375,Draconarius qingzangensis,青藏龙隙蛛,,,,,,,no_image
13774,Drassodes involutus,内卷掠蛛,,,,,,,no_image
13669,Drassyllus pantherius,褐纹近狂蛛,,,,,,,no_image
35248,Drasteria scolopax,鹬妃夜蛾,,,,,,,no_image
98591,Drepanolejeunea erecta,日本角鳞苔,,,,,,,no_image
98612,Drepanostachyum stoloniforme,匍匐镰序竹,,,,,,,no_image
35300,Drino longicornis,长角赘寄蝇,,,,,,,no_image
35250,Drepana curoatnla,赤杨镰钩蛾,,,,,,,no_image
35280,Drino atropivora,天蛾赘寄蝇,,,,,,,no_image
18073,Drawida propatula,平展杜拉蚓,,,,,,,no_image
35327,Drosophila asahinai,日奈氏果蝇,,,,,,,no_image
4077,Dromia wilsoni,威尔逊绵蟹,,,,,,,no_image
35347,Drosophila brevipapilla,短乳突果蝇,,,,,,,no_image
35387,Drosophila immacularis,无斑果蝇,,,,,,,no_image
35428,Drosophila mutica,钝突果蝇,,,,,,,no_image
35489,Drosophila sinobscura,中国暗果蝇,,,,,,,no_image
35407,Drosophila littoralis,滨海果蝇,,,,,,,no_image
35367,Drosophila flumenicola,栖河果蝇,,,,,,,no_image
35448,Drosophila pagoda,塔果蝇,,,,,,,no_image
35469,Drosophila pyo,小高桥果蝇,,,,,,,no_image
35528,Drumontiana amplipennis,,,,,,,,no_image
35511,Drosophila triantilia,三角果蝇,,,,,,,no_image
35554,Drymeia alpicola,山栖胡蝇,,,,,,,no_image
35539,Drusilla kadooriorum,,,,,,,,no_image
35574,Drymeia fulvinervula,黄脉胡蝇,,,,,,,no_image
35615,Drymeia sichuanensis,四川胡蝇,,,,,,,no_image
35595,Drymeia montana,山胡蝇,,,,,,,no_image
98641,Drynaria meyeniana,连珠蕨,,,,,,,no_image
98675,Dryopteris carthusiana,刺叶鳞毛蕨,,,,,,,no_image
75490,Dryophytes immaculata,无斑环太雨蛙,,,,,,,no_image
98699,Dryopteris diffracta,弯柄假复叶耳蕨,,,,,,,no_image
98721,Dryopteris gymnophylla,裸叶鳞毛蕨,,,,,,,no_image
98761,Dryopteris melanocarpa,黑苞鳞毛蕨,,,,,,,no_image
98741,Dryopteris jiucaipingensis,韭菜坪鳞毛蕨,,,,,,,no_image
98825,Dryopteris subpycnopteroides,近密鳞鳞毛蕨,,,,,,,no_image
98783,Dryopteris porosa,微孔鳞毛蕨,,,,,,,no_image
98847,Dryopteris wusugongii,细裂鱼鳞蕨,,,,,,,no_image
98803,Dryopteris shiakeana,霞客鳞毛蕨,,,,,,,no_image
98876,Dubyaea emeiensis,峨眉厚喙菊,,,,,,,no_image
2137,Dulichiella appendiculata,悬生长螯钩虾,,,,,,,no_image
98865,Drypetes littoralis,滨海核果木,,,,,,,no_image
142907,Dyadosporonites solidus,,,,,,,,no_image
98933,Durio zibethinus,榴梿,,,,,,,no_image
75493,Ducula badia,山皇鸠,,,,,,,no_image
98919,Dunbaria debilis,小叶野扁豆,,,,,,,no_image
2966,Dynomene hispida,硬毛贝绵蟹,,,,,,,no_image
98963,Dysoxylum pallens,少花樫木,,,,,,,no_image
35707,Dysmicoccus brevipes,洁粉蚧,,,,,,,no_image
98943,Dysosma aurantiocaulis,云南八角莲,,,,,,,no_image
35690,Dysgonia arctotaenia,玫瑰巾夜蛾,,,,,,,no_image
35737,Dysstroma imitaria,仿涤尺蛾,,,,,,,no_image
35758,Dzhanokmenia antonovae,安东宽脉啮小蜂,,,,,,,no_image
35778,Earias pudicana,粉缘钴夜蛾,,,,,,,no_image
98971,Eberhardtia tonkinensis,梭子果,,,,,,,no_image
35798,Ecacanthothrips inarmatus,桔锥管蓟马,,,,,,,no_image
98999,Echinops nanus,丝毛蓝刺头,,,,,,,no_image
75516,Echeneis naucrates,鮣,,,,,,,no_image
14449,Echinax oxyopoides,类猫刺蛛,,,,,,,no_image
8225,Echinomuricea peterseni,皮氏刺尖柳珊瑚,,,,,,,no_image
5583,Echinothrix calamaris,环刺棘海胆,,,,,,,no_image
145263,Echinoderma echinaceum,,,,,,,,no_image
35839,Ecliptopera albogilva,黄折线尺蛾,,,,,,,no_image
35866,Ecphanthacris mirabilis,罕蝗,,,,,,,no_image
35874,Ectmetopterus bicoloratus,橙跃盲蝽,,,,,,,no_image
7510,Ectopleura sacculifera,囊外肋水母,,,,,,,no_image
99027,Ectropothecium wangianum,密枝偏蒴藓,,,,,,,no_image
35904,Edaphosoma yunnanense,,,,,,,,no_image
35924,Edaphus creusa,,,,,,,,no_image
35944,Edaphus julus,,,,,,,,no_image
35964,Edaphus peitawumontis,,,,,,,,no_image
35984,Edaphus triangularifrons,,,,,,,,no_image
10756,Edwardsia rubricollum,红领爱氏海葵,,,,,,,no_image
36030,Egnasia ephyrodalis,厄夜蛾,,,,,,,no_image
36012,Egesina salicivora,,,,,,,,no_image
99037,Ehretia changjiangensis,昌江厚壳树,,,,,,,no_image
36036,Eilema apicalis,端褐土苔蛾,,,,,,,no_image
36058,Eilema mesospila,中点土苔蛾,,,,,,,no_image
134421,Eladia tibetensis,,,,,,,,no_image
7378,Eirene lactea,乳状和平水母,,,,,,,no_image
36079,Elachertus oligiramus,单枝狭面姬小蜂,,,,,,,no_image
99084,Elaeagnus grijsii,多毛羊奶子,,,,,,,no_image
99153,Elaeocarpus decanclrus,缘瓣杜英,,,,,,,no_image
99107,Elaeagnus multiflora,木半夏,,,,,,,no_image
99131,Elaeagnus tubiflora,管花胡颓子,,,,,,,no_image
99185,Elaeocarpus multiflorus,繁花杜英,,,,,,,no_image
36108,Elaphropeza calcarifera,尖突黄隐肩舞虻,,,,,,,no_image
75548,Elaphe anomala,赤峰锦蛇,,,,,,,no_image
99205,Elaphoglossum sinii,圆叶舌蕨,,,,,,,no_image
36128,Elaphropeza longicalcaris,长突黄隐肩舞虻,,,,,,,no_image
36148,Elaphropeza triangulata,角斑黄隐肩舞虻,,,,,,,no_image
2107,Elasmopus pectenicrus,梳齿片钩虾,,,,,,,no_image
36174,Elatophilus nipponensis,日本松花蝽,,,,,,,no_image
99237,Elatostema arcuatipes,曲梗楼梯草,,,,,,,no_image
99288,Elatostema crassimucronatum,粗尖楼梯草,,,,,,,no_image
99316,Elatostema dissectum,盘托楼梯草,,,,,,,no_image
99263,Elatostema boehmerioides,苎麻楼梯草,,,,,,,no_image
99391,Elatostema longgangense,弄岗楼梯草,,,,,,,no_image
99435,Elatostema nanchuanense,南川楼梯草,,,,,,,no_image
99368,Elatostema integrifolium,全缘楼梯草,,,,,,,no_image
99346,Elatostema goniocephalum,角托楼梯草,,,,,,,no_image
99415,Elatostema malipoense,麻栗坡楼梯草,,,,,,,no_image
99516,Elatostema retrohirtum,曲毛楼梯草,,,,,,,no_image
99469,Elatostema pachycephalum,厚序楼梯草,,,,,,,no_image
99493,Elatostema procridioides,渤生楼梯草,,,,,,,no_image
99539,Elatostema sinopurpureum,紫花楼梯草,,,,,,,no_image
99583,Elatostema wugangense,武冈楼梯草,,,,,,,no_image
99563,Elatostema tetratepalum,四被楼梯草,,,,,,,no_image
1872,Electra gracilis,细小琥珀苔虫,,,,,,,no_image
36185,Electrophaes euryleuca,明焰尺蛾,,,,,,,no_image
99607,Eleocharis erhaiensis,耳海荸荠,,,,,,,no_image
36205,Elephantomyia major,,,,,,,,no_image
99651,Eleutherococcus brachypus,短柄五加,,,,,,,no_image
99634,Eleocharis tetraquetra,龙师草,,,,,,,no_image
75572,Eleutheronema tetradactylum,四指马鲅,,,,,,,no_image
36226,Elimaea berezovskii,贝氏掩耳螽,,,,,,,no_image
36246,Elimaea maja,大掩耳螽,,,,,,,no_image
36266,Elimaea tympanalis,长尾掩耳螽,,,,,,,no_image
36284,Ellipteroides perturbatus,陀螺圆大蚊,,,,,,,no_image
99702,Elsholtzia griffithii,长苞香薷,,,,,,,no_image
142918,Ellisembia crassispora,,,,,,,,no_image
36299,Eloeophila similissima,扁鼻原大蚊,,,,,,,no_image
142938,Ellisembia suttonii,,,,,,,,no_image
99749,Elymus barystachyus,硬穗披碱草,,,,,,,no_image
99724,Elsholtzia zhongyangii,钟扬香薷,,,,,,,no_image
99780,Elymus duthiei,定结鹅观草,,,,,,,no_image
99808,Elymus leiotropis,光脊鹅观草,,,,,,,no_image
75587,Emberiza cia,淡灰眉岩鹀,,,,,,,no_image
99862,Elymus yushuensis,玉树鹅观草,,,,,,,no_image
75637,Emberiza stewarti,白顶鹀,,,,,,,no_image
99836,Elymus serpentinus,蜿轴鹅观草,,,,,,,no_image
99874,Embelia floribunda,多花酸藤子,,,,,,,no_image
36339,Emmesomyia roborospinosa,坚刺粪泉蝇,,,,,,,no_image
11746,Emertonella taczanowskii,塔赞埃蛛,,,,,,,no_image
36376,Empis poecilosoma,变色缺脉舞虻,,,,,,,no_image
36356,Empis hyalogyne,四纹黄平舞虻,,,,,,,no_image
1558,Emplectonema mitsuii,三井卷曲纽虫,,,,,,,no_image
36399,Enarmonodes recreantana,岱岔小卷蛾,,,,,,,no_image
75652,Encheliophis homei,长胸细潜鱼,,,,,,,no_image
18420,Encentrum flexilis,柔韧中吻轮虫,,,,,,,no_image
144502,Endocalyx cinctus,,,,,,,,no_image
75665,Encrasicholina punctifer,银灰半棱鳀,,,,,,,no_image
36423,Endoiasimyia formosana,台湾里蚜蝇,,,,,,,no_image
142977,Endophragmiella theobromae,,,,,,,,no_image
153176,Endocronartium harknessii,,,,,,,,no_image
142957,Endophragmiella dimorphospora,,,,,,,,no_image
142982,Endosporoideus pedicellatus,,,,,,,,no_image
286,Enigmonia aenigmatica,难解不等蛤,,,,,,,no_image
75667,Engyprosopon brevifrontale,短体短额鲆,,,,,,,no_image
36439,Enneastigma shanghaiensis,上海九点花蝇,,,,,,,no_image
75689,Enneapterygius elegans,美丽双线鳚,,,,,,,no_image
11547,Enoplognatha ovata,卵形齿螯蛛,,,,,,,no_image
36458,Entedon gracilior,纤灿姬小蜂,,,,,,,no_image
36479,Entephria punctatissima,点石尺蛾,,,,,,,no_image
36445,Ensiferella elongata,长茎扁芒秆蝇,,,,,,,no_image
146083,Entoloma acutoconicum,尖 圆锥粉褶蕈,,,,,,,no_image
99988,Entodon plicatus,皱叶绢藓,,,,,,,no_image
99968,Entocladia viridis,内枝藻,,,,,,,no_image
146103,Entoloma atrum,,,,,,,,no_image
146123,Entoloma clypeatum,晶盖粉褶蕈,,,,,,,no_image
146163,Entoloma incanum,,,,,,,,no_image
146143,Entoloma excentricum,偏盖红褶伞,,,,,,,no_image
146183,Entoloma mediterraneense,,,,,,,,no_image
146223,Entoloma sarcitulum,肉盖红褶伞,,,,,,,no_image
146203,Entoloma peckianum,佩克粉褶蕈,,,,,,,no_image
146243,Entoloma subinfundibuliforme,近漏斗形粉褶蕈,,,,,,,no_image
146263,Entoloma violaceum,灰紫粉褶蕈,,,,,,,no_image
36484,Entomogramma fautrix,眯目夜蛾,,,,,,,no_image
155405,Entomophthora fresenii,,,,,,,,no_image
155385,Entomophthora canadensis,加拿大虫疫霉,,,,,,,no_image
18951,Entomobrya fjellbergi,,,,,,,,no_image
36498,Entoria fujianensis,福建长肛䗛,,,,,,,no_image
155425,Entomophthora scatophaga,,,,,,,,no_image
36518,Entoria wuzhishanense,五指山长肛䗛,,,,,,,no_image
152824,Entyloma dubium,,,,,,,,no_image
6176,Eocylichna sigmolabris,弯唇原盒螺,,,,,,,no_image
36551,Eodorcadion oreadis,,,,,,,,no_image
9223,Eohypochthonius magnus,大东缝甲螨,,,,,,,no_image
75725,Eopsetta grigorjewi,格氏虫鲽,,,,,,,no_image
18221,Eosphora thoa,圆盖柱头轮虫,,,,,,,no_image
9688,Eotetranychus cunninghamiae,,,,,,,,no_image
9625,Eotetranychus sexmaculatus,,,,,,,,no_image
75744,Eothenomys miletus,大绒鼠,,,,,,,no_image
36607,Eoxizicus hunanensis,湖南东栖螽,,,,,,,no_image
36637,Epania brevipennis,,,,,,,,no_image
15842,Epanerchodus jaegeri,,,,,,,,no_image
36626,Epacanthaclisis maculatus,小斑溪蚁蛉,,,,,,,no_image
36657,Epeurysa infumata,烟翅短头飞虱,,,,,,,no_image
100033,Ephedra lomatolepis,窄膜麻黄,,,,,,,no_image
36714,Epiblema autolitha,白块小卷蛾,,,,,,,no_image
36673,Ephesia ella,意光裳夜蛾,,,,,,,no_image
36698,Ephesia xizangensis,西藏光裳夜蛾,,,,,,,no_image
3733,Epigarpsus notatus,明显上方蟹,,,,,,,no_image
134615,Epidermophyton floccosum,,,,,,,,no_image
36747,Epicypta pusilla,细小埃菌蚊,,,,,,,no_image
133596,Epicoccum tritici,,,,,,,,no_image
100058,Epilobium anagallidifolium,新疆柳叶菜,,,,,,,no_image
36784,Epilobophora venipicta,绣脉后叶尺蛾,,,,,,,no_image
100079,Epilobium pengii,网籽柳叶菜,,,,,,,no_image
100105,Epimedium enshiense,恩施淫羊藿,,,,,,,no_image
100125,Epimedium multiflorum,多花淫羊藿,,,,,,,no_image
100149,Epimedium truncatum,偏斜淫羊藿,,,,,,,no_image
75767,Epinephelus cyanopodus,蓝鳍石斑鱼,,,,,,,no_image
75787,Epinephelus quoyanus,玳瑁石斑鱼,,,,,,,no_image
36793,Epinotia ramella,桦叶小卷蛾,,,,,,,no_image
36805,Epipedocera atra,,,,,,,,no_image
18401,Epiphanes pelagica,敞水水轮虫,,,,,,,no_image
36837,Epiplema erasaria,后齿蛱蛾,,,,,,,no_image
36871,Epirrhoe virginea,贞洲尺蛾,,,,,,,no_image
36848,Epipristis roseus,粉斑京尺蛾,,,,,,,no_image
11589,Episinus makiharai,牧原丘腹蛛,,,,,,,no_image
36914,Epistrophe griseofasciata,灰带垂边蚜蝇,,,,,,,no_image
36886,Episothalma cuspidata,尖翼尺蛾,,,,,,,no_image
36950,Epitoxus bullatus,布拉凹背阎甲,,,,,,,no_image
36934,Epistrophe zibaiensis,紫柏垂边蚜蝇,,,,,,,no_image
10156,Epitrimerus lobatiae,,,,,,,,no_image
36951,Epodonta colorata,卡齿舟蛾,,,,,,,no_image
75809,Eptatretus cheni,陈氏黏盲鳗,,,,,,,no_image
75818,Equulites elongatus,长身马鲾,,,,,,,no_image
100209,Eragrostis elongata,双药画眉草,,,,,,,no_image
100229,Eranthemum austrosinense,华南可爱花,,,,,,,no_image
75836,Eremias stummeri,天山麻蜥,,,,,,,no_image
37007,Erecticornia castanopinnae,栗翅竖角蝉,,,,,,,no_image
36989,Erebia turanica,图兰红眼蝶,,,,,,,no_image
100259,Eremogone formosa,美丽老牛筋,,,,,,,no_image
8836,Eremobelba truncata,截沙足甲螨,,,,,,,no_image
100280,Eremopyrum orientale,东方旱麦草,,,,,,,no_image
37037,Ericeia pertendens,断线南夜蛾,,,,,,,no_image
17388,Ergalatax tokugawai,德川爱尔螺,,,,,,,no_image
100324,Erigeron leucoglossus,白舌飞蓬,,,,,,,no_image
138622,Erinellina sinensis,中国亚棘盘菌,,,,,,,no_image
100304,Erigeron allochrous,异色飞蓬,,,,,,,no_image
100344,Erigeron vicarius,蓝舌飞蓬,,,,,,,no_image
100345,Eriobotrya ×,大渡河枇杷,,,,,,,no_image
100384,Eriocaulon nantoense,南投谷精草,,,,,,,no_image
138602,Erinella cervina,,,,,,,,no_image
100408,Eriochloa villosa,野黍,,,,,,,no_image
37083,Erionota torus,黄斑蕉弄蝶,,,,,,,no_image
37073,Eriococcus transversus,竹鞘绒蚧,,,,,,,no_image
37108,Eriosoma fukangense,阜康绵蚜,,,,,,,no_image
10376,Eriophyes harbinensis,,,,,,,,no_image
37094,Erioptera juvenilis,黑足绵大蚊,,,,,,,no_image
37127,Eriothrix rufomaculata,红斑缘刺寄蝇,,,,,,,no_image
3748,Eriphia scabricula,粗糙酋妇蟹,,,,,,,no_image
37146,Eristalis himalayensis,喜马拉雅管蚜蝇,,,,,,,no_image
75857,Erithacus rubecula,欧亚鸲,,,,,,,no_image
100456,Eritrichium latifolium,宽叶齿缘草,,,,,,,no_image
100479,Eritrichium tangkulaense,唐古拉齿缘草,,,,,,,no_image
37174,Erragonalia choui,周氏凸唇叶蝉,,,,,,,no_image
100485,Erodium cicutarium,芹叶牻牛儿苗,,,,,,,no_image
100501,Eryngium foetidum,刺芹,,,,,,,no_image
155449,Erynia erinacea,猬孢虫疫霉,,,,,,,no_image
37177,Erycia fasciata,斑埃里寄蝇,,,,,,,no_image
37188,Erynnis montanus,深山珠弄蝶,,,,,,,no_image
137941,Erysiphe aquilegiae,,,,,,,,no_image
100524,Erysimum pachycarpum,厚果糖芥,,,,,,,no_image
137961,Erysiphe convolvuli,,,,,,,,no_image
137981,Erysiphe heraclei,,,,,,,,no_image
138021,Erysiphe sambuci,,,,,,,,no_image
138001,Erysiphe necator,,,,,,,,no_image
9444,Erythraeus plumatus,,,,,,,,no_image
75872,Erythrogenys gravivox,斑胸钩嘴鹛,,,,,,,no_image
37202,Erythrus angustatus,,,,,,,,no_image
100550,Erythrina speciosa,象牙花,,,,,,,no_image
37220,Esakiopteryx volitans,黑夷尺蛾,,,,,,,no_image
37239,Estimata praeusta,棕顶茹夜蛾,,,,,,,no_image
37249,Ethirothrips stenomelas,窄体隐管蓟马,,,,,,,no_image
75889,Esox lucius,白斑狗鱼,,,,,,,no_image
240,Etisus frontalis,前额滑面蟹,,,,,,,no_image
37257,Euaesthetus spinicollis,,,,,,,,no_image
4384,Etrema acricula,锐腹螺,,,,,,,no_image
5197,Eualus gracilirostris,细额安乐虾,,,,,,,no_image
37302,Euborellia plebeja,贝小肥螋,,,,,,,no_image
75907,Eubleekeria splendens,黑边布氏鲾,,,,,,,no_image
37314,Eucera longicornis,长角长须蜂,,,,,,,no_image
18499,Euchlanis dilatata,大肚须足轮虫,,,,,,,no_image
100614,Eucalyptus paniculata,圆锥花桉,,,,,,,no_image
7275,Eucheilota tropica,热带真唇水母,,,,,,,no_image
37357,Eucoenogenes japonica,日绿小卷蛾,,,,,,,no_image
4274,Eucithara capillacea,曲纵肋螺,,,,,,,no_image
37336,Euchorthippus yungningensis,永宁异爪蝗,,,,,,,no_image
37376,Euconnus parafricatoris,,,,,,,,no_image
37436,Eudasyphora schizosternita,裂腹优毛蝇,,,,,,,no_image
37393,Eucosma bimaculata,双花小卷蛾,,,,,,,no_image
4193,Eucyclotoma albomacula,高盘肋螺,,,,,,,no_image
37408,Eucriotettix grandis,大优角蚱,,,,,,,no_image
37482,Eudorylas lentiger,凸形优头蝇,,,,,,,no_image
7529,Eudendrium rameum,多枝真枝螅,,,,,,,no_image
37530,Eugraphe praecipua,捷图夜蛾,,,,,,,no_image
37509,Eugnosta dives,双条银纹卷蛾,,,,,,,no_image
37464,Eudocima homaena,镶艳叶夜蛾,,,,,,,no_image
7758,Eudoxoides spiralis,螺旋尖角水母,,,,,,,no_image
37549,Euhamitermes yui,尤氏亮白蚁,,,,,,,no_image
100643,Eulalia brevifolia,短叶金茅,,,,,,,no_image
37571,Euhybus xui,许氏优驼舞虻,,,,,,,no_image
37594,Eulecanium gigantea,枣球蜡蚧,,,,,,,no_image
37618,Eulithis pulchraria,灰云纹尺蛾,,,,,,,no_image
37642,Eumantispa taiwanensis,台湾优螳蛉,,,,,,,no_image
100665,Eulophia flava,黄花美冠兰,,,,,,,no_image
37650,Eumegalura mandarina,铗球螋,,,,,,,no_image
802,Eumunida parva,小真刺铠虾,,,,,,,no_image
37672,Eumerus perpensus,粉斑平颜蚜蝇,,,,,,,no_image
37694,Eunotus parvulus,小蚧金小蜂,,,,,,,no_image
100695,Euonymus chenmoui,陈谋卫矛,,,,,,,no_image
100715,Euonymus grandiflorus,大花卫矛,,,,,,,no_image
100735,Euonymus microcarpus,小果卫矛,,,,,,,no_image
100757,Euonymus spraguei,疏刺卫矛,,,,,,,no_image
100777,Euonymus yunnanensis,云南卫矛,,,,,,,no_image
100786,Eupatorium japonicum,白头婆,,,,,,,no_image
1755,Eupanthalis elongate,细长真齿鳞虫,,,,,,,no_image
37738,Euphaea formosa,台湾溪蟌,,,,,,,no_image
37720,Eupeodes harbinensis,哈优蚜蝇,,,,,,,no_image
100844,Euphorbia marginata,银边翠,,,,,,,no_image
100803,Euphorbia cotinifolia,岛紫锦木,,,,,,,no_image
100824,Euphorbia hsinchuensis,新竹地锦草,,,,,,,no_image
100864,Euphorbia serpens,匍根大戟,,,,,,,no_image
37746,Euphorus evidus,婷优茧蜂,,,,,,,no_image
100886,Euphrasia durietziana,多腺小米草,,,,,,,no_image
37773,Euphyia coangulata,同角游尺蛾,,,,,,,no_image
7481,Euphysora brunnescentis,褐色真囊水母,,,,,,,no_image
17687,Euplecta cf.,东湖克真卷螺,,,,,,,no_image
37805,Euplectrus liparidis,毒蛾距小蜂,,,,,,,no_image
37824,Euplexia literata,文锦夜蛾,,,,,,,no_image
37840,Euploea eunice,黑紫斑蝶,,,,,,,no_image
75928,Eupogonesthes xenicus,真芒巨口鱼,,,,,,,no_image
37888,Euproctis callipotama,渗黄毒蛾,,,,,,,no_image
37908,Euproctis flavinata,星黄毒蛾,,,,,,,no_image
37928,Euproctis leucozona,积带黄毒蛾,,,,,,,no_image
37968,Euproctis tridens,三叉黄毒蛾,,,,,,,no_image
37948,Euproctis pinoptera,角斑黄毒蛾,,,,,,,no_image
9343,Eupterotegaeus armatus,饰真翅背甲螨,,,,,,,no_image
3498,Eurapha withersi,白条地藤壶,,,,,,,no_image
100917,Eurhynchium laxirete,疏网美喙藓,,,,,,,no_image
38041,Euroleon sjostedti,肖东蚁蛉,,,,,,,no_image
100958,Eurya hupehensis,鄂柃,,,,,,,no_image
100932,Eurya cavinervis,云南凹脉柃,,,,,,,no_image
101004,Eurya shaolinchiana,邵氏柃,,,,,,,no_image
38044,Eurycardiochiles dongzu,侗宽折茧蜂,,,,,,,no_image
100981,Eurya obtusifolia,钝叶柃,,,,,,,no_image
11762,Euryopis cyclosisa,旋转宽胸蛛,,,,,,,no_image
9550,Eurytetranychus ulmi,,,,,,,,no_image
38067,Eurysthaea scutellaris,小盾宽寄蝇,,,,,,,no_image
38114,Eusarima spiculiformis,针美萨瓢蜡蝉,,,,,,,no_image
38094,Eusarima foetida,污美萨瓢蜡蝉,,,,,,,no_image
38151,Eusphalerum ferruccii,,,,,,,,no_image
38171,Eusphalerum rougemonti,,,,,,,,no_image
5623,Euspira yokoyamai,横山镰玉螺,,,,,,,no_image
38134,Eushachia aurata,金优舟蛾,,,,,,,no_image
38197,Eustroma aerosa,黑斑褥尺蛾,,,,,,,no_image
38238,Eutelia blandiatrix,滑尾夜蛾,,,,,,,no_image
38223,Eustrotia samiannulata,峦文夜蛾,,,,,,,no_image
38255,Eutetrapha parastigmosa,,,,,,,,no_image
38327,Eutheia laolongiana,,,,,,,,no_image
38283,Euthalia hebe,褐蓓翠蛱蝶,,,,,,,no_image
38350,Euthrix nigropuncta,黑点纹枯叶蛾,,,,,,,no_image
38370,Euthyplatystoma punctiplenum,多斑美广口蝇,,,,,,,no_image
16117,Eutrichodesmus taiwanensis,,,,,,,,no_image
144531,Eutypella halseyana,,,,,,,,no_image
38378,Eutolmus mediocris,中切突食虫虻,,,,,,,no_image
16118,Eutrichodesmus apicalis,,,,,,,,no_image
38440,Euxoa temera,鲁切夜蛾,,,,,,,no_image
101050,Eutrema nanum,矮小山嵛菜,,,,,,,no_image
38460,Evacanthus flavocostatus,黄边横脊叶蝉,,,,,,,no_image
38397,Eutrichota sclerotacra,坚阳叉泉蝇,,,,,,,no_image
38420,Euxoa basigramma,基剑切夜蛾,,,,,,,no_image
38480,Evacanthus songxianensis,嵩县横脊叶蝉,,,,,,,no_image
38507,Everes lacturnus,长尾蓝灰蝶,,,,,,,no_image
13070,Evarcha orientalis,东方猎蛛,,,,,,,no_image
101069,Eversmannia subspinosa,刺枝豆,,,,,,,no_image
101075,Exacum indicum,藏南藻百年,,,,,,,no_image
75973,Eviota spilota,斑点矶塘鳢,,,,,,,no_image
38529,Exallonyx brevicalcaratus,短距叉齿细蜂,,,,,,,no_image
38549,Exallonyx delicatus,弱沟叉齿细蜂,,,,,,,no_image
38609,Exallonyx micropunctatus,细点叉齿细蜂,,,,,,,no_image
38629,Exallonyx pangi,庞氏叉齿细蜂,,,,,,,no_image
38569,Exallonyx furcicarinatus,丫脊叉齿细蜂,,,,,,,no_image
38589,Exallonyx laevibasilaris,光基叉齿细蜂,,,,,,,no_image
38649,Exallonyx rufipes,红足叉齿细蜂,,,,,,,no_image
38669,Exallonyx tangi,唐氏叉齿细蜂,,,,,,,no_image
38689,Exallonyx wuae,吴氏叉齿细蜂,,,,,,,no_image
101082,Excentrodendron tonkinense,蚬木,,,,,,,no_image
38714,Exechia tomosa,薄片伊菌蚊,,,,,,,no_image
148853,Exidiopsis effusa,拟黑耳,,,,,,,no_image
152849,Exobasidium lyoniae,,,,,,,,no_image
152869,Exobasidium yunnanense,,,,,,,,no_image
38743,Exocentrus granulicollis,,,,,,,,no_image
38765,Exocentrus spineus,,,,,,,,no_image
75983,Exocoetus monocirrhus,单须飞鱼,,,,,,,no_image
134302,Exophiala jeanselmei,,,,,,,,no_image
38797,Exorista bisetosa,双鬃追寄蝇,,,,,,,no_image
38817,Exorista longisquama,长瓣追寄蝇,,,,,,,no_image
75989,Exostoma tibetana,藏鰋,,,,,,,no_image
134099,Exserohilum rostratum,,,,,,,,no_image
38846,Eyprepocnemis perbrevipennis,筱翅黑背蝗,,,,,,,no_image
101136,Fagopyrum urophyllum,硬枝野荞麦,,,,,,,no_image
101115,Fabronia papillidens,疣齿碎米藓,,,,,,,no_image
38882,Falsomesosella horishana,,,,,,,,no_image
16602,Falcileptoneta arquata,弓形镰弱蛛,,,,,,,no_image
38868,Falcotoya daluoensis,打洛镰飞虱,,,,,,,no_image
38903,Fannia antilocera,羚角厕蝇,,,,,,,no_image
38943,Fannia imperatoria,双突厕蝇,,,,,,,no_image
38963,Fannia melania,毛胫厕蝇,,,,,,,no_image
38923,Fannia dianensis,滇厕蝇,,,,,,,no_image
38983,Fannia pileatus,叶猴厕蝇,,,,,,,no_image
39003,Fannia setifemorata,鬃股厕蝇,,,,,,,no_image
101164,Fargesia concinna,美丽箭竹,,,,,,,no_image
154950,Farysia emodensis,,,,,,,,no_image
39023,Fannia uptiodactyla,翘指厕蝇,,,,,,,no_image
101184,Fargesia glabrifolia,光叶箭竹,,,,,,,no_image
101224,Fargesia subflexuosa,曲竿箭竹,,,,,,,no_image
101245,Fauriella tenerrima,小粗疣藓,,,,,,,no_image
101204,Fargesia orbiculata,长圆鞘箭竹,,,,,,,no_image
7348,Favia stelligera,带刺蜂巢珊瑚,,,,,,,no_image
76023,Feirana kangxianensis,康县隆肛蛙,,,,,,,no_image
152802,Femsjonia rubra,红胶杯耳,,,,,,,no_image
147340,Favolaschia tonkinensis,,,,,,,,no_image
39052,Felisacus nigricornis,黑角菲盲蝽,,,,,,,no_image
101296,Festuca chelungkingnica,草原羊茅,,,,,,,no_image
101277,Ferula ovina,羊食阿魏,,,,,,,no_image
101255,Ferula conocaula,圆锥茎阿魏,,,,,,,no_image
39065,Fer nonmaculiformis,无斑野蝗,,,,,,,no_image
101318,Festuca kryloviana,寒生羊茅,,,,,,,no_image
101343,Festuca sinomutica,贫芒羊茅,,,,,,,no_image
5966,Fibularia angulipora,角孔豆海胆,,,,,,,no_image
101431,Ficus nervosa,九丁榕,,,,,,,no_image
76058,Ficedula tricolor,灰蓝姬鹟,,,,,,,no_image
101386,Ficus cumingii,糙毛榕,,,,,,,no_image
101411,Ficus guizhouensis,贵州榕,,,,,,,no_image
101463,Ficus ruyuanensis,乳源榕,,,,,,,no_image
39087,Filchnerella pamphagoides,癞短鼻蝗,,,,,,,no_image
18539,Filinia passa,跃进三肢轮虫,,,,,,,no_image
101496,Ficus tuphapensis,平塘榕,,,,,,,no_image
101574,Fimbristylis squarrosa,畦畔飘拂草,,,,,,,no_image
39103,Fiorianteon choui,周氏菲氏螯蜂,,,,,,,no_image
101550,Fimbristylis littoralis,水虱草,,,,,,,no_image
101520,Fimbristylis autumnalis,秋飘拂草,,,,,,,no_image
101598,Fissidens beckettii,尖肋凤尾藓,,,,,,,no_image
101627,Fissidens giraldii,格氏凤尾藓,,,,,,,no_image
39106,Fistulatus bidentatus,双齿管茎叶蝉,,,,,,,no_image
101650,Fissidens perdecurrens,延叶凤尾藓,,,,,,,no_image
101666,Fissistigma acuminatissimum,尖叶瓜馥木,,,,,,,no_image
101686,Fissistigma tungfangense,东方瓜馥木,,,,,,,no_image
147715,Flammulina populicola,,,,,,,,no_image
7558,Flabellum patens,展开扇形珊瑚,,,,,,,no_image
148192,Flammula gummosa,多鳞黄火菇,,,,,,,no_image
39128,Flavina nigrifrons,黑额黄瓢蜡蝉,,,,,,,no_image
101700,Flemingia cavaleriei,卡氏千斤拔,,,,,,,no_image
101750,Flueggea virosa,白饭树,,,,,,,no_image
101724,Flemingia weii,长苞千斤拔,,,,,,,no_image
101742,Floribundaria setschwanica,四川丝带藓,,,,,,,no_image
143001,Foliopollenites elongatus,,,,,,,,no_image
101733,Flickingeria concolor,同色金石斛,,,,,,,no_image
18801,Folsomia manubriopilosa,,,,,,,,no_image
18816,Folsomides urumqiensis,,,,,,,,no_image
151258,Fomes conchatus,,,,,,,,no_image
151278,Fomes leucophaeus,,,,,,,,no_image
151298,Fomes polyzonus,,,,,,,,no_image
151318,Fomes sessilis,,,,,,,,no_image
150883,Fomitopsis hainaniana,海南拟层孔菌,,,,,,,no_image
150118,Fomitiporia dryadea,厚盖嗜蓝孢孔菌,,,,,,,no_image
76077,Forcipiger longirostris,长吻镊口鱼,,,,,,,no_image
39187,Forcipomyia contigoa,紧连铁蠓,,,,,,,no_image
39167,Forcipomyia bispinula,双刺铗蠓,,,,,,,no_image
39207,Forcipomyia frutetorum,灌丛铗蠓,,,,,,,no_image
39227,Forcipomyia infrensi,纵意铗蠓,,,,,,,no_image
39247,Forcipomyia manzhuangensis,曼庄铗蠓,,,,,,,no_image
39267,Forcipomyia pectinunguis,棘爪铗蠓,,,,,,,no_image
39287,Forcipomyia rima,裂隙铁蠓,,,,,,,no_image
101778,Fordiophyton tereticaule,圆茎异药花,,,,,,,no_image
39327,Forcipula walkeri,游钳螋,,,,,,,no_image
39307,Forcipomyia tripeda,惊扰铗蠓,,,,,,,no_image
39349,Forficula macrobasis,大基铗球螋,,,,,,,no_image
101781,Formania mekongensis,复芒菊,,,,,,,no_image
76085,Formosania stigmata,斑纹台鳅,,,,,,,no_image
101786,Forsstroemia inopinata,湘浙残齿藓,,,,,,,no_image
39400,Formosatettix robustus,壮台蚱,,,,,,,no_image
101857,Fraxinus sikkimensis,锡金梣,,,,,,,no_image
9197,Fosseremus quadripertitus,四窝甲螨,,,,,,,no_image
101824,Frangula alnus,欧鼠李,,,,,,,no_image
19254,Friesea lijiangensis,,,,,,,,no_image
101833,Fraxinus americana,美国白梣,,,,,,,no_image
101809,Fragaria gracilis,纤细草莓,,,,,,,no_image
101896,Fritillaria walujewii,新疆贝母,,,,,,,no_image
39456,Frontopsylla elatoides,似升额蚤,,,,,,,no_image
101871,Fritillaria crassicaulis,粗茎贝母,,,,,,,no_image
39491,Frontopsylla xizangensis,西藏额蚤,,,,,,,no_image
101939,Frullania gemmulosa,芽胞耳叶苔,,,,,,,no_image
101910,Frullania bolanderi,细茎耳叶苔,,,,,,,no_image
101963,Frullania meyeniana,美圆耳叶苔,,,,,,,no_image
102010,Frullania valida,硬叶耳叶苔,,,,,,,no_image
101983,Frullania ramuligera,刺苞叶耳叶苔,,,,,,,no_image
39509,Fulcrifera orientis,东支小卷蛾,,,,,,,no_image
2154,Fulvia hungerfordi,韩氏薄壳鸟蛤,,,,,,,no_image
150151,Fulvifomes rimosus,,,,,,,,no_image
39528,Furcula bifida,二岔燕尾舟蛾,,,,,,,no_image
102030,Funaria microstoma,小口葫芦藓,,,,,,,no_image
7613,Fungia taiwanensis,台湾石芝珊瑚,,,,,,,no_image
142048,Fusarium concolor,,,,,,,,no_image
143008,Fusariella sarniensis,,,,,,,,no_image
142068,Fusarium napiforme,,,,,,,,no_image
142088,Fusarium trichothecioides,,,,,,,,no_image
137244,Fuscopannaria leucophaea,小褐鳞叶衣,,,,,,,no_image
134260,Fusicladium junci,,,,,,,,no_image
150165,Fuscoporia montana,,,,,,,,no_image
39554,Gabrius deceptar,,,,,,,,no_image
39538,Fusiissus wangmoensis,望谟梭瓢蜡蝉,,,,,,,no_image
39574,Gabrius nasiformis,,,,,,,,no_image
39595,Gabrius trifidus,,,,,,,,no_image
76145,Gadomus melanopterus,黑鳍鼠鳕,,,,,,,no_image
102065,Gagea triflora,三花顶冰花,,,,,,,no_image
102045,Gagea filiformis,林生顶冰花,,,,,,,no_image
16830,Gagrella sinensis,中华盾刺盲蛛,,,,,,,no_image
139968,Galactinia succosa,,,,,,,,no_image
102071,Galactia formosana,台湾乳豆,,,,,,,no_image
524,Galathea coralliphilus,珊瑚铠甲虾,,,,,,,no_image
102094,Galaxaura squalida,污浊乳节藻,,,,,,,no_image
146535,Galerina cerina,,,,,,,,no_image
1783,Galeodea leucodoma,玉珠粗皮鬘螺,,,,,,,no_image
140869,Galiella oblongispora,,,,,,,,no_image
146555,Galerina sideroides,,,,,,,,no_image
102156,Galium echinocarpum,刺果猪殃殃,,,,,,,no_image
102180,Galium megacyttarion,大胞拉拉藤,,,,,,,no_image
102202,Galium tarokoense,太鲁阁猪殃殃,,,,,,,no_image
15372,Gamasomorpha barbifera,须加马蛛,,,,,,,no_image
76168,Gallus gallus,红原鸡,,,,,,,no_image
39625,Gampsocera bimaculata,双斑曲角秆蝇,,,,,,,no_image
6224,Gammaropsis longiseta,长毛拟钩虾,,,,,,,no_image
39667,Gangaridopsis dercetis,红褐甘舟蛾,,,,,,,no_image
148475,Gamundia striatula,,,,,,,,no_image
151436,Ganoderma multiplicatum,黄灵芝,,,,,,,no_image
151376,Ganoderma cochlear,背柄紫灵芝,,,,,,,no_image
151356,Ganoderma balabacense,无柄鹿角芝,,,,,,,no_image
151416,Ganoderma lipsiense,,,,,,,,no_image
151396,Ganoderma fornicatum,拱状灵芝,,,,,,,no_image
151456,Ganoderma preussii,佩氏灵芝,,,,,,,no_image
151496,Ganoderma tornatum,硬皮灵芝,,,,,,,no_image
151476,Ganoderma shangsiense,上思树舌,,,,,,,no_image
16718,Ganthela qingyuanensis,清源赣蛛,,,,,,,no_image
102244,Garcinia lanceifolia,红萼藤黄,,,,,,,no_image
102264,Gardenia hainanensis,海南栀子,,,,,,,no_image
76187,Garra motuoensis,墨脱墨头鱼,,,,,,,no_image
102278,Garnotia acutigluma,三芒耳稃草,,,,,,,no_image
39684,Gargetta divisa,异细翅舟蛾,,,,,,,no_image
39690,Gasterophilus intestinalis,肠胃蝇,,,,,,,no_image
76218,Garrulus glandarius,松鸦,,,,,,,no_image
102299,Gastrochilus alatus,膜翅盆距兰,,,,,,,no_image
102319,Gastrochilus intermedius,细茎盆距兰,,,,,,,no_image
102339,Gastrochilus pseudodistichus,小唇盆距兰,,,,,,,no_image
102296,Gastrochilus ×,雪山盆距兰,,,,,,,no_image
102377,Gastrodia flavilabella,夏天麻,,,,,,,no_image
102397,Gastrodia theana,短柱天麻,,,,,,,no_image
39717,Gastropacha populifolia,杨褐枯叶蛾,,,,,,,no_image
39736,Gastrothrips eurypelta,宽盾肚管蓟马,,,,,,,no_image
39754,Gatzara nigrivena,黑脉锦蚁蛉,,,,,,,no_image
39768,Gaurena dierli,狄篝波纹蛾,,,,,,,no_image
102444,Gaultheria sinensis,华白珠,,,,,,,no_image
102420,Gaultheria hookeri,红粉白珠,,,,,,,no_image
39789,Gaurotina piligera,,,,,,,,no_image
149855,Geastrum indicum,,,,,,,,no_image
39793,Gazalina chrysolopha,三线雪舟蛾,,,,,,,no_image
149875,Geastrum velutinum,绒皮地星,,,,,,,no_image
76251,Gekko guishanicus,龟山壁虎,,,,,,,no_image
76271,Gekko swinhonis,无蹼壁虎,,,,,,,no_image
102487,Gelidocalamus longiinternodus,箭靶竹,,,,,,,no_image
102464,Gelidiopsi intricata,缠结拟石花,,,,,,,no_image
4198,Gemmula pseudogranosa,拟果蕾螺,,,,,,,no_image
4731,Gelonia coaxans,红树蚬,,,,,,,no_image
76282,Genicanthus watanabei,渡边月蝶鱼,,,,,,,no_image
102503,Gentiana abaensis,阿坝龙胆,,,,,,,no_image
102527,Gentiana bambuseti,竹林龙胆,,,,,,,no_image
102575,Gentiana elwesii,壶冠龙胆,,,,,,,no_image
102551,Gentiana crassuloides,肾叶龙胆,,,,,,,no_image
102597,Gentiana grumii,南山龙胆,,,,,,,no_image
102641,Gentiana manshurica,条叶龙胆,,,,,,,no_image
102667,Gentiana oligophylla,少叶龙胆,,,,,,,no_image
102688,Gentiana prolata,观赏龙胆,,,,,,,no_image
102617,Gentiana kaufmanniana,中亚秦艽,,,,,,,no_image
102803,Gentiana yunnanensis,云南龙胆,,,,,,,no_image
102774,Gentiana triflora,三花龙胆,,,,,,,no_image
102828,Geocalyx lancistipulus,狭叶地萼苔,,,,,,,no_image
102750,Gentiana susanneae,巴塘龙胆,,,,,,,no_image
102719,Gentiana septemfida,西亚龙胆,,,,,,,no_image
134857,Geoglossum fumosum,,,,,,,,no_image
39829,Geodromicus philydroides,,,,,,,,no_image
134877,Geoglossum viride,,,,,,,,no_image
140449,Geopora mesenterica,,,,,,,,no_image
102838,Geranium camaense,卡玛老鹳草,,,,,,,no_image
140467,Geopyxis micropus,,,,,,,,no_image
39854,Geometra smaragdus,印青尺蛾,,,,,,,no_image
102858,Geranium molle,软毛老鹳草,,,,,,,no_image
39876,Geranomyia gracilispinosa,纤刺长唇大蚊,,,,,,,no_image
102878,Geranium shensianum,陕西老鹳草,,,,,,,no_image
76295,Gerres decacanthus,十刺银鲈,,,,,,,no_image
39894,Gergithoides caudospinosus,尾刺脊额瓢蜡蝉,,,,,,,no_image
147123,Gerronema strombodes,,,,,,,,no_image
39918,Ghoria angustifascia,窄条荷苔蛾,,,,,,,no_image
142094,Gibberella fujikuroi,,,,,,,,no_image
4500,Gibbula fulgens,闪光驼峰螺,,,,,,,no_image
155601,Gigaspora erythropa,,,,,,,,no_image
8377,Gigantione tubedentata,疣齿巨鳃虱,,,,,,,no_image
2347,Glabropilumnus dispar,分散光毛蟹,,,,,,,no_image
39952,Ginshachia phoebe,光锦舟蛾,,,,,,,no_image
102929,Glaphyropteridopsis glabrata,光滑方秆蕨,,,,,,,no_image
76321,Glaridoglanis andersonii,凿齿&#x0000E065;,,,,,,,no_image
39969,Glenea acutoides,,,,,,,,no_image
102943,Glebionis carinata,蒿子杆,,,,,,,no_image
39993,Glenea diversenotata,,,,,,,,no_image
40036,Glenea pici,,,,,,,,no_image
40063,Glenea subviridescens,,,,,,,,no_image
40013,Glenea licenti,,,,,,,,no_image
14889,Glenognatha dentata,栉齿格螯蛛,,,,,,,no_image
6233,Globosolembos francanni,福兰克球舟钩虾,,,,,,,no_image
102974,Globba lancangensis,澜沧舞花姜,,,,,,,no_image
102993,Glochidion lanceolatum,披针叶算盘子,,,,,,,no_image
103015,Glochidion wrightii,白背算盘子,,,,,,,no_image
137909,Gloeosporium orchidearum,,,,,,,,no_image
149886,Gloeophyllum carbonarium,炭生褐褶孔菌,,,,,,,no_image
155646,Glomus albidum,白色球囊霉,,,,,,,no_image
155666,Glomus claroideum,近明球囊霉,,,,,,,no_image
155686,Glomus fasciculatus,,,,,,,,no_image
155706,Glomus hoi,何氏球囊霉,,,,,,,no_image
155726,Glomus microcarpum,小果球囊霉,,,,,,,no_image
155746,Glomus radiatus,,,,,,,,no_image
155766,Glomus vesiculifer,,,,,,,,no_image
5622,Glossaulax bicolor,双色扁玉螺,,,,,,,no_image
3599,Glycera siphonostoma,管吻沙蚕,,,,,,,no_image
76345,Glossogobius olivaceus,斑纹舌鰕虎,,,,,,,no_image
76364,Gloydius ussuriensis,乌苏里蝮,,,,,,,no_image
103041,Glycine dolichocarpa,扁豆荚大豆,,,,,,,no_image
1857,Glycymeris reevei,瑞氏蚶蜊,,,,,,,no_image
16097,Glyphiulus acutus,尖锐雕马陆,,,,,,,no_image
16076,Glyphiulus subgranulatus,亚粒雕马陆,,,,,,,no_image
16079,Glyphiulus maocun,毛村雕马陆,,,,,,,no_image
40113,Glyptotermes baliochilus,花唇树白蚁,,,,,,,no_image
10116,Glyptacus glaucae,,,,,,,,no_image
103085,Glyptopetalum ilicifolium,刺叶沟瓣木,,,,,,,no_image
76377,Glyptothorax fukiensis,福建纹胸&#x0000E065;,,,,,,,no_image
1688,Glypturus coutierei,古洁雕尾虾,,,,,,,no_image
40133,Glyptotermes maculifrons,麻额树白蚁,,,,,,,no_image
13697,Gnaphosa hastata,矛平腹蛛,,,,,,,no_image
13721,Gnaphosa taurica,牛平腹蛛,,,,,,,no_image
76400,Gnatholepis cauerensis,高伦颌鳞鰕虎,,,,,,,no_image
40165,Gnaptorina media,中小琵甲,,,,,,,no_image
1572,Gnathophylloides mineri,小拟叶颚虾,,,,,,,no_image
76419,Gobio soldatovi,高体&#x0000E068;,,,,,,,no_image
40232,Gnezdilovius yayeyamensis,雅格氏瓢蜡蝉,,,,,,,no_image
40212,Gnezdilovius multipunctatus,星斑格氏瓢蜡蝉,,,,,,,no_image
103114,Gnetum hainanense,海南买麻藤,,,,,,,no_image
40246,Gnypeta hauseri,,,,,,,,no_image
103124,Goldbachia torulosa,念珠四棱荠,,,,,,,no_image
76439,Gobiodon multilineatus,多线叶鰕虎,,,,,,,no_image
138039,Golovinomyces adenophorae,,,,,,,,no_image
40264,Gomphidia confluens,联纹小叶春蜓,,,,,,,no_image
40272,Gomphocerus rufus,红槌角蝗,,,,,,,no_image
3277,Goniada littorea,滨角吻沙蚕,,,,,,,no_image
103173,Gomphrena globosa,千日红,,,,,,,no_image
40314,Gonioctena arctica,北极角胫叶甲,,,,,,,no_image
40289,Gonepteryx rhamni,钩粉蝶,,,,,,,no_image
14088,Gongylidioides rimatus,裂缝圆胸蛛,,,,,,,no_image
40352,Goniogryllus chongqingensis,重庆哑蟋,,,,,,,no_image
40334,Gonioctena oculata,眼斑角胫叶甲,,,,,,,no_image
103188,Goniophlebium argutum,尖齿拟水龙骨,,,,,,,no_image
40366,Goniophyto honshuensis,本州沼野蝇,,,,,,,no_image
103213,Goniothalamus gardneri,长叶哥纳香,,,,,,,no_image
76459,Goniurosaurus lichtenfelderi,里氏睑虎,,,,,,,no_image
3354,Gonodactylaceus ternatensis,三线独指虾蛄,,,,,,,no_image
40388,Gonomyia atrox,黑棒祖大蚊,,,,,,,no_image
103264,Gottschelia schizopleura,戈氏苔,,,,,,,no_image
103245,Goodyera repens,小斑叶兰,,,,,,,no_image
40408,Gonomyia principalis,冠祖大蚊,,,,,,,no_image
76472,Gonyosoma prasinum,绿锦蛇,,,,,,,no_image
40417,Gorpis annulatus,环斑高姬蝽,,,,,,,no_image
103288,Gracilaria glomerata,团集江蓠,,,,,,,no_image
76480,Gracixalus guangdongensis,广东纤树蛙,,,,,,,no_image
40432,Graminothrips cyperi,莎草草蓟马,,,,,,,no_image
6221,Grandidierella macronyx,巨齿大螯蜚,,,,,,,no_image
76512,Grammoplites knappi,克氏棘线鲬,,,,,,,no_image
136903,Graphis epiphloea,树表文字衣,,,,,,,no_image
136865,Graphina fissofurcata,,,,,,,,no_image
136883,Graphis balbisii,,,,,,,,no_image
136923,Graphis latibasa,,,,,,,,no_image
144226,Graphium penicillioides,,,,,,,,no_image
136943,Graphis rhizocola,,,,,,,,no_image
2826,Grapsus intermedius,中型方蟹,,,,,,,no_image
40512,Graptomyza nitobei,额斑缺伪蚜蝇,,,,,,,no_image
103324,Grateloupia hainanensis,海南蜈蚣藻,,,,,,,no_image
103356,Grewia falcata,镰叶扁担杆,,,,,,,no_image
40519,Gravitarmata margarotana,油松球果小卷蛾,,,,,,,no_image
103376,Griffithsia heteromorpha,异形凋毛藻,,,,,,,no_image
103414,Grona heterophylla,异叶三点金,,,,,,,no_image
152805,Guepiniopsis buccina,胶盘耳,,,,,,,no_image
131856,Guignardia eugeniae,,,,,,,,no_image
40530,Gryllus bimaculatus,双斑蟋,,,,,,,no_image
103395,Grimmia macrotheca,长蒴紫萼藓,,,,,,,no_image
40547,Gunungidia albata,白翅突额叶蝉,,,,,,,no_image
5705,Guildafordia triumphans,刺螺,,,,,,,no_image
136800,Gyalectidium catenulatum,,,,,,,,no_image
103443,Gymnadenia conopsea,手参,,,,,,,no_image
76530,Gymnapogon philippinus,菲律宾裸天竺鲷,,,,,,,no_image
76554,Gymnodiptychus dybowskii,新疆裸重唇鱼,,,,,,,no_image
103463,Gymnocarpium remotepinnatum,细裂羽节蕨,,,,,,,no_image
76537,Gymnocranius microdon,小齿裸顶鲷,,,,,,,no_image
40584,Gymnomus ventricosa,腹裸日蝇,,,,,,,no_image
146577,Gymnopilus dryophilus,栎裸伞,,,,,,,no_image
146597,Gymnopilus rufobrunneus,红鳞裸伞,,,,,,,no_image
40601,Gymnopternus fujianensis,福建行脉长足虻,,,,,,,no_image
40621,Gymnopternus portentosus,怪行脉长足虻,,,,,,,no_image
147566,Gymnopus dichrous,,,,,,,,no_image
147586,Gymnopus perforans,,,,,,,,no_image
103476,Gymnospermium altaicum,阿尔泰牡丹草,,,,,,,no_image
153200,Gymnosporangium cunninghamianum,坎宁安胶锈菌,,,,,,,no_image
76589,Gymnothorax neglectus,细花斑裸胸鳝,,,,,,,no_image
153220,Gymnosporangium taianum,东洋胶锈,,,,,,,no_image
103500,Gymnosporia royleana,被子裸实,,,,,,,no_image
76569,Gymnothorax buroensis,伯恩斯裸胸鳝,,,,,,,no_image
103533,Gynostemma pallidinerve,白脉绞股蓝,,,,,,,no_image
76609,Gymnothorax undulatus,波纹裸胸鳝,,,,,,,no_image
40656,Gynaephora alpherakii,黄斑草毒蛾,,,,,,,no_image
103579,Gyrocheilos taishanensis,台山圆唇苣苔,,,,,,,no_image
76625,Gyps tenuirostris,长嘴兀鹫,,,,,,,no_image
103570,Gypsophila vaccaria,麦蓝菜,,,,,,,no_image
40724,Gyrophaena guttuloides,,,,,,,,no_image
40704,Gyrophaena dabensis,,,,,,,,no_image
40744,Gyrophaena multilobata,,,,,,,,no_image
139700,Gyromitra fastigiata,帚状鹿花菌,,,,,,,no_image
40764,Gyrophaena pulli,,,,,,,,no_image
40684,Gyrophaena anguiculus,,,,,,,,no_image
40804,Gyrophaena xinlongensis,,,,,,,,no_image
40784,Gyrophaena spinadistorta,,,,,,,,no_image
149454,Gyroporus purpurinus,紫褐圆孔牛肝菌,,,,,,,no_image
103591,Habenaria balfouriana,滇蜀玉凤花,,,,,,,no_image
103611,Habenaria intermedia,大花玉凤花,,,,,,,no_image
40816,Habrocerus schuelkei,,,,,,,,no_image
103631,Habenaria qinghaiensis,青海玉凤花,,,,,,,no_image
40894,Hadjina biguttata,白斑赫夜蛾,,,,,,,no_image
40874,Hadena dealbata,齿斑盗夜蛾,,,,,,,no_image
18694,Habrotrocha collaris,领宿轮虫,,,,,,,no_image
40834,Habropoda radoszkowskii,黄斑回条蜂,,,,,,,no_image
40906,Haematobia irritans,西方角蝇,,,,,,,no_image
40936,Haematopota jianzhongi,建中麻虻,,,,,,,no_image
40916,Haematopota atrata,白条麻虻,,,,,,,no_image
40956,Haematopota pekingensis,北京麻虻,,,,,,,no_image
40976,Haematopota tamerlani,塔氏麻虻,,,,,,,no_image
12002,Hahnia musica,乐栅蛛,,,,,,,no_image
103655,Haematoxylum campechianum,采木,,,,,,,no_image
103656,Hageniella micans,凹叶拟小锦藓,,,,,,,no_image
76635,Hainania serrata,锯齿海南&#x0000E070;,,,,,,,no_image
2514,Halichondria cylindrata,园筒软海绵,,,,,,,no_image
103660,Haldina cordifolia,心叶木,,,,,,,no_image
76651,Haliaeetus leucoryphus,玉带海雕,,,,,,,no_image
3535,Haliclona toxius,弓骨蜂海绵,,,,,,,no_image
76667,Halichoeres hartzfeldii,哈氏海猪鱼,,,,,,,no_image
76697,Haliichthys taeniophorus,带状多环海龙,,,,,,,no_image
41032,Halorhadinus inaequalis,,,,,,,,no_image
76699,Halimochirurgus centriscoides,长管吻鲀,,,,,,,no_image
41037,Halpe porus,双子酣弄蝶,,,,,,,no_image
41021,Halme eburneocincta,,,,,,,,no_image
41057,Halticus pusillus,小跳盲蝽,,,,,,,no_image
11373,Hamataliwa aurita,耳形哈猫蛛,,,,,,,no_image
103697,Halodule pinifolia,羽叶二药藻,,,,,,,no_image
41075,Hampsonella dentata,汉刺蛾,,,,,,,no_image
145272,Handkea excipuliformis,长柄马勃,,,,,,,no_image
41063,Hamaxas feae,车垫跗螋,,,,,,,no_image
76703,Hanyusuchus sinensis,中华韩愈鳄,,,,,,,no_image
15594,Haplochernes wuzhiensis,五指单伪蝎,,,,,,,no_image
41092,Haplofropis brunneriana,笨蝗,,,,,,,no_image
41087,Haplodiplatys tianpingensis,天坪单突丝尾螋,,,,,,,no_image
41125,Harmalia heitensis,海特淡肩飞虱,,,,,,,no_image
103765,Haplophyllum tragacanthoides,针枝芸香,,,,,,,no_image
154537,Haploravenelia hobsoni,,,,,,,,no_image
41113,Haplothrips kurdjumovi,豆简管蓟马,,,,,,,no_image
1016,Harmotho&#235; nigricansa,黑囊哈鳞虫,,,,,,,no_image
940,Harpiosquilla harpax,猛虾蛄,,,,,,,no_image
41144,Harpagophalla kempi,曲突钩麻蝇,,,,,,,no_image
41154,Harpyia microsticta,小点枝背舟蛾,,,,,,,no_image
13136,Hasarius adansoni,花哈沙蛛,,,,,,,no_image
17533,Haustellum kurodai,黑田泵骨螺,,,,,,,no_image
146617,Hebeloma dunense,,,,,,,,no_image
146637,Hebeloma squamulosum,多鳞粘滑菇,,,,,,,no_image
41200,Hebecnema fumosa,暗毛膝蝇,,,,,,,no_image
76734,Hebius khasiensis,卡西腹链蛇,,,,,,,no_image
41211,Hecamede granifera,颗粒多鬃水蝇,,,,,,,no_image
16008,Hedinomorpha hummelii,沟肢黑丁马陆,,,,,,,no_image
41224,Hedya inornata,柞广翅小卷蛾,,,,,,,no_image
103876,Hedyotis caudatifolia,剑叶耳草,,,,,,,no_image
103896,Hedyotis longiexserta,上思耳草,,,,,,,no_image
103937,Hedysarum austrosibiricum,西伯利亚岩黄芪,,,,,,,no_image
103826,Hedychium glabrum,无毛姜花,,,,,,,no_image
103961,Hedysarum jinchuanense,金川岩黄芪,,,,,,,no_image
103916,Hedyotis shiuyingiae,秀英耳草,,,,,,,no_image
103850,Hedychium ximengense,西盟姜花,,,,,,,no_image
149152,Heimiella subretispora,近网孢海氏牛肝菌,,,,,,,no_image
103984,Hedysarum sikkimense,锡金岩黄芪,,,,,,,no_image
41241,Heizmannia macdonaldi,线喙领蚊,,,,,,,no_image
76759,Helcogramma obtusirostris,钝吻弯线鳚,,,,,,,no_image
143032,Helicoceras celtidis,,,,,,,,no_image
41274,Helicophagella pseudagnata,伪黑麻蝇,,,,,,,no_image
41284,Helina alpigenus,高居阳蝇,,,,,,,no_image
104004,Helianthemum songaricum,半日花,,,,,,,no_image
104049,Helicteres viscida,黏毛山芝麻,,,,,,,no_image
104019,Helicia kwangtungensis,广东山龙眼,,,,,,,no_image
41304,Helina aureolicolorata,金阳蝇,,,,,,,no_image
41324,Helina capaciflava,大黄阳蝇,,,,,,,no_image
41344,Helina densibarbata,密胡阳蝇,,,,,,,no_image
41384,Helina hanyuana,汉源阳蝇,,,,,,,no_image
41364,Helina exigua,小阳蝇,,,,,,,no_image
41424,Helina maculipennis,斑翅阳蝇,,,,,,,no_image
41404,Helina lagenicauda,葫叶阳蝇,,,,,,,no_image
41444,Helina nemorum,林阳蝇,,,,,,,no_image
41464,Helina phantodonta,露齿阳蝇,,,,,,,no_image
41484,Helina setipostitibia,鬃胫阳蝇,,,,,,,no_image
41504,Helina subbrunneigena,类棕膝阳蝇,,,,,,,no_image
41561,Helionothrips annosus,安诺领针蓟马,,,,,,,no_image
41524,Helina tigrisipedisa,虎足阳蝇,,,,,,,no_image
41544,Helina zhouquensis,舟曲阳蝇,,,,,,,no_image
41603,Helius barbatus,须光大蚊,,,,,,,no_image
41592,Heliothis fervens,焰实夜蛾,,,,,,,no_image
12817,Heliophanus potanini,波氏闪蛛,,,,,,,no_image
133734,Helminthosporium bambusicola,,,,,,,,no_image
104075,Helixanthera coccinea,景洪离瓣寄生,,,,,,,no_image
41650,Helorus reni,任氏柄腹细蜂,,,,,,,no_image
41638,Helophilus parallelus,黄条条胸蚜蝇,,,,,,,no_image
133754,Helminthosporium subhyalinum,半透明长蠕孢,,,,,,,no_image
138295,Helotium dryinum,,,,,,,,no_image
139783,Helvella helvellula,小马鞍菌,,,,,,,no_image
138315,Helotium macrosporum,,,,,,,,no_image
138335,Helotium vernale,,,,,,,,no_image
139763,Helvella compressa,压缩马鞍菌,,,,,,,no_image
139803,Helvella murina,,,,,,,,no_image
41679,Hemerobius subtriangulus,亚三角褐蛉,,,,,,,no_image
139823,Helvella villosa,毛马鞍菌,,,,,,,no_image
41659,Hemerobius bispinus,双刺褐蛉,,,,,,,no_image
41688,Hemerodromia euneura,优脉螳舞虻,,,,,,,no_image
76774,Hemibagrus macropterus,大鳍鳠,,,,,,,no_image
104142,Hemiboea gamosepala,合萼半蒴苣苔,,,,,,,no_image
104164,Hemiboea pterocaulis,翅茎半蒴苣苔,,,,,,,no_image
41711,Hemicentrus obliquus,斜二刺角蝉,,,,,,,no_image
666,Hemigrapsus sinensis,中华近方蟹,,,,,,,no_image
76816,Hemimyzon yaotanensis,窑滩间吸鳅,,,,,,,no_image
76801,Hemidactylus tenkatei,滕氏蜥虎,,,,,,,no_image
104185,Hemilophia pulchella,半脊荠,,,,,,,no_image
41753,Hemipenthes ningxiaensis,宁夏斑翅蜂虻,,,,,,,no_image
104196,Hemipilia cordifolia,心叶舌喙兰,,,,,,,no_image
76825,Hemiphyllodactylus hongkongensis,香港半叶趾虎,,,,,,,no_image
41817,Hemistola veneta,波无缰青尺蛾,,,,,,,no_image
76844,Hemipus picatus,褐背鹟鵙,,,,,,,no_image
41777,Hemisphaerius coccinelloides,胭脂球瓢蜡蝉,,,,,,,no_image
41797,Hemistola flavifimbria,黄缘无缰青尺蛾,,,,,,,no_image
76858,Hemitragus jemlahicus,塔尔羊,,,,,,,no_image
104228,Hemsleya gigantha,巨花雪胆,,,,,,,no_image
104277,Henckelia hookeri,紫柱汉克苣苔,,,,,,,no_image
41831,Hemyda hertingi,赫廷何寄蝇,,,,,,,no_image
104297,Henckelia umbellata,伞序汉克苣苔,,,,,,,no_image
2667,Henricia aspera,,,,,,,,no_image
12373,Hengconarius exilis,细长横隙蛛,,,,,,,no_image
41872,Hepialus kangdingensis,康定蝠蛾,,,,,,,no_image
41852,Hepialus armoricanus,虫草蝠蛾,,,,,,,no_image
104327,Heptapleurum locianum,谅山鹅掌柴,,,,,,,no_image
41892,Hepialus yeriensis,叶日蝠蛾,,,,,,,no_image
104307,Heptapleurum arboricola,鹅掌藤,,,,,,,no_image
104372,Heracleum wolongense,卧龙独活,,,,,,,no_image
104348,Heracleum dissectum,兴安独活,,,,,,,no_image
104389,Herbertus parisii,长茎剪叶苔,,,,,,,no_image
41923,Hercostomus baishanzuensis,百山祖寡长足虻,,,,,,,no_image
41943,Hercostomus comsus,毛寡长足虻,,,,,,,no_image
41983,Hercostomus flatus,平角寡长足虻,,,,,,,no_image
41963,Hercostomus digitatus,指突寡长足虻,,,,,,,no_image
42003,Hercostomus histus,织寡长足虻,,,,,,,no_image
42043,Hercostomus luchunensis,绿春寡长足虻,,,,,,,no_image
42023,Hercostomus jinxiuensis,金秀寡长足虻,,,,,,,no_image
42083,Hercostomus quadriseta,四鬃寡长足虻,,,,,,,no_image
42063,Hercostomus obesus,壮寡长足虻,,,,,,,no_image
42103,Hercostomus spinitarsis,跗刺寡长足虻,,,,,,,no_image
42123,Hercostomus wuhongi,吴鸿寡长足虻,,,,,,,no_image
42143,Herdonia papuensis,角斑绢网蛾,,,,,,,no_image
152033,Hericium erinaceus,猬状猴头菌,,,,,,,no_image
8924,Hermannia gibba,驼背赫甲螨,,,,,,,no_image
104398,Herminium angustilabre,狭唇角盘兰,,,,,,,no_image
104418,Herminium tibeticum,藏东南角盘兰,,,,,,,no_image
42180,Hermonassa furva,黑狭翅夜蛾,,,,,,,no_image
42200,Hermonassa renifera,肾狭翅夜蛾,,,,,,,no_image
42213,Herochroma baba,始青尺蛾,,,,,,,no_image
76882,Herpetoreas abros,铜壁关腹链蛇,,,,,,,no_image
131577,Herpothallon rubrocinctum,,,,,,,,no_image
104441,Herzogiella striatella,明角长灰藓,,,,,,,no_image
42241,Hesperoschema opacum,,,,,,,,no_image
42288,Heteralonia polyphleba,多脉陇蜂虻,,,,,,,no_image
104450,Hetaeria finlaysoniana,长序翻唇兰,,,,,,,no_image
42261,Hesperus ignoratus,,,,,,,,no_image
148862,Heterochaete crassa,厚刺皮耳,,,,,,,no_image
104457,Heterochroa petraea,异色霞草,,,,,,,no_image
135296,Heterodermia podocarpa,毛果哑铃孢,,,,,,,no_image
135276,Heterodermia angustiloba,狭叶哑铃孢,,,,,,,no_image
42309,Heterographa zelleri,策夷夜蛾,,,,,,,no_image
2580,Heteronucia elegans,秀丽异核果蟹,,,,,,,no_image
42342,Heterophleps euthygramma,双线异翅尺蛾,,,,,,,no_image
13329,Heteropoda zuviele,长径巨蟹蛛,,,,,,,no_image
104465,Heteropanax fragrans,幌伞枫,,,,,,,no_image
42354,Heteropternis micronus,小异距蝗,,,,,,,no_image
104473,Heteroplexis impressinervia,凹脉异裂菊,,,,,,,no_image
104511,Heterostemma lobulatum,裂冠醉魂藤,,,,,,,no_image
104502,Heteroscyphus tener,圆叶异萼苔,,,,,,,no_image
42379,Heterotrichus balyi,蓝黑异毛肖叶甲,,,,,,,no_image
42399,Hexafrenum maculifer,斑异齿舟蛾,,,,,,,no_image
42424,Hexatoma cleopatra,丽锦大蚊,,,,,,,no_image
42444,Hexatoma kolthoffi,科尔锦大蚊,,,,,,,no_image
104538,Hibiscus moscheutos,芙蓉葵,,,,,,,no_image
42464,Hexatoma pieliana,莫干锦大蚊,,,,,,,no_image
42409,Hexaptilona palpata,花背侧鬃实蝇,,,,,,,no_image
42486,Hexatoma sycophanta,庐山锦大蚊,,,,,,,no_image
42510,Hilara baiyunshana,白云山喜舞虻,,,,,,,no_image
104522,Heynea trijuga,鹧鸪花,,,,,,,no_image
104565,Hieracium robustum,新疆山柳菊,,,,,,,no_image
12423,Himalcoelotes gyirongensis,吉隆喜隙蛛,,,,,,,no_image
42530,Hilara hubeiensis,湖北喜舞虻,,,,,,,no_image
42554,Himacerus kunmingus,昆明希姬蝽,,,,,,,no_image
104569,Hildenbrandia rubra,胭脂藻,,,,,,,no_image
76931,Hime formosanus,台湾姬鱼,,,,,,,no_image
76943,Hippocampus kuda,库达海马,,,,,,,no_image
16421,Hippasa holmerae,猴马蛛,,,,,,,no_image
104612,Hippolytia senecionis,普兰女蒿,,,,,,,no_image
104642,Hiptage lanceolata,披针叶风筝果,,,,,,,no_image
76953,Hipposideros fulvus,大耳小蹄蝠,,,,,,,no_image
42594,Hirmoneura tienmushanensis,天目山赫网翅虻,,,,,,,no_image
42614,Hirtodrosophila longifurcapenis,长叉茎果蝇,,,,,,,no_image
142188,Hirsutella zhangjiajiensis,,,,,,,,no_image
104655,Hispidopalata dongxingensis,毛凸苣苔,,,,,,,no_image
17358,Hirtomurex winckworthi,温氏花仙螺,,,,,,,no_image
42658,Hister spurius,斯普阎甲,,,,,,,no_image
13762,Hitobia yasunosukei,安之辅希托蛛,,,,,,,no_image
147799,Hohenbuehelia silvana,,,,,,,,no_image
147779,Hohenbuehelia atrocoerulea,,,,,,,,no_image
104678,Holcoglossum flavescens,短距槽舌兰,,,,,,,no_image
14337,Holminaria sibirica,西伯利亚霍蛛,,,,,,,no_image
42688,Holochlora nigrotympana,黑耳绿螽,,,,,,,no_image
42700,Hololepta obtusipes,钝扁阎甲,,,,,,,no_image
42716,Holorusia laticellula,侧斑棘膝大蚊,,,,,,,no_image
3250,Holothuria axiologa,奇乳海参,,,,,,,no_image
3261,Holothuria pardalis,豹斑海参,,,,,,,no_image
42740,Homaeotarsus marginatus,,,,,,,,no_image
104735,Homalothecium laevisetum,无疣同蒴藓,,,,,,,no_image
104725,Homalium paniculiflorum,广南天料木,,,,,,,no_image
77001,Homatula nigra,黑斑副鳅,,,,,,,no_image
42764,Homaloxestis liochlaena,纶素祝蛾,,,,,,,no_image
18995,Homidia haikea,,,,,,,,no_image
18938,Homidia pseudozhangi,,,,,,,,no_image
42804,Homolobus sungkangensis,松岗滑茧蜂,,,,,,,no_image
18948,Homidia zhangi,,,,,,,,no_image
104741,Homomallium incurvatum,毛灰藓,,,,,,,no_image
42786,Homoeusa taiwanensis,,,,,,,,no_image
42824,Homoneura bicuspidata,双尖同脉缟蝇,,,,,,,no_image
42844,Homoneura cornuta,角突同脉缟蝇,,,,,,,no_image
42864,Homoneura elliptica,椭圆新同脉缟蝇,,,,,,,no_image
42904,Homoneura latisurstyla,宽突新同脉缟蝇,,,,,,,no_image
42884,Homoneura hainanensis,海南同脉缟蝇,,,,,,,no_image
42944,Homoneura quadrifera,四突新同脉缟蝇,,,,,,,no_image
42924,Homoneura nigritarsis,黑跗同脉缟蝇,,,,,,,no_image
42964,Homoneura suturalis,缝鬃同脉缟蝇,,,,,,,no_image
42984,Homoneura vittigera,褐带同脉缟蝇,,,,,,,no_image
43003,Homoporus pulchripes,丽类金小蜂,,,,,,,no_image
77014,Hongshuia megalophthalmus,大眼红水河鲮,,,,,,,no_image
43016,Hoplandria minutissima,,,,,,,,no_image
43049,Hoplodrina alsines,北筱夜蛾,,,,,,,no_image
43032,Hoplitis mongolica,蒙古拟孔蜂,,,,,,,no_image
154685,Hormomyces paridiphilus,重楼索霉,,,,,,,no_image
43101,Horisme impigra,勤界尺蛾,,,,,,,no_image
43077,Horaeomorphus pengzhongi,,,,,,,,no_image
104788,Hordeum innermongolicum,内蒙古大麦,,,,,,,no_image
43064,Hoplosathe turpanensis,吐鲁番斑翅剑虻,,,,,,,no_image
77037,Horornis acanthizoides,黄腹树莺,,,,,,,no_image
43145,Hospitalitermes majusculus,大须白蚁,,,,,,,no_image
104830,Hoya baishaensis,白沙球兰,,,,,,,no_image
104872,Hoya persicinicoronaria,足茎球兰,,,,,,,no_image
104852,Hoya ledongensis,乐东球兰,,,,,,,no_image
140485,Humaria erinacea,,,,,,,,no_image
43148,Hsiufuropronia chaoi,赵修复细蜂,,,,,,,no_image
77058,Hucho ishikawae,石川哲罗鲑,,,,,,,no_image
140505,Humaria scatigena,,,,,,,,no_image
140525,Humarina granulata,,,,,,,,no_image
144450,Humicola tibetensis,西藏腐质霉,,,,,,,no_image
104919,Huperzia crispata,皱边石杉,,,,,,,no_image
104941,Huperzia serrata,蛇足石杉,,,,,,,no_image
3422,Hyalonema conus,圆锥拂子介,,,,,,,no_image
43172,Hyagnis chinensis,,,,,,,,no_image
139523,Hyalorbilia berberidis,小檗晶圆盘菌,,,,,,,no_image
138480,Hyaloscypha velenovskyi,,,,,,,,no_image
4674,Hyastenus convexus,隆背互敬蟹,,,,,,,no_image
43198,Hybomitra acuminata,尖腹瘤虻,,,,,,,no_image
43218,Hybomitra ciureai,杂毛瘤虻,,,,,,,no_image
43258,Hybomitra nola,铃胛瘤虻,,,,,,,no_image
43338,Hybos grossipes,粗腿驼舞虻,,,,,,,no_image
43278,Hybomitra taibaishanensis,太白山瘤虻,,,,,,,no_image
43238,Hybomitra lamades,驼瘤瘤虻,,,,,,,no_image
43358,Hybos latus,宽突驼舞虻,,,,,,,no_image
43398,Hybos similaris,近截驼舞虻,,,,,,,no_image
43298,Hybos apiciacutatus,尖端驼舞虻,,,,,,,no_image
43318,Hybos constrictus,端窄驼舞虻,,,,,,,no_image
43378,Hybos nigripes,黑鬃驼舞虻,,,,,,,no_image
43418,Hybos zhangae,张氏驼舞虻,,,,,,,no_image
43435,Hydatothrips chinensis,中华裂绢蓟马,,,,,,,no_image
139976,Hydnobolites tulasnei,,,,,,,,no_image
7664,Hydnophora microconos,小角刺柄珊瑚,,,,,,,no_image
149762,Hydnum fuscoviolaceum,,,,,,,,no_image
7699,Hydrallmania distans,展奥鞘螅,,,,,,,no_image
43451,Hydrelia binotata,双斑水尺蛾,,,,,,,no_image
43471,Hydrelia sanguiniplaga,赤尖水尺蛾,,,,,,,no_image
104976,Hydrangea linkweiensis,临桂绣球,,,,,,,no_image
43493,Hydrellia thoracica,黑须毛眼水蝇,,,,,,,no_image
105000,Hydrobryum griffithii,水石衣,,,,,,,no_image
77075,Hydrophis gracilis,小头海蛇,,,,,,,no_image
43521,Hydrophorus henanensis,河南水长足虻,,,,,,,no_image
147133,Hydropus nigrita,,,,,,,,no_image
43544,Hydrotaea bidentipes,双齿齿股蝇,,,,,,,no_image
105020,Hydrocotyle salwinica,怒江天胡荽,,,,,,,no_image
43605,Hygiella angustifrons,狭额健寄蝇,,,,,,,no_image
43584,Hydrotaea pilobereta,毛肋齿股蝇,,,,,,,no_image
43564,Hydrotaea longiseta,长鬃齿股蝇,,,,,,,no_image
146409,Hygrocybe miniata,小红湿伞,,,,,,,no_image
146389,Hygrocybe ceracea,湿伞蜡,,,,,,,no_image
146471,Hygrophorus imazekii,小红蜡伞,,,,,,,no_image
146491,Hygrophorus occidentalis,西方蜡伞,,,,,,,no_image
146429,Hygrocybe swanetica,,,,,,,,no_image
105047,Hygrophila ringens,水蓑衣,,,,,,,no_image
146511,Hygrophorus robustus,,,,,,,,no_image
43613,Hyidiothrips guangdongensis,广东疏缨管蓟马,,,,,,,no_image
146451,Hygrophorus citrinopallidus,,,,,,,,no_image
43619,Hylemya nigrimana,黑跗种蝇,,,,,,,no_image
16161,Hyleoglomeris heshang,和尚木球马陆,,,,,,,no_image
16184,Hyleoglomeris xueju,穴居木球马陆,,,,,,,no_image
15947,Hylomus lingulatus,,,,,,,,no_image
105055,Hylocomium splendens,塔藓,,,,,,,no_image
43644,Hylophilodes elegans,丽粉翠夜蛾,,,,,,,no_image
14097,Hylyphantes geniculatus,曲膝钻头蛛,,,,,,,no_image
105113,Hymenasplenium chingii,秦氏膜叶铁角蕨,,,,,,,no_image
105133,Hymenasplenium tholiforme,圆顶膜叶铁角蕨,,,,,,,no_image
105147,Hymenidium dentatum,细齿滇藁本,,,,,,,no_image
150193,Hymenochaete bispora,双孢锈革菌,,,,,,,no_image
105167,Hymenidium szechenyii,青海滇藁本,,,,,,,no_image
150213,Hymenochaete innexa,,,,,,,,no_image
150233,Hymenochaete rheicolor,大黄锈革菌,,,,,,,no_image
150253,Hymenochaete ustulata,,,,,,,,no_image
105178,Hymenophyllum barbatum,华东膜蕨,,,,,,,no_image
138372,Hymenoscyphus populneus,,,,,,,,no_image
138352,Hymenoscyphus fructigenus,栎果膜盘菌,,,,,,,no_image
146658,Hymenogaster lycoperdineus,灰包状层腹菌,,,,,,,no_image
105198,Hymenophyllum polyanthos,长柄蕗蕨,,,,,,,no_image
105211,Hyophila acutifolia,尖叶湿地藓,,,,,,,no_image
138392,Hymenoscyphus vernus,春膜盘菌,,,,,,,no_image
105230,Hypecoum parviflorum,小花角茴香,,,,,,,no_image
43669,Hypena narratalis,大斑髯须夜蛾,,,,,,,no_image
3031,Hyperacanthomysis longirostris,长额超刺糠虾,,,,,,,no_image
105287,Hypericum perforatum,贯叶连翘,,,,,,,no_image
105241,Hypericum chishuiense,赤水金丝桃,,,,,,,no_image
105264,Hypericum hirsutum,毛金丝桃,,,,,,,no_image
105310,Hypericum uralum,匙萼金丝桃,,,,,,,no_image
43712,Hypersypnoides quadrinotata,宽带朋闪夜蛾,,,,,,,no_image
150922,Hyphoderma moniliforme,念珠丝皮菌,,,,,,,no_image
150614,Hyphodontia alutaria,黄褐丝齿菌,,,,,,,no_image
150634,Hyphodontia lanata,羊毛状丝齿菌,,,,,,,no_image
150654,Hyphodontia septocystidiata,,,,,,,,no_image
148210,Hypholoma elongatipes,,,,,,,,no_image
105317,Hypnea charoides,长枝沙菜,,,,,,,no_image
43748,Hypocala violacea,红褐鹰夜蛾,,,,,,,no_image
143046,Hypochnicium geogenium,,,,,,,,no_image
105330,Hypnum subimponens,温带灰藓,,,,,,,no_image
139193,Hypoderma juniperinum,,,,,,,,no_image
105339,Hypodematium chingii,秦氏肿足蕨,,,,,,,no_image
105359,Hypodematium truncatum,楔叶肿足蕨,,,,,,,no_image
139210,Hypoderma stephanandrae,野珠兰皮下盘菌,,,,,,,no_image
18727,Hypogastrura analpapillata,,,,,,,,no_image
135947,Hypogymnia bullata,泡袋衣,,,,,,,no_image
135967,Hypogymnia nikkoensis,日光山袋衣,,,,,,,no_image
135987,Hypogymnia yunnanensis,云南袋衣,,,,,,,no_image
43770,Hypomedon galilaeus,,,,,,,,no_image
77154,Hyporhamphus limbatus,缘下鱵鱼,,,,,,,no_image
77148,Hypophthalmichthys harmandi,大鳞鲢,,,,,,,no_image
43797,Hyposmylus punctipennis,具斑亚溪蛉,,,,,,,no_image
135998,Hypotrachyna ikomae,义笃双歧根,,,,,,,no_image
144606,Hypoxylon fendleri,芬德勒炭团菌,,,,,,,no_image
77166,Hypselotriton wolterstorffi,滇螈,,,,,,,no_image
144626,Hypoxylon rubiginosum,赤褐炭团菌,,,,,,,no_image
10929,Hypsosinga luzhongxiani,吕仲贤高亮腹蛛,,,,,,,no_image
43824,Hyssia cavernosa,艺夜蛾,,,,,,,no_image
150738,Hysterangium stoloniferum,匍生辐片包,,,,,,,no_image
132301,Hysterium sphaeroides,,,,,,,,no_image
43847,Hystrichopsylla stenosterna,狭板多毛蚤,,,,,,,no_image
43865,Iambia guangxiana,桂雅夜蛾,,,,,,,no_image
77215,Ichthyophis yangi,杨氏鱼螈,,,,,,,no_image
43887,Ictinogomphus pertinax,霸王叶春蜓,,,,,,,no_image
43873,Ibidionidum longithoracicum,,,,,,,,no_image
43906,Idiocera hainanensis,海南奇角大蚊,,,,,,,no_image
7810,Idiotrochus kikutii,克氏异轮珊瑚,,,,,,,no_image
43969,Ilema jankowskii,白线棕毒蛾,,,,,,,no_image
43928,Idionyx selysi,赛丽异伪蜻,,,,,,,no_image
77227,Ijimaia dofleini,大眼大辫鱼,,,,,,,no_image
105425,Ilex buxoides,黄杨冬青,,,,,,,no_image
105455,Ilex cornuta,枸骨,,,,,,,no_image
105535,Ilex kusanoi,兰屿冬青,,,,,,,no_image
105511,Ilex hanceana,青茶香,,,,,,,no_image
105485,Ilex fengqingensis,凤庆冬青,,,,,,,no_image
105610,Ilex rarasanensis,拉拉山冬青,,,,,,,no_image
105587,Ilex oligodonta,疏齿冬青,,,,,,,no_image
105562,Ilex mamillata,乳头冬青,,,,,,,no_image
105705,Illicium henryi,红茴香,,,,,,,no_image
105630,Ilex subcoriacea,薄革叶冬青,,,,,,,no_image
105659,Ilex tsoi,紫果冬青,,,,,,,no_image
105687,Ilex yuana,独龙冬青,,,,,,,no_image
105696,Illicium ×,粉红花八角,,,,,,,no_image
105747,Impatiens abbatis,神父凤仙花,,,,,,,no_image
77232,Ilyophis singularis,稀有软泥鳗,,,,,,,no_image
105767,Impatiens bahanensis,白汉洛凤仙花,,,,,,,no_image
105808,Impatiens cornutisepala,喙萼凤仙花,,,,,,,no_image
105848,Impatiens fragicolor,草莓凤仙花,,,,,,,no_image
105787,Impatiens ceratophora,具角凤仙花,,,,,,,no_image
105868,Impatiens hongkongensis,香港凤仙花,,,,,,,no_image
105828,Impatiens dichroa,二色凤仙花,,,,,,,no_image
105890,Impatiens lemeei,荞麦地凤仙花,,,,,,,no_image
105910,Impatiens longirostris,长喙凤仙花,,,,,,,no_image
105973,Impatiens piufanensis,块节凤仙花,,,,,,,no_image
105933,Impatiens menghuochengensis,孟获城凤仙花,,,,,,,no_image
105953,Impatiens notolopha,西固凤仙花,,,,,,,no_image
105995,Impatiens purpurea,紫花凤仙花,,,,,,,no_image
106016,Impatiens rupestris,岩生凤仙花,,,,,,,no_image
106039,Impatiens sterilis,丝序凤仙花,,,,,,,no_image
106080,Impatiens wawuensis,瓦屋凤仙花,,,,,,,no_image
106060,Impatiens tongbiguanensis,铜壁关凤仙花,,,,,,,no_image
106101,Impatiens yunnanensis,云南凤仙花,,,,,,,no_image
44004,Impatiophila magnimaculata,盾斑凤仙花果蝇,,,,,,,no_image
44024,Impatiophila unicolorata,单色凤仙花果蝇,,,,,,,no_image
106172,Indigofera hebepetala,毛瓣木蓝,,,,,,,no_image
106112,Incarvillea arguta,两头毛,,,,,,,no_image
106148,Indigofera chaetodonta,刺齿木蓝,,,,,,,no_image
44033,Indaeschna ornithocephala,蓝黑印蜓,,,,,,,no_image
106225,Indigofera silvestrii,刺序木蓝,,,,,,,no_image
106196,Indigofera muliensis,木里木蓝,,,,,,,no_image
106271,Indocalamus tessellatus,箬竹,,,,,,,no_image
106244,Indocalamus barbatus,髯毛箬竹,,,,,,,no_image
44052,Indolestes guizhouensis,贵州印丝蟌,,,,,,,no_image
4632,Indopinnixa mortoni,摩氏印度巴豆蟹,,,,,,,no_image
44070,Indonemoura hubeiensis,湖北印叉(虫责),,,,,,,no_image
10389,Indosetacus osmophloeus,,,,,,,,no_image
44116,Indozuriel rostri,喙突剜缘飞虱,,,,,,,no_image
44104,Indoquedius shibatai,,,,,,,,no_image
77248,Iniistius dea,洛神项鳍鱼,,,,,,,no_image
44126,Inocellia nigra,黑足盲蛇蛉,,,,,,,no_image
146756,Inocybe chalcodoxantha,,,,,,,,no_image
146776,Inocybe fraudans,,,,,,,,no_image
146816,Inocybe napipes,芜著丝盖伞,,,,,,,no_image
146796,Inocybe lacera,暗毛丝盖伞,,,,,,,no_image
146836,Inocybe patouillardi,,,,,,,,no_image
146736,Inocybe amethystina,,,,,,,,no_image
146856,Inocybe rimosoides,裂缘丝盖伞,,,,,,,no_image
150275,Inonotus cuticularis,薄皮纤孔菌,,,,,,,no_image
150315,Inonotus sideroides,,,,,,,,no_image
146876,Inocybe trivialis,,,,,,,,no_image
150295,Inonotus luteoumbrinus,,,,,,,,no_image
4306,Inquisitor formidabilis,纺锤裁判螺,,,,,,,no_image
139983,Iodophanus testaceus,壳状碘光盘菌,,,,,,,no_image
44133,Interphasma belocerca,,,,,,,,no_image
106316,Inula sericophylla,绢叶旋覆花,,,,,,,no_image
44155,Interphasma xinjiangense,新疆介䗛,,,,,,,no_image
44168,Iporhogas chinensis,中华半光茧蜂,,,,,,,no_image
6201,Iphimedia nanshaensis,南沙壮体钩虾,,,,,,,no_image
106344,Ipomoea indica,变色牵牛,,,,,,,no_image
143897,Irenopsis senecionis,,,,,,,,no_image
106380,Iris cuniculiformis,大锐果鸢尾,,,,,,,no_image
1446,Ircinia fusca,暗棕羊海绵,,,,,,,no_image
106434,Iris sanguinea,溪荪,,,,,,,no_image
150990,Irpex consors,鲑贝耙菌,,,,,,,no_image
106406,Iris lactea,马蔺,,,,,,,no_image
141847,Isaria japonica,日本棒束孢,,,,,,,no_image
106472,Isachne myosotis,荏弱柳叶箬,,,,,,,no_image
13071,Irura yunnanensis,云南翘蛛,,,,,,,no_image
44211,Ischiolepta paradraskovitsae,类德氏栉小粪蝇,,,,,,,no_image
44222,Ischnopsyllus elongatus,巨柄蝠蚤,,,,,,,no_image
44203,Iscadia aureovitta,金纹癞皮夜蛾,,,,,,,no_image
44265,Ischnosoma vicinum,,,,,,,,no_image
44242,Ischnosoma convexum,,,,,,,,no_image
44305,Isochlora viridis,绿夜蛾,,,,,,,no_image
15359,Ischnothyreus linzhiensis,林芝弱斑蛛,,,,,,,no_image
44291,Ischyja manlia,蓝条夜蛾,,,,,,,no_image
106516,Isodon brevicalcaratus,短距香茶菜,,,,,,,no_image
106566,Isodon macrophyllus,歧伞香茶菜,,,,,,,no_image
106592,Isodon rugosus,皱叶香茶菜,,,,,,,no_image
106612,Isodon xerophilus,旱生香茶菜,,,,,,,no_image
106540,Isodon gongshanensis,贡山香茶菜,,,,,,,no_image
106627,Isoetes yuhangensis,余杭水韭,,,,,,,no_image
44328,Isometopus marginatus,淡缘树盲蝽,,,,,,,no_image
44348,Isomyia oestracea,牯岭等彩蝇,,,,,,,no_image
44368,Isomyia viridiscutum,绿盾等彩蝇,,,,,,,no_image
44412,Isosturmia setula,鬃异丛寄蝇,,,,,,,no_image
44387,Isopsera brevissima,缺刻平背螽,,,,,,,no_image
18831,Isotomiella longisensilla,,,,,,,,no_image
106644,Isopterygium strictirameum,密枝同叶藓,,,,,,,no_image
106683,Isotrema huanjiangense,环江关木通,,,,,,,no_image
106661,Isotrema cathcartii,管兰香,,,,,,,no_image
106703,Isotrema neolongifolium,线叶关木通,,,,,,,no_image
106723,Isotrema utriforme,囊花关木通,,,,,,,no_image
44427,Issikiopteryx trichacera,三花银祝蛾,,,,,,,no_image
44436,Istocheta altaica,阿尔泰裸背寄蝇,,,,,,,no_image
77284,Isurus paucus,长臂鲭鲨,,,,,,,no_image
44497,Iteomyia capreae,黄花柳埃瘿蚊,,,,,,,no_image
44474,Italochrysa brevicornis,短角意草蛉,,,,,,,no_image
12116,Iwogumoa tengchihensis,藤枝亚隙蛛,,,,,,,no_image
44494,Italochrysa xanthosoma,黄意草蛉,,,,,,,no_image
106770,Ixeris chinensis,中华苦荬菜,,,,,,,no_image
18342,Itura aurita,耳叉盲囊轮虫,,,,,,,no_image
106790,Ixora effusa,散花龙船花,,,,,,,no_image
106816,Jacobaea nudicaulis,裸茎千里光,,,,,,,no_image
150745,Jaapia argillacea,,,,,,,,no_image
7893,Janiopsis brevispura,短距珍妮水母,,,,,,,no_image
151938,Jahnoporus pekingensis,北京杨氏孔菌,,,,,,,no_image
106831,Japanobotrychum lanuginosum,绒毛阴地蕨,,,,,,,no_image
106845,Jasminum dispermum,双子素馨,,,,,,,no_image
106868,Jasminum officinale,素方花,,,,,,,no_image
77317,Jingophrys pachyproctus,凸肛靖角蟾,,,,,,,no_image
1660,Jellyella tuberculatoidea,拟疣吉膜苔虫,,,,,,,no_image
44546,Jassidophaga contracta,缢尾蛪头蝇,,,,,,,no_image
44587,Johnstonimyia taiwanensis,台湾约麻蝇,,,,,,,no_image
44575,Jodis omeiensis,峨眉突尾尺蛾,,,,,,,no_image
106939,Juncus inflexus,片髓灯芯草,,,,,,,no_image
15806,Julus dubius,疑姬马陆,,,,,,,no_image
106913,Juncus bufonius,小灯芯草,,,,,,,no_image
106959,Juncus milashanensis,米拉山灯芯草,,,,,,,no_image
106986,Juncus spumosus,碧罗灯芯草,,,,,,,no_image
107008,Jungermannia orbicularifolia,圆叶叶苔,,,,,,,no_image
107023,Juniperus gaussenii,昆明柏,,,,,,,no_image
44590,Junonia almana,美眼蛱蝶,,,,,,,no_image
107071,Justicia alboviridis,大叶杜根藤,,,,,,,no_image
107091,Justicia latiflora,紫苞爵床,,,,,,,no_image
107111,Justicia xantholeuca,黄白杜根藤,,,,,,,no_image
107118,Kadsura heteroclita,异形南五味子,,,,,,,no_image
3976,Kainonereis alata,鳞须沙蚕,,,,,,,no_image
17695,Kaliella lamprocystis,光囊恰里螺,,,,,,,no_image
44639,Kamimuria extremispina,端刺钩(虫责),,,,,,,no_image
44621,Kaltenbachiella pallida,,,,,,,,no_image
77342,Karalla daura,黑斑卡拉鲾,,,,,,,no_image
44659,Kamimuria maolanensis,茂兰钩(虫责),,,,,,,no_image
10103,Keiferella guanegouensis,,,,,,,,no_image
44705,Kasibaeocera mussardi,,,,,,,,no_image
44678,Kamptomerus bifoveolatus,,,,,,,,no_image
107163,Keiskea sinensis,中华香简草,,,,,,,no_image
44730,Kentrochrysalis consimilis,桂花天蛾,,,,,,,no_image
107179,Kengyilia hejingensis,和静仲彬草,,,,,,,no_image
4272,Kermia melanoxytum,美兰棋盘螺,,,,,,,no_image
107201,Keraymonia cortiformis,西藏齐肋芹,,,,,,,no_image
107208,Keteleeria fortunei,油杉,,,,,,,no_image
107226,Kindbergia praelonga,异叶藓,,,,,,,no_image
15091,Khorata zhui,朱氏呵叻蛛,,,,,,,no_image
15075,Khorata macilenta,弱呵叻蛛,,,,,,,no_image
107227,Kingdonia uniflora,独叶草,,,,,,,no_image
44796,Kloosia koreana,驼背克罗摇蚊,,,,,,,no_image
44781,Kiritshenkella dingriensis,定日枯粉蚧,,,,,,,no_image
107301,Koenigia pilosa,柔毛蓼,,,,,,,no_image
44787,Kitanola brachygnatha,短颚铃刺蛾,,,,,,,no_image
107276,Koenigia campanulata,钟花蓼,,,,,,,no_image
44798,Kocourekia fusis,纺角散毛啮小蜂,,,,,,,no_image
152743,Kondoa malvinella,,,,,,,,no_image
44810,Kolla lactea,污黄边大叶蝉,,,,,,,no_image
44835,Korinchia himalayensis,喜马拉雅斜环蚜蝇,,,,,,,no_image
44853,Kotogargara punctata,刻背卡圆角蝉,,,,,,,no_image
44862,Krenosmittia zhengi,郑氏克莱施密摇蚊,,,,,,,no_image
44871,Kuldscha lakearia,屈库尺蛾,,,,,,,no_image
10333,Kuangella this,,,,,,,,no_image
44885,Kunbir cephalotes,,,,,,,,no_image
107330,Kuepferia damyonensis,深裂龙胆,,,,,,,no_image
44906,Kunugia lemeepauli,永德杂枯叶蛾,,,,,,,no_image
107353,Kurzia sylvatica,林下细指苔,,,,,,,no_image
44969,Labomimus jizuensis,,,,,,,,no_image
77377,Kurixalus eiffingeri,琉球原指树蛙,,,,,,,no_image
44948,Kuwayamaea sergeji,斯氏桑螽,,,,,,,no_image
77391,Kyphosus cinerascens,长鳍[鱼舵],,,,,,,no_image
135037,Laboulbenia manubriolata,,,,,,,,no_image
135017,Laboulbenia bledii,,,,,,,,no_image
44989,Lacanobia oleracea,草安夜蛾,,,,,,,no_image
135057,Laboulbenia thyreopteri,,,,,,,,no_image
146354,Laccaria ohiensis,蜡蘑,,,,,,,no_image
140991,Lachancea dasiensis,,,,,,,,no_image
140556,Lachnea hinnulea,,,,,,,,no_image
138634,Lachnellula hysterigena,,,,,,,,no_image
147540,Lachnella ciliaris,,,,,,,,no_image
138662,Lachnum chusqueae,,,,,,,,no_image
138642,Lachnum abnormis,,,,,,,,no_image
138682,Lachnum hainanense,海南粒毛盘菌,,,,,,,no_image
138702,Lachnum marginatum,,,,,,,,no_image
138722,Lachnum pteridophyllum,蕨粒毛盘菌,,,,,,,no_image
138742,Lachnum willisii,威氏粒毛盘菌,,,,,,,no_image
152120,Lactarius atrovelutinus,黑茸乳菇,,,,,,,no_image
152140,Lactarius changbainensis,长白乳菇,,,,,,,no_image
143079,Lacrimasporonites psilatus,,,,,,,,no_image
152199,Lactarius longipilus,,,,,,,,no_image
152180,Lactarius hatsudake,红汁乳菇,,,,,,,no_image
152160,Lactarius deterrimus,粗质乳菇,,,,,,,no_image
152219,Lactarius obliquus,歪斜乳菇,,,,,,,no_image
152239,Lactarius pisciodorus,,,,,,,,no_image
152299,Lactarius volemoides,,,,,,,,no_image
152279,Lactarius subplinthogalus,黄灰稀褶乳菇,,,,,,,no_image
107375,Lactuca formosana,台湾翅果菊,,,,,,,no_image
45029,Laelia lilacina,紫素毒蛾,,,,,,,no_image
152259,Lactarius rubrobrunnescens,,,,,,,,no_image
107386,Lagascea mollis,单花葵,,,,,,,no_image
151008,Laetiporus sulphureus,硫色?孔菌,,,,,,,no_image
107405,Lagerstroemia speciosa,大花紫薇,,,,,,,no_image
107418,Lagochilus hirtus,硬毛兔唇花,,,,,,,no_image
107440,Lagotis crassifolia,厚叶兔耳草,,,,,,,no_image
138870,Lambertella xishuangbanna,西双版纳兰伯盘菌,,,,,,,no_image
77434,Lalage nigra,斑鹃鵙,,,,,,,no_image
15525,Lagynochthonius niger,黑色拉伪蝎,,,,,,,no_image
45061,Lamelligomphus hanzhongensis,汉中环尾春蜓,,,,,,,no_image
107459,Lamium maculatum,紫花野芝麻,,,,,,,no_image
45111,Lamprotatus villosicubitus,闭室丽金小蜂,,,,,,,no_image
107460,Lamprocapnos spectabilis,荷包牡丹,,,,,,,no_image
45099,Lampropteryx synthetica,联丽翅尺蛾,,,,,,,no_image
12945,Langona bhutanica,不丹兰戈纳蛛,,,,,,,no_image
77493,Lanlabeo duanensis,都安蓝鲮,,,,,,,no_image
14063,Laogone bai,白老微蛛,,,,,,,no_image
45141,Lappodiamesa multiseta,多毛拉普摇蚊,,,,,,,no_image
45131,Laphria galathei,铠毛食虫虻,,,,,,,no_image
107501,Lappula lipskyi,短柱鹤虱,,,,,,,no_image
11124,Larinia sekiguchii,关口肥蛛,,,,,,,no_image
107525,Lappula tianschanica,天山鹤虱,,,,,,,no_image
77496,Larus brachyrhynchus,美洲海鸥,,,,,,,no_image
11553,Lasaeola okinawana,冲绳拉萨蛛,,,,,,,no_image
107557,Lasianthus biflorus,石核木,,,,,,,no_image
138488,Lasiobelonium ningxiaense,宁夏针毛盘菌,,,,,,,no_image
45158,Lasiochaeta parca,寡斑多毛秆蝇,,,,,,,no_image
45213,Lasiohelea longicornis,长角蠛蠓,,,,,,,no_image
107584,Lasianthus obscurus,林生粗叶木,,,,,,,no_image
131820,Lasiodiplodia hormozganensis,,,,,,,,no_image
45193,Lasiohelea dirus,粗大蠛蠓,,,,,,,no_image
45233,Lasiohelea quinquedentis,五齿蠛蠓,,,,,,,no_image
45253,Lasiohelea zhenbaodaoensis,珍宝岛蠛蠓,,,,,,,no_image
9402,Lasioseius paucispathus,,,,,,,,no_image
45272,Lasiommata deidamia,斗毛眼蝶,,,,,,,no_image
45291,Lasioptera rubi,悬钩子毛瘿蚊,,,,,,,no_image
45294,Lasiosina recurvata,弯茎愈背秆蝇,,,,,,,no_image
17454,Lataxiena lutescena,黄唇狸螺,,,,,,,no_image
45310,Lathrobium agglutinatum,,,,,,,,no_image
45350,Lathrobium chenae,,,,,,,,no_image
45330,Lathrobium bicuspidatum,,,,,,,,no_image
45370,Lathrobium detruncatum,,,,,,,,no_image
45390,Lathrobium fortespinosum,,,,,,,,no_image
45430,Lathrobium jiulongshanense,,,,,,,,no_image
45410,Lathrobium hujiayaoi,,,,,,,,no_image
45450,Lathrobium marani,,,,,,,,no_image
45510,Lathrobium tricuspidatum,,,,,,,,no_image
45470,Lathrobium rastellatum,,,,,,,,no_image
45490,Lathrobium shengtangshanense,,,,,,,,no_image
45530,Lathrobium yinae,,,,,,,,no_image
45550,Lathromeromina transiseptata,横带光胸赤眼蜂,,,,,,,no_image
13559,Lathys huangyangjieensis,黄洋界隐蔽蛛,,,,,,,no_image
107614,Lathyrus humilis,矮山黧豆,,,,,,,no_image
45571,Latizanchius longicuneus,长楔宽平盲蝽,,,,,,,no_image
45580,Latreille indianus,印度螯蜂,,,,,,,no_image
107643,Laurencia galtsoffii,加氏凹顶藻,,,,,,,no_image
11572,Latrodectus elegans,美雅寇蛛,,,,,,,no_image
9172,Lauroppia neerlandica,尼兰桂奥甲螨,,,,,,,no_image
18171,Lecane decipiens,探索腔轮虫,,,,,,,no_image
45598,Lebeda nobilis,著大枯叶蛾,,,,,,,no_image
18174,Lecane ludwigii,罗氏腔轮虫,,,,,,,no_image
18165,Lecane tenuiseta,细爪腔轮虫,,,,,,,no_image
45609,Lecanopsis festucae,狐茅隐毡蜡蚧,,,,,,,no_image
135679,Lecanora campestris,平原茶渍,,,,,,,no_image
135719,Lecanora kukunorensis,青海茶渍,,,,,,,no_image
135699,Lecanora flowersiana,,,,,,,,no_image
149161,Leccinellum albellum,白小疣柄牛肝菌,,,,,,,no_image
135759,Lecanora thysanophora,流苏茶渍,,,,,,,no_image
149181,Leccinum intusrubens,变红疣柄牛肝菌,,,,,,,no_image
135739,Lecanora praesistens,,,,,,,,no_image
136697,Lecidea elabens,脱落网衣,,,,,,,no_image
149201,Leccinum versipelle,变形疣柄牛肝菌,,,,,,,no_image
136717,Lecidea lithophila,石生网衣,,,,,,,no_image
136737,Lecidea subconcava,亚凹网衣,,,,,,,no_image
45612,Lecithocera altusana,高平祝蛾,,,,,,,no_image
45672,Lecithocera peracantha,眼平祝蛾,,,,,,,no_image
45632,Lecithocera ebenosa,乌木祝蛾,,,,,,,no_image
45652,Lecithocera licnitha,纵平祝蛾,,,,,,,no_image
16790,Leclercera yuanzhui,圆锥利克蛛,,,,,,,no_image
17230,Lecithodendrium moedlingeri,摩氏枝腺吸虫,,,,,,,no_image
19357,Leeonychiurus saphianus,,,,,,,,no_image
16851,Leiobunum maximum,大平丘盲蛛,,,,,,,no_image
45699,Leia aculeolusa,针尾滑菌蚊,,,,,,,no_image
107726,Lejeunea laii,赖氏细鳞苔,,,,,,,no_image
131776,Lembosia ormosiicola,,,,,,,,no_image
107746,Lejeunea wightii,魏氏细鳞苔,,,,,,,no_image
136963,Leiorreuma dilatatum,膨大厚基衣,,,,,,,no_image
107706,Lejeunea anisophylla,狭瓣细鳞苔,,,,,,,no_image
45713,Leiophron amplicaptis,大头毛室茧蜂,,,,,,,no_image
45747,Lemula coerulea,,,,,,,,no_image
45796,Lemyra phasma,褐点望灯蛾,,,,,,,no_image
45771,Lemyra diluta,弱望灯蛾,,,,,,,no_image
7738,Lensia conoides,锥形浅室水母,,,,,,,no_image
150060,Lentaria surculus,枝木瑚菌,,,,,,,no_image
151549,Lentinus tigrinus,虎皮韧伞,,,,,,,no_image
151529,Lentinus cladopus,枝柄韧伞,,,,,,,no_image
151564,Lenzites repanda,,,,,,,,no_image
45815,Leontochroma attenuatum,吉隆卷蛾,,,,,,,no_image
107778,Leontopodium jacotianum,雅谷火绒草,,,,,,,no_image
139053,Leotia castanea,栗色锤舌菌,,,,,,,no_image
107801,Leontopodium wilsonii,川西火绒草,,,,,,,no_image
18672,Lepadella bidentata,双棘鞍甲轮虫,,,,,,,no_image
107844,Lepidium latifolium,宽叶独行菜,,,,,,,no_image
2655,Lepas pectinata,栉茗荷,,,,,,,no_image
2045,Lepidepecreum nudum,裸梳鳞钩虾,,,,,,,no_image
145284,Lepiota albissima,,,,,,,,no_image
18897,Lepidodens hainanicus,,,,,,,,no_image
77578,Lepidotrigla abyssalis,深海红娘鱼,,,,,,,no_image
145304,Lepiota brunnescens,,,,,,,,no_image
107860,Lepidozia omeiensis,峨眉指叶苔,,,,,,,no_image
145324,Lepiota erythrogramma,红绒杯柄菇,,,,,,,no_image
145344,Lepiota hetieri,,,,,,,,no_image
145364,Lepiota leprica,褐柄锥鳞环柄菇,,,,,,,no_image
145404,Lepiota spiculata,土黄环柄菇,,,,,,,no_image
145384,Lepiota procera,高环柄菇,,,,,,,no_image
107909,Lepisorus macrosphaerus,大瓦韦,,,,,,,no_image
107887,Lepisorus carnosus,肉质伏石蕨,,,,,,,no_image
145424,Lepiota wasseri,,,,,,,,no_image
107929,Lepisorus rostratus,骨牌蕨,,,,,,,no_image
107951,Lepisorus variabilis,多变宽带蕨,,,,,,,no_image
136613,Lepraria pallida,,,,,,,,no_image
148498,Lepista ricekii,,,,,,,,no_image
45832,Leptagria tranquillitatis,,,,,,,,no_image
45857,Leptispa miwai,涡胸卷叶甲,,,,,,,no_image
77621,Leptobrachium hainanense,海南拟髭蟾,,,,,,,no_image
77601,Leptobotia microphthalma,小眼薄鳅,,,,,,,no_image
14131,Lepthyphantes kansuensis,甘肃斑皿蛛,,,,,,,no_image
45885,Leptocera nigra,黑雅小粪蝇,,,,,,,no_image
45911,Leptoconops fretus,海峡细蠓,,,,,,,no_image
107983,Leptochilus multilobus,多裂薄唇蕨,,,,,,,no_image
107997,Leptocladium sinense,薄羽藓,,,,,,,no_image
108034,Leptodermis pumila,矮小野丁香,,,,,,,no_image
108002,Leptodermis dielsiana,丽江野丁香,,,,,,,no_image
45931,Leptoconops tarimensis,塔里木细蠓,,,,,,,no_image
203,Leptodius sanguineus,肉球皱蟹,,,,,,,no_image
45959,Leptogaster pilosella,毛细腹食虫虻,,,,,,,no_image
137133,Leptogium corticola,树皮猫耳衣,,,,,,,no_image
137153,Leptogium sessile,无柄猫耳衣,,,,,,,no_image
108059,Leptogramma himalaica,喜马拉雅溪茯蕨,,,,,,,no_image
144255,Leptographium sinoprocerum,,,,,,,,no_image
108083,Leptolejeunea epiphylla,小瓣薄鳞苔,,,,,,,no_image
16597,Leptonetela dashui,大水小弱蛛,,,,,,,no_image
16616,Leptonetela jiulong,九龙小弱蛛,,,,,,,no_image
108092,Leptomischus parviflorus,小花报春茜,,,,,,,no_image
15094,Leptopholcus podophthalmus,柄眼瘦幽蛛,,,,,,,no_image
16704,Leptonetela meiwang,梅王小弱蛛,,,,,,,no_image
16598,Leptonetela sanchahe,三岔河小弱蛛,,,,,,,no_image
16666,Leptonetela wenzhu,文竹小弱蛛,,,,,,,no_image
45995,Leptopsylla segnis,缓慢细蚤,,,,,,,no_image
8141,Leptoseris explanata,环柔纹珊瑚,,,,,,,no_image
133690,Leptosphaeria brightonensis,,,,,,,,no_image
108106,Leptopus australis,薄叶雀舌木,,,,,,,no_image
133710,Leptosphaeria pruni,,,,,,,,no_image
148803,Leptosporomyces ovoideus,,,,,,,,no_image
46058,Leptura grahamiana,黑纹花天牛,,,,,,,no_image
139229,Leptostroma virgultorum,,,,,,,,no_image
46039,Leptoxenus ornaticollis,,,,,,,,no_image
6704,Leptotheca sebastisci,菖鲉薄壳虫,,,,,,,no_image
46089,Leptusa armatissima,,,,,,,,no_image
46081,Leptura yulongshana,玉龙山花天牛,,,,,,,no_image
46113,Leptusa jiudingensis,,,,,,,,no_image
46133,Leptusa schuelkei,,,,,,,,no_image
108177,Lespedeza potaninii,牛枝子,,,,,,,no_image
46153,Leptusa zhemomontis,,,,,,,,no_image
108130,Lescuraea mutabilis,多毛藓,,,,,,,no_image
108149,Lespedeza davidii,大叶胡枝子,,,,,,,no_image
46167,Lestes umbrinus,锯尾丝蟌,,,,,,,no_image
46187,Lesteva miragricola,,,,,,,,no_image
136015,Lethariella zahlbruckneri,金丝带,,,,,,,no_image
77658,Lestidium orientale,东方裸蜥鱼,,,,,,,no_image
77668,Lethrinus haematopterus,红鳍裸颊鲷,,,,,,,no_image
46256,Lethe kansa,甘萨黛眼蝶,,,,,,,no_image
46328,Leucania mesotrostina,庸粘夜蛾,,,,,,,no_image
46308,Leucania binigrata,双贯粘夜蛾,,,,,,,no_image
46282,Lethe sicelides,康定黛眼蝶,,,,,,,no_image
14904,Leucauge celebesiana,西里银鳞蛛,,,,,,,no_image
46348,Leucania transversata,棕点粘夜蛾,,,,,,,no_image
77683,Leuciscus chuanchicus,黄河雅罗鱼,,,,,,,no_image
145434,Leucoagaricus georginae,,,,,,,,no_image
108226,Leucodon formosanus,宝岛白齿藓,,,,,,,no_image
108217,Leucobryum javense,爪哇白发藓,,,,,,,no_image
145449,Leucocoprinus badhamii,,,,,,,,no_image
148513,Leucopaxillus mirabilis,奇异白桩菇,,,,,,,no_image
108245,Leucomeris decora,白菊木,,,,,,,no_image
46361,Leucocraspedum dilutum,,,,,,,,no_image
108241,Leucoloma mittenii,梅氏白锦藓,,,,,,,no_image
46404,Leucophenga apunctata,缺斑白果蝇,,,,,,,no_image
46424,Leucophenga flavicosta,黄缘白果蝇,,,,,,,no_image
46444,Leucophenga meijerei,迈氏白果蝇,,,,,,,no_image
46464,Leucophenga retihirta,纹毛白果蝇,,,,,,,no_image
46484,Leucophenga umbratula,覆黑白果蝇,,,,,,,no_image
77693,Leucosticte arctoa,粉红腹岭雀,,,,,,,no_image
46502,Leucophora sericea,鬃胸植蝇,,,,,,,no_image
3435,Leucothoe hainanensis,海南白钩虾,,,,,,,no_image
46521,Leucorrhinia dubia,短斑白颜蜻,,,,,,,no_image
138061,Leveillula linacearum,,,,,,,,no_image
108261,Lewinskya erosa,蚀齿显孔藓,,,,,,,no_image
108278,Leymus altus,分株赖草,,,,,,,no_image
108315,Liagora divaricata,叉枝粉枝藻,,,,,,,no_image
108300,Leymus ramosus,单穗赖草,,,,,,,no_image
108346,Libanotis depressa,地岩风,,,,,,,no_image
108335,Liagora subdichotoma,亚双叉粉枝藻,,,,,,,no_image
46551,Libellula depressa,基斑蜻,,,,,,,no_image
46569,Libnotes longistigma,长斑亮大蚊,,,,,,,no_image
46593,Liccana substraminea,淡黄旋茎舟蛾,,,,,,,no_image
4238,Lienardia exquisita,桃红狭口螺,,,,,,,no_image
155928,Lichtheimia corymbifera,,,,,,,,no_image
136034,Lichen polyphyllus,,,,,,,,no_image
108380,Ligularia cremanthodioides,垂头橐吾,,,,,,,no_image
144209,Lignincola laevis,,,,,,,,no_image
108402,Ligularia heterophylla,异叶橐吾,,,,,,,no_image
108426,Ligularia lhunzensis,隆子橐吾,,,,,,,no_image
108448,Ligularia nyingchiensis,林芝橐吾,,,,,,,no_image
108472,Ligularia ruficoma,节毛橐吾,,,,,,,no_image
108494,Ligularia virgaurea,黄帚橐吾,,,,,,,no_image
108516,Ligusticopsis miyiensis,粉绿拟藁本,,,,,,,no_image
46608,Ligyra latipennis,侧翼丽蜂虻,,,,,,,no_image
108536,Ligusticum nematophyllum,线叶藁本,,,,,,,no_image
108562,Ligustrum morrisonense,玉山女贞,,,,,,,no_image
108628,Lilium henrici,墨江百合,,,,,,,no_image
108593,Lilium apertum,开瓣豹子花,,,,,,,no_image
291,Liljeborgia unidentata,单齿利尔钩虾,,,,,,,no_image
108683,Lilium souliei,紫花百合,,,,,,,no_image
108660,Lilium papilliferum,乳头百合,,,,,,,no_image
46623,Limacolasia dubiosa,泥刺蛾,,,,,,,no_image
108708,Limnophila sessiliflora,石龙尾,,,,,,,no_image
108697,Limnobium laevigatum,水鬼花,,,,,,,no_image
46631,Limenitis cleophas,细线蛱蝶,,,,,,,no_image
46672,Limnophora conica,锥纹池蝇,,,,,,,no_image
46692,Limnophora longitarsis,长跗池蝇,,,,,,,no_image
46734,Limnophora yunnan,云南池蝇,,,,,,,no_image
46713,Limnophora pubiseta,阴鬃池蝇,,,,,,,no_image
108709,Limonia acidissima,象橘,,,,,,,no_image
108727,Limonium otolepis,耳叶补血草,,,,,,,no_image
46769,Limonia subhostilis,亚敌沼大蚊,,,,,,,no_image
46776,Linaeidea aeneipennis,金绿里叶甲,,,,,,,no_image
108739,Linaria buriatica,多枝柳穿鱼,,,,,,,no_image
46803,Linda fasciculata,,,,,,,,no_image
108756,Lindelofia stylosa,长柱琉璃草,,,,,,,no_image
108782,Lindera kariensis,更里山胡椒,,,,,,,no_image
108813,Lindera supracostata,菱叶钓樟,,,,,,,no_image
18213,Lindia truncata,截头柔轮虫,,,,,,,no_image
148148,Lindtneria chordulata,,,,,,,,no_image
108835,Lindernia macrobotrys,长序母草,,,,,,,no_image
3826,Linhystera problematica,可疑线荚线虫,,,,,,,no_image
46842,Linnaemya lateralis,侧斑短须寄蝇,,,,,,,no_image
108867,Linum altaicum,阿尔泰亚麻,,,,,,,no_image
77746,Liobagrus anguillicauda,鳗尾&#x0000E056;,,,,,,,no_image
46862,Linnaemya tuberocerca,结肛短须寄蝇,,,,,,,no_image
6829,Liochthonius brevis,短滑缝甲螨,,,,,,,no_image
46874,Liodrosophila anfuensis,安福曙果蝇,,,,,,,no_image
46894,Liogluta caliginis,,,,,,,,no_image
46914,Liogluta muyupingensis,,,,,,,,no_image
46934,Liogma brunneistigma,褐翅平烛大蚊,,,,,,,no_image
77771,Liopropoma aragai,荒贺氏长鲈,,,,,,,no_image
46953,Liosarcophaga harpax,贪食醬麻蝇,,,,,,,no_image
46973,Liosarcophaga pleskei,天山醬麻蝇,,,,,,,no_image
46993,Liothrips brevitubus,短管滑管蓟马,,,,,,,no_image
108893,Liparis chapaensis,平卧羊耳蒜,,,,,,,no_image
2691,Liotia asterisus,条棒方格螺,,,,,,,no_image
108912,Liparis henryi,具棱羊耳蒜,,,,,,,no_image
108948,Liparis tschangii,折苞羊耳蒜,,,,,,,no_image
108930,Liparis perpusilla,狭叶羊耳蒜,,,,,,,no_image
108966,Lirianthe fujianensis,福建木兰,,,,,,,no_image
47021,Lipotactes sinicus,多变迟螽,,,,,,,no_image
47085,Lispe quaerens,天目溜蝇,,,,,,,no_image
47040,Liriomyza subpusilla,微小斑潜蝇,,,,,,,no_image
139234,Lirula nervisequa,脉生小沟盘菌,,,,,,,no_image
47145,Lispocephala valva,瓣溜头秽蝇,,,,,,,no_image
47065,Lispe geniseta,光彩溜蝇,,,,,,,no_image
47125,Lispocephala nigrigeneris,黑颊溜头秽蝇,,,,,,,no_image
298,Listriella janisae,畸铲钩虾,,,,,,,no_image
47105,Lispocephala boops,牛眼溜头秽蝇,,,,,,,no_image
47165,Lithacodia nivata,雪俚夜蛾,,,,,,,no_image
15710,Lithobius decessus,雅石蜈蚣,,,,,,,no_image
15650,Lithobius sui,苏氏石蜈蚣,,,,,,,no_image
108997,Lithocarpus calolepis,美苞柯,,,,,,,no_image
15721,Lithobius meifengensis,梅峰石蜈蚣,,,,,,,no_image
109025,Lithocarpus dealbatus,白柯,,,,,,,no_image
109048,Lithocarpus glaucus,粉绿柯,,,,,,,no_image
109068,Lithocarpus leucodermis,白枝柯,,,,,,,no_image
109090,Lithocarpus obscurus,墨脱柯,,,,,,,no_image
109113,Lithocarpus skanianus,滑皮柯,,,,,,,no_image
47173,Lithocharis erythroptera,,,,,,,,no_image
109141,Lithospermum zollingeri,梓木草,,,,,,,no_image
5366,Lithophaga malaccana,羽膜石蛏,,,,,,,no_image
109153,Litsea baviensis,大萼木姜子,,,,,,,no_image
47200,Litoglossa chinensis,,,,,,,,no_image
109237,Litsea taronensis,独龙木姜子,,,,,,,no_image
109185,Litsea hayatae,台湾木姜子,,,,,,,no_image
109260,Litwinowia tenuissima,脱喙荠,,,,,,,no_image
109208,Litsea morrisonensis,玉山木姜子,,,,,,,no_image
47208,Liusus humeralis,,,,,,,,no_image
47223,Ljungh distinguendus,显双距螯蜂,,,,,,,no_image
151571,Lloydella abietina,冷杉笋革菌,,,,,,,no_image
137178,Lobaria kurokawae,光肺衣,,,,,,,no_image
109289,Lobelia pleotricha,毛萼山梗菜,,,,,,,no_image
47268,Lobocla simplex,简纹带弄蝶,,,,,,,no_image
47249,Lobesia genialis,双突花翅小卷蛾,,,,,,,no_image
109267,Lobatiriccardia yunnanensis,云南宽片苔,,,,,,,no_image
7152,Lobophytum crassospiculatum,厚针叶软珊瑚,,,,,,,no_image
7183,Lobophytum salvati,沙氏叶软珊瑚,,,,,,,no_image
47301,Lobrathium excisissimum,,,,,,,,no_image
47281,Lobrathium bimembre,,,,,,,,no_image
47321,Lobrathium quadrum,,,,,,,,no_image
109308,Lolium rigidum,硬直黑麦草,,,,,,,no_image
47349,Loeblites chinensis,,,,,,,,no_image
47375,Lonchaea cyaneonitens,蔚蓝尖尾蝇,,,,,,,no_image
109325,Lomatogonium brachyantherum,短药肋柱花,,,,,,,no_image
47395,Lonchoptera digitata,指形尖翅蝇,,,,,,,no_image
109296,Lobularia maritima,香雪球,,,,,,,no_image
47410,Longgenacris maculacarina,斑边陇根蝗,,,,,,,no_image
47360,Lomechusa parva,,,,,,,,no_image
47419,Longipenis deltidius,长茎祝蛾,,,,,,,no_image
109356,Lonicera caerulea,蓝果忍冬,,,,,,,no_image
109386,Lonicera kawakamii,玉山忍冬,,,,,,,no_image
109412,Lonicera retusa,凹叶忍冬,,,,,,,no_image
47431,Lonyarbon motuoensis,,,,,,,,no_image
133722,Lophiostoma curtum,,,,,,,,no_image
4114,Lopha cristagalli,脊牡蛎,,,,,,,no_image
18307,Lophocharis naias,平滑细脊轮虫,,,,,,,no_image
139246,Lophodermina uncinata,,,,,,,,no_image
139266,Lophodermium euryae,柃木散斑壳,,,,,,,no_image
139286,Lophodermium maximum,大散斑壳,,,,,,,no_image
139306,Lophodermium pini-sibiricae,新疆五针松散斑壳,,,,,,,no_image
47458,Lophontosia parki,朴氏冠齿舟蛾,,,,,,,no_image
47476,Lophoptera coangulata,凝脊蕊夜蛾,,,,,,,no_image
109447,Lopholejeunea applanata,扁平冠鳞苔,,,,,,,no_image
109456,Lophostemon confertus,红胶木,,,,,,,no_image
47496,Lophosia bicincta,双带罗佛寄蝇,,,,,,,no_image
47527,Lordiphosa biconvexa,双突拱背果蝇,,,,,,,no_image
177,Lophozozymus pulchellus,美丽脊熟若蟹,,,,,,,no_image
14608,Loxobates minor,小斜蟹蛛,,,,,,,no_image
7273,Lovenella clausa,烟管触丝水母,,,,,,,no_image
47567,Lordithon kawamurai,,,,,,,,no_image
47547,Lordiphosa nigrifemur,黑腿拱背果蝇,,,,,,,no_image
47577,Lotobia asiatica,亚梳小粪蝇,,,,,,,no_image
5511,Loxoglypta clathrata,布目斜纹蛤,,,,,,,no_image
47612,Loxoneura livida,三带肘角广口蝇,,,,,,,no_image
47618,Loxura atymnus,鹿灰蝶,,,,,,,no_image
47631,Lucilia calviceps,裸头绿蝇,,,,,,,no_image
109540,Luisia filiformis,长瓣钗子股,,,,,,,no_image
965,Lucinoma spectabile,醒目扁满月蛤,,,,,,,no_image
5710,Lunella coronata,朝鲜花冠小月螺,,,,,,,no_image
109529,Ludwigia ovalis,卵叶丁香蓼,,,,,,,no_image
77937,Lutrogale perspicillata,江獭,,,,,,,no_image
77923,Lutjanus lunulatus,月尾笛鲷,,,,,,,no_image
2459,Luria isabella,黄褐禄亚贝,,,,,,,no_image
109580,Luzula pallescens,淡花地杨梅,,,,,,,no_image
77951,Lycodon multizonatus,横纹链蛇,,,,,,,no_image
4003,Lycastopsis augeneri,多美沙蚕,,,,,,,no_image
109619,Lycium mellitum,甜果枸杞,,,,,,,no_image
146913,Lycoperdon cinereum,,,,,,,,no_image
146933,Lycoperdon furfuraceum,,,,,,,,no_image
14723,Lycopus cha,叉狼蟹蛛,,,,,,,no_image
146973,Lycoperdon setiferum,刺马勃,,,,,,,no_image
146953,Lycoperdon muscorum,,,,,,,,no_image
47728,Lycoriella truncata,截形厉眼蕈蚊,,,,,,,no_image
47708,Lycoriella huanggangshana,黄岗厉眼蕈蚊,,,,,,,no_image
16322,Lycosa approximata,近狼蛛,,,,,,,no_image
47759,Lygocoris ferrugineus,红褐丽盲蝽,,,,,,,no_image
16284,Lycosa sabulosa,砂狼蛛,,,,,,,no_image
109671,Lyellia platycarpa,宽果异蒴藓,,,,,,,no_image
109678,Lygodium microphyllum,小叶海金沙,,,,,,,no_image
47789,Lygus wagneri,瓦氏草盲蝽,,,,,,,no_image
47808,Lymantria orestera,白尾毒蛾,,,,,,,no_image
147006,Lyophyllum connatum,合生离褶伞,,,,,,,no_image
47827,Lynchia omnisetosa,吐毛拟鹭虱蝇,,,,,,,no_image
147026,Lyophyllum sykosporum,,,,,,,,no_image
1293,Lyreidus stenops,窄额琵琶蟹,,,,,,,no_image
109697,Lysimachia alfredi,广西过路黄,,,,,,,no_image
109719,Lysimachia chenopodioides,藜状珍珠菜,,,,,,,no_image
109739,Lysimachia deltoidea,,,,,,,,no_image
109763,Lysimachia glaucina,灰叶珍珠菜,,,,,,,no_image
109831,Lysimachia pseudotrichopoda,鄂西香草,,,,,,,no_image
109784,Lysimachia kwangtungensis,广东临时救,,,,,,,no_image
1281,Lysirude channeri,张氏仿琵琶蟹,,,,,,,no_image
109900,Lysionotus levipes,狭萼吊石苣苔,,,,,,,no_image
109877,Lysimachia vittiformis,条叶香草,,,,,,,no_image
109853,Lysimachia shimianensis,石棉过路黄,,,,,,,no_image
109807,Lysimachia navillei,木茎香草,,,,,,,no_image
14554,Lysiteles subdianicus,亚滇微蟹蛛,,,,,,,no_image
14784,Lysiteles fanjingensis,梵净微蟹蛛,,,,,,,no_image
150786,Lysurus periphragmoides,围篱状散尾鬼笔,,,,,,,no_image
2243,Mabellarca dautzenbergi,道氏珠蚶,,,,,,,no_image
109941,Macaranga indica,印度血桐,,,,,,,no_image
109955,Machilus breviflora,短序润楠,,,,,,,no_image
109935,Maackia tenuifolia,光叶马鞍树,,,,,,,no_image
109975,Machilus gamblei,黄心树,,,,,,,no_image
109949,Machaerina ensigera,剑叶莎,,,,,,,no_image
109999,Machilus miaoshanensis,苗山润楠,,,,,,,no_image
110022,Machilus pauhoi,刨花润楠,,,,,,,no_image
47913,Mackerrasomyia pingxiangensis,凭祥麻蠓,,,,,,,no_image
5448,Macoma nipponica,本州白樱蛤,,,,,,,no_image
110042,Machilus verruculosa,疣枝润楠,,,,,,,no_image
11038,Macracantha arcuata,弓长棘蛛,,,,,,,no_image
47972,Macrocentrus hemistriolatus,半条长体茧蜂,,,,,,,no_image
47952,Macrocentrus brevipalpis,短须长体茧蜂,,,,,,,no_image
47932,Macrobrochis albifascia,白条网苔蛾,,,,,,,no_image
5077,Macrobrachium japonicum,大和沼虾,,,,,,,no_image
47993,Macrocentrus radillanus,喇径长体茧蜂,,,,,,,no_image
48010,Macrocera alternata,交互长角菌蚊,,,,,,,no_image
15628,Macrochelifer tibetanus,西藏大螯伪蝎,,,,,,,no_image
48035,Macrocilix ophrysa,眉铃钩蛾,,,,,,,no_image
145480,Macrolepiota rhacodes,粗鳞大环柄菇,,,,,,,no_image
48065,Macrogomphus robustus,粗壮大春蜓,,,,,,,no_image
77993,Macrodontogobius wilburi,威氏壮牙鰕虎,,,,,,,no_image
48084,Macromia fulgidifrons,亮面大伪蜻,,,,,,,no_image
110086,Macromitrium nepalense,尼泊尔蓑藓,,,,,,,no_image
460,Macrophiothrix punctolimbata,细大刺蛇尾,,,,,,,no_image
110101,Macropanax paucinervis,疏脉大参,,,,,,,no_image
48106,Macromidia shiehae,谢氏中伪蜻,,,,,,,no_image
4030,Macrophthalmus brevis,短齿大眼蟹,,,,,,,no_image
139842,Macroscyphus coccineus,,,,,,,,no_image
48147,Macrostylophora cuii,崔氏大锥蚤,,,,,,,no_image
77999,Macropodus hongkongensis,香港斗鱼,,,,,,,no_image
48122,Macropis hedini,斑宽痣蜂,,,,,,,no_image
48168,Macrotermes acrocephalus,隆头大白蚁,,,,,,,no_image
4217,Macteola anomala,异马鲍螺,,,,,,,no_image
48188,Macrotermes planicapitatus,平头大白蚁,,,,,,,no_image
13489,Macrothele monocirculata,单卷大疣蛛,,,,,,,no_image
48194,Macrothyatira diminuta,滇大波纹蛾,,,,,,,no_image
3088,Mactrotoma depressa,扁截形蛤蜊,,,,,,,no_image
48219,Madiza glabra,光秃平鬃叶蝇,,,,,,,no_image
110133,Maesa argentea,银叶杜茎山,,,,,,,no_image
110170,Maharanga lycopsioides,宽胀萼紫草,,,,,,,no_image
110153,Maesa parvifolia,小叶杜茎山,,,,,,,no_image
48229,Magnimyiolia hunana,湖南直颜实蝇,,,,,,,no_image
110173,Mahonia bodinieri,小果十大功劳,,,,,,,no_image
110196,Mahonia monodens,单刺十大功劳,,,,,,,no_image
110217,Maianthemum forrestii,抱茎鹿药,,,,,,,no_image
48259,Maira xizangensis,西藏棒喙食虫虻,,,,,,,no_image
78026,Malacocephalus nipponensis,日本软首鳕,,,,,,,no_image
7022,Malagazzia cyphogonia,曲玛拉水母,,,,,,,no_image
152950,Malassezia restricta,球形马拉色菌,,,,,,,no_image
48289,Maliattha lattivita,大斑瑙夜蛾,,,,,,,no_image
48306,Mallada nanningensis,南宁玛草蛉,,,,,,,no_image
13505,Mallinella dinghu,鼎湖马利蛛,,,,,,,no_image
48332,Mallota viridiflavescentis,黄绿毛管蚜蝇,,,,,,,no_image
48312,Mallochohelea yunnana,云南绒蠓,,,,,,,no_image
110272,Mallotus pallidus,樟叶野桐,,,,,,,no_image
5675,Mammilla kurodai,黑田乳玉螺,,,,,,,no_image
110295,Malus asiatica,花红,,,,,,,no_image
110327,Malus spectabilis,海棠花,,,,,,,no_image
110356,Mangifera laurina,长梗杧果,,,,,,,no_image
48338,Mannerheimia emeishanensis,,,,,,,,no_image
110397,Manglietia zhengyiana,锈毛木莲,,,,,,,no_image
110377,Manglietia hongheensis,红河木莲,,,,,,,no_image
48369,Mantispa deliciosa,丽螳蛉,,,,,,,no_image
48350,Mansoniella cinnamomi,樟曼盲蝽,,,,,,,no_image
110416,Maranta arundinacea,竹芋,,,,,,,no_image
147636,Marasmiellus petiolorum,小柄微皮伞,,,,,,,no_image
147616,Marasmiellus distantifolius,疏褶微皮伞,,,,,,,no_image
147155,Marasmius aurantioferrugineus,,,,,,,,no_image
147656,Marasmiellus tetrachrous,四色微皮伞,,,,,,,no_image
147175,Marasmius coklatus,,,,,,,,no_image
147195,Marasmius epiphylloides,叶生皮伞,,,,,,,no_image
147215,Marasmius helvolus,蜜黄小皮伞,,,,,,,no_image
147235,Marasmius minutus,微小皮伞,,,,,,,no_image
147295,Marasmius subsetiger,近刚毛小皮伞,,,,,,,no_image
147255,Marasmius phlebodiscus,,,,,,,,no_image
147275,Marasmius riparius,沟边小皮伞,,,,,,,no_image
153054,Maravalia erythroxyli,,,,,,,,no_image
360,Marcia japonica,日本格特蛤,,,,,,,no_image
48396,Margarinotus formosanus,台湾歧阎甲,,,,,,,no_image
142103,Mariannaea elegans,,,,,,,,no_image
48417,Margarinotus tristriatus,三线歧阎甲,,,,,,,no_image
78050,Marmota baibacina,灰旱獭,,,,,,,no_image
110481,Marsupella commutata,锐裂钱袋苔,,,,,,,no_image
4434,Marshallena philippinarum,菲律宾马绍儿螺,,,,,,,no_image
110456,Marsdenia incisa,裂冠牛奶菜,,,,,,,no_image
78057,Marukawichthys ambulator,游走丸川杜父鱼,,,,,,,no_image
16708,Masirana changlini,长林正弱蛛,,,,,,,no_image
14668,Massuria ovalis,卵形块蟹蛛,,,,,,,no_image
14014,Matidia spatulata,铲形马地蛛,,,,,,,no_image
14611,Mastira flavens,淡黄乳蟹蛛,,,,,,,no_image
48471,Matsumurides lola,叶奇刺蛾,,,,,,,no_image
48481,Matutinus melichari,梅氏背突飞虱,,,,,,,no_image
48485,Maurya denticula,齿耳角蝉,,,,,,,no_image
48525,Maxates tibeta,西藏尖尾尺蛾,,,,,,,no_image
48505,Maxates dysgenes,斜尖尾尺蛾,,,,,,,no_image
110527,Mazus caducifer,早落通泉草,,,,,,,no_image
48539,Mecistoscelis scirtetoides,竹盲蝽,,,,,,,no_image
110548,Mazus pulchellus,美丽通泉草,,,,,,,no_image
110568,Meconopsis aculeata,皮刺绿绒蒿,,,,,,,no_image
110590,Meconopsis forrestii,丽江绿绒蒿,,,,,,,no_image
110643,Meconopsis tibetica,康顺绿绒蒿,,,,,,,no_image
110614,Meconopsis pleurogyna,肋蕊绿绒蒿,,,,,,,no_image
48565,Mecynippus pubicornis,,,,,,,,no_image
48584,Medetera grisescens,灰色聚脉长足虻,,,,,,,no_image
110668,Medicago liaosiensis,辽西花苜蓿,,,,,,,no_image
48604,Medhiama kochi,,,,,,,,no_image
110684,Medinilla fengii,西畴美丁花,,,,,,,no_image
110715,Meesia uliginosa,钝叶寒藓,,,,,,,no_image
48635,Medon shaanxdensis,,,,,,,,no_image
48659,Megachile anthophila,花切叶蜂,,,,,,,no_image
110717,Megacarpaea megalocarpa,大果高河菜,,,,,,,no_image
48706,Megachile igniscopata,黄刷切叶蜂,,,,,,,no_image
48683,Megachile disjuncta,小突切叶蜂,,,,,,,no_image
48730,Megachile nigropectoralis,黑胸切叶蜂,,,,,,,no_image
48750,Megachile saussurei,白鳞切叶蜂,,,,,,,no_image
48794,Megalinus ailaoshanensis,,,,,,,,no_image
8746,Megaentalina mediocarinata,三角大内角贝,,,,,,,no_image
48847,Megalopinus acutangulus,,,,,,,,no_image
48774,Megachile uzboica,中亚切叶蜂伊亚种,,,,,,,no_image
48814,Megalinus montanicus,,,,,,,,no_image
5951,Megalotocepheus japonicus,日本大头甲螨,,,,,,,no_image
48834,Megalinus yuntai,,,,,,,,no_image
48869,Megaphragma anomalifuniculi,异索缨翅赤眼蜂,,,,,,,no_image
48888,Megarthrus metanas,,,,,,,,no_image
48908,Megaselia atrita,黑角异蚤蝇,,,,,,,no_image
48928,Megaselia grandipennis,巨翅异蚤蝇,,,,,,,no_image
48948,Megaselia pusilla,微小异蚤蝇,,,,,,,no_image
48968,Megaselia trochanterica,转鬃异蚤蝇,,,,,,,no_image
110723,Megistostigma burmanicum,缅甸大柱藤,,,,,,,no_image
78096,Meiacanthus kamoharai,浅带稀棘鳚,,,,,,,no_image
153242,Melampsora cynanchi,牛皮消栅锈菌,,,,,,,no_image
49010,Meiosimyza omei,峨眉少纹缟蝇,,,,,,,no_image
49024,Melagonina hoenei,黑隅舟蛾,,,,,,,no_image
153262,Melampsora laricis-caprearum,角落叶松栅锈菌,,,,,,,no_image
153282,Melampsora salicis-cupularis,怀腺柳栅锈菌,,,,,,,no_image
154462,Melampsoridium linderae,山胡椒长栅锈菌,,,,,,,no_image
49040,Melanagromyza provecta,毛角黑潜蝇,,,,,,,no_image
49060,Melanchra persicariae,乌夜蛾,,,,,,,no_image
78110,Melanocorypha bimaculata,双斑百灵,,,,,,,no_image
136059,Melanelia poeltii,波氏黑尔衣,,,,,,,no_image
49066,Melangyna heilongjiangensis,黑龙江美蓝蚜蝇,,,,,,,no_image
143112,Melanographium selenioides,,,,,,,,no_image
148524,Melanoleuca congregata,铦囊蘑,,,,,,,no_image
148544,Melanoleuca tabularis,,,,,,,,no_image
142142,Melanopsamma borealis,,,,,,,,no_image
142162,Melanopsamma salicina,,,,,,,,no_image
110749,Melanoseris ciliata,景东毛鳞菊,,,,,,,no_image
110769,Melanoseris souliei,假合头菊,,,,,,,no_image
139330,Melasmia caraganae,锦鸡儿叶痣菌,,,,,,,no_image
110788,Melica altissima,高臭草,,,,,,,no_image
154969,Melanotaenium arundinellae,,,,,,,,no_image
110775,Melastoma dendrisetosum,枝毛野牡丹,,,,,,,no_image
110810,Melica turczaninowiana,大臭草,,,,,,,no_image
49113,Melieria immaculata,矮斑蜜斑蝇,,,,,,,no_image
143923,Meliola antioquensis,,,,,,,,no_image
143903,Meliola abrupta,,,,,,,,no_image
143943,Meliola borneensis,,,,,,,,no_image
143963,Meliola celtidum,,,,,,,,no_image
143983,Meliola dichotoma,,,,,,,,no_image
144003,Meliola fagarae-martinicensis,,,,,,,,no_image
144023,Meliola hui,,,,,,,,no_image
144043,Meliola laevipoda,,,,,,,,no_image
144063,Meliola mammeicola,,,,,,,,no_image
144123,Meliola sempeiensis,,,,,,,,no_image
144083,Meliola nyanzae,,,,,,,,no_image
144163,Meliola woodiana,,,,,,,,no_image
144103,Meliola pisoniae,,,,,,,,no_image
144143,Meliola taityuensis,,,,,,,,no_image
49134,Melitaea agar,菌网蛱蝶,,,,,,,no_image
49133,Meliscaeva taiwana,台湾狭腹蚜蝇,,,,,,,no_image
110850,Meliosma oldhamii,红柴枝,,,,,,,no_image
110873,Melliodendron xylocarpum,陀螺果,,,,,,,no_image
49159,Melitta leporina,苜蓿准蜂,,,,,,,no_image
78123,Melogale cucphuongensis,长尾鼬獾,,,,,,,no_image
49185,Membranophalla membranocorporis,膜麻蝇,,,,,,,no_image
49189,Menesia matsudai,,,,,,,,no_image
78127,Mene maculata,眼镜鱼,,,,,,,no_image
78133,Mergus serrator,红胸秋沙鸭,,,,,,,no_image
110914,Mentha canadensis,薄荷,,,,,,,no_image
49221,Merionoeda nigriceps,,,,,,,,no_image
2552,Merocryptus lambriformis,裂隐蟹,,,,,,,no_image
49257,Meromyza nigrofasciata,黑带麦秆蝇,,,,,,,no_image
110927,Meristiella papulosa,鸡冠菜,,,,,,,no_image
78146,Merops persicus,蓝颊蜂虎,,,,,,,no_image
49198,Mepachymerus grandis,巨平胸秆蝇,,,,,,,no_image
110953,Merremia tuberosa,木玫瑰,,,,,,,no_image
151042,Merulius insignis,突干朽菌,,,,,,,no_image
49277,Mesasippus kozhevnikovi,,,,,,,,no_image
15456,Mesiotelus lubricus,平滑间蛛,,,,,,,no_image
49297,Mesembrius formosanus,台湾墨管蚜蝇,,,,,,,no_image
49329,Mesomelena mesomelaena,黑条蝇,,,,,,,no_image
49363,Mesopolobus amaenus,哎姆迈金小蜂,,,,,,,no_image
49346,Mesophalera amica,艾米间掌舟蛾,,,,,,,no_image
49398,Mesorhaga fujianensis,福建孤脉长足虻,,,,,,,no_image
49383,Mesopolobus tortricidis,卷蛾迈金小蜂,,,,,,,no_image
49439,Mesosa undata,,,,,,,,no_image
49418,Mesosa griseomarmorata,,,,,,,,no_image
49466,Metadon pingliensis,平利类巢穴蚜蝇,,,,,,,no_image
49454,Metaceronema japonica,日本卷毛毡蜡蚧,,,,,,,no_image
49450,Mesotype virgata,小柄尺蛾,,,,,,,no_image
111004,Metagentiana rhodantha,红花龙胆,,,,,,,no_image
3175,Metanephrops andamanicus,安达曼后海螯虾,,,,,,,no_image
49479,Metalliopsis erinacea,猬叶拟金彩蝇,,,,,,,no_image
749,Metapenaeus moyebi,沙栖新对虾,,,,,,,no_image
764,Metapenaeopsis dalei,戴氏赤虾,,,,,,,no_image
17760,Metaphire ptychosiphona,叠管腔蚓,,,,,,,no_image
17887,Metaphire ignobilis,火红腔蚓,,,,,,,no_image
17921,Metaphire capensis,好望角腔蚓,,,,,,,no_image
3852,Metaphoxus simplex,简中尖头钩虾,,,,,,,no_image
49519,Metaschalis disrupta,裂翅舟蛾,,,,,,,no_image
49518,Metaphycus tenuicornis,细角阔柄跳小蜂,,,,,,,no_image
49535,Meteoridea hangzhouensis,杭州鳞跨茧蜂,,,,,,,no_image
111022,Metathelypteris glandulifera,有腺凸轴蕨,,,,,,,no_image
49573,Metolinus planulatus,,,,,,,,no_image
18830,Metisotoma grandiceps,,,,,,,,no_image
49544,Meteorus gyrtor,粘虫悬茧蜂,,,,,,,no_image
49591,Metopina expansa,膨腹裂蚤蝇,,,,,,,no_image
16986,Metorchis intermedius,中型次睾吸虫,,,,,,,no_image
140978,Metschnikowia sinensis,,,,,,,,no_image
49616,Metriocnemus fuscipes,棕色中足摇蚊,,,,,,,no_image
1793,Mexieulepis sineca,中华叶突鳞虫,,,,,,,no_image
49642,Micadina bilobata,双叶小异䗛,,,,,,,no_image
135480,Micarea denigrata,变黑亚网衣,,,,,,,no_image
13686,Micaria paralbofasciata,拟白捆小蚁蛛,,,,,,,no_image
111062,Michelia baillonii,合果木,,,,,,,no_image
111117,Micranthes davidii,双喙亭阁草,,,,,,,no_image
49681,Microcalcarifera obscura,暗褐沃尺蛾,,,,,,,no_image
111086,Michelia iteophylla,鼠刺含笑,,,,,,,no_image
49679,Micrempis fuscipes,褐小舞虻,,,,,,,no_image
49692,Microcerotermes rhombinidus,菱巢锯白蚁,,,,,,,no_image
111106,Michelia wilsonii,峨眉含笑,,,,,,,no_image
111149,Microcos paniculata,破布叶,,,,,,,no_image
49718,Microdebilissa argentifera,,,,,,,,no_image
15389,Microdipoena yinae,尹氏小圆腹蛛,,,,,,,no_image
49766,Microdrosophila honghensis,红河微果蝇,,,,,,,no_image
111157,Microglossa pyrifolia,小舌菊,,,,,,,no_image
49746,Microdon ruficaudus,红尾巢穴蚜蝇,,,,,,,no_image
14786,Micromisumenops xiushanensis,秀山微花蛛,,,,,,,no_image
78183,Microhyla beilunensis,北仑姬蛙,,,,,,,no_image
111188,Microlepia smithii,司氏鳞盖蕨,,,,,,,no_image
111163,Microlepia attenuata,渐狭鳞盖蕨,,,,,,,no_image
49795,Microlithosia shaowuica,微苔蛾,,,,,,,no_image
49863,Micropeplus shanghaiensis,,,,,,,,no_image
78198,Micronemacheilus pulcher,美丽小条鳅,,,,,,,no_image
49830,Micromus perelegans,颇丽脉褐蛉,,,,,,,no_image
49879,Micropeza tibetana,西藏瘦足蝇,,,,,,,no_image
78215,Microphysogobio microstomus,小口小鳔&#x0000E068;,,,,,,,no_image
151592,Microporus marasmioides,,,,,,,,no_image
138073,Microsphaera berberidis,,,,,,,,no_image
140809,Microstoma protractum,小口盘菌,,,,,,,no_image
78224,Micropternus brachyurus,栗啄木鸟,,,,,,,no_image
111223,Microstegium butuoense,布拖莠竹,,,,,,,no_image
49909,Microtendipes brevissimus,短小倒毛摇蚊,,,,,,,no_image
49969,Microterys zhaoi,赵氏花翅跳小蜂,,,,,,,no_image
49929,Microterys clauseni,柯氏花翅跳小蜂,,,,,,,no_image
49949,Microterys nuticaudatus,露尾花翅跳小蜂,,,,,,,no_image
111299,Microtropis xizangensis,西藏假卫矛,,,,,,,no_image
111261,Microtoena robusta,粗壮冠唇花,,,,,,,no_image
111279,Microtropis longicarpa,长果假卫矛,,,,,,,no_image
111312,Microula jilongensis,吉隆微孔草,,,,,,,no_image
111343,Microula trichocarpa,长叶微孔草,,,,,,,no_image
49984,Milania longiabdominum,长腹米兰粪蝇,,,,,,,no_image
111351,Middletonia multiflora,粉毛苣苔,,,,,,,no_image
50004,Mileewa jianzhuensis,箭竹窗翅叶蝉,,,,,,,no_image
50024,Mileewa shirozui,独斑窗翅叶蝉,,,,,,,no_image
50044,Milesia quantula,黑色迷蚜蝇,,,,,,,no_image
7048,Millepora foveolata,窝形多孔螅,,,,,,,no_image
50070,Miltochrista cornicornutata,仿硃美苔蛾,,,,,,,no_image
50057,Miletus nymphis,凝云灰蝶,,,,,,,no_image
50090,Miltochrista karenkonis,康美苔蛾,,,,,,,no_image
50132,Miltogramma brevipila,短毛蜂麻蝇,,,,,,,no_image
50111,Miltochrista punicea,微红美苔蛾,,,,,,,no_image
50179,Mimeusemia jezoensis,迷虎蛾,,,,,,,no_image
50172,Mimegralla cedens,岛缟瘦足蝇,,,,,,,no_image
50204,Mimopydna kotlarovae,柯拟皮舟蛾,,,,,,,no_image
50280,Minilimosina obtusispina,圆头索小粪蝇,,,,,,,no_image
50146,Mimacrotona chinensis,,,,,,,,no_image
50263,Minettia spinosa,刺亮黑缟蝇,,,,,,,no_image
50224,Mimothestus annulicornis,,,,,,,,no_image
50243,Minettia clavata,棒亮黑缟蝇,,,,,,,no_image
50301,Miobdelus chrysochromatus,,,,,,,,no_image
50289,Minois nagasawae,永泽蛇眼蝶,,,,,,,no_image
50326,Miobdelus wangi,,,,,,,,no_image
50357,Miresa urga,线银纹刺蛾,,,,,,,no_image
50338,Miranus kuohi,葛氏奇臀飞虱,,,,,,,no_image
50375,Mironasutitermes bashanensis,巴山奇象白蚁,,,,,,,no_image
17640,Mirus minutus,小奇异螺,,,,,,,no_image
135062,Misgomyces dyschirii,,,,,,,,no_image
111420,Mitreola viridiflora,绿花度量草,,,,,,,no_image
50410,Mitchella truncata,截棘米蝠蚤,,,,,,,no_image
2722,Mitra contracta,收缩笔螺,,,,,,,no_image
2755,Mitra pellisserpentis,多态笔螺,,,,,,,no_image
111398,Mitrasacme indica,尖帽草,,,,,,,no_image
138777,Mitrula spathula,,,,,,,,no_image
111429,Miyabea thuidioides,羽枝瓦叶藓,,,,,,,no_image
148547,Mniopetalum distinctum,,,,,,,,no_image
50426,Mocis discios,黑斑毛胫夜蛾,,,,,,,no_image
50459,Molophilus albocostalis,白肋磨大蚊,,,,,,,no_image
140810,Molliardiomyces cupressinus,,,,,,,,no_image
5450,Moerella culter,刀明樱蛤,,,,,,,no_image
50431,Moduza procris,穆蛱蝶,,,,,,,no_image
50448,Mohrigia insolenta,稀摩眼蕈蚊,,,,,,,no_image
50499,Molorchus congruus,,,,,,,,no_image
50479,Molophilus nigritus,黑磨大蚊,,,,,,,no_image
50519,Molorchus minor,,,,,,,,no_image
50540,Molorchus uenoi,,,,,,,,no_image
111463,Monachosorum flagellare,尾叶稀子蕨,,,,,,,no_image
4162,Monanchora pulchra,美好单锚海绵,,,,,,,no_image
50592,Mongoloraphidia formosana,宝岛蒙蛇蛉,,,,,,,no_image
50569,Monema tanaognatha,长颚黄刺蛾,,,,,,,no_image
153032,Moniliella acetoabutens,,,,,,,,no_image
50574,Mongoliana arcuata,锐蒙瓢蜡蝉,,,,,,,no_image
50649,Monochamus sparsutus,,,,,,,,no_image
139871,Monka digitaliformis,,,,,,,,no_image
50628,Monochamus basifossulatus,,,,,,,,no_image
50619,Monoceromyia trinotata,三斑柄角蚜蝇,,,,,,,no_image
16049,Monographis yunnanensis,云南单尖毛马陆,,,,,,,no_image
111478,Monoon liukiuense,琉球单籽暗罗,,,,,,,no_image
143145,Monodictys peruviana,,,,,,,,no_image
50664,Monodiamesa tibetica,西藏单寡角摇蚊,,,,,,,no_image
50675,Monopsyllus paradoxus,怪单蚤,,,,,,,no_image
7006,Montipora foliosa,叶状蔷薇珊瑚,,,,,,,no_image
50685,Montagona asperula,粗糙单琵甲,,,,,,,no_image
111485,Monostroma angicava,袋礁膜,,,,,,,no_image
78310,Moolgarda cunnesius,长鳍莫鲻,,,,,,,no_image
139894,Morchella rigida,硬羊肚菌,,,,,,,no_image
139874,Morchella bohemica,,,,,,,,no_image
6858,Morchellana investigata,花样编笠软珊瑚,,,,,,,no_image
155844,Mortierella bainieri,,,,,,,,no_image
111498,Morina bracteata,宽苞刺参,,,,,,,no_image
50723,Morinia piliparafacia,毛颧墨粉蝇,,,,,,,no_image
50706,Morellia latensispina,隐齿莫蝇,,,,,,,no_image
111522,Morinda leiantha,顶花木巴戟,,,,,,,no_image
111558,Morus nigra,黑桑,,,,,,,no_image
17472,Morula granulata,粒结螺,,,,,,,no_image
155864,Mortierella polycephala,多头被包霉,,,,,,,no_image
111568,Mosla exfoliata,无叶荠苧,,,,,,,no_image
155951,Mucor erectus,直立毛霉,,,,,,,no_image
8454,Mothocya renardi,雷纳德弯体水虱,,,,,,,no_image
155971,Mucor luteus,纯黄毛霉,,,,,,,no_image
155991,Mucor ramosissimus,多分枝毛霉,,,,,,,no_image
145719,Mucronella calva,光滑尖齿菌,,,,,,,no_image
78354,Mugilogobius chulae,诸氏鲻鰕虎,,,,,,,no_image
78359,Mulloidichthys flavolineatus,黄带拟羊鱼,,,,,,,no_image
111603,Mucuna nigricans,,,,,,,,no_image
143185,Multicellaesporites leptaleus,,,,,,,,no_image
143205,Multicellaesporites tricyclosus,,,,,,,,no_image
608,Munida militaris,军武刺铠虾,,,,,,,no_image
9150,Multioppia xinjiangensis,新疆多奥甲螨,,,,,,,no_image
563,Munidopsis andamanica,安达曼拟刺铠虾,,,,,,,no_image
575,Munidopsis pallida,苍白拟刺铠虾,,,,,,,no_image
111636,Murdannia nudiflora,裸花水竹叶,,,,,,,no_image
78363,Muntiacus feae,菲氏麂,,,,,,,no_image
7525,Muricella flexuosa,弯曲小尖柳珊瑚,,,,,,,no_image
78385,Murina leucogaster,白腹管鼻蝠,,,,,,,no_image
50784,Musca tempestiva,骚家蝇,,,,,,,no_image
111668,Musa itinerans,阿宽蕉,,,,,,,no_image
3777,Mursia armata,武装筐形蟹,,,,,,,no_image
50764,Musca conducens,逐畜家蝇,,,,,,,no_image
5323,Musculus cumingiana,心形肌蛤,,,,,,,no_image
111734,Mussaenda simpliciloba,单裂玉叶金花,,,,,,,no_image
4691,Mycale phylophyla,叶片山海绵,,,,,,,no_image
50801,Mutatocoptops anancyloides,,,,,,,,no_image
147358,Mycena adonis,香小菇,,,,,,,no_image
147438,Mycena niveipes,,,,,,,,no_image
111712,Mussaenda erythrophylla,红纸扇,,,,,,,no_image
147398,Mycena elegans,,,,,,,,no_image
147418,Mycena laevigata,水晶小菇,,,,,,,no_image
147378,Mycena chlorophos,荧光小菇,,,,,,,no_image
147458,Mycena pseudostylobates,,,,,,,,no_image
147478,Mycena stylobates,基盘小菇,,,,,,,no_image
50847,Mycetophila coenosa,普通菌蚊,,,,,,,no_image
147498,Mycena xanthocystidium,黄囊小菇,,,,,,,no_image
111751,Mycetia longiflora,长花腺萼木,,,,,,,no_image
50887,Mycetoporus altaicus,,,,,,,,no_image
50867,Mycetophila perpauca,稀见菌蚊,,,,,,,no_image
50900,Mycodrosophila japonica,日本菇果蝇,,,,,,,no_image
143214,Mycoleptodonoides tropicalis,热带类小齿菌,,,,,,,no_image
50948,Mycomya strombuliforma,扭突真菌蚊,,,,,,,no_image
50928,Mycomya heydeni,喙突真菌蚊,,,,,,,no_image
50999,Myiocephalus boops,牛突眼茧蜂,,,,,,,no_image
132723,Mycosphaerella buna,,,,,,,,no_image
132743,Mycosphaerella pomi,,,,,,,,no_image
136093,Myelochroa amagiensis,圆腋黄髓叶,,,,,,,no_image
50965,Mycterothrips consociatus,并喙蓟马,,,,,,,no_image
50977,Mydaea emeishanna,峨眉山圆蝇,,,,,,,no_image
51030,Myllaena problematica,,,,,,,,no_image
51010,Myllaena chinoculata,,,,,,,,no_image
51047,Myolepta bimaculata,双斑瘦黑蚜蝇,,,,,,,no_image
78451,Myopus schisticolor,林旅鼠,,,,,,,no_image
51093,Myospila flavibasisoides,肖黄基妙蝇,,,,,,,no_image
51073,Myospila angustifrons,狭额妙蝇,,,,,,,no_image
78466,Myotis formosus,金黄鼠耳蝠,,,,,,,no_image
2616,Myra eudactylus,特指长臂蟹,,,,,,,no_image
51113,Myospila maoershanensis,猫儿山妙蝇,,,,,,,no_image
51133,Myospila subtenax,肖韧妙蝇,,,,,,,no_image
111783,Myricaria squamosa,具鳞水柏枝,,,,,,,no_image
111797,Myriophyllum sibiricum,西伯利亚狐尾藻,,,,,,,no_image
13058,Myrmarachne jianfenglin,尖峰岭蚁蛛,,,,,,,no_image
78494,Myripristis pralinia,红锯鳞鱼,,,,,,,no_image
51145,Myrmecocephalus becquarti,,,,,,,,no_image
51187,Myrmeleon littoralis,胸纹蚁蛉,,,,,,,no_image
51167,Myrmecocephalus tsin,,,,,,,,no_image
143219,Myrothecium carmichaelii,,,,,,,,no_image
3020,Mysidella tcnuicauda,窄尾小糠虾,,,,,,,no_image
78500,Mystacoleucus lepturus,细尾长臀鲃,,,,,,,no_image
51217,Myzocallis carpini,鹅耳枥角斑蚜,,,,,,,no_image
111829,Myurella tenerrima,柔叶小鼠尾藓,,,,,,,no_image
51258,Nacaeus longulus,,,,,,,,no_image
137773,Naemacyclus fimbriatus,流苏状丝环盘菌,,,,,,,no_image
111845,Najas graminea,草茨藻,,,,,,,no_image
51234,Nabis ferns,原姬蝽,,,,,,,no_image
51292,Namsangia lincangana,临沧南无僧叶蝉，新种,,,,,,,no_image
78506,Naemorhedus baileyi,赤斑羚,,,,,,,no_image
51324,Nanohammus rufescens,,,,,,,,no_image
111859,Nanhaia speciosa,南海藤,,,,,,,no_image
78533,Narcine brevilabiata,短唇双鳍电鳐,,,,,,,no_image
51309,Nannophya pygmaea,侏红小蜻,,,,,,,no_image
140816,Nanoscypha waterstonii,,,,,,,,no_image
51342,Napialus chongqingensis,重庆棒蝠蛾,,,,,,,no_image
51354,Narosa corusca,波眉刺蛾,,,,,,,no_image
78540,Naso brachycentron,粗棘鼻鱼,,,,,,,no_image
14322,Nasoonaria sinensis,中华鼻蛛,,,,,,,no_image
8696,Nassarius distorta,波浪织纹螺,,,,,,,no_image
8650,Nassarius keener,凯氏织纹螺,,,,,,,no_image
8645,Nassarius semisulcata,厚織紋螺,,,,,,,no_image
51381,Nasutitermes dudgeoni,香港象白蚁,,,,,,,no_image
5658,Natica bibalteata,双带玉螺,,,,,,,no_image
51401,Nasutitermes qingjiensis,庆界象白蚁,,,,,,,no_image
146679,Naucoria semiorbicularis,,,,,,,,no_image
5654,Naticarius hainanensis,海南玉螺,,,,,,,no_image
51423,Nazeris acutus,,,,,,,,no_image
51463,Nazeris curvus,,,,,,,,no_image
51443,Nazeris brevilobatus,,,,,,,,no_image
51503,Nazeris jiulongshanus,,,,,,,,no_image
51585,Nazeris yandangensis,,,,,,,,no_image
51543,Nazeris qingchengensis,,,,,,,,no_image
51483,Nazeris foveatus,,,,,,,,no_image
51563,Nazeris sociabilis,,,,,,,,no_image
51605,Neallogaster annandalei,云南角臀大蜓,,,,,,,no_image
51523,Nazeris minor,,,,,,,,no_image
3927,Neanthes flava,黄色刺沙蚕,,,,,,,no_image
1676,Nebalia bipes,双足叶虾,,,,,,,no_image
15986,Nedyopus hsientienensis,,,,,,,,no_image
78568,Nectogale elegans,蹼足鼩,,,,,,,no_image
2529,Neilonella aequatorialis,芝麻小尼罗蛤,,,,,,,no_image
142117,Nectria pseudotrichia,,,,,,,,no_image
111926,Neckera xizangensis,西藏平藓,,,,,,,no_image
51641,Necydalis major,,,,,,,,no_image
51667,Nehemitropia taiwanorum,,,,,,,,no_image
111969,Nemalion vermiculare,海索面,,,,,,,no_image
147805,Nematoctonus campylosporus,,,,,,,,no_image
148244,Nematoloma fasciculare,灰生黄韧伞,,,,,,,no_image
78588,Nemipterus nematophorus,长丝金线鱼,,,,,,,no_image
51731,Nemoura floralis,花突叉(虫责),,,,,,,no_image
51751,Nemoura papilla,乳突叉(虫责),,,,,,,no_image
51696,Nemoraea javana,爪哇毛瓣寄蝇,,,,,,,no_image
51711,Nemotelus faciflavus,黄颜线角水虻,,,,,,,no_image
1554,Nemertopsis quadripunctata,四眼线纽虫,,,,,,,no_image
51763,Neoanathamna cerinus,樟小卷蛾,,,,,,,no_image
51780,Neobetulaphis pusilla,裸新桦斑蚜,,,,,,,no_image
51793,Neobrillia longistyla,长新布摇蚊,,,,,,,no_image
1986,Neocaridina bamana,巴马新米虾,,,,,,,no_image
9861,Neocatarhinus bambusae,,,,,,,,no_image
51810,Neochauliodes fraternus,污翅斑鱼蛉,,,,,,,no_image
7975,Neocondylactis singaporensis,新加坡新瘤海葵,,,,,,,no_image
51830,Neochauliodes umbratus,荫斑鱼蛉,,,,,,,no_image
17101,Neodollfustrema gui,顾氏新道弗吸虫,,,,,,,no_image
78619,Neodontobutis hainanensis,海南新沙塘鳢,,,,,,,no_image
51888,Neoempheria beijingana,北京新菌蚊,,,,,,,no_image
51866,Neodrymonia mendax,门新林舟蛾,,,,,,,no_image
51908,Neoempheria tianmuana,天目新菌蚊,,,,,,,no_image
111996,Neofinetia richardsiana,短距风兰,,,,,,,no_image
51918,Neohemisphaerius guangxiensis,广西新球瓢蜡蝉,,,,,,,no_image
51960,Neoitamus dolichurus,长弯顶毛食虫虻,,,,,,,no_image
51943,Neohydatothrips gracilipes,纤细新绢蓟马,,,,,,,no_image
10495,Neoleipothrix leptae,,,,,,,,no_image
141296,Neolinocarpon penniseti,,,,,,,,no_image
112019,Neolitsea confertifolia,簇叶新木姜子,,,,,,,no_image
112041,Neolitsea phanerophlebia,显脉新木姜子,,,,,,,no_image
52003,Neolygus honshuensis,本州新丽盲蝽,,,,,,,no_image
51984,Neolosus formosae,,,,,,,,no_image
52023,Neolygus wuyiensis,武夷新丽盲蝽,,,,,,,no_image
52030,Neomochtherus alpinus,阿尔鬃额食虫虻,,,,,,,no_image
52050,Neomyia mengi,孟氏翠蝇,,,,,,,no_image
112064,Neonauclea griffithii,新乌檀,,,,,,,no_image
52088,Neope simulans,拟网纹荫眼蝶,,,,,,,no_image
52063,Neonipponaphis pustulosis,疱突新日扁蚜,,,,,,,no_image
52106,Neoperla cavaleriei,卡氏新(虫责),,,,,,,no_image
52126,Neoperla hatakeyamae,韩氏新(虫责),,,,,,,no_image
9439,Neophanolophus chinensis,,,,,,,,no_image
52146,Neoperla mesostyla,中突新(虫责),,,,,,,no_image
52166,Neoperla taiwanica,台湾新(虫责),,,,,,,no_image
52198,Neophyllomyza tibetensis,西藏新叶蝇,,,,,,,no_image
52213,Neopsylla angustimanubra,细柄新蚤,,,,,,,no_image
52235,Neopsylla pleskei,近代新蚤,,,,,,,no_image
52264,Neorhodesiella finitima,边界新锥秆蝇,,,,,,,no_image
78653,Neoscopelus macrolepidotus,大鳞新灯鱼,,,,,,,no_image
3213,Neosarmatium punctatum,斑点新胀蟹,,,,,,,no_image
52290,Neosclerus incisus,,,,,,,,no_image
10871,Neoscona nautica,嗜水新园蛛,,,,,,,no_image
52317,Neosybra flavovittipennis,,,,,,,,no_image
52308,Neosinophasma yunnanense,云南新华枝䗛,,,,,,,no_image
52336,Neotermes tuberogulus,丘颏新白蚁,,,,,,,no_image
112101,Neottia gaudissartii,无喙兰,,,,,,,no_image
52352,Neothosea suigensis,新扁刺蛾,,,,,,,no_image
112121,Neottia nujiangensis,怒江鸟巢兰,,,,,,,no_image
52361,Neotrichoporoides basiflavus,基黄腹新毛孔小蜂,,,,,,,no_image
140597,Neottiella polytrichi,,,,,,,,no_image
152888,Neovossia moliniae,沼湿草尾孢黑粉菌,,,,,,,no_image
52377,Neozephyrus japonicus,日本翠灰蝶,,,,,,,no_image
52380,Nepalinus montanus,,,,,,,,no_image
15817,Nepalmatoiulus yunnanensis,,,,,,,,no_image
52403,Nepalomyia henotica,连跗距长足虻,,,,,,,no_image
112188,Nephoanthus prostratus,云锦香,,,,,,,no_image
52423,Nepalomyia taiwanensis,台湾跗距长足虻,,,,,,,no_image
52443,Nepalota chinensis,,,,,,,,no_image
112171,Nepeta stewartiana,多花荆芥,,,,,,,no_image
52463,Nepalota robusta,,,,,,,,no_image
112150,Nepeta hemsleyana,藏荆芥,,,,,,,no_image
137230,Nephroma sinense,中国肾盘衣,,,,,,,no_image
52479,Nephrotoma alticrista,高冠短柄大蚊,,,,,,,no_image
52543,Nephrotoma pseudoliankangensis,拟连康山短柄大蚊,,,,,,,no_image
52502,Nephrotoma distans,黑缘短柄大蚊,,,,,,,no_image
52523,Nephrotoma kunagi,旷氏短柄大蚊,,,,,,,no_image
52566,Nephrotoma vesta,裸痣短柄大蚊,,,,,,,no_image
5784,Nephtys polybranchia,多鳃齿吻沙蚕,,,,,,,no_image
52670,Neptis reducta,回环蛱蝶,,,,,,,no_image
3937,Nereis denhamensis,梳齿沙蚕,,,,,,,no_image
52607,Neptis guia,桂北环蛱蝶,,,,,,,no_image
4017,Nereis zhongshaensis,中沙沙蚕,,,,,,,no_image
14277,Neriene emphana,醒目盖蛛,,,,,,,no_image
112212,Nervilia septemtrionarius,锹形芋兰,,,,,,,no_image
112198,Nerium oleander,夹竹桃,,,,,,,no_image
52740,Neuraphes tuyuhun,,,,,,,,no_image
52724,Netomocera setifera,光非蚧金小蜂,,,,,,,no_image
14546,Nesticella qiaoqiensis,硗碛小类球蛛,,,,,,,no_image
14507,Nesticella brevipes,短足小类球蛛,,,,,,,no_image
52760,Neurigona micropyga,畸爪脉长足虻,,,,,,,no_image
52780,Neurois renalba,铜褐络夜蛾,,,,,,,no_image
52800,Neuronema simile,陕华脉线蛉,,,,,,,no_image
112221,Neustanthus phaseoloides,草葛,,,,,,,no_image
11512,Nihonhimea japonica,日本日卖蛛,,,,,,,no_image
112233,Nicotiana rustica,黄花烟草,,,,,,,no_image
13558,Nigma nangquianensis,囊谦黑卷蛛,,,,,,,no_image
1684,Nihonotrypaea harmandi,哈氏和美虾,,,,,,,no_image
78672,Nezumia evides,俊奈氏鳕,,,,,,,no_image
78695,Nidirana shyhhuangi,鱼池琴蛙,,,,,,,no_image
52889,Nilothauma japonicum,日本尼罗摇蚊,,,,,,,no_image
52869,Nilgiraspis andrewesi,暗角尼龟甲,,,,,,,no_image
52898,Nipaecoccus filamentosus,丝鳞粉蚧,,,,,,,no_image
52916,Niphona longzhouensis,,,,,,,,no_image
52933,Niposoma lewisi,刘氏近方阎甲,,,,,,,no_image
52944,Nipponeurorthus furcatus,叉突汉泽蛉,,,,,,,no_image
52960,Nipponomyia szechwanensis,四川倭大蚊,,,,,,,no_image
52963,Nirvanguina pectena,梳突聂叶蝉,,,,,,,no_image
5493,Nitidotellina soyoae,苍鹰亮樱蛤,,,,,,,no_image
6592,Nobia sinica,华贵藤壶,,,,,,,no_image
78730,Niviventer culturatus,台湾社鼠,,,,,,,no_image
53008,Noeeta alini,黄头鬃实蝇,,,,,,,no_image
52991,Nodina cyanea,蓝球肖叶甲,,,,,,,no_image
53022,Nolathripa lactaria,洼皮夜蛾,,,,,,,no_image
53036,Nondenticentrus flatacanthus,平刺无齿角蝉,,,,,,,no_image
53073,Nordstroemia unilinea,单线钩蛾,,,,,,,no_image
53052,Noonamyia umbrellata,伞形长鬃缟蝇,,,,,,,no_image
53133,Nothocasis pullaria,暗伪沼尺蛾,,,,,,,no_image
53090,Noserius indicus,,,,,,,,no_image
112257,Nostolachma jenkinsii,藏咖啡,,,,,,,no_image
10135,Nothopoda chinense,,,,,,,,no_image
53164,Notiobiella substellata,亚星绿褐蛉,,,,,,,no_image
53152,Nothoserphus sinensis,中华前沟细蜂,,,,,,,no_image
53175,Notiphila puncta,多斑刺角水蝇,,,,,,,no_image
53197,Notodonta ziczac,黄白舟蛾,,,,,,,no_image
112285,Notoseris yunnanensis,云南紫菊,,,,,,,no_image
53201,Notomulciber gressitti,,,,,,,,no_image
78761,Novaculichthys taeniourus,带尾美鳍鱼,,,,,,,no_image
53211,Notosacantha moderata,平脊瘤龟甲,,,,,,,no_image
4946,Nucula tokyoensis,东京胡桃蛤,,,,,,,no_image
78766,Nuchequula nuchalis,项斑项鲾,,,,,,,no_image
15596,Nudochernes lipsae,利氏裸伪蝎,,,,,,,no_image
53253,Nupserha ambigua,,,,,,,,no_image
2599,Nursilia tonsor,修容仿五角蟹,,,,,,,no_image
53278,Nupserha subabbreviata,,,,,,,,no_image
53320,Nycteribia quasiocellata,方形蛛蝇,,,,,,,no_image
78792,Nyctyornis amictus,赤须夜蜂虎,,,,,,,no_image
147032,Nyctalis lycoperdoides,,,,,,,,no_image
53347,Nysina orientalis,,,,,,,,no_image
53368,Oberea brivittata,,,,,,,,no_image
112321,Nymphanthus guangdongensis,隐脉叶下珠,,,,,,,no_image
112872,OPUNTIA ficus-indica,梨果仙人掌,,,,,,,no_image
53409,Oberea oculata,,,,,,,,no_image
53389,Oberea hebescens,,,,,,,,no_image
53429,Oberea tienmuana,,,,,,,,no_image
112345,Oberonia anthropophora,长裂鸢尾兰,,,,,,,no_image
53449,Oberthueria falcigera,单齿翅蚕蛾,,,,,,,no_image
53469,Obrium semiformosanum,,,,,,,,no_image
78798,Occidozyga obscura,中国浮蛙,,,,,,,no_image
112366,Oberonia latipetala,阔瓣鸢尾兰,,,,,,,no_image
17535,Ocenebra inornata,内饰刍秣螺,,,,,,,no_image
78809,Ochotona erythrotis,红耳鼠兔,,,,,,,no_image
15602,Ochrochernes galatheae,加氏赭伪蝎,,,,,,,no_image
137415,Ochrolechia pallentiisidiata,,,,,,,,no_image
53519,Ochropleura orientis,东狼夜蛾,,,,,,,no_image
53499,Ochropleura despecta,睨狼夜蛾,,,,,,,no_image
53553,Ochthephilus monticola,,,,,,,,no_image
78831,Ocosia vespa,裸线鲉,,,,,,,no_image
53533,Ochthephilum chinense,,,,,,,,no_image
15262,Octonoba spinosa,刺涡蛛,,,,,,,no_image
4887,Octolasmis nierstraszi,马蹬板茗荷,,,,,,,no_image
112391,Ochyraea mollis,圆叶冰溪藓,,,,,,,no_image
140608,Octospora citrina,,,,,,,,no_image
3130,Ocypode ceratophthalmus,角眼沙蟹,,,,,,,no_image
18343,Octotrocha speciosa,特殊八盘轮虫,,,,,,,no_image
53692,Odontestra potanini,白矢夜蛾,,,,,,,no_image
53618,Ocypus dolon,,,,,,,,no_image
7081,Odexsia microtentaculata,小手奥德水母,,,,,,,no_image
13825,Odontodrassus yunnanensis,云南齿蛛,,,,,,,no_image
53639,Ocypus mimas,,,,,,,,no_image
112412,Odontochilus crispus,小齿唇兰,,,,,,,no_image
53661,Ocypus sadales,,,,,,,,no_image
53719,Odontomyia barbata,须短角水虻,,,,,,,no_image
2860,Odontophora paraxonolaimoides,拟同轴咽齿线虫,,,,,,,no_image
112427,Odontosoria chinensis,乌蕨,,,,,,,no_image
112451,Odontostemma leucasterium,毛萼齿缀草,,,,,,,no_image
78861,Odorrana heatwolei,麻点臭蛙,,,,,,,no_image
112502,Odontostemma yunnanense,云南齿缀草,,,,,,,no_image
112477,Odontostemma pogonanthum,须花齿缀草,,,,,,,no_image
53783,Odontothrips pentatrichopus,五毛齿蓟马,,,,,,,no_image
53763,Odontotermes guizhouensis,贵州土白蚁,,,,,,,no_image
78881,Odorrana tianmuii,天目臭蛙,,,,,,,no_image
53792,Oedalea baiyunshanensis,白云山长角舞虻,,,,,,,no_image
53813,Oederemia lithoplasta,雍夜蛾,,,,,,,no_image
53825,Oedipoda caerulescens,蓝斑翅蝗,,,,,,,no_image
112513,Oenanthe javanica,水芹,,,,,,,no_image
112531,Oenothera rosea,粉花月见草,,,,,,,no_image
140993,Ogataea polymorpha,,,,,,,,no_image
53856,Oidanothrips notabilis,短胫脊背管蓟马,,,,,,,no_image
14912,Okileucauge yinae,尹氏冲绳蛛,,,,,,,no_image
138093,Oidium zizyphi,,,,,,,,no_image
112566,Olea tsoongii,云南木犀榄,,,,,,,no_image
53880,Olenecamptus riparius,,,,,,,,no_image
53900,Olethreutes subtilana,柞新小卷蛾,,,,,,,no_image
53922,Oligoneurus crassicornis,粗角寡脉茧蜂,,,,,,,no_image
53904,Oligia khasiana,克禾夜蛾,,,,,,,no_image
9657,Oligonychus mangiferus,,,,,,,,no_image
78912,Oligodon lacroixi,圆斑小头蛇,,,,,,,no_image
53952,Olophrum hromadkai,,,,,,,,no_image
155289,Olpidium viciae,垂豆火肿病由油壶菌,,,,,,,no_image
53948,Oligota pusillima,,,,,,,,no_image
53946,Oligosita shibuyae,长突寡索赤眼蜂,,,,,,,no_image
53926,Oligoschema nuda,寡食虫虻,,,,,,,no_image
53967,Omichlis rufotincta,扇野舟蛾,,,,,,,no_image
53987,Ommatius similis,羽芒食虫虻,,,,,,,no_image
53994,Omocestus enitor,红股牧草蝗,,,,,,,no_image
148594,Omphalina wynniae,威尼亚脐菇,,,,,,,no_image
54014,Omphale rectisulcus,直缝脐姬小蜂,,,,,,,no_image
148574,Omphalina epichysium,外溶亚脐菇,,,,,,,no_image
8294,Onchnesoma intermedium,中间瘤体星虫,,,,,,,no_image
112624,Oncophorus crispifolius,卷叶曲背藓,,,,,,,no_image
78932,Ondatra zibethicus,麝鼠,,,,,,,no_image
54045,Onesia koreana,大韩蚓蝇,,,,,,,no_image
150334,Onnia circinata,,,,,,,,no_image
54062,Onomaus tenuis,狭毛盾盲蝽,,,,,,,no_image
112653,Onosma hookeri,细花滇紫草,,,,,,,no_image
54063,Onryza maga,讴弄蝶,,,,,,,no_image
54085,Onthophilus lijiangensis,丽江脊阎甲,,,,,,,no_image
112680,Onychium angustifrons,狭叶金粉蕨,,,,,,,no_image
54117,Ooencyrtus ennomophagus,,,,,,,,no_image
78947,Onychoprion fuscatus,乌燕鸥,,,,,,,no_image
54105,Onychothemis testacea,雨林爪蜻,,,,,,,no_image
54155,Opesia cana,灰欧佩寄蝇,,,,,,,no_image
17711,Opeas funiculare,索形钻螺,,,,,,,no_image
140909,Oogaster nitidus,,,,,,,,no_image
4454,Ophiarachna infernalis,亚蛛蛇尾,,,,,,,no_image
78984,Ophichthus stenopterus,窄鳍蛇鳗,,,,,,,no_image
141488,Ophiognomonia cryptica,,,,,,,,no_image
143757,Ophioceras commune,,,,,,,,no_image
6736,Ophiodera neglecta,皱皮蛇尾,,,,,,,no_image
4455,Ophioconis cincta,环带锥粒蛇尾,,,,,,,no_image
4720,Ophiomitrella stelligera,星冠蛇尾,,,,,,,no_image
54173,Ophiomyia pinguis,壮蛇潜蝇,,,,,,,no_image
54184,Ophioneurus nullus,无突曲脉赤眼蜂,,,,,,,no_image
112709,Ophiopogon chingii,长茎沿阶草,,,,,,,no_image
112729,Ophiopogon marmoratus,丽叶沿阶草,,,,,,,no_image
112749,Ophiopogon szechuanensis,四川沿阶草,,,,,,,no_image
112827,Ophiorrhiza reflexa,反瓣蛇根草,,,,,,,no_image
112765,Ophiorrhiza brevidentata,短齿蛇根草,,,,,,,no_image
112787,Ophiorrhiza hainanensis,海南蛇根草,,,,,,,no_image
112807,Ophiorrhiza macrodonta,大齿蛇根草,,,,,,,no_image
144175,Ophiostoma arduennense,,,,,,,,no_image
449,Ophiothrix trilineata,三带刺蛇尾,,,,,,,no_image
5752,Ophiura sarsii,,,,,,,,no_image
54209,Ophthalmothrips miscanthicola,芒眼管蓟马,,,,,,,no_image
15330,Opopaea apicalis,端斑巨膝蛛,,,,,,,no_image
79000,Opisthotropis guangxiensis,广西后棱蛇,,,,,,,no_image
54229,Oplatocera mandibulata,,,,,,,,no_image
16827,Opilio potanini,波氏盲蛛,,,,,,,no_image
17371,Orania gaskelli,旋奥兰螺,,,,,,,no_image
140626,Orbicula parietina,球盘菌,,,,,,,no_image
9145,Oppia baichengensis,白城奥甲螨,,,,,,,no_image
139579,Orbilia sinuosa,波缘圆盘菌,,,,,,,no_image
139559,Orbilia euonymi,,,,,,,,no_image
15308,Orchestina thoracica,纹胸奥蛛,,,,,,,no_image
112926,Oreocharis crispata,皱边马铃苣苔,,,,,,,no_image
112883,Oreas martiana,山毛藓,,,,,,,no_image
112902,Oreocharis begoniifolia,景东短檐苣苔,,,,,,,no_image
112948,Oreocharis fulva,褐毛马铃苣苔,,,,,,,no_image
112998,Oreocharis parva,小佛肚苣苔,,,,,,,no_image
112972,Oreocharis longipedicellata,长梗马铃苣苔,,,,,,,no_image
113042,Oreocharis villosa,柔毛金盏苣苔,,,,,,,no_image
113022,Oreocharis saxatilis,直瓣苣苔,,,,,,,no_image
79036,Oreoglanis setiger,穗缘异齿&#x0000E096;,,,,,,,no_image
79048,Oreolalax popei,宝兴齿蟾,,,,,,,no_image
54267,Oreomela grumi,短翅高山叶甲,,,,,,,no_image
113066,Oreocnide obovata,倒卵叶紫麻,,,,,,,no_image
54287,Oreomela sarydzhasea,阿克苏高山叶甲,,,,,,,no_image
113108,Oreorchis yachangensis,雅长山兰,,,,,,,no_image
54301,Orestes mouhotii,龟奥䗛,,,,,,,no_image
2587,Oreophorus reticulatus,网纹孔蚀蟹,,,,,,,no_image
54324,Oreta trrspina,三棘山钩蛾,,,,,,,no_image
9316,Oribotritia tokukoae,德元三甲螨,,,,,,,no_image
54345,Orgilus meifengensis,梅峰怒茧蜂,,,,,,,no_image
54371,Orientispa pusilla,小东螳蛉,,,,,,,no_image
79079,Oriolus xanthornus,黑头黄鹂,,,,,,,no_image
3057,Orientomysis leptura,窄尾东刺糠虾,,,,,,,no_image
54418,Ormosia affixa,峨眉索大蚊,,,,,,,no_image
54396,Orimarga nudivena,裸脉缘大蚊,,,,,,,no_image
54431,Ormosia formosana,台湾索大蚊,,,,,,,no_image
54438,Ormosia officiosa,珍索大蚊,,,,,,,no_image
54457,Ornithospila esmeralda,绿萍尺蛾,,,,,,,no_image
113174,Ormosia xylocarpa,木荚红豆,,,,,,,no_image
113208,Orobanche yuennanensis,滇列当,,,,,,,no_image
54472,Oroplexia retrahens,折线激夜蛾,,,,,,,no_image
113215,Orostachys chanetii,塔花瓦松,,,,,,,no_image
136138,Oropogon lorobic,,,,,,,,no_image
54521,Ortalotrypeta singula,单鬃川实蝇,,,,,,,no_image
156065,Orpinomyces bovis,,,,,,,,no_image
8369,Orthione griffenis,普吉特直鳃虱,,,,,,,no_image
54489,Orphnebius formosanus,,,,,,,,no_image
54551,Orthocladius futianensis,福田直突摇蚊,,,,,,,no_image
113232,Orthomnion piliferum,毛枝立灯藓,,,,,,,no_image
54571,Orthocladius vaillanti,长钝直突摇蚊,,,,,,,no_image
54596,Orthopodomyia anopheloides,类按直脚蚊,,,,,,,no_image
113269,Orthotrichum subpumilum,粗柄木灵藓,,,,,,,no_image
54612,Orthosia munda,黄灰梦尼夜蛾,,,,,,,no_image
113248,Orthotrichum crenulatum,舌叶木灵藓,,,,,,,no_image
54634,Orthotylus oschanini,奥氏合垫盲蝽,,,,,,,no_image
12137,Orumcekia subsigillata,亚饰花冠蛛,,,,,,,no_image
113286,Oryza meyeriana,,,,,,,,no_image
113327,Osmanthus urceolatus,坛花木犀,,,,,,,no_image
113305,Osmanthus armatus,红柄木犀,,,,,,,no_image
54680,Osmia microdonta,小壁蜂,,,,,,,no_image
113330,Osmolindsaea japonica,日本香鳞始蕨,,,,,,,no_image
54712,Osorius angustulus,,,,,,,,no_image
54732,Osorius striolatus,,,,,,,,no_image
113343,Osteomeles subrotunda,圆叶小石积,,,,,,,no_image
54749,Oswaldia gilva,黄奥斯寄蝇,,,,,,,no_image
79103,Ostorhinchus chrysotaenia,黄体鹦天竺鲷,,,,,,,no_image
79123,Ostorhinchus wassinki,沃氏鹦天竺鲷,,,,,,,no_image
11864,Otacilia celata,隐藏奥塔蛛,,,,,,,no_image
11862,Otacilia jianfengling,尖峰岭奥塔蛛,,,,,,,no_image
11882,Otacilia subovoidea,近卵状奥塔蛛,,,,,,,no_image
11872,Otacilia palgongensis,八公奥塔蛛,,,,,,,no_image
54783,Othius medius,,,,,,,,no_image
54758,Othius atavus,,,,,,,,no_image
139926,Otidea kunmingensis,昆明侧盘菌,,,,,,,no_image
140628,Otideopsis yunnanensis,云南假地耳,,,,,,,no_image
147729,Oudemansiella fanjingshanensis,梵净山小奥德蘑,,,,,,,no_image
54803,Othius spoliatus,,,,,,,,no_image
113395,Ottelia fengshanensis,凤山水车前,,,,,,,no_image
7547,Oulangia stokesiana,米氏齿珊瑚,,,,,,,no_image
113414,Oxalis latifolia,宽叶酢浆草,,,,,,,no_image
54828,Oxya intricata,小稻蝗,,,,,,,no_image
79159,Ovophis monticola,山烙铁头蛇,,,,,,,no_image
54884,Oxycera vertipila,立盾刺水虻,,,,,,,no_image
54864,Oxycera daliensis,大理盾刺水虻,,,,,,,no_image
79174,Oxygymnocypris stewartii,尖裸鲤,,,,,,,no_image
54849,Oxyartes dorsalis,瘤背刺异䗛,,,,,,,no_image
144657,Oxydothis hongkongensis,,,,,,,,no_image
4548,Oxynaspis pacifica,太平洋刺茗荷,,,,,,,no_image
11338,Oxyopes hotingchiehi,霍氏猫蛛,,,,,,,no_image
11343,Oxyopes sushilae,盾形猫蛛,,,,,,,no_image
54913,Oxypoda bisinuata,,,,,,,,no_image
54933,Oxypoda gansuicola,,,,,,,,no_image
54953,Oxypoda linearis,,,,,,,,no_image
54973,Oxypoda numontis,,,,,,,,no_image
54993,Oxypoda sinofortis,,,,,,,,no_image
55013,Oxypoda tronqueti,,,,,,,,no_image
55047,Oxyporus itoi,,,,,,,,no_image
55032,Oxyporus bambusicolus,,,,,,,,no_image
55060,Oxyporus procerus,,,,,,,,no_image
55077,Oxypsila altusfronsa,凸额尖茎蝇,,,,,,,no_image
2679,Oxystomina elegans,秀丽尖口线虫,,,,,,,no_image
55110,Oxytelus nigriceps,,,,,,,,no_image
14699,Oxytate multa,多绿蟹蛛,,,,,,,no_image
113524,Oxytropis ketmenica,克特明棘豆,,,,,,,no_image
113478,Oxytropis chionophylla,雪叶棘豆,,,,,,,no_image
113504,Oxytropis ganningensis,陇东棘豆,,,,,,,no_image
113570,Oxytropis parasericeopetala,长萼棘豆,,,,,,,no_image
113455,Oxytropis assiensis,阿西棘豆,,,,,,,no_image
113548,Oxytropis malloryana,马洛里棘豆,,,,,,,no_image
113590,Oxytropis qilianshanica,祁连山棘豆,,,,,,,no_image
113612,Oxytropis sinkiangensis,新疆棘豆,,,,,,,no_image
113634,Oxytropis viridiflava,黄绿棘豆,,,,,,,no_image
14761,Ozyptila orientalis,东方羽蛛,,,,,,,no_image
113645,Oyama sinensis,圆叶天女花,,,,,,,no_image
55143,Pachycerina plumosa,羽长角缟蝇,,,,,,,no_image
113652,Pachylarnax sinica,华盖木,,,,,,,no_image
14973,Pachygnatha amurensis,阿木任粗螯蛛,,,,,,,no_image
55189,Pachyodes subtrita,弥粉垂耳尺蛾,,,,,,,no_image
55170,Pachyneura fasciata,斑粗脉蚊,,,,,,,no_image
139346,Pachyrhytisma symmetricum,,,,,,,,no_image
55208,Pachypasoides qinlingensis,秦岭云枯叶蛾,,,,,,,no_image
55231,Pachyta gorodinskii,,,,,,,,no_image
79204,Pachytriton moi,莫氏肥螈,,,,,,,no_image
134431,Paecilomyces cylindricosporus,,,,,,,,no_image
155644,Pacispora scintillans,,,,,,,,no_image
55248,Paederidus perroti,,,,,,,,no_image
134451,Paecilomyces taitungiacus,,,,,,,,no_image
55268,Paederus cheni,,,,,,,,no_image
55290,Paederus incurvatus,,,,,,,,no_image
55310,Paederus semiflavus,,,,,,,,no_image
113692,Paeonia intermedia,块根芍药,,,,,,,no_image
79207,Pagrus major,真赤鲷(真鲷),,,,,,,no_image
1745,Pagurixus rubber,红色准寄居蟹,,,,,,,no_image
1730,Pagurus pitagsaleei,皮氏寄居蟹,,,,,,,no_image
55347,Palaeopsylla breviprocera,短突古蚤,,,,,,,no_image
5030,Palaemon serrifer,锯齿长臂虾,,,,,,,no_image
113712,Palaquium formosanum,台湾胶木,,,,,,,no_image
55367,Palaeopsylla soricis,鼩鼱古蚤,,,,,,,no_image
55396,Palesisa aureola,金帕丽寄蝇,,,,,,,no_image
2402,Palmadusta ziczac,波纹焦掌贝,,,,,,,no_image
113719,Paliurus orientalis,短柄铜钱树,,,,,,,no_image
55416,Palpifer sexnotatus,六点长须蝙蛾,,,,,,,no_image
55437,Palpomyia langyaensis,琅玡须蠓,,,,,,,no_image
7254,Palythoa mutuki,穆图沙群海葵,,,,,,,no_image
12768,Pancorius crassipes,粗脚盘蛛,,,,,,,no_image
55465,Panacra moseri,鸟嘴突缘天蛾,,,,,,,no_image
7877,Pandea conica,锥形面具水母,,,,,,,no_image
55499,Pandemis rectipenita,直褐卷蛾,,,,,,,no_image
113759,Panicum amoenum,可爱黍,,,,,,,no_image
155494,Pandora kondoiensis,近藤虫疠霉,,,,,,,no_image
147509,Panellus pubescens,柔毛扇菇,,,,,,,no_image
55508,Pangrapta curtalis,中影眉夜蛾,,,,,,,no_image
137265,Pannaria praetermissa,,,,,,,,no_image
113779,Panicum taiwanense,台湾稷,,,,,,,no_image
55555,Panthauma egregia,短喙夜蛾,,,,,,,no_image
55538,Panstenon vallecularis,糙刻狭翅金小蜂,,,,,,,no_image
113817,Paphiopedilum delenatii,德氏兜兰,,,,,,,no_image
55600,Panzeria sulciforceps,窄肛阳寄蝇,,,,,,,no_image
6457,Panulirus stimpsoni,中国龙虾,,,,,,,no_image
55646,Papilio mahadevus,马哈美凤蝶,,,,,,,no_image
113806,Papaver somniferum,罂粟,,,,,,,no_image
113843,Paphiopedilum venustum,秀丽兜兰,,,,,,,no_image
55580,Panzeria excellens,棒须阳寄蝇,,,,,,,no_image
113854,Papilionanthe teres,凤蝶兰,,,,,,,no_image
19298,Papirioides zhejiangensis,,,,,,,,no_image
113873,Paraboea filipes,丝梗蛛毛苣苔,,,,,,,no_image
113893,Paraboea tribracteata,三苞蛛毛苣苔,,,,,,,no_image
16094,Parabilingulus simplicius,简拟双舌马陆,,,,,,,no_image
5560,Paracanthonchus macrodon,大齿异棘虫,,,,,,,no_image
79256,Paracentropyge multifasciata,多带副锯刺盖鱼,,,,,,,no_image
55703,Parabraxas davidi,粉蝶蛱蛾,,,,,,,no_image
55701,Parabolopona yunnanensis,云南脊翅叶蝉,,,,,,,no_image
79261,Paracirrhites arcatus,副[鱼翁],,,,,,,no_image
55728,Parachadisra atrifusa,白缘刹舟蛾,,,,,,,no_image
55771,Paraclius inopinatus,东方弓脉长足虻,,,,,,,no_image
55791,Paraclius xanthocercus,黄须弓脉长足虻,,,,,,,no_image
55756,Paracladura flavoides,淡黄跗毫蚊,,,,,,,no_image
16226,Paracortina leptoclada,,,,,,,,no_image
55811,Paracodrus apterogynus,叩甲无翅细蜂,,,,,,,no_image
217,Paractaea rufopunctata,红点拟银杏蟹,,,,,,,no_image
55872,Paradichosia tsukamotoi,疣腹变丽蝇,,,,,,,no_image
55883,Paradoxopsyllus aculeolatus,微刺怪蚤,,,,,,,no_image
8762,Paradentalium pseudosexagonum,假六角拟角贝,,,,,,,no_image
55844,Paradelia palpata,小须邻泉蝇,,,,,,,no_image
55905,Paradoxopsyllus paucichaetus,少鬃怪蚤,,,,,,,no_image
55930,Paragastrozona vulgaris,淡笋拟羽角实蝇,,,,,,,no_image
3515,Paradusa mauritiensis,毛里乐园钩虾,,,,,,,no_image
55961,Paragnetina ochrocephala,黄头纯(虫责),,,,,,,no_image
55943,Paraglenea jianfenglingensis,,,,,,,,no_image
6313,Parahepomadus vaubani,长额拟肝刺虾,,,,,,,no_image
55989,Paragus bicolor,双色小蚜蝇,,,,,,,no_image
56050,Parakiefferiella gracillima,纤细拟开氏摇蚊,,,,,,,no_image
6391,Paragoneplax seresnei,塞氏拟长脚蟹,,,,,,,no_image
56037,Parahybos simplicipes,,,,,,,,no_image
56009,Paragus serratiparamerus,锯缘小蚜蝇,,,,,,,no_image
6300,Paralepas quadrata,方拟茗荷,,,,,,,no_image
113922,Paraleucobryum sauteri,狭肋拟白发藓,,,,,,,no_image
79285,Paralichthys lethostigma,漠斑牙鲆,,,,,,,no_image
56062,Paralbara pallidinota,斑赭钩蛾,,,,,,,no_image
56117,Parallelomma chinensis,中国齐粪蝇,,,,,,,no_image
79297,Paramegophrys dong,侗掌突蟾,,,,,,,no_image
56130,Paraloconota gansuensis,,,,,,,,no_image
56141,Paramathes perigrapha,简夜蛾,,,,,,,no_image
56150,Paramelanauster flavosparsus,,,,,,,,no_image
79317,Paramegophrys sangi,三岛掌突蟾,,,,,,,no_image
3816,Paramonhystera pellucida,透明异单宫线虫,,,,,,,no_image
113927,Paramicrotoena motuoensis,藏唇花,,,,,,,no_image
79357,Paranemachilus shuilongensis,水龙岭鳅,,,,,,,no_image
79342,Paramesotriton malipoensis,麻栗坡瘰螈,,,,,,,no_image
79353,Paramyxine fernholmi,费氏副盲鳗,,,,,,,no_image
56202,Parantica aglea,绢斑蝶,,,,,,,no_image
8374,Parapenaeon expansus,膨胀拟对虾鳃虱,,,,,,,no_image
56227,Parapachymorpha apicalis,尖尾副厚䗛,,,,,,,no_image
79361,Parapercis clathrata,四斑拟鲈,,,,,,,no_image
56248,Paraphloeostiba sonani,,,,,,,,no_image
79381,Parapercis sexfasciata,六带拟鲈,,,,,,,no_image
113960,Paraphlomis kuankuoshuiensis,宽阔水假糙苏,,,,,,,no_image
113999,Paraprenanthes yunnanensis,云南假福王草,,,,,,,no_image
113985,Paraphlomis tomentosocapitata,绒头假糙苏,,,,,,,no_image
10965,Paraplectana tsushimensis,对马瓢蛛,,,,,,,no_image
114000,Parapteroceras elobe,虾尾兰,,,,,,,no_image
56293,Parasa bicolor,两色绿刺蛾,,,,,,,no_image
56283,Pararhinoleucophenga meichiensis,梅溪鼻果蝇,,,,,,,no_image
56313,Parasa mina,闽绿刺蛾,,,,,,,no_image
56333,Parasa xizangensis,西藏绿刺蛾,,,,,,,no_image
56351,Parasarcophaga taenionota,带小亚麻蝇,,,,,,,no_image
56363,Parasetigena amurensis,黑龙江毒蛾寄蝇,,,,,,,no_image
56362,Parasemia plantaginis,车前灯蛾,,,,,,,no_image
114033,Parasenecio ianthophyllus,紫背蟹甲草,,,,,,,no_image
114055,Parasenecio praetermissus,长白蟹甲草,,,,,,,no_image
148019,Parasola misera,,,,,,,,no_image
11573,Parasteatoda lanyuensis,兰屿拟肥腹蛛,,,,,,,no_image
56376,Parasinophasma hainanense,海南副华枝䗛,,,,,,,no_image
56417,Parastrangalis maridae,,,,,,,,no_image
56397,Parastrangalis addenda,,,,,,,,no_image
114074,Parastyrax lacei,茉莉果,,,,,,,no_image
56447,Paratanytarsus paralauterborni,三角拟长跗摇蚊,,,,,,,no_image
114094,Parathelypteris japonica,,,,,,,,no_image
56462,Paratetracnemoidea malenotti,,,,,,,,no_image
56478,Paratoacris reticulipennis,网翅扮桃蝗,,,,,,,no_image
56492,Paratrichogramma tarimica,塔里木副赤眼蜂,,,,,,,no_image
15468,Paratus hamatus,钩备蛛,,,,,,,no_image
16499,Pardosa altitudis,高山豹蛛,,,,,,,no_image
56516,Paraxantia sinica,中华似褶缘螽,,,,,,,no_image
16324,Pardosa dentitegulum,齿盾豹蛛,,,,,,,no_image
16317,Pardosa kupupa,铲豹蛛,,,,,,,no_image
16340,Pardosa suwai,诹访豹蛛,,,,,,,no_image
16537,Pardosa qionghuai,琼华豹蛛,,,,,,,no_image
16286,Pardosa multivaga,多瓣豹蛛,,,,,,,no_image
79457,Pareas orientalis,华东钝头蛇,,,,,,,no_image
56533,Parepierus pectinispinus,梳刺副悦阎甲,,,,,,,no_image
16536,Pardosa zuojiani,祚建豹蛛,,,,,,,no_image
56555,Pareusemion studiosum,褐软蚧尖角跳小蜂,,,,,,,no_image
79471,Pareuchiloglanis macrotrema,大孔&#x0000E065;,,,,,,,no_image
56576,Parexarnis sollers,伊经夜蛾,,,,,,,no_image
114153,Paris verticillata,北重楼,,,,,,,no_image
56583,Pariodontis riggenbachi,豪猪长胸蚤,,,,,,,no_image
114117,Paris dunniana,海南重楼,,,,,,,no_image
136180,Parmelia galliana,黄绿梅衣,,,,,,,no_image
136160,Parmelia baltimorensis,叶状地衣,,,,,,,no_image
136200,Parmelia mariana,,,,,,,,no_image
136220,Parmelia reticulata,网梅衣,,,,,,,no_image
136240,Parmelia subscortea,,,,,,,,no_image
137268,Parmeliella grisea,灰甲衣,,,,,,,no_image
136294,Parmotrema hababianum,隐斑大叶梅,,,,,,,no_image
134763,Parmentaria chungii,,,,,,,,no_image
114163,Parnassia angustipetala,窄瓣梅花草,,,,,,,no_image
114188,Parnassia gansuensis,甘肃梅花草,,,,,,,no_image
136314,Parmotrema saccatilobum,囊瓣大叶梅,,,,,,,no_image
114218,Parnassia palustris,梅花草,,,,,,,no_image
15567,Parobisium muchonggouense,木冲沟等伪蝎,,,,,,,no_image
56661,Parnassius imperator,君主绢蝶,,,,,,,no_image
114240,Parnassia yui,俞氏梅花草,,,,,,,no_image
114252,Parrya lancifolia,柳叶条果芥,,,,,,,no_image
2865,Parodontophora wuleidaowanens,五垒岛湾拟齿线虫,,,,,,,no_image
114249,Paropyrum anemonoides,扁果草,,,,,,,no_image
79498,Parupeneus multifasciatus,多带副绯鲤,,,,,,,no_image
56775,Parthenocodrus fuscipes,褐足中沟细蜂,,,,,,,no_image
114278,Paspalum delavayi,云南雀稗,,,,,,,no_image
56787,Parvisquama sumatrana,苏门小瓣秽蝇,,,,,,,no_image
132763,Passalora cordylines,,,,,,,,no_image
79536,Passerculus sandwichensis,稀树草鹀,,,,,,,no_image
132783,Passalora mikaniigena,,,,,,,,no_image
114314,Passiflora quadrangularis,大果西番莲,,,,,,,no_image
140637,Patella fimetaria,,,,,,,,no_image
133335,Patellaria tetraspora,四孢胶皿菌,,,,,,,no_image
15735,Pauropus dorsappendix,背肢少足,,,,,,,no_image
8155,Pavona venosa,脉结牡丹珊瑚,,,,,,,no_image
114331,Patrinia speciosa,秀苞败酱,,,,,,,no_image
139856,Paxina leucomelaena,,,,,,,,no_image
114398,Pedicularis bella,美丽马先蒿,,,,,,,no_image
114365,Pedicularis aloensis,阿洛马先蒿,,,,,,,no_image
114356,Pecteilis radiata,鹭兰,,,,,,,no_image
114427,Pedicularis clarkei,附齿马先蒿,,,,,,,no_image
114458,Pedicularis cyclorhyncha,环喙马先蒿,,,,,,,no_image
114488,Pedicularis dolichantha,修花马先蒿,,,,,,,no_image
114513,Pedicularis flaccida,软弱马先蒿,,,,,,,no_image
114535,Pedicularis gracilis,纤细马先蒿,,,,,,,no_image
114596,Pedicularis latirostris,宽喙马先蒿,,,,,,,no_image
114622,Pedicularis lophotricha,盔须马先蒿,,,,,,,no_image
114566,Pedicularis insignis,显著马先蒿,,,,,,,no_image
114676,Pedicularis nyalamensis,聂拉木马先蒿,,,,,,,no_image
114649,Pedicularis meteororhyncha,翘喙马先蒿,,,,,,,no_image
114741,Pedicularis pseudosteiningeri,大萼马先蒿,,,,,,,no_image
114709,Pedicularis petitmenginii,曲喙马先蒿,,,,,,,no_image
114808,Pedicularis shansiensis,山西马先蒿,,,,,,,no_image
114778,Pedicularis rigida,坚挺马先蒿,,,,,,,no_image
114838,Pedicularis stylosa,长柱马先蒿,,,,,,,no_image
114861,Pedicularis ternata,三叶马先蒿,,,,,,,no_image
56848,Pediobius polychrosis,杉梢卷蛾柄腹姬小蜂,,,,,,,no_image
114888,Pedicularis urceolata,坛萼马先蒿,,,,,,,no_image
56867,Pedostrangalia tricolorata,三色短腿花天牛,,,,,,,no_image
114913,Pedicularis zayuensis,察隅马先蒿,,,,,,,no_image
56935,Pegomya mirabifurca,奇叶泉蝇,,,,,,,no_image
56895,Pegomya crinisternita,缨腹泉蝇,,,,,,,no_image
56915,Pegomya huanglongensis,黄龙泉蝇,,,,,,,no_image
56875,Pegomya angusticerca,狭肛泉蝇,,,,,,,no_image
56955,Pegomya rufina,淡红泉蝇,,,,,,,no_image
5576,Pelagobia longicirrata,游蚕,,,,,,,no_image
56975,Pegomya yunnanensis,云南泉蝇,,,,,,,no_image
57005,Pelastoneurus crassinervis,粗健羽芒长足虻,,,,,,,no_image
114939,Pelekium velatum,鹤嘴藓,,,,,,,no_image
57044,Pelioptera dalicola,,,,,,,,no_image
57026,Peleteria prompta,显长须寄蝇,,,,,,,no_image
57062,Pella cooterorum,,,,,,,,no_image
114945,Peliosanthes gulinqingensis,古林箐球子草,,,,,,,no_image
13200,Pellenes limbatus,缘蝇犬蛛,,,,,,,no_image
114979,Pellionia heteroloba,异被赤车,,,,,,,no_image
114999,Pellionia viridis,绿赤车,,,,,,,no_image
8994,Peloribates barbatus,须圆单翼甲螨,,,,,,,no_image
137275,Peltidea erumpens,粉点地卷,,,,,,,no_image
57081,Pelomyiella mallochi,毛泥股岸蝇,,,,,,,no_image
771,Penaeus monodon,斑节对虾,,,,,,,no_image
137294,Peltigera malacea,软地卷,,,,,,,no_image
139447,Peltula coriacea,,,,,,,,no_image
137314,Peltigera spuria,假地卷,,,,,,,no_image
57110,Pemphigus bursarius,囊柄瘿绵蚜,,,,,,,no_image
134468,Penicillium camemberti,,,,,,,,no_image
134488,Penicillium duninii,,,,,,,,no_image
134508,Penicillium janczewskii,,,,,,,,no_image
134528,Penicillium polonicum,,,,,,,,no_image
134548,Penicillium sumatraense,,,,,,,,no_image
115020,Pennisetum purpureum,象草,,,,,,,no_image
79590,Pennahia pawak,斑鳍银姑鱼,,,,,,,no_image
5996,Pentamera constricta,收缩五部参,,,,,,,no_image
152069,Peniophora manshurica,满洲隔孢伏革菌,,,,,,,no_image
115035,Pentarhizidium orientale,东方荚果蕨,,,,,,,no_image
57160,Penthetria melanaspis,黑叉毛蚊,,,,,,,no_image
79601,Perccottus glenii,葛氏鲈塘鳢,,,,,,,no_image
115044,Peperomia cavaleriei,硬毛草胡椒,,,,,,,no_image
151604,Perenniporia compacta,紧密多年卧孔菌,,,,,,,no_image
57203,Peribaea setinervis,毛脉等鬃寄蝇,,,,,,,no_image
57221,Pericapritermes tetraphilus,大近扭白蚁,,,,,,,no_image
151624,Perenniporia ohiensis,奥地多年卧孔菌,,,,,,,no_image
57179,Pergesa askoldensis,白环红天蛾,,,,,,,no_image
143264,Periconia britannica,,,,,,,,no_image
5028,Periclimenes holthuisi,霍氏岩虾,,,,,,,no_image
79628,Pericrocotus solaris,灰喉山椒鸟,,,,,,,no_image
153177,Peridermium brevius,乔松鞘锈菌,,,,,,,no_image
57281,Perilitus liui,刘氏缘茧蜂,,,,,,,no_image
57254,Periergos accidentia,偶纡舟蛾,,,,,,,no_image
344,Periglypta chemnitzii,曲波皱纹蛤,,,,,,,no_image
7496,Periphylla periphylla,紫蓝盖缘水母,,,,,,,no_image
57302,Periscepsia umbrinervis,晕脉裸盾寄蝇,,,,,,,no_image
3945,Perinereis shikueii,锡奎围沙蚕,,,,,,,no_image
57318,Perissus atronotatus,,,,,,,,no_image
57339,Perissus kiangsuensis,,,,,,,,no_image
57356,Peristenus furvus,浅黑常室茧蜂,,,,,,,no_image
115111,Peristylus tentaculatus,触须阔蕊兰,,,,,,,no_image
115089,Peristrophe yunnanensis,滇观音草,,,,,,,no_image
57410,Perlodes sinensis,中华网(虫责),,,,,,,no_image
57389,Perizoma paramordax,蚀周尺蛾,,,,,,,no_image
138497,Perrotia yunnanensis,云南钝囊盘菌,,,,,,,no_image
57425,Peromyscopsylla bidentata,二齿二刺蚤,,,,,,,no_image
115191,Persicaria strigosa,糙毛蓼,,,,,,,no_image
115165,Persicaria neofiliformis,短毛金线草,,,,,,,no_image
115138,Persicaria foliosa,多叶蓼,,,,,,,no_image
137439,Pertusaria borealis,北方鸡皮衣,,,,,,,no_image
137459,Pertusaria huangshanensis,黄山鸡皮衣,,,,,,,no_image
137479,Pertusaria platycarpiza,宽果鸡皮衣,,,,,,,no_image
137499,Pertusaria subventosa,亚风鸡皮衣,,,,,,,no_image
115214,Pertya ferruginea,锈毛帚菊,,,,,,,no_image
57432,Perynea ruficeps,赭灰裴夜蛾,,,,,,,no_image
141065,Pestalotiopsis alpiniae,,,,,,,,no_image
141085,Pestalotiopsis carveri,,,,,,,,no_image
141125,Pestalotiopsis lambertiae,,,,,,,,no_image
141105,Pestalotiopsis eugeniae,,,,,,,,no_image
141165,Pestalotiopsis saccardens,,,,,,,,no_image
141145,Pestalotiopsis montellica,,,,,,,,no_image
79668,Petaurista caniceps,灰头小鼯鼠,,,,,,,no_image
141185,Pestalotiopsis vismiae,,,,,,,,no_image
57441,Petraphuma pompa,,,,,,,,no_image
115282,Petrocodon rubiginosus,锈梗石山苣苔,,,,,,,no_image
115240,Petrocodon asterocalyx,星萼石山苣苔,,,,,,,no_image
115262,Petrocodon jiangxiensis,江西石山苣苔,,,,,,,no_image
115303,Petrocosmea chrysotricha,金丝石蝴蝶,,,,,,,no_image
2904,Petrolisthes borradailei,波氏岩瓷蟹,,,,,,,no_image
115323,Petrocosmea kerrii,滇泰石蝴蝶,,,,,,,no_image
115348,Petrocosmea qiruniae,琦润石蝴蝶,,,,,,,no_image
2907,Petrolisthes tomentosus,密毛岩瓷蟹,,,,,,,no_image
5143,Petrosia testudinaris,龟壳石海绵,,,,,,,no_image
139999,Peziza aecidioides,,,,,,,,no_image
57454,Peudoptygonotus liangshanensis,凉山拟凹背蝗,,,,,,,no_image
115394,Peucedanum longshengense,南岭前胡,,,,,,,no_image
140039,Peziza brunnea,,,,,,,,no_image
115410,Peyssonnelia distenta,充满耳壳藻,,,,,,,no_image
140019,Peziza arvernensis,阿地盘菌,,,,,,,no_image
57474,Peyerimhoffia hamata,沟尾配眼蕈蚊,,,,,,,no_image
140059,Peziza cerea,蜡盘菌,,,,,,,no_image
140119,Peziza friesii,,,,,,,,no_image
140099,Peziza domestica,,,,,,,,no_image
140079,Peziza constellatio,,,,,,,,no_image
140179,Peziza nivalis,雪盘菌,,,,,,,no_image
140159,Peziza limnaea,青萍盘菌,,,,,,,no_image
140219,Peziza rufescens,暗红盘菌,,,,,,,no_image
140199,Peziza polymorpha,,,,,,,,no_image
140139,Peziza hongkongensis,香港盘菌,,,,,,,no_image
140259,Peziza sylvestris,林地盘菌,,,,,,,no_image
140239,Peziza solani,,,,,,,,no_image
140279,Peziza versicolor,,,,,,,,no_image
57483,Pezothrips brunneus,褐棕角足蓟马,,,,,,,no_image
139107,Phacidium piceae,,,,,,,,no_image
57515,Phaenandrogomphus tonkinicus,细尾显春蜓,,,,,,,no_image
57494,Phaedon armoraciae,辣根猿叶甲,,,,,,,no_image
57534,Phaenoserphus multicavus,多窝光胸细蜂,,,,,,,no_image
134609,Phaeocalicium populneum,,,,,,,,no_image
136990,Phaeographina pluvisilvarum,,,,,,,,no_image
145987,Phaeocollybia lugubris,污黑暗金钱菌,,,,,,,no_image
151009,Phaeolus schweinitzii,栗褐暗孔菌,,,,,,,no_image
135311,Phaeophyscia denigrata,变黑蜈蚣衣,,,,,,,no_image
137010,Phaeographis planiuscula,平黑文衣,,,,,,,no_image
150344,Phaeoporus hispidus,,,,,,,,no_image
148596,Phaeotellus roseolus,,,,,,,,no_image
153307,Phakopsora cingens,围层锈菌,,,,,,,no_image
153327,Phakopsora meibomiae,美洲锈病菌,,,,,,,no_image
57558,Phalacrosoma amoenum,悦白长足虻,,,,,,,no_image
115456,Phalaenopsis mannii,版纳蝴蝶兰,,,,,,,no_image
115472,Phalaris aquatica,水虉草,,,,,,,no_image
57585,Phalera eminens,环掌舟蛾,,,,,,,no_image
57609,Phalera torpida,灰掌舟蛾,,,,,,,no_image
57622,Phallantha sichotealini,锡霍花麻蝇,,,,,,,no_image
150807,Phallus hadriani,粉托鬼笔,,,,,,,no_image
57642,Phalonidia scabra,多斑褐纹卷蛾,,,,,,,no_image
57648,Phaneroptera falcata,镰尾露螽,,,,,,,no_image
150827,Phallus tenuissimus,纤细鬼笔,,,,,,,no_image
115495,Phanera hekouensis,河口火索藤,,,,,,,no_image
57668,Phaneroserphus rugulipropodeum,皱腰脊额细蜂,,,,,,,no_image
151089,Phanerochaete brunnea,褐原毛平革菌,,,,,,,no_image
57684,Phaonia angusta,角棘蝇,,,,,,,no_image
57704,Phaonia azaleella,杜鹃花棘蝇,,,,,,,no_image
57724,Phaonia caudilata,侧圆尾棘蝇,,,,,,,no_image
57745,Phaonia curvicercalis,曲叶棘蝇,,,,,,,no_image
57765,Phaonia dorsolineatoides,类背纹棘蝇,,,,,,,no_image
57805,Phaonia guangdongensis,广东棘蝇,,,,,,,no_image
57785,Phaonia flavivivida,黄活棘蝇,,,,,,,no_image
57827,Phaonia hypotuberosurstyla,拟瘤叶棘蝇,,,,,,,no_image
57887,Phaonia maoershanensis,猫儿山棘蝇,,,,,,,no_image
57867,Phaonia liupanshanensis,六盘山棘蝇,,,,,,,no_image
57928,Phaonia nigripennis,黑翅棘蝇,,,,,,,no_image
57847,Phaonia labidocerca,钳叶棘蝇,,,,,,,no_image
57948,Phaonia papillaria,乳突棘蝇,,,,,,,no_image
57968,Phaonia punctinervoida,类斑脉棘蝇,,,,,,,no_image
57907,Phaonia misellimaculata,乏斑棘蝇,,,,,,,no_image
57988,Phaonia semilunaroida,类半月棘蝇,,,,,,,no_image
58008,Phaonia subalpicoloida,类低山棘蝇,,,,,,,no_image
58069,Phaonia villscutellata,毛盾棘蝇,,,,,,,no_image
58028,Phaonia subnigribasalis,亚黑基棘蝇,,,,,,,no_image
58048,Phaonia taiwanensis,台湾棘蝇,,,,,,,no_image
58089,Phaonia yinggeensis,鹦歌棘蝇,,,,,,,no_image
58104,Pharsalia thibetana,,,,,,,,no_image
8281,Phascolosoma varians,变异革囊星虫,,,,,,,no_image
58122,Phasia xuei,薛氏突颜寄蝇,,,,,,,no_image
10203,Phaulacus obtusilobus,,,,,,,,no_image
115527,Phedimus floriferus,多花费菜,,,,,,,no_image
8134,Phellia gausapata,曲道喜石海葵,,,,,,,no_image
150366,Phellinus baumii,鲍氏针层孔菌,,,,,,,no_image
150386,Phellinus everhartii,厚黑针层孔,,,,,,,no_image
150406,Phellinus isabellinus,深黄木层孔菌,,,,,,,no_image
150426,Phellinus mori,桑木层孔菌,,,,,,,no_image
150446,Phellinus purpureogilvus,紫褐木层孔菌,,,,,,,no_image
8496,Phenacovolva subreflexa,次反射骗梭螺,,,,,,,no_image
150466,Phellinus tremulae,窄盖木层孔菌,,,,,,,no_image
58212,Pherbellia dorsata,背鬃负菊沼蝇,,,,,,,no_image
152676,Phellodon tomentosus,毛齿革菌,,,,,,,no_image
58191,Pheosiopsis linus,林夙舟蛾,,,,,,,no_image
115549,Philadelphus brachybotrys,短序山梅花,,,,,,,no_image
115584,Philadelphus tsianschanensis,千山山梅花,,,,,,,no_image
4393,Philbertia phaedra,光明菲螺,,,,,,,no_image
138795,Phialocephala fortinii,,,,,,,,no_image
6621,Philine orientalis,东方壳蛞蝓,,,,,,,no_image
12577,Philodromus aliensis,阿里逍遥蛛,,,,,,,no_image
58232,Philobatus christophi,网姬蝽,,,,,,,no_image
58237,Philoganga robusta,,,,,,,,no_image
58321,Philonthus mercurii,,,,,,,,no_image
115600,Philonotis lancifolia,毛叶泽藓,,,,,,,no_image
58260,Philonthus azuripennis,,,,,,,,no_image
58280,Philonthus donckieri,,,,,,,,no_image
58301,Philonthus ildefonso,,,,,,,,no_image
58384,Philophylla incerta,硕大叶实蝇,,,,,,,no_image
58341,Philonthus rectangulus,,,,,,,,no_image
58364,Philonthus tetricus,,,,,,,,no_image
58417,Philygria femorata,彩胫喜水蝇,,,,,,,no_image
58396,Philoptila fenestrata,窗羽祝蛾,,,,,,,no_image
12842,Phintella arcuata,弓金蝉蛛,,,,,,,no_image
58433,Phlebotomus chinensis,中华白蛉,,,,,,,no_image
151052,Phlebia albida,,,,,,,,no_image
12983,Phintella sancha,三叉金蝉蛛,,,,,,,no_image
12844,Phlegra pisarskii,皮氏绯蛛,,,,,,,no_image
115647,Phlogacanthus sudhansusekharii,黄斑火焰花,,,,,,,no_image
115619,Phlegmariurus fordii,福氏马尾杉,,,,,,,no_image
115657,Phlomoides alpina,高山糙苏,,,,,,,no_image
115679,Phlomoides jeholensis,口外糙苏,,,,,,,no_image
115730,Phlox subulata,丛生福禄考,,,,,,,no_image
115703,Phlomoides pararotata,假轮状糙苏,,,,,,,no_image
79732,Phoebastria albatrus,短尾信天翁,,,,,,,no_image
115749,Phoebe jinpingensis,金平楠,,,,,,,no_image
79737,Phoenicurus auroreus,北红尾鸲,,,,,,,no_image
15165,Pholcus cuneatus,楔形幽灵蛛,,,,,,,no_image
15125,Pholcus aduncus,钩幽灵蛛,,,,,,,no_image
15035,Pholcus huapingensis,华坪幽灵蛛,,,,,,,no_image
15015,Pholcus liui,刘氏幽灵蛛,,,,,,,no_image
15097,Pholcus taishan,泰山幽灵蛛,,,,,,,no_image
15217,Pholcus paralinzhou,副林州幽灵蛛,,,,,,,no_image
148276,Pholiota elongatipes,长柄鳞伞,,,,,,,no_image
15216,Pholcus yi,翼幽灵蛛,,,,,,,no_image
115785,Pholidota missionariorum,尖叶石仙桃,,,,,,,no_image
148296,Pholiota kodiakensis,科迪亚克鳞伞,,,,,,,no_image
148316,Pholiota olympiana,奥林匹亚鱗伞,,,,,,,no_image
148256,Pholiota aurivella,,,,,,,,no_image
148336,Pholiota squarrosipes,尖鳞伞,,,,,,,no_image
148356,Pholiota vinaceobrunnea,酒红褐鳞伞,,,,,,,no_image
133638,Phoma persicae,,,,,,,,no_image
133618,Phoma cryptostegiae,,,,,,,,no_image
141367,Phomopsis acaciicola,,,,,,,,no_image
141407,Phomopsis heveicola,,,,,,,,no_image
141387,Phomopsis crustosa,,,,,,,,no_image
141447,Phomopsis punicicola,,,,,,,,no_image
141427,Phomopsis mauritiana,,,,,,,,no_image
58485,Phora lacunifera,凹叶蚤蝇,,,,,,,no_image
141467,Phomopsis vaccinii,,,,,,,,no_image
58505,Phorbia longipilis,长毛草种绳,,,,,,,no_image
58526,Phorinia convexa,拱叶蚤寄蝇,,,,,,,no_image
58554,Phortica eparmata,盾茎伏果蝇,,,,,,,no_image
58614,Phortica tau,双基伏果蝇,,,,,,,no_image
115832,Photinia tsaii,福贡石楠,,,,,,,no_image
11457,Phoroncidia alishanensis,阿里山锥蛛,,,,,,,no_image
58594,Phortica pavriarista,端小伏果蝇,,,,,,,no_image
58574,Phortica huazhii,化志伏果蝇,,,,,,,no_image
115799,Photinia chingiana,宜山石楠,,,,,,,no_image
58635,Photoscotosia antitypa,白星幅尺蛾,,,,,,,no_image
58657,Photoscotosia leechi,云纹幅尺蛾,,,,,,,no_image
153383,Phragmidium assamense,阿萨姆多胞锈菌,,,,,,,no_image
153403,Phragmidium imitans,,,,,,,,no_image
153423,Phragmidium rubi-eucalypti,桉叶悬钩子多胞锈菌,,,,,,,no_image
58678,Photoscotosia scrobifasciaria,凹中带幅尺蛾,,,,,,,no_image
58714,Phraortes longshengensis,龙胜皮䗛,,,,,,,no_image
144558,Phragmitensis marina,,,,,,,,no_image
58694,Phraortes brevipes,短足皮䗛,,,,,,,no_image
58734,Phratora cuiae,崔氏弗叶甲,,,,,,,no_image
115840,Phreatia morii,大馥兰,,,,,,,no_image
58771,Phronia lochmocola,栖灌巧菌蚊,,,,,,,no_image
115848,Phrynium rheedei,柊叶,,,,,,,no_image
58822,Phthitia pteremoides,翼中突小粪蝇,,,,,,,no_image
79784,Phrynocephalus melanurus,黑腹沙蜥,,,,,,,no_image
58786,Phryganogryllacris brevixipha,短瓣杆蟋螽,,,,,,,no_image
58806,Phthina bibarra,棒霉网蛾,,,,,,,no_image
144278,Phyllachora africana,,,,,,,,no_image
11491,Phycosoma diaoluo,吊罗藻蛛,,,,,,,no_image
144298,Phyllachora coicis,,,,,,,,no_image
144338,Phyllachora marisci-sieberiani,,,,,,,,no_image
144318,Phyllachora ficuum,,,,,,,,no_image
144378,Phyllachora xylostei,,,,,,,,no_image
144358,Phyllachora quadrospora,,,,,,,,no_image
138112,Phyllactinia elsholtziae,,,,,,,,no_image
115895,Phyllanthus leptoclados,细枝叶下珠,,,,,,,no_image
115871,Phyllanthodendron breynioides,龙州珠子木,,,,,,,no_image
138132,Phyllactinia roboris,,,,,,,,no_image
8928,Phyllhermannia truncata,截叶赫甲螨,,,,,,,no_image
10650,Phyllocoptes eulophiae,,,,,,,,no_image
115919,Phyllodon glossoides,锐齿叶齿藓,,,,,,,no_image
10198,Phyllocoptes pyrivagrans,,,,,,,,no_image
115933,Phyllolobium milingense,米林蔓黄芪,,,,,,,no_image
58852,Phyllodesma neadequata,白斑榆枯叶蛾,,,,,,,no_image
9984,Phyllocoptruta oleivora,,,,,,,,no_image
58869,Phyllomya formosana,台湾驼寄蝇,,,,,,,no_image
58889,Phyllomyza leioipalpa,平须真叶蝇,,,,,,,no_image
150481,Phylloporia bibulosa,,,,,,,,no_image
149221,Phylloporus parvisporus,小孢褶孔菌,,,,,,,no_image
79804,Phylloscopus burkii,金眶鹟莺,,,,,,,no_image
79839,Phylloscopus intermedius,白眶鹟莺,,,,,,,no_image
79869,Phylloscopus trochiloides,暗绿柳莺,,,,,,,no_image
115954,Phyllostachys carnea,湖南刚竹,,,,,,,no_image
115979,Phyllostachys lofushanensis,大节刚竹,,,,,,,no_image
116001,Phyllostachys rutila,衢县红壳竹,,,,,,,no_image
131875,Phyllosticta ailanthi,,,,,,,,no_image
131935,Phyllosticta cymbidii,,,,,,,,no_image
131915,Phyllosticta circumscissa,,,,,,,,no_image
131955,Phyllosticta fallopiae,,,,,,,,no_image
131895,Phyllosticta bolleana,,,,,,,,no_image
132015,Phyllosticta nicotianae,,,,,,,,no_image
131975,Phyllosticta hederacea,,,,,,,,no_image
132035,Phyllosticta pisi,,,,,,,,no_image
131995,Phyllosticta ludwigiae,,,,,,,,no_image
132055,Phyllosticta ruborum,,,,,,,,no_image
148599,Phyllotus unguicularis,,,,,,,,no_image
58920,Phymatodes sinensis,,,,,,,,no_image
132075,Phyllosticta theacearum,,,,,,,,no_image
147750,Physalacria maipoensis,,,,,,,,no_image
144562,Physalospora smilacis,,,,,,,,no_image
116040,Physcomitrium eurystomum,红蒴立碗藓,,,,,,,no_image
135378,Physconia peridiosa,亚灰大孢蜈蚣衣,,,,,,,no_image
135348,Physcia integrata,下黑蜈蚣衣,,,,,,,no_image
79891,Physiculus yoshidae,黑唇小褐鳕,,,,,,,no_image
153342,Physopella meibomiae,,,,,,,,no_image
58950,Physocephala chiahensis,辽宁叉芒眼蝇,,,,,,,no_image
116054,Physochlaina macrocalyx,长萼脬囊草,,,,,,,no_image
58991,Phytocoris loriae,赤条植盲蝽,,,,,,,no_image
58972,Phytobia diversata,异斑菲潜蝇,,,,,,,no_image
59011,Phytocoris wudingensis,武定植盲蝽,,,,,,,no_image
116069,Phytolacca acinosa,商陆,,,,,,,no_image
9470,Phytoptus potentillae,,,,,,,,no_image
59048,Phytomyza plantaginis,矮小植潜蝇,,,,,,,no_image
79896,Pica pica,欧亚喜鹊,,,,,,,no_image
116103,Picea schrenkiana,雪岭云杉,,,,,,,no_image
4657,Picrocerus armatus,武装苦蟹,,,,,,,no_image
59094,Pidonia alsophila,,,,,,,,no_image
59134,Pidonia hamifera,,,,,,,,no_image
59114,Pidonia compta,,,,,,,,no_image
59154,Pidonia obfuscata,暗背驼花天牛,,,,,,,no_image
59174,Pidonia similis,斑胸驼花天牛,,,,,,,no_image
59194,Pieris brassicae,欧洲粉蝶,,,,,,,no_image
59232,Pieris venata,维纳粉蝶,,,,,,,no_image
116133,Pilea aquarum,湿生冷水花,,,,,,,no_image
116210,Pilea peploides,矮冷水花,,,,,,,no_image
116158,Pilea gongjueensis,贡觉冷水花,,,,,,,no_image
116188,Pilea matsudae,细尾冷水花,,,,,,,no_image
116235,Pilea subedentata,小齿冷水花,,,,,,,no_image
148808,Piloderma bicolor,,,,,,,,no_image
153460,Pileolaria toxicodendri,,,,,,,,no_image
116255,Pilosella procera,棕毛细毛菊,,,,,,,no_image
12053,Pimoa wanglangensis,王朗派模蛛,,,,,,,no_image
2359,Pilumnus scabriusculus,粗糙毛刺蟹,,,,,,,no_image
116278,Pimpinella liana,景东茴芹,,,,,,,no_image
116300,Pinalia acervata,钝叶苹兰,,,,,,,no_image
11291,Pinelema lizhuang,里壮平莱蛛,,,,,,,no_image
11321,Pinelema bella,美丽平莱蛛,,,,,,,no_image
59244,Pinalitus nigriceps,黑头松盲蝽,,,,,,,no_image
11292,Pinelema zhewang,者王平莱蛛,,,,,,,no_image
59258,Pingasa rufofasciata,红带粉尺蛾,,,,,,,no_image
116343,Pinnatella makinoi,东亚羽枝藓,,,,,,,no_image
116354,Pinus caribaea,加勒比松,,,,,,,no_image
4619,Pinnotheres pilulus,球豆蟹,,,,,,,no_image
116383,Pinus parviflora,日本五针松,,,,,,,no_image
116430,Piper flaviflorum,黄花胡椒,,,,,,,no_image
116472,Piper senporeiense,斜叶蒟,,,,,,,no_image
116346,Pinus ×,马尾黄山松,,,,,,,no_image
116452,Piper mischocarpum,柄果胡椒,,,,,,,no_image
59292,Pipizella mongolorum,蒙古斜额蚜蝇,,,,,,,no_image
156076,Piptocephalis freseniana,,,,,,,,no_image
79946,Pipistrellus javanicus,爪哇伏翼,,,,,,,no_image
16413,Piratula meridionalis,南方小水狼蛛,,,,,,,no_image
12481,Pireneitega major,大拟隙蛛,,,,,,,no_image
2921,Pisidia serratifrons,锯额豆瓷蟹,,,,,,,no_image
401,Pitar knudseni,努氏条纹卵蛤,,,,,,,no_image
116522,Pistia stratiotes,大薸,,,,,,,no_image
59312,Pithitis smaragdula,绿芦蜂,,,,,,,no_image
116575,Pittosporum perryanum,缝线海桐,,,,,,,no_image
116547,Pittosporum illicioides,海金子,,,,,,,no_image
133375,Pithomyces saccharicola,,,,,,,,no_image
59315,Placaciura alacris,亚布楔实蝇,,,,,,,no_image
5146,Placothuria ohshimai,大岛板海参,,,,,,,no_image
59331,Plaesius bengalensis,孟加拉大阎甲,,,,,,,no_image
116616,Plagiochila arbuscula,树形羽苔,,,,,,,no_image
116679,Plagiochila pseudorenitens,尖齿羽苔,,,,,,,no_image
116637,Plagiochila devexa,小叶羽苔,,,,,,,no_image
116699,Plagiochila zangii,臧氏羽苔,,,,,,,no_image
116659,Plagiochila junghuhniana,容氏羽苔,,,,,,,no_image
59349,Plagiomerus magniclavus,大棒四索跳小蜂,,,,,,,no_image
59358,Plagiophorus serratus,,,,,,,,no_image
116737,Plagiorhegma dubium,鲜黄连,,,,,,,no_image
59350,Plagionotus bisbifasciatus,,,,,,,,no_image
116756,Plagiothecium neckeroideum,扁平棉藓,,,,,,,no_image
2829,Planes major,大漂浮蟹,,,,,,,no_image
59374,Plagiozopelma luchunanum,绿春基刺长足虻,,,,,,,no_image
59399,Planososibia brevialata,短翅平健䗛,,,,,,,no_image
59415,Plastus formosae,,,,,,,,no_image
116787,Plantago lagocephala,毛瓣车前,,,,,,,no_image
116805,Platanthera brevicalcarata,短距舌唇兰,,,,,,,no_image
116825,Platanthera japonica,舌唇兰,,,,,,,no_image
116848,Platanthera orbicularis,圆唇舌唇兰,,,,,,,no_image
116868,Platanthera zijinensis,紫金舌唇兰,,,,,,,no_image
12287,Platocoelotes luoi,罗氏宽隙蛛,,,,,,,no_image
18565,Plationus patulus,十指扁甲轮虫,,,,,,,no_image
59445,Platycephala guizhouensis,贵州宽头秆蝇,,,,,,,no_image
59481,Platycheirus urakawensis,乌拉宽跗蚜蝇,,,,,,,no_image
13647,Plator yunlong,云龙扁蛛,,,,,,,no_image
59461,Platycheirus altotibeticus,西藏宽跗蚜蝇,,,,,,,no_image
59499,Platycorynus coeruleicollis,蓝胸扁角肖叶甲,,,,,,,no_image
59521,Platycorynus sulcus,凹股扁角肖叶甲,,,,,,,no_image
59560,Platygerrhus scutellatus,黑小蠹璞金小蜂,,,,,,,no_image
59539,Platydracus inornatus,,,,,,,,no_image
116897,Platyhypnidium riparioides,平灰藓,,,,,,,no_image
4019,Platynereis sinica,中华阔沙蚕,,,,,,,no_image
59620,Platypalpus hebeiensis,河北平须舞虻,,,,,,,no_image
59575,Platylister suturalis,缝长卵阎甲,,,,,,,no_image
59600,Platypalpus bomiensis,波密平须舞虻,,,,,,,no_image
59641,Platypalpus xiaowutaiensis,小五台平须舞虻,,,,,,,no_image
256,Platypodia granulosa,颗粒扁足蟹,,,,,,,no_image
79988,Platysmacheilus nudiventris,裸腹片唇&#x0000E068;,,,,,,,no_image
79992,Platysternon peguense,缅甸平胸龟,,,,,,,no_image
14587,Platythomisus xiandao,先导扁蟹蛛,,,,,,,no_image
59728,Plecia verruca,毛瘤襀毛蚊,,,,,,,no_image
80028,Plectranthias winniensis,红斑棘花鮨,,,,,,,no_image
80013,Plectorhinchus vittatus,条斑胡椒鲷,,,,,,,no_image
140882,Plectania protracta,,,,,,,,no_image
59708,Plecia chinensis,中国襀毛蚊,,,,,,,no_image
116957,Pleione maculata,秋花独蒜兰,,,,,,,no_image
80046,Plegadis falcinellus,彩鹮,,,,,,,no_image
116930,Pleioblastus solidus,实心苦竹,,,,,,,no_image
80061,Plestiodon takarai,钓鱼岛石龙子,,,,,,,no_image
17237,Pleuropsolus micrococcus,小球侧茎吸虫,,,,,,,no_image
138140,Pleochaeta polychaeta,,,,,,,,no_image
59739,Plesiochrysa marcida,单斑波草蛉,,,,,,,no_image
146894,Pleuroflammula flammea,,,,,,,,no_image
147841,Pleurotus flabellatus,,,,,,,,no_image
147821,Pleurotus albellus,白侧耳,,,,,,,no_image
116992,Pleurospermum tripartitum,三深裂棱子芹,,,,,,,no_image
147861,Pleurotus petaloides,,,,,,,,no_image
59759,Plocia notata,,,,,,,,no_image
13177,Plexippoides regiusoides,类王拟蝇虎,,,,,,,no_image
140300,Plicaria planchonis,,,,,,,,no_image
116995,Pleurozia acinosa,南亚紫叶苔,,,,,,,no_image
117011,Plumbago auriculata,蓝花丹,,,,,,,no_image
143303,Pluricellaesporites informis,,,,,,,,no_image
147892,Pluteus cervinus,灰光栖菇,,,,,,,no_image
117070,Poa falconeri,福克纳早熟禾,,,,,,,no_image
147912,Pluteus lutescens,淡黄光柄菇,,,,,,,no_image
147932,Pluteus semibulbosus,,,,,,,,no_image
14076,Pocadicnemis juncea,连双环蛛,,,,,,,no_image
117025,Poa albertii,阿拉套早熟禾,,,,,,,no_image
117132,Poa sikkimensis,锡金早熟禾,,,,,,,no_image
117098,Poa nankoensis,南湖大山早熟禾,,,,,,,no_image
59776,Podismopsis angustipennis,狭翅跃度蝗,,,,,,,no_image
1838,Podocatactes hamifer,钩足击蟹,,,,,,,no_image
151115,Podoscypha fulvonitens,,,,,,,,no_image
117186,Podranea ricasoliana,非洲凌霄,,,,,,,no_image
144481,Podospora hyalopilosa,,,,,,,,no_image
138153,Podosphaera fusca,,,,,,,,no_image
80117,Poecilopsetta plinthus,双斑瓦鲽,,,,,,,no_image
117199,Pogonatum japonicum,东北小金发藓,,,,,,,no_image
59812,Poecilosomella ornata,饰星小粪蝇,,,,,,,no_image
19167,Pogonognathellus heterochros,,,,,,,,no_image
117227,Pogostemon fraternus,小刺蕊草,,,,,,,no_image
117249,Pohlia cavaleriei,贵州丝瓜藓,,,,,,,no_image
117271,Pohlia proligera,卵蒴丝瓜藓,,,,,,,no_image
59861,Poliosia brunnea,棕灰苔蛾,,,,,,,no_image
59851,Polietes hirticrura,毛胫直脉蝇,,,,,,,no_image
59900,Pollenomyia sinensis,中华粉腹丽蝇,,,,,,,no_image
59832,Polia bombycina,蒙灰夜蛾,,,,,,,no_image
59880,Polleniopsis deqingensis,德钦拟粉蝇,,,,,,,no_image
59906,Polycaena princeps,第一小蚬蝶,,,,,,,no_image
117302,Polyalthia yingjiangensis,盈江暗罗,,,,,,,no_image
117316,Polygala carnosicaulis,肉茎远志,,,,,,,no_image
154780,Polycystis occulta,,,,,,,,no_image
117369,Polygonatum acuminatifolium,五叶黄精,,,,,,,no_image
117347,Polygala lijiangensis,丽江远志,,,,,,,no_image
117411,Polygonatum qinghaiense,青海黄精,,,,,,,no_image
117389,Polygonatum hookeri,独花黄精,,,,,,,no_image
80129,Polyipnus nuttingi,短棘烛光鱼,,,,,,,no_image
117428,Polygonum fusco-ochreatum,褐鞘萹蓄,,,,,,,no_image
80135,Polymetme elongata,长刀光鱼,,,,,,,no_image
2919,Polyonyx biunguiculatus,双爪多指瓷蟹,,,,,,,no_image
59949,Polypedilum asakawaense,浅川多足摇蚊,,,,,,,no_image
59969,Polypedilum depile,裸瓣多足摇蚊,,,,,,,no_image
59989,Polypedilum mengmanense,勐满三突多足摇蚊,,,,,,,no_image
60009,Polypedilum surugense,细铗多足摇蚊,,,,,,,no_image
117452,Polypodiodes amoena,,,,,,,,no_image
151642,Polyporus augustus,,,,,,,,no_image
151662,Polyporus costatus,,,,,,,,no_image
151682,Polyporus heteromorphus,,,,,,,,no_image
151722,Polyporus passerinus,,,,,,,,no_image
151702,Polyporus mastoporus,,,,,,,,no_image
151742,Polyporus rugiceps,,,,,,,,no_image
151762,Polyporus subperennis,近多年生多孔菌,,,,,,,no_image
151782,Polyporus yuananensis,远安多孔菌,,,,,,,no_image
117497,Polystichum assurgentipinnum,上斜刀羽耳蕨,,,,,,,no_image
117517,Polystichum chunii,陈氏耳蕨,,,,,,,no_image
117478,Polyspora chrysandra,黄药大头茶,,,,,,,no_image
117557,Polystichum gejiuense,个旧耳蕨,,,,,,,no_image
117537,Polystichum diffundens,铺散耳蕨,,,,,,,no_image
117577,Polystichum incisopinnulum,深裂耳蕨,,,,,,,no_image
117597,Polystichum liboense,荔波耳蕨,,,,,,,no_image
117617,Polystichum membranifolium,膜叶耳蕨,,,,,,,no_image
117637,Polystichum oblanceolatum,倒披针耳蕨,,,,,,,no_image
117657,Polystichum perpusillum,极小耳蕨,,,,,,,no_image
117677,Polystichum rectum,直角羽耳蕨,,,,,,,no_image
117697,Polystichum sinense,中华耳蕨,,,,,,,no_image
117717,Polystichum thomsonii,尾叶耳蕨,,,,,,,no_image
117738,Polystichum yigongense,易贡耳蕨,,,,,,,no_image
117743,Polytoca digitata,多裔草,,,,,,,no_image
150502,Polystictus passerinus,,,,,,,,no_image
60073,Polyzonus auroviridis,,,,,,,,no_image
117756,Polytrichastrum xanthopilum,黄尖拟金发藓,,,,,,,no_image
60093,Polyzonus trocolii,,,,,,,,no_image
80167,Pomacentrus nigromarginatus,黑缘雀鲷,,,,,,,no_image
80183,Pomatorhinus ferruginosus,红嘴钩嘴鹛,,,,,,,no_image
117798,Ponerorchis parciflora,少花无柱兰,,,,,,,no_image
117776,Ponerorchis compacta,川西兜被兰,,,,,,,no_image
5608,Pontodora pelagica,游须蚕,,,,,,,no_image
117853,Populus canescens,银灰杨,,,,,,,no_image
117818,Pongamia macrostachya,大穗水黄皮,,,,,,,no_image
117913,Populus simonii,小叶杨,,,,,,,no_image
117886,Populus manshurica,热河杨,,,,,,,no_image
117967,Porella densifolia,密叶光萼苔,,,,,,,no_image
117943,Porandra ramosa,孔药花,,,,,,,no_image
117995,Porella planifolia,平叶光萼苔,,,,,,,no_image
151791,Poria lurida,褐黄卧孔菌,,,,,,,no_image
137518,Porina epiphylla,叶表污核衣,,,,,,,no_image
137538,Porina subrubrosphaera,,,,,,,,no_image
60116,Porocallus ligo,,,,,,,,no_image
118026,Porphyra monosporangia,单孢紫菜,,,,,,,no_image
80215,Poromitra oscitans,小眼犀孔鲷,,,,,,,no_image
136744,Porpidia albocaerulescens,,,,,,,,no_image
80222,Poropuntius krempfi,河口吻孔鲃,,,,,,,no_image
118039,Portulaca oleracea,马齿苋,,,,,,,no_image
60145,Porthesia virguncula,黑栉盗毒蛾,,,,,,,no_image
13951,Porrhoclubiona viridula,绿栅管巢蛛,,,,,,,no_image
9,Portunus tenuipes,细足梭子蟹,,,,,,,no_image
150858,Postia tephroleuca,灰白泊氏孔菌,,,,,,,no_image
118050,Potamogeton friesii,弗里斯眼子菜,,,,,,,no_image
60163,Potanthus pallidus,淡色黄室弄蝶,,,,,,,no_image
118095,Potentilla crenulata,圆齿委陵菜,,,,,,,no_image
118126,Potentilla jiaozishanensis,轿子山委陵菜,,,,,,,no_image
118190,Potentilla xizangensis,西藏委陵菜,,,,,,,no_image
118154,Potentilla potaninii,华西委陵菜,,,,,,,no_image
118201,Pourthiaea amphidoxa,毛萼石楠,,,,,,,no_image
60185,Pothyne obliquetruncata,,,,,,,,no_image
118227,Pourthiaea tomentosa,绒果石楠,,,,,,,no_image
80233,Praealticus tanegasimae,种子岛矮冠鳚,,,,,,,no_image
118254,Prasiola volcania,火山溪菜,,,,,,,no_image
15342,Prethopalpus hainanensis,海南扁肢蛛,,,,,,,no_image
60230,Primnoa cavicerca,凹须翘尾蝗,,,,,,,no_image
118263,Premna fohaiensis,勐海豆腐柴,,,,,,,no_image
118289,Premna rubroglandulosa,红腺豆腐柴,,,,,,,no_image
118311,Primula alsophila,蔓茎报春,,,,,,,no_image
118358,Primula centellifolia,积雪草叶报春,,,,,,,no_image
118333,Primula bomiensis,波密脆蒴报春,,,,,,,no_image
118379,Primula coerulea,蓝花大叶报春,,,,,,,no_image
118402,Primula dumicola,灌丛报春,,,,,,,no_image
118448,Primula graminifolia,禾叶报春,,,,,,,no_image
118469,Primula interjacens,景东报春,,,,,,,no_image
118539,Primula muscarioides,麝草报春,,,,,,,no_image
118515,Primula malvacea,葵叶报春,,,,,,,no_image
118425,Primula fenghwaiana,封怀报春,,,,,,,no_image
118565,Primula pauliana,总序报春,,,,,,,no_image
118493,Primula leptophylla,薄叶长柄报春,,,,,,,no_image
118588,Primula pulverulenta,粉被灯台报春,,,,,,,no_image
118632,Primula sinomollis,华柔毛报春,,,,,,,no_image
118609,Primula rupicola,黄粉缺裂报春,,,,,,,no_image
118656,Primula tardiflora,晚花报春,,,,,,,no_image
118700,Primula woodwardii,岷山报春,,,,,,,no_image
118679,Primula veitchiana,川西繸瓣报春,,,,,,,no_image
118746,Primulina confertiflora,密小花苣苔,,,,,,,no_image
118720,Primulina aureipurpurea,金玺报春苣苔,,,,,,,no_image
118766,Primulina fangdingii,方鼎报春苣苔,,,,,,,no_image
118791,Primulina guigangensis,贵港报春苣苔,,,,,,,no_image
118815,Primulina jinyu,金鱼报春苣苔,,,,,,,no_image
118835,Primulina liguliformis,舌柱报春苣苔,,,,,,,no_image
118860,Primulina lutvittata,黄纹报春苣苔,,,,,,,no_image
118880,Primulina nana,玲珑报春苣苔,,,,,,,no_image
118902,Primulina polycephala,多莛报春苣苔,,,,,,,no_image
118923,Primulina roseoalba,粉花报春苣苔,,,,,,,no_image
118973,Primulina wuae,吴氏报春苣苔,,,,,,,no_image
118948,Primulina subulata,钻丝小花苣苔,,,,,,,no_image
80251,Prinia hodgsonii,灰胸山鹪莺,,,,,,,no_image
60251,Priochirus parvicornis,,,,,,,,no_image
60265,Prionispa opacipennis,暗鞘楔铁甲,,,,,,,no_image
60278,Prionomitus tiliaris,,,,,,,,no_image
60295,Prionus puae,,,,,,,,no_image
13992,Pristidia ramosa,多枝锯蛛,,,,,,,no_image
18511,Proales doliaris,桶状前翼轮虫,,,,,,,no_image
60314,Proanoplomus yunnanensis,云南中横实蝇,,,,,,,no_image
60359,Procladius imicola,伊米前突摇蚊,,,,,,,no_image
80295,Procapra picticaudata,藏原羚,,,,,,,no_image
60339,Prociphilus bumiliae,蜡树卷叶绵蚜,,,,,,,no_image
118996,Procris crenata,藤麻,,,,,,,no_image
60393,Prodasineura nigra,黑微桥原蟌,,,,,,,no_image
60449,Pronomaea taiwanensis,,,,,,,,no_image
80302,Prognichthys brevipinnis,短鳍真燕鳐(短鳍燕飞鱼),,,,,,,no_image
60418,Prolygus kirkaldyi,柯氏始丽盲蝽,,,,,,,no_image
119003,Pronephrium lakhimpurense,红色新月蕨,,,,,,,no_image
60438,Promachus pallipennis,帕叉胫食虫虻,,,,,,,no_image
60486,Prosciara hemicrypta,半隐首眼蕈蚊,,,,,,,no_image
60457,Propsilocerus sinicus,中华裸须摇蚊,,,,,,,no_image
119020,Prosaptia nutans,俯垂穴子蕨,,,,,,,no_image
60504,Prosemanotus elongatus,,,,,,,,no_image
60526,Prosodes zarudenyi,中亚侧琵甲,,,,,,,no_image
17141,Prosorhynchus bagarii,魾前吻吸虫,,,,,,,no_image
60544,Prospalta siderea,聚星普夜蛾,,,,,,,no_image
17285,Prosthodendrium dinanatum,迪拉前腺吸虫,,,,,,,no_image
17052,Prosthogonimus opisthorchis,后睾前殖吸虫,,,,,,,no_image
3402,Proterato pura,纯洁原爱神螺,,,,,,,no_image
19384,Protaphorura jiaoheensis,,,,,,,,no_image
60587,Prothoe franck,璞蛱蝶,,,,,,,no_image
60604,Protocypus felis,,,,,,,,no_image
60621,Protohermes basimaculatus,基斑星齿蛉,,,,,,,no_image
80315,Protobothrops jerdonii,菜花原矛头蝮,,,,,,,no_image
60661,Protohermes yangi,杨氏星齿蛉,,,,,,,no_image
144912,Protomyces macrosporus,大柄原囊菌,,,,,,,no_image
60677,Protopiophila contecta,潜原酪蝇,,,,,,,no_image
60641,Protohermes horni,赫氏星齿蛉,,,,,,,no_image
6553,Protosuberites rugosus,皱纹原皮海绵,,,,,,,no_image
119036,Prunus armeniaca,杏,,,,,,,no_image
119070,Prunus dielsiana,尾叶樱桃,,,,,,,no_image
60707,Proxylocopa pavlovskyi,巴氏原木蜂,,,,,,,no_image
119093,Prunus humilis,欧李,,,,,,,no_image
119180,Prunus tianshanica,天山樱桃,,,,,,,no_image
119148,Prunus rufa,红毛樱桃,,,,,,,no_image
119120,Prunus mongolica,蒙古扁桃,,,,,,,no_image
119202,Prunus zhengheensis,政和杏,,,,,,,no_image
3865,Psammotellina ambigua,疑紫蛤,,,,,,,no_image
145505,Psalliota campestris,,,,,,,,no_image
7263,Psammocora contigua,毗邻沙珊瑚,,,,,,,no_image
148038,Psathyrella caudata,尾状小脆柄菇,,,,,,,no_image
148078,Psathyrella pennata,赭褐小脆柄菇,,,,,,,no_image
148098,Psathyrella squamosa,鳞小脆柄菇,,,,,,,no_image
13626,Psechrus ghecuanus,泰褛网蛛,,,,,,,no_image
148058,Psathyrella incerta,,,,,,,,no_image
60743,Psectrocladius longipennis,长铗刀突摇蚊,,,,,,,no_image
60762,Pselaphodes condylus,,,,,,,,no_image
60782,Pselaphodes jizushanus,,,,,,,,no_image
60802,Pselaphodes songxiaobini,,,,,,,,no_image
60822,Pselaphoykodes taiwanense,,,,,,,,no_image
60841,Pselliophora lauta,华美比栉大蚊,,,,,,,no_image
80369,Psettina gigantea,长鳒鲆,,,,,,,no_image
80374,Pseudaesopia japonica,日本拟鳎,,,,,,,no_image
80393,Pseudanthias thompsoni,汤氏拟花鮨,,,,,,,no_image
60894,Pseudanaesthetis langana,,,,,,,,no_image
60878,Pseudalosterna discalis,,,,,,,,no_image
60909,Pseudasphondylia zanthoxyli,花椒伪安瘿蚊,,,,,,,no_image
80400,Pseudecheneis paucipunctatus,少斑褶&#x0000E065;,,,,,,,no_image
119227,Pseuderanthemum shweliense,瑞丽山壳骨,,,,,,,no_image
13285,Pseudicius courtauldi,考氏拟伊蛛,,,,,,,no_image
119230,Pseudoarabidopsis toxophylla,假鼠耳芥,,,,,,,no_image
80425,Pseudobagrus taeniatus,条纹拟鲿,,,,,,,no_image
60958,Pseudobironium fujianum,,,,,,,,no_image
119240,Pseudocaryopteris bicolor,香莸,,,,,,,no_image
80434,Pseudobrama simoni,似鳊,,,,,,,no_image
132835,Pseudocercospora araliae,,,,,,,,no_image
132855,Pseudocercospora boehmeriigena,,,,,,,,no_image
60984,Pseudocalamobius yunnanus,,,,,,,,no_image
132875,Pseudocercospora cavarae,,,,,,,,no_image
132815,Pseudocercospora agarwalii,,,,,,,,no_image
132895,Pseudocercospora colocasiae,,,,,,,,no_image
132915,Pseudocercospora cylindrosporioides,,,,,,,,no_image
132935,Pseudocercospora ehretiae-thyrsiflorae,,,,,,,,no_image
132955,Pseudocercospora formosana,,,,,,,,no_image
133035,Pseudocercospora mete,,,,,,,,no_image
132975,Pseudocercospora hedychii,,,,,,,,no_image
132995,Pseudocercospora jujubae,,,,,,,,no_image
133015,Pseudocercospora lonicerae,忍冬假尾孢,,,,,,,no_image
133075,Pseudocercospora persicariae,,,,,,,,no_image
133055,Pseudocercospora nigricans,,,,,,,,no_image
133135,Pseudocercospora sophorae,槐假尾孢,,,,,,,no_image
133115,Pseudocercospora rhoina,,,,,,,,no_image
133095,Pseudocercospora protensa,,,,,,,,no_image
133175,Pseudocercospora variicolor,,,,,,,,no_image
133195,Pseudocercosporella scirpi,,,,,,,,no_image
133155,Pseudocercospora tagetis-erectae,,,,,,,,no_image
61001,Pseudochromaphis coreanus,刺榆伪黑斑蚜,,,,,,,no_image
61004,Pseudococcus citriculus,橘小粉蚧,,,,,,,no_image
10345,Pseudocolopodacus aglaiae,,,,,,,,no_image
2475,Pseudocryptochirus hongkonggensis,香港假隐螯蟹,,,,,,,no_image
119288,Pseudocyclosorus jijiangensis,綦江假毛蕨,,,,,,,no_image
119308,Pseudocyclosorus tylodes,假毛蕨,,,,,,,no_image
61036,Pseudoechthistatus acutipennis,,,,,,,,no_image
6804,Pseudogaleomma japonica,假鼬眼蛤,,,,,,,no_image
61023,Pseudodendrothrips fumosus,灰伪棍蓟马,,,,,,,no_image
61062,Pseudofentonia mars,玛拟纷舟蛾,,,,,,,no_image
119320,Pseudognaphalium hypoleucum,秋鼠曲草,,,,,,,no_image
148603,Pseudohiatula stephanocystis,,,,,,,,no_image
143738,Pseudohalonectria lignicola,,,,,,,,no_image
119347,Pseudolysimachion pinnatum,羽叶穗花,,,,,,,no_image
61111,Pseudoligosita longicornis,长角伪寡赤眼蜂,,,,,,,no_image
61124,Pseudolophia melanura,,,,,,,,no_image
61091,Pseudoips fagana,饰夜蛾,,,,,,,no_image
61099,Pseudolathra pulchella,,,,,,,,no_image
61153,Pseudomallada carinata,脊背叉草蛉,,,,,,,no_image
61173,Pseudomallada hespera,和叉草蛉,,,,,,,no_image
61193,Pseudomallada punctilabris,麻唇叉草蛉,,,,,,,no_image
140656,Pseudombrophila merdaria,粪假雨盘菌,,,,,,,no_image
80504,Pseudonezumia cetonuropsis,大头拟奈氏鳕,,,,,,,no_image
61233,Pseudopelmatops nigricostalis,黑股拟突眼实蝇,,,,,,,no_image
2983,Pseudomma spinosum,全刺肓糠虾,,,,,,,no_image
13311,Pseudopoda anguilliformis,蛇形伪遁蛛,,,,,,,no_image
61248,Pseudoplandria chengkangensis,,,,,,,,no_image
119364,Pseudophegopteris pyrrhorhachis,紫柄蕨,,,,,,,no_image
61268,Pseudoplandria neglecta,,,,,,,,no_image
13464,Pseudopoda lacrimosa,泪滴伪遁蛛,,,,,,,no_image
13417,Pseudopoda shacunensis,沙村伪遁蛛,,,,,,,no_image
13397,Pseudopoda zixiensis,紫溪伪遁蛛,,,,,,,no_image
61289,Pseudopsis schuelkei,,,,,,,,no_image
1561,Pseudopythina tsurumaru,尖顶绒蛤,,,,,,,no_image
139724,Pseudorhizina sphaerospora,球孢假鹿花菌,,,,,,,no_image
61308,Pseudorientis gongga,,,,,,,,no_image
119392,Pseudosasa aeria,空心竹,,,,,,,no_image
61329,Pseudosmittia forcipata,三叉伪施密摇蚊,,,,,,,no_image
119416,Pseudosedum lievenii,合景天,,,,,,,no_image
143326,Pseudospiropes linderae,,,,,,,,no_image
119433,Pseudostellaria wuyishanensis,武夷山孩儿参,,,,,,,no_image
61358,Pseudostegana punctalata,褐点斑翅果蝇,,,,,,,no_image
61404,Psila lineata,线茎蝇,,,,,,,no_image
119446,Pseudotsuga brevifolia,短叶黄杉,,,,,,,no_image
61369,Pseudotermitoxenia nitobei,新渡秀蚤蝇,,,,,,,no_image
61388,Pseudoxyporus parajiulongus,,,,,,,,no_image
146711,Psilocybe polytrichi,多毛裸盖菇,,,,,,,no_image
146691,Psilocybe coronilla,,,,,,,,no_image
61419,Psilomerus suturalis,,,,,,,,no_image
61439,Psilopa quadratula,方形凸额水蝇,,,,,,,no_image
80559,Psittacula derbiana,大紫胸鹦鹉,,,,,,,no_image
80556,Psilorhynchus homaloptera,平鳍裸吻鱼,,,,,,,no_image
136484,Psora gresinonis,,,,,,,,no_image
119475,Psychotria fluviatilis,溪边九节,,,,,,,no_image
61511,Ptecticus sichangensis,新昌指突水虻,,,,,,,no_image
61478,Psychoda erminea,白须蛾蠓,,,,,,,no_image
61493,Psyllaephagus densiciliatus,,,,,,,,no_image
119519,Pteris austrotaiwanensis,南台湾凤尾蕨,,,,,,,no_image
61516,Pterallastes bomboides,蜂伪斜环蚜蝇,,,,,,,no_image
4470,Pteria penguin,企鹅珍珠贝,,,,,,,no_image
119551,Pteris fauriei,傅氏凤尾蕨,,,,,,,no_image
119681,Pterocarpus indicus,紫檀,,,,,,,no_image
119621,Pteris trifoliolata,三羽凤尾蕨,,,,,,,no_image
119577,Pteris longipinna,长叶凤尾蕨,,,,,,,no_image
119645,Pternopetalum leptophyllum,薄叶囊瓣芹,,,,,,,no_image
119700,Pterocladiella yinggehaiensis,莺歌海拟鸡毛菜,,,,,,,no_image
119599,Pteris pseudodactylina,假指状凤尾蕨,,,,,,,no_image
61527,Pterogenia eurysterna,广胸美翅广口蝇,,,,,,,no_image
61522,Pternoscirta sauteri,红翅踵蝗,,,,,,,no_image
61536,Pterolamia strandi,,,,,,,,no_image
61553,Pterolophia carinipennis,,,,,,,,no_image
61575,Pterolophia hongkongensis,,,,,,,,no_image
61598,Pterolophia obscuricolor,,,,,,,,no_image
61618,Pterolophia subtubericollis,,,,,,,,no_image
61635,Pteronarcys sachalina,萨哈林大(虫责),,,,,,,no_image
119718,Pterospermum yunnanense,云南翅子树,,,,,,,no_image
80639,Pterorhinus gularis,栗臀噪鹛,,,,,,,no_image
119734,Pterygoneurum subsessils,盐土藓,,,,,,,no_image
148127,Pterula grandis,大羽须瑚菌,,,,,,,no_image
2717,Pterygia sinensis,中华花生螺,,,,,,,no_image
61666,Ptilodon atrofusa,暗羽齿舟蛾,,,,,,,no_image
13211,Ptocasius thakkholaica,萨克兜跳蛛,,,,,,,no_image
119741,Ptilagrostis concinna,太白细柄茅,,,,,,,no_image
119756,Ptisana pellucida,合囊蕨,,,,,,,no_image
4441,Ptychobela salebra,粗糙摺塔螺,,,,,,,no_image
119769,Puccinellia arjinshanensis,阿尔金山碱茅,,,,,,,no_image
61708,Ptygonotus brachypterus,筱翅凹背蝗,,,,,,,no_image
119764,Ptychomitrium sinense,中华缩叶藓,,,,,,,no_image
119789,Puccinellia kurilensis,千岛碱茅,,,,,,,no_image
119809,Puccinellia shuanghuensis,双湖碱茅,,,,,,,no_image
153501,Puccinia adenophorae-verticillatae,,,,,,,,no_image
153521,Puccinia altissimorum,极高蓟柄锈,,,,,,,no_image
153541,Puccinia arrhenatheri,,,,,,,,no_image
153641,Puccinia changtuensis,昌都柄锈菌,,,,,,,no_image
153621,Puccinia caricis-lanceolatae,披针苔草柄锈,,,,,,,no_image
153561,Puccinia asprellae-japonicae,,,,,,,,no_image
153581,Puccinia bistortae,拳参柄锈菌,,,,,,,no_image
153601,Puccinia calumnata,头巾状柄锈菌,,,,,,,no_image
153661,Puccinia cnici,蓟柄锈菌,,,,,,,no_image
153681,Puccinia crepidis-montanae,高山还阳参柄锈菌,,,,,,,no_image
153701,Puccinia discolor,,,,,,,,no_image
153761,Puccinia gentianae,龙胆柄锈菌,,,,,,,no_image
153721,Puccinia eragrostidis,画眉草柄锈菌,,,,,,,no_image
153781,Puccinia hanyuenensis,汉源柄锈菌,,,,,,,no_image
153741,Puccinia ferruginea,锈色柄锈菌,,,,,,,no_image
153801,Puccinia himalensis,喜马拉雅柄锈,,,,,,,no_image
153821,Puccinia ipomoeae,,,,,,,,no_image
153841,Puccinia kusanoi,草野柄锈菌,,,,,,,no_image
153901,Puccinia malvacearum,锦葵柄锈菌,,,,,,,no_image
153881,Puccinia lineariformis,线形柄锈菌,,,,,,,no_image
153861,Puccinia latimamma,宽乳柄锈菌,,,,,,,no_image
153981,Puccinia panici-montani,山黍柄锈菌,,,,,,,no_image
153961,Puccinia ohsawaensis,大泽柄锈,,,,,,,no_image
153941,Puccinia nepetae,,,,,,,,no_image
153921,Puccinia mitriformis,僧帽状柄锈菌,,,,,,,no_image
154021,Puccinia polygoni-avicularis,,,,,,,,no_image
154001,Puccinia picridis,,,,,,,,no_image
154061,Puccinia rhei-undulati,大黄柄锈菌,,,,,,,no_image
154041,Puccinia prunicolor,,,,,,,,no_image
154081,Puccinia saussureae-ussuriensis,乌苏里野苦麻柄锈,,,,,,,no_image
154101,Puccinia septentrionalis,北方柄锈菌,,,,,,,no_image
154141,Puccinia striiformis,,,,,,,,no_image
154121,Puccinia smilacis-chinae,,,,,,,,no_image
154201,Puccinia velutina,毡毛柄锈,,,,,,,no_image
154161,Puccinia tenuis,细柄锈菌,,,,,,,no_image
154181,Puccinia tossoensis,山牛蒡柄锈,,,,,,,no_image
154221,Puccinia xanthifoliae,,,,,,,,no_image
154485,Pucciniastrum fagi,水青冈膨痂锈,,,,,,,no_image
119842,Pulicaria salviifolia,鼠尾蚤草,,,,,,,no_image
153348,Pucciniostele hashiokai,桥冈两型锈菌,,,,,,,no_image
4665,Pugettia minor,小型矶蟹,,,,,,,no_image
80715,Puntioplites falcifer,镰鲃鲤,,,,,,,no_image
61735,Pulvinaria durantae,连翘绵蜡蚧,,,,,,,no_image
119861,Pulsatilla patens,肾叶白头翁,,,,,,,no_image
3766,Punctacteon kajiyamai,宽带斑捻螺,,,,,,,no_image
17676,Pupilla turcmenica,图克虹蛹螺,,,,,,,no_image
61755,Purpuricenus montanus,,,,,,,,no_image
140679,Pustulina cupularis,,,,,,,,no_image
119881,Pycnolejeunea grandiocellata,大胞密鳞苔,,,,,,,no_image
61775,Pygophora digitata,指尾秽蝇,,,,,,,no_image
17268,Pycnoporus magnoporus,巨囊坚盘吸虫,,,,,,,no_image
61767,Pydnella rosacea,小皮舟蛾,,,,,,,no_image
61795,Pygophora unicolor,单色尾秽蝇,,,,,,,no_image
119914,Pylaisia levieri,丝灰藓,,,,,,,no_image
119944,Pyrenaria microcarpa,小果石笔木,,,,,,,no_image
134673,Pyrenula brunnea,,,,,,,,no_image
119930,Pyracantha inermis,澜沧火棘,,,,,,,no_image
134693,Pyrenula mastophora,,,,,,,,no_image
61812,Pyrestes curticornis,,,,,,,,no_image
6600,Pyrgoma cancellata,塔藤壶,,,,,,,no_image
150530,Pyropolyporus macgregorii,,,,,,,,no_image
151806,Pyrofomes demidoffii,德氏火木蹄孔菌,,,,,,,no_image
80779,Pyrrhula pyrrhula,红腹灰雀,,,,,,,no_image
119976,Pyrola rotundifolia,圆叶鹿蹄草,,,,,,,no_image
120006,Pyrrosia longifolia,南洋石韦,,,,,,,no_image
61859,Pyrrhia umbra,焰夜蛾,,,,,,,no_image
4141,Pyrunculus termachii,寺町梨螺,,,,,,,no_image
61862,Pythamus rufus,红纹片脊叶蝉,,,,,,,no_image
16742,Qiongthela wuzhi,五指琼蛛,,,,,,,no_image
12662,Qianlingula turbinata,陀螺黔舌蛛,,,,,,,no_image
6830,Quadroppia quadricarinata,四棱四奥甲螨,,,,,,,no_image
61929,Quedius chiangi,,,,,,,,no_image
61909,Quedius becvari,,,,,,,,no_image
144544,Quaternaria dissepta,,,,,,,,no_image
61949,Quedius duh,,,,,,,,no_image
61969,Quedius fen,,,,,,,,no_image
61989,Quedius hegesias,,,,,,,,no_image
62009,Quedius kabateki,,,,,,,,no_image
62049,Quedius meei,,,,,,,,no_image
62089,Quedius pian,,,,,,,,no_image
62029,Quedius laetepictus,,,,,,,,no_image
62069,Quedius ningxiaensis,,,,,,,,no_image
62129,Quedius subwrasei,,,,,,,,no_image
62149,Quedius utis,,,,,,,,no_image
62109,Quedius rubigo,,,,,,,,no_image
120066,Quercus austroglauca,滇南青冈,,,,,,,no_image
62169,Quedius yun,,,,,,,,no_image
120086,Quercus dinghuensis,鼎湖青冈,,,,,,,no_image
120106,Quercus hypophaea,绒毛青冈,,,,,,,no_image
120168,Quercus utilis,炭栎,,,,,,,no_image
120126,Quercus motuoensis,墨脱青冈,,,,,,,no_image
120146,Quercus schottkyana,滇青冈,,,,,,,no_image
62188,Quilta oryzae,稻稞蝗,,,,,,,no_image
62202,Rabdophaga terminalis,顶芽柳瘿蚊,,,,,,,no_image
62227,Rachicerus proximus,大林肋角虻,,,,,,,no_image
120180,Racomitrium laetum,多枝砂藓,,,,,,,no_image
120192,Radermachera pentandra,豇豆树,,,,,,,no_image
120210,Radula campanigera,钟萼扁萼苔,,,,,,,no_image
120230,Radula okamurana,厚角扁萼苔,,,,,,,no_image
3115,Raetellops rostralis,喙波纹蛤,,,,,,,no_image
136534,Ramalina asahinana,,,,,,,,no_image
136554,Ramalina litoralis,石生树花,,,,,,,no_image
136574,Ramalina subgeniculata,亚曲树花,,,,,,,no_image
149973,Ramaria fennica,芬兰枝瑚菌,,,,,,,no_image
149953,Ramaria brunneipes,棕顶丛枝瑚,,,,,,,no_image
149993,Ramaria incognita,,,,,,,,no_image
150013,Ramaria mutabilis,,,,,,,,no_image
145721,Ramariopsis biformis,二型拟技瑚菌,,,,,,,no_image
62261,Ramesa huaykaeoensis,圆顶枝舟蛾,,,,,,,no_image
133246,Ramularia lamii,,,,,,,,no_image
150033,Ramaria sandaracina,,,,,,,,no_image
133226,Ramularia concomitans,,,,,,,,no_image
133266,Ramularia plantaginea,,,,,,,,no_image
133206,Ramularia armoraciae,,,,,,,,no_image
62284,Ramulus chongxinense,崇信短角棒䗛,,,,,,,no_image
133286,Ramularia vogeliana,,,,,,,,no_image
62304,Ramulus interdentatus,间齿短角棒䗛,,,,,,,no_image
80815,Rana culaiensis,徂徕林蛙,,,,,,,no_image
120257,Ranunculus balangshanicus,巴朗山毛茛,,,,,,,no_image
62344,Ramulus versicolorus,花角短角棒䗛,,,,,,,no_image
62324,Ramulus nigrolineatus,黑线短角棒䗛,,,,,,,no_image
80835,Rana zhenhaiensis,镇海林蛙,,,,,,,no_image
120285,Ranunculus diffusus,铺散毛茛,,,,,,,no_image
120311,Ranunculus grandifolius,大叶毛茛,,,,,,,no_image
120344,Ranunculus limprichtii,纺锤毛茛,,,,,,,no_image
120369,Ranunculus muricatus,刺果毛茛,,,,,,,no_image
120419,Ranunculus similis,苞毛茛,,,,,,,no_image
120395,Ranunculus polyanthemos,多花毛茛,,,,,,,no_image
120446,Ranunculus uniradicatus,单根毛茛,,,,,,,no_image
80850,Rasbora dusonensis,黄尾波鱼,,,,,,,no_image
62373,Raparna roseata,红纹瑰夜蛾,,,,,,,no_image
80846,Raorchestes malipoensis,麻栗坡灌树蛙,,,,,,,no_image
154560,Ravenelia indigoferae,木蓝伞锈菌,,,,,,,no_image
80864,Rattus tanezumi,黄胸鼠,,,,,,,no_image
11984,Raveniola songi,宋氏雷文蛛,,,,,,,no_image
62407,Redoa gracilis,丽点足毒蛾,,,,,,,no_image
120497,Reevesia pycnantha,密花梭罗树,,,,,,,no_image
62395,Recticallis alnijaponicae,赤杨直斑蚜,,,,,,,no_image
120511,Rehderodendron macrocarpum,木瓜红,,,,,,,no_image
120530,Reissantia indica,扁蒴藤,,,,,,,no_image
148609,Resupinatus silvanus,,,,,,,,no_image
80892,Remora remora,短鮣,,,,,,,no_image
62457,Reticulitermes croceus,深黄散白蚁,,,,,,,no_image
80896,Repomucenus ornatipinnis,饰鳍斜棘[鱼衔],,,,,,,no_image
62437,Reticulitermes altus,高山散白蚁,,,,,,,no_image
62498,Reticulitermes longipennis,长翅散白蚁,,,,,,,no_image
62477,Reticulitermes guizhouensis,贵州散白蚁,,,,,,,no_image
62518,Reticulitermes pseudaculabialis,拟尖唇散白蚁,,,,,,,no_image
62538,Reticulitermes wuyishanensis,武夷山散白蚁,,,,,,,no_image
62574,Rhabdomastix omeina,峨眉棒大蚊,,,,,,,no_image
62554,Retipenna dasyphlebia,云南罗草蛉,,,,,,,no_image
62564,Reuterista unicolor,一色罗盲蝽,,,,,,,no_image
62585,Rhadinopsylla caiae,蔡氏纤蚤,,,,,,,no_image
80918,Rhabdophis tigrinus,虎斑颈槽蛇,,,,,,,no_image
6717,Rhachotropis oculata,大眼弯齿钩虾,,,,,,,no_image
62679,Rhagoletis reducta,忍冬绕实蝇,,,,,,,no_image
62613,Rhadinopsylla valenti,壮纤蚤,,,,,,,no_image
62638,Rhagio bisectus,双裂鹬虻,,,,,,,no_image
62658,Rhagio pseudasticta,有痣鹬虻,,,,,,,no_image
62687,Rhamnosa uniformoides,伪灰齿刺蛾,,,,,,,no_image
120603,Rhamnus gilgiana,川滇鼠李,,,,,,,no_image
120655,Rhamnus virgata,帚枝鼠李,,,,,,,no_image
120627,Rhamnus mongolica,蒙古鼠李,,,,,,,no_image
120692,Rhaphiolepis salicifolia,柳叶石斑木,,,,,,,no_image
62702,Rhamphomyia projecta,内突猎舞虻,,,,,,,no_image
120670,Rhaphidophora glauca,粉背崖角藤,,,,,,,no_image
62756,Rhaphuma binotata,,,,,,,,no_image
62796,Rhaphuma nigrocincta,,,,,,,,no_image
62776,Rhaphuma frustrata,,,,,,,,no_image
62736,Rhaphium parentianum,榆林锥长足虻,,,,,,,no_image
62818,Rhaphuma squamulifera,,,,,,,,no_image
62853,Rheocricotopus tibialis,长胫趋流摇蚊,,,,,,,no_image
120703,Rhaponticum carthamoides,鹿草,,,,,,,no_image
62833,Rheocricotopus bifasciatus,二带趋流摇蚊,,,,,,,no_image
62872,Rheotanytarsus tamatertius,宽流长跗摇蚊,,,,,,,no_image
120751,Rhinacanthus beesianus,滇灵枝草,,,,,,,no_image
120729,Rheum nobile,塔黄,,,,,,,no_image
62873,Rheumaptera abraxidia,金星汝尺蛾,,,,,,,no_image
62904,Rheumaptera marmoraria,石纹汝尺蛾,,,,,,,no_image
62934,Rhingia louguanensis,楼观鼻颜蚜蝇,,,,,,,no_image
62940,Rhinocylapidius velocipedoides,台无齿细爪盲蝽,,,,,,,no_image
80967,Rhinogobius leavelli,李氏吻鰕虎,,,,,,,no_image
80947,Rhinogobius brunneus,褐吻鰕虎,,,,,,,no_image
80987,Rhinogobius reticulatus,网纹吻鰕虎,,,,,,,no_image
81027,Rhinopithecus brelichi,黔金丝猴,,,,,,,no_image
6748,Rhinolambrus turriger,锐刺束颈紧握蟹,,,,,,,no_image
81021,Rhinolophus yunanensis,云南菊头蝠,,,,,,,no_image
17154,Rhipidocotyle baculum,仗形扇盘吸虫,,,,,,,no_image
62959,Rhipidia flava,黄背栉形大蚊,,,,,,,no_image
63002,Rhipiphorothrips cruentatus,腹突皱针蓟马,,,,,,,no_image
62986,Rhipidolestes jucundus,愉快扇山蟌,,,,,,,no_image
137552,Rhizocarpon eupetraeum,,,,,,,,no_image
137572,Rhizocarpon sublavatum,,,,,,,,no_image
155300,Rhizophydium constantineani,康斯根生壶菌,,,,,,,no_image
149676,Rhizoctonia crocorum,杨树紫纹羽病病菌,,,,,,,no_image
155933,Rhizomucor miehei,米黑根毛霉,,,,,,,no_image
7812,Rhizophysa filiformis,丝根水母,,,,,,,no_image
149512,Rhizopogon reai,里亚氏须腹菌,,,,,,,no_image
156042,Rhizopus reflexus,点头根霉,,,,,,,no_image
63022,Rhodesiella dimidiata,分隔锥秆蝇,,,,,,,no_image
63042,Rhodesiella xizangensis,西藏锥秆蝇,,,,,,,no_image
120778,Rhodiola angusta,长白红景天,,,,,,,no_image
120832,Rhodiola sacra,圣地红景天,,,,,,,no_image
120804,Rhodiola humilis,矮生红景天,,,,,,,no_image
120868,Rhododendron aberconwayi,碟花杜鹃,,,,,,,no_image
120856,Rhodobryum roseum,大叶藓,,,,,,,no_image
120895,Rhododendron arboreum,树形杜鹃,,,,,,,no_image
121032,Rhododendron dendrocharis,树生杜鹃,,,,,,,no_image
120924,Rhododendron barkamense,马尔康杜鹃,,,,,,,no_image
120946,Rhododendron calophytum,美容杜鹃,,,,,,,no_image
121004,Rhododendron cuneatum,楔叶杜鹃,,,,,,,no_image
120976,Rhododendron chrysocalyx,金萼杜鹃,,,,,,,no_image
121058,Rhododendron euchroum,滇西杜鹃,,,,,,,no_image
121082,Rhododendron floribundum,繁花杜鹃,,,,,,,no_image
121154,Rhododendron insigne,不凡杜鹃,,,,,,,no_image
121177,Rhododendron labolengense,拉卜楞杜鹃,,,,,,,no_image
121105,Rhododendron grande,巨魁杜鹃,,,,,,,no_image
121245,Rhododendron mekongense,弯月杜鹃,,,,,,,no_image
121198,Rhododendron liangshanicum,金阳杜鹃,,,,,,,no_image
121133,Rhododendron hirsutipetiolatum,凸脉杜鹃,,,,,,,no_image
121220,Rhododendron lungchiense,龙溪杜鹃,,,,,,,no_image
121269,Rhododendron mucronatum,白花杜鹃,,,,,,,no_image
121295,Rhododendron oligocarpum,稀果杜鹃,,,,,,,no_image
121374,Rhododendron racemosum,腋花杜鹃,,,,,,,no_image
121325,Rhododendron pingbianense,屏边杜鹃,,,,,,,no_image
121435,Rhododendron setosum,刚毛杜鹃,,,,,,,no_image
121461,Rhododendron sphaeroblastum,宽叶杜鹃,,,,,,,no_image
121403,Rhododendron rufum,黄毛杜鹃,,,,,,,no_image
121349,Rhododendron pronum,平卧杜鹃,,,,,,,no_image
121489,Rhododendron tashiroi,大武杜鹃,,,,,,,no_image
121519,Rhododendron trilectorum,朗贡杜鹃,,,,,,,no_image
121548,Rhododendron vialii,红马银花,,,,,,,no_image
121571,Rhododendron xanthocodon,黄铃杜鹃,,,,,,,no_image
63058,Rhodoneura bimelasma,两点银网蛾,,,,,,,no_image
121592,Rhododendron zekoense,泽库杜鹃,,,,,,,no_image
146287,Rhodophyllus abortivum,,,,,,,,no_image
146307,Rhodophyllus lazulinus,暗蓝粉褶菌,,,,,,,no_image
63079,Rhodoneura nitens,云线网蛾,,,,,,,no_image
146327,Rhodophyllus serrulatus,,,,,,,,no_image
63109,Rhombotoya pseudonigripennis,黑翅菱飞虱,,,,,,,no_image
63101,Rhodosoma favidus,霉黄肾斑天蛾,,,,,,,no_image
63122,Rhopaliceschatus quadrimaculatus,四斑球盾盲蝽,,,,,,,no_image
63133,Rhopalopsole basinigra,基黑诺(虫责),,,,,,,no_image
63153,Rhopalopsole longispina,长刺诺(虫责),,,,,,,no_image
63173,Rhopalopsole wulingensis,武陵诺(虫责),,,,,,,no_image
63186,Rhopobota naevana,苹黑痣小卷蛾,,,,,,,no_image
63195,Rhyacia geochroa,土沁夜蛾,,,,,,,no_image
63209,Rhynchina pionealis,口夜蛾,,,,,,,no_image
9794,Rhyncaphytoptus caricae,,,,,,,,no_image
6185,Rhynchonerella petersii,锯毛鼻蚕,,,,,,,no_image
9865,Rhyncaphytoptus microstegii,,,,,,,,no_image
121640,Rhynchosia minima,小鹿藿,,,,,,,no_image
81078,Rhynchostracion nasus,尖鼻箱鲀,,,,,,,no_image
121659,Rhynchostegiella menadensis,锐尖细喙藓,,,,,,,no_image
121726,Ribes glabrifolium,光叶茶藨子,,,,,,,no_image
139352,Rhytisma amphigenum,,,,,,,,no_image
12575,Rhysodromus histrio,铲皱逍遥蛛,,,,,,,no_image
63257,Ribautodelphax exquisita,精美黎氏飞虱,,,,,,,no_image
3712,Rhynobrissus pyramidalis,吻壶海胆,,,,,,,no_image
121821,Riccardia multifida,片叶苔,,,,,,,no_image
121764,Ribes menyuanense,门源茶藨,,,,,,,no_image
135079,Rickia ancylopi,,,,,,,,no_image
121793,Ribes stenocarpum,长果茶藨子,,,,,,,no_image
2648,Ringicula kurodai,狭小露齿螺,,,,,,,no_image
121843,Riccia nigrella,黑鳞钱苔,,,,,,,no_image
151019,Rigidoporus lineatus,平丝硬孔菌,,,,,,,no_image
135394,Rinodina kansuensis,,,,,,,,no_image
63271,Riseveinus baoshanensis,保山突脉叶蝉,,,,,,,no_image
135414,Rinodina turfacea,泥炭饼干衣,,,,,,,no_image
121872,Robiquetia spatulata,大叶寄树兰,,,,,,,no_image
15895,Riukiaria tianmu,,,,,,,,no_image
143340,Rivulicola aquatica,,,,,,,,no_image
121882,Rodgersia pinnata,羽叶鬼灯檠,,,,,,,no_image
121891,Rohdea ×,发缵开口箭,,,,,,,no_image
81092,Rogadius pristiger,锯锉倒棘鲬,,,,,,,no_image
63331,Rondibilis undulata,,,,,,,,no_image
121904,Rohdea grandiflora,大花开口箭,,,,,,,no_image
63348,Ropica subnotata,,,,,,,,no_image
63368,Ropronia nanlingensis,南岭窄腹细蜂,,,,,,,no_image
121929,Rorippa cantoniensis,广州蔊菜,,,,,,,no_image
121958,Rosa calyptopoda,短角蔷薇,,,,,,,no_image
122026,Rosa lichiangensis,丽江蔷薇,,,,,,,no_image
121994,Rosa fortuneana,大花白木香,,,,,,,no_image
122095,Rosa sterilis,无子刺梨,,,,,,,no_image
122064,Rosa platyacantha,宽刺蔷薇,,,,,,,no_image
63408,Rosapha yunnanana,云南多毛水虻,,,,,,,no_image
63384,Rosalia coelestis,,,,,,,,no_image
122143,Roscoea tibetica,藏象牙参,,,,,,,no_image
122167,Rourea caudata,长尾红叶藤,,,,,,,no_image
141339,Rostraureum tropicale,,,,,,,,no_image
122199,Rubia membranacea,金线茜草,,,,,,,no_image
122157,Rotala rosea,五蕊节节菜,,,,,,,no_image
6883,Roxasia japonica,日本散枝软珊瑚,,,,,,,no_image
140686,Rubelia trechispora,,,,,,,,no_image
122219,Rubia urceolata,壶花茜草,,,,,,,no_image
122239,Rubus amphidasys,周毛悬钩子,,,,,,,no_image
122265,Rubus chingii,掌叶覆盆子,,,,,,,no_image
122306,Rubus erythrocarpus,红果悬钩子,,,,,,,no_image
122341,Rubus glandulosocarpus,腺果悬钩子,,,,,,,no_image
122417,Rubus leucanthus,白花悬钩子,,,,,,,no_image
122451,Rubus multisetosus,刺毛悬钩子,,,,,,,no_image
122374,Rubus idaeus,覆盆子,,,,,,,no_image
122594,Rubus trianthus,三花悬钩子,,,,,,,no_image
122560,Rubus splendidissimus,炫丽悬钩子,,,,,,,no_image
122480,Rubus pectinaris,梳齿悬钩子,,,,,,,no_image
63441,Rugilus dalaoicus,,,,,,,,no_image
122520,Rubus puyumaensis,卑南悬钩子,,,,,,,no_image
122617,Rubus zhaogoshanensis,草果山悬钩子,,,,,,,no_image
122635,Rumex dentatus,齿果酸模,,,,,,,no_image
122622,Rudolf-kamelinia korolkowii,甘新念珠芥,,,,,,,no_image
156067,Ruminomyces elegans,,,,,,,,no_image
63461,Rugilus rufescens,,,,,,,,no_image
122671,Rungia pungens,尖苞孩儿草,,,,,,,no_image
152342,Russula azurea,天蓝红菇,,,,,,,no_image
152322,Russula abietina,冷杉红菇,,,,,,,no_image
152422,Russula lutea,纯黄红菇,,,,,,,no_image
152362,Russula claroflava,灰黄红菇,,,,,,,no_image
152382,Russula erythropus,红柄红菇,,,,,,,no_image
152442,Russula olivacea,青黄红菇,,,,,,,no_image
152402,Russula handelii,汉德尔红菇,,,,,,,no_image
152502,Russula versicolor,多色红菇,,,,,,,no_image
152482,Russula rubra,大红菇,,,,,,,no_image
152462,Russula pseudovesca,拟菱红菇,,,,,,,no_image
63478,Rypellia faeca,粪璃蝇,,,,,,,no_image
122703,Sabia schumanniana,四川清风藤,,,,,,,no_image
6659,Sabatieria mortenseni,伸长萨巴线虫,,,,,,,no_image
138888,Rutstroemia dabaensis,大巴蜡盘菌,,,,,,,no_image
122726,Saccharum longesetosum,长齿蔗茅,,,,,,,no_image
139660,Saccobolus saccoboloides,似集孢粪盘菌,,,,,,,no_image
143346,Saccardoella psidiicola,无,,,,,,,no_image
63487,Sachalinobia koltzei,黄斑网花天牛,,,,,,,no_image
63500,Saissetia bobuae,红珠蜡蚧,,,,,,,no_image
122752,Sageretia hamosa,钩刺雀梅藤,,,,,,,no_image
122776,Sagina procumbens,仰卧漆姑草,,,,,,,no_image
7679,Salacia hexodon,六齿海女螅,,,,,,,no_image
122812,Salix alexeii,长柄柳,,,,,,,no_image
63511,Saliciphaga caesia,大弯月小卷蛾,,,,,,,no_image
63521,Saliocleta eustachus,齿瓣箩舟蛾,,,,,,,no_image
122867,Salix chekiangensis,浙江柳,,,,,,,no_image
122839,Salix bikouensis,碧口柳,,,,,,,no_image
122892,Salix dissa,异型柳,,,,,,,no_image
122943,Salix hylonoma,川柳,,,,,,,no_image
122922,Salix fulvopubescens,褐毛柳,,,,,,,no_image
122971,Salix kungmuensis,孔目矮柳,,,,,,,no_image
123019,Salix neolapponum,绢柳,,,,,,,no_image
123130,Salix songarica,准噶尔柳,,,,,,,no_image
122992,Salix magnifica,大叶柳,,,,,,,no_image
123102,Salix sajanensis,萨彦柳,,,,,,,no_image
123047,Salix parvidenticulata,小齿叶柳,,,,,,,no_image
123072,Salix pseudowolohoensis,西柳,,,,,,,no_image
123185,Salix yanbianica,白河柳,,,,,,,no_image
81132,Saloptia powelli,鲍氏泽鮨,,,,,,,no_image
123162,Salix tetrasperma,四子柳,,,,,,,no_image
123209,Salsola tamariscina,柽柳叶猪毛菜,,,,,,,no_image
123255,Salvia digitaloides,毛地黄鼠尾草,,,,,,,no_image
123220,Salvia baimaensis,白马鼠尾草,,,,,,,no_image
123285,Salvia lankongensis,洱源鼠尾草,,,,,,,no_image
123314,Salvia pogonochila,毛唇鼠尾草,,,,,,,no_image
15770,Samarangopus zhongi,钟氏三宝垄少足,,,,,,,no_image
7632,Sandalolitha robusta,健壮履形珊瑚,,,,,,,no_image
123346,Salvia tiliifolia,椴叶鼠尾草,,,,,,,no_image
123397,Sanicula orthacantha,直刺变豆菜,,,,,,,no_image
63559,Saperda bilineatocollis,,,,,,,,no_image
63629,Sarangesa dasahara,刷胫弄蝶,,,,,,,no_image
63597,Saprinus niponicus,日本腐阎甲,,,,,,,no_image
63619,Sapromyza pleuralis,侧斑双鬃缟蝇,,,,,,,no_image
123416,Sapindus tomentosus,绒毛无患子,,,,,,,no_image
137031,Sarcographa medusulina,蛇肉果衣,,,,,,,no_image
123445,Sarcodia ceylonensis,锡兰海木耳,,,,,,,no_image
63650,Sarbanissa venusta,艳修虎蛾,,,,,,,no_image
63656,Sarcophila rasnitzyni,拉氏麻野蝇,,,,,,,no_image
81160,Sardinella brachysoma,高体小沙丁鱼,,,,,,,no_image
81178,Sargocentron microstoma,小口棘鳞鱼,,,,,,,no_image
140843,Sarcoscypha knixoniana,尼氏肉杯菌,,,,,,,no_image
143347,Sarcopodium circinatum,,,,,,,,no_image
140888,Sarcosoma campylospora,,,,,,,,no_image
63685,Sargus nigrifacies,黑颜瘦腹水虻,,,,,,,no_image
63705,Sarisophora dactylisana,指瓣槐祝蛾,,,,,,,no_image
123468,Sarocalamus yongdeensis,黄金竹,,,,,,,no_image
123473,Sasamorpha sinica,华箬竹,,,,,,,no_image
63741,Satarupa formosibia,台湾飒弄蝶,,,,,,,no_image
63767,Sathytes wuyishanus,,,,,,,,no_image
123494,Saurauia thyrsiflora,聚锥水东哥,,,,,,,no_image
63783,Satyrium siguniangshanicum,四姑娘洒灰蝶,,,,,,,no_image
81213,Saurogobio dumerili,长蛇&#x0000E068;,,,,,,,no_image
123511,Sauropus quadrangularis,方枝守宫木,,,,,,,no_image
123553,Saussurea bogedaensis,博格达雪莲,,,,,,,no_image
123531,Saussurea alpina,高山风毛菊,,,,,,,no_image
123574,Saussurea chrysanthemoides,菊状风毛菊,,,,,,,no_image
123596,Saussurea dolichopoda,长梗风毛菊,,,,,,,no_image
123660,Saussurea kansuensis,甘肃风毛菊,,,,,,,no_image
123616,Saussurea fuscipappa,褐冠风毛菊,,,,,,,no_image
123700,Saussurea mae,毓泉风毛菊,,,,,,,no_image
123680,Saussurea lavrenkoana,双齿风毛菊,,,,,,,no_image
123638,Saussurea hemsleyi,湖北风毛菊,,,,,,,no_image
123740,Saussurea pagriensis,帕里风毛菊,,,,,,,no_image
123760,Saussurea popovii,寡头风毛菊,,,,,,,no_image
123720,Saussurea nana,矮小雪莲,,,,,,,no_image
123804,Saussurea sagittifolia,戟叶风毛菊,,,,,,,no_image
123780,Saussurea pteridophylla,延翅风毛菊,,,,,,,no_image
123824,Saussurea sinuata,林风毛菊,,,,,,,no_image
123870,Saussurea veitchiana,华中雪莲,,,,,,,no_image
123844,Saussurea tatsienensis,打箭风毛菊,,,,,,,no_image
123944,Saxifraga culcitosa,枕状虎耳草,,,,,,,no_image
123922,Saxifraga bulleyana,小泡虎耳草,,,,,,,no_image
123898,Saxifraga afghanica,具梗虎耳草,,,,,,,no_image
123890,Saussurea yunnanensis,云南风毛菊,,,,,,,no_image
144391,Savoryella aquatica,,,,,,,,no_image
123995,Saxifraga gemmigera,芽虎耳草,,,,,,,no_image
123968,Saxifraga draboides,中甸虎耳草,,,,,,,no_image
124048,Saxifraga linearifolia,条叶虎耳草,,,,,,,no_image
124022,Saxifraga hirculoides,唐古拉虎耳草,,,,,,,no_image
124099,Saxifraga parkaensis,巴格虎耳草,,,,,,,no_image
124152,Saxifraga subaequifoliata,近等叶虎耳草,,,,,,,no_image
124125,Saxifraga saginoides,漆姑虎耳草,,,,,,,no_image
124072,Saxifraga montanella,类毛瓣虎耳草,,,,,,,no_image
124204,Scaevola taccada,草海桐,,,,,,,no_image
124180,Saxifraga unguipetala,鄂西虎耳草,,,,,,,no_image
124224,Scapania griffithii,格氏合叶苔,,,,,,,no_image
2754,Scabricola desetangsii,希氏笔螺,,,,,,,no_image
124248,Scapania parvitexta,弯瓣合叶苔,,,,,,,no_image
7292,Scandia neglecta,轻装攀杯螅,,,,,,,no_image
2228,Scapharca rufescens,尖顶毛蚶,,,,,,,no_image
63856,Scaphidium kurbatovi,,,,,,,,no_image
63836,Scaphidium connexum,,,,,,,,no_image
63896,Scaphisoma asper,,,,,,,,no_image
63878,Scaphidium stigmatinotum,,,,,,,,no_image
63917,Scaphisoma innotatum,,,,,,,,no_image
63937,Scaphisoma palposum,,,,,,,,no_image
63957,Scaphisoma subalpinum,,,,,,,,no_image
63975,Scaphobaeocera fujiana,,,,,,,,no_image
63992,Scaptodrosophila bampuphila,喜竹花果蝇,,,,,,,no_image
64012,Scaptodrosophila riverata,河花果蝇,,,,,,,no_image
64032,Scaptomyza sichuania,四川姬果蝇,,,,,,,no_image
81246,Scarus ferrugineus,锈色鹦嘴鱼,,,,,,,no_image
64078,Scatopse chinensis,中国粪蚊,,,,,,,no_image
64039,Scatella bullacosta,厚脉温泉水蝇,,,,,,,no_image
64059,Scathophaga taeniopa,带状粪蝇,,,,,,,no_image
9122,Scheloribates papillaris,丘疹菌甲螨,,,,,,,no_image
64097,Scenopinus sinensis,中华窗虻,,,,,,,no_image
124279,Schima khasiana,尖齿木荷,,,,,,,no_image
124295,Schisandra glaucescens,金山五味子,,,,,,,no_image
124321,Schismatoglottis calyptrata,广西落檐,,,,,,,no_image
124337,Schistochila acuminata,尖叶歧舌苔,,,,,,,no_image
81273,Schistura amplizona,宽斑南鳅,,,,,,,no_image
124351,Schizachyrium brevifolium,裂稃草,,,,,,,no_image
3460,Schizophrys aspera,粗甲裂颚蟹,,,,,,,no_image
81295,Schistura macrotaenia,大斑南鳅,,,,,,,no_image
64119,Schizonotus sieboldi,杨叶甲金小蜂,,,,,,,no_image
81321,Schizopygopsis stoliczkai,,,,,,,,no_image
124399,Schizotechium motuoensis,墨脱独子繁缕,,,,,,,no_image
9569,Schizotetranychus ugarovi,,,,,,,,no_image
81365,Schizothorax o'connori,异齿裂腹鱼,,,,,,,no_image
81345,Schizothorax gulinensis,古蔺裂腹鱼,,,,,,,no_image
64127,Schoenomyza litorella,滨芦蝇,,,,,,,no_image
124437,Schoenoplectus litoralis,羽状刚毛水葱,,,,,,,no_image
124405,Schlotheimia grevilleana,南亚火藓,,,,,,,no_image
81398,Scincella chengduensis,成都滑蜥,,,,,,,no_image
124457,Schoepfia jasminodora,青皮木,,,,,,,no_image
64145,Sciara ruficauda,棕尾眼蕈蚊,,,,,,,no_image
150544,Scindalma cassiaecolor,,,,,,,,no_image
124469,Schwetschkea laxa,东亚附干藓,,,,,,,no_image
150584,Scindalma tornatum,,,,,,,,no_image
150564,Scindalma ocellatum,,,,,,,,no_image
64168,Sciophila dispansa,裂口粘菌蚊,,,,,,,no_image
124496,Scirpus radicans,东北藨草,,,,,,,no_image
124524,Scleria sumatrensis,印尼珍珠茅,,,,,,,no_image
124502,Scleria ciliaris,华珍珠茅,,,,,,,no_image
155781,Sclerocystis pachycaulis,,,,,,,,no_image
149541,Scleroderma sinnamariense,碗豆形硬皮马勃,,,,,,,no_image
7545,Scleronephthya pustulosa,丘疹硬棘软珊瑚,,,,,,,no_image
139011,Sclerotinia nivalis,雪腐核盘菌,,,,,,,no_image
138991,Sclerotinia ciborioides,杯状核盘菌,,,,,,,no_image
140311,Scodellina umbrina,,,,,,,,no_image
136591,Scoliciosporum pruinosum,粉霜绦孢衣,,,,,,,no_image
64218,Scoloposcelis pulchella,丽齿股花蝽,,,,,,,no_image
81434,Scomberoides commersonnianus,康氏似鲹,,,,,,,no_image
124546,Scopelophila cataractae,剑叶藓,,,,,,,no_image
64234,Scopaeus trapeziceps,,,,,,,,no_image
151066,Scopuloides hydnoides,齿菌状扫状菌,,,,,,,no_image
81472,Scorpaenopsis diabolus,毒拟鲉,,,,,,,no_image
81483,Scotophilus heathii,大黄蝠,,,,,,,no_image
124558,Scorzonera luntaiensis,轮台鸦葱,,,,,,,no_image
124575,Scrophularia chasmophila,岩隙玄参,,,,,,,no_image
124597,Scrophularia modesta,山西玄参,,,,,,,no_image
124651,Scutellaria chungtienensis,中甸黄芩,,,,,,,no_image
1831,Scrupocellaria longispinosa,长刺粗胞苔虫,,,,,,,no_image
124706,Scutellaria omeiensis,峨眉黄芩,,,,,,,no_image
124681,Scutellaria laeteviolacea,光紫黄芩,,,,,,,no_image
124626,Scurrula pulverulenta,白花梨果寄生,,,,,,,no_image
140692,Scutellinia beijingensis,北京盾盘菌,,,,,,,no_image
140712,Scutellinia olivascens,橄榄盾盘菌,,,,,,,no_image
155619,Scutellospora aurigloba,全球盾巨孢囊霉,,,,,,,no_image
124744,Scutellaria shansiensis,山西黄芩,,,,,,,no_image
124767,Scutellaria tsinyunensis,缙云黄芩,,,,,,,no_image
155639,Scutellospora trirubiginopa,三红盾巨抱囊霉,,,,,,,no_image
81502,Scutiger muliensis,木里猫眼蟾,,,,,,,no_image
64272,Scydmaenus csikii,,,,,,,,no_image
81531,Sebastiscus marmoratus,褐菖鲉,,,,,,,no_image
152088,Scytinostroma portentosum,多层革垫菌,,,,,,,no_image
88,Scylla tranquebarica,特兰克巴尔青蟹,,,,,,,no_image
64291,Scythropiodes gnophus,暗褐绢祝蛾,,,,,,,no_image
152634,Sebacina fuscata,黑蜡壳菌,,,,,,,no_image
81534,Secutor indicius,印度仰口鲾,,,,,,,no_image
124846,Sedum filipes,小山飘风,,,,,,,no_image
124821,Sedum chuhsingense,楚雄景天,,,,,,,no_image
124867,Sedum jinglanii,景兰景天,,,,,,,no_image
124889,Sedum matsuense,马祖佛甲草,,,,,,,no_image
124911,Sedum perrotii,甘肃景天,,,,,,,no_image
141196,Seimatosporium hebeiense,,,,,,,,no_image
124958,Sedum tsiangii,安龙景天,,,,,,,no_image
124932,Sedum semilunatum,月座景天,,,,,,,no_image
64318,Seladerma costatellum,微棱塞拉金小蜂,,,,,,,no_image
124991,Selaginella chrysocaulos,块茎卷柏,,,,,,,no_image
125012,Selaginella heterostachys,异穗卷柏,,,,,,,no_image
125033,Selaginella nipponica,伏地卷柏,,,,,,,no_image
125055,Selaginella scabrifolia,糙叶卷柏,,,,,,,no_image
125075,Selaginella vaginata,鞘舌卷柏,,,,,,,no_image
12703,Selenops ollarius,壶拟扁蛛,,,,,,,no_image
125136,Selliguea roseomarginata,紫边假瘤蕨,,,,,,,no_image
125116,Selliguea intermedia,中间节肢蕨,,,,,,,no_image
125094,Selliguea crenatopinnata,紫柄假瘤蕨,,,,,,,no_image
64326,Semachrysa decorata,退色饰草蛉,,,,,,,no_image
882,Semela amabilis,娇美双带蛤,,,,,,,no_image
64351,Semiocladius endocladiae,内突半突摇蚊,,,,,,,no_image
64338,Semicarinata colorata,彩色半隆螽,,,,,,,no_image
125208,Senecio kongboensis,工布千里光,,,,,,,no_image
125230,Senecio pteridophyllus,蕨叶千里光,,,,,,,no_image
125185,Senecio atrofuscus,黑褐千里光,,,,,,,no_image
125252,Senegalia guangdongensis,广东儿茶,,,,,,,no_image
64360,Seniorwhitea phoenicoptera,凤喙辛麻蝇,,,,,,,no_image
64378,Senometopia pollinosa,细腹裸基寄蝇,,,,,,,no_image
125294,Senna sulfurea,粉叶决明,,,,,,,no_image
64398,Senotainia fani,范氏赛蜂麻蝇,,,,,,,no_image
154609,Septobasidium aulacaspidis,,,,,,,,no_image
64430,Sepedophilus pseudolitoreus,,,,,,,,no_image
64455,Sepsis lindneri,林奈鼓翅蝇,,,,,,,no_image
64410,Sepedon noteoi,东南长角沼蝇,,,,,,,no_image
143424,Septoria convolvuli,,,,,,,,no_image
154629,Septobasidium parlatoriae,,,,,,,,no_image
143384,Septoria alhaginis,,,,,,,,no_image
143444,Septoria emiliae,,,,,,,,no_image
143404,Septoria brassicae,,,,,,,,no_image
143464,Septoria hydrangeae,,,,,,,,no_image
143484,Septoria microspora,,,,,,,,no_image
143504,Septoria pittospori,,,,,,,,no_image
64488,Sergentomyia rudnicki,卢氏司蛉,,,,,,,no_image
143544,Septoria violae,,,,,,,,no_image
143524,Septoria steviae,,,,,,,,no_image
64468,Sergentomyia bailyi,贝氏司蛉,,,,,,,no_image
8178,Seriatopora caliendrum,浅杯排孔珊瑚,,,,,,,no_image
6499,Sergestes orientalis,东方霞虾,,,,,,,no_image
125302,Seriphidium aucheri,光叶绢蒿,,,,,,,no_image
149549,Serpula similis,相似干腐菌,,,,,,,no_image
7676,Sertularella philippinensis,菲岛小桧叶螅,,,,,,,no_image
64540,Servaisia nigridorsalis,黑背锚折麻蝇,,,,,,,no_image
64552,Setacera breviventris,短腹双芒水蝇,,,,,,,no_image
64578,Shaverdolena leigongshana,,,,,,,,no_image
64555,Setihercostomus taiwanensis,台湾毛颜长足虻,,,,,,,no_image
125320,Seseli glabratum,膜盘西风芹,,,,,,,no_image
14333,Shaanxinus rufus,红陕蛛,,,,,,,no_image
5853,Setosellina constricta,前缢仿毛苔虫,,,,,,,no_image
64590,Shivaphis hangzhouensis,杭州华绵叶蚜,,,,,,,no_image
64613,Sialis sibirica,古北泥蛉,,,,,,,no_image
125372,Shibataea chiangshanensis,江山鹅毛竹,,,,,,,no_image
134179,Shrungabeeja melicopes,蜜茱萸角凸孢,,,,,,,no_image
64623,Siccia sagittifera,箭干苔蛾,,,,,,,no_image
12816,Sibianor aurocinctus,斜纹西菱头蛛,,,,,,,no_image
778,Sicyonia dejouanneti,德氏单肢虾,,,,,,,no_image
125430,Sida cordifolia,心叶黄花棯,,,,,,,no_image
1646,Sigambra hanaokai,花冈钩毛虫,,,,,,,no_image
64640,Siderostigma xanthosa,浅黄铁斑祝蛾,,,,,,,no_image
81595,Sikukia stejnegeri,短吻鱼,,,,,,,no_image
15959,Sigipinius campanuliformis,,,,,,,,no_image
125452,Silene altaica,阿尔泰蝇子草,,,,,,,no_image
125474,Silene cognata,浅裂剪秋罗,,,,,,,no_image
125494,Silene grandiflora,大花蝇子草,,,,,,,no_image
125546,Silene napuligera,纺锤根蝇子草,,,,,,,no_image
125522,Silene lamarum,喇嘛蝇子草,,,,,,,no_image
125568,Silene puranensis,普兰蝇子草,,,,,,,no_image
14294,Silometopus reussi,罗氏长插蛛,,,,,,,no_image
4790,Siliqua grayana,长圆荚蛏,,,,,,,no_image
15398,Simaoa maku,马库思茅蛛,,,,,,,no_image
64687,Silusa schuelkei,,,,,,,,no_image
125590,Silene tubiformis,剑门蝇子草,,,,,,,no_image
64749,Simulium chuanbeisense,川北山蚋,,,,,,,no_image
64729,Simulium bahense,坝河蚋,,,,,,,no_image
64709,Simplicia schaldusalis,斜线贫夜蛾,,,,,,,no_image
64769,Simulium ephippioidum,鞍阳蚋,,,,,,,no_image
64809,Simulium jacuticum,短飘蚋,,,,,,,no_image
64869,Simulium nigrifacies,黑颜蚋,,,,,,,no_image
64829,Simulium ledongense,乐东蚋,,,,,,,no_image
64789,Simulium guangxiense,广西绳蚋,,,,,,,no_image
64849,Simulium maculatum,斑布蚋,,,,,,,no_image
64889,Simulium peliastrias,黑足蚋,,,,,,,no_image
64909,Simulium qingxilingense,清西陵维蚋,,,,,,,no_image
64929,Simulium schizolomum,裂缘山蚋,,,,,,,no_image
64969,Simulium truncrosum,树干蚋,,,,,,,no_image
64949,Simulium synanceium,狭谷绳蚋,,,,,,,no_image
65026,Sinacroneuria yiui,四川华钮(虫责),,,,,,,no_image
65009,Simulium zhangyense,张掖维蚋,,,,,,,no_image
64989,Simulium wuyishanense,武夷山绳蚋,,,,,,,no_image
19018,Sinella colubra,,,,,,,,no_image
18349,Sinantherina semibullata,半圆巨冠轮虫,,,,,,,no_image
19010,Sinella yunnanensis,,,,,,,,no_image
11058,Singa hamata,钩亮腹蛛,,,,,,,no_image
19023,Sinella qufuensis,,,,,,,,no_image
125622,Sinobambusa farinosa,白皮唐竹,,,,,,,no_image
81631,Siniperca liuzhouensis,柳州鳜,,,,,,,no_image
149267,Sinoboletus meipengianus,梅朋华牛肝菌,,,,,,,no_image
65059,Siniconops elegans,丽唐眼蝇,,,,,,,no_image
65090,Sinocapritermes yunnanensis,滇华扭白蚁,,,,,,,no_image
125657,Sinocladia qionghaiensis,琼海华枝藻,,,,,,,no_image
65099,Sinochlora hainanensis,海南华绿螽,,,,,,,no_image
12493,Sinocoelotes pseudoterrestris,拟地华隙蛛,,,,,,,no_image
125679,Sinocrassula yunnanensis,云南石莲,,,,,,,no_image
81656,Sinocyclocheilus donglanensis,东兰金线鲃,,,,,,,no_image
81696,Sinocyclocheilus sanxiaensis,三峡金线鲃,,,,,,,no_image
65132,Sinogomphus pylades,无裂华春蜓,,,,,,,no_image
125681,Sinodolichos lagopus,华扁豆,,,,,,,no_image
16782,Sinoderces nawanensis,那湾华裸斑蛛,,,,,,,no_image
81710,Sinogastromyzon dezeensis,德泽华吸鳅,,,,,,,no_image
81676,Sinocyclocheilus luolouensis,逻楼金线鲃,,,,,,,no_image
81724,Sinomicrurus macclellandi,丽纹华珊瑚蛇（中华珊瑚蛇）,,,,,,,no_image
125688,Sinojackia oblongicarpa,怀化秤锤树,,,,,,,no_image
65155,Sinoneoneurus pallidipennis,白翅华蚁茧蜂,,,,,,,no_image
13451,Sinopoda silvicola,森林华遁蛛,,,,,,,no_image
65191,Sinophasma unispinosum,单棘华枝䗛,,,,,,,no_image
65169,Sinophasma brevipenne,垂臀华枝䗛,,,,,,,no_image
13379,Sinopoda incisura,痕华遁蛛,,,,,,,no_image
13416,Sinopoda columnaris,柱华遁蛛,,,,,,,no_image
125721,Sinosenecio chienii,雨农蒲儿根,,,,,,,no_image
2466,Sinorchestia sinensis,中国华跳钩虾,,,,,,,no_image
65204,Sinopodisma kelloggii,卡氏蹦蝗,,,,,,,no_image
125763,Sinosenecio sungpanensis,松潘蒲儿根,,,,,,,no_image
125743,Sinosenecio leiboensis,雷波蒲儿根,,,,,,,no_image
16735,Sinothela schensiensis,陕西华蛛,,,,,,,no_image
65226,Sinosticta debra,戴波华扁蟌,,,,,,,no_image
5704,Sinum vittatum,褐带窦螺,,,,,,,no_image
65246,Sinstauchira yaoshanensis,瑶山板齿蝗,,,,,,,no_image
7185,Sinularia pavida,冠指软珊瑚,,,,,,,no_image
7236,Sinularia grayi,格瑞指软珊瑚,,,,,,,no_image
8300,Siphonosoma rotumanum,罗岛管体星虫,,,,,,,no_image
65259,Siphona perispoliata,掠长唇寄蝇,,,,,,,no_image
65270,Sipyloidea okunii,,,,,,,,no_image
149787,Sistotrema oblongisporum,矩圆孢白齿菌,,,,,,,no_image
3062,Siriella quadrispinosa,四刺节糠虾,,,,,,,no_image
125813,Sisymbrium yunnanense,云南大蒜芥,,,,,,,no_image
65288,Sitodiplosis latiaedeagis,粗尾禾谷瘿蚊,,,,,,,no_image
125825,Sium suave,泽芹,,,,,,,no_image
140738,Smardaea planchonis,平紫盘菌,,,,,,,no_image
150952,Skeletocutis vulgaris,,,,,,,,no_image
125837,Sladenia celastrifolia,肋果茶,,,,,,,no_image
65300,Smeritus litulinea,曲线蓝目天蛾,,,,,,,no_image
125893,Smilax davidiana,小果菝葜,,,,,,,no_image
125871,Smilax arisanensis,尖叶菝葜,,,,,,,no_image
125913,Smilax kwangsiensis,缘毛菝葜,,,,,,,no_image
125960,Smilax setiramula,密刚毛菝葜,,,,,,,no_image
19200,Sminthurinus bimaculatus,,,,,,,,no_image
125935,Smilax nervomarginata,缘脉菝葜,,,,,,,no_image
65324,Smittia acares,微尖施密摇蚊,,,,,,,no_image
14825,Smodicinodes schwendingeri,史氏冕蟹蛛,,,,,,,no_image
125997,Solanum deflexicarpum,苦刺,,,,,,,no_image
126017,Solanum nienkui,疏刺茄,,,,,,,no_image
65342,Sogatellana costata,连脊淡背飞虱,,,,,,,no_image
126037,Solanum villosum,红果龙葵,,,,,,,no_image
139373,Soleella pinicola,松生小鞋孢盘菌,,,,,,,no_image
4826,Solenocera phuongi,芳管鞭虾,,,,,,,no_image
126042,Solena delavayi,滇藏茅瓜,,,,,,,no_image
126083,Solenostoma parvitextum,小胞管口苔,,,,,,,no_image
126063,Solenostoma flagellare,细鞭管口苔,,,,,,,no_image
126106,Solenostoma torticalyx,卷苞管口苔,,,,,,,no_image
3877,Soletellina castanea,栗紫蛤,,,,,,,no_image
6103,Solidobalanus cidaricola,海胆坚藤壶,,,,,,,no_image
126150,Solms-laubachia stewartii,少花扇叶芥,,,,,,,no_image
65355,Solva clavata,棒突粗腿木虻,,,,,,,no_image
126130,Solms-laubachia floribunda,多花丛菔,,,,,,,no_image
65397,Sonotrella quadrivittata,四纹隐蟋,,,,,,,no_image
65376,Somadasys catocoides,台光枯叶蛾,,,,,,,no_image
65417,Sophonia lushana,庐山拟隐脉叶蝉,,,,,,,no_image
16728,Songthela ciliensis,慈利宋蛛,,,,,,,no_image
126159,Sonchus brachyotus,长裂苦苣菜,,,,,,,no_image
65435,Sophronica bowringi,,,,,,,,no_image
126242,Sorbus bulleyana,中甸花楸,,,,,,,no_image
126184,Sophora benthamii,尾叶槐,,,,,,,no_image
126267,Sorbus filipes,纤细花楸,,,,,,,no_image
144490,Sordaria fimicola,,,,,,,,no_image
126293,Sorbus kiukiangensis,独龙江花楸,,,,,,,no_image
126348,Sorbus scalaris,梯叶花楸,,,,,,,no_image
126317,Sorbus parva,小花楸,,,,,,,no_image
81816,Sorex unguiculatus,长爪鼩鼱,,,,,,,no_image
65446,Sorolopha phyllochlora,叶尾小卷蛾,,,,,,,no_image
154748,Sorosporium contortum,,,,,,,,no_image
144462,Spadicoides klotzschii,,,,,,,,no_image
65452,Sosibia guangdongensis,广东健䗛,,,,,,,no_image
65472,Spalangia simplex,沟盾俑小蜂,,,,,,,no_image
126399,Sparganium limosum,沼生黑三棱,,,,,,,no_image
65496,Spaniocentra hollowayi,荷氏环斑绿尺蛾,,,,,,,no_image
65506,Spartimas ornatipes,丽足长角水虻,,,,,,,no_image
126409,Spathiphyllum floribundum,多花白鹤芋,,,,,,,no_image
65539,Specinervures interrupta,断带异脉飞虱,,,,,,,no_image
139126,Spathularia flava,,,,,,,,no_image
65546,Spelobia concave,凹刺尾小粪蝇,,,,,,,no_image
65550,Speonemobius sinensis,中国奇针蟋,,,,,,,no_image
81839,Spermophilus erythrogenys,赤颊黄鼠,,,,,,,no_image
153005,Sphacelotheca ophiuri,蛇尾草轴黑粉菌,,,,,,,no_image
152985,Sphacelotheca digitariae,马唐小孢黑粉,,,,,,,no_image
8477,Sphaeroma sinensis,中华团水虱,,,,,,,no_image
65577,Sphaerobulbus thomasi,,,,,,,,no_image
65561,Sphaerites nitidus,亮扁圆甲,,,,,,,no_image
65555,Sphaeniscus quadrincisus,四楔实蝇,,,,,,,no_image
15775,Sphaeropauropus rotatilis,弯曲球少足,,,,,,,no_image
65617,Sphaerophoria rueppellii,宽尾细腹蚜蝇,,,,,,,no_image
126453,Sphaeropteris brunoniana,白桫椤,,,,,,,no_image
1113,Sphaerosyllis erinaeceus,刺猬球裂虫,,,,,,,no_image
138184,Sphaerotheca fugax,老鹳草单囊壳,,,,,,,no_image
126496,Sphagnum palustre,泥炭藓,,,,,,,no_image
126474,Sphagnum cuspidatulum,拟狭叶泥炭藓,,,,,,,no_image
65624,Sphecapatoclea alashanica,阿拉山拟泥蜂麻蝇,,,,,,,no_image
126463,Sphaerotheciella sphaerocarpa,球蒴藓,,,,,,,no_image
65663,Spheginobaccha macropoda,大足棒巴蚜蝇,,,,,,,no_image
65643,Sphegigaster venusta,雅斯夫金小蜂,,,,,,,no_image
65676,Sphenometopa stackelbergiana,斯塔克榍蜂麻蝇,,,,,,,no_image
65681,Sphinctogoniella lingula,舌突拟长大叶蝉,,,,,,,no_image
81864,Sphyraena japonica,日本魣,,,,,,,no_image
65696,Sphingonotus maculatus,,,,,,,,no_image
65780,Spilogona bomynensis,柴达木点池蝇,,,,,,,no_image
65735,Spilarctia alba,净污灯蛾,,,,,,,no_image
65719,Sphinx ligustri,,,,,,,,no_image
65760,Spilarctia quercii,黑带污灯蛾,,,,,,,no_image
65841,Spilomyia curvimaculata,凹斑斑胸蚜蝇,,,,,,,no_image
65801,Spilogona littoralis,海滨点池蝇,,,,,,,no_image
65855,Spilosmylus epiphanies,安氏瑕溪蛉,,,,,,,no_image
65821,Spilogona spinisurstyla,刺侧叶点池蝇,,,,,,,no_image
10341,Spinacus pagonis,,,,,,,,no_image
65887,Spinimegopis formosana,,,,,,,,no_image
126540,Spiradiclis danxiashanensis,丹霞螺序草,,,,,,,no_image
65916,Spinoparapachymorpha xishuangbannaensis,,,,,,,,no_image
14458,Spinirta aurita,耳刺突蛛,,,,,,,no_image
126562,Spiradiclis longipedunculata,长梗螺序草,,,,,,,no_image
126582,Spiradiclis tomentosa,黏毛螺序草,,,,,,,no_image
126615,Spiraea cavaleriei,独山绣线菊,,,,,,,no_image
126655,Spiraea kwangsiensis,广西绣线菊,,,,,,,no_image
126690,Spiraea papillosa,乳突绣线菊,,,,,,,no_image
126726,Spiraea trilobata,三裂绣线菊,,,,,,,no_image
139036,Spirosphaera floriformis,,,,,,,,no_image
12473,Spiricoelotes nansheensis,难舍旋隙蛛,,,,,,,no_image
126766,Spodiopogon tainanensis,台南大油芒,,,,,,,no_image
3378,Spondylus anacanthus,无棘海菊蛤,,,,,,,no_image
1625,Spongia hispida,松软角骨海绵,,,,,,,no_image
65933,Spongovostox semiflavus,间黄绵苔螋,,,,,,,no_image
143597,Sporidesmium hainanense,,,,,,,,no_image
143577,Sporidesmium angustiobpyriforme,,,,,,,,no_image
143617,Sporidesmium socium,,,,,,,,no_image
154999,Sporisorium arundinellae,,,,,,,,no_image
155039,Sporisorium perforatum,,,,,,,,no_image
155019,Sporisorium hainanae,,,,,,,,no_image
126777,Sporobolus piliferus,毛鼠尾粟,,,,,,,no_image
81906,Squalidus argentatus,银&#x0000E068;,,,,,,,no_image
148620,Squamanita schreieri,,,,,,,,no_image
141279,Sporoschisma juvenile,,,,,,,,no_image
126793,Sporoxeia scorpiothyrsoides,斑叶八蕊花,,,,,,,no_image
18668,Squatinella longispinata,长刺鳞冠轮虫,,,,,,,no_image
142226,Stachybotrys mangiferae,,,,,,,,no_image
126808,Stachyopsis marrubioides,多毛假水苏,,,,,,,no_image
126832,Stachys oblongifolia,针筒菜,,,,,,,no_image
133821,Stagonospora liaoningensis,,,,,,,,no_image
65957,Stamnodes pauperaria,屏四斑尺蛾,,,,,,,no_image
65971,Stantonia xiangqianensis,湘黔角室茧蜂,,,,,,,no_image
2394,Staphyulaea nucleus,疣葡萄贝,,,,,,,no_image
126882,Stauranthera floribunda,多花十字苣苔,,,,,,,no_image
126899,Staurogyne sesamoides,大花叉柱花,,,,,,,no_image
65996,Stauropus skoui,司寇蚁舟蛾,,,,,,,no_image
11534,Steatoda cingulata,腰带肥腹蛛,,,,,,,no_image
11702,Steatoda tortoisea,乌龟肥腹蛛,,,,,,,no_image
151905,Steccherinum ochraceum,赭黄齿耳,,,,,,,no_image
66005,Stefaniola iliensis,伊犁旱瘿蚊,,,,,,,no_image
66025,Stegana brevibarba,短须冠果蝇,,,,,,,no_image
66045,Stegana flavipalpata,黄须冠果蝇,,,,,,,no_image
66065,Stegana longifibula,长锁冠果蝇,,,,,,,no_image
66105,Stegana rhomboica,菱叶冠果蝇,,,,,,,no_image
66085,Stegana nigrithorax,黑胸冠果蝇,,,,,,,no_image
66125,Stegana wuyishanensis,武夷山冠果蝇,,,,,,,no_image
3812,Steineria pulchra,美丽颈毛线虫,,,,,,,no_image
81951,Stegastes obreptus,斑棘眶锯雀鲷,,,,,,,no_image
126919,Stellaria aquatica,鹅肠菜,,,,,,,no_image
126953,Stellaria irrigua,冻原繁缕,,,,,,,no_image
126976,Stellaria petiolaris,细柄繁缕,,,,,,,no_image
6626,Stelletta globostellatta,球星星芒海绵,,,,,,,no_image
66156,Stemonocera unicinata,独纹角额实蝇,,,,,,,no_image
134124,Stemphylium ixeridis,,,,,,,,no_image
66172,Stenaesthetus taiwanensis,,,,,,,,no_image
66189,Stenchaetothrips undatus,二色直鬃蓟马,,,,,,,no_image
134144,Stemphylium variabilis,,,,,,,,no_image
66226,Stenischia exiensis,鄂西狭臀蚤,,,,,,,no_image
66247,Stenobothrus werneri,外高加索草地蝗,,,,,,,no_image
66204,Stenhomalus odai,,,,,,,,no_image
127008,Stenocoelium trichocarpum,毛果狭腔芹,,,,,,,no_image
66283,Stenocranus matsumurai,芦苇长突飞虱,,,,,,,no_image
66322,Stenodes cuspidata,尖突窄纹卷蛾,,,,,,,no_image
66302,Stenodema elegans,深色狭盲蝽,,,,,,,no_image
66350,Stenoloba jankowskii,兰纹夜蛾,,,,,,,no_image
66345,Stenodryas ventralis,,,,,,,,no_image
66370,Stenomastax laeta,,,,,,,,no_image
66389,Stenonabis fujianus,福建狭姬蝽,,,,,,,no_image
66409,Stenoponia dabashanensis,大巴山狭蚤,,,,,,,no_image
66505,Stenus cariniventris,,,,,,,,no_image
66440,Stenus acutiunguis,,,,,,,,no_image
66424,Stenostola atra,,,,,,,,no_image
66460,Stenus aspripennis,,,,,,,,no_image
66484,Stenus biplagiatus,,,,,,,,no_image
66525,Stenus cirrivestitus,,,,,,,,no_image
66547,Stenus cyanogaster,,,,,,,,no_image
66567,Stenus diversus,,,,,,,,no_image
66609,Stenus gestroi,,,,,,,,no_image
66649,Stenus indinoscibilis,,,,,,,,no_image
66629,Stenus hlavaci,,,,,,,,no_image
66587,Stenus feae,,,,,,,,no_image
66669,Stenus kuatunensis,,,,,,,,no_image
66691,Stenus lopchuensis,,,,,,,,no_image
66758,Stenus parvus,,,,,,,,no_image
66715,Stenus miwai,,,,,,,,no_image
66735,Stenus nibamontis,,,,,,,,no_image
66778,Stenus perscitus,,,,,,,,no_image
66799,Stenus proclinatus,,,,,,,,no_image
66821,Stenus rufescens,,,,,,,,no_image
66841,Stenus schuelkei,,,,,,,,no_image
66861,Stenus stigmatias,,,,,,,,no_image
66881,Stenus testaceopiceus,,,,,,,,no_image
66921,Stenus wuyimontium,,,,,,,,no_image
66901,Stenus variunguis,,,,,,,,no_image
127027,Stephania ebracteata,川南地不容,,,,,,,no_image
66941,Stenus zhongdianus,,,,,,,,no_image
7410,Stephanophyllia fungulus,菌状冠叶珊瑚,,,,,,,no_image
127050,Stephania miyiensis,米易地不容,,,,,,,no_image
127069,Sterculia henryi,蒙自苹婆,,,,,,,no_image
136625,Stereocaulon alpestre,山地珊瑚枝,,,,,,,no_image
136645,Stereocaulon kangdingense,康定珊瑚枝,,,,,,,no_image
136665,Stereocaulon tomentosum,茸珊瑚枝,,,,,,,no_image
152591,Stereum lithocarpi,栎韧革菌,,,,,,,no_image
152818,Stereosorus monochoriae,,,,,,,,no_image
127119,Stewartia micrantha,小花折柄茶,,,,,,,no_image
81984,Stethojulis bandanensis,黑星紫胸鱼,,,,,,,no_image
81971,Sterna hirundo,普通燕鸥,,,,,,,no_image
66992,Stichophthalma fruhstorferi,白兜箭环蝶,,,,,,,no_image
152611,Stereum strigoso-zonatum,环沟纹韧革菌,,,,,,,no_image
137203,Sticta cyphellulata,杯点牛皮叶,,,,,,,no_image
66972,Sthenias yunnanus,,,,,,,,no_image
6846,Stichodactyla haddoni,汉氏大海葵,,,,,,,no_image
67025,Stictoleptura dichroa,,,,,,,,no_image
67055,Stigmatophora palmata,掌痣苔蛾,,,,,,,no_image
67045,Stictoptera repleta,丰蕊夜蛾,,,,,,,no_image
137060,Stictis annulata,,,,,,,,no_image
67099,Stiliderus yunnanensis,,,,,,,,no_image
67060,Stilbina koreana,朝光夜蛾,,,,,,,no_image
67079,Stilicoderus helferi,,,,,,,,no_image
67118,Stilobezzia hirtaterga,毛背柱蠓,,,,,,,no_image
67137,Stilpon freidbergi,弗氏短脉舞虻,,,,,,,no_image
127166,Stipa lessingiana,细叶针茅,,,,,,,no_image
82005,Stomias nebulosus,星云巨口鱼,,,,,,,no_image
81993,Stiphodon multisquamus,多鳞枝牙鰕虎,,,,,,,no_image
81999,Stolephorus indicus,印度侧带小公鱼,,,,,,,no_image
17063,Stomylotrema spasskii,斯氏扁穴吸虫,,,,,,,no_image
67188,Stratiomys chamaeleon,异色水虻,,,,,,,no_image
67172,Strangalomorpha cavernosa,,,,,,,,no_image
67247,Streblocera shaowuensis,邵武长柄茧蜂,,,,,,,no_image
67207,Streblocera amplissima,长角长柄茧蜂,,,,,,,no_image
67227,Streblocera janus,神长柄茧蜂,,,,,,,no_image
2517,Strepsichordaia lendenfeldi,兰灯捻线海绵,,,,,,,no_image
143647,Striadiporites californicus,,,,,,,,no_image
143654,Stridiporosporites multistriatus,,,,,,,,no_image
134204,Strigula nitidula,,,,,,,,no_image
127230,Strobilanthes adpressa,紧贴马蓝,,,,,,,no_image
67280,Striglin roseus,红斜线网蛾,,,,,,,no_image
127254,Strobilanthes cumingiana,直立半插花,,,,,,,no_image
127277,Strobilanthes flexicaulis,曲茎兰嵌马蓝,,,,,,,no_image
127320,Strobilanthes ningmingensis,宁明金足草,,,,,,,no_image
127300,Strobilanthes lactucifolia,莴苣叶紫云菜,,,,,,,no_image
127340,Strobilanthes quadrifaria,四列马蓝,,,,,,,no_image
127360,Strobilanthes tamburensis,毛冠马蓝,,,,,,,no_image
149272,Strobilomyces areolatus,网盖松塔牛肝菌,,,,,,,no_image
149292,Strobilomyces velutinus,短绒松塔牛肝菌,,,,,,,no_image
147761,Strobilurus stephanocystis,大囊松果伞,,,,,,,no_image
10790,Strombus mutabilis,花凤螺,,,,,,,no_image
127387,Strophanthus gratus,旋花羊角拗,,,,,,,no_image
10809,Strombus aratrum,黑口凤螺,,,,,,,no_image
138420,Strossmayeria ostoyae,,,,,,,,no_image
67306,Strongyloneura prolata,瘦尾弧彩蝇,,,,,,,no_image
148374,Stropharia laceriannula,,,,,,,,no_image
127414,Strychnos wallichiana,长籽马钱,,,,,,,no_image
82041,Sturnia sinensis,灰背椋鸟,,,,,,,no_image
127421,Styloglossum formosanum,二列落苞兰,,,,,,,no_image
67343,Styloperla jiangxiensis,江西刺(虫责),,,,,,,no_image
67356,Stylotermes curvatus,弯颚杆白蚁,,,,,,,no_image
67376,Stylotermes triplanus,三平杆白蚁,,,,,,,no_image
127428,Styphnolobium japonicum,槐,,,,,,,no_image
127458,Styrax huanus,墨泡,,,,,,,no_image
127489,Suaeda dendroides,木碱蓬,,,,,,,no_image
67398,Styringomyia ceylonica,锡兰香大蚊,,,,,,,no_image
67414,Suarius helana,贺兰俗草蛉,,,,,,,no_image
67438,Subulatus flavidus,黄背锥茎叶蝉,,,,,,,no_image
9311,Suctobelbella conica,锥小盾珠甲螨,,,,,,,no_image
7082,Sugiura chengshanense,嵊山秀氏水母,,,,,,,no_image
7658,Suberogorgia reticulata,网状软柳珊瑚,,,,,,,no_image
149582,Suillus brevipes,短柄乳牛肝菌,,,,,,,no_image
149602,Suillus lactifluus,乳黄黏盖牛肝菌,,,,,,,no_image
149622,Suillus spectabilis,美色黏盖牛肝菌,,,,,,,no_image
67463,Suinzona laboissierei,莱氏梭形叶甲,,,,,,,no_image
127519,Sunipia annamensis,绿花大苞兰,,,,,,,no_image
67478,Sulcicnephia brevineckoi,短领畦克蚋,,,,,,,no_image
18747,Superodontella yinae,,,,,,,,no_image
67489,Sumatria chiekoae,因他苏彩蝇,,,,,,,no_image
82068,Surnia ulula,猛鸮,,,,,,,no_image
127554,Swertia delavayi,丽江獐牙菜,,,,,,,no_image
127630,Swertia veratroides,藜芦獐牙菜,,,,,,,no_image
127583,Swertia kouitchensis,贵州獐牙菜,,,,,,,no_image
127607,Swertia pianmaensis,片马獐牙菜,,,,,,,no_image
67529,Sweltsa recurvata,反曲长绿(虫责),,,,,,,no_image
67584,Sybra unipunctata,,,,,,,,no_image
67539,Sybistroma compressus,扁角粗柄长足虻,,,,,,,no_image
67559,Sybistroma yunnanensis,云南粗柄长足虻,,,,,,,no_image
425,Syllidia armata,海裂虫,,,,,,,no_image
127644,Symblepharis oncophoroides,大合睫藓,,,,,,,no_image
67638,Sympetrum infuscatum,褐顶赤蜻,,,,,,,no_image
1584,Sympagurus chani,陈氏合寄居蟹,,,,,,,no_image
67664,Sympherobius tuomurensis,托木尔益蛉,,,,,,,no_image
67670,Sympiesis acrobasidis,顶台羽角姬小蜂,,,,,,,no_image
67690,Symplecta chosenensis,朝鲜合大蚊,,,,,,,no_image
7842,Symphyllia valenciennesii,华伦合叶珊瑚,,,,,,,no_image
127682,Symplocos chaoanensis,潮安山矾,,,,,,,no_image
127709,Symplocos migoi,宜兰山矾,,,,,,,no_image
67708,Sympycnus luteoviridis,浅绿合长足虻,,,,,,,no_image
127731,Symplocos theophrastifolia,黄牛奶树,,,,,,,no_image
1366,Synalpheus nilandensis,尼兰合鼓虾,,,,,,,no_image
13041,Synagelides huangsangensis,黄桑合跳蛛,,,,,,,no_image
12770,Synagelides zhaoi,赵氏合跳蛛,,,,,,,no_image
13793,Synaphosus femininis,阴合蛛,,,,,,,no_image
156091,Syncephalis reflexa,,,,,,,,no_image
82126,Synchiropus delandi,戴氏连鳍[鱼衔],,,,,,,no_image
67753,Syneches furcatus,叉突柄驼舞虻,,,,,,,no_image
67733,Syndicus qiong,,,,,,,,no_image
67722,Syndemis axigera,褐综卷蛾,,,,,,,no_image
67773,Syneches tibetanus,西藏柄驼舞虻,,,,,,,no_image
14802,Synema zonatum,带花叶蛛,,,,,,,no_image
8447,Synidotea laecidorsalis,光背节鞭水虱,,,,,,,no_image
2476,Synonchiella riemanni,,,,,,,,no_image
127771,Synotis chingiana,子农合耳菊,,,,,,,no_image
127791,Synotis palmatisecta,掌裂合耳菊,,,,,,,no_image
67811,Syntormon guizhouense,贵州嵌长足虻,,,,,,,no_image
127811,Synstemon petrovii,连蕊芥,,,,,,,no_image
67839,Syntypistis nigribasalis,黑基胯舟蛾,,,,,,,no_image
127817,Syntrichia gemmascens,芽胞赤藓,,,,,,,no_image
67886,Syrastrenopsis moltrechti,拟痕枯叶蛾,,,,,,,no_image
67864,Sypnoides amplifascia,大析夜蛾,,,,,,,no_image
67894,Syritta indica,印度粗股蚜蝇,,,,,,,no_image
67910,Syrphus nigrilinearus,黑条蚜蝇,,,,,,,no_image
127868,Syrrhopodon prolifer,巴西网藓,,,,,,,no_image
67925,Systoechus ctenopterus,栉翼卷蜂虻,,,,,,,no_image
67945,Systropus cylindratus,锥状姬蜂虻,,,,,,,no_image
67965,Systropus henanus,河南姬蜂虻,,,,,,,no_image
127877,Syzygiella nipponica,东亚对耳苔,,,,,,,no_image
67985,Systropus perniger,颇黑姬蜂虻,,,,,,,no_image
127897,Syzygium claviflorum,棒花蒲桃,,,,,,,no_image
127919,Syzygium impressum,凹脉赤楠,,,,,,,no_image
127943,Syzygium polypetaloideum,假多瓣蒲桃,,,,,,,no_image
127963,Syzygium vestitum,毛脉蒲桃,,,,,,,no_image
68011,Tabanus aurepiloides,拟金毛虻,,,,,,,no_image
68093,Tabanus liangshanensis,凉山虻,,,,,,,no_image
68033,Tabanus cementus,垩石虻,,,,,,,no_image
68053,Tabanus fujianensis,福建虻,,,,,,,no_image
68073,Tabanus humiloides,拟矮小虻,,,,,,,no_image
68153,Tabanus parawuyishanensis,副武夷山虻,,,,,,,no_image
68113,Tabanus miki,迈克虻,,,,,,,no_image
68133,Tabanus okinawanoides,拟冲绳虻,,,,,,,no_image
68173,Tabanus russatoides,拟棕体虻,,,,,,,no_image
68222,Tachina albidopilosa,白毛寄蝇,,,,,,,no_image
68193,Tabanus subpullomaculatus,亚暗斑虻,,,,,,,no_image
68213,Tabanus yishanensis,沂山虻,,,,,,,no_image
68242,Tachina furcipennis,杈肛寄蝇,,,,,,,no_image
68323,Tachinus hujiayaoi,,,,,,,,no_image
68262,Tachina mongolica,蒙古寄蝇,,,,,,,no_image
68282,Tachina subcinerea,亚灰寄蝇,,,,,,,no_image
68303,Tachinus binotatus,,,,,,,,no_image
68343,Tachinus marginatus,,,,,,,,no_image
68364,Tachinus rufipennis,,,,,,,,no_image
68383,Tachydromia bistigma,双斑合室舞虻,,,,,,,no_image
68401,Tachyporus hypnorum,,,,,,,,no_image
127984,Taeniophyllum biocellatum,双眼带叶兰,,,,,,,no_image
68419,Tachyusa hammondi,,,,,,,,no_image
82186,Taeniura meyeni,迈氏条尾魟,,,,,,,no_image
128006,Tainia epiphytica,金平带唇兰,,,,,,,no_image
68458,Tagonoides zamotailovi,弯胫塔琵甲,,,,,,,no_image
12707,Taira sichuanensis,四川胎拉蛛,,,,,,,no_image
68508,Taiwania nigrocastanea,栗黑台龟甲,,,,,,,no_image
68488,Taiwania culminis,黑顶台龟甲,,,,,,,no_image
9164,Taiwanoppia subtropica,亚热台奥甲螨,,,,,,,no_image
16897,Takaoia sauteri,索氏高雄盲蛛,,,,,,,no_image
82189,Takifugu coronoidus,晕环多纪鲀,,,,,,,no_image
68530,Taiwania spaethiana,北粤台龟甲,,,,,,,no_image
11481,Takayus takayensis,高汤高蛛,,,,,,,no_image
134561,Talaromyces trachyspermus,,,,,,,,no_image
82209,Takydromus amurensis,黑龙江草蜥,,,,,,,no_image
4113,Talonostrea talonata,猫爪牡蛎,,,,,,,no_image
128058,Tanacetum falconeri,西藏菊蒿,,,,,,,no_image
128045,Tamarix leptostachya,细穗柽柳,,,,,,,no_image
12247,Tamgrinia palpator,触形塔姆蛛,,,,,,,no_image
68600,Tanaorhinus kina,斑镰翅绿尺蛾,,,,,,,no_image
82240,Tanichthys flavianalis,黄臀唐鱼,,,,,,,no_image
68647,Taoia indica,桤木陶斑蚜,,,,,,,no_image
144918,Taphrina deformans,,,,,,,,no_image
68627,Tanypus punctipennis,刺铗长足摇蚊,,,,,,,no_image
128085,Taraxacum album,白蒲公英,,,,,,,no_image
128105,Taraxacum damnabile,丑蒲公英,,,,,,,no_image
128145,Taraxacum multisectum,异苞蒲公英,,,,,,,no_image
14069,Tapinocyba kolymensis,尖盾大蛛,,,,,,,no_image
128125,Taraxacum iliense,伊犁蒲公英,,,,,,,no_image
128204,Tarenna austrosinensis,华南乌口树,,,,,,,no_image
128185,Taraxacum subcalanthodium,亚大头蒲公英,,,,,,,no_image
128165,Taraxacum puberulum,疏毛蒲公英,,,,,,,no_image
128226,Tashiroea biglandularis,双腺鸭脚茶,,,,,,,no_image
68703,Tauchira damingshana,大明山板突蝗,,,,,,,no_image
68676,Targalla palliatrix,浮尾夜蛾,,,,,,,no_image
68679,Tarsolepis elephantorum,象银斑舟蛾,,,,,,,no_image
128262,Taxillus vestitus,短梗钝果寄生,,,,,,,no_image
143665,Taxomyces andreanae,,,,,,,,no_image
128311,Tectaria chinensis,中华轴脉蕨,,,,,,,no_image
128304,Tayloria serrata,齿边小壶藓,,,,,,,no_image
128331,Tectaria membranacea,毛叶轴脉蕨,,,,,,,no_image
9028,Tectocepheus minor,小盖头甲螨,,,,,,,no_image
68729,Teia gonostigma,角斑台毒蛾,,,,,,,no_image
6287,Telescopium telescopium,望远蟹守螺,,,,,,,no_image
2234,Tegillarca nodifera,结蚶,,,,,,,no_image
10024,Tegolophus magnutuberclus,,,,,,,,no_image
10129,Tegolophus zizyphagus,,,,,,,,no_image
7934,Teissiera polypofera,螅芽拟镰螅水母,,,,,,,no_image
11301,Telema auricoma,金毛泰莱蛛,,,,,,,no_image
5433,Tellinella radians,光亮小樱蛤,,,,,,,no_image
68789,Telomerina levicana,官山泽小粪蝇,,,,,,,no_image
82270,Tenuidactylus elongatus,长细趾虎,,,,,,,no_image
68816,Tephritis collina,丘斑花翅实蝇,,,,,,,no_image
68804,Temnostoma vespiforme,胡拟木蚜蝇,,,,,,,no_image
4891,Temnaspis amygdalum,扁桃盾茗荷,,,,,,,no_image
68836,Tephritis nebulosa,云斑花翅实蝇,,,,,,,no_image
9921,Tenuipalpus sanyaensis,,,,,,,,no_image
82272,Tephrodornis virgatus,钩嘴林鵙,,,,,,,no_image
128378,Tephrosia ionophlebia,台湾灰毛豆,,,,,,,no_image
68854,Teratoglaea pacifica,曲翼冬夜蛾,,,,,,,no_image
68866,Teratozephyrus zhejiangensis,浙江铁灰蝶,,,,,,,no_image
2285,Teredo samoaensis,萨摩亚船蛆,,,,,,,no_image
68887,Teretrius formosus,台湾条阎甲,,,,,,,no_image
68898,Termophidoholus formosanus,,,,,,,,no_image
68899,Terpsimyia semicinctus,半带愉悦长足虻,,,,,,,no_image
147061,Termitomyces globulus,球形鸡枞菌,,,,,,,no_image
128393,Terminalia bellirica,毗黎勒,,,,,,,no_image
68909,Terthreutis bipunctata,双斑卷蛾,,,,,,,no_image
18316,Testudinella patina,盘镜轮虫,,,,,,,no_image
10528,Tetra diamantiacae,,,,,,,,no_image
10624,Tetra polygonumnis,,,,,,,,no_image
68964,Tethea pseudomaculata,拟太波纹蛾,,,,,,,no_image
143674,Tetracladium furcatum,,,,,,,,no_image
68971,Tetrabothrus breviatus,,,,,,,,no_image
14962,Tetragnatha chiyokoae,千代肖蛸,,,,,,,no_image
128428,Tetradium austrosinense,华南吴萸,,,,,,,no_image
14942,Tetragnatha pinicola,羽斑肖蛸,,,,,,,no_image
14899,Tetragnatha zhaoya,赵丫肖蛸,,,,,,,no_image
128441,Tetraphis geniculata,疣柄四齿藓,,,,,,,no_image
69018,Tetraneura triangula,角四脉绵蚜,,,,,,,no_image
68999,Tetralonia yunnanensis,云南四条蜂,,,,,,,no_image
9533,Tetranycopsis hystriciformis,,,,,,,,no_image
143680,Tetraposporium asterinearum,,,,,,,,no_image
9515,Tetranychus ludeni,,,,,,,,no_image
128454,Tetrastigma cauliflorum,茎花崖爬藤,,,,,,,no_image
69074,Tetrix bipunctata,二斑蚱,,,,,,,no_image
69047,Tetrastichus clavicornis,刺角卵腹啮小蜂,,,,,,,no_image
69097,Tetrix tubercarina,瘤脊蚱,,,,,,,no_image
128507,Tetrastigma yunnanense,云南崖爬藤,,,,,,,no_image
69142,Teuchophorus yunnanensis,云南脉胝长足虻,,,,,,,no_image
128476,Tetrastigma macrocorymbum,伞花崖爬藤,,,,,,,no_image
82322,Tetrosomus reipublicae,小棘真三棱箱鲀,,,,,,,no_image
69122,Teucholabis aberrans,晃甲大蚊,,,,,,,no_image
128560,Teyleria stricta,紫花琼豆,,,,,,,no_image
128544,Teucrium scordioides,沼泽香科科,,,,,,,no_image
17502,Thais jubilaea,鬃荔枝螺,,,,,,,no_image
119,Thalamita quadridentata,四齿短桨蟹,,,,,,,no_image
111,Thalamita edwardsi,光螯短桨蟹,,,,,,,no_image
2211,Thalamoporella tubifera,细管托孔苔虫,,,,,,,no_image
69170,Thalatha sinens,纶夜蛾,,,,,,,no_image
69161,Thalassodes immissaria,渺樟翠尺蛾,,,,,,,no_image
128585,Thalictrum chelidonii,珠芽唐松草,,,,,,,no_image
19422,Thalassaphorura problematica,,,,,,,,no_image
128615,Thalictrum grandidentatum,巨齿唐松草,,,,,,,no_image
128638,Thalictrum minshanicum,岷山唐松草,,,,,,,no_image
128690,Thalictrum tenuisubulatum,玷柱唐松草,,,,,,,no_image
128666,Thalictrum robustum,粗壮唐松草,,,,,,,no_image
156015,Thamnidium elegans,枝霉,,,,,,,no_image
137036,Thalloloma microsporum,微孢枝盘衣,,,,,,,no_image
12580,Thanatus arcticus,北极狼逍遥蛛,,,,,,,no_image
154771,Thecaphora oxytropis,棘豆黑粉病,,,,,,,no_image
69196,Thaumantis diores,紫斑环蝶,,,,,,,no_image
69216,Thaumatosmylus punctulosus,小点虹溪蛉,,,,,,,no_image
69245,Thecophora fulvipes,黄微蜂眼蝇,,,,,,,no_image
154509,Thekopsora rubiae,茜草盖痂锈菌,,,,,,,no_image
152687,Thelephora fuscella,棕色革菌,,,,,,,no_image
128727,Theligonum japonicum,日本假繁缕,,,,,,,no_image
69266,Thelaira solivaga,撒立柔寄蝇,,,,,,,no_image
69272,Thelymyia saltuum,飞舞荫寄蝇,,,,,,,no_image
69286,Theophila religiosa,直线野蚕蛾,,,,,,,no_image
69308,There suffusa,白眉斜纹天蛾,,,,,,,no_image
69275,Themira annulipes,轮环温热鼓翅蝇,,,,,,,no_image
142134,Thelonectria trachosa,,,,,,,,no_image
11670,Theridion varians,多色球蛛,,,,,,,no_image
11761,Theridion familiare,家球蛛,,,,,,,no_image
11563,Theridion melanostictum,背石球蛛,,,,,,,no_image
69315,Therioaphis riehmi,来氏彩斑蚜,,,,,,,no_image
134564,Thermoascus crustaceus,,,,,,,,no_image
128768,Theropogon pallidus,夏须草,,,,,,,no_image
128788,Thesium saxatile,砾地百蕊草,,,,,,,no_image
12843,Thiania luteobrachialis,黄枝方胸蛛,,,,,,,no_image
69359,Thienemannimyia barberi,巴特长足摇蚊,,,,,,,no_image
69399,Thinophilus insertus,灰白滨长足虻,,,,,,,no_image
69379,Thinodromus candidus,,,,,,,,no_image
128825,Thladiantha nudiflora,南赤瓟,,,,,,,no_image
128801,Thismia malipoensis,麻栗坡水玉杯,,,,,,,no_image
14734,Thomisops sanmen,三门卷蟹蛛,,,,,,,no_image
5183,Thor maldivensis,马岛托虾,,,,,,,no_image
69440,Thoracostrongylus aduncatus,,,,,,,,no_image
141285,Thozetella nivea,,,,,,,,no_image
69460,Thoressa horishana,黄条陀弄蝶,,,,,,,no_image
69495,Thressa longimaculata,长斑羽芒秆蝇,,,,,,,no_image
69516,Thrips alliorum,葱韭蓟马,,,,,,,no_image
69536,Thrips vulgatissimus,普通蓟马,,,,,,,no_image
128860,Thrixspermum subulatum,厚叶白点兰,,,,,,,no_image
128873,Thuidium plumulosum,毛尖羽藓,,,,,,,no_image
128865,Thuarea involuta,砂滨草,,,,,,,no_image
128892,Thunia alba,笋兰,,,,,,,no_image
69585,Thymelicus sylvaticus,黑豹弄蝶,,,,,,,no_image
12803,Thyene radialis,射纹莎茵蛛,,,,,,,no_image
69598,Thyreocephalus feae,,,,,,,,no_image
7673,Thysanostoma flagellatum,鞭腕丝胃水母,,,,,,,no_image
128904,Thymus mongolicus,百里香,,,,,,,no_image
69616,Thyridosmylus maolanus,茂兰窗溪蛉,,,,,,,no_image
82382,Thyrsitoides marleyi,黑鳍蛇鲭,,,,,,,no_image
12578,Tibellus tenellus,娇长逍遥蛛,,,,,,,no_image
69647,Tigrioides fulveola,黄纹苔蛾,,,,,,,no_image
128935,Ticanto caesia,粉叶南天藤,,,,,,,no_image
128978,Tilia saxatilis,石山椴,,,,,,,no_image
152899,Tilletia brachypodii-ramosi,,,,,,,,no_image
69669,Timia punctulata,具点誉斑蝇,,,,,,,no_image
152919,Tilletia levis,,,,,,,,no_image
152939,Tilletia vittata,,,,,,,,no_image
5565,Tindaria jinxingae,金星廷达蛤,,,,,,,no_image
69677,Timomenus iterams,引乔球螋,,,,,,,no_image
69725,Tipula apicidenticulata,齿端尖大蚊,,,,,,,no_image
69710,Tinocallis zelkowae,榉长斑蚜,,,,,,,no_image
69745,Tipula biserra,锯缘蜚大蚊,,,,,,,no_image
69767,Tipula cremeri,黑柄蜚大蚊,,,,,,,no_image
69787,Tipula exquisita,精美华大蚊,,,,,,,no_image
69807,Tipula gressitti,简单大蚊,,,,,,,no_image
69827,Tipula immota,窄突蜚大蚊,,,,,,,no_image
69847,Tipula kwanhsienana,灌县蜚大蚊,,,,,,,no_image
69887,Tipula mutiloides,锹尾普大蚊,,,,,,,no_image
69867,Tipula macarta,小齿普大蚊,,,,,,,no_image
69947,Tipula savionis,萨氏普大蚊,,,,,,,no_image
69907,Tipula palesoides,镰刀大蚊,,,,,,,no_image
69927,Tipula pluriguttata,褐星大蚊,,,,,,,no_image
69967,Tipula strictiva,晦胸毛脉大蚊,,,,,,,no_image
69987,Tipula thibetana,康巴华大蚊,,,,,,,no_image
14672,Tmarus shuquianglii,枢强峭腹蛛,,,,,,,no_image
129016,Tirpitzia ovoidea,米念芭,,,,,,,no_image
70031,Titulcia argyroplaga,银表夜蛾,,,,,,,no_image
70009,Tipula xingshana,兴山蜚大蚊,,,,,,,no_image
70065,Tolmerinus auronotatus,,,,,,,,no_image
70057,Tokunagaia kurodeea,黑部雅明摇蚊,,,,,,,no_image
129022,Tofieldia divergens,叉柱岩菖蒲,,,,,,,no_image
82402,Tomiyamichthys smithi,史氏富山鰕虎,,,,,,,no_image
154965,Tolyposporium globuligerum,球褶孢黑粉菌,,,,,,,no_image
19131,Tomocerus deogyuensis,,,,,,,,no_image
19140,Tomocerus multisetus,,,,,,,,no_image
129048,Tongoloa xinlongensis,新龙东俄芹,,,,,,,no_image
70093,Tongeia ion,淡纹玄灰蝶,,,,,,,no_image
3737,Tomopteris nationalis,玫腺浮蚕,,,,,,,no_image
19170,Tomocerus virgatus,,,,,,,,no_image
82403,Tonkinomys daovantieni,道氏东京鼠,,,,,,,no_image
12311,Tonsilla tautispina,远刺扁桃蛛,,,,,,,no_image
70113,Topomyia longisetosa,长鬃局限蚊,,,,,,,no_image
129059,Tordyliopsis brunonis,阔翅芹,,,,,,,no_image
129081,Torreya jackii,长叶榧,,,,,,,no_image
70130,Torodora chinanensis,华瘤祝蛾,,,,,,,no_image
70150,Torodora notacma,甲瘤祝蛾,,,,,,,no_image
129098,Tortula laureri,泛生链齿藓,,,,,,,no_image
82415,Torpedo tokionis,东京电鳐(圆电鳐),,,,,,,no_image
13053,Toxeus magnus,大射手蛛,,,,,,,no_image
129150,Toxicodendron yunnanense,云南漆,,,,,,,no_image
143687,Torulopsis globosa,,,,,,,,no_image
143689,Toxosporiopsis sinensis,,,,,,,,no_image
70182,Toxopoda simplex,简单箭叶鼓翅蝇,,,,,,,no_image
129170,Trachelospermum dunnii,锈毛络石,,,,,,,no_image
70218,Trachea microspila,白点陌夜蛾,,,,,,,no_image
82448,Trachonurus sentipellis,糙皮粗尾鳕,,,,,,,no_image
2142,Trachycardium arenicolum,沙糙鸟蛤,,,,,,,no_image
129180,Trachycystis flagellaris,鞭枝疣灯藓,,,,,,,no_image
82452,Trachypithecus francoisi,黑叶猴,,,,,,,no_image
129206,Trachyspermum ammi,细叶糙果芹,,,,,,,no_image
82460,Tragopan blythii,灰腹角雉,,,,,,,no_image
151818,Trametes elegans,雅致栓菌,,,,,,,no_image
129233,Tragopogon songoricus,准噶尔婆罗门参,,,,,,,no_image
9004,Transoribates monodactylus,,,,,,,,no_image
4047,Trapezia cymodoce,毛掌梯形蟹,,,,,,,no_image
151838,Trametes pini,,,,,,,,no_image
155057,Tranzscheliella minima,小茎黑粉菌,,,,,,,no_image
3483,Trapezium sowerbyi,索氏稜蛤,,,,,,,no_image
152712,Trechispora candidissima,亮白糙孢孔菌,,,,,,,no_image
143690,Tremateia halophila,,,,,,,,no_image
154698,Tremella effusa,展生银耳,,,,,,,no_image
70290,Trentepohlia enervata,无脉弯脉大蚊,,,,,,,no_image
82491,Treron sphenurus,楔尾绿鸠,,,,,,,no_image
82496,Triacanthus nieuhofii,牛氏三刺鲀,,,,,,,no_image
154718,Tremella microspora,小孢银耳,,,,,,,no_image
70309,Triartiger nomurai,,,,,,,,no_image
70328,Tribasodites tiani,,,,,,,,no_image
15429,Tricalamus papilionaceus,碟斑三栉蛛,,,,,,,no_image
70338,Tricentrus allabens,白胸三刺角蝉,,,,,,,no_image
70398,Tricentrus neofulgidus,新耀三刺角蝉,,,,,,,no_image
70418,Tricentrus strumpeli,斯氏三刺角蝉,,,,,,,no_image
70378,Tricentrus fuscolimbatus,暗膜三刺角蝉,,,,,,,no_image
70358,Tricentrus crassispinatus,粗三刺角蝉,,,,,,,no_image
136817,Tricharia vainioi,万氏毛蜡衣,,,,,,,no_image
143695,Trichobotrys effusa,,,,,,,,no_image
18387,Trichocerca iernis,细齿异尾轮虫,,,,,,,no_image
18375,Trichocerca uncinata,钩状异尾轮虫,,,,,,,no_image
70468,Trichoclinocera naumanni,弯须毛脉溪舞虻,,,,,,,no_image
70456,Trichochrysea okinawana,冲绳毛肖叶甲台湾亚种,,,,,,,no_image
141957,Trichoderma sinuosum,,,,,,,,no_image
141977,Trichoderma yunnanense,,,,,,,,no_image
141937,Trichoderma nigrovirens,,,,,,,,no_image
141897,Trichoderma arundinaceum,,,,,,,,no_image
141917,Trichoderma erinaceum,,,,,,,,no_image
70509,Trichoglossina volans,,,,,,,,no_image
70489,Trichoglossina acutissima,,,,,,,,no_image
134910,Trichoglossum velutipes,绒柄毛舌菌,,,,,,,no_image
148633,Tricholoma bakamatsutake,栎松口蘑,,,,,,,no_image
70548,Trichogrammatoidea nana,爪哇分索赤眼蜂,,,,,,,no_image
148673,Tricholoma lobayense,洛巴口蘑,,,,,,,no_image
70528,Trichogramma japonicum,稻螟赤眼蜂,,,,,,,no_image
148653,Tricholoma flavobrunneum,,,,,,,,no_image
148693,Tricholoma psammopus,棘柄口蘑,,,,,,,no_image
148732,Tricholomopsis rutilans,赭红拟口蘑,,,,,,,no_image
70567,Trichomachimus scutellaris,盾三叉食虫虻,,,,,,,no_image
148713,Tricholoma terreum,棕灰口蘑,,,,,,,no_image
138756,Trichopeziza mollissima,,,,,,,,no_image
70587,Trichomalopsis peregrina,佩克氏金小峰,,,,,,,no_image
70609,Trichoplites albimaculosa,珠脊尺蛾,,,,,,,no_image
70648,Trichorondonia hybolasioides,,,,,,,,no_image
138760,Trichoscypha insititia,,,,,,,,no_image
82507,Trichonotus elegans,美丽毛背鱼,,,,,,,no_image
129297,Trichophorum distigmaticum,双柱头蔺藨草,,,,,,,no_image
70629,Trichopterigia yoshimotoi,妖洱尺蛾,,,,,,,no_image
129325,Trichosanthes ovata,卵叶栝楼,,,,,,,no_image
70664,Trichosia trapezia,梯鞭毛眼蕈蚊,,,,,,,no_image
140973,Trichosporon sinense,中国丝孢酵母,,,,,,,no_image
70673,Trichotheca elongata,长角齿股肖叶甲,,,,,,,no_image
129376,Tricyrtis latifolia,宽叶油点草,,,,,,,no_image
139040,Tricladium chaetocladium,,,,,,,,no_image
18529,Trichotria curta,短趾鬼轮虫,,,,,,,no_image
82513,Tridentiger brevispinis,短棘缟鰕虎,,,,,,,no_image
129415,Trigonella cancellata,网脉胡卢巴,,,,,,,no_image
129394,Trifolium aureum,金黄车轴草,,,,,,,no_image
70720,Trigomphus agricola,野居棘尾春蜓,,,,,,,no_image
129423,Trigonostemon bonianus,勐仑三宝木,,,,,,,no_image
70750,Trigonodemus montanus,,,,,,,,no_image
70772,Trigonotylus yangi,杨氏赤须盲蝽,,,,,,,no_image
129473,Trigonotis myosotidea,水甸附地菜,,,,,,,no_image
129445,Trigonotis floribunda,多花附地菜,,,,,,,no_image
129496,Trillium camschatcense,吉林延龄草,,,,,,,no_image
82522,Trimeresurus hongheensis,红河竹叶青蛇,,,,,,,no_image
9720,Trimeroptes aleyrodiformis,,,,,,,,no_image
70784,Triomicrus algon,,,,,,,,no_image
138802,Trimmatostroma scutellare,,,,,,,,no_image
70820,Tripetalocera tonkinensis,越南三棱角蚱,,,,,,,no_image
70842,Triphosa tersa,净斑光尺蛾,,,,,,,no_image
70804,Triomicrus pinnatus,,,,,,,,no_image
70848,Triphysa phryne,蟾眼蝶,,,,,,,no_image
82575,Triplophysa baotianensis,保田高原鳅,,,,,,,no_image
82635,Triplophysa papillosolabiata,重穗唇高原鳅,,,,,,,no_image
82615,Triplophysa longipectoralis,长鳍高原鳅,,,,,,,no_image
82595,Triplophysa gerzeensis,改则高原鳅,,,,,,,no_image
82677,Triplophysa yunnanensis,云南高原鳅,,,,,,,no_image
82655,Triplophysa stoliczkai,斯氏高原鳅,,,,,,,no_image
129529,Tripogon sichuanicus,四川草沙蚕,,,,,,,no_image
70853,Tripteroides indicus,印度杵蚊,,,,,,,no_image
129548,Tripterospermum membranaceum,膜叶双蝴蝶,,,,,,,no_image
70872,Triraogus longitergum,长背三缝茧蜂,,,,,,,no_image
129556,Trisetum altaicum,高山三毛草,,,,,,,no_image
70907,Trisunius discrepans,,,,,,,,no_image
70931,Trixa rufiventris,红腹特西寄蝇,,,,,,,no_image
70889,Trissopelopia lanceolata,柳毛三叉粗腹摇蚊,,,,,,,no_image
70921,Tritneptis macrocentri,长距茧蜂翠金小蜂,,,,,,,no_image
129589,Triumfetta grandidens,粗齿刺蒴麻,,,,,,,no_image
129598,Trochodendron aralioides,昆栏树,,,,,,,no_image
12477,Troglocoelotes yumiganensis,玉米杆洞隙蛛,,,,,,,no_image
4495,Trochus conus,尖角马蹄螺,,,,,,,no_image
70943,Tropicomyza atomella,微小热潜蝇,,,,,,,no_image
70956,Tropidocephala longispina,长刺匙顶飞虱,,,,,,,no_image
129602,Trollius buddae,川陕金莲花,,,,,,,no_image
134231,Trypethelium tropicum,热带乳嘴衣,,,,,,,no_image
70968,Tropimenelytron alishanum,,,,,,,,no_image
71008,Trypeta itoi,伊藤氏实蝇,,,,,,,no_image
70993,Trupanea guttistella,端纹星斑实蝇,,,,,,,no_image
141039,Truncatella angustata,,,,,,,,no_image
71035,Tsaitermes oreophilus,喜山蔡白蚁,,,,,,,no_image
7121,Tubastrea coccinea,猩红筒星珊瑚,,,,,,,no_image
140930,Tuber lyoni,,,,,,,,no_image
71058,Tuberculatus grisipunctatus,灰点侧棘斑蚜,,,,,,,no_image
140950,Tuber zhongdianense,中甸块菌,,,,,,,no_image
154808,Tuburcinia rodgersiae,,,,,,,,no_image
152724,Tubulicium vermiferum,虫状管齿菌,,,,,,,no_image
154788,Tuburcinia brassicae,,,,,,,,no_image
71076,Tuberenes robustipes,,,,,,,,no_image
136362,Tuckneraria laxa,松软缘毛衣,,,,,,,no_image
145535,Tulostoma kotlabae,小柄灰包,,,,,,,no_image
129666,Tulipa tarbagataica,塔城郁金香,,,,,,,no_image
71082,Tumeochrysa issikii,台湾多阶草蛉,,,,,,,no_image
71099,Tupiocoris annulifer,环图盲蝽,,,,,,,no_image
82782,Turdus ruficollis,赤颈鸫,,,,,,,no_image
7102,Turbinaria irregularis,不规则陀螺珊瑚,,,,,,,no_image
82754,Turdus boulboul,灰翅鸫,,,,,,,no_image
4383,Turris normandavidsoni,诺曼塔螺,,,,,,,no_image
129688,Turpinia montana,山香圆,,,,,,,no_image
71119,Tvetenia calvescens,秃特维摇蚊,,,,,,,no_image
4652,Tylocarcinus meijensis,美济瘤结蟹,,,,,,,no_image
129707,Tylophora arenicola,虎须娃儿藤,,,,,,,no_image
129727,Tylophora membranacea,膜叶娃儿藤,,,,,,,no_image
149320,Tylopilus neofelleus,新苦粉孢牛肝菌,,,,,,,no_image
149300,Tylopilus areolatus,花盖粉孢牛肝菌,,,,,,,no_image
4233,Tylotiella obliquatus,斜瘤螺,,,,,,,no_image
139084,Tympanis pitya,,,,,,,,no_image
149340,Tylopilus vinosobrunneus,紫褐粉孢牛肝菌,,,,,,,no_image
71146,Tylotropidius rufipennis,红翅棒腿蝗,,,,,,,no_image
129757,Typha pallida,球序香蒲,,,,,,,no_image
148753,Typhula micans,,,,,,,,no_image
1057,Typosyllis lutea,黄色模裂虫,,,,,,,no_image
82820,Typhlomys chapensis,沙巴猪尾鼠,,,,,,,no_image
82826,Tyrannophryne pugnax,暴龙蜍鮟鱇,,,,,,,no_image
150965,Tyromyces sambuceus,接骨木状干酪菌,,,,,,,no_image
3128,Uca paradussumieri,拟屠氏招潮,,,,,,,no_image
129777,Udotea velutina,茸毛钙扇藻,,,,,,,no_image
129789,Ulmus davidiana,黑榆,,,,,,,no_image
71210,Ula comes,合胶大蚊,,,,,,,no_image
15293,Uloborus cellarius,住室妩蛛,,,,,,,no_image
137714,Umbilicaria cylindrica,花石耳,,,,,,,no_image
129826,Ulota panchengiana,散孔卷叶藓,,,,,,,no_image
6895,Umbellulifera oreni,欧氏伞花软珊瑚,,,,,,,no_image
137734,Umbilicaria lyngei,网脊平盘石耳,,,,,,,no_image
137754,Umbilicaria spodochroa,灰叶石耳,,,,,,,no_image
129840,Uncaria homomalla,北越钩藤,,,,,,,no_image
138209,Uncinula hydrangeae,,,,,,,,no_image
82837,Upeneus luzonius,吕宋绯鲤,,,,,,,no_image
82844,Upupa epops,戴胜,,,,,,,no_image
71261,Uranotaenia stricklandi,斯氏蓝带蚊,,,,,,,no_image
71241,Uranotaenia bicolor,双色蓝带蚊,,,,,,,no_image
82852,Uraspis helvola,白舌尾甲鲹,,,,,,,no_image
154520,Uredinopsis macrosperma,,,,,,,,no_image
140901,Urnula rhytidia,,,,,,,,no_image
154827,Urocystis cepulae,洋葱条黑粉菌,,,,,,,no_image
13650,Uroctea compactilis,华南壁钱,,,,,,,no_image
154847,Urocystis koeleriae,草条黑粉菌,,,,,,,no_image
154246,Uromyces aberrans,异形单胞锈菌,,,,,,,no_image
154867,Urocystis qinghaiensis,青海条黑粉菌,,,,,,,no_image
154286,Uromyces commelinae,鸭跖草单胞锈菌,,,,,,,no_image
154346,Uromyces kondoi,近藤单胞锈菌,,,,,,,no_image
154326,Uromyces heteromallus,,,,,,,,no_image
154366,Uromyces medicaginis-falcatae,,,,,,,,no_image
154266,Uromyces archerianus,阿切尔单胞锈菌,,,,,,,no_image
154306,Uromyces fabae,蚕豆单胞锈菌,,,,,,,no_image
154386,Uromyces rudbeckiae,金光菊单胞锈菌,,,,,,,no_image
154406,Uromyces spegazzinii,,,,,,,,no_image
154426,Uromyces truncicola,茎生单胞锈菌,,,,,,,no_image
71275,Urophora misakiana,蓟筒尾实蝇,,,,,,,no_image
17009,Urotocus sinicus,中国尿殖吸虫,,,,,,,no_image
803,Uroptychus singularis,单折尾虾,,,,,,,no_image
82884,Uropterygius marmoratus,花斑尾鳝,,,,,,,no_image
129922,Urtica triangularis,三角叶荨麻,,,,,,,no_image
136377,Usnea decumbens,俯仰松萝,,,,,,,no_image
136397,Usnea implicata,,,,,,,,no_image
136437,Usnea torulosa,结节松萝,,,,,,,no_image
136417,Usnea pangiana,环基松萝,,,,,,,no_image
155069,Ustilago anthistiriae,,,,,,,,no_image
155109,Ustilago eleocharidis,,,,,,,,no_image
155129,Ustilago hydropiperis,,,,,,,,no_image
155089,Ustilago cenchri,,,,,,,,no_image
155149,Ustilago lycoperdiformis,,,,,,,,no_image
155209,Ustilago strangulans,,,,,,,,no_image
155189,Ustilago sacchari,,,,,,,,no_image
155169,Ustilago oxalidis,酢浆草黑粉菌,,,,,,,no_image
155229,Ustilago vaillantii,绵枣儿黑粉菌,,,,,,,no_image
129943,Utricularia limosa,长梗挖耳草,,,,,,,no_image
15509,Utivarachna subfabaria,近豆突头蛛,,,,,,,no_image
129967,Uvaria macrophylla,紫玉盘,,,,,,,no_image
129989,Vaccinium chaozhouense,潮州越橘,,,,,,,no_image
130046,Vaccinium longicaudatum,长尾乌饭,,,,,,,no_image
130066,Vaccinium pseudorobustum,椭圆叶越橘,,,,,,,no_image
130019,Vaccinium gaultheriifolium,软骨边越橘,,,,,,,no_image
130089,Vaccinium truncatocalyx,平萼乌饭,,,,,,,no_image
71314,Valeriodes heterocampa,高准鹰冬夜蛾,,,,,,,no_image
82892,Valenciennea immaculata,无斑凡塘鳢,,,,,,,no_image
130113,Valeriana ficariifolia,芥叶缬草,,,,,,,no_image
130163,Vandopsis gigantea,拟万代兰,,,,,,,no_image
17667,Vallonia pulchella,美丽瓦娄蜗牛相似种,,,,,,,no_image
71320,Vamuna alboluteola,黄黑瓦苔蛾,,,,,,,no_image
82914,Vanmanenia gymnetrus,裸腹原缨口鳅,,,,,,,no_image
130147,Vanda concolor,琴唇万代兰,,,,,,,no_image
10550,Vasates guangxiensis,,,,,,,,no_image
82929,Varanus salvator,圆鼻巨蜥,,,,,,,no_image
138525,Velutaria atrocitrina,,,,,,,,no_image
82934,Ventrifossa divergens,歧异凹腹鳕,,,,,,,no_image
134279,Venturia ditricha,,,,,,,,no_image
71350,Venusia eucosma,饰维尺蛾,,,,,,,no_image
130193,Veratrum dahuricum,兴安藜芦,,,,,,,no_image
4168,Veprecula gracilispira,笔刺桂螺,,,,,,,no_image
130216,Verbascum thapsus,毛蕊花,,,,,,,no_image
71396,Vermipsylla qilianensis,祁连蠕形蚤,,,,,,,no_image
130254,Veronica himalensis,大花婆婆纳,,,,,,,no_image
130230,Veronica arguteserrata,尖齿婆婆纳,,,,,,,no_image
130280,Veronica rubrifolia,红叶婆婆纳,,,,,,,no_image
134798,Verrucaria arboricola,,,,,,,,no_image
130306,Veronicastrum longispicatum,长穗腹水草,,,,,,,no_image
134818,Verrucaria handelii,,,,,,,,no_image
2326,Viaderiana nanshensis,南沙维亚蟹,,,,,,,no_image
141659,Verticillium dahliae,,,,,,,,no_image
130341,Viburnum brachybotryum,短序荚蒾,,,,,,,no_image
134838,Verrucaria praetermissa,,,,,,,,no_image
130331,Vesicularia inflectens,弯叶明叶藓,,,,,,,no_image
130400,Viburnum longipedunculatum,长梗荚蒾,,,,,,,no_image
130368,Viburnum fengyangshanense,凤阳山荚蒾,,,,,,,no_image
130435,Viburnum setigerum,茶荚蒾,,,,,,,no_image
130465,Vicia baicalensis,贝加尔野豌豆,,,,,,,no_image
130489,Vicia megalotropis,大龙骨野豌豆,,,,,,,no_image
130561,Vigna vexillata,野豇豆,,,,,,,no_image
130518,Vicia unijuga,歪头菜,,,,,,,no_image
130577,Vincetoxicum forrestii,大理白前,,,,,,,no_image
82958,Vietnamophryne orlovi,奥氏越南姬蛙,,,,,,,no_image
130597,Vincetoxicum volubile,蔓白前,,,,,,,no_image
71435,Villa xinjiangana,新疆绒蜂虻,,,,,,,no_image
130637,Viola dissecta,裂叶堇菜,,,,,,,no_image
130612,Viola austroyunnanensis,滇南堇菜,,,,,,,no_image
130679,Viola mucronulifera,小尖堇菜,,,,,,,no_image
130659,Viola huizhouensis,惠州堇菜,,,,,,,no_image
130702,Viola qingruii,庆瑞堇菜,,,,,,,no_image
130725,Viola thomsonii,毛堇菜,,,,,,,no_image
130756,Viscum nudum,绿茎槲寄生,,,,,,,no_image
143720,Virgariella atra,,,,,,,,no_image
130820,Vitis heyneana,毛葡萄,,,,,,,no_image
130843,Vitis tsoi,狭叶葡萄,,,,,,,no_image
130787,Vitex vestita,黄毛牡荆,,,,,,,no_image
8188,Vogtia serrata,齿形拟蹄水母,,,,,,,no_image
19284,Vitronura tianmua,,,,,,,,no_image
71447,Volucella flavizona,黄腰蜂蚜蝇,,,,,,,no_image
71468,Volucella taiwana,台湾蜂蚜蝇,,,,,,,no_image
147947,Volvariella brumalis,冬小包脚菇,,,,,,,no_image
82973,Vulpes corsac,沙狐,,,,,,,no_image
147967,Volvariella taylorii,,,,,,,,no_image
130859,Wahlenbergia hookeri,星花草,,,,,,,no_image
130881,Weigela japonica,日本锦带花,,,,,,,no_image
82976,Wallago attu,叉尾鲇,,,,,,,no_image
71496,Wannohelea huoqiuensis,霍邱皖蠓,,,,,,,no_image
14481,Wendilgarda panjanensis,潘家温氏蛛,,,,,,,no_image
130916,Wendlandia merrilliana,海南水锦树,,,,,,,no_image
71511,Wesmaelia decurta,开室魏斯茧蜂,,,,,,,no_image
71530,Westermannia nobilis,佳俊夜蛾,,,,,,,no_image
130960,Whytockia sasakii,台湾异叶苣苔,,,,,,,no_image
131023,Wikstroemia techinensis,德钦荛花,,,,,,,no_image
130979,Wikstroemia cochlearifolia,匙叶荛花,,,,,,,no_image
131000,Wikstroemia ligustrina,羊眼子,,,,,,,no_image
15544,Withius australasiae,澳威伪蝎,,,,,,,no_image
19037,Willowsia fascia,,,,,,,,no_image
71539,Winnertzia solidaginis,黄花威瘿蚊,,,,,,,no_image
71559,Winthemia remittens,蕊米温寄蝇,,,,,,,no_image
14929,Wolongia tetramacroseta,四棘卧龙蛛,,,,,,,no_image
139686,Wolfina oblongispora,长孢沃尔夫盘菌,,,,,,,no_image
131054,Woodsia andersonii,蜘蛛岩蕨,,,,,,,no_image
131073,Woodsia sinica,山西岩蕨,,,,,,,no_image
71615,Xanthia yunnana,云美冬夜蛾,,,,,,,no_image
131090,Wrightia pubescens,倒吊笔,,,,,,,no_image
150606,Xanthochrous perennis,,,,,,,,no_image
71634,Xanthomyia alpestris,古北网斑实蝇,,,,,,,no_image
139861,Wynnella atrofusca,,,,,,,,no_image
152008,Wrightoporia subadusta,近烟色赖特卧孔菌,,,,,,,no_image
136468,Xanthoparmelia subramigera,亚分枝黄梅,,,,,,,no_image
131110,Xanthophytum polyanthum,多花岩黄树,,,,,,,no_image
136448,Xanthoparmelia congensis,刚果黄梅,,,,,,,no_image
137667,Xanthoria alfredii,,,,,,,,no_image
71680,Xanthotryxus ludingensis,泸定金粉蝇,,,,,,,no_image
82999,Xenolepidichthys dalgleishi,几内亚湾异菱的鲷,,,,,,,no_image
71688,Xenaspis formosae,台湾大广口蝇,,,,,,,no_image
83012,Xenophrys parva,凹顶角蟾,,,,,,,no_image
71704,Xenodaeria telios,后厉蚤,,,,,,,no_image
71695,Xenocatantops sauteri,短翅外斑腿蝗,,,,,,,no_image
71738,Xenortholitha ambustaria,焦黑点尺蛾,,,,,,,no_image
71752,Xenotachina angustigena,狭颊客夜蝇,,,,,,,no_image
71772,Xenotachina zhibenensis,知本客夜蝇,,,,,,,no_image
149354,Xerocomus castanellus,栗色绒盖牛肝菌,,,,,,,no_image
147527,Xeromphalina cauticinalis,黄褐干脐菇,,,,,,,no_image
149374,Xerocomus piceicola,喜杉绒盖牛肝菌,,,,,,,no_image
71795,Xestia diagrapha,内灰鲁夜蛾,,,,,,,no_image
147773,Xerula vinocontusa,,,,,,,,no_image
71835,Xestomnaster eucallus,丽凹缘金小蜂,,,,,,,no_image
71849,Xiphidiola geniculata,黑膝巨蛩剑螽,,,,,,,no_image
71816,Xestia patricia,袭鲁夜蛾,,,,,,,no_image
71880,Xizicus szechwanensis,四川亚栖螽,,,,,,,no_image
71866,Xiphozele guizhouensis,贵州刀腹茧蜂,,,,,,,no_image
144778,Xylaria atrodivaricata,变黑炭角菌,,,,,,,no_image
144798,Xylaria corniformis,角状炭角菌,,,,,,,no_image
144818,Xylaria fissilis,劈裂炭角菌,,,,,,,no_image
144838,Xylaria involuta,,,,,,,,no_image
144898,Xylaria venosula,,,,,,,,no_image
144878,Xylaria potentillae,委陵菜生炭角菌,,,,,,,no_image
144858,Xylaria monilifera,,,,,,,,no_image
152621,Xylobolus illudens,紫灰趋木菌,,,,,,,no_image
71913,Xylocopa nasalis,竹木蜂,,,,,,,no_image
150715,Xylodon asperus,,,,,,,,no_image
132329,Xylomyces punctatus,,,,,,,,no_image
139386,Xyloma lacrymans,,,,,,,,no_image
71956,Xylota aurionitens,金色木蚜蝇,,,,,,,no_image
71999,Xylotrechus buqueti,,,,,,,,no_image
71976,Xylota steyskali,刺木蚜蝇,,,,,,,no_image
72051,Xylotrechus rufoaplcalis,,,,,,,,no_image
15310,Xyphinus karschi,卡氏喜菲蛛,,,,,,,no_image
72025,Xylotrechus kosempoensis,,,,,,,,no_image
14553,Xysticus bermani,伯曼氏花蟹蛛,,,,,,,no_image
14564,Xysticus sharlaa,沙勒花蟹蛛,,,,,,,no_image
14770,Xysticus insulicola,岛民花蟹蛛,,,,,,,no_image
8819,Yambaramerus arcuatus,弓山原甲螨,,,,,,,no_image
12922,Yaginumaella variformis,异形雅蛛,,,,,,,no_image
72094,Yelicones koreanus,朝鲜阔跗茧蜂,,,,,,,no_image
19168,Yoshiicerus caecus,,,,,,,,no_image
1169,Yininemertes pratensis,喜草尹氏纽虫,,,,,,,no_image
72125,Ypthima conjuncta,幽矍眼蝶,,,,,,,no_image
131163,Youngia gracilipes,细梗黄鹌菜,,,,,,,no_image
131187,Youngia rubida,川黔黄鹌菜,,,,,,,no_image
72154,Ystrixoxygymna fusicornis,,,,,,,,no_image
131214,Yulania denudata,玉兰,,,,,,,no_image
3162,Yulumara dentata,齿尾掌钩虾,,,,,,,no_image
83079,Yunnanilus pulcherrimus,丽纹云南鳅,,,,,,,no_image
131234,Yushania andropogonoides,草丝竹,,,,,,,no_image
83059,Yunnanilus elakatis,纺锤云南鳅,,,,,,,no_image
72176,Zachobiella striata,条斑寡脉褐蛉,,,,,,,no_image
131297,Yushania tongpeii,同培玉山竹,,,,,,,no_image
131254,Yushania doupengshanensis,斗篷山玉山竹,,,,,,,no_image
131274,Yushania longiaurita,长耳玉山竹,,,,,,,no_image
72206,Zanclognatha incerta,犹镰须夜蛾,,,,,,,no_image
72189,Zanchius formosanus,台湾平盲蝽,,,,,,,no_image
149393,Zangia roseola,红盖臧氏牛肝菌,,,,,,,no_image
131340,Zanthoxylum echinocarpum,刺壳花椒,,,,,,,no_image
131363,Zanthoxylum rhombifoliolatum,菱叶花椒,,,,,,,no_image
72230,Zaphne laxibarbiventris,宽须腹鞭隰蝇,,,,,,,no_image
72244,Zaprionus lineosus,纹带线果蝇,,,,,,,no_image
72253,Zatrephus longicornis,,,,,,,,no_image
131376,Zehneria guamensis,台湾马瓟儿,,,,,,,no_image
72279,Zele deceptor,红骗赛茧蜂,,,,,,,no_image
13781,Zelotes exiguus,小狂蛛,,,,,,,no_image
15826,Zephronia profuga,,,,,,,,no_image
13679,Zelotes xiaoi,肖氏狂蛛,,,,,,,no_image
131393,Zeuxine glandulosa,毛瑞线柱兰,,,,,,,no_image
83115,Zhangixalus aurantiventris,橙腹树蛙,,,,,,,no_image
83135,Zhangixalus pachyproctus,突肛树蛙,,,,,,,no_image
131421,Zingiber densissimum,多毛姜,,,,,,,no_image
72301,Zhudelphax qiongensis,琼珠飞虱,,,,,,,no_image
131441,Zingiber menghaiense,勐海姜,,,,,,,no_image
72310,Zizeeria karsandra,吉灰蝶,,,,,,,no_image
131462,Zingiber striolatum,阳荷,,,,,,,no_image
8016,Zoanthus kuroshio,黑潮花群海葵,,,,,,,no_image
72322,Zographetus ogygioides,龙宫肿脉弄蝶,,,,,,,no_image
155512,Zoophthora brahminae,,,,,,,,no_image
83159,Zoothera marginata,长嘴地鸫,,,,,,,no_image
131498,Zosima korovinii,艾叶芹,,,,,,,no_image
131504,Zoysia japonica,结缕草,,,,,,,no_image
72353,Zvenella acutangulata,尖角茨娓蟋,,,,,,,no_image
72358,Zygoneura bidens,短轭眼蕈蚊,,,,,,,no_image
8857,Zygoribatula truncata,截合若甲螨,,,,,,,no_image
7289,Zygophylax antipathes,黑珊合螅,,,,,,,no_image
131530,Zygophyllum potaninii,大花驼蹄瓣,,,,,,,no_image
72411,Zyras geminus,,,,,,,,no_image
72391,Zyras bisinuatus,,,,,,,,no_image
72431,Zyras notaticornis,,,,,,,,no_image
72451,Zyras sibiricus,,,,,,,,no_image
47622,lphimoides suturalis,缝纹南域肖叶甲,,,,,,,no_image
