taxon_id,sci_name,cn_name,image_path,image_url,author,license,license_url,page_url,status
19474,Aborolabis pervicina,宽叶突肥螋,,,,,,,no_image
83235,Abies ziyuanensis,资源冷杉,,,,,,,no_image
10656,Abacarus euphoriae,,,,,,,,no_image
11916,Abdosetae hamata,钩状腹毛蛛,,,,,,,no_image
19466,Ablabesmyia alba,阿巴无突摇蚊,,,,,,,no_image
19435,Abacoclytus felicisrosettae,,,,,,,,no_image
155903,Absidia hyalospora,透孢犁头霉,,,,,,,no_image
83251,Abutilon auritum,长角苘麻,,,,,,,no_image
19493,Acallurothrips hagai,哈嘎宽管蓟马,,,,,,,no_image
19515,Acalolepta hingstoni,,,,,,,,no_image
19543,Acalolepta yokoyamai,,,,,,,,no_image
83292,Acalypha taiwanensis,社顶铁苋菜,,,,,,,no_image
83298,Acanthephippium gougahense,中华坛花兰,,,,,,,no_image
19556,Acanthocinus chinensis,,,,,,,,no_image
72501,Acanthaphritis unoorum,昂氏棘吻鱼,,,,,,,no_image
7516,Acanthogorgia aspera,粗糙棘柳珊瑚,,,,,,,no_image
3056,Acanthomysis quadrispinosa,四刺刺糠虾,,,,,,,no_image
8727,Acanthopleura brevispinosa,短花棘石鳖,,,,,,,no_image
19593,Acanthormius japonicus,日本齿腹茧蜂,,,,,,,no_image
4798,Acanthosquilla multifasciata,复条刺虾蛄,,,,,,,no_image
135103,Acarospora glaucocarpa,苍果微孢衣,,,,,,,no_image
72486,Abroscopus schisticeps,黑脸鹟莺,images/00/07/00072486.webp,https://thumb.wikimedia.org/wikipedia/commons/thumb/0/08/Black-faced_Warbler_in_Sillery_Gaon_March_2025_by_Tisha_Mukherjee_01.jpg/960px-Black-faced_Warbler_in_Sillery_Gaon_March_2025_by_Tisha_Mukherjee_01.jpg?utm_source=en.wikipedia.org&utm_campaign=api&utm_content=thumbnail,Tisha Mukherjee,CC BY-SA 4.0,https://creativecommons.org/licenses/by-sa/4.0,https://en.wikipedia.org/wiki/File:Black-faced_Warbler_in_Sillery_Gaon_March_2025_by_Tisha_Mukherjee_01.jpg,ok
83200,Abies delavayi,苍山冷杉,images/00/08/00083200.webp,https://thumb.wikimedia.org/wikipedia/commons/thumb/1/1e/Abies_delavayi_Cangshan1.jpg/960px-Abies_delavayi_Cangshan1.jpg?utm_source=en.wikipedia.org&utm_campaign=api&utm_content=thumbnail,SarahDepper on Flickr,CC BY 2.0,https://creativecommons.org/licenses/by/2.0,https://en.wikipedia.org/wiki/File:Abies_delavayi_Cangshan1.jpg,ok
155555,Acaulospora morrowae,,,,,,,,no_image
72570,Accipiter soloensis,赤腹鹰,,,,,,,no_image
72552,Acanthurus thompsoni,黄尾刺尾鱼,,https://thumb.wikimedia.org/wikipedia/commons/thumb/8/80/Whitetail_surgeonfish_%28Acanthurus_thompsoni%29_%2846864394875%29.jpg/960px-Whitetail_surgeonfish_%28Acanthurus_thompsoni%29_%2846864394875%29.jpg?utm_source=en.wikipedia.org&utm_campaign=api&utm_content=thumbnail,,,,https://en.wikipedia.org/wiki/Acanthurus_thompsoni,license_rejected
19601,Acapnolymma sulcaticeps,,,https://thumb.wikimedia.org/wikipedia/commons/thumb/c/ca/Acapnolymma_sulcaticeps.jpg/960px-Acapnolymma_sulcaticeps.jpg?utm_source=en.wikipedia.org&utm_campaign=api&utm_content=thumbnail,,,,https://en.wikipedia.org/wiki/Acapnolymma_sulcaticeps,license_rejected
83346,Acer campbellii,藏南槭,,,,,,,no_image
135123,Acarospora strigata,,,https://thumb.wikimedia.org/wikipedia/commons/thumb/7/7e/Acarospora_strigata_286053.jpg/960px-Acarospora_strigata_286053.jpg?utm_source=en.wikipedia.org&utm_campaign=api&utm_content=thumbnail,,,,https://en.wikipedia.org/wiki/Acarospora_strigata,license_rejected
83374,Acer fulvescens,黄毛槭,,,,,,,no_image
83395,Acer maximowiczii,五尖槭,,,,,,,no_image
83423,Acer poliophyllum,灰叶槭,,,,,,,no_image
83450,Acer thomsonii,巨果槭,,,,,,,no_image
10606,Aceria castanis,,,,,,,,no_image
10627,Aceria jiangsuensis,,,,,,,,no_image
3626,Acaudina molpadioides,海地瓜,,https://thumb.wikimedia.org/wikipedia/commons/thumb/7/75/Acaudina_molpadioides.jpg/960px-Acaudina_molpadioides.jpg?utm_source=en.wikipedia.org&utm_campaign=api&utm_content=thumbnail,,,,https://en.wikipedia.org/wiki/Acaudina_molpadioides,license_rejected
10521,Aceria ormosiae,,,,,,,,no_image
10519,Aceria spicati,,,,,,,,no_image
153048,Acervulopsora ichnocarpi,,,,,,,,no_image
83466,Acetabularia clavata,棍形伞藻,,,,,,,no_image
19618,Achaetophora aristafurca,叉须挨蚤蝇,,,,,,,no_image
72595,Achalinus jinggangensis,井冈山脊蛇,,,,,,,no_image
72613,Acheilognathus elongatus,长身&#x0000E05E;,,,,,,,no_image
7921,Abylopsis tetragona,深杯水母,images/00/00/00007921.webp,https://thumb.wikimedia.org/wikipedia/commons/thumb/f/f2/Barbed_wire_siphonophore_at_Deep_South_Whiittle_Reef_P5230255.jpg/960px-Barbed_wire_siphonophore_at_Deep_South_Whiittle_Reef_P5230255.jpg?utm_source=en.wikipedia.org&utm_campaign=api&utm_content=thumbnail,Peter Southwood,CC BY-SA 4.0,https://creativecommons.org/licenses/by-sa/4.0,https://en.wikipedia.org/wiki/File:Barbed_wire_siphonophore_at_Deep_South_Whiittle_Reef_P5230255.jpg,ok
19628,Acherontia lachesis,鬼脸天蛾,,,,,,,no_image
19635,Achmonia nigra,,,,,,,,no_image
19639,Achtherampla asiatica,,,,,,,,no_image
19674,Acidiostigma nigritum,黑腹长痣实蝇,,,,,,,no_image
19654,Acidiella diversa,异点平脉实蝇,,,,,,,no_image
19684,Acidota montana,,,,,,,,no_image
19690,Acinia depuncta,黑颜斑痣实蝇,,,,,,,no_image
19703,Aclerls alnivora,榆黑长翅卷蛾,,,,,,,no_image
19724,Aclerls kodamai,红松长翅卷,,,,,,,no_image
19744,Aclerls tremewani,褐凹长翅卷蛾,,,,,,,no_image
72520,Acanthopagrus schlegelii,黑棘鲷,images/00/07/00072520.webp,https://thumb.wikimedia.org/wikipedia/commons/thumb/c/c2/%E3%82%AF%E3%83%AD%E3%83%80%E3%82%A4.jpg/960px-%E3%82%AF%E3%83%AD%E3%83%80%E3%82%A4.jpg?utm_source=en.wikipedia.org&utm_campaign=api&utm_content=thumbnail,Rakurakuda,CC BY-SA 4.0,https://creativecommons.org/licenses/by-sa/4.0,https://en.wikipedia.org/wiki/File:クロダイ.jpg,ok
83552,Aconitum anhuiense,安徽乌头,,,,,,,no_image
1765,Acoetes grube,格氏蠕鳞虫,,,,,,,no_image
83587,Aconitum chiachaense,加查乌头,,,,,,,no_image
83615,Aconitum fengii,冯氏乌头,,,,,,,no_image
83647,Aconitum hezuoense,合作乌头,,,,,,,no_image
83689,Aconitum lianhuashanicum,莲花山乌头,,,,,,,no_image
83714,Aconitum nielamuense,聂拉木乌头,,,,,,,no_image
83740,Aconitum pseudohuiliense,雷波乌头,,,,,,,no_image
83766,Aconitum sinchiangense,新疆乌头,,,,,,,no_image
83792,Aconitum tongolense,新都桥乌头,,,,,,,no_image
19766,Acontia marmoralis,大理石绮夜蛾,,,,,,,no_image
19783,Acosmetura emeica,峨眉异饰肛螽,,,,,,,no_image
142257,Acremonium egyptiacum,,,,,,,,no_image
19805,Acrida kozlovi,科氏剑角蝗,,,,,,,no_image
19818,Acritochaeta setrcauda,鬃尾茸芒蝇,,,,,,,no_image
72657,Acrocephalus stentoreus,噪苇莺,,,,,,,no_image
83836,Acrochaetium terminale,顶生顶丝藻,,,,,,,no_image
19852,Acrocyrtidus jianfeng,,,,,,,,no_image
132343,Acrogenospora ovalia,,,,,,,,no_image
19856,Acrolocha zhongdianensis,,,,,,,,no_image
83871,Acronema minus,矮小丝瓣芹,,,,,,,no_image
19869,Acronicta auricoma,华剑纹夜蛾,,,,,,,no_image
19889,Acronicta megacephala,首剑纹夜蛾,,,,,,,no_image
142269,Acrophragmis coronata,,,,,,,,no_image
6970,Acropora digitifera,指鹿角珊瑚,,,,,,,no_image
6933,Acropora millepora,多孔鹿角珊瑚,,,,,,,no_image
7000,Acropora tumida,隆起鹿角珊瑚,,,,,,,no_image
19916,Acropsylla episema,穗缘端蚤,,,,,,,no_image
72677,Acrossocheilus kreyenbergii,薄颌光唇鱼,,,,,,,no_image
19929,Acrotaeniostola quinaria,四带短羽实蝇,,,,,,,no_image
19945,Acrotona collusina,,,,,,,,no_image
19965,Acrotona manchurica,,,,,,,,no_image
19986,Acrotona taiwanultima,,,,,,,,no_image
83897,Actaea asiatica,类叶升麻,,,,,,,no_image
20023,Actina bilobata,双突星水虻,,,,,,,no_image
83913,Actephila subsessilis,短柄喜光花,,,,,,,no_image
83972,Actinidia rufotricha,红毛猕猴桃,,,,,,,no_image
7956,Actinia sinensis,,,,,,,,no_image
83947,Actinidia kolomikta,狗枣猕猴桃,,,,,,,no_image
6645,Actarjania splendens,华美阿卡塔线虫,,,,,,,no_image
142274,Actinocladium verruculosum,,,,,,,,no_image
84006,Actinodontium rhaphidostegum,皱叶假黄藓,,,,,,,no_image
2344,Actumnus setifer,疏毛杨梅蟹,,,,,,,no_image
3270,Actinopyga lecanora,子安辐肛参,,,,,,,no_image
9993,Aculops babylonicae,,,,,,,,no_image
10547,Aculops strobilaceae,,,,,,,,no_image
10199,Aculus cheilophilanus,,,,,,,,no_image
10548,Aculus parafockeui,,,,,,,,no_image
20057,Acylophorus hayashii,,,,,,,,no_image
20073,Adapsilia hirtoscutella,毛盾适蜣蝇,,,,,,,no_image
20091,Adelphococris fasciaticollis,三点苜蓿盲蝽,,,,,,,no_image
20111,Adelphococris taeniophorus,带纹苜蓿盲蝽,,,,,,,no_image
84030,Adenonema petraeum,岩生繁缕,,,,,,,no_image
84058,Adenophora longipedicellata,湖北沙参,,,,,,,no_image
84097,Adenophora triphylla,,,,,,,,no_image
84117,Adiantum caudatum,鞭叶铁线蕨,,,,,,,no_image
84137,Adiantum menglianense,孟连铁线蕨,,,,,,,no_image
84158,Adinandra auriformis,耳基叶杨桐,,,,,,,no_image
84187,Adinandra retusa,凹萼杨桐,,,,,,,no_image
84195,Adonis coerulea,蓝侧金盏花,,,,,,,no_image
20159,Adrapsa ablualis,疖夜蛾,,,,,,,no_image
20178,Aedes alektorovi,阿氏伊蚊,,,,,,,no_image
20198,Aedes diantaeus,橙色伊蚊,,,,,,,no_image
20220,Aedes harbachi,哈氏伊蚊,,,,,,,no_image
20242,Aedes macfarlanei,乳点伊蚊,,,,,,,no_image
20262,Aedes penghuensis,澎湖伊蚊,,,,,,,no_image
20282,Aedes seoulensis,汉城伊蚊,,,,,,,no_image
8409,Aega nanhaiensis,南海纺锤水虱,,,,,,,no_image
72722,Aegithina tiphia,黑翅雀鹎,,,,,,,no_image
72728,Aegypius monachus,秃鹫,,,,,,,no_image
20322,Aenigmatias spatulatus,匙尾扁蚤蝇,,,,,,,no_image
84232,Aerobryopsis cochlearifolia,异叶灰气藓,,,,,,,no_image
7456,Aequorea floridana,佛罗里达多管水母,,,,,,,no_image
20352,Aeropedellus changtunensis,昌都蛛蝗,,,,,,,no_image
20373,Aeschnophlebia chiengmaiensis,清迈黑额蜓,,,,,,,no_image
84244,Aeschynanthus acuminatus,芒毛苣苔,,,,,,,no_image
84268,Aeschynanthus lineatus,线条芒毛苣苔,,,,,,,no_image
84288,Aeschynanthus tubulosus,筒花芒毛苣苔,,,,,,,no_image
20403,Aesopida malasiaca,,,,,,,,no_image
20424,Afroeudesis baoshana,,,,,,,,no_image
72744,Aethopyga ignicauda,火尾太阳鸟,,,,,,,no_image
84311,Aganosma schlechteriana,海南香花藤,,,,,,,no_image
84324,Agapetes ciliata,纤毛叶树萝卜,,,,,,,no_image
84348,Agapetes listeri,短锥花树萝卜,,,,,,,no_image
84368,Agapetes pseudogriffithii,杯梗树萝卜,,,,,,,no_image
144925,Agaricus abruptibulbus,球基蘑菇,,,,,,,no_image
144945,Agaricus bingensis,宾卡蘑菇,,,,,,,no_image
144965,Agaricus caribaeus,粒鳞暗顶蘑菇,,,,,,,no_image
144985,Agaricus decoloratus,,,,,,,,no_image
145005,Agaricus hahashimensis,母岛林蘑菇,,,,,,,no_image
145025,Agaricus macrocarpus,大(果)盖蘑菇,,,,,,,no_image
145045,Agaricus perrarus,橙黄蘑菇,,,,,,,no_image
145105,Agaricus velutinus,,,,,,,,no_image
145065,Agaricus purpurellus,,,,,,,,no_image
145085,Agaricus squamuliferus,鳞盖蘑菇,,,,,,,no_image
20451,Agathia gemma,宝艳青尺蛾,,,,,,,no_image
20474,Agathis watanabei,渡边窄径茧蜂,,,,,,,no_image
20490,Agelasta hirticornis,,,,,,,,no_image
12111,Agelena silvatica,森林漏斗蛛,,,,,,,no_image
84392,Ageratum conyzoides,藿香蓟,,,,,,,no_image
8050,Aglaophenia whiteleggei,佳美羽螅,,,,,,,no_image
5773,Aglaophamus dibranchis,双鳃内卷齿蚕,,,,,,,no_image
20546,Agnaptoria lauta,亮洁贞琵甲,,,,,,,no_image
20568,Agnetina chrysodes,金色剑(虫责),,,,,,,no_image
20591,Agnidra argypha,银距钩蛾,,,,,,,no_image
20613,Agoniella sonani,凹胸双脊甲,,,,,,,no_image
20629,Agonita pilipes,毛足三脊甲,,,,,,,no_image
84408,Agrimonia nipponica,日本龙牙草,,,,,,,no_image
148170,Agrocybe semiorbicularis,半圆田头菇,,,,,,,no_image
20653,Agrisius guttivitta,滴苔蛾,,,,,,,no_image
20655,Agromyza albipennis,白翅潜蝇,,,,,,,no_image
84418,Agropyron cristatum,冰草,,,,,,,no_image
84434,Agrostis canina,普通剪股颖,,,,,,,no_image
84454,Agrostis stolonifera,西伯利亚剪股颖,,,,,,,no_image
20699,Agrotis ripae,浦地夜蛾,,,,,,,no_image
14162,Agyneta rurestris,乡间丘皿蛛,,,,,,,no_image
84470,Aidia cochinchinensis,茜树,,,,,,,no_image
20717,Ahmaditermes lipingensis,黎平钝颚白蚁,,,,,,,no_image
84491,Ainsliaea angustata,马边兔儿风,,,,,,,no_image
84518,Ainsliaea henryi,长穗兔儿风,,,,,,,no_image
84542,Ainsliaea smithii,紫枝兔儿风,,,,,,,no_image
84551,Ajania adenantha,丽江亚菊,,,,,,,no_image
84571,Ajania przewalskii,细裂亚菊,,,,,,,no_image
13583,Ajmonia velifera,缘阿卷叶蛛,,,,,,,no_image
18946,Akabosia matsudoensis,,,,,,,,no_image
84641,Alangium faberi,小花八角枫,,,,,,,no_image
151913,Albatrellopsis flettii,蓝黄拟地花菌,,,,,,,no_image
84675,Albizia odoratissima,香合欢,,,,,,,no_image
151933,Albatrellus tibetanus,西藏地花菌,,,,,,,no_image
6782,Albunea occulta,隐匿管须蟹,,,,,,,no_image
84687,Alchornea kelungensis,厚柱山麻秆,,,,,,,no_image
7190,Alcyonium simplex,简易软珊瑚,,,,,,,no_image
135799,Alectoria sulcata,沟树发,,,,,,,no_image
20763,Aleiodes coxalis,眼蝶脊茧蜂,,,,,,,no_image
20783,Aleiodes lymantriae,毒蛾脊茧蜂,,,,,,,no_image
20819,Aleochara cribrata,,,,,,,,no_image
20803,Aleiodes spretus,红颈脊茧蜂,,,,,,,no_image
20839,Aleochara longipennis,,,,,,,,no_image
20859,Aleochara sichuanensis,,,,,,,,no_image
72849,Alepocephalus longiceps,长鳍平头鱼,,,,,,,no_image
20887,Aletia lipara,脂研夜蛾,,,,,,,no_image
84706,Aletris laxiflora,疏花肺筋草,,,,,,,no_image
140333,Aleuria rubra,,,,,,,,no_image
84720,Aleuritopteris anceps,粉背蕨,,,,,,,no_image
140353,Aleurina lignicola,,,,,,,,no_image
84744,Aleuritopteris rufa,棕毛粉背蕨,,,,,,,no_image
20904,Aleurodothrips fasciapennis,带翅粉虱管蓟马,,,,,,,no_image
152536,Aleurodiscus diffissus,罕见盘革菌,,,,,,,no_image
84759,Alfredia fetissowii,长叶翅膜菊,,,,,,,no_image
20933,Algon rugulipennis,,,,,,,,no_image
72860,Alionematichthys minyomma,小眼海鼬鱼,,,,,,,no_image
84771,Allaeanthus kurzii,落叶花桑,,,,,,,no_image
131539,Allarthothelium sparsum,,,,,,,,no_image
20984,Alliopsis silvestris,林毛眼花蝇,,,,,,,no_image
20964,Alliopsis denticauda,虎牙毛眼花蝇,,,,,,,no_image
84805,Allium caespitosum,疏生韭,,,,,,,no_image
84829,Allium elegantulum,雅韭,,,,,,,no_image
84851,Allium humile,雪韭,,,,,,,no_image
84873,Allium mairei,滇韭,,,,,,,no_image
84898,Allium petraeum,石坡韭,,,,,,,no_image
84922,Allium sairamense,赛里木韭,,,,,,,no_image
84966,Allium xinlongense,新龙韭,,,,,,,no_image
84944,Allium subtilissimum,蜜囊韭,,,,,,,no_image
12193,Alloclubionoides pseudonariceus,伪长鼻满蛛,,,,,,,no_image
135809,Allocetraria sinensis,中华厚枝衣,,,,,,,no_image
9110,Allodamaeus polygrammus,多纹细珠甲螨,,,,,,,no_image
21030,Allognosta apicinigra,黑端距水虻,,,,,,,no_image
21050,Allognosta longwangshana,龙王山距水虻,,,,,,,no_image
8913,Allomycobates lichenis,地衣异菌板鳃甲螨,,,,,,,no_image
21069,Allohelea allocota,非常埃蠓,,,,,,,no_image
21084,Allomantispa tibetana,西藏异螳蛉,,,,,,,no_image
15740,Allopauropus lasiochlamis,毛被别少足,,,,,,,no_image
84979,Allophylus chartaceus,大叶异木患,,,,,,,no_image
21108,Allotinus drumila,锉灰蝶,,,,,,,no_image
21103,Allosepsis indica,印度异鼓翅蝇,,,,,,,no_image
21123,Alluaudomyia asperata,渐洒阿蠓,,,,,,,no_image
21143,Alluaudomyia rostrata,钩茎阿蠓,,,,,,,no_image
85006,Alnus lanata,毛桤木,,,,,,,no_image
21158,Aloconota erlangmontis,,,,,,,,no_image
5179,Alope orientalis,东方海后虾,,,,,,,no_image
21178,Aloconota sinoripicola,,,,,,,,no_image
16513,Alopecosa xiningensis,西宁舞蛛,,,,,,,no_image
16461,Alopecosa hui,胡氏舞蛛,,,,,,,no_image
21198,Alphaea anopuncta,网斑粉灯蛾,,,,,,,no_image
1352,Alpheus chiragricus,脆甲鼓虾,,,,,,,no_image
1332,Alpheus hailstonei,海斯通鼓虾,,,,,,,no_image
1304,Alpheus pareuchirus,侧螯鼓虾,,,,,,,no_image
137927,Alphitomorpha ferruginea,,,,,,,,no_image
85099,Alpinia shimadae,密穗山姜,,,,,,,no_image
85079,Alpinia menghaiensis,勐海山姜,,,,,,,no_image
85056,Alpinia coriandriodora,香姜,,,,,,,no_image
85117,Alseodaphnopsis maguanensis,马关北油丹,,,,,,,no_image
85134,Alstonia rupestris,岩生羊角棉,,,,,,,no_image
133859,Alternaria broussonetiae,,,,,,,,no_image
133839,Alternaria amaranthi,,,,,,,,no_image
133879,Alternaria cinerariae,,,,,,,,no_image
133939,Alternaria napiformis,,,,,,,,no_image
133919,Alternaria japonica,,,,,,,,no_image
133899,Alternaria dissitiflori,,,,,,,,no_image
133959,Alternaria pimpriana,,,,,,,,no_image
133979,Alternaria sanguisorbae,,,,,,,,no_image
16784,Althepus qingyuani,清远阿瑟蛛,,,,,,,no_image
133999,Alternaria triticicola,,,,,,,,no_image
2849,Altiverruca gibbosa,驼背高花笼,,,,,,,no_image
17709,Alycaeidae plicilabris,普利西双边凹螺,,,,,,,no_image
85170,Alyxia sibuyanensis,兰屿链珠藤,,,,,,,no_image
142286,Amanita altipes,,,,,,,,no_image
142306,Amanita calyptratoides,拟帽鹅膏菌,,,,,,,no_image
85177,Amana hejiaqingii,大别老鸦瓣,,,,,,,no_image
142326,Amanita esculenta,可食鹅膏菌,,,,,,,no_image
142346,Amanita gymnopus,赤脚鹅膏,,,,,,,no_image
142366,Amanita loosii,露西鹅膏,,,,,,,no_image
142386,Amanita orientogemmata,,,,,,,,no_image
142406,Amanita punctata,,,,,,,,no_image
142426,Amanita strobilacea,,,,,,,,no_image
142446,Amanita xanthella,黄尖鳞鹅膏,,,,,,,no_image
85191,Amaranthus cruentus,老鸦谷,,,,,,,no_image
21240,Amarochara heterogaster,,,,,,,,no_image
21257,Amaurodera yunnanensis,,,,,,,,no_image
151148,Amauroderma flaviporum,,,,,,,,no_image
151168,Amauroderma praetervisum,新见乌芝,,,,,,,no_image
151188,Amauroderma wuzhishanense,五指山假芝,,,,,,,no_image
72931,Amblygobius decussatus,华丽钝鰕虎,,,,,,,no_image
72911,Amblyeleotris gymnocephala,裸头钝塘鳢,,,,,,,no_image
72902,Ambassis vachellii,维氏双边鱼,,,,,,,no_image
21275,Amblypsilopus capitatus,宽头雅长足虻,,,,,,,no_image
21295,Amblypsilopus liui,刘氏雅长足虻,,,,,,,no_image
21315,Amblypsilopus zhejiangensis,浙江雅长足虻,,,,,,,no_image
21325,Amegilla albigena,白颊无垫蜂,,,,,,,no_image
21345,Amegilla salviae,鼠尾草无垫蜂,,,,,,,no_image
85234,Amethystea caerulea,水棘针,,,,,,,no_image
21391,Amiota delta,三角阿果蝇,,,,,,,no_image
21371,Amiota apodemata,离叶阿果蝇,,,,,,,no_image
21411,Amiota lambirensis,婆罗阿果蝇,,,,,,,no_image
21431,Amiota pianmensis,片马阿果蝇,,,,,,,no_image
85243,Ammi majus,大阿米芹,,,,,,,no_image
21451,Amiota ungulfoliolata,爪叶阿果蝇,,,,,,,no_image
21478,Amobia auriceps,耳摩蜂麻蝇,,,,,,,no_image
72959,Amolops deng,僜湍蛙,,,,,,,no_image
72980,Amolops minutus,迷你湍蛙,,,,,,,no_image
73000,Amolops wangyufani,苔斑湍蛙,,,,,,,no_image
85260,Amomum kwangsiense,广西豆蔻,,,,,,,no_image
85280,Amomum subulatum,香豆蔻,,,,,,,no_image
85299,Amorphophallus dunnii,南蛇棒,,,,,,,no_image
73013,Amoya madraspatensis,马达拉斯缰鰕虎,,,,,,,no_image
6060,Ampelisca miops,中型双眼钩虾,,,,,,,no_image
85324,Ampelocalamus sinovietnamensis,中越悬竹,,,,,,,no_image
85349,Ampelopsis humulifolia,葎叶蛇葡萄,,,,,,,no_image
6439,Amphibalanus reticulatus,网纹纹藤壶,,,,,,,no_image
73019,Amphiesmoides ornaticeps,白眶蛇,,,,,,,no_image
21526,Amphinemura cordiformis,心突倍叉(虫责),,,,,,,no_image
3822,Amphimonhystera circula,圆形双单宫线虫,,,,,,,no_image
21546,Amphinemura furcostyla,叉突倍叉(虫责),,,,,,,no_image
21566,Amphinemura maoi,峨嵋倍叉(虫责),,,,,,,no_image
21586,Amphinemura tianmushana,天目山倍叉(虫责),,,,,,,no_image
1222,Amphioplus guangdongensis,广东倍棘蛇尾,,,,,,,no_image
4097,Amphiporus microocelli,小眼合孔纽虫,,,,,,,no_image
21609,Amphipsylla kalabukhovi,亚矩指双蚤,,,,,,,no_image
21644,Amphipsylla yadongensis,亚东双蚤,,,,,,,no_image
141007,Amphisphaeria millepunctata,,,,,,,,no_image
1231,Amphiura tenuis,细腕阳遂足,,,,,,,no_image
141205,Amplistroma xylarioides,,,,,,,,no_image
73030,Amyda ornata,中南丽鳖,,,,,,,no_image
17990,Amynthas ailiaoensis,隘寮远盲蚓,,,,,,,no_image
147081,Amyloflagellula pulchra,,,,,,,,no_image
17749,Amynthas candidus,光亮远盲蚓,,,,,,,no_image
17880,Amynthas dinganensis,定安远盲蚓,,,,,,,no_image
17787,Amynthas flexilis,云状远盲蚓,,,,,,,no_image
17916,Amynthas hexitus,六骰远盲蚓,,,,,,,no_image
17915,Amynthas labosus,大唇远盲蚓,,,,,,,no_image
17885,Amynthas masatakae,标记远盲蚓,,,,,,,no_image
17764,Amynthas polyglandularis,多腺远盲蚓,,,,,,,no_image
17805,Amynthas nanshanensis,南山远盲蚓,,,,,,,no_image
17744,Amynthas shinjiroi,喜二郎远盲蚓,,,,,,,no_image
17870,Amynthas tuberculatus,结节远盲蚓,,,,,,,no_image
73031,Anabarilius alburnops,银白鱼,,,,,,,no_image
85374,Anabasis brevifolia,短叶假木贼,,,,,,,no_image
21697,Anaches yitingi,,,,,,,,no_image
2250,Anadara vellicata,夹粗饰蚶,,,,,,,no_image
21723,Anaglyptus colobotheoldes,,,,,,,,no_image
21743,Anaglyptus vicinulus,,,,,,,,no_image
21763,Anagyrus hainanensis,海南长索跳小蜂,,,,,,,no_image
21783,Anagyrus ussuriensis,乌苏里长索跳小蜂,,,,,,,no_image
85393,Ananas comosus,凤梨,,,,,,,no_image
85421,Anaphalis flavescens,淡黄香青,,,,,,,no_image
21789,Anaphothrips populi,杨呆蓟马,,,,,,,no_image
85452,Anaphalis rhododactyla,红指香青,,,,,,,no_image
135247,Anaptychia fulvescens,,,,,,,,no_image
135267,Anaptychia speciosa,,,,,,,,no_image
21803,Anarta fumosa,丽窄眼夜蛾,,,,,,,no_image
21817,Anastoechus aurecrinitus,金毛雏蜂虻,,,,,,,no_image
85477,Anastrepta orcadensis,卷叶苔,,,,,,,no_image
21864,Anatkina nigrilega,黑足斑大叶蝉，新种,,,,,,,no_image
21883,Anaulacaspis pectinata,,,,,,,,no_image
21844,Anatkina attenuata,齿茎斑大叶蝉,,,,,,,no_image
21889,Anax indicus,印度伟蜓,,,,,,,no_image
3792,Anchistioides compressus,侧扁拟贝隐虾,,,,,,,no_image
21929,Ancyroclepsis rhodocornia,藏壶卷蛾,,,,,,,no_image
1639,Ancistrosyllis groenlandica,钩裂虫,,,,,,,no_image
85502,Androcorys ophioglossoides,兜蕊兰,,,,,,,no_image
85521,Androsace brachystegia,玉门点地梅,,,,,,,no_image
85541,Androsace gagnepainiana,披散点地梅,,,,,,,no_image
85586,Androsace stenophylla,狭叶点地梅,,,,,,,no_image
85563,Androsace maxima,大苞点地梅,,,,,,,no_image
21949,Anechura japonica,日本张球螋,,,,,,,no_image
7654,Anemonactis clavus,脉络适风海葵,,,,,,,no_image
85637,Anemone geum,路边青银莲花,,,,,,,no_image
85672,Anemone robusta,粗壮银莲花,,,,,,,no_image
85700,Anemone weixiensis,维西银莲花,,,,,,,no_image
14719,Angaeus rhombifer,菱带安格蛛,,,,,,,no_image
85737,Angelica hirsutiflora,滨当归,,,,,,,no_image
85712,Angelica amurensis,黑水当归,,,,,,,no_image
85759,Angelica saxatilis,高山芹,,,,,,,no_image
153298,Angiopsora hiratsukae,,,,,,,,no_image
85791,Angiopteris latipinna,阔叶原始观音座莲,,,,,,,no_image
73087,Anguilla japonica,鳗鲡,,,,,,,no_image
5424,Angulus lanceolatus,角蛤,,,,,,,no_image
85808,Ania angustifolia,狭叶安兰,,,,,,,no_image
5259,Aniculus sibogae,纹寄居蟹,,,,,,,no_image
85820,Anisocampium niponicum,日本安蕨,,,,,,,no_image
22023,Anisogomphus caudalis,镰尾异春蜓,,,,,,,no_image
22043,Anisoneura salebrosa,乱纹夜蛾,,,,,,,no_image
132349,Anisomeridium albisedum,,,,,,,,no_image
85830,Anna mollifolia,软叶大苞苣苔,,,,,,,no_image
141210,Annulatascus joannae,,,,,,,,no_image
5918,Annandaleum gruvelii,葛氏阿南铠茗荷,,,,,,,no_image
144581,Annulohypoxylon pyriforme,,,,,,,,no_image
85848,Anoectangium aestivum,丛本藓,,,,,,,no_image
85869,Anoectochilus roxburghii,金线兰,,,,,,,no_image
85892,Anomodon thraustus,碎叶牛舌藓,,,,,,,no_image
22109,Anomoia vana,瓦纳斜脉实蝇,,,,,,,no_image
22088,Anomis involuta,黄麻桥夜蛾,,,,,,,no_image
22120,Anopheles argyropus,银足按蚊,,,,,,,no_image
22141,Anopheles interruptus,间断按蚊,,,,,,,no_image
22161,Anopheles peditaeniatus,带足按蚊,,,,,,,no_image
22181,Anoplistes forticornis,,,,,,,,no_image
22204,Anoplodera przewalskii,,,,,,,,no_image
22220,Anoplophora beryllina,,,,,,,,no_image
22243,Anoplophora lurida,,,,,,,,no_image
73095,Anorrhinus austeni,白喉犀鸟,,,,,,,no_image
22272,Anotylus amurensis,,,,,,,,no_image
22292,Anotylus ganapati,,,,,,,,no_image
22314,Anotylus nitiduloides,,,,,,,,no_image
73100,Anourosorex yamashinai,台湾短尾鼩,,,,,,,no_image
6796,Antedon parviflora,小花海羊齿,,,,,,,no_image
22333,Anteon achterbergi,阿赫单爪螯蜂,,,,,,,no_image
22353,Anteon flavoniger,黄黑单爪螯蜂,,,,,,,no_image
22373,Anteon meifenganum,梅峰单爪螯蜂,,,,,,,no_image
22393,Anteon serratum,齿单爪螯蜂,,,,,,,no_image
85899,Anthelepis undulata,羽鳞莎,,,,,,,no_image
22421,Antheraea yamamai,半目大蚕,,,,,,,no_image
22442,Anthidium oblongatum,长黄斑蜂,,,,,,,no_image
22464,Anthobium nivale,,,,,,,,no_image
22480,Anthocoris armatus,刺突原花蝽,,,,,,,no_image
22500,Anthocoris pericarti,帕氏原花蝽,,,,,,,no_image
22515,Anthomyia illocata,横带花蝇,,,,,,,no_image
22533,Anthophora agama,圆斑条蜂,,,,,,,no_image
22553,Anthophora codentata,联齿条蜂,,,,,,,no_image
22574,Anthophora iole,刺条蜂,,,,,,,no_image
7977,Anthopleura asiatica,亚洲侧花海葵,,,,,,,no_image
22595,Anthophora przewalskyi,黑距条蜂,,,,,,,no_image
144678,Anthostomella bromeliaceae,,,,,,,,no_image
144698,Anthostomella sabiniana,,,,,,,,no_image
140371,Anthracobia maurilabra,暗唇焦地盘菌,,,,,,,no_image
154897,Anthracoidea macranthae,大花嵩草炭黑粉菌,,,,,,,no_image
154917,Anthracoidea vankyi,范基灰黑粉,,,,,,,no_image
22623,Anthrax distigma,多型岩蜂虻,,,,,,,no_image
73153,Anthus rubescens,黄腹鹨,,,,,,,no_image
85932,Antidesma acidum,西南五月茶,,,,,,,no_image
8277,Antillesoma antillarum,安岛反体星虫,,,,,,,no_image
7785,Antipathes viminalis,枝条黑珊瑚,,,,,,,no_image
85959,Antitrichia curtipendula,逆毛藓,,,,,,,no_image
22676,Antocha pallidella,苍白安大蚊,,,,,,,no_image
151878,Antrodiella thujae,崖柏小薄孔菌,,,,,,,no_image
150861,Antrodia albida,白薄孔菌,,,,,,,no_image
22696,Anubis rostratus,,,,,,,,no_image
22705,Anydrelia plicataria,迭翅尺蛾,,,,,,,no_image
135821,Anzia semiteres,半圆柱绵腹衣,,,,,,,no_image
22721,Aoria thibetana,西藏厚缘肖叶甲,,,,,,,no_image
22739,Apamea chinensis,华秀夜蛾,,,,,,,no_image
22759,Apamea veterina,负秀夜蛾,,,,,,,no_image
22788,Apecholinus fraternus,,,,,,,,no_image
22806,Aphalacrosoma modestus,静准白长足虻,,,,,,,no_image
22847,Aphelopus querceus,夸常足螯蜂,,,,,,,no_image
73175,Aphareus furca,叉尾鲷,,,,,,,no_image
22827,Aphelopus borneanus,婆罗常足螯蜂,,,,,,,no_image
22867,Aphilenia inornata,素色沙地肖叶甲,,,,,,,no_image
22876,Aphrodisium delatouchii,,,,,,,,no_image
22905,Aphrodisium viridescens,,,,,,,,no_image
141040,Apioclypea livistonae,,,,,,,,no_image
73178,Aphyocypris chinensis,中华细鲫,,,,,,,no_image
22946,Aplomya latimana,宽爪短尾寄蝇,,,,,,,no_image
86015,Apocopis intermedius,异穗楔颖草,,,,,,,no_image
22925,Apis dorsata,大蜜蜂,,,,,,,no_image
73199,Apodemus uralensis,乌拉尔姬鼠,,,,,,,no_image
73210,Apogon erythrinus,粉红天竺鲷,,,,,,,no_image
22959,Apoleptomastix attenboroughi,,,,,,,,no_image
86021,Apomarsupella crystallocaulon,疣茎类钱袋苔,,,,,,,no_image
22978,Apolygus kosempoensis,台湾后丽盲蝽,,,,,,,no_image
10242,Apontella succedana,,,,,,,,no_image
23041,Aporia genestieri,普通绢粉蝶,,,,,,,no_image
23104,Aporia tayiensis,大邑绢粉蝶,,,,,,,no_image
86035,Apostasia ramifera,多枝拟兰,,,,,,,no_image
23124,Apotropina uniformis,宽颊显鬃秆蝇,,,,,,,no_image
143804,Appendiculella konishii,,,,,,,,no_image
23132,Appias lalage,兰姬尖粉蝶,,,,,,,no_image
73233,Apristurus gibbosus,驼背光尾鲨,,,,,,,no_image
23172,Aprostocetus foraminifer,多孔长尾啮小蜂,,,,,,,no_image
23190,Apterygothrips fungosus,食菌缺翅管蓟马,,,,,,,no_image
86068,Aquilegia viridiflora,耧斗菜,,,,,,,no_image
86047,Aquilaria sinensis,土沉香,,,,,,,no_image
86093,Arachniodes amabilis,斜方复叶耳蕨,,,,,,,no_image
86113,Arachniodes jinpingensis,金平复叶耳蕨,,,,,,,no_image
86133,Arachniodes wulingshanensis,武陵山复叶耳蕨,,,,,,,no_image
73268,Arachnothera magna,纹背捕蛛鸟,,,,,,,no_image
86142,Aralia caesia,圆叶羽叶参,,,,,,,no_image
86164,Aralia kingdon-wardii,独龙羽叶参,,,,,,,no_image
23202,Araneibatrus callissimus,,,,,,,,no_image
11134,Araneus bigibbosus,双突园蛛,,,,,,,no_image
10966,Araneus ejusmodi,黄斑园蛛,,,,,,,no_image
11077,Araneus marmoroides,类花岗园蛛,,,,,,,no_image
11234,Araneus plenus,丰满园蛛,,,,,,,no_image
11233,Araneus triangulus,三角园蛛,,,,,,,no_image
10952,Araneus zygielloides,类紫阁园蛛,,,,,,,no_image
23222,Arbela nitidula,光棒姬蝽,,,,,,,no_image
8912,Arborichthonius styosetosus,杈毛树缝甲螨,,,,,,,no_image
2639,Arcania elongata,长形栗壳蟹,,,,,,,no_image
6097,Archiacasta membranacea,膜底古绵藤壶,,,,,,,no_image
86193,Archakebia apetala,长萼木通,,,,,,,no_image
86213,Archidendron robinsonii,棋子豆,,,,,,,no_image
23283,Archips rosanus,蔷薇黄卷蛾,,,,,,,no_image
23261,Archips compitalis,天目山黄卷蛾,,,,,,,no_image
23304,Arcofacies strigatipennis,条翅梯顶飞虱,,,,,,,no_image
23306,Arcotermes tubus,管鼻弧白蚁,,,,,,,no_image
23315,Arctolamia villosa,,,,,,,,no_image
23325,Arctornis obliquilineata,斜纹白毒蛾,,,,,,,no_image
16412,Arctosa pichoni,皮氏熊蛛,,,,,,,no_image
86240,Arcuatopterus linearifolius,条叶弓翅芹,,,,,,,no_image
73314,Ardeola grayii,印度池鹭,,,,,,,no_image
86262,Ardisia crispa,百两金,,,,,,,no_image
86283,Ardisia malipoensis,麻栗坡罗伞,,,,,,,no_image
86305,Ardisia ramondiiformis,短柄紫金牛,,,,,,,no_image
144556,Arecomyces tetrasporus,,,,,,,,no_image
86334,Arenga micrantha,小花桄榔,,,,,,,no_image
86341,Argentina cardotiana,聚伞蕨麻,,,,,,,no_image
86370,Argentina polyphylloides,似多叶蕨麻,,,,,,,no_image
11073,Argiope appensa,附金蛛,,,,,,,no_image
23362,Argyra pseudosuperba,曲脉银长足虻,,,,,,,no_image
86388,Argostemma hainanicum,海南雪花,,,,,,,no_image
11651,Argyrodes yunnanensis,云南银斑蛛,,,,,,,no_image
86413,Argyreia monosperma,单籽银背藤,,,,,,,no_image
23378,Argyrospila formosa,黑脉邪夜蛾,,,,,,,no_image
23406,Arhopalus angustus,,,,,,,,no_image
86429,Arisaema autumnale,东台南星,,,,,,,no_image
86449,Arisaema echinoides,拟刺棒南星,,,,,,,no_image
11728,Ariamnes cylindrogaster,筒蚓腹蛛,,,,,,,no_image
23441,Aridelus tsuifengensis,翠峰蝽茧蜂,,,,,,,no_image
86491,Arisaema parvum,小南星,,,,,,,no_image
86471,Arisaema jingdongense,景东南星,,,,,,,no_image
86511,Arisaema sukotaiense,中泰南星,,,,,,,no_image
73340,Aristichthys nobilis,鳙,,,,,,,no_image
23456,Aristocypha chaoi,赵氏圣鼻蟌,,,,,,,no_image
86553,Aristolochia phoenixa,凤凰马兜铃,,,,,,,no_image
23475,Armigeres omissus,多指阿蚊,,,,,,,no_image
23461,Armatacris xishaensis,西沙卫蝗,,,,,,,no_image
147691,Armillaria novae-zelandiae,,,,,,,,no_image
23487,Aroa yunnana,滇色毒蛾,,,,,,,no_image
86572,Arnebia guttata,黄花软紫草,,,,,,,no_image
148387,Arrhenia acerosa,槭生小侧耳,,,,,,,no_image
86581,Artabotrys fragrans,香鹰爪花,,,,,,,no_image
86599,Artemisia anomala,奇蒿,,,,,,,no_image
86656,Artemisia emeiensis,峨眉蒿,,,,,,,no_image
86624,Artemisia campestris,荒野蒿,,,,,,,no_image
86692,Artemisia gracilescens,纤细绢蒿,,,,,,,no_image
86716,Artemisia keiskeana,菴闾,,,,,,,no_image
86743,Artemisia medioxima,尖栉齿叶蒿,,,,,,,no_image
86767,Artemisia occidentalisichuanensis,川西腺毛蒿,,,,,,,no_image
86791,Artemisia pubescens,柔毛蒿,,,,,,,no_image
86821,Artemisia shennongjiaensis,神农架蒿,,,,,,,no_image
86849,Artemisia tainingensis,川藏蒿,,,,,,,no_image
86877,Artemisia waltonii,藏龙蒿,,,,,,,no_image
131545,Arthonia calcarea,,,,,,,,no_image
139476,Arthrobotrys microspora,,,,,,,,no_image
134212,Arthopyrenia amaura,,,,,,,,no_image
86905,Arthraxon submuticus,无芒荩草,,,,,,,no_image
86909,Arthromeris himalayensis,,,,,,,,no_image
23511,Artimpaza curtelineata,,,,,,,,no_image
86942,Arundinella decempedalis,丈野古草,,,,,,,no_image
86929,Artocarpus petelotii,短绢毛波罗蜜,,,,,,,no_image
86967,Arundo formosana,台湾芦竹,,,,,,,no_image
86974,Asarum caulescens,双叶细辛,,,,,,,no_image
23538,Asaperdina whiteheadi,,,,,,,,no_image
86995,Asarum longerhizomatosum,长茎金耳环,,,,,,,no_image
87020,Asarum wulingense,五岭细辛,,,,,,,no_image
23569,Asceles clavatus,棒尾蔷䗛,,,,,,,no_image
87022,Ascidiota blepharophylla,耳坠苔,,,,,,,no_image
139603,Ascobolus depauperatus,,,,,,,,no_image
139623,Ascobolus major,,,,,,,,no_image
139643,Ascobolus versicolor,,,,,,,,no_image
133491,Ascochyta brachypodii,,,,,,,,no_image
133511,Ascochyta doronici,,,,,,,,no_image
133531,Ascochyta longan,,,,,,,,no_image
133551,Ascochyta piricola,,,,,,,,no_image
139673,Ascodesmis echinulata,,,,,,,,no_image
133571,Ascochyta spinaciae,,,,,,,,no_image
139397,Ascophanus crustaceus,,,,,,,,no_image
142470,Ascotaiwania palmicola,,,,,,,,no_image
23582,Asemum arisanum,,,,,,,,no_image
23587,Ashmead loui,娄氏栉爪螯蜂,,,,,,,no_image
23615,Asidoblaps attigua,锐脊亚琵甲,,,,,,,no_image
23604,Asiagomphus personatus,面具亚春蜓,,,,,,,no_image
23635,Asidoblaps gorgneri,阿坝亚琵甲,,,,,,,no_image
23674,Asimoneura shirakii,素木氏艾喙实蝇,,,,,,,no_image
23655,Asidoblaps potanini,波氏亚琵甲,,,,,,,no_image
87028,Askellia karelinii,乌恰假苦菜,,,,,,,no_image
87034,Asparagus angulofractus,折枝天门冬,,,,,,,no_image
87054,Asparagus qilianshanensis,祁连山天门冬,,,,,,,no_image
18442,Aspelta intradentata,内齿前吻轮虫,,,,,,,no_image
134335,Aspergillus chevalieri,,,,,,,,no_image
134355,Aspergillus foeniculicola,,,,,,,,no_image
134375,Aspergillus miyajii,,,,,,,,no_image
134395,Aspergillus rugulovalvus,,,,,,,,no_image
134415,Aspergillus wentii,,,,,,,,no_image
137359,Aspicilia corrugatula,皱褶平茶渍,,,,,,,no_image
137379,Aspicilia plicigera,褶平茶渍,,,,,,,no_image
87072,Aspidistra alternativa,忻城蜘蛛抱蛋,,,,,,,no_image
87094,Aspidistra cleistantha,隐花蜘蛛抱蛋,,,,,,,no_image
87116,Aspidistra erythropoecila,红斑蜘蛛抱蛋,,,,,,,no_image
87136,Aspidistra leucographa,白柱蜘蛛抱蛋,,,,,,,no_image
87156,Aspidistra luodianensis,罗甸蜘蛛抱蛋,,,,,,,no_image
87196,Aspidistra shangsiensis,上思蜘蛛抱蛋,,,,,,,no_image
87176,Aspidistra ovatifolia,拟卵叶蜘蛛抱蛋,,,,,,,no_image
73383,Aspidontus taeniatus,纵带盾齿鳚,,,,,,,no_image
18555,Asplanchna brightwellii,卜氏晶囊轮虫,,,,,,,no_image
87219,Aspidistra yangchunensis,阳春蜘蛛抱蛋,,,,,,,no_image
87259,Asplenium castaneoviride,东海铁角蕨,,,,,,,no_image
87301,Asplenium mae,内蒙铁角蕨,,,,,,,no_image
87280,Asplenium griffithianum,厚叶铁角蕨,,,,,,,no_image
87323,Asplenium pseudopraemorsum,斜裂铁角蕨,,,,,,,no_image
87346,Asplenium tenuifolium,细裂铁角蕨,,,,,,,no_image
23723,Astegopteryx bambusae,竹舞蚜,,,,,,,no_image
23743,Asteia simplarista,简芒寡脉蝇,,,,,,,no_image
23766,Astenus parvipennis,,,,,,,,no_image
87390,Aster auriculatus,耳叶紫菀,,,,,,,no_image
87412,Aster falcifolius,镰叶紫菀,,,,,,,no_image
87437,Aster indicus,马兰,,,,,,,no_image
87462,Aster marchandii,短冠东风菜,,,,,,,no_image
87482,Aster platylepis,阔苞紫菀,,,,,,,no_image
87504,Aster sikkimensis,锡金紫菀,,,,,,,no_image
87526,Aster trichoneurus,毛脉紫菀,,,,,,,no_image
87550,Asterella mussuriensis,侧托花萼苔,,,,,,,no_image
143850,Asteridiella heliciae,,,,,,,,no_image
143830,Asteridiella cecropiicola,,,,,,,,no_image
143870,Asteridiella rhaphiolepidis,,,,,,,,no_image
131663,Asterina aporosae,,,,,,,,no_image
131682,Asterina claviflori,,,,,,,,no_image
131702,Asterina garciniae,,,,,,,,no_image
131741,Asterina natsiati,,,,,,,,no_image
131721,Asterina litseae-verticillatae,,,,,,,,no_image
131759,Asterina subcylindracea,,,,,,,,no_image
23786,Asterodiaspis japonica,日斑链蚧,,,,,,,no_image
5416,Asteroporpa hadracantha,粗棘环蛇尾,,,,,,,no_image
73392,Asterropteryx spinosa,棘星塘鳢,,,,,,,no_image
87566,Astilbe grandis,大落新妇,,,,,,,no_image
23814,Astochia scalaris,梅县宽跗食虫虻,,,,,,,no_image
87589,Astragalus amabilis,喜黄芪,,,,,,,no_image
87611,Astragalus basiflorus,地花黄芪,,,,,,,no_image
87631,Astragalus caeruleopetalinus,蓝花黄芪,,,,,,,no_image
87653,Astragalus cobresiiphilus,雅鲁黄芪,,,,,,,no_image
87708,Astragalus dutreuilii,中昆仑黄芪,,,,,,,no_image
87677,Astragalus datunensis,大通黄芪,,,,,,,no_image
87730,Astragalus geerwusuensis,格尔乌苏黄芪,,,,,,,no_image
87754,Astragalus hancockii,短花梗黄芪,,,,,,,no_image
87778,Astragalus iliensis,伊犁黄芪,,,,,,,no_image
87799,Astragalus laetabilis,丝叶黄芪,,,,,,,no_image
87822,Astragalus lhorongensis,洛隆黄芪,,,,,,,no_image
87842,Astragalus mahoschanicus,马衔山黄芪,,,,,,,no_image
87893,Astragalus neomonodelphus,新单蕊黄芪,,,,,,,no_image
87871,Astragalus moellendorffii,边向花黄芪,,,,,,,no_image
87913,Astragalus ornithorrhynchus,雀喙黄芪,,,,,,,no_image
87934,Astragalus platyphyllus,宽叶黄芪,,,,,,,no_image
87983,Astragalus schanginianus,卡通黄芪,,,,,,,no_image
87958,Astragalus puberulus,茸毛黄芪,,,,,,,no_image
88003,Astragalus sphaerocystis,球囊黄芪,,,,,,,no_image
88026,Astragalus taledensis,塔勒德黄芪,,,,,,,no_image
88055,Astragalus tungensis,洞川黄芪,,,,,,,no_image
88075,Astragalus wolungensis,卧龙黄芪,,,,,,,no_image
88097,Astragalus zadaensis,新札达黄芪,,,,,,,no_image
144709,Astrocystis mirabilis,,,,,,,,no_image
133346,Astrosphaeriella fronsicola,,,,,,,,no_image
23845,Asura reflexusa,倒影艳苔蛾,,,,,,,no_image
23824,Asulconotus kozlovi,科氏缺沟蝗,,,,,,,no_image
23865,Asyndetus calcaratus,马距隐脉长足虻,,,,,,,no_image
2873,Atactodea striata,环纹坚石蛤,,,,,,,no_image
73401,Ateleopus japonicus,日本辫鱼,,,,,,,no_image
12233,Aterigena aculeata,刺近隅蛛,,,,,,,no_image
148784,Athelia binucleospora,,,,,,,,no_image
23901,Atherigona crassiseta,肥芒芒蝇,,,,,,,no_image
73414,Atherinomorus lacunosus,南洋美银汉鱼,,,,,,,no_image
23921,Atherigona omega,曲阜芒蝇,,,,,,,no_image
23956,Atheta anmashanensis,,,,,,,,no_image
23976,Atheta coriaria,,,,,,,,no_image
23996,Atheta euryptera,,,,,,,,no_image
24017,Atheta granulotibetana,,,,,,,,no_image
24037,Atheta innuba,,,,,,,,no_image
24057,Atheta lanzhouensis,,,,,,,,no_image
24077,Atheta marcopoloi,,,,,,,,no_image
24097,Atheta neoamicula,,,,,,,,no_image
24117,Atheta perflata,,,,,,,,no_image
24137,Atheta reelsi,,,,,,,,no_image
24157,Atheta semitibialis,,,,,,,,no_image
24177,Atheta sinonigra,,,,,,,,no_image
24199,Atheta submetallica,,,,,,,,no_image
24219,Atheta tianmushanensis,,,,,,,,no_image
24239,Atheta xueica,,,,,,,,no_image
24259,Athetis lapidea,石委夜蛾,,,,,,,no_image
24280,Atholus torquatus,扭清亮阎甲,,,,,,,no_image
88146,Athyrium bucahwangense,圆果蹄盖蕨,,,,,,,no_image
88170,Athyrium dentigerum,希陶蹄盖蕨,,,,,,,no_image
24322,Athymoris fusculus,暗貂祝蛾,,,,,,,no_image
88193,Athyrium guangnanense,广南蹄盖蕨,,,,,,,no_image
88220,Athyrium melanolepis,黑鳞蹄盖蕨,,,,,,,no_image
88242,Athyrium rhachidosorum,轴生蹄盖蕨,,,,,,,no_image
88264,Athyrium uniforme,同形蹄盖蕨,,,,,,,no_image
24330,Athyrsomima bihami,双钩开麻蝇,,,,,,,no_image
24350,Atkinsoniella aurantiaca,橙色条大叶蝉,,,,,,,no_image
24370,Atkinsoniella furipygofera,叉尾条大叶蝉,,,,,,,no_image
24390,Atkinsoniella membrana,膜突条大叶蝉，新种,,,,,,,no_image
24410,Atkinsoniella rufistigma,红点条大叶蝉，新种,,,,,,,no_image
24430,Atkinsoniella zaihuai,再华条大叶蝉,,,,,,,no_image
24446,Atopolinus brunneus,,,,,,,,no_image
24466,Atopolinus paramerum,,,,,,,,no_image
24486,Atopolinus tangi,,,,,,,,no_image
24503,Atractomorpha himalayica,喜马拉雅负蝗,,,,,,,no_image
24545,Atrichopogon exiletergitus,短背裸蠓,,,,,,,no_image
88296,Atraphaxis irtyschensis,额河木蓼,,,,,,,no_image
24525,Atrichopogon bidaculus,双钩裸蠓,,,,,,,no_image
24565,Atrichopogon longiserrus,长膜裸蠓,,,,,,,no_image
24585,Atrichopogon pileolus,毡帽裸蠓,,,,,,,no_image
24605,Atrichopogon tetramischus,四梗裸蠓,,,,,,,no_image
88311,Atrichum yakushimense,东亚仙鹤藓,,,,,,,no_image
88327,Atriplex prostrata,戟叶滨藜,,,,,,,no_image
13266,Attulus mirandus,米兰达艾图蛛,,,,,,,no_image
73422,Atrophacanthus japonicus,日本下棘鲀,,,,,,,no_image
24654,Atylotus quadrifarius,四列黄虻,,,,,,,no_image
88336,Aubrieta deltoidea,三角齿南庭荠,,,,,,,no_image
88375,Audouinella pugettia,矶蟹旋体藻,,,,,,,no_image
24665,Atypophthalmus inelegans,普通平行大蚊,,,,,,,no_image
88347,Aucuba filicauda,纤尾桃叶珊瑚,,,,,,,no_image
24693,Aulacocypus subtilis,,,,,,,,no_image
24716,Aulexis tuberculata,瘤突齿胸肖叶甲,,,,,,,no_image
88390,Aulacospermum roseum,红花槽子芹,,,,,,,no_image
132269,Aureobasidium pullulans,,,,,,,,no_image
1705,Australeremus triserratus,锯齿澳寄居蟹,,,,,,,no_image
148828,Auricularia peltata,盾形木耳,,,,,,,no_image
148897,Austroboletus trinitatensis,,,,,,,,no_image
24750,Austrolimnophila marcida,萎澳大蚊,,,,,,,no_image
24765,Autalia schillhammeri,,,,,,,,no_image
24770,Autophila glebicolor,土隘夜蛾,,,,,,,no_image
88393,Avena chinensis,莜麦,,,,,,,no_image
24801,Avitta quadrilinea,四线元夜蛾,,,,,,,no_image
6575,Axinella sulcata,苏尔小轴海绵,,,,,,,no_image
73450,Aythya affinis,小潜鸭,,,,,,,no_image
24827,Azelia zetterstedtii,丹麦点蝇,,,,,,,no_image
17403,Babelomurex echinatus,刺猬塔肩棘螺,,,,,,,no_image
17322,Babelomurex spinosus,宝塔肩棘螺,,,,,,,no_image
136496,Bacidia delicata,柔杆孢衣,,,,,,,no_image
24842,Bacchisa cyanipennis,,,,,,,,no_image
88431,Bacopa repens,田玄参,,,,,,,no_image
24873,Bactrocera costalis,径褐黑实蝇,,,,,,,no_image
24894,Bactrocera jiannanus,黔南华实蝇,,,,,,,no_image
24914,Bactrocera parvifoliacea,小叶果实蝇,,,,,,,no_image
24947,Bactrothrips honoris,誉棒管蓟马,,,,,,,no_image
24934,Bactrocera tau,南亚果实蝇,,,,,,,no_image
24965,Baeocera gilloghyi,,,,,,,,no_image
24985,Baeocera xichangana,,,,,,,,no_image
24992,Baeoura angustilobata,窄叶燥大蚊,,,,,,,no_image
88434,Baijiania taiwaniana,台湾白兼果,,,,,,,no_image
25012,Balala lui,路氏片胫杆蝉,,,,,,,no_image
88458,Balanophora subcupularis,杯茎蛇菰,,,,,,,no_image
6446,Balanus pulchellus,美丽藤壶,,,,,,,no_image
73477,Balitora kwangsiensis,广西爬鳅,,,,,,,no_image
25024,Balmes terissinus,川贵巴蝶蛉,,,,,,,no_image
88473,Bambusa basihirsuta,扁竹,,,,,,,no_image
88502,Bambusa fimbriligulata,流苏单竹,,,,,,,no_image
88522,Bambusa multiplex,孝顺竹,,,,,,,no_image
88557,Bambusa semitecta,掩耳黄竹,,,,,,,no_image
25038,Bambusaspis abiectus,菲竹斑链蚧,,,,,,,no_image
88588,Bangia yamadai,山田红毛菜,,,,,,,no_image
73495,Bandicota bengalensis,小板齿鼠,,,,,,,no_image
73494,Bambusicola thoracicus,灰胸竹鸡,,,,,,,no_image
13602,Bannaella sinuata,弯版纳蛛,,,,,,,no_image
2242,Barbatia cruciata,拟棕蚶,,,,,,,no_image
25093,Baradesa omissa,窄带重舟蛾,,,,,,,no_image
88600,Barbella stevensii,斯氏悬藓,,,,,,,no_image
88617,Barbula indica,小扭口藓,,,,,,,no_image
73527,Barilius barila,滇西低线&#x0000E073;,,,,,,,no_image
141035,Bartalinia ananatis,,,,,,,,no_image
140393,Barlaeina planchonis,,,,,,,,no_image
73532,Bascanichthys longipinnis,长鳍褐蛇鳗,,,,,,,no_image
25114,Basilepta congregata,聚刻角胸肖叶甲,,,,,,,no_image
25134,Basilepta granulosa,颗粒角胸肖叶甲,,,,,,,no_image
25154,Basilepta pectoralis,黑缝角胸肖叶甲,,,,,,,no_image
25174,Basilepta varians,异色角胸肖叶甲,,,,,,,no_image
25194,Basiprionota pudica,西南锯龟甲,,,,,,,no_image
88661,Bassia stellaris,伊朗地肤,,,,,,,no_image
25213,Bassus formosanus,台闭腔茧蜂,,,,,,,no_image
25233,Bassus tsuifengensis,水坊闭腔茧蜂,,,,,,,no_image
73544,Bathycallionymus sokonumeri,纹鳍深水[鱼衔],,,,,,,no_image
4453,Bathypectinura heros,深栉蛇尾,,,,,,,no_image
73564,Bathygobius cyclopterus,圆鳍深鰕虎,,,,,,,no_image
73580,Bathyraja trachouros,糙体深海鳐,,,,,,,no_image
25246,Batocera horsfieldii,,,,,,,,no_image
73593,Batrachuperus taibaiensis,太白山溪鲵,,,,,,,no_image
25275,Batraxis yifan,,,,,,,,no_image
25295,Batriscenellus xijiaogongyuan,,,,,,,,no_image
25315,Batrisodes tianmuensis,,,,,,,,no_image
152958,Bauhinus cordae,,,,,,,,no_image
88684,Bazzania assamica,阿萨密鞭苔,,,,,,,no_image
88704,Bazzania revoluta,仰叶鞭苔,,,,,,,no_image
3341,Beania petiolata,细柄格苔虫,,,,,,,no_image
88719,Beaumontia murtonii,思茅清明花,,,,,,,no_image
88727,Beckmannia syzigachne,菵草,,,,,,,no_image
88748,Begonia asteropyrifolia,星果草叶秋海棠,,,,,,,no_image
88768,Begonia caryotarum,董棕秋海棠,,,,,,,no_image
88788,Begonia curvicarpa,弯果秋海棠,,,,,,,no_image
88808,Begonia ehuangzhangensis,鹅凰嶂秋海棠,,,,,,,no_image
88831,Begonia gemmipara,珠芽秋海棠,,,,,,,no_image
88862,Begonia hohuanensis,合欢山秋海棠,,,,,,,no_image
88882,Begonia limprichtii,蕺叶秋海棠,,,,,,,no_image
88926,Begonia obsolescens,侧膜秋海棠,,,,,,,no_image
88902,Begonia malipoensis,麻栗坡秋海棠,,,,,,,no_image
88952,Begonia platycarpa,扁果秋海棠,,,,,,,no_image
88972,Begonia repenticaulis,匍茎秋海棠,,,,,,,no_image
89013,Begonia tengchiana,藤枝秋海棠,,,,,,,no_image
89033,Begonia xishuiensis,习水秋海棠,,,,,,,no_image
88992,Begonia shenzhenensis,深圳秋海棠,,,,,,,no_image
89050,Beilschmiedia fasciata,白柴果,,,,,,,no_image
89074,Beilschmiedia pergamentacea,纸叶琼楠,,,,,,,no_image
8879,Belba rossica,俄罗斯珠足甲螨,,,,,,,no_image
15180,Belisana chaoanensis,潮安贝尔蛛,,,,,,,no_image
15039,Belisana longinqua,长贝尔蛛,,,,,,,no_image
15081,Belisana xiyuan,溪源贝尔蛛,,,,,,,no_image
25355,Bellardia menechmoides,拟新月片丽蝇,,,,,,,no_image
25375,Bellatheta pingtungensis,,,,,,,,no_image
73610,Belligobio nummifer,似&#x0000E04F;,,,,,,,no_image
73618,Bembrops curvatura,曲线鲬状鱼,,,,,,,no_image
25393,Belonuchus admirabilis,,,,,,,,no_image
25413,Bengalia labiata,突唇孟蝇,,,,,,,no_image
152726,Bensingtonia ciliata,,,,,,,,no_image
25422,Bentus flavomaculatus,黄纹曲尾叶蝉,,,,,,,no_image
89127,Berberis batangensis,巴塘小檗,,,,,,,no_image
89173,Berberis dongchuanensis,东川小檗,,,,,,,no_image
89151,Berberis concinna,雅洁小檗,,,,,,,no_image
89221,Berberis impedita,南岭小檗,,,,,,,no_image
89197,Berberis griffithiana,错那小檗,,,,,,,no_image
89244,Berberis kerriana,南方小檗,,,,,,,no_image
89264,Berberis metapolyantha,万源小檗,,,,,,,no_image
89286,Berberis parapruinosa,拟粉叶小檗,,,,,,,no_image
89308,Berberis purdomii,延安小檗,,,,,,,no_image
89331,Berberis stenostachya,短梗小檗,,,,,,,no_image
89351,Berberis umbratica,阴生小檗,,,,,,,no_image
89391,Berchemia flavescens,黄背勾儿茶,,,,,,,no_image
89373,Berberis wuyiensis,武夷小檗,,,,,,,no_image
25438,Beris huanglianshana,黄连山柱角水虻,,,,,,,no_image
8932,Berlesezetes auxiliaris,副伯氏甲螨,,,,,,,no_image
89425,Bergenia purpurascens,岩白菜,,,,,,,no_image
141311,Bertia sinensis,,,,,,,,no_image
25496,Besaia murzini,穆篦舟蛾,,,,,,,no_image
25474,Besaia argenteodivisa,银篦舟蛾,,,,,,,no_image
25518,Bessa remota,黄须盆地寄蝇,,,,,,,no_image
25537,Betashachia angustipennis,显昏舟蛾,,,,,,,no_image
89468,Betula fujianensis,福建桦,,,,,,,no_image
89497,Betula schmidtii,赛黑桦,,,,,,,no_image
25553,Bezzia boluensis,博乐贝蠓,,,,,,,no_image
25573,Bezzia lujingi,鹿颈贝蠓,,,,,,,no_image
25614,Bhatia satsumensis,萨摩沟顶叶蝉,,,,,,,no_image
25593,Bezzia turmidifemura,肿腿贝蠓,,,,,,,no_image
89507,Bhutanthera albomarginata,白边高山兰,,,,,,,no_image
25634,Bibasis jaina,橙翅伞弄蝶,,,,,,,no_image
25657,Bibio dipetalus,双瓣毛蚊,,,,,,,no_image
25677,Bibio hyalipterus,透翅毛蚊,,,,,,,no_image
25698,Bibio shaanxiensis,陕西毛蚊,,,,,,,no_image
89515,Bidens cernua,柳叶鬼针草,,,,,,,no_image
12428,Bifidocoelotes primus,初叉隙蛛,,,,,,,no_image
14101,Bifurcia pseudosongi,伪宋氏叉蛛,,,,,,,no_image
25726,Billaea impigra,勤篦寄蝇,,,,,,,no_image
89536,Biondia laxa,杯冠秦岭藤,,,,,,,no_image
141678,Bionectria solani,,,,,,,,no_image
134021,Bipolaris eragrostiellae,,,,,,,,no_image
25759,Bireta lucida,亮角瓣舟蛾,,,,,,,no_image
5195,Birulia kishinouyei,岸上毕如虾,,,,,,,no_image
134041,Bipolaris zeae,,,,,,,,no_image
15588,Bisetocreagris martii,马氏双毛肉伪蝎,,,,,,,no_image
25787,Bisnius potanini,,,,,,,,no_image
89559,Bistorta emodi,匐枝蓼,,,,,,,no_image
25792,Bithia demotica,德莫比西寄蝇,,,,,,,no_image
25800,Blaesoxipha dongfangis,东方折麻蝇,,,,,,,no_image
89589,Blainvillea acmella,百能葳,,,,,,,no_image
25839,Blaps chinensis,中华琵甲,,,,,,,no_image
25884,Blaps orientalis,东方琵甲,,,,,,,no_image
25863,Blaps helopioides,西疆琵甲,,,,,,,no_image
25905,Blaps transversimsulcata,横条琵甲,,,,,,,no_image
25916,Blastesthia turionella,樟子松顶小卷蛾,,,,,,,no_image
25923,Blastothrix kuwanai,桑名花角跳小蜂,,,,,,,no_image
9391,Blattisocius tarsalis,,,,,,,,no_image
25947,Bledius jiangmenensis,,,,,,,,no_image
25965,Blenina chlorophila,绿癣皮夜蛾,,,,,,,no_image
25980,Blepephaeus subcruciatus,,,,,,,,no_image
26000,Blepharidopterus angulatus,棱角毛翅盲蝽,,,,,,,no_image
1631,Blepharipoda liberata,解放眉足蟹,,,,,,,no_image
89607,Blepharoglossum latifolium,睫唇兰,,,,,,,no_image
26059,Blondelia siamensis,短尾卷蛾寄蝇,,,,,,,no_image
26052,Blera japonica,日本短毛蚜蝇,,,,,,,no_image
89639,Blumea martiniana,裂苞艾纳香,,,,,,,no_image
89656,Blysmus sinocompressus,华扁穗草,,,,,,,no_image
73658,Bodianus cylindriatus,圆身普提鱼,,,,,,,no_image
89671,Boehmeria densiflora,密花苎麻,,,,,,,no_image
89702,Boehmeria silvestrii,赤麻,,,,,,,no_image
89723,Boerhavia hualienense,花莲黄细心,,,,,,,no_image
89745,Bolbitis heteroclita,长叶实蕨,,,,,,,no_image
152101,Boidinia peroxydata,过氧博氏菇,,,,,,,no_image
145576,Bolbitius variicolor,变色粪伞,,,,,,,no_image
148905,Boletellus fallax,,,,,,,,no_image
148925,Boletellus squamosus,鳞盖条孢牛肝菌,,,,,,,no_image
148933,Boletochaete bicolor,双色刺牛肝菌,,,,,,,no_image
26083,Boletina trispinosa,三刺布菌蚊,,,,,,,no_image
148950,Boletus badius,栗褐牛肝菌,,,,,,,no_image
148970,Boletus crocipodius,黄皮牛肝菌,,,,,,,no_image
149010,Boletus laccatus,,,,,,,,no_image
149030,Boletus nigrellus,黑紫牛肝菌,,,,,,,no_image
148990,Boletus fraternus,,,,,,,,no_image
149050,Boletus porosporus,,,,,,,,no_image
149070,Boletus reticuloceps,网盖牛肝菌,,,,,,,no_image
149090,Boletus sensibilis,敏感牛肝菌,,,,,,,no_image
149130,Boletus vinaceobasis,酒红基牛肝菌,,,,,,,no_image
149110,Boletus subvelutipes,褐绒柄牛肝菌,,,,,,,no_image
137585,Bombyliospora domingensis,,,,,,,,no_image
26133,Bolsiusia spatulasetae,匙毛博蚤蝇,,,,,,,no_image
26115,Bolitophila glabrata,平柄菌蚊,,,,,,,no_image
26095,Bolitogyrus depressus,,,,,,,,no_image
26156,Bombylius sytshuanensis,四川蜂虻,,,,,,,no_image
8355,Bopyroides hippolytes,藻虾单枝鳃虱,,,,,,,no_image
151971,Bondarzewia podocarpi,罗汉松刺孢多孔菌,,,,,,,no_image
26182,Boreoheptagyia similis,线形北七角摇蚊,,,,,,,no_image
26216,Botanophila cercocerata,尖尾植种蝇,,,,,,,no_image
26236,Botanophila dichops,离眼植种蝇,,,,,,,no_image
26196,Botanophila aculeifurca,尖叉植种蝇,,,,,,,no_image
26191,Borolinus semirufus,,,,,,,,no_image
26256,Botanophila hucketti,扁鬃植种蝇,,,,,,,no_image
26316,Botanophila silva,林植种蝇,,,,,,,no_image
26296,Botanophila pilosibucca,毛颊植种蝇,,,,,,,no_image
26276,Botanophila menyuanensis,门源植种蝇,,,,,,,no_image
26350,Bothriomiris dissimulans,带毛膜盲蝽,,,,,,,no_image
26336,Botanophila triforialis,拱叶植种蝇,,,,,,,no_image
26362,Bothrogonia flavovittata,黄带凹大叶蝉,,,,,,,no_image
73702,Bothus myriaster,繁星鲆,,,,,,,no_image
26382,Bothrogonia shuana,蜀凹大叶蝉,,,,,,,no_image
149644,Botryobasidium asterosporum,,,,,,,,no_image
89817,Botryocladia skottsbergii,厚壁葡萄藻,,,,,,,no_image
138901,Botryotinia fuckeliana,富克葡萄孢盘菌,,,,,,,no_image
7445,Bougainvillia chenyapingii,萍鲍螅水母,,,,,,,no_image
138920,Botrytis paeoniae,,,,,,,,no_image
73720,Boulenophrys binlingensis,炳灵角蟾,,,,,,,no_image
73740,Boulenophrys hengshanensis,衡山角蟾,,,,,,,no_image
73760,Boulenophrys mufumontana,幕阜山角蟾,,,,,,,no_image
73780,Boulenophrys wugongensis,武功山角蟾,,,,,,,no_image
89825,Bournea sinensis,四数苣苔,,,,,,,no_image
145133,Bovistella flaccida,,,,,,,,no_image
89836,Brachanthemum titovii,无毛短舌菊,,,,,,,no_image
26419,Brachidamorpha rougemonti,,,,,,,,no_image
26434,Brachygrammatella indica,印度刺脉赤眼蜂,,,,,,,no_image
26423,Brachyclytus singularis,,,,,,,,no_image
18584,Brachionus nilsoni,尼氏臂尾轮虫,,,,,,,no_image
89864,Brachymenium longidens,饰边短月藓,,,,,,,no_image
26449,Brachypalpus nipponicus,日本脊木蚜蝇,,,,,,,no_image
26461,Brachypogon kremeri,克氏短蠓,,,,,,,no_image
26492,Brachyserphus shennongjiaensis,神农架短细蜂,,,,,,,no_image
26481,Brachypogon zhuhaiensis,珠海短蠓,,,,,,,no_image
144496,Brachysporium phragmitis,,,,,,,,no_image
89901,Brachythecium moriense,柔叶青藓,,,,,,,no_image
89921,Brachythecium sakuraii,樱井氏青藓,,,,,,,no_image
89881,Brachythecium amnicola,密枝青藓,,,,,,,no_image
6336,Bractechlamys oweni,欧氏薄齿扇贝,,,,,,,no_image
26519,Bradysia acinacauda,刀尾迟眼蕈蚊,,,,,,,no_image
26539,Bradysia compacta,密毛迟眼蕈蚊,,,,,,,no_image
26559,Bradysia furcata,叉刺迟眼蕈蚊,,,,,,,no_image
26579,Bradysia liubana,留坝迟眼蕈蚊,,,,,,,no_image
26599,Bradysia ocellaris,眼斑迟眼蕈蚊,,,,,,,no_image
26619,Bradysia serrata,锯齿迟眼蕈蚊,,,,,,,no_image
73832,Branchiostegus auratus,斑鳍方头鱼,,,,,,,no_image
26639,Bradysia wangi,王氏迟眼蕈蚊,,,,,,,no_image
89950,Brasenia schreberi,莼菜,,,,,,,no_image
89969,Brassaiopsis shweliensis,瑞丽罗伞,,,,,,,no_image
26658,Braunsia pappi,派氏窄腹茧蜂,,,,,,,no_image
90017,Bredia enchengensis,恩城野海棠,,,,,,,no_image
90041,Bredia velutina,腺毛野海棠,,,,,,,no_image
13007,Brettus cingulatus,围贝塔蛛,,,,,,,no_image
9939,Brevipalpus obovatus,,,,,,,,no_image
90057,Breynia vitis-idaea,小叶黑面神,,,,,,,no_image
26679,Brillia flavifrons,前黄斑布摇蚊,,,,,,,no_image
26696,Brithura nymphica,双突尖头大蚊,,,,,,,no_image
13605,Brommella renguodongi,任国栋布朗蛛,,,,,,,no_image
90082,Bromus formosanus,台湾雀麦,,,,,,,no_image
90102,Bromus plurinodis,多节雀麦,,,,,,,no_image
90126,Bromus tytthanthus,裂稃雀麦,,,,,,,no_image
90134,Brotherella falcata,弯叶小锦藓,,,,,,,no_image
90155,Bruinsmia polysperma,歧序安息香,,,,,,,no_image
26725,Bryaxis buddha,,,,,,,,no_image
26745,Bryaxis sacer,,,,,,,,no_image
9505,Bryobia eharai,,,,,,,,no_image
26757,Bryocoris biquadrangulifer,锥喙蕨盲蝽,,,,,,,no_image
26776,Bryodema divum,庐山痂蝗,,,,,,,no_image
90170,Bryoerythrophyllum brachystegium,钝头红叶藓,,,,,,,no_image
26812,Bryophaenocladius propinquus,近似苔摇蚊,,,,,,,no_image
90192,Bryopsis plumosa,羽藻,,,,,,,no_image
135848,Bryoria pseudofuscescens,单一小孢发,,,,,,,no_image
90205,Bryum austriacum,奥地利真藓,,,,,,,no_image
90251,Bryum tuberosum,土生真藓,,,,,,,no_image
90225,Bryum lonchocaulon,刺叶真藓,,,,,,,no_image
17084,Bucephalopsis mystis,鳠似牛首吸虫,,,,,,,no_image
17100,Bucephalus varicus,变形牛首吸虫,,,,,,,no_image
90271,Buckleya graebneriana,秦岭米面蓊,,,,,,,no_image
90293,Buddleja macrostachya,大序醉鱼草,,,,,,,no_image
135171,Buellia halonia,,,,,,,,no_image
135191,Buellia triphragmioides,类三壁黑瘤衣,,,,,,,no_image
90334,Bulbophyllum delitescens,直唇卷瓣兰,,,,,,,no_image
90314,Bulbophyllum basiflorum,基花石豆兰,,,,,,,no_image
73896,Bufo yunlingensis,云岭蟾蜍,,,,,,,no_image
852,Bugula pacifica,太平洋草苔虫,,,,,,,no_image
90354,Bulbophyllum gymnopus,线瓣石豆兰,,,,,,,no_image
90375,Bulbophyllum leopardinum,短莛石豆兰,,,,,,,no_image
90395,Bulbophyllum omerandrum,毛药卷瓣兰,,,,,,,no_image
90415,Bulbophyllum reptans,伏生石豆兰,,,,,,,no_image
90455,Bulbophyllum xylophyllum,革叶石豆兰,,,,,,,no_image
90435,Bulbophyllum sutepense,聚株石豆兰,,,,,,,no_image
26841,Bumetopia yagii,,,,,,,,no_image
139093,Bulgaria melastoma,黑口胶鼓菌,,,,,,,no_image
154645,Bullera anomala,,,,,,,,no_image
73907,Bungarus multicinctus,银环蛇,,,,,,,no_image
90485,Bupleurum dalhousieanum,匍枝柴胡,,,,,,,no_image
90513,Bupleurum malconense,马尔康柴胡,,,,,,,no_image
26856,Bupronotum zhuangarum,突肩金小蜂,,,,,,,no_image
26874,Burmagomphus magnus,巨缅春蜓,,,,,,,no_image
152812,Burrillia ajrekari,雨久花裸球孢黑粉菌,,,,,,,no_image
90571,Buxus linearifolia,线叶黄杨,,,,,,,no_image
26906,Byasa polyeuetes,多姿麝凤蝶,,,,,,,no_image
73921,Buteo lagopus,毛脚鵟,,,,,,,no_image
6030,Byblis ovatocornutus,圆角沙钩虾,,,,,,,no_image
150968,Byssomerulius albostramineus,藁白絮干朽菌,,,,,,,no_image
1832,Caberea lata,美髯松苔虫,,,,,,,no_image
73932,Cacomantis merulinus,八声杜鹃,,,,,,,no_image
26933,Cadrema setaria,索氏距秆蝇,,,,,,,no_image
26940,Cafius histrio,,,,,,,,no_image
73944,Calamaria jinggangensis,井冈两头蛇,,,,,,,no_image
90604,Cajanus grandiflorus,大花虫豆,,,,,,,no_image
90634,Calamus henryanus,滇南省藤,,,,,,,no_image
90653,Calanthe alpina,流苏虾脊兰,,,,,,,no_image
90675,Calanthe griffithii,通麦虾脊兰,,,,,,,no_image
90697,Calanthe sieboldii,大黄花虾脊兰,,,,,,,no_image
26957,Calaphis betulicola,居桦长角斑蚜,,,,,,,no_image
90720,Calathodes polycarpa,台湾鸡爪草,,,,,,,no_image
10044,Calepitrimerus baileyi,,,,,,,,no_image
5286,Calcinus laevimanus,光螯硬壳寄居蟹,,,,,,,no_image
10196,Calepitrimerus painus,,,,,,,,no_image
135196,Calicium adspersum,散生粉衣,,,,,,,no_image
73959,Calidris alba,三趾滨鹬,,,,,,,no_image
26982,Caligula boisduvalii,,,,,,,,no_image
27010,Caliscelis shandongensis,山东杯瓢蜡蝉,,,,,,,no_image
90727,Callerya cinerea,灰毛鸡血藤,,,,,,,no_image
1691,Callianassa joculatrix,蛛美人虾,,,,,,,no_image
90756,Callicarpa angustifolia,白背紫珠,,,,,,,no_image
90814,Callicarpa pseudorubella,拟红紫珠,,,,,,,no_image
27039,Callidium aeneum,,,,,,,,no_image
90788,Callicarpa kochiana,枇杷叶紫珠,,,,,,,no_image
90834,Calliergon stramineum,黄色湿原藓,,,,,,,no_image
90855,Calligonum rubicundum,红果沙拐枣,,,,,,,no_image
27069,Callimus truncatipennis,,,,,,,,no_image
74006,Callionymus planus,扁身[鱼衔],,,,,,,no_image
4526,Calliostoma unicum,单一丽口螺,,,,,,,no_image
27090,Calliptamus coelesyriensis,伪星翅蝗,,,,,,,no_image
27112,Callispa cyanipennis,蓝鞘丽甲,,,,,,,no_image
27145,Calliteara complicata,火丽毒蛾,,,,,,,no_image
27136,Callispa uhmanni,嵌头丽甲,,,,,,,no_image
27165,Calliteara virginea,纯丽毒蛾,,,,,,,no_image
27172,Callocleonymus bimaculae,绿双斑刺角金小蜂,,,,,,,no_image
27181,Callomecyna superba,,,,,,,,no_image
27198,Callopistria venata,脉散纹夜蛾,,,,,,,no_image
27212,Callopsylla kozlovi,端圆盖蚤,,,,,,,no_image
137825,Calloria xanthostigma,,,,,,,,no_image
19098,Callyntrura spinidentata,,,,,,,,no_image
146987,Calocybe chrysenteron,金黄丽蘑,,,,,,,no_image
11955,Calommata pichoni,皮氏硬皮地蛛,,,,,,,no_image
141999,Calonectria malesiana,,,,,,,,no_image
90899,Calophyllum membranaceum,薄叶红厚壳,,,,,,,no_image
137613,Caloplaca congrediens,,,,,,,,no_image
137633,Caloplaca kansuensis,甘肃橙衣,,,,,,,no_image
27237,Calosphenisca quinquemaculata,五斑眼缘实蝇,,,,,,,no_image
74045,Calotes sinyik,西巴霞树蜥,,,,,,,no_image
10553,Calpentaconvexus eyrei,,,,,,,,no_image
138237,Calycella alba,,,,,,,,no_image
145146,Calvatia flava,,,,,,,,no_image
138450,Calycina lenta,,,,,,,,no_image
90926,Calymperes fasciculatum,剑叶花叶藓,,,,,,,no_image
90947,Calypogeia tosana,双齿护蒴苔,,,,,,,no_image
90960,Calyptrochaeta japonica,日本毛柄藓,,,,,,,no_image
14729,Camaricus formosus,美丽顶蟹蛛,,,,,,,no_image
91009,Camellia elongata,长管连蕊茶,,,,,,,no_image
90982,Camellia anlungensis,安龙瘤果茶,,,,,,,no_image
91039,Camellia hekouensis,河口超长柄茶,,,,,,,no_image
91102,Camellia psilocarpa,亮果红山茶,,,,,,,no_image
91069,Camellia mairei,毛蕊红山茶,,,,,,,no_image
91130,Camellia szechuanensis,半宿萼茶,,,,,,,no_image
27274,Camelocerambyx singularis,,,,,,,,no_image
147091,Campanella tristis,暗淡色脉褶菌,,,,,,,no_image
91173,Campanula langsdorffiana,石生风铃草,,,,,,,no_image
91188,Camphora chartophylla,坚叶樟,,,,,,,no_image
27278,Campiglossa absinthii,万寿菊斑翅实蝇,,,,,,,no_image
27318,Campiglossa quadriguttata,四楔斑翅实蝇,,,,,,,no_image
27298,Campiglossa iracunda,南亚斑翅实蝇,,,,,,,no_image
27334,Campsicnemus yunnanensis,云南曲胫长足虻,,,,,,,no_image
27351,Camptoloma vanata,缺带花布灯蛾,,,,,,,no_image
91220,Campylium hispidulum,细湿藓,,,,,,,no_image
91231,Campylopodium medium,扭柄藓,,,,,,,no_image
91255,Campylopus zollingerianus,车氏曲柄藓,,,,,,,no_image
91278,Campylotropis grandifolia,弥勒笐子梢,,,,,,,no_image
91325,Canarium subulatum,毛叶榄,,,,,,,no_image
91309,Campylotropis trigonoclada,三棱枝笐子梢,,,,,,,no_image
7948,Cancrisocia expansa,伸展蟹海葵,,,,,,,no_image
131639,Candelariella vitellina,蛋黄茶渍,,,,,,,no_image
142559,Candida multisgemmis,,,,,,,,no_image
27374,Cania javana,爪哇线刺蛾,,,,,,,no_image
135860,Canomaculina ultralucens,亚毛大叶梅,,,,,,,no_image
148401,Cantharellula cyathiformis,漏斗拟杯伞,,,,,,,no_image
149704,Cantharellus fujisanensis,富士鸡油菌,,,,,,,no_image
149724,Cantharellus tubaeformis,管形鸡油菌,,,,,,,no_image
74070,Canthigaster epilampra,亮丽扁背鲀,,,,,,,no_image
27392,Capila nigrilima,黑裳大弄蝶,,,,,,,no_image
27403,Capnia montivaga,珠峰黑(虫责),,,,,,,no_image
91360,Capparis bodinieri,野香橼花,,,,,,,no_image
91380,Capparis pubiflora,毛蕊山柑,,,,,,,no_image
4817,Caprella drepanochir,镰爪麦杆虫,,,,,,,no_image
27419,Capua harmonia,聂烟卷蛾,,,,,,,no_image
74096,Caprodon schlegelii,许氏菱牙鮨,,,,,,,no_image
91404,Caragana aegacanthoides,萨迦锦鸡儿,,,,,,,no_image
91428,Caragana franchetiana,云南锦鸡儿,,,,,,,no_image
91460,Caragana liouana,中间锦鸡儿,,,,,,,no_image
91506,Carallia pectinifolia,旁杞木,,,,,,,no_image
91487,Caragana sinica,锦鸡儿,,,,,,,no_image
74119,Caranx melampygus,黑尻鲹,,,,,,,no_image
27443,Carausius huanglianshanensis,黄连山竹异䗛,,,,,,,no_image
27457,Carcelia badalingensis,八达岭狭颊寄蝇,,,,,,,no_image
27477,Carcelia laxifrons,宽额狭颊寄蝇,,,,,,,no_image
27497,Carcelia villicauda,绒尾狭颊寄蝇,,,,,,,no_image
74139,Carcharhinus longimanus,长鳍真鲨,,,,,,,no_image
6399,Carcinoplax tomentosa,绒毛隆背蟹,,,,,,,no_image
91520,Cardamine fragariifolia,莓叶碎米荠,,,,,,,no_image
91540,Cardamine macrophylla,大叶碎米荠,,,,,,,no_image
27520,Cardiochiles philippensis,横带折脉茧蜂,,,,,,,no_image
91561,Cardamine stenoloba,狭叶弯蕊芥,,,,,,,no_image
4568,Cardita leana,斜纹心蛤,,,,,,,no_image
91583,Carex adrienii,广东薹草,,,,,,,no_image
91605,Carex argyi,阿齐薹草,,,,,,,no_image
91633,Carex baiposhanensis,百坡山薹草,,,,,,,no_image
91655,Carex brevihispida,短硬毛薹草,,,,,,,no_image
91679,Carex caudispicata,尾穗薹草,,,,,,,no_image
91707,Carex continua,连续薹草,,,,,,,no_image
91729,Carex datongensis,大通薹草,,,,,,,no_image
91782,Carex fangiana,植夫薹草,,,,,,,no_image
91753,Carex doisutepensis,景洪薹草,,,,,,,no_image
91812,Carex gibba,穹隆薹草,,,,,,,no_image
91832,Carex handelii,双脉囊薹草,,,,,,,no_image
91853,Carex hoozanensis,凤凰薹草,,,,,,,no_image
91878,Carex jaluensis,鸭绿薹草,,,,,,,no_image
91898,Carex kucyniakii,棕叶薹草,,,,,,,no_image
91921,Carex lepidochlamys,截形嵩草,,,,,,,no_image
91950,Carex longispiculata,长密花穗薹草,,,,,,,no_image
91973,Carex meihsienica,眉县薹草,,,,,,,no_image
91998,Carex morii,森氏薹草,,,,,,,no_image
92020,Carex nodaeana,假长嘴薹草,,,,,,,no_image
92044,Carex orbicularis,圆囊薹草,,,,,,,no_image
92070,Carex peliosanthifolia,扇叶薹草,,,,,,,no_image
92095,Carex pomiensis,波密薹草,,,,,,,no_image
92117,Carex pseudosupina,高山薹草,,,,,,,no_image
92137,Carex radicalispicula,根出穗薹草,,,,,,,no_image
92163,Carex rugata,横纹薹草,,,,,,,no_image
92189,Carex sedakowii,沟叶薹草,,,,,,,no_image
92214,Carex songorica,准噶尔薹草,,,,,,,no_image
92236,Carex sutchuensis,四川薹草,,,,,,,no_image
92259,Carex tianmushanica,天目山薹草,,,,,,,no_image
92283,Carex uncinioides,钩状嵩草,,,,,,,no_image
92306,Carex xueyingiana,雪影薹草,,,,,,,no_image
92326,Carex zizaniifolia,菰叶薹草,,,,,,,no_image
1959,Caridina hunanensis,湖南米虾,,,,,,,no_image
1899,Caridina clavipes,棒肢米虾,,,,,,,no_image
1901,Caridina nanaoensis,南沃米虾,,,,,,,no_image
1979,Caridina spinosipes,刺足米虾,,,,,,,no_image
27542,Carilia aeneovirens,,,,,,,,no_image
27563,Carinata annulata,环突脊额叶蝉,,,,,,,no_image
27583,Carinata meandera,钩突脊额叶蝉,,,,,,,no_image
27601,Carinolesthes aurosignata,,,,,,,,no_image
27605,Carodista brevisaca,短管顶祝蛾,,,,,,,no_image
27618,Carpelimus carbonigrus,,,,,,,,no_image
27639,Carpelimus paripalitans,,,,,,,,no_image
92347,Carpesium faberi,贵州天名精,,,,,,,no_image
92361,Carpinus chuniana,粤北鹅耳枥,,,,,,,no_image
8521,Carpiscula galearis,盔鞋螺,,,,,,,no_image
92391,Carpinus monbeigiana,云南鹅耳枥,,,,,,,no_image
74198,Carpodacus stoliczkae,沙色朱雀,,,,,,,no_image
92427,Carum carvi,葛缕子,,,,,,,no_image
92421,Carrierea leyensis,乐业山羊角树,,,,,,,no_image
27694,Caryanda glauca,蓝绿卵翅蝗,,,,,,,no_image
27714,Caryanda triodonta,三齿卵翅蝗,,,,,,,no_image
8075,Caryophyllia hawaiiensis,夏威夷丁香珊瑚,,,,,,,no_image
92459,Caryota mitis,短穗鱼尾葵,,,,,,,no_image
92472,Cassia javanica,爪哇腊肠树,,,,,,,no_image
27743,Cassida piperata,虾钳菜披龟甲,,,,,,,no_image
92477,Cassiope argyrotricha,银毛岩须,,,,,,,no_image
27768,Castanopsides hasegawai,栲木盲蝽,,,,,,,no_image
92510,Castanopsis crassifolia,厚叶锥,,,,,,,no_image
92530,Castanopsis indica,印度锥,,,,,,,no_image
92550,Castanopsis rockii,龙陵锥,,,,,,,no_image
14452,Castianeira flavipatellata,黄膝纯蛛,,,,,,,no_image
27780,Catacreagra notolychna,灯柯祝蛾,,,,,,,no_image
27796,Cataphrodisium rubripenne,,,,,,,,no_image
17607,Cathaica giraudeliana,格锐华蜗牛,,,,,,,no_image
5906,Catherinum rossi,罗斯垂铠茗荷,,,,,,,no_image
141219,Cataractispora receptaculorum,,,,,,,,no_image
27814,Catocala doerriesi,茂裳夜蛾,,,,,,,no_image
74212,Catopuma temminckii,金猫,,,,,,,no_image
92616,Caulerpa sertularioides,棒叶蕨藻,,,,,,,no_image
27839,Catocala timur,稚裳夜蛾,,,,,,,no_image
27859,Caulococcus ejinensis,额济丝粉蚧,,,,,,,no_image
92637,Causonis montana,山地乌蔹莓,,,,,,,no_image
14201,Caviphantes pseudosaxetorum,类石额毛蛛,,,,,,,no_image
27876,Cechorismenus flavicornis,黄角离水虻,,,,,,,no_image
27885,Celaenorrhinus choui,周氏星弄蝶,,,,,,,no_image
92664,Celastrus hindsii,青江藤,,,,,,,no_image
92692,Celtis biondii,紫弹树,,,,,,,no_image
92688,Celastrus yuloensis,攸乐山南蛇藤,,,,,,,no_image
27933,Celyphoma quadrupla,四突鞍瓢蜡蝉,,,,,,,no_image
27953,Celyphus pulchmaculatus,丽斑瓢甲蝇,,,,,,,no_image
138247,Cenangium brasiliense,,,,,,,,no_image
27969,Cenocoelius eous,始高腹茧蜂,,,,,,,no_image
27974,Centistes carinatus,脊宽鞘茧蜂,,,,,,,no_image
27994,Centorisoma convexum,端凸隆盾秆蝇,,,,,,,no_image
74232,Centrophorus atromarginatus,黑缘刺鲨,,,,,,,no_image
74253,Centropyge shepardi,施氏刺尻鱼,,,,,,,no_image
74225,Centroberyx rubricaudus,金眼拟棘鲷,,,,,,,no_image
28020,Centrotoscelus hunanensis,湖南秃角蝉,,,,,,,no_image
28040,Cephalaeschna dinghuensis,鼎湖头蜓,,,,,,,no_image
28063,Cephalispa curva,弯曲溜秽蝇,,,,,,,no_image
92753,Cephalanthera humilis,湿生头蕊兰,,,,,,,no_image
18254,Cephalodella catellina,小连巨头轮虫,,,,,,,no_image
18249,Cephalodella intuta,不安巨头轮虫,,,,,,,no_image
18267,Cephalodella ventripes,腹足巨头轮虫,,,,,,,no_image
28078,Cephalopina titillator,驼头狂蝇,,,,,,,no_image
74279,Cephaloscyllium pardelotum,豹斑绒毛鲨,,,,,,,no_image
28101,Cephennodes aschnae,,,,,,,,no_image
92782,Cephalotaxus nana,矮粗榧,,,,,,,no_image
92793,Cephalozia lunulifolia,月瓣大萼苔,,,,,,,no_image
28121,Cephennodes elevatus,,,,,,,,no_image
28141,Cephennodes magnus,,,,,,,,no_image
28181,Cephennodes yunnanensis,,,,,,,,no_image
28161,Cephennodes schuelkei,,,,,,,,no_image
28196,Cepora judith,黄裙园粉蝶,,,,,,,no_image
92819,Ceramium mazatlanese,偏胞仙菜,,,,,,,no_image
28224,Ceracrisoides kunmingensis,昆明拟竹蝗,,,,,,,no_image
28240,Cerastis leucographa,茸弓夜蛾,,,,,,,no_image
92850,Cerastium qingliangfengicum,清凉峰卷耳,,,,,,,no_image
28254,Ceratina cucurbitina,瓜芦蜂,,,,,,,no_image
28274,Ceratina takasagona,台湾芦蜂,,,,,,,no_image
6689,Ceratomyxa hemitripteri,绒杜父鱼角形虫,,,,,,,no_image
144169,Ceratocystis epigloeum,,,,,,,,no_image
28297,Ceratophyllus fringillae,燕雀角叶蚤,,,,,,,no_image
18724,Ceratophysella communis,,,,,,,,no_image
3975,Ceratonereis costae,短须角沙蚕,,,,,,,no_image
9182,Ceratoppia violabilis,堇角甲螨,,,,,,,no_image
92881,Ceratostigma ulicinum,刺鳞蓝雪花,,,,,,,no_image
132373,Cercospora actinidiae,猕猴桃尾孢,,,,,,,no_image
28338,Cerchysiella citricola,桔小食甲跳小蜂,,,,,,,no_image
28325,Ceratovacuna longifila,长粉角蚜,,,,,,,no_image
132393,Cercospora anchomanicola,,,,,,,,no_image
132413,Cercospora astragali,,,,,,,,no_image
132453,Cercospora cercosporelloides,,,,,,,,no_image
132433,Cercospora calatheae,,,,,,,,no_image
132473,Cercospora cyperi,,,,,,,,no_image
132533,Cercospora instabilis,,,,,,,,no_image
132493,Cercospora erechtitis,,,,,,,,no_image
132513,Cercospora glauciana,,,,,,,,no_image
132573,Cercospora meliloti,,,,,,,,no_image
132553,Cercospora liliicola,,,,,,,,no_image
132593,Cercospora olivascens,,,,,,,,no_image
132613,Cercospora piperis-betle,,,,,,,,no_image
132633,Cercospora rhamni,,,,,,,,no_image
132653,Cercospora sesami,,,,,,,,no_image
132673,Cercospora tectoniae,,,,,,,,no_image
132693,Cercospora zebrina,,,,,,,,no_image
28348,Cerdistus erythrus,红低颜食虫虻,,,,,,,no_image
28366,Ceresium longicorne,,,,,,,,no_image
28390,Ceriana anaglypha,牯岭突角蚜蝇,,,,,,,no_image
150970,Ceriporia alachuana,阿拉华蜡卧孔菌,,,,,,,no_image
151033,Ceriporiopsis subvermispora,弯孢拟蜡孔菌,,,,,,,no_image
3326,Cerithium egenum,穷同蟹守螺,,,,,,,no_image
28405,Cerococcus ficoides,榕壶蚧,,,,,,,no_image
28424,Cerodontha nigricoxa,黑基额角潜蝇,,,,,,,no_image
92906,Ceropegia hookeri,匙冠吊灯花,,,,,,,no_image
28438,Ceroplastes ceriferus,角蜡蚧,,,,,,,no_image
28455,Ceroxys laticornis,偏角斑蝇,,,,,,,no_image
135871,Cetraria crispa,,,,,,,,no_image
6654,Cervonema deltensis,三角洲长颈线虫,,,,,,,no_image
92929,Cestrum elegans,瓶子花,,,,,,,no_image
135891,Cetraria sanguinea,,,,,,,,no_image
135906,Cetrelia isidiata,裂芽斑叶,,,,,,,no_image
28500,Ceusibia minutiprominula,微突茸足蚤,,,,,,,no_image
92933,Chaenomeles speciosa,贴梗海棠,,,,,,,no_image
134584,Chaenothecopsis eugenia,,,,,,,,no_image
134604,Chaenothecopsis viridireagens,,,,,,,,no_image
28524,Chaetellipsis bivittata,纹背秃额实蝇,,,,,,,no_image
155940,Chaetocladium brefeldii,布雷丝枝霉,,,,,,,no_image
74338,Chaetodon collare,领蝴蝶鱼,,,,,,,no_image
74358,Chaetodon reticulatus,网纹蝴蝶鱼,,,,,,,no_image
28546,Chaetogeoica utricutata,小瘿毛根蚜,,,,,,,no_image
28566,Chaetogonopteron laetum,绮丽短跗长足虻,,,,,,,no_image
28586,Chaetogonopteron zhuae,朱氏短跗长足虻,,,,,,,no_image
144431,Chaetomium thermophile,,,,,,,,no_image
144411,Chaetomium contortum,,,,,,,,no_image
133794,Chaetoplea gregaria,,,,,,,,no_image
28607,Chaetopsylla media,中间鬃蚤,,,,,,,no_image
141238,Chaetosphaeria callimorpha,,,,,,,,no_image
142590,Chaetostroma viride,,,,,,,,no_image
149139,Chalciporus africanus,,,,,,,,no_image
138828,Chalara schoenoplecti,,,,,,,,no_image
28682,Chalcosyrphus ornatipes,饰桐木蚜蝇,,,,,,,no_image
92974,Chamaecyparis thyoides,美国尖叶扁柏,,,,,,,no_image
12934,Chalcoscirtus martensi,马氏铜蛛,,,,,,,no_image
1498,Chama pacifica,太平洋猿头蛤,,,,,,,no_image
28696,Chamaepsila apicalis,端鬃顶茎蝇,,,,,,,no_image
92987,Chamaerhodos canescens,灰毛地蔷薇,,,,,,,no_image
93000,Chamerion angustifolium,柳兰,,,,,,,no_image
28723,Changea yangguifei,嫦舟蛾,,,,,,,no_image
28726,Chaoborus cornfordi,康氏幽蚊,,,,,,,no_image
28750,Charmon extensor,长管悦茧蜂,,,,,,,no_image
74422,Chascanopsetta prognatha,前长颌鲆,,,,,,,no_image
74420,Charadrius veredus,东方鸻,,,,,,,no_image
11,Charybdis bimaculata,双斑蟳,,,,,,,no_image
74429,Chaunax penicillatus,云纹单棘躄鱼,,,,,,,no_image
93030,Cheilanthes qiaojiaensis,巧家碎米蕨,,,,,,,no_image
74439,Cheilodactylus zonatus,花尾唇指[鱼翁],,,,,,,no_image
93049,Cheilolejeunea ryukyuensis,琉球唇鳞苔,,,,,,,no_image
74445,Cheilopogon abei,阿氏须唇飞鱼,,,,,,,no_image
28806,Cheilosia aterrima,纵条黑蚜蝇,,,,,,,no_image
28826,Cheilosia gigantea,长毛黑蚜蝇,,,,,,,no_image
28846,Cheilosia minutissima,微鬃黑蚜蝇,,,,,,,no_image
28904,Cheilotrichia brachyclada,短枝唇大蚊,,,,,,,no_image
28866,Cheilosia parvula,小黑蚜蝇,,,,,,,no_image
28886,Cheilosia splendida,紫泽黑蚜蝇,,,,,,,no_image
12609,Cheiracanthium fibrosum,纤红螯蛛,,,,,,,no_image
140408,Cheilymenia stercorea,粪生缘刺盘菌,,,,,,,no_image
12629,Cheiracanthium solidum,结实红螯蛛,,,,,,,no_image
28914,Cheiropachus arizonensis,亚利桑那四斑金小蜂,,,,,,,no_image
9371,Cheiroseius wuwenzheni,,,,,,,,no_image
93086,Cheirostylis tabiyahanensis,早田兰,,,,,,,no_image
93093,Chelidonium majus,白屈菜,,,,,,,no_image
28937,Chelifera emeishanica,峨眉裸螳舞虻,,,,,,,no_image
28957,Chelipoda mengyangana,勐养鬃螳舞虻,,,,,,,no_image
74474,Chelon subviridis,绿背龟鮻,,,,,,,no_image
7759,Chelophyes appendiculata,爪室水母,,,,,,,no_image
93117,Chenia zanderi,多疣陈氏藓,,,,,,,no_image
93137,Chenopodiastrum murale,麻叶藜,,,,,,,no_image
28986,Cheromettia apicta,顶彻刺蛾,,,,,,,no_image
93164,Chesniella mongolica,蒙古旱雀豆,,,,,,,no_image
93166,Chiastocaulon dendroides,树羽苔,,,,,,,no_image
17424,Chicoreus capucinus,柄棘螺,,,,,,,no_image
29023,Chilasa agestor,褐斑凤蝶,,,,,,,no_image
74479,Chilomycterus reticulatus,网纹短刺鲀,,,,,,,no_image
93189,Chiloscyphus integristipulus,全缘裂萼苔,,,,,,,no_image
74488,Chimarrogale himalayica,喜马拉雅水鼩,,,,,,,no_image
93228,Chimonobambusa lactistriata,乳纹方竹,,,,,,,no_image
93250,Chimonobambusa sichuanensis,月月竹,,,,,,,no_image
93274,Chimonocalamus shuangjiangensis,双江香竹,,,,,,,no_image
29058,Chinecallicerus reticulatus,,,,,,,,no_image
13123,Chinophrys taiwanensis,台湾华斑蛛,,,,,,,no_image
29078,Chionea sphaerae,肿腿雪大蚊,,,,,,,no_image
74494,Chirocentrus nudus,长颌宝刀鱼,,,,,,,no_image
29101,Chironomus latusus,宽铗双叶摇蚊,,,,,,,no_image
29120,Chirosia forcipispatula,叶匙蕨蝇,,,,,,,no_image
134970,Chitonomyces hydropori,,,,,,,,no_image
29139,Chirothrips africanus,非洲指蓟马,,,,,,,no_image
29142,Chitoria chysolora,金铠蛱蝶,,,,,,,no_image
93295,Chloranthus coccineus,绯红金粟兰,,,,,,,no_image
141252,Chloridium virescens,,,,,,,,no_image
29177,Chloridolum plicaticolle,,,,,,,,no_image
29197,Chloriona smaragdula,翠绿飞虱,,,,,,,no_image
29209,Chlorissa viridata,绿仿锈腰尺蛾,,,,,,,no_image
93322,Chlorodesmis caespitosa,簇生绿毛藻,,,,,,,no_image
29234,Chlorogomphus daviesi,戴维裂唇蜓,,,,,,,no_image
29256,Chlorophorus albopunctatus,,,,,,,,no_image
29277,Chlorophorus eleodes,,,,,,,,no_image
29297,Chlorophorus macaumensis,,,,,,,,no_image
29318,Chlorophorus separatus,,,,,,,,no_image
74522,Chlorophthalmus albatrossis,大眼青眼鱼,,,,,,,no_image
29340,Chlorops brevis,短突秆蝇,,,,,,,no_image
29360,Chlorops minimus,小秆蝇,,,,,,,no_image
29380,Chloropsina minima,微小基脉秆蝇,,,,,,,no_image
137829,Chlorosplenium brasiliense,,,,,,,,no_image
29394,Chnaurococcus mongolicus,蒙根瘤粉蚧,,,,,,,no_image
74547,Chodsigoa parva,滇北缺齿鼩,,,,,,,no_image
140902,Choiromyces alveolatus,蜂窝孢猪块菌,,,,,,,no_image
93342,Chondria ryukyuensis,琉球软骨藻,,,,,,,no_image
93361,Chondrus verrucosa,异色角叉菜,,,,,,,no_image
29420,Chorisops longa,长脉离眼水虻,,,,,,,no_image
29429,Choristoneura luticostana,棕色卷蛾,,,,,,,no_image
29434,Choroedocus violaceipes,紫胫长夹蝗,,,,,,,no_image
29454,Chorthippus chinensis,中华雏蝗,,,,,,,no_image
29475,Chorthippus hunanensis,湖南雏蝗,,,,,,,no_image
29495,Chorthippus qingzangensis,青藏雏蝗,,,,,,,no_image
29515,Choutagus Iongicephalus,长顶周瓢蜡蝉,,,,,,,no_image
93390,Christolea pterosperma,翅子高原芥,,,,,,,no_image
139949,Chromelosporium fulvum,,,,,,,,no_image
74592,Chromis okamurai,冈村氏光鳃鱼,,,,,,,no_image
149425,Chroogomphus confusus,易混色钉菇,,,,,,,no_image
29533,Chrysacris flavida,浅金色蝗,,,,,,,no_image
93404,Chrysanthemum glabriusculum,拟亚菊,,,,,,,no_image
13173,Chrysilla acerosa,针状丽跳蛛,,,,,,,no_image
74612,Chrysochir aureus,尖头黄鳍牙[鱼或],,,,,,,no_image
29564,Chrysolampra cuprithorax,铜背亮肖叶甲,,,,,,,no_image
29589,Chrysolina baoshanica,宝山金叶甲,,,,,,,no_image
29610,Chrysolina dohertyi,杜荷氏金叶甲,,,,,,,no_image
29632,Chrysolina josefi,约瑟金叶甲,,,,,,,no_image
29652,Chrysolina mikhailovi,米氏金叶甲,,,,,,,no_image
29673,Chrysolina seriepunctata,连点金叶甲,,,,,,,no_image
29695,Chrysolina zhongdiana,绿胸金叶甲,,,,,,,no_image
29709,Chrysomya latifrons,宽额金蝇,,,,,,,no_image
153073,Chrysomyxa qilianensis,祁连金锈菌,,,,,,,no_image
29729,Chrysopa devia,背草蛉,,,,,,,no_image
29749,Chrysopa perplexa,结草蛉,,,,,,,no_image
29769,Chrysoperla qinlingensis,秦通草蛉,,,,,,,no_image
29784,Chrysopidia shennongana,神农三阶草蛉,,,,,,,no_image
29804,Chrysopilus lii,李氏金鹬虻,,,,,,,no_image
29824,Chrysopilus trimaculatus,三斑金鹬虻,,,,,,,no_image
29839,Chrysops dispar,蹄斑斑虻,,,,,,,no_image
29859,Chrysops striatulus,条纹斑虻,,,,,,,no_image
29879,Chrysosoma cyaneculiscutum,靛蓝金长足虻,,,,,,,no_image
29899,Chrysosoma pallipilosum,白毛金长足虻,,,,,,,no_image
93442,Chrysosplenium absconditicapsulum,蔽果金腰,,,,,,,no_image
93468,Chrysosplenium jienningense,建宁金腰,,,,,,,no_image
93496,Chrysosplenium zhangjiajieense,张家界金腰,,,,,,,no_image
29924,Chrysotimus bifurcatus,裂须黄鬃长足虻,,,,,,,no_image
29944,Chrysotimus unifascia,单束黄鬃长足虻,,,,,,,no_image
29964,Chrysotoxum festivum,黄股长角蚜蝇,,,,,,,no_image
29984,Chrysotoxum sapporense,札幌长角蚜蝇,,,,,,,no_image
30004,Chrysotus bifurcatus,双叉小异长足虻,,,,,,,no_image
30024,Chrysotus javanensis,爪哇小异长足虻,,,,,,,no_image
30044,Chrysotus serratus,齿突小异长足虻,,,,,,,no_image
30069,Chrysozephyrus mushaellus,缪斯金灰蝶,,,,,,,no_image
11622,Chrysso orchis,兰花丽蛛,,,,,,,no_image
30077,Chuansicallis chengtuensis,成都川西斑蚜,,,,,,,no_image
7651,Chunella indicum,印度小春海鳃,,,,,,,no_image
30110,Chyliza huiana,回绒茎蝇,,,,,,,no_image
30130,Chymomyza obscura,暗吸汁果蝇,,,,,,,no_image
138931,Ciboria betulae,桦杯盘菌,,,,,,,no_image
74634,Ciconia nigra,黑鹳,,,,,,,no_image
93505,Cibotium barometz,金毛狗,,,,,,,no_image
30144,Cidaria fulvata,黄巾尺蛾,,,,,,,no_image
140421,Ciliaria woolhopeia,,,,,,,,no_image
30164,Ciinocentrus hubeiensis,湖北横纹茧蜂,,,,,,,no_image
30180,Cimicicapsus flavimaculus,暗斑环盲蝽,,,,,,,no_image
150904,Cinereomyces lenis,柔软灰孔菌,,,,,,,no_image
93545,Cinnamomum javanicum,爪哇肉桂,,,,,,,no_image
93565,Cinnamomum verum,锡兰肉桂,,,,,,,no_image
154936,Cintractia limitata,莎草穗核黑粉菌,,,,,,,no_image
93584,Circaea mollis,南方露珠草,,,,,,,no_image
144191,Cirrenalia donnae,,,,,,,,no_image
74672,Cirrhitichthys aureus,金[鱼翁],,,,,,,no_image
144712,Circinotrichum palmicola,,,,,,,,no_image
74684,Cirripectes imitator,紫黑穗肩鳚,,,,,,,no_image
93593,Cirsium alatum,准噶尔蓟,,,,,,,no_image
93638,Cirsium shansiense,牛口刺,,,,,,,no_image
93618,Cirsium hupingshanicum,壶瓶山蓟,,,,,,,no_image
30207,Cispia lunata,月纹点翅毒蛾,,,,,,,no_image
93672,Cissus luzoniensis,粉果藤,,,,,,,no_image
30230,Citrostichus dolichogaster,桔潜长腹啮小蜂,,,,,,,no_image
30209,Citellophilus lebedewi,矩凹黄鼠蚤,,,,,,,no_image
30234,Claassenia gigas,巨型锤(虫责),,,,,,,no_image
135508,Cladina imshaugii,,,,,,,,no_image
6613,Cladolabes crassus,粗枝柄参,,,,,,,no_image
135533,Cladonia chondrotypa,粒皮石蕊,,,,,,,no_image
135553,Cladonia diversa,狭杯红石蕊,,,,,,,no_image
135573,Cladonia krempelhuberi,橹石蕊,,,,,,,no_image
135593,Cladonia nana,矮小石蕊,,,,,,,no_image
135613,Cladonia rudis,,,,,,,,no_image
135633,Cladonia tenuiformis,,,,,,,,no_image
93720,Cladophora echinus,具刺刚毛藻,,,,,,,no_image
93740,Cladophoropsis sundanensis,巽他拟刚毛藻,,,,,,,no_image
132144,Cladosporium aristolochiae,,,,,,,,no_image
132164,Cladosporium daphniphylli,,,,,,,,no_image
132184,Cladosporium gracile,,,,,,,,no_image
132224,Cladosporium ramotenellum,,,,,,,,no_image
132204,Cladosporium nerii,,,,,,,,no_image
132244,Cladosporium tenuissimum,,,,,,,,no_image
30258,Cladotanytarsus parvus,小枝长跗摇蚊,,,,,,,no_image
74703,Clamator jacobinus,斑翅凤头鹃,,,,,,,no_image
93760,Claoxylon brachyandrum,台湾白桐树,,,,,,,no_image
30282,Claspettomyia niveitarsis,狭眼钩瘿蚊,,,,,,,no_image
150757,Clathrus ruber,红笼头菌,,,,,,,no_image
145636,Clavaria atroumbrina,,,,,,,,no_image
145656,Clavaria gigantea,,,,,,,,no_image
17657,Clausiliopsis buechneri,布氏闭合螺,,,,,,,no_image
145676,Clavaria purpurea,紫珊瑚菌,,,,,,,no_image
149909,Clavariadelphus pistillaris,棒瑚菌,,,,,,,no_image
7646,Clavularia inflata,锦棒花软珊瑚,,,,,,,no_image
145697,Clavulinopsis corallinorosacea,,,,,,,,no_image
145717,Clavulinopsis umbrinella,,,,,,,,no_image
93797,Cleisostoma birmanicum,美花隔距兰,,,,,,,no_image
93819,Cleisostoma williamsonii,红花隔距兰,,,,,,,no_image
93840,Cleistogenes polyphylla,多叶隐子草,,,,,,,no_image
93867,Clematis brevipes,短柄铁线莲,,,,,,,no_image
93896,Clematis delavayi,银叶铁线莲,,,,,,,no_image
93935,Clematis grata,秀丽铁线莲,,,,,,,no_image
93962,Clematis jingdungensis,景东铁线莲,,,,,,,no_image
93987,Clematis maguanensis,马关铁线莲,,,,,,,no_image
94029,Clematis patens,转子莲,,,,,,,no_image
94065,Clematis rubifolia,莓叶铁线莲,,,,,,,no_image
94105,Clematis tongluensis,东多铁线莲,,,,,,,no_image
94132,Clematis zandaensis,扎达铁线莲,,,,,,,no_image
30308,Cleomenes trinotatithorax,,,,,,,,no_image
94140,Cleoserrata speciosa,洋白花菜,,,,,,,no_image
94170,Clerodendrum mandarinorum,海通,,,,,,,no_image
94146,Clerodendrum canescens,灰毛大青,,,,,,,no_image
30347,Clethrophora distincta,红衣夜蛾,,,,,,,no_image
94217,Climacoptera korshinskyi,褐翅梯翅蓬,,,,,,,no_image
5204,Clibanarius humilis,微小细螯寄居蟹,,,,,,,no_image
94226,Clinopodium cuifengense,翠峰风轮菜,,,,,,,no_image
30364,Clinotanypus microtrichos,微刺菱跗摇蚊,,,,,,,no_image
30379,Clitellaria chikuni,集昆鞍腹水虻,,,,,,,no_image
142604,Clitocybe acromelalga,红褐杯伞,,,,,,,no_image
142624,Clitocybe concava,,,,,,,,no_image
142644,Clitocybe felleoides,类苦杯伞,,,,,,,no_image
142664,Clitocybe infundibuliformis,杯菌,,,,,,,no_image
142684,Clitocybe phyllophila,毒杯伞,,,,,,,no_image
142704,Clitocybe subcanescens,,,,,,,,no_image
147097,Clitocybula familia,,,,,,,,no_image
94241,Clitoria falcata,镰刀荚蝶豆,,,,,,,no_image
927,Clorida japonica,日本绿虾蛄,,,,,,,no_image
30411,Clostera curtuloides,短扇舟蛾,,,,,,,no_image
14028,Clubiona asrevida,雪山管巢蛛,,,,,,,no_image
13899,Clubiona cochlearis,匙形管巢蛛,,,,,,,no_image
14005,Clubiona fusoidea,纺锤管巢蛛,,,,,,,no_image
13987,Clubiona jiandan,简单管巢蛛,,,,,,,no_image
13914,Clubiona mandschurica,吉林管巢蛛,,,,,,,no_image
13917,Clubiona pterogona,翼形管巢蛛,,,,,,,no_image
13875,Clubiona taiwanica,台湾管巢蛛,,,,,,,no_image
3310,Clypeomorus brevis,白斑楯桑葚螺,,,,,,,no_image
13985,Clubiona yaoi,姚氏管巢蛛,,,,,,,no_image
7992,Clytia minuta,小美螅,,,,,,,no_image
30445,Clytus bellus,,,,,,,,no_image
30465,Cnephasitis spinata,针腹卷蛾,,,,,,,no_image
30479,Cnipsomorpha inflexa,,,,,,,,no_image
74721,Cobitis granoei,北方花鳅,,,,,,,no_image
94260,Coccinia grandis,红瓜,,,,,,,no_image
139147,Coccomyces fujianensis,福建齿裂菌,,,,,,,no_image
139167,Coccomyces symploci,山矾齿裂菌,,,,,,,no_image
30510,Coccygidium concolor,同色褐径茧蜂,,,,,,,no_image
30519,Cochylidia richteriana,尖瓣灰纹卷蛾,,,,,,,no_image
94274,Codiaeum variegatum,变叶木,,,,,,,no_image
94295,Codium subtubulosum,叉开松藻,,,,,,,no_image
94317,Codonopsis farreri,秃叶党参,,,,,,,no_image
94344,Codonopsis tsinlingensis,秦岭党参,,,,,,,no_image
30540,Codrus nigrifemoratus,黑腿肿额细蜂,,,,,,,no_image
30554,Coeliccia didyma,四斑长腹扇蟌,,,,,,,no_image
18899,Coecobrya draconis,,,,,,,,no_image
30574,Coelioxys albofasciata,白带尖腹蜂,,,,,,,no_image
30594,Coelioxys hyalinipennis,透翅尖腹蜂,,,,,,,no_image
30614,Coelioxys yunnanensis,云南尖腹蜂,,,,,,,no_image
94367,Coelogyne leucantha,白花贝母兰,,,,,,,no_image
94387,Coelogyne viscosa,禾叶贝母兰,,,,,,,no_image
4970,Coelopleurus undulatus,浪腔海胆,,,,,,,no_image
74762,Coelorinchus longissimus,长管腔吻鳕,,,,,,,no_image
12119,Coelotes brachiatus,具臂隙蛛,,,,,,,no_image
12228,Coelotes jianfenglingensis,尖峰岭隙蛛,,,,,,,no_image
12353,Coelotes serpentinus,蛇形隙蛛,,,,,,,no_image
30634,Coenagrion exclamationis,惊喜蟌,,,,,,,no_image
136770,Coenogonium isidiatum,裂芽绒衣,,,,,,,no_image
30651,Coenonica arcusifera,,,,,,,,no_image
30671,Coenonica yunnanensis,,,,,,,,no_image
30699,Coenosia angustifolia,狭叶秽蝇,,,,,,,no_image
30760,Coenosia lagenicauda,葫尾秽蝇,,,,,,,no_image
30720,Coenosia clambosa,缺秽蝇,,,,,,,no_image
30740,Coenosia flavimana,黄跗秽蝇,,,,,,,no_image
30780,Coenosia oligochaeta,少鬃秽蝇,,,,,,,no_image
30800,Coenosia sparagmocerca,离叶秽蝇,,,,,,,no_image
30821,Coenosia vesicicauda,膜尾秽蝇,,,,,,,no_image
94391,Coffea arabica,小粒咖啡,,,,,,,no_image
30849,Colaphellus sophiae,芥无缘叶甲,,,,,,,no_image
30869,Colaspoides tenenbaumi,特南氏沟臀肖叶甲,,,,,,,no_image
142723,Coleodictyospora micronesica,,,,,,,,no_image
153094,Coleosporium clematidis,铁线莲鞘锈菌,,,,,,,no_image
153114,Coleosporium leptodermidis,薄皮木鞘锈菌,,,,,,,no_image
153134,Coleosporium plectranthi,香茶菜鞘锈菌,,,,,,,no_image
153154,Coleosporium tussilaginis,款冬鞘锈菌,,,,,,,no_image
30891,Colias aegidii,洱豆粉蝶,,,,,,,no_image
30941,Colias palaeno,黑缘豆粉蝶,,,,,,,no_image
137098,Collema nigrescens,黑胶衣,,,,,,,no_image
137118,Collema undulatum,波缘胶衣,,,,,,,no_image
94420,Collabium formosanum,台湾吻兰,,,,,,,no_image
141582,Colletotrichum dracaenophilum,,,,,,,,no_image
141602,Colletotrichum liliacearum,,,,,,,,no_image
141622,Colletotrichum omnivorum,,,,,,,,no_image
18127,Collotheca campanulata,长足胶鞘轮虫,,,,,,,no_image
141642,Colletotrichum tricyrtii,,,,,,,,no_image
148420,Collybia distorta,扭柄金钱菌,,,,,,,no_image
148440,Collybia murrilliana,,,,,,,,no_image
148460,Collybia veluticeps,冬菇,,,,,,,no_image
94432,Colocasia gongii,龚氏芋,,,,,,,no_image
74786,Cololabis saira,秋刀鱼,,,,,,,no_image
94456,Cololejeunea gottschei,格氏疣鳞苔,,,,,,,no_image
94476,Cololejeunea ocellata,列胞疣鳞苔,,,,,,,no_image
94496,Cololejeunea sphaerodonta,短齿疣鳞苔,,,,,,,no_image
10628,Colomerus vitis,,,,,,,,no_image
10142,Colopodacus yunnanensis,,,,,,,,no_image
150066,Coltricia cinnamomea,肉桂色集毛菌,,,,,,,no_image
150086,Coltricia tsugicola,铁杉集毛孔菌,,,,,,,no_image
74798,Columba palumbus,斑尾林鸽,,,,,,,no_image
2881,Comanthus parvicirrus,小卷海齿花,,,,,,,no_image
18669,Colurella unicauda,单趾狭甲轮虫,,,,,,,no_image
2889,Comatella maculate,斑栉羽球,,,,,,,no_image
31002,Comibaena birectilinea,直线绿尺蛾,,,,,,,no_image
31024,Comibaena subprocumbaria,亚肾纹绿尺蛾,,,,,,,no_image
94599,Commicarpus chinensis,中华黏腺果,,,,,,,no_image
31050,Comperiella bifasciata,双带巨角跳小蜂,,,,,,,no_image
31065,Compsothrips reticulates,网纹多饰管蓟马,,,,,,,no_image
31105,Condica cyclica,圆点夜蛾,,,,,,,no_image
31083,Concaveplana chebalingensis,车八岭凹片叶蝉,,,,,,,no_image
138260,Conchatium cyathoideum,,,,,,,,no_image
31123,Condylostylus latitarsis,膨跗毛瘤长足虻,,,,,,,no_image
74808,Conger japonicus,日本康吉鳗,,,,,,,no_image
155323,Conidiobolus brefeldianus,贝尔弗雷德耳霉,,,,,,,no_image
31151,Coniocompsa chuanguiana,川贵曲粉蛉,,,,,,,no_image
155343,Conidiobolus pseudococci,粉蚧耳霉,,,,,,,no_image
31183,Coniopteryx protrufrons,突额粉蛉,,,,,,,no_image
31163,Coniopteryx alifera,翼突粉蛉,,,,,,,no_image
94619,Coniogramme jinggangshanensis,井冈山凤了蕨,,,,,,,no_image
31203,Conioscinella tenuiseta,窄鬃圆锥秆蝇,,,,,,,no_image
133382,Coniothyrium bambusae,,,,,,,,no_image
94651,Conium maculatum,毒参,,,,,,,no_image
145593,Conocybe filaris,,,,,,,,no_image
18218,Conochiloides dossuarius,叉角拟聚花轮虫,,,,,,,no_image
145613,Conocybe siennophylla,,,,,,,,no_image
31253,Conops chinensis,中国眼蝇,,,,,,,no_image
31233,Conophorus kozlovi,考氏柱蜂虻,,,,,,,no_image
10851,Conothele baisha,白沙科诺蛛,,,,,,,no_image
31277,Contarinia coryli,榛浆瘿蚊,,,,,,,no_image
94660,Convolvulus ammannii,银灰旋花,,,,,,,no_image
140802,Cookeina tricholoma,毛缘毛杯菌,,,,,,,no_image
31317,Copidosoma dioryctria,螟蛾点缘跳小蜂,,,,,,,no_image
2500,Copidozoum tenuirostre,细颚戟苔虫,,,,,,,no_image
147993,Coprinopsis insignis,疣孢拟鬼伞,,,,,,,no_image
145195,Coprinus jamaicensis,,,,,,,,no_image
145175,Coprinus cinereus,灰盖鬼伞,,,,,,,no_image
145215,Coprinus radians,,,,,,,,no_image
31342,Coproica hirtula,鬃角脉小粪蝇,,,,,,,no_image
31362,Coproporus castaneipennis,,,,,,,,no_image
139410,Coprotus aurora,晨粪裸盘菌,,,,,,,no_image
94675,Coptis huanjiangensis,环江黄连,,,,,,,no_image
94680,Coptosapelta diffusa,流苏子,,,,,,,no_image
31425,Coptotermes shanghaiensis,上海乳白蚁,,,,,,,no_image
74830,Coradion altivelis,褐带少女鱼,,,,,,,no_image
94686,Corallophila apiculatum,尖顶珊形藻,,,,,,,no_image
17463,Coralliophila curta,短小珊瑚螺,,,,,,,no_image
31449,Cordalia taiwanensis,,,,,,,,no_image
31458,Cordilura pubera,毛理粪蝇,,,,,,,no_image
141783,Cordyceps chishuiensis,赤水虫草,,,,,,,no_image
141803,Cordyceps militaris,蛹虫草,,,,,,,no_image
141823,Cordyceps sphaecophila,,,,,,,,no_image
31466,Coremacera halensis,棕斑毛簇沼蝇,,,,,,,no_image
74838,Coreoperca loona,漓江少鳞鳜,,,,,,,no_image
31483,Corgatha costinotalis,缘斑孔夜蛾,,,,,,,no_image
151192,Coriolopsis aspera,,,,,,,,no_image
74842,Coris caudimacula,尾斑盔鱼,,,,,,,no_image
94745,Corispermum orientale,东方虫实,,,,,,,no_image
94766,Cornopteris decurrentialata,角蕨,,,,,,,no_image
94792,Cornus kousa,,,,,,,,no_image
31502,Cornutrypeta nigrifemur,黑股脊额实蝇,,,,,,,no_image
6230,Corophium baconi,培根蜾蠃蜚,,,,,,,no_image
31510,Corsa lignicolora,科夜蛾,,,,,,,no_image
94820,Cortiella yatungense,亚东栓果芹,,,,,,,no_image
149806,Corticium lilacinoroseum,,,,,,,,no_image
145750,Cortinarius betulinus,,,,,,,,no_image
145770,Cortinarius candelaris,,,,,,,,no_image
145790,Cortinarius crassifolius,,,,,,,,no_image
145810,Cortinarius elatior,较高丝膜菌,,,,,,,no_image
145830,Cortinarius glutinosus,胶质丝膜菌,,,,,,,no_image
145850,Cortinarius limonius,紫盖丝膜菌,,,,,,,no_image
145890,Cortinarius polymorphus,,,,,,,,no_image
145870,Cortinarius nothoanomalus,伪异状丝膜菌,,,,,,,no_image
145910,Cortinarius rubricosus,,,,,,,,no_image
145930,Cortinarius spilomeus,,,,,,,,no_image
145950,Cortinarius triformis,,,,,,,,no_image
148467,Cortinellus edodes,,,,,,,,no_image
74852,Corvus corone,小嘴乌鸦,,,,,,,no_image
94836,Corydalis ambigua,东北延胡索,,,,,,,no_image
94856,Corydalis benecincta,囊距紫堇,,,,,,,no_image
94880,Corydalis carinata,龙骨籽紫堇,,,,,,,no_image
94934,Corydalis ecristata,无冠紫堇,,,,,,,no_image
94907,Corydalis cryptogama,无距黄堇,,,,,,,no_image
94976,Corydalis hendersonii,尼泊尔黄堇,,,,,,,no_image
94956,Corydalis gamosepala,北京延胡索,,,,,,,no_image
94998,Corydalis inopinata,卡惹拉黄堇,,,,,,,no_image
95018,Corydalis lathyrophylla,长冠紫堇,,,,,,,no_image
95048,Corydalis longicornu,开阳黄堇,,,,,,,no_image
95068,Corydalis microsperma,小籽紫堇,,,,,,,no_image
95089,Corydalis ochotensis,黄紫堇,,,,,,,no_image
95131,Corydalis pseudofargesii,假北岭黄堇,,,,,,,no_image
95156,Corydalis quantmeyeriana,掌苞紫堇,,,,,,,no_image
95111,Corydalis petrophila,岩生紫堇,,,,,,,no_image
95179,Corydalis schusteriana,甘洛紫堇,,,,,,,no_image
95203,Corydalis striatocarpa,纹果紫堇,,,,,,,no_image
95227,Corydalis trachycarpa,糙果紫堇,,,,,,,no_image
95249,Corydalis xideensis,喜德黄堇,,,,,,,no_image
95270,Corylopsis rotundifolia,圆叶蜡瓣花,,,,,,,no_image
7363,Coryne crassa,粗棍螅,,,,,,,no_image
133429,Corynespora rhapis-humilisi,,,,,,,,no_image
133409,Corynespora fici-benjaminae,,,,,,,,no_image
141326,Coryneum foliicola,,,,,,,,no_image
31534,Corynoneura nankaiensis,南开棒脉摇蚊,,,,,,,no_image
31574,Corynoptera triarmata,三臂翼眼蕈蚊,,,,,,,no_image
31554,Corynoptera inops,虚翼眼蕈蚊,,,,,,,no_image
74878,Corythoichthys schultzi,史氏冠海龙,,,,,,,no_image
10452,Cosella fleschneri,,,,,,,,no_image
31618,Cosmophorus qilianshanensis,祁连山大颚茧蜂,,,,,,,no_image
31589,Cosmeptera pretiosa,长斑枯叶蛾,,,,,,,no_image
31606,Cosmina biplumosa,双羽彩蝇,,,,,,,no_image
139865,Costantinella palmicola,,,,,,,,no_image
95343,Cotoneaster chengkangensis,镇康栒子,,,,,,,no_image
95311,Cotinus nanus,矮黄栌,,,,,,,no_image
95367,Cotoneaster floridus,繁花栒子,,,,,,,no_image
95400,Cotoneaster ignescens,亮红栒子,,,,,,,no_image
95427,Cotoneaster nantouensis,南投栒子,,,,,,,no_image
95492,Cotula hemisphaerica,山芫荽,,,,,,,no_image
95478,Cotoneaster turbinatus,陀螺果栒子,,,,,,,no_image
95452,Cotoneaster rubens,红花栒子,,,,,,,no_image
31657,Craniophora jactans,分首夜蛾,,,,,,,no_image
95504,Cousinia sclerolepis,硬苞刺头菊,,,,,,,no_image
31673,Cranopygia vitticollis,带盔螋,,,,,,,no_image
31684,Craspedometopon frontale,等额水虻,,,,,,,no_image
12728,Crassignatha nasalis,鼻糙胸蛛,,,,,,,no_image
149752,Craterellus sinuosus,小喇叭菌,,,,,,,no_image
95520,Crassocephalum crepidioides,野茼蒿,,,,,,,no_image
95543,Crataegus shandongensis,山东山楂,,,,,,,no_image
95560,Crawfurdia angustata,大花蔓龙胆,,,,,,,no_image
95580,Cremanthodium angustifolium,狭叶垂头菊,,,,,,,no_image
95606,Cremanthodium decaisnei,喜马拉雅垂头菊,,,,,,,no_image
95633,Cremanthodium lingulatum,舌叶垂头菊,,,,,,,no_image
95655,Cremanthodium potaninii,戟叶垂头菊,,,,,,,no_image
95689,Crepidiastrum diversifolium,细裂假还阳参,,,,,,,no_image
95676,Cremanthodium wumengshanicum,乌蒙山垂头菊,,,,,,,no_image
3647,Crenatula modiolaris,浅色锯齿蛤,,,,,,,no_image
146022,Crepidotus haerens,胶粘靴耳,,,,,,,no_image
95712,Crepidium orbiculare,齿唇沼兰,,,,,,,no_image
147775,Crepidopus mollis,软靴耳,,,,,,,no_image
146042,Crepidotus subsphaerosporus,球孢靴耳,,,,,,,no_image
95744,Crepis multicaulis,多茎还阳参,,,,,,,no_image
31738,Cricotopus comptus,无梳环足摇蚊,,,,,,,no_image
31758,Cricotopus tridens,叉环足摇蚊,,,,,,,no_image
31728,Cretonia vegetus,甘薯卷绮夜蛾,,,,,,,no_image
147111,Crinipellis subtomentosa,毛亚伞,,,,,,,no_image
8059,Crispatotrochus rubescens,红色卷轮珊瑚,,,,,,,no_image
74915,Crocidura medogensis,墨脱麝鼩,,,,,,,no_image
31788,Croesia aurichalcana,椴弧翅卷蛾,,,,,,,no_image
153169,Cronartium gentianeum,龙胆柱锈菌,,,,,,,no_image
95778,Crotalaria bialata,翼茎猪屎豆,,,,,,,no_image
31810,Crosskeya chrysos,金色柯罗寄蝇,,,,,,,no_image
31818,Crossopalpus sinensis,中华显颊舞虻,,,,,,,no_image
95802,Crotalaria mysorensis,褐毛猪屎豆,,,,,,,no_image
95828,Crotalaria yunnanensis,云南猪屎豆,,,,,,,no_image
95850,Croton mangelong,曼哥龙巴豆,,,,,,,no_image
95861,Crucihimalaya mollissima,柔毛须弥芥,,,,,,,no_image
95870,Cryphaea songpanensis,松潘隐蒴藓,,,,,,,no_image
8943,Cryptacarus tuberculatus,瘤隐罗甲螨,,,,,,,no_image
95882,Cryptocarya concinna,黄果厚壳桂,,,,,,,no_image
74947,Cryptocentrus pavoninoides,孔雀丝鰕虎,,,,,,,no_image
31865,Cryptochetum yunnanum,云南隐芒蝇,,,,,,,no_image
154675,Cryptococcus keelungensis,,,,,,,,no_image
150104,Cryptoderma yamanoi,山野隐皮菌,,,,,,,no_image
2308,Cryptolutea sagamiensis,相模暗黄蟹,,,,,,,no_image
95918,Cryptonemia parva,小隐丝藻,,,,,,,no_image
31886,Cryptoperla stilifera,尖刺刺扁(虫责),,,,,,,no_image
31901,Cryptophyllium yunnanense,,,,,,,,no_image
31907,Cryptoserphus burqinensis,布尔津隐颚细蜂,,,,,,,no_image
95925,Cryptostegia grandiflora,桉叶藤,,,,,,,no_image
131574,Cryptothecia subtecta,亚藏隐囊衣,,,,,,,no_image
95935,Ctenidium malacobolum,麻齿梳藓,,,,,,,no_image
31938,Ctenocephalides canis,犬栉首蚤,,,,,,,no_image
74956,Ctenogobiops feroculus,丝棘栉眼鰕虎,,,,,,,no_image
31961,Ctenophthalmus acutilobetus,尖叶栉眼蚤,,,,,,,no_image
31986,Ctenophthalmus pisticus,纯栉眼蚤,,,,,,,no_image
95951,Ctenopterella blechnoides,小蒿蕨,,,,,,,no_image
74966,Cubiceps squamicepoides,拟鳞首方头鲳,,,,,,,no_image
32042,Cucullia generosa,侠冬夜蛾,,,,,,,no_image
32062,Cucullia umbratica,冬夜蛾,,,,,,,no_image
139117,Cudonia circinans,旋卷地锤菌,,,,,,,no_image
32073,Culcua immarginata,无眶库水虻,,,,,,,no_image
32093,Culex fuscocephala,棕头库蚊,,,,,,,no_image
32113,Culex megafolius,巨叶库蚊,,,,,,,no_image
32134,Culex quinquefasciatus,致倦库蚊,,,,,,,no_image
32154,Culex torrentium,类迷走库蚊,,,,,,,no_image
32167,Culicoides albicans,浅色库蠓,,,,,,,no_image
32187,Culicoides brevipalpis,短须库蠓,,,,,,,no_image
32227,Culicoides effusus,粗大库蠓,,,,,,,no_image
32207,Culicoides comosioculatus,毛眼库蠓,,,,,,,no_image
32247,Culicoides gemellus,大室库蠓,,,,,,,no_image
32267,Culicoides homotomus,原野库蠓,,,,,,,no_image
32287,Culicoides jiulongensis,九龙库蠓,,,,,,,no_image
32307,Culicoides lasaensis,拉萨库蠓,,,,,,,no_image
32347,Culicoides mingshanensis,名山库蠓,,,,,,,no_image
32327,Culicoides macfiei,棕胸库蠓,,,,,,,no_image
32387,Culicoides paraflavescens,趋黄库蠓,,,,,,,no_image
32367,Culicoides nipponensis,日本库蠓,,,,,,,no_image
32407,Culicoides qianshanensis,千山库蠓,,,,,,,no_image
32427,Culicoides salinarius,盐生库蠓,,,,,,,no_image
32447,Culicoides subchangbaiensis,类长白库蠓,,,,,,,no_image
32467,Culicoides tentorius,蓬帐库蠓,,,,,,,no_image
32507,Culicoides zhuhaiensis,珠海库蠓,,,,,,,no_image
32487,Culicoides vexans,骚扰库蠓,,,,,,,no_image
155911,Cunninghamella bainieri,班尼小克银汉霉,,,,,,,no_image
9006,Cultroribula lata,侧刀肋甲螨,,,,,,,no_image
74986,Cuon alpinus,豺,,,,,,,no_image
95976,Cuphea platycentra,火红萼距花,,,,,,,no_image
96012,Curcuma yingdeensis,英德姜黄,,,,,,,no_image
95990,Curculigo capitulata,大叶仙茅,,,,,,,no_image
134065,Curvularia intermedia,,,,,,,,no_image
6316,Curvolaimus filiformis,丝状弯咽线虫,,,,,,,no_image
96021,Cuscuta europaea,欧洲菟丝子,,,,,,,no_image
2065,Cuspidaria prolatissima,直背杓蛤,,,,,,,no_image
32559,Cyana connectilis,合雪苔蛾,,,,,,,no_image
32580,Cyana pratti,草雪苔蛾,,,,,,,no_image
96044,Cyananthus ligulosus,舌裂蓝钟花,,,,,,,no_image
75033,Cyanoptila cumatilis,白腹暗蓝鹟,,,,,,,no_image
142752,Cyathus africanus,非洲黑蛋巢,,,,,,,no_image
96064,Cyathodium aureonitens,黄光苔,,,,,,,no_image
142792,Cyathus pygmaeus,,,,,,,,no_image
142772,Cyathus hirtulus,毛被黑蛋巢菌,,,,,,,no_image
96081,Cycas bifida,叉叶苏铁,,,,,,,no_image
96101,Cycas szechuanensis,仙湖苏铁,,,,,,,no_image
96108,Cyclea debiliflora,纤花轮环藤,,,,,,,no_image
32594,Cyclidia sericea,丝纹圆钩蛾,,,,,,,no_image
32599,Cyclodes omma,眸夜蛾,,,,,,,no_image
681,Cyclograpsus integer,整洁圆方蟹,,,,,,,no_image
96142,Cyclorhiza waltonii,环根芹,,,,,,,no_image
11097,Cyclosa minora,小艾蛛,,,,,,,no_image
11231,Cyclosa woyangchuan,卧羊川艾蛛,,,,,,,no_image
96181,Cyclosorus paracuminatus,宽顶毛蕨,,,,,,,no_image
96161,Cyclosorus grandissimus,大毛蕨,,,,,,,no_image
96203,Cyclosorus zhangii,朝芳毛蕨,,,,,,,no_image
32613,Cydia maackiana,山槐小卷蛾,,,,,,,no_image
32622,Cylindilla bidentata,,,,,,,,no_image
142025,Cylindrocladiella tenuis,,,,,,,,no_image
32638,Cylindromyia evibrissata,励筒腹寄蝇,,,,,,,no_image
32650,Cylindrothecum brachygonitum,突短筒蜂麻蝇,,,,,,,no_image
4699,Cyllometra manca,小残羽枝,,,,,,,no_image
8586,Cymatium grandimaculatum,大斑嵌线螺,,,,,,,no_image
151068,Cymatoderma dendriticum,树枝状波边革菌,,,,,,,no_image
96231,Cymbidium cochleare,垂花兰,,,,,,,no_image
96253,Cymbidium iridioides,黄蝉兰,,,,,,,no_image
96273,Cymbidium sichuanicum,川西兰,,,,,,,no_image
96295,Cymbopogon jwarancusa,辣薄荷草,,,,,,,no_image
246,Cymo melanodactylus,黑指波纹蟹,,,,,,,no_image
96326,Cynanchum brevicoronatum,短冠豹药藤,,,,,,,no_image
96349,Cynanchum kwangsiense,广西杯冠藤,,,,,,,no_image
96369,Cynodon radiatus,弯穗狗牙根,,,,,,,no_image
75058,Cynoglossus arel,印度舌鳎,,,,,,,no_image
75078,Cynoglossus semilaevis,半滑舌鳎,,,,,,,no_image
75095,Cynops puerensis,普洱蝾螈,,,,,,,no_image
32683,Cyparium yunnanum,,,,,,,,no_image
96419,Cyperus esculentus,,,,,,,,no_image
96446,Cyperus nigrofuscus,黑穗莎草,,,,,,,no_image
96471,Cyperus szechuanensis,四川莎草,,,,,,,no_image
146057,Cyphella pruinosa,,,,,,,,no_image
2427,Cypraea joycae,约氏宝贝,,,,,,,no_image
75127,Cyprinus megalophthalmus,大眼鲤,,,,,,,no_image
96497,Cypripedium franchetii,毛杓兰,,,,,,,no_image
32702,Cyptoprymna pulla,璞隐后金小蜂,,,,,,,no_image
96517,Cypripedium tibeticum,西藏杓兰,,,,,,,no_image
32720,Cyrta hirsuta,多毛弓背叶蝉,,,,,,,no_image
11192,Cyrtarachne gilva,黄斑曲腹蛛,,,,,,,no_image
32736,Cyrtoclytus formosanus,,,,,,,,no_image
75154,Cyrtodactylus zhaoermii,赵氏裸趾虎,,,,,,,no_image
96534,Cyrtomium aequibasis,等基贯众,,,,,,,no_image
96554,Cyrtomium obliquum,斜基贯众,,,,,,,no_image
32760,Cyrtonops wuzhishanensis,,,,,,,,no_image
32767,Cyrtopsis robusta,粗壮刺蟋螽,,,,,,,no_image
145230,Cystoderma amianthinum,,,,,,,,no_image
146062,Cystostereum murrayi,,,,,,,,no_image
145250,Cystolepiota hispida,,,,,,,,no_image
141510,Cytospora ailanthi,,,,,,,,no_image
141530,Cytospora marchica,,,,,,,,no_image
75158,Cyttopsis cypho,驼背腹棘海鲂,,,,,,,no_image
152780,Dacrymyces pinacearum,,,,,,,,no_image
152795,Dacryoscyphus chrysochilus,金舌耳,,,,,,,no_image
139494,Dactylella coccinella,瓢虫隔指孢,,,,,,,no_image
139514,Dactylellina sichuanensis,,,,,,,,no_image
32786,Dactylispa balyi,齐刺趾铁甲,,,,,,,no_image
32810,Dactylispa fleutiauxi,瘤刺叉趾铁甲,,,,,,,no_image
32852,Dactylispa pungens,斑胸叉趾铁甲,,,,,,,no_image
32832,Dactylispa malaisei,异色趾铁甲,,,,,,,no_image
32878,Dactylispa tientaina,天台叉趾铁甲,,,,,,,no_image
75163,Dactyloptena orientalis,东方豹鲂鮄,,,,,,,no_image
32894,Dacus longicornis,瓜棍腹实蝇,,,,,,,no_image
151216,Daedaleopsis tricolor,三色拟迷孔菌,,,,,,,no_image
96627,Dalbergia millettii,香港黄檀,,,,,,,no_image
144588,Daldinia bakerii,,,,,,,,no_image
8891,Damaeus armatus,盔珠甲螨,,,,,,,no_image
32921,Damalis hirtidorsalis,毛背籽角食虫虻,,,,,,,no_image
96659,Damnacanthus officinarum,四川虎刺,,,,,,,no_image
96666,Danxiaorchis yangii,井冈山丹霞兰,,,,,,,no_image
96685,Daphne genkwa,芫花,,,,,,,no_image
96709,Daphne ogisui,狄巢瑞香,,,,,,,no_image
4243,Daphnella flammea,火焰桂螺,,,,,,,no_image
32954,Daphnephila truncicola,干楠瘿蚊,,,,,,,no_image
3824,Daptonema normandicum,诺曼第吞咽线虫,,,,,,,no_image
32961,Darthula hardwickii,云管尾犁胸蝉,,,,,,,no_image
96745,Dasiphora dryadanthoides,垫状金露梅,,,,,,,no_image
75178,Dasyatis gerrardi,齐氏窄尾魟,,,,,,,no_image
32984,Dasychira maginalia,缘茸毒蛾,,,,,,,no_image
33002,Dasyhelea alticola,高原毛蠓,,,,,,,no_image
33022,Dasyhelea brachibaios,短瘦毛蠓,,,,,,,no_image
33042,Dasyhelea deiras,山丘毛蠓,,,,,,,no_image
33062,Dasyhelea excellentis,超越毛蠓,,,,,,,no_image
33082,Dasyhelea grisea,灰色毛蠓,,,,,,,no_image
33102,Dasyhelea linlingae,林玲毛蠓,,,,,,,no_image
33122,Dasyhelea navai,娜娃毛蠓,,,,,,,no_image
33142,Dasyhelea qinghaiensis,青海毛蠓,,,,,,,no_image
33162,Dasyhelea subperfida,亚穿毛蠓,,,,,,,no_image
33182,Dasyhelea zonalis,区域毛蠓,,,,,,,no_image
33193,Dasyphora liui,柳氏毛蝇,,,,,,,no_image
138554,Dasyscyphus calyculiformis,副萼状毛钉菌,,,,,,,no_image
138539,Dasyscypha oncospermatis,,,,,,,,no_image
138574,Dasyscyphus laetior,,,,,,,,no_image
138594,Dasyscyphus testaceus,,,,,,,,no_image
33229,Data clava,齿达沓夜蛾,,,,,,,no_image
96783,Davallia repens,阴石蕨,,,,,,,no_image
96798,Decaneuropsis blanda,喜蔓斑鸠菊,,,,,,,no_image
33248,Davidius zhoui,周氏戴春蜓,,,,,,,no_image
96811,Decaspermum teretis,圆枝子楝树,,,,,,,no_image
15768,Decapauropus ribauti,里氏十别少足,,,,,,,no_image
3904,Decorifera insignis,勋章饰孔螺,,,,,,,no_image
96817,Dehaasia kwangtungensis,广东莲桂,,,,,,,no_image
33282,Deinopteroloma ruzickai,,,,,,,,no_image
33291,Delia absidata,弓地种蝇,,,,,,,no_image
33311,Delia coronariae,花地种蝇,,,,,,,no_image
33331,Delia fulviposticrus,后黄地种蝇,,,,,,,no_image
33371,Delia piliseritibia,胫毛地种蝇,,,,,,,no_image
33351,Delia madoensis,玛多地种蝇,,,,,,,no_image
33391,Delia taonura,孔雀尾地种蝇,,,,,,,no_image
148468,Delicatula integrella,,,,,,,,no_image
96835,Delphinium angustipaniculatum,宕昌翠雀花,,,,,,,no_image
96867,Delphinium ceratophorum,角萼翠雀花,,,,,,,no_image
96902,Delphinium eriostylum,毛梗翠雀花,,,,,,,no_image
96936,Delphinium hirticaule,毛茎翠雀花,,,,,,,no_image
96968,Delphinium lagarolobum,狭裂翠雀花,,,,,,,no_image
96990,Delphinium maximowiczii,多枝翠雀花,,,,,,,no_image
97018,Delphinium oxycentrum,尖距翠雀花,,,,,,,no_image
97074,Delphinium spirocentrum,螺距翠雀花,,,,,,,no_image
97047,Delphinium pumilum,矮翠雀花,,,,,,,no_image
97108,Delphinium vestitum,浅裂翠雀花,,,,,,,no_image
97132,Delphinium yuchuanii,毓泉翠雀花,,,,,,,no_image
33453,Deltoplastis prionaspis,锯盾三角祝蛾,,,,,,,no_image
33460,Demicryptochironomus minus,光裸拟隐摇蚊,,,,,,,no_image
33478,Demonax curvofasciatus,,,,,,,,no_image
33498,Demonax kalabi,,,,,,,,no_image
33541,Demonax reticulicollis,,,,,,,,no_image
33521,Demonax nansenensis,,,,,,,,no_image
33561,Demonax traudae,,,,,,,,no_image
33581,Demotina fasciculata,茶肖叶甲,,,,,,,no_image
75214,Dendrelaphis vogeli,沃氏过树蛇,,,,,,,no_image
97150,Dendrobium christyanum,毛鞘石斛,,,,,,,no_image
97170,Dendrobium findlayanum,棒节石斛,,,,,,,no_image
97190,Dendrobium kwangtungense,广东石斛,,,,,,,no_image
97233,Dendrobium transparens,紫婉石斛,,,,,,,no_image
97213,Dendrobium parcum,舌唇石斛,,,,,,,no_image
97255,Dendrocalamus fugongensis,福贡龙竹,,,,,,,no_image
97279,Dendrocalamus semiscandens,野龙竹,,,,,,,no_image
75219,Dendrocitta formosae,灰树鹊,,,,,,,no_image
141683,Dendrodochium lycopersici,,,,,,,,no_image
33611,Dendrolimus himalayanus,喜马拉雅松毛虫,,,,,,,no_image
97305,Dendrolirium pachyphylla,厚叶绒兰,,,,,,,no_image
97323,Dendropanax kwangsiensis,广西树参,,,,,,,no_image
142824,Dendrosporium candelabroides,,,,,,,,no_image
97333,Dendrotrophe platyphylla,异花寄生藤,,,,,,,no_image
33650,Denopelopia viridula,绿色穴粗腹摇蚊,,,,,,,no_image
75256,Dentex hypselosomus,黄背牙鲷,,,,,,,no_image
97345,Deparia abbreviata,岳麓山假蹄盖蕨,,,,,,,no_image
97400,Deparia pseudoconilii,阔基假蹄盖蕨,,,,,,,no_image
97372,Deparia giraldii,陕西蛾眉蕨,,,,,,,no_image
33659,Deplorothrips medius,圆颊直管管蓟马,,,,,,,no_image
33679,Deraeocoris flaviceps,黄头齿爪盲蝽,,,,,,,no_image
33699,Deraeocoris pseudokerzhneri,拟克氏齿爪盲蝽,,,,,,,no_image
134734,Dermatocarpon intestiniforme,肠形皮果衣,,,,,,,no_image
33724,Dere affinis,,,,,,,,no_image
97431,Dermonema pulvinatum,垫形皮丝藻,,,,,,,no_image
97451,Derris marginata,边荚鱼藤,,,,,,,no_image
33761,Derops schillhammeri,,,,,,,,no_image
33770,Desisa variabilis,,,,,,,,no_image
8097,Desmophyllum dianthus,二花链叶珊瑚,,,,,,,no_image
33784,Deutereulophus daguisiensis,大贵寺波姬小蜂,,,,,,,no_image
97504,Deutzia glabrata,光萼溲疏,,,,,,,no_image
97535,Deutzia purpurascens,紫花溲疏,,,,,,,no_image
75263,Devario kakhienensis,红蚌神&#x0000E000;,,,,,,,no_image
97570,Deyeuxia mazzettii,会理野青茅,,,,,,,no_image
33805,Dexia ventralis,腹长足寄蝇,,,,,,,no_image
33823,Dexopollenia parviostia,小口瘦粉蝇,,,,,,,no_image
97592,Diabelia serrata,双六道木,,,,,,,no_image
33834,Dialineura affinis,缘粗柄剑虻,,,,,,,no_image
33871,Dianous aereus,,,,,,,,no_image
33854,Diamesa kaszabi,卡氏寡角摇蚊,,,,,,,no_image
33893,Dianous chetri,,,,,,,,no_image
33913,Dianous emarginatus,,,,,,,,no_image
33956,Dianous psilopterus,,,,,,,,no_image
33936,Dianous kishimotoi,,,,,,,,no_image
33976,Dianous strabo,,,,,,,,no_image
33996,Dianous yinziweii,,,,,,,,no_image
97608,Dianthus pygmaeus,玉山石竹,,,,,,,no_image
34029,Diaphorus jingpingensis,金平异长足虻,,,,,,,no_image
34009,Diaphorus apiciniger,黑端异长足虻,,,,,,,no_image
34049,Diaphorus sequens,侍从异长足虻,,,,,,,no_image
75285,Diaphus malayanus,马来亚眶灯鱼,,,,,,,no_image
141344,Diaporthe corni,,,,,,,,no_image
34055,Diarrhegma bimaculata,双斑白背实蝇,,,,,,,no_image
34075,Diarsia dichroa,异歹夜蛾,,,,,,,no_image
34095,Diarsia pseudacharista,皮歹夜蛾,,,,,,,no_image
34111,Dibelonetes palaeotropicus,,,,,,,,no_image
144515,Diatrype catervaria,,,,,,,,no_image
75306,Dicaeum chrysorrheum,黄臀啄花鸟,,,,,,,no_image
34137,Dichaetomyia bibax,铜腹重毫蝇,,,,,,,no_image
142846,Dicellaesporites striatus,,,,,,,,no_image
34157,Dichaetomyia palpiaurantiaca,橙须重毫蝇,,,,,,,no_image
34177,Dichaetophora presuturalis,双鬃果蝇,,,,,,,no_image
140429,Dichobotrys abundans,,,,,,,,no_image
18117,Dichogaster saliens,跳跃重胃蚓,,,,,,,no_image
142850,Dichotomophthoropsis nymphaearum,,,,,,,,no_image
34202,Dichrorampha okui,日微小卷蛾,,,,,,,no_image
97682,Dicranella amplexans,小曲尾藓,,,,,,,no_image
18767,Dicranocentrus liuae,,,,,,,,no_image
34238,Dicranomyia gracilirostris,纤喙细大蚊,,,,,,,no_image
34218,Dicranomyia atayal,泰雅细大蚊,,,,,,,no_image
34258,Dicranomyia omeiana,峨眉细大蚊,,,,,,,no_image
34278,Dicranomyia sublimis,斜细大蚊,,,,,,,no_image
18432,Dicranophorus prionacis,前突猪吻轮虫,,,,,,,no_image
34301,Dicranoptycha issikina,一色褶大蚊,,,,,,,no_image
34337,Dicranota sinoalpina,四川叉大蚊,,,,,,,no_image
97724,Dicranostigma lactucoides,苣叶秃疮花,,,,,,,no_image
97746,Dicranum leiodontum,无褶曲尾藓,,,,,,,no_image
97766,Dicranum viride,绿色曲尾藓,,,,,,,no_image
75334,Dicrurus macrocercus,黑卷尾,,,,,,,no_image
34365,Dictya umbrarum,杂色网翅沼蝇,,,,,,,no_image
141265,Dictyochaeta tumidoseta,,,,,,,,no_image
34368,Dictyoploca simia,后目大蚕蛾,,,,,,,no_image
133460,Dictyosporium lakefuxianensis,,,,,,,,no_image
14062,Dicymbium nigrum,黑双舟蛛,,,,,,,no_image
34385,Didea zhongtiaoshanensis,中条山边蚜蝇,,,,,,,no_image
133593,Didymella sapotae,,,,,,,,no_image
97795,Didymocarpus pulcher,美丽长蒴苣苔,,,,,,,no_image
97819,Didymodon epapillatus,无疣对齿藓,,,,,,,no_image
97839,Didymodon perobtusus,细叶对齿藓,,,,,,,no_image
142853,Didymoporisporonites elegans,,,,,,,,no_image
97862,Didymostigma obtusum,双片苣苔,,,,,,,no_image
34404,Diestota taiwanensis,,,,,,,,no_image
97885,Digitaria henryi,亨利马唐,,,,,,,no_image
34412,Diglyphomorphomyia aequus,同索雕姬小蜂,,,,,,,no_image
34431,Dilacra subvilis,,,,,,,,no_image
34451,Dilar pallidus,灰栉角蛉,,,,,,,no_image
97908,Dilophia salsa,盐泽双脊荠,,,,,,,no_image
135209,Dimelaena radiata,,,,,,,,no_image
34485,Dinaraea spoliata,,,,,,,,no_image
135001,Dimeromyces cherrhonesites,,,,,,,,no_image
34508,Dindicodes euclidiaria,赞涡尺蛾,,,,,,,no_image
34518,Dinera fuscata,,,,,,,,no_image
34532,Dinocampus coccinellae,瓢虫茧蜂,,,,,,,no_image
34550,Dinothenarus ning,,,,,,,,no_image
5223,Diogener deflectomanus,弯螯活额寄居蟹,,,,,,,no_image
34570,Diochus ampullaceus,,,,,,,,no_image
34586,Dioides furcatus,叉突异缟蝇,,,,,,,no_image
136828,Diorygma macgregorii,马氏霜盘衣,,,,,,,no_image
97964,Dioscorea deltoidea,三角叶薯蓣,,,,,,,no_image
97991,Dioscorea pentaphylla,五叶薯蓣,,,,,,,no_image
98016,Diospyros balfouriana,大理柿,,,,,,,no_image
98036,Diospyros forrestii,腾冲柿,,,,,,,no_image
98059,Diospyros nigricortex,黑皮柿,,,,,,,no_image
98080,Diospyros unisemina,单子柿,,,,,,,no_image
34610,Diostracus kimotoi,黄膝巨口长足虻,,,,,,,no_image
34622,Dioxeuta rougemonti,,,,,,,,no_image
98096,Diphasiastrum yueshanense,玉山扁枝石松,,,,,,,no_image
98097,Diphylleia sinensis,南方山荷叶,,,,,,,no_image
98112,Diplasiolejeunea cobrensis,曲瓣双鳞苔,,,,,,,no_image
98121,Diplazium baishanzuense,百山祖短肠蕨,,,,,,,no_image
98146,Diplazium glingense,格林短肠蕨,,,,,,,no_image
98168,Diplazium lobulosum,浅裂短肠蕨,,,,,,,no_image
98192,Diplazium proliferum,多生菜蕨,,,,,,,no_image
98216,Diplazium uraiense,圆裂短肠蕨,,,,,,,no_image
14309,Diplocephalus mirabilis,奇异双头蛛,,,,,,,no_image
75370,Diploderma danbaense,丹巴攀蜥,,,,,,,no_image
75390,Diploderma panlong,蟠龙攀蜥（蟠龙龙蜥）,,,,,,,no_image
131798,Diplodia camelliae,,,,,,,,no_image
34663,Diplonevra lamella,鳃足栅蚤蝇,,,,,,,no_image
98236,Diploknema yunnanensis,云南藏榄,,,,,,,no_image
75414,Diploprion bifasciatum,双带黄鲈,,,,,,,no_image
136841,Diploschistes muscorum,藓生双缘衣,,,,,,,no_image
135214,Diplotomma venustum,,,,,,,,no_image
11707,Dipoena redunca,后弯圆腹蛛,,,,,,,no_image
142889,Diporicellaesporites lageniformis,,,,,,,,no_image
98269,Dipsacus inermis,劲直续断,,,,,,,no_image
9747,Diptacus kusanous,,,,,,,,no_image
9701,Diptacus tristylaus,,,,,,,,no_image
9717,Diptilomiopus ambromae,,,,,,,,no_image
9770,Diptilomiopus japonicus,,,,,,,,no_image
34687,Disasuridia confusa,混纹角苔蛾,,,,,,,no_image
75422,Dipturus wuhanlingi,汉霖长吻鳐,,,,,,,no_image
75432,Dischistodus melanotus,黑斑盘雀鲷,,,,,,,no_image
34701,Discobola armorica,阿莫盘斑大蚊,,,,,,,no_image
75446,Discogobio poneventralis,后腹盘&#x0000E068;,,,,,,,no_image
141484,Discula quercina,,,,,,,,no_image
15712,Disphaerobius svenhedini,翼石蜈蚣,,,,,,,no_image
98314,Disporum nanchuanense,南川万寿竹,,,,,,,no_image
98329,Distichium hagenii,小对叶藓,,,,,,,no_image
34729,Distenia formosana,,,,,,,,no_image
132711,Distocercospora africana,,,,,,,,no_image
34760,Distonemurus desertus,沙臀蚁蛉,,,,,,,no_image
98367,Distylium myricoides,杨梅叶蚊母树,,,,,,,no_image
98378,Ditrichum heteromallum,牛毛藓,,,,,,,no_image
34784,Ditrigona komarovr,康马白钩蛾,,,,,,,no_image
34810,Ditrigona typhodes,云白钩蛾,,,,,,,no_image
34821,Dixa meihuashana,梅花山细蚊,,,,,,,no_image
152817,Doassansia opaca,暗淡实球黑粉菌,,,,,,,no_image
4645,Doclea rissonii,里氏绒球蟹,,,,,,,no_image
34866,Dodona henrici,白燕尾蚬蝶,,,,,,,no_image
34882,Dohrniphora intumescens,阔须栓蚤蝇,,,,,,,no_image
34902,Doleschallia bisaltide,蠹叶蛱蝶,,,,,,,no_image
34915,Dolichocephala orientalis,东方长头舞虻,,,,,,,no_image
34931,Dolichomiris planiceps,平头长盲蝽,,,,,,,no_image
34947,Dolichopeza leucocnemis,腹凹裸纤足大蚊,,,,,,,no_image
34967,Dolichophorus immaculatus,无斑长刺长足虻,,,,,,,no_image
34986,Dolichopus divisus,圆须长足虻,,,,,,,no_image
35006,Dolichopus martynovi,马氏长足虻,,,,,,,no_image
35026,Dolichopus simulator,基黄长足虻,,,,,,,no_image
98406,Dolichos rhombifolius,菱叶镰扁豆,,,,,,,no_image
35051,Dolichosciara ornata,饰尾突眼蕈蚊,,,,,,,no_image
17071,Dollfustrema vaneyi,范氏道弗吸虫,,,,,,,no_image
98412,Dolomiaea crispoundulata,皱叶川木香,,,,,,,no_image
35068,Domene aqiang,,,,,,,,no_image
35088,Domene reitteri,,,,,,,,no_image
3183,Donax semigranosus,紫藤斧蛤,,,,,,,no_image
75458,Dopasia gracilis,细脆蛇蜥,,,,,,,no_image
35120,Dorcadion kuldschanum,,,,,,,,no_image
98446,Doronicum calotum,西藏多榔菊,,,,,,,no_image
35146,Doryloxenus tangliangi,,,,,,,,no_image
35163,Dorysthenes pici,,,,,,,,no_image
132264,Dothidea pithya,,,,,,,,no_image
35171,Downesia gestroi,密点平脊甲,,,,,,,no_image
98460,Draba altaica,阿尔泰葶苈,,,,,,,no_image
98480,Draba involucrata,总苞葶苈,,,,,,,no_image
98500,Draba paishanensis,白山葶苈,,,,,,,no_image
98458,Draba ×,金氏葶苈,,,,,,,no_image
35206,Drabescus ineffectus,赭胫槽叶蝉,,,,,,,no_image
98520,Dracaena angustifolia,长花龙血树,,,,,,,no_image
98537,Dracocephalum imberbe,无髭毛建草,,,,,,,no_image
98558,Dracocephalum taliense,大理青兰,,,,,,,no_image
12120,Draconarius bannaensis,版纳龙隙蛛,,,,,,,no_image
12397,Draconarius curvabilis,弯顶龙隙蛛,,,,,,,no_image
12123,Draconarius guoi,郭氏龙隙蛛,,,,,,,no_image
12265,Draconarius lini,林氏龙隙蛛,,,,,,,no_image
12508,Draconarius ovillus,绵羊龙隙蛛,,,,,,,no_image
12429,Draconarius pseudospiralis,伪旋龙隙蛛,,,,,,,no_image
12200,Draconarius subaspinatus,近无刺龙隙蛛,,,,,,,no_image
12346,Draconarius tubercularis,瘤龙隙蛛,,,,,,,no_image
98573,Dracontomelon macrocarpum,大果人面子,,,,,,,no_image
13757,Drassodes interlisus,内舌掠蛛,,,,,,,no_image
13791,Drassyllus coreanus,朝鲜近狂蛛,,,,,,,no_image
18067,Drawida nepalensis,尼泊尔杜拉蚓,,,,,,,no_image
35246,Drasteria rada,罗妃夜蛾,,,,,,,no_image
75470,Dremomys pyrrhomerus,红腿长吻松鼠,,,,,,,no_image
98589,Drepanolejeunea commutata,丛生针鳞苔,,,,,,,no_image
98610,Drepanostachyum membranaceum,膜箨镰序竹,,,,,,,no_image
35278,Drino argenticeps,银颜赘寄蝇,,,,,,,no_image
35298,Drino laticornis,宽角赘寄蝇,,,,,,,no_image
75474,Drombus triangularis,三角捷鰕虎,,,,,,,no_image
35345,Drosophila bocki,包克氏果蝇,,,,,,,no_image
35325,Drosophila aotrukai,青塚果蝇,,,,,,,no_image
35365,Drosophila flavimedifemur,黄中腿果蝇,,,,,,,no_image
35385,Drosophila hydei,海德氏果蝇,,,,,,,no_image
35405,Drosophila lineolata,小条纹果蝇,,,,,,,no_image
35426,Drosophila multidentata,多齿果蝇,,,,,,,no_image
35446,Drosophila orosa,山型果蝇,,,,,,,no_image
35467,Drosophila pullata,黑袍果蝇,,,,,,,no_image
35487,Drosophila silvata,银黄果蝇,,,,,,,no_image
98627,Drummondia sinensis,中华木衣藓,,,,,,,no_image
35537,Drusilla gilva,,,,,,,,no_image
35508,Drosophila transversa,,,,,,,,no_image
35552,Drymeia aculeate,针踝胡蝇,,,,,,,no_image
35593,Drymeia minutiplumula,小羽芒胡蝇,,,,,,,no_image
35572,Drymeia femoratispina,股刺胡蝇,,,,,,,no_image
35613,Drymeia quadratimacula,方斑胡蝇,,,,,,,no_image
98639,Drynaria coronans,崖姜,,,,,,,no_image
35635,Dryophilocoris longus,长戟盲蝽,,,,,,,no_image
98673,Dryopteris cacaina,蓬莱鳞毛蕨,,,,,,,no_image
98697,Dryopteris dibangensis,丹巴曲鳞毛蕨,,,,,,,no_image
98719,Dryopteris grandifrons,大叶肉刺蕨,,,,,,,no_image
98759,Dryopteris maximowicziana,阔鳞轴鳞蕨,,,,,,,no_image
98739,Dryopteris jinpingensis,金平鳞毛蕨,,,,,,,no_image
98781,Dryopteris podophylla,柄叶鳞毛蕨,,,,,,,no_image
98801,Dryopteris serratodentata,刺尖鳞毛蕨,,,,,,,no_image
98823,Dryopteris sublacera,半育鳞毛蕨,,,,,,,no_image
98845,Dryopteris woodsiisora,细叶鳞毛蕨,,,,,,,no_image
98863,Drypetes integrifolia,全缘叶核果木,,,,,,,no_image
98874,Dubyaea blinii,刚毛厚喙菊,,,,,,,no_image
98917,Dunbaria crinita,长毛野扁豆,,,,,,,no_image
142904,Ductifera pululahuana,,,,,,,,no_image
98895,Duhaldea rubricaulis,赤茎羊耳菊,,,,,,,no_image
4608,Durckheimia caeca,盲硬豆蟹,,,,,,,no_image
142905,Dyadosporonites megaporus,,,,,,,,no_image
8489,Dynoides dentisinus,腔齿海底水虱,,,,,,,no_image
35688,Dysgonia absentimacula,故巾夜蛾,,,,,,,no_image
35705,Dysmachus dasynotus,多毛突颜食虫虻,,,,,,,no_image
75511,Dysomma polycatodon,多齿前肛鳗,,,,,,,no_image
98961,Dysoxylum medogense,墨脱樫木,,,,,,,no_image
35735,Dysstroma flavifusa,黄涤尺蛾,,,,,,,no_image
35756,Dystomorphus piceae,,,,,,,,no_image
35776,Earias flavida,黄钻夜蛾,,,,,,,no_image
14844,Ebrechtella xinjie,新界伊氏蛛,,,,,,,no_image
14774,Ebelingia kumadai,熊田埃蟹蛛,,,,,,,no_image
35813,Ecdelphax tortilis,扭曲大叉飞虱,,,,,,,no_image
2669,Echinaster stereosomus,坚棘海星,,,,,,,no_image
8236,Echinomuricea coccinea,猩红刺尖柳珊瑚,,,,,,,no_image
145261,Echinoderma asperum,锐鳞棘皮菌,,,,,,,no_image
98997,Echinops humilis,矮蓝刺头,,,,,,,no_image
788,Echinostrephus molaris,紫丛海胆,,,,,,,no_image
99012,Eclipta prostrata,鳢肠,,,,,,,no_image
35863,Ecliptopera umbrosaria,绣纹折线尺蛾,,,,,,,no_image
12682,Ectatosticta wukong,悟空延斑蛛,,,,,,,no_image
7503,Ectopleura marina,海外肋水螅,,,,,,,no_image
99025,Ectropothecium penzigianum,大偏蒴藓,,,,,,,no_image
35902,Edaphosoma spinuliventris,,,,,,,,no_image
35922,Edaphus chiayimontium,,,,,,,,no_image
35942,Edaphus intradenticulatus,,,,,,,,no_image
10754,Edwardsia collaris,颈领爱氏海葵,,,,,,,no_image
35982,Edaphus taiwanicola,,,,,,,,no_image
35962,Edaphus odiosus,,,,,,,,no_image
36010,Egesina partealboantennata,,,,,,,,no_image
99035,Ehretia acuminata,厚壳树,,,,,,,no_image
36029,Egle steini,长管柳花蝇,,,,,,,no_image
36034,Eilema affineola,亲土苔蛾,,,,,,,no_image
36056,Eilema hunanica,湘土苔蛾,,,,,,,no_image
7406,Eirene hexanemalis,六辐和平水母,,,,,,,no_image
36077,Elachertus fenestratus,大斑狭面姬小蜂,,,,,,,no_image
134419,Eladia minima,四川疣瓶孢,,,,,,,no_image
99079,Elaeagnus gradifolia,慈恩胡颓子,,,,,,,no_image
99129,Elaeagnus tonkinensis,越南胡颓子,,,,,,,no_image
99105,Elaeagnus micrantha,小花羊奶子,,,,,,,no_image
99149,Elaeocarpus brachystachyus,短穗杜英,,,,,,,no_image
99183,Elaeocarpus limitaneus,灰毛杜英,,,,,,,no_image
6556,Elamenopsis ariakensis,仿薄板蟹,,,,,,,no_image
99199,Elaphoglossum luzonicum,吕宋舌蕨,,,,,,,no_image
36106,Elaphropeza anae,安氏黄隐肩舞虻,,,,,,,no_image
36126,Elaphropeza lii,李氏黄隐肩舞虻,,,,,,,no_image
36146,Elaphropeza scutellaris,褐盾黄隐肩舞虻,,,,,,,no_image
2093,Elasmopus hooheno,宽齿片钩虾,,,,,,,no_image
99210,Elatine triandra,三蕊沟繁缕,,,,,,,no_image
99235,Elatostema anlongense,安龙楼梯草,,,,,,,no_image
99261,Elatostema binerve,二脉楼梯草,,,,,,,no_image
99286,Elatostema costatoalatum,肋翅楼梯草,,,,,,,no_image
99344,Elatostema globosostigmatum,球柱楼梯草,,,,,,,no_image
99314,Elatostema dingjieense,定结楼梯草,,,,,,,no_image
99389,Elatostema litseifolium,木姜楼梯草,,,,,,,no_image
99413,Elatostema maguanense,马关楼梯草,,,,,,,no_image
99433,Elatostema multicaule,多茎楼梯草,,,,,,,no_image
99366,Elatostema ichangense,宜昌楼梯草,,,,,,,no_image
99467,Elatostema ornithorrhynchum,鸟喙楼梯草,,,,,,,no_image
99491,Elatostema pleiophlebium,丰脉楼梯草,,,,,,,no_image
99534,Elatostema simianshanicum,四面山楼梯草,,,,,,,no_image
99514,Elatostema recticaudatum,直尾楼梯草,,,,,,,no_image
99561,Elatostema tenuinerve,细脉楼梯草,,,,,,,no_image
99581,Elatostema wenshanense,文山楼梯草,,,,,,,no_image
1867,Electra bengalensis,孟加拉琥珀苔虫,,,,,,,no_image
36183,Electrophaes emeiensis,峨眉焰尺蛾,,,,,,,no_image
99605,Eleocharis congesta,密花荸荠,,,,,,,no_image
36203,Elephantomyia laohegouensis,老河沟象大蚊,,,,,,,no_image
99632,Eleocharis setulosa,短刚毛针蔺,,,,,,,no_image
75570,Eleutherochir opercularis,双鳍喉褶[鱼衔],,,,,,,no_image
36224,Elimaea atrata,越南掩耳螽,,,,,,,no_image
139086,Eleutheromyces geoglossi,,,,,,,,no_image
36244,Elimaea lii,李氏掩耳螽,,,,,,,no_image
36264,Elimaea thaii,泰氏掩耳螽,,,,,,,no_image
36282,Ellipteroides clitellatus,驮鞍圆大蚊,,,,,,,no_image
142936,Ellisembia repentioriunda,,,,,,,,no_image
142916,Ellisembia camelliae-japonicae,,,,,,,,no_image
36297,Eloeophila paraprilina,帕原大蚊,,,,,,,no_image
99698,Elsholtzia fruticosa,鸡骨柴,,,,,,,no_image
99744,Elymus atratus,黑紫披碱草,,,,,,,no_image
99722,Elsholtzia strobilifera,球穗香薷,,,,,,,no_image
99778,Elymus dolichorhachis,长轴披碱草,,,,,,,no_image
99806,Elymus laxinodis,稀节鹅观草,,,,,,,no_image
99834,Elymus schrenkianus,扭轴鹅观草,,,,,,,no_image
99860,Elymus viridulus,绿穗鹅观草,,,,,,,no_image
36317,Emathidis humerosa,,,,,,,,no_image
75584,Emberiza calandra,黍鹀,,,,,,,no_image
11630,Emertonella hainanica,海南埃蛛,,,,,,,no_image
36337,Emmesomyia oriens,东方粪泉蝇,,,,,,,no_image
75633,Emberiza siemsseni,蓝鹀,,,,,,,no_image
36374,Empis pedispinosa,刺足缺脉舞虻,,,,,,,no_image
36354,Empis hubeiensis,湖北舞虻,,,,,,,no_image
36395,Empis zhuae,朱氏平舞虻,,,,,,,no_image
36397,Enargia kansuensis,甘清夜蛾,,,,,,,no_image
18430,Encentrum diglandula,迭戈中吻轮虫,,,,,,,no_image
75663,Encrasicholina heteroloba,尖吻半棱鳀,,,,,,,no_image
75650,Encheliophis boraborensis,博拉细潜鱼,,,,,,,no_image
99919,Endiandra hainanensis,土楠,,,,,,,no_image
155804,Endogone verrucosa,疣裘内囊霉,,,,,,,no_image
150766,Endoclathrus panzhihuaensis,攀枝花内笼头菌,,,,,,,no_image
142955,Endophragmiella corticola,,,,,,,,no_image
142975,Endophragmiella subolivacea,,,,,,,,no_image
99923,Endosiphonia horrida,棍棒内管藻,,,,,,,no_image
144716,Engleromyces sinensis,中华肉球菌,,,,,,,no_image
75687,Enneapterygius bahasa,马来双线鳚,,,,,,,no_image
4521,Enida taiwanensis,台湾衣尼螺,,,,,,,no_image
11748,Enoplognatha oelandica,奥埃齿螯蛛,,,,,,,no_image
75707,Enneapterygius vexillarius,黑鞍斑双线鳚,,,,,,,no_image
36456,Entedon epicharis,丽灿姬小蜂,,,,,,,no_image
99947,Ensete glaucum,象腿蕉,,,,,,,no_image
36475,Entephria polata,极石尺蛾,,,,,,,no_image
36482,Entetraommatus christinae,,,,,,,,no_image
99986,Entodon nepalensis,尼泊尔绢藓,,,,,,,no_image
100008,Entodontopsis wightii,狭叶拟绢藓,,,,,,,no_image
146101,Entoloma atropellitum,黑色红褶伞,,,,,,,no_image
146141,Entoloma dysthaloides,,,,,,,,no_image
146121,Entoloma chalybeum,,,,,,,,no_image
146161,Entoloma heterocutis,异皮粉褶蕈,,,,,,,no_image
146181,Entoloma mammulatum,乳突粉褶蕈,,,,,,,no_image
146201,Entoloma parkensis,,,,,,,,no_image
146241,Entoloma subclitocyboides,近杯伞状粉褶蕈,,,,,,,no_image
146221,Entoloma rusticoides,,,,,,,,no_image
146261,Entoloma vesiculosocystidium,泡状囊体粉褶蕈,,,,,,,no_image
19005,Entomobrya dingi,,,,,,,,no_image
19024,Entomobrya tristriata,,,,,,,,no_image
155383,Entomophthora brahminae,金龟子虫霉,,,,,,,no_image
155403,Entomophthora ferruginea,,,,,,,,no_image
155423,Entomophthora pyriformis,,,,,,,,no_image
36516,Entoria victoria,香港长肛䗛,,,,,,,no_image
36496,Entoria domonensis,铜门长肛䗛,,,,,,,no_image
152822,Entyloma compositarum,菊叶黑粉菌,,,,,,,no_image
6173,Eocylichna koyasensis,库页球舌螺,,,,,,,no_image
36549,Eodorcadion novitzkyi,,,,,,,,no_image
36577,Eoporis mitonoi,,,,,,,,no_image
9224,Eohypochthonius crassisetiger,梭毛东缝甲螨,,,,,,,no_image
18297,Eosphora ehrenbergi,欧氏柱头轮虫,,,,,,,no_image
9650,Eotetranychus qinlingensis,,,,,,,,no_image
9697,Eotetranychus cendanai,,,,,,,,no_image
75742,Eothenomys meiguensis,美姑绒鼠,,,,,,,no_image
36605,Eoxizicus dubius,疑原栖螽,,,,,,,no_image
36624,Epacanthaclisis batangana,巴塘溪蚁蛉,,,,,,,no_image
15878,Epanerchodus fuscus,,,,,,,,no_image
36655,Epeurysa abatana,等突短头飞虱,,,,,,,no_image
36635,Epania atra,,,,,,,,no_image
100029,Ephedra intermedia,中麻黄,,,,,,,no_image
36671,Ephesia dissimilis,栎光裳夜蛾,,,,,,,no_image
36696,Ephesia tokui,土光裳夜蛾,,,,,,,no_image
239,Epiactaea nodulosa,疙瘩上银杏蟹,,,,,,,no_image
133594,Epicoccum neglectum,,,,,,,,no_image
36745,Epicypta obscura,暗色埃菌蚊,,,,,,,no_image
4440,Epideira sibogae,西伯格细肋螺,,,,,,,no_image
9113,Epieremulus circulus,环表沙甲螨,,,,,,,no_image
137544,Epilichen scabrosus,粗糙表衣,,,,,,,no_image
36782,Epilobophora paraobscuraria,邻暗后叶尺蛾,,,,,,,no_image
100077,Epilobium pannosum,硬毛柳叶菜,,,,,,,no_image
100103,Epimedium ecalcaratum,无距淫羊藿,,,,,,,no_image
100123,Epimedium mikinorii,直距淫羊藿,,,,,,,no_image
100147,Epimedium sutchuenense,四川淫羊藿,,,,,,,no_image
75765,Epinephelus corallicola,珊瑚石斑鱼,,,,,,,no_image
75785,Epinephelus poecilonotus,琉璃石斑鱼,,,,,,,no_image
36791,Epinotia immundana,免叶小卷蛾,,,,,,,no_image
100164,Epipactis xanthophaea,北火烧兰,,,,,,,no_image
36835,Epiplema columbaris,六点蛱蛾,,,,,,,no_image
18409,Epiphanes clavulata,棒状水轮虫,,,,,,,no_image
36846,Epipristis nelearia,青京尺蛾,,,,,,,no_image
36869,Epirrhoe tristata,流纹洲尺蛾,,,,,,,no_image
11717,Episinus gibbus,驼背丘腹蛛,,,,,,,no_image
75807,Episoriculus soluensis,尼泊尔长尾鼩鼱,,,,,,,no_image
36912,Epistrophe gracilicincta,线斑垂边蚜蝇,,,,,,,no_image
100178,Epithema taiwanensis,,,,,,,,no_image
36932,Epistrophe tiantaiensis,天台垂边蚜蝇,,,,,,,no_image
10348,Epitrimerus irisanus,,,,,,,,no_image
36969,Epsteinius translucidus,透亮爱刺蛾,,,,,,,no_image
12805,Epocilla calcarata,锯艳蛛,,,,,,,no_image
100193,Equisetum variegatum,斑纹木贼,,,,,,,no_image
100207,Eragrostis cylindrica,短穗画眉草,,,,,,,no_image
100227,Eragrostis tenella,鲫鱼草,,,,,,,no_image
100241,Erechtites valerianifolius,败酱叶菊芹,,,,,,,no_image
75834,Eremias quadrifrons,方额麻蜥（四额鳞麻蜥）,,,,,,,no_image
36986,Erebia sibo,西宝红眼蝶,,,,,,,no_image
8838,Eremobelba curtipetata,短瓣沙足甲螨,,,,,,,no_image
100255,Eremogone edgeworthiana,山居雪灵芝,,,,,,,no_image
100278,Eremopyrum bonaepartis,光穗旱麦草,,,,,,,no_image
75851,Ereunias grallator,神奈川旋杜父鱼,,,,,,,no_image
37035,Ericeia fraterna,伯南夜蛾,,,,,,,no_image
75852,Eridacnis radcliffei,雷氏光唇鲨,,,,,,,no_image
100322,Erigeron latifolius,宽叶飞蓬,,,,,,,no_image
100342,Erigeron tianschanicus,天山飞蓬,,,,,,,no_image
138600,Erinella calospora,,,,,,,,no_image
138620,Erinellina javanica,爪哇亚棘盘菌,,,,,,,no_image
100363,Eriobotrya tengyuehensis,腾越枇杷,,,,,,,no_image
100406,Eriochloa punctata,苍白野黍,,,,,,,no_image
100382,Eriocaulon minusculum,极小谷精草,,,,,,,no_image
142985,Eriomycopsis citrifolia,,,,,,,,no_image
37071,Eriococcus sojae,豆绒蚧,,,,,,,no_image
9979,Eriophyes dimocarpi,,,,,,,,no_image
37092,Erioptera haplostyla,独绵大蚊,,,,,,,no_image
37125,Eriothrix prolixa,苗条缘刺寄蝇,,,,,,,no_image
37106,Eriosoma cerum,蜡绵蚜,,,,,,,no_image
37130,Eriozona syrphoides,黄盾密毛蚜蝇,,,,,,,no_image
37144,Eristalis formosanus,台湾管蚜蝇,,,,,,,no_image
100454,Eritrichium kangdingense,康定齿缘草,,,,,,,no_image
37164,Eristalodes paria,黑股条眼蚜蝇,,,,,,,no_image
100477,Eritrichium spathulatum,匙叶齿缘草,,,,,,,no_image
11395,Ero koreanus,朝鲜突腹蛛,,,,,,,no_image
37172,Erragonalia bicolorata,双色凸唇叶蝉，新种,,,,,,,no_image
37185,Erymus sinicus,,,,,,,,no_image
155447,Erynia dipterigena,双翅虫疫霉,,,,,,,no_image
942,Erugosquilla serenei,塞仁平虾蛄,,,,,,,no_image
137939,Erysiphe alchemillae,,,,,,,,no_image
100522,Erysimum macilentum,波齿糖芥,,,,,,,no_image
155467,Erynia triangularis,,,,,,,,no_image
137959,Erysiphe cleomes,,,,,,,,no_image
137979,Erysiphe gracilis,,,,,,,,no_image
9438,Erythraeus chinensis,,,,,,,,no_image
137999,Erysiphe mori,,,,,,,,no_image
138019,Erysiphe rorippae,,,,,,,,no_image
75869,Erythrogenys erythrocnemis,台湾斑胸钩嘴鹛,,,,,,,no_image
100576,Erythroxylum sinense,东方古柯,,,,,,,no_image
100548,Erythrina humeana,纳塔尔刺桐,,,,,,,no_image
75886,Esacus recurvirostris,大石鸻,,,,,,,no_image
3619,Esmeralda engebiense,恩盖人节螺,,,,,,,no_image
37247,Ethilla aemula,角逐拱瓣寄蝇,,,,,,,no_image
163,Etisus dentatus,齿形滑面蟹,,,,,,,no_image
37237,Estimata hirsuta,毛茹夜蛾,,,,,,,no_image
75904,Etmopterus splendidus,斯普兰汀乌鲨,,,,,,,no_image
37275,Euagathis sharkeyi,萨氏真径茧蜂,,,,,,,no_image
37282,Euaspis strandi,斯赤腹蜂,,,,,,,no_image
37255,Euaesthetus hammondi,,,,,,,,no_image
37300,Euborellia femoralis,环腿小肥螋,,,,,,,no_image
100612,Eucalyptus melliodora,蜜味桉,,,,,,,no_image
7278,Eucheilota paradoxica,奇异真唇水母,,,,,,,no_image
37312,Eucera discoidalis,黑唇长须蜂,,,,,,,no_image
18489,Euchlanis contorta,节趾须足轮虫,,,,,,,no_image
37334,Euchorthippus vittatus,条纹异爪蝗,,,,,,,no_image
5403,Eucidaris metularia,冠棘真头帕,,,,,,,no_image
2585,Euclosia unidentata,单齿岐玉蟹,,,,,,,no_image
37374,Euconnus microalishanicus,,,,,,,,no_image
100640,Eucosia viridiflora,开宝兰,,,,,,,no_image
37426,Eucyclodes sanguilineata,镶边彩青尺蛾,,,,,,,no_image
4775,Eucrate sulcatifrons,凹额强蟹,,,,,,,no_image
37434,Eudasyphora malaisei,中缅优毛蝇,,,,,,,no_image
7530,Eudendrium pusillum,细小真枝螅,,,,,,,no_image
7746,Eudoxoides macra,大真光母,,,,,,,no_image
37462,Eudocima cajeta,暗艳叶夜蛾,,,,,,,no_image
37480,Eudorylas hardyi,哈氏优头蝇,,,,,,,no_image
37507,Eugnorisma miniago,柔昭夜蛾,,,,,,,no_image
37528,Eugraphe obsoleta,隐图夜蛾,,,,,,,no_image
37547,Euhamitermes quadratceps,方头亮白蚁,,,,,,,no_image
37569,Euhybus sinensis,中华优驼舞虻,,,,,,,no_image
37588,Eulaceura osteria,耳蛱蝶,,,,,,,no_image
37592,Eulecanium circumfluum,津球蜡蚧,,,,,,,no_image
100663,Eulophia dabia,长距美冠兰,,,,,,,no_image
37615,Eulithis ledereri,流纹尺蛾,,,,,,,no_image
17006,Eumegacetes pipistrellus,伏翼粗盘吸虫,,,,,,,no_image
37640,Eumantispa harmandi,汉优螳蛉,,,,,,,no_image
37670,Eumerus odontotrochantus,齿转平颜蚜蝇,,,,,,,no_image
797,Eumunida funambulus,绒钳真刺铠虾,,,,,,,no_image
37692,Eunotus cretaceus,白垩蚧金小蜂,,,,,,,no_image
100713,Euonymus glaber,帽果卫矛,,,,,,,no_image
100691,Euonymus chengduanus,成都卫矛,,,,,,,no_image
100733,Euonymus maotaiensis,茅台卫矛,,,,,,,no_image
100755,Euonymus semenovii,中亚卫矛,,,,,,,no_image
100775,Euonymus wilsonii,长刺卫矛,,,,,,,no_image
37698,Eupachypeltis unicolor,单色真颈盲蝽,,,,,,,no_image
100784,Eupatorium heterophyllum,异叶泽兰,,,,,,,no_image
37718,Eupeodes flaviceps,黄斑优蚜蝇,,,,,,,no_image
75926,Eupetaurus tibetensis,西藏绒毛鼯鼠,,,,,,,no_image
100801,Euphorbia blepharophylla,睫毛大戟,,,,,,,no_image
100822,Euphorbia hirta,飞扬草,,,,,,,no_image
100842,Euphorbia makinoi,小叶大戟,,,,,,,no_image
100882,Euphorbia yanjinensis,盐津大戟,,,,,,,no_image
100862,Euphorbia schuganica,苏甘大戟,,,,,,,no_image
100884,Euphrasia amurensis,东北小米草,,,,,,,no_image
37771,Euphyia azonaria,束带游尺蛾,,,,,,,no_image
7473,Euphysora apiciloculifera,顶宝真囊水母,,,,,,,no_image
5845,Eupilumnus fragaria,草莓球真毛刺蟹,,,,,,,no_image
37803,Euplectrus laphygmae,夜蛾距小蜂,,,,,,,no_image
37822,Euplexia chlorerythra,黄绿锦夜蛾,,,,,,,no_image
37871,Eupoecilopoda liaoningensis,,,,,,,,no_image
37886,Euproctis bubalina,浅黄毒蛾,,,,,,,no_image
37835,Euploea camaralzeman,咖玛紫斑蝶,,,,,,,no_image
37906,Euproctis emeiensis,峨眉黄毒蛾,,,,,,,no_image
37926,Euproctis latifascia,油桐黄毒蛾,,,,,,,no_image
37946,Euproctis pentamaculata,五点黄毒蛾,,,,,,,no_image
37966,Euproctis tonkinensis,北部湾黄毒蛾,,,,,,,no_image
37986,Eupsilia transversa,槲犹冬夜蛾,,,,,,,no_image
100915,Eurhynchium kirishimense,扭尖美喙藓,,,,,,,no_image
38039,Euroleon parvus,小东蚁蛉,,,,,,,no_image
38003,Euracmaeops smaragdulus,,,,,,,,no_image
100930,Eurya bifidostyla,双柱柃,,,,,,,no_image
100956,Eurya hebeclados,微毛柃,,,,,,,no_image
100978,Eurya obliquifolia,斜基叶柃,,,,,,,no_image
101002,Eurya semiserrulata,半齿柃,,,,,,,no_image
4778,Euryale purpurea,紫蔓蛇尾,,,,,,,no_image
38056,Euryomma peregrinum,锈腹宽额厕蝇,,,,,,,no_image
38066,Eurysciara rostrata,喙宽眼蕈蚊,,,,,,,no_image
38092,Eusarima factiosa,筏美萨瓢蜡蝉,,,,,,,no_image
9596,Eurytetranychus recki,,,,,,,,no_image
38112,Eusarima rubricans,红美萨瓢蜡蝉,,,,,,,no_image
38130,Eusemion cornigerum,敛眼优赛跳小蜂,,,,,,,no_image
38149,Eusphalerum emeiense,,,,,,,,no_image
38169,Eusphalerum puetzi,,,,,,,,no_image
5627,Euspira pallida,苍白镰玉螺,,,,,,,no_image
38195,Eustrangalis latericollis,黑条真花天牛,,,,,,,no_image
38236,Eutamsia siderifera,斑尤夜蛾,,,,,,,no_image
38221,Eustrotia ozarbica,奥文夜蛾,,,,,,,no_image
38253,Eutetrapha lini,,,,,,,,no_image
38281,Euthalia formosana,台湾翠蛱蝶,,,,,,,no_image
38325,Eutheia gramme,,,,,,,,no_image
38348,Euthrix isocyma,赛纹枯叶蛾,,,,,,,no_image
6606,Euthyonidiella tungshanensis,东山真赛瓜参,,,,,,,no_image
12589,Eutittha submordax,近摩优列蛛,,,,,,,no_image
101048,Eutrema lowndesii,尼泊尔沟子荠,,,,,,,no_image
101068,Eutrema zhuxiense,竹溪山萮菜,,,,,,,no_image
16108,Eutrichodesmus soesilae,,,,,,,,no_image
38395,Eutrichota pamirensis,帕米尔叉泉蝇,,,,,,,no_image
144529,Eutypella arecae,,,,,,,,no_image
38418,Euxoa amorpha,瓯切夜蛾,,,,,,,no_image
38438,Euxoa sibirica,寒切夜蛾,,,,,,,no_image
38458,Evacanthus fatuus,黑额横脊叶蝉,,,,,,,no_image
38478,Evacanthus ruficostatus,红边横脊叶蝉,,,,,,,no_image
12748,Evarcha mongolica,蒙古猎蛛,,,,,,,no_image
135931,Everniastrum sorocheilum,粉芽条衣,,,,,,,no_image
38501,Evecliptopera decurrens,汇纹尺蛾,,,,,,,no_image
75971,Eviota sigillata,大印矶塘鳢,,,,,,,no_image
75981,Evynnis tumifrons,黄犁齿鲷(黄鲷),,,,,,,no_image
38527,Exallonyx brachygaster,短腹叉齿细蜂,,,,,,,no_image
38547,Exallonyx cuneatus,楔柄叉齿细蜂,,,,,,,no_image
38567,Exallonyx fulvicoxalis,褐黄基叉齿细蜂,,,,,,,no_image
38587,Exallonyx jugularis,脊颈叉齿细蜂,,,,,,,no_image
38607,Exallonyx maqii,马祁叉齿细蜂,,,,,,,no_image
38647,Exallonyx ruficornis,红角叉齿细蜂,,,,,,,no_image
38627,Exallonyx oligus,寡毛叉齿细蜂,,,,,,,no_image
38667,Exallonyx striopunctatus,条点叉齿细蜂,,,,,,,no_image
38687,Exallonyx wangi,汪氏叉齿细蜂,,,,,,,no_image
38702,Excentricus planicornis,黑粗角盲蝽,,,,,,,no_image
38712,Exechia melasa,黑色伊菌蚊,,,,,,,no_image
148851,Exidiopsis banlaensis,版纳拟黑耳,,,,,,,no_image
152847,Exobasidium kunmingense,,,,,,,,no_image
152867,Exobasidium tengchongense,,,,,,,,no_image
38741,Exocentrus formosofasciolatus,,,,,,,,no_image
38763,Exocentrus semiglaber,,,,,,,,no_image
101095,Exochorda racemosa,白鹃梅,,,,,,,no_image
38795,Exorista aureifrons,金额追寄蝇,,,,,,,no_image
6387,Exopheticus insignis,标志类声蟹,,,,,,,no_image
38815,Exorista laterosetosa,双侧追寄蝇,,,,,,,no_image
75987,Exostoma gaoligongense,高黎贡&#x0000E096;,,,,,,,no_image
134097,Exserohilum phragmitis,,,,,,,,no_image
38844,Eyprepocnemis hokutensis,短翅黑背蝗,,,,,,,no_image
101113,Fabronia curvirostris,弯喙碎米藓,,,,,,,no_image
101134,Fagopyrum tataricum,苦荞麦,,,,,,,no_image
101143,Falcataria falcata,南洋楹,,,,,,,no_image
76019,Falco vespertinus,西红脚隼,,,,,,,no_image
38880,Falsomesosella gardneri,,,,,,,,no_image
38901,Fannia alxaensis,阿拉善厕蝇,,,,,,,no_image
38921,Fannia davidianicornis,糜角厕蝇,,,,,,,no_image
38941,Fannia immaculata,无斑厕蝇,,,,,,,no_image
38961,Fannia maximiguttatus,巨斑厕蝇,,,,,,,no_image
38981,Fannia penesrena,似明厕蝇,,,,,,,no_image
39001,Fannia scutellaris,小盾厕蝇,,,,,,,no_image
39021,Fannia triangula,三角厕蝇,,,,,,,no_image
101162,Fargesia circinata,卷耳箭竹,,,,,,,no_image
101182,Fargesia frigidis,凋叶箭竹,,,,,,,no_image
101202,Fargesia nitida,华西箭竹,,,,,,,no_image
101222,Fargesia stenoclada,细枝箭竹,,,,,,,no_image
154948,Farysia butleri,巴特勒丝黑粉菌,,,,,,,no_image
39036,Faunis excelsa,大灰翅串珠环蝶,,,,,,,no_image
7307,Favia rotundata,罗图马蜂巢珊,,,,,,,no_image
147338,Favolaschia staudtii,伞胶孔,,,,,,,no_image
13633,Fecenia cylindrata,筒腹便蛛,,,,,,,no_image
39050,Felisacus longiceps,长头菲盲蝽,,,,,,,no_image
152800,Femsjonia minor,小胶杯耳,,,,,,,no_image
101253,Ferula canescens,灰色阿魏,,,,,,,no_image
39063,Fer bimaculiformis,二斑野蝗,,,,,,,no_image
101275,Ferula moschata,麝香阿魏,,,,,,,no_image
101294,Festuca changduensis,昌都羊茅,,,,,,,no_image
101316,Festuca kansuensis,甘肃羊茅,,,,,,,no_image
150860,Fibroporia vaillantii,纤维索孔菌,,,,,,,no_image
76054,Ficedula strophiata,橙胸姬鹟,,,,,,,no_image
101341,Festuca sibirica,西伯利亚羊茅,,,,,,,no_image
781,Ficus gracilis,长琵琶螺,,,,,,,no_image
101384,Ficus concinna,雅榕,,,,,,,no_image
101429,Ficus napoensis,那坡榕,,,,,,,no_image
101461,Ficus ruficaulis,红茎榕,,,,,,,no_image
101492,Ficus trivia,楔叶榕,,,,,,,no_image
39085,Filchnerella lanchowensis,兰州短鼻蝗,,,,,,,no_image
18536,Filinia minuta,微小三肢轮虫,,,,,,,no_image
101518,Fimbristylis aestivalis,夏飘拂草,,,,,,,no_image
101548,Fimbristylis kwantungensis,广东飘拂草,,,,,,,no_image
101570,Fimbristylis sieboldii,锈鳞飘拂草,,,,,,,no_image
101596,Fissidens angustifolius,单疣凤尾藓,,,,,,,no_image
39101,Fingulus ruficeps,红头亮盲蝽,,,,,,,no_image
101625,Fissidens geminiflorus,二形凤尾藓,,,,,,,no_image
101648,Fissidens osmundoides,欧洲凤尾藓,,,,,,,no_image
8766,Fissidentalium vicdani,宏凯缝角贝,,,,,,,no_image
101684,Fissistigma tientangense,天堂瓜馥木,,,,,,,no_image
76066,Fistularia commersonii,无鳞烟管鱼,,,,,,,no_image
7575,Flabellum japanicum,日本扇形珊瑚,,,,,,,no_image
148190,Flammula granulosa,,,,,,,,no_image
147713,Flammulina fennae,,,,,,,,no_image
39126,Flavina hainana,海南黄瓢蜡蝉,,,,,,,no_image
101698,Fleischerobryum longicolle,长柄藓,,,,,,,no_image
101731,Flickingeria calocephala,红头金石斛,,,,,,,no_image
101722,Flemingia vestita,旱地千斤拔,,,,,,,no_image
101740,Floribundaria intermedia,西南丝带藓,,,,,,,no_image
101748,Flueggea monticola,旱谷白饭树,,,,,,,no_image
101755,Folioceros verruculosus,细疣褐角苔,,,,,,,no_image
18800,Folsomia longdeica,,,,,,,,no_image
18877,Folsomides parvulus,,,,,,,,no_image
151256,Fomes chaperi,,,,,,,,no_image
151296,Fomes philippii,,,,,,,,no_image
151316,Fomes semiclausus,,,,,,,,no_image
150116,Fomitiporella inermis,,,,,,,,no_image
151276,Fomes koningsbergii,,,,,,,,no_image
150881,Fomitopsis castanea,,,,,,,,no_image
101764,Foonchewia coriacea,宽昭木,,,,,,,no_image
39165,Forcipomyia bikanni,拜氏铗蠓,,,,,,,no_image
39185,Forcipomyia concinna,美雅铗蠓,,,,,,,no_image
39205,Forcipomyia formosana,台湾铗蠓,,,,,,,no_image
39245,Forcipomyia magnasacculus,巨囊铗蠓,,,,,,,no_image
39225,Forcipomyia ignobilis,无名铗蠓,,,,,,,no_image
39265,Forcipomyia palustris,沼泽铗蠓,,,,,,,no_image
39285,Forcipomyia recussus,反响铗蠓,,,,,,,no_image
39325,Forcipula decolyi,素钳螋,,,,,,,no_image
101776,Fordiophyton repens,匍匐异药花,,,,,,,no_image
39305,Forcipomyia tortula,扭曲铗蠓,,,,,,,no_image
39347,Forficula lii,李氏球螋,,,,,,,no_image
39368,Forficus maculatus,黑斑剪索叶蝉,,,,,,,no_image
39398,Formosatettix platynotus,宽背台蚱,,,,,,,no_image
76083,Formosania lacustre,缨口台鳅,,,,,,,no_image
101784,Forsstroemia goughiana,短肋残齿藓,,,,,,,no_image
101801,Fosbergia shweliensis,瑞丽茜树,,,,,,,no_image
101807,Fragaria daltoniana,裂萼草莓,,,,,,,no_image
2184,Fragum unedo,莓实脊鸟蛤,,,,,,,no_image
154975,Franzpetrakia okudairae,薏苡皮特黑粉菌,,,,,,,no_image
101855,Fraxinus retusifoliolata,楷叶梣,,,,,,,no_image
101869,Fritillaria anhuiensis,安徽贝母,,,,,,,no_image
19219,Friesea japonica,,,,,,,,no_image
101894,Fritillaria ussuriensis,平贝母,,,,,,,no_image
39447,Frontopsylla diqingensis,迪庆额蚤,,,,,,,no_image
39487,Frontopsylla tuoliensis,托里额蚤,,,,,,,no_image
101908,Frullania benjaminiana,马来耳叶苔,,,,,,,no_image
101937,Frullania gaoligongensis,高黎贡耳叶苔,,,,,,,no_image
101961,Frullania lushanensis,庐山耳叶苔,,,,,,,no_image
101981,Frullania polyptera,多褶耳叶苔,,,,,,,no_image
39507,Fukienogomphus promineus,显著闽春蜓,,,,,,,no_image
102008,Frullania tubercularis,瘤萼耳叶苔,,,,,,,no_image
2162,Fulvia australis,澳洲薄壳鸟蛤,,,,,,,no_image
102028,Funaria hygrometrica,葫芦藓,,,,,,,no_image
150149,Fulvifomes minisporus,,,,,,,,no_image
7610,Fungia scutaria,元宝石芝珊瑚,,,,,,,no_image
39522,Furcula aeruginosa,铜燕尾舟蛾,,,,,,,no_image
142046,Fusarium compactum,,,,,,,,no_image
143006,Fusariella echinulata,,,,,,,,no_image
142066,Fusarium merismoides,,,,,,,,no_image
142086,Fusarium sulphureum,,,,,,,,no_image
150163,Fuscoporia laevigata,,,,,,,,no_image
137242,Fuscopannaria granulifera,,,,,,,,no_image
134258,Fusicladium cerasi,,,,,,,,no_image
76140,Fusigobius signipinnis,斑鳍纺锤鰕虎,,,,,,,no_image
39552,Gabrius contumax,,,,,,,,no_image
39572,Gabrius leigongshanus,,,,,,,,no_image
39593,Gabrius toxotes,,,,,,,,no_image
76143,Gadomus introniger,黑口鼠鳕,,,,,,,no_image
16805,Gagrella jianfeng,尖峰盾刺蛛,,,,,,,no_image
102063,Gagea terraccianoana,小顶冰花,,,,,,,no_image
102043,Gagea divaricata,叉梗顶冰花,,,,,,,no_image
12523,Gaiziapis zhizhuba,蜘蛛八盖子蛛,,,,,,,no_image
139966,Galactinia plebeia,,,,,,,,no_image
555,Galathea albatrossae,信天翁铠甲虾,,,,,,,no_image
102092,Galaxaura pacifica,太平洋乳节藻,,,,,,,no_image
76149,Galeocerdo cuvier,鼬鲨,,,,,,,no_image
146533,Galerina beinrothii,,,,,,,,no_image
146553,Galerina rubiginosa,,,,,,,,no_image
140867,Galiella japonica,日本盖尔盘菌,,,,,,,no_image
102151,Galium crassifolium,厚叶拉拉藤,,,,,,,no_image
102178,Galium linearifolium,线叶拉拉藤,,,,,,,no_image
102200,Galium taiwanense,台湾猪殃殃,,,,,,,no_image
76166,Gallinula chloropus,黑水鸡,,,,,,,no_image
149828,Galzinia incrustans,,,,,,,,no_image
76173,Gampsorhynchus torquatus,领鵙鹛,,,,,,,no_image
39623,Gampsocera albopilosa,白毛曲角秆蝇,,,,,,,no_image
6238,Gammaropsis laevipalmata,平掌拟钩虾,,,,,,,no_image
39665,Gangarides rufinus,淡红钩翅舟蛾,,,,,,,no_image
151354,Ganoderma avellaneum,,,,,,,,no_image
151374,Ganoderma chenghaiense,澄海灵芝,,,,,,,no_image
151394,Ganoderma flexipes,,,,,,,,no_image
151414,Ganoderma leytense,,,,,,,,no_image
151434,Ganoderma multipilea,,,,,,,,no_image
151454,Ganoderma praelongum,,,,,,,,no_image
151474,Ganoderma sessile,树芝,,,,,,,no_image
151494,Ganoderma theaecolum,,,,,,,,no_image
16719,Ganthela cipingensis,茨坪赣蛛,,,,,,,no_image
102242,Garcinia esculenta,山木瓜,,,,,,,no_image
102262,Garckea flexuosa,荷包藓,,,,,,,no_image
76176,Gargariscus prionocephalus,轮头鲂鮄,,,,,,,no_image
76185,Garra micropulvinus,小垫墨头鱼,,,,,,,no_image
3869,Gari truncata,截形紫云蛤,,,,,,,no_image
76216,Garrulax strepitans,白颈噪鹛,,,,,,,no_image
39688,Gasterophilus haemorrhoidalis,红尾胃蝇,,,,,,,no_image
102297,Gastrochilus acinacifolius,镰叶盆距兰,,,,,,,no_image
102317,Gastrochilus heminii,和民盆距兰,,,,,,,no_image
102357,Gastrochilus yunnanensis,云南盆距兰,,,,,,,no_image
102337,Gastrochilus platycalcaratus,滇南盆距兰,,,,,,,no_image
102395,Gastrodia shimizuana,叉脊天麻,,,,,,,no_image
102375,Gastrodia exianlingensis,俄贤岭天麻,,,,,,,no_image
39712,Gastropacha pardale,橘褐枯叶蛾,,,,,,,no_image
3076,Gastrosaccus parvus,小囊糠虾,,,,,,,no_image
39752,Gatzara decorilla,小华锦蚁蛉,,,,,,,no_image
102442,Gaultheria pyrolifolia,鹿蹄草叶白珠,,,,,,,no_image
39766,Gaurena aurofasciata,金篝波纹蛾,,,,,,,no_image
102417,Gaultheria griffithiana,尾叶白珠,,,,,,,no_image
39787,Gaurotina nigroantennata,,,,,,,,no_image
76234,Gavialiceps taiwanensis,台湾鳄头鳗,,,,,,,no_image
149853,Geastrum hariotii,皱嘴地星,,,,,,,no_image
149873,Geastrum striatum,褶皱地星,,,,,,,no_image
76249,Gekko fengshanensis,凤山壁虎,,,,,,,no_image
76269,Gekko similignum,海南壁虎,,,,,,,no_image
102485,Gelidocalamus kunishii,台湾矢竹,,,,,,,no_image
102462,Gelidiella acerosa,凝花菜,,,,,,,no_image
39809,Gelonaetha hirta,,,,,,,,no_image
76280,Genicanthus melanospilos,黑斑月蝶鱼,,,,,,,no_image
4256,Gemmula kieneri,凯蕾螺,,,,,,,no_image
39816,Genoneopsylla thyxanota,三角继新蚤,,,,,,,no_image
102525,Gentiana atropurpurea,黑紫龙胆,,,,,,,no_image
102573,Gentiana duclouxii,昆明龙胆,,,,,,,no_image
102549,Gentiana crassicaulis,粗茎秦艽,,,,,,,no_image
102595,Gentiana globosa,圆球龙胆,,,,,,,no_image
102639,Gentiana mailingensis,米林龙胆,,,,,,,no_image
102665,Gentiana officinalis,黄管秦艽,,,,,,,no_image
102615,Gentiana jingdongensis,景东龙胆,,,,,,,no_image
102686,Gentiana prattii,黄白龙胆,,,,,,,no_image
102717,Gentiana scabrifilamenta,毛蕊龙胆,,,,,,,no_image
102770,Gentiana trichotoma,三歧龙胆,,,,,,,no_image
102748,Gentiana subuliformis,钻萼龙胆,,,,,,,no_image
102799,Gentiana yiliangensis,彝良龙胆,,,,,,,no_image
102824,Gentianopsis paludosa,湿生扁蕾,,,,,,,no_image
39827,Geodromicus maderi,,,,,,,,no_image
134875,Geoglossum umbratile,荫蔽地舌菌,,,,,,,no_image
134855,Geoglossum fallax,假地舌菌,,,,,,,no_image
39852,Geometra sigaria,默青尺蛾,,,,,,,no_image
140465,Geopyxis korfii,柯夫地杯菌,,,,,,,no_image
102836,Geppella prolifera,杰氏藻,,,,,,,no_image
140447,Geopora herinkii,,,,,,,,no_image
102876,Geranium rubifolium,红叶老鹳草,,,,,,,no_image
102856,Geranium linearilobum,球根老鹳草,,,,,,,no_image
39874,Geranomyia contrita,碎长唇大蚊,,,,,,,no_image
39892,Gerenia intermedia,间点翅蝗,,,,,,,no_image
39909,Gerosis phisara,匪夷捷弄蝶,,,,,,,no_image
147121,Gerronema marchantiae,,,,,,,,no_image
142092,Gibberella baccata,,,,,,,,no_image
8901,Ghilarovus humerideus,肩格氏甲螨,,,,,,,no_image
8361,Gigantione liagorae,斗蟹巨鳃虱,,,,,,,no_image
39945,Gibbotettix emeiensis,峨眉驼背蚱,,,,,,,no_image
155599,Gigaspora coralloidea,冠状巨孢囊霉,,,,,,,no_image
39950,Ginshachia baenzigeri,贝锦舟蛾,,,,,,,no_image
102923,Glabrella mihieri,光叶苣苔,,,,,,,no_image
102927,Glaphyropteridopsis eriocarpa,毛囊方秆蕨,,,,,,,no_image
102942,Gleadovia ruborum,藨寄生,,,,,,,no_image
76318,Glareola nordmanni,黑翅燕鸻,,,,,,,no_image
102966,Glehnia littoralis,珊瑚菜,,,,,,,no_image
39990,Glenea diana,,,,,,,,no_image
40011,Glenea langana,,,,,,,,no_image
40061,Glenea subregularis,,,,,,,,no_image
40034,Glenea papiliomaculata,,,,,,,,no_image
40080,Glenochrysa guangzhouensis,广州璃草蛉,,,,,,,no_image
139746,Globopilea phlebophora,,,,,,,,no_image
102972,Globba depingiana,德平舞花姜,,,,,,,no_image
102991,Glochidion kusukusense,台湾算盘子,,,,,,,no_image
103011,Glochidion triandrum,里白算盘子,,,,,,,no_image
149884,Gloeophyllum abietinum,冷杉粘褶菌,,,,,,,no_image
137907,Gloeosporium laeticolor,,,,,,,,no_image
154738,Glomosporium amaranthi,,,,,,,,no_image
155664,Glomus citricola,柑桔球囊霉,,,,,,,no_image
155704,Glomus halonatum,晕环球囊霉,,,,,,,no_image
155684,Glomus etunicatus,幼套球囊霉,,,,,,,no_image
155724,Glomus melanosporus,,,,,,,,no_image
155744,Glomus pustulatum,具疱球囊霉,,,,,,,no_image
155764,Glomus verruculosum,疣壁球囊霉,,,,,,,no_image
76343,Glossogobius giuris,舌鰕虎,,,,,,,no_image
103026,Glossadelphus similans,爪哇扁锦藓,,,,,,,no_image
76362,Gloydius strauchi,高原蝮,,,,,,,no_image
3580,Glycera rouxii,中锐吻沙蚕,,,,,,,no_image
3275,Glycinde oligodon,寡甘吻沙蚕,,,,,,,no_image
136860,Glyphis medusulina,,,,,,,,no_image
1847,Glycymeris albolineata,白纹蚶蜊,,,,,,,no_image
16075,Glyphiulus liangshanensis,凉山雕马陆,,,,,,,no_image
103078,Glyphomitrium warburgii,东亚高领藓,,,,,,,no_image
16060,Glyphiulus sinensis,华雕马陆,,,,,,,no_image
103083,Glyptopetalum fengii,海南沟瓣木,,,,,,,no_image
40111,Glyptotendipes viridis,绿雕翅摇蚊,,,,,,,no_image
76395,Glyptothorax zanaensis,扎那纹胸&#x0000E065;,,,,,,,no_image
40131,Glyptotermes limulingensis,黎母岭树白蚁,,,,,,,no_image
76375,Glyptothorax dorsalis,似亮背纹胸&#x0000E065;,,,,,,,no_image
13662,Gnaphosa fagei,费氏平腹蛛,,,,,,,no_image
13682,Gnaphosa songi,宋氏平腹蛛,,,,,,,no_image
40163,Gnaptorina lii,李氏小琵甲,,,,,,,no_image
76402,Gnathophis heterognathos,异颌颌吻鳗,,,,,,,no_image
40183,Gnatholea subnuda,,,,,,,,no_image
103111,Gnetum gnemon,显轴买麻藤,,,,,,,no_image
40210,Gnezdilovius lineatus,线格氏瓢蜡蝉,,,,,,,no_image
40230,Gnezdilovius unicolor,素格氏瓢蜡蝉,,,,,,,no_image
40244,Gnypeta beijingensis,,,,,,,,no_image
76417,Gobio meridionalis,南方&#x0000E068;,,,,,,,no_image
76437,Gobiodon fulvus,黄褐叶鰕虎,,,,,,,no_image
103122,Goldbachia pendula,垂果四棱荠,,,,,,,no_image
103139,Gollania turgens,密枝粗枝藓,,,,,,,no_image
103143,Gomphandra tetrandra,粗丝木,,,,,,,no_image
76449,Gomphosus varius,杂色尖嘴鱼,,,,,,,no_image
40284,Gonepteryx mahaguru,尖钩粉蝶,,,,,,,no_image
40270,Gomphoceroides albomarginis,白边拟槌角蝗,,,,,,,no_image
14043,Gongylidioides onoi,小野圆胸蛛,,,,,,,no_image
3281,Goniada emerita,角吻沙蚕,,,,,,,no_image
40332,Gonioctena nigroplagiata,细点角胫叶甲,,,,,,,no_image
40312,Gonioctena altimontana,高原角胫叶甲,,,,,,,no_image
40350,Goniogryllus bomicus,波密哑蟋,,,,,,,no_image
40363,Gonioneura xinjiangensis,新疆寡小粪蝇,,,,,,,no_image
103211,Goniothalamus donnaiensis,田方骨,,,,,,,no_image
40364,Goniophthalmus frontoides,拟宽额贡寄蝇,,,,,,,no_image
76457,Goniurosaurus kwangsiensis,广西睑虎,,,,,,,no_image
3355,Gonodactylaceus falcatus,镰状独指虾蛄,,,,,,,no_image
40386,Gonomyia angulifera,蛇形祖大蚊,,,,,,,no_image
40406,Gonomyia parvispinosa,小刺祖大蚊,,,,,,,no_image
76470,Gonyosoma frenatum,灰腹绿锦蛇,,,,,,,no_image
103243,Goodyera pusilla,小小斑叶兰,,,,,,,no_image
5413,Gorgonocephalus dolichodactylus,长枝筐蛇尾,,,,,,,no_image
103263,Gossypium hirsutum,陆地棉,,,,,,,no_image
103286,Gracilaria firma,硬江蓠,,,,,,,no_image
40431,Grahamomyia bicellula,双室钩大蚊,,,,,,,no_image
40429,Gracilia minuta,,,,,,,,no_image
40446,Grammographus taiwanensis,,,,,,,,no_image
6271,Grandidierella gilesi,毛大螯蜚,,,,,,,no_image
136863,Graphina erythrella,红霜盘衣,,,,,,,no_image
136881,Graphis aperiens,裸文字衣,,,,,,,no_image
136901,Graphis endophaea,,,,,,,,no_image
136921,Graphis kelungana,基隆文字衣,,,,,,,no_image
144225,Graphium indicum,,,,,,,,no_image
136941,Graphis radiata,,,,,,,,no_image
1452,Graphonema amokurae,阿木线条线虫,,,,,,,no_image
40510,Graptomyza multiseta,多鬃缺伪蚜蝇,,,,,,,no_image
103322,Grateloupia fastigiata,帚状蜈蚣藻,,,,,,,no_image
103342,Gratiola officinalis,新疆水八角,,,,,,,no_image
103354,Grewia cuspidatoserrata,尖齿扁担杆,,,,,,,no_image
103374,Griffithsia coacta,联结凋毛藻,,,,,,,no_image
103393,Grimmia laevigata,阔叶紫萼藓,,,,,,,no_image
103409,Grona griffithiana,疏果假地豆,,,,,,,no_image
40528,Grylloblattella cheni,陈氏西蛩蠊,,,,,,,no_image
143027,Guepinia helvelloides,桂花耳,,,,,,,no_image
131854,Guignardia cocogena,,,,,,,,no_image
103438,Guilandina bonduc,鹰叶刺,,,,,,,no_image
76524,Gunnellichthys curiosus,眼带鳚鰕虎,,,,,,,no_image
135420,Gyalecta foveolaris,小孔凹盘衣,,,,,,,no_image
103441,Gymnaconitum gymnandrum,露蕊乌头,,,,,,,no_image
76528,Gymnapogon annona,无斑裸天竺鲷,,,,,,,no_image
103461,Gymnocarpium jessoense,羽节蕨,,,,,,,no_image
76535,Gymnocranius grandoculis,蓝线裸顶鲷,,,,,,,no_image
135639,Gymnoderma coccocarpum,圆盘衣,,,,,,,no_image
137804,Gymnomitrula abietis,,,,,,,,no_image
146575,Gymnopilus depressus,,,,,,,,no_image
146595,Gymnopilus pulchrifolius,,,,,,,,no_image
40599,Gymnopternus dorsalis,背芒行脉长足虻,,,,,,,no_image
40619,Gymnopternus pingbianensis,屏边行脉长足虻,,,,,,,no_image
147564,Gymnopus castaneus,,,,,,,,no_image
40642,Gymnosoma rotundatum,普通球腹寄蝇,,,,,,,no_image
147584,Gymnopus odorus,,,,,,,,no_image
153198,Gymnosporangium corniforme,困惑胶锈,,,,,,,no_image
103498,Gymnosporia jinyangensis,金阳裸实,,,,,,,no_image
153218,Gymnosporangium sabinae,,,,,,,,no_image
76567,Gymnothorax albimarginatus,白缘裸胸鳝,,,,,,,no_image
76587,Gymnothorax minor,小裸胸鳝,,,,,,,no_image
76607,Gymnothorax taiwanensis,台湾裸胸鳝,,,,,,,no_image
40654,Gynacantha subinterrupta,细腰长尾蜓,,,,,,,no_image
103531,Gynostemma longipes,长梗绞股蓝,,,,,,,no_image
76623,Gyps fulvus,兀鹫,,,,,,,no_image
103568,Gypsophila spinosa,刺序石头花,,,,,,,no_image
103575,Gyrocheilos microtrichus,微毛圆唇苣苔,,,,,,,no_image
139698,Gyromitra ambigua,含糊鹿花菌,,,,,,,no_image
40682,Gyrophaena anatis,,,,,,,,no_image
40702,Gyrophaena cristifera,,,,,,,,no_image
40722,Gyrophaena gonggana,,,,,,,,no_image
40742,Gyrophaena monospina,,,,,,,,no_image
40762,Gyrophaena pluridenticulata,,,,,,,,no_image
40782,Gyrophaena sinoplicatella,,,,,,,,no_image
40802,Gyrophaena vulnerata,,,,,,,,no_image
149452,Gyroporus malesicus,马来西亚圆孔牛肝菌,,,,,,,no_image
103589,Habenaria arietina,毛瓣玉凤花,,,,,,,no_image
103609,Habenaria humidicola,湿地玉凤花,,,,,,,no_image
103629,Habenaria plurifoliata,莲座玉凤花,,,,,,,no_image
40814,Habrocerus bisetosus,,,,,,,,no_image
40832,Habropoda omeiensis,峨眉回条蜂,,,,,,,no_image
40865,Habrosyne violacea,银华波纹蛾,,,,,,,no_image
40872,Hadena confusa,斑盗夜蛾,,,,,,,no_image
40892,Haderonia tancrei,贪蓬夜蛾,,,,,,,no_image
4287,Haedropleura pygmaea,派氏羊肋螺,,,,,,,no_image
40914,Haematopota antennata,触角麻虻,,,,,,,no_image
40934,Haematopota hanzhongensis,汉中麻虻,,,,,,,no_image
40954,Haematopota pallens,苍白麻虻,,,,,,,no_image
40974,Haematopota subkoryoensis,亚朝鲜麻虻,,,,,,,no_image
152571,Haematostereum sanguinolentum,血革菌,,,,,,,no_image
41002,Hagapteryx sugii,杉怪舟蛾,,,,,,,no_image
103658,Hainanecio hainanensis,海南菊,,,,,,,no_image
12003,Hahnia himalayaensis,喜马拉雅栅蛛,,,,,,,no_image
76641,Halcyon pileata,蓝翡翠,,,,,,,no_image
76648,Haliaeetus humilis,渔雕,,,,,,,no_image
76665,Halichoeres bleekeri,布氏海猪鱼,,,,,,,no_image
3533,Haliclona scyphanoides,小杯蜂海绵,,,,,,,no_image
2509,Halichondria aplysinoides,秽色软海绵,,,,,,,no_image
76695,Halieutopsis nudiventer,裸腹拟棘茄鱼,,,,,,,no_image
103692,Halimione verrucifera,疣苞合滨藜,,,,,,,no_image
147532,Halocyphina villosa,,,,,,,,no_image
41019,Halme atrocoerulea,,,,,,,,no_image
10740,Halopteris diaphana,透明海翼羽螅,,,,,,,no_image
103715,Haloxylon persicum,白梭梭,,,,,,,no_image
41055,Halticus apterus,圆跳盲蝽,,,,,,,no_image
103722,Hamatocaulis vernicosus,钩茎藓,,,,,,,no_image
153366,Hamaspora sinica,中国戟孢锈菌,,,,,,,no_image
103725,Hampeella pallens,汉氏藓,,,,,,,no_image
103739,Handeliobryum sikkimense,拟厚边藓,,,,,,,no_image
144719,Hansfordia pallens,,,,,,,,no_image
143031,Haplobasidion thalictri,,,,,,,,no_image
41085,Haplodiplatys similis,相单突丝尾螋,,,,,,,no_image
13732,Haplodrassus tegulatus,盾单蛛,,,,,,,no_image
103763,Haplophyllum acutifolium,大叶芸香,,,,,,,no_image
103779,Haplopteris sikkimensis,锡金书带蕨,,,,,,,no_image
41111,Haplothrips ganglbaueri,草皮简管蓟马,,,,,,,no_image
41123,Harmalia cordata,心突淡肩飞虱,,,,,,,no_image
1012,Harmotho&#235; liaoi,廖氏哈鳞虫,,,,,,,no_image
76721,Harpiola isodon,金芒蝠,,,,,,,no_image
76718,Harpadon microchir,短臂龙头鱼,,,,,,,no_image
41150,Harpyia asymmetria,异瓣枝背舟蛾,,,,,,,no_image
143776,Harzia acremonioides,,,,,,,,no_image
9441,Hauptmannia yanlingica,,,,,,,,no_image
41198,Hebecnema coronata,冠状毛膝蝇,,,,,,,no_image
146615,Hebeloma crustuliniforme,大毒粘滑菇,,,,,,,no_image
146635,Hebeloma sinuosum,荷叶滑锈伞,,,,,,,no_image
76752,Hebius youjiangensis,右江腹链蛇,,,,,,,no_image
76732,Hebius jingdongensis,景东腹链蛇,,,,,,,no_image
16028,Hedinomorpha crassiterga,,,,,,,,no_image
41222,Hedya gratiana,川广翅小卷蛾,,,,,,,no_image
103848,Hedychium viridibracteatum,绿苞姜花,,,,,,,no_image
103822,Hedychium forrestii,圆瓣姜花,,,,,,,no_image
103874,Hedyotis capituligera,败酱耳草,,,,,,,no_image
103894,Hedyotis lineata,东亚耳草,,,,,,,no_image
103914,Hedyotis pulcherrima,艳丽耳草,,,,,,,no_image
103934,Hedysarum algidum,块茎岩黄芪,,,,,,,no_image
103959,Hedysarum inundatum,湿地岩黄芪,,,,,,,no_image
103982,Hedysarum setosum,刚毛岩黄芪,,,,,,,no_image
149150,Heimiella nigricans,黑圆花孢牛肝菌,,,,,,,no_image
41239,Heizmannia lii,李氏领蚊,,,,,,,no_image
76757,Helcogramma hudsoni,赫氏弯线鳚,,,,,,,no_image
7382,Helgicirraha medusifera,水虫侧丝水母,,,,,,,no_image
104017,Helicia grandis,大山龙眼,,,,,,,no_image
153041,Helicobasidium purpureum,紫卷担菌,,,,,,,no_image
41272,Helicophagella dreyfusi,德氏黑麻蝇,,,,,,,no_image
104047,Helicteres plebeja,矮山芝麻,,,,,,,no_image
41282,Helina alea,炽阳蝇,,,,,,,no_image
41322,Helina calceicerca,履叶阳蝇,,,,,,,no_image
41302,Helina ateritegula,黑肩阳蝇,,,,,,,no_image
41342,Helina daxinganlingensis,大兴安岭阳蝇,,,,,,,no_image
41362,Helina eurymetopa,广额阳蝇,,,,,,,no_image
41382,Helina gyirongensis,吉隆阳蝇,,,,,,,no_image
41402,Helina kangdingensis,康定阳蝇,,,,,,,no_image
41422,Helina luyashanensis,芦芽山阳蝇,,,,,,,no_image
41442,Helina montana,山阳蝇,,,,,,,no_image
41462,Helina pedana,短叶阳蝇,,,,,,,no_image
41482,Helina sarmentosa,长鬃阳蝇,,,,,,,no_image
41502,Helina sterniteoacaena,板刺阳蝇,,,,,,,no_image
41522,Helina taibaishanensis,太白山阳蝇,,,,,,,no_image
41542,Helina zhangi,张氏阳蝇,,,,,,,no_image
13035,Heliophanus lineiventris,线腹闪蛛,,,,,,,no_image
147127,Heliomyces caryotae,,,,,,,,no_image
41590,Heliosia rufa,红阳苔蛾,,,,,,,no_image
41601,Helius anaemicus,萎光大蚊,,,,,,,no_image
41621,Helius tienmuanus,天目光大蚊,,,,,,,no_image
104090,Helminthocladia yendoana,叉枝蠕枝藻,,,,,,,no_image
133752,Helminthosporium solani,,,,,,,,no_image
41636,Helophilus hybridus,杂色条胸蚜蝇,,,,,,,no_image
138293,Helotium cyathoideum,杯状柔膜菌,,,,,,,no_image
41648,Helorus heilongjiangensis,黑龙江柄腹细蜂,,,,,,,no_image
138313,Helotium lutescens,,,,,,,,no_image
138333,Helotium testaceum,,,,,,,,no_image
139761,Helvella coccinea,,,,,,,,no_image
139781,Helvella glutinosa,黏马鞍菌,,,,,,,no_image
139801,Helvella maculata,斑点马鞍菌,,,,,,,no_image
139821,Helvella taiyuanensis,太原马鞍菌,,,,,,,no_image
41657,Hemerobius atrifrons,黑额褐蛉,,,,,,,no_image
41677,Hemerobius poppii,波褐蛉,,,,,,,no_image
41686,Hemerodromia digitata,指突螳舞虻,,,,,,,no_image
4821,Hemiaegina minuta,小半麦杆虫,,,,,,,no_image
104138,Hemiboea flaccida,毛果半蒴苣苔,,,,,,,no_image
104162,Hemiboea pingbianensis,屏边半蒴苣苔,,,,,,,no_image
41709,Hemicentrus cornutus,长盾二刺角蝉,,,,,,,no_image
76799,Hemidactylus platyurus,宽尾蜥虎（蝎尾蜥虎）,,,,,,,no_image
104183,Hemilophia cardiocarpa,心果半脊荠,,,,,,,no_image
660,Hemigrapsus penicillatus,绒螯近方蟹,,,,,,,no_image
76814,Hemimyzon sheni,沈氏间吸鳅,,,,,,,no_image
41751,Hemipenthes morio,桑斑翅蜂虻,,,,,,,no_image
76823,Hemiphyllodactylus gengmaensis,耿马半叶趾虎,,,,,,,no_image
104194,Hemipilia brevicalcarata,小花舌喙兰,,,,,,,no_image
41768,Hemiptarsenus tianshuiensis,天水长柄姬小蜂,,,,,,,no_image
41775,Hemisphaerius bimaculatus,双斑球瓢蜡蝉,,,,,,,no_image
41795,Hemistola dijuncta,粉无缰青尺蛾,,,,,,,no_image
136961,Hemithecium implicatum,交织半实衣,,,,,,,no_image
41815,Hemistola tenuilinea,细线无缰青尺蛾,,,,,,,no_image
104226,Hemsleya emeiensis,峨眉雪胆,,,,,,,no_image
41829,Hemyda deqinensis,德钦何寄蝇,,,,,,,no_image
104275,Henckelia fruticola,灌丛汉克苣苔,,,,,,,no_image
104295,Henckelia speciosa,美丽汉克苣苔,,,,,,,no_image
41838,Hendrella winnertzii,五楔亨实蝇,,,,,,,no_image
143039,Henningsomyces minimus,微小哈宁管菌,,,,,,,no_image
41870,Hepialus jianchuanensis,剑川蝠蛾,,,,,,,no_image
41850,Hepialus alticola,德格蝠蛾,,,,,,,no_image
41890,Hepialus xigazeensis,日喀则蝠蛾,,,,,,,no_image
5175,Heptacarpus rectirostris,直额七腕虾,,,,,,,no_image
104325,Heptapleurum khasianum,扁盘鹅掌柴,,,,,,,no_image
104344,Heracleum candicans,白亮独活,,,,,,,no_image
104370,Heracleum vicinum,平截独活,,,,,,,no_image
104387,Herbertus longifissus,长肋剪叶苔,,,,,,,no_image
41921,Hercostomus apiculus,端寡长足虻,,,,,,,no_image
41941,Hercostomus chiaiensis,嘉义寡长足虻,,,,,,,no_image
41981,Hercostomus filiformis,丝须寡长足虻,,,,,,,no_image
41961,Hercostomus dayaoshanensis,大瑶山寡长足虻,,,,,,,no_image
42001,Hercostomus henanus,河南寡长足虻,,,,,,,no_image
42041,Hercostomus longyuwanensis,龙峪湾寡长足虻,,,,,,,no_image
42021,Hercostomus jingpingensis,金平寡长足虻,,,,,,,no_image
42061,Hercostomus nudiusculus,裸端寡长足虻,,,,,,,no_image
42081,Hercostomus qinlingensis,秦岭寡长足虻,,,,,,,no_image
42101,Hercostomus spatiosus,粗叶寡长足虻,,,,,,,no_image
42121,Hercostomus ventralis,腹毛寡长足虻,,,,,,,no_image
152031,Hericium coralloides,珊瑚状猴头菌,,,,,,,no_image
42141,Herdonia acaresa,姬绢网蛾,,,,,,,no_image
6624,Hermania infantilis,幼赫壳蛞蝓,,,,,,,no_image
42161,Herminia tarsicrinalis,灰长须夜蛾,,,,,,,no_image
104416,Herminium souliei,宽萼角盘兰,,,,,,,no_image
42178,Hermonassa finitima,铭狭翅夜蛾,,,,,,,no_image
42198,Hermonassa penna,利狭翅夜蛾,,,,,,,no_image
104422,Herniaria glabra,治疝草,,,,,,,no_image
104424,Herpetineuron acutifolium,尖叶羊角藓,,,,,,,no_image
104439,Herzogiella renitens,残齿长灰藓,,,,,,,no_image
104436,Herposiphonia subdisticha,二列爬管藻,,,,,,,no_image
42239,Hesperophanes heydeni,,,,,,,,no_image
42259,Hesperus gracilantennatus,,,,,,,,no_image
42286,Heteralonia nigripilosa,乌陇蜂虻,,,,,,,no_image
104448,Hetaeria affinis,滇南翻唇兰,,,,,,,no_image
790,Heterocentrotus mammillatus,石笔海胆,,,,,,,no_image
148880,Heterochaete tenuicula,木腐病,,,,,,,no_image
135294,Heterodermia orientalis,东方哑铃孢,,,,,,,no_image
42298,Heterocypha vitrinella,印度隐鼻蟌,,,,,,,no_image
42308,Heteroglenea nigromaculata,,,,,,,,no_image
104463,Heteropanax brevipedicellatus,短梗幌伞枫,,,,,,,no_image
42339,Heterophleps clarivenata,脉异翅尺蛾,,,,,,,no_image
3000,Heteromysis inflaticauda,胖尾异糠虾,,,,,,,no_image
4773,Heteroplax transversa,横异背蟹,,,,,,,no_image
13365,Heteropoda tetrica,狂放巨蟹蛛,,,,,,,no_image
42352,Heteropsilopus yunnanensis,云南曲脉长足虻,,,,,,,no_image
104500,Heteroscyphus splendens,亮叶异萼苔,,,,,,,no_image
104509,Heterostemma esquirolii,贵州醉魂藤,,,,,,,no_image
10715,Heterotiara anonyma,隐异形水母,,,,,,,no_image
42395,Hexafrenum hainanensis,海南异齿舟蛾,,,,,,,no_image
42442,Hexatoma kiangsiana,江西锦大蚊,,,,,,,no_image
76915,Hexanchus nakamurai,中村氏六鳃鲨,,,,,,,no_image
42422,Hexatoma celestissima,青锦大蚊,,,,,,,no_image
42484,Hexatoma submorosa,苏比锦大蚊,,,,,,,no_image
42462,Hexatoma omeiana,峨眉锦大蚊,,,,,,,no_image
42501,Heydenia testacea,黄褐长胸肿腿金小蜂,,,,,,,no_image
104536,Hibiscus lobatus,草木槿,,,,,,,no_image
104563,Hieracium morii,倒尖山柳菊,,,,,,,no_image
42528,Hilara huangjijie,黄基节喜舞虻,,,,,,,no_image
42548,Hilarella stictica,点斑喜蜂麻蝇,,,,,,,no_image
42508,Hilara acutata,尖须喜舞虻,,,,,,,no_image
42552,Himacerus assamensis,阿萨姆希姬蝽,,,,,,,no_image
104594,Himalayacalamus collaris,颈鞘筱竹,,,,,,,no_image
76929,Himantura undulata,波缘窄尾魟,,,,,,,no_image
16578,Hippasa agelenoides,类漏马蛛,,,,,,,no_image
76941,Hippocampus histrix,刺海马,,,,,,,no_image
104610,Hippolytia kaschgarica,贺兰山女蒿,,,,,,,no_image
76951,Hipposideros armiger,大蹄蝠,,,,,,,no_image
104640,Hiptage fraxinifolia,白蜡叶风筝果,,,,,,,no_image
42592,Hirashimanymus schistodactyroides,,,,,,,,no_image
42611,Hirtodrosophila longecrinita,长毛毛果蝇,,,,,,,no_image
142186,Hirsutella thompsonii,,,,,,,,no_image
17433,Hirtomurex oyamai,小山花仙螺,,,,,,,no_image
42639,Hispellinus moerens,瘤鞘尖爪铁甲,,,,,,,no_image
42656,Hister sibiricus,西伯利亚阎甲,,,,,,,no_image
13717,Hitobia tengchong,腾冲希托蛛,,,,,,,no_image
147777,Hohenbuehelia approximans,,,,,,,,no_image
147797,Hohenbuehelia portegna,,,,,,,,no_image
104694,Holcus lanatus,绒毛草,,,,,,,no_image
17656,Holcauchen hyacinthi,黑氏沟颈螺,,,,,,,no_image
42686,Holochlora minor,小绿螽,,,,,,,no_image
42698,Hololepta laevigata,亮扁阎甲,,,,,,,no_image
42714,Holorusia ignicaudata,异色棘膝大蚊,,,,,,,no_image
3235,Holothuria arenicola,沙海参,,,,,,,no_image
3237,Holothuria ocellata,网目海参,,,,,,,no_image
42738,Homaeotarsus koltzei,,,,,,,,no_image
42746,Homalota sauteri,,,,,,,,no_image
104723,Homalium kwangsiense,广西天料木,,,,,,,no_image
42762,Homaloxestis hesperis,夕素祝蛾,,,,,,,no_image
76999,Homatula microcephala,小头副鳅,,,,,,,no_image
18980,Homidia fascia,,,,,,,,no_image
18989,Homidia pseudofascia,,,,,,,,no_image
42784,Homoeusa prolongata,,,,,,,,no_image
18966,Homidia xianjuensis,,,,,,,,no_image
16858,Homolophus tibetanus,西藏同盲蛛,,,,,,,no_image
42822,Homoneura beckeri,贝氏同脉缟蝇,,,,,,,no_image
42842,Homoneura convergens,聚突同脉缟蝇,,,,,,,no_image
42802,Homolobus rufiventralis,红腹滑茧蜂,,,,,,,no_image
42862,Homoneura dongae,董氏新同脉缟蝇,,,,,,,no_image
42882,Homoneura guizhouensis,贵州同脉缟蝇,,,,,,,no_image
42902,Homoneura latifrons,侧额同脉缟蝇,,,,,,,no_image
42922,Homoneura nigrantennata,黑角同脉缟蝇,,,,,,,no_image
42942,Homoneura procerula,微突同脉缟蝇,,,,,,,no_image
42962,Homoneura subulifera,锥茎同脉缟蝇,,,,,,,no_image
43001,Homoporus japonicus,日本类金小蜂,,,,,,,no_image
42982,Homoneura variipennis,异翅分鬃同脉缟蝇,,,,,,,no_image
77012,Hongshuia banmo,板么红水河鲮,,,,,,,no_image
43014,Hoplandria carinella,,,,,,,,no_image
43030,Hoplitis loboclypeata,叶唇拟孔蜂,,,,,,,no_image
77025,Hoplobrotula armata,棘鼬鳚,,,,,,,no_image
43062,Hoplosathe kozlovi,科氏斑翅剑虻,,,,,,,no_image
43099,Horisme eurytera,幻界尺蛾,,,,,,,no_image
104781,Hordeum brevisubulatum,短芒大麦草,,,,,,,no_image
104807,Hornungia procumbens,薄果荠,,,,,,,no_image
43075,Horaeomorphus hainanicus,,,,,,,,no_image
5312,Hormomya sinensis,中华索贻贝,,,,,,,no_image
43147,Howarthia melli,苹果何华灰蝶,,,,,,,no_image
43143,Hospitalitermes jinghongensis,景洪须白蚁,,,,,,,no_image
104850,Hoya lanceolata,披针叶球兰,,,,,,,no_image
104870,Hoya ovalifolia,卵叶球兰,,,,,,,no_image
77055,Hozukius emblemarius,眶棘鲉,,,,,,,no_image
104900,Huchimingia weizhii,韦直启明豆,,,,,,,no_image
140483,Humaria crucipila,,,,,,,,no_image
140503,Humaria rubens,红土盘菌,,,,,,,no_image
140523,Humarina aggregata,,,,,,,,no_image
144448,Humicola pallescens,,,,,,,,no_image
104917,Huperzia chishuiensis,赤水石杉,,,,,,,no_image
43171,Hyadina sauteri,沙特晶水蝇,,,,,,,no_image
104939,Huperzia rubicaulis,红茎石杉,,,,,,,no_image
154452,Hyalopsora yunnanensis,云南明痂锈,,,,,,,no_image
3423,Hyalonema apertum,有控拂子介,,,,,,,no_image
138478,Hyaloscypha pteridina,,,,,,,,no_image
4638,Hyastenus aries,公羊互敬蟹,,,,,,,no_image
43196,Hybolasioptera fasciata,黑麦弯毛瘿蚊,,,,,,,no_image
43216,Hybomitra chentangensis,陈塘瘤虻,,,,,,,no_image
43236,Hybomitra koidzumii,柯氏瘤虻,,,,,,,no_image
43256,Hybomitra nitelofaciata,亮脸瘤虻,,,,,,,no_image
43276,Hybomitra stigmoptera,翅痣瘤虻,,,,,,,no_image
43296,Hybos anae,安氏驼舞虻,,,,,,,no_image
43356,Hybos joneensis,卓尼驼舞虻,,,,,,,no_image
43336,Hybos geniculatus,螺旋驼舞虻,,,,,,,no_image
43316,Hybos chinensis,中华驼舞虻,,,,,,,no_image
43376,Hybos nanlingensis,南岭驼舞虻,,,,,,,no_image
43396,Hybos shuwenae,淑文驼舞虻,,,,,,,no_image
43416,Hybos xishuangbannaensis,西双版纳驼舞虻,,,,,,,no_image
2080,Hydatina zonata,黑带泡螺,,,,,,,no_image
139974,Hydnobolites baodingensis,,,,,,,,no_image
7666,Hydnophora bonsai,伯氏刺柄珊瑚,,,,,,,no_image
43446,Hydraecia mongoliensis,蒙角剑夜蛾,,,,,,,no_image
149760,Hydnum erinaceus,猬状齿菌,,,,,,,no_image
104974,Hydrangea kwangtungensis,广东绣球,,,,,,,no_image
43448,Hydrelia bicauliata,双柄水尺蛾,,,,,,,no_image
43469,Hydrelia rufigrisea,黄灰水尺蛾,,,,,,,no_image
77065,Hydrobates monorhis,黑叉尾海燕,,,,,,,no_image
43490,Hydrellia sarahae,,,,,,,,no_image
147131,Hydropus fuliginarius,,,,,,,,no_image
105018,Hydrocotyle ramiflora,长梗天胡荽,,,,,,,no_image
43519,Hydrophoria ruralis,乡隰蝇,,,,,,,no_image
77073,Hydrophis cyanocinctus,青环海蛇,,,,,,,no_image
43542,Hydrotaea anodonta,无齿齿股蝇,,,,,,,no_image
43603,Hydrotaea xishuensis,西蜀齿股蝇,,,,,,,no_image
43582,Hydrotaea pilipes,毛足齿股蝇,,,,,,,no_image
43562,Hydrotaea hsiai,夏氏齿股蝇,,,,,,,no_image
146387,Hygrocybe canescens,灰色拱顶湿伞,,,,,,,no_image
146427,Hygrocybe sublurida,淡褐湿伞,,,,,,,no_image
105045,Hygrophila pogonocalyx,大安水蓑衣,,,,,,,no_image
146449,Hygrophorus chlorophanus,蜡黄蜡伞,,,,,,,no_image
146407,Hygrocybe langei,,,,,,,,no_image
146469,Hygrophorus hedrychii,乳白蜡伞,,,,,,,no_image
146489,Hygrophorus niveus,雪白蜡伞,,,,,,,no_image
146509,Hygrophorus queletii,,,,,,,,no_image
105050,Hygroryza aristata,水禾,,,,,,,no_image
43617,Hylemya detracta,黄股种蝇,,,,,,,no_image
16164,Hyleoglomeris grandis,大木球马陆,,,,,,,no_image
16156,Hyleoglomeris wuse,无色木球马陆,,,,,,,no_image
105053,Hylocomiastrum umbratum,仰叶星塔藓,,,,,,,no_image
16009,Hylomus getuhensis,,,,,,,,no_image
105080,Hylophila nipponica,袋唇兰,,,,,,,no_image
105101,Hylotelephium viviparum,珠芽八宝,,,,,,,no_image
105111,Hymenasplenium changputungense,贡山膜叶铁角蕨,,,,,,,no_image
105131,Hymenasplenium subnormale,小膜叶铁角蕨,,,,,,,no_image
105145,Hymenidium decurrens,翼叶滇藁本,,,,,,,no_image
150191,Hymenochaete badioferruginea,贝形刺革菌,,,,,,,no_image
105165,Hymenidium rivulorum,心叶滇藁本,,,,,,,no_image
150211,Hymenochaete globispora,圆孢锈革菌,,,,,,,no_image
150231,Hymenochaete reflexa,,,,,,,,no_image
150251,Hymenochaete ulmicola,榆锈革菌,,,,,,,no_image
146656,Hymenogaster leptonisporus,,,,,,,,no_image
4832,Hymenopenaeus propinquus,圆突膜对虾,,,,,,,no_image
105196,Hymenophyllum paramnioides,羽叶蕗蕨,,,,,,,no_image
138370,Hymenoscyphus phyllogenus,叶产膜盘菌,,,,,,,no_image
138350,Hymenoscyphus ericae,杜鹃花类菌根真菌,,,,,,,no_image
138390,Hymenoscyphus tuberosus,,,,,,,,no_image
43667,Hypena lividalis,锈髯须夜蛾,,,,,,,no_image
105228,Hypecoum lactiflorum,乳白花角茴香,,,,,,,no_image
43648,Hyoidea kerzhneri,克氏稀盲蝽,,,,,,,no_image
43689,Hypenomorpha calamina,斜线陋夜蛾,,,,,,,no_image
105239,Hypericum beanii,栽秧花,,,,,,,no_image
105260,Hypericum henryi,西南金丝梅,,,,,,,no_image
105285,Hypericum oxyphyllum,四川金丝桃,,,,,,,no_image
105308,Hypericum taihezanense,台湾小连翘,,,,,,,no_image
150920,Hyphoderma microcystidium,小囊丝皮菌,,,,,,,no_image
150612,Hyphodontia altaica,阿尔泰丝齿菌,,,,,,,no_image
43710,Hypersypnoides pretiosissima,巨肾朋闪夜蛾,,,,,,,no_image
150632,Hyphodontia heterocystidiata,,,,,,,,no_image
150652,Hyphodontia rimosissima,开裂丝齿菌,,,,,,,no_image
148208,Hypholoma coronatum,污白花边伞,,,,,,,no_image
43722,Hyphus apicalis,,,,,,,,no_image
105328,Hypnum kushakuense,凹叶灰藓,,,,,,,no_image
43746,Hypocala rostrata,钩鹰夜蛾,,,,,,,no_image
143044,Hypochnicium bombycinum,柔丝纹革菌,,,,,,,no_image
141876,Hypocreopsis lichenoides,,,,,,,,no_image
105357,Hypodematium subglabrum,近无毛肿足蕨,,,,,,,no_image
43760,Hypoderma sinense,中华皮蝇,,,,,,,no_image
139191,Hypoderma handelii,汉德尔皮下盘菌,,,,,,,no_image
105364,Hypoestes triflora,三花枪刀药,,,,,,,no_image
135945,Hypogymnia bitteriana,粉袋衣,,,,,,,no_image
135965,Hypogymnia metaphysodes,变袋衣,,,,,,,no_image
105382,Hypolytrum shurenii,树仁割鸡芒,,,,,,,no_image
135985,Hypogymnia tubulosa,,,,,,,,no_image
43773,Hyponephele interposita,居间云眼蝶,,,,,,,no_image
135996,Hypotrachyna formosana,,,,,,,,no_image
77152,Hyporhamphus gernaerti,简氏下鱵鱼,,,,,,,no_image
43795,Hyposiccia pectinata,梳角点苔蛾,,,,,,,no_image
144604,Hypoxylon deustum,,,,,,,,no_image
144624,Hypoxylon pilgerianum,皮尔格炭团菌,,,,,,,no_image
43811,Hypselothyrea formosana,台湾细翅果蝇,,,,,,,no_image
10969,Hypsosinga alboria,华南高亮腹蛛,,,,,,,no_image
43822,Hypurgus humeralis,亥长铗螋,,,,,,,no_image
150736,Hysterangium occidentale,西方辐片包,,,,,,,no_image
132299,Hysterium rugosum,,,,,,,,no_image
43864,Hyugatychus formosanus,,,,,,,,no_image
43845,Hystrichopsylla rotundisinuata,圆凹多毛蚤,,,,,,,no_image
77213,Ichthyophis kohtaoensis,版纳鱼螈,,,,,,,no_image
43871,Ibidionidum corbetti,,,,,,,,no_image
77218,Ictinaetus malaiensis,林雕,,,,,,,no_image
43904,Idiocera abjecta,峨眉奇角大蚊,,,,,,,no_image
43926,Idionyx optata,三角异伪蜻,,,,,,,no_image
43967,Ilema glandacea,黄棕毒蛾,,,,,,,no_image
43946,Idiostrangalia vittatipennis,,,,,,,,no_image
3068,Iiella ohshimai,深凹井伊小糠虾,,,,,,,no_image
105449,Ilex confertiflora,密花冬青,,,,,,,no_image
105423,Ilex brachyphylla,短叶冬青,,,,,,,no_image
105509,Ilex guizhouensis,贵州冬青,,,,,,,no_image
105478,Ilex excelsa,高冬青,,,,,,,no_image
105531,Ilex kobuskiana,凸脉冬青,,,,,,,no_image
105560,Ilex macropoda,大柄冬青,,,,,,,no_image
105608,Ilex qianlingshanensis,黔灵山冬青,,,,,,,no_image
105582,Ilex nuculicava,洼皮冬青,,,,,,,no_image
105628,Ilex strigillosa,粗毛冬青,,,,,,,no_image
105655,Ilex tsangii,细枝冬青,,,,,,,no_image
105685,Ilex xizangensis,西藏冬青,,,,,,,no_image
105703,Illicium gansuense,甘肃八角,,,,,,,no_image
105723,Illicium verum,八角,,,,,,,no_image
18056,Ilyogenia asiaticus,亚西泥淖蚓,,,,,,,no_image
136677,Immersaria athroocarpa,密果沉衣,,,,,,,no_image
105765,Impatiens austroyunnanensis,新滇南凤仙花,,,,,,,no_image
105785,Impatiens bullatisepala,泡萼凤仙花,,,,,,,no_image
105806,Impatiens cordibracteata,心苞凤仙花,,,,,,,no_image
105846,Impatiens fissicornis,裂距凤仙花,,,,,,,no_image
105826,Impatiens diaphana,透明凤仙花,,,,,,,no_image
105866,Impatiens henryi,心萼凤仙花,,,,,,,no_image
105888,Impatiens laxiflora,疏花凤仙花,,,,,,,no_image
105931,Impatiens meishanensis,眉山凤仙花,,,,,,,no_image
105908,Impatiens longicornuta,长角凤仙花,,,,,,,no_image
105951,Impatiens nobilis,高贵凤仙花,,,,,,,no_image
105971,Impatiens pinetorum,松林凤仙花,,,,,,,no_image
105993,Impatiens puberula,柔毛凤仙花,,,,,,,no_image
106014,Impatiens rugosipetala,皱瓣凤仙花,,,,,,,no_image
106036,Impatiens stenantha,窄花凤仙花,,,,,,,no_image
106058,Impatiens tirbinensis,拟镰萼凤仙花,,,,,,,no_image
106078,Impatiens waldheimiana,瓦氏凤仙花,,,,,,,no_image
106099,Impatiens yui,德浚凤仙花,,,,,,,no_image
44002,Impatiophila linzhiensis,林芝凤仙花果蝇,,,,,,,no_image
44031,Indaeschna erythromelas,红褐印蜓,,,,,,,no_image
8982,Incabates major,大细若甲螨,,,,,,,no_image
106146,Indigofera cassioides,椭圆叶木蓝,,,,,,,no_image
44022,Impatiophila truncivalva,截瓣凤仙花果蝇,,,,,,,no_image
106170,Indigofera hamiltonii,腾冲木蓝,,,,,,,no_image
106223,Indigofera sericophylla,丝毛木蓝,,,,,,,no_image
106194,Indigofera mekongensis,湄公木蓝,,,,,,,no_image
106243,Indigofera zollingeriana,尖叶木蓝,,,,,,,no_image
106269,Indocalamus quadratus,方脉箬竹,,,,,,,no_image
44050,Indolestes cyaneus,蓝印丝蟌,,,,,,,no_image
44068,Indonemoura fujianensis,福建印叉(虫责),,,,,,,no_image
14396,Indophantes halonatus,月晕印蛛,,,,,,,no_image
44102,Indoquedius nonparallelus,,,,,,,,no_image
106293,Indosasa spongiosa,江华大节竹,,,,,,,no_image
77246,Iniistius aneitensis,短项鳍鱼,,,,,,,no_image
14649,Indoxysticus lumbricus,蚯蚓印蟹蛛,,,,,,,no_image
44124,Inocellia hainanica,海南盲蛇蛉,,,,,,,no_image
146734,Inocybe adaequata,,,,,,,,no_image
146754,Inocybe casimiri,,,,,,,,no_image
146774,Inocybe flavobrunnea,黄褐丝盖伞,,,,,,,no_image
146794,Inocybe jacobi,,,,,,,,no_image
146814,Inocybe montana,,,,,,,,no_image
146834,Inocybe pallidicremea,苍白丝盖伞,,,,,,,no_image
146854,Inocybe repanda,毛脚丝盖伞,,,,,,,no_image
146874,Inocybe trechispora,糙孢丝盖伞,,,,,,,no_image
150273,Inonotus compositus,聚生纤孔菌,,,,,,,no_image
150313,Inonotus sciurinus,,,,,,,,no_image
150293,Inonotus lonicericola,小孔忍冬纤孔菌,,,,,,,no_image
4401,Inquisitor angustus,细裁判螺,,,,,,,no_image
4439,Inquisitor zonata,带状裁判螺,,,,,,,no_image
44153,Interphasma shaanxiense,陕西介䗛,,,,,,,no_image
106314,Inula salicina,柳叶旋覆花,,,,,,,no_image
139981,Iodophanus durbanensis,德班碘光盘菌,,,,,,,no_image
106324,Iphigenia indica,山慈姑,,,,,,,no_image
44186,Iratsume orsedice,珠灰蝶,,,,,,,no_image
106363,Ipomoea violacea,管花薯,,,,,,,no_image
106342,Ipomoea hirtifolia,粗毛薯藤,,,,,,,no_image
143895,Irenopsis molleriana,,,,,,,,no_image
106376,Iris collettii,高原鸢尾,,,,,,,no_image
106404,Iris kobayashii,矮鸢尾,,,,,,,no_image
106430,Iris rossii,长尾鸢尾,,,,,,,no_image
150988,Irpex albofuscus,,,,,,,,no_image
13027,Irura yinae,尹氏翘蛛,,,,,,,no_image
141845,Isaria flabelliformis,掌形棒束孢,,,,,,,no_image
106470,Isachne himalaica,喜马拉雅柳叶箬,,,,,,,no_image
8020,Isaurus tuberculatus,疣金群海葵,,,,,,,no_image
44209,Ischiolepta nitida,亮栉小粪蝇,,,,,,,no_image
44220,Ischnopsyllus comarts,长鬃蝠蚤,,,,,,,no_image
44240,Ischnosoma bolitobioides,,,,,,,,no_image
44263,Ischnosoma taibaiense,,,,,,,,no_image
15306,Ischnothyreus hanae,韩氏弱斑蛛,,,,,,,no_image
44289,Ischnura senegalensis,褐斑异痣蟌,,,,,,,no_image
44303,Isochlora rubicosta,红缘绿夜蛾,,,,,,,no_image
106514,Isodon aurantiacus,橙黄香茶菜,,,,,,,no_image
106538,Isodon gibbosus,囊花香茶菜,,,,,,,no_image
106564,Isodon lungshengensis,龙胜香茶菜,,,,,,,no_image
106590,Isodon rubescens,碎米桠,,,,,,,no_image
106610,Isodon wikstroemioides,荛花香茶菜,,,,,,,no_image
44326,Isometopus hasegawai,长谷川树盲蝽,,,,,,,no_image
106625,Isoetes taiwanensis,台湾水韭,,,,,,,no_image
44346,Isomyia lingulata,舌尾等彩蝇,,,,,,,no_image
44366,Isomyia viridaurea,金绿等彩蝇,,,,,,,no_image
44385,Isoperla sowerbyi,索氏同(虫责),,,,,,,no_image
18862,Isotomiella hirsuta,,,,,,,,no_image
44410,Isosturmia pruinosa,黄粉异丛寄蝇,,,,,,,no_image
106642,Isopterygium saxense,石生同叶藓,,,,,,,no_image
106701,Isotrema moupinense,宝兴关木通,,,,,,,no_image
106659,Isotrema cangshanense,苍山关木通,,,,,,,no_image
106681,Isotrema heterophyllum,异叶关木通,,,,,,,no_image
106721,Isotrema tongbiguanense,铜壁关关木通,,,,,,,no_image
44425,Issikiopteryx rotundiconcava,圆凹银祝蛾,,,,,,,no_image
44454,Istocheta zimini,济民裸背寄蝇,,,,,,,no_image
77282,Istiophorus platypterus,平鳍旗鱼,,,,,,,no_image
44472,Italochrysa albescens,黄足意草蛉,,,,,,,no_image
44492,Italochrysa uchidae,红痣意草蛉,,,,,,,no_image
12289,Iwogumoa songminjae,宋氏亚隙蛛,,,,,,,no_image
106752,Itea yunnanensis,滇鼠刺,,,,,,,no_image
44500,Ittys latipenis,宽茎似邻赤眼蜂,,,,,,,no_image
106768,Ixeridium transnokoense,能高小苦荬,,,,,,,no_image
106787,Ixora chinensis,龙船花,,,,,,,no_image
106814,Jacobaea litvinovii,全叶千里光,,,,,,,no_image
44510,Iziphya bufo,蟾蜍依跳蚜,,,,,,,no_image
44516,Jagannata uncinulata,钩克瓢蜡蝉,,,,,,,no_image
106830,Jania verrucosa,粗叉珊藻,,,,,,,no_image
44534,Japania ovi,卵形长痣赤眼蜂,,,,,,,no_image
106843,Jasminum coffeinum,咖啡素馨,,,,,,,no_image
106864,Jasminum nintooides,银花素馨,,,,,,,no_image
1663,Jellyella eburnea,埃氏吉膜苔虫,,,,,,,no_image
44544,Jassidophaga abscissa,裂蛪头蝇,,,,,,,no_image
16641,Jingneta wangae,王氏京弱蛛,,,,,,,no_image
44573,Jodis nanda,小白波纹突尾尺蛾,,,,,,,no_image
77330,Johnius trewavasae,屈氏叫姑鱼,,,,,,,no_image
106900,Juglans sigillata,泡核桃,,,,,,,no_image
106911,Juncus brachystigma,短柱灯芯草,,,,,,,no_image
106935,Juncus heptopotamicus,七河灯芯草,,,,,,,no_image
106984,Juncus spectabilis,壮丽灯芯草,,,,,,,no_image
106957,Juncus meiguensis,美姑灯芯草,,,,,,,no_image
107004,Jungermannia conchata,耳状叶苔,,,,,,,no_image
107021,Juniperus erectopatens,松潘圆柏,,,,,,,no_image
107069,Justicia adhatoda,鸭嘴花,,,,,,,no_image
107089,Justicia kouytcheensis,贵州赛爵床,,,,,,,no_image
107056,Juniperus virginiana,北美圆柏,,,,,,,no_image
107109,Justicia wardii,高山杜根藤,,,,,,,no_image
107116,Kadsura angustifolia,狭叶南五味子,,,,,,,no_image
17692,Kaliella costigera,考斯提恰里螺,,,,,,,no_image
135012,Kainomyces hyalinus,,,,,,,,no_image
77340,Kaloula verrucosa,多疣狭口蛙,,,,,,,no_image
44637,Kamimuria crassispina,大刺钩(虫责),,,,,,,no_image
44657,Kamimuria magnimacula,大斑钩(虫责),,,,,,,no_image
107152,Kappaphycus cottonii,耳突卡帕藻,,,,,,,no_image
44677,Kamimuria yangi,杨氏钩(虫责),,,,,,,no_image
107161,Keiskea elsholtzioides,香薷状香简草,,,,,,,no_image
107155,Kaschgaria brachanthemoides,密枝喀什菊,,,,,,,no_image
107159,Keenania tonkinensis,溪楠,,,,,,,no_image
107177,Kengyilia guidenensis,贵德仲彬草,,,,,,,no_image
77349,Kentrocapros aculeatus,棘箱鲀,,,,,,,no_image
18562,Keratella wangi,王氏龟甲轮虫,,,,,,,no_image
4305,Kermia lutea,宝塔棋盘螺,,,,,,,no_image
107203,Keteleeria davidiana,铁坚油杉,,,,,,,no_image
15102,Khorata luojinensis,罗锦呵叻蛛,,,,,,,no_image
16900,Kilungius insulanus,海岛基隆盲蛛,,,,,,,no_image
15242,Khorata yangchun,阳春呵叻蛛,,,,,,,no_image
44765,Kingdonella saxicola,石栖金蝗,,,,,,,no_image
44779,Kirinia epaminondas,多眼蝶,,,,,,,no_image
107235,Kitagawia terebinthacea,石防风,,,,,,,no_image
44794,Klitispa mutilata,龙胜侧爪脊甲,,,,,,,no_image
107262,Kochia prostrata,,,,,,,,no_image
107274,Koelreuteria paniculata,栾,,,,,,,no_image
107299,Koenigia nummulariifolia,铜钱叶蓼,,,,,,,no_image
140803,Kompsoscypha waterstonii,沃氏艳丽盘菌,,,,,,,no_image
44808,Kolla hyalina,透翅边大叶蝉,,,,,,,no_image
44833,Korinchia flavissima,黄饰斜环蚜蝇,,,,,,,no_image
44851,Kotogargara parvifrontclypei,微唇卡圆角蝉,,,,,,,no_image
44860,Krenosmittia lophos,羽条克莱施密摇蚊,,,,,,,no_image
137253,Kroswia gemmascens,芽苞衣,,,,,,,no_image
44869,Kuldscha dignitosa,宜库尺蛾,,,,,,,no_image
148227,Kuehneromyces vernalis,春生库恩菌,,,,,,,no_image
44882,Kunbir atripes,,,,,,,,no_image
44904,Kunugia hani,韩氏杂枯叶蛾,,,,,,,no_image
77375,Kurixalus berylliniris,碧眼原指树蛙,,,,,,,no_image
107351,Kurzia pauciflora,刺毛细指苔,,,,,,,no_image
44946,Kuwayamaea rossica,俄罗斯桑螽,,,,,,,no_image
44954,Kyphopteryx dorsalis,背驼翅(虫责),,,,,,,no_image
44967,Labomimus fimbriatus,,,,,,,,no_image
135035,Laboulbenia japonica,,,,,,,,no_image
135015,Laboulbenia aristata,,,,,,,,no_image
135055,Laboulbenia stenolophi,,,,,,,,no_image
44987,Lacanobia aliena,异安夜蛾,,,,,,,no_image
146352,Laccaria montana,高山蜡蘑,,,,,,,no_image
45005,Lacera procellosa,斑戟夜蛾,,,,,,,no_image
140554,Lachnea hemisphaerica,半球毛盘菌,,,,,,,no_image
147538,Lachnella calyculiformis,,,,,,,,no_image
45008,Lachnopterus socius,,,,,,,,no_image
138632,Lachnellula fuckelii,富氏长生盘菌,,,,,,,no_image
138660,Lachnum carneolum,肉色粒毛盘菌,,,,,,,no_image
138700,Lachnum mangshanense,莽山粒毛盘菌,,,,,,,no_image
138680,Lachnum globulare,,,,,,,,no_image
138720,Lachnum pseudosclerotii,假斯氏粒毛盘菌,,,,,,,no_image
138740,Lachnum varians,,,,,,,,no_image
143077,Lacrimasporonites minutaestriatus,,,,,,,,no_image
152118,Lactarius atromarginatus,,,,,,,,no_image
152138,Lactarius castaneus,栗褐乳菇,,,,,,,no_image
152158,Lactarius denigricans,,,,,,,,no_image
152178,Lactarius gymnocarpoides,,,,,,,,no_image
152197,Lactarius lignyotus,黑乳菇,,,,,,,no_image
152237,Lactarius pinguis,,,,,,,,no_image
152217,Lactarius nonpiscis,,,,,,,,no_image
152257,Lactarius rubiginosus,,,,,,,,no_image
152277,Lactarius subolivaceus,近橄榄色乳菇,,,,,,,no_image
152297,Lactarius violascens,堇菜色乳菇,,,,,,,no_image
107373,Lactuca dissecta,裂叶莴苣,,,,,,,no_image
45027,Laelia coenosa,素毒蛾,,,,,,,no_image
151006,Laetiporus miniatus,朱红?孔菌,,,,,,,no_image
45034,Lagaroceras longicorne,长角秆蝇,,,,,,,no_image
107403,Lagerstroemia minuticarpa,小果紫薇,,,,,,,no_image
107416,Lagochilus diacanthophyllus,二刺叶兔唇花,,,,,,,no_image
107438,Lagotis brevituba,短筒兔耳草,,,,,,,no_image
15528,Lagynochthonius medog,墨脱拉伪蝎,,,,,,,no_image
45048,Lakshaphagus cerococci,壶蚧软鳞跳小蜂,,,,,,,no_image
138868,Lambertella torquata,环孢兰伯盘菌,,,,,,,no_image
45059,Lamelligomphus formosanus,台湾环尾春蜓,,,,,,,no_image
107457,Lamium amplexicaule,宝盖草,,,,,,,no_image
45075,Lampides boeticus,亮灰蝶,,,,,,,no_image
45097,Lampropteryx rotundaria,圆丽翅尺蛾,,,,,,,no_image
45109,Lamprotatus furvus,黑丽金小蜂,,,,,,,no_image
45114,Langia zenzeroides,,,,,,,,no_image
77490,Lanius tigrinus,虎纹伯劳,,,,,,,no_image
7487,Laodicea indica,印度感棒水母,,,,,,,no_image
45129,Laphria ephippium,埃毛食虫虻,,,,,,,no_image
107476,Laportea medogensis,墨脱艾麻,,,,,,,no_image
107499,Lappula krylovii,克氏鹤虱,,,,,,,no_image
107523,Lappula tadshikorum,短梗鹤虱,,,,,,,no_image
11104,Larinia nolabelia,无签肥蛛,,,,,,,no_image
107549,Larix speciosa,怒江红杉,,,,,,,no_image
11820,Lasaeola fastigata,高举拉萨蛛,,,,,,,no_image
107553,Lasianthus austroyunnanensis,滇南粗叶木,,,,,,,no_image
107580,Lasianthus lucidus,无苞粗叶木,,,,,,,no_image
138486,Lasiobelonium diervillae,锦带花针毛盘菌,,,,,,,no_image
45156,Lasiochaeta lii,李氏多毛秆蝇,,,,,,,no_image
107601,Lasiococca comberi,印度轮叶戟,,,,,,,no_image
45211,Lasiohelea lanyuensis,兰屿蠛蠓,,,,,,,no_image
45191,Lasiohelea danxianensis,儋县蠛蠓,,,,,,,no_image
45231,Lasiohelea propria,特别蠛蠓,,,,,,,no_image
45251,Lasiohelea wuzhishana,五指山蠛蠓,,,,,,,no_image
9377,Lasioseius paraconfusus,,,,,,,,no_image
45289,Lasiopogon gracilipes,丽多毛食虫虻,,,,,,,no_image
45270,Lasiomma strigilatum,黑尾纤目花蝇,,,,,,,no_image
45308,Lathrobium acutapicale,,,,,,,,no_image
17530,Lataxiena blosvillei,锈狸螺,,,,,,,no_image
45292,Lasiosina nigrolineata,黑线愈背秆蝇,,,,,,,no_image
45328,Lathrobium biapicale,,,,,,,,no_image
45348,Lathrobium calvisulcatum,,,,,,,,no_image
45388,Lathrobium fortehamatum,,,,,,,,no_image
45408,Lathrobium houhuanicum,,,,,,,,no_image
45368,Lathrobium depravatum,,,,,,,,no_image
45488,Lathrobium shaanxiense,,,,,,,,no_image
45428,Lathrobium jinyuae,,,,,,,,no_image
45448,Lathrobium mancum,,,,,,,,no_image
45468,Lathrobium proprium,,,,,,,,no_image
45548,Lathromeroidea silvarum,森林拟纹赤眼蜂,,,,,,,no_image
45528,Lathrobium yasutoshii,,,,,,,,no_image
45508,Lathrobium tianmushanense,,,,,,,,no_image
107612,Lathyrus dielsianus,中华山黧豆,,,,,,,no_image
13575,Lathys deltoidea,三角隐蔽蛛,,,,,,,no_image
6836,Latitiara orientalis,东方宽帽水母,,,,,,,no_image
5188,Latreutes planirostris,疣背深额虾,,,,,,,no_image
45578,Latreille gutianshanensis,古田山螯蜂,,,,,,,no_image
5178,Lebbeus balssi,莱伯虾,,,,,,,no_image
107641,Laurencia brongniartii,红羽凹顶藻,,,,,,,no_image
8991,Lauritzenia carneus,富桂翼甲螨,,,,,,,no_image
18175,Lecane crepida,鞋形腔轮虫,,,,,,,no_image
18146,Lecane leontina,尾片腔轮虫,,,,,,,no_image
135677,Lecanora caesiocinerea,灰绿茶渍,,,,,,,no_image
18139,Lecane subtilis,薄甲腔轮虫,,,,,,,no_image
45607,Lecanodiaspis robiniae,春盘蚧,,,,,,,no_image
135697,Lecanora flavidorufa,红黄茶渍,,,,,,,no_image
135717,Lecanora japonica,日本茶渍,,,,,,,no_image
135757,Lecanora swartzii,斯瓦氏茶渍,,,,,,,no_image
135737,Lecanora polytropa,多形茶渍,,,,,,,no_image
107673,Lecanthus petelotii,越南假楼梯草,,,,,,,no_image
149179,Leccinum hortonii,皱盖疣柄牛肝菌,,,,,,,no_image
136695,Lecidea cyanea,青网衣,,,,,,,no_image
149199,Leccinum subradicatum,污白褐疣柄牛肝菌,,,,,,,no_image
136715,Lecidea lentigerella,,,,,,,,no_image
136735,Lecidea spuria,,,,,,,,no_image
136743,Lecidoma demissum,垂圆顶衣,,,,,,,no_image
45630,Lecithocera didentata,双齿平祝蛾,,,,,,,no_image
45650,Lecithocera latiola,拉祝蛾,,,,,,,no_image
45670,Lecithocera parenthesis,尼平祝蛾,,,,,,,no_image
17278,Lecithodendrium granulosum,多腺枝腺吸虫,,,,,,,no_image
16789,Leclercera xiaodai,小袋利克蛛,,,,,,,no_image
19373,Leeonychiurus gulinensis,,,,,,,,no_image
11413,Lehtinenia arcus,弓形莱氏蛛,,,,,,,no_image
16815,Leiobunum hongkongium,香港平丘盲蛛,,,,,,,no_image
45711,Leiometopon simyrides,僧夜蛾,,,,,,,no_image
77564,Leiuranus semicinctus,半环盖蛇鳗,,,,,,,no_image
45730,Leiopus shibatai,,,,,,,,no_image
107724,Lejeunea kodamae,巨齿细鳞苔,,,,,,,no_image
107744,Lejeunea subacuta,落叶细鳞苔,,,,,,,no_image
131774,Lembosia luodingensis,,,,,,,,no_image
139430,Lempholemma chalazanum,合点天粘衣,,,,,,,no_image
45769,Lemyra burmanica,双带望灯蛾,,,,,,,no_image
45794,Lemyra nigrescens,深色望灯蛾,,,,,,,no_image
150058,Lentaria pinicola,,,,,,,,no_image
7768,Lensia canopusi,粗管浅室水母,,,,,,,no_image
151527,Lentinus badius,栗褐韧伞,,,,,,,no_image
151547,Lentinus stipticus,枝状香菇,,,,,,,no_image
151562,Lenzites palisoti,,,,,,,,no_image
107758,Leonotis nepetifolia,荆芥叶狮耳花,,,,,,,no_image
107776,Leontopodium haplophylloides,香芸火绒草,,,,,,,no_image
107799,Leontopodium suffruticosum,亚灌木火绒草,,,,,,,no_image
139051,Leotia atrovirens,黑绿锤舌菌,,,,,,,no_image
987,Lepidasthenia ocellata,斑目脆鳞虫,,,,,,,no_image
18673,Lepadella apsida,半圆鞍甲轮虫,,,,,,,no_image
2658,Lepas anserifera,鹅茗荷,,,,,,,no_image
107840,Lepidium karelinianum,间型革叶荠,,,,,,,no_image
107855,Lepidostemon pedunculosus,鳞蕊芥,,,,,,,no_image
77576,Lepidodactylus lugubris,哀鳞趾虎,,,,,,,no_image
107858,Lepidozia filamentosa,丝形指叶苔,,,,,,,no_image
145282,Lepiota adusta,,,,,,,,no_image
145302,Lepiota brunneoincarnata,肉褐环柄菇,,,,,,,no_image
145342,Lepiota griseovirens,,,,,,,,no_image
145322,Lepiota eriophora,,,,,,,,no_image
145362,Lepiota leontoderes,,,,,,,,no_image
145402,Lepiota sericea,小褐环柄菇,,,,,,,no_image
145382,Lepiota phlyctaenodes,,,,,,,,no_image
145422,Lepiota viridiflava,,,,,,,,no_image
107885,Lepisorus bicolor,二色瓦韦,,,,,,,no_image
107905,Lepisorus loriformis,带叶瓦韦,,,,,,,no_image
107927,Lepisorus pseudoussuriensis,拟乌苏里瓦韦,,,,,,,no_image
107947,Lepisorus triglossus,三叉扇蕨,,,,,,,no_image
148496,Lepista procera,高环柄菇,,,,,,,no_image
14129,Lepthyphantes hummeli,胡氏斑皿蛛,,,,,,,no_image
136611,Lepraria membranacea,膜癞屑衣,,,,,,,no_image
45855,Leptispa longipennis,长鞘卷叶甲,,,,,,,no_image
45830,Leptagria shimianensis,,,,,,,,no_image
77599,Leptobotia hansuiensis,汉水扁尾薄鳅,,,,,,,no_image
77619,Leptobrachium chapaense,沙巴拟髭蟾,,,,,,,no_image
45883,Leptocera lata,宽突雅小粪蝇,,,,,,,no_image
107981,Leptochilus leveillei,绿叶线蕨,,,,,,,no_image
45929,Leptoconops shangweni,尚文细蠓,,,,,,,no_image
45909,Leptoconops dicheres,二裂细蠓,,,,,,,no_image
108000,Leptodermis buxifolia,黄杨叶野丁香,,,,,,,no_image
107995,Leptocladiella delicatulum,纤枝薄壁藓,,,,,,,no_image
108028,Leptodermis potanini,,,,,,,,no_image
237,Leptodius nigromaculatus,黑斑皱蟹,,,,,,,no_image
137131,Leptogium coralloideum,,,,,,,,no_image
45957,Leptogaster maculipennis,斑翅细腹食虫虻,,,,,,,no_image
137151,Leptogium pseudofurfuraceum,拟鳞粉猫耳衣,,,,,,,no_image
108090,Leptomischus funingensis,富宁报春茜,,,,,,,no_image
108057,Leptogramma centrochinensis,华中茯蕨,,,,,,,no_image
16684,Leptonetela danxia,丹霞小弱蛛,,,,,,,no_image
16630,Leptonetela jiahe,夹河小弱蛛,,,,,,,no_image
144253,Leptographium pineti,,,,,,,,no_image
108081,Leptolejeunea elliptica,尖叶薄鳞苔,,,,,,,no_image
16701,Leptonetela megaloda,大齿小弱蛛,,,,,,,no_image
16649,Leptonetela rudicula,铲形小弱蛛,,,,,,,no_image
16596,Leptonetela unispinosa,单刺弱蛛,,,,,,,no_image
133708,Leptosphaeria peruviana,,,,,,,,no_image
45985,Leptopeza biplagiata,台湾裸芒舞虻,,,,,,,no_image
77636,Leptoptilos javanicus,秃鹳,,,,,,,no_image
45991,Leptopsylla pablovskii,多刺细蚤,,,,,,,no_image
46010,Leptosciarella perturbata,躁细刺眼蕈蚊,,,,,,,no_image
133688,Leptosphaeria blumeri,,,,,,,,no_image
148801,Leptosporomyces galzinii,,,,,,,,no_image
139227,Leptostroma rostrupii,,,,,,,,no_image
46056,Leptura gibbosa,,,,,,,,no_image
6701,Leptotheca macrospora,大孢薄壳虫,,,,,,,no_image
46037,Leptoxenus bimaculatus,,,,,,,,no_image
46087,Leptusa acuta,,,,,,,,no_image
46079,Leptura tattakana,,,,,,,,no_image
46111,Leptusa hastata,,,,,,,,no_image
46131,Leptusa rorata,,,,,,,,no_image
46151,Leptusa xuemontis,,,,,,,,no_image
77653,Lerwa lerwa,雪鹑,,,,,,,no_image
108147,Lespedeza cyrtobotrya,短梗胡枝子,,,,,,,no_image
46185,Lesteva lewisi,,,,,,,,no_image
108175,Lespedeza patens,展枝胡枝子,,,,,,,no_image
77656,Lestidiops mirabilis,黑盗目鱼,,,,,,,no_image
46165,Lestes sponsa,桨尾丝蟌,,,,,,,no_image
136013,Lethariella flexuosa,曲金丝,,,,,,,no_image
46251,Lethe insana,深山黛眼蝶,,,,,,,no_image
46280,Lethe satyrina,蛇神黛眼蝶,,,,,,,no_image
77666,Lethrinus erythropterus,赤鳍裸颊鲷,,,,,,,no_image
46326,Leucania mesotrosta,间粘夜蛾,,,,,,,no_image
46306,Leucania aspersa,播粘夜蛾,,,,,,,no_image
46346,Leucania tangula,禽粘夜蛾,,,,,,,no_image
14919,Leucauge argentina,雪银鳞蛛,,,,,,,no_image
14859,Leucauge zizhong,自忠银鳞蛛,,,,,,,no_image
145432,Leucoagaricus excoriatus,裂皮白伞菇,,,,,,,no_image
108215,Leucobryum glaucum,白发藓,,,,,,,no_image
17013,Leucochloridium turdi,乌鸫彩蚴吸虫,,,,,,,no_image
46359,Leucocraspedum bicolor,,,,,,,,no_image
108224,Leucodon exaltatus,陕西白齿藓,,,,,,,no_image
148511,Leucopaxillus giganteus,大白桩菇,,,,,,,no_image
108240,Leucojum aestivum,夏雪片莲,,,,,,,no_image
46387,Leucoma sartus,染雪毒蛾,,,,,,,no_image
46402,Leucophenga angusta,狭叶白果蝇,,,,,,,no_image
46422,Leucophenga falcata,镰叶白果蝇,,,,,,,no_image
46462,Leucophenga regina,帝王白果蝇,,,,,,,no_image
46442,Leucophenga maculata,黑斑白果蝇,,,,,,,no_image
46482,Leucophenga tricuspidata,三刺白果蝇,,,,,,,no_image
46500,Leucophora personata,捂嘴植蝇,,,,,,,no_image
46520,Leucopis sordida,西藏小斑腹蝇,,,,,,,no_image
152957,Leucosporidium scottii,,,,,,,,no_image
138059,Leveillula lactucarum,,,,,,,,no_image
3433,Leucothoe germanalcyone,德鱼狗白钩虾,,,,,,,no_image
108259,Lewinskya brassii,卷边显孔藓,,,,,,,no_image
108276,Leycesteria stipulata,绵毛鬼吹箫,,,,,,,no_image
108298,Leymus pubens,毛赖草,,,,,,,no_image
108313,Liagora clavata,棒状粉枝藻,,,,,,,no_image
108333,Liagora setchellii,鼓苞粉枝藻,,,,,,,no_image
108344,Libanotis buchtormensis,岩风,,,,,,,no_image
46567,Libnotes lantauensis,大屿亮大蚊,,,,,,,no_image
46549,Libellula angelina,低斑蜻,,,,,,,no_image
136032,Lichen parellus,,,,,,,,no_image
46589,Libythea myrrha,棒纹喙蝶,,,,,,,no_image
146526,Lichenomphalia velutina,,,,,,,,no_image
4387,Lienardia crosseana,流苏狭口螺,,,,,,,no_image
8442,Ligia exotica,海蟑螂,,,,,,,no_image
108378,Ligularia chimiliensis,缅甸橐吾,,,,,,,no_image
108400,Ligularia ghatsukupa,粗茎橐吾,,,,,,,no_image
108424,Ligularia latipes,阔柄橐吾,,,,,,,no_image
108446,Ligularia nanchuanica,南川橐吾,,,,,,,no_image
108470,Ligularia retusa,黑毛橐吾,,,,,,,no_image
108492,Ligularia veitchiana,离舌橐吾,,,,,,,no_image
108514,Ligusticopsis likiangensis,美脉拟藁本,,,,,,,no_image
108534,Ligusticum moniliforme,串珠藁本,,,,,,,no_image
108558,Ligustrum lianum,华女贞,,,,,,,no_image
46606,Ligyra guangdonganus,广东丽蜂虻,,,,,,,no_image
108591,Lilium amoenum,玫红百合,,,,,,,no_image
108626,Lilium habaense,哈巴百合,,,,,,,no_image
108655,Lilium nanum,小百合,,,,,,,no_image
108681,Lilium sempervivoideum,蒜头百合,,,,,,,no_image
295,Liljeborgia sinica,中华利尔钩虾,,,,,,,no_image
132119,Limacinia ovispora,,,,,,,,no_image
46628,Limenitis camilla,隐线蛱蝶,,,,,,,no_image
108706,Limnophila repens,匍匐石龙尾,,,,,,,no_image
77714,Limnichthys nitidus,沙栖沼泽鱼(沙鱚),,,,,,,no_image
46670,Limnophora brunneitibia,棕胫池蝇,,,,,,,no_image
46690,Limnophora leptosternita,瘦板池蝇,,,,,,,no_image
46711,Limnophora procellaria,裂呻池蝇,,,,,,,no_image
46732,Limnophora ypocerca,亚叶池蝇,,,,,,,no_image
46748,Limnospila albifrons,白额池秽蝇,,,,,,,no_image
46767,Limonia prudentia,慎沼大蚊,,,,,,,no_image
108725,Limonium leptolobum,精河补血草,,,,,,,no_image
46774,Linaeidea adamsi,红胸里叶甲,,,,,,,no_image
46794,Linan uenoi,,,,,,,,no_image
46801,Linda atricornis,,,,,,,,no_image
108754,Lindbergia serrulata,齿边细枝藓,,,,,,,no_image
108780,Lindera gracilipes,纤梗山胡椒,,,,,,,no_image
108811,Lindera rubronervia,红脉钓樟,,,,,,,no_image
108833,Lindernia jiuhuanica,九华山母草,,,,,,,no_image
18212,Lindia pallida,苍白柔轮虫,,,,,,,no_image
108864,Lindsaea obtusa,钝齿鳞始蕨,,,,,,,no_image
4701,Lingula adamsi,亚氏海豆芽,,,,,,,no_image
46840,Linnaemya hirtradia,毛翅短须寄蝇,,,,,,,no_image
46860,Linnaemya takanoi,高野短须寄蝇,,,,,,,no_image
8801,Linothrus perinfamis,围线懒甲螨,,,,,,,no_image
14266,Linyphia yangmingensis,阳明皿蛛,,,,,,,no_image
6817,Liochthonius alius,异滑缝甲螨,,,,,,,no_image
386,Lioconcha trimaculata,条纹光蛤,,,,,,,no_image
46892,Liogluta attenuata,,,,,,,,no_image
46912,Liogluta magnumforamen,,,,,,,,no_image
46932,Liogluta xiahensis,,,,,,,,no_image
46940,Lioproctia beesoni,比森亮麻蝇,,,,,,,no_image
46951,Liosarcophaga fedtshenkoi,长突醬麻蝇,,,,,,,no_image
46971,Liosarcophaga parkeri,帕克醬麻蝇,,,,,,,no_image
46991,Liothrips bomiensis,波密滑管蓟马,,,,,,,no_image
47011,Liothrips turkestanicus,突厥滑管蓟马,,,,,,,no_image
108891,Liparis campylostalix,羊耳蒜,,,,,,,no_image
108928,Liparis odorata,香花羊耳蒜,,,,,,,no_image
108910,Liparis gongshanensis,贡山羊耳蒜,,,,,,,no_image
77784,Liparis tanakae,田中狮子鱼,,,,,,,no_image
47019,Lipoptena pteropi,帕特利虱蝇,,,,,,,no_image
108964,Lirianthe delavayi,山木兰,,,,,,,no_image
47038,Liriomyza sativae,美洲斑潜蝇,,,,,,,no_image
139232,Lirula filiformis,线孢小沟盘菌,,,,,,,no_image
47063,Lispe flavinervis,黄脉溜蝇,,,,,,,no_image
47103,Lispocephala atrimaculata,黑斑溜头秽蝇,,,,,,,no_image
47083,Lispe pumila,侏溜蝇,,,,,,,no_image
47123,Lispocephala mucronata,锐溜头秽蝇,,,,,,,no_image
47143,Lispocephala ungulitigris,虎爪溜头秽蝇,,,,,,,no_image
108984,Listia bainesii,牧用蔓罗豆,,,,,,,no_image
47163,Lithacodia melanostigma,黑斑俚夜蛾,,,,,,,no_image
15676,Lithobius crassipes,肥足石蜈蚣,,,,,,,no_image
15686,Lithobius mandschreiensis,,,,,,,,no_image
108995,Lithocarpus brachystachyus,短穗柯,,,,,,,no_image
109023,Lithocarpus dahuensis,大湖柯,,,,,,,no_image
15684,Lithobius songi,宋氏石蜈蚣,,,,,,,no_image
109046,Lithocarpus garrettianus,望楼柯,,,,,,,no_image
109088,Lithocarpus oblanceolatus,峨眉柯,,,,,,,no_image
109066,Lithocarpus laoticus,老挝柯,,,,,,,no_image
109135,Lithocarpus yongfuensis,永福柯,,,,,,,no_image
109111,Lithocarpus shinsuiensis,浸水营柯,,,,,,,no_image
5334,Lithophaga lima,锉石蛏,,,,,,,no_image
47198,Litinga mimica,拟缕蛱蝶,,,,,,,no_image
109139,Lithospermum hancockianum,石生紫草,,,,,,,no_image
109183,Litsea gongshanensis,贡山木姜子,,,,,,,no_image
109151,Litsea auriculata,天目木姜子,,,,,,,no_image
109206,Litsea mollis,毛叶木姜子,,,,,,,no_image
7581,Lituaria amoyensis,厦门棍海鳃,,,,,,,no_image
109235,Litsea suberosa,栓皮木姜子,,,,,,,no_image
77800,Liurana vallecula,河谷舌突蛙,,,,,,,no_image
47221,Ljungh clavipes,棒状双距螯蜂,,,,,,,no_image
47241,Ljungh yangi,杨氏双距螯蜂,,,,,,,no_image
137176,Lobaria japonica,,,,,,,,no_image
109287,Lobelia montana,山紫锤草,,,,,,,no_image
137196,Lobaria yunnanensis,云南肺衣,,,,,,,no_image
47247,Lobesia coccophaga,忍冬花翅小卷蛾,,,,,,,no_image
47265,Lobocla liliana,黄带弄蝶,,,,,,,no_image
7220,Lobophytum compactum,紧密叶软珊瑚,,,,,,,no_image
47279,Lobrathium bidigitatum,,,,,,,,no_image
7137,Lobophytum pygmapedium,矮脚叶软珊瑚,,,,,,,no_image
47299,Lobrathium emeiense,,,,,,,,no_image
47339,Lobrathium uncinatum,,,,,,,,no_image
47319,Lobrathium pengi,,,,,,,,no_image
109323,Lomatogoniopsis ovatifolia,卵叶辐花,,,,,,,no_image
77823,Locustella thoracica,斑胸短翅蝗莺,,,,,,,no_image
109306,Lolium persicum,欧黑麦草,,,,,,,no_image
47358,Lomechusa elegans,,,,,,,,no_image
47373,Lonchaea biarmata,双臂尖尾蝇,,,,,,,no_image
47393,Lonchoptera ciliosa,纤毛尖翅蝇,,,,,,,no_image
77836,Longanalus macrochirous,大鳍长臀鲮,,,,,,,no_image
47417,Longipalpus tahuensis,,,,,,,,no_image
109352,Lonicera angustifolia,狭叶忍冬,,,,,,,no_image
109382,Lonicera japonica,忍冬,,,,,,,no_image
109409,Lonicera praeflorens,早花忍冬,,,,,,,no_image
109439,Lonicera webbiana,华西忍冬,,,,,,,no_image
77844,Lophiomus setigerus,黑鮟鱇,,,,,,,no_image
47441,Lopaphus zayuensis,察隅股䗛,,,,,,,no_image
77845,Lophius litulon,黄鮟鱇,,,,,,,no_image
139244,Lophodermina laricina,,,,,,,,no_image
139264,Lophodermium ellipticum,椭圆散斑壳,,,,,,,no_image
139284,Lophodermium macrosporum,大孢散斑壳,,,,,,,no_image
139304,Lophodermium pini-excelsae,乔松散斑壳,,,,,,,no_image
4576,Lophogaster hawaiensis,夏威夷疣背糠虾,,,,,,,no_image
47456,Lophontosia fusca,棕冠齿舟蛾,,,,,,,no_image
47474,Lophoptera aleuca,齿脊蕊夜蛾,,,,,,,no_image
47494,Lophosceles frenarus,缰饰足蝇,,,,,,,no_image
944,Lophosquilla costata,脊条褶虾蛄,,,,,,,no_image
205,Lophozozymus incisus,切齿脊熟若蟹,,,,,,,no_image
47525,Lordiphosa archoroides,锚形拱背果蝇,,,,,,,no_image
47545,Lordiphosa neokurokawai,新黑川拱背果蝇,,,,,,,no_image
47565,Lordithon irregularis,,,,,,,,no_image
77878,Lotella tosaensis,土佐浔鳕,,,,,,,no_image
7266,Lovenella assimilis,四手触丝水母,,,,,,,no_image
47594,Loxioda similis,曲夜蛾,,,,,,,no_image
17242,Loxogenes sinense,中华斜生吸虫,,,,,,,no_image
47610,Loxoneura fascipennis,带羽肘角广口蝇,,,,,,,no_image
109514,Loxostigma mekongense,澜沧斜柱苣苔,,,,,,,no_image
47629,Lucilia bufonivora,蟾蜍绿蝇,,,,,,,no_image
972,Lucina scarlatoi,疏纹满月蛤,,,,,,,no_image
109538,Luisia brachystachys,小花钗子股,,,,,,,no_image
109527,Ludwigia leptocarpa,细果草龙,,,,,,,no_image
47654,Lunatissus brevis,短卢瓢蜡蝉,,,,,,,no_image
94,Lupocyclus tugelae,细螯狼牙蟹,,,,,,,no_image
77921,Lutjanus johnii,约氏笛鲷,,,,,,,no_image
3116,Lutraria maxima,大獭蛤,,,,,,,no_image
109574,Luzula multiflora,多花地杨梅,,,,,,,no_image
47686,Lycaena thersamon,昙梦灰蝶,,,,,,,no_image
109617,Lycium cylindricum,柱筒枸杞,,,,,,,no_image
77949,Lycodon latifasciatus,宽斑链蛇（东喜马拉雅链蛇）,,,,,,,no_image
146951,Lycoperdon molle,莫尔马勃,,,,,,,no_image
146911,Lycoperdon caudatum,钩刺马勃,,,,,,,no_image
146931,Lycoperdon fucatum,,,,,,,,no_image
146971,Lycoperdon saccatum,褐孢马勃,,,,,,,no_image
109631,Lycopodium zonatum,成层石松,,,,,,,no_image
47706,Lycoriella fanjingana,梵净厉眼蕈蚊,,,,,,,no_image
47726,Lycoriella tetramera,四刺厉眼蕈蚊,,,,,,,no_image
109669,Lycoris wulingensis,武陵石蒜,,,,,,,no_image
16454,Lycosa rufisterna,红胸狼蛛,,,,,,,no_image
47757,Lygocoris diffusomaculatus,晕斑丽盲蝽,,,,,,,no_image
109676,Lygodium longifolium,掌叶海金沙,,,,,,,no_image
5849,Lydia annulipes,环纹金沙蟹,,,,,,,no_image
47806,Lymantria monacha,模毒蛾,,,,,,,no_image
47787,Lygus sibiricus,西伯利亚草盲蝽,,,,,,,no_image
47825,Lynchia lonchurae,文鸟虱蝇,,,,,,,no_image
147004,Lyophyllum carbonarium,炭色离褶伞,,,,,,,no_image
147024,Lyophyllum semitale,墨染离褶伞,,,,,,,no_image
109717,Lysimachia chapaensis,近总序香草,,,,,,,no_image
47844,Lypha dubia,疑悲寄蝇,,,,,,,no_image
109695,Lysimachia ailaoshanensis,哀牢山珍珠菜,,,,,,,no_image
109761,Lysimachia gesnerioides,苦苣苔叶香草,,,,,,,no_image
109737,Lysimachia decurrens,延叶珍珠菜,,,,,,,no_image
109782,Lysimachia jinzhaiensis,金寨过路黄,,,,,,,no_image
109805,Lysimachia nanpingensis,南平过路黄,,,,,,,no_image
109829,Lysimachia prolifera,多育星宿菜,,,,,,,no_image
109851,Lysimachia sciadophylla,黔阳过路黄,,,,,,,no_image
109874,Lysimachia tsarongensis,藏珍珠菜,,,,,,,no_image
109898,Lysionotus involucratus,圆苞吊石苣苔,,,,,,,no_image
5299,Lysiosquilla sulcirostris,沟额琴虾蛄,,,,,,,no_image
14709,Lysiteles digitatus,指微蟹蛛,,,,,,,no_image
150784,Lysurus gardneri,圆柱散尾鬼笔,,,,,,,no_image
14817,Lysiteles silvanus,森林微蟹蛛,,,,,,,no_image
109933,Maackia hwashanensis,华山马鞍树,,,,,,,no_image
47879,Maaserphus tani,谭氏马氏细蜂,,,,,,,no_image
109939,Macaranga denticulata,中平树,,,,,,,no_image
47892,Macgregoromyia ternifoliusa,三尾叉纤足大蚊,,,,,,,no_image
109953,Machilus austroguizhouensis,黔南润楠,,,,,,,no_image
109997,Machilus mangdangshanensis,茫荡山润楠,,,,,,,no_image
109973,Machilus forrestii,长毛润楠,,,,,,,no_image
110020,Machilus parabreviflora,赛短花润楠,,,,,,,no_image
110040,Machilus velutina,绒毛润楠,,,,,,,no_image
9163,Machuella ventrisetosa,毛腹马奥甲螨,,,,,,,no_image
47925,Macquartia tessellum,腹斑叶甲寄蝇,,,,,,,no_image
5431,Macoma lucerna,灯白樱蛤,,,,,,,no_image
5049,Macrobrachium inflatum,胖掌沼虾,,,,,,,no_image
5012,Macrobrachium yui,喻氏沼虾,,,,,,,no_image
47950,Macrocentrus bimaculatus,双斑长体茧蜂,,,,,,,no_image
47970,Macrocentrus gutianshanensis,古田山长体茧蜂,,,,,,,no_image
77989,Macrocephenchelys brevirostris,短吻大头糯鳗,,,,,,,no_image
47991,Macrocentrus parki,朴氏长体茧蜂,,,,,,,no_image
48032,Macrocilix mysticata,,,,,,,,no_image
18525,Macrochaetus subquadratus,近矩多棘轮虫,,,,,,,no_image
48045,Macrodiplax cora,高翔漭蜻,,,,,,,no_image
145478,Macrolepiota puellaris,翘鳞大环柄菇,,,,,,,no_image
48063,Macrogomphus guilinensis,桂林大春蜓,,,,,,,no_image
48082,Macromia daimoji,大斑大伪蜻,,,,,,,no_image
110084,Macromitrium maolanense,茂兰蓑藓,,,,,,,no_image
48104,Macromidia kelloggi,克氏中伪蜻,,,,,,,no_image
466,Macrophiothrix pawsoni,鲍氏大刺蛇尾,,,,,,,no_image
110099,Macropanax decandrus,十蕊大参,,,,,,,no_image
4021,Macrophthalmus boscii,毛掌大眼蟹,,,,,,,no_image
93,Macropipus corrugatus,皱褶大蟾蟹,,,,,,,no_image
110106,Macropodium nivale,长柄芥,,,,,,,no_image
48138,Macrorrhyncha hengshana,恒山玛菌蚊,,,,,,,no_image
48145,Macrostylophora bispiniforma,二刺形大锥蚤,,,,,,,no_image
48166,Macrostylophora paoshanensis,保山大锥蚤,,,,,,,no_image
13484,Macrothele jinlin,金林大疣蛛,,,,,,,no_image
110126,Macrothelypteris viridifrons,翠绿针毛蕨,,,,,,,no_image
48186,Macrotermes orthognathus,直颚大白蚁,,,,,,,no_image
48206,Macrozelima hervei,赫尔硕木蚜蝇,,,,,,,no_image
3104,Mactrinula dolabrata,斧光蛤蜊,,,,,,,no_image
110129,Madhuca hainanensis,海南紫荆木,,,,,,,no_image
110131,Maesa acuminatissima,米珍果,,,,,,,no_image
110151,Maesa membranacea,腺叶杜茎山,,,,,,,no_image
48227,Magnimyiolia convexifrons,褐翅直颜实蝇,,,,,,,no_image
110168,Maharanga dumetorum,丛林胀萼紫草,,,,,,,no_image
78019,Mahidolia mystacina,大口巨颌鰕虎,,,,,,,no_image
110194,Mahonia longibracteata,长苞十大功劳,,,,,,,no_image
110214,Maianthemum dulongense,,,,,,,,no_image
153377,Mainsia pterocarpi,,,,,,,,no_image
7024,Malagazzia condensum,厚伞玛拉水母,,,,,,,no_image
78024,Malacocephalus laevis,滑软首鳕,,,,,,,no_image
48287,Malegia brunnea,棕缺齿筒胸肖叶甲,,,,,,,no_image
152948,Malassezia obtusa,钝形马拉色菌,,,,,,,no_image
48304,Mallada incurvus,弯玛草蛉,,,,,,,no_image
13531,Mallinella cymbiforma,船形马利蛛,,,,,,,no_image
48310,Mallochohelea albiclava,白瘤绒蠓,,,,,,,no_image
48330,Mallota tricolor,三色毛管蚜蝇,,,,,,,no_image
110268,Mallotus nepalensis,尼泊尔野桐,,,,,,,no_image
78037,Malthopsis mitrigera,钩棘海蝠鱼,,,,,,,no_image
110325,Malus sieversii,新疆野苹果,,,,,,,no_image
48333,Mamestra brassicae,甘蓝夜蛾,,,,,,,no_image
78039,Mangarinus waterousi,华氏芒鰕虎,,,,,,,no_image
110375,Manglietia guangnanica,广南木莲,,,,,,,no_image
110395,Manglietia ventii,毛果木莲,,,,,,,no_image
110401,Mannagettaea hummelii,矮生豆列当,,,,,,,no_image
48348,Mansoniella annulata,环曼盲蝽,,,,,,,no_image
48367,Mantispa azihuna,阿紫螳蛉,,,,,,,no_image
147614,Marasmiellus corticum,皮微皮伞,,,,,,,no_image
110414,Mapania wallichii,单穗擂鼓簕,,,,,,,no_image
147634,Marasmiellus panamensis,巴拿马微皮伞,,,,,,,no_image
147654,Marasmiellus synodicus,合生微皮伞,,,,,,,no_image
147153,Marasmius aspilocephalus,无污盖小皮伞,,,,,,,no_image
147173,Marasmius cohortalis,农家小皮伞,,,,,,,no_image
147213,Marasmius hakgalensis,桂色小皮伞,,,,,,,no_image
147193,Marasmius edwallianus,爱氏小皮伞简单变型,,,,,,,no_image
147253,Marasmius personatus,盾状小皮伞,,,,,,,no_image
147233,Marasmius maximus,,,,,,,,no_image
147273,Marasmius rhizomorphogeton,,,,,,,,no_image
147293,Marasmius strobiluriformis,,,,,,,,no_image
153052,Maravalia achroa,,,,,,,,no_image
110436,Marchantia subintegra,拳卷地钱,,,,,,,no_image
48394,Margarinotus cadavericola,尸生歧阎甲,,,,,,,no_image
48415,Margarinotus schneideri,施氏歧阎甲,,,,,,,no_image
110446,Marmoritis pharica,帕里扭连钱,,,,,,,no_image
142101,Mariannaea camptospora,,,,,,,,no_image
110454,Marsdenia griffithii,大白药,,,,,,,no_image
110474,Marsdenia yuei,临沧牛奶菜,,,,,,,no_image
110479,Marsupella alpina,高山钱袋苔,,,,,,,no_image
48445,Masalia cruentata,红纹柔夜蛾,,,,,,,no_image
1179,Martesia striata,马特海笋,,,,,,,no_image
14641,Massuria bandian,斑点块蟹蛛,,,,,,,no_image
138847,Mastigosporium album,,,,,,,,no_image
48458,Matapa aria,玛弄蝶,,,,,,,no_image
110514,Matsumurella yangsoensis,阳蒴小野芝麻,,,,,,,no_image
1605,Matuta planipes,红线黎明蟹,,,,,,,no_image
48483,Maurya angulata,安耳角蝉,,,,,,,no_image
48503,Maxates coelataria,锯翅尖尾尺蛾,,,,,,,no_image
48523,Maxates szechwanensis,四川尖尾尺蛾,,,,,,,no_image
110525,Mazus alpinus,高山通泉草,,,,,,,no_image
48536,Meandrusa sciron,褐钩凤蝶,,,,,,,no_image
110546,Mazus omeiensis,岩白翠,,,,,,,no_image
48557,Mecomma stenata,窄昧盲蝽,,,,,,,no_image
110588,Meconopsis elongata,伸长绿绒蒿,,,,,,,no_image
110612,Meconopsis paniculata,锥花绿绒蒿,,,,,,,no_image
110641,Meconopsis sulphurea,硫黄绿绒蒿,,,,,,,no_image
14044,Mecynargus tungusicus,长白嵴突蛛,,,,,,,no_image
48582,Medetera evenhuisi,伊文聚脉长足虻,,,,,,,no_image
110663,Medicago edgeworthii,毛荚苜蓿,,,,,,,no_image
48602,Medhiama densiceps,,,,,,,,no_image
48624,Medina separata,离麦寄蝇,,,,,,,no_image
48633,Medon planus,,,,,,,,no_image
4565,Megacardita kyushuensis,,,,,,,,no_image
110713,Meesia longiseta,寒藓,,,,,,,no_image
48681,Megachile dimidiata,中切叶蜂,,,,,,,no_image
48657,Megachile analis,尾切叶蜂,,,,,,,no_image
48772,Megachile tsingtauensis,青岛切叶蜂,,,,,,,no_image
48704,Megachile hubeiense,湖北切叶蜂,,,,,,,no_image
48748,Megachile rupshuensis,拟拉达切叶蜂,,,,,,,no_image
48728,Megachile nigroapicalis,黑顶切叶蜂,,,,,,,no_image
110722,Megadenia pygmaea,双果荠,,,,,,,no_image
48792,Megalestes riccii,白尾绿综蟌,,,,,,,no_image
48812,Megalinus mirus,,,,,,,,no_image
48832,Megalinus xingxing,,,,,,,,no_image
78088,Megalonibea fusca,褐毛鲿,,,,,,,no_image
5955,Megalotocepheus fornicatus,拱大头甲螨,,,,,,,no_image
48886,Megarthrus lisae,,,,,,,,no_image
48868,Meganoton nyctiphanes,马鞭草天蛾,,,,,,,no_image
48906,Megaselia apifurtiva,窃蜂异蚤蝇,,,,,,,no_image
48926,Megaselia fortipes,粗体异蚤蝇,,,,,,,no_image
48966,Megaselia tritomegas,长背异蚤蝇,,,,,,,no_image
48946,Megaselia plurispinulosa,多刺异蚤蝇,,,,,,,no_image
9135,Megeremaeus spinosus,刺大龙足甲螨,,,,,,,no_image
11317,Mekonglema xinpingi,新平湄公蛛,,,,,,,no_image
78094,Meiacanthus atrodorsalis,金鳍稀棘鳚,,,,,,,no_image
110727,Meiogyne oligocarpa,少果鹿茸木,,,,,,,no_image
153240,Melampsora cingens,,,,,,,,no_image
153260,Melampsora laricis,落叶松栅锈菌,,,,,,,no_image
154460,Melampsoridium hiratsukanum,平冢长栅锈菌,,,,,,,no_image
153280,Melampsora salicis-albae,白柳栅锈菌,,,,,,,no_image
49038,Melanagromyza oculata,毛斑眼黑潜蝇,,,,,,,no_image
49057,Melanargia montana,山地白眼蝶,,,,,,,no_image
136057,Melanelia olivacea,,,,,,,,no_image
49064,Melangyna grandimaculata,大斑美蓝蚜蝇,,,,,,,no_image
143110,Melanographium palmicola,,,,,,,,no_image
141273,Melanochaeta daemonoropsis,,,,,,,,no_image
148522,Melanoleuca brevipes,,,,,,,,no_image
148542,Melanoleuca subrimosa,,,,,,,,no_image
142140,Melanopsamma balani,,,,,,,,no_image
142160,Melanopsamma saccardoana,,,,,,,,no_image
110747,Melanoseris bonatii,东川毛鳞菊,,,,,,,no_image
110767,Melanoseris qinghaica,青海毛鳞菊,,,,,,,no_image
139328,Melasmia alni,桤叶痣菌,,,,,,,no_image
78118,Melanostomias melanops,大眼黑巨口鱼,,,,,,,no_image
140590,Melastiziella pennsylvanica,,,,,,,,no_image
110786,Melhania hamiltoniana,梅蓝,,,,,,,no_image
110808,Melica tibetica,藏臭草,,,,,,,no_image
110820,Melicope viticina,单叶蜜茱萸,,,,,,,no_image
110827,Melinis repens,红毛草,,,,,,,no_image
143921,Meliola andirae,,,,,,,,no_image
143961,Meliola castanopsina,,,,,,,,no_image
143941,Meliola boerlagiodendriae,,,,,,,,no_image
143981,Meliola denticulata,,,,,,,,no_image
144001,Meliola fabri,,,,,,,,no_image
144021,Meliola hoyae,,,,,,,,no_image
144041,Meliola kodaihoensis,,,,,,,,no_image
144061,Meliola malachotricha,,,,,,,,no_image
144081,Meliola niessleana,,,,,,,,no_image
144101,Meliola phyllostachydis,,,,,,,,no_image
144121,Meliola schimicola,,,,,,,,no_image
144141,Meliola symplocicola,,,,,,,,no_image
144161,Meliola warneckei,,,,,,,,no_image
110845,Meliosma longipes,疏枝泡花树,,,,,,,no_image
49131,Meliscaeva splendida,丽狭腹蚜蝇,,,,,,,no_image
2097,Melita setiflagella,毛鞭马耳钩虾,,,,,,,no_image
49157,Melitta harrietae,喜马拉雅准蜂,,,,,,,no_image
49179,Melligomphus ludens,无峰弯尾春蜓,,,,,,,no_image
110891,Melodinus fusiformis,尖山橙,,,,,,,no_image
6086,Membranobalanus longirostrum,长吻膜藤壶,,,,,,,no_image
13003,Mendoza nobilis,高尚蒙蛛,,,,,,,no_image
49187,Menesia flavotecta,,,,,,,,no_image
150332,Mensularia vernicosa,,,,,,,,no_image
145978,Meottomyces striatulus,,,,,,,,no_image
78129,Mergellus albellus,斑头秋沙鸭,,,,,,,no_image
8934,Meristacarus heterotrichus,异毛裂甲螨,,,,,,,no_image
49219,Merionoeda neglecta,,,,,,,,no_image
49236,Merochlorops ochracea,棕色台秆蝇,,,,,,,no_image
49255,Meromyza nigripes,黑色麦秆蝇,,,,,,,no_image
78143,Merops orientalis,绿喉蜂虎,,,,,,,no_image
110946,Merremia sibirica,北鱼黄草,,,,,,,no_image
151584,Merulioporia violacea,紫假干朽菌,,,,,,,no_image
49275,Mesasiobia hemixanthocara,黄波球螋,,,,,,,no_image
14979,Mesida yangbi,漾濞天星蛛,,,,,,,no_image
49295,Mesembrius bengalensis,斑腹墨管蚜蝇,,,,,,,no_image
49327,Mesoleuca psydria,虚莓尺蛾,,,,,,,no_image
49344,Mesoperla crucigera,叉形中(虫责),,,,,,,no_image
49361,Mesopolobus agropyricola,隐迈金小蜂,,,,,,,no_image
49381,Mesopolobus tibialis,光胫迈金小蜂,,,,,,,no_image
49396,Mesorhaga albiflabellata,白扇孤脉长足虻,,,,,,,no_image
49416,Mesosa cheni,,,,,,,,no_image
49437,Mesosa stictica,,,,,,,,no_image
6473,Mesothuria regularia,规则间海参,,,,,,,no_image
132258,Metacapnodium moniliforme,,,,,,,,no_image
110994,Metadina trichotoma,黄棉木,,,,,,,no_image
111002,Metagentiana primuliflora,狭蕊龙胆,,,,,,,no_image
5594,Metalinhomoeus longiseta,长毛后线形线虫,,,,,,,no_image
49495,Metanastria hyrtaca,大斑尖枯叶蛾,,,,,,,no_image
776,Metapenaeopsis commensalis,共栖赤虾,,,,,,,no_image
693,Metapenaeus intermedius,中型新对虾,,,,,,,no_image
17933,Metaphire hunanensis,湖南腔蚓,,,,,,,no_image
17751,Metaphire bununa,布农腔蚓,,,,,,,no_image
18011,Metaphire praepinguis,,,,,,,,no_image
18893,Metaphorura motuoensis,,,,,,,,no_image
49516,Metaphycus qinlingensis,秦岭阔柄跳小蜂,,,,,,,no_image
141744,Metarhizium viridulum,,,,,,,,no_image
111020,Metathelypteris deltoideofrons,三角叶凸轴蕨,,,,,,,no_image
49533,Meteoridea chui,祝氏鳞跨茧蜂,,,,,,,no_image
49542,Meteorus colon,肠悬茧蜂,,,,,,,no_image
49571,Metolinus nabanhe,,,,,,,,no_image
49561,Metipocregyes variabilis,,,,,,,,no_image
78170,Metopidius indicus,铜翅水雉,,,,,,,no_image
16993,Metorchis fulicis,秧鸡次睾吸虫,,,,,,,no_image
49614,Metriocnemus dentipalpus,齿须中足摇蚊,,,,,,,no_image
78173,Metzia longinasus,长鼻梅氏鳊,,,,,,,no_image
140976,Metschnikowia krissii,,,,,,,,no_image
15255,Miagrammopes unguliformis,蹄形长妩蛛,,,,,,,no_image
135478,Micarea botryoides,葡萄亚网衣,,,,,,,no_image
13817,Micaria logunovi,罗氏小蚁蛛,,,,,,,no_image
49669,Michailocoris triamaculosus,三点米盲蝽,,,,,,,no_image
111084,Michelia guangdongensis,广东含笑,,,,,,,no_image
111104,Michelia velutina,绒毛含笑,,,,,,,no_image
111115,Micranthes atrata,黑亭阁草,,,,,,,no_image
111130,Micrechites xiangguiensis,湘桂小花藤,,,,,,,no_image
111134,Microbryum rectum,直齿细丛藓,,,,,,,no_image
49690,Microcerotermes periminutus,微锯白蚁,,,,,,,no_image
111147,Micrococca mercurialis,地构桐,,,,,,,no_image
15424,Microdipoena menglunensis,勐仑小圆腹蛛,,,,,,,no_image
4430,Microdaphne,,,,,,,,no_image
49744,Microdon oitanus,青铜巢穴蚜蝇,,,,,,,no_image
49764,Microdrosophila falciformis,镰形微果蝇,,,,,,,no_image
49784,Microdrosophila vara,内折微果蝇,,,,,,,no_image
78180,Microhierax caerulescens,红腿小隼,,,,,,,no_image
49790,Microlenecamptus signatus,,,,,,,,no_image
111186,Microlepia pseudostrigosa,假粗毛鳞盖蕨,,,,,,,no_image
14115,Microlinyphia sterilis,不育小皿蛛,,,,,,,no_image
49828,Micromus paganus,农脉褐蛉,,,,,,,no_image
111201,Micromelum integerrimum,小芸木,,,,,,,no_image
78196,Micromys pygmaeus,四川巢鼠,,,,,,,no_image
49861,Micropeplus piankouensis,,,,,,,,no_image
49877,Micropeza annulipes,环瘦足蝇,,,,,,,no_image
151590,Microporus aleuritis,,,,,,,,no_image
78213,Microphysogobio linghensis,凌河小鳔&#x0000E068;,,,,,,,no_image
49892,Micropsectra taiwanus,台湾小突摇蚊,,,,,,,no_image
138071,Microsphaera atraphaxidis,,,,,,,,no_image
111221,Microstachys chamaelea,地杨桃,,,,,,,no_image
140807,Microstoma insititium,大孢小口盘菌,,,,,,,no_image
9092,Microtegeus reticulatus,网小隅甲螨,,,,,,,no_image
49927,Microterys chalcostomus,铜绿花翅跳小蜂,,,,,,,no_image
49967,Microterys varicoloris,异色花翅跳小蜂,,,,,,,no_image
49947,Microterys metaceronemae,瘤毡蚧花翅跳小蜂,,,,,,,no_image
111259,Microtoena patchoulii,滇南冠唇花,,,,,,,no_image
111277,Microtropis hexandra,六蕊假卫矛,,,,,,,no_image
111297,Microtropis triflora,三花假卫矛,,,,,,,no_image
111310,Microula hispidissima,密毛微孔草,,,,,,,no_image
111338,Microula tangutica,宽苞微孔草,,,,,,,no_image
111349,Middletonia changjiangensis,昌江粉毛苣苔,,,,,,,no_image
49983,Mikia yunnanica,云南密克寄蝇,,,,,,,no_image
50002,Mileewa houhensis,后河窗翅叶蝉,,,,,,,no_image
50022,Mileewa rufivena,红脉窗翅叶蝉,,,,,,,no_image
50042,Milesia nigriventris,黑腹迷蚜蝇,,,,,,,no_image
50053,Miletus chinensis,中华云灰蝶,,,,,,,no_image
7055,Millepora dichotoma,分叉多孔螅,,,,,,,no_image
50068,Miltochrista conformis,同美苔蛾,,,,,,,no_image
50088,Miltochrista inscripta,刻美苔蛾,,,,,,,no_image
50109,Miltochrista prominens,显美苔蛾,,,,,,,no_image
50130,Miltogramma asiatica,亚洲蜂麻蝇,,,,,,,no_image
6361,Mimachlamys nobilis,华贵类栉孔扇贝,,,,,,,no_image
50170,Mimectatina truncatipennis,,,,,,,,no_image
11405,Mimetus yinae,尹氏拟态蛛,,,,,,,no_image
50200,Mimopydna insignis,独拟皮舟蛾,,,,,,,no_image
50221,Mimostrangalia longicornis,,,,,,,,no_image
50241,Minettia bawanglingensis,霸王岭亮黑缟蝇,,,,,,,no_image
50261,Minettia rufiventris,红腹瘤黑缟蝇,,,,,,,no_image
50278,Minilimosina linzhi,林芝索小粪蝇,,,,,,,no_image
78251,Minla ignotincta,火尾希鹛,,,,,,,no_image
50299,Miobdelus choui,,,,,,,,no_image
50324,Miobdelus tenuis,,,,,,,,no_image
50336,Miramella solitaria,玛蝗,,,,,,,no_image
50355,Miresa kwangtungensis,迹银纹刺蛾,,,,,,,no_image
50373,Mirollia rufonotata,红点奇螽,,,,,,,no_image
17654,Mirus alboreflexus,白射奇异螺,,,,,,,no_image
50398,Mischoserphus sinensis,中华柄脉细蜂,,,,,,,no_image
50408,Mitchella laxisinuata,广窦米蝠蚤,,,,,,,no_image
2770,Mitra chrysostoma,华丽笔螺,,,,,,,no_image
2711,Mitra papalis,肩棘笔螺,,,,,,,no_image
111396,Mitragyna hirsuta,毛帽蕊木,,,,,,,no_image
111418,Mitreola reticulata,网子度量草,,,,,,,no_image
138775,Mitrula roseola,粉头地杖菌,,,,,,,no_image
111438,Mnioloma fuscum,棕色疣胞苔,,,,,,,no_image
111427,Miyabea fruticella,瓦叶藓,,,,,,,no_image
50424,Mocis ancilla,奚毛胫夜蛾,,,,,,,no_image
15171,Modisimus culicinus,角突莫蒂蛛,,,,,,,no_image
138964,Moellerodiscus lentus,迈勒盘菌,,,,,,,no_image
11706,Molione lemboda,舟突齿腹蛛,,,,,,,no_image
4919,Moloha majora,大摩罗人面蟹,,,,,,,no_image
50446,Mohrigia composivera,复摩眼蕈蚊,,,,,,,no_image
50477,Molophilus nigripes,黑足磨大蚊,,,,,,,no_image
50497,Molorchus changi,,,,,,,,no_image
50517,Molorchus liukueiensis,,,,,,,,no_image
50538,Molorchus taiwanus,,,,,,,,no_image
50552,Monacanthomyia atronitens,黑亮单刺水虻,,,,,,,no_image
50565,Monema flavescens,黄刺蛾,,,,,,,no_image
50558,Monalocoris ochraceus,赭胸微盲蝽,,,,,,,no_image
50572,Mongoleon pilosus,毛蒙蚁蛉,,,,,,,no_image
50590,Mongoloraphidia curvata,弯突蒙蛇蛉,,,,,,,no_image
138970,Monilia oxycocci,,,,,,,,no_image
111469,Monimopetalum chinense,永瓣藤,,,,,,,no_image
50617,Monoceromyia tienmushanensis,天目柄角蚜蝇,,,,,,,no_image
50624,Monochamus alboapicalis,,,,,,,,no_image
50647,Monochamus rectus,,,,,,,,no_image
50662,Monodiamesa bathyphila,深色单寡角摇蚊,,,,,,,no_image
143143,Monodictys pandani,,,,,,,,no_image
19150,Monodontocerus trigrandis,,,,,,,,no_image
111476,Monoon fragrans,伞花单籽暗罗,,,,,,,no_image
50673,Monopsyllus indages,花鼠单蚤,,,,,,,no_image
145489,Montagnea tenuis,,,,,,,,no_image
143164,Monostichella indica,,,,,,,,no_image
6918,Montipora edwardsi,艾氏蔷薇珊瑚,,,,,,,no_image
869,Montrouzieria clathrata,布目蒙措蛤,,,,,,,no_image
139872,Morchella angusticeps,小顶羊肚菌,,,,,,,no_image
139892,Morchella pseudorigida,,,,,,,,no_image
6862,Morchellana florida,多花编笠软珊瑚,,,,,,,no_image
50704,Morellia hortorum,林莫蝇,,,,,,,no_image
111520,Morinda hupehensis,湖北巴戟,,,,,,,no_image
50721,Morimus assamensis,,,,,,,,no_image
78315,Moringua macrochir,大鳍蚓鳗,,,,,,,no_image
155842,Mortierella alpina,高山被孢霉,,,,,,,no_image
155862,Mortierella oligospora,寡孢被孢霉,,,,,,,no_image
17357,Morula echinata,刺猬结螺,,,,,,,no_image
111564,Mosla chinensis,石香薷,,,,,,,no_image
111554,Morus macroura,奶桑,,,,,,,no_image
155969,Mucor lamprosporus,闪孢毛霉,,,,,,,no_image
155949,Mucor corticolus,,,,,,,,no_image
78345,Motacilla tschutschensis,黄鹡鸰,,,,,,,no_image
155989,Mucor pyriformis,,,,,,,,no_image
156009,Mucor zonatus,,,,,,,,no_image
111601,Mucuna macrocarpa,大果油麻藤,,,,,,,no_image
78352,Mugilogobius abei,阿部氏鲻鰕虎,,,,,,,no_image
78357,Mulleripicus pulverulentus,大灰啄木鸟,,,,,,,no_image
143183,Multicellaesporites lanceolatus,,,,,,,,no_image
9157,Multioppia formosana,台湾多奥甲螨,,,,,,,no_image
143203,Multicellaesporites spindlus,,,,,,,,no_image
552,Munida kuboi,久保刺铠虾,,,,,,,no_image
598,Munida typhle,盲眼刺铠虾,,,,,,,no_image
596,Munidopsis longirostris,长额拟刺铠虾,,,,,,,no_image
111634,Murdannia macrocarpa,大果水竹叶,,,,,,,no_image
111624,Munronia yinggelingensis,鹦哥岭地黄连,,,,,,,no_image
8248,Muriceides collaris,高领类尖柳珊瑚,,,,,,,no_image
78383,Murina huttonii,中管鼻蝠,,,,,,,no_image
111653,Murraya tetramera,四数九里香,,,,,,,no_image
50762,Musca bezzii,北栖家蝇,,,,,,,no_image
111666,Musa formobisiana,台拔芭蕉,,,,,,,no_image
50782,Musca seniorwhitei,牲家蝇,,,,,,,no_image
50796,Muscina stabulans,厩腐蝇,,,,,,,no_image
111710,Mussaenda emeiensis,峨眉玉叶金花,,,,,,,no_image
111737,Mutarda nigra,黑芥,,,,,,,no_image
111732,Mussaenda sessilifolia,无柄玉叶金花,,,,,,,no_image
4692,Mycale parishi,巴里轭山海绵,,,,,,,no_image
147356,Mycena abramsii,沟纹小菇,,,,,,,no_image
147376,Mycena capillaripes,,,,,,,,no_image
147396,Mycena dryopteriphila,,,,,,,,no_image
147416,Mycena insignis,唯一小茹,,,,,,,no_image
147436,Mycena mirata,,,,,,,,no_image
147456,Mycena pseudoglutinosa,拟胶粘小菇,,,,,,,no_image
147476,Mycena stipata,,,,,,,,no_image
147496,Mycena vitrea,,,,,,,,no_image
50845,Mycetophila chaoi,赵氏菌蚊,,,,,,,no_image
111749,Mycetia hainanensis,海南腺萼木,,,,,,,no_image
50865,Mycetophila oratorila,黑腹菌蚊,,,,,,,no_image
50898,Mycodrosophila gratiosa,腹纹菇果蝇,,,,,,,no_image
50885,Mycetophila vigena,茂盛菌蚊,,,,,,,no_image
143212,Mycoleptodonoides aitchisonii,长齿类小齿菌,,,,,,,no_image
50946,Mycomya simulans,拟真菌蚊,,,,,,,no_image
50926,Mycomya gutianshana,古田山真菌蚊,,,,,,,no_image
132741,Mycosphaerella passiflorae,,,,,,,,no_image
132721,Mycosphaerella amomi,,,,,,,,no_image
50975,Mydaea corni,小盾圆蝇,,,,,,,no_image
50963,Mycterothrips betulae,桦树喙蓟马,,,,,,,no_image
50996,Mydaea tinctoscutaris,饰盾圆蝇,,,,,,,no_image
78437,Myersina papuanus,巴布亚犁突鰕虎,,,,,,,no_image
51028,Myllaena ming,,,,,,,,no_image
51008,Myllaena bifurcata,,,,,,,,no_image
51061,Myopina myopina,广额花蝇,,,,,,,no_image
51045,Myoleja montana,山地迈实蝇,,,,,,,no_image
78453,Myospalax psilurus,东北鼢鼠,,,,,,,no_image
51091,Myospila fengi,冯氏妙蝇,,,,,,,no_image
51111,Myospila lenticeps,扁头妙蝇,,,,,,,no_image
51131,Myospila subflavitibia,亚黄胫妙蝇,,,,,,,no_image
78464,Myotis davidii,大卫鼠耳蝠,,,,,,,no_image
2575,Myra biconica,双锥长臂蟹,,,,,,,no_image
111781,Myricaria pulcherrima,心叶水柏枝,,,,,,,no_image
111793,Myriophyllum heterophyllum,异叶狐尾藻,,,,,,,no_image
78492,Myripristis kuntee,康德锯鳞鱼,,,,,,,no_image
51165,Myrmecocephalus taiwaelegans,,,,,,,,no_image
12782,Myrmarachne inermichelis,无刺蚁蛛,,,,,,,no_image
111812,Myrmechis urceolata,宽瓣全唇兰,,,,,,,no_image
51185,Myrmeleon immanis,浅蚁蛉,,,,,,,no_image
78497,Myrophis microchir,小尾油蛇鳗,,,,,,,no_image
3050,Mysidella incisa,尖凹小糠虾,,,,,,,no_image
15410,Mysmena wawuensis,瓦屋密蛛,,,,,,,no_image
111827,Myurella julacea,小鼠尾藓,,,,,,,no_image
138804,Myxotrichum dendromorphum,,,,,,,,no_image
51256,Nacaeus impressicollis,,,,,,,,no_image
51232,Nabis capsiformis,窄姬蝽,,,,,,,no_image
148242,Naematoloma subochraceum,近赭色沿丝伞,,,,,,,no_image
140955,Nadsoniomyces sphenoides,,,,,,,,no_image
111843,Najas foveolata,多孔茨藻,,,,,,,no_image
51290,Namsangia garialis,匙南无僧叶蝉,,,,,,,no_image
111857,Nandina domestica,南天竹,,,,,,,no_image
111867,Nannoglottis ravida,青海毛冠菊,,,,,,,no_image
111872,Nanocnide zhejiangensis,浙江花点草,,,,,,,no_image
140814,Nanoscypha pulchra,美丽小杯菌,,,,,,,no_image
78531,Narcetes kamoharai,蒲原黑口鱼,,,,,,,no_image
152757,Naohidea sebacea,,,,,,,,no_image
51353,Narinosus nativus,鼻瓢蜡蝉,,,,,,,no_image
51373,Nasimyia rozkosnyi,若氏鼻水虻,,,,,,,no_image
14340,Nasoona prominula,稍突屿蛛,,,,,,,no_image
8664,Nassarius coronatus,花冠织纹螺,,,,,,,no_image
8634,Nassarius javanus,爪哇织纹螺,,,,,,,no_image
8660,Nassarius rutilans,咖啡织紋螺,,,,,,,no_image
51379,Nasutitermes curtinasus,短鼻象白蚁,,,,,,,no_image
51399,Nasutitermes parvonasutus,小象白蚁,,,,,,,no_image
111892,Nathaliella alaica,石玄参,,,,,,,no_image
5656,Naticarius donghaiensis,东海玉螺,,,,,,,no_image
146677,Naucoria foveolata,,,,,,,,no_image
51421,Nazeris abbreviatus,,,,,,,,no_image
51461,Nazeris cornutus,,,,,,,,no_image
51441,Nazeris bisinuosus,,,,,,,,no_image
51501,Nazeris ishiianus,,,,,,,,no_image
51481,Nazeris formidabilis,,,,,,,,no_image
51521,Nazeris meilicus,,,,,,,,no_image
51541,Nazeris puetzi,,,,,,,,no_image
51561,Nazeris simulans,,,,,,,,no_image
51583,Nazeris xizangensis,,,,,,,,no_image
51603,Neaera laticornis,宽角尼寄蝇,,,,,,,no_image
4012,Neanthes caudata,尾刺沙蚕,,,,,,,no_image
51621,Neasura nigroanalis,黑尾纺苔蛾,,,,,,,no_image
111924,Neckera setschwanica,四川平藓,,,,,,,no_image
78566,Nectamia savayensis,萨摩亚圣天竺鲷,,,,,,,no_image
142115,Nectria pallidula,,,,,,,,no_image
16004,Nedyopus beroni,,,,,,,,no_image
51639,Necydalis lateralis,,,,,,,,no_image
2531,Neilo bisculpta,双纹尼罗蛤,,,,,,,no_image
51665,Nehemitropia lividipennis,,,,,,,,no_image
78575,Nemacheilus obscurus,暗纹条鳅,,,,,,,no_image
147803,Nematoctonus angustatus,,,,,,,,no_image
14080,Nematogmus sanguinolentus,橙色疣舟蛛,,,,,,,no_image
8211,Nemertesia sp,纽羽螅B,,,,,,,no_image
78586,Nemipterus hexodon,六齿金线鱼,,,,,,,no_image
51694,Nemoraea fenestrata,多孔毛瓣寄蝇,,,,,,,no_image
51709,Nemotelus bomynensis,鱼卡线角水虻,,,,,,,no_image
51729,Nemoura cochleocercia,匙尾叉(虫责),,,,,,,no_image
111975,Neoalsomitra clavigera,藏棒锤瓜,,,,,,,no_image
51749,Nemoura needhamia,岐尾叉(虫责),,,,,,,no_image
51778,Neobetulaphis alba,白新桦斑蚜,,,,,,,no_image
51792,Neobrachyceraea obscuripennis,墨纽眼蝇,,,,,,,no_image
132120,Neocapnodium tanakae,,,,,,,,no_image
1902,Neocaridina zhoushanensis,舟山新米虾,,,,,,,no_image
51808,Neochauliodes digitiformis,指突斑鱼蛉,,,,,,,no_image
51828,Neochauliodes sparsus,小碎斑鱼蛉,,,,,,,no_image
139344,Neococcomyces rhododendri,新齿裂菌,,,,,,,no_image
111994,Neodolichomitra yunnanensis,新船叶藓,,,,,,,no_image
78617,Neodon sikimensis,锡金松田鼠,,,,,,,no_image
51864,Neodrymonia inevitabilis,茵新林舟蛾,,,,,,,no_image
51886,Neodusmetia sangwani,,,,,,,,no_image
51906,Neoempheria sinica,中华新菌蚊,,,,,,,no_image
51914,Neofilchneria uncata,钩突新费(虫责),,,,,,,no_image
51916,Neohapalothrix manschukuensis,东北新网蚊,,,,,,,no_image
51941,Neohormaphis wuyiensis,武夷新扁蚜,,,,,,,no_image
51958,Neoitamus cyaneocinctus,灰弯顶毛食虫虻,,,,,,,no_image
9952,Neoleipothrix alocasiae,,,,,,,,no_image
141294,Neolinocarpon eutypoides,,,,,,,,no_image
112017,Neolitsea chrysotricha,金毛新木姜子,,,,,,,no_image
112039,Neolitsea pallens,灰白新木姜子,,,,,,,no_image
51982,Neolosus cribripennis,,,,,,,,no_image
52001,Neolygus hani,韩氏新丽盲蝽,,,,,,,no_image
52021,Neolygus tiliicola,椴新丽盲蝽,,,,,,,no_image
112063,Neomicrocalamus prainii,新小竹,,,,,,,no_image
52048,Neomyia lauta,黑斑翠蝇,,,,,,,no_image
13015,Neon wangi,王氏新跳蛛,,,,,,,no_image
78637,Neoniphon opercularis,黑鳍新东洋鳂,,,,,,,no_image
52104,Neoperla breviscrotata,短囊新(虫责),,,,,,,no_image
52083,Neope pulaha,黄斑荫眼蝶,,,,,,,no_image
52124,Neoperla hainanensis,海南新(虫责),,,,,,,no_image
52144,Neoperla maolanensis,茂兰新(虫责),,,,,,,no_image
52164,Neoperla taibaina,太白新(虫责),,,,,,,no_image
52182,Neophaedon pusillus,微新猿叶甲,,,,,,,no_image
52196,Neophyllomyza lii,李氏新叶蝇,,,,,,,no_image
52211,Neopsylla affinis,相关新蚤,,,,,,,no_image
52233,Neopsylla nebula,暗新蚤,,,,,,,no_image
52262,Neorhamnusium wuchaoi,,,,,,,,no_image
3217,Neosarmatium indicum,印度新胀蟹,,,,,,,no_image
52288,Neosclerus hlavaci,,,,,,,,no_image
11256,Neoscona menghaiensis,勐海新园蛛,,,,,,,no_image
10905,Neoscona yadongensis,亚东新园蛛,,,,,,,no_image
52306,Neosinophasma tangliangi,唐亮新华枝䗛,,,,,,,no_image
78657,Neosuthora davidiana,短尾鸦雀,,,,,,,no_image
52334,Neotermes sphenocephalus,楔头新白蚁,,,,,,,no_image
52350,Neothoracaphis tarokoensis,太鲁阁新胸蚜,,,,,,,no_image
52360,Neotrachystola superciliata,,,,,,,,no_image
112099,Neottia formosana,长唇对叶兰,,,,,,,no_image
112119,Neottia nanchuanica,南川对叶兰,,,,,,,no_image
152886,Neovossia iowensis,,,,,,,,no_image
140595,Neottiella crucipila,,,,,,,,no_image
52375,Neozephyrus coruscans,闪光翠灰蝶,,,,,,,no_image
12797,Nepalicius koreanus,韩国尼伊蛛,,,,,,,no_image
15802,Nepalmatoiulus tibetanus,,,,,,,,no_image
52421,Nepalomyia siveci,赛氏跗距长足虻,,,,,,,no_image
52401,Nepalomyia hastata,戗跗距长足虻,,,,,,,no_image
52441,Nepalonesia ventrexcerta,突腹尼蚓蝇,,,,,,,no_image
52461,Nepalota pernitida,,,,,,,,no_image
112148,Nepeta fordii,心叶荆芥,,,,,,,no_image
112169,Nepeta sibirica,大花荆芥,,,,,,,no_image
11154,Nephila pilipes,斑络新妇,,,,,,,no_image
137228,Nephroma parile,镶边肾盘衣,,,,,,,no_image
52500,Nephrotoma delta,三角短柄大蚊,,,,,,,no_image
3170,Nephropsis sulcata,沟拟海螯虾,,,,,,,no_image
52521,Nephrotoma kaulbacki,寡斑短柄大蚊,,,,,,,no_image
52564,Nephrotoma takeuchii,黄顶短柄大蚊,,,,,,,no_image
52541,Nephrotoma profunda,尖裂短柄大蚊,,,,,,,no_image
5779,Nephtys oligobranchia,寡鳃齿吻沙蚕,,,,,,,no_image
52605,Neptis divisa,五段环蛱蝶,,,,,,,no_image
52664,Neptis pryeri,链环蛱蝶,,,,,,,no_image
3995,Nereis coutierei,滑镰沙蚕,,,,,,,no_image
3979,Nereis trifasciata,三带沙蚕,,,,,,,no_image
14429,Neriene compta,饰斑盖蛛,,,,,,,no_image
14372,Neriene zanhuangica,赞皇盖蛛,,,,,,,no_image
112210,Nervilia muratana,滇南芋兰,,,,,,,no_image
14543,Nesticella arcuata,弯弓小类球蛛,,,,,,,no_image
14504,Nesticella odonta,齿小类球蛛,,,,,,,no_image
143232,Neta lignicola,,,,,,,,no_image
52738,Neuraphes sichuanus,,,,,,,,no_image
52758,Neurigona henana,河南脉长足虻,,,,,,,no_image
52778,Neurois atrovirens,绿络夜蛾,,,,,,,no_image
52798,Neuronema omeishanum,峨嵋脉线蛉,,,,,,,no_image
52812,Neurothemis tullia,截斑脉蜻,,,,,,,no_image
78670,Nezumia coheni,科氏奈氏鳕,,,,,,,no_image
112231,Nicotiana alata,花烟草,,,,,,,no_image
78693,Nidirana okinavana,琉球琴蛙/竖琴蛙,,,,,,,no_image
13568,Nigma albida,白黑卷蛛,,,,,,,no_image
143238,Nigrospora sacchari,,,,,,,,no_image
52851,Nihonogomphus simillimus,相似日春蜓,,,,,,,no_image
52867,Nilea innoxia,音尼里寄蝇,,,,,,,no_image
52887,Nilothauma bilobatum,双叶尼罗摇蚊,,,,,,,no_image
52914,Niphona longesignata,,,,,,,,no_image
78714,Ninox scutulata,鹰鸮,,,,,,,no_image
52931,Niponostenostola gressitt,,,,,,,,no_image
52942,Nipponeurorthus damingshanicus,大明山汉泽蛉,,,,,,,no_image
52958,Nipponomyia kulingensis,江西倭大蚊,,,,,,,no_image
52961,Nirvana pallida,淡色隐脉叶蝉,,,,,,,no_image
5491,Nitidotellina nitidula,亮樱蛤,,,,,,,no_image
78728,Niviventer coninga,台湾白腹鼠,,,,,,,no_image
6593,Nobia grandis,大贵藤壶,,,,,,,no_image
52989,Nodina chalcosoma,金球肖叶甲,,,,,,,no_image
53006,Nodynus kasaharai,,,,,,,,no_image
146275,Nolanea mammosa,,,,,,,,no_image
53034,Nondenticentrus brevivalvulatus,短瓣无齿角蝉,,,,,,,no_image
53050,Noonamyia bisubulata,双锥长鬃缟蝇,,,,,,,no_image
53086,Nortia planicollis,,,,,,,,no_image
53071,Nordstroemia recava,曲缘线钩蛾,,,,,,,no_image
53123,Nostima picta,,,,,,,,no_image
53131,Nothocasis octobris,川伪沼尺蛾,,,,,,,no_image
147314,Nothopanus eugrammus,真线假革耳,,,,,,,no_image
53150,Nothoserphus quadricarinatus,四脊前沟细蜂,,,,,,,no_image
53162,Notiobiella stellata,星绿褐蛉,,,,,,,no_image
53173,Notiphila nigricornis,黑角刺角水蝇,,,,,,,no_image
53195,Notodonta torva,烟灰舟蛾,,,,,,,no_image
18276,Notommata thopica,鹊形椎轮虫,,,,,,,no_image
53209,Notosacantha fumida,华南瘤龟甲,,,,,,,no_image
112283,Notoseris triflora,三花紫菊,,,,,,,no_image
171,Novactaea modesta,和顺新银杏蟹,,,,,,,no_image
78764,Nuchequula gerreoides,若盾项鲾,,,,,,,no_image
4956,Nucula paulula,小胡桃蛤,,,,,,,no_image
53241,Nudobius shan,,,,,,,,no_image
112298,Nuphar pumila,萍蓬草,,,,,,,no_image
53276,Nupserha quadrioculata,,,,,,,,no_image
2573,Nursilia dentata,钝齿仿五角蟹,,,,,,,no_image
53302,Nychogomphus yangi,杨氏奈春蜓,,,,,,,no_image
53318,Nycteribia parvula,短铗蛛蝇,,,,,,,no_image
112302,Nyctocalos brunfelsiiflorus,照夜白,,,,,,,no_image
112319,Nymphanthus fimbricalyx,穗萼叶下珠,,,,,,,no_image
53345,Nysina grahami,,,,,,,,no_image
154548,Nyssopsora thwaitesii,思韦茨花孢锈菌,,,,,,,no_image
53366,Oberea breviantennalis,,,,,,,,no_image
53387,Oberea fusciventris,,,,,,,,no_image
53407,Oberea nigriventris,,,,,,,,no_image
53427,Oberea taiwana,,,,,,,,no_image
53447,Obereopsis signaticornis,,,,,,,,no_image
112364,Oberonia kanburiensis,苏瓣鸢尾兰,,,,,,,no_image
112384,Oberonioides microtatantha,小沼兰,,,,,,,no_image
53467,Obrium rufograndum,,,,,,,,no_image
78796,Occidozyga lima,尖舌浮蛙,,,,,,,no_image
17384,Ocenebra acanthophora,荆刺刍秣螺,,,,,,,no_image
78807,Ochotona curzoniae,高原鼠兔,,,,,,,no_image
78827,Ochotona thibetana,藏鼠兔,,,,,,,no_image
137413,Ochrolechia oregonensis,俄勒冈肉疣衣,,,,,,,no_image
53497,Ochropleura clara,清狼夜蛾,,,,,,,no_image
53517,Ochropleura nigrita,孽狼夜蛾,,,,,,,no_image
112390,Ochrosia elliptica,古城玫瑰树,,,,,,,no_image
53551,Ochthephilus laevis,,,,,,,,no_image
53571,Ochthera sauteri,沙特螳水蝇,,,,,,,no_image
78829,Ocosia fasciata,条纹线鲉,,,,,,,no_image
4874,Octolasmis lowei,娄氏板茗荷,,,,,,,no_image
15264,Octonoba serratula,锯齿涡蛛,,,,,,,no_image
140606,Octospora carneola,,,,,,,,no_image
53584,Octothrips bhatti,巴氏奥克突蓟马,,,,,,,no_image
53616,Ocypus denticulminis,,,,,,,,no_image
53601,Ocydromia shanxiensis,山西捷舞虻,,,,,,,no_image
53637,Ocypus liaoningensis,,,,,,,,no_image
53659,Ocypus rhinton,,,,,,,,no_image
53679,Ocyusa yakouensis,,,,,,,,no_image
112406,Odontarrhena tortuosa,扭茎齿丝荠,,,,,,,no_image
112409,Odontochilus brevistylus,,,,,,,,no_image
13702,Odontodrassus hondoensis,本渡齿蛛,,,,,,,no_image
53717,Odontomyia argentata,银色短角水虻,,,,,,,no_image
53751,Odontosina zayuana,察隅肖齿舟蛾,,,,,,,no_image
2857,Odontophora axonolaimoides,似轴咽齿线虫,,,,,,,no_image
112475,Odontostemma omeiense,峨眉齿缀草,,,,,,,no_image
112447,Odontostemma ionandrum,紫蕊无心菜,,,,,,,no_image
112498,Odontostemma xerophilum,旱生无心菜,,,,,,,no_image
53761,Odontotermes giriensis,吉陵土白蚁,,,,,,,no_image
53781,Odontothrips loti,牛角花齿蓟马,,,,,,,no_image
78859,Odorrana graminea,大绿臭蛙,,,,,,,no_image
78879,Odorrana schmackeri,花臭蛙,,,,,,,no_image
13654,Oecobius przewalskyi,高原拟壁钱,,,,,,,no_image
15451,Oedignatha scrobiculata,沟膨颚蛛,,,,,,,no_image
53811,Oedenops isis,黄跗短芒水蝇,,,,,,,no_image
112512,Oenanthe hookeri,高山水芹,,,,,,,no_image
112529,Oenothera oakesiana,曲序月见草,,,,,,,no_image
787,Offadesma nakamigawai,胖匙形蛤,,,,,,,no_image
14408,Oia imadatei,伊氏伊亚蛛,,,,,,,no_image
138091,Oidium mangiferae,,,,,,,,no_image
14917,Okileucauge tanikawai,谷川冲绳蛛,,,,,,,no_image
53877,Olenecamptus optatus,,,,,,,,no_image
112564,Olea salicifolia,喜马木犀榄,,,,,,,no_image
53898,Olethreutes siderana,线菊新小卷蛾,,,,,,,no_image
53902,Oligia fodinae,斗斑禾夜蛾,,,,,,,no_image
53920,Oligoneura yutsiensis,于潜寡小头虻,,,,,,,no_image
78910,Oligodon hamptoni,条纹小头蛇,,,,,,,no_image
9649,Oligonychus litchii,,,,,,,,no_image
150845,Oligoporus perdelicatus,,,,,,,,no_image
53944,Oligosita polioptera,灰翅寡索赤眼蜂,,,,,,,no_image
112598,Oligostachyum sulcatum,少穗竹,,,,,,,no_image
53950,Olophrinus striatus,,,,,,,,no_image
138408,Ombrophila verna,,,,,,,,no_image
155287,Olpidium protonemae,原丝体油壶菌,,,,,,,no_image
53985,Ommatius pauper,贫羽芒食虫虻,,,,,,,no_image
54012,Omphale mellea,蜜色宽唇姬小蜂,,,,,,,no_image
54002,Omocestus Zetterstedt,红胫牧草蝗,,,,,,,no_image
147671,Omphalotus mangensis,莽山类脐菇,,,,,,,no_image
148572,Omphalina chrysophylla,金黄褶亚脐菇,,,,,,,no_image
148592,Omphalina umbratilis,阴生小亚脐伞,,,,,,,no_image
1589,Oncopagurus monstrosus,单弓肿寄居蟹,,,,,,,no_image
54028,Oncusa lanpingensis,兰坪隆脊叶蝉,,,,,,,no_image
54043,Onesia huaxiaae,华夏蚓蝇,,,,,,,no_image
8398,Onkokepon articulatus,分节多疣蟹鳃虱,,,,,,,no_image
54060,Onomaus coloratus,秀色毛盾盲蝽,,,,,,,no_image
112678,Onosma yajiangense,雅江滇紫草,,,,,,,no_image
112651,Onosma glomeratum,团花滇紫草,,,,,,,no_image
54083,Onthophilus flavicornis,黄角脊阎甲,,,,,,,no_image
78944,Onychoprion aleuticus,白腰燕鸥,,,,,,,no_image
78941,Onuxodon parvibrachium,短臂钩潜鱼,,,,,,,no_image
78968,Onychostruthus taczanowskii,白腰雪雀,,,,,,,no_image
54115,Ooencyrtus aphidius,蚜茧蜂跳小蜂,,,,,,,no_image
54135,Ooencyrtus uniformis,,,,,,,,no_image
54149,Opalimosina prominentia,隆乳小粪蝇,,,,,,,no_image
54153,Operophtera relegata,瑞秋尺蛾,,,,,,,no_image
4452,Ophiarachna gorgonia,绿蛛蛇尾,,,,,,,no_image
1211,Ophiocentrus putnami,蒲氏盘棘蛇尾,,,,,,,no_image
5390,Ophiocoma scolopendrina,蜈蚣栉蛇尾,,,,,,,no_image
78982,Ophichthus polyophthalmus,多斑蛇鳗(眼斑蛇鳗),,,,,,,no_image
5750,Ophiocypris tuberculosus,疣泡板蛇尾,,,,,,,no_image
112702,Ophioglossum yongrenense,永仁瓶尔小草,,,,,,,no_image
444,Ophiomaza cacaotica,棕板蛇尾,,,,,,,no_image
54171,Ophiomyia oviformis,卵阳蛇潜蝇,,,,,,,no_image
54182,Ophioneurus lateralis,侧腹曲脉赤眼蜂,,,,,,,no_image
112707,Ophiopogon bockianus,连药沿阶草,,,,,,,no_image
112727,Ophiopogon mairei,西南沿阶草,,,,,,,no_image
112747,Ophiopogon stenophyllus,狭叶沿阶草,,,,,,,no_image
112761,Ophiorrhiza alatiflora,延翅蛇根草,,,,,,,no_image
112785,Ophiorrhiza grandibracteolata,大苞蛇根草,,,,,,,no_image
112805,Ophiorrhiza macrantha,大花蛇根草,,,,,,,no_image
112825,Ophiorrhiza purpureonervis,苍梧蛇根草,,,,,,,no_image
112845,Ophiorrhiza xunliniana,勋林蛇根草,,,,,,,no_image
54201,Ophthalmopsylla volgensis,伏河眼蚤,,,,,,,no_image
5743,Ophiura ooplax,卵板真蛇尾,,,,,,,no_image
464,Ophiothrix scotiosa,黑棘刺蛇尾,,,,,,,no_image
16816,Opilio chinensis,中华盲蛛,,,,,,,no_image
54227,Oplatocera callidioides,,,,,,,,no_image
78998,Opisthotropis andersonii,香港后棱蛇,,,,,,,no_image
54237,Opomyza aequicella,等室禾蝇,,,,,,,no_image
15369,Opopaea zhengi,郑氏巨膝蛛,,,,,,,no_image
17476,Orania ficula,无花果奥兰螺,,,,,,,no_image
112874,Orbea pulchella,豹皮花,,,,,,,no_image
139557,Orbilia delicatula,肾孢圆盘菌,,,,,,,no_image
139577,Orbilia sarraziniana,萨拉圆盘菌,,,,,,,no_image
15347,Orchestina multipunctata,多斑奥蛛,,,,,,,no_image
10859,Ordgarius hobsoni,何氏瘤腹蛛,,,,,,,no_image
112898,Oreocharis auricula,长瓣马铃苣苔,,,,,,,no_image
112924,Oreocharis craibii,短檐苣苔,,,,,,,no_image
112946,Oreocharis flavovirens,青翠马铃苣苔,,,,,,,no_image
112968,Oreocharis leucantha,白花金盏苣苔,,,,,,,no_image
112994,Oreocharis pankaiyuae,橙黄短檐苣苔,,,,,,,no_image
113020,Oreocharis rubra,红短檐苣苔,,,,,,,no_image
113040,Oreocharis uniflora,单花马铃苣苔,,,,,,,no_image
113064,Oreocnide integrifolia,全缘叶紫麻,,,,,,,no_image
79034,Oreoglanis jingdongensis,景东异齿&#x0000E096;,,,,,,,no_image
79046,Oreolalax omeimontis,峨眉齿蟾,,,,,,,no_image
54265,Oreomela foveipennis,窝翅高山叶甲,,,,,,,no_image
14368,Oreoneta tienshangensis,天山山纺蛛,,,,,,,no_image
54285,Oreomela rugipennis,皱高山叶甲,,,,,,,no_image
113106,Oreorchis patens,山兰,,,,,,,no_image
113125,Oresitrophe rupifraga,独根草,,,,,,,no_image
54343,Orgilus leptocephalus,小头怒茧蜂,,,,,,,no_image
8861,Oribatula zhangi,张氏若甲螨,,,,,,,no_image
54322,Oreta sinuata,曲突山钩蛾,,,,,,,no_image
54369,Orientispa nigricoxa,黑基东螳蛉,,,,,,,no_image
3043,Orientomysis hwanhaiensis,黄海东刺糠虾,,,,,,,no_image
54394,Orimarga gymnoneura,裸脉缘大蚊,,,,,,,no_image
79073,Oriolus tenuirostris,细嘴黄鹂,,,,,,,no_image
113133,Ormocarpum cochinchinense,链荚木,,,,,,,no_image
54444,Ormosia tenuispinosa,细刺索大蚊,,,,,,,no_image
54437,Ormosia nigripennis,黑翅索大蚊,,,,,,,no_image
54430,Ormosia fixa,固索大蚊,,,,,,,no_image
54454,Ornithophaga anomala,异样寄禽蚤,,,,,,,no_image
113206,Orobanche solmsii,长苞列当,,,,,,,no_image
136136,Oropogon lateralis,,,,,,,,no_image
54470,Oroplexia decorata,激夜蛾,,,,,,,no_image
54476,Oropsylla silantiewi,谢氏山蚤,,,,,,,no_image
54487,Orphnebius dishamatus,,,,,,,,no_image
137683,Orphniospora moriopsis,桑葚暗孢衣,,,,,,,no_image
54519,Ortalotrypeta idanina,曲纹川实蝇,,,,,,,no_image
113222,Orthilia obtusata,钝叶单侧花,,,,,,,no_image
54549,Orthocladius flectus,弯铗直突摇蚊,,,,,,,no_image
54594,Orthopodomyia albipes,花白直脚蚊,,,,,,,no_image
54569,Orthocladius thienemanni,提尼曼直突摇蚊,,,,,,,no_image
113230,Orthomnion loheri,隐缘立灯藓,,,,,,,no_image
54610,Orthosia incerta,梦尼夜蛾,,,,,,,no_image
113246,Orthotrichum callistomum,美孔木灵藓,,,,,,,no_image
54632,Orthotylus nigrilaneus,黑毛合垫盲蝽,,,,,,,no_image
113267,Orthotrichum schofieldii,苏氏木灵藓,,,,,,,no_image
12258,Orumcekia pseudogemata,伪蕾花冠蛛,,,,,,,no_image
113284,Oryza glaberrima,光稃稻,,,,,,,no_image
54662,Oscinella ventralis,腰带长缘秆蝇,,,,,,,no_image
54678,Osmia melanocephala,黑头壁蜂,,,,,,,no_image
113325,Osmanthus serrulatus,短丝木犀,,,,,,,no_image
54698,Osmia vidua,寡壁蜂,,,,,,,no_image
54711,Osmylus xizangensis,西藏溪蛉,,,,,,,no_image
54730,Osorius rectomarginatus,,,,,,,,no_image
113339,Osteomeles anthyllidifolia,小石积,,,,,,,no_image
79101,Ostorhinchus apogonoides,短齿鹦天竺鲷,,,,,,,no_image
79121,Ostorhinchus taeniophorus,褐带鹦天竺鲷,,,,,,,no_image
11910,Otacilia bizhouica,碧洲奥塔蛛,,,,,,,no_image
113370,Ostryopsis nobilis,滇虎榛子,,,,,,,no_image
11845,Otacilia involuta,内卷奥塔蛛,,,,,,,no_image
11925,Otacilia ovata,卵形奥塔蛛,,,,,,,no_image
54756,Othius aequabilis,,,,,,,,no_image
11901,Otacilia submicrostoma,近小孔奥塔蛛,,,,,,,no_image
54781,Othius lubricus,,,,,,,,no_image
54801,Othius shibatai,,,,,,,,no_image
139944,Otidea yunnanensis,云南侧盘菌,,,,,,,no_image
113393,Ottelia cordata,水菜花,,,,,,,no_image
139924,Otidea dochmia,,,,,,,,no_image
147727,Oudemansiella caussei,毛柄小奥德蘑,,,,,,,no_image
147747,Oudemansiella yunnanensis,云南小奥德蘑,,,,,,,no_image
79157,Ovophis jenkinsi,盈江烙铁头蛇,,,,,,,no_image
113412,Oxalis daitunensis,大屯山酢浆草,,,,,,,no_image
54826,Oxya chinensis,中华稻蝗,,,,,,,no_image
54846,Oxyartes densigranulatus,密粒刺异䗛,,,,,,,no_image
54882,Oxycera tangi,唐氏盾刺水虻,,,,,,,no_image
54862,Oxycera chikuni,集昆盾刺水虻,,,,,,,no_image
144655,Oxydothis grisea,,,,,,,,no_image
113432,Oxygraphis sikkimensis,单性鸦跖花,,,,,,,no_image
4546,Oxynaspis celata,隐刺茗荷,,,,,,,no_image
11350,Oxyopes gyirongensis,吉隆猫蛛,,,,,,,no_image
11340,Oxyopes striagatus,条纹猫蛛,,,,,,,no_image
54911,Oxypoda beijingensis,,,,,,,,no_image
54931,Oxypoda festiva,,,,,,,,no_image
54971,Oxypoda neohsingicola,,,,,,,,no_image
54951,Oxypoda latesentiens,,,,,,,,no_image
55011,Oxypoda tibetana,,,,,,,,no_image
54991,Oxypoda sinoangulatoides,,,,,,,,no_image
55030,Oxyporus atratulus,,,,,,,,no_image
55045,Oxyporus humerocroceus,,,,,,,,no_image
150679,Oxyporus piceicola,云杉锐孔菌,,,,,,,no_image
55075,Oxyporus yanae,,,,,,,,no_image
113441,Oxyspora yunnanensis,滇尖子木,,,,,,,no_image
14613,Oxytate guangxiensis,广西绿蟹蛛,,,,,,,no_image
55108,Oxytelus megaceros,,,,,,,,no_image
113451,Oxytropis anertii,长白棘豆,,,,,,,no_image
113476,Oxytropis chinglingensis,秦岭棘豆,,,,,,,no_image
113502,Oxytropis floribunda,多花棘豆,,,,,,,no_image
113522,Oxytropis inschanica,阴山棘豆,,,,,,,no_image
113546,Oxytropis macrobotrys,长穗棘豆,,,,,,,no_image
113568,Oxytropis oxyphylla,尖叶棘豆,,,,,,,no_image
113588,Oxytropis pusilla,细小棘豆,,,,,,,no_image
113610,Oxytropis shennongjiaensis,神农架棘豆,,,,,,,no_image
113632,Oxytropis valerii,瓦莱棘豆,,,,,,,no_image
113643,Oyama globosa,毛叶天女花,,,,,,,no_image
14667,Ozyptila nipponica,日本羽蛛,,,,,,,no_image
55141,Pachycerina javana,爪哇长角缟蝇,,,,,,,no_image
139989,Pachyella celtica,紫红厚盘菌,,,,,,,no_image
151600,Pachykytospora papyracea,纸状厚孢孔菌,,,,,,,no_image
55168,Pachymetopius dentatus,齿茎异冠叶蝉,,,,,,,no_image
55187,Pachyodes novata,新粉垂耳尺蛾,,,,,,,no_image
55229,Pachyta degener,,,,,,,,no_image
55206,Pachypasoides modesta,中途云枯叶蛾,,,,,,,no_image
113657,Pachypleurum nyalamense,聂拉木厚棱芹,,,,,,,no_image
79202,Pachytriton granulosus,秉志肥螈,,,,,,,no_image
155642,Pacispora dominikii,道氏平囊霉,,,,,,,no_image
134429,Paecilomyces byssochlamydoides,,,,,,,,no_image
134449,Paecilomyces stipitatus,,,,,,,,no_image
113678,Paederia stenobotrya,狭序鸡屎藤,,,,,,,no_image
55266,Paederus brunneolus,,,,,,,,no_image
55308,Paederus poweri,,,,,,,,no_image
55288,Paederus gracilacutus,,,,,,,,no_image
113690,Paeonia delavayi,滇牡丹,,,,,,,no_image
17354,Pagodula kosunorum,柯孙塔骨螺,,,,,,,no_image
5269,Paguristes sinensis,中华长眼寄居蟹,,,,,,,no_image
1711,Pagurus pectinatus,海绵寄居蟹,,,,,,,no_image
5092,Palaemon pacificus,太平长臂虾,,,,,,,no_image
55345,Palaeopsylla anserocepsoides,鹅头形古蚤,,,,,,,no_image
130,Palapedia obliquefrons,斜额柱足蟹,,,,,,,no_image
55365,Palaeopsylla remota,偏远古蚤,,,,,,,no_image
55394,Pales pavida,蓝黑栉寄蝇,,,,,,,no_image
113717,Paliurus hemsleyanus,铜钱树,,,,,,,no_image
2422,Palmadusta punctata,红斑焦掌贝,,,,,,,no_image
55435,Palpomyia fuscitibia,棕胫须蠓,,,,,,,no_image
55414,Palpada scutellaris,黑盾裸芒管蚜蝇,,,,,,,no_image
113738,Palustriella commutata,沼地藓,,,,,,,no_image
55463,Panacra busiris,鸟嘴绿天蛾,,,,,,,no_image
13036,Pancorius candidus,雪白盘蛛,,,,,,,no_image
11268,Pandava hunanensis,湖南庞蛛,,,,,,,no_image
55497,Pandemis piceacola,云杉褐卷蛾,,,,,,,no_image
155492,Pandora gammae,夜蛾虫疠霉,,,,,,,no_image
55506,Pangrapta cana,灰眉夜蛾,,,,,,,no_image
147507,Panellus orientalis,,,,,,,,no_image
55526,Pangrapta umbrosa,淡眉夜蛾,,,,,,,no_image
113777,Panicum sarmentosum,卵花黍,,,,,,,no_image
137263,Pannaria microphylla,,,,,,,,no_image
55536,Panstenon impubis,透基狭翅金小蜂,,,,,,,no_image
1746,Panthalis jogasimae,乌目斑鳞虫,,,,,,,no_image
6461,Panulirus penicillatus,密毛龙虾,,,,,,,no_image
55578,Panzeria connivens,望天阳寄蝇,,,,,,,no_image
55598,Panzeria rudis,红黄阳寄蝇,,,,,,,no_image
113803,Papaver radicatum,,,,,,,,no_image
113815,Paphiopedilum charlesworthii,红旗兜兰,,,,,,,no_image
113841,Paphiopedilum tigrinum,虎斑兜兰,,,,,,,no_image
55637,Papilio machaon,金凤蝶,,,,,,,no_image
113852,Papilionanthe motuoensis,墨脱凤蝶兰,,,,,,,no_image
19311,Papirioides suzhouensis,,,,,,,,no_image
79232,Parabembras curtus,短鲬,,,,,,,no_image
113871,Paraboea dolomitica,白云岩蛛毛苣苔,,,,,,,no_image
55699,Parabolopona webbi,韦氏脊翅叶蝉,,,,,,,no_image
113891,Paraboea swinhoei,锥序蛛毛苣苔,,,,,,,no_image
79245,Parabotia parva,小副沙鳅,,,,,,,no_image
79254,Paracentropogon longispinis,长棘拟鳞鲉,,,,,,,no_image
3067,Paracanthomysis hispida,猬拟刺糠虾,,,,,,,no_image
15479,Paraceto orientalis,东方拟彩蛛,,,,,,,no_image
55737,Parachydaeopsis shaanxiensis,,,,,,,,no_image
55769,Paraclius furcatus,叉须弓脉长足虻,,,,,,,no_image
55789,Paraclius subincisus,近凹须弓脉长足虻,,,,,,,no_image
55754,Paracladura dorsocompta,背饰跗毫蚊,,,,,,,no_image
55809,Paraclytus wangi,,,,,,,,no_image
16221,Paracortina carinata,,,,,,,,no_image
152,Paractaea philippinensis,菲岛拟银杏蟹,,,,,,,no_image
55842,Paradelia lundbeckii,伦氏邻泉蝇,,,,,,,no_image
8757,Paradentalium hexagonum,六角拟角贝,,,,,,,no_image
55870,Paradichosia nigricans,亮黑变丽蝇,,,,,,,no_image
55903,Paradoxopsyllus naryni,纳伦怪蚤,,,,,,,no_image
55879,Paradoxopla mandarina,橘黄滇枯叶蛾,,,,,,,no_image
55916,Paradryomyza orientalis,东方准鼈蝇,,,,,,,no_image
55941,Paraglenea atropurpurea,,,,,,,,no_image
55928,Paragastrozona japonica,日本拟羽角实蝇,,,,,,,no_image
55959,Paragnetina lutescens,土黄纯(虫责),,,,,,,no_image
55974,Paragomphus wuzhishanensis,五指山副春蜓,,,,,,,no_image
55987,Paragus albifrons,白额小蚜蝇,,,,,,,no_image
56007,Paragus quadrifasciatus,四条小蚜蝇,,,,,,,no_image
113912,Parahellenia yunnanensis,云南地莴笋花,,,,,,,no_image
56035,Parahybos nanpingensis,南平准驼舞虻,,,,,,,no_image
56048,Parakiefferiella coronata,冠状拟开氏摇蚊,,,,,,,no_image
6302,Paralepas minuta,小拟茗荷,,,,,,,no_image
56060,Paralbara achlyscarleta,赭钩蛾,,,,,,,no_image
113920,Paraleucobryum enerve,拟白发藓,,,,,,,no_image
56101,Paraliburnia adela,隐副飞虱,,,,,,,no_image
56115,Parallelomma albamentum,白颏齐粪蝇,,,,,,,no_image
56128,Paraloconota erlangensis,,,,,,,,no_image
56140,Paramacronychia flavipalpis,黄须野麻蝇,,,,,,,no_image
79295,Paramegophrys chishuiensis,赤水掌突蟾,,,,,,,no_image
79315,Paramegophrys purpura,紫棕掌突蟾,,,,,,,no_image
14054,Parameioneta tricolorata,三色玲蛛,,,,,,,no_image
79340,Paramesotriton labiatus,无斑瘰螈,,,,,,,no_image
1035,Paramicrolaimus mirus,奇特拟微咽线虫,,,,,,,no_image
79352,Paramonacanthus sulcatus,绒纹副单角鲀,,,,,,,no_image
56181,Paramyiolia nigrihumera,黑肩突额实蝇,,,,,,,no_image
79355,Paranemachilus genilepis,颊鳞异条鳅,,,,,,,no_image
10729,Paranthea armata,武装帕拉海葵,,,,,,,no_image
56225,Parapachycerina cuneifera,楔纹近长角缟蝇,,,,,,,no_image
79359,Parapercis alboguttata,蓝吻拟鲈,,,,,,,no_image
56236,Parapelerinus ensatus,剑尾近珠螽,,,,,,,no_image
79379,Parapercis rubromaculata,红点拟鲈,,,,,,,no_image
56246,Paraphloeostiba formosana,,,,,,,,no_image
113958,Paraphlomis jiangyongensis,江永假糙苏,,,,,,,no_image
113983,Paraphlomis strictiflora,直花假糙苏,,,,,,,no_image
79391,Paraplagusia japonica,日本须鳎,,,,,,,no_image
113997,Paraprenanthes umbrosa,伞房假福王草,,,,,,,no_image
56281,Pararhinoleucophenga amnicola,溪边鼻果蝇,,,,,,,no_image
56268,Parapsyra nigrovittata,黑带副缘螽,,,,,,,no_image
56291,Parasa argentilinea,银线绿刺蛾,,,,,,,no_image
56311,Parasa martini,马丁绿刺蛾,,,,,,,no_image
56331,Parasa undulata,波带绿刺蛾,,,,,,,no_image
56349,Parasarcophaga misera,黄须亚麻蝇,,,,,,,no_image
79412,Parascorpaena poseidon,三棘圆鳞鲉,,,,,,,no_image
114031,Parasenecio hastiformis,戟状蟹甲草,,,,,,,no_image
114053,Parasenecio phyllolepis,苞鳞蟹甲草,,,,,,,no_image
3193,Parasesarma pictum,斑点拟相手蟹,,,,,,,no_image
148017,Parasola hemerobia,,,,,,,,no_image
56374,Parasinophasma fanjingshanense,梵净山副华枝䗛,,,,,,,no_image
56396,Parastichtis suspecta,伍夜蛾,,,,,,,no_image
11593,Parasteatoda kentingensis,垦丁拟肥腹蛛,,,,,,,no_image
56415,Parastrangalis lateristriata,,,,,,,,no_image
56435,Parastratiosphecomyia szechuanensis,四川亚拟蜂水虻,,,,,,,no_image
56445,Paratanytarsus grimmii,孤雌拟长跗摇蚊,,,,,,,no_image
144,Paratergatis longimanus,长掌拟爱洁蟹,,,,,,,no_image
114104,Paratinospora sagittata,青牛胆,,,,,,,no_image
114092,Parathelypteris grammitoides,矮小金星蕨,,,,,,,no_image
18887,Paratullbergia chuana,,,,,,,,no_image
79423,Paratriacanthodes retrospinis,倒棘副三棘鲀,,,,,,,no_image
56514,Paraxantia parasinica,近中华似褶缘螽,,,,,,,no_image
16439,Pardosa agrestis,田野豹蛛,,,,,,,no_image
16468,Pardosa datongensis,大通豹蛛,,,,,,,no_image
16347,Pardosa koponeni,科波宁豹蛛,,,,,,,no_image
16402,Pardosa mordagica,莫尔豹蛛,,,,,,,no_image
16500,Pardosa qingzangensis,青藏豹蛛,,,,,,,no_image
16344,Pardosa subanchoroides,亚锚豹蛛,,,,,,,no_image
16498,Pardosa zhangi,张氏豹蛛,,,,,,,no_image
79455,Pareas niger,昆明钝头蛇（黑钝头蛇）,,,,,,,no_image
56531,Parepierus inaequispinus,异刺副悦阎甲,,,,,,,no_image
79469,Pareuchiloglanis kamengensis,扁头&#x0000E065;,,,,,,,no_image
56553,Pareuplexia luteistigma,黄纹径夜蛾,,,,,,,no_image
56574,Parexarnis delonga,德经夜蛾,,,,,,,no_image
2607,Parilia major,大等螯蟹,,,,,,,no_image
114115,Paris delavayi,金线重楼,,,,,,,no_image
114151,Paris vaniotii,平伐重楼,,,,,,,no_image
136158,Parmelia asiatica,,,,,,,,no_image
136178,Parmelia expallida,,,,,,,,no_image
136218,Parmelia pseudosaxatilis,假石梅衣,,,,,,,no_image
136198,Parmelia lipidifera,,,,,,,,no_image
136258,Parmelia xanthocarpa,黄果梅衣,,,,,,,no_image
136238,Parmelia submutata,亚变梅衣,,,,,,,no_image
136276,Parmelinopsis swinscowii,水杨酸狭叶衣,,,,,,,no_image
136292,Parmotrema gardneri,假鸡冠大叶梅,,,,,,,no_image
136312,Parmotrema rampoddense,粉芽大叶梅,,,,,,,no_image
56589,Parnara guttata,直纹稻弄蝶,,,,,,,no_image
114216,Parnassia omeiensis,金顶梅花草,,,,,,,no_image
114186,Parnassia filchneri,藏北梅花草,,,,,,,no_image
56659,Parnassius glacialis,冰清绢蝶,,,,,,,no_image
114238,Parnassia yanyuanensis,盐源梅花草,,,,,,,no_image
15551,Parobisium magangense,麻港等伪蝎,,,,,,,no_image
2856,Parodontophora deltensis,三角洲拟齿线虫,,,,,,,no_image
56755,Paropsides nigrofasciata,合欢斑叶甲,,,,,,,no_image
114250,Parrya glabra,无毛条果芥,,,,,,,no_image
79496,Parupeneus indicus,印度副绯鲤,,,,,,,no_image
56773,Parthenocodrus connexus,连疤中沟细蜂,,,,,,,no_image
3399,Parvicapsula anisocaudata,异尾小囊虫,,,,,,,no_image
114276,Paspalidium punctatum,尖头类雀稗,,,,,,,no_image
132761,Passalora campi-silii,,,,,,,,no_image
132781,Passalora lonicerigena,,,,,,,,no_image
79526,Passer hispaniolensis,黑胸麻雀,,,,,,,no_image
114312,Passiflora napalensis,尼泊尔西番莲,,,,,,,no_image
140635,Patella crucipila,,,,,,,,no_image
133333,Patellaria olivacea,,,,,,,,no_image
114329,Patrinia scabra,糙叶败酱,,,,,,,no_image
114343,Paulownia tomentosa,毛泡桐,,,,,,,no_image
8137,Pavona minuta,小牡丹珊瑚,,,,,,,no_image
139854,Paxina corium,,,,,,,,no_image
114354,Pecteilis cambodiana,柬埔寨白蝶兰,,,,,,,no_image
114361,Pedicularis alaschanica,阿拉善马先蒿,,,,,,,no_image
114394,Pedicularis axillaris,腋花马先蒿,,,,,,,no_image
114425,Pedicularis chumbica,春丕马先蒿,,,,,,,no_image
114456,Pedicularis cyathophylla,斗叶马先蒿,,,,,,,no_image
114486,Pedicularis dissecta,全裂马先蒿,,,,,,,no_image
114509,Pedicularis filicula,拟蕨马先蒿,,,,,,,no_image
114533,Pedicularis gongshanensis,贡山马先蒿,,,,,,,no_image
114564,Pedicularis inflexirostris,折喙马先蒿,,,,,,,no_image
114592,Pedicularis lasiophrys,毛颏马先蒿,,,,,,,no_image
114647,Pedicularis merrilliana,川甘马先蒿,,,,,,,no_image
114620,Pedicularis longipetiolata,长柄马先蒿,,,,,,,no_image
114674,Pedicularis nigra,黑马先蒿,,,,,,,no_image
114707,Pedicularis pentagona,五角马先蒿,,,,,,,no_image
114739,Pedicularis pseudomelampyriflora,假山罗花马先蒿,,,,,,,no_image
114776,Pedicularis rhynchodonta,喙齿马先蒿,,,,,,,no_image
114806,Pedicularis semenowii,中亚马先蒿,,,,,,,no_image
114834,Pedicularis striata,红纹马先蒿,,,,,,,no_image
114859,Pedicularis tenuisecta,纤裂马先蒿,,,,,,,no_image
114886,Pedicularis uliginosa,水泽马先蒿,,,,,,,no_image
114909,Pedicularis yui,季川马先蒿,,,,,,,no_image
56846,Pediobius occipitalis,圆头柄腹姬小蜂,,,,,,,no_image
56865,Pedostrangalia quadrimaculata,四斑短腿花天牛,,,,,,,no_image
56873,Pegomya aksayensis,阿克塞泉蝇,,,,,,,no_image
56893,Pegomya cricophalla,环阳泉蝇,,,,,,,no_image
56913,Pegomya hohxiliensis,可可西里泉蝇,,,,,,,no_image
56933,Pegomya meniscoides,月茎泉蝇,,,,,,,no_image
56953,Pegomya rubivora,悬钩子泉蝇,,,,,,,no_image
56973,Pegomya wuyiensis,武夷泉蝇,,,,,,,no_image
56993,Peithona prionoides,黑肖锯花天牛,,,,,,,no_image
79544,Pelargopsis capensis,鹳嘴翡翠,,,,,,,no_image
114937,Pelekium minusculum,糙柄鹤嘴藓,,,,,,,no_image
57024,Peleteria placuna,平肛长须寄蝇,,,,,,,no_image
57042,Pelioptera asymmetrica,,,,,,,,no_image
114943,Peliosanthes dehongensis,滇西球子草,,,,,,,no_image
114963,Peliosanthes yunnanensis,云南球子草,,,,,,,no_image
12815,Pellenes gobiensis,戈壁蝇犬,,,,,,,no_image
114974,Pellionia griffithiana,,,,,,,,no_image
114997,Pellionia tritepala,三被赤车,,,,,,,no_image
79567,Pelodiscus variegatus,北部湾鳖（腹斑鳖）,,,,,,,no_image
9003,Peloribates acutus,尖圆单翼甲螨,,,,,,,no_image
79579,Pelteobagrus nitidus,光泽黄颡鱼,,,,,,,no_image
137292,Peltigera lepidophora,鳞地卷,,,,,,,no_image
137312,Peltigera sibirica,西伯利亚地卷,,,,,,,no_image
139445,Peltula bolanderi,波氏盾衣,,,,,,,no_image
79586,Pempheris xanthoptera,黄鳍单鳍鱼,,,,,,,no_image
748,Penaeopsis eduardoi,长角似对虾,,,,,,,no_image
134466,Penicillium brevistipitatum,短梗青霉,,,,,,,no_image
134486,Penicillium dodgei,,,,,,,,no_image
134506,Penicillium incoloratum,无色青霉,,,,,,,no_image
134526,Penicillium persicinum,,,,,,,,no_image
134546,Penicillium solitum,,,,,,,,no_image
152067,Peniophora isabellina,粉灰隔孢伏革菌,,,,,,,no_image
79588,Pennahia argentata,银姑鱼,,,,,,,no_image
115018,Pennisetum longissimum,长序狼尾草,,,,,,,no_image
860,Pentacta doliolum,日本五角瓜参,,,,,,,no_image
79597,Pentaprion longimanus,五棘银鲈,,,,,,,no_image
143262,Penzigomyces nodipes,,,,,,,,no_image
57158,Penthetria japonica,泛叉毛蚊,,,,,,,no_image
79599,Perca fluviatilis,河鲈,,,,,,,no_image
151602,Perenniporia africana,非洲多年卧孔菌,,,,,,,no_image
151622,Perenniporia medulla-panis,,,,,,,,no_image
9248,Pergalumna operata,劳全大翼甲螨,,,,,,,no_image
57201,Peribaea orbata,短芒等鬃寄蝇,,,,,,,no_image
57219,Pericapritermes planiusculus,平扁近扭白蚁,,,,,,,no_image
5099,Periclimenes diversipes,异足岩虾,,,,,,,no_image
57226,Pericoma spinicornis,刺角毛缘蛾蠓,,,,,,,no_image
79623,Pericrocotus ethologus,长尾山椒鸟,,,,,,,no_image
57249,Peridea oberthuri,暗内斑舟蛾,,,,,,,no_image
57272,Perigea tricycla,三圈星夜蛾,,,,,,,no_image
57252,Peridrome orbicularis,圆拟灯蛾,,,,,,,no_image
57279,Perilitus aequarus,强皱缘茧蜂,,,,,,,no_image
3929,Perinereis nuntia,马围沙蚕,,,,,,,no_image
57291,Periphalera melanius,黑围掌舟蛾,,,,,,,no_image
57300,Periscepsia prunaria,裸背裸盾寄蝇,,,,,,,no_image
57316,Perissus arisanus,,,,,,,,no_image
57337,Perissus jiuzhaigouensis,,,,,,,,no_image
79657,Peristedion nierstraszi,黑带黄鲂鮄,,,,,,,no_image
115087,Peristrophe strigosa,糙叶山蓝,,,,,,,no_image
115109,Peristylus neotineoides,川西阔蕊兰,,,,,,,no_image
57387,Perizoma maculata,斑周尺蛾,,,,,,,no_image
57408,Perlesta spatulata,匙状拟(虫责),,,,,,,no_image
57423,Perochaeta orientalis,东方伟刺鼓翅蝇,,,,,,,no_image
115136,Persicaria dissitiflora,稀花蓼,,,,,,,no_image
138495,Perrotia nanjenshana,南靖山钝囊盘菌,,,,,,,no_image
115163,Persicaria minor,小蓼,,,,,,,no_image
115187,Persicaria senticosa,刺蓼,,,,,,,no_image
137457,Pertusaria hemisphaerica,,,,,,,,no_image
137437,Pertusaria areolata,网纹鸡皮衣,,,,,,,no_image
137477,Pertusaria pertractata,,,,,,,,no_image
137497,Pertusaria subpertusa,亚孔鸡皮衣,,,,,,,no_image
115210,Pertya dioica,蚂蚱腿子,,,,,,,no_image
8975,Perxylobates sinensis,,,,,,,,no_image
141063,Pestalotiopsis aletridis,,,,,,,,no_image
141083,Pestalotiopsis canangae,,,,,,,,no_image
141123,Pestalotiopsis kwangsiensis,,,,,,,,no_image
141103,Pestalotiopsis elephants,,,,,,,,no_image
141143,Pestalotiopsis micheliae,,,,,,,,no_image
141163,Pestalotiopsis quercicola,,,,,,,,no_image
79666,Petaurista albiventer,栗背大鼯鼠,,,,,,,no_image
141183,Pestalotiopsis versicolor,,,,,,,,no_image
57439,Petraphuma huangjianbini,,,,,,,,no_image
115238,Petrocodon albinervius,白脉石山苣苔,,,,,,,no_image
115280,Petrocodon pulchriflorus,丽花石山苣苔,,,,,,,no_image
115260,Petrocodon ionophyllus,紫叶石山苣苔,,,,,,,no_image
115301,Petrocosmea cavaleriei,贵州石蝴蝶,,,,,,,no_image
115321,Petrocosmea intraglabra,会东石蝴蝶,,,,,,,no_image
115296,Petrocosmea ×,长药石蝴蝶,,,,,,,no_image
115346,Petrocosmea qinlingensis,秦岭石蝴蝶,,,,,,,no_image
2924,Petrolisthes pubescens,软毛岩瓷蟹,,,,,,,no_image
5141,Petrosia crassa,重厚石海绵,,,,,,,no_image
115392,Peucedanum japonicum,滨海前胡,,,,,,,no_image
133605,Peyronellaea obtusa,,,,,,,,no_image
57472,Pexopsis zhangi,张氏梳寄蝇,,,,,,,no_image
57452,Peudoptygonotus jinshaensis,金沙拟凹背蝗,,,,,,,no_image
139997,Peziza acetabulum,,,,,,,,no_image
140037,Peziza bicolor,,,,,,,,no_image
140017,Peziza arenaria,暗紫盘菌,,,,,,,no_image
140057,Peziza celtica,紫红盘菌,,,,,,,no_image
140077,Peziza concinna,,,,,,,,no_image
140137,Peziza herbarum,,,,,,,,no_image
140117,Peziza floccosa,,,,,,,,no_image
140097,Peziza diaphana,,,,,,,,no_image
140157,Peziza leucomelaena,,,,,,,,no_image
140177,Peziza natrophila,喜碱盘菌,,,,,,,no_image
140197,Peziza phyllophila,,,,,,,,no_image
140217,Peziza rhenana,,,,,,,,no_image
140237,Peziza silvestris,森林盘菌,,,,,,,no_image
140257,Peziza sulphurea,,,,,,,,no_image
140277,Peziza venosa,,,,,,,,no_image
57482,Pezohippus biplatus,双片平器蝗,,,,,,,no_image
139105,Phacidium limitatum,,,,,,,,no_image
57492,Phaedon alticolus,高原猿叶甲,,,,,,,no_image
57513,Phaenandrogomphus aureus,金黄显春蜓,,,,,,,no_image
57532,Phaenoserphus lini,林氏光胸细蜂,,,,,,,no_image
139113,Phaeobulgaria inquinans,,,,,,,,no_image
145985,Phaeocollybia intermedia,中间暗金钱菌,,,,,,,no_image
136988,Phaeographina montagnei,曼氏板文衣,,,,,,,no_image
137008,Phaeographis lobata,裂片黑文衣,,,,,,,no_image
115432,Phaeolejeunea latistipula,黑鳞苔,,,,,,,no_image
135309,Phaeophyscia constipata,密集黑蜈蚣衣,,,,,,,no_image
135329,Phaeophyscia squarrosa,,,,,,,,no_image
133815,Phaeosphaeria variiseptata,,,,,,,,no_image
153305,Phakopsora artemisiae,蒿层锈菌,,,,,,,no_image
153325,Phakopsora litseae,木姜子砌孢层锈菌,,,,,,,no_image
16868,Phalangium opilio,盲长奇盲蛛,,,,,,,no_image
115454,Phalaenopsis lobbii,罗氏蝴蝶兰,,,,,,,no_image
6604,Phalacrophorus pictus,丁齿蚕,,,,,,,no_image
57583,Phalera cossioides,葛藤掌舟蛾,,,,,,,no_image
57607,Phalera sundana,苏掌舟蛾,,,,,,,no_image
1788,Phalium inornatum,无饰鬘螺,,,,,,,no_image
150805,Phallus fragrans,香笔菌,,,,,,,no_image
150825,Phallus taipeiensis,台湾鬼笔,,,,,,,no_image
57640,Phalonidia permixtana,河北褐纹卷蛾,,,,,,,no_image
115493,Phanera guangxiensis,广西龙须藤,,,,,,,no_image
151087,Phanerochaete affinis,近缘原毛平革菌,,,,,,,no_image
17264,Phaneropsolus sigmoideus,乙状显孔吸虫,,,,,,,no_image
57666,Phaneroserphus punctibasis,点柄脊额细蜂,,,,,,,no_image
57682,Phaonia amurensis,阿穆尔棘蝇,,,,,,,no_image
57702,Phaonia aureoloides,似金棘蝇,,,,,,,no_image
57722,Phaonia caesiipollinosa,蓝粉鬃棘蝇,,,,,,,no_image
57743,Phaonia crytoista,秘突棘蝇,,,,,,,no_image
57783,Phaonia flavipes,黄足棘蝇,,,,,,,no_image
57763,Phaonia dismagnicornis,叉角棘蝇,,,,,,,no_image
57803,Phaonia graciloides,类瘦棘蝇,,,,,,,no_image
57845,Phaonia kowarzii,黄腹棘蝇,,,,,,,no_image
57823,Phaonia hunyuanensis,浑源棘蝇,,,,,,,no_image
57865,Phaonia liaoningensis,辽宁棘蝇,,,,,,,no_image
57885,Phaonia malaisei,古源棘蝇,,,,,,,no_image
57905,Phaonia minutiungula,小爪棘蝇,,,,,,,no_image
57926,Phaonia nigrinudiseta,黑裸鬃棘蝇,,,,,,,no_image
57966,Phaonia pullatoides,拟乌棘蝇,,,,,,,no_image
57946,Phaonia palpinormalis,常须棘蝇,,,,,,,no_image
57986,Phaonia semicarina,半脊棘蝇,,,,,,,no_image
58026,Phaonia submystica,拟秘棘蝇,,,,,,,no_image
58046,Phaonia suscepta,持棘蝇,,,,,,,no_image
58006,Phaonia stenoparafacia,狭颧棘蝇,,,,,,,no_image
58067,Phaonia vidua,独居棘蝇,,,,,,,no_image
58087,Phaonia yanggaoensis,阳高棘蝇,,,,,,,no_image
58101,Pharsalia pulchra,,,,,,,,no_image
8269,Phascolosoma scolops,厥目革囊星虫,,,,,,,no_image
58120,Phasia wangi,王氏突颜寄蝇,,,,,,,no_image
58138,Phassus xizangensis,西藏蝙蛾,,,,,,,no_image
58156,Phelipara marmorata,,,,,,,,no_image
58155,Phebellia villica,毛菲寄蝇,,,,,,,no_image
150364,Phellinus altocedronensis,,,,,,,,no_image
150384,Phellinus erectus,,,,,,,,no_image
150404,Phellinus inermis,,,,,,,,no_image
150424,Phellinus minisporus,,,,,,,,no_image
150444,Phellinus punctatiformis,斑状木层孔菌,,,,,,,no_image
152674,Phellodon melaleucus,黑白栓齿菌,,,,,,,no_image
8531,Phenacovolva revurva,反曲骗梭螺,,,,,,,no_image
150464,Phellinus syringeus,丁香针层孔,,,,,,,no_image
58189,Pheosiopsis inconspicua,苍白夙舟蛾,,,,,,,no_image
58210,Pherbellia czernyi,彻尼负菊沼蝇,,,,,,,no_image
115582,Philadelphus tetragonus,四棱山梅花,,,,,,,no_image
138504,Phialina damingshanica,大明山隔毛小杯菌,,,,,,,no_image
138980,Phibalis furfuracea,,,,,,,,no_image
4317,Philbertia oligona,小菲螺,,,,,,,no_image
6622,Philine kinglipini,经氏壳蛞蝓,,,,,,,no_image
140826,Phillipsia subpurpurea,近紫歪盘菌,,,,,,,no_image
18486,Philodina roseola,玫瑰旋轮虫,,,,,,,no_image
115598,Philonotis hastata,密叶泽藓,,,,,,,no_image
12547,Philodromus subaureolus,土黄逍遥蛛,,,,,,,no_image
58278,Philonthus dimidiatipennis,,,,,,,,no_image
58258,Philonthus amicus,,,,,,,,no_image
58299,Philonthus heilongjiangensis,,,,,,,,no_image
58319,Philonthus mannerheimi,,,,,,,,no_image
58339,Philonthus purpuripennis,,,,,,,,no_image
58362,Philonthus taiwanensis,,,,,,,,no_image
58382,Philophylla farinosa,法叶实蝇,,,,,,,no_image
15288,Philoponella wuyiensis,武夷喜妩蛛,,,,,,,no_image
58416,Philydrodes wrasei,,,,,,,,no_image
12990,Phintella accentifera,扇形金蝉蛛,,,,,,,no_image
13121,Phintella pulcherrima,靓金蝉蛛,,,,,,,no_image
58429,Phlaeobida hainanensis,海南菊蝗,,,,,,,no_image
58431,Phlebotomus andrejevi,安氏白蛉,,,,,,,no_image
115617,Phlegmariurus cunninghamioides,杉形马尾杉,,,,,,,no_image
115645,Phlogacanthus pubinervius,毛脉火焰花,,,,,,,no_image
13124,Phlegra fasciata,带绯蛛,,,,,,,no_image
115655,Phlomis nyalamensis,聂拉木糙苏,,,,,,,no_image
115677,Phlomoides iliensis,伊犁沙穗,,,,,,,no_image
58458,Phlossa thaumasta,奇奕刺蛾,,,,,,,no_image
115701,Phlomoides ornata,美观糙苏,,,,,,,no_image
79730,Phodopus campbelli,坎氏毛足鼠,,,,,,,no_image
115747,Phoebe hungmoensis,红毛山楠,,,,,,,no_image
79735,Phoenicopterus roseus,大红鹳,,,,,,,no_image
15137,Pholcus clavatus,棒状幽灵蛛,,,,,,,no_image
1184,Pholas orientalis,东方海笋,,,,,,,no_image
15026,Pholcus harveyi,哈氏幽灵蛛,,,,,,,no_image
15059,Pholcus lingulatus,舌状幽灵蛛,,,,,,,no_image
15196,Pholcus papilionis,蝶形幽灵蛛,,,,,,,no_image
15225,Pholcus yangi,杨氏幽灵蛛,,,,,,,no_image
15220,Pholcus suizhongicus,绥中幽灵蛛,,,,,,,no_image
148254,Pholiota astragalina,,,,,,,,no_image
115783,Pholidota leveilleana,单叶石仙桃,,,,,,,no_image
148294,Pholiota johnsoniana,线圈鳞伞,,,,,,,no_image
148274,Pholiota dinghuensis,鼎湖鳞伞,,,,,,,no_image
148314,Pholiota myosotis,勿忘草鳞伞,,,,,,,no_image
148334,Pholiota spumosa,泡状鳞伞,,,,,,,no_image
133616,Phoma coffeae,,,,,,,,no_image
148354,Pholiota veris,喙囊鳞伞,,,,,,,no_image
133636,Phoma nux-vomica,,,,,,,,no_image
141365,Phomopsis abutilonis,,,,,,,,no_image
141385,Phomopsis cinnamomicola,,,,,,,,no_image
141405,Phomopsis helianthi,,,,,,,,no_image
141425,Phomopsis mahoniae,,,,,,,,no_image
141445,Phomopsis psidii,,,,,,,,no_image
58483,Phora hamulata,钩尾蚤蝇,,,,,,,no_image
141465,Phomopsis trematis,,,,,,,,no_image
58524,Phorinia bifurcata,双叶蚤寄蝇,,,,,,,no_image
58552,Phortica cardua,棘突伏果蝇,,,,,,,no_image
58503,Phorbia kochai,古茶草种绳,,,,,,,no_image
58544,Phoroctenia vittata,黑胸缩栉大蚊,,,,,,,no_image
58572,Phortica hirtotibia,毛胫伏果蝇,,,,,,,no_image
58592,Phortica pangi,庞氏伏果蝇,,,,,,,no_image
58612,Phortica symmetria,对称伏果蝇,,,,,,,no_image
115797,Photinia bergerae,湖北石楠,,,,,,,no_image
115830,Photinia stenophylla,窄叶石楠,,,,,,,no_image
58633,Photoscotosia amplicata,广幅尺蛾,,,,,,,no_image
58655,Photoscotosia insularis,岛幅尺蛾,,,,,,,no_image
58676,Photoscotosia reperta,偶幅尺蛾,,,,,,,no_image
153381,Phragmidium arcticum,北极多胞锈菌,,,,,,,no_image
153401,Phragmidium himalense,喜马拉雅多胞锈菌,,,,,,,no_image
153441,Phragmidium zamonense,扎木多胞锈菌,,,,,,,no_image
153421,Phragmidium rosae-rugosae,玫瑰多胞锈菌,,,,,,,no_image
58692,Phraortes biconiferus,双锥皮䗛,,,,,,,no_image
58712,Phraortes liaoningensis,辽宁皮䗛,,,,,,,no_image
58732,Phratora cheni,陈氏弗叶甲,,,,,,,no_image
115838,Phreatia elegans,雅致馥兰,,,,,,,no_image
58769,Phronia hubeiana,湖北巧菌蚊,,,,,,,no_image
11923,Phrurolithus shimenensis,石门刺足蛛,,,,,,,no_image
115846,Phrynium pedunculiferum,具柄柊叶,,,,,,,no_image
79782,Phrynocephalus hispidus,准噶尔变色沙蜥,,,,,,,no_image
115853,Phtheirospermum parishii,黑籽松蒿,,,,,,,no_image
58820,Phthitia plumosula,羽中突小粪蝇,,,,,,,no_image
11536,Phycosoma corrugum,褶皱藻蛛,,,,,,,no_image
58837,Phyladelphus infuscatus,褐棕昆仲秆蝇,,,,,,,no_image
144296,Phyllachora chimonobambusae,,,,,,,,no_image
144316,Phyllachora fici-variolosae,,,,,,,,no_image
144336,Phyllachora luteomaculata,,,,,,,,no_image
144356,Phyllachora pogonatheri,,,,,,,,no_image
144376,Phyllachora urvilleana,,,,,,,,no_image
138110,Phyllactinia desmodii,,,,,,,,no_image
138130,Phyllactinia rhoina,,,,,,,,no_image
115869,Phyllagathis tetrandra,四蕊熊巴掌,,,,,,,no_image
115893,Phyllanthus franchetianus,云贵叶下珠,,,,,,,no_image
8927,Phyllhermannia dinghuensis,鼎湖叶赫甲螨,,,,,,,no_image
10508,Phyllocoptes dimidius,,,,,,,,no_image
9955,Phyllocoptes piceanis,,,,,,,,no_image
10012,Phyllocoptruta kuangii,,,,,,,,no_image
58850,Phyllodesma jurii,侏莉榆枯叶蛾,,,,,,,no_image
489,Phyllodoce papillosa,乳突半突虫,,,,,,,no_image
115931,Phyllolobium lasaense,拉萨蔓黄芪,,,,,,,no_image
58867,Phyllomya aristalis,芒驼寄蝇,,,,,,,no_image
6013,Phyllophorus orientalis,东方沙鸡子,,,,,,,no_image
58887,Phyllomyza japonica,日本真叶蝇,,,,,,,no_image
149219,Phylloporus luxiensis,潞西褶孔菌,,,,,,,no_image
79801,Phylloscopus borealis,极北柳莺,,,,,,,no_image
79837,Phylloscopus inornatus,黄眉柳莺,,,,,,,no_image
79867,Phylloscopus tenellipes,淡脚柳莺,,,,,,,no_image
115952,Phyllostachys aureosulcata,黄槽竹,,,,,,,no_image
115977,Phyllostachys iridescens,红哺鸡竹,,,,,,,no_image
115999,Phyllostachys rubicunda,红后竹,,,,,,,no_image
131873,Phyllosticta adusta,,,,,,,,no_image
131913,Phyllosticta cinerea,,,,,,,,no_image
131893,Phyllosticta bauhiniae,,,,,,,,no_image
131933,Phyllosticta cruenta,,,,,,,,no_image
131953,Phyllosticta fabae,,,,,,,,no_image
131973,Phyllosticta haynaldi,,,,,,,,no_image
131993,Phyllosticta liquidambaris-formosanae,,,,,,,,no_image
132033,Phyllosticta physaleos,,,,,,,,no_image
132013,Phyllosticta negundinis,,,,,,,,no_image
132053,Phyllosticta roumeguerei,,,,,,,,no_image
132073,Phyllosticta stewartiae,,,,,,,,no_image
148597,Phyllotopsis nidulans,黄毛侧耳,,,,,,,no_image
58918,Phymatodes savioi,,,,,,,,no_image
147748,Physalacria inflata,,,,,,,,no_image
144560,Physalospora palmicola,,,,,,,,no_image
135346,Physcia hirtuosa,短毛蜈蚣衣,,,,,,,no_image
116038,Physcomitrium coorgense,狭叶立碗藓,,,,,,,no_image
135376,Physconia lobulifera,裂片大孢衣,,,,,,,no_image
79889,Physiculus nigripinnis,黑翼小褐鳕,,,,,,,no_image
58948,Physocephala chalantungensis,查兰叉芒眼蝇,,,,,,,no_image
153340,Physopella digitariae,马唐壳锈菌,,,,,,,no_image
116052,Physochlaina capitata,伊犁脬囊草,,,,,,,no_image
116068,Physostigma venenosum,毒扁豆,,,,,,,no_image
59009,Phytocoris stoliczkanus,黄色植盲蝽,,,,,,,no_image
58989,Phytocoris longipennis,长植盲蝽,,,,,,,no_image
59031,Phytoecia testaceolimbata,,,,,,,,no_image
59046,Phytomyza hyaloposthia,透茎植潜蝇,,,,,,,no_image
9890,Phytoptipalpus lanzhouensis,,,,,,,,no_image
116118,Picris nuristanica,新疆毛连菜,,,,,,,no_image
116101,Picea purpurea,紫果云杉,,,,,,,no_image
59083,Phytosciara wuyiana,武夷植眼蕈蚊,,,,,,,no_image
59112,Pidonia chinensis,,,,,,,,no_image
59092,Pidonia aestivalis,,,,,,,,no_image
59132,Pidonia gloriosa,,,,,,,,no_image
59152,Pidonia murzini,,,,,,,,no_image
59172,Pidonia sichuanica,四川驼花天牛,,,,,,,no_image
116129,Pilea anisophylla,异叶冷水花,,,,,,,no_image
59192,Piercia zoarces,颐翡尺蛾,,,,,,,no_image
59231,Pieris stotzneri,斯托粉蝶,,,,,,,no_image
116156,Pilea gansuensis,陇南冷水花,,,,,,,no_image
116186,Pilea macrocarpa,大果冷水花,,,,,,,no_image
116208,Pilea penninervis,钝齿冷水花,,,,,,,no_image
116233,Pilea squamosa,鳞片冷水花,,,,,,,no_image
153458,Pileolaria shiraiana,白井帽孢锈菌,,,,,,,no_image
116253,Pilosella dublitzkii,基叶细毛菊,,,,,,,no_image
2301,Pilumnus rotumanus,罗岛毛刺蟹,,,,,,,no_image
140829,Pilocratera sulcipes,,,,,,,,no_image
12056,Pimoa samyai,桑伊派模蛛,,,,,,,no_image
116276,Pimpinella henryi,川鄂茴芹,,,,,,,no_image
116298,Pimpinella xizangensis,多花茴芹,,,,,,,no_image
11313,Pinelema adunca,钩囊平莱蛛,,,,,,,no_image
59242,Pinalitus alpinus,高山松盲蝽,,,,,,,no_image
11324,Pinelema huoyan,火焰平莱蛛,,,,,,,no_image
59255,Pingasa lariaria,直粉尺蛾,,,,,,,no_image
11283,Pinelema yashanensis,牙山平莱蛛,,,,,,,no_image
116341,Pinnatella homaliadelphoides,扁枝羽枝藓,,,,,,,no_image
4618,Pinnotheres parvulus,小豆蟹,,,,,,,no_image
116352,Pinus bhutanica,不丹松,,,,,,,no_image
116408,Pinus wangii,毛枝五针松,,,,,,,no_image
116381,Pinus orthophylla,直叶五针松,,,,,,,no_image
116428,Piper damiaoshanense,大苗山胡椒,,,,,,,no_image
116450,Piper macropodum,粗梗胡椒,,,,,,,no_image
116471,Piper semi-transparens,半透明胡椒,,,,,,,no_image
79944,Pipistrellus ceylonicus,锡兰伏翼,,,,,,,no_image
156074,Piptocephalis fimbriata,,,,,,,,no_image
59290,Pipizella antennata,长角斜额蚜蝇,,,,,,,no_image
16361,Piratula denticulata,小齿小水狼蛛,,,,,,,no_image
2929,Pisidia dispar,异形豆瓷蟹,,,,,,,no_image
12490,Pireneitega luniformis,月形拟隙蛛,,,,,,,no_image
362,Pitar chordatum,条纹卵蛤,,,,,,,no_image
116520,Pistacia vera,阿月浑子,,,,,,,no_image
18006,Pithemera lanyuensis,兰屿近盲蚓,,,,,,,no_image
133373,Pithomyces pavgii,,,,,,,,no_image
116542,Pittosporum henryi,小柄果海桐,,,,,,,no_image
116572,Pittosporum pentandrum,五蕊海桐,,,,,,,no_image
59314,Pitydiplosis puerariae,葛辟瘿蚊,,,,,,,no_image
134768,Placopyrenium trachyticum,粗糙叶核衣,,,,,,,no_image
135440,Placynthiella uliginosa,沼泽沥渍衣,,,,,,,no_image
116614,Plagiochasma rupestre,小孔紫背苔,,,,,,,no_image
116635,Plagiochila denticulata,细齿羽苔,,,,,,,no_image
116657,Plagiochila hyalodermica,明层羽苔,,,,,,,no_image
116677,Plagiochila pseudofirma,粗齿羽苔,,,,,,,no_image
59347,Plagiomerus derceto,四索跳小蜂,,,,,,,no_image
116697,Plagiochila wightii,韦氏羽苔,,,,,,,no_image
116727,Plagiomnium vesicatum,圆叶匐灯藓,,,,,,,no_image
59356,Plagiophorus hlavaci,,,,,,,,no_image
17174,Plagiorchis taiwanensis,台湾后斜睾吸虫,,,,,,,no_image
116754,Plagiothecium laetum,光泽棉藓,,,,,,,no_image
59372,Plagiozopelma flavidum,亚黄胸基刺长足虻,,,,,,,no_image
59381,Planchonia arabidis,芥瑰链蚧,,,,,,,no_image
116785,Plantago indica,对叶车前,,,,,,,no_image
59397,Planococcus siakwanensis,下关臀纹粉蚧,,,,,,,no_image
59413,Plastus curvaticornis,,,,,,,,no_image
116803,Platanthera bakeriana,滇藏舌唇兰,,,,,,,no_image
116823,Platanthera herminioides,高黎贡舌唇兰,,,,,,,no_image
116846,Platanthera ophiocephala,大花舌唇兰,,,,,,,no_image
116866,Platanthera xizangensis,西藏舌唇兰,,,,,,,no_image
59435,Platensina zodiacalis,两盾鬃阔翅实蝇,,,,,,,no_image
12400,Platocoelotes latus,广宽隙蛛,,,,,,,no_image
13642,Plator qiului,邱鹭扁蛛,,,,,,,no_image
59443,Platycephala guangdongensis,广东宽头秆蝇,,,,,,,no_image
59459,Platycheirus aeratus,白毛宽跗蚜蝇,,,,,,,no_image
59479,Platycheirus scutatus,斜斑宽跗蚜蝇,,,,,,,no_image
59497,Platycorynus chapanus,粗刻扁角肖叶甲,,,,,,,no_image
59519,Platycorynus rugipennis,麻点扁角肖叶甲,,,,,,,no_image
59537,Platydracus imperatorius,,,,,,,,no_image
59558,Platygerrhus nephrolepisi,冷杉小蠹璞金小蜂,,,,,,,no_image
59561,Platyhilara pallala,淡翅宽喜舞虻,,,,,,,no_image
59573,Platylister lucillum,光亮长卵阎甲,,,,,,,no_image
59598,Platypalpus bellatulus,雅平须舞虻,,,,,,,no_image
3956,Platynereis dumerilii,杜氏阔沙蚕,,,,,,,no_image
59639,Platypalpus wangwushanus,王屋山平须舞虻,,,,,,,no_image
59618,Platypalpus guanshanus,关山平须舞虻,,,,,,,no_image
59650,Platyplectrus orthocraspedae,黄刺蛾沟距小蜂,,,,,,,no_image
79986,Platysmacheilus exiguous,片唇&#x0000E068;,,,,,,,no_image
79990,Platysternon baiseensis,百色平胸龟,,,,,,,no_image
9590,Platytetranychus xuzhouensis,,,,,,,,no_image
59706,Plecia atroilla,小黑襀毛蚊,,,,,,,no_image
59726,Plecia septentrionalis,北方襀毛蚊,,,,,,,no_image
140880,Plectania occidentalis,,,,,,,,no_image
80011,Plectorhinchus picus,暗点胡椒鲷,,,,,,,no_image
80026,Plectranthias wheeleri,威氏棘花鮨,,,,,,,no_image
80045,Plectrypops lima,滩涂琉球鳂,,,,,,,no_image
116928,Pleioblastus sanmingensis,三明苦竹,,,,,,,no_image
116955,Pleione kaatiae,卡氏独蒜兰,,,,,,,no_image
116967,Plenasium javanicum,宽叶羽节紫萁,,,,,,,no_image
59737,Plesiochrysa eudora,小斑波草蛉,,,,,,,no_image
80059,Plestiodon popei,崇安石龙子,,,,,,,no_image
146892,Pleuroflammula chocoruensis,,,,,,,,no_image
143298,Pleuroplaconema sambuci,,,,,,,,no_image
116990,Pleurospermum simplex,单茎棱子芹,,,,,,,no_image
147839,Pleurotus eugrammus,真线侧耳,,,,,,,no_image
147819,Pleurotus abalonus,鲍鱼菇,,,,,,,no_image
147859,Pleurotus ostreatus,小白侧耳,,,,,,,no_image
147879,Pleurotus subareolatus,,,,,,,,no_image
140298,Plicaria furfuracea,,,,,,,,no_image
13193,Plexippoides potanini,波氏拟蝇虎,,,,,,,no_image
80073,Ploceus manyar,纹胸织雀,,,,,,,no_image
59760,Plumantenna hainanensis,海南羽角管蚜蝇,,,,,,,no_image
143301,Pluricellaesporites delicatus,,,,,,,,no_image
147890,Pluteus aurantiorugosus,橘红光柄菇,,,,,,,no_image
147910,Pluteus luctuosus,,,,,,,,no_image
117065,Poa eleanorae,易乐早熟禾,,,,,,,no_image
147930,Pluteus roseocandidus,,,,,,,,no_image
59769,Pnyxia scabiei,异型眼蕈蚊,,,,,,,no_image
117096,Poa macroanthera,大药早熟禾,,,,,,,no_image
117128,Poa sibirica,西伯利亚早熟禾,,,,,,,no_image
117172,Poa zhongdianensis,中甸早熟禾,,,,,,,no_image
59774,Podismopsis amplipennis,宽翅跃度蝗,,,,,,,no_image
117181,Podocarpus pilgeri,小叶罗汉松,,,,,,,no_image
151113,Podoscypha caespitosa,簇生柄杯菌,,,,,,,no_image
138151,Podosphaera fugax,,,,,,,,no_image
132128,Podoxyphium spongiosum,,,,,,,,no_image
80115,Poecilopsetta colorata,黑斑瓦鲽,,,,,,,no_image
144479,Podospora fimiseda,,,,,,,,no_image
59823,Pogonocherus pilosipes,,,,,,,,no_image
117197,Pogonatum fastigiatum,暖地小金发藓,,,,,,,no_image
59810,Poecilosomella nigra,黑星小粪蝇,,,,,,,no_image
117225,Pogostemon fauriei,小穗水蜡烛,,,,,,,no_image
117247,Pohlia atrothecia,红蒴丝瓜藓,,,,,,,no_image
117269,Pohlia nutans,黄丝瓜藓,,,,,,,no_image
59830,Polia altaica,类灰夜蛾,,,,,,,no_image
59849,Polietes domitor,白线直脉蝇,,,,,,,no_image
59859,Polionemobius flavoantennalis,黄角灰针蟋,,,,,,,no_image
59898,Pollenomyia falciloba,镰叶粉腹丽蝇,,,,,,,no_image
59878,Polleniopsis cuonaensis,错那拟粉蝇,,,,,,,no_image
117300,Polyalthia obliqua,沙煲暗罗,,,,,,,no_image
59904,Polycaena lua,露娅小蚬蝶,,,,,,,no_image
117308,Polycnemum arvense,多节草,,,,,,,no_image
117314,Polygala bawanglingensis,坝王远志,,,,,,,no_image
117345,Polygala latouchei,大叶金牛,,,,,,,no_image
117367,Polygala wenxianensis,文县远志,,,,,,,no_image
117409,Polygonatum prattii,康定玉竹,,,,,,,no_image
117426,Polygonum aviculare,萹蓄,,,,,,,no_image
117387,Polygonatum griffithii,三脉黄精,,,,,,,no_image
80127,Polyipnus aquavitus,光带烛光鱼,,,,,,,no_image
59924,Polymerus unifasciatus,斑异盲蝽,,,,,,,no_image
59940,Polyommatus venus,维纳斯眼灰蝶,,,,,,,no_image
59947,Polypedilum albicorne,白角多足摇蚊,,,,,,,no_image
59967,Polypedilum decematoguttatum,十斑多足摇蚊,,,,,,,no_image
59987,Polypedilum masudai,九斑多足摇蚊,,,,,,,no_image
60007,Polypedilum sordens,耐垢多足摇蚊,,,,,,,no_image
8208,Polyplumaria cornuta,角多羽螅,,,,,,,no_image
151640,Polyporus argillaceus,,,,,,,,no_image
151660,Polyporus confluens,波缘多孔菌,,,,,,,no_image
151700,Polyporus manubriatus,,,,,,,,no_image
151680,Polyporus guianensis,圭亚那多孔菌,,,,,,,no_image
151720,Polyporus papillatus,,,,,,,,no_image
151740,Polyporus rudis,,,,,,,,no_image
151780,Polyporus xinjiangensis,新疆多孔菌,,,,,,,no_image
151760,Polyporus sublignosus,近木质多孔菌,,,,,,,no_image
80148,Polyspondylogobius sinensis,中华多椎鰕虎,,,,,,,no_image
117495,Polystichum articulatipilosum,节毛耳蕨,,,,,,,no_image
117515,Polystichum chingiae,滇耳蕨,,,,,,,no_image
117535,Polystichum deltodon,对生耳蕨,,,,,,,no_image
117555,Polystichum fugongense,福贡耳蕨,,,,,,,no_image
117575,Polystichum hubeiense,湖北耳蕨,,,,,,,no_image
117595,Polystichum leveillei,莱氏耳蕨,,,,,,,no_image
117615,Polystichum meiguense,美姑耳蕨,,,,,,,no_image
117635,Polystichum normale,渝黔耳蕨,,,,,,,no_image
117655,Polystichum peishanii,培善耳蕨,,,,,,,no_image
117675,Polystichum qamdoense,昌都耳蕨,,,,,,,no_image
117695,Polystichum siangense,藏南珠芽耳蕨,,,,,,,no_image
117715,Polystichum tangmaiense,通麦耳蕨,,,,,,,no_image
117736,Polystichum yadongense,亚东耳蕨,,,,,,,no_image
117754,Polytrichastrum papillatum,莓疣拟金发藓,,,,,,,no_image
150500,Polystictus pargamenus,紫云芝,,,,,,,no_image
60026,Polythrena miegata,美虎斑尺蛾,,,,,,,no_image
16046,Polyxenus hangzhoensis,杭州毛马陆,,,,,,,no_image
60091,Polyzonus tetraspilotus,,,,,,,,no_image
80165,Pomacentrus moluccensis,摩鹿加雀鲷,,,,,,,no_image
3658,Pomatocheles jeffreysii,杰氏盖螯寄居蟹,,,,,,,no_image
117774,Ponerorchis capitata,头序无柱兰,,,,,,,no_image
117796,Ponerorchis ovata,卵叶兜被兰,,,,,,,no_image
117816,Pongamia griffithii,孟连水黄皮,,,,,,,no_image
80207,Pontinus tentacularis,触手冠海鲉,,,,,,,no_image
117851,Populus amurensis,黑龙江杨,,,,,,,no_image
117911,Populus schneideri,西南杨,,,,,,,no_image
117834,Populus ×,北京杨,,,,,,,no_image
117963,Porella chinensis,中华光萼苔,,,,,,,no_image
117884,Populus laurifolia,苦杨,,,,,,,no_image
137516,Porina coralloidea,珊瑚污核衣,,,,,,,no_image
137536,Porina rubentior,淡红污核衣,,,,,,,no_image
151789,Poria lenis,,,,,,,,no_image
117991,Porella perrottetiana,毛边光萼苔,,,,,,,no_image
60114,Porocallus hlavaci,,,,,,,,no_image
118023,Porphyra katadai,半叶紫菜,,,,,,,no_image
80213,Poromitra crassiceps,厚头犀孔鲷,,,,,,,no_image
80220,Poropuntius fuxianhuensis,抚仙吻孔鲃,,,,,,,no_image
80226,Porphyrio poliocephalus,紫水鸡,,,,,,,no_image
60127,Porpomastix fasciolata,三点三节芒蜣蝇,,,,,,,no_image
60143,Porthesia similis,盗毒蛾,,,,,,,no_image
118037,Portulaca grandiflora,大花马齿苋,,,,,,,no_image
28,Portunus rubromarginatus,红缘梭子蟹,,,,,,,no_image
150856,Postia simanii,希玛泊氏孔菌,,,,,,,no_image
118048,Potamogeton cristatus,鸡冠眼子菜,,,,,,,no_image
60160,Potanthus flavus,曲纹黄室弄蝶,,,,,,,no_image
118124,Potentilla imbricata,覆瓦委陵菜,,,,,,,no_image
118089,Potentilla conferta,大萼委陵菜,,,,,,,no_image
118152,Potentilla pendula,垂花委陵菜,,,,,,,no_image
60183,Pothyne laterialba,,,,,,,,no_image
118186,Potentilla verticillaris,轮叶委陵菜,,,,,,,no_image
118199,Pottsia grandiflora,大花帘子藤,,,,,,,no_image
118225,Pourthiaea schneideriana,绒毛石楠,,,,,,,no_image
80231,Praealticus margaritarius,犬牙矮冠鳚,,,,,,,no_image
118252,Prasanthus suecicus,穗枝苔,,,,,,,no_image
118261,Premna confinis,滇桂豆腐柴,,,,,,,no_image
118285,Premna puberula,狐臭柴,,,,,,,no_image
80241,Priapomys leonardi,李氏小飞鼠,,,,,,,no_image
60227,Preterkelisia magnispinosus,大刺长鞘飞虱,,,,,,,no_image
118309,Primula aliciae,西藏缺裂报春,,,,,,,no_image
118331,Primula blattariformis,地黄叶报春,,,,,,,no_image
118356,Primula cawdoriana,条裂垂花报春,,,,,,,no_image
118377,Primula clutterbuckii,短茎粉报春,,,,,,,no_image
118400,Primula duclouxii,曲柄报春,,,,,,,no_image
118423,Primula farreriana,大通报春,,,,,,,no_image
118446,Primula gracilenta,长瓣穗花报春,,,,,,,no_image
118467,Primula indica,藏南鄂报春,,,,,,,no_image
118491,Primula latisecta,宽裂掌叶报春,,,,,,,no_image
118535,Primula moupinensis,宝兴报春,,,,,,,no_image
118513,Primula malacoides,报春花,,,,,,,no_image
118563,Primula palmata,掌叶报春,,,,,,,no_image
118586,Primula pseudoglabra,松潘报春,,,,,,,no_image
118607,Primula runcinata,芥叶报春,,,,,,,no_image
118628,Primula sinoexscapa,无莛脆蒴报春,,,,,,,no_image
118653,Primula tangutica,甘青报春,,,,,,,no_image
118698,Primula wollastonii,钟状垂花报春,,,,,,,no_image
118677,Primula valentiniana,暗红紫晶报春,,,,,,,no_image
118718,Primulina atroglandulosa,黑脉报春苣苔,,,,,,,no_image
118744,Primulina chouweichuenii,维权报春苣苔,,,,,,,no_image
118764,Primulina eburnea,牛耳朵,,,,,,,no_image
118789,Primulina guarouba,黄鹦报春苣苔,,,,,,,no_image
118813,Primulina jiangyongensis,江永报春苣苔,,,,,,,no_image
118833,Primulina liboensis,荔波报春苣苔,,,,,,,no_image
118900,Primulina pinnata,复叶报春苣苔,,,,,,,no_image
118878,Primulina mollifolia,密毛小花苣苔,,,,,,,no_image
118858,Primulina lutea,黄花牛耳朵,,,,,,,no_image
118921,Primulina ronganensis,融安报春苣苔,,,,,,,no_image
118946,Primulina spiradiclioides,螺序草状报春苣苔,,,,,,,no_image
118971,Primulina wenii,温氏报春苣苔,,,,,,,no_image
80244,Prinia crinigera,喜山山鹪莺,,,,,,,no_image
60249,Priochirus mushanus,,,,,,,,no_image
60276,Prionolabis serridentata,齿黄翅大蚊,,,,,,,no_image
60293,Prionus murzini,,,,,,,,no_image
60263,Prionispa champaka,沟胸楔铁甲,,,,,,,no_image
80280,Pristicon trimaculatus,三斑锯竺鲷,,,,,,,no_image
18513,Proales daphnicola,蚤上前翼轮虫,,,,,,,no_image
60312,Proanoplomus nigroscutellatus,黑盾中横实蝇,,,,,,,no_image
60324,Procanace taiwanensis,台湾前滨蝇,,,,,,,no_image
1455,Prochromadorella attenuata,尖头拟色矛线虫,,,,,,,no_image
60357,Procladius fimbriatus,费前突摇蚊,,,,,,,no_image
60378,Procontarinia robusta,壮铗普瘿蚊,,,,,,,no_image
60391,Prodasineura huai,华氏微桥原蟌,,,,,,,no_image
60407,Profundiscrobis flagelliformis,,,,,,,,no_image
138513,Proliferodiscus inspersus,层出盘菌,,,,,,,no_image
60436,Promachus nussus,努叉胫食虫虻,,,,,,,no_image
119001,Pronephrium hirsutum,针毛新月蕨,,,,,,,no_image
11019,Pronoides trapezius,梯形类岬蛛,,,,,,,no_image
60455,Propsilocerus akamusi,红色裸须摇蚊,,,,,,,no_image
119018,Prosaptia formosana,宝岛穴子蕨,,,,,,,no_image
60484,Prosciara globoidea,圆尾首眼蕈蚊,,,,,,,no_image
80305,Proscyllium habereri,哈氏原鲨,,,,,,,no_image
60521,Prosodes rugulosa,,,,,,,,no_image
17236,Prosthodendrium attanuatum,纤细前腺吸虫,,,,,,,no_image
60539,Prosopophorella zhuae,朱氏凹额缟蝇,,,,,,,no_image
60542,Prospalta contigua,比星普夜蛾,,,,,,,no_image
17049,Prosthogonimus cuneatus,楔状前殖吸虫,,,,,,,no_image
19347,Protaphorura genheensis,,,,,,,,no_image
60585,Prothema ochraceosignatum,,,,,,,,no_image
3406,Proterato limata,光原爱神螺,,,,,,,no_image
80313,Protobothrops dabieshanensis,大别山原矛头蝮,,,,,,,no_image
60619,Protohermes arunachalensis,滇印星齿蛉,,,,,,,no_image
60602,Protocypus canis,,,,,,,,no_image
60639,Protohermes gutianensis,古田星齿蛉,,,,,,,no_image
60659,Protohermes xanthodes,炎黄星齿蛉,,,,,,,no_image
144910,Protomyces lactucae-debilis,剪刀股原囊菌,,,,,,,no_image
136333,Protoparmelia badia,褐原梅,,,,,,,no_image
60689,Protosticta taipokauensis,白瑞原扁蟌,,,,,,,no_image
60703,Proxylocopa nix,,,,,,,,no_image
119031,Prunella vulgaris,夏枯草,,,,,,,no_image
119066,Prunus davidiana,山桃,,,,,,,no_image
119118,Prunus menghaiensis,勐海桂樱,,,,,,,no_image
119090,Prunus hongpingensis,洪平杏,,,,,,,no_image
119146,Prunus pygeoides,云南桂樱,,,,,,,no_image
119178,Prunus tatsienensis,康定樱桃,,,,,,,no_image
119198,Prunus yunkaishanensis,云开山桂樱,,,,,,,no_image
60725,Psalidothrips longidens,长齿剪管蓟马,,,,,,,no_image
14595,Psammitis xysticiformis,蟹形沙柔蛛,,,,,,,no_image
60734,Psammostiba apicipilae,,,,,,,,no_image
148036,Psathyrella candolleana,黄盖小脆柄菇,,,,,,,no_image
148076,Psathyrella palustris,,,,,,,,no_image
148056,Psathyrella hydrophila,喜湿小脆柄菇,,,,,,,no_image
13620,Psechrus discoideus,盘褛网蛛,,,,,,,no_image
148096,Psathyrella spintrigera,,,,,,,,no_image
60741,Psectrocladius formosae,台湾刀突摇蚊,,,,,,,no_image
60760,Pselaphodes biwenxuani,,,,,,,,no_image
60780,Pselaphodes hui,,,,,,,,no_image
60800,Pselaphodes pseudowalkeri,,,,,,,,no_image
60820,Pselaphogenius yingjingensis,,,,,,,,no_image
60839,Pselliophora kershawi,垂突比栉大蚊,,,,,,,no_image
119216,Psephellus sibiricus,矮小绒矢车菊,,,,,,,no_image
80379,Pseudamiops gracilicauda,准天竺鲷,,,,,,,no_image
60876,Pseudalosterna breva,,,,,,,,no_image
60856,Pseudaeolesthes chrysothrix,,,,,,,,no_image
80391,Pseudanthias rubrizonatus,红带拟花鮨,,,,,,,no_image
139422,Pseudascozonus racemosporus,总孢假子盘菌,,,,,,,no_image
80398,Pseudecheneis gracilis,纤体褶&#x0000E065;,,,,,,,no_image
119225,Pseuderanthemum latifolium,山壳骨,,,,,,,no_image
80410,Pseudibis davisoni,白肩黑鹮,,,,,,,no_image
80423,Pseudobagrus ondon,盎堂拟鲿,,,,,,,no_image
60956,Pseudobironium convexum,,,,,,,,no_image
143319,Pseudoanguillospora stricta,,,,,,,,no_image
60971,Pseudobrachida hongkongensis,,,,,,,,no_image
60982,Pseudocalamobius taiwanensis,,,,,,,,no_image
132813,Pseudocercospora adenosmae,,,,,,,,no_image
80442,Pseudocaranx dentex,黄带拟鲹,,,,,,,no_image
132833,Pseudocercospora aracearum,,,,,,,,no_image
132853,Pseudocercospora blumeae,,,,,,,,no_image
132913,Pseudocercospora cydoniae,,,,,,,,no_image
132893,Pseudocercospora cocculigena,,,,,,,,no_image
132873,Pseudocercospora cassiae-fistulae,,,,,,,,no_image
132933,Pseudocercospora ecdysantherae,,,,,,,,no_image
132953,Pseudocercospora filiformis,,,,,,,,no_image
132973,Pseudocercospora gymnopetali,,,,,,,,no_image
132993,Pseudocercospora jatrophae,,,,,,,,no_image
133013,Pseudocercospora litseicola,,,,,,,,no_image
133033,Pseudocercospora melastomobia,,,,,,,,no_image
133053,Pseudocercospora nicolaiae,,,,,,,,no_image
133073,Pseudocercospora perillulae,,,,,,,,no_image
133113,Pseudocercospora rhapisicola,,,,,,,,no_image
133093,Pseudocercospora premnicola,豆腐柴生假尾孢,,,,,,,no_image
133133,Pseudocercospora solani-melongenicola,,,,,,,,no_image
133153,Pseudocercospora synedrellae,,,,,,,,no_image
133173,Pseudocercospora vaccinii,,,,,,,,no_image
133193,Pseudocercosporella inconspicua,,,,,,,,no_image
119258,Pseudochorisodontium setschwanicum,四川无齿藓,,,,,,,no_image
61002,Pseudococcobius flavicornis,黄角秀柯跳小蜂,,,,,,,no_image
80465,Pseudocrossocheilus papillolabrus,乳唇拟缨鱼,,,,,,,no_image
61018,Pseudocollix hyperythra,假考尺蛾,,,,,,,no_image
119286,Pseudocyclosorus guangxianensis,灌县假毛蕨,,,,,,,no_image
119306,Pseudocyclosorus tsoi,景烈假毛蕨,,,,,,,no_image
80467,Pseudodax moluccanus,摩鹿加拟凿牙鱼,,,,,,,no_image
13816,Pseudodrassus pichoni,皮氏伪掠蛛,,,,,,,no_image
61060,Pseudofentonia grisescens,灰拟纷舟蛾,,,,,,,no_image
16838,Pseudogagrella taiwana,台湾伪盾刺盲蛛,,,,,,,no_image
143736,Pseudohalonectria falcata,,,,,,,,no_image
119318,Pseudognaphalium chrysocephalum,金头鼠曲草,,,,,,,no_image
61087,Pseudohermenias Pseudohermenias,灰翅小卷蛾,,,,,,,no_image
61097,Pseudolathra glabra,,,,,,,,no_image
150523,Pseudoinonotus tibeticus,西藏拟纤孔菌,,,,,,,no_image
61109,Pseudoligosita grandiocella,大眼伪寡赤眼蜂,,,,,,,no_image
241,Pseudoliomera variolosa,痘粒假花瓣蟹,,,,,,,no_image
119343,Pseudolysimachion kiusianum,长毛穗花,,,,,,,no_image
61151,Pseudomallada barkamana,马尔康叉草蛉,,,,,,,no_image
61171,Pseudomallada gradata,黑阶叉草蛉,,,,,,,no_image
144673,Pseudomassaria sepincoliformis,,,,,,,,no_image
61191,Pseudomallada pilinota,长毛叉草蛉,,,,,,,no_image
2992,Pseudomma brevicaudum,短尾肓糠虾,,,,,,,no_image
14519,Pseudonesticus wumengensis,乌蒙伪类球蛛,,,,,,,no_image
61231,Pseudopelmatops angustifasciatus,窄带拟突眼实蝇,,,,,,,no_image
119362,Pseudophegopteris microstegia,禾秆紫柄蕨,,,,,,,no_image
61246,Pseudoplandria bicubicularis,,,,,,,,no_image
61266,Pseudoplandria mediostriata,,,,,,,,no_image
13449,Pseudopoda acuminata,渐尖伪遁蛛,,,,,,,no_image
13472,Pseudopoda interposita,居间伪遁蛛,,,,,,,no_image
13413,Pseudopoda semilunata,半月伪遁蛛,,,,,,,no_image
13470,Pseudopoda zhejiangensis,浙江伪遁蛛,,,,,,,no_image
1569,Pseudopythina sagamiensis,相模共生蛤,,,,,,,no_image
61287,Pseudopsis hermani,,,,,,,,no_image
61301,Pseudorhicnoessa spinipes,多刺伪岸蝇,,,,,,,no_image
61306,Pseudorhynchus nobilis,显贵拟矛螽,,,,,,,no_image
119415,Pseudosclerochloa kengiana,耿氏假硬草,,,,,,,no_image
61323,Pseudorthocladius wingoi,温戈伪直突摇蚊,,,,,,,no_image
143324,Pseudospiropes arecacensis,,,,,,,,no_image
61327,Pseudosmittia cristagata,大端脊伪施密摇蚊,,,,,,,no_image
61356,Pseudostegana nitidifrons,光额斑翅果蝇,,,,,,,no_image
119431,Pseudostellaria tianmushanensis,天目山孩儿参,,,,,,,no_image
61367,Pseudoterinaea bicoloripes,,,,,,,,no_image
80530,Pseudotriakis microdon,,,,,,,,no_image
61386,Pseudoxyporus jiulongus,,,,,,,,no_image
61402,Psila crassula,厚茎蝇,,,,,,,no_image
146689,Psilocybe chondroderma,粒皮裸盖菇,,,,,,,no_image
146709,Psilocybe physaloides,,,,,,,,no_image
61437,Psilopa nitidula,光亮凸额水蝇,,,,,,,no_image
61464,Psiopala undulans,浪美波纹蛾,,,,,,,no_image
136475,Psilolechia lucida,亮裸衣,,,,,,,no_image
80552,Psilopogon nuchalis,台湾拟啄木鸟,,,,,,,no_image
136482,Psora crystallifera,,,,,,,,no_image
61476,Psychoda alabangensis,菲岛蛾蠓,,,,,,,no_image
119473,Psychotria densa,密脉九节,,,,,,,no_image
61509,Ptecticus longipennis,长翅指突水虻,,,,,,,no_image
4553,Psychropotes longicauda,长尾蝶参,,,,,,,no_image
4476,Pteria loveni,宽珍珠贝,,,,,,,no_image
80583,Pteragogus enneacanthus,九棘高体盔鱼,,,,,,,no_image
119513,Pteris aspericaulis,紫轴凤尾蕨,,,,,,,no_image
119543,Pteris ensiformis,剑叶凤尾蕨,,,,,,,no_image
119575,Pteris liboensis,荔波凤尾蕨,,,,,,,no_image
119597,Pteris plumbea,栗柄凤尾蕨,,,,,,,no_image
119619,Pteris taiwanensis,台湾凤尾蕨,,,,,,,no_image
119643,Pternopetalum gracillimum,纤细囊瓣芹,,,,,,,no_image
61524,Pterocallis montanus,山翅斑蚜,,,,,,,no_image
61520,Pternoscirta longipennis,长翅踵蝗,,,,,,,no_image
119698,Pterocladiella caerulescens,兰色拟鸡毛菜,,,,,,,no_image
7813,Pteroeides sp,翼海鳃H,,,,,,,no_image
80613,Pterois russelii,勒氏蓑鲉,,,,,,,no_image
61551,Pterolophia caballina,,,,,,,,no_image
61596,Pterolophia nitidomaculata,,,,,,,,no_image
61573,Pterolophia granulata,,,,,,,,no_image
61616,Pterolophia subbitubericollis,,,,,,,,no_image
61634,Pteromicra leucodactyla,白纹窄翅沼蝇,,,,,,,no_image
80631,Pterorhinus courtoisi,蓝冠噪鹛,,,,,,,no_image
119716,Pterospermum proteus,变叶翅子树,,,,,,,no_image
148125,Pterula decumbens,卧生龙须菌,,,,,,,no_image
2720,Pterygia nudulosa,波纹花生螺,,,,,,,no_image
119732,Pterygoneurum kozlovii,芒尖盐土藓,,,,,,,no_image
119738,Ptilagrostis arcuata,弧芒细柄茅,,,,,,,no_image
61664,Ptilocera quadridentata,方斑枝角水虻,,,,,,,no_image
61686,Ptilophora rufula,台湾翼舟蛾,,,,,,,no_image
80700,Ptychobarbus dipogon,双须叶须鱼,,,,,,,no_image
13109,Ptocasius songi,宋氏兜跳蛛,,,,,,,no_image
119762,Ptychomitrium linearifolium,狭叶缩叶藓,,,,,,,no_image
80702,Ptyctolaemus siangensis,雅下喉褶蜥,,,,,,,no_image
153489,Puccinella graminis,,,,,,,,no_image
119787,Puccinellia koeieana,科氏碱茅,,,,,,,no_image
119807,Puccinellia roshevitsiana,西域碱茅,,,,,,,no_image
153499,Puccinia actinellae,,,,,,,,no_image
153539,Puccinia aristidae,三芒草柄锈菌,,,,,,,no_image
153519,Puccinia allii,,,,,,,,no_image
153559,Puccinia asparagi-lucidi,天门冬柄锈菌,,,,,,,no_image
153579,Puccinia berberidis-trifoliae,三叶小檗柄锈菌,,,,,,,no_image
153599,Puccinia calthae,马蹄草柄绣菌,,,,,,,no_image
153619,Puccinia caricis-hancockianae,点叶薹草柄锈菌,,,,,,,no_image
153639,Puccinia cesatii,塞萨特柄锈菌,,,,,,,no_image
153659,Puccinia clintoniae-udensis,七筋菇柄锈菌,,,,,,,no_image
153679,Puccinia crepidis,还阳参柄锈菌,,,,,,,no_image
153699,Puccinia dioscoreae,穿山龙锈病薯技柄锈菌,,,,,,,no_image
153719,Puccinia engleriana,,,,,,,,no_image
153759,Puccinia galatica,,,,,,,,no_image
153739,Puccinia fagopyri,,,,,,,,no_image
153779,Puccinia haleniae,花锚柄锈菌,,,,,,,no_image
153799,Puccinia hieracii,山柳菊柄锈菌,,,,,,,no_image
153819,Puccinia inquinans,,,,,,,,no_image
153839,Puccinia kuehnii,屈恩柄锈病,,,,,,,no_image
153859,Puccinia lateripes,侧柄柄锈菌,,,,,,,no_image
153919,Puccinia miscanthi,,,,,,,,no_image
153939,Puccinia neoporteri,新波特柄锈菌,,,,,,,no_image
153879,Puccinia limosae,,,,,,,,no_image
153899,Puccinia machilicola,桢楠生柄锈菌,,,,,,,no_image
153959,Puccinia oenanthes,水芹柄锈,,,,,,,no_image
153979,Puccinia paihuashanensis,百花山柄锈菌,,,,,,,no_image
153999,Puccinia phyllostachydis,刚竹柄锈菌,,,,,,,no_image
154019,Puccinia polygoni-amphibii,,,,,,,,no_image
154039,Puccinia pruni-persicae,,,,,,,,no_image
154059,Puccinia rhapontici,祁州漏卢柄锈菌,,,,,,,no_image
154099,Puccinia senecionis-scandentis,,,,,,,,no_image
154079,Puccinia saussureae,,,,,,,,no_image
154119,Puccinia smilacinae,鹿药柄锈菌,,,,,,,no_image
154139,Puccinia stipae-sibiricae,羽茅柄锈菌,,,,,,,no_image
154159,Puccinia taylorii,泰勒柄锈,,,,,,,no_image
154179,Puccinia tokyensis,东京柄锈菌,,,,,,,no_image
154199,Puccinia varians,,,,,,,,no_image
154219,Puccinia wenchuanensis,,,,,,,,no_image
154483,Pucciniastrum coryli,榛膨痂锈菌,,,,,,,no_image
153346,Pucciniostele ampelopsidis,,,,,,,,no_image
4642,Pugettia incisa,缺刻矶蟹,,,,,,,no_image
119859,Pulsatilla kostyczewii,紫蕊白头翁,,,,,,,no_image
119840,Pulicaria gnaphalodes,鼠曲蚤草,,,,,,,no_image
61733,Pulvinaria betulae,桦绵蜡蚧,,,,,,,no_image
119872,Punica granatum,石榴,,,,,,,no_image
3762,Punctacteon fabraeanus,织纹斑捻螺,,,,,,,no_image
61753,Purpuricenus lituratus,,,,,,,,no_image
17665,Pupilla cupa,杯虹蛹螺,,,,,,,no_image
140677,Pustularia vesiculosa,,,,,,,,no_image
17208,Pycnoporus heteroporus,异囊坚盘吸虫,,,,,,,no_image
80724,Pycnocraspedum fulvum,棕黄姬鼬鳚,,,,,,,no_image
119897,Pycreus sulcinux,槽果扁莎,,,,,,,no_image
61773,Pygophora confusa,露尾秽蝇,,,,,,,no_image
61793,Pygophora trina,三支尾秽蝇,,,,,,,no_image
119912,Pylaisia falcata,弯叶金灰藓,,,,,,,no_image
119942,Pyrenaria maculatoclada,斑枝石笔木,,,,,,,no_image
119928,Pyracantha fortuneana,火棘,,,,,,,no_image
134671,Pyrenula astroidea,星小核衣,,,,,,,no_image
134691,Pyrenula mamillana,乳头小核衣,,,,,,,no_image
134711,Pyrenula submastophora,,,,,,,,no_image
61825,Pyrgocorypha subulata,钻状锥头螽,,,,,,,no_image
61838,Pyrocalymma pyrochroides,,,,,,,,no_image
119974,Pyrola morrisonensis,台湾鹿蹄草,,,,,,,no_image
61857,Pyrrhia bifasciata,双纹焰夜蛾,,,,,,,no_image
150528,Pyropolyporus fastuosus,厚褐贝,,,,,,,no_image
80774,Pyrrhula nipalensis,褐灰雀,,,,,,,no_image
120004,Pyrrosia linearifolia,线叶石韦,,,,,,,no_image
4149,Pyrunculus obesus,肥胖梨螺,,,,,,,no_image
120049,Pyrus zhaoxuanii,昭璇梨,,,,,,,no_image
12643,Qianlingula bilamellata,双片黔舌蛛,,,,,,,no_image
16738,Qiongthela qiongzhong,琼中琼蛛,,,,,,,no_image
9870,Quadriporca mangiferae,,,,,,,,no_image
61907,Quedius bann,,,,,,,,no_image
61889,Quassitagma platomona,宽摇祝蛾,,,,,,,no_image
61927,Quedius chang,,,,,,,,no_image
61947,Quedius douglasi,,,,,,,,no_image
61967,Quedius farkaci,,,,,,,,no_image
62007,Quedius jindrai,,,,,,,,no_image
61987,Quedius haw,,,,,,,,no_image
62027,Quedius kwang,,,,,,,,no_image
62087,Quedius petilius,,,,,,,,no_image
62047,Quedius masuzoi,,,,,,,,no_image
62067,Quedius nigridius,,,,,,,,no_image
62107,Quedius rong,,,,,,,,no_image
62127,Quedius stevensi,,,,,,,,no_image
62147,Quedius tyrrhus,,,,,,,,no_image
62167,Quedius yeleensis,,,,,,,,no_image
120064,Quercus augustinii,窄叶青冈,,,,,,,no_image
120084,Quercus delicatula,上思青冈,,,,,,,no_image
120104,Quercus hopeiensis,河北栎,,,,,,,no_image
120124,Quercus monnula,长叶枹栎,,,,,,,no_image
120144,Quercus robur,夏栎,,,,,,,no_image
120166,Quercus tomentosinervis,毛脉青冈,,,,,,,no_image
5435,Quidnipagu palatum,皱纹樱蛤,,,,,,,no_image
62200,Rabdophaga salicis,食柳瘿蚊,,,,,,,no_image
120178,Racomitrium himalayanum,喜马拉雅砂藓,,,,,,,no_image
62225,Rachicerus patagiatus,金绿肋角虻,,,,,,,no_image
120190,Radermachera hainanensis,海南菜豆树,,,,,,,no_image
120208,Radula borneensis,婆罗扁萼苔,,,,,,,no_image
120228,Radula obscura,树生扁萼苔,,,,,,,no_image
3117,Raeta pellicula,脆壳勒特蛤,,,,,,,no_image
136552,Ramalina intermedia,间枝树花,,,,,,,no_image
136532,Ramalina americana,美洲树花,,,,,,,no_image
136572,Ramalina sinensis,中国树花,,,,,,,no_image
149951,Ramaria broomei,,,,,,,,no_image
149971,Ramaria eryuanensis,洱源丛枝瑚,,,,,,,no_image
149991,Ramaria hilaris,脐孢丛枝瑚,,,,,,,no_image
150011,Ramaria moelleriana,黄褐枝瑚菌,,,,,,,no_image
150031,Ramaria rufescens,红顶黄枝瑚菌,,,,,,,no_image
150051,Ramaria zippelii,小刺孢枝瑚菌,,,,,,,no_image
62259,Ramesa baenzigeri,贝枝舟蛾,,,,,,,no_image
133204,Ramularia anomala,,,,,,,,no_image
133224,Ramularia cirsii,,,,,,,,no_image
133244,Ramularia lactea,,,,,,,,no_image
133284,Ramularia valerianae,,,,,,,,no_image
133264,Ramularia philadelphi,,,,,,,,no_image
62282,Ramulus brunneus,褐纹短角棒䗛,,,,,,,no_image
62322,Ramulus nigrifactus,黑胸短角棒䗛,,,,,,,no_image
62302,Ramulus huayingense,华蓥短角棒䗛,,,,,,,no_image
80813,Rana chevronta,峰斑林蛙,,,,,,,no_image
62342,Ramulus tiantaiensis,天台山短角棒䗛,,,,,,,no_image
120279,Ranunculus densiciliatus,睫毛毛茛,,,,,,,no_image
120255,Ranunculus angustisepalus,狭萼毛茛,,,,,,,no_image
80833,Rana wuyiensis,武夷林蛙,,,,,,,no_image
120309,Ranunculus gmelinii,小掌叶毛茛,,,,,,,no_image
120367,Ranunculus morii,森氏毛茛,,,,,,,no_image
120342,Ranunculus laohegouensis,老河沟毛茛,,,,,,,no_image
120393,Ranunculus podocarpus,柄果毛茛,,,,,,,no_image
120415,Ranunculus sieboldii,扬子毛茛,,,,,,,no_image
120442,Ranunculus trichophyllus,毛柄水毛茛,,,,,,,no_image
17550,Rapana rapiformis,梨红螺,,,,,,,no_image
80844,Raorchestes kempiae,沧源灌树蛙,,,,,,,no_image
120466,Rapistrum rugosum,假芸薹,,,,,,,no_image
80862,Rattus pyctoris,拟家鼠,,,,,,,no_image
154558,Ravenelia formosana,台湾伞锈菌,,,,,,,no_image
62394,Recontracta frisilina,短祝蛾,,,,,,,no_image
11977,Raveniola rugosa,褶雷文蛛,,,,,,,no_image
62405,Redoa cygnopsis,白点足毒蛾,,,,,,,no_image
120491,Reevesia orbicularifolia,圆叶梭罗树,,,,,,,no_image
120509,Rehderodendron kwangtungense,广东木瓜红,,,,,,,no_image
120528,Reinwardtiodendron humile,雷楝,,,,,,,no_image
80890,Remora brachyptera,短臂短鮣,,,,,,,no_image
80894,Repomucenus lunatus,月斑斜棘[鱼衔],,,,,,,no_image
148607,Resupinatus applicatus,小伏褶菌,,,,,,,no_image
62435,Reticulitermes aculabialis,尖唇散白蚁,,,,,,,no_image
62455,Reticulitermes coelceps,凹头散白蚁,,,,,,,no_image
62475,Reticulitermes guilinensis,桂林散白蚁,,,,,,,no_image
62496,Reticulitermes longicephalus,长头散白蚁,,,,,,,no_image
62516,Reticulitermes planifrons,平额散白蚁,,,,,,,no_image
62536,Reticulitermes wuganensis,武冈散白蚁,,,,,,,no_image
62552,Retipenna chaoi,赵氏罗草蛉,,,,,,,no_image
4136,Retusa ovulina,卵囊螺,,,,,,,no_image
62572,Rhabdomastix holomelania,黑棒大蚊,,,,,,,no_image
80916,Rhabdophis siamensis,暹罗颈槽蛇（泰国颈槽蛇）,,,,,,,no_image
135077,Rhachomyces tenuis,,,,,,,,no_image
62583,Rhadinopsylla biconcava,双凹纤蚤,,,,,,,no_image
62611,Rhadinopsylla tenella,弱纤蚤,,,,,,,no_image
62636,Rhagio basiflavus,基黄鹬虻,,,,,,,no_image
62656,Rhagio perdicaceus,鹧鸪鹬虻,,,,,,,no_image
62677,Rhagoletis alternata,蔷薇绕实蝇,,,,,,,no_image
62685,Rhamnosa kwangtungensis,角齿刺蛾,,,,,,,no_image
120601,Rhamnus formosana,台湾鼠李,,,,,,,no_image
120625,Rhamnus minnanensis,闽南山鼠李,,,,,,,no_image
62700,Rhamphomyia klapperichi,克氏猎舞虻,,,,,,,no_image
120650,Rhamnus ussuriensis,乌苏里鼠李,,,,,,,no_image
120668,Rhaphidophora decursiva,爬树龙,,,,,,,no_image
120690,Rhaphiolepis lanceolata,细叶石斑木,,,,,,,no_image
62734,Rhaphium micans,黑鬃锥长足虻,,,,,,,no_image
62754,Rhaphuma bii,,,,,,,,no_image
62774,Rhaphuma familiaris,,,,,,,,no_image
62794,Rhaphuma minima,,,,,,,,no_image
62816,Rhaphuma rybniceki,,,,,,,,no_image
120701,Rhaponticoides kasakorum,天山金矢车菊,,,,,,,no_image
62831,Rheocricotopus atripes,黑足趋流摇蚊,,,,,,,no_image
62851,Rheocricotopus serratus,锯齿趋流摇蚊,,,,,,,no_image
120727,Rheum moorcroftianum,卵果大黄,,,,,,,no_image
120749,Rheum wittrockii,天山大黄,,,,,,,no_image
62870,Rheotanytarsus quadratus,矩流长跗摇蚊,,,,,,,no_image
62899,Rheumaptera incertata,边汝尺蛾,,,,,,,no_image
144390,Rhexoacrodictys fuliginosa,,,,,,,,no_image
62932,Rhingia lateralis,边鼻颜蚜蝇,,,,,,,no_image
3325,Rhinoclavis sordidula,污锉棒螺,,,,,,,no_image
80945,Rhinogobius albomarginatus,白边吻虾虎鱼,,,,,,,no_image
80965,Rhinogobius immaculatus,无斑吻虾虎鱼,,,,,,,no_image
81019,Rhinolophus thomasi,托氏菊头蝠,,,,,,,no_image
6759,Rhinolambrus longispinuis,长刺束颈紧握蟹,,,,,,,no_image
80985,Rhinogobius parvus,小吻鰕虎,,,,,,,no_image
81025,Rhinopias xenops,异眼吻鲉,,,,,,,no_image
62957,Rhipidia chenwenyoungi,杨氏栉形大蚊,,,,,,,no_image
17110,Rhipidocotyle adbaculum,侧仗扇盘吸虫,,,,,,,no_image
62984,Rhipidolestes fascia,褐带扇山蟌,,,,,,,no_image
63000,Rhipiphorothrips africanus,非洲皱针蓟马,,,,,,,no_image
155931,Rhizomucor chlamydosporus,厚壁孢子根毛霉,,,,,,,no_image
137570,Rhizocarpon saurinum,蜥羽地图衣,,,,,,,no_image
63013,Rhizococcus trispinatus,三刺根绒蚧,,,,,,,no_image
137550,Rhizocarpon effiguratum,,,,,,,,no_image
155298,Rhizophydium collapsum,,,,,,,,no_image
155318,Rhizophydium sphaerotheca,球孢根生壶菌,,,,,,,no_image
149510,Rhizopogon pseudoroseolus,,,,,,,,no_image
156040,Rhizopus oligosporus,少孢根霉,,,,,,,no_image
63020,Rhodesiella chui,崔氏锥秆蝇,,,,,,,no_image
120776,Rhodiola alterna,互生红景天,,,,,,,no_image
63040,Rhodesiella scutellata,齿腿锥秆蝇,,,,,,,no_image
120800,Rhodiola himalensis,喜马红景天,,,,,,,no_image
120854,Rhodobryum laxelimbatum,阔边大叶藓,,,,,,,no_image
120828,Rhodiola rosea,红景天,,,,,,,no_image
120892,Rhododendron aperantum,宿鳞杜鹃,,,,,,,no_image
146284,Rhodocybe roseiavellanea,,,,,,,,no_image
120922,Rhododendron bamaense,斑玛杜鹃,,,,,,,no_image
120943,Rhododendron caesium,蓝灰糙毛杜鹃,,,,,,,no_image
121001,Rhododendron coryanum,光蕊杜鹃,,,,,,,no_image
120974,Rhododendron chilanshanense,棲兰山杜鹃,,,,,,,no_image
121027,Rhododendron delavayi,马缨杜鹃,,,,,,,no_image
121080,Rhododendron fletcherianum,翅柄杜鹃,,,,,,,no_image
121103,Rhododendron gonggashanense,贡嘎山杜鹃,,,,,,,no_image
121056,Rhododendron erosum,啮蚀杜鹃,,,,,,,no_image
121130,Rhododendron heteroclitum,异常杜鹃,,,,,,,no_image
121152,Rhododendron impeditum,粉紫杜鹃,,,,,,,no_image
121175,Rhododendron kongboense,工布杜鹃,,,,,,,no_image
121196,Rhododendron leucaspis,白背杜鹃,,,,,,,no_image
121218,Rhododendron lukiangense,蜡叶杜鹃,,,,,,,no_image
121243,Rhododendron megalanthum,西藏杜鹃,,,,,,,no_image
121267,Rhododendron moulmainense,毛棉杜鹃,,,,,,,no_image
121292,Rhododendron ochraceum,峨马杜鹃,,,,,,,no_image
121323,Rhododendron piercei,察隅杜鹃,,,,,,,no_image
121345,Rhododendron primuliflorum,樱草杜鹃,,,,,,,no_image
121372,Rhododendron qiaojiaense,巧家杜鹃,,,,,,,no_image
121401,Rhododendron rufescens,红背杜鹃,,,,,,,no_image
121433,Rhododendron serotinum,晚花杜鹃,,,,,,,no_image
121458,Rhododendron sperabile,纯红杜鹃,,,,,,,no_image
121487,Rhododendron tapetiforme,单色杜鹃,,,,,,,no_image
121514,Rhododendron trichostomum,毛嘴杜鹃,,,,,,,no_image
121546,Rhododendron verruciferum,疣梗杜鹃,,,,,,,no_image
121569,Rhododendron wumingense,武鸣杜鹃,,,,,,,no_image
121589,Rhododendron yushuense,玉树杜鹃,,,,,,,no_image
63056,Rhodoneura bacula,棒带网蛾,,,,,,,no_image
63077,Rhodoneura moorei,三线赭网蛾,,,,,,,no_image
4352,Rhodopetoma erosa,假鲍氏塔螺,,,,,,,no_image
146305,Rhodophyllus juncinus,日本粉褶菌,,,,,,,no_image
146325,Rhodophyllus sepium,,,,,,,,no_image
140685,Rhodoscypha ovilla,瑰丽盘菌,,,,,,,no_image
63107,Rhomborista devexata,弯斑绿菱尺蛾,,,,,,,no_image
121612,Rhopalephora scaberrima,钩毛子草,,,,,,,no_image
63131,Rhopalopsole apicispina,端刺诺(虫责),,,,,,,no_image
63151,Rhopalopsole intonsa,鬃板诺(虫责),,,,,,,no_image
63171,Rhopalopsole triseriata,尖突诺(虫责),,,,,,,no_image
8098,Rhopilema rhopalophorum,棒状海蜇,,,,,,,no_image
121626,Rhus wilsonii,川麸杨,,,,,,,no_image
9767,Rhyncaphytoptus brassaiopsus,,,,,,,,no_image
9816,Rhyncaphytoptus lonicerae,,,,,,,,no_image
63207,Rhynchina columbaris,鸽口夜蛾,,,,,,,no_image
3835,Rhynchonema xiamenensis,厦门吻腔线虫,,,,,,,no_image
121638,Rhynchosia kunmingensis,昆明鹿藿,,,,,,,no_image
121657,Rhynchostegiella laeviseta,光柄细喙藓,,,,,,,no_image
121677,Rhynchostegium subspeciosum,美丽长喙藓,,,,,,,no_image
63229,Rhyncomya pollinosa,粉被鼻彩蝇,,,,,,,no_image
12549,Rhysodromus cinerascens,灰毛皱逍遥蛛,,,,,,,no_image
63254,Rhytidortalis cribrata,筛皱广口蝇,,,,,,,no_image
63255,Ribautodelphax altaica,阿尔泰黎氏飞虱,,,,,,,no_image
121721,Ribes giraldii,陕西茶藨子,,,,,,,no_image
121762,Ribes maximowiczianum,尖叶茶藨子,,,,,,,no_image
121791,Ribes setchuense,四川茶藨子,,,,,,,no_image
121819,Riccardia latifrons,宽片叶苔,,,,,,,no_image
121841,Riccia kirinensis,吉林钱苔,,,,,,,no_image
150694,Rickenella mellea,,,,,,,,no_image
151017,Rigidoporus geotropus,,,,,,,,no_image
135392,Rinodina gennarii,金氏饼干衣,,,,,,,no_image
2650,Ringicula denticulata,锯齿露齿螺,,,,,,,no_image
135412,Rinodina thiomela,硫饼干衣,,,,,,,no_image
63269,Riseveinus albiveinus,白脉突脉叶蝉,,,,,,,no_image
15898,Riukiaria spatuliformis,,,,,,,,no_image
63293,Rivula curvifera,曲纹涓夜蛾,,,,,,,no_image
8410,Rocinela propodialis,前足罗司水虱,,,,,,,no_image
121865,Robinia hispida,毛洋槐,,,,,,,no_image
81090,Rogadius asper,倒棘鲬,,,,,,,no_image
121922,Rohdea wattii,弯蕊开口箭,,,,,,,no_image
63329,Rondibilis szetschuanica,,,,,,,,no_image
121900,Rohdea fargesii,开口箭,,,,,,,no_image
63346,Ropica ngauchilae,,,,,,,,no_image
63366,Ropronia maai,马氏窄腹细蜂,,,,,,,no_image
121927,Rorippa benghalensis,孟加拉蔊菜,,,,,,,no_image
121954,Rosa bracteata,硕苞蔷薇,,,,,,,no_image
121989,Rosa foetida,异味蔷薇,,,,,,,no_image
122021,Rosa lasiosepala,毛萼蔷薇,,,,,,,no_image
122062,Rosa persetosa,全针蔷薇,,,,,,,no_image
122087,Rosa soulieana,川滇蔷薇,,,,,,,no_image
63382,Rosalia batesi,,,,,,,,no_image
63406,Rosapha brevispinosa,短刺多毛水虻,,,,,,,no_image
122141,Roscoea scillifolia,绵枣象牙参,,,,,,,no_image
2852,Rostratoverruca koehleri,贝雕吻花笼,,,,,,,no_image
122155,Rotala mexicana,轮叶节节菜,,,,,,,no_image
81102,Rouleina watasei,渡濑鲁氏鱼,,,,,,,no_image
6887,Roxasia filigrana,线粒散枝软珊瑚,,,,,,,no_image
63415,Ruba maculipennis,斑翅红水虻,,,,,,,no_image
122197,Rubia mandersii,黑花茜草,,,,,,,no_image
122217,Rubia trichocarpa,毛果茜草,,,,,,,no_image
122234,Rubus alnifoliolatus,桤叶悬钩子,,,,,,,no_image
122263,Rubus chenmouanus,陈谋悬钩子,,,,,,,no_image
122302,Rubus efferatus,疏松悬钩子,,,,,,,no_image
122337,Rubus glabricarpus,光果悬钩子,,,,,,,no_image
122372,Rubus ichangensis,宜昌悬钩子,,,,,,,no_image
122446,Rubus mesogaeus,喜阴悬钩子,,,,,,,no_image
122413,Rubus lasiotrichos,多毛悬钩子,,,,,,,no_image
122476,Rubus paucidentatus,少齿悬钩子,,,,,,,no_image
122511,Rubus ptilocarpus,毛果悬钩子,,,,,,,no_image
122592,Rubus tinifolius,截叶悬钩子,,,,,,,no_image
122558,Rubus simplex,单茎悬钩子,,,,,,,no_image
122615,Rubus yuliensis,玉里悬钩子,,,,,,,no_image
378,Ruditapes philippinarum,菲律宾蛤仔,,,,,,,no_image
63439,Rugilus confluens,,,,,,,,no_image
63459,Rugilus pungens,,,,,,,,no_image
122633,Rumex confertus,密生酸模,,,,,,,no_image
122655,Rumex ucranicus,乌克兰酸模,,,,,,,no_image
122669,Rungia pectinata,孩儿草,,,,,,,no_image
977,Russellhanleya striata,瑞化鳞虫,,,,,,,no_image
152340,Russula aurea,橙黄红菇,,,,,,,no_image
152360,Russula chloroides,灰绿红菇,,,,,,,no_image
152380,Russula emeticicolor,呕吐色红菇,,,,,,,no_image
152400,Russula griseocarnosa,灰肉红菇,,,,,,,no_image
152420,Russula lilacea,淡紫红菇,,,,,,,no_image
152440,Russula ochroleuca,黄白红菇,,,,,,,no_image
152460,Russula pseudolepida,假鳞盖红菇,,,,,,,no_image
152480,Russula rubescens,变黑红菇,,,,,,,no_image
152500,Russula velenovskyi,细皮囊体红菇,,,,,,,no_image
138886,Rutstroemia bolaris,保拉蜡盘菌,,,,,,,no_image
6665,Sabatieria celtica,塞尔特萨巴线虫,,,,,,,no_image
139425,Ryparobius sexdecimsporus,,,,,,,,no_image
122700,Sabia parviflora,小花清风藤,,,,,,,no_image
143344,Saccardoella minuta,,,,,,,,no_image
122724,Saccharum fallax,金猫尾,,,,,,,no_image
4117,Saccostrea mytulodes,贻形牡蛎,,,,,,,no_image
122750,Sageretia gongshanensis,贡山雀梅藤,,,,,,,no_image
139658,Saccobolus minimus,微小集孢粪盘菌,,,,,,,no_image
122774,Sagina japonica,漆姑草,,,,,,,no_image
122797,Salacia glaucifolia,粉叶五层龙,,,,,,,no_image
63498,Saigusaia spinibarbis,刺状赛菌蚊,,,,,,,no_image
63509,Salassa tibaliva,西藏鸮目大蚕蛾,,,,,,,no_image
63519,Saliocleta dejoannisi,帝箩舟蛾,,,,,,,no_image
122810,Salix alatavica,阿拉套柳,,,,,,,no_image
122862,Salix characta,密齿柳,,,,,,,no_image
122837,Salix berberifolia,刺叶柳,,,,,,,no_image
122889,Salix denticulata,齿叶柳,,,,,,,no_image
122920,Salix floderusii,崖柳,,,,,,,no_image
122941,Salix humaensis,呼玛柳,,,,,,,no_image
122969,Salix koriyanagi,尖叶紫柳,,,,,,,no_image
122990,Salix macroblasta,灌西柳,,,,,,,no_image
123017,Salix nankingensis,南京柳,,,,,,,no_image
123041,Salix paraplesia,康定柳,,,,,,,no_image
123070,Salix pseudotangii,山柳,,,,,,,no_image
123100,Salix rosthornii,南川柳,,,,,,,no_image
123128,Salix siuzevii,卷边柳,,,,,,,no_image
123160,Salix tengchongensis,腾冲柳,,,,,,,no_image
123183,Salix xizangensis,西藏柳,,,,,,,no_image
123192,Salomonia cantoniensis,齿果草,,,,,,,no_image
123207,Salsola rosacea,蔷薇猪毛菜,,,,,,,no_image
123218,Salvia atropurpurea,暗紫鼠尾草,,,,,,,no_image
123251,Salvia daiguii,张家界鼠尾草,,,,,,,no_image
123283,Salvia kiaometiensis,荞麦地鼠尾草,,,,,,,no_image
123312,Salvia plebeia,荔枝草,,,,,,,no_image
123344,Salvia subviolacea,川藏鼠尾草,,,,,,,no_image
15771,Samarangopus canalis,管道三宝垄少足,,,,,,,no_image
8502,Sandalia rhodia,玫瑰履螺,,,,,,,no_image
123395,Sanicula hacquetioides,鳞果变豆菜,,,,,,,no_image
63557,Saperda alberti,,,,,,,,no_image
123413,Sapindus mukorossi,无患子,,,,,,,no_image
63595,Saprinus immundus,污腐阎甲,,,,,,,no_image
63617,Sapromyza hainanensis,海南双鬃缟蝇,,,,,,,no_image
63648,Sarbanissa subflava,葡萄修虎蛾,,,,,,,no_image
123429,Saraca indica,中南无忧花,,,,,,,no_image
123443,Sarcococca vagans,海南野扇花,,,,,,,no_image
137029,Sarcographa heteroclita,异肉果衣,,,,,,,no_image
63654,Sarcophila japonica,日本麻野蝇,,,,,,,no_image
7195,Sarcophyton trocheliophorum,轮盘肉芝软珊瑚,,,,,,,no_image
140841,Sarcoscypha humberiana,汉氏肉杯菌,,,,,,,no_image
63668,Sarcosolomonia nathani,六叉所麻蝇,,,,,,,no_image
81176,Sargocentron ittodai,银带棘鳞鱼,,,,,,,no_image
81158,Sardinella albella,白腹小沙丁鱼,,,,,,,no_image
63683,Sargus metallinus,丽瘦腹水虻,,,,,,,no_image
63703,Sarina tsintaoensis,青岛箒麻蝇,,,,,,,no_image
123466,Sarocalamus racemosus,总花冷箭竹,,,,,,,no_image
63739,Satanas nigra,黑魔食虫虻,,,,,,,no_image
7832,Sasakiella cruciformis,十字佐氏水母,,,,,,,no_image
63765,Sathytes tibialis,,,,,,,,no_image
63781,Satyrium pseudopruni,拟杏洒灰蝶,,,,,,,no_image
123492,Saurauia rubricalyx,红萼水东哥,,,,,,,no_image
63798,Sauris remodesaria,桨三叶尺蛾,,,,,,,no_image
123509,Sauropus macranthus,长梗守宫木,,,,,,,no_image
123529,Saussurea alatipes,翼柄风毛菊,,,,,,,no_image
123551,Saussurea blanda,绿风毛菊,,,,,,,no_image
123572,Saussurea chinnampoensis,京风毛菊,,,,,,,no_image
123594,Saussurea dielsiana,狭头风毛菊,,,,,,,no_image
123614,Saussurea flexuosa,城口风毛菊,,,,,,,no_image
123636,Saussurea gymnocephala,裸头雪莲,,,,,,,no_image
123658,Saussurea jiulongensis,九龙风毛菊,,,,,,,no_image
123678,Saussurea larionowii,天山风毛菊,,,,,,,no_image
123698,Saussurea lyratifolia,大头羽裂风毛菊,,,,,,,no_image
123718,Saussurea mutabilis,变叶风毛菊,,,,,,,no_image
123738,Saussurea ovatifolia,青藏风毛菊,,,,,,,no_image
123758,Saussurea polypodioides,水龙骨风毛菊,,,,,,,no_image
123778,Saussurea pseudotridactyla,拟三指雪兔子,,,,,,,no_image
123800,Saussurea rotundifolia,圆叶风毛菊,,,,,,,no_image
123822,Saussurea sikkimensis,锡金雪莲,,,,,,,no_image
123842,Saussurea tangutica,唐古特雪莲,,,,,,,no_image
123868,Saussurea ussuriensis,乌苏里风毛菊,,,,,,,no_image
123888,Saussurea yiwuensis,伊吾风毛菊,,,,,,,no_image
6594,Savignium milleporae,孔宽楯藤壶,,,,,,,no_image
81229,Saxicola stejnegeri,东亚石䳭,,,,,,,no_image
123920,Saxifraga brunneopunctata,褐斑虎耳草,,,,,,,no_image
123942,Saxifraga contraria,对叶虎耳草,,,,,,,no_image
123966,Saxifraga doyalana,白瓣虎耳草,,,,,,,no_image
123991,Saxifraga fortunei,齿瓣虎耳草,,,,,,,no_image
124018,Saxifraga heterocladoides,近异枝虎耳草,,,,,,,no_image
124046,Saxifraga lepidostolonosa,异条叶虎耳草,,,,,,,no_image
124068,Saxifraga monantha,四数花虎耳草,,,,,,,no_image
124094,Saxifraga pallida,,,,,,,,no_image
124121,Saxifraga rufescens,红毛虎耳草,,,,,,,no_image
124149,Saxifraga stolonifera,虎耳草,,,,,,,no_image
124173,Saxifraga umbellulata,小伞虎耳草,,,,,,,no_image
124200,Scabiosa lacerifolia,台湾蓝盆花,,,,,,,no_image
63817,Scaeva sinensis,中华鼓额蚜蝇,,,,,,,no_image
6683,Scammarctus batei,贝氏凹甲蝉虾,,,,,,,no_image
124222,Scapania glaucoviridis,灰绿合叶苔,,,,,,,no_image
124246,Scapania paraphyllia,毛茎合叶苔,,,,,,,no_image
2238,Scapharca kafanovi,唇毛蚶,,,,,,,no_image
63834,Scaphidium carinense,,,,,,,,no_image
63854,Scaphidium klapperichi,,,,,,,,no_image
63876,Scaphidium sinuatum,,,,,,,,no_image
63894,Scaphisoma adustum,,,,,,,,no_image
63915,Scaphisoma incisum,,,,,,,,no_image
63935,Scaphisoma notatum,,,,,,,,no_image
63955,Scaphisoma signum,,,,,,,,no_image
63973,Scaphobaeocera dorsalis,,,,,,,,no_image
81236,Scaptochirus moschatus,麝鼹,,,,,,,no_image
64010,Scaptodrosophila pilopalpus,毛须花果蝇,,,,,,,no_image
64030,Scaptomyza parasplendens,拟丽姬果蝇,,,,,,,no_image
81244,Scarus chameleon,蓝臀鹦嘴鱼,,,,,,,no_image
81264,Scarus spinus,刺鹦嘴鱼,,,,,,,no_image
64057,Scathophaga stercoraria,小黄粪蝇,,,,,,,no_image
64076,Scatopsciara vitripennis,尾粪眼蕈蚊,,,,,,,no_image
64095,Scenopinus microgaster,小窗虻,,,,,,,no_image
9121,Scheloribates latoincisus,隐缺菌甲螨,,,,,,,no_image
124277,Schima brevipedicellata,短梗木荷,,,,,,,no_image
124293,Schisandra bicolor,二色五味子,,,,,,,no_image
124319,Schisandra tomentella,柔毛五味子,,,,,,,no_image
124336,Schistidium trichodon,长齿连轴藓,,,,,,,no_image
81271,Schistura albirostris,白鼻南鳅,,,,,,,no_image
81293,Schistura longa,长南鳅,,,,,,,no_image
10397,Schizacea chinenseae,,,,,,,,no_image
64117,Schizonotus incurvulus,弯柄叶甲金小蜂,,,,,,,no_image
124384,Schizophragma molle,柔毛钻地风,,,,,,,no_image
81316,Schizopygopsis malacanthus,,,,,,,,no_image
145516,Schizostoma ulanbuhense,乌兰布和裂嘴壳,,,,,,,no_image
9579,Schizotetranychus tumidus,,,,,,,,no_image
81343,Schizothorax grahami,昆明裂腹鱼,,,,,,,no_image
81363,Schizothorax nudiventris,裸腹裂腹鱼,,,,,,,no_image
124403,Schljakovia kunzeana,二裂瓣苔,,,,,,,no_image
64126,Schoenlandella szepligetii,赛氏黄体茧蜂,,,,,,,no_image
124435,Schoenoplectus lacustris,沼生水葱,,,,,,,no_image
124455,Schoepfia fragrans,香芙木,,,,,,,no_image
64143,Sciara isopalpi,等须眼蕈蚊,,,,,,,no_image
124484,Scinaia tsinglanensis,清澜鲜奈藻,,,,,,,no_image
124467,Schwetschkea courtoisii,华东附干藓,,,,,,,no_image
150542,Scindalma auriscalpium,,,,,,,,no_image
150562,Scindalma megaloma,,,,,,,,no_image
150582,Scindalma stevenii,,,,,,,,no_image
64166,Sciophila bicuspidata,双尖粘菌蚊,,,,,,,no_image
124494,Scirpus orientalis,东方藨草,,,,,,,no_image
81416,Sciurus vulgaris,北松鼠,,,,,,,no_image
155779,Sclerocystis liquidambaris,枫香硬囊霉,,,,,,,no_image
124522,Scleria rugosa,垂序珍珠茅,,,,,,,no_image
149539,Scleroderma polyrhizum,多根硬皮马勃,,,,,,,no_image
7544,Scleronephthya corymbosa,伞房硬棘软珊瑚,,,,,,,no_image
138989,Sclerotinia batschiana,,,,,,,,no_image
139009,Sclerotinia nervisequa,,,,,,,,no_image
140309,Scodellina leporina,,,,,,,,no_image
143364,Scolecostigmina yuccae,,,,,,,,no_image
64216,Scoloposcelis obscurella,暗齿股花蝽,,,,,,,no_image
81432,Scomber australasicus,澳洲鲭,,,,,,,no_image
64232,Scopaeus siamensis,,,,,,,,no_image
64244,Scopelodes venosa,喜马球须刺蛾,,,,,,,no_image
144245,Scopulariopsis sphaerospora,,,,,,,,no_image
81470,Scorpaenopsis cirrosa,须拟鲉,,,,,,,no_image
124556,Scorzonera curvata,丝叶鸦葱,,,,,,,no_image
13783,Scotophaeus simlaensis,西姆拉幽蛛,,,,,,,no_image
124571,Scrophularia alaschanica,贺兰山玄参,,,,,,,no_image
124595,Scrophularia mandarinorum,单齿玄参,,,,,,,no_image
124622,Scurrula parasitica,红花寄生,,,,,,,no_image
1820,Scrupocellaria diadema,冠粗胞苔虫,,,,,,,no_image
124649,Scutellaria chihshuiensis,赤水黄芩,,,,,,,no_image
124679,Scutellaria jishouensis,吉首黄芩,,,,,,,no_image
124704,Scutellaria oligodonta,少齿黄芩,,,,,,,no_image
124737,Scutellaria scordiifolia,并头黄芩,,,,,,,no_image
124765,Scutellaria tenuiflora,细花黄芩,,,,,,,no_image
140690,Scutellinia badio-berbis,栗毛盾盘菌,,,,,,,no_image
64270,Scutellista caerulea,蓝色长盾金小蜂,,,,,,,no_image
155637,Scutellospora rubra,深红盾巨孢囊霉,,,,,,,no_image
140710,Scutellinia minutella,小盾盘菌,,,,,,,no_image
81500,Scutiger mammatus,刺胸猫眼蟾,,,,,,,no_image
9230,Scutovertex sculptus,刻纹垂盾甲螨,,,,,,,no_image
102,Scylla paramamosain,拟曼赛因青蟹,,,,,,,no_image
152086,Scytinostroma ochroleucum,,,,,,,,no_image
64289,Scythropiodes barbellatus,刺瓣绢祝蛾,,,,,,,no_image
64310,Seasogonia sandaracata,橙斑洋大叶蝉,,,,,,,no_image
64311,Sebastia argus,冠丽灯蛾,,,,,,,no_image
124803,Securidaca yaoshanensis,瑶山蝉翼藤,,,,,,,no_image
124844,Sedum feddei,折多景天,,,,,,,no_image
124865,Sedum holopetalum,合瓣景天,,,,,,,no_image
124819,Sedum chauveaudii,轮叶景天,,,,,,,no_image
124887,Sedum majus,山飘风,,,,,,,no_image
124909,Sedum pampaninii,秦岭景天,,,,,,,no_image
124930,Sedum sarmentosum,垂盆草,,,,,,,no_image
141194,Seimatosporium cassiopes,,,,,,,,no_image
124954,Sedum trichospermum,毛籽景天,,,,,,,no_image
64316,Seladerma brunneolum,微棕塞拉金小蜂,,,,,,,no_image
125010,Selaginella helvetica,小卷柏,,,,,,,no_image
124989,Selaginella braunii,布朗卷柏,,,,,,,no_image
125030,Selaginella moellendorffii,江南卷柏,,,,,,,no_image
125053,Selaginella rossii,鹿角卷柏,,,,,,,no_image
125073,Selaginella trichophylla,毛叶卷柏,,,,,,,no_image
132274,Selenophoma tritici,,,,,,,,no_image
125092,Selliguea conmixta,钝羽假瘤蕨,,,,,,,no_image
6819,Sellnickochthonius zelawaiensis,泽拉威塞缝甲螨,,,,,,,no_image
125134,Selliguea quinquefida,五裂假瘤蕨,,,,,,,no_image
125114,Selliguea hirtella,昆明假瘤蕨,,,,,,,no_image
125162,Semecarpus microcarpus,小果肉托果,,,,,,,no_image
125175,Semiarundinaria fastuosa,业平竹,,,,,,,no_image
125178,Semiliquidambar caudata,长尾半枫荷,,,,,,,no_image
125183,Senecio arachnanthus,长舌千里光,,,,,,,no_image
125206,Senecio humbertii,弥勒千里光,,,,,,,no_image
125250,Senegalia delavayi,光叶藤儿茶,,,,,,,no_image
125228,Senecio pseudodensiserratus,拟密齿千里光,,,,,,,no_image
125273,Senegalia yunnanensis,云南儿茶,,,,,,,no_image
125292,Senna sophera,槐叶决明,,,,,,,no_image
64376,Senometopia orientalis,东方裸基寄蝇,,,,,,,no_image
64396,Senotainia conica,锥赛蜂麻蝇,,,,,,,no_image
64408,Sepedon lobifera,裂叶长角沼蝇,,,,,,,no_image
64428,Sepedophilus pedicularius,,,,,,,,no_image
64453,Sepsis lateralis,侧突鼓翅蝇,,,,,,,no_image
154607,Septobasidium ardisiae,,,,,,,,no_image
154627,Septobasidium nodulosum,小瘤隔担耳,,,,,,,no_image
143382,Septoria albaniensis,,,,,,,,no_image
143422,Septoria clinopodii,,,,,,,,no_image
143402,Septoria bataticola,,,,,,,,no_image
143442,Septoria elaeagni,,,,,,,,no_image
143462,Septoria hibisci,,,,,,,,no_image
143482,Septoria menthae,,,,,,,,no_image
143502,Septoria pirina,,,,,,,,no_image
143522,Septoria sonchifolia,,,,,,,,no_image
64486,Sergentomyia pooi,浦氏司蛉,,,,,,,no_image
143542,Septoria viciicola,,,,,,,,no_image
6485,Sergestes atlanticus,大西洋霞虾,,,,,,,no_image
64466,Sergentomyia anhuiensis,安徽司蛉,,,,,,,no_image
13666,Sergiolus mainlingensis,麦林丝蛛,,,,,,,no_image
81552,Seriola rivoliana,长鳍鰤,,,,,,,no_image
149547,Serpula himantioides,扇索状干腐菌,,,,,,,no_image
7706,Sertularella mirabilis,奇异小桧叶螅,,,,,,,no_image
64538,Servaisia jakovlevi,膨端锚折麻蝇,,,,,,,no_image
125318,Seseli delavayi,多毛西风芹,,,,,,,no_image
15454,Sesieutes longyangensis,龙阳塞斯蛛,,,,,,,no_image
6642,Setosabatieria hilarula,多毛毛萨巴线虫,,,,,,,no_image
125361,Setiacis diffusa,刺毛头黍,,,,,,,no_image
14313,Shaanxinus meifengensis,梅峰陕蛛,,,,,,,no_image
10435,Shevtchenkella phyllostachya,,,,,,,,no_image
64576,Shaverdolena edeltraudae,,,,,,,,no_image
64588,Shivaphis catalpinari,肖朴绵叶蚜,,,,,,,no_image
64611,Sialis navasi,纳氏泥蛉,,,,,,,no_image
134177,Shrungabeeja begoniae,海棠角凸孢,,,,,,,no_image
64621,Siccia kuangtungensis,斑带干苔蛾,,,,,,,no_image
125412,Sibbaldianthe sericea,绢毛莓草,,,,,,,no_image
692,Sicyonia cristata,脊单肢虾,,,,,,,no_image
125428,Sida chinensis,中华黄花棯,,,,,,,no_image
125444,Sideritis montana,毒马草,,,,,,,no_image
64653,Sigalphus rufiabdominalis,红腹屏腹茧蜂,,,,,,,no_image
125446,Sigesbeckia orientalis,豨莶,,,,,,,no_image
81593,Sikukia flavicaudata,黄尾短吻鱼,,,,,,,no_image
125450,Silene alaschanica,贺兰山蝇子草,,,,,,,no_image
125470,Silene chodatii,球萼蝇子草,,,,,,,no_image
125520,Silene koreana,朝鲜蝇子草,,,,,,,no_image
125492,Silene gracilicaulis,细蝇子草,,,,,,,no_image
125544,Silene nana,矮蝇子草,,,,,,,no_image
125566,Silene pterosperma,长梗蝇子草,,,,,,,no_image
64676,Silinus procerus,沟颚阎甲,,,,,,,no_image
125588,Silene tibetica,西藏蝇子草,,,,,,,no_image
64677,Sillybiphora devia,庐原小卷蛾,,,,,,,no_image
64685,Silusa leptusoides,,,,,,,,no_image
15412,Simaoa bianjing,边境思茅蛛,,,,,,,no_image
64707,Simplicia rectalis,黑点贫夜蛾,,,,,,,no_image
64727,Simulium aureohirtum,黄毛纺蚋,,,,,,,no_image
64747,Simulium cholodkovskii,黑角蚋,,,,,,,no_image
64767,Simulium enhense,恩和蚋,,,,,,,no_image
64787,Simulium griseifrons,灰额蚋,,,,,,,no_image
64827,Simulium laoshanstum,崂山绳蚋,,,,,,,no_image
64807,Simulium inthanonense,因他绳蚋,,,,,,,no_image
64847,Simulium lushanense,庐山蚋,,,,,,,no_image
64887,Simulium pavlovskii,帕氏蚋,,,,,,,no_image
64907,Simulium qinghaiense,青海维蚋,,,,,,,no_image
64867,Simulium neoacontum,新尖板蚋,,,,,,,no_image
64947,Simulium subvariegatum,北蚋,,,,,,,no_image
64927,Simulium sakishimaense,崎岛蚋,,,,,,,no_image
64987,Simulium wushiense,乌什维蚋,,,,,,,no_image
64967,Simulium transiens,宽跗副布蚋,,,,,,,no_image
65007,Simulium zayuense,察隅绳蚋,,,,,,,no_image
65024,Sinacroneuria quadriplagiata,四斑华钮(虫责),,,,,,,no_image
65033,Sinanoplomus sinensis,中华辛实蝇,,,,,,,no_image
19002,Sinella christianseni,,,,,,,,no_image
19012,Sinella pseudobrowni,,,,,,,,no_image
19107,Sinella yasumatsui,,,,,,,,no_image
65057,Sinicohelea xuanjui,选举华蠓,,,,,,,no_image
11101,Singa bifasciata,双带亮腹蛛,,,,,,,no_image
81629,Siniperca fortis,麻鳜,,,,,,,no_image
125620,Sinoarabis setosifolia,刚毛南芥,,,,,,,no_image
149265,Sinoboletus magniporus,巨孔华牛肝菌,,,,,,,no_image
65088,Sinocapritermes vicinus,川华扭白蚁,,,,,,,no_image
15627,Sinochelifer kwantungensis,广东华螯伪蝎,,,,,,,no_image
125655,Sinocladia paniculata,圆锥华枝藻,,,,,,,no_image
12172,Sinocoelotes porus,孔华隙蛛,,,,,,,no_image
125676,Sinocrassula papillosa,乳突石莲,,,,,,,no_image
81654,Sinocyclocheilus convexiforeheadu,额凸盲金线鲃,,,,,,,no_image
81674,Sinocyclocheilus longifinus,长鳍金线鲃,,,,,,,no_image
16764,Sinoderces exilis,纤细华裸斑蛛,,,,,,,no_image
81694,Sinocyclocheilus rhinocerous,犀角金线鲃,,,,,,,no_image
1987,Sinodina yongshengica,永胜华米虾,,,,,,,no_image
125682,Sinofranchetia chinensis,串果藤,,,,,,,no_image
65130,Sinogomphus orestes,三尖华春蜓,,,,,,,no_image
125686,Sinojackia huangmeiensis,黄梅秤锤树,,,,,,,no_image
81722,Sinomicrurus annularis,环纹华珊瑚蛇（白楠华珊瑚蛇）,,,,,,,no_image
65189,Sinophasma trispinosum,三棘华枝䗛,,,,,,,no_image
65167,Sinophasma biacuminatum,双尖华枝䗛,,,,,,,no_image
19316,Sinoncopodura nana,,,,,,,,no_image
13429,Sinopoda chongan,崇安华遁蛛,,,,,,,no_image
13382,Sinopoda serrata,锯齿华遁蛛,,,,,,,no_image
13461,Sinopoda horizontalis,平华遁蛛,,,,,,,no_image
65202,Sinopodisma jiulianshana,九连山蹦蝗,,,,,,,no_image
65220,Sinops sichuanensis,四川华水蝇,,,,,,,no_image
125719,Sinosenecio bodinieri,滇黔蒲儿根,,,,,,,no_image
125741,Sinosenecio jiuzhaigouensis,九寨沟蒲儿根,,,,,,,no_image
125761,Sinosenecio subcoriaceus,革叶蒲儿根,,,,,,,no_image
2783,Sinosquilla sinica,华虾蛄,,,,,,,no_image
16716,Sinothela heyangensis,合阳华蛛,,,,,,,no_image
7231,Sinularia grandilobata,巨指软珊瑚,,,,,,,no_image
65244,Sinstauchira hui,胡氏板齿蝗,,,,,,,no_image
7169,Sinularia papillosa,乳头指软珊瑚,,,,,,,no_image
5702,Sinum nanhaiensis,南海窦螺,,,,,,,no_image
65257,Siphona paludosa,湿地长唇寄蝇,,,,,,,no_image
8308,Siphonosoma cumanense,库岛管体星虫,,,,,,,no_image
65268,Sipyloidea cavata,,,,,,,,no_image
3009,Siriella okadai,冈田节糠虾,,,,,,,no_image
149785,Sistotrema microsporum,小孢白齿菌,,,,,,,no_image
125811,Sisymbrium polymorphum,多型大蒜芥,,,,,,,no_image
125818,Sitobolium wilfordii,溪洞碗蕨,,,,,,,no_image
125823,Sium serrum,锯边泽芹,,,,,,,no_image
150950,Skeletocutis subincarnata,亚肉质干皮孔菌,,,,,,,no_image
15883,Skleroprotopus serratus,锯齿硬肢马陆,,,,,,,no_image
125858,Smallanthus uvedalia,包果菊,,,,,,,no_image
65298,Smeritus caecus,杨目天蛾,,,,,,,no_image
65321,Smidtia yichunensis,伊春锥腹寄蝇,,,,,,,no_image
125891,Smilax cyclophylla,合蕊菝葜,,,,,,,no_image
125911,Smilax horridiramula,刺枝菝葜,,,,,,,no_image
125933,Smilax nana,矮菝葜,,,,,,,no_image
125958,Smilax seisuiensis,台湾肖菝葜,,,,,,,no_image
18702,Sminthurides bifidus,,,,,,,,no_image
125977,Smitinandia micrantha,盖喉兰,,,,,,,no_image
155830,Smittium simulii,,,,,,,,no_image
65340,Sogatella kolophon,烟翅白背飞虱,,,,,,,no_image
125995,Solanum carolinense,北美刺茄,,,,,,,no_image
126015,Solanum miyakojimense,宫古茄,,,,,,,no_image
126035,Solanum undatum,野茄,,,,,,,no_image
139371,Soleella huangshanensis,黄山小鞋孢盘菌,,,,,,,no_image
5552,Solen strictus,长竹蛏,,,,,,,no_image
126061,Solenostoma faurieanum,延叶管口苔,,,,,,,no_image
4836,Solenocera pectinata,栉管鞭虾,,,,,,,no_image
126081,Solenostoma obovatum,倒卵叶管口苔,,,,,,,no_image
126104,Solenostoma subrubrum,红色管口苔,,,,,,,no_image
3859,Soletellina acuta,尖紫蛤,,,,,,,no_image
3699,Solidicorbula erythrodon,红齿硬篮蛤,,,,,,,no_image
126128,Solms-laubachia eurycarpa,宽果丛菔,,,,,,,no_image
126148,Solms-laubachia pumila,矮扇叶芥,,,,,,,no_image
65353,Solva aurifrons,金额粗腿木虻,,,,,,,no_image
65373,Solva yunnanensis,云南粗腿木虻,,,,,,,no_image
126157,Sonchella stenoma,碱苣,,,,,,,no_image
65395,Songius pseudohlavaci,,,,,,,,no_image
126173,Sonneratia ×,拟海桑,,,,,,,no_image
65415,Sophonia hairlinea,细线拟隐脉叶蝉,,,,,,,no_image
126180,Sophora alopecuroides,苦豆子,,,,,,,no_image
126218,Sophora yunnanensis,云南槐,,,,,,,no_image
126240,Sorbus astateria,多变花楸,,,,,,,no_image
126265,Sorbus esserteauiana,麻叶花楸,,,,,,,no_image
126291,Sorbus insignis,卷边花楸,,,,,,,no_image
126315,Sorbus ovalis,卵果花楸,,,,,,,no_image
126346,Sorbus salwinensis,怒江花楸,,,,,,,no_image
126370,Sorbus zahlbruckneri,长果花楸,,,,,,,no_image
81814,Sorex thibetanus,藏鼩鼱,,,,,,,no_image
65444,Sorolopha longurus,长尾小卷蛾,,,,,,,no_image
65450,Sosibia flavomarginata,黄边健䗛,,,,,,,no_image
154746,Sorosporium cantonensis,广州团黑粉菌,,,,,,,no_image
144460,Spadicoides camelliae,,,,,,,,no_image
65494,Spaniocelyphus sinensis,中华狭须甲蝇,,,,,,,no_image
65470,Spalangia punctuata,刻胸俑小蜂,,,,,,,no_image
126397,Sparganium glomeratum,短序黑三棱,,,,,,,no_image
65504,Spartimas apiciniger,端黑长角水虻,,,,,,,no_image
65520,Spatalistis christophana,珍珠彩翅卷蛾,,,,,,,no_image
65522,Spathosternum prasiniferum,,,,,,,,no_image
65537,Speccafrons digitiformis,指状球突秆蝇,,,,,,,no_image
65544,Spelobia circularis,圆刺尾小粪蝇,,,,,,,no_image
81837,Spermophilus alashanicus,阿拉善黄鼠,,,,,,,no_image
152983,Sphacelotheca densa,,,,,,,,no_image
12696,Speocera xiaoxiaoae,晓晓角洞蛛,,,,,,,no_image
153003,Sphacelotheca nankinensis,,,,,,,,no_image
3574,Sphaenia coreanica,高丽楔海螂,,,,,,,no_image
65559,Sphaerites dimidiatus,双色扁圆甲,,,,,,,no_image
65575,Sphaerobulbus radani,,,,,,,,no_image
65585,Sphaerolecanium prunastri,圆球蜡蚧,,,,,,,no_image
65597,Sphaeronemoura songshana,松山球尾叉(虫责),,,,,,,no_image
65615,Sphaerophoria qinbaensis,秦巴细腹蚜蝇,,,,,,,no_image
143567,Sphaeropsis pomorum,,,,,,,,no_image
138182,Sphaerotheca ferruginea,,,,,,,,no_image
126460,Sphaerostephanos taiwanensis,台湾圆腺蕨,,,,,,,no_image
126472,Sphagnum compactum,密叶泥炭藓,,,,,,,no_image
126461,Sphaerotheciella koponenii,科氏球蒴藓,,,,,,,no_image
126494,Sphagnum obtusum,舌叶泥炭藓,,,,,,,no_image
126514,Sphagnum wulfianum,多枝泥炭藓,,,,,,,no_image
65641,Sphegigaster stepicola,横节斯夫金小蜂,,,,,,,no_image
65661,Spheginobaccha chillcotti,齐氏棒巴蚜蝇,,,,,,,no_image
65674,Sphenometopa przewalskii,普氏榍蜂麻蝇,,,,,,,no_image
65679,Sphigmothorax tricinctus,,,,,,,,no_image
65717,Sphingonotus yunnaneus,云南束颈蝗,,,,,,,no_image
65694,Sphingonotus kueideensis,贵德束颈蝗,,,,,,,no_image
81862,Sphyraena forsteri,大眼魣,,,,,,,no_image
81874,Spicomacrurus kuronumai,黑沼氏箭鳕,,,,,,,no_image
65756,Spilarctia obliqua,尘污灯蛾,,,,,,,no_image
65778,Spilogona baltica,毛股点池蝇,,,,,,,no_image
65798,Spilogona leuciscipennis,白翅点池蝇,,,,,,,no_image
65819,Spilogona shanxiensis,山西点池蝇,,,,,,,no_image
81881,Spilornis cheela,蛇雕,,,,,,,no_image
65839,Spilomyia bidentica,双齿斑胸蚜蝇,,,,,,,no_image
126525,Spinacia oleracea,菠菜,,,,,,,no_image
65885,Spinimegopis curticornis,,,,,,,,no_image
1602,Spiniplicatula muricata,刺襞蛤,,,,,,,no_image
65914,Spinoparapachymorpha sinica,,,,,,,,no_image
126538,Spiradiclis corymbosa,密花螺序草,,,,,,,no_image
126560,Spiradiclis longanensis,隆安螺序草,,,,,,,no_image
126580,Spiradiclis scorpiura,蝎尾螺序草,,,,,,,no_image
126610,Spiraea cantoniensis,麻叶绣线菊,,,,,,,no_image
126645,Spiraea hypericifolia,金丝桃叶绣线菊,,,,,,,no_image
126688,Spiraea ouensanensis,土庄绣线菊,,,,,,,no_image
126724,Spiraea thunbergii,珍珠绣线菊,,,,,,,no_image
12075,Spiricoelotes anshiensis,安石旋隙蛛,,,,,,,no_image
1719,Spiropagurus spiriger,旋刺寄居蟹,,,,,,,no_image
126762,Spodiopogon sagittifolius,箭叶大油芒,,,,,,,no_image
3382,Spondylus wrightianus,瑞氏海菊蛤,,,,,,,no_image
65931,Spondylis sinensis,,,,,,,,no_image
2506,Spongosorites lapidiformis,如石丘海绵,,,,,,,no_image
143595,Sporidesmium ghanaense,,,,,,,,no_image
143615,Sporidesmium rhaphidophorae,,,,,,,,no_image
143575,Sporidesmium aceris,,,,,,,,no_image
154997,Sporisorium apludae-muticae,球孢堆黑粉菌,,,,,,,no_image
155017,Sporisorium furcatum,,,,,,,,no_image
155037,Sporisorium pamparum,狼尾草孢堆黑粉菌,,,,,,,no_image
126775,Sporobolus fertilis,鼠尾粟,,,,,,,no_image
134166,Sporormiella muskokensis,,,,,,,,no_image
126791,Sporoxeia petelotii,金平八蕊花,,,,,,,no_image
65934,Spuropsylla monoseta,单毫距蚤,,,,,,,no_image
81927,Squatina tergocellatoides,拟背斑扁鲨,,,,,,,no_image
17317,Squamacola parvivitellaria,微黄鳞居吸虫,,,,,,,no_image
142224,Stachybotrys elegans,,,,,,,,no_image
65945,Stachyoccus caulicola,清粉蚧,,,,,,,no_image
126830,Stachys lanata,绵毛水苏,,,,,,,no_image
133819,Stagonospora elaeagni,,,,,,,,no_image
65969,Stantonia sumatrana,苏门答腊角室茧蜂,,,,,,,no_image
65955,Stamnodes lusoria,集红四斑尺蛾,,,,,,,no_image
2414,Staphyulaea granulate,粒葡萄贝,,,,,,,no_image
126897,Staurogyne petelotii,中越叉柱花,,,,,,,no_image
126880,Stauntonia trinervia,三脉野木瓜,,,,,,,no_image
65992,Stauropus picteti,花蚁舟蛾,,,,,,,no_image
11660,Steatoda bipunctata,双斑肥腹蛛,,,,,,,no_image
11657,Steatoda terastiosa,怪肥腹蛛,,,,,,,no_image
151903,Steccherinum hydneum,圆孢齿耳,,,,,,,no_image
66003,Stefaniola congregata,聚生旱瘿蚊,,,,,,,no_image
66023,Stegana bacilla,棒突冠果蝇,,,,,,,no_image
66043,Stegana flavicauda,黄尾冠果蝇,,,,,,,no_image
66063,Stegana leucothorax,白胸冠果蝇,,,,,,,no_image
66083,Stegana nigripennis,黑茎冠果蝇,,,,,,,no_image
66103,Stegana quadrata,端平冠果蝇,,,,,,,no_image
66123,Stegana wulai,乌来冠果蝇,,,,,,,no_image
81949,Stegastes lividus,长吻眶锯雀鲷,,,,,,,no_image
5107,Stegopontonia commensalis,共栖盖隐虾,,,,,,,no_image
126915,Stellaria alatavica,阿拉套繁缕,,,,,,,no_image
126974,Stellaria patens,白毛繁缕,,,,,,,no_image
126951,Stellaria imbricata,覆瓦繁缕,,,,,,,no_image
3566,Stellaster equestris,骑士章海星,,,,,,,no_image
66154,Stemonocera corruca,黄带角额实蝇,,,,,,,no_image
134122,Stemphylium gossypii,,,,,,,,no_image
134142,Stemphylium subglobuliferum,,,,,,,,no_image
66170,Stenaesthetus schuelkei,,,,,,,,no_image
66187,Stenchaetothrips cymbopogoni,香茅直鬃蓟马,,,,,,,no_image
66202,Stenhomalus makiharai,,,,,,,,no_image
66224,Stenischia brevis,短小狭臀蚤,,,,,,,no_image
66244,Stenobothrus nigromaculatus,,,,,,,,no_image
127006,Stenochlaena palustris,光叶藤蕨,,,,,,,no_image
66281,Stenocranus longicapitis,狭头长突飞虱,,,,,,,no_image
66320,Stenodes conankinensis,灰红窄纹卷蛾,,,,,,,no_image
66300,Stenodema chinensis,中华狭盲蝽,,,,,,,no_image
66343,Stenodryas punctatella,,,,,,,,no_image
66348,Stenoloba clara,细兰纹夜蛾,,,,,,,no_image
66368,Stenomastax fuscipennis,,,,,,,,no_image
66388,Stenomicra fascipennis,带突斯树洞蝇,,,,,,,no_image
66407,Stenoponia coelestis,兰狭蚤,,,,,,,no_image
66423,Stenosmia xinjiangense,新疆栉壁蜂,,,,,,,no_image
66437,Stenus abdominalis,,,,,,,,no_image
66458,Stenus ascendor,,,,,,,,no_image
66482,Stenus bilunatus,,,,,,,,no_image
66545,Stenus cuneatus,,,,,,,,no_image
66523,Stenus cirrivarians,,,,,,,,no_image
66503,Stenus canaliculatus,,,,,,,,no_image
66565,Stenus distinguendus,,,,,,,,no_image
66585,Stenus falsus,,,,,,,,no_image
66607,Stenus gardneri,,,,,,,,no_image
66627,Stenus hirtellus,,,,,,,,no_image
66647,Stenus indagator,,,,,,,,no_image
66667,Stenus kraatzi,,,,,,,,no_image
66689,Stenus loebli,,,,,,,,no_image
66733,Stenus napoensis,,,,,,,,no_image
66713,Stenus mingyueshanus,,,,,,,,no_image
66756,Stenus paraflammeus,,,,,,,,no_image
66776,Stenus perrarus,,,,,,,,no_image
66797,Stenus plumbeus,,,,,,,,no_image
66818,Stenus rorellus,,,,,,,,no_image
66839,Stenus scabratus,,,,,,,,no_image
66859,Stenus splendidulus,,,,,,,,no_image
66899,Stenus ussuriensis,,,,,,,,no_image
66879,Stenus tenuimargo,,,,,,,,no_image
66919,Stenus wuyanlingus,,,,,,,,no_image
127048,Stephania merrillii,台湾千近藤,,,,,,,no_image
66939,Stenus zhejiangensis,,,,,,,,no_image
127025,Stephania dielsiana,血散薯,,,,,,,no_image
81961,Stephanolepis cirrhifer,丝背细鳞鲀,,,,,,,no_image
127067,Sterculia guangxiensis,广西苹婆,,,,,,,no_image
136623,Stereocaulon albicans,白色癞屑衣,,,,,,,no_image
136663,Stereocaulon sorediiphyllum,粉叶珊瑚枝,,,,,,,no_image
136643,Stereocaulon intermedium,间型珊瑚枝,,,,,,,no_image
152589,Stereum illudens,紫灰韧革菌,,,,,,,no_image
152641,Stereopsis vitellina,,,,,,,,no_image
152609,Stereum spectabile,金丝韧革菌,,,,,,,no_image
81968,Sterna aurantia,河燕鸥,,,,,,,no_image
66961,Stethoconus rhoksane,罗氏军配盲蝽,,,,,,,no_image
66970,Sthenias pseudodorsalis,,,,,,,,no_image
66987,Stichillus suspectus,惊弧蚤蝇,,,,,,,no_image
127117,Stewartia laotica,总状折柄茶,,,,,,,no_image
1265,Stichopus variegatus,花刺参,,,,,,,no_image
81990,Stichophanes ningshaanensis,宁陕线形蛇,,,,,,,no_image
137058,Stictis aecidioides,,,,,,,,no_image
67023,Stictocranius schillhammeri,,,,,,,,no_image
67043,Stictoptera ferrifera,铁蕊夜蛾,,,,,,,no_image
143645,Stilbella burmensis,,,,,,,,no_image
67053,Stigmatophora micans,明痣苔蛾,,,,,,,no_image
67077,Stilicoderus granulifrons,,,,,,,,no_image
67097,Stiliderus crassus,,,,,,,,no_image
67116,Stilobezzia furcellata,叉茎柱蠓,,,,,,,no_image
67136,Stilocladius intermedius,中柱突摇蚊,,,,,,,no_image
81991,Stiphodon atropurpureus,紫身枝牙鰕虎,,,,,,,no_image
127164,Stipa grandis,大针茅,,,,,,,no_image
81997,Stolephorus commersonnii,康氏侧带小公鱼,,,,,,,no_image
1474,Stomatolepas pulchra,美丽口藤壶,,,,,,,no_image
67161,Stomoxys sitiens,南螫蝇,,,,,,,no_image
67170,Strangalia linsleyi,赭腿瘦花天牛,,,,,,,no_image
67186,Stratiomys beresowskii,贝氏水虻,,,,,,,no_image
67206,Stratiosphecomyia variegata,多斑拟蜂水虻,,,,,,,no_image
67245,Streblocera primotina,原长柄茧蜂,,,,,,,no_image
67225,Streblocera hsiufui,修复长柄茧蜂,,,,,,,no_image
134316,Strelitziana africana,,,,,,,,no_image
143652,Stridiporosporites inflexus,,,,,,,,no_image
1082,Streptosyllis hainanensis,海南瘤刺裂虫,,,,,,,no_image
67278,Striglin hala,圈线网蛾,,,,,,,no_image
134202,Strigula macrocarpa,,,,,,,,no_image
82029,Strix uralensis,长尾林鸮,,,,,,,no_image
127252,Strobilanthes congesta,密序马蓝,,,,,,,no_image
127275,Strobilanthes fimbriata,流苏马蓝,,,,,,,no_image
127298,Strobilanthes labordei,薄叶马蓝,,,,,,,no_image
127338,Strobilanthes pterygorrhachis,翅轴马蓝,,,,,,,no_image
127318,Strobilanthes myura,鼠尾紫云菜,,,,,,,no_image
127358,Strobilanthes sunhangii,孙航马蓝,,,,,,,no_image
149270,Strobilomyces alpinus,高山松塔牛肝菌,,,,,,,no_image
149290,Strobilomyces subnigricans,近黑松塔牛肝菌,,,,,,,no_image
147759,Strobilurus occidentalis,西方松果菇,,,,,,,no_image
67299,Stromatium longicorne,,,,,,,,no_image
10789,Strombus microurceus,小铁斑凤螺,,,,,,,no_image
67304,Strongyloneura flavipilicoxa,黄毛弧彩蝇,,,,,,,no_image
127385,Strophanthus caudatus,卵萼羊角拗,,,,,,,no_image
148372,Stropharia inuncta,,,,,,,,no_image
138418,Strossmayeria bakeriana,贝克斯特罗盘菌,,,,,,,no_image
127412,Strychnos ovata,密花马钱,,,,,,,no_image
82037,Sturnia malabarica,灰头椋鸟,,,,,,,no_image
82046,Stylodipus sungorus,准噶尔羽尾跳鼠,,,,,,,no_image
67341,Styloperla flectospina,曲刺刺(虫责),,,,,,,no_image
67354,Stylotermes choui,周氏杆白蚁,,,,,,,no_image
67374,Stylotermes sinensis,中华杆白蚁,,,,,,,no_image
67394,Stylurus placidus,文雅扩腹春蜓,,,,,,,no_image
127456,Styrax hainanensis,厚叶安息香,,,,,,,no_image
127478,Styrax zhejiangensis,浙江安息香,,,,,,,no_image
127485,Suaeda corniculata,角果碱蓬,,,,,,,no_image
67412,Suarius hainanus,海南俗草蛉,,,,,,,no_image
7659,Suberogorgia mollis,网扇软柳珊瑚,,,,,,,no_image
67436,Subulatus baiseensis,百色锥茎叶蝉,,,,,,,no_image
9314,Suctobelba hauseri,哈氏盾珠甲螨,,,,,,,no_image
82057,Suggrundus meerdervoortii,大眼鲬,,,,,,,no_image
149580,Suillus asiaticus,亚洲乳牛肝菌,,,,,,,no_image
149600,Suillus grisellus,淡灰假牛肝,,,,,,,no_image
149620,Suillus serotinus,迟生褐孔乳牛肝菌,,,,,,,no_image
136350,Sulcaria sulcata,槽枝,,,,,,,no_image
67461,Suinzona jacobsoni,嘉氏梭形叶甲,,,,,,,no_image
67486,Sumalia daraxa,肃蛱蝶,,,,,,,no_image
127517,Sunipia andersonii,黄花大苞兰,,,,,,,no_image
67502,Superciliaris diaoluoshanis,吊罗山眉瓢蜡蝉,,,,,,,no_image
67514,Surendra vivarna,酥灰蝶,,,,,,,no_image
67527,Sweltsa baiyunshana,白云山长绿(虫责),,,,,,,no_image
127552,Swertia davidii,川东獐牙菜,,,,,,,no_image
127581,Swertia hookeri,粗壮獐牙菜,,,,,,,no_image
127605,Swertia patula,开展獐牙菜,,,,,,,no_image
127628,Swertia tibetica,大药獐牙菜,,,,,,,no_image
67537,Sybistroma biniger,黑粗柄长足虻,,,,,,,no_image
67557,Sybistroma sichuanensis,四川粗柄长足虻,,,,,,,no_image
67582,Sybra rondoniana,,,,,,,,no_image
82097,Sylvirana spinulosa,细刺水蛙,,,,,,,no_image
1064,Syllides sanyaensis,三亚似裂虫,,,,,,,no_image
1595,Sympagurus brevipes,短足合寄居蟹,,,,,,,no_image
67662,Sympherobius piceaticus,云杉益蛉,,,,,,,no_image
7844,Symphyllia radians,辐射合叶珊瑚,,,,,,,no_image
67636,Sympetrum gracile,蓝灰赤蜻,,,,,,,no_image
12719,Symphytognathidae milleri,米勒合螯蛛,,,,,,,no_image
67688,Symplanella unipuncta,圆斑露额杯瓢蜡蝉,,,,,,,no_image
127680,Symplocos austrosinensis,南国山矾,,,,,,,no_image
127707,Symplocos lucida,光亮山矾,,,,,,,no_image
127729,Symplocos sumuntia,山矾,,,,,,,no_image
67706,Sympycnus formosinus,大武合长足虻,,,,,,,no_image
13202,Synagelides gambosus,蹄形合跳蛛,,,,,,,no_image
12925,Synagelides yunnan,云南合跳蛛,,,,,,,no_image
1380,Synalpheus neomeris,新角合鼓虾,,,,,,,no_image
13864,Synaphosus cangshanus,苍山合蛛,,,,,,,no_image
156089,Syncephalis obliqua,,,,,,,,no_image
82124,Synchiropus altivelis,红连鳍[鱼衔],,,,,,,no_image
67720,Synclisis kawaii,南击大蚁蛉,,,,,,,no_image
67731,Syndicus jaloszynskii,,,,,,,,no_image
67751,Syneches flavitibia,黄胫柄驼舞虻,,,,,,,no_image
67771,Syneches singularis,单角柄驼舞虻,,,,,,,no_image
14783,Synema pichoni,皮氏花叶蛛,,,,,,,no_image
127757,Syngonium podophyllum,合果芋,,,,,,,no_image
82154,Synodus variegatus,杂斑狗母鱼,,,,,,,no_image
127789,Synotis nyalamensis,聂拉木合耳菊,,,,,,,no_image
127769,Synotis cavaleriei,昆明合耳菊,,,,,,,no_image
127809,Synotis yui,蔓生合耳菊,,,,,,,no_image
67809,Syntormon emeiensis,峨眉嵌长足虻,,,,,,,no_image
127815,Syntrichia caninervis,齿肋赤藓,,,,,,,no_image
67837,Syntypistis lineata,线胯舟蛾,,,,,,,no_image
67862,Sypna martina,双带闪夜蛾,,,,,,,no_image
67884,Syrastrenopsis imperiatus,云拟痕枯叶蛾,,,,,,,no_image
127827,Syringa ×,什锦丁香,,,,,,,no_image
67908,Syrphus japonicus,日本蚜蝇,,,,,,,no_image
127866,Syrrhopodon orientalis,东方网藓,,,,,,,no_image
16840,Systenocentrus quinquedentatus,五刺列齿盲蛛,,,,,,,no_image
67943,Systropus curtipetiolus,短柄华姬蜂虻,,,,,,,no_image
67963,Systropus guizhouensis,贵州姬蜂虻,,,,,,,no_image
67983,Systropus nigritarsis,黄腹姬蜂虻,,,,,,,no_image
127875,Syzygiella autumnalis,秋圆叶苔,,,,,,,no_image
127895,Syzygium chunianum,密脉蒲桃,,,,,,,no_image
127941,Syzygium odoratum,香蒲桃,,,,,,,no_image
127917,Syzygium howii,万宁蒲桃,,,,,,,no_image
127961,Syzygium toddalioides,假乌墨,,,,,,,no_image
68031,Tabanus callogaster,美腹虻,,,,,,,no_image
68009,Tabanus argenteomaculatus,银斑虻,,,,,,,no_image
68051,Tabanus flavothorax,黄胸虻,,,,,,,no_image
68091,Tabanus leleani,里氏虻,,,,,,,no_image
68071,Tabanus hongchowensis,杭州虻,,,,,,,no_image
68131,Tabanus obscurus,暗糊虻,,,,,,,no_image
68111,Tabanus mengdingensis,孟定虻,,,,,,,no_image
68151,Tabanus pararubidus,副微赤虻,,,,,,,no_image
68171,Tabanus rubidus,微赤虻,,,,,,,no_image
68191,Tabanus submalayensis,亚马来虻,,,,,,,no_image
68211,Tabanus yadongensis,亚东虻,,,,,,,no_image
8411,Tachaea chinensis,中国急游水虱,,,,,,,no_image
68240,Tachina flavosquama,黄粉寄蝇,,,,,,,no_image
68280,Tachina stackelbergi,什塔寄蝇,,,,,,,no_image
68260,Tachina medogensis,墨脱寄蝇,,,,,,,no_image
68301,Tachinus becquarti,,,,,,,,no_image
68321,Tachinus hercules,,,,,,,,no_image
68341,Tachinus maderi,,,,,,,,no_image
68362,Tachinus roborowskyi,,,,,,,,no_image
68399,Tachyporus flavopictus,,,,,,,,no_image
68382,Tachinus yushanensis,,,,,,,,no_image
68417,Tachyusa coarctata,,,,,,,,no_image
68433,Taeniothrips picipes,鹊带蓟马,,,,,,,no_image
127982,Taenioma nanum,大绶带藻,,,,,,,no_image
68456,Tagonoides volkovitshi,沃克塔琵甲,,,,,,,no_image
128002,Tainia dunnii,带唇兰,,,,,,,no_image
12708,Taira obtusa,钝胎拉蛛,,,,,,,no_image
68506,Taiwania manipuria,狭臂台龟甲,,,,,,,no_image
68487,Taiwania corbetti,叉顶台龟甲,,,,,,,no_image
68528,Taiwania simauica,思茅台龟甲,,,,,,,no_image
68568,Takanomyia scutellata,小盾塔卡寄蝇,,,,,,,no_image
68546,Taiwanophodes minor,,,,,,,,no_image
11463,Takayus simplicus,简高蛛,,,,,,,no_image
82187,Takifugu alboplumbeus,铅点多纪鲀,,,,,,,no_image
82207,Takifugu xanthopterus,黄鳍多纪鲀,,,,,,,no_image
134559,Talaromyces helicus,,,,,,,,no_image
14105,Tallusia forficala,剪状苔露蛛,,,,,,,no_image
128041,Tamarix karelinii,盐地柽柳,,,,,,,no_image
128056,Tanacetum coccineum,红花除虫菊,,,,,,,no_image
12217,Tamgrinia coelotiformis,隙形塔姆蛛,,,,,,,no_image
3670,Tanaocheles bidentata,双齿长螯蟹,,,,,,,no_image
82238,Tanichthys albonubes,唐鱼,,,,,,,no_image
68625,Tanypus chinensis,中国长足摇蚊,,,,,,,no_image
68645,Tanytarsus verralli,锥长跗摇蚊,,,,,,,no_image
82246,Taphozous melanopogon,黑髯墓蝠,,,,,,,no_image
14420,Tapinocyba emei,峨眉盾大蛛,,,,,,,no_image
128083,Taraxacum albiflos,白花蒲公英,,,,,,,no_image
128103,Taraxacum coreanum,朝鲜蒲公英,,,,,,,no_image
128143,Taraxacum mongolicum,蒲公英,,,,,,,no_image
128123,Taraxacum icterinum,黄疸蒲公英,,,,,,,no_image
128163,Taraxacum pseudonutans,假垂穗蒲公英,,,,,,,no_image
128183,Taraxacum stenoceras,角苞蒲公英,,,,,,,no_image
68674,Targalla atripars,赭黄浮尾夜蛾,,,,,,,no_image
128202,Tarenna acutisepala,尖萼乌口树,,,,,,,no_image
82260,Tarsiger johnstoniae,台湾林鸲,,,,,,,no_image
68692,Tasgius venustus,,,,,,,,no_image
128260,Taxillus tsaii,莲花池寄生,,,,,,,no_image
68702,Tatinga tibetana,藏眼蝶,,,,,,,no_image
128277,Taxodium distichum,落羽杉,,,,,,,no_image
128302,Tayloria rudimenta,残齿小壶藓,,,,,,,no_image
128329,Tectaria luchunensis,绿春三叉蕨,,,,,,,no_image
128308,Tecomaria capensis,硬骨凌霄,,,,,,,no_image
128347,Tecticornia indica,印度肉苞海蓬,,,,,,,no_image
8824,Tegeocranellus opcus,宽喙顶叶甲螨,,,,,,,no_image
10631,Tegolophus lespedezae,,,,,,,,no_image
10666,Tegolophus ulmi,,,,,,,,no_image
68727,Teia ericae,灰斑台毒蛾,,,,,,,no_image
7935,Teissiera macrocystae,大囊拟镰螅水母,,,,,,,no_image
68753,Teledapus picatus,,,,,,,,no_image
68770,Teleopsis yunnana,云南泰突眼蝇,,,,,,,no_image
5436,Tellinella incerta,可疑小樱蛤,,,,,,,no_image
68787,Telomerina flavipes,黄泽小粪蝇,,,,,,,no_image
18751,Temeritas summelongicornis,,,,,,,,no_image
68802,Temnostoma ruptizona,断带拟木蚜蝇,,,,,,,no_image
82268,Tenualosa toli,托氏鲥,,,,,,,no_image
9936,Tenuipalpus platycaryae,,,,,,,,no_image
68814,Tephritis calliopsis,佳丽花翅实蝇,,,,,,,no_image
68834,Tephritis mongolica,肘斑花翅实蝇,,,,,,,no_image
147046,Tephrocybe striipilea,,,,,,,,no_image
128375,Tephrosia coccinea,红灰毛豆,,,,,,,no_image
68852,Teratocoris coriaceus,革翅畸角盲蝽,,,,,,,no_image
68861,Teratozephyrus arisanus,阿里铁灰蝶,,,,,,,no_image
2269,Teredo pedicellatus,小足古琴船蛆,,,,,,,no_image
68885,Terentius alboscutarius,白盾玳角蝉,,,,,,,no_image
68895,Termatophylum yunnanum,云南毛眼盲蝽,,,,,,,no_image
147059,Termitomyces eurhizus,真根鸡枞菌,,,,,,,no_image
128419,Ternstroemia simaoensis,思茅厚皮香,,,,,,,no_image
147079,Termitomyces umkowaanii,,,,,,,,no_image
5593,Terschellingia longissimicaudata,长同尾微口线虫,,,,,,,no_image
10388,Tetra dalbergiae,,,,,,,,no_image
68957,Tethea ocularis,太波纹蛾,,,,,,,no_image
18317,Testudinella mucronata,微凸镜轮虫,,,,,,,no_image
10031,Tetra pinnatifidae,,,,,,,,no_image
68969,Tetrabothrus bicolor,,,,,,,,no_image
68980,Tetracnemoidea spilococci,匹粉蚧跳小蜂,,,,,,,no_image
3488,Tetrachthamalus sinensis,中国四板小藤壶,,,,,,,no_image
14914,Tetragnatha cheni,陈氏肖蛸,,,,,,,no_image
14862,Tetragnatha nigrita,黑色肖蛸,,,,,,,no_image
68997,Tetralonia polychroma,亮丽四条蜂,,,,,,,no_image
14988,Tetragnatha yongquiang,永强肖蛸,,,,,,,no_image
69016,Tetraneura radicicola,根四脉绵蚜,,,,,,,no_image
9527,Tetranychus kanzawai,,,,,,,,no_image
9592,Tetranycopsis borealis,,,,,,,,no_image
69034,Tetraophthalmus violaceipennis,,,,,,,,no_image
128447,Tetraplodon mnioides,并齿藓,,,,,,,no_image
69045,Tetrastichus aponiusi,枫桦小蠹啮小蜂,,,,,,,no_image
128452,Tetrastigma campylocarpum,多花崖爬藤,,,,,,,no_image
128474,Tetrastigma lineare,条叶崖爬藤,,,,,,,no_image
128505,Tetrastigma xizangense,西藏崖爬藤,,,,,,,no_image
69072,Tetricodissus pandlineus,环线苏额瓢蜡蝉,,,,,,,no_image
82320,Tetrosomus concatenatus,双峰真三棱箱鲀,,,,,,,no_image
69095,Tetrix tinkhami,丁氏蚱,,,,,,,no_image
69140,Teuchophorus ventralis,腹鬃脉胝长足虻,,,,,,,no_image
69120,Tettigonia chinensis,中华螽蟖,,,,,,,no_image
128542,Teucrium qingyuanense,庆元香科科,,,,,,,no_image
17490,Thais gradata,蛎敌荔枝螺,,,,,,,no_image
69154,Texara tricesima,三十旋刺股蝇,,,,,,,no_image
76,Thalamita danae,少刺短桨蟹,,,,,,,no_image
54,Thalamita prymna,底栖短桨蟹,,,,,,,no_image
2218,Thalamoporella rozieri,罗氏托孔苔虫,,,,,,,no_image
19425,Thalassaphorura petiti,,,,,,,,no_image
2082,Thalassironus bohaiensis,渤海海线虫,,,,,,,no_image
69168,Thalassosmittia montana,蒙大海施密摇蚊,,,,,,,no_image
128583,Thalictrum changii,肇骞唐松草,,,,,,,no_image
128611,Thalictrum fusiforme,纺缍唐松草,,,,,,,no_image
128636,Thalictrum longistipitatum,弯梗唐松草,,,,,,,no_image
128662,Thalictrum reniforme,美丽唐松草,,,,,,,no_image
128688,Thalictrum tenue,细唐松草,,,,,,,no_image
10385,Thamnacus separabilis,,,,,,,,no_image
128710,Thalictrum yunnanense,云南唐松草,,,,,,,no_image
149685,Thanatephorus microsclerotium,小菌核亡革菌,,,,,,,no_image
69194,Thaumalea baminana,八闽奇蚋,,,,,,,no_image
69214,Thaumatosmylus hainanus,海南虹溪蛉,,,,,,,no_image
154769,Thecaphora lithospermi,紫草楔孢黑粉菌,,,,,,,no_image
154507,Thekopsora padi,,,,,,,,no_image
69243,Thecophora atra,黑尾微蜂眼蝇,,,,,,,no_image
134793,Thelidium yunnanum,云南乳突衣,,,,,,,no_image
152685,Thelephora centrifuga,,,,,,,,no_image
69264,Thelaira nigripes,暗黑柔寄蝇,,,,,,,no_image
142132,Thelonectria lucida,,,,,,,,no_image
69270,Thelyconychia solivaga,孤色寄蝇,,,,,,,no_image
128746,Themelium blechnifrons,蒿蕨,,,,,,,no_image
69284,Theophila mandarina,野蚕蛾,,,,,,,no_image
69305,There pallicosta,赭斜纹天蛾,,,,,,,no_image
11516,Theridion expallidatum,白周球蛛,,,,,,,no_image
11526,Theridion theridioides,类球球蛛,,,,,,,no_image
11806,Theridion longipalpum,长肢球蛛,,,,,,,no_image
69313,Therioaphis cana,灰彩斑蚜,,,,,,,no_image
69327,Thermistis xanthomelas,,,,,,,,no_image
69331,Therobia vesiculifera,气囊野寄蝇,,,,,,,no_image
128786,Thesium refractum,急折百蕊草,,,,,,,no_image
12965,Thiania chrysogramma,金线方胸蛛,,,,,,,no_image
69357,Thienemanniella yakysetea,西纳提尼曼摇蚊,,,,,,,no_image
69397,Thinophilus hilaris,长鬃滨长足虻,,,,,,,no_image
69377,Thinocharis pygmaea,,,,,,,,no_image
128799,Thismia jianfenglingensis,尖峰水玉杯,,,,,,,no_image
69421,Tholymis tillarga,云斑蜻,,,,,,,no_image
128823,Thladiantha medogensis,墨脱赤瓟,,,,,,,no_image
69423,Thomsonisca indica,印度汤氏跳小蜂,,,,,,,no_image
4972,Thoracostoma setosum,毛盔甲线虫,,,,,,,no_image
69458,Thoradonta transpicula,横刺瘤蚱,,,,,,,no_image
141283,Thozetella effusa,,,,,,,,no_image
69493,Thressa foliacea,叶突羽芒秆蝇,,,,,,,no_image
69514,Thrinchus schrenkii,宽纹蠢蝗,,,,,,,no_image
128858,Thrixspermum pygmaeum,西藏白点兰,,,,,,,no_image
69534,Thrips trehernei,蒲公英蓟马,,,,,,,no_image
82369,Thryssa setirostris,长颌棱鳀,,,,,,,no_image
128871,Thuidium kanedae,短肋羽藓,,,,,,,no_image
128890,Thunbergia grandiflora,山牵牛,,,,,,,no_image
128894,Thymelaea passerina,欧瑞香,,,,,,,no_image
12754,Thyene imperialis,阔莎茵蛛,,,,,,,no_image
128902,Thymus mandschuricus,短节百里香,,,,,,,no_image
69614,Thyridosmylus fuscus,棕色窗溪蛉,,,,,,,no_image
69628,Thyrostipa sphaeriophora,窗夜蛾,,,,,,,no_image
69596,Thyreocephalus annulatus,,,,,,,,no_image
69633,Thysanoptyx signata,圆斑苏苔蛾洲,,,,,,,no_image
12583,Tibellus orientis,东方长逍遥蛛,,,,,,,no_image
14363,Tibioploides cyclicus,圆双突蛛,,,,,,,no_image
69645,Tigrioides aureolata,金纹苔蛾,,,,,,,no_image
128973,Tilia oliveri,粉椴,,,,,,,no_image
152897,Tilletia barclayana,狼尾草腥黑粉菌,,,,,,,no_image
152917,Tilletia laevis,小麦光腥黑粉菌,,,,,,,no_image
152937,Tilletia taiana,,,,,,,,no_image
69667,Timia nitida,亮誉斑蝇,,,,,,,no_image
69675,Timomenus amblyotus,耳乔球螋,,,,,,,no_image
69689,Tinda indica,印度带芒水虻,,,,,,,no_image
69708,Tinocallis ulmiparvifoliae,榆叶长斑蚜,,,,,,,no_image
69721,Tipula amytis,异脉大蚊,,,,,,,no_image
69743,Tipula bipendula,双鳍大蚊,,,,,,,no_image
69765,Tipula cranicornuta,角冠尖大蚊,,,,,,,no_image
69805,Tipula graphiptera,花翅尖大蚊,,,,,,,no_image
69785,Tipula eurydice,黄膝蜚大蚊,,,,,,,no_image
69885,Tipula multistrigata,多纹大蚊,,,,,,,no_image
69825,Tipula idiopyga,短须大蚊,,,,,,,no_image
69845,Tipula kuwayamai,桑山蜚大蚊,,,,,,,no_image
69865,Tipula luteinotalis,黄背尖大蚊,,,,,,,no_image
69905,Tipula optanda,指角蜚大蚊,,,,,,,no_image
69925,Tipula platycantha,宽刺尖大蚊,,,,,,,no_image
69945,Tipula rudis,粗月大蚊,,,,,,,no_image
69965,Tipula sternotuberculata,腹突大蚊,,,,,,,no_image
144219,Tirispora unicaudata,,,,,,,,no_image
70007,Tipula xanthocephala,黄头蜚大蚊,,,,,,,no_image
16910,Tithaeus drac,龙提泰盲蛛,,,,,,,no_image
69985,Tipula tetragramma,四线萨大蚊,,,,,,,no_image
14764,Tmarus rimosus,裂突峭腹蛛,,,,,,,no_image
2590,Tokoyo eburnea,象牙常氏蟹,,,,,,,no_image
82395,Todiramphus chloris,白领翡翠,,,,,,,no_image
16211,Tokyosoma spinifer,,,,,,,,no_image
154963,Tolyposporium ehrenbergii,,,,,,,,no_image
82400,Tomiyamichthys lanceolatus,梭形富山鰕虎,,,,,,,no_image
19158,Tomocerus minor,,,,,,,,no_image
19185,Tomocerus cuspidatus,,,,,,,,no_image
19115,Tomocerus spinulus,,,,,,,,no_image
129046,Tongoloa tagongensis,塔公东俄芹,,,,,,,no_image
70091,Tongeia fischeri,玄灰蝶,,,,,,,no_image
3743,Tomopteris ligulata,唇舌浮蚕,,,,,,,no_image
70100,Tonkinacris sinensis,中华越北蝗,,,,,,,no_image
12185,Tonsilla rostrum,喙扁桃蛛,,,,,,,no_image
70111,Topomyia inclinata,屈端局限蚊,,,,,,,no_image
70128,Torodora antisema,基斑瘤祝蛾,,,,,,,no_image
82410,Tor tambroides,似野结鱼,,,,,,,no_image
70148,Torodora milichina,疏瘤祝蛾,,,,,,,no_image
82413,Torpedo macneilli,麦氏电鳐,,,,,,,no_image
129096,Tortula hoppeana,链齿藓,,,,,,,no_image
129075,Torreya fargesii,巴山榧,,,,,,,no_image
143685,Torulopsis beihaiensis,,,,,,,,no_image
82429,Toxabramis houdemeri,海南似&#x0000E074;,,,,,,,no_image
70180,Toxopoda bifurcata,二叉箭叶鼓翅蝇,,,,,,,no_image
129146,Toxicodendron vernicifluum,漆树,,,,,,,no_image
70198,Toxorhynchites splendenroides,类华丽巨蚊,,,,,,,no_image
70216,Trachea hastata,矛陌夜蛾,,,,,,,no_image
129168,Trachelospermum bodinieri,贵州络石,,,,,,,no_image
2165,Trachycardium alternatum,沙栖糙鸟蛤,,,,,,,no_image
129172,Trachoma coarctatum,西藏短头兰,,,,,,,no_image
129178,Trachycladiella aurea,细带藓,,,,,,,no_image
129193,Trachyphyllum inflexum,叉肋藓,,,,,,,no_image
739,Trachysalambria longipes,长足鹰爪虾,,,,,,,no_image
129216,Tradescantia zebrina,吊竹梅,,,,,,,no_image
129231,Tragopogon sabulosus,沙婆罗门参,,,,,,,no_image
151816,Trametes cystidiolophora,冠囊栓菌,,,,,,,no_image
151836,Trametes palisotii,紫椴栓菌,,,,,,,no_image
151000,Trametopsis cervina,齿贝拟栓菌,,,,,,,no_image
155055,Tranzscheliella hypodytes,茎特氏黑粉菌,,,,,,,no_image
4058,Trapezia bidentata,双齿梯形蟹,,,,,,,no_image
3485,Trapezium liratum,纹斑稜蛤,,,,,,,no_image
3660,Travisiopsis levinseni,方瘤蚕,,,,,,,no_image
129254,Trema tomentosa,山黄麻,,,,,,,no_image
154696,Tremella coalescens,合生银耳,,,,,,,no_image
154716,Tremella mesenterella,金耳,,,,,,,no_image
70288,Trentepohlia atayal,泰雅弯脉大蚊,,,,,,,no_image
82485,Treron seimundi,白腹针尾绿鸠,,,,,,,no_image
82494,Triacanthodes ethiops,六带拟三刺鲀,,,,,,,no_image
129269,Trianthema portulacastrum,假海马齿,,,,,,,no_image
70326,Tribasodites setosiventris,,,,,,,,no_image
15431,Tricalamus menglaensis,勐腊三栉蛛,,,,,,,no_image
70336,Tricentrus albomaculatus,白斑三刺角蝉,,,,,,,no_image
70356,Tricentrus colligatoclypei,融瓣三刺角蝉,,,,,,,no_image
70376,Tricentrus fulgiformis,拟耀三刺角蝉,,,,,,,no_image
70396,Tricentrus medogensis,墨脱三剌角蝉,,,,,,,no_image
136815,Tricharia kashiwadanii,,,,,,,,no_image
70416,Tricentrus sophorae,槐树三刺角蝉,,,,,,,no_image
82505,Trichiurus nanhaiensis,南海带鱼,,,,,,,no_image
18385,Trichocerca gracilis,细异尾轮虫,,,,,,,no_image
18363,Trichocerca tenuior,纤巧异尾轮虫,,,,,,,no_image
70454,Trichochrysea marmorata,闪烁毛肖叶甲,,,,,,,no_image
141895,Trichoderma aggressivum,,,,,,,,no_image
144455,Trichocladium melhae,,,,,,,,no_image
141915,Trichoderma effusum,,,,,,,,no_image
141935,Trichoderma melanomagnum,,,,,,,,no_image
141955,Trichoderma saturnisporum,,,,,,,,no_image
141975,Trichoderma viridescens,,,,,,,,no_image
129288,Trichogloeopsis pinnata,羽枝拟果丝藻,,,,,,,no_image
70507,Trichoglossina tibetana,,,,,,,,no_image
70526,Trichogramma fuzhouense,福州赤眼蜂,,,,,,,no_image
134908,Trichoglossum tetrasporum,四孢毛舌菌,,,,,,,no_image
70546,Trichogrammatoidea bactrae,卷蛾分索赤眼蜂,,,,,,,no_image
148631,Tricholoma aurantium,,,,,,,,no_image
148651,Tricholoma evenosum,,,,,,,,no_image
148671,Tricholoma lavendulophyllum,,,,,,,,no_image
148711,Tricholoma sulphureum,硫色口蘑,,,,,,,no_image
148691,Tricholoma populinum,杨口蘑,,,,,,,no_image
70565,Trichomachimus pubescens,毛三叉食虫虻,,,,,,,no_image
148730,Tricholomopsis nigrosquamosa,,,,,,,,no_image
70585,Trichomalopsis ovigastra,卵克氏金小蜂,,,,,,,no_image
70599,Trichoneura formosensis,台湾羽大蚊,,,,,,,no_image
138754,Trichopeziza crispula,,,,,,,,no_image
140781,Trichophaeopsis bicuspis,拟长毛盘菌,,,,,,,no_image
70627,Trichopterigia rubripuncta,红点洱尺蛾,,,,,,,no_image
134634,Trichophyton verrucosum,,,,,,,,no_image
70646,Trichoridia herchatra,耻冬夜蛾,,,,,,,no_image
129323,Trichosanthes mianyangensis,绵阳栝楼,,,,,,,no_image
129347,Trichosanthes wallichiana,薄叶栝楼,,,,,,,no_image
70662,Trichosia pumila,小毛眼蕈蚊,,,,,,,no_image
140971,Trichosporon lodderi,洛德丝孢酵母,,,,,,,no_image
70671,Trichotheca bicolor,双色齿股肖叶甲,,,,,,,no_image
139038,Tricladium anomalum,,,,,,,,no_image
129364,Trichotosia microphylla,小叶毛鞘兰,,,,,,,no_image
129370,Tricyrtis formosana,台湾油点草,,,,,,,no_image
82511,Tridentiger barbatus,髭缟鰕虎,,,,,,,no_image
129392,Trifidacanthus unifoliolatus,三叉刺,,,,,,,no_image
70718,Triglyphus primus,长翅寡节蚜蝇,,,,,,,no_image
129413,Trigonella cachemiriana,克什米尔胡卢巴,,,,,,,no_image
70748,Trigonodemus lebioides,,,,,,,,no_image
129421,Trigonospora ciliata,三槽蕨,,,,,,,no_image
129443,Trigonotis dingjieensis,定结附地菜,,,,,,,no_image
129469,Trigonotis motuoensis,墨脱附地菜,,,,,,,no_image
70770,Trigonotylus tenuis,小赤须盲蝽,,,,,,,no_image
15384,Trilacuna xinping,新平三窝蛛,,,,,,,no_image
82520,Trimeresurus gracilis,台湾竹叶青蛇,,,,,,,no_image
70777,Trimerogastra cincta,围绕尖颊水蝇,,,,,,,no_image
138800,Trimmatostroma salicis,,,,,,,,no_image
70782,Triomicrus acutus,,,,,,,,no_image
70802,Triomicrus nanlingensis,,,,,,,,no_image
129505,Triosteum pinnatifidum,莛子藨,,,,,,,no_image
70839,Triphosa scelerata,污光尺蛾,,,,,,,no_image
154583,Triphragmium trevesiae,,,,,,,,no_image
82573,Triplophysa anshuiensis,安水高原鳅,,,,,,,no_image
82593,Triplophysa fuxianensis,抚仙高原鳅,,,,,,,no_image
82613,Triplophysa longianguis,蛇形高 原鳅,,,,,,,no_image
82633,Triplophysa obtusirostra,短吻高原鳅,,,,,,,no_image
82653,Triplophysa stenura,细尾高原鳅,,,,,,,no_image
82673,Triplophysa yaopeizhii,姚氏高原鳅,,,,,,,no_image
129527,Tripogon purpurascens,玫瑰紫草沙蚕,,,,,,,no_image
70851,Tripteroides bambusa,竹生杵蚊,,,,,,,no_image
70870,Triraogus fuscipennis,暗翅三缝茧蜂,,,,,,,no_image
129546,Tripterospermum lanceolatum,玉山双蝴蝶,,,,,,,no_image
9460,Trisetacus juniperinus,,,,,,,,no_image
70887,Trissopelopia dimorpha,二型三叉粗腹摇蚊,,,,,,,no_image
70905,Trisunius appendiculatus,,,,,,,,no_image
154733,Tritirachium oryzae,,,,,,,,no_image
129587,Triumfetta annua,单毛刺蒴麻,,,,,,,no_image
70929,Trixa pubiseta,翅鬃特西寄蝇,,,,,,,no_image
8070,Trochocyathus caryophylloides,拟丁香轮杯珊瑚,,,,,,,no_image
16369,Trochosa wuchangensis,武昌獾蛛,,,,,,,no_image
12469,Troglocoelotes tortus,盘旋洞隙蛛,,,,,,,no_image
129600,Trollius altaicus,阿尔泰金莲花,,,,,,,no_image
70941,Trophithauma sinuatum,曲脉喙蚤蝇,,,,,,,no_image
70954,Tropidocephala insperata,黑颊匙顶飞虱,,,,,,,no_image
82745,Tropidophorus sinicus,中国棱蜥,,,,,,,no_image
143709,Troposporopsis rigidospora,,,,,,,,no_image
70991,Trupanea distincta,二带星斑实蝇,,,,,,,no_image
134229,Trypethelium leprosulum,,,,,,,,no_image
71006,Trypeta fujianica,斑腹实蝇,,,,,,,no_image
140928,Tuber liaotongense,辽东块菌,,,,,,,no_image
71033,Tsaitermes mangshanensis,莽山蔡白蚁,,,,,,,no_image
148742,Tubaria lithocarpicola,石栗假脐菇,,,,,,,no_image
71056,Tuberculatus fangi,方氏侧棘斑蚜,,,,,,,no_image
140948,Tuber umbilicatum,脐状块菌,,,,,,,no_image
9124,Tuberemaeus asiaticus,亚洲突甲螨,,,,,,,no_image
154786,Tuburcinia antipolitana,,,,,,,,no_image
7500,Tubularia spherogonia,球果花筒螅,,,,,,,no_image
154806,Tuburcinia ranunculi,,,,,,,,no_image
136360,Tuckneraria ahtii,艾氏肾岛衣,,,,,,,no_image
129663,Tulipa sinkiangensis,新疆郁金香,,,,,,,no_image
145533,Tulostoma jourdani,白皮柄灰抱,,,,,,,no_image
71080,Tumeochrysa hui,胡氏多阶草蛉,,,,,,,no_image
71098,Tunga callida,俊潜蚤,,,,,,,no_image
7110,Turbinaria crater,漏斗陀螺珊瑚,,,,,,,no_image
82752,Turdus albocinctus,白颈鸫,,,,,,,no_image
82778,Turdus pilaris,田鸫,,,,,,,no_image
129686,Turpinia indochinensis,疏脉山香圆,,,,,,,no_image
4268,Turris crispa,波纹塔螺,,,,,,,no_image
129704,Tuzibeanthus chinensis,异鳞苔,,,,,,,no_image
82795,Tydemania navigatoris,尖尾倒刺鲀,,,,,,,no_image
71141,Tyloperla transversa,横形瘤(虫责),,,,,,,no_image
129725,Tylophora leveilleana,高原娃儿藤,,,,,,,no_image
149298,Tylopilus alboater,黑盖粉孢牛肝菌,,,,,,,no_image
149338,Tylopilus veluticeps,绒帽粉孢牛肝菌,,,,,,,no_image
149318,Tylopilus microsporus,小孢粉孢牛肝菌,,,,,,,no_image
82802,Tylosurus crocodilus,,,,,,,,no_image
82817,Tylototriton yangi,滇南疣螈,,,,,,,no_image
129755,Typha minima,小香蒲,,,,,,,no_image
139082,Tympanis piceina,云杉芽孢盘菌,,,,,,,no_image
71165,Typhlomyopsyllus esinus,无寨盲鼠蚤,,,,,,,no_image
148751,Typhula incarnata,,,,,,,,no_image
15521,Tyrannochthonius robustus,强壮暴伪蝎,,,,,,,no_image
1086,Typosyllis hyaliyna,透明模裂虫,,,,,,,no_image
150963,Tyromyces placenta,,,,,,,,no_image
129775,Udotea tenax,韧皮钙扇藻,,,,,,,no_image
3123,Uca formosensis,台湾招潮,,,,,,,no_image
71208,Ujna puerana,普洱淡翅叶蝉,,,,,,,no_image
129787,Ulmus changii,杭州榆,,,,,,,no_image
15256,Uloborus albescens,苍白妩蛛,,,,,,,no_image
129824,Ulota macrocarpa,大蒴卷叶藓,,,,,,,no_image
6857,Umbellulifera formosa,美丽伞花软珊瑚,,,,,,,no_image
137712,Umbilicaria cinereorufescens,,,,,,,,no_image
137732,Umbilicaria leiocarpa,平网石耳,,,,,,,no_image
137752,Umbilicaria pustulata,,,,,,,,no_image
71226,Una usta,纯灰蝶,,,,,,,no_image
138207,Uncinula asteris,,,,,,,,no_image
71229,Unkanodes sapporona,白脊飞虱,,,,,,,no_image
3677,Upogebia takaoensis,高雄蝼蛄虾,,,,,,,no_image
71239,Uranotaenia alboannulata,白环蓝带蚊,,,,,,,no_image
71259,Uranotaenia sombooni,素蓬蓝带蚊,,,,,,,no_image
129870,Urariopsis cordifolia,算珠豆,,,,,,,no_image
154518,Uredinopsis intermedia,间型拟夏孢锈菌,,,,,,,no_image
140899,Urnula melastoma,黑口脚瓶盘菌,,,,,,,no_image
82868,Urocricetus kamensis,藏仓鼠,,,,,,,no_image
154825,Urocystis bromi,雀麦条黑粉菌,,,,,,,no_image
154845,Urocystis irregularis,乌头黑粉病,,,,,,,no_image
154865,Urocystis puccinelliae,碱茅条黑粉菌,,,,,,,no_image
71270,Uromedina atrata,暗尾寄蝇,,,,,,,no_image
154264,Uromyces anthyllidis,绒毛花单胞锈菌,,,,,,,no_image
154284,Uromyces chenopodii,藜单胞锈菌,,,,,,,no_image
154304,Uromyces euphorbiae-lunulatae,猫眼草单胞锈菌,,,,,,,no_image
154324,Uromyces heliotropii,天芥菜单胞锈菌,,,,,,,no_image
154344,Uromyces kochiae,地肤单胞锈菌,,,,,,,no_image
154364,Uromyces magnusii,马格纳斯单胞锈菌,,,,,,,no_image
154384,Uromyces pyriformis,,,,,,,,no_image
154404,Uromyces sophorae-vicilfoliae,白刺花单胞锈菌,,,,,,,no_image
71273,Urophora formosana,黑股筒尾实蝇,,,,,,,no_image
154424,Uromyces triquetrus,三角单胞锈菌,,,,,,,no_image
82882,Uropterygius concolor,单色尾鳝,,,,,,,no_image
814,Uroptychus scambus,曲折尾虾,,,,,,,no_image
6722,Urothoe spinidigitus,刺指尾钩虾,,,,,,,no_image
129920,Urtica taiwaniana,台湾荨麻,,,,,,,no_image
136375,Usnea confusa,紊松萝,,,,,,,no_image
136395,Usnea himantodes,带状松萝,,,,,,,no_image
136415,Usnea ogatai,台湾松萝,,,,,,,no_image
136435,Usnea substerilis,亚不育松萝,,,,,,,no_image
155067,Ustilago anomala,异形黑粉菌,,,,,,,no_image
155107,Ustilago echinochloae,稗刺疣黑粉菌,,,,,,,no_image
155087,Ustilago caricis,,,,,,,,no_image
155127,Ustilago hordei,大麦坚黑粉菌,,,,,,,no_image
155147,Ustilago longiseti,长鬃蓼黑粉菌,,,,,,,no_image
155167,Ustilago oplismeni,,,,,,,,no_image
155187,Ustilago rottboelliae,,,,,,,,no_image
155207,Ustilago stipae,,,,,,,,no_image
155227,Ustilago ugandensis,,,,,,,,no_image
15497,Utivarachna gui,顾氏突头蛛,,,,,,,no_image
129941,Utricularia kumaonensis,毛籽挖耳草,,,,,,,no_image
129965,Uvaria kurzii,黄花紫玉盘,,,,,,,no_image
129987,Vaccinium chaetothrix,团叶越橘,,,,,,,no_image
130016,Vaccinium foetidissimum,臭越橘,,,,,,,no_image
130064,Vaccinium pseudobullatum,拟泡叶乌饭,,,,,,,no_image
130086,Vaccinium trichocladum,刺毛越橘,,,,,,,no_image
130044,Vaccinium lanigerum,羽毛越橘,,,,,,,no_image
12951,Vailimia longitibia,长胫维利蛛,,,,,,,no_image
130111,Valeriana daphniflora,瑞香缬草,,,,,,,no_image
130131,Valerianella plagiostephana,斜冠歧缬草,,,,,,,no_image
17666,Vallonia costata,肋瓦娄蜗牛,,,,,,,no_image
141564,Valsella multispora,,,,,,,,no_image
130145,Vanda coerulea,大花万代兰,,,,,,,no_image
82903,Vanderhorstia ornatissima,黄点梵鰕虎,,,,,,,no_image
130170,Vanilla taiwaniana,宝岛香荚兰,,,,,,,no_image
82927,Varanus bengalensis,孟加拉巨蜥,,,,,,,no_image
10357,Vasates desmodius,,,,,,,,no_image
226,Vellodius etisoides,滑面绒毛壳蟹,,,,,,,no_image
5374,Ventojassa ventosa,风老叶钩虾,,,,,,,no_image
134277,Venturia chrysanthemi,,,,,,,,no_image
71348,Venusia cambrica,康维尺蛾,,,,,,,no_image
8954,Vepracarus punctatus,点毛罗甲螨,,,,,,,no_image
130191,Veratrilla baillonii,黄秦艽,,,,,,,no_image
71391,Vermipsylla parallela,平行蠕形蚤,,,,,,,no_image
130214,Verbascum phoeniceum,紫毛蕊花,,,,,,,no_image
130252,Veronica hederifolia,常春藤婆婆纳,,,,,,,no_image
130228,Veronica anagallis-aquatica,北水苦荬,,,,,,,no_image
130276,Veronica riae,膜叶婆婆纳,,,,,,,no_image
130304,Veronicastrum formosanum,台湾腹水草,,,,,,,no_image
134796,Verrucaria applanatula,平坦瓶口衣,,,,,,,no_image
134816,Verrucaria gongshanensis,贡山瓶口衣,,,,,,,no_image
134836,Verrucaria phaeoderma,,,,,,,,no_image
141657,Verticillium chlamydosporium,,,,,,,,no_image
130329,Vesicularia flaccida,柔软明叶藓,,,,,,,no_image
134924,Vezdaea stipitata,柄维氏衣,,,,,,,no_image
130339,Viburnum awabuki,日本珊瑚树,,,,,,,no_image
130366,Viburnum erubescens,红荚蒾,,,,,,,no_image
130396,Viburnum laterale,侧花荚蒾,,,,,,,no_image
130430,Viburnum schensianum,陕西荚蒾,,,,,,,no_image
130456,Vicia amoena,山野豌豆,,,,,,,no_image
130487,Vicia liupanshanensis,六盘山野豌豆,,,,,,,no_image
130516,Vicia tetrasperma,四籽野豌豆,,,,,,,no_image
16106,Vieteuma longa,,,,,,,,no_image
130556,Vigna umbellata,赤小豆,,,,,,,no_image
71433,Villa rufula,赤缘绒蜂虻,,,,,,,no_image
130575,Vincetoxicum emeiense,峨眉白前,,,,,,,no_image
130595,Vincetoxicum versicolor,变色白前,,,,,,,no_image
130610,Viola arvensis,田野堇菜,,,,,,,no_image
130635,Viola diffusa,七星莲,,,,,,,no_image
130657,Viola hirtipes,毛柄堇菜,,,,,,,no_image
130677,Viola montana,高堇菜,,,,,,,no_image
130700,Viola pitouchaoensis,鼻头角堇菜,,,,,,,no_image
130722,Viola tenuicornis,细距堇菜,,,,,,,no_image
5091,Vir Holthuis,东方曼隐虾,,,,,,,no_image
130754,Viscum monoicum,五脉槲寄生,,,,,,,no_image
130782,Vitex trifolia,蔓荆,,,,,,,no_image
130818,Vitis flexuosa,葛藟葡萄,,,,,,,no_image
130841,Vitis silvestrii,湖北葡萄,,,,,,,no_image
19271,Vitronura singaporiensis,,,,,,,,no_image
8189,Vogtia microsticella,小口拟蹄水母,,,,,,,no_image
71445,Volucella coreana,拟胡蜂蚜蝇,,,,,,,no_image
71466,Volucella sichuanensis,四川蜂蚜蝇,,,,,,,no_image
147945,Volvariella bakeri,巴氏草菇,,,,,,,no_image
147965,Volvariella surrecta,,,,,,,,no_image
71479,Vulgatothrips shennongjiaensis,神农架普通蓟马,,,,,,,no_image
71494,Walker fractilinea,裂线苔蛾,,,,,,,no_image
71490,Wagnerina subulispina,锥鬃杆突蚤,,,,,,,no_image
18885,Wankeliella intermedia,,,,,,,,no_image
130879,Weigela coraeensis,朝鲜锦带花,,,,,,,no_image
14475,Wendilgarda assamensis,阿萨姆温氏蛛,,,,,,,no_image
130914,Wendlandia longipedicellata,长梗水锦树,,,,,,,no_image
71509,Wernya solena,管线波纹蛾,,,,,,,no_image
134168,Westerdykella dispersa,,,,,,,,no_image
130958,Whytockia minxiensis,闽西异叶苣苔,,,,,,,no_image
130977,Wikstroemia chamaedaphne,河朔荛花,,,,,,,no_image
131021,Wikstroemia subcyclolepidota,亚环鳞荛花,,,,,,,no_image
130998,Wikstroemia liangii,大叶荛花,,,,,,,no_image
18977,Willowsia baoshanensis,,,,,,,,no_image
19103,Willowsia zhaotongensis,,,,,,,,no_image
131044,Wisteriopsis reticulata,网络夏藤,,,,,,,no_image
71557,Winthemia proclinata,前鬃温寄蝇,,,,,,,no_image
71581,Wolfella sinensis,华犀角叶蝉,,,,,,,no_image
14971,Wolongia odontodes,齿状卧龙蛛,,,,,,,no_image
131071,Woodsia shennongensis,神农岩蕨,,,,,,,no_image
131052,Woodsia acuminata,渐尖岩蕨,,,,,,,no_image
131088,Wrightia coccinea,云南倒吊笔,,,,,,,no_image
140863,Wynnea macrotis,绒被丛耳,,,,,,,no_image
152006,Wrightoporia ramosa,,,,,,,,no_image
71613,Xanthia togata,黄紫美冬夜蛾,,,,,,,no_image
150604,Xanthochrous hispidus,粗毛褐孔菌,,,,,,,no_image
71632,Xanthogramma seximaculatum,六斑黄斑蚜蝇,,,,,,,no_image
131108,Xanthophytum balansae,长梗岩黄树,,,,,,,no_image
136466,Xanthoparmelia stenophylla,菊叶黄梅,,,,,,,no_image
136446,Xanthoparmelia claviculata,棒芽黄梅,,,,,,,no_image
152629,Xenasmatella vaga,不定形小侧担菌,,,,,,,no_image
71672,Xanthorhoe ulingensis,雾灵潢尺蛾,,,,,,,no_image
71678,Xanthotryxus bazini,巴氏金粉蝇,,,,,,,no_image
71693,Xenocatantops brachycerus,短角外斑腿蝗,,,,,,,no_image
71702,Xenodaeria angustiproceria,窄突厉蚤,,,,,,,no_image
71716,Xenolea asiatica,,,,,,,,no_image
83010,Xenophrys omeimontis,峨眉角蟾,,,,,,,no_image
71736,Xenopsylla skrjabini,簇鬃客蚤,,,,,,,no_image
71770,Xenotachina yaanensis,雅安客夜蝇,,,,,,,no_image
5307,Xenostrobus atratus,黑荞麦蛤,,,,,,,no_image
149352,Xerocomus bambusicola,竹生绒盖牛肝菌,,,,,,,no_image
149372,Xerocomus parvus,小绒盖牛肝菌,,,,,,,no_image
147525,Xeromphalina brunneola,,,,,,,,no_image
147771,Xerula sinopudens,,,,,,,,no_image
71814,Xestia olivascens,霉鲁夜蛾,,,,,,,no_image
71793,Xestia descripta,杂绿鲁夜蛾,,,,,,,no_image
71833,Xestoleptura rufiventris,,,,,,,,no_image
83021,Xiphias gladius,剑鱼,,,,,,,no_image
71864,Xiphozele fumipennsis,烟翅刀腹茧蜂,,,,,,,no_image
144776,Xylaria arbuscula,树状炭角菌,,,,,,,no_image
71878,Xizicus fascipes,斑腿栖螽,,,,,,,no_image
144796,Xylaria consociata,皱扁炭角菌,,,,,,,no_image
144816,Xylaria filiformis,绒座炭角菌,,,,,,,no_image
144836,Xylaria intracolorata,色心炭角菌,,,,,,,no_image
144856,Xylaria mellissii,,,,,,,,no_image
144876,Xylaria polymorpha,多形炭角菌,,,,,,,no_image
144896,Xylaria trabutii,,,,,,,,no_image
152619,Xylobolus frustulatus,丛片趋木菌,,,,,,,no_image
71911,Xylocopa magnifica,大木蜂,,,,,,,no_image
71931,Xylocoris mongolicus,蒙古仓花蝽,,,,,,,no_image
132327,Xylomyces chlamydosporis,,,,,,,,no_image
139384,Xyloma euphorbiae,,,,,,,,no_image
71954,Xylota arboris,树木蚜蝇,,,,,,,no_image
72022,Xylotrechus khampaseuthi,,,,,,,,no_image
72048,Xylotrechus robusticollis,,,,,,,,no_image
71974,Xylota sibirica,西伯利亚木蚜蝇,,,,,,,no_image
71997,Xylotrechus boreosinicus,,,,,,,,no_image
72070,Xylotrechus zhouchaoi,,,,,,,,no_image
14677,Xysticus austrosibiricus,南西伯利亚花蟹蛛,,,,,,,no_image
14793,Xysticus pseudocristatus,伪冠花蟹蛛,,,,,,,no_image
14593,Xysticus hedini,赫氏花蟹蛛,,,,,,,no_image
13224,Yaginumaella medvedevi,梅氏雅蛛,,,,,,,no_image
72082,Yamatocallis obscura,浑桠镰管蚜,,,,,,,no_image
72092,Yelicones elokobyskiji,贝氏阔跗茧蜂,,,,,,,no_image
72107,Yimnashana validicornis,,,,,,,,no_image
72114,Yoshiakioclytus stigmosus,,,,,,,,no_image
131161,Youngia fusca,厚绒黄鹌菜,,,,,,,no_image
72123,Ypthima chinensis,中华矍眼蝶,,,,,,,no_image
131185,Youngia racemifera,总序黄鹌菜,,,,,,,no_image
72152,Ypthima zodia,卓矍眼蝶,,,,,,,no_image
72155,Yulongedon formosus,靓玉龙猿叶甲,,,,,,,no_image
131212,Yulania cylindrica,黄山玉兰,,,,,,,no_image
83057,Yunnanilus chui,褚氏云南鳅,,,,,,,no_image
83077,Yunnanilus parvus,小云南鳅,,,,,,,no_image
72174,Yupodisma rufipennis,红翅豫蝗,,,,,,,no_image
131272,Yushania lineolata,石棉玉山竹,,,,,,,no_image
131252,Yushania dashanbaoensis,大山包玉山竹,,,,,,,no_image
131295,Yushania suijiangensis,绥江玉山竹,,,,,,,no_image
83087,Zacco sinensis,中华鱲,,,,,,,no_image
83088,Zameus squamulosus,鳞睡鲨,,,,,,,no_image
149391,Zangia olivacea,绿褐臧氏牛肝菌,,,,,,,no_image
72204,Zanclognatha griselda,杉镰须夜蛾,,,,,,,no_image
131333,Zanthoxylum dimorphophyllum,异叶花椒,,,,,,,no_image
131361,Zanthoxylum pilosulum,微柔毛花椒,,,,,,,no_image
72228,Zaphne ignobilis,卑鞭隰蝇,,,,,,,no_image
72242,Zaprionus bogoriensis,茂物线果蝇,,,,,,,no_image
72262,Zegris pyrothoe,赤眉粉蝶,,,,,,,no_image
133309,Zasmidium queenslandicum,,,,,,,,no_image
72277,Zele chinensis,中华赛茧蜂,,,,,,,no_image
13808,Zelotes davidi,大卫狂蛛,,,,,,,no_image
13678,Zelotes tsaii,蔡氏狂蛛,,,,,,,no_image
131391,Zeuxine flava,黄花线柱兰,,,,,,,no_image
83112,Zenopsis stabilispinosa,多棘亚海鲂,,,,,,,no_image
12759,Zeuxippus yunnanensis,滇长腹蝇虎,,,,,,,no_image
83133,Zhangixalus nigropunctatus,黑点树蛙,,,,,,,no_image
72299,Zhouomyia plauta,扁足周摇蚊,,,,,,,no_image
131419,Zingiber cochleariforme,匙苞姜,,,,,,,no_image
131439,Zingiber longiligulatum,长舌姜,,,,,,,no_image
131460,Zingiber simaoense,思茅姜,,,,,,,no_image
72309,Ziridava kanshireiensis,台湾渡尺蛾,,,,,,,no_image
72314,Zizula hylax,长腹灰蝶,,,,,,,no_image
139032,Zoellneria eucalypti,,,,,,,,no_image
155510,Zoophthora athaliae,,,,,,,,no_image
83157,Zoothera dixoni,长尾地鸫,,,,,,,no_image
16268,Zoropsis markamensis,芒康逸蛛,,,,,,,no_image
72339,Zotalemimon procerum,,,,,,,,no_image
72351,Zurobata fissifascia,裂纹筑夜蛾,,,,,,,no_image
4096,Zygonemertes virescens,绿巨合纽虫,,,,,,,no_image
72377,Zygonyx takasago,高砂虹蜻,,,,,,,no_image
131528,Zygophyllum obliquum,长梗驼蹄瓣,,,,,,,no_image
8858,Zygoribatula longiporsa,长孔合若甲螨,,,,,,,no_image
72389,Zyras bidentatus,,,,,,,,no_image
72409,Zyras formosae,,,,,,,,no_image
72449,Zyras sexcuspidatus,,,,,,,,no_image
72429,Zyras nigricornis,,,,,,,,no_image
39420,fragariae vaccinii,灰褐峦冬夜蛾,,,,,,,no_image
