taxon_id,sci_name,cn_name,image_path,image_url,author,license,license_url,page_url,status
19444,Abiromorphus anceyi,皱背肖叶甲,,,,,,,no_image
19481,Abraximorpha pieridoides,粉白弄蝶,,,,,,,no_image
19437,Abaxisotima acuminata,尖叶远素螽,,,,,,,no_image
83247,Abrus pulchellus,美丽相思子,,,,,,,no_image
10536,Abacarus panici,,,,,,,,no_image
83187,Abelia uniflora,蓪梗花,,,,,,,no_image
11412,Ablemma prominens,突出阿巴蛛,,,,,,,no_image
144921,Abstoma purpureum,紫色无口腹菌,,,,,,,no_image
83260,Abutilon roseum,红花苘麻,,,,,,,no_image
83279,Acalypha caturus,尖尾铁苋菜,,,,,,,no_image
19500,Acalolepta breuningi,,,,,,,,no_image
19525,Acalolepta pseudosericans,,,,,,,,no_image
19545,Acampsis hunanensis,湖南三节茧蜂,,,,,,,no_image
17284,Acanthatrium microcanthum,微刺刺囊吸虫,,,,,,,no_image
83302,Acanthocalyx nepalensis,刺续断,,,,,,,no_image
83311,Acantholimon hedinii,彩花,,,,,,,no_image
19570,Acanthonevra hemileina,半刺脉实蝇,,,,,,,no_image
83320,Acanthophora muscoides,藓状鱼栖苔,,,,,,,no_image
19581,Acanthoplistus birmanus,缅甸甲蟋,,,,,,,no_image
83324,Acanthorrhynchium papillatum,单疣藓,,,,,,,no_image
10173,Acaphylla steinwedeni,,,,,,,,no_image
83218,Abies firma,日本冷杉,,https://upload.wikimedia.org/wikipedia/commons/2/2f/Abies_firma.JPG?utm_source=en.wikipedia.org&utm_campaign=api&utm_content=thumbnail_unscaled,No machine-readable author provided. Inti-sol~commonswiki assumed (based on copyright claims).,CC BY-SA 3.0,http://creativecommons.org/licenses/by-sa/3.0/,https://en.wikipedia.org/wiki/File:Abies_firma.JPG,download_failed
9874,Acarhynchus bambusae,,,,,,,,no_image
135110,Acarospora macrospora,,,,,,,,no_image
135130,Acarospora veronensis,维罗纳微孢衣,,,,,,,no_image
155542,Acaulospora delicata,脆无梗囊霉,,,,,,,no_image
155562,Acaulospora rugosa,皱无梗囊霉,,,,,,,no_image
83431,Acer shenkanense,陕甘槭,,,,,,,no_image
72509,Acanthocobitis botia,沙棘鳅,images/00/07/00072509.webp,https://thumb.wikimedia.org/wikipedia/commons/thumb/2/24/Nemacheilus_botia_Day_156.jpg/960px-Nemacheilus_botia_Day_156.jpg?utm_source=en.wikipedia.org&utm_campaign=api&utm_content=thumbnail,Francis Day,Public domain,,https://en.wikipedia.org/wiki/File:Nemacheilus_botia_Day_156.jpg,ok
10662,Aceria dispar,,,,,,,,no_image
83268,Acacia holosericea,绢毛相思,images/00/08/00083268.webp,https://thumb.wikimedia.org/wikipedia/commons/thumb/5/5b/Acacia_holosericea_flowers.jpg/960px-Acacia_holosericea_flowers.jpg?utm_source=en.wikipedia.org&utm_campaign=api&utm_content=thumbnail,Allthingsnative,CC BY 4.0,https://creativecommons.org/licenses/by/4.0,https://en.wikipedia.org/wiki/File:Acacia_holosericea_flowers.jpg,ok
10654,Aceria litchii,,,,,,,,no_image
83402,Acer nikoense,毛果槭,,https://upload.wikimedia.org/wikipedia/commons/d/d0/Acer_maximowiczianum1.jpg?utm_source=en.wikipedia.org&utm_campaign=api&utm_content=thumbnail_unscaled,Kurt Stüber [1],CC BY-SA 3.0,http://creativecommons.org/licenses/by-sa/3.0/,https://en.wikipedia.org/wiki/File:Acer_maximowiczianum1.jpg,download_failed
10062,Aceria pobuzii,,,,,,,,no_image
72539,Acanthurus gahhm,肩斑刺尾鱼,images/00/07/00072539.webp,https://thumb.wikimedia.org/wikipedia/commons/thumb/9/95/Black_surgeonfish%2C_Acanthurus_gahhm_at_Abu_Dabab_Reefs%2C_Red_Sea%2C_Egypt.jpeg/960px-Black_surgeonfish%2C_Acanthurus_gahhm_at_Abu_Dabab_Reefs%2C_Red_Sea%2C_Egypt.jpeg?utm_source=en.wikipedia.org&utm_campaign=api&utm_content=thumbnail,"Derek Keats from Johannesburg, South Africa",CC BY 2.0,https://creativecommons.org/licenses/by/2.0,"https://en.wikipedia.org/wiki/File:Black_surgeonfish,_Acanthurus_gahhm_at_Abu_Dabab_Reefs,_Red_Sea,_Egypt.jpeg",ok
10377,Aceria tulipae,,,,,,,,no_image
72578,Acentrogobius audax,弯纹细棘鰕虎,images/00/07/00072578.webp,https://thumb.wikimedia.org/wikipedia/commons/thumb/9/98/Acentrogobius_nebulosus.jpg/960px-Acentrogobius_nebulosus.jpg?utm_source=en.wikipedia.org&utm_campaign=api&utm_content=thumbnail,Unknown authorUnknown author,Public domain,,https://en.wikipedia.org/wiki/File:Acentrogobius_nebulosus.jpg,ok
6496,Acetes intermedius,间型毛虾,,,,,,,no_image
139725,Acetabula acetabulum,碟形棱柄盘菌,,,,,,,no_image
1545,Achaeus trituberculatus,三疣英雄蟹,,,,,,,no_image
83458,Acer ukurunduense,花楷槭,,https://upload.wikimedia.org/wikipedia/commons/a/a8/Acer_ukurunduense_%28200707%29.jpg?utm_source=en.wikipedia.org&utm_campaign=api&utm_content=thumbnail_unscaled,E-190,CC BY-SA 3.0,http://creativecommons.org/licenses/by-sa/3.0/,https://en.wikipedia.org/wiki/File:Acer_ukurunduense_(200707).jpg,download_failed
72602,Achalinus pingbianensis,屏边脊蛇,,,,,,,no_image
72620,Acheilognathus omeiensis,峨眉&#x0000E05E;,,,,,,,no_image
19643,Achyrolimonia protrusa,突短须大蚊,,,,,,,no_image
83475,Achillea micrantha,小花蓍,,,,,,,no_image
83485,Achnatherum chinense,中华芨芨草,,,,,,,no_image
83356,Acer chunii,乳源槭,images/00/08/00083356.webp,https://thumb.wikimedia.org/wikipedia/commons/thumb/9/9c/Acer_amplum_var_jianhuiense_kz01.jpg/960px-Acer_amplum_var_jianhuiense_kz01.jpg?utm_source=en.wikipedia.org&utm_campaign=api&utm_content=thumbnail,"Krzysztof Ziarnek, Kenraiz",CC BY-SA 4.0,https://creativecommons.org/licenses/by-sa/4.0,https://en.wikipedia.org/wiki/File:Acer_amplum_var_jianhuiense_kz01.jpg,ok
19681,Acidiostigma tongmaiensis,通麦长痣实蝇,,,,,,,no_image
4947,Acila schencki,直背指纹蛤,,,,,,,no_image
19661,Acidiella obscuripennis,褐翅平脉实蝇,,,,,,,no_image
19710,Aclerls duracina,干果长翅卷蛾,,,,,,,no_image
19691,Acisoma panorpoides,锥腹蜻,,,,,,,no_image
19731,Aclerls nigriradix,黑斑长翅卷蛾,,,,,,,no_image
83533,Acmella brachyglossa,短舌花金纽扣,,,,,,,no_image
19755,Acolutha pulchella,霓虹尺蛾,,,,,,,no_image
83562,Aconitum brachypodum,短柄乌头,,,,,,,no_image
83597,Aconitum crassiflorum,粗花乌头,,,,,,,no_image
83381,Acer kungshanense,贡山槭,images/00/08/00083381.webp,https://thumb.wikimedia.org/wikipedia/commons/thumb/1/1c/Acer_tsinglingense_-_Morris_Arboretum_-_DSC00502.jpg/960px-Acer_tsinglingense_-_Morris_Arboretum_-_DSC00502.jpg?utm_source=en.wikipedia.org&utm_campaign=api&utm_content=thumbnail,Daderot,CC0,http://creativecommons.org/publicdomain/zero/1.0/deed.en,https://en.wikipedia.org/wiki/File:Acer_tsinglingense_-_Morris_Arboretum_-_DSC00502.jpg,ok
83626,Aconitum franchetii,大渡乌头,,,,,,,no_image
83698,Aconitum longzhoushanense,龙帚山乌头,,,,,,,no_image
83725,Aconitum parcifolium,疏叶乌头,,,,,,,no_image
83657,Aconitum japonicum,,,,,,,,no_image
83751,Aconitum refracticarpum,弯果乌头,,,,,,,no_image
83776,Aconitum spathulatum,匙苞乌头,,,,,,,no_image
83801,Aconitum villosum,白毛乌头,,,,,,,no_image
83821,Acorus shannai,山柰菖蒲,,,,,,,no_image
83822,Acrachne racemosa,尖稃草,,,,,,,no_image
142264,Acremonium thermophilum,,,,,,,,no_image
19812,Acrida willemsei,威廉剑角蝗,,,,,,,no_image
83825,Acrobolbus ciliatus,钝角顶苞苔,,,,,,,no_image
83829,Acroceras tonkinense,山鸡谷草,,,,,,,no_image
19839,Acroclisoides sinicus,中国蝽卵金小蜂,,,,,,,no_image
83838,Acrocystis nana,顶囊藻,,,,,,,no_image
83840,Acroglochin multiflora,多花千针苋,,,,,,,no_image
83854,Acronema alpinum,高山丝瓣芹,,,,,,,no_image
83878,Acronema tenerum,丝瓣芹,,,,,,,no_image
19876,Acronicta euphorbiae,戟剑纹夜蛾,,,,,,,no_image
6925,Acropora acuminata,尖细鹿角珊瑚,,,,,,,no_image
19896,Acronicta pulverosa,尘剑纹夜蛾,,,,,,,no_image
6919,Acropora gemmifera,芽枝鹿角珊瑚,,,,,,,no_image
83884,Acroporium lamprophyllum,狭叶顶胞藓,,,,,,,no_image
6943,Acropora pruinosa,霜鹿角珊瑚,,,,,,,no_image
83891,Acrosorium flabellatum,扇形顶群藻,,,,,,,no_image
72684,Acrossocheilus stenotaeniatus,窄条光唇鱼,,,,,,,no_image
19935,Acrothinium cyaneum,蓝丽肖叶甲,,,,,,,no_image
19952,Acrotona fraudolenta,,,,,,,,no_image
19972,Acrotona parasuspiciosa,,,,,,,,no_image
3905,Acteocina exilis,细弱拟捻螺,,,,,,,no_image
83902,Actaea frigida,两裂升麻,,,,,,,no_image
19993,Acrotona yongshengensis,,,,,,,,no_image
20006,Actia yasumatsui,安松阿寄蝇,,,,,,,no_image
20030,Actina gongshana,贡山星水虻,,,,,,,no_image
83927,Actinidia cylindrica,柱果猕猴桃,,,,,,,no_image
83955,Actinidia longicarpa,长果猕猴桃,,,,,,,no_image
83980,Actinidia trichogyna,毛蕊猕猴桃,,,,,,,no_image
83993,Actinodaphne henryi,思茅黄肉楠,,,,,,,no_image
72699,Actinodura strigula,斑喉希鹛,,,,,,,no_image
84011,Actinostemma tenerum,盒子草,,,,,,,no_image
11165,Aculepeira serpentina,蛇状尖蛛,,,,,,,no_image
9995,Aculops laevigatae,,,,,,,,no_image
10597,Aculops wikstrolmiai,,,,,,,,no_image
10070,Aculus sargentodoxae,,,,,,,,no_image
10475,Aculus guilinensis,,,,,,,,no_image
84017,Acystopteris taiwaniana,台湾亮毛蕨,,,,,,,no_image
20080,Adapsilia striatis,条纹适蜣蝇,,,,,,,no_image
20118,Adelphomyia ferocia,房盲大蚊,,,,,,,no_image
84040,Adenophora delavayi,短花盘沙参,,,,,,,no_image
20098,Adelphococris luridus,污苜蓿盲蝽,,,,,,,no_image
84070,Adenophora pinifolia,松叶沙参,,,,,,,no_image
84105,Adenosma javanica,卵萼毛麝香,,,,,,,no_image
84124,Adiantum fengianum,冯氏铁线蕨,,,,,,,no_image
84144,Adiantum refractum,月芽铁线蕨,,,,,,,no_image
84172,Adinandra grandis,大杨桐,,,,,,,no_image
84203,Adoxa xizangensis,西藏五福花,,,,,,,no_image
20137,Admontia blanda,柔毛颜寄蝇,,,,,,,no_image
20185,Aedes cataphylla,丛林伊蚊,,,,,,,no_image
20166,Adryinus jini,金氏异螯蜂,,,,,,,no_image
20206,Aedes esoensis,北海道伊蚊,,,,,,,no_image
20249,Aedes mubiensis,那坡伊蚊,,,,,,,no_image
20227,Aedes implicatus,撮毛伊蚊,,,,,,,no_image
20269,Aedes pseudalbopictus,伪白纹伊蚊,,,,,,,no_image
20289,Aedes sticticus,叮刺伊蚊,,,,,,,no_image
84207,Aeginetia indica,野菰,,,,,,,no_image
13255,Aelurillus m-nigrum,黑豹跳蛛,,,,,,,no_image
84210,Aegopodium alpestre,东北羊角芹,,,,,,,no_image
20337,Aequoreus disfasciatus,褐带叉突叶蝉,,,,,,,no_image
84241,Aerobryopsis yunnanensis,云南灰气藓,,,,,,,no_image
20328,Aeolothrips intermedius,间纹蓟马,,,,,,,no_image
20359,Aeropedellus nigrepiproctus,黑肛蛛蝗,,,,,,,no_image
20381,Aeschnophlebia maolanensis,茂兰黑额蜓,,,,,,,no_image
84255,Aeschynanthus chayangtajoensis,错那芒毛苣苔,,,,,,,no_image
84275,Aeschynanthus mimetes,大花芒毛苣苔,,,,,,,no_image
84298,Aesculus punduana,长柄七叶树,,,,,,,no_image
20409,Aethes atmospila,银褐双纹卷蛾,,,,,,,no_image
84304,Afzelia xylocarpa,缅茄,,,,,,,no_image
20423,Aethriamanta gracilis,霜蓝异蜻,,,,,,,no_image
20438,Agapanthia turanica,,,,,,,,no_image
84332,Agapetes guangxiensis,广西树萝卜,,,,,,,no_image
84355,Agapetes megacarpa,大果树萝卜,,,,,,,no_image
84375,Agapetes serpens,五翅莓,,,,,,,no_image
144932,Agaricus angustus,大紫蘑菇,,,,,,,no_image
144952,Agaricus bombycinus,银丝菇,,,,,,,no_image
145012,Agaricus ingratus,短柄蘑菇,,,,,,,no_image
144992,Agaricus dulcidulus,,,,,,,,no_image
144972,Agaricus comatus,小白菇,,,,,,,no_image
145032,Agaricus merrillii,麦氏蘑菇,,,,,,,no_image
145052,Agaricus poigenus,,,,,,,,no_image
145072,Agaricus rufoolivaceus,,,,,,,,no_image
145092,Agaricus subrutilescens,紫红蘑菇,,,,,,,no_image
145112,Agaricus xanthodermus,黄斑菇,,,,,,,no_image
20461,Agathia quinaria,丰艳青尺蛾,,,,,,,no_image
20498,Agelasta pici,,,,,,,,no_image
84387,Agave cantula,马盖麻,,,,,,,no_image
12471,Ageleradix zhishengi,志升盾漏蛛,,,,,,,no_image
84396,Aglaia odorata,米仔兰,,,,,,,no_image
5790,Aglaophamus munamaorii,无须内卷齿蚕,,,,,,,no_image
20531,Agnaptoria anthracina,黑贞琵甲,,,,,,,no_image
20553,Agnaptoria nyingcha,林芝贞琵甲，新种,,,,,,,no_image
20575,Agnetina multispinosa,多刺剑(虫责),,,,,,,no_image
20599,Agnidra hoenei,宏距钩蛾,,,,,,,no_image
20616,Agonita castanea,棕栗三脊甲,,,,,,,no_image
550,Agononida analoga,近似斗铠虾,,,,,,,no_image
20643,Agriocnemis nana,樽斑小蟌,,,,,,,no_image
148157,Agrocybe dura,硬田头菇,,,,,,,no_image
15460,Agroeca batangensis,八塘田野蛛,,,,,,,no_image
20662,Agromyza latipennis,长毛角潜蝇,,,,,,,no_image
20675,Agrosteella fallaciosa,丽平胸叶甲,,,,,,,no_image
84441,Agrostis gigantea,巨序剪股颖,,,,,,,no_image
20686,Agrotis biconica,小剑地夜蛾,,,,,,,no_image
20706,Agrotis vestigialis,侏地夜蛾,,,,,,,no_image
72767,Ahaetulla prasina,绿瘦蛇,,,,,,,no_image
20724,Ahmaditermes tianmuensis,天目钝颚白蚁,,,,,,,no_image
20728,Aidomyia femoralis,股助水虻,,,,,,,no_image
84502,Ainsliaea cavaleriei,闭花兔儿风,,,,,,,no_image
84527,Ainsliaea mairei,药山兔儿风,,,,,,,no_image
20730,Aiolopus tamulus,花胫绿纹蝗,,,,,,,no_image
84558,Ajania flavida,川藏亚菊,,,,,,,no_image
84578,Ajania sericea,密绒亚菊,,,,,,,no_image
84602,Ajuga forrestii,痢止蒿,,,,,,,no_image
84627,Akebia trifoliata,三叶木通,,,,,,,no_image
84656,Alangium salviifolium,土坛树,,,,,,,no_image
151920,Albatrellus dispansus,黄绿地花,,,,,,,no_image
84660,Albizia attopeuensis,海南合欢,,,,,,,no_image
20745,Alcecoris formosanus,台湾鹿角树盲蝽,,,,,,,no_image
138428,Albotricha acutipila,尖白毛盘菌,,,,,,,no_image
14816,Alcimochthes limbatus,缘弓蟹蛛,,,,,,,no_image
72829,Aldrovandia phalacra,裸头海蜴鱼,,,,,,,no_image
20770,Aleiodes esenbeckii,松毛虫脊茧蜂,,,,,,,no_image
4121,Alectryonella haliotidaea,哈利褶牡蛎,,,,,,,no_image
20790,Aleiodes pallescens,黄脊茧蜂,,,,,,,no_image
11254,Alenatea wangi,王氏肋园蛛,,,,,,,no_image
20846,Aleochara patens,,,,,,,,no_image
20826,Aleochara formosanorum,,,,,,,,no_image
20866,Aleochara trisulcata,,,,,,,,no_image
20874,Aletia bani,黄褐研夜蛾,,,,,,,no_image
20894,Aletia pudorina,苇研夜蛾,,,,,,,no_image
140340,Aleurina applanata,,,,,,,,no_image
84714,Aletris spicata,肺筋草,,,,,,,no_image
84731,Aleuritopteris ebenipes,黑柄粉背蕨,,,,,,,no_image
140360,Aleurina olivacea,橄榄色粉盘菌,,,,,,,no_image
84755,Aleuritopteris yalungensis,雅砻粉背蕨,,,,,,,no_image
152543,Aleurodiscus monilifer,,,,,,,,no_image
20920,Algon emeishanus,,,,,,,,no_image
20911,Alevonota sinensis,,,,,,,,no_image
84764,Alisma lanceolatum,膜果泽泻,,,,,,,no_image
20940,Algon uenoi,,,,,,,,no_image
84773,Allamanda schottii,黄蝉,,,,,,,no_image
84782,Alleizettella leucocarpa,白香楠,,,,,,,no_image
20971,Alliopsis heterochaetoides,拟异毛眼花蝇,,,,,,,no_image
84787,Allium altaicum,阿尔泰葱,,,,,,,no_image
84836,Allium flavidum,新疆韭,,,,,,,no_image
84815,Allium chinense,藠头,,,,,,,no_image
84860,Allium kaschianum,草地韭,,,,,,,no_image
84882,Allium montanostepposum,山地草原韭,,,,,,,no_image
84909,Allium prattii,太白山葱,,,,,,,no_image
84951,Allium thunbergii,球序韭,,,,,,,no_image
84931,Allium senescens,山韭,,,,,,,no_image
20989,Allobaccha amphithoe,黄斑异巴蚜蝇,,,,,,,no_image
15531,Allochthonius jingyuanus,泾源异伪蝎,,,,,,,no_image
21003,Allocricellius tabulaeformii,油松梢小蠹金小蜂,,,,,,,no_image
1701,Alloeopagurodes spiniacicula,尖刺异仔寄居蟹,,,,,,,no_image
21037,Allognosta dorsalis,背斑距水虻,,,,,,,no_image
21057,Allognosta partita,变距水虻,,,,,,,no_image
21076,Allohelea nigripes,暗黑埃蠓,,,,,,,no_image
21085,Allometopon atromaculatum,黑斑同缘腐木蝇,,,,,,,no_image
19378,Allonychiurus indicus,,,,,,,,no_image
21089,Alloperla yangi,杨氏异(虫责),,,,,,,no_image
84987,Allophylus timorensis,海滨异木患,,,,,,,no_image
9301,Allosuctobelba menglunensis,勐仑异盾珠甲螨,,,,,,,no_image
21115,Allotrichoma livens,活跃矮颊水蝇,,,,,,,no_image
21130,Alluaudomyia desma,扭结阿蠓,,,,,,,no_image
21150,Alluaudomyia undecimpunctata,暗臀阿蠓,,,,,,,no_image
85012,Alocasia cucullata,尖尾芋,,,,,,,no_image
21165,Aloconota invisa,,,,,,,,no_image
16423,Alopecosa cinnameopilosa,细纹舞蛛,,,,,,,no_image
21186,Aloconota taiwastricta,,,,,,,,no_image
16467,Alopecosa nagpag,纳帕海舞蛛,,,,,,,no_image
85030,Alopecurus japonicus,日本看麦娘,,,,,,,no_image
1410,Alpheus acutocarinatus,锐脊鼓虾,,,,,,,no_image
1317,Alpheus dispar,异鼓虾,,,,,,,no_image
1391,Alpheus rapacida,贪食鼓虾,,,,,,,no_image
1297,Alpheus lobidens,叶齿鼓虾,,,,,,,no_image
85065,Alpinia graminifolia,狭叶山姜,,,,,,,no_image
85040,Alphonsea squamosa,多苞藤春,,,,,,,no_image
85123,Alsophila costularis,中华桫椤,,,,,,,no_image
85086,Alpinia oui,欧氏山姜,,,,,,,no_image
85110,Alpinia zerumbet,艳山姜,,,,,,,no_image
85137,Alternanthera bettzickiana,锦绣苋,,,,,,,no_image
133846,Alternaria atrans,,,,,,,,no_image
133866,Alternaria carotiincultae,,,,,,,,no_image
133886,Alternaria cosmosa,,,,,,,,no_image
133906,Alternaria euphorbiicola,,,,,,,,no_image
133926,Alternaria liriodendri,,,,,,,,no_image
133946,Alternaria oryzae,,,,,,,,no_image
133986,Alternaria solani,,,,,,,,no_image
133966,Alternaria porri,,,,,,,,no_image
72881,Alticola semicanus,蒙古高山䶄,,,,,,,no_image
134006,Alternaria viticola,,,,,,,,no_image
21213,Alulatettix wudangshanensis,武当山微翊蚱,,,,,,,no_image
142280,Alysidiopsis yunnanensis,,,,,,,,no_image
21226,Amaloxestis cnecosa,黄柔祝蛾,,,,,,,no_image
85184,Amana yunjuensis,云居山老鸦瓣,,,,,,,no_image
142293,Amanita atrofusca,,,,,,,,no_image
142313,Amanita cinctipes,,,,,,,,no_image
142353,Amanita inaurata,圈托柄菇,,,,,,,no_image
142333,Amanita flavofloccosa,,,,,,,,no_image
142373,Amanita mira,,,,,,,,no_image
142393,Amanita pantherina,毒鹅膏,,,,,,,no_image
142413,Amanita siamensis,,,,,,,,no_image
142433,Amanita tenuifolia,,,,,,,,no_image
85199,Amaranthus powellii,直穗苋,,,,,,,no_image
145555,Amanitopsis farinosa,小托柄菇,,,,,,,no_image
151135,Amauroderma avellaneum,,,,,,,,no_image
21249,Amarysius minax,,,,,,,,no_image
151155,Amauroderma intermedium,,,,,,,,no_image
151175,Amauroderma rubeolum,,,,,,,,no_image
72892,Amaurornis phoenicurus,白胸苦恶鸟,,,,,,,no_image
155533,Ambispora leptoticha,,,,,,,,no_image
72918,Amblyeleotris stenotaeniata,眼带钝塘鳢,,,,,,,no_image
85216,Amblyodon minor,小拟寒藓,,,,,,,no_image
21302,Amblypsilopus pusillus,细雅长足虻,,,,,,,no_image
21282,Amblypsilopus falcatus,镰状雅长足虻,,,,,,,no_image
85222,Ambrosia psilostachya,裸穗豚草,,,,,,,no_image
21332,Amegilla fimbriata,灰胸无垫蜂,,,,,,,no_image
85225,Amelanchier sinica,唐棣,,,,,,,no_image
21361,Amidobia smetanai,,,,,,,,no_image
21398,Amiota fissifoliolata,分叶阿果蝇,,,,,,,no_image
21378,Amiota bacillia,棒突阿果蝇,,,,,,,no_image
21458,Amischa beijingensis,,,,,,,,no_image
21438,Amiota setosa,刚毛阿果蝇,,,,,,,no_image
21418,Amiota magniflava,大黄阿果蝇,,,,,,,no_image
21464,Ammothereva brevis,短沙剑虻,,,,,,,no_image
72945,Amolops aniqiaoensis,阿尼桥湍蛙,,,,,,,no_image
72966,Amolops himalayanus,喜山湍蛙,,,,,,,no_image
72987,Amolops shihaitaoi,河口湍蛙,,,,,,,no_image
73007,Amolops yunkaiensis,云开湍蛙,,,,,,,no_image
85267,Amomum muricarpum,疣果豆蔻,,,,,,,no_image
85306,Amorphophallus krausei,西盟魔芋,,,,,,,no_image
6059,Ampelisca birulai,窄叶双眼钩虾,,,,,,,no_image
85287,Amomum villosum,砂仁,,,,,,,no_image
16148,Ampelodesmus similis,,,,,,,,no_image
6040,Ampelisca tansani,坦氏双眼钩虾,,,,,,,no_image
85360,Amphicarpaea edgeworthii,两型豆,,,,,,,no_image
21489,Amphalius clarus,哗倍蚤,,,,,,,no_image
4727,Amphilimna polyacantha,多棘沼蛇尾,,,,,,,no_image
21533,Amphinemura didyma,双突倍叉(虫责),,,,,,,no_image
7879,Amphinema rugosum,皱口双手水母,,,,,,,no_image
21553,Amphinemura hastata,戟状倍叉(虫责),,,,,,,no_image
21573,Amphinemura ningxiana,宁夏倍叉(虫责),,,,,,,no_image
21593,Amphinemura yangi,杨氏倍叉(虫责),,,,,,,no_image
1201,Amphioplus qingdaoensis,青岛倍棘蛇尾,,,,,,,no_image
73026,Amphiprion perideraion,项环双锯鱼,,,,,,,no_image
21619,Amphipsylla polyspina,多棘双蚤,,,,,,,no_image
21651,Amphipyra monolitha,大红裙杂夜蛾,,,,,,,no_image
1215,Amphiura acrystata,围网阳遂足,,,,,,,no_image
3518,Ampithoe kulafi,拉氏藻钩虾,,,,,,,no_image
21669,Amurilla subpurpurea,紫李枯叶蛾,,,,,,,no_image
21684,Amygdalops nigrinotum,黑背小花蝇,,,,,,,no_image
17970,Amynthas conchipapillatus,壳突远盲蚓,,,,,,,no_image
17743,Amynthas aspergillum,参状远盲蚓,,,,,,,no_image
151967,Amylosporus ryvardenii,吕氏粉孢菌,,,,,,,no_image
17978,Amynthas dongjuensis,东莒远盲蚓,,,,,,,no_image
17875,Amynthas funginus,蕈状远盲蚓,,,,,,,no_image
17983,Amynthas huangi,黄氏远盲蚓,,,,,,,no_image
17765,Amynthas mirabilis,希奇远盲蚓,,,,,,,no_image
17903,Amynthas limellulus,小肋远盲蚓,,,,,,,no_image
17912,Amynthas omeimontis,峨眉山远盲蚓,,,,,,,no_image
17932,Amynthas taipeiensis,台北远盲蚓,,,,,,,no_image
17799,Amynthas wuhumontis,五虎山远盲蚓,,,,,,,no_image
17810,Amynthas quadrapulvinatus,方垫远盲蚓,,,,,,,no_image
21691,Anacallocleonymus grarilis,柏蠹长体刺角金小蜂,,,,,,,no_image
73042,Anabarilius longicaudatus,长尾白鱼,,,,,,,no_image
21701,Anaclasiger sinuaticollis,,,,,,,,no_image
21712,Anaesthetis flavipilis,,,,,,,,no_image
21730,Anaglyptus isolatus,,,,,,,,no_image
21750,Anagyrus almoriensis,,,,,,,,no_image
21784,Analetia postica,后案夜蛾,,,,,,,no_image
21770,Anagyrus nesticoccus,巢粉蚧长索跳小蜂,,,,,,,no_image
85401,Anaphalis bicolor,二色香青,,,,,,,no_image
85463,Anaphalis surculosa,萌条香青,,,,,,,no_image
21793,Anaplectoides virens,黄绿组夜蛾,,,,,,,no_image
85433,Anaphalis larium,德钦香青,,,,,,,no_image
135254,Anaptychia isidiza,裂芽雪花衣,,,,,,,no_image
135274,Anaptychia yunnanensis,云南雪衣,,,,,,,no_image
21824,Anastoechus neimongolanus,内蒙雏蜂虻,,,,,,,no_image
73065,Anas acuta,针尾鸭,,,,,,,no_image
85484,Anastrophyllum minutum,小挺叶苔,,,,,,,no_image
15818,Anaulaciulus oligosegmentatus,寡节少纹姬马陆,,,,,,,no_image
21871,Anatkina vespertinula,金翅斑大叶蝉,,,,,,,no_image
21851,Anatkina hopponis,黑脉斑大叶蝉,,,,,,,no_image
21894,Ancema blanka,白衬安灰蝶,,,,,,,no_image
21901,Anchocerus schuelkei,,,,,,,,no_image
21917,Ancistrotermes xiai,夏氏钩白蚁,,,,,,,no_image
21933,Andraca hedra,狭黑腰茶蚕蛾,,,,,,,no_image
85509,Andromeda polifolia,青姬木,,,,,,,no_image
85528,Androsace cuscutiformis,细蔓点地梅,,,,,,,no_image
85549,Androsace henryi,莲叶点地梅,,,,,,,no_image
85570,Androsace ovczinnikovii,天山点地梅,,,,,,,no_image
85593,Androsace wilsoniana,岩居点地梅,,,,,,,no_image
21956,Anechura torquata,环张球螋,,,,,,,no_image
85608,Anemone brevistyla,短柱银莲花,,,,,,,no_image
85684,Anemone smithiana,红萼银莲花,,,,,,,no_image
85648,Anemone laceratoincisa,锐裂银莲花,,,,,,,no_image
21961,Anepipodisma punctata,点珂蝗,,,,,,,no_image
21969,Angaracris rhodopa,红翅皱膝蝗,,,,,,,no_image
85721,Angelica czernaevia,柳叶芹,,,,,,,no_image
85768,Angelica tianmuensis,天目当归,,,,,,,no_image
85744,Angelica maowenensis,茂汶当归,,,,,,,no_image
85798,Angiopteris robusta,强壮观音座莲,,,,,,,no_image
85778,Angiopteris confertinervia,密脉观音座莲,,,,,,,no_image
133342,Anguillospora pseudolongissima,,,,,,,,no_image
21992,Angustuma leucostriata,白边狭顶叶蝉,,,,,,,no_image
22006,Anicetus annulatus,软蚧扁角跳小蜂,,,,,,,no_image
144182,Aniptodera inflatiascigera,,,,,,,,no_image
3690,Anisocorbula scaphoides,舟异篮蛤,,,,,,,no_image
22030,Anisogomphus nitidus,高山异春蜓,,,,,,,no_image
132356,Anisomeridium hydei,海德异形菌,,,,,,,no_image
22063,Annamanum albomaculatum,,,,,,,,no_image
22049,Anisopleura yunnanensis,云南异翅溪蟌,,,,,,,no_image
142457,Annellophora mussaendae,,,,,,,,no_image
144568,Annulohypoxylon bovei,,,,,,,,no_image
22077,Anoamyia rectispina,直刺安水虻,,,,,,,no_image
85875,Anogramma leptophylla,广布薄叶翠蕨,,,,,,,no_image
85856,Anoectochilus burmannicus,滇南开唇兰,,,,,,,no_image
85880,Anomobryum yasudae,挺枝银藓,,,,,,,no_image
148771,Anomoloma rhizosum,黄菌索拟变孔菌,,,,,,,no_image
22096,Anomoia angusta,狭带斜脉实蝇,,,,,,,no_image
22127,Anopheles claviger,带棒按蚊,,,,,,,no_image
22148,Anopheles lesteri,雷氏按蚊,,,,,,,no_image
22168,Anopheles sinensis,中华按蚊,,,,,,,no_image
22191,Anoplodera corvina,乌黑缘花天牛,,,,,,,no_image
22211,Anoplodera taiyal,,,,,,,,no_image
22228,Anoplophora decemmaculata,,,,,,,,no_image
22250,Anoplophora sollii,,,,,,,,no_image
22279,Anotylus chinensis,,,,,,,,no_image
22261,Anotogaster cornutifrons,长角圆臀大蜓,,,,,,,no_image
22299,Anotylus intricatus,,,,,,,,no_image
22321,Anotylus reitteri,,,,,,,,no_image
73108,Anser anser,灰雁,,,,,,,no_image
73125,Antennarius randalli,蓝道氏躄鱼,,,,,,,no_image
22340,Anteon cacumen,山巅单爪螯蜂,,,,,,,no_image
22360,Anteon insertum,嵌单爪螯蜂,,,,,,,no_image
22380,Anteon papillum,乳突单爪螯蜂,,,,,,,no_image
22400,Anteon takenoi,竹野单爪螯蜂,,,,,,,no_image
85902,Anthemis cotula,臭春黄菊,,,,,,,no_image
22425,Anthidium amurense,黑龙江黄斑蜂,,,,,,,no_image
22452,Anthidium zadaensis,扎达黄斑蜂,,,,,,,no_image
85909,Anthoceros punctatus,角苔,,,,,,,no_image
22487,Anthocoris flavipes,黄足原花蝽,,,,,,,no_image
22507,Anthocoris ussuriensis,乌苏里原花蝽,,,,,,,no_image
22522,Anthomyia plumiseta,羽芒花蝇,,,,,,,no_image
22540,Anthophora anoplura,无戎条蜂,,,,,,,no_image
22560,Anthophora flavicornis,黄角条蜂,,,,,,,no_image
22582,Anthophora microrhina,小鼻条蜂,,,,,,,no_image
22602,Anthophora salviae,毛足条蜂,,,,,,,no_image
7973,Anthopleura midori,绿侧花海葵,,,,,,,no_image
144685,Anthostomella francisiae,,,,,,,,no_image
144705,Anthostomella zongluensis,,,,,,,,no_image
154884,Anthracoidea duriusculae,丝状炭黑粉菌,,,,,,,no_image
154904,Anthracoidea pseudofoetidae,无味薹草炭黑粉菌,,,,,,,no_image
134650,Anthracothecium angulatum,,,,,,,,no_image
73134,Anthreptes malacensis,褐喉食蜜鸟,,,,,,,no_image
22632,Antialcidas decorata,饰结角蝉,,,,,,,no_image
85941,Antidesma maclurei,多花五月茶,,,,,,,no_image
22649,Antiochtha protrusa,长突瘿祝蛾,,,,,,,no_image
141979,Antipodium arecae,,,,,,,,no_image
22663,Antocha flavella,黄安大蚊,,,,,,,no_image
22683,Antocha shansiensis,山西安大蚊,,,,,,,no_image
150868,Antrodia parvula,,,,,,,,no_image
85965,Antrophyum obovatum,长柄车前蕨,,,,,,,no_image
22702,Anumeta dentistrigata,锯纹漠夜蛾,,,,,,,no_image
15247,Anyphaena wuyi,武夷近管蛛,,,,,,,no_image
22708,Aoria antennata,黑红腹厚缘肖叶甲,,,,,,,no_image
22726,Apalacris gracilis,苗条胸斑蝗,,,,,,,no_image
22746,Apamea lateritia,荒秀夜蛾,,,,,,,no_image
22766,Apatophysis insolita,,,,,,,,no_image
22795,Apelaunothrips longidens,长齿网管蓟马,,,,,,,no_image
6914,Aphanipathes sarothamnoides,帚状隐黑珊瑚,,,,,,,no_image
22834,Aphelopus luteoceps,黄头常足螯蜂,,,,,,,no_image
1037,Aphelasterias japonica,日本滑海盘车,,,,,,,no_image
22854,Aphendala aperiens,野润刺蛾,,,,,,,no_image
85986,Aphragmus oxycarpus,寒原荠,,,,,,,no_image
22890,Aphrodisium metallicolle,,,,,,,,no_image
22906,Aphycoides fuscipennis,暗色球蚧跳小蜂,,,,,,,no_image
22909,Apiculonia tibetana,西藏端脉实蝇,,,,,,,no_image
86002,Apios calcicola,石山土圞儿,,,,,,,no_image
73185,Apistus carinatus,棱须蓑鲉,,,,,,,no_image
22950,Aplotelia diplographa,顶斑仙夜蛾,,,,,,,no_image
22955,Apodacra argyrocephala,银头柄蜂麻蝇,,,,,,,no_image
9763,Apodiptacus rubi,,,,,,,,no_image
73217,Apogon semiornatus,半饰天竺鲷,,,,,,,no_image
22965,Apolygopsis picturatus,扇斑异丽盲蝽,,,,,,,no_image
23002,Apomecyna longicollis,,,,,,,,no_image
22985,Apolygus nigronasutus,黑唇后丽盲蝽,,,,,,,no_image
23012,Apopestes centralasiae,吉仿爱夜蛾,,,,,,,no_image
23063,Aporia kamei,龟井绢粉蝶,,,,,,,no_image
73230,Aporops bilinearis,双线少孔纹鲷,,,,,,,no_image
23113,Apotomis lineana,柳斜纹小卷蛾,,,,,,,no_image
86043,Appendicula reflexa,台湾牛齿兰,,,,,,,no_image
143811,Appendiculella neolitseae,,,,,,,,no_image
14057,Aprifrontalia afflata,膨大吻额蛛,,,,,,,no_image
73240,Apristurus microps,小眼光尾鲨,,,,,,,no_image
23179,Aprostocetus prolixus,长腹长尾啮小蜂,,,,,,,no_image
148138,Apus fimicola,,,,,,,,no_image
86053,Aquilegia flabellata,扇形耧斗菜,,,,,,,no_image
86100,Arachniodes chinensis,中华复叶耳蕨,,,,,,,no_image
86079,Arabis amplexicaulis,抱茎南芥,,,,,,,no_image
86120,Arachniodes nipponica,日本复叶耳蕨,,,,,,,no_image
14164,Araeoncus longispineus,长刺窄突蛛,,,,,,,no_image
4153,Arachnoides placenta,扁平蛛网海胆,,,,,,,no_image
86149,Aralia decaisneana,台湾毛楤木,,,,,,,no_image
86171,Aralia searelliana,粗毛楤木,,,,,,,no_image
10981,Araneus affinis,近亲园蛛,,,,,,,no_image
11067,Araneus gratiolus,黔美园蛛,,,,,,,no_image
11227,Araneus octodentalis,八齿园蛛,,,,,,,no_image
11001,Araneus chunhuaia,春花园蛛,,,,,,,no_image
10874,Araneus virgus,小枝园蛛,,,,,,,no_image
11144,Araneus quadratus,方园蛛,,,,,,,no_image
11223,Araniella plicata,褶痣蛛,,,,,,,no_image
23229,Arbolygus difficilis,横断树丽盲蝽,,,,,,,no_image
73279,Arborophila rufipectus,四川山鹧鸪,,,,,,,no_image
2588,Arcania septemspinosa,脊七刺栗壳蟹,,,,,,,no_image
23249,Archanara neurica,黑纹锹额夜蛾,,,,,,,no_image
86200,Archidendron balansae,锈毛棋子豆,,,,,,,no_image
23270,Archips fumosus,紫杉黄卷蛾,,,,,,,no_image
86220,Archidium yunnanense,云南无轴藓,,,,,,,no_image
23290,Archips strojny,湘黄卷蛾,,,,,,,no_image
9175,Arcoppia sinensis,中华弓奥甲螨,,,,,,,no_image
73293,Arctictis binturong,熊狸,,,,,,,no_image
86232,Arctopoa eminens,类早熟禾,,,,,,,no_image
16346,Arctosa gougu,沟谷熊蛛,,,,,,,no_image
16364,Arctosa tridentata,三齿熊蛛,,,,,,,no_image
86249,Ardisia baotingensis,保亭紫金牛,,,,,,,no_image
86243,Arcyosperma primulifolium,网子芥,,,,,,,no_image
86269,Ardisia filiformis,狭叶紫金牛,,,,,,,no_image
86291,Ardisia olivacea,榄色紫金牛,,,,,,,no_image
86313,Ardisia solanacea,酸薹菜,,,,,,,no_image
73317,Arenaria interpres,翻石鹬,,,,,,,no_image
8417,Argathona japonica,日本银体水虱,,,,,,,no_image
86351,Argentina gombalana,川边蕨麻,,,,,,,no_image
86380,Argentina taronensis,大果蕨麻,,,,,,,no_image
11107,Argiope lobata,叶金蛛,,,,,,,no_image
23346,Arguda decurtata,双线枯叶蛾,,,,,,,no_image
86396,Argyreia capitiformis,头花银背藤,,,,,,,no_image
86422,Argyreia wallichii,大叶银背藤,,,,,,,no_image
73321,Argyropelecus affinis,长银斧鱼,,,,,,,no_image
23385,Arhopala aida,婀伊娆灰蝶,,,,,,,no_image
23413,Arhopalus foveatus,,,,,,,,no_image
23428,Aridelus confusus,混蝽茧蜂,,,,,,,no_image
73332,Ariomma brevimanum,短鳍无齿鲳,,,,,,,no_image
86436,Arisaema calcareum,金江南星,,,,,,,no_image
86457,Arisaema galeatum,盔檐南星,,,,,,,no_image
86478,Arisaema lobatum,花南星,,,,,,,no_image
86498,Arisaema prazeri,河谷南星,,,,,,,no_image
86534,Aristida depressa,异颖三芒草,,,,,,,no_image
86520,Arisaema victoriae,桂越南星,,,,,,,no_image
86540,Aristolochia chuandianensis,川滇马兜铃,,,,,,,no_image
86560,Aristolochia tubiflora,管花马兜铃,,,,,,,no_image
147698,Armillaria tabescens,假蜜环菌,,,,,,,no_image
23462,Armigeres annulipalpis,环须阿蚊,,,,,,,no_image
147678,Armillaria amianthina,皱皮蜜环菌,,,,,,,no_image
23481,Arnobia guangxiensis,广西绒螽,,,,,,,no_image
148394,Arrhenia lobata,,,,,,,,no_image
73354,Arothron firmamentum,瓣叉鼻鲀,,,,,,,no_image
86588,Artabotrys punctulatus,点叶鹰爪花,,,,,,,no_image
86611,Artemisia austriaca,银蒿,,,,,,,no_image
86668,Artemisia flaccida,垂叶蒿,,,,,,,no_image
86633,Artemisia compacta,聚头绢蒿,,,,,,,no_image
86699,Artemisia igniaria,歧茎蒿,,,,,,,no_image
86726,Artemisia latifolia,宽叶蒿,,,,,,,no_image
86750,Artemisia morrisonensis,细叶山艾,,,,,,,no_image
86803,Artemisia rubripes,红足蒿,,,,,,,no_image
86776,Artemisia oxycephala,光沙蒿,,,,,,,no_image
86832,Artemisia speciosa,西南大头蒿,,,,,,,no_image
86886,Artemisia younghusbandii,藏白蒿,,,,,,,no_image
86860,Artemisia tridactyla,指裂蒿,,,,,,,no_image
131552,Arthonia ilicina,圣栎斑衣,,,,,,,no_image
131567,Arthothelium fecundum,,,,,,,,no_image
139463,Arthrobotrys botryospora,,,,,,,,no_image
139483,Arthrobotrys pyriformis,,,,,,,,no_image
86916,Arthrophytum longibracteatum,长叶节节木,,,,,,,no_image
23518,Artimpaza sausai,,,,,,,,no_image
151945,Artomyces cristatus,冠密瑚菌,,,,,,,no_image
86951,Arundinella khaseana,滇西野古草,,,,,,,no_image
3864,Asaphis violascens,对生塑蛤,,,,,,,no_image
11604,Asagena phalerata,十字阿赛蛛,,,,,,,no_image
86981,Asarum debile,铜钱细辛,,,,,,,no_image
87004,Asarum porphyronotum,紫背细辛,,,,,,,no_image
23556,Ascaphium alienum,,,,,,,,no_image
13512,Asceua kunming,昆明阿斯蛛,,,,,,,no_image
139590,Ascobolus atrofuscus,,,,,,,,no_image
139610,Ascobolus granulatus,,,,,,,,no_image
139630,Ascobolus ochraceus,,,,,,,,no_image
133498,Ascochyta caulicola,,,,,,,,no_image
133478,Ascochyta adenophorae,,,,,,,,no_image
133518,Ascochyta hibisci-cannabini,,,,,,,,no_image
133538,Ascochyta melongenae,,,,,,,,no_image
133558,Ascochyta pruni,,,,,,,,no_image
133578,Ascochyta tritici,,,,,,,,no_image
23574,Ascodipteron longiascus,长囊翅蝠蝇,,,,,,,no_image
73374,Aseraggodes orientalis,东方栉鳞鳎,,,,,,,no_image
139404,Ascophanus ochraceus,赭黄艳盘菌,,,,,,,no_image
144707,Ascotricha chartarum,,,,,,,,no_image
12873,Asianellus kazakhstanicus,哈萨克亚蛛,,,,,,,no_image
23622,Asidoblaps davidiani,大卫亚琵甲,,,,,,,no_image
23591,Asiagomphus acco,黄基亚春蜓,,,,,,,no_image
23642,Asidoblaps kabaki,卡巴亚琵甲,,,,,,,no_image
23662,Asidoblaps smetanai,台湾亚琵甲,,,,,,,no_image
15926,Asiomorpha coarctata,,,,,,,,no_image
87041,Asparagus filicinus,羊齿天门冬,,,,,,,no_image
23689,Asonus qinghaiensis,青海无声蝗,,,,,,,no_image
87061,Asparagus tibeticus,西藏天门冬,,,,,,,no_image
134322,Aspergillus amstelodami,,,,,,,,no_image
134342,Aspergillus cristatellus,,,,,,,,no_image
134382,Aspergillus parasiticus,,,,,,,,no_image
134362,Aspergillus giganteus,,,,,,,,no_image
23702,Asphondylia gennadii,长角豆波瘿蚊,,,,,,,no_image
134402,Aspergillus taklimakanensis,,,,,,,,no_image
137366,Aspicilia exuberans,彩斑平茶渍,,,,,,,no_image
137386,Aspicilia subflavida,微黄平茶渍,,,,,,,no_image
87081,Aspidistra bamaensis,巴马蜘蛛抱蛋,,,,,,,no_image
87143,Aspidistra lobata,浅裂蜘蛛抱蛋,,,,,,,no_image
87101,Aspidistra daibuensis,大武蜘蛛抱蛋,,,,,,,no_image
87123,Aspidistra fungilliformis,伞柱蜘蛛抱蛋,,,,,,,no_image
87163,Aspidistra molendinacea,帆状蜘蛛抱蛋,,,,,,,no_image
87183,Aspidistra pulchella,华丽蜘蛛抱蛋,,,,,,,no_image
87203,Aspidistra subrotata,辐花蜘蛛抱蛋,,,,,,,no_image
87226,Aspidistra zongbayi,粽粑叶,,,,,,,no_image
87231,Aspidopterys floribunda,多花盾翅藤,,,,,,,no_image
87246,Asplenium adiantum-nigrum,黑色铁角蕨,,,,,,,no_image
87287,Asplenium humistratum,肾羽铁角蕨,,,,,,,no_image
87266,Asplenium cyrtosorum,弯果铁角蕨,,,,,,,no_image
87308,Asplenium nesii,西北铁角蕨,,,,,,,no_image
87330,Asplenium ruta-muraria,卵叶铁角蕨,,,,,,,no_image
87356,Asplenium wilfordii,闽浙铁角蕨,,,,,,,no_image
23730,Astegopteryx styracophila,安息香舞蚜,,,,,,,no_image
23773,Astenus terminalis,,,,,,,,no_image
23751,Astenus biplagiatus,,,,,,,,no_image
87399,Aster brachytrichus,短毛紫菀,,,,,,,no_image
87424,Aster gouldii,拉萨狗娃花,,,,,,,no_image
87447,Aster langaoensis,岚皋紫菀,,,,,,,no_image
87489,Aster retusus,凹叶紫菀,,,,,,,no_image
87469,Aster moupinensis,川鄂紫菀,,,,,,,no_image
87513,Aster stracheyi,匍生紫菀,,,,,,,no_image
87557,Asterellopsis grollei,拟花萼苔,,,,,,,no_image
87535,Aster vestitus,密毛紫菀,,,,,,,no_image
143837,Asteridiella cyclopoda,,,,,,,,no_image
143857,Asteridiella longipedicellata,,,,,,,,no_image
143877,Asteridiella subapoda,,,,,,,,no_image
131670,Asterina bruceae,,,,,,,,no_image
131689,Asterina ditissima,,,,,,,,no_image
131709,Asterina horsfieldiae,,,,,,,,no_image
131728,Asterina mahoniae,,,,,,,,no_image
131746,Asterina phoebicola,,,,,,,,no_image
131766,Asterina yamamotoicola,,,,,,,,no_image
23791,Asterolecanium arabidis,双链蚧,,,,,,,no_image
7585,Asterospicularia laurae,月星刺软珊瑚,,,,,,,no_image
23801,Asthena tchratchraria,直纹白尺蛾,,,,,,,no_image
17169,Astiotrema amydae,鳖细孔吸虫,,,,,,,no_image
149424,Astraeus pteridis,巨型硬皮地星,,,,,,,no_image
87596,Astragalus aridovallicola,旱谷黄芪,,,,,,,no_image
87618,Astragalus borodinii,东天山黄芪,,,,,,,no_image
87640,Astragalus chamaephyton,低矮黄芪,,,,,,,no_image
87662,Astragalus consanguineus,亚黄芪,,,,,,,no_image
87693,Astragalus despectus,合托叶黄芪,,,,,,,no_image
87715,Astragalus fangensis,房县黄芪,,,,,,,no_image
87739,Astragalus gontscharovii,半灌黄芪,,,,,,,no_image
87763,Astragalus henryi,秦岭黄芪,,,,,,,no_image
87786,Astragalus kessleri,凯斯列黄芪,,,,,,,no_image
87807,Astragalus lasiosemius,毛果黄芪,,,,,,,no_image
87853,Astragalus matiensis,马蹄黄芪,,,,,,,no_image
87829,Astragalus longiracemosus,长序黄芪,,,,,,,no_image
87880,Astragalus multiceps,二尖齿黄芪,,,,,,,no_image
87900,Astragalus novissimus,小花兔尾黄芪,,,,,,,no_image
87920,Astragalus pavlovii,了墩黄芪,,,,,,,no_image
87945,Astragalus przewalskii,黑紫花黄芪,,,,,,,no_image
87967,Astragalus rhododendrophilus,杜鹃黄芪,,,,,,,no_image
87990,Astragalus sesamoides,胡麻黄芪,,,,,,,no_image
88037,Astragalus testiculatus,卵果黄芪,,,,,,,no_image
88011,Astragalus subansiriensis,西巴霞黄芪,,,,,,,no_image
88062,Astragalus vallestris,线沟黄芪,,,,,,,no_image
7005,Astreopora cucullata,卷叶星孔珊瑚,,,,,,,no_image
88082,Astragalus xitaibaicus,西太白黄芪,,,,,,,no_image
73396,Astronesthes indopacificus,印太星衫鱼,,,,,,,no_image
133353,Astrosphaeriella stellata,,,,,,,,no_image
23832,Asura flavivenosa,黄脉艳苔蛾,,,,,,,no_image
23854,Asuragina yangi,杨氏锥伪鹬虻,,,,,,,no_image
23872,Asyndetus thaicus,泰国隐脉长足虻,,,,,,,no_image
88122,Atalantia kwangtungensis,广东酒饼簕,,,,,,,no_image
15612,Atemnus limuensis,黎母阿伪蝎,,,,,,,no_image
1395,Athanas dimorphus,异形角鼓虾,,,,,,,no_image
148791,Athelia rolfsii,白绢薄膜革菌,,,,,,,no_image
23908,Atherigona fortunata,幸运芒蝇,,,,,,,no_image
23928,Atherigona reversura,毛蹠芒蝇,,,,,,,no_image
23943,Atheta alexandrovi,,,,,,,,no_image
23963,Atheta canescens,,,,,,,,no_image
23983,Atheta daxuefurtiva,,,,,,,,no_image
24024,Atheta hammondi,,,,,,,,no_image
24003,Atheta formosanorum,,,,,,,,no_image
24044,Atheta jiensis,,,,,,,,no_image
24064,Atheta licenti,,,,,,,,no_image
24084,Atheta mimoformosa,,,,,,,,no_image
24104,Atheta nubipennis,,,,,,,,no_image
24124,Atheta philamicula,,,,,,,,no_image
24144,Atheta rufobasalis,,,,,,,,no_image
24184,Atheta songpanensis,,,,,,,,no_image
24164,Atheta shanxiensis,,,,,,,,no_image
24206,Atheta sulcifera,,,,,,,,no_image
24226,Atheta vaga,,,,,,,,no_image
24246,Atheta zhejiangensis,,,,,,,,no_image
24286,Athyma asura,珠履带蛱蝶,,,,,,,no_image
24266,Athetis placida,柔委夜蛾,,,,,,,no_image
88133,Athyrium araiostegioides,鹿角蹄盖蕨,,,,,,,no_image
88153,Athyrium clivicola,坡生蹄盖蕨,,,,,,,no_image
88180,Athyrium elongatum,长叶蹄盖蕨,,,,,,,no_image
88200,Athyrium intermixtum,中间蹄盖蕨,,,,,,,no_image
88227,Athyrium nigripes,黑柄蹄盖蕨,,,,,,,no_image
88251,Athyrium sessilipinnum,柄羽蹄盖蕨,,,,,,,no_image
88276,Athyrium wumonshanicum,乌蒙山蹄盖蕨,,,,,,,no_image
24357,Atkinsoniella curvata,曲斑条大叶蝉,,,,,,,no_image
24337,Atimia maculipuncta,,,,,,,,no_image
24377,Atkinsoniella huangi,黄氏条大叶蝉,,,,,,,no_image
24397,Atkinsoniella nigriscens,黑颜条大叶蝉,,,,,,,no_image
24417,Atkinsoniella trimaculata,三斑条大叶蝉,,,,,,,no_image
24437,Atlanticus kulingensis,牯岭寰螽,,,,,,,no_image
24453,Atopolinus guiheshang,,,,,,,,no_image
24473,Atopolinus schwendingeri,,,,,,,,no_image
24510,Atractomorpha suzhouensis,姑苏负蝗,,,,,,,no_image
24493,Atopophysa condidula,白光窝尺蛾,,,,,,,no_image
24512,Atratothemis reelsi,黑斑蜻,,,,,,,no_image
24532,Atrichopogon celsus,高坡裸蠓,,,,,,,no_image
24572,Atrichopogon montigenum,高原裸蠓,,,,,,,no_image
24552,Atrichopogon hukengicus,湖坑裸蠓,,,,,,,no_image
24592,Atrichopogon rivalis,溪涧裸蠓,,,,,,,no_image
24612,Atrichopogon winnertzi,温勒裸蠓,,,,,,,no_image
88312,Atriplex alaschanica,阿拉善滨藜,,,,,,,no_image
24619,Atrocalopteryx atrocyana,黑蓝暗色蟌,,,,,,,no_image
73424,Atrosalarias holomelas,全黑乌鳚,,,,,,,no_image
24641,Atylostoma javanum,爪哇阿特寄蝇,,,,,,,no_image
11964,Atypus heterothecus,异囊地蛛,,,,,,,no_image
24674,Auchmis curva,曲杰夜蛾,,,,,,,no_image
24659,Atympanum belonocercus,尖尾须缺耳蝗,,,,,,,no_image
88362,Audouinella codii,柯狄旋体藻,,,,,,,no_image
24681,Augilodes apicomacula,端斑犀杯瓢蜡蝉,,,,,,,no_image
24703,Aulexis atripennis,黑鞘齿胸肖叶甲,,,,,,,no_image
88383,Aulacomnium heterostichum,异枝皱蒴藓,,,,,,,no_image
24723,Aulocera padma,大型林眼蝶,,,,,,,no_image
148815,Auricularia auricularis,木耳,,,,,,,no_image
148139,Auriculariopsis ampla,,,,,,,,no_image
15672,Australobius tetrophthalmus,四斑石蜈蚣,,,,,,,no_image
24739,Austroclimaciella weelei,韦氏澳蜂螳蛉,,,,,,,no_image
9317,Austrotritia didyma,,,,,,,,no_image
134929,Autoicomyces japonicus,,,,,,,,no_image
24776,Auzata amaryssa,闪豆斑钩蛾,,,,,,,no_image
88402,Averrhoa bilimbi,三敛,,,,,,,no_image
88412,Axonopus compressus,地毯草,,,,,,,no_image
88410,Avrainvillea riukiuensis,琉球绒扇藻,,,,,,,no_image
73458,Aythya valisineria,帆背潜鸭,,,,,,,no_image
3634,Azorinus coarctata,狭仿缢蛏,,,,,,,no_image
17461,Babelomurex kawamurai,河村塔肩棘螺,,,,,,,no_image
24832,Bacanius mikado,天皇小齿阎甲,,,,,,,no_image
24852,Bacchisa pallens,,,,,,,,no_image
136503,Bacidia palmularis,污杆孢衣,,,,,,,no_image
24860,Bactrocera adusta,盾条果实蝇,,,,,,,no_image
24881,Bactrocera elegantis,优雅果实蝇,,,,,,,no_image
24901,Bactrocera menglana,勐腊果实蝇,,,,,,,no_image
24921,Bactrocera quaterum,四鬃华实蝇,,,,,,,no_image
24941,Bactrocera wuzhishana,五指山果实蝇,,,,,,,no_image
24972,Baeocera mutata,,,,,,,,no_image
135149,Baeomyces brevis,短羊角衣,,,,,,,no_image
24952,Baenothrips ryukyuensis,琉球贝管蓟马,,,,,,,no_image
24999,Baeoura perductilis,突茎燥大蚊,,,,,,,no_image
73465,Bajacalifornia burragei,伯氏巴杰平头鱼,,,,,,,no_image
88444,Balanophora fungosa,蛇菰,,,,,,,no_image
7097,Balanophyllia gemma,微芽锥形珊瑚,,,,,,,no_image
25036,Bamboosiella nayari,娜竹管蓟马,,,,,,,no_image
25017,Balcemena chinensis,中华长翅茧蜂,,,,,,,no_image
73484,Balitoropsis vulgaris,原爬鳅,,,,,,,no_image
88482,Bambusa chungii,粉单竹,,,,,,,no_image
88509,Bambusa guangxiensis,桂单竹,,,,,,,no_image
88564,Bambusa teres,马甲竹,,,,,,,no_image
25045,Bambusaspis largus,大竹斑链蚧,,,,,,,no_image
88541,Bambusa papillatoides,细单竹,,,,,,,no_image
25062,Bambusiphaga lacticolorata,乳黄竹飞虱,,,,,,,no_image
2289,Bankia campanullata,钟形节鎧船蛆,,,,,,,no_image
25082,Bannatettix menghaiensis,勐海版纳蚱,,,,,,,no_image
73501,Bangana discognathoides,盆唇孟加拉鲮,,,,,,,no_image
88590,Barbarea hongii,洪氏山芥,,,,,,,no_image
2262,Barbatia uwaensis,鸟羽须蚶,,,,,,,no_image
73524,Barbonymus gonionotus,爪哇高体鲃,,,,,,,no_image
88624,Barbula subcomosa,东亚石灰藓,,,,,,,no_image
140380,Barlaea crechqueraultii,,,,,,,,no_image
1181,Barnea australasiae,全海笋,,,,,,,no_image
88643,Bartramia leptodonta,单齿珠藓,,,,,,,no_image
156104,Basidiobolus haptosporus,固孢蛙粪霉,,,,,,,no_image
25121,Basilepta declivis,峭脊角胸肖叶甲,,,,,,,no_image
25141,Basilepta leechi,隆基角胸肖叶甲,,,,,,,no_image
25161,Basilepta regularis,刻行角胸肖叶甲,,,,,,,no_image
14670,Bassaniodes dolpoensis,多尔波类巴蛛,,,,,,,no_image
88650,Basilicum polystachyon,小冠薰,,,,,,,no_image
25200,Bassus albifasciatus,白带闭腔茧蜂,,,,,,,no_image
25220,Bassus lini,林氏闭腔茧蜂,,,,,,,no_image
25239,Bathanthidium circinatum,圆斑伟黄斑蜂,,,,,,,no_image
73551,Bathycongrus guttulatus,小斑深海康吉鳗,,,,,,,no_image
1442,Bathylaimus capacosus,,,,,,,,no_image
73582,Bathytroctes microlepis,小鳞渊眼鱼,,,,,,,no_image
14297,Bathyphantes paracymbialis,副舟指蛛,,,,,,,no_image
25253,Batocera rufomaculata,,,,,,,,no_image
25282,Batriscenellus auritus,,,,,,,,no_image
25262,Batraxis gloriosa,,,,,,,,no_image
25302,Batrisodes babaianus,,,,,,,,no_image
145118,Battarrea stevenii,毛柄顶灰包,,,,,,,no_image
25324,Bayadera continentalis,大陆尾溪蟌,,,,,,,no_image
88691,Bazzania denudata,裸茎鞭苔,,,,,,,no_image
88711,Bazzania tridens,三裂鞭苔,,,,,,,no_image
73597,Beaufortia huangguoshuensis,黄果树爬岩鳅,,,,,,,no_image
141762,Beauveria felina,,,,,,,,no_image
17969,Begemius heshanensis,鹤山毕格蚓,,,,,,,no_image
88755,Begonia austroguangxiensis,桂南秋海棠,,,,,,,no_image
88775,Begonia chitoensis,溪头秋海棠,,,,,,,no_image
88795,Begonia demissa,钩翅秋海棠,,,,,,,no_image
88815,Begonia fenshuilingensis,分水岭秋海棠,,,,,,,no_image
88844,Begonia guaniana,管氏秋海棠,,,,,,,no_image
88869,Begonia jingxiensis,靖西秋海棠,,,,,,,no_image
88909,Begonia menglianensis,孟连秋海棠,,,,,,,no_image
88889,Begonia longicarpa,长果秋海棠,,,,,,,no_image
88959,Begonia pseudoheydei,假海德秋海棠,,,,,,,no_image
88937,Begonia parvibracteata,小苞秋海棠,,,,,,,no_image
88979,Begonia rotundilimba,圆叶秋海棠,,,,,,,no_image
89000,Begonia sinopicturata,一口血秋海棠,,,,,,,no_image
89020,Begonia umbraculifolia,龙虎山秋海棠,,,,,,,no_image
89040,Begonia zhuoyuniae,倬云秋海棠,,,,,,,no_image
89059,Beilschmiedia kweichowensis,贵州琼楠,,,,,,,no_image
89081,Beilschmiedia sichourensis,西畴琼楠,,,,,,,no_image
15045,Belisana douqing,陡箐贝尔蛛,,,,,,,no_image
1514,Belbolla zhangi,张氏多球线虫,,,,,,,no_image
15076,Belisana menglun,勐仑贝尔蛛,,,,,,,no_image
25362,Bellardia rugiforceps,皱叶陪丽蝇,,,,,,,no_image
15177,Belisana yuexiu,越秀贝尔蛛,,,,,,,no_image
25380,Bellenden botellarius,,,,,,,,no_image
73613,Belonepterygion fasciolatum,横带针翅鮗,,,,,,,no_image
89097,Belosynapsis ciliata,假紫万年青,,,,,,,no_image
6275,Bemlos regius,大王舟钩虾,,,,,,,no_image
89098,Benincasa hispida,冬瓜,,,,,,,no_image
2237,Bentharca xenophoricola,异底蚶,,,,,,,no_image
89114,Berberis amabilis,可爱小檗,,,,,,,no_image
89136,Berberis bracteata,长苞小檗,,,,,,,no_image
89158,Berberis daochengensis,稻城小檗,,,,,,,no_image
89208,Berberis henryana,川鄂小檗,,,,,,,no_image
89180,Berberis fallax,假小檗,,,,,,,no_image
89229,Berberis jiangxiensis,江西小檗,,,,,,,no_image
89251,Berberis lepidifolia,鳞叶小檗,,,,,,,no_image
89271,Berberis muliensis,木里小檗,,,,,,,no_image
89317,Berberis riparia,河岸小檗,,,,,,,no_image
89293,Berberis pingshanensis,屏山小檗,,,,,,,no_image
89338,Berberis tengii,世纬小檗,,,,,,,no_image
89380,Berberis yui,德浚小檗,,,,,,,no_image
89358,Berberis vinifera,可食小檗,,,,,,,no_image
89406,Berchemia lineata,铁包金,,,,,,,no_image
25445,Beris zhouae,周氏柱角水虻,,,,,,,no_image
25425,Beris alamaculata,斑翅柱角水虻,,,,,,,no_image
25451,Berotha taiwanica,台湾鳞蛉,,,,,,,no_image
25469,Bertula sinuosa,波拟胸须夜蛾,,,,,,,no_image
25503,Besaia prisoni,都偶舟蛾,,,,,,,no_image
25481,Besaia castor,狸偶舟蛾,,,,,,,no_image
1413,Betaeus granulimanus,粒螯乙鼓虾,,,,,,,no_image
89445,Betula alnoides,西桦,,,,,,,no_image
89475,Betula insignis,香桦,,,,,,,no_image
89504,Betula zyzyphifolia,枣叶桦,,,,,,,no_image
25560,Bezzia dinhaiensis,定海贝蠓,,,,,,,no_image
25580,Bezzia nigriclava,黑棍贝蠓,,,,,,,no_image
25600,Bhagadatta austenia,耙蛱蝶,,,,,,,no_image
89505,Bhesa robusta,膝柄木,,,,,,,no_image
12871,Bianor balius,斑纹菱头蛛,,,,,,,no_image
25644,Bibio aduncatus,钩毛蚊,,,,,,,no_image
25684,Bibio marci,迈氏毛蚊,,,,,,,no_image
25664,Bibio flavissimus,黄喙毛蚊,,,,,,,no_image
25705,Bibio variicolor,杂色毛蚊,,,,,,,no_image
1654,Biflustra irregulata,无规别藻苔虫,,,,,,,no_image
89522,Bidens tripartita,狼耙草,,,,,,,no_image
89543,Biondia yunnanensis,短叶秦岭藤,,,,,,,no_image
4797,Bigelowina phalangium,排列方额虾蛄,,,,,,,no_image
89529,Billbergia nutans,垂花水塔花,,,,,,,no_image
89547,Biophytum umbraculum,无柄感应草,,,,,,,no_image
134028,Bipolaris microlaenae,,,,,,,,no_image
25742,Bireta argentea,银纹角瓣舟蛾,,,,,,,no_image
144549,Biscogniauxia philippinensis,,,,,,,,no_image
25766,Bireta sinensis,中国角瓣舟蛾,,,,,,,no_image
15576,Bisetocreagris yangae,杨氏双毛肉伪蝎,,,,,,,no_image
89570,Bistorta officinalis,拳参,,,,,,,no_image
138230,Bisporella discedens,,,,,,,,no_image
25798,Biwatendipes tsukubaensis,具毛琵琶摇蚊,,,,,,,no_image
25807,Blaesoxipha laticornis,侧角折麻蝇,,,,,,,no_image
25824,Blaps acutangula,尖角琵甲,,,,,,,no_image
25846,Blaps dorsogranata,瘤背琵甲,,,,,,,no_image
25870,Blaps kolbei,库氏琵甲,,,,,,,no_image
25891,Blaps rimskii,瑞斯琵甲,,,,,,,no_image
25913,Blaps yini,印氏琵甲，新组合,,,,,,,no_image
155253,Blastocladia pringsheimi,,,,,,,,no_image
89592,Blastus borneensis,南亚柏拉木,,,,,,,no_image
25934,Bledius chinkiangensis,,,,,,,,no_image
25954,Bledius opacus,,,,,,,,no_image
25987,Blepharhymenus dabensis,,,,,,,,no_image
73648,Blenniella periophthalmus,围眼真动齿鳚,,,,,,,no_image
26007,Blepharipa chaetoparafacialis,毛鬓饰腹寄蝇,,,,,,,no_image
26026,Blepharita lama,黑褐毛眼夜蛾,,,,,,,no_image
89613,Bletilla sinensis,华白及,,,,,,,no_image
26041,Blepharosis retracta,褐睫冬夜蛾,,,,,,,no_image
89626,Blumea calcicola,岩生艾纳香,,,,,,,no_image
89646,Blumea riparia,假东风草,,,,,,,no_image
89664,Blyxa octandra,八药水筛,,,,,,,no_image
73665,Bodianus mesothorax,中胸普提鱼,,,,,,,no_image
89682,Boehmeria japonica,野线麻,,,,,,,no_image
89712,Boeica fulva,短筒苣苔,,,,,,,no_image
89730,Boesenbergia rotunda,凹唇姜,,,,,,,no_image
73676,Boiga quincunciata,斜点林蛇,,,,,,,no_image
89752,Bolbitis scandens,附着实蕨,,,,,,,no_image
89760,Bolboschoenus planiculmis,扁秆荆三棱,,,,,,,no_image
148932,Boletellus yunnanensis,云南条孢牛肝菌,,,,,,,no_image
149555,Boletinus cavipoides,类小牛肝菌,,,,,,,no_image
148912,Boletellus longicollis,长领粘盖条孢牛肝菌,,,,,,,no_image
148937,Boletus aereus,铜色牛肝菌,,,,,,,no_image
148957,Boletus caespitosus,密簇牛肝菌,,,,,,,no_image
148977,Boletus edulis,,,,,,,,no_image
148997,Boletus gigas,大牛肝菌,,,,,,,no_image
149017,Boletus longicollis,长领牛肝菌,,,,,,,no_image
149037,Boletus ornatipes,粗网柄牛肝菌,,,,,,,no_image
149077,Boletus roxanae,罗克姗牛肝菌,,,,,,,no_image
149057,Boletus pulverulentus,细点柄牛肝菌,,,,,,,no_image
149097,Boletus spectabilis,美味牛肝菌,,,,,,,no_image
73683,Bolinichthys supralateralis,侧上虹灯鱼,,,,,,,no_image
149117,Boletus tomentulosus,细绒牛肝菌,,,,,,,no_image
26102,Bolitogyrus kitawakii,,,,,,,,no_image
26122,Bolivaritettix humeralis,肩波蚱,,,,,,,no_image
73684,Bombina fortinuptialis,强婚刺铃蟾,,,,,,,no_image
26163,Bomolocha bipartita,分色卜夜蛾,,,,,,,no_image
26143,Bombylius cinerarius,沙枣蜂虻,,,,,,,no_image
89779,Boniodendron minus,黄梨木,,,,,,,no_image
14772,Borboropactus bituberculatus,双瘤泥蟹蛛,,,,,,,no_image
149880,Boreostereum radiatum,放射状北方韧革菌,,,,,,,no_image
73693,Bos gaurus,印度野牛,,,,,,,no_image
26203,Botanophila angustisilva,瘦林植种蝇,,,,,,,no_image
26223,Botanophila coloriforcipis,彩叶植种蝇,,,,,,,no_image
26243,Botanophila flavibellula,黄丽植种蝇,,,,,,,no_image
26283,Botanophila nigrigenisa,黑膝植种蝇,,,,,,,no_image
26263,Botanophila latispinisternata,宽棘腹植种蝇,,,,,,,no_image
26303,Botanophila quinlani,端栉植种蝇,,,,,,,no_image
26323,Botanophila strictistriolata,瘦刷毛植种蝇,,,,,,,no_image
26343,Botanophila unicrucianella,单枝植种蝇,,,,,,,no_image
89811,Bothriospermum zeylanicum,柔弱斑种草,,,,,,,no_image
26369,Bothrogonia lata,宽凹大叶蝉,,,,,,,no_image
26389,Bothrogonia yunana,云凹大叶蝉,,,,,,,no_image
73707,Botia longiventralis,长腹沙鳅,,,,,,,no_image
149651,Botryobasidium laeve,,,,,,,,no_image
26394,Botryonopa bicolor,两色棕潜甲,,,,,,,no_image
138907,Botrytis allii-fistulosi,,,,,,,,no_image
138927,Botrytis tulipae,,,,,,,,no_image
7430,Bougainvillia paraplatygaster,拟扁胃鲍螅水母,,,,,,,no_image
73727,Boulenophrys congjiangensis,从江角蟾,,,,,,,no_image
73747,Boulenophrys jinggangensis,井冈山角蟾,,,,,,,no_image
73767,Boulenophrys pepe,连山角蟾,,,,,,,no_image
145120,Bovista bovistoides,,,,,,,,no_image
73787,Boulenophrys yangmingensis,阳明山角蟾,,,,,,,no_image
26401,Boyeria sinensis,华细腰蜓,,,,,,,no_image
89843,Brachiaria subquadripara,四生臂形草,,,,,,,no_image
18602,Brachionus bennini,肛突臂尾轮虫,,,,,,,no_image
18558,Brachionus variabilis,变异臂尾轮虫,,,,,,,no_image
142506,Brachydesmiella caudata,,,,,,,,no_image
17302,Brachylaima mesostoma,中口短咽吸虫,,,,,,,no_image
89875,Brachypodium sylvaticum,短柄草,,,,,,,no_image
26438,Brachymera rugosa,皱短毛寄蝇,,,,,,,no_image
73808,Brachypteryx leucophris,白喉短翅鸫,,,,,,,no_image
73817,Brachysomophis porphyreus,紫身短体蛇鳗,,,,,,,no_image
26505,Brachyta sachalinensis,,,,,,,,no_image
26468,Brachypogon oreinus,山地短蠓,,,,,,,no_image
89888,Brachythecium collinum,山地青藓,,,,,,,no_image
89928,Brachythecium velutinum,绒叶青藓,,,,,,,no_image
89908,Brachythecium perscabrum,疣柄青藓,,,,,,,no_image
17585,Bradybaena diplodesma,双束巴蜗牛,,,,,,,no_image
26526,Bradysia basilatissima,宽基迟眼蕈蚊,,,,,,,no_image
26546,Bradysia ctenoura,栉尾迟眼蕈蚊,,,,,,,no_image
26566,Bradysia hexacantha,六刺迟眼蕈蚊,,,,,,,no_image
26586,Bradysia luhi,陆氏迟眼蕈蚊,,,,,,,no_image
26606,Bradysia phalerata,珠角迟眼蕈蚊,,,,,,,no_image
26626,Bradysia tomentosa,短毛迟眼蕈蚊,,,,,,,no_image
89939,Brandisia discolor,异色来江藤,,,,,,,no_image
26646,Bradysia yungata,斜颈迟眼蕈蚊,,,,,,,no_image
89956,Brassaiopsis fatsioides,盘叶掌叶树,,,,,,,no_image
90006,Braya rosea,红花肉叶荠,,,,,,,no_image
89976,Brassica juncea,芥菜,,,,,,,no_image
90027,Bredia jiuwanshanensis,九万山野海棠,,,,,,,no_image
73850,Bregmaceros mcclellandi,麦氏犀鳕,,,,,,,no_image
26670,Brevicornu loratum,舌形短菌蚊,,,,,,,no_image
90061,Bridelia parvifolia,圆叶土蜜树,,,,,,,no_image
26674,Brevipecten captata,短栉夜蛾,,,,,,,no_image
3716,Brissopsis luzonica,吕宋沐海壶,,,,,,,no_image
90068,Briza media,凌风草,,,,,,,no_image
13576,Brommella yizhouensis,宜州布朗蛛,,,,,,,no_image
90089,Bromus japonicus,雀麦,,,,,,,no_image
73857,Brotulotaenia nielseni,尼氏花须鼬鳚,,,,,,,no_image
90109,Bromus rigidus,硬雀麦,,,,,,,no_image
26707,Brontaea lasiopa,毛颊裸圆蝇,,,,,,,no_image
90158,Brunfelsia macrophylla,大叶鸳鸯茉莉,,,,,,,no_image
26732,Bryaxis holciki,,,,,,,,no_image
26752,Bryaxis tychobythinoides,,,,,,,,no_image
26764,Bryocoris hsiaoi,萧氏蕨盲蝽,,,,,,,no_image
9536,Bryobia nitrariae,,,,,,,,no_image
26783,Bryodema luctuosum,,,,,,,,no_image
135835,Bryoria fastigiata,,,,,,,,no_image
90183,Bryophyllum pinnatum,落地生根,,,,,,,no_image
26827,Bryothinusa sawadai,,,,,,,,no_image
90177,Bryoerythrophyllum wallichii,东亚红叶藓,,,,,,,no_image
90212,Bryum cellulare,柔叶真藓,,,,,,,no_image
73873,Bubo scandiacus,雪鸮,,,,,,,no_image
90234,Bryum pallens,灰黄真藓,,,,,,,no_image
17072,Bucephalopsis scombropis,鲭似牛首吸虫,,,,,,,no_image
90278,Buddleja brachystachya,短序醉鱼草,,,,,,,no_image
90300,Buddleja subcarpitata,圆头花序醉鱼草,,,,,,,no_image
135178,Buellia ocellata,单眼黑瘤衣,,,,,,,no_image
90260,Buchnera cruciata,黑草,,,,,,,no_image
73883,Buergeria otai,太田溪树蛙,,,,,,,no_image
8620,Bufonaria margaritula,丽珠赤蛙螺,,,,,,,no_image
26830,Bugulaverpa hainanensis,海南突颊剑虻,,,,,,,no_image
90321,Bulbophyllum catenarium,链状石豆兰,,,,,,,no_image
90341,Bulbophyllum emarginatum,匍茎卷瓣兰,,,,,,,no_image
90382,Bulbophyllum maanshanense,副萼石豆兰,,,,,,,no_image
90361,Bulbophyllum hirundinis,莲花卷瓣兰,,,,,,,no_image
90402,Bulbophyllum pentaneurum,五脉石豆兰,,,,,,,no_image
90422,Bulbophyllum salweenense,怒江卷瓣兰,,,,,,,no_image
90442,Bulbophyllum tigridum,虎斑卷瓣兰,,,,,,,no_image
5289,Bulla adamsii,四带枣螺,,,,,,,no_image
90461,Bulbostylis barbata,球柱草,,,,,,,no_image
154652,Bullera nakasei,,,,,,,,no_image
136594,Bunodophoron formosanum,台湾垛衣,,,,,,,no_image
26846,Bundera heichiana,黑翅斜脊叶蝉,,,,,,,no_image
90492,Bupleurum giraldii,秦岭柴胡,,,,,,,no_image
90522,Bupleurum qinghaiense,青海柴胡,,,,,,,no_image
26861,Burksiella oviclavata,卵圆类广赤眼蜂,,,,,,,no_image
8608,Bursa rosa,玫瑰蛙螺,,,,,,,no_image
90542,Burmannia decurrens,下延水玉簪,,,,,,,no_image
90556,Buxbaumia minakatae,筒蒴烟杆藓,,,,,,,no_image
90592,Buxus stenophylla,狭叶黄杨,,,,,,,no_image
6034,Byblis spinicaudatus,尾刺沙钩虾,,,,,,,no_image
6044,Byblis calisto,宽板沙钩虾,,,,,,,no_image
133769,Byssosphaeria hainanensis,,,,,,,,no_image
90593,Cabomba caroliniana,水盾草,,,,,,,no_image
142521,Cacumisporium uniseptatum,无,,,,,,,no_image
26935,Caenohomalopoda guamensis,,,,,,,,no_image
26947,Caissa gambita,中线凯刺蛾,,,,,,,no_image
10047,Calacarus diospyris,,,,,,,,no_image
90621,Calamus albidus,狭叶省藤,,,,,,,no_image
90661,Calanthe bingtaoi,大序虾脊兰,,,,,,,no_image
90641,Calamus simplicifolius,单叶省藤,,,,,,,no_image
90682,Calanthe longgangensis,弄岗虾脊兰,,,,,,,no_image
90704,Calanthe trifida,裂距虾脊兰,,,,,,,no_image
3786,Calappa hepatica,肝叶馒头蟹,,,,,,,no_image
6132,Calaxius manningi,曼宁丽阿蛄虾,,,,,,,no_image
5207,Calcinus vachoni,瓦氏硬壳寄居蟹,,,,,,,no_image
10094,Calepitrimerus fopingi,,,,,,,,no_image
26969,Calicnemia chaoi,赵氏丽扇蟌,,,,,,,no_image
10330,Calepitrimerus similisvas,,,,,,,,no_image
73971,Calidris himantopus,高跷鹬,,,,,,,no_image
26994,Calinaga lhatso,黑绢蛱蝶,,,,,,,no_image
27015,Callambulyx rubricosa,绿带闭目天蛾,,,,,,,no_image
90741,Callerya songgangensis,松岗鸡血藤,,,,,,,no_image
90748,Calliandra umbrosa,云南朱缨花,,,,,,,no_image
90768,Callicarpa cathayana,华紫珠,,,,,,,no_image
90799,Callicarpa longipes,长柄紫珠,,,,,,,no_image
90823,Callicarpa tingwuensis,鼎湖紫珠,,,,,,,no_image
27046,Callidium violaceum,,,,,,,,no_image
90842,Calligonum chinense,甘肃沙拐枣,,,,,,,no_image
73993,Callionymus doryssus,丝背[鱼衔],,,,,,,no_image
27057,Calligypona reyi,吉卜飞虱,,,,,,,no_image
74013,Calliope obscura,黑喉歌鸲,,,,,,,no_image
27076,Calliphora nigribarbis,宽丽蝇,,,,,,,no_image
27096,Callisina quadripustulata,四疱丽角肖叶甲,,,,,,,no_image
27123,Callispa fulvescens,膨丽甲,,,,,,,no_image
90864,Callistemon salignus,柳叶红千层,,,,,,,no_image
27152,Calliteara leucomene,雪丽毒蛾,,,,,,,no_image
90874,Callitriche japonica,日本水马齿,,,,,,,no_image
74023,Callogobius hasseltii,长鳍美鰕虎,,,,,,,no_image
2499,Callopora lineata,线肋丽苔虫,,,,,,,no_image
27185,Callopistria albolineola,白线散纹夜蛾,,,,,,,no_image
27219,Callopsylla waterstoni,方缘盖蚤,,,,,,,no_image
74038,Callosciurus quinquestriatus,纹腹松鼠,,,,,,,no_image
6137,Calocarides werribee,韦氏秀阿蛄虾,,,,,,,no_image
146994,Calocybe naucoria,丽杯菌,,,,,,,no_image
141986,Calonectria cerciana,,,,,,,,no_image
142006,Calonectria pteridis,,,,,,,,no_image
137600,Caloplaca aurantia,盾形橙衣,,,,,,,no_image
137620,Caloplaca erythrocarpia,,,,,,,,no_image
137640,Caloplaca regalis,王橙衣,,,,,,,no_image
149405,Calostoma japonicum,日本丽口包,,,,,,,no_image
132337,Calothyrium fagarae,,,,,,,,no_image
90915,Caltha sinogracilis,细茎驴蹄草,,,,,,,no_image
145153,Calvatia saccata,袋形马勃,,,,,,,no_image
138438,Calycellina minuta,小黄杯菌,,,,,,,no_image
138457,Calycina vulgaris,,,,,,,,no_image
90934,Calymperes tahitense,海岛花叶藓,,,,,,,no_image
90953,Calyptothecium auriculatum,芽胞耳平藓,,,,,,,no_image
90969,Calystegia pubescens,柔毛打碗花,,,,,,,no_image
141231,Camarops polysperma,,,,,,,,no_image
90991,Camellia chinmeii,锦美山茶,,,,,,,no_image
91020,Camellia forrestii,蒙自连蕊茶,,,,,,,no_image
91047,Camellia indochinensis,中越金花茶,,,,,,,no_image
91081,Camellia mingii,富宁金花茶,,,,,,,no_image
91110,Camellia reticulata,滇山茶,,,,,,,no_image
9050,Camisia borealis,北洼甲螨,,,,,,,no_image
91180,Campanula punctata,紫斑风铃草,,,,,,,no_image
91138,Camellia tsaii,云南连蕊茶,,,,,,,no_image
91157,Campanula aristata,钻裂风铃草,,,,,,,no_image
91195,Camphora migao,米槁,,,,,,,no_image
27285,Campiglossa defasciata,黑龙江斑翅实蝇,,,,,,,no_image
27325,Campiglossa trochlina,轮斑翅实蝇,,,,,,,no_image
27305,Campiglossa medora,梅斑翅实蝇,,,,,,,no_image
27338,Camptochaeta subcamptochaeta,拟屈眼蕈蚊,,,,,,,no_image
91212,Camptotheca acuminata,喜树,,,,,,,no_image
91242,Campylopus gracilis,纤枝曲柄藓,,,,,,,no_image
27358,Campylocheta abdominalis,腹噪寄蝇,,,,,,,no_image
91260,Campylostelium saxicola,小缩叶藓,,,,,,,no_image
91284,Campylotropis latifolia,阔叶笐子梢,,,,,,,no_image
142532,Canalisporium elegans,,,,,,,,no_image
91332,Canavalia rosea,海刀豆,,,,,,,no_image
131626,Candelaria concolor,同色黄烛衣,,,,,,,no_image
142546,Candida dubliniensis,,,,,,,,no_image
74057,Canis aureus,亚洲胡狼,,,,,,,no_image
142566,Candida saitoana,,,,,,,,no_image
91344,Canscora andrographioides,罗星草,,,,,,,no_image
149691,Cantharellus aureus,金黄喇叭菌,,,,,,,no_image
146370,Cantharocybe gruberi,格氏蝇头菌,,,,,,,no_image
149711,Cantharellus luteocomus,,,,,,,,no_image
91349,Canthium hainanense,琼梅,,,,,,,no_image
91353,Capillipedium assimile,硬秆子草,,,,,,,no_image
132102,Capnodium elongatum,,,,,,,,no_image
91367,Capparis formosana,台湾山柑,,,,,,,no_image
4812,Caprella simia,猴麦杆虫,,,,,,,no_image
91387,Capparis sunbisiniana,倒卵叶山柑,,,,,,,no_image
27413,Capsodes gothicus,粗领盲蝽,,,,,,,no_image
27422,Carabunia longimarginalis,长缘镰齿跳小蜂,,,,,,,no_image
91411,Caragana bongardiana,边塞锦鸡儿,,,,,,,no_image
91439,Caragana jubata,鬼箭锦鸡儿,,,,,,,no_image
91468,Caragana oreophila,滇西锦鸡儿,,,,,,,no_image
91494,Caragana tangutica,青甘锦鸡儿,,,,,,,no_image
27434,Caraphia paulastoni,,,,,,,,no_image
74106,Carangoides ferdau,平线若鲹,,,,,,,no_image
27450,Carausius yingjiangensis,盈江竹异䗛,,,,,,,no_image
27464,Carcelia clava,棒角狭颊寄蝇,,,,,,,no_image
27484,Carcelia pseudocaudata,拟尾狭颊寄蝇,,,,,,,no_image
27504,Carcelina nigrapex,巨似颊寄蝇,,,,,,,no_image
74146,Carcharias taurus,锥齿鲨,,,,,,,no_image
91507,Cardamine anhuiensis,安徽碎米荠,,,,,,,no_image
91527,Cardamine hunanensis,湖南碎米荠,,,,,,,no_image
91548,Cardamine parviflora,小花碎米荠,,,,,,,no_image
91568,Cardamine yunnanensis,云南碎米荠,,,,,,,no_image
15589,Cardiolpium curcici,柯氏卡伪蝎,,,,,,,no_image
91582,Carduus nutans,飞廉,,,,,,,no_image
91590,Carex alopecuroides,禾状薹草,,,,,,,no_image
91615,Carex ascotreta,宜昌薹草,,,,,,,no_image
91640,Carex bijiangensis,碧江薹草,,,,,,,no_image
91662,Carex caespitosa,丛薹草,,,,,,,no_image
91690,Carex chlorocephalula,绿头薹草,,,,,,,no_image
91716,Carex cruciata,十字薹草,,,,,,,no_image
91738,Carex densicaespitosa,密丛薹草,,,,,,,no_image
91789,Carex filipes,线柄薹草,,,,,,,no_image
91767,Carex duvaliana,三阳薹草,,,,,,,no_image
91819,Carex gmelinii,长芒薹草,,,,,,,no_image
91840,Carex hemineuros,藏南薹草,,,,,,,no_image
91885,Carex kangdingensis,镰叶嵩草,,,,,,,no_image
91862,Carex huolushanensis,火炉山薹草,,,,,,,no_image
91905,Carex lancangensis,澜沧薹草,,,,,,,no_image
91930,Carex limprichtiana,小果囊薹草,,,,,,,no_image
91957,Carex macrosandra,大雄薹草,,,,,,,no_image
91982,Carex meyeriana,乌拉草,,,,,,,no_image
92005,Carex myosuroides,嵩草,,,,,,,no_image
92030,Carex obliquitruncata,斜口薹草,,,,,,,no_image
92053,Carex pachyneura,肋脉薹草,,,,,,,no_image
92077,Carex phyllocephala,密苞叶薹草,,,,,,,no_image
92102,Carex przewalskii,红棕薹草,,,,,,,no_image
92124,Carex purpureosquamata,紫鳞薹草,,,,,,,no_image
92144,Carex remotistachya,远穗薹草,,,,,,,no_image
92201,Carex shandanica,山丹薹草,,,,,,,no_image
92223,Carex stipitiutriculata,柄囊薹草,,,,,,,no_image
92170,Carex satakeana,藏北薹草,,,,,,,no_image
92243,Carex tarunensis,长麟薹草,,,,,,,no_image
92266,Carex tristachya,三穗薹草,,,,,,,no_image
92292,Carex vesicaria,胀囊薹草,,,,,,,no_image
92313,Carex yangshuoensis,阳朔薹草,,,,,,,no_image
1898,Caridina apodosis,归还米虾,,,,,,,no_image
1990,Caridina liui,刘氏米虾,,,,,,,no_image
1893,Caridina disjuncta,离齿米虾,,,,,,,no_image
1946,Caridina pingioides,拟秉氏米虾,,,,,,,no_image
1964,Caridina weberi,韦氏米虾,,,,,,,no_image
27549,Carilia lucidivirens,,,,,,,,no_image
92330,Carissa macrocarpa,大花假虎刺,,,,,,,no_image
27570,Carinata branchera,枝茎脊额叶蝉,,,,,,,no_image
27590,Carinata recurvata,弯突脊额叶蝉,,,,,,,no_image
92337,Caroxylon dzhungaricum,准噶尔珍珠柴,,,,,,,no_image
27625,Carpelimus gracilis,,,,,,,,no_image
27647,Carpelimus rivularis,,,,,,,,no_image
92356,Carpesium scapiforme,莛茎天名精,,,,,,,no_image
92374,Carpinus glandulosopunctata,密腺鹅耳枥,,,,,,,no_image
92398,Carpinus rankanensis,兰邯千金榆,,,,,,,no_image
74168,Carpodacus lepidus,中华长尾雀,,,,,,,no_image
27662,Carpomya vesuviana,枣实蝇,,,,,,,no_image
27671,Carsula yunnana,云南卡蝗,,,,,,,no_image
27701,Caryanda hunana,湖南卵翅蝗,,,,,,,no_image
92433,Carya kweichowensis,贵州山核桃,,,,,,,no_image
17699,Carychium gerstfeldti,葛氏果瓣螺,,,,,,,no_image
8094,Caryophyllia spinicarens,棘丁香珊瑚,,,,,,,no_image
92467,Casearia membranacea,膜叶脚骨脆,,,,,,,no_image
27728,Cassida fuscorufa,蒿龟甲,,,,,,,no_image
27752,Cassida subreticulata,徐坡小爪龟甲,,,,,,,no_image
92517,Castanopsis fabri,罗浮锥,,,,,,,no_image
92484,Cassiope pectinata,篦叶岩须,,,,,,,no_image
92493,Castanopsis argyrophylla,银叶锥,,,,,,,no_image
92537,Castanopsis ledongensis,乐东锥,,,,,,,no_image
92557,Castanopsis tessellata,棕毛锥,,,,,,,no_image
92568,Casuarina cunninghamiana,细枝木麻黄,,,,,,,no_image
92576,Catalpa fargesii,灰楸,,,,,,,no_image
134720,Catapyrenium cinereorufescens,淡棕鳞核衣,,,,,,,no_image
27803,Catarhoe yokohamae,横滨溢尺蛾,,,,,,,no_image
27823,Catocala lara,椴裳夜蛾,,,,,,,no_image
135500,Catillaria picila,木腊肠衣,,,,,,,no_image
17581,Cathaica pulveratrix,粉华蜗牛,,,,,,,no_image
137543,Catolechia wahlenbergii,袖珍瘤衣,,,,,,,no_image
155818,Caudomyces japonicus,,,,,,,,no_image
848,Caulibugula ciliata,纤毛茎苔虫,,,,,,,no_image
2489,Cauloramphus spinifera,多刺长钩苔虫,,,,,,,no_image
92646,Cautleya spicata,红苞距药姜,,,,,,,no_image
27897,Celaenorrhinus ratna,小星弄蝶,,,,,,,no_image
10423,Cecidophyopsis championus,,,,,,,,no_image
16031,Cawjeekelia propria,,,,,,,,no_image
92671,Celastrus monospermoides,拟独子藤,,,,,,,no_image
27920,Celerio nicaea,散纹白眉天蛾,,,,,,,no_image
27940,Celyphus forcipus,叉甲蝇,,,,,,,no_image
92699,Celtis philippensis,菲律宾朴树,,,,,,,no_image
27960,Celyphus xizanganus,西藏甲蝇,,,,,,,no_image
138254,Cenangium phaeosporum,,,,,,,,no_image
92714,Centaurea benedicta,藏掖花,,,,,,,no_image
27981,Centistes ludius,璐宽鞘茧蜂,,,,,,,no_image
28001,Centorisoma pentagonium,多边隆盾秆蝇,,,,,,,no_image
28005,Centrochares floripennis,花翅雅角蝉,,,,,,,no_image
74239,Centrophorus uyato,同齿刺鲨,,,,,,,no_image
74260,Centroscymnus coelolepis,腔鳞荆鲨,,,,,,,no_image
28027,Centrotoscelus tenuinervus,细脉秃角蝉,,,,,,,no_image
28047,Cephalaeschna patrorum,长者头蜓,,,,,,,no_image
92760,Cephalantheropsis obcordata,黄兰,,,,,,,no_image
28070,Cephalispa prominentia,突溜秽蝇,,,,,,,no_image
18227,Cephalodella eva,发趾巨头轮虫,,,,,,,no_image
18298,Cephalodella obvia,隐藏巨头轮虫,,,,,,,no_image
28085,Cephalops hirtifemurus,毛腿光头蝇,,,,,,,no_image
74262,Cephalopholis argus,斑点九棘鲈,,,,,,,no_image
92767,Cephalostachyum latifolium,空竹,,,,,,,no_image
2970,Cephalothrix orientalis,东方细首纽虫,,,,,,,no_image
92800,Cephaloziella elachista,狭叶拟大萼苔,,,,,,,no_image
28108,Cephennodes brachylinguis,,,,,,,,no_image
28128,Cephennodes hamatus,,,,,,,,no_image
28148,Cephennodes nigricollis,,,,,,,,no_image
28168,Cephennodes spinosus,,,,,,,,no_image
28188,Cephennomicrus japonigenus,,,,,,,,no_image
148774,Ceraceomyces borealis,,,,,,,,no_image
2126,Ceradocus serratus,锯齿角钩虾,,,,,,,no_image
28229,Cerapteroceroides ericeri,白蜡虫纹翅跳小蜂,,,,,,,no_image
92831,Cerastium falcatum,镰刀叶卷耳,,,,,,,no_image
92857,Cerastium wilsonii,鄂西卷耳,,,,,,,no_image
28261,Ceratina flavopicta,黄绣芦蜂,,,,,,,no_image
6702,Ceratomyxa qingdaoensis,青岛角形虫,,,,,,,no_image
92863,Ceratodon stenoearpus,疣蒴角齿藓,,,,,,,no_image
149668,Ceratobasidium ochroleucum,,,,,,,,no_image
3961,Ceratonereis singularis,单齿角沙蚕,,,,,,,no_image
28305,Ceratophyllus olsufjevi,短突角叶蚤,,,,,,,no_image
18738,Ceratophysella succinea,,,,,,,,no_image
74285,Ceratoscopelus townsendi,汤氏角灯鱼,,,,,,,no_image
92884,Ceratostylis himalaica,叉枝牛角兰,,,,,,,no_image
28332,Ceratovacuna separata,离胞粉角蚜,,,,,,,no_image
92893,Cercis chingii,黄山紫荆,,,,,,,no_image
132420,Cercospora begoniae,,,,,,,,no_image
132400,Cercospora arachidicola,,,,,,,,no_image
132380,Cercospora alismatis,,,,,,,,no_image
132440,Cercospora cannabis,,,,,,,,no_image
132460,Cercospora cimicifugae,,,,,,,,no_image
132480,Cercospora demetrioniana,,,,,,,,no_image
132500,Cercospora euphorbiae,,,,,,,,no_image
132520,Cercospora habenariicola,,,,,,,,no_image
132560,Cercospora maianthemi,,,,,,,,no_image
132580,Cercospora momordicae,,,,,,,,no_image
132540,Cercospora junci-marginati,,,,,,,,no_image
132600,Cercospora papavericola,,,,,,,,no_image
132620,Cercospora polygoni,,,,,,,,no_image
132640,Cercospora rottboelligina,,,,,,,,no_image
132660,Cercospora sojina,,,,,,,,no_image
132680,Cercospora typhonii,,,,,,,,no_image
132700,Cercospora zonata,,,,,,,,no_image
28352,Cereopsius aureomaculatus,,,,,,,,no_image
28373,Ceresium sinicum,,,,,,,,no_image
28397,Ceriana hungkingi,红突突角蚜蝇,,,,,,,no_image
150977,Ceriporia reticulata,网状蜡卧孔菌,,,,,,,no_image
6286,Cerithidea ornata,彩拟蟹守螺,,,,,,,no_image
3302,Cerithium scobiniforme,锉形蟹守螺,,,,,,,no_image
28411,Cerodontha cornigera,苔禾角潜蝇,,,,,,,no_image
28431,Ceromya bicolor,双色毛脉寄蝇,,,,,,,no_image
92913,Ceropegia monticola,白马吊灯花,,,,,,,no_image
28445,Ceropsilopa cupreiventris,铜腹长角水蝇,,,,,,,no_image
150839,Cerrena unicolor,单色下皮黑孔菌,,,,,,,no_image
92926,Cestichis cespitosa,扁莛兰,,,,,,,no_image
28488,Cethosia cyane,白带锯蛱蝶,,,,,,,no_image
135878,Cetraria formosana,,,,,,,,no_image
135913,Cetrelia sinensis,中华斑叶,,,,,,,no_image
135898,Cetrariastrum mexicanum,,,,,,,,no_image
28508,Ceylonoxenia setipleura,侧鬃锡蚤蝇,,,,,,,no_image
131645,Chaenotheca furfuracea,麸屑口果粉衣,,,,,,,no_image
134591,Chaenothecopsis nana,,,,,,,,no_image
28528,Chaetexorista javana,爪哇刺蛾寄蝇,,,,,,,no_image
92937,Chaerophyllum prescottii,新疆细叶芹,,,,,,,no_image
28542,Chaetococcus zonata,带扁粉蚧,,,,,,,no_image
74365,Chaetodon unimaculatus,单斑蝴蝶鱼,,,,,,,no_image
74345,Chaetodon lunulatus,弓月蝴蝶鱼,,,,,,,no_image
28553,Chaetogonopteron chaeturum,毛尾短跗长足虻,,,,,,,no_image
144402,Chaetomidium fimeti,,,,,,,,no_image
144418,Chaetomium luteum,,,,,,,,no_image
28573,Chaetogonopteron minutum,小短跗长足虻,,,,,,,no_image
92946,Chaetomorpha basiretrorsa,反曲硬毛藻,,,,,,,no_image
28599,Chaetopsilomerus hainanensis,,,,,,,,no_image
141245,Chaetosphaeria pulchriseta,,,,,,,,no_image
28614,Chaetopsylla zhengi,郑氏鬃蚤,,,,,,,no_image
74376,Chaeturichthys stigmatias,矛尾鰕虎,,,,,,,no_image
28656,Chalcolema costata,脊鞘樟肖叶甲,,,,,,,no_image
28637,Chalarus angustifrons,窄额隐脉头蝇,,,,,,,no_image
92957,Chamaecrista absus,四叶山扁豆,,,,,,,no_image
28669,Chalcosyrphus annulatus,环腿桐木蚜蝇,,,,,,,no_image
28687,Chalepa rosiora,蔷薇舟蛾,,,,,,,no_image
92981,Chamaelirium jiuwanshanense,九万山白丝草,,,,,,,no_image
92994,Chamaesium novemjugum,粗棱矮泽芹,,,,,,,no_image
28703,Chamaepsila maculadorsa,斑背顶茎蝇,,,,,,,no_image
93007,Champia japonica,日本环节藻,,,,,,,no_image
136820,Chapsa leprocarpa,,,,,,,,no_image
74384,Channa argus,乌鳢,,,,,,,no_image
28734,Charagochilus yulongensis,玉龙纹唇盲蝽,,,,,,,no_image
28758,Chartographa fabiolaria,云南松洄纹尺蛾,,,,,,,no_image
39,Charybdis japonica,日本蟳,,,,,,,no_image
28772,Chasminodes albonitens,白夜蛾,,,,,,,no_image
93017,Cheilanthes belangeri,疏羽碎米蕨,,,,,,,no_image
74433,Cheilinus oxycephalus,尖头唇鱼,,,,,,,no_image
74453,Cheilopogon spilonotopterus,点背须唇飞鱼,,,,,,,no_image
93036,Cheilolejeunea chenii,陈氏唇鳞苔,,,,,,,no_image
93056,Cheilolejeunea verrucosa,疣胞唇鳞苔,,,,,,,no_image
28813,Cheilosia charae,黄盾毛黑蚜蝇,,,,,,,no_image
28833,Cheilosia intonsaformis,黑跗黑蚜蝇,,,,,,,no_image
28853,Cheilosia nigripes,黑足黑蚜蝇,,,,,,,no_image
28873,Cheilosia quinta,黄足黑蚜蝇,,,,,,,no_image
28893,Cheilosia velutina,鹅绒黑蚜蝇,,,,,,,no_image
12624,Cheiracanthium antungense,安屯红螯蛛,,,,,,,no_image
28911,Cheilotrichia praelata,岷山唇大蚊,,,,,,,no_image
12604,Cheiracanthium insigne,不凡红螯蛛,,,,,,,no_image
12608,Cheiracanthium unicum,单独红螯蛛,,,,,,,no_image
93062,Cheiropleuria bicuspis,燕尾蕨,,,,,,,no_image
6671,Chelarctus cultrifer,刀指螯蝉虾,,,,,,,no_image
93070,Cheirostylis cochinchinensis,雉尾叉柱兰,,,,,,,no_image
3550,Chelidonura tsurugensis,黄斑燕尾海牛,,,,,,,no_image
28944,Chelifera sinensis,中华裸螳舞虻,,,,,,,no_image
28964,Chelipoda ulrichi,乌氏鬃螳舞虻,,,,,,,no_image
93095,Chelonopsis bracteata,具苞铃子香,,,,,,,no_image
28977,Chelostoma proximum,近裂爪蜂,,,,,,,no_image
93124,Cheniella longipes,长序首冠藤,,,,,,,no_image
93146,Chenopodium giganteum,杖藜,,,,,,,no_image
28994,Chersotis difficilis,骜甲卡夜蛾,,,,,,,no_image
29005,Chetogena tuomurensis,托峰鬃堤寄蝇,,,,,,,no_image
29016,Chibiraga banghaasi,迷刺蛾,,,,,,,no_image
17394,Chicoreus ramosus,棘螺,,,,,,,no_image
29042,Chilkasa perhamata,祁夜蛾,,,,,,,no_image
93180,Chiloschista yunnanensis,异型兰,,,,,,,no_image
93215,Chimonanthus salicifolius,柳叶蜡梅,,,,,,,no_image
93201,Chiloscyphus profundus,异叶裂萼苔,,,,,,,no_image
93259,Chimonobambusa wumengensis,乌蒙山方竹,,,,,,,no_image
93237,Chimonobambusa montigena,荆竹,,,,,,,no_image
13074,Chinattus taiwanensis,台湾华蛛,,,,,,,no_image
29065,Chinecousya procera,,,,,,,,no_image
93276,Chionanthus brachythyrsus,白枝李榄,,,,,,,no_image
29108,Chironomus pseudothummi,伪图姆摇蚊,,,,,,,no_image
152737,Chionosphaera phylaciicola,,,,,,,,no_image
29088,Chironomus acerbiphilus,猛摇蚊,,,,,,,no_image
29127,Chirosia nodula,节阳蕨蝇,,,,,,,no_image
134977,Chitonomyces melanurus,,,,,,,,no_image
8735,Chiton floccata,眼镜石鳖,,,,,,,no_image
93307,Chloranthus oldhamii,台湾金粟兰,,,,,,,no_image
74500,Chlamydoselachus anguineus,皱鳃鲨,,,,,,,no_image
29162,Chloridolum hainanicum,,,,,,,,no_image
93319,Chloris pilosa,毛虎尾草,,,,,,,no_image
29184,Chloridolum splendidulum,,,,,,,,no_image
29213,Chloroclystis papillosa,突鳞沦尺蛾,,,,,,,no_image
29243,Chlorogomphus piaoacensis,朴氏裂唇蜓,,,,,,,no_image
207,Chlorodiella laevissima,光滑绿蟹,,,,,,,no_image
29263,Chlorophorus arciferus,,,,,,,,no_image
29284,Chlorophorus hainanicus,,,,,,,,no_image
29305,Chlorophorus mushanus,,,,,,,,no_image
29325,Chlorophorus tixieri,,,,,,,,no_image
29347,Chlorops flavipalpus,黄须秆蝇,,,,,,,no_image
29367,Chlorops punctatus,基黄秆蝇,,,,,,,no_image
145165,Chlorophyllum neomastoideum,,,,,,,,no_image
155888,Choanephora infundibulifera,漏斗笄霉,,,,,,,no_image
29383,Chloropulvinaria floccifera,绿绵蜡蚧,,,,,,,no_image
4531,Chlorostoma nigerrima,黑凹螺,,,,,,,no_image
74551,Choerodon anchorago,鞍斑猪齿鱼,,,,,,,no_image
29406,Chonala episcopalis,带眼蝶,,,,,,,no_image
93349,Chondrilla leiosperma,北疆粉苞菊,,,,,,,no_image
93370,Chorispora bungeana,高山离子芥,,,,,,,no_image
93368,Chonemorpha splendens,海南鹿角藤,,,,,,,no_image
29462,Chorthippus flavabdomenis,黄腹雏蝗,,,,,,,no_image
29440,Chorthippus anomopterus,异翅雏蝗,,,,,,,no_image
11088,Chorizopes khanjanes,干贾壮头蛛,,,,,,,no_image
29482,Chorthippus longisonus,长声雏蝗,,,,,,,no_image
29502,Chorthippus shantungensis,山东雏蝗,,,,,,,no_image
74568,Chrionema furunoi,少鳞低线鱼,,,,,,,no_image
1453,Chromadora heterostomata,异口色矛线虫,,,,,,,no_image
74579,Chromis atripes,腋斑光鳃鱼,,,,,,,no_image
149432,Chroogomphus roseolus,淡粉色钉菇,,,,,,,no_image
74599,Chromis weberi,韦氏光鳃鱼,,,,,,,no_image
29540,Chrysacris sinucarinata,曲线金色蝗,,,,,,,no_image
93414,Chrysanthemum mongolicum,蒙菊,,,,,,,no_image
74608,Chrysiptera rex,橙黄金翅雀鲷,,,,,,,no_image
93427,Chrysocladium retrorsum,垂藓,,,,,,,no_image
29596,Chrysolina chalcea,光毛金叶甲,,,,,,,no_image
29571,Chrysolampra splendens,亮肖叶甲,,,,,,,no_image
29619,Chrysolina gensanensis,黑足金叶甲,,,,,,,no_image
29639,Chrysolina libaii,李白氏金叶甲,,,,,,,no_image
29659,Chrysolina ohoi,欧氏金叶甲,,,,,,,no_image
29716,Chrysomya villeneuvi,粗足金蝇,,,,,,,no_image
29700,Chrysomela populi,杨叶甲,,,,,,,no_image
29680,Chrysolina sulcicollis,凹胸金叶甲,,,,,,,no_image
29736,Chrysopa fratercula,峨眉草蛉,,,,,,,no_image
153080,Chrysomyxa woroninii,伏鲁宁金锈菌,,,,,,,no_image
4984,Chrysopetalum ehlersi,易氏金扇虫,,,,,,,no_image
29756,Chrysopa zangda,藏大草蛉,,,,,,,no_image
29791,Chrysopilus basiflavus,基黄金鹬虻,,,,,,,no_image
29811,Chrysopilus nigrimarginatus,黑端金鹬虻,,,,,,,no_image
93440,Chrysopogon orientalis,金须茅,,,,,,,no_image
29846,Chrysops liaoningensis,辽宁斑虻,,,,,,,no_image
29866,Chrysorabdia acutivitta,尖带金苔蛾,,,,,,,no_image
29886,Chrysosoma globiferum,普通金长足虻,,,,,,,no_image
29906,Chrysosoma trigonocercus,三角叶金长足虻,,,,,,,no_image
93449,Chrysosplenium delavayi,肾萼金腰,,,,,,,no_image
93480,Chrysosplenium nepalense,山溪金腰,,,,,,,no_image
29931,Chrysotimus guangxiensis,广西黄鬃长足虻,,,,,,,no_image
29951,Chrysotoxum baphrus,棕腹长角蚜蝇,,,,,,,no_image
134642,Chrysosporium sulfureum,,,,,,,,no_image
29991,Chrysotoxum tiantaiensis,天台长角蚜蝇,,,,,,,no_image
29971,Chrysotoxum ladakense,宽斑长角蚜蝇,,,,,,,no_image
30011,Chrysotus emeiensis,峨眉小异长足虻,,,,,,,no_image
30031,Chrysotus luoyangensis,洛阳小异长足虻,,,,,,,no_image
30051,Chrysotus xiaolongmensis,小龙门小异长足虻,,,,,,,no_image
11594,Chrysso bifurca,双叉丽蛛,,,,,,,no_image
30084,Chudania ganana,甘肃消室叶蝉,,,,,,,no_image
11615,Chrysso vitra,玻璃丽蛛,,,,,,,no_image
30117,Chyliza sauteri,丽绒茎蝇,,,,,,,no_image
30097,Churinga beema,异色丘苔蛾,,,,,,,no_image
30137,Chytonix albiquadrata,白点流夜蛾,,,,,,,no_image
138938,Ciboria guizhouensis,贵州杯盘菌,,,,,,,no_image
93509,Cicer microphyllum,小叶鹰嘴豆,,,,,,,no_image
11998,Cicurina eburnata,象牙洞叶蛛,,,,,,,no_image
30171,Ciinocentrus zebripes,斑足横纹茧蜂,,,,,,,no_image
30152,Cidariplura duplicifascia,黄带胸须夜蛾,,,,,,,no_image
5219,Ciliopagurus alcocki,埃氏纤毛寄居蟹,,,,,,,no_image
30187,Cimicicapsus squamus,羽环盲蝽,,,,,,,no_image
93532,Cinnamomum austrosinense,华南桂,,,,,,,no_image
93552,Cinnamomum osmophloeum,土肉桂,,,,,,,no_image
154923,Cintractia axicola,飘拂草核黑粉菌,,,,,,,no_image
154943,Cintractia scleriae,刺子莞核黑粉菌,,,,,,,no_image
348,Circe scripta,美女蛤,,,,,,,no_image
93588,Circulifolium microdendron,片藓,,,,,,,no_image
74660,Cirrhigaleus barbifer,长须卷盔鲨,,,,,,,no_image
74677,Cirrhoscyllium formosanum,台湾橙黄鲨,,,,,,,no_image
93591,Cirriphyllum piliferum,毛尖藓,,,,,,,no_image
93605,Cirsium bracteiferum,刺盖草,,,,,,,no_image
93645,Cirsium taiwanense,台湾蓟,,,,,,,no_image
93625,Cirsium lipskyi,披裂蓟,,,,,,,no_image
93658,Cissampelopsis glandulosa,腺毛藤菊,,,,,,,no_image
93681,Cistanche deserticola,肉苁蓉,,,,,,,no_image
93699,Citrus limon,柠檬,,,,,,,no_image
74700,Citharoides macrolepidotus,菲律宾拟棘鲆,,,,,,,no_image
135505,Cladia aggregata,聚筛蕊,,,,,,,no_image
135515,Cladina tenuis,,,,,,,,no_image
135540,Cladonia corniculata,钝角石蕊,,,,,,,no_image
135520,Cladonia bacillaris,,,,,,,,no_image
135560,Cladonia fruticulosa,果石蕊,,,,,,,no_image
135580,Cladonia macrophylla,大叶石蕊,,,,,,,no_image
135620,Cladonia strepsilis,大叶石蕊,,,,,,,no_image
135600,Cladonia phyllopoda,叶足石蕊,,,,,,,no_image
30245,Cladopelma edwardsi,平铗枝角摇蚊,,,,,,,no_image
93727,Cladophora opaca,暗色刚毛藻,,,,,,,no_image
132151,Cladosporium brunneolum,,,,,,,,no_image
93746,Cladopus yangjiangensis,阳江川苔草,,,,,,,no_image
132171,Cladosporium dominicanum,,,,,,,,no_image
132191,Cladosporium iridis,,,,,,,,no_image
132231,Cladosporium smilacis,,,,,,,,no_image
132211,Cladosporium oryzae,,,,,,,,no_image
132251,Cladosporium vignae,,,,,,,,no_image
13857,Cladothela ningmingensis,宁明枝疣蛛,,,,,,,no_image
30266,Clanidopsis exusta,赭横线天蛾,,,,,,,no_image
30275,Claraeola gigas,巨型枝脉头蝇,,,,,,,no_image
93769,Clastobryopsis planula,拟疣胞藓,,,,,,,no_image
93776,Clausena dunniana,齿叶黄皮,,,,,,,no_image
7045,Clausophyes ovata,卵形双体水母,,,,,,,no_image
145643,Clavaria corniculata,黄珊瑚菌,,,,,,,no_image
145663,Clavaria lorithamnus,花孢珊瑚菌,,,,,,,no_image
145683,Clavaria tenella,细拟锁瑚菌,,,,,,,no_image
144198,Clavatospora longibrachiata,,,,,,,,no_image
145704,Clavulinopsis laeticolor,,,,,,,,no_image
4195,Clavus lucidus,清晰棒螺,,,,,,,no_image
149734,Clavulina cinerea,灰锁瑚菌,,,,,,,no_image
93804,Cleisostoma medogense,西藏隔距兰,,,,,,,no_image
93826,Cleistanthus tomentosus,锈毛闭花木,,,,,,,no_image
93846,Clematis acuminata,,,,,,,,no_image
93876,Clematis chengguensis,城固铁线莲,,,,,,,no_image
93907,Clematis fasciculiflora,滑叶藤,,,,,,,no_image
93942,Clematis hastata,戟状铁线莲,,,,,,,no_image
93997,Clematis montana,绣球藤,,,,,,,no_image
93971,Clematis lancifolia,披针铁线莲,,,,,,,no_image
94043,Clematis pogonandra,须蕊铁线莲,,,,,,,no_image
94077,Clematis smilacifolia,菝葜叶铁线莲,,,,,,,no_image
94139,Cleome rutidosperma,皱子鸟足菜,,,,,,,no_image
94119,Clematis vaniotii,云贵铁线莲,,,,,,,no_image
30315,Cleoporus badius,皱头李肖叶甲,,,,,,,no_image
30334,Clepsis zeuglodon,连结双斜卷蛾,,,,,,,no_image
94183,Clerodendrum villosum,绢毛大青,,,,,,,no_image
94157,Clerodendrum garrettianum,泰国垂茉莉,,,,,,,no_image
94207,Cleyera longicarpa,长果红淡比,,,,,,,no_image
5228,Clibanarius padavensis,脉足细螯寄居螯,,,,,,,no_image
94240,Clintonia udensis,七筋姑,,,,,,,no_image
94233,Clinopodium nepalense,尼泊尔姜风轮,,,,,,,no_image
2150,Clinocardium californiense,加州扁鸟蛤,,,,,,,no_image
30386,Clitellaria nigra,黑色鞍腹水虻,,,,,,,no_image
142631,Clitocybe dealbata,白霜杯伞,,,,,,,no_image
142611,Clitocybe angustissima,,,,,,,,no_image
142651,Clitocybe gibba,深凹杯伞,,,,,,,no_image
142671,Clitocybe macrospora,大孢杯伞,,,,,,,no_image
142711,Clitocybe tabescens,假蜜环菌,,,,,,,no_image
142691,Clitocybe regularis,规则杯伞,,,,,,,no_image
146068,Clitopilus azalearum,,,,,,,,no_image
133720,Clohesyomyces aquaticus,,,,,,,,no_image
956,Cloridopsis immaculata,无斑拟绿虾蛄,,,,,,,no_image
13937,Clubiona dakong,大孔管巢蛛,,,,,,,no_image
30418,Clostera transecta,横扇舟蛾,,,,,,,no_image
13996,Clubiona bicuspidata,双尖管巢蛛,,,,,,,no_image
13957,Clubiona neglecta,褐管巢蛛,,,,,,,no_image
13999,Clubiona kuanshanensis,关山管巢蛛,,,,,,,no_image
13923,Clubiona rostrata,喙管巢蛛,,,,,,,no_image
13873,Clubiona haupti,霍普管巢蛛,,,,,,,no_image
13876,Clubiona tongdaoensis,通道管巢蛛,,,,,,,no_image
30426,Clunio aquilonius,北方海滨摇蚊,,,,,,,no_image
30432,Clytie luteonigra,黄黑望夜蛾,,,,,,,no_image
30431,Clytellus methocoides,,,,,,,,no_image
30468,Cnethodonta grisescens,灰舟蛾,,,,,,,no_image
30452,Clytus orientalis,,,,,,,,no_image
74728,Cobitis rara,稀有花鳅,,,,,,,no_image
30486,Cnipsomorpha serratitibia,,,,,,,,no_image
94261,Coccoloba uvifera,海葡萄,,,,,,,no_image
139154,Coccomyces lutescens,,,,,,,,no_image
30497,Coccura convexa,蒿粒粉蚧,,,,,,,no_image
94264,Cochlearia officinalis,岩荠,,,,,,,no_image
30527,Cochylis roseana,红翅纹卷蛾,,,,,,,no_image
94281,Codium dichotomum,二歧松藻,,,,,,,no_image
94302,Codonopsis atriplicifolia,滨藜叶党参,,,,,,,no_image
94352,Codriophorus carinatus,短无尖藓,,,,,,,no_image
94326,Codonopsis inflata,藏南金钱豹,,,,,,,no_image
30547,Codrus tianmushanensis,天目山肿额细蜂,,,,,,,no_image
19090,Coecobrya oligoseta,,,,,,,,no_image
30561,Coeliccia poungyi,蓝脊长腹扇蟌,,,,,,,no_image
30581,Coelioxys caudata,臀尖腹蜂,,,,,,,no_image
30601,Coelioxys quartodecimdentata,十四齿尖腹蜂,,,,,,,no_image
30621,Coelodiplosis magnipennis,巨翅双体瘿蚊,,,,,,,no_image
155260,Coelomomyces psorophorae,,,,,,,,no_image
94374,Coelogyne occultata,卵叶贝母兰,,,,,,,no_image
12361,Coelotes cristiformis,冠状隙蛛,,,,,,,no_image
12358,Coelotes multannulatus,多环隙蛛,,,,,,,no_image
74749,Coelorinchus carinifer,龙首腔吻鳕,,,,,,,no_image
74769,Coelorinchus parallelus,平棘腔吻鳕,,,,,,,no_image
12091,Coelotes uncatus,钩状隙蛛,,,,,,,no_image
30641,Coenagrion lunulatum,月斑蟌,,,,,,,no_image
136777,Coenogonium siquirrense,,,,,,,,no_image
30658,Coenonica leptusatheca,,,,,,,,no_image
30684,Coenonympha pamphilus,潘非珍眼蝶,,,,,,,no_image
30727,Coenosia deciseta,十鬃秽蝇,,,,,,,no_image
30707,Coenosia brachyosurstyl,短突秽蝇,,,,,,,no_image
30767,Coenosia mandschurica,帽儿山秽蝇,,,,,,,no_image
30747,Coenosia grata,乐秽蝇,,,,,,,no_image
30828,Coenotephria homophana,褐波珂尺蛾,,,,,,,no_image
30808,Coenosia subflavicornis,似黄角秽蝇,,,,,,,no_image
30787,Coenosia penicullicauda,刷尾秽蝇,,,,,,,no_image
74779,Coilia mystus,凤鲚,,,,,,,no_image
30856,Colaspoides martini,齿股沟臀肖叶甲,,,,,,,no_image
30878,Colasposoma vicinale,似毛端甘薯肖叶甲,,,,,,,no_image
153081,Coleosporium aconiti,乌头鞘锈菌,,,,,,,no_image
153101,Coleosporium eucommiae,,,,,,,,no_image
153121,Coleosporium myriactidis,,,,,,,,no_image
153141,Coleosporium salviae,鼠尾草鞘锈菌,,,,,,,no_image
153161,Coleosporium zhuangii,,,,,,,,no_image
30906,Colias eogene,曙红豆粉蝶,,,,,,,no_image
30955,Colias thisoa,砂豆粉蝶,,,,,,,no_image
137085,Collema fasciculare,束孢胶衣,,,,,,,no_image
137105,Collema pulchellum,,,,,,,,no_image
141569,Colletotrichum boninense,,,,,,,,no_image
141589,Colletotrichum glycines,,,,,,,,no_image
141609,Colletotrichum liriopes,,,,,,,,no_image
141629,Colletotrichum pisi,,,,,,,,no_image
74781,Collichthys niveatus,黑鳃梅童鱼,,,,,,,no_image
18121,Collotheca tenuilobata,长指胶鞘轮虫,,,,,,,no_image
148427,Collybia humillima,,,,,,,,no_image
148447,Collybia platyphylla,宽褶金钱菌,,,,,,,no_image
30976,Colobochyla salicalis,残夜蛾,,,,,,,no_image
30981,Colocasiomyia alocasiae,芋果蝇,,,,,,,no_image
94443,Cololejeunea ceylanica,锡兰疣鳞苔,,,,,,,no_image
94463,Cololejeunea inflectens,双齿隐鳞苔,,,,,,,no_image
94483,Cololejeunea pseudocristallina,尖叶疣鳞苔,,,,,,,no_image
94503,Cololejeunea tenella,南亚疣鳞苔,,,,,,,no_image
30991,Colophina monstrifica,怪扣绵蚜,,,,,,,no_image
94518,Colpodium tibeticum,藏小沿沟草,,,,,,,no_image
150073,Coltricia luteoumbrina,,,,,,,,no_image
150093,Coltriciella pusilla,小钹孔菌,,,,,,,no_image
94552,Colutea nepalensis,尼泊尔鱼鳔槐,,,,,,,no_image
94536,Colura acroloba,刀形管叶苔,,,,,,,no_image
2888,Comaster multiradiata,多岐栉羽星,,,,,,,no_image
31009,Comibaena fuscidorsata,暗绿尺蛾,,,,,,,no_image
94579,Combretum indicum,使君子,,,,,,,no_image
4419,Comitas kirai,吉良伴螺,,,,,,,no_image
31035,Comostola enodata,小斑亚四目绿尺蛾,,,,,,,no_image
2661,Conchoderma virgata,条茗荷,,,,,,,no_image
31072,Compterosmittia virga,阳突毛施密摇蚊,,,,,,,no_image
31054,Compsilura concinnata,康刺腹寄蝇,,,,,,,no_image
31090,Concaveplana spinata,端刺凹片叶蝉,,,,,,,no_image
31130,Condylostylus paraterminalis,平端毛瘤长足虻,,,,,,,no_image
31110,Condylostylus bicolor,双色毛瘤长足虻,,,,,,,no_image
155330,Conidiobolus heterosporus,异形孢耳霉,,,,,,,no_image
31139,Conicera dauci,道氏锥蚤蝇,,,,,,,no_image
141505,Coniella duckerae,,,,,,,,no_image
31170,Coniopteryx crispicornis,曲角粉蛉,,,,,,,no_image
31158,Coniocompsa polymaculata,多斑曲粉蛉,,,,,,,no_image
94629,Coniogramme rosthornii,乳头凤了蕨,,,,,,,no_image
31190,Conioscinella formosa,台湾圆锥秆蝇,,,,,,,no_image
94644,Conioselinum papyraceum,纸叶山芎,,,,,,,no_image
31212,Conocephalus bidentatus,二齿草螽,,,,,,,no_image
133389,Coniothyrium litchii,,,,,,,,no_image
145580,Conocybe abruptibulbosa,,,,,,,,no_image
145600,Conocybe macrospora,大孢锥盖伞,,,,,,,no_image
31227,Conomorium cuneae,白蛾锥索金小蜂,,,,,,,no_image
31240,Conophymacris chinensis,中华拟裸蝗,,,,,,,no_image
10837,Conothele linzhi,林芝科诺蛛,,,,,,,no_image
31260,Conops kulinicus,牯岭眼蝇,,,,,,,no_image
31283,Convexana bimaculata,双斑凸冠叶蝉,,,,,,,no_image
94667,Convolvulus spinifer,小刺旋花,,,,,,,no_image
31305,Copera tokyoensis,黑狭扇蟌,,,,,,,no_image
31324,Copidosoma peticus,,,,,,,,no_image
147980,Coprinellus ephemerus,,,,,,,,no_image
148000,Coprinopsis neolagopus,,,,,,,,no_image
145202,Coprinus micaceus,晶粒鬼伞,,,,,,,no_image
145222,Coprinus sterquilinus,粪鬼伞,,,,,,,no_image
31349,Copromyza equina,靴离脉小粪蝇,,,,,,,no_image
145182,Coprinus domesticus,家园鬼伞,,,,,,,no_image
31369,Coproporus horni,,,,,,,,no_image
139417,Coprotus niveus,雪白粪裸盘菌,,,,,,,no_image
31387,Coptops annulipes,,,,,,,,no_image
31412,Coptotermes formosanus,台湾乳白蚁,,,,,,,no_image
31432,Coptotettix parvulus,小柯蚱,,,,,,,no_image
94681,Corallina officinalis,珊瑚藻,,,,,,,no_image
94693,Corchorus aestuans,甜麻,,,,,,,no_image
17383,Coralliophila monodonta,唇珊瑚螺,,,,,,,no_image
141309,Cordana uniseptata,,,,,,,,no_image
141770,Cordyceps ampullacea,瓶状虫草,,,,,,,no_image
141790,Cordyceps grylli,蟋蟀虫草,,,,,,,no_image
141810,Cordyceps olivaceovirescens,,,,,,,,no_image
31461,Cordyla borealisa,北方心菌蚊,,,,,,,no_image
31473,Corennys sensitiva,,,,,,,,no_image
31478,Corethrella feipengi,飞鹏蛙蠓,,,,,,,no_image
94722,Coriandrum sativum,芫荽,,,,,,,no_image
151199,Coriolopsis telfarii,,,,,,,,no_image
94730,Corispermum confertum,密穗虫实,,,,,,,no_image
94754,Corispermum retortum,扭果虫实,,,,,,,no_image
94773,Cornulaca alaschanica,阿拉善单刺蓬,,,,,,,no_image
94803,Cornus parviflora,小花梾木,,,,,,,no_image
144201,Corollospora maritima,,,,,,,,no_image
6261,Corophium kitamori,敏捷蜾蠃蜚,,,,,,,no_image
149793,Corticium bicolor,硫黄伏革,,,,,,,no_image
145737,Cortinarius annulatus,环状丝膜菌,,,,,,,no_image
149813,Corticium roseum,,,,,,,,no_image
145757,Cortinarius brunneovelatus,,,,,,,,no_image
145777,Cortinarius cereifolius,,,,,,,,no_image
145797,Cortinarius cyanopus,,,,,,,,no_image
145817,Cortinarius firmus,坚实丝膜菌,,,,,,,no_image
145857,Cortinarius malicorius,,,,,,,,no_image
145837,Cortinarius hinnuleus,白膜丝膜菌,,,,,,,no_image
145877,Cortinarius olympianus,,,,,,,,no_image
145897,Cortinarius pseudopurpurascens,假紫丝膜菌,,,,,,,no_image
145917,Cortinarius saginus,大丝膜菌,,,,,,,no_image
145937,Cortinarius subferrugineoides,,,,,,,,no_image
145957,Cortinarius urbicus,,,,,,,,no_image
94823,Corybas fanjingshanensis,梵净山铠兰,,,,,,,no_image
94843,Corydalis angusta,细距紫堇,,,,,,,no_image
31517,Coruncanoides jaspida,玉似钻瓢蜡蝉,,,,,,,no_image
94863,Corydalis brevirostrata,蔓生黄堇,,,,,,,no_image
94890,Corydalis changbaishanensis,长白山黄堇,,,,,,,no_image
94921,Corydalis degensis,德格紫堇,,,,,,,no_image
94941,Corydalis eugeniae,粗距紫堇,,,,,,,no_image
94963,Corydalis gortschakovii,新疆黄堇,,,,,,,no_image
95005,Corydalis kailiensis,凯里紫堇,,,,,,,no_image
95030,Corydalis leptocarpa,细果紫堇,,,,,,,no_image
94985,Corydalis homopetala,同瓣黄堇,,,,,,,no_image
95075,Corydalis mucronifera,尖突黄堇,,,,,,,no_image
95055,Corydalis ludlowii,单叶紫堇,,,,,,,no_image
95118,Corydalis potaninii,半裸茎黄堇,,,,,,,no_image
95096,Corydalis orthopoda,密花黄堇,,,,,,,no_image
95138,Corydalis pseudolongipes,短腺黄堇,,,,,,,no_image
95186,Corydalis shimienensis,石棉紫堇,,,,,,,no_image
95212,Corydalis temolana,黄绿紫堇,,,,,,,no_image
95163,Corydalis retingensis,囊果紫堇,,,,,,,no_image
95234,Corydalis turtschaninovii,齿瓣延胡索,,,,,,,no_image
95256,Corydalis zhongdianensis,中甸黄堇,,,,,,,no_image
95279,Corylopsis yui,长穗蜡瓣花,,,,,,,no_image
134318,Coryneliospora fructicola,,,,,,,,no_image
133416,Corynespora lanneicola,,,,,,,,no_image
133436,Corynespora tanaceti,菊蒿棒孢,,,,,,,no_image
31521,Corynoneura confidens,粗短棒脉摇蚊,,,,,,,no_image
31541,Corynoptera antespinifera,多刺翼眼蕈蚊,,,,,,,no_image
31561,Corynoptera pelliciata,薄膜翼眼蕈蚊,,,,,,,no_image
74872,Coryphaenoides marginatus,暗边突吻鳕,,,,,,,no_image
31582,Coscinesthes salicis,,,,,,,,no_image
10370,Cosella parvifloriae,,,,,,,,no_image
31596,Cosmia flavifimbria,黄缨兜夜蛾,,,,,,,no_image
142016,Cosmospora diminuta,,,,,,,,no_image
31637,Cothornobata bubengensis,补蚌云瘦足蝇,,,,,,,no_image
74881,Cosmochilus nanlaensis,南腊方口鲃,,,,,,,no_image
95350,Cotoneaster coriaceus,厚叶栒子,,,,,,,no_image
95378,Cotoneaster glomerulatus,球花栒子,,,,,,,no_image
95437,Cotoneaster ogisui,多果栒子,,,,,,,no_image
95322,Cotoneaster ambiguus,川康栒子,,,,,,,no_image
95407,Cotoneaster kuanensis,汶川栒子,,,,,,,no_image
95485,Cotoneaster wardii,白毛栒子,,,,,,,no_image
95463,Cotoneaster soongoricus,准噶尔栒子,,,,,,,no_image
150688,Cotylidia komabensis,波边杯革菌,,,,,,,no_image
95507,Craibiodendron scleranthum,,,,,,,,no_image
31666,Craniophora taipaischana,太白山首夜蛾,,,,,,,no_image
1479,Crassatella nana,矮厚壳蛤,,,,,,,no_image
12739,Crassignatha si,旋糙胸蛛,,,,,,,no_image
141254,Craspedodidymum elatum,,,,,,,,no_image
95523,Crataegus aurantia,橘红山楂,,,,,,,no_image
31694,Crataraea myrmecophila,,,,,,,,no_image
95550,Crateva religiosa,鱼木,,,,,,,no_image
95569,Crawfurdia maculaticaulis,斑茎蔓龙胆,,,,,,,no_image
95589,Cremanthodium brunneopilosum,褐毛垂头菊,,,,,,,no_image
95615,Cremanthodium forrestii,矢叶垂头菊,,,,,,,no_image
95663,Cremanthodium rhodocephalum,长柱垂头菊,,,,,,,no_image
95640,Cremanthodium nanum,小垂头菊,,,,,,,no_image
31719,Creoleon cinnamomea,闽平肘蚁蛉,,,,,,,no_image
31705,Cremnops collaris,颈长喙茧蜂,,,,,,,no_image
95699,Crepidium aphyllum,无叶沼兰,,,,,,,no_image
146009,Crepidotus bresadolae,,,,,,,,no_image
95697,Crepidium ×,杂交心唇沼兰,,,,,,,no_image
146029,Crepidotus malachius,园孢靴耳,,,,,,,no_image
146049,Crepidotus vulgaris,普通靴耳,,,,,,,no_image
95751,Crepis subscaposa,抽茎还阳参,,,,,,,no_image
2390,Cribraria teres,尖筛目贝,,,,,,,no_image
31745,Cricotopus nitens,毛鳞环足摇蚊,,,,,,,no_image
31765,Cricula flavoglena,棕目大蚕蛾,,,,,,,no_image
4648,Criocarcinu superciliosus,覆毛羊角蟹,,,,,,,no_image
31781,Crithote prominens,毛尖裙夜蛾,,,,,,,no_image
74922,Crocidura vorax,西南中麝鼩,,,,,,,no_image
31795,Croesia helvolaris,棕黄弧翅卷蛾,,,,,,,no_image
95765,Croomia japonica,金刚大,,,,,,,no_image
19215,Crossodonthina bidentata,,,,,,,,no_image
95785,Crotalaria ferruginea,假地蓝,,,,,,,no_image
74937,Crossorhombus azureus,青缨鲆,,,,,,,no_image
95815,Crotalaria retusa,吊裙草,,,,,,,no_image
95837,Croton damayeshu,大麻叶巴豆,,,,,,,no_image
140427,Crouania carbonaria,,,,,,,,no_image
137801,Crumenulopsis lacrimiformia,,,,,,,,no_image
31835,Cryphia mitsuhashi,晦藓夜蛾,,,,,,,no_image
95872,Cryptarachne okamurai,全缘隐蜘藻,,,,,,,no_image
95889,Cryptocarya leiana,鸡卵槁,,,,,,,no_image
31852,Cryptochetum acutulum,尖顶隐芒蝇,,,,,,,no_image
31869,Cryptochironomus fulvus,茶褐隐摇蚊,,,,,,,no_image
95900,Cryptocoleopsis imbricata,拟隐苞苔,,,,,,,no_image
4069,Cryptodromia tumida,膨胀隐绵蟹,,,,,,,no_image
142741,Cryptomycina pteridis,,,,,,,,no_image
95923,Cryptopapillaria fuscescens,隐松萝藓,,,,,,,no_image
142744,Cryptophiale iriomoteanum,,,,,,,,no_image
6745,Cryptopodia fornicata,环状隐足蟹,,,,,,,no_image
31914,Cryptoserphus longistigmatus,长痣隐颚细蜂,,,,,,,no_image
31926,Cryptotendipes parallelus,平行弯铗摇蚊,,,,,,,no_image
31935,Cryptoxilos pallipes,淡足毛翅茧蜂,,,,,,,no_image
95942,Ctenitis dianguiensis,滇桂三相蕨,,,,,,,no_image
31944,Ctenochauliodes elongatus,长突栉鱼蛉,,,,,,,no_image
5875,Ctenoides annulata,环纹栉锉蛤,,,,,,,no_image
31972,Ctenophthalmus dinormus,二窦栉眼蚤,,,,,,,no_image
31997,Ctenophthalmus xinyiensis,信宜栉眼蚤,,,,,,,no_image
32049,Cucullia mandschuriae,白纹冬夜蛾,,,,,,,no_image
32018,Ctenosciara xijingensis,西径栉眼蕈蚊,,,,,,,no_image
32029,Cucullia alpherakyi,蒙冬夜蛾,,,,,,,no_image
95952,Cucumis bisexualis,小马瓟,,,,,,,no_image
139124,Cudonia sichuanensis,四川地锤菌,,,,,,,no_image
32080,Culex annulus,环带库蚊,,,,,,,no_image
32100,Culex hinglungensis,兴隆库蚊,,,,,,,no_image
32120,Culex modestus,凶小库蚊,,,,,,,no_image
32141,Culex shebbearei,薛氏库蚊,,,,,,,no_image
7549,Culicia rubeola,红色小杯珊瑚,,,,,,,no_image
32174,Culicoides anthropophygas,侵人库蠓,,,,,,,no_image
32194,Culicoides chagyabensis,察雅库蠓,,,,,,,no_image
32214,Culicoides cyancus,蓝腹库蠓,,,,,,,no_image
32234,Culicoides festivipennis,秀茎库蠓,,,,,,,no_image
32254,Culicoides guttifer,滴斑库蠓,,,,,,,no_image
32274,Culicoides humeralis,肩宏库蠓,,,,,,,no_image
32294,Culicoides kinabaluensis,洋岛库蠓,,,,,,,no_image
32334,Culicoides manhauensis,蛮耗库蠓,,,,,,,no_image
32314,Culicoides liui,新竹库蠓,,,,,,,no_image
32354,Culicoides motoensis,墨脱库蠓,,,,,,,no_image
32374,Culicoides onoi,小野库蠓,,,,,,,no_image
32394,Culicoides petronius,高原库蠓,,,,,,,no_image
32434,Culicoides shortti,肖特库蠓,,,,,,,no_image
32414,Culicoides quqiaoensis,渠桥库蠓,,,,,,,no_image
32454,Culicoides suiyangensis,绥阳库蠓,,,,,,,no_image
32474,Culicoides tibetensis,西藏库蠓,,,,,,,no_image
32494,Culicoides xinpingensis,新平库蠓,,,,,,,no_image
32514,Culiseta niveitaeniata,银带脉毛蚊,,,,,,,no_image
155918,Cunninghamella elegans,绮丽小克银汉霉,,,,,,,no_image
32517,Cunctochrysa shuenica,蜀线草蛉,,,,,,,no_image
74993,Cuora mouhotii,锯缘闭壳龟,,,,,,,no_image
95978,Cupressus austrotibetica,藏南柏木,,,,,,,no_image
134052,Curvularia coicicola,,,,,,,,no_image
95997,Curcuma aromatica,郁金,,,,,,,no_image
134072,Curvularia protuberata,,,,,,,,no_image
74998,Curruca althaea,休氏白喉林莺,,,,,,,no_image
32567,Cyana effracta,锈斑雪苔蛾,,,,,,,no_image
32546,Cyana adita,路雪苔蛾,,,,,,,no_image
2070,Cuspidaria caduca,波纹杓蛤,,,,,,,no_image
32587,Cyana trilobata,三叶雪苔蛾,,,,,,,no_image
96053,Cyananthus sherriffii,杂毛蓝钟花,,,,,,,no_image
96060,Cyanthillium cinereum,夜香牛,,,,,,,no_image
96070,Cyathophorum adiantum,粗齿雉尾藓,,,,,,,no_image
142759,Cyathus cinereus,,,,,,,,no_image
142779,Cyathus limbatus,雏缘黑蛋巢,,,,,,,no_image
142799,Cyathus subglobisporus,,,,,,,,no_image
3805,Cycladicama cumingii,古志明圆蛤,,,,,,,no_image
96088,Cycas guizhouensis,贵州苏铁,,,,,,,no_image
3785,Cycloes granulosa,颗粒圆壳蟹,,,,,,,no_image
96117,Cyclea polypetala,铁藤,,,,,,,no_image
75041,Cyclocheilichthys repasson,短须圆唇鱼,,,,,,,no_image
150107,Cyclomyces greenei,,,,,,,,no_image
11018,Cyclosa confusa,浊斑艾蛛,,,,,,,no_image
11087,Cyclosa omonaga,长脸艾蛛,,,,,,,no_image
96168,Cyclosorus jaculosus,闽台毛蕨,,,,,,,no_image
96148,Cyclosorus articulatus,节状毛蕨,,,,,,,no_image
96205,Cydonia oblonga,榅桲,,,,,,,no_image
32629,Cylindratus longicephalus,长头空杯瓢蜡蝉,,,,,,,no_image
75043,Cyclothone acclinidens,斜齿圆罩鱼,,,,,,,no_image
96188,Cyclosorus pseudoaridus,假干旱毛蕨,,,,,,,no_image
96208,Cylindrocolea tagawae,东亚筒萼苔,,,,,,,no_image
32645,Cylindromyia pandulata,弯筒腹寄蝇,,,,,,,no_image
32657,Cylindrotoma megacera,长角烛大蚊,,,,,,,no_image
96217,Cymaria dichotoma,歧伞花,,,,,,,no_image
8563,Cymatium nicobaricum,金口嵌线螺,,,,,,,no_image
96260,Cymbidium maguanense,象牙白,,,,,,,no_image
32669,Cymatophoropsis unca,大斑蕊夜蛾,,,,,,,no_image
96240,Cymbidium devonianum,福兰,,,,,,,no_image
96282,Cymbidium weishanense,巍山兰,,,,,,,no_image
96304,Cymbopogon nardus,亚香茅,,,,,,,no_image
96333,Cynanchum duclouxii,小药杯冠藤,,,,,,,no_image
32671,Cymolomia phaeopelta,黑芽小卷蛾,,,,,,,no_image
96356,Cynanchum pingtaoi,秉滔大花藤,,,,,,,no_image
96376,Cynoglossum amabile,倒提壶,,,,,,,no_image
75065,Cynoglossus lida,南洋舌鳎,,,,,,,no_image
32673,Cynomya mortuorum,尸蓝蝇,,,,,,,no_image
75102,Cyornis glaucicomans,中华仙鹟,,,,,,,no_image
96404,Cyperus compressus,扁穗莎草,,,,,,,no_image
96431,Cyperus hilgendorfianus,山东白鳞莎草,,,,,,,no_image
96455,Cyperus pannonicus,花穗水莎草,,,,,,,no_image
32686,Cypha sinorum,,,,,,,,no_image
96476,Cypholophus moluccanus,瘤冠麻,,,,,,,no_image
2421,Cypraea vitellus,卵黄宝贝,,,,,,,no_image
96484,Cypripedium bardolphianum,无苞杓兰,,,,,,,no_image
96504,Cypripedium ludlowii,波密杓兰,,,,,,,no_image
75134,Cypselurus angusticeps,细头燕鳐鱼,,,,,,,no_image
4728,Cyrenodonax formosana,花蚬,,,,,,,no_image
32727,Cyrta striolata,条痕弓背叶蝉,,,,,,,no_image
11072,Cyrtarachne sinicola,华生曲腹蛛,,,,,,,no_image
32743,Cyrtoclytus yunamensis,,,,,,,,no_image
32749,Cyrtodiopsis quinqueguttata,五斑曲突眼蝇,,,,,,,no_image
96541,Cyrtomium conforme,福建贯众,,,,,,,no_image
96561,Cyrtomium sinningense,新宁贯众,,,,,,,no_image
11235,Cyrtophora cicatrosa,后带云斑蛛,,,,,,,no_image
96570,Cyrtosia javanica,肉果兰,,,,,,,no_image
145237,Cystoderma granulosum,颗粒囊皮卒,,,,,,,no_image
96574,Cystopteris chinensis,光叶蕨,,,,,,,no_image
7070,Cytaeis tetrastyla,刺胞水母,,,,,,,no_image
141517,Cytospora elaeagni,,,,,,,,no_image
141537,Cytospora pruinosa,,,,,,,,no_image
32779,Dacrila setigera,,,,,,,,no_image
152787,Dacrymyces yunnanensis,云南花耳,,,,,,,no_image
139501,Dactylella shizishanna,,,,,,,,no_image
142813,Dactylaria lakebarrinensis,,,,,,,,no_image
96597,Dactylicapnos macrocapnos,薄壳紫金龙,,,,,,,no_image
32795,Dactylispa cervicornis,长柄叉趾铁甲,,,,,,,no_image
32819,Dactylispa inaequalis,差刺趾铁甲,,,,,,,no_image
32839,Dactylispa nigrodiscalis,黑盘叉趾铁甲,,,,,,,no_image
32859,Dactylispa serrulata,锯缘叉趾铁甲,,,,,,,no_image
15625,Dactylochelifer luyaensis,芦芽指螯伪蝎,,,,,,,no_image
96610,Dactylorhiza umbrosa,阴生掌裂兰,,,,,,,no_image
96614,Dalbergia benthamii,两粤黄檀,,,,,,,no_image
32901,Daddala brevicauda,短炬夜蛾,,,,,,,no_image
96634,Dalbergia pinnata,斜叶黄檀,,,,,,,no_image
144595,Daldinia gelatinoides,胶质轮层炭壳,,,,,,,no_image
32928,Damalis planiceps,平籽角食虫虻,,,,,,,no_image
8881,Damaeus furcatus,叉珠甲螨,,,,,,,no_image
32940,Danaus plexippus,君主斑蝶,,,,,,,no_image
96670,Daphne arisanensis,台湾瑞香,,,,,,,no_image
96694,Daphne jinzhaiensis,金寨瑞香,,,,,,,no_image
96719,Daphne retusa,凹叶瑞香,,,,,,,no_image
4380,Daphnella ornata,锦绣桂螺,,,,,,,no_image
96738,Daphniphyllum majus,大叶虎皮楠,,,,,,,no_image
5287,Dardanus guttatus,白斑真寄居蟹,,,,,,,no_image
75174,Dascyllus trimaculatus,三斑宅泥鱼,,,,,,,no_image
15752,Dasonguis bicruris,双叉宋氏少足,,,,,,,no_image
75185,Dasyatis ushiei,尤氏魟,,,,,,,no_image
33029,Dasyhelea chimaira,怪状毛蠓,,,,,,,no_image
33009,Dasyhelea arciforceps,弯钳毛蠓,,,,,,,no_image
32991,Dasychira planozona,平带茸毒蛾,,,,,,,no_image
33049,Dasyhelea diversiloba,裂片毛蠓,,,,,,,no_image
33069,Dasyhelea forcepina,钳端毛蠓,,,,,,,no_image
33089,Dasyhelea horrida,多刺毛蠓,,,,,,,no_image
33109,Dasyhelea lushanensis,庐山毛蠓,,,,,,,no_image
33129,Dasyhelea oxyria,尖锥毛蠓,,,,,,,no_image
33149,Dasyhelea sauteri,邵氏毛蠓,,,,,,,no_image
96758,Dasymaschalon robinsonii,钝叶皂帽花,,,,,,,no_image
33169,Dasyhelea ternipenis,三茎毛蠓,,,,,,,no_image
33200,Dasypoda cockerelli,金黄毛足蜂,,,,,,,no_image
138561,Dasyscyphus erythrostigma,,,,,,,,no_image
138464,Dasyscyphella palmae,,,,,,,,no_image
138581,Dasyscyphus ochroleucus,黄白毛钉菌,,,,,,,no_image
33216,Dasysyrphus bilineatus,双线毛蚜蝇,,,,,,,no_image
96768,Daucus carota,野胡萝卜,,,,,,,no_image
33232,Davidina armandi,绢眼蝶,,,,,,,no_image
75187,Deania calcea,喙吻田氏鲨,,,,,,,no_image
75191,Decapterus macrosoma,长身圆鲹,,,,,,,no_image
15743,Decapauropus biconjugarus,两对棒别少足,,,,,,,no_image
33255,Decma birmanica,缅甸异涤螽,,,,,,,no_image
96813,Deeringia amaranthoides,浆果苋,,,,,,,no_image
2379,Deima validum,强壮幽灵参,,,,,,,no_image
10936,Deione ovata,卵形丘园蛛,,,,,,,no_image
33298,Delia apicifloralis,尖花地种蝇,,,,,,,no_image
33318,Delia duplicipectina,双栉地种蝇,,,,,,,no_image
33338,Delia interflua,黄瓣地种蝇,,,,,,,no_image
33358,Delia nigriabdominis,黑腹地种蝇,,,,,,,no_image
33398,Delia uniseriata,单列地种蝇,,,,,,,no_image
33378,Delia recurvata,反曲地种蝇,,,,,,,no_image
96823,Delisea japonica,栉齿藻,,,,,,,no_image
96848,Delphinium breviscaposum,短莛翠雀花,,,,,,,no_image
96882,Delphinium chungbaense,仲巴翠雀花,,,,,,,no_image
96914,Delphinium glabricaule,光茎翠雀花,,,,,,,no_image
96977,Delphinium leiostachyum,光轴翠誉花,,,,,,,no_image
96946,Delphinium hui,贡噶翠雀花,,,,,,,no_image
96997,Delphinium muliense,木里翠雀花,,,,,,,no_image
97030,Delphinium pseudocaeruleum,拟蓝翠雀花,,,,,,,no_image
97056,Delphinium rotundilimbum,圆片翠雀花,,,,,,,no_image
75208,Delphinus delphis,真海豚,,,,,,,no_image
97087,Delphinium taxkorganense,塔什库尔干翠雀花,,,,,,,no_image
97116,Delphinium wentsaii,文采翠雀花,,,,,,,no_image
222,Demania morenseni,畸形鳞斑蟹,,,,,,,no_image
33485,Demonax fimbriatulus,,,,,,,,no_image
33505,Demonax leucophaeus,,,,,,,,no_image
33466,Demonarosa rufotessellata,艳刺蛾,,,,,,,no_image
33528,Demonax parilis,,,,,,,,no_image
33568,Demonax viduatus,,,,,,,,no_image
33588,Demotina piceonotata,黑斑茶肖叶甲,,,,,,,no_image
33548,Demonax savioi,,,,,,,,no_image
18099,Dendrobaena octaedra,八毛枝蚓,,,,,,,no_image
97157,Dendrobium crumenatum,木石斛,,,,,,,no_image
97177,Dendrobium hancockii,细叶石斛,,,,,,,no_image
97197,Dendrobium loddigesii,美花石斛,,,,,,,no_image
97220,Dendrobium salaccense,竹枝石斛,,,,,,,no_image
97264,Dendrocalamus longiauritus,长耳吊丝竹,,,,,,,no_image
97240,Dendrobium xantholeucum,尖叶金石斛,,,,,,,no_image
97287,Dendrocalamus turgidinodis,鼓节龙竹,,,,,,,no_image
97299,Dendrocnide stimulans,海南火麻树,,,,,,,no_image
33620,Dendrolimus punctata,点松毛虫,,,,,,,no_image
97314,Dendrolycopodium obscurum,玉柏,,,,,,,no_image
33598,Dendroleon falcatus,镰翅树蚁蛉,,,,,,,no_image
33636,Dendrophilus proditor,展卵阎甲,,,,,,,no_image
142831,Dendrothele microspora,,,,,,,,no_image
13037,Dendryphantes linzhiensis,林芝追蛛,,,,,,,no_image
8756,Dentalium obtusum,钝角贝,,,,,,,no_image
152021,Dentipellis leptodon,,,,,,,,no_image
97357,Deparia chingii,秦氏假蹄盖蕨,,,,,,,no_image
97412,Deparia sikkimensis,锡金蛾眉蕨,,,,,,,no_image
97381,Deparia jiulungensis,九龙蛾眉蕨,,,,,,,no_image
33666,Deraeocoris annulifemoralis,斑腿齿爪盲蝽,,,,,,,no_image
33686,Deraeocoris kimotoi,木本齿爪盲蝽,,,,,,,no_image
33732,Dere subtilis,,,,,,,,no_image
33706,Deraeocoris scutellaris,小艳盾齿爪盲蝽,,,,,,,no_image
134741,Dermatocarpon sinense,,,,,,,,no_image
33745,Deroca inconclusa,斑晶钩蛾,,,,,,,no_image
97436,Derris caudatilimba,尾叶鱼藤,,,,,,,no_image
97460,Deschampsia cespitosa,发草,,,,,,,no_image
97475,Desmodium scorpiurus,蝎尾山蚂蟥,,,,,,,no_image
97484,Desmostachya bipinnata,羽穗草,,,,,,,no_image
97515,Deutzia hookeriana,西藏溲疏,,,,,,,no_image
97488,Deutzia bomiensis,波密溲疏,,,,,,,no_image
97546,Deutzia staminea,长柱溲疏,,,,,,,no_image
33792,Dexia caldwelli,卡德长足寄蝇,,,,,,,no_image
33812,Dexiomimops rufipes,红足邻寄蝇,,,,,,,no_image
97557,Deyeuxia debilis,细弱野青茅,,,,,,,no_image
97577,Deyeuxia pulchella,小丽茅,,,,,,,no_image
33841,Dialysis cispacifica,黑胸芒角臭虻,,,,,,,no_image
33827,Diadiplosis formosana,台湾双穀瘿蚊,,,,,,,no_image
33861,Diamesa zernyi,泽尼寡角摇蚊,,,,,,,no_image
33878,Dianous atrocoeruleus,,,,,,,,no_image
33900,Dianous cruentatus,,,,,,,,no_image
33920,Dianous flavoculatus,,,,,,,,no_image
33943,Dianous luteolunatus,,,,,,,,no_image
33963,Dianous rugosipennis,,,,,,,,no_image
33983,Dianous tumidifrons,,,,,,,,no_image
34003,Dianphasma yui,云滇䗛,,,,,,,no_image
97619,Dianthus turkestanicus,细茎石竹,,,,,,,no_image
34016,Diaphorus condignus,相宜异长足虻,,,,,,,no_image
34036,Diaphorus menglunanus,勐仑异长足虻,,,,,,,no_image
75272,Diaphus brachycephalus,短头眶灯鱼,,,,,,,no_image
75292,Diaphus richardsoni,李氏眶灯鱼,,,,,,,no_image
141351,Diaporthe neotheicola,,,,,,,,no_image
34082,Diarsia fletcheri,弗歹夜蛾,,,,,,,no_image
34059,Diarsia albipennis,明歹夜蛾,,,,,,,no_image
144522,Diatrype stigma,,,,,,,,no_image
34118,Dibrachys kunmingica,昆明黑青金小蜂,,,,,,,no_image
34102,Diarsia torva,蛮歹夜蛾,,,,,,,no_image
138953,Dicephalospora pinglongshanica,平龙山二头孢盘菌,,,,,,,no_image
34126,Dicarnosis superba,,,,,,,,no_image
34144,Dichaetomyia fulvoapicata,黄端重毫蝇,,,,,,,no_image
34184,Dichaetophora sinensis,中国双鬃果蝇,,,,,,,no_image
34164,Dichaetomyia yunnanensis,云南重毫蝇,,,,,,,no_image
97648,Dichocarpum franchetii,小花人字果,,,,,,,no_image
10437,Dichopelmus canarii,,,,,,,,no_image
97670,Dichroa yunnanensis,云南常山,,,,,,,no_image
34208,Dicladispa birendra,长刺稻铁甲,,,,,,,no_image
97691,Dicranella heteromalla,多形小曲尾藓,,,,,,,no_image
97705,Dicranodontium filifolium,毛叶青毛藓,,,,,,,no_image
34225,Dicranomyia consimilis,似细大蚊,,,,,,,no_image
34245,Dicranomyia kansuensis,甘肃细大蚊,,,,,,,no_image
34265,Dicranomyia poli,灰细大蚊,,,,,,,no_image
34285,Dicranomyia tristis,暗细大蚊,,,,,,,no_image
34295,Dicranophragma laetithorax,喜胸篱大蚊,,,,,,,no_image
34308,Dicranosepsis breviappendiculata,短尾二叉鼓翅蝇,,,,,,,no_image
34324,Dicranota caesia,西藏叉大蚊,,,,,,,no_image
97733,Dicranum crispifolium,卷叶曲尾藓,,,,,,,no_image
97753,Dicranum muehlenbeckii,细叶曲尾藓,,,,,,,no_image
34341,Dicrotendipes inouei,井上二叉摇蚊,,,,,,,no_image
13591,Dictyna uncinata,反钩卷叶蛛,,,,,,,no_image
34352,Dictenidia glabrata,光翅偶栉大蚊,,,,,,,no_image
147327,Dictyopanus gloeocystidiatus,,,,,,,,no_image
34374,Dicyphus collierromerus,粗领显胝盲蝽,,,,,,,no_image
97772,Dictyosphaeria spinifera,腔刺网球藻,,,,,,,no_image
133467,Dictyosporium solani,,,,,,,,no_image
34392,Dideopsis aegrota,斑翅蚜蝇,,,,,,,no_image
97779,Didymocarpus cordifolius,心叶长蒴苣苔,,,,,,,no_image
97804,Didymocarpus villosus,长毛长蒴苣苔,,,,,,,no_image
97826,Didymodon heilongjiangensis,黑龙江对齿藓,,,,,,,no_image
97848,Didymodon tophaceus,灰土对齿藓,,,,,,,no_image
142860,Didymoporisporonites varius,,,,,,,,no_image
97866,Dieffenbachia picta,花叶黛粉芋,,,,,,,no_image
34411,Digama hearseyana,微拟灯蛾,,,,,,,no_image
97892,Digitaria radicosa,红尾翎,,,,,,,no_image
34419,Diglyphomorphomyia platys,异索雕姬小蜂,,,,,,,no_image
34458,Dilar taiwanensis,台湾栉角蛉,,,,,,,no_image
34471,Dilophus lii,李氏棘毛蚊,,,,,,,no_image
34438,Dilar geometroides,尺栉角蛉,,,,,,,no_image
97913,Dimeria falcata,镰形雁茅,,,,,,,no_image
34493,Dindica polyphaenaria,宽带峰尺蛾,,,,,,,no_image
97925,Dimocarpus confinis,龙荔,,,,,,,no_image
142872,Dinemasporium fusiforme,,,,,,,,no_image
34526,Dinera orientalis,东方迪内寄蝇,,,,,,,no_image
34577,Diochus pulchellus,,,,,,,,no_image
34557,Dinothrips hainanensis,海南硕管蓟马,,,,,,,no_image
75350,Dinopium shorii,喜山金背啄木鸟,,,,,,,no_image
34593,Diomea discisigna,白纹狄夜蛾,,,,,,,no_image
5251,Diogener nitidimanus,闪光活额寄居蟹,,,,,,,no_image
97943,Dioscorea aspersa,丽叶薯蓣,,,,,,,no_image
97973,Dioscorea glabra,光叶薯蓣,,,,,,,no_image
98001,Dioscorea spongiosa,绵萆薢,,,,,,,no_image
98023,Diospyros crystallina,水晶柿,,,,,,,no_image
98043,Diospyros kaki,柿,,,,,,,no_image
98066,Diospyros reticulinervis,网脉柿,,,,,,,no_image
98087,Diospyros zhenfengensis,贞丰柿,,,,,,,no_image
34617,Diostracus saigusai,赛氏巨口长足虻,,,,,,,no_image
34633,Diphtherocome vigens,威青夜蛾,,,,,,,no_image
98090,Dipelta yunnanensis,云南双盾木,,,,,,,no_image
98105,Diphyscium satoi,小短颈藓,,,,,,,no_image
34644,Diplatys liberatus,分离丝尾螋,,,,,,,no_image
98153,Diplazium hirtipes,鳞轴短肠蕨,,,,,,,no_image
98128,Diplazium chioui,邱氏短肠蕨,,,,,,,no_image
98177,Diplazium mettenianum,江南短肠蕨,,,,,,,no_image
98201,Diplazium sibiricum,黑鳞短肠蕨,,,,,,,no_image
98228,Diplazium yaoshanense,假江南短肠蕨,,,,,,,no_image
98233,Diploclisia glaucescens,苍白秤钩风,,,,,,,no_image
75377,Diploderma flavilabre,黄唇攀蜥（黄唇龙蜥）,,,,,,,no_image
131805,Diplodia roumegueri,,,,,,,,no_image
75397,Diploderma swild,山地攀蜥,,,,,,,no_image
142880,Diplomitoporus lenis,柔二丝孔菌,,,,,,,no_image
34670,Diplonevra vecticrassa,粗鬃栅蚤蝇,,,,,,,no_image
98252,Diplopterygium glaucum,里白,,,,,,,no_image
11567,Dipoena bifida,二叉圆腹蛛,,,,,,,no_image
34672,Diplostix vicaria,胸线阎甲,,,,,,,no_image
11749,Dipoena zhangi,张氏圆腹蛛,,,,,,,no_image
142896,Diporisporites elegans,,,,,,,,no_image
9764,Diptacus alniphyllus,,,,,,,,no_image
9785,Diptacus mercuriasis,,,,,,,,no_image
98275,Dipteris wallichii,喜马拉雅双扇蕨,,,,,,,no_image
9757,Diptilomiopus combreti,,,,,,,,no_image
9880,Diptilomiopus melastomae,,,,,,,,no_image
75426,Diretmichthys parini,帕氏怖银眼鱼,,,,,,,no_image
34694,Discestra stigmosa,迹歧夜蛾,,,,,,,no_image
34711,Discomyza maculipennis,斑翅盘水蝇,,,,,,,no_image
139691,Discina furfuracea,,,,,,,,no_image
98294,Discocleidion ulmifolium,丹麻秆,,,,,,,no_image
98301,Disporopsis longifolia,长叶竹根七,,,,,,,no_image
10472,Disella laurifolius,,,,,,,,no_image
98321,Disporum viridescens,宝珠草,,,,,,,no_image
34736,Distenia picea,,,,,,,,no_image
98341,Distichophyllum meizhiae,兜叶黄藓,,,,,,,no_image
34747,Distoleon bistrigatus,差翅距蚁蛉,,,,,,,no_image
152797,Ditiola radicata,根韧钉耳,,,,,,,no_image
98354,Distyliopsis dunnii,假蚊母,,,,,,,no_image
34768,Ditrigona artema,中宽白钩蛾,,,,,,,no_image
34813,Diversinervus elegans,优雅歧脉跳小蜂,,,,,,,no_image
34794,Ditrigona palyobotaria,裂孔白钩蛾,,,,,,,no_image
34828,Dixognatha nectarus,叉颚祝蛾,,,,,,,no_image
34836,Dociostaurus brevicollis,狭条戟纹蝗,,,,,,,no_image
34851,Docosia sinensis,中华多菌蚊,,,,,,,no_image
34889,Dohrniphora prescherweberae,普韦栓蚤蝇,,,,,,,no_image
34869,Dohrniphora aspinula,无栓栓蚤蝇,,,,,,,no_image
34922,Dolichocoxys brevis,短柄长腹寄蝇,,,,,,,no_image
34934,Dolichopeza basistylata,基突裸纤足大蚊,,,,,,,no_image
5945,Dolicheremaeus carinatus,脊隐甲螨,,,,,,,no_image
34993,Dolichopus henanus,河南长足虻,,,,,,,no_image
34954,Dolichopeza profundemarginata,深凹裸纤足大蚊,,,,,,,no_image
34973,Dolichopus alticola,双鬃长足虻,,,,,,,no_image
35013,Dolichopus plumipes,羽鬃长足虻,,,,,,,no_image
35033,Dolichopus vaillanti,尖角长足虻,,,,,,,no_image
16924,Dolichosaccus ranea,蛙长囊吸虫,,,,,,,no_image
35058,Dolichosciara subornata,伪饰尾突眼蕈蚊,,,,,,,no_image
12641,Dolomedes mizhoanus,褐腹狡蛛,,,,,,,no_image
8849,Dometorina taiwanica,台湾庭甲螨,,,,,,,no_image
98419,Dolomiaea scabrida,糙羽川木香,,,,,,,no_image
35075,Domene cuspidata,,,,,,,,no_image
98433,Dontostemon glandulosus,腺异蕊芥,,,,,,,no_image
35101,Doratopsylla dayaoensis,大姚叉蚤，新种,,,,,,,no_image
35133,Dorcadion sokolowi,,,,,,,,no_image
35137,Doros conopseus,棕翅囊蚜蝇,,,,,,,no_image
35149,Dorysthenes buquetii,,,,,,,,no_image
399,Dosinia aspera,刺镜蛤,,,,,,,no_image
131812,Dothiorella iberica,,,,,,,,no_image
35179,Downesia ruficolor,赤色平脊甲,,,,,,,no_image
98467,Draba cholaensis,大花葶苈,,,,,,,no_image
98487,Draba lasiophylla,毛叶葶苈,,,,,,,no_image
98507,Draba sibirica,西伯利亚葶苈,,,,,,,no_image
35213,Drabescus multipunctatus,数斑胫槽叶蝉,,,,,,,no_image
35193,Drabescus albosignus,白缘胫槽叶蝉,,,,,,,no_image
5568,Drachiella morum,桑椹蟹,,,,,,,no_image
12280,Draconarius acroprocessus,顶突龙隙蛛,,,,,,,no_image
98545,Dracocephalum nodulosum,多节青兰,,,,,,,no_image
12413,Draconarius cangshanensis,苍山龙隙蛛,,,,,,,no_image
12498,Draconarius dissitus,阔龙隙蛛,,,,,,,no_image
12106,Draconarius huizhunesis,徽州龙隙蛛,,,,,,,no_image
12410,Draconarius magniceps,大头龙隙蛛,,,,,,,no_image
12271,Draconarius paraterebratus,拟孔龙隙蛛,,,,,,,no_image
12381,Draconarius rotundus,圆龙隙蛛,,,,,,,no_image
12442,Draconarius taihangensis,太行龙隙蛛,,,,,,,no_image
12190,Draconarius wudangensis,武当龙角蛛,,,,,,,no_image
35232,Drapetis nigrispina,黑刺隐肩舞虻,,,,,,,no_image
13667,Drassodes longispinus,长刺掠蛛,,,,,,,no_image
13819,Drassyllus yunnanensis,云南近狂蛛,,,,,,,no_image
134080,Drechslera andersenii,,,,,,,,no_image
18062,Drawida changbaishanensis,长白山杜拉蚓,,,,,,,no_image
35262,Drepanacra yunanica,云南钩褐蛉,,,,,,,no_image
98596,Drepanolejeunea levicornua,平角角鳞苔,,,,,,,no_image
35270,Drepanosticta zhoui,周氏镰扁蟌,,,,,,,no_image
35285,Drino bohemica,牛赘寄蝇,,,,,,,no_image
35305,Drino lucagus,大毛斑赘寄蝇,,,,,,,no_image
98620,Drosera oblanceolata,长柱茅膏菜,,,,,,,no_image
35332,Drosophila avicennai,阿维森纳果蝇,,,,,,,no_image
35352,Drosophila cheda,切达果蝇,,,,,,,no_image
35372,Drosophila fuscicostata,暗缘果蝇,,,,,,,no_image
35392,Drosophila kashimirensis,克什米尔果蝇,,,,,,,no_image
35412,Drosophila longiserrata,长锯齿果蝇,,,,,,,no_image
35433,Drosophila neokuntzei,新昆茨果蝇,,,,,,,no_image
35453,Drosophila parvula,小山果蝇,,,,,,,no_image
35474,Drosophila repletoides,拟黑斑果蝇,,,,,,,no_image
35494,Drosophila subobscura,亚暗果蝇,,,,,,,no_image
35516,Drosophila tristipennis,三戟翅果蝇,,,,,,,no_image
17482,Drupa morum,核果螺,,,,,,,no_image
35544,Drusilla perdensa,,,,,,,,no_image
35559,Drymeia bispinula,双刺胡蝇,,,,,,,no_image
35579,Drymeia hirsutitibia,蓬胫胡蝇,,,,,,,no_image
35600,Drymeia nudifemorata,裸股胡蝇,,,,,,,no_image
35620,Drymeia tetra,四鬃胡蝇,,,,,,,no_image
98646,Drynaria rigidula,硬叶槲蕨,,,,,,,no_image
98658,Dryopteris alpestris,多雄拉鳞毛蕨,,,,,,,no_image
98682,Dryopteris clarkei,膜边轴鳞蕨,,,,,,,no_image
98706,Dryopteris erythrovaria,多红鳞毛蕨,,,,,,,no_image
98726,Dryopteris hasseltii,草质假复叶耳蕨,,,,,,,no_image
98746,Dryopteris kungiana,峨眉红腺蕨,,,,,,,no_image
98766,Dryopteris montigena,丽江鳞毛蕨,,,,,,,no_image
98788,Dryopteris pulcherrima,豫陕鳞毛蕨,,,,,,,no_image
98810,Dryopteris sinofibrillosa,纤维鳞毛蕨,,,,,,,no_image
98830,Dryopteris tahmingensis,大明鳞毛蕨,,,,,,,no_image
98852,Dryopteris yigongensis,易贡鳞毛蕨,,,,,,,no_image
98870,Drypetes salicifolia,柳叶核果木,,,,,,,no_image
98881,Dubyaea stebbinsii,朗县厚喙菊,,,,,,,no_image
35656,Dudusa nobilis,著蕊舟蛾,,,,,,,no_image
98901,Dumasia kurziana,滇南山黑豆,,,,,,,no_image
98924,Dunbaria punctata,圆叶野扁豆,,,,,,,no_image
35668,Dusmetia latiscapa,阔柄杜丝跳小蜂,,,,,,,no_image
35672,Dymasius gracilicornis,,,,,,,,no_image
98940,Dypsis lutescens,散尾葵,,,,,,,no_image
35695,Dysgonia joviana,隐巾夜蛾,,,,,,,no_image
35712,Dysmilichia calamistrata,渗井夜蛾,,,,,,,no_image
98948,Dysosma tsayuensis,西藏八角莲,,,,,,,no_image
98965,Dysphania ambrosioides,土荆芥,,,,,,,no_image
35763,Dzhanokmenia stefaniolae,旱瘿蚊宽脉啮小蜂,,,,,,,no_image
35742,Dysstroma proavia,带涤尺蛾,,,,,,,no_image
35783,Earinus burmensis,缅甸全脉茧蜂,,,,,,,no_image
35791,Eblisia sauteri,索氏短卵阎甲,,,,,,,no_image
146081,Eccilia griseorubella,,,,,,,,no_image
75519,Echidna polyzona,多带蛇鳝(多带海鳝),,,,,,,no_image
151224,Echinochaete ruficeps,赤褐棘刚毛菌,,,,,,,no_image
2209,Echinodiscus tenuissima,薄毛饼海胆,,,,,,,no_image
99006,Echinops sphaerocephalus,欧亚蓝刺头,,,,,,,no_image
136795,Echinoplaca epiphylla,,,,,,,,no_image
35826,Echinovelleda chinensis,,,,,,,,no_image
35845,Ecliptopera dimita,文脉折线尺蛾,,,,,,,no_image
75529,Ecsenius frontalis,额异齿鳚,,,,,,,no_image
35879,Ectmetopterus niger,黑跃盲蝽,,,,,,,no_image
35886,Ectroma loui,娄氏伊克跳小蜂,,,,,,,no_image
35889,Edaphosoma cornutiventris,,,,,,,,no_image
35949,Edaphus lineolifer,,,,,,,,no_image
35909,Edaphus alcathous,,,,,,,,no_image
35929,Edaphus dubius,,,,,,,,no_image
35969,Edaphus plicicollis,,,,,,,,no_image
35989,Edaphus yangi,,,,,,,,no_image
35997,Egesina albolineata,,,,,,,,no_image
75536,Egglestonichthys patriciae,南海伊氏鰕虎,,,,,,,no_image
75538,Egretta garzetta,白鹭,,,,,,,no_image
99042,Ehretia dunniana,云贵厚壳树,,,,,,,no_image
36042,Eilema chekiangica,浙土苔蛾,,,,,,,no_image
36065,Eilema nigripoda,黄土苔蛾,,,,,,,no_image
36084,Elachiptera cornuta,角瘤秆蝇,,,,,,,no_image
7388,Eirene tenuis,细腺和平水母,,,,,,,no_image
99089,Elaeagnus jiangxiensis,江西羊奶子,,,,,,,no_image
99060,Elaeagnus bockii,长叶胡颓子,,,,,,,no_image
99116,Elaeagnus oxycarpa,尖果沙枣,,,,,,,no_image
99136,Elaeagnus xichouensis,西畴胡颓子,,,,,,,no_image
99162,Elaeocarpus gaoligongshanensis,高黎贡杜英,,,,,,,no_image
99190,Elaeocarpus prunifolioides,樱叶杜英,,,,,,,no_image
75553,Elaphe dione,白条锦蛇,,,,,,,no_image
134568,Elaphomyces muricatus,,,,,,,,no_image
36133,Elaphropeza medipunctata,中褐黄隐肩舞虻,,,,,,,no_image
36113,Elaphropeza fujianensis,福建黄隐肩舞虻,,,,,,,no_image
36153,Elaphropeza xizangensis,西藏黄隐肩舞虻,,,,,,,no_image
2125,Elasmopus spinidactylus,刺指片钩虾,,,,,,,no_image
99244,Elatostema attenuatoides,拟渐狭楼梯草,,,,,,,no_image
99218,Elatostema acutitepalum,尖被楼梯草,,,,,,,no_image
99269,Elatostema brevicaudatum,短尾楼梯草,,,,,,,no_image
99293,Elatostema cucullatonaviculare,兜船楼梯草,,,,,,,no_image
99353,Elatostema gyronanophyllum,圆微叶楼梯草,,,,,,,no_image
99325,Elatostema femineocymosum,雌伞楼梯草,,,,,,,no_image
99375,Elatostema jinpingense,金平楼梯草,,,,,,,no_image
99396,Elatostema longistipulum,显脉楼梯草,,,,,,,no_image
99420,Elatostema melanocarpum,黑果楼梯草,,,,,,,no_image
99448,Elatostema nianbaense,毛脉楼梯草,,,,,,,no_image
99474,Elatostema parvioides,拟小叶楼梯草,,,,,,,no_image
99497,Elatostema pseudodissectum,滇桂楼梯草,,,,,,,no_image
99521,Elatostema robustipes,粗梗楼梯草,,,,,,,no_image
99544,Elatostema strigulosum,伏毛楼梯草,,,,,,,no_image
99568,Elatostema trichocarpum,疣果楼梯草,,,,,,,no_image
99588,Elatostema xingyiense,兴义楼梯草,,,,,,,no_image
1864,Electra spinigera,多刺琥珀苔虫,,,,,,,no_image
36191,Electrophaes rhacophora,怒焰尺蛾,,,,,,,no_image
99614,Eleocharis maximowiczii,细秆荸荠,,,,,,,no_image
99640,Eleocharis wichurae,羽毛荸荠,,,,,,,no_image
99658,Eleutherococcus lasiogyne,康定五加,,,,,,,no_image
75568,Elephas maximus,亚洲象,,,,,,,no_image
36231,Elimaea brevilamina,短板掩耳螽,,,,,,,no_image
151229,Elfvingia lobata,树舌,,,,,,,no_image
36251,Elimaea paranautica,异舰掩耳螽,,,,,,,no_image
36271,Eliozeta helluo,魔寻寄蝇,,,,,,,no_image
36289,Ellipteroides uniplagiatus,合脉圆大蚊,,,,,,,no_image
142923,Ellisembia guangdongense,,,,,,,,no_image
99679,Ellisiophyllum pinnatum,幌菊,,,,,,,no_image
75577,Elops saurus,蜥海鲢,,,,,,,no_image
99707,Elsholtzia litangensis,理塘香薷,,,,,,,no_image
36304,Elydnodes variegata,绢夜蛾,,,,,,,no_image
99754,Elymus caesifolius,马格草,,,,,,,no_image
99787,Elymus glaberrimus,光穗鹅观草,,,,,,,no_image
99816,Elymus nakaii,吉林鹅观草,,,,,,,no_image
99843,Elymus sinkiangensis,新疆鹅观草,,,,,,,no_image
99867,Elytrigia gmelinii,曲芒偃麦草,,,,,,,no_image
99880,Embelia pauciflora,疏花酸藤子,,,,,,,no_image
75604,Emberiza godlewskii,灰眉岩鹀,,,,,,,no_image
75643,Emberiza yunnanensis,西南灰眉岩鹀,,,,,,,no_image
99893,Emilia prenanthoidea,小一点红,,,,,,,no_image
17518,Emozamia licinus,网格珊瑚螺,,,,,,,no_image
36361,Empis lamellornata,鬃饰缺脉舞虻,,,,,,,no_image
36381,Empis quadrimanus,四突缺脉舞虻,,,,,,,no_image
155359,Empusa dipterigena,,,,,,,,no_image
99904,Encalypta buxbaumioida,拟烟杆大帽藓,,,,,,,no_image
18423,Encentrum putorius,喜污中吻轮虫,,,,,,,no_image
75657,Enchelycore nigricans,褐勾吻鳝,,,,,,,no_image
36410,Encyclops hubeiensis,,,,,,,,no_image
134747,Endocarpon desquamescens,,,,,,,,no_image
7106,Endopachys grayi,芽生内厚珊瑚,,,,,,,no_image
155791,Endogone calospora,,,,,,,,no_image
142962,Endophragmiella latispora,,,,,,,,no_image
153472,Endophyllum blumeae,艾纳香锈孢锈菌,,,,,,,no_image
36429,Endothenia nigricostana,水苏黑小卷蛾,,,,,,,no_image
99936,Enkianthus chinensis,灯笼树,,,,,,,no_image
75672,Engyprosopon longipelvis,长腹鳍短额鲆,,,,,,,no_image
75694,Enneapterygius hsiojenae,孝真双线鳚,,,,,,,no_image
11435,Enoplognatha angkora,锚突齿螯蛛,,,,,,,no_image
6756,Enoplolambrus echinatus,刺猬武装紧握蟹,,,,,,,no_image
36450,Ensiferella sabroskyi,萨氏扁芒秆蝇,,,,,,,no_image
36463,Entedon squamosus,鳞灿姬小蜂,,,,,,,no_image
131605,Enterographa praepallens,灰全缘衣,,,,,,,no_image
99973,Entodon concinnus,厚角绢藓,,,,,,,no_image
99993,Entodon scariosus,薄叶绢藓,,,,,,,no_image
146088,Entoloma albipes,,,,,,,,no_image
146108,Entoloma brunneolilacinum,褐紫粉褶蕈,,,,,,,no_image
146128,Entoloma corrugens,皱皮粉褶蕈,,,,,,,no_image
146168,Entoloma juncinum,,,,,,,,no_image
146188,Entoloma murrayi,方孢粉褶菌,,,,,,,no_image
146148,Entoloma fragilipes,脆柄粉褶菌,,,,,,,no_image
146208,Entoloma politum,光盖粉褶蕈,,,,,,,no_image
146228,Entoloma sericeum,丝状粉褶菌,,,,,,,no_image
146248,Entoloma subradiatum,,,,,,,,no_image
146268,Entoloma yunnanense,云南粉褶蕈,,,,,,,no_image
19050,Entomobrya indica,,,,,,,,no_image
155370,Entomophaga grylli,蝗噬虫霉,,,,,,,no_image
155390,Entomophthora coronata,冠孢虫霉,,,,,,,no_image
155410,Entomophthora kansana,堪萨虫霉,,,,,,,no_image
155430,Entomophthora virulenta,毒力虫霉,,,,,,,no_image
36503,Entoria hei,何氏长肛䗛,,,,,,,no_image
100009,Entosthodon buseanus,钝叶梨蒴藓,,,,,,,no_image
152829,Entyloma nymphaeae,,,,,,,,no_image
36525,Eodorcadion chinganicum,,,,,,,,no_image
36556,Eodorcadion rubrosuturale,,,,,,,,no_image
36571,Eolygus vittatus,纹曙丽盲蝽,,,,,,,no_image
36583,Eoscyllina wuzhishanensis,五指山埃蝗,,,,,,,no_image
9652,Eotetranychus hainanensis,,,,,,,,no_image
36592,Eospilarctia nehallenia,赭褐带东灯蛾,,,,,,,no_image
9678,Eotetranychus tiliarium,,,,,,,,no_image
75749,Eothenomys wardi,德钦绒鼠,,,,,,,no_image
36612,Eoxizicus maculata,斑翅东栖螽,,,,,,,no_image
15838,Epanerchodus martensi,,,,,,,,no_image
36631,Epacromius coerulipes,大垫尖翅蝗,,,,,,,no_image
36643,Epania subchalybeata,,,,,,,,no_image
36662,Epeurysa sinobambusae,唐竹短头飞虱,,,,,,,no_image
100038,Ephedra regeliana,细子麻黄,,,,,,,no_image
36703,Ephies thailandensis,,,,,,,,no_image
36679,Ephesia inconstans,幻光裳夜蛾,,,,,,,no_image
36719,Epiblema tetragonana,白薇小卷蛾,,,,,,,no_image
36732,Epicypta aterrima,黑缝埃菌蚊,,,,,,,no_image
36752,Epicypta sinuata,弯曲埃菌蚊,,,,,,,no_image
36761,Epidiplosis furcata,长叉端突瘿蚊,,,,,,,no_image
100064,Epilobium cylindricum,圆柱柳叶菜,,,,,,,no_image
100048,Epigeneium fuscescens,景东厚唇兰,,,,,,,no_image
100085,Epilobium sikkimense,鳞片柳叶菜,,,,,,,no_image
8813,Epilohmannia spathulata,勺上罗甲螨,,,,,,,no_image
100110,Epimedium franchetii,木鱼坪淫羊藿,,,,,,,no_image
100130,Epimedium platypetalum,茂汶淫羊藿,,,,,,,no_image
100154,Epimedium zhushanense,竹山淫羊藿,,,,,,,no_image
75792,Epinephelus spilotoceps,吻斑石斑鱼,,,,,,,no_image
75772,Epinephelus fuscoguttatus,棕点石斑鱼,,,,,,,no_image
36798,Epinotia tianshanensis,天山叶小卷蛾,,,,,,,no_image
36811,Epipedocera laticollis,,,,,,,,no_image
36823,Epiphragma breve,短突艾大蚊,,,,,,,no_image
36842,Epiplema plagifera,列星蛱蛾,,,,,,,no_image
36853,Epipsestis endoi,织平波纹蛾,,,,,,,no_image
36877,Episcaphium dabashanum,,,,,,,,no_image
11550,Episinus xiushanicus,秀山丘腹蛛,,,,,,,no_image
36891,Epistaurus aberrans,长翅十字蝗,,,,,,,no_image
36919,Epistrophe jilinensis,吉林垂边蚜蝇,,,,,,,no_image
36939,Episyrphus graptus,有色黑带蚜蝇,,,,,,,no_image
10240,Epitrimerus pini,,,,,,,,no_image
10195,Epitrimerus argyris,,,,,,,,no_image
36956,Epoligosita brachysiphonia,短管爱波赤眼蜂,,,,,,,no_image
75814,Eptesicus nilssonii,北棕蝠,,,,,,,no_image
75823,Equus hemionus,蒙古野驴,,,,,,,no_image
100214,Eragrostis minor,小画眉草,,,,,,,no_image
100236,Eranthis lobulata,浅裂菟葵,,,,,,,no_image
36994,Erebophasma subvittata,缀白冥夜蛾,,,,,,,no_image
9079,Eremaeus borealis,北龙足甲螨,,,,,,,no_image
37013,Eremippus barbarus,荒漠蚍蝗,,,,,,,no_image
100242,Eremochloa bimaculata,西南马陆草,,,,,,,no_image
100264,Eremogone ischnophylla,瘦叶雪灵芝,,,,,,,no_image
9351,Eremulus australis,南方沙甲螨,,,,,,,no_image
100288,Eria corneri,半柱毛兰,,,,,,,no_image
37042,Erichsonius japonicus,,,,,,,,no_image
14144,Erigone dentipalpis,齿肢微蛛,,,,,,,no_image
100309,Erigeron bellioides,类雏菊飞蓬,,,,,,,no_image
100329,Erigeron oreades,山地飞蓬,,,,,,,no_image
138607,Erinella juncicola,,,,,,,,no_image
100369,Eriocaulon buergerianum,谷精草,,,,,,,no_image
100350,Eriobotrya deflexa,台湾枇杷,,,,,,,no_image
100393,Eriocaulon rockianum,玉龙山谷精草,,,,,,,no_image
37058,Eriococcus crassispinus,沙蒿绒蚧,,,,,,,no_image
100415,Eriocycla pelliotii,新疆绒果芹,,,,,,,no_image
37088,Eriopeltis stipae,枝背刺毡蜡蚧,,,,,,,no_image
37099,Erioptera orientalis,东洋绵大蚊,,,,,,,no_image
10038,Eriophyes zhangyeensis,,,,,,,,no_image
37113,Eriosoma spirifolium,螺叶绵蚜,,,,,,,no_image
10904,Eriovixia excelsa,高大毛园蛛,,,,,,,no_image
37151,Eristalis japonicus,日本管蚜蝇,,,,,,,no_image
75856,Erisphex simplex,平滑虻鲉,,,,,,,no_image
100461,Eritrichium medicarpum,青海齿缘草,,,,,,,no_image
100441,Eritrichium canum,灰毛齿缘草,,,,,,,no_image
37168,Ernestinus pallidiscutum,淡盾芋盲蝽,,,,,,,no_image
2433,Erosaria boivinii,玻芬眼球贝,,,,,,,no_image
75866,Erromyzon yangi,杨氏近原吸鳅,,,,,,,no_image
100493,Erycibe hainanensis,毛叶丁公藤,,,,,,,no_image
155454,Erynia ithacensis,伊萨虫疫霉,,,,,,,no_image
155434,Erynia blunckii,,,,,,,,no_image
100507,Erysimum benthamii,四川糖芥,,,,,,,no_image
100529,Erysimum roseum,红紫桂竹香,,,,,,,no_image
137946,Erysiphe baeumleri,,,,,,,,no_image
137966,Erysiphe diervillae,,,,,,,,no_image
137986,Erysiphe hyperici,,,,,,,,no_image
138006,Erysiphe pannosa,,,,,,,,no_image
138026,Erysiphe symplocicola,,,,,,,,no_image
100538,Erythranthe nepalensis,尼泊尔沟酸浆,,,,,,,no_image
37197,Erythrocera genalis,狭颊赤寄蝇,,,,,,,no_image
37201,Erythromma najas,红眼蟌,,,,,,,no_image
37207,Erythrus championi,,,,,,,,no_image
100579,Eschenbachia japonica,白酒草,,,,,,,no_image
37224,Estheria cristata,克依寄蝇,,,,,,,no_image
37242,Etanna atrifasciata,黑纹义夜蛾,,,,,,,no_image
5893,Ethusa indica,印度四额齿蟹,,,,,,,no_image
185,Etisus utilis,有利滑面蟹,,,,,,,no_image
37262,Euagathis forticarinata,强脊真径茧蜂,,,,,,,no_image
4190,Etrema minutissimelirata,褐带腹螺,,,,,,,no_image
37287,Eublemma cochylioides,涡猎夜蛾,,,,,,,no_image
16991,Euamphimerus cygnoides,天鹅真对体吸虫,,,,,,,no_image
100594,Eucalyptus amplifolia,广叶桉,,,,,,,no_image
37319,Eucera tuberculata,瘤长须蜂,,,,,,,no_image
100619,Eucalyptus robusta,桉,,,,,,,no_image
4503,Euchelus instrictus,维提真蹄螺,,,,,,,no_image
18488,Euchlanis parva,小须足轮虫,,,,,,,no_image
37337,Euchrysops cnejus,棕灰蝶,,,,,,,no_image
37381,Euconnus taiwanus,,,,,,,,no_image
37361,Euconnus alesi,,,,,,,,no_image
4206,Eucithara himerta,梯纵肋螺,,,,,,,no_image
37413,Eucyclodes albiradiata,白弧彩青尺蛾,,,,,,,no_image
37398,Eucosma melanoneura,黑脉花小卷蛾,,,,,,,no_image
4332,Eucyclotoma lactea,盘肋螺,,,,,,,no_image
37441,Eudemis lucina,鄂圆点小卷蛾,,,,,,,no_image
37455,Eudia pavonia,蔷薇大蚕蛾,,,,,,,no_image
37469,Eudohrnia metallica,垂缘螋,,,,,,,no_image
37487,Eudorylas minor,体小优头蝇,,,,,,,no_image
2192,Eufistulana grandis,多粒开腹蛤,,,,,,,no_image
37515,Eugoa arida,素良苔蛾,,,,,,,no_image
37535,Eugryllacris fallax,秋优蟋螽,,,,,,,no_image
37554,Euhampsonia cristata,黄二星舟蛾,,,,,,,no_image
18058,Eukerria saltensis,萨尔托角蚓,,,,,,,no_image
100648,Eulalia pallens,白健秆,,,,,,,no_image
37599,Eulecanium nigrivitta,黑条球蜡蚧,,,,,,,no_image
100670,Eulophia pulchra,美花美冠兰,,,,,,,no_image
37624,Eulocastra excisa,波悠夜蛾,,,,,,,no_image
37646,Eumecocera callosicollis,,,,,,,,no_image
37657,Eumerus ammophilus,羊角平颜蚜蝇,,,,,,,no_image
37677,Eumerus spinimanus,刺跗平颜蚜蝇,,,,,,,no_image
13046,Euochin subwanyan,近蜿蜒斑华蛛,,,,,,,no_image
5691,Eunaticina linnaeana,线纹真玉螺,,,,,,,no_image
100700,Euonymus dielsianus,裂果卫矛,,,,,,,no_image
100740,Euonymus oxyphyllus,垂丝卫矛,,,,,,,no_image
100720,Euonymus hupehensis,湖北卫矛,,,,,,,no_image
100762,Euonymus ternifolius,韩氏卫矛,,,,,,,no_image
12840,Euophrys kataokai,卡氏斑蛛,,,,,,,no_image
100793,Eupatorium shimadae,毛果泽兰,,,,,,,no_image
37725,Eupeodes lepidi,雅优蚜蝇,,,,,,,no_image
37701,Euparatettix indicus,印悠背蚱,,,,,,,no_image
100829,Euphorbia hyssopifolia,紫斑大戟,,,,,,,no_image
37743,Euphaea ornata,宽带溪蟌,,,,,,,no_image
100849,Euphorbia monocyathium,单伞大戟,,,,,,,no_image
100809,Euphorbia dracunculoides,蒿状大戟,,,,,,,no_image
100869,Euphorbia sororia,对叶大戟,,,,,,,no_image
37751,Euphorus suturus,缝优茧蜂,,,,,,,no_image
37779,Euphyia submarginata,亚缘游尺蛾,,,,,,,no_image
100891,Euphrasia nankotaizanensis,高山小米草,,,,,,,no_image
4986,Euplectella timorensis,帝汶偕老同穴,,,,,,,no_image
37829,Euplexia picturata,绣锦夜蛾,,,,,,,no_image
7469,Euphysora interogona,间腺真囊水母,,,,,,,no_image
37854,Euploea phaenareta,大紫斑蝶,,,,,,,no_image
37810,Euplectrus medanensis,玫登距小蜂,,,,,,,no_image
5058,Eupontonia noctalbata,夜真隐虾,,,,,,,no_image
37913,Euproctis glaphyra,火黄毒蛾,,,,,,,no_image
37893,Euproctis collenettei,白黄毒蛾,,,,,,,no_image
37933,Euproctis magna,褐黄毒蛾,,,,,,,no_image
37953,Euproctis pterofera,小黄毒蛾,,,,,,,no_image
37973,Euproctis varia,瑞星黄毒蛾,,,,,,,no_image
38015,Eurema brigitta,无标黄粉蝶,,,,,,,no_image
37990,Eupyrgota furvimaculis,黑斑真蜣蝇,,,,,,,no_image
38025,Eurhynchothrips ordinarius,杧果佳喙管蓟马,,,,,,,no_image
100938,Eurya crenatifolia,钝齿柃,,,,,,,no_image
75934,Euroscaptor micrurus,短尾鼹,,,,,,,no_image
100963,Eurya kueichowensis,贵州毛柃,,,,,,,no_image
100987,Eurya perserrata,尖齿叶柃,,,,,,,no_image
101011,Eurya taitungensis,清水山柃,,,,,,,no_image
8421,Eurydice longiantenata,长鞭宽水虱,,,,,,,no_image
11665,Euryopis mingyaoi,民谣宽胸蛛,,,,,,,no_image
38070,Eurystylopsis chinensis,中国拟厚盲蝽,,,,,,,no_image
125,Euryxanthops lividus,蓝邻扇蟹,,,,,,,no_image
38099,Eusarima indeserta,茵美萨瓢蜡蝉,,,,,,,no_image
38119,Eusarimodes maculosus,似美萨瓢蜡蝉,,,,,,,no_image
13328,Eusparassus flavidus,淡黄艾舞蛛,,,,,,,no_image
38156,Eusphalerum jiudingense,,,,,,,,no_image
38176,Eusphalerum smetanai,,,,,,,,no_image
38228,Eusudasina quinquemaculata,五斑角唇瓢蜡蝉,,,,,,,no_image
38202,Eustroma elista,菱褥尺蛾,,,,,,,no_image
38190,Eusteniamorpha chinensis,,,,,,,,no_image
38243,Eutelia stictoprocta,白点尾夜蛾,,,,,,,no_image
38292,Euthalia lepidea,白裙翠蛱蝶,,,,,,,no_image
38261,Eutetrapha tianmushana,,,,,,,,no_image
38332,Eutheia simillima,,,,,,,,no_image
38357,Euthrix sherpai,谢纹枯叶蛾,,,,,,,no_image
38375,Euthystira yuzhongensis,榆中直背蝗,,,,,,,no_image
101033,Eutrema altaicum,沟子荠,,,,,,,no_image
101055,Eutrema schulzii,宽框荠,,,,,,,no_image
16113,Eutrichodesmus grandifoliatus,,,,,,,,no_image
38402,Eutrichota tuberifolia,突叶叉泉蝇,,,,,,,no_image
38382,Eutrichogramma elongatum,长棒优赤眼蜂,,,,,,,no_image
144536,Eutypella sorbi,,,,,,,,no_image
38425,Euxoa determinata,定切夜蛾,,,,,,,no_image
38445,Evacanthus albicostatus,白边横脊叶蝉,,,,,,,no_image
38465,Evacanthus kuohi,葛氏横脊叶蝉,,,,,,,no_image
38485,Evacanthus uncinatus,端钩横脊叶蝉,,,,,,,no_image
38488,Evaza bicolor,双色寡毛水虻,,,,,,,no_image
75958,Eviota distigma,细身矶塘鳢,,,,,,,no_image
142990,Everhartia tumidoapicis,,,,,,,,no_image
16487,Evippa lugubris,暗色艾狼蛛,,,,,,,no_image
38514,Exallonyx acuticlasper,针铗叉齿细蜂,,,,,,,no_image
38534,Exallonyx brevistigmus,短痣叉齿细蜂,,,,,,,no_image
38554,Exallonyx ellipsituberculus,椭瘤叉齿细蜂,,,,,,,no_image
38574,Exallonyx gui,古氏叉齿细蜂,,,,,,,no_image
38594,Exallonyx liangshanensis,凉山叉齿细蜂,,,,,,,no_image
38634,Exallonyx pilosus,长毛叉齿细蜂,,,,,,,no_image
38614,Exallonyx neimongolensis,内蒙古叉齿细蜂,,,,,,,no_image
38654,Exallonyx shennongensis,神农叉齿细蜂,,,,,,,no_image
38674,Exallonyx tibetanus,西藏叉齿细蜂,,,,,,,no_image
38694,Exallonyx yongxii,永禧叉齿细蜂,,,,,,,no_image
101087,Excoecaria cochinchinensis,红背桂,,,,,,,no_image
5200,Exhippolysmata ensirostris,长额拟鞭腕虾,,,,,,,no_image
148858,Exidiopsis laccata,光亮拟黑耳,,,,,,,no_image
38728,Exocentrus blanditus,,,,,,,,no_image
152854,Exobasidium pieridis,南烛外担子菌,,,,,,,no_image
38750,Exocentrus kentingensis,,,,,,,,no_image
38770,Exocentrus taniguchii,,,,,,,,no_image
1131,Exogone naidina,艾裂虫,,,,,,,no_image
38782,Exoprosopa citreum,黄尾庸蜂虻,,,,,,,no_image
38822,Exorista rossica,毛虫追寄蝇,,,,,,,no_image
38802,Exorista fasciata,条纹追寄蝇,,,,,,,no_image
5479,Exotica awajiensis,淡路泊来蛤,,,,,,,no_image
142994,Exserticlava yunnanensis,,,,,,,,no_image
101141,Fagus longipetiolata,水青冈,,,,,,,no_image
101120,Fabronia secunda,偏叶碎米藓,,,,,,,no_image
101105,Faberia lancifolia,披针叶花佩菊,,,,,,,no_image
16588,Falcileptoneta shuanglong,双龙镰弱蛛,,,,,,,no_image
38888,Falsomesosella unicolor,,,,,,,,no_image
38873,Falkovitsh expeditana,光轮小卷蛾,,,,,,,no_image
38908,Fannia biseta,二鬃厕蝇,,,,,,,no_image
38928,Fannia doxonlaensis,多雄拉厕蝇,,,,,,,no_image
38948,Fannia kelaenohaltera,暗棒厕蝇,,,,,,,no_image
38968,Fannia montana,山厕蝇,,,,,,,no_image
39008,Fannia stigi,虎足厕蝇,,,,,,,no_image
38988,Fannia posticata,珍稀厕蝇,,,,,,,no_image
39028,Fannia zhangi,张氏厕蝇,,,,,,,no_image
101169,Fargesia declivis,斜倚箭竹,,,,,,,no_image
101189,Fargesia huizensis,会泽箭竹,,,,,,,no_image
101229,Fargesia vicina,紫序箭竹,,,,,,,no_image
101209,Fargesia plurisetosa,密毛箭竹,,,,,,,no_image
154955,Farysia subolivacea,,,,,,,,no_image
17514,Favartia cyclostoma,半红蜂巢螺,,,,,,,no_image
7337,Favites chinensis,中华角蜂巢珊瑚,,,,,,,no_image
151238,Favolus junghuhnii,棱盖棱孔菌,,,,,,,no_image
76028,Fejervarya multistriata,泽陆蛙,,,,,,,no_image
135470,Fellhanera semecarpi,,,,,,,,no_image
39055,Fengia ostindicae,印东冯麻蝇,,,,,,,no_image
39070,Ferdinandea nigrifrons,黑额鬃胸蚜蝇,,,,,,,no_image
101260,Ferula fukanensis,阜康阿魏,,,,,,,no_image
101282,Ferula songarica,准噶尔阿魏,,,,,,,no_image
101303,Festuca dolichantha,长花羊茅,,,,,,,no_image
101323,Festuca longiglumis,长颖羊茅,,,,,,,no_image
101348,Festuca trichovagina,毛鞘羊茅,,,,,,,no_image
39079,Ficalbia minima,最小费蚊,,,,,,,no_image
101367,Ficus ampelos,菲律宾榕,,,,,,,no_image
101391,Ficus drupacea,枕果榕,,,,,,,no_image
101416,Ficus heteropleura,尾叶榕,,,,,,,no_image
101436,Ficus pedunculosa,蔓榕,,,,,,,no_image
101500,Ficus variolosa,变叶榕,,,,,,,no_image
101476,Ficus simplicissima,极简榕,,,,,,,no_image
39092,Filchneria heteroptera,异翅费(虫责),,,,,,,no_image
101511,Filipendula kiraishiensis,台湾蚊子草,,,,,,,no_image
101527,Fimbristylis cymosa,黑果飘拂草,,,,,,,no_image
101557,Fimbristylis nanningensis,南宁飘拂草,,,,,,,no_image
101582,Fimbristylis tainanensis,台南飘拂草,,,,,,,no_image
101590,Firmiana daweishanensis,大围山梧桐,,,,,,,no_image
101608,Fissidens closteri,微形凤尾藓,,,,,,,no_image
101632,Fissidens hyalinus,透明凤尾藓,,,,,,,no_image
101655,Fissidens schusteri,舒氏凤尾藓,,,,,,,no_image
101671,Fissistigma cupreonitens,金果瓜馥木,,,,,,,no_image
136846,Fissurina columbina,鸽色裂隙衣,,,,,,,no_image
6447,Fistulobalanus albicostatus,白脊管藤壶,,,,,,,no_image
101692,Flacourtia mollis,毛叶刺篱木,,,,,,,no_image
148197,Flammula piceina,,,,,,,,no_image
39114,Flatiforma guizhouensis,贵州扁瓢蜡蝉,,,,,,,no_image
39133,Flavinarosa ptaha,川瑰刺蛾,,,,,,,no_image
101705,Flemingia involucrata,总苞千斤拔,,,,,,,no_image
12152,Flexicoelotes pingzhaiensis,平寨弯隙蛛,,,,,,,no_image
39144,Fodina oriolus,符夜蛾,,,,,,,no_image
101738,Flindersia amboinensis,巨盘木,,,,,,,no_image
14286,Floronia jiuhuensis,九湖弗蛛,,,,,,,no_image
18854,Folsomia aquatica,,,,,,,,no_image
18821,Folsomia palaearctica,,,,,,,,no_image
151243,Fomes amboinensis,,,,,,,,no_image
151263,Fomes flexipes,,,,,,,,no_image
151283,Fomes macer,,,,,,,,no_image
151323,Fomes subrugosus,,,,,,,,no_image
150123,Fomitiporia mediterranea,地中海嗜蓝孢孔菌,,,,,,,no_image
151303,Fomes prunicola,,,,,,,,no_image
150888,Fomitopsis pseudopetchii,类彼特拟层孔菌,,,,,,,no_image
39152,Forcipomyia ambientis,迂回铗蠓,,,,,,,no_image
39172,Forcipomyia calamistrata,具齿铗蠓,,,,,,,no_image
39192,Forcipomyia deformis,畸形铗蠓,,,,,,,no_image
39212,Forcipomyia guangdongensis,广东铗蠓,,,,,,,no_image
39232,Forcipomyia largus,富足铗蠓,,,,,,,no_image
39272,Forcipomyia picturatus,修饰铗蠓,,,,,,,no_image
39252,Forcipomyia minor,小型铗蠓,,,,,,,no_image
39292,Forcipomyia sauteri,邵氏铗蠓,,,,,,,no_image
39312,Forcipomyia wudangensis,武当铗蠓,,,,,,,no_image
39332,Forda multicoma,毛多五节根蚜,,,,,,,no_image
39354,Forficula planicollis,仰球螋,,,,,,,no_image
39334,Forficula ambigua,质球螋,,,,,,,no_image
39373,Formicococcus schimae,柯蚁粉蚧,,,,,,,no_image
39405,Formosolva concavifrons,凹额丽木虻,,,,,,,no_image
39385,Formosatettix arisanensis,阿里山台蚱,,,,,,,no_image
101791,Forsstroemia trichomitria,残齿藓,,,,,,,no_image
39417,Foveolatacris gansuacrisis,甘肃窝蝗,,,,,,,no_image
101816,Fragaria orientalis,东方草莓,,,,,,,no_image
101831,Frankenia pulverulenta,瓣鳞花,,,,,,,no_image
101840,Fraxinus ferruginea,锈毛梣,,,,,,,no_image
101865,Fraxinus xanthoxyloides,椒叶梣,,,,,,,no_image
19248,Friesea truncatopilosa,,,,,,,,no_image
101876,Fritillaria karelinii,砂贝母,,,,,,,no_image
153354,Frommea duchesneae,蛇莓串孢锈菌,,,,,,,no_image
39468,Frontopsylla liui,柳氏额蚤,,,,,,,no_image
39496,Fruhstorferiola omei,峨眉腹露蝗,,,,,,,no_image
101915,Frullania claviloba,棒瓣耳叶苔,,,,,,,no_image
101946,Frullania handelii,韩氏耳叶苔,,,,,,,no_image
101968,Frullania nepalensis,尼泊尔耳叶苔,,,,,,,no_image
101989,Frullania riparia,原瓣耳叶苔,,,,,,,no_image
102017,Frullania zhenjingensis,浙江耳叶苔,,,,,,,no_image
150136,Fulvifomes chinensis,,,,,,,,no_image
137654,Fulgensia schistidii,苔生拟橙衣,,,,,,,no_image
39515,Fulvius tagalicus,暗尖头盲蝽,,,,,,,no_image
7838,Fungiacyathus turbinolioides,拟陀螺菌杯珊,,,,,,,no_image
711,Funchalia taaningi,柔毛刺颚虾,,,,,,,no_image
155469,Furia creatonoti,灰灯蛾虫瘅霉,,,,,,,no_image
142033,Fusarium annulatum,,,,,,,,no_image
142053,Fusarium flocciferum,,,,,,,,no_image
137681,Fuscidea mollis,软棕网盘,,,,,,,no_image
142073,Fusarium poae,,,,,,,,no_image
137249,Fuscopannaria saltuensis,森林棕鳞衣,,,,,,,no_image
134265,Fusicladium theae,,,,,,,,no_image
150170,Fuscoporia quercina,栎褐孔菌,,,,,,,no_image
39539,Gabala argentata,银斑砌石夜蛾,,,,,,,no_image
39559,Gabrius emeishanus,,,,,,,,no_image
39579,Gabrius praesignis,,,,,,,,no_image
39600,Gabrius zhaoi,,,,,,,,no_image
379,Gafraium dispar,颗粒加夫蛤,,,,,,,no_image
102050,Gagea ixiolirioides,紫斑洼瓣花,,,,,,,no_image
139953,Galactinia atrovinosa,,,,,,,,no_image
16844,Gagrellula geminata,倍拟盾刺盲蛛,,,,,,,no_image
39611,Gagitodes plumbeata,铅尺蛾,,,,,,,no_image
139973,Galactinia violacea,,,,,,,,no_image
597,Galathea orientalis,东方铠甲虾,,,,,,,no_image
7078,Galaxea fascicularis,丛生盔形珊瑚,,,,,,,no_image
102110,Galeola nudifolia,蔓生山珊瑚,,,,,,,no_image
146540,Galerina filiformis,细条盔孢菌,,,,,,,no_image
146560,Galerina sulciceps,条盖盔孢伞,,,,,,,no_image
102114,Galitzkya potaninii,大果翅籽荠,,,,,,,no_image
102165,Galium ghilanicum,姬兰拉拉藤,,,,,,,no_image
102185,Galium paniculatum,圆锥拉拉藤,,,,,,,no_image
102207,Galium triflorum,三花拉拉藤,,,,,,,no_image
102221,Galphimia gracilis,金英,,,,,,,no_image
15348,Gamasomorpha virgulata,条纹加马蛛,,,,,,,no_image
6274,Gammaropsis trispinosus,三刺拟钩虾,,,,,,,no_image
39630,Gampsocera lanceolate,矛形曲角秆蝇,,,,,,,no_image
151341,Ganoderma adspersum,广布灵芝,,,,,,,no_image
39651,Gandaritis flavescens,半黄枯叶尺蛾,,,,,,,no_image
151361,Ganoderma bicharacteristicum,兼性灵芝,,,,,,,no_image
151381,Ganoderma crebrostriatum,密纹灵芝,,,,,,,no_image
151401,Ganoderma guinanense,桂南灵芝,,,,,,,no_image
151441,Ganoderma noukahivense,,,,,,,,no_image
151421,Ganoderma luteum,黄灵芝,,,,,,,no_image
151461,Ganoderma pulverulentum,,,,,,,,no_image
151481,Ganoderma sprucei,韩国灵芝,,,,,,,no_image
151501,Ganoderma tsugae,,,,,,,,no_image
39669,Ganus pallicarinatus,淡脊赣飞虱,,,,,,,no_image
102249,Garcinia nujiangensis,怒江藤黄,,,,,,,no_image
8145,Gardineroseris planulata,加德纹珊瑚,,,,,,,no_image
3879,Gari elongate,长紫云蛤,,,,,,,no_image
102285,Garnotia yunnanensis,云南耳稃草,,,,,,,no_image
76194,Garra rotundinasus,圆鼻墨头鱼,,,,,,,no_image
102293,Garuga forrestii,白头树,,,,,,,no_image
76226,Gasterosteus aculeatus,三刺鱼,,,,,,,no_image
102304,Gastrochilus brevifimbriatus,短苏盆距兰,,,,,,,no_image
102324,Gastrochilus lihengiae,纤细盆距兰,,,,,,,no_image
102344,Gastrochilus setosus,刚毛盆距兰,,,,,,,no_image
102361,Gastrodia albida,无喙天麻,,,,,,,no_image
149148,Gastroleccinum scabrosum,粗糙腹疣柄牛肝菌,,,,,,,no_image
102382,Gastrodia javanica,南天麻,,,,,,,no_image
39729,Gastropaga rougemonti,,,,,,,,no_image
39741,Gastrozona balioptera,短带羽角实蝇,,,,,,,no_image
17035,Gauhatiana pseudobagri,黄颡高哈吸虫,,,,,,,no_image
102429,Gaultheria longiracemosa,长序白珠,,,,,,,no_image
102450,Gaultheria taiwaniana,台湾白珠,,,,,,,no_image
39774,Gaurena gemella,拟花篝波纹蛾,,,,,,,no_image
149914,Gautieria gautierioides,高腹菌状高腹菌,,,,,,,no_image
76237,Gazza minuta,小牙鲾,,,,,,,no_image
149860,Geastrum melanocephalum,,,,,,,,no_image
12828,Gedea fungiformis,磨菇格德蛛,,,,,,,no_image
76256,Gekko kaiyai,大别山壁虎,,,,,,,no_image
102460,Gelasia ensifolia,剑叶鸦葱,,,,,,,no_image
102469,Gelidium divaricatum,小石花菜,,,,,,,no_image
102493,Gelidocalamus tessellatus,抽筒竹,,,,,,,no_image
140431,Genabea fragilis,易碎假基块菌,,,,,,,no_image
102496,Gelsemium elegans,钩吻,,,,,,,no_image
102501,Genista tinctoria,染料木,,,,,,,no_image
102508,Gentiana altigena,椭叶龙胆,,,,,,,no_image
102532,Gentiana burkillii,白条纹龙胆,,,,,,,no_image
102556,Gentiana curviphylla,弯叶龙胆,,,,,,,no_image
102580,Gentiana exquisita,丝瓣龙胆,,,,,,,no_image
102602,Gentiana heleonastes,针叶龙胆,,,,,,,no_image
102622,Gentiana lawrencei,湖边龙胆,,,,,,,no_image
102672,Gentiana panthaica,流苏龙胆,,,,,,,no_image
102646,Gentiana microphyta,微形龙胆,,,,,,,no_image
102698,Gentiana pubigera,柔毛龙胆,,,,,,,no_image
102726,Gentiana siphonantha,管花秦艽,,,,,,,no_image
102755,Gentiana tarokoensis,太鲁阁龙胆,,,,,,,no_image
102781,Gentiana veitchiorum,蓝玉簪龙胆,,,,,,,no_image
102808,Gentianella anomala,异萼假龙胆,,,,,,,no_image
102829,Geodorum attenuatum,大花地宝兰,,,,,,,no_image
39834,Geodromicus szechwanensis,,,,,,,,no_image
134862,Geoglossum irregulare,,,,,,,,no_image
39839,Geoica lucifuga,蔗根蚜,,,,,,,no_image
39859,Geometrinae Remiformvalva,叶绿尺蛾,,,,,,,no_image
140454,Geopora sumneriana,沙地孔菌,,,,,,,no_image
140472,Geopyxis vulcanalis,小孢地杯菌,,,,,,,no_image
102843,Geranium dahuricum,粗根老鹳草,,,,,,,no_image
102863,Geranium platyanthum,毛蕊老鹳草,,,,,,,no_image
102883,Geranium suzukii,黄花老鹳草,,,,,,,no_image
76300,Gerres longirostris,长吻银鲈,,,,,,,no_image
146997,Gerhardtia borealis,,,,,,,,no_image
153357,Gerwasia rosae,蔷薇卷丝锈菌,,,,,,,no_image
39881,Geranomyia pictorum,色长唇大蚊,,,,,,,no_image
39934,Gibberifera simplana,杨突小卷蛾,,,,,,,no_image
39923,Ghoria parvula,幼荷苔蛾,,,,,,,no_image
141833,Gibellula mirabilis,,,,,,,,no_image
102905,Gigantochloa felix,滇竹,,,,,,,no_image
76311,Girella leonina,小鳞黑鱾,,,,,,,no_image
155606,Gigaspora margarita,珠状巨抱囊霉,,,,,,,no_image
102934,Glaphyropteridopsis sichuanensis,四川方秆蕨,,,,,,,no_image
76314,Gladiogobius ensifer,剑形盖棘鰕虎,,,,,,,no_image
102938,Glaucium fimbrilligerum,海罂粟,,,,,,,no_image
102950,Glechoma grandis,日本活血丹,,,,,,,no_image
39975,Glenea atricornis,,,,,,,,no_image
39998,Glenea formosana,,,,,,,,no_image
40020,Glenea magdelainei,,,,,,,,no_image
40044,Glenea pseudoscalaris,,,,,,,,no_image
102967,Glinus lotoides,星粟草,,,,,,,no_image
40069,Glenea t-notata,,,,,,,,no_image
102979,Globba schomburgkii,双翅舞花姜,,,,,,,no_image
8507,Globovula margarita,珠圆梭螺,,,,,,,no_image
102998,Glochidion medogense,墨脱算盘子,,,,,,,no_image
149924,Gloeocantharellus purpurascens,紫色黏漏斗菌,,,,,,,no_image
149891,Gloeophyllum sepiarium,篱边粘褶菌,,,,,,,no_image
137914,Gloeosporium theae,,,,,,,,no_image
155651,Glomus aureum,金黄球囊霉,,,,,,,no_image
155671,Glomus convolutum,卷曲球囊霉,,,,,,,no_image
155691,Glomus formosanum,台湾球囊霉,,,,,,,no_image
155711,Glomus invermaius,,,,,,,,no_image
155731,Glomus mortonii,莫顿球囊霉,,,,,,,no_image
155751,Glomus sinuosum,弯丝球囊霉,,,,,,,no_image
155771,Glomus zaozhuangianum,,,,,,,,no_image
10317,Glossilus yunbimus,,,,,,,,no_image
76349,Gloydius cognatus,阿拉善蝮,,,,,,,no_image
3602,Glycera capitata,头吻沙蚕,,,,,,,no_image
3579,Glycera unicornis,吻沙蚕,,,,,,,no_image
103039,Glycine ×,宽叶蔓豆,,,,,,,no_image
103063,Glycyrrhiza aspera,粗毛甘草,,,,,,,no_image
16077,Glyphiulus beroni,贝龙雕马陆,,,,,,,no_image
16067,Glyphiulus paracostulifer,拟棱雕马陆,,,,,,,no_image
40100,Glyphocassis spilota,豹短椭龟甲,,,,,,,no_image
4881,Glyptelasma hamatum,钩雕茗荷,,,,,,,no_image
40118,Glyptotermes daiyunensis,戴云树白蚁,,,,,,,no_image
103090,Glyptopetalum rhytidophyllum,皱叶沟瓣木,,,,,,,no_image
40138,Glyptotermes parvus,小树白蚁,,,,,,,no_image
103098,Gmelina hainanensis,苦梓,,,,,,,no_image
76382,Glyptothorax lampris,丽纹胸&#x0000E065;,,,,,,,no_image
13736,Gnaphosa leporina,兔平腹蛛,,,,,,,no_image
40150,Gnaptorina australis,南方小琵甲,,,,,,,no_image
40170,Gnaptorina platytarsia,宽跗小琵甲,,,,,,,no_image
76407,Gnathopogon nicholsi,隐须颌须&#x0000E068;,,,,,,,no_image
14126,Gnathonarium taczanowskii,塔克额角蛛,,,,,,,no_image
3832,Gnomoxyala breviseta,短尾格来线虫,,,,,,,no_image
40197,Gnezdilovius affinis,方格氏瓢蜡蝉,,,,,,,no_image
40217,Gnezdilovius pendulus,吊格氏瓢蜡蝉,,,,,,,no_image
40251,Gnypeta pagodarum,,,,,,,,no_image
76424,Gobiobotia filifer,宜昌鳅,,,,,,,no_image
76444,Gobiodon unicolor,灰叶鰕虎,,,,,,,no_image
103126,Gollania clarescens,粗枝藓,,,,,,,no_image
138044,Golovinomyces cynoglossi,,,,,,,,no_image
149928,Gomphus fujisanensis,,,,,,,,no_image
40269,Gomphidictinus tongi,童氏类春蜓,,,,,,,no_image
103152,Gomphostemma chinense,中华锥花,,,,,,,no_image
10665,Gongella carpini,,,,,,,,no_image
3278,Goniada vorax,旋角吻沙蚕,,,,,,,no_image
40298,Gonia atra,深黑膝芒寄蝇,,,,,,,no_image
40319,Gonioctena filippovi,费氏角胫叶甲,,,,,,,no_image
40339,Gonioctena sibirica,西伯利亚角胫叶甲,,,,,,,no_image
40357,Goniogryllus octospinatus,八刺哑蟋,,,,,,,no_image
103193,Goniophlebium hendersonii,喜马拉雅水龙骨,,,,,,,no_image
10690,Goniopora minor,小角孔珊瑚,,,,,,,no_image
76464,Goniurosaurus zhelongi,蛰龙睑虎,,,,,,,no_image
103218,Goniothalamus sesquipedalis,皱叶哥纳香,,,,,,,no_image
40413,Gonomyia subcognatella,长刺祖大蚊,,,,,,,no_image
3346,Gonodactylus childi,齐氏指虾蛄,,,,,,,no_image
40393,Gonomyia funesta,小绳祖大蚊,,,,,,,no_image
103252,Goodyera vittata,秀丽斑叶兰,,,,,,,no_image
103230,Goodyera bomiensis,波密斑叶兰,,,,,,,no_image
40422,Gorpis japonicus,日本高姬蝽,,,,,,,no_image
103270,Gracilaria arcuata,弓江蓠,,,,,,,no_image
103293,Gracilaria mixta,混合江蓠,,,,,,,no_image
76508,Grammatorcynus bilineatus,大眼双线鲭,,,,,,,no_image
40450,Grammoptera debilipes,细足直花天牛,,,,,,,no_image
76485,Gracixalus medogensis,墨脱纤树蛙,,,,,,,no_image
3848,Grandifoxus cuspis,尖叶大狐钩虾,,,,,,,no_image
136870,Graphina mendax,,,,,,,,no_image
136888,Graphis cervinonigra,黑红文字衣,,,,,,,no_image
136928,Graphis marginata,金边文字衣,,,,,,,no_image
136908,Graphis fujianensis,福建文字衣,,,,,,,no_image
136948,Graphis tenoriensis,,,,,,,,no_image
40484,Grapholita dactyla,手指小食心虫,,,,,,,no_image
8773,Graptacme lactea,乳状肋角贝,,,,,,,no_image
103309,Grateloupia acuminata,顶状蜈蚣藻,,,,,,,no_image
103329,Grateloupia livida,舌状蜈蚣藻,,,,,,,no_image
140474,Greletia verrucispora,,,,,,,,no_image
103361,Grewia kwangtungensis,广东扁担杆,,,,,,,no_image
150908,Grifola lucida,,,,,,,,no_image
103400,Grimmia pilifera,毛尖紫萼藓,,,,,,,no_image
144174,Grosmannia yunnanensis,,,,,,,,no_image
40533,Grypoctonus lama,薄驼食虫虻,,,,,,,no_image
4760,Guernea sinica,华微钩虾,,,,,,,no_image
131861,Guignardia linderae,,,,,,,,no_image
12165,Guilotes yandongensis,燕峒桂隙蛛,,,,,,,no_image
136805,Gyalidea japonica,日本星盘衣,,,,,,,no_image
40552,Gunungidia maculata,纹翅突额叶蝉,,,,,,,no_image
40566,Gymnadichosia nitidapex,彩端裸变丽蝇,,,,,,,no_image
40577,Gymnocheta mesnili,梅斯亮寄蝇,,,,,,,no_image
40571,Gymnastes omeicola,峨眉奇斑大蚊,,,,,,,no_image
76545,Gymnocypris potanini,,,,,,,,no_image
76559,Gymnogobius macrognathos,大颌裸身鰕虎,,,,,,,no_image
40587,Gymnophora nonpachyneura,细脉寡蚤蝇,,,,,,,no_image
146582,Gymnopilus flavus,,,,,,,,no_image
146602,Gymnopilus spectabilis,桔黄裸伞,,,,,,,no_image
40606,Gymnopternus hygrus,湿行脉长足虻,,,,,,,no_image
147571,Gymnopus foetidus,,,,,,,,no_image
40626,Gymnopternus shimentaiensis,石门台行脉长足虻,,,,,,,no_image
147591,Gymnopus stenophyllus,,,,,,,,no_image
103481,Gymnosphaera bonii,结脉黑桫椤,,,,,,,no_image
153205,Gymnosporangium globosum,球瘤胶锈,,,,,,,no_image
153225,Gymnosporangium unicorne,,,,,,,,no_image
103505,Gymnostachyum listeri,云南裸柱草,,,,,,,no_image
76574,Gymnothorax favagineus,豆点裸胸鳝,,,,,,,no_image
76594,Gymnothorax poikilospilus,杂色裸胸鳝,,,,,,,no_image
76614,Gymnura japonica,日本燕魟,,,,,,,no_image
76617,Gynandropaa phrynoides,东川棘蛙,,,,,,,no_image
103540,Gynostemma yixingense,喙果绞股蓝,,,,,,,no_image
76627,Gypsophila brevicaudata,短尾鹪鹛,,,,,,,no_image
40664,Gyranusoidea hecale,,,,,,,,no_image
149466,Gyrodon exiguus,短小圆孢牛肝菌,,,,,,,no_image
139705,Gyromitra sichuanensis,四川鹿花菌,,,,,,,no_image
40709,Gyrophaena discoidea,,,,,,,,no_image
40689,Gyrophaena beijingensis,,,,,,,,no_image
40729,Gyrophaena kangdingensis,,,,,,,,no_image
40749,Gyrophaena opacicollis,,,,,,,,no_image
40769,Gyrophaena secreta,,,,,,,,no_image
40789,Gyrophaena taiwaculeifera,,,,,,,,no_image
40809,Gyrophaena zhouzhiensis,,,,,,,,no_image
143030,Gyrothrix microsperma,,,,,,,,no_image
103596,Habenaria davidii,长距玉凤花,,,,,,,no_image
103616,Habenaria linearifolia,线叶十字兰,,,,,,,no_image
103636,Habenaria schindleri,十字兰,,,,,,,no_image
103648,Habrodon perpusillus,柔齿藓,,,,,,,no_image
40839,Habropoda ventiscopula,腹毛刷回条蜂,,,,,,,no_image
18695,Habrotrocha solida,实心宿轮虫,,,,,,,no_image
76631,Hadromys yunnanensis,云南壮鼠,,,,,,,no_image
40879,Hadena persparcata,褐绿盗夜蛾,,,,,,,no_image
40911,Haematobosca sanguinolenta,刺血喙蝇,,,,,,,no_image
40921,Haematopota chengyongi,成勇麻虻,,,,,,,no_image
40941,Haematopota lata,扁角麻虻,,,,,,,no_image
40981,Haematopota vexativa,骚扰麻虻,,,,,,,no_image
40961,Haematopota pluvialis,高额麻虻,,,,,,,no_image
40994,Haemorrhagia staudingeri,,,,,,,,no_image
41007,Hagenomyia coalitus,连脉哈蚁蛉,,,,,,,no_image
12012,Hahnia subcorticicola,近栓栅蛛,,,,,,,no_image
76636,Halaelurus buergeri,梅花鲨,,,,,,,no_image
7084,Halecium pygmaeum,矮碟螅,,,,,,,no_image
76659,Halicampus macrorhynchus,大吻海蠋鱼,,,,,,,no_image
76672,Halichoeres melanurus,黑尾海猪鱼,,,,,,,no_image
3545,Haliclona baeri,瘦小蜂海绵,,,,,,,no_image
7827,Haliclystus sinensis,中国喇叭水母,,,,,,,no_image
103681,Halimeda incrassata,,,,,,,,no_image
4840,Haliporus taprobanensis,亚非海虾,,,,,,,no_image
41026,Halmopota villosus,毛哈水蝇,,,,,,,no_image
41029,Halolaguna sublaxata,秃祝蛾,,,,,,,no_image
144206,Halosarpheia phragmiticola,,,,,,,,no_image
103717,Halymenia floresia,海膜,,,,,,,no_image
41042,Halticoptera gibbosa,囊赘须金小蜂,,,,,,,no_image
11336,Hamataliwa manca,残哈猫蛛,,,,,,,no_image
41068,Hamaxiella brunnescens,棕拟车寄蝇,,,,,,,no_image
103726,Hancea hookeriana,粗毛野桐,,,,,,,no_image
103742,Hansenia forrestii,澜沧羌活,,,,,,,no_image
76705,Hapalogenys kishinouyei,岸上氏髭鲷,,,,,,,no_image
103754,Haplocladium strictulum,东亚小羽藓,,,,,,,no_image
103755,Haplodontium himalayanum,喜马拉雅纤齿藓,,,,,,,no_image
41097,Haplogonatopus katangae,加丹加单节螯蜂,,,,,,,no_image
103766,Haplopteris amboinensis,剑叶书带蕨,,,,,,,no_image
155839,Haplosporangium attenuatissimum,,,,,,,,no_image
41118,Haplothrips tenuipennis,狭翅简管蓟马,,,,,,,no_image
41130,Harmalia sirokata,白颈淡肩飞虱,,,,,,,no_image
41135,Harnischia angularis,钩铗哈摇蚊,,,,,,,no_image
103787,Harpanthus scutatus,盾叶镰萼苔,,,,,,,no_image
103789,Harrisonia perforata,牛筋果,,,,,,,no_image
926,Harpiosquilla sinica,中华猛虾蛄,,,,,,,no_image
41171,Hasora danda,无斑弄蝶,,,,,,,no_image
41205,Hebecnema xishuicum,西蜀毛膝蝇,,,,,,,no_image
41188,Haworth fumidisca,褐斑光苔蛾,,,,,,,no_image
146642,Hebeloma vatricosum,,,,,,,,no_image
146622,Hebeloma ingratum,,,,,,,,no_image
76739,Hebius modestus,腹斑腹链蛇,,,,,,,no_image
41216,Hecatera bicolorata,两色延夜蛾,,,,,,,no_image
15958,Hedinomorpha proxima,,,,,,,,no_image
103809,Hedychium bijiangense,碧江姜花,,,,,,,no_image
103831,Hedychium menglianense,勐连姜花,,,,,,,no_image
103855,Hedyotis affinis,蓝花耳草,,,,,,,no_image
103881,Hedyotis cryptantha,闭花耳草,,,,,,,no_image
103901,Hedyotis minutopuberula,粉毛耳草,,,,,,,no_image
103921,Hedyotis tetrangularis,方茎耳草,,,,,,,no_image
103942,Hedysarum chinense,中国岩黄芪,,,,,,,no_image
103966,Hedysarum limitaneum,滇岩黄芪,,,,,,,no_image
103993,Hedysarum thiochroum,中甸岩黄芪,,,,,,,no_image
149155,Heimioporus retisporus,网孢牛肝菌,,,,,,,no_image
41246,Heizmannia occidentayunnana,滇西领蚊,,,,,,,no_image
674,Helicana japonica,日本拟厚蟹,,,,,,,no_image
41261,Heleniella curtistila,短铗毛胸摇蚊,,,,,,,no_image
104025,Helicia rengetiensis,莲花池山龙眼,,,,,,,no_image
134243,Helicosporium lumbricopsis,,,,,,,,no_image
104054,Helictotrichon delavayi,云南山燕麦,,,,,,,no_image
152745,Helicogloea globosa,,,,,,,,no_image
41289,Helina angulicerca,角叶阳蝇,,,,,,,no_image
41309,Helina biastocerca,壮叶阳蝇,,,,,,,no_image
41349,Helina desnudifemorata,异裸股阳蝇,,,,,,,no_image
41329,Helina cinerellioides,拟小灰阳蝇,,,,,,,no_image
41369,Helina flaviquadrum,黄四点阳蝇,,,,,,,no_image
41389,Helina hirtifemorata,毛股阳蝇,,,,,,,no_image
41429,Helina maowenna,茂汶阳蝇,,,,,,,no_image
41409,Helina lasiophthalma,毛眼阳蝇,,,,,,,no_image
41449,Helina nigrihirtisurstyla,黑毛叶阳蝇,,,,,,,no_image
41469,Helina plumiseta,软鬃阳蝇,,,,,,,no_image
41489,Helina shuensis,蜀阳蝇,,,,,,,no_image
41509,Helina subevecta,亚喜密阳蝇,,,,,,,no_image
41529,Helina uniseta,单鬃阳蝇,,,,,,,no_image
41549,Heliococcus takae,竹叶阳腺刺粉蚧,,,,,,,no_image
41573,Heliophobus reticulata,网夜蛾,,,,,,,no_image
41566,Helionothrips linderae,林达领针蓟马,,,,,,,no_image
41608,Helius infirmus,弱光大蚊,,,,,,,no_image
41597,Heliothis viriplaca,实夜蛾,,,,,,,no_image
133739,Helminthosporium guangxiense,,,,,,,,no_image
104080,Helixanthera scoriarum,滇西离瓣寄生,,,,,,,no_image
104093,Helodium sachalinense,东亚沼羽藓,,,,,,,no_image
41643,Helophilus virgatus,狭带条胸蚜蝇,,,,,,,no_image
76772,Helotes sexlineatus,六带叉牙鯻,,,,,,,no_image
138300,Helotium fructigenum,栎果柔膜菌,,,,,,,no_image
138320,Helotium phyllogenum,,,,,,,,no_image
139748,Helvella adhaerens,粘马鞍菌,,,,,,,no_image
139768,Helvella cupuliformis,碗马鞍菌,,,,,,,no_image
139808,Helvella philonotis,喜湿马鞍菌,,,,,,,no_image
139788,Helvella jilinensis,吉林马鞍菌,,,,,,,no_image
104098,Helwingia himalaica,西域青荚叶,,,,,,,no_image
41664,Hemerobius grahami,寡汉褐蛉,,,,,,,no_image
104114,Hemerocallis forrestii,西南萱草,,,,,,,no_image
41693,Hemerodromia guangxiensis,广西螳舞虻,,,,,,,no_image
76779,Hemibarbus longirostris,长吻&#x0000E04F;,,,,,,,no_image
104149,Hemiboea latisepala,宽萼半蒴苣苔,,,,,,,no_image
104169,Hemiboea shimentaiensis,石门台半蒴苣苔,,,,,,,no_image
76785,Hemiculter bleekeri,贝氏&#x0000E070;,,,,,,,no_image
41718,Hemielimaea formosana,台湾半掩螽,,,,,,,no_image
41729,Hemigyrus tonkinensis,越北圆翅螽,,,,,,,no_image
147347,Hemimycena cucullata,,,,,,,,no_image
9049,Heminothrus targionii,塔氏半懒甲螨,,,,,,,no_image
41758,Hemipenthes robusta,罗布斯塔斑翅蜂虻,,,,,,,no_image
76830,Hemiphyllodactylus laowozhenensis,老窝镇半叶趾虎,,,,,,,no_image
104201,Hemipilia henryi,裂唇舌喙兰,,,,,,,no_image
76848,Hemiramphus far,斑鱵,,,,,,,no_image
41782,Hemisphaerius palaemon,长臂球瓢蜡蝉,,,,,,,no_image
76853,Hemitaurichthys polylepis,多鳞霞蝶鱼,,,,,,,no_image
41802,Hemistola isommata,空无缰青尺蛾,,,,,,,no_image
76865,Hemixos flavala,灰短脚鹎,,,,,,,no_image
104233,Hemsleya macrocarpa,大果雪胆,,,,,,,no_image
104262,Henckelia arunachalensis,密脉汉克苣苔,,,,,,,no_image
133798,Hendersonia conorum,,,,,,,,no_image
104282,Henckelia longipedicellata,长梗汉克苣苔,,,,,,,no_image
12337,Hengconarius longpuensis,龙普横隙蛛,,,,,,,no_image
41857,Hepialus carna,石纹蝠蛾,,,,,,,no_image
41841,Hepatica linealis,棕线粗胫夜蛾,,,,,,,no_image
41877,Hepialus macilentus,三角纹蝠蛾,,,,,,,no_image
41897,Hepialus yushuensis,玉树蝠蛾,,,,,,,no_image
104312,Heptapleurum chinense,中华鹅掌柴,,,,,,,no_image
104332,Heptapleurum multinervium,多脉鹅掌柴,,,,,,,no_image
104353,Heracleum henryi,思茅独活,,,,,,,no_image
41904,Heraema mandschurica,贺夜蛾,,,,,,,no_image
41908,Hercostomus abnormis,异突寡长足虻,,,,,,,no_image
41928,Hercostomus bicolor,异色寡长足虻,,,,,,,no_image
41948,Hercostomus cucullus,勺寡长足虻,,,,,,,no_image
41968,Hercostomus dorsiniger,黑背寡长足虻,,,,,,,no_image
41988,Hercostomus flaviventris,黄腹寡长足虻,,,,,,,no_image
42008,Hercostomus hubeiensis,湖北寡长足虻,,,,,,,no_image
42028,Hercostomus leigongshanus,雷公山寡长足虻,,,,,,,no_image
42048,Hercostomus maoershanensis,猫儿山寡长足虻,,,,,,,no_image
42088,Hercostomus saigusai,三枝寡长足虻,,,,,,,no_image
42068,Hercostomus perspicillatus,异显寡长足虻,,,,,,,no_image
42108,Hercostomus subnovus,近新寡长足虻,,,,,,,no_image
42146,Heriades sauteri,黑孔蜂,,,,,,,no_image
42128,Hercostomus xigouensis,西沟寡长足虻,,,,,,,no_image
152038,Hericium ramosum,分枝猴头菌,,,,,,,no_image
8832,Hermanniella punctulata,斑小赫甲螨,,,,,,,no_image
104403,Herminium ecalcaratum,无距角盘兰,,,,,,,no_image
42165,Hermonassa chuana,川狭翅夜蛾,,,,,,,no_image
42185,Hermonassa juncta,连纹狭翅夜蛾,,,,,,,no_image
42205,Hermonassa wulinga,武陵狭翅夜蛾,,,,,,,no_image
76887,Herpetoreas tpser,墨脱腹链蛇,,,,,,,no_image
42219,Herochroma mansfieldi,巨始青尺蛾,,,,,,,no_image
42232,Herse convolvuli,白薯天蛾,,,,,,,no_image
421,Hesione splendida,海女虫,,,,,,,no_image
42246,Hesperosoma excellens,,,,,,,,no_image
42266,Hesperus watanabei,,,,,,,,no_image
104454,Heteracia szovitsii,异喙菊,,,,,,,no_image
151973,Heterobasidion abietinum,冷杉异担子菌,,,,,,,no_image
148867,Heterochaete jiajiensis,家界刺皮,,,,,,,no_image
42292,Heteroconis hainanica,海南异粉蛉,,,,,,,no_image
135281,Heterodermia diademata,大哑铃孢,,,,,,,no_image
135301,Heterodermia subascendens,翘哑铃孢,,,,,,,no_image
42312,Heterolygus flavoventris,黄腹异草盲蝽,,,,,,,no_image
2630,Heteronucia tuberculata,疣异核果蟹,,,,,,,no_image
42332,Heteropantilius flavescens,黄混毛盲蝽,,,,,,,no_image
42348,Heterophleps sinuosaria,灰褐异翅尺蛾,,,,,,,no_image
76906,Heteropneustes fossilis,印度囊鳃鲇,,,,,,,no_image
104480,Heteropogon triticeus,麦黄茅,,,,,,,no_image
42359,Heteropterus morpheus,链弄蝶,,,,,,,no_image
104507,Heterosiphonia pulchra,美丽异管藻,,,,,,,no_image
104516,Heterostemma sinicum,海南醉魂藤,,,,,,,no_image
42384,Heterotrissocladius scutellatus,小盾异三突摇蚊,,,,,,,no_image
42407,Hexafrenum viola,紫异齿舟蛾,,,,,,,no_image
104521,Hexasepalum teres,睫毛坚扣草,,,,,,,no_image
42449,Hexatoma macrotuberculata,巨瘤锦大蚊,,,,,,,no_image
42429,Hexatoma eos,东方锦大蚊,,,,,,,no_image
42469,Hexatoma pterotricha,毛翅锦大蚊,,,,,,,no_image
147354,Hiatula flavipes,,,,,,,,no_image
42491,Hexatoma triphragma,三篱锦大蚊,,,,,,,no_image
104545,Hibiscus sabdariffa,玫瑰茄,,,,,,,no_image
76919,Hierococcyx nisicolor,棕腹鹰鹃,,,,,,,no_image
42515,Hilara brevis,短角喜舞虻,,,,,,,no_image
42535,Hilara longispina,长刺喜舞虻,,,,,,,no_image
104573,Hilliella lichuanensis,黎川脬果荠,,,,,,,no_image
42559,Himacerus vicinus,邻希姬蝽,,,,,,,no_image
42562,Himalochrysa chinica,中华喜马草蛉,,,,,,,no_image
42568,Himeunka yunnanana,滇带背飞虱,,,,,,,no_image
76948,Hippocampus trimaculatus,三斑海马,,,,,,,no_image
104602,Hippeastrum vittatum,花朱顶红,,,,,,,no_image
2033,Hippomedon pacifica,太平英雄钩虾,,,,,,,no_image
104647,Hiptage multiflora,多花风筝果,,,,,,,no_image
1618,Hippospongia canaliculata,圆筒小管马海绵,,,,,,,no_image
104654,Hirschfeldia incana,灰芥,,,,,,,no_image
42598,Hirtodrosophila actinia,尖锐毛果蝇,,,,,,,no_image
42619,Hirtodrosophila nudinokogiri,无锯缘毛果蝇,,,,,,,no_image
2820,Histampica umbonata,盾形组蛇尾,,,,,,,no_image
76963,Hirundapus giganteus,褐背针尾雨燕,,,,,,,no_image
76981,Histiopterus typus,帆鳍鱼,,,,,,,no_image
147784,Hohenbuehelia geogenia,密褶亚侧耳,,,,,,,no_image
104657,Hodgsonia heteroclita,有棱油瓜,,,,,,,no_image
42669,Holangus guerryi,,,,,,,,no_image
104683,Holcoglossum nagalandensis,短距兰,,,,,,,no_image
42674,Holobus ingrami,,,,,,,,no_image
141336,Holocryphia eucalypti,,,,,,,,no_image
12998,Holoplatys digitatus,指状平跳蛛,,,,,,,no_image
42721,Holorusia persessilis,无柄棘膝大蚊,,,,,,,no_image
3234,Holothuria spinifera,尖塔海参,,,,,,,no_image
3265,Holothuria flavomaculata,黄斑海参,,,,,,,no_image
104710,Homaliodendron crassinervium,粗肋树平藓,,,,,,,no_image
17539,Homalocantha zamboi,然氏光滑眼角螺,,,,,,,no_image
42749,Homalotylus longicaudus,长尾瓢虫跳小蜂,,,,,,,no_image
42769,Homaloxestis xylotripha,木素祝蛾,,,,,,,no_image
77006,Homatula robusta,状体副鳅,,,,,,,no_image
18910,Homidia jordanai,,,,,,,,no_image
19069,Homidia sauteri,,,,,,,,no_image
4912,Homola orientalis,东方人面蟹,,,,,,,no_image
104738,Homocodon brevipes,同钟花,,,,,,,no_image
4915,Homolochunia gadaletae,钳足近人面蟹,,,,,,,no_image
104746,Homomallium yuennanense,云南毛灰藓,,,,,,,no_image
42829,Homoneura brevis,短突同脉缟蝇,,,,,,,no_image
42849,Homoneura curvispinosa,弯刺同脉缟蝇,,,,,,,no_image
42869,Homoneura fengyangshanica,凤阳山同脉缟蝇,,,,,,,no_image
42889,Homoneura honesta,弯针新同脉缟蝇,,,,,,,no_image
42909,Homoneura longa,长突同脉缟蝇,,,,,,,no_image
42929,Homoneura nudifrons,裸额同脉缟蝇,,,,,,,no_image
42949,Homoneura semiannulata,半环同脉缟蝇,,,,,,,no_image
42969,Homoneura tibetensis,西藏同脉缟蝇,,,,,,,no_image
42989,Homoneura yinggelingica,鹦哥岭同脉缟蝇,,,,,,,no_image
104759,Homostylium argyropholium,银鳞紫菀,,,,,,,no_image
77019,Hoplichthys fasciatus,黄带棘鲬,,,,,,,no_image
43010,Honveda rallifasciata,细纹洪舟蛾,,,,,,,no_image
43037,Hoplitis procerior,弯毛痣拟孔蜂,,,,,,,no_image
43054,Hoplolabis dichroa,外尖突大蚊,,,,,,,no_image
77035,Hoplostethus melanopus,黑首胸棘鲷,,,,,,,no_image
43083,Horaga onyx,斑灰蝶,,,,,,,no_image
104794,Hordeum spontaneum,钝稃野大麦,,,,,,,no_image
43106,Horisme stratata,层界尺蛾,,,,,,,no_image
43126,Horniella centralis,,,,,,,,no_image
77051,Horornis fortipes,强脚树莺,,,,,,,no_image
104837,Hoya commutata,广西球兰,,,,,,,no_image
104817,Hosta ventricosa,紫萼,,,,,,,no_image
104857,Hoya longicalyx,长萼球兰,,,,,,,no_image
104877,Hoya revolubilis,卷边球兰,,,,,,,no_image
77056,Huangixalus translineatus,横纹树蛙,,,,,,,no_image
77060,Huigobio chenhsienensis,胡&#x0000E068;,,,,,,,no_image
140510,Humaria subhepatica,肝色土盘菌,,,,,,,no_image
140490,Humaria hartmannii,,,,,,,,no_image
43156,Humba cyanicollis,蓝胸圆肩叶甲,,,,,,,no_image
104902,Humulus lupulus,啤酒花,,,,,,,no_image
104924,Huperzia javanica,长柄石杉,,,,,,,no_image
43160,Hupodonta corticalis,皮霭舟蛾,,,,,,,no_image
3721,Hyale honoluluensis,火奴鲁玻璃钩虾,,,,,,,no_image
43173,Hyalopeplinus malayensis,马来皱斑盲蝽,,,,,,,no_image
43180,Hyalurgus atratus,亮黑透翅寄蝇,,,,,,,no_image
139528,Hyalorbilia inflatula,肿丝晶圆盘菌,,,,,,,no_image
4658,Hyastenus hilgendorfi,希氏互敬蟹,,,,,,,no_image
43203,Hybomitra arpadi,阿氏瘤虻,,,,,,,no_image
43223,Hybomitra expollicata,膨条瘤虻,,,,,,,no_image
43243,Hybomitra longziensis,隆子瘤虻,,,,,,,no_image
43263,Hybomitra omeishanensis,峨眉山瘤虻,,,,,,,no_image
43283,Hybomitra tibetana,西藏瘤虻,,,,,,,no_image
43323,Hybos curvus,弯突驼舞虻,,,,,,,no_image
43303,Hybos basiflavus,基黄驼舞虻,,,,,,,no_image
43363,Hybos longipilosus,长毛驼舞虻,,,,,,,no_image
43343,Hybos guizhouensis,贵州驼舞虻,,,,,,,no_image
43383,Hybos pallidus,淡色驼舞虻,,,,,,,no_image
43403,Hybos tibialis,嘉义驼舞虻,,,,,,,no_image
43423,Hybridolinus decipiens,,,,,,,,no_image
43440,Hydatothrips heteraureus,侣金裂绢蓟马,,,,,,,no_image
104955,Hydnocarpus kurzii,印度大风子,,,,,,,no_image
139713,Hydnotrya cubispora,方孢腔块菌,,,,,,,no_image
149767,Hydnum rufescens,红齿菌,,,,,,,no_image
104961,Hydrangea caudatifolia,尾叶绣球,,,,,,,no_image
104985,Hydrangea mangshanensis,莽山绣球,,,,,,,no_image
43456,Hydrelia laetivirga,悦水尺蛾,,,,,,,no_image
43476,Hydrellia argyrogenis,银颊毛眼水蝇,,,,,,,no_image
43496,Hydrillodes funeralis,阴亥夜蛾,,,,,,,no_image
7080,Hydrocoryne macrogastera,大胃拟棍螅水母,,,,,,,no_image
105027,Hydrocryphaea wardii,湿隐藓,,,,,,,no_image
77080,Hydrophis platurus,长吻海蛇,,,,,,,no_image
43526,Hydrophorus rasnitsyni,棕翅水长足虻,,,,,,,no_image
77094,Hydrornis soror,蓝背八色鸫,,,,,,,no_image
43549,Hydrotaea cinerea,栉足齿股蝇,,,,,,,no_image
43569,Hydrotaea mimopilipes,拟毛足齿股蝇,,,,,,,no_image
43590,Hydrotaea similis,拟常齿股蝇,,,,,,,no_image
77099,Hygophum proximum,近壮灯鱼,,,,,,,no_image
146394,Hygrocybe conica,变黑湿伞,,,,,,,no_image
146414,Hygrocybe nivea,洁自湿伞,,,,,,,no_image
105035,Hygrohypnella ochracea,金溪藓,,,,,,,no_image
146436,Hygrophorus albidus,,,,,,,,no_image
146456,Hygrophorus croceus,深黄蜡伞,,,,,,,no_image
146496,Hygrophorus persoonii,佩尔松蜡伞,,,,,,,no_image
146476,Hygrophorus laurae,劳拉蜡伞,,,,,,,no_image
146516,Hygrophorus subceraceus,,,,,,,,no_image
43624,Hylemya urbica,宅城种蝇,,,,,,,no_image
77104,Hyla japonica,日本雨蛙,,,,,,,no_image
16160,Hyleoglomeris multistriata,多沟木球马陆,,,,,,,no_image
43628,Hyleorus elatus,矮海寄蝇,,,,,,,no_image
105063,Hylodesmum longipes,云南长柄山蚂蟥,,,,,,,no_image
15953,Hylomus parvulus,,,,,,,,no_image
105103,Hymenachne assamica,弊草,,,,,,,no_image
105085,Hylotelephium erythrostictum,八宝,,,,,,,no_image
105118,Hymenasplenium hondoense,东亚膜叶铁角蕨,,,,,,,no_image
135424,Hymenelia epulotica,疤膜衣,,,,,,,no_image
105152,Hymenidium heterosciadium,异伞滇藁本,,,,,,,no_image
150198,Hymenochaete contiformis,,,,,,,,no_image
105172,Hymenidium yunnanense,苍山滇藁本,,,,,,,no_image
150218,Hymenochaete longispora,,,,,,,,no_image
150238,Hymenochaete semistupposa,,,,,,,,no_image
105173,Hymenodictyon flaccidum,土连翘,,,,,,,no_image
146663,Hymenogaster niveus,雪白层腹菌,,,,,,,no_image
105183,Hymenophyllum denticulatum,厚壁蕨,,,,,,,no_image
105203,Hymenophyllum stenocladum,撕苞蕗蕨,,,,,,,no_image
138357,Hymenoscyphus hedwigii,,,,,,,,no_image
138377,Hymenoscyphus rhodoleucus,滑锤舌菌,,,,,,,no_image
77128,Hynobius amjiensis,安吉小鲵,,,,,,,no_image
105216,Hyophila setschwanica,四川湿地藓,,,,,,,no_image
43654,Hypena claripennis,笋髯须夜蛾,,,,,,,no_image
43676,Hypena sagitta,马蹄髯须夜蛾,,,,,,,no_image
43694,Hyperaxis fasciata,纹鳞毛肖叶甲,,,,,,,no_image
105246,Hypericum elatoides,岐山金丝桃,,,,,,,no_image
105269,Hypericum kouytchense,贵州金丝桃,,,,,,,no_image
43699,Hyperlophoides compactilis,丛胸夜蛾,,,,,,,no_image
105295,Hypericum pseudohenryi,北栽秧花,,,,,,,no_image
43715,Hypeugoa flavogrisea,黄灰佳苔蛾,,,,,,,no_image
150927,Hyphoderma radula,,,,,,,,no_image
150619,Hyphodontia breviseta,短齿丝齿菌,,,,,,,no_image
150639,Hyphodontia niemelaei,,,,,,,,no_image
150659,Hyphodontia subalutacea,软革丝齿菌,,,,,,,no_image
148215,Hypholoma myosotis,,,,,,,,no_image
43731,Hypobarathra repetita,赤后甘夜蛾,,,,,,,no_image
105322,Hypnea spinella,小沙菜,,,,,,,no_image
43751,Hypocera racemosa,束毛栉蚤蝇,,,,,,,no_image
43755,Hypochra asiatica,亚苍斑蝇,,,,,,,no_image
105344,Hypodematium fordii,福氏肿足蕨,,,,,,,no_image
139180,Hypoderma berberidis,小檗皮下盘菌,,,,,,,no_image
139214,Hypoderma virgultorum,,,,,,,,no_image
139197,Hypoderma longissimum,,,,,,,,no_image
18735,Hypogastrura manghe,,,,,,,,no_image
135952,Hypogymnia farinacea,粉袋衣,,,,,,,no_image
135972,Hypogymnia pseudoenteromorpha,拟指袋衣,,,,,,,no_image
105373,Hypolepis pallida,灰姬蕨,,,,,,,no_image
141878,Hypomyces aureonitens,,,,,,,,no_image
105385,Hypopterygium flavolimbatum,黄边孔雀藓,,,,,,,no_image
77159,Hyporhamphus yuri,尤氏下鱵鱼,,,,,,,no_image
43802,Hypotermes mengdingensis,孟定地白蚁,,,,,,,no_image
144611,Hypoxylon haematostroma,红炭团菌,,,,,,,no_image
136003,Hypotrachyna nodakensis,野岳双歧根,,,,,,,no_image
77171,Hypsipetes leucocephalus,黑短脚鹎,,,,,,,no_image
144631,Hypoxylon subgilvum,亚铜色炭团菌,,,,,,,no_image
77183,Hypsugo alaschanicus,阿拉善伏翼,,,,,,,no_image
105394,Hyssopus officinalis,神香草,,,,,,,no_image
132286,Hysterium breve,,,,,,,,no_image
43830,Hysterosia pistrinana,黑斑纹卷蛾,,,,,,,no_image
43856,Hystricovoria bakeri,贝克豪蜗寄蝇,,,,,,,no_image
105399,Ianhedgea minutiflora,葶芥,,,,,,,no_image
43874,Ichneutes orientalis,东洋探茧蜂,,,,,,,no_image
105407,Idesia polycarpa,山桐子,,,,,,,no_image
13067,Icius bilobus,二歧伊蛛,,,,,,,no_image
43911,Idiocera pruinosa,霜奇角大蚊,,,,,,,no_image
43933,Idiophlebotomus longiforceps,长铗异蛉,,,,,,,no_image
43950,Idricerus decrepitus,银完眼蝶角蛉,,,,,,,no_image
43974,Ilema psolobalia,锦棕毒蛾,,,,,,,no_image
43954,Ilema acerosa,针棕毒蛾,,,,,,,no_image
105430,Ilex championii,凹叶冬青,,,,,,,no_image
105516,Ilex hylonoma,细刺枸骨,,,,,,,no_image
105492,Ilex forrestii,滇西冬青,,,,,,,no_image
105460,Ilex dasyphylla,黄毛冬青,,,,,,,no_image
105540,Ilex liana,毛核冬青,,,,,,,no_image
105567,Ilex melanotricha,黑毛冬青,,,,,,,no_image
105592,Ilex perlata,巨叶冬青,,,,,,,no_image
105615,Ilex rockii,高山冬青,,,,,,,no_image
105635,Ilex subrugosa,异齿冬青,,,,,,,no_image
105666,Ilex venosa,细脉冬青,,,,,,,no_image
105710,Illicium majus,大八角,,,,,,,no_image
43979,Ilione turcestanica,指突弯脉沼蝇,,,,,,,no_image
105727,Illigera celebica,宽药青藤,,,,,,,no_image
633,Ilyoplax integra,整洁泥蟹,,,,,,,no_image
105772,Impatiens barbata,髯毛凤仙花,,,,,,,no_image
105752,Impatiens amphitricha,毛叶凤仙花,,,,,,,no_image
105792,Impatiens chinensis,华凤仙,,,,,,,no_image
105813,Impatiens cyanantha,蓝花凤仙花,,,,,,,no_image
105833,Impatiens dolichoceras,长距凤仙花,,,,,,,no_image
105853,Impatiens gasterocheila,腹唇凤仙花,,,,,,,no_image
105874,Impatiens jinggangensis,井冈山凤仙花,,,,,,,no_image
105895,Impatiens liangshanensis,凉山凤仙花,,,,,,,no_image
105915,Impatiens luchunensis,绿春凤仙花,,,,,,,no_image
105938,Impatiens minimisepala,微萼凤仙花,,,,,,,no_image
105958,Impatiens oblongipetala,矩瓣凤仙花,,,,,,,no_image
105980,Impatiens poculifer,罗平凤仙花,,,,,,,no_image
106000,Impatiens racemosa,总状凤仙花,,,,,,,no_image
106021,Impatiens serrata,藏南凤仙花,,,,,,,no_image
106044,Impatiens sunii,孙氏凤仙花,,,,,,,no_image
106065,Impatiens trichosepala,毛萼凤仙花,,,,,,,no_image
43989,Impatiophila acutivalva,锐瓣凤仙花果蝇,,,,,,,no_image
106085,Impatiens wutaishanensis,五台山凤仙花,,,,,,,no_image
44009,Impatiophila motuoensis,墨脱凤仙花果蝇,,,,,,,no_image
106109,Imperata flavida,黄穗白茅,,,,,,,no_image
44036,Indicopleustes katoi,卡氏印角蝉,,,,,,,no_image
106119,Incarvillea forrestii,单叶波罗花,,,,,,,no_image
106153,Indigofera daochengensis,稻城木蓝,,,,,,,no_image
106179,Indigofera hosiei,陕甘木蓝,,,,,,,no_image
106201,Indigofera nummulariifolia,刺荚木蓝,,,,,,,no_image
106230,Indigofera sticta,矮木蓝,,,,,,,no_image
106249,Indocalamus guangdongensis,广东箬竹,,,,,,,no_image
1481,Indocrassatella oblongata,长壮壳蛤,,,,,,,no_image
13246,Indomarengo yui,喻氏印马蛛,,,,,,,no_image
44075,Indonemoura scalprata,刀突印叉(虫责),,,,,,,no_image
44089,Indoquedius bicoloris,,,,,,,,no_image
106278,Indosasa crassiflora,大节竹,,,,,,,no_image
44108,Indotermes isodentatus,等齿印白蚁,,,,,,,no_image
140532,Inermisia fusispora,,,,,,,,no_image
77253,Iniistius trivittatus,三带项鳍鱼,,,,,,,no_image
44131,Inocellia taiwana,台湾盲蛇蛉,,,,,,,no_image
146761,Inocybe curvipes,绒毛丝盖伞,,,,,,,no_image
146741,Inocybe aureostipes,金柄丝盖伞,,,,,,,no_image
146781,Inocybe fuscodisca,,,,,,,,no_image
146801,Inocybe lasseri,下垂丝盖菌,,,,,,,no_image
146821,Inocybe nobilis,,,,,,,,no_image
146841,Inocybe phaeoleuca,,,,,,,,no_image
146881,Inocybe viscidula,,,,,,,,no_image
146861,Inocybe senkawaensis,,,,,,,,no_image
150280,Inonotus formosanus,,,,,,,,no_image
150300,Inonotus ochroporus,,,,,,,,no_image
150320,Inonotus substygius,薄纤孔菌,,,,,,,no_image
4258,Inquisitor japonicus,日本裁判螺,,,,,,,no_image
44140,Interphasma fanjingense,梵净介䗛,,,,,,,no_image
143058,Intextomyces contiguus,相连织丝菌,,,,,,,no_image
15951,Inversispina trispina,,,,,,,,no_image
135426,Ionaspis odora,香尤纳衣,,,,,,,no_image
77263,Ipnops agassizii,阿氏炉眼鱼,,,,,,,no_image
106349,Ipomoea nil,牵牛,,,,,,,no_image
44173,Ipothalia bicoloripes,,,,,,,,no_image
44189,Irdex pilosus,毛虹苔螋,,,,,,,no_image
143902,Irenopsis triumfettae,,,,,,,,no_image
106385,Iris dichotoma,野鸢尾,,,,,,,no_image
106415,Iris longnanensis,陇南鸢尾,,,,,,,no_image
106443,Iris subdichotoma,中甸鸢尾,,,,,,,no_image
150995,Irpex obliquus,,,,,,,,no_image
44196,Irwiniella longipilosa,长毛欧文剑虻,,,,,,,no_image
106477,Isachne scabrosa,糙柳叶箬,,,,,,,no_image
141852,Isaria mucida,,,,,,,,no_image
106492,Ischaemum aureum,金黄鸭嘴草,,,,,,,no_image
151002,Ischnoderma benzoinum,芳香薄皮孔菌,,,,,,,no_image
44227,Ischnopsyllus lide,李氏蝠蚤,,,,,,,no_image
44249,Ischnosoma fasciatocolle,,,,,,,,no_image
44270,Ischnostrangalis davidi,,,,,,,,no_image
15319,Ischnothyreus tergemintus,三对弱斑蛛,,,,,,,no_image
44296,Ischyrosyrphus laternarius,黑盾壮蚜蝇,,,,,,,no_image
44309,Isocyrtus reticulatus,网胸等齿金小蜂,,,,,,,no_image
106523,Isodon coetsa,细锥香茶菜,,,,,,,no_image
106547,Isodon hispidus,刚毛香茶菜,,,,,,,no_image
106573,Isodon mucronatus,突尖香茶菜,,,,,,,no_image
106597,Isodon secundiflorus,侧花香茶菜,,,,,,,no_image
44316,Isodromus longiscapus,长柄草蛉跳小蜂,,,,,,,no_image
3643,Isognomon isognomum,钳蛤,,,,,,,no_image
44333,Isometopus tianjinus,天津树盲蝽,,,,,,,no_image
44353,Isomyia pseudolucilia,伪绿等彩蝇,,,,,,,no_image
44373,Isoneuromyia singula,单齿等菌蚊,,,,,,,no_image
44392,Isopsera sulcata,显沟平背螽,,,,,,,no_image
44414,Isoteinon lamprospilus,旖弄蝶,,,,,,,no_image
106647,Isopyrum manshuricum,东北扁果草,,,,,,,no_image
18863,Isotomodes fiscus,,,,,,,,no_image
106688,Isotrema kechangense,克长关木通,,,,,,,no_image
106708,Isotrema pilosistylum,毛柱关木通,,,,,,,no_image
106666,Isotrema dabieshanense,大别山关木通,,,,,,,no_image
106728,Isotrema westlandii,香港关木通,,,,,,,no_image
143060,Isthmolongispora intermedia,,,,,,,,no_image
44479,Italochrysa longa,长突意草蛉,,,,,,,no_image
44441,Istocheta grossa,巨裸背寄蝇,,,,,,,no_image
44459,Itagonia longicornis,长角齿琵甲,,,,,,,no_image
106737,Itea coriacea,厚叶鼠刺,,,,,,,no_image
44503,Ivela eshanensis,峨山黄足毒蛾,,,,,,,no_image
106779,Ixeris tamagawaensis,泽苦荬,,,,,,,no_image
150769,Ithyphallus aurantiacus,,,,,,,,no_image
2561,Ixa edwardsii,艾氏飞轮蟹,,,,,,,no_image
106795,Ixora henryi,白花龙船花,,,,,,,no_image
15450,Jacaena luteola/luteolus,黄褐雅佳蛛,,,,,,,no_image
106823,Jacquemontia tamnifolia,苞片小牵牛,,,,,,,no_image
152874,Jamesdicksonia eleocharidis,荸荠詹姆斯黑粉菌,,,,,,,no_image
150781,Jansia elegans,雅致疣盖鬼笔,,,,,,,no_image
106832,Japonicalia delphiniifolia,笠蟹甲,,,,,,,no_image
106850,Jasminum fuchsiifolium,倒吊钟叶素馨,,,,,,,no_image
106876,Jasminum prainii,披针叶素馨,,,,,,,no_image
10239,Jiangsuacarus dolichocladae,,,,,,,,no_image
106890,Jatropha integerrima,变叶珊瑚花,,,,,,,no_image
77321,Jinshaia sinensis,中华金沙鳅,,,,,,,no_image
44582,Jodis tibetana,西藏突尾尺蛾,,,,,,,no_image
3793,Jonas distincta,显著琼娜蟹,,,,,,,no_image
10761,Junceella squamata,鳞灯心草柳珊瑚,,,,,,,no_image
106944,Juncus krameri,短喙灯芯草,,,,,,,no_image
106922,Juncus concinnus,雅灯芯草,,,,,,,no_image
106964,Juncus nigroviolaceus,黑紫灯芯草,,,,,,,no_image
106991,Juncus tibeticus,西藏灯芯草,,,,,,,no_image
151883,Junghuhnia collabens,皱容氏孔菌,,,,,,,no_image
107030,Juniperus morrisonicola,玉山圆柏,,,,,,,no_image
44601,Junonia orithya,翠蓝眼蛱蝶,,,,,,,no_image
107076,Justicia cardiophylla,心叶爵床,,,,,,,no_image
107096,Justicia neesiana,狭叶爵床,,,,,,,no_image
107123,Kadsura renchangiana,仁昌南五味子,,,,,,,no_image
44608,Kakuna yushaniae,玉山长跗飞虱,,,,,,,no_image
141691,Kallichroma tethys,,,,,,,,no_image
6465,Justitia chani,陈氏正龙虾,,,,,,,no_image
44625,Kamalia subrosea,玫邻二尾舟蛾,,,,,,,no_image
44644,Kamimuria guangxia,广西钩(虫责),,,,,,,no_image
44664,Kamimuria orthogonia,长方钩(虫责),,,,,,,no_image
10720,Kanaka pelagica,大洋堪拿水母,,,,,,,no_image
44700,Karanasa regeli,槁眼蝶,,,,,,,no_image
1565,Kellia porculus,豆形凯利蛤,,,,,,,no_image
44715,Keilbachia fengyangensis,凤阳凯眼蕈蚊,,,,,,,no_image
44710,Katarinia teledapoides,,,,,,,,no_image
107184,Kengyilia laxistachya,稀穗仲彬草,,,,,,,no_image
44735,Kerala multipunctata,繁蜡丽夜蛾,,,,,,,no_image
77355,Kerivoula picta,彩蝠,,,,,,,no_image
4271,Kermia subcylindrica,亚柱状棋盘螺,,,,,,,no_image
44739,Khaoyaiana nitens,亮革翅螽,,,,,,,no_image
107221,Kibatalia macrophylla,倒缨木,,,,,,,no_image
44752,Kingdonella conica,锥金蝗,,,,,,,no_image
15093,Khorata ningming,宁明呵叻蛛,,,,,,,no_image
44768,Kiotina albopila,银毛扣(虫责),,,,,,,no_image
133675,Kirschsteiniothelia aethiops,,,,,,,,no_image
44792,Kitanola spinula,小针铃刺蛾,,,,,,,no_image
150704,Kneiffiella altaica,,,,,,,,no_image
107266,Koeleria litvinowii,芒[艹／洽]草,,,,,,,no_image
136679,Koerberiella wimmeriana,柯氏菌,,,,,,,no_image
107283,Koenigia delicatula,小叶蓼,,,,,,,no_image
44815,Kolla ningxianana,宁夏边大叶蝉，新种,,,,,,,no_image
143071,Koorchaloma novojournalis,,,,,,,,no_image
44840,Korinchia sinensis,红腹斜环蚜蝇,,,,,,,no_image
44855,Kozlovea tshernovi,复斗库麻蝇,,,,,,,no_image
144725,Kretzschmaria neocaledonica,,,,,,,,no_image
107328,Kudoacanthus albonervosa,银脉爵床,,,,,,,no_image
44876,Kuldscha simplicata,简库尺蛾,,,,,,,no_image
107335,Kuepferia otophora,耳褶龙胆,,,,,,,no_image
44890,Kunbir rufoflavidus,,,,,,,,no_image
44916,Kunugia vulpina,狐杂枯叶蛾,,,,,,,no_image
77382,Kurixalus odontotarsus,锯腿原指树蛙,,,,,,,no_image
44933,Kutara nigrifasciata,黑带增脉叶蝉,,,,,,,no_image
44953,Kuzicus yunnanea,云南库螽,,,,,,,no_image
44959,Kyrtolitha pantophrica,长弓尺蛾,,,,,,,no_image
44974,Labomimus sarculus,,,,,,,,no_image
77395,Labracinus cyclophthalmus,圆眼戴氏鱼,,,,,,,no_image
135022,Laboulbenia celestialis,,,,,,,,no_image
135042,Laboulbenia ophioneae,,,,,,,,no_image
44994,Lacanobia w-latinum,安夜蛾,,,,,,,no_image
140541,Lachnea bicuspis,,,,,,,,no_image
146359,Laccaria tortilis,棘孢蜡蘑,,,,,,,no_image
140561,Lachnea melaloma,黑缘毛盘菌,,,,,,,no_image
147545,Lachnella leucophaea,,,,,,,,no_image
138639,Lachnellula subtilissima,梭孢长生盘菌,,,,,,,no_image
138667,Lachnum corticola,树皮生粒毛盘菌,,,,,,,no_image
138647,Lachnum alnifolium,桤木叶粒毛盘菌,,,,,,,no_image
138687,Lachnum javanicum,爪哇粒毛盘菌,,,,,,,no_image
138707,Lachnum niveum,,,,,,,,no_image
138727,Lachnum rhytismatis,,,,,,,,no_image
45012,Laciniodes denigrata,淡网尺蛾,,,,,,,no_image
152105,Lactarius acerrimus,槭乳菇,,,,,,,no_image
152125,Lactarius austrovolemus,,,,,,,,no_image
152145,Lactarius cinnamomeus,黄褐乳菇,,,,,,,no_image
152165,Lactarius flavidulus,浅黄褐乳菇,,,,,,,no_image
152185,Lactarius hysginus,鲜红乳菇,,,,,,,no_image
152204,Lactarius luteolus,淡黄乳菇,,,,,,,no_image
152224,Lactarius oculatus,条纹乳菇,,,,,,,no_image
152244,Lactarius pseudovolemus,,,,,,,,no_image
152264,Lactarius salmonicolor,鲑色乳菇,,,,,,,no_image
152284,Lactarius tanzanicus,,,,,,,,no_image
152304,Lactarius xerampelinus,,,,,,,,no_image
107380,Lactuca serriola,野莴苣,,,,,,,no_image
77409,Laemonema rhodochir,玫红丝鳍鳕,,,,,,,no_image
2158,Laevicardium attenuatum,尖滑鸟蛤,,,,,,,no_image
138396,Lagerheima carbonicola,,,,,,,,no_image
107410,Lagerstroemia venusta,西双紫薇,,,,,,,no_image
107425,Lagochilus macrodontus,大齿兔唇花,,,,,,,no_image
107445,Lagotis integrifolia,亚中兔耳草,,,,,,,no_image
45038,Lagynogaster claripennis,亮翅棒腹食虫虻,,,,,,,no_image
10775,Lambis lambis,蜘蛛螺,,,,,,,no_image
138855,Lambertella copticola,黄连生兰伯盘菌,,,,,,,no_image
45066,Lamelligomphus tutulus,双髻环尾春蜓,,,,,,,no_image
77439,Lampadena anomala,糙炬灯鱼,,,,,,,no_image
45077,Lamprolonchaea metatarsata,南洋亮尖尾蝇,,,,,,,no_image
140569,Lamprospora calospora,,,,,,,,no_image
18010,Lamptio mauritii,莫氏炬蚓,,,,,,,no_image
77454,Lanius borealis,灰伯劳,,,,,,,no_image
107467,Lanonia yunnanensis,云南帽棕,,,,,,,no_image
4067,Laomedia astacina,泥虾,,,,,,,no_image
45136,Laphria nitidula,河南毛食虫虻,,,,,,,no_image
107481,Lappula brachycentra,短刺鹤虱,,,,,,,no_image
107506,Lappula myosotis,鹤虱,,,,,,,no_image
107533,Lapsanastrum uncinatum,具钩稻槎菜,,,,,,,no_image
11175,Larinioides ixobolus,粘类肥蛛,,,,,,,no_image
77503,Larus fuscus,小黑背银鸥,,,,,,,no_image
137695,Lasallia mayebarae,中华疱脐衣,,,,,,,no_image
107562,Lasianthus chunii,焕镛粗叶木,,,,,,,no_image
107591,Lasianthus simizui,清水氏鸡屎树,,,,,,,no_image
139683,Lasiobolus microsporus,小孢尖毛盘菌,,,,,,,no_image
45163,Lasiochila balli,直缘毛唇潜甲,,,,,,,no_image
45178,Lasiognatha mormopa,毛颚小卷蛾,,,,,,,no_image
45198,Lasiohelea gracilidenta,细齿蠛蠓,,,,,,,no_image
45218,Lasiohelea mixta,混杂蠛蠓,,,,,,,no_image
45238,Lasiohelea taipei,台北蠛蠓,,,,,,,no_image
45257,Lasiomiris picturatus,斑纹毛盲蝽,,,,,,,no_image
45279,Lasionycta bryoptera,霉茸夜蛾,,,,,,,no_image
9387,Lasioseius confusus,,,,,,,,no_image
9420,Lasioseius qianensis,,,,,,,,no_image
144468,Lasiosphaeria fenzlii,,,,,,,,no_image
45315,Lathrobium anmaicum,,,,,,,,no_image
6427,Laternula anatina,鸭嘴蛤,,,,,,,no_image
45335,Lathrobium bihamulatum,,,,,,,,no_image
45355,Lathrobium cooteri,,,,,,,,no_image
45375,Lathrobium elevatum,,,,,,,,no_image
45395,Lathrobium glabrimpressum,,,,,,,,no_image
45435,Lathrobium laciniatum,,,,,,,,no_image
45415,Lathrobium immanissimum,,,,,,,,no_image
45455,Lathrobium mu,,,,,,,,no_image
45515,Lathrobium utriculatum,,,,,,,,no_image
45475,Lathrobium restinctum,,,,,,,,no_image
45495,Lathrobium smetanai,,,,,,,,no_image
45535,Lathrobium yunnanum,,,,,,,,no_image
45555,Lathyrophthalmus laetus,喜斑目蚜蝇,,,,,,,no_image
13619,Lathys zhanfengi,占峰隐蔽蛛,,,,,,,no_image
107619,Lathyrus maritimus,海滨山黧豆,,,,,,,no_image
107635,Latouchea fokienensis,匙叶草,,,,,,,no_image
107648,Laurencia okamurae,冈村凹顶藻,,,,,,,no_image
77536,Laudakia sacra,拉萨岩蜥,,,,,,,no_image
45585,Latreille ornatus,饰螯蜂,,,,,,,no_image
107658,Lavandula latifolia,宽叶薰衣草,,,,,,,no_image
131612,Lecanactis submorosa,,,,,,,,no_image
18141,Lecane furcata,叉爪腔轮虫,,,,,,,no_image
18160,Lecane ohioensis,俄亥俄腔轮虫,,,,,,,no_image
18173,Lecane ungulata,蹄形腔轮虫,,,,,,,no_image
135664,Lecanora albella,小白茶渍,,,,,,,no_image
135704,Lecanora glabrata,裸茶渍,,,,,,,no_image
135724,Lecanora nipponica,瘤体茶渍,,,,,,,no_image
135684,Lecanora chionocarpa,,,,,,,,no_image
135744,Lecanora rupicola,岩茶渍,,,,,,,no_image
149166,Leccinum atrostipitatum,黑点疣柄牛肝菌,,,,,,,no_image
135764,Lecanora varia,异茶渍,,,,,,,no_image
149186,Leccinum oxydabile,赭黄疣柄牛肝菌,,,,,,,no_image
136682,Lecidea albocaerulescens,,,,,,,,no_image
136742,Lecidea wulfenii,,,,,,,,no_image
136702,Lecidea fuscoatra,,,,,,,,no_image
136722,Lecidea ochrolechioides,,,,,,,,no_image
45617,Lecithocera asteria,星祝蛾,,,,,,,no_image
45637,Lecithocera fascicula,带平祝蛾,,,,,,,no_image
45657,Lecithocera melliflua,蜜祝蛾,,,,,,,no_image
45677,Lecithocera raphidica,针祝蛾,,,,,,,no_image
16769,Leclercera duandai,缎带利克蛛,,,,,,,no_image
107678,Leea aequata,圆腺火筒树,,,,,,,no_image
107691,Leersia sayanuka,秕壳草,,,,,,,no_image
45704,Leia guangxiana,广西滑菌蚊,,,,,,,no_image
107701,Leiospora bellidifolia,雏菊叶光籽芥,,,,,,,no_image
107711,Lejeunea cavifolia,兜叶细鳞苔,,,,,,,no_image
77542,Leiocassis crassilabris,粗唇&#x0000E067;,,,,,,,no_image
45718,Leiophron subtilis,细毛室茧蜂,,,,,,,no_image
107731,Lejeunea magohukui,三重细鳞苔,,,,,,,no_image
107751,Lemna aequinoctialis,稀脉浮萍,,,,,,,no_image
45736,Lejops vittatus,条纹平管蚜蝇,,,,,,,no_image
45752,Lemula fracta,,,,,,,,no_image
45777,Lemyra gloria,荣望灯蛾,,,,,,,no_image
151957,Lentinellus castoreus,海狸色螺壳菌,,,,,,,no_image
45801,Lemyra punctilinea,点线望灯蛾,,,,,,,no_image
7765,Lensia havock,全七棱浅室水母,,,,,,,no_image
151534,Lentinus fuscus,褐韧伞,,,,,,,no_image
8906,Leobodes carinatus,,,,,,,,no_image
45811,Lentistivalius affinis,邻近韧棒蚤,,,,,,,no_image
107763,Leontopodium aurantiacum,黄毛火绒草,,,,,,,no_image
107786,Leontopodium monocephalum,单头火绒草,,,,,,,no_image
107806,Leonurus macranthus,大花益母草,,,,,,,no_image
18677,Lepadella latusinus,宽孔鞍甲轮虫,,,,,,,no_image
107816,Lepidagathis fasciculata,齿叶鳞花草,,,,,,,no_image
139058,Leotia gelatinosa,胶锤舌菌,,,,,,,no_image
107827,Lepidium bonariense,南美独行菜,,,,,,,no_image
107849,Lepidium ruderale,柱毛独行菜,,,,,,,no_image
77583,Lepidotrigla kanagashira,尖鳍红娘鱼,,,,,,,no_image
1026,Lepidonotus carinulatus,隆线背鳞虫,,,,,,,no_image
107865,Lepidozia subtransversa,圆钝指叶苔,,,,,,,no_image
145329,Lepiota ferruginosa,,,,,,,,no_image
145289,Lepiota aspera,锐鳞环柄菇,,,,,,,no_image
145309,Lepiota cepestipes,肥脚环柄菇,,,,,,,no_image
145349,Lepiota ianthinosquamosa,暗鳞环柄菇,,,,,,,no_image
145409,Lepiota subclypeolaria,,,,,,,,no_image
145369,Lepiota luteocastanea,黄栗环柄菇,,,,,,,no_image
145389,Lepiota pseudogranulosa,拟颗粒环柄菇,,,,,,,no_image
107871,Lepisanthes basicardia,心叶鳞花木,,,,,,,no_image
107892,Lepisorus crassipes,粗柄瓦韦,,,,,,,no_image
107914,Lepisorus minor,小盾蕨,,,,,,,no_image
107934,Lepisorus soulieanus,川西宽带蕨,,,,,,,no_image
148483,Lepista caespitosa,,,,,,,,no_image
5432,Lepoimetis lacunosus,沟纹智兔蛤,,,,,,,no_image
7355,Leptastrea pruimosa,白斑小星珊瑚,,,,,,,no_image
136616,Leproloma vouauxii,沃氏癞屑衣,,,,,,,no_image
14276,Lepthyphantes zhangmuensis,樟木斑皿蛛,,,,,,,no_image
45863,Leptobelus boreosinensis,中北矛角蝉,,,,,,,no_image
77606,Leptobotia rubrilabris,红唇薄鳅,,,,,,,no_image
45870,Leptocentrus albolineatus,白条弧角蝉,,,,,,,no_image
45890,Leptocera spinisquama,鳞刺雅小粪蝇,,,,,,,no_image
107988,Leptochilus scandens,攀缘线蕨,,,,,,,no_image
17513,Leptoconchus striatus,薄壳螺,,,,,,,no_image
45916,Leptoconops hongkongensis,香港细蠓,,,,,,,no_image
45936,Leptoconops turkmenicus,土库细蠓,,,,,,,no_image
108009,Leptodermis handeliana,川南野丁香,,,,,,,no_image
108039,Leptodermis scissa,撕裂野丁香,,,,,,,no_image
108056,Leptodontium viticulosoides,薄齿藓,,,,,,,no_image
45964,Leptogaster trimucronata,三尖细腹食虫虻,,,,,,,no_image
137138,Leptogium hibernicum,沟表猫耳衣,,,,,,,no_image
148502,Leptoglossum olivaceum,,,,,,,,no_image
108064,Leptogramma latipinna,阔羽溪茯蕨,,,,,,,no_image
108077,Leptohymenium tenue,薄膜藓,,,,,,,no_image
45976,Leptomastidea abnormis,三带丽突跳小蜂,,,,,,,no_image
886,Leptomya cuspidariaeformis,杓形小海螂,,,,,,,no_image
16696,Leptonetela feilong,飞龙小弱蛛,,,,,,,no_image
16679,Leptonetela liangfeng,凉风小弱蛛,,,,,,,no_image
16593,Leptonetela nanmu,楠木小弱蛛,,,,,,,no_image
16685,Leptonetela xui,徐氏弱蛛,,,,,,,no_image
16628,Leptonetela shibingensis,施秉小弱蛛,,,,,,,no_image
108099,Leptopterigynandrum brevirete,小叉羽藓,,,,,,,no_image
139828,Leptopodia atra,,,,,,,,no_image
108111,Leptopus longipedicellatus,长梗雀舌木,,,,,,,no_image
133695,Leptosphaeria dumetorum,,,,,,,,no_image
133715,Leptosphaeria solani,,,,,,,,no_image
8148,Leptoseris papyracea,纸样柔纹珊瑚,,,,,,,no_image
46016,Leptostiba alticola,,,,,,,,no_image
46042,Leptura ambulatrix,小黄斑花天牛,,,,,,,no_image
46063,Leptura longeattenuata,,,,,,,,no_image
46023,Leptotarsus fulvus,金黄龙大蚊,,,,,,,no_image
5707,Leptothyra grossa,厚鳞窗螺,,,,,,,no_image
77642,Lepturichthys fimbriata,犁头鳅,,,,,,,no_image
46098,Leptusa cribrata,,,,,,,,no_image
46118,Leptusa michai,,,,,,,,no_image
46138,Leptusa spirarum,,,,,,,,no_image
77646,Lepus mandshuricus,东北兔,,,,,,,no_image
108160,Lespedeza fordii,广东胡枝子,,,,,,,no_image
108189,Lespedeza viatorum,路生胡枝子,,,,,,,no_image
108135,Leskea consanguinea,喜马拉雅薄罗藓,,,,,,,no_image
46172,Lesteva cala,,,,,,,,no_image
77660,Lestrolepis intermedia,中间光鳞鱼,,,,,,,no_image
46192,Lesteva plagiata,,,,,,,,no_image
46220,Lethe bipupilla,舜目黛眼蝶,,,,,,,no_image
46262,Lethe maitrya,迷纹黛眼蝶,,,,,,,no_image
46290,Lethe syrcis,连纹黛眼蝶,,,,,,,no_image
77673,Lethrinus nebulosus,星斑裸颊鲷,,,,,,,no_image
46313,Leucania dharma,德粘夜蛾,,,,,,,no_image
46333,Leucania pallidior,瘠粘夜蛾,,,,,,,no_image
46353,Leucania yunnana,云粘夜蛾,,,,,,,no_image
14890,Leucauge mammilla,乳突银鳞蛛,,,,,,,no_image
7905,Leuckartiara hoepplii,厦门隔膜水母,,,,,,,no_image
145439,Leucoagaricus nympharum,翘鳞白环菇,,,,,,,no_image
46356,Leucochlaena muscosa,穆冬夜蛾,,,,,,,no_image
145454,Leucocoprinus cepaestipes,粗柄白鬼伞,,,,,,,no_image
46366,Leucocraspedum robustum,,,,,,,,no_image
108231,Leucodon sciuroides,白齿藓,,,,,,,no_image
108244,Leucoloma walkeri,狭叶白锦藓,,,,,,,no_image
148518,Leucopaxillus tricolor,三色白桩菇,,,,,,,no_image
46392,Leuconemacris daochengensis,稻城白纹蝗,,,,,,,no_image
46409,Leucophenga atriventris,宽腹白果蝇,,,,,,,no_image
46429,Leucophenga fuscivena,褐脉白果蝇,,,,,,,no_image
46449,Leucophenga nigroscutellata,黑盾白果蝇,,,,,,,no_image
46469,Leucophenga securis,斧叶白果蝇,,,,,,,no_image
46489,Leucophlebia lineata,甘蔗天蛾,,,,,,,no_image
46507,Leucophora triptolobos,杵叶植蝇,,,,,,,no_image
141551,Leucostoma kuduerensis,,,,,,,,no_image
140582,Leucoscypha rutilans,,,,,,,,no_image
46526,Leucozona lucorum,黑色白腰蚜蝇,,,,,,,no_image
138066,Leveillula saxaouli,,,,,,,,no_image
108268,Lewinskya pulchra,美丽显孔藓,,,,,,,no_image
108283,Leymus crassiusculus,粗穗赖草,,,,,,,no_image
108309,Leymus yiunensis,伊吾赖草,,,,,,,no_image
108320,Liagora hainanensis,海南粉枝藻,,,,,,,no_image
108351,Libanotis jinanensis,济南岩风,,,,,,,no_image
212,Liagore rubromaculata,红斑斗蟹,,,,,,,no_image
46554,Libido bipunctata,双点黎舟蛾,,,,,,,no_image
46574,Libnotes recurvinervis,弯脉亮大蚊,,,,,,,no_image
136019,Lichen caninus,,,,,,,,no_image
46597,Lichtwardtia ziczac,之脉长足虻,,,,,,,no_image
136039,Lichen sarcoides,,,,,,,,no_image
4310,Lienardia marchei,瘤齿狭口螺,,,,,,,no_image
108365,Ligularia alatipes,翅柄橐吾,,,,,,,no_image
108385,Ligularia cymosa,聚伞橐吾,,,,,,,no_image
108407,Ligularia jaluensis,复序橐吾,,,,,,,no_image
108433,Ligularia longifolia,长叶橐吾,,,,,,,no_image
108455,Ligularia petiolaris,裸柱橐吾,,,,,,,no_image
108477,Ligularia secunda,侧花橐吾,,,,,,,no_image
108502,Ligularia zhengyiana,征镒橐吾,,,,,,,no_image
108521,Ligusticopsis pubescens,柔毛拟藁本,,,,,,,no_image
108541,Ligusticum yunnanense,云南藁本,,,,,,,no_image
108572,Ligustrum punctifolium,斑叶女贞,,,,,,,no_image
46613,Ligyra semialatus,半暗丽蜂虻,,,,,,,no_image
108606,Lilium brunneum,焦瓣百合,,,,,,,no_image
108635,Lilium lancifolium,卷丹,,,,,,,no_image
108665,Lilium primulinum,报春百合,,,,,,,no_image
108689,Lilium tianschanicum,天山百合,,,,,,,no_image
5863,Limaria hakodatensis,函馆雪锉蛤,,,,,,,no_image
145563,Limacella albissima,,,,,,,,no_image
46638,Limenitis homeyeri,戟眉线蛱蝶,,,,,,,no_image
77719,Limnonectes fragilis,脆皮大头蛙,,,,,,,no_image
46677,Limnophora emeishanica,峨眉池蝇,,,,,,,no_image
46657,Limnophora apicicerca,尖叶池蝇,,,,,,,no_image
46718,Limnophora scrupulosa,锐池蝇,,,,,,,no_image
46697,Limnophora mongolica,蒙古池蝇,,,,,,,no_image
46739,Limnophyes gurgicola,无凹沼摇蚊,,,,,,,no_image
46754,Limonia dilutissima,薄沼大蚊,,,,,,,no_image
108710,Limonium aureum,黄花补血草,,,,,,,no_image
108732,Limonium suffruticosum,木本补血草,,,,,,,no_image
108742,Linaria incompleta,光籽柳穿鱼,,,,,,,no_image
46781,Linan chinensis,,,,,,,,no_image
46808,Linda major,,,,,,,,no_image
108763,Lindenbergia philippensis,钟萼草,,,,,,,no_image
108787,Lindera lungshengensis,龙胜钓樟,,,,,,,no_image
155836,Linderina macrospora,大孢球梳霉,,,,,,,no_image
108840,Lindernia oblonga,棱萼母草,,,,,,,no_image
46825,Lindneromyia sauteri,邵氏林扁足蝇,,,,,,,no_image
12204,Lineacoelotes longicephalus,长头线隙蛛,,,,,,,no_image
143090,Linkosia mori,桑林氏霉,,,,,,,no_image
46847,Linnaemya olsufjevi,奥尔短须寄蝇,,,,,,,no_image
46867,Linnaemya zimini,缘毛短须寄蝇,,,,,,,no_image
108872,Linum pallescens,短柱亚麻,,,,,,,no_image
6816,Liochthonius lentus,柔滑缝甲螨,,,,,,,no_image
77751,Liobagrus huaiheensis,淮河䱀,,,,,,,no_image
46879,Liodrosophila dictenia,双梳曙果蝇,,,,,,,no_image
46899,Liogluta erlangicola,,,,,,,,no_image
46919,Liogluta rhomboidalis,,,,,,,,no_image
139,Liomera cinctimana,带掌花瓣蟹,,,,,,,no_image
77776,Liopropoma lunulatum,新月长鲈,,,,,,,no_image
46958,Liosarcophaga jacobsoni,蝗尸醬麻蝇,,,,,,,no_image
46978,Liosarcophaga tristylata,三枝醬麻蝇,,,,,,,no_image
46998,Liothrips floridensis,佛罗里达滑管蓟马,,,,,,,no_image
2692,Liotropica introspecta,光热带螺,,,,,,,no_image
108897,Liparis delicatula,小巧羊耳蒜,,,,,,,no_image
108917,Liparis luteola,黄花羊耳蒜,,,,,,,no_image
108934,Liparis pumila,中越羊耳蒜,,,,,,,no_image
47013,Liparopsis postalbida,东润舟蛾,,,,,,,no_image
16107,Lipseuma josianae,,,,,,,,no_image
108971,Lirianthe odoratissima,馨香木兰,,,,,,,no_image
108974,Liriope clavatifolia,棒叶山麦冬,,,,,,,no_image
47048,Lispe appendibacula,赘棒溜蝇,,,,,,,no_image
47070,Lispe lanceoseta,柳叶溜蝇,,,,,,,no_image
47090,Lispe tarsocilica,饰跗溜蝇,,,,,,,no_image
47110,Lispocephala erythrocera,红角溜头秽蝇,,,,,,,no_image
47130,Lispocephala parciseta,少鬃溜头秽蝇,,,,,,,no_image
8,Lissocarcinus polybioides,多域光背蟹,,,,,,,no_image
8259,Listriolobus brevirostris,短吻铲荚螠,,,,,,,no_image
47170,Lithacodia stygia,阴俚夜蛾,,,,,,,no_image
15683,Lithobius giganteus,巨石蜈蚣,,,,,,,no_image
15704,Lithobius ongi,王氏石蜈蚣,,,,,,,no_image
15699,Lithobius tridentatus,三齿石蜈蚣,,,,,,,no_image
109002,Lithocarpus chifui,粤北柯,,,,,,,no_image
109033,Lithocarpus elaeagnifolius,胡颓子叶柯,,,,,,,no_image
109053,Lithocarpus hancei,硬壳柯,,,,,,,no_image
109075,Lithocarpus longipedicellatus,柄果柯,,,,,,,no_image
109097,Lithocarpus pakhaensis,滇南柯,,,,,,,no_image
109118,Lithocarpus tenuilimbus,薄叶柯,,,,,,,no_image
47178,Lithocharis vilis,,,,,,,,no_image
5322,Lithophaga zitteliana,金石蛏,,,,,,,no_image
47193,Lithostege verbosaria,弥爪胫尺蛾,,,,,,,no_image
5934,Litoscalplellum sinense,中华直铠茗荷,,,,,,,no_image
109158,Litsea chinpingensis,金平木姜子,,,,,,,no_image
109190,Litsea ichangensis,宜昌木姜子,,,,,,,no_image
109215,Litsea pedunculata,红皮木姜子,,,,,,,no_image
77790,Liuhurana shuchinae,胫腺蛙,,,,,,,no_image
109243,Litsea variabilis,黄椿木姜子,,,,,,,no_image
47210,Lixophaga cinctella,小带利索寄蝇,,,,,,,no_image
47228,Ljungh hishimonovorus,菱纹叶蝉双距螯蜂,,,,,,,no_image
151576,Lloydella sulcata,槽笋革菌,,,,,,,no_image
137183,Lobaria orientalis,东方肺衣,,,,,,,no_image
109274,Lobelia davidii,江南山梗菜,,,,,,,no_image
47254,Lobesia longisterigma,长花翅小卷蛾,,,,,,,no_image
7203,Lobophytum denticulatum,小齿叶软珊瑚,,,,,,,no_image
7283,Lobonemoides gracilis,拟叶腕水母,,,,,,,no_image
109294,Lobelia terminalis,顶花半边莲,,,,,,,no_image
7206,Lobophytum spissum,密叶软珊瑚,,,,,,,no_image
47286,Lobrathium cholaicum,,,,,,,,no_image
47306,Lobrathium fuscoguttatum,,,,,,,,no_image
47326,Lobrathium rutilum,,,,,,,,no_image
8077,Lochmaeotrochus oculeus,枇杷灌丛珊瑚,,,,,,,no_image
109297,Loeseneriella concinna,程香仔树,,,,,,,no_image
109313,Lomagramma sorbifolia,网藤蕨,,,,,,,no_image
109333,Lomatogonium lijiangense,丽江肋柱花,,,,,,,no_image
47365,Lomechusoides mongolicus,,,,,,,,no_image
47380,Lonchetron cyclorum,圆颊矛尾金小蜂,,,,,,,no_image
47412,Longiconnecta basimaculata,基斑长索叶蝉,,,,,,,no_image
47400,Lonchoptera melanosoma,黑体尖翅蝇,,,,,,,no_image
17255,Longitrema longiforme,长形长盘吸虫,,,,,,,no_image
109363,Lonicera cyanocarpa,微毛忍冬,,,,,,,no_image
109394,Lonicera longiflora,长花忍冬,,,,,,,no_image
109420,Lonicera similis,细毡毛忍冬,,,,,,,no_image
5577,Lopadorhynchus krohnii,锥片盘首蚕,,,,,,,no_image
151577,Lopharia abietina,冷杉齿脉菌,,,,,,,no_image
4375,Lophiotoma cingulifera,环领异飞螺,,,,,,,no_image
15629,Lophochernes tibetanus,西藏冠伪蝎,,,,,,,no_image
139251,Lophodermium australe,南方散斑壳,,,,,,,no_image
139271,Lophodermium harbinense,哈尔滨散斑壳,,,,,,,no_image
139291,Lophodermium nanakii,内纳克散斑壳,,,,,,,no_image
139311,Lophodermium rottboelliae,罗氏草散斑壳,,,,,,,no_image
109452,Lopholejeunea nigricans,黑冠鳞苔,,,,,,,no_image
47461,Lophophelma calaurops,美冠尺蛾,,,,,,,no_image
47481,Lophoptera pustulifera,暗脊蕊夜蛾,,,,,,,no_image
47501,Lophosia hamulata,钩罗佛寄蝇,,,,,,,no_image
15782,Lophoturus jianshuiensis,,,,,,,,no_image
47517,Lopinga achine,黄环链眼蝶,,,,,,,no_image
47532,Lordiphosa cultrate,刀形拱背果蝇,,,,,,,no_image
47552,Lordiphosa pilosella,毛突拱背果蝇,,,,,,,no_image
47572,Lordithon semirufus,,,,,,,,no_image
109480,Lotus angustissimus,尖齿百脉根,,,,,,,no_image
3,Lovenia triforis,三孔拉文海胆,,,,,,,no_image
47596,Loxocera anulata,环腹长角茎蝇,,,,,,,no_image
109498,Loxogramme avenia,剑蕨,,,,,,,no_image
77894,Luciogobius guttatus,斑点竿鰕虎,,,,,,,no_image
47636,Lucilia papuensis,巴浦绿蝇,,,,,,,no_image
47617,Loxoneura yunnana,云南肘角广口蝇,,,,,,,no_image
77888,Lubricogobius exiguus,短身裸叶鰕虎,,,,,,,no_image
47648,Luehdorfia chinensis,中华虎凤蝶,,,,,,,no_image
109545,Luisia magniflora,大花钗子股,,,,,,,no_image
47656,Luperina hedeni,衍陆夜蛾,,,,,,,no_image
47659,Luteicenus magnificus,,,,,,,,no_image
77928,Lutjanus ophuysenii,奥氏笛鲷,,,,,,,no_image
47662,Luzonimyia flavipedes,黄足芦果蝇,,,,,,,no_image
109591,Luzula spicata,穗花地杨梅,,,,,,,no_image
109597,Lycianthes hupehensis,鄂红丝线,,,,,,,no_image
109624,Lycium truncatum,截萼枸杞,,,,,,,no_image
146918,Lycoperdon decipiens,,,,,,,,no_image
77956,Lycodon rufozonatus,赤链蛇,,,,,,,no_image
146938,Lycoperdon gunnii,冈恩马勃,,,,,,,no_image
14703,Lycopus primus,初狼蟹蛛,,,,,,,no_image
146978,Lycoperdon umbrinum,粒皮马勃,,,,,,,no_image
146958,Lycoperdon parasiticum,,,,,,,,no_image
47713,Lycoriella lagenaria,瓶颈厉眼蕈蚊,,,,,,,no_image
109654,Lycoris aurea,忽地笑,,,,,,,no_image
16523,Lycosa wangi,王氏狼蛛,,,,,,,no_image
47745,Lygephila nigricostata,黑缘影夜蛾,,,,,,,no_image
16450,Lycosa coelestis,黑腹狼蛛,,,,,,,no_image
47793,Lymantria bivittata,汇毒蛾,,,,,,,no_image
47764,Lygocoris linnavuorii,林氏丽盲蝽,,,,,,,no_image
47774,Lygus adspersus,光翅草盲蝽,,,,,,,no_image
47813,Lymantria serva,虹毒蛾,,,,,,,no_image
77966,Lynx lynx,猞猁,,,,,,,no_image
47848,Lyriothemis flava,金黄宽腹蜻,,,,,,,no_image
147011,Lyophyllum gangraenosum,,,,,,,,no_image
47831,Lypesthes ater,粉筒胸肖叶甲,,,,,,,no_image
109703,Lysimachia baoxingensis,宝兴过路黄,,,,,,,no_image
109724,Lysimachia chungdienensis,中甸珍珠菜,,,,,,,no_image
109768,Lysimachia henryi,宜昌过路黄,,,,,,,no_image
109746,Lysimachia erosipetala,尖瓣过路黄,,,,,,,no_image
109790,Lysimachia liui,红头索,,,,,,,no_image
109813,Lysimachia otophora,耳柄过路黄,,,,,,,no_image
109836,Lysimachia punctatilimba,点叶落地梅,,,,,,,no_image
109858,Lysimachia stellarioides,茂汶过路黄,,,,,,,no_image
109882,Lysimachia yingdeensis,黄德过路黄,,,,,,,no_image
109909,Lysionotus oblongifolius,长圆吊石苣苔,,,,,,,no_image
14769,Lysiteles auriculatus,耳状微蟹蛛,,,,,,,no_image
5198,Lysmata amboinensis,安波双鞭虾,,,,,,,no_image
14625,Lysiteles inflatus,膨胀微蟹蛛,,,,,,,no_image
8053,Lytocarpia brevirostris,短刺荚果羽螅,,,,,,,no_image
47866,Maaserphus flavitarsis,黄跗马氏细蜂,,,,,,,no_image
77976,Macaca leucogenys,白颊猕猴,,,,,,,no_image
109946,Macaranga sinensis,台湾血桐,,,,,,,no_image
47894,Machaerotypus camelliae,茶花红脊角蝉,,,,,,,no_image
109960,Machilus chienkweiensis,黔桂润楠,,,,,,,no_image
110006,Machilus minutiloba,雁荡润楠,,,,,,,no_image
109980,Machilus grandibracteata,大苞润楠,,,,,,,no_image
110047,Machilus wenshanensis,文山润楠,,,,,,,no_image
110059,Maclura fruticosa,柘藤,,,,,,,no_image
110027,Machilus rehderi,狭叶润楠,,,,,,,no_image
5130,Macrobrachium asperulum,粗糙沼虾,,,,,,,no_image
47914,Maconellicoccus hirsutus,曼粉蚧,,,,,,,no_image
5001,Macrobrachium latimanus,宽掌沼虾,,,,,,,no_image
47957,Macrocentrus collaris,地老虎长体茧蜂,,,,,,,no_image
47937,Macrobrochis prasena,深脉网苔蛾,,,,,,,no_image
47977,Macrocentrus linearis,螟虫长体茧蜂,,,,,,,no_image
47998,Macrocentrus sinensis,中华长体茧蜂,,,,,,,no_image
48015,Macrocera elegantula,雅长角菌蚊,,,,,,,no_image
77992,Macrochirichthy macrochirus,大鳍鱼,,,,,,,no_image
48040,Macrocoma marquardti,马氏漠肖叶甲,,,,,,,no_image
48051,Macroglossum bombylans,青背长喙天蛾,,,,,,,no_image
145465,Macrolepiota albuminosa,,,,,,,,no_image
48072,Macrolygus viridulus,绿硕丽盲蝽,,,,,,,no_image
48089,Macromia kiautai,克氏大伪蜻,,,,,,,no_image
110092,Macromitrium subincurvum,短芒尖蓑藓,,,,,,,no_image
110071,Macromitrium courtoisii,华东蓑藓,,,,,,,no_image
131826,Macrophoma falconeri,,,,,,,,no_image
48114,Macropelopia galbina,黄大粗腹摇蚊,,,,,,,no_image
4028,Macrophthalmus dentatus,齿大眼蟹,,,,,,,no_image
48127,Macropis ussuriana,乌苏里宽痣蜂,,,,,,,no_image
110108,Macroptilium lathyroides,大翼豆,,,,,,,no_image
110110,Macrosolen cochinchinensis,鞘花,,,,,,,no_image
48173,Macrotermes constrictus,缢颏大白蚁,,,,,,,no_image
48152,Macrostylophora gansuensis,甘肃大锥蚤,,,,,,,no_image
13497,Macrothele simplicata,简褶大疣蛛,,,,,,,no_image
110114,Macrothamnium javense,爪哇南木藓,,,,,,,no_image
48203,Macrothyatira stramineata,禾大波纹蛾,,,,,,,no_image
3099,Mactra aphrodina,粗蛤蜊,,,,,,,no_image
48215,Maculonecroscia perplexus,,,,,,,,no_image
7074,Madrepora oculata,枇杷筛孔珊瑚,,,,,,,no_image
110159,Maesa reticulata,网脉杜茎山,,,,,,,no_image
110138,Maesa consanguinea,拟杜茎山,,,,,,,no_image
110165,Magnolia bawangensis,霸王岭木兰,,,,,,,no_image
48244,Mahavana daliana,,,,,,,,no_image
110179,Mahonia conferta,密叶十大功劳,,,,,,,no_image
110201,Mahonia oiwakensis,阿里山十大功劳,,,,,,,no_image
3457,Maja kominatoensis,疣背蜘蛛蟹,,,,,,,no_image
110224,Maianthemum henryi,管花鹿药,,,,,,,no_image
48262,Malacosoma autumnaria,秋幕枯叶蛾,,,,,,,no_image
48277,Malaisinia pulcherrima,宝饰翅实蝇,,,,,,,no_image
13511,Mallinella kunmingensis,昆明马利蛛,,,,,,,no_image
48279,Malaxa semifusca,半暗马来飞虱,,,,,,,no_image
48294,Maliattha separata,玲瑙夜蛾,,,,,,,no_image
110242,Malleola insectifera,海南槌柱兰,,,,,,,no_image
110253,Mallotus conspurcatus,桂野桐,,,,,,,no_image
48317,Mallota bombiformis,类蜂毛管蚜蝇,,,,,,,no_image
110282,Mallotus roxburghianus,圆叶野桐,,,,,,,no_image
110303,Malus doumeri,台湾林檎,,,,,,,no_image
110337,Malus zhaojiaoensis,昭觉山荆子,,,,,,,no_image
110361,Manglietia calcarea,石山木莲,,,,,,,no_image
5680,Mammilla sebae,桑巴乳玉螺,,,,,,,no_image
110382,Manglietia kwangtungensis,广东木莲,,,,,,,no_image
10972,Mangora herbeoides,草芒果蛛,,,,,,,no_image
48343,Mannheimsia tianzena,天则曼蚤蝇,,,,,,,no_image
48355,Mansoniella juglandis,胡桃曼盲蝽,,,,,,,no_image
48374,Mantispa styriaca,斯提利亚螳蛉,,,,,,,no_image
147601,Marasmiellus albocorticis,,,,,,,,no_image
147641,Marasmiellus pusillimus,微型小皮伞,,,,,,,no_image
147621,Marasmiellus fibula,腓骨微皮伞,,,,,,,no_image
147140,Marasmius abundans,,,,,,,,no_image
147160,Marasmius bellus,美丽小皮伞,,,,,,,no_image
147180,Marasmius corrugatus,,,,,,,,no_image
147220,Marasmius hypochroides,,,,,,,,no_image
147200,Marasmius fiardii,,,,,,,,no_image
147240,Marasmius niveus,雪臼小皮伞,,,,,,,no_image
147280,Marasmius sacchari,,,,,,,,no_image
147260,Marasmius polylepidis,,,,,,,,no_image
147300,Marasmius tibeticus,西藏皮伞菌,,,,,,,no_image
48386,Mardara plagidotata,蚀月毒蛾,,,,,,,no_image
153059,Maravalia sebastianiae,,,,,,,,no_image
48401,Margarinotus incognitus,隐歧阎甲,,,,,,,no_image
13731,Marinarozelotes jaxartensis,查哈马狂蛛,,,,,,,no_image
110438,Marginisporum aberrans,异边孢藻,,,,,,,no_image
14035,Maro bulbosus,球形玛若蛛,,,,,,,no_image
110461,Marsdenia officinalis,海枫屯,,,,,,,no_image
110478,Marsilea quadrifolia,蘋,,,,,,,no_image
110486,Marsupella yakushimensis,东亚钱袋苔,,,,,,,no_image
48442,Marumba maacki,黄边六点天蛾,,,,,,,no_image
110490,Mastersia assamica,闭荚藤,,,,,,,no_image
133758,Massarina eburnea,,,,,,,,no_image
110500,Mastixia microcarpa,小果单室茱萸,,,,,,,no_image
48461,Matrona annina,安妮单脉色蟌,,,,,,,no_image
78067,Mauremys nigricans,黑颈乌龟,,,,,,,no_image
48476,Matsumyia zibaiensis,紫柏木村蚜蝇,,,,,,,no_image
48510,Maxates habra,华尖尾尺蛾,,,,,,,no_image
48490,Maurya querci,栎耳角蝉,,,,,,,no_image
110523,Mayaca fluviatilis,花水藓,,,,,,,no_image
110557,Mazus songgangensis,松岗通泉草,,,,,,,no_image
110532,Mazus fukienensis,福建通泉草,,,,,,,no_image
48544,Mecodina nubiferalis,云薄夜蛾,,,,,,,no_image
110595,Meconopsis henrici,川西绿绒蒿,,,,,,,no_image
110573,Meconopsis balangensis,巴朗山绿绒蒿,,,,,,,no_image
110619,Meconopsis pseudohorridula,拟多刺绿绒蒿,,,,,,,no_image
110648,Meconopsis wanbaensis,湾坝绿绒蒿,,,,,,,no_image
48589,Medetera opaca,影聚脉长足虻,,,,,,,no_image
48569,Medama emeiensis,峨眉毛眼毒蛾,,,,,,,no_image
48609,Medhiama puetzi,,,,,,,,no_image
110673,Medicago platycarpos,阔荚苜蓿,,,,,,,no_image
110689,Medinilla petelotii,沙坝美丁花,,,,,,,no_image
110692,Meeboldia delavayi,滇芹,,,,,,,no_image
6435,Megabalanus validus,壮肋巨藤壶,,,,,,,no_image
48652,Megaceramis opaca,影亮舟蛾,,,,,,,no_image
48664,Megachile behavanae,英切叶蜂,,,,,,,no_image
48688,Megachile eurycephala,宽头切叶蜂,,,,,,,no_image
48735,Megachile pilicrus,毛切叶蜂,,,,,,,no_image
48711,Megachile lagopodo,小足切叶蜂,,,,,,,no_image
48757,Megachile silvapis,雨林切叶蜂,,,,,,,no_image
48779,Megachile willughbiella,单齿切叶蜂,,,,,,,no_image
48799,Megalinus coracinus,,,,,,,,no_image
136521,Megalaria laureri,劳氏大盘衣,,,,,,,no_image
48819,Megalinus oculatus,,,,,,,,no_image
78086,Megalobrama skolkovii,鲂,,,,,,,no_image
48852,Megalopinus sexdentatus,,,,,,,,no_image
48857,Megalurothrips distalis,端大蓟马,,,,,,,no_image
48874,Megaphragma stenopterum,窄翅缨翅赤眼蜂,,,,,,,no_image
48893,Megarthrus phoenix,,,,,,,,no_image
48913,Megaselia chipensis,知本异蚤蝇,,,,,,,no_image
48953,Megaselia scalaris,蛆症异蚤蝇,,,,,,,no_image
48933,Megaselia lateralis,亮侧异蚤蝇,,,,,,,no_image
48973,Megashachia fulgurifera,魁舟蛾,,,,,,,no_image
769,Megokris sedili,尖突大突虾,,,,,,,no_image
49003,Meigenia majuscula,大型美根寄蝇,,,,,,,no_image
78100,Melamphaes simus,洞孔头鲷,,,,,,,no_image
49015,Meiyingia holzschuhi,,,,,,,,no_image
153247,Melampsora euphorbiae-orientalis,大戟栅锈,,,,,,,no_image
153287,Melampsora stellerae,狼毒栅锈菌,,,,,,,no_image
153267,Melampsora microsora,小堆栅锈,,,,,,,no_image
49025,Melanaema venata,黑脉弥苔蛾,,,,,,,no_image
141498,Melanconis modonia,,,,,,,,no_image
49045,Melanagromyza sojae,豆秆黑潜蝇,,,,,,,no_image
136064,Melanelia tominii,托敏氏褐梅,,,,,,,no_image
49071,Melangyna umbellatarum,伞形美蓝蚜蝇,,,,,,,no_image
149473,Melanogaster ambiguus,含糊黑腹菌,,,,,,,no_image
136078,Melanohalea infumata,烟色黑尔衣,,,,,,,no_image
16843,Melanopa grandis,巨黑盲蛛,,,,,,,no_image
148529,Melanoleuca graminicola,草生铦囊蘑,,,,,,,no_image
142147,Melanopsamma grevillei,,,,,,,,no_image
142167,Melanopsamma valdiviensis,,,,,,,,no_image
110754,Melanoseris hirsuta,鹤庆毛鳞菊,,,,,,,no_image
143777,Melanospora damnosa,,,,,,,,no_image
9295,Melanozetes meridianus,中黑尖棱甲螨,,,,,,,no_image
139335,Melasmia rhododendri,杜鹃叶痣菌,,,,,,,no_image
110780,Melastoma normale,展毛野牡丹,,,,,,,no_image
110793,Melica nutans,俯垂臭草,,,,,,,no_image
694,Melicertus canaliculatus,深沟對蝦,,,,,,,no_image
110821,Melilotus albus,白花草木犀,,,,,,,no_image
143928,Meliola asclepiadacearum,,,,,,,,no_image
143908,Meliola actinodaphnes,,,,,,,,no_image
143948,Meliola burgosensis,,,,,,,,no_image
143968,Meliola cleistopholidis,,,,,,,,no_image
143988,Meliola dracaenicola,,,,,,,,no_image
144008,Meliola garciniae,,,,,,,,no_image
144028,Meliola indigofera,,,,,,,,no_image
144048,Meliola linderae,,,,,,,,no_image
144068,Meliola melodini,,,,,,,,no_image
144088,Meliola osyridis,,,,,,,,no_image
144108,Meliola quercicola,,,,,,,,no_image
144128,Meliola singaporensis,,,,,,,,no_image
144148,Meliola teramni,,,,,,,,no_image
110828,Meliosma angustifolia,狭叶泡花树,,,,,,,no_image
110859,Meliosma rigida,笔罗子,,,,,,,no_image
2132,Melita alluaudi,阿氏马尔他钩虾,,,,,,,no_image
49145,Melitaea didymoides,斑网蛱蝶,,,,,,,no_image
49164,Melitta sinensis,中华准蜂,,,,,,,no_image
49182,Meloimorpha yunnanensis,云南钟蟋,,,,,,,no_image
110880,Melocalamus guangxiensis,广西梨藤竹,,,,,,,no_image
110898,Memecylon ligustrifolium,谷木,,,,,,,no_image
49193,Menexenus rotunginus,藏宽腹䗛,,,,,,,no_image
136091,Menegazzia subsimilis,漏斗孔叶衣,,,,,,,no_image
110919,Mentha pulegium,唇萼薄荷,,,,,,,no_image
49203,Meracanthomyia arisana,黄股长缝实蝇,,,,,,,no_image
78137,Meriones meridianus,子午沙鼠,,,,,,,no_image
16771,Merizocera lincang,临沧梅斑蛛,,,,,,,no_image
49226,Merionoeda tosawai,,,,,,,,no_image
49242,Merodontina nigripes,黑足齿腿食虫虻,,,,,,,no_image
110929,Merremia boisiana,金钟藤,,,,,,,no_image
49262,Meromyza yangi,杨氏麦秆蝇,,,,,,,no_image
110962,Merrillanthus hainanensis,驼峰藤,,,,,,,no_image
151047,Merulius pseudolacrymans,假伏果干朽菌,,,,,,,no_image
78156,Mesechinus wangi,高黎贡林猬,,,,,,,no_image
49317,Mesocallis sawashibae,鹅耳枥中斑蚜,,,,,,,no_image
49302,Mesembrius niger,黑色墨管蚜蝇,,,,,,,no_image
49334,Mesonemoura multispira,多旋中叉(虫责),,,,,,,no_image
49351,Mesophalera lundbladi,月间掌舟蛾,,,,,,,no_image
49368,Mesopolobus equivenae,等脉迈金小蜂,,,,,,,no_image
49386,Mesopsylla anomala,异样中蚤,,,,,,,no_image
49424,Mesosa kuntzeni,,,,,,,,no_image
49403,Mesorhaga palaearctica,北方孤脉长足虻,,,,,,,no_image
15003,Meta hamata,钩后蛛,,,,,,,no_image
49444,Mesosmittia gracilis,纺锤肛脊摇蚊,,,,,,,no_image
49458,Metacnephia lui,陆氏后克蚋,,,,,,,no_image
16837,Metagagrella formosa,台湾后盾刺盲蛛,,,,,,,no_image
111007,Metalejeunea cucullata,假细鳞苔,,,,,,,no_image
49484,Metalloleptura rahoarei,,,,,,,,no_image
718,Metapenaeopsis lata,圆板赤虾,,,,,,,no_image
3178,Metanephrops sagamiensis,相模后海螯虾,,,,,,,no_image
111014,Metapetrocosmea peltata,盾叶苣苔,,,,,,,no_image
17802,Metaphire exiloides,似腋腔蚓,,,,,,,no_image
17781,Metaphire leonoris,狮口腔蚓,,,,,,,no_image
17894,Metaphire taiwanensis,台湾腔蚓,,,,,,,no_image
49503,Metaphycus dispar,敌虱阔柄跳小蜂,,,,,,,no_image
653,Metaplax longipes,长足长方蟹,,,,,,,no_image
3208,Metasesarma aubryi,奥氏后相手蟹,,,,,,,no_image
111027,Metathelypteris petiolulata,有柄凸轴蕨,,,,,,,no_image
111033,Meteoriella soluta,小蔓藓,,,,,,,no_image
15000,Metleucauge yunohamensis,镜斑后鳞蛛,,,,,,,no_image
49549,Meteorus pallipes,自足悬茧蜂,,,,,,,no_image
49577,Metopia argentata,双缨突额蜂麻蝇,,,,,,,no_image
16994,Metorchis yichunensis,宜春次睾吸虫,,,,,,,no_image
49596,Metopina sagittata,矛片裂蚤蝇,,,,,,,no_image
49621,Metriocnemus tristellus,长须中足摇蚊,,,,,,,no_image
111046,Metzgeria crassipilis,背胞叉苔,,,,,,,no_image
49632,Miaenia binhana,,,,,,,,no_image
49647,Micadina difficilis,迪小异䗛,,,,,,,no_image
135485,Micarea misella,低亚网衣,,,,,,,no_image
13777,Micaria xiningensis,西宁小蚁蛛,,,,,,,no_image
111071,Michelia compressa,台湾含笑,,,,,,,no_image
111091,Michelia macclurei,醉香含笑,,,,,,,no_image
1723,Michelopagurus limatulus,磨光两洋寄居蟹,,,,,,,no_image
111122,Micranthes manchuriensis,腺毛亭阁草,,,,,,,no_image
14370,Microbathyphantes aokii,青木小指蛛,,,,,,,no_image
78175,Microcanthus strigatus,细刺鱼,,,,,,,no_image
49694,Microchironomus cavus,凹陷小摇蚊,,,,,,,no_image
49706,Microcriodes wuchaoi,,,,,,,,no_image
49723,Microdebilissa homalina,,,,,,,,no_image
49731,Microdon auricomus,无刺巢穴蚜蝇,,,,,,,no_image
49751,Microdrosophila acristata,无冠微果蝇,,,,,,,no_image
49771,Microdrosophila matsudairai,松平微果蝇,,,,,,,no_image
134884,Microglossum longisporum,长孢小舌菌,,,,,,,no_image
111168,Microlepia fujianensis,福建鳞盖蕨,,,,,,,no_image
78188,Microhyla fissipes,饰纹姬蛙,,,,,,,no_image
111193,Microlepia subtrichosticha,尖山鳞盖蕨,,,,,,,no_image
49801,Micromelalopha albifrons,白额小舟蛾,,,,,,,no_image
147661,Micromphale brassicolens,,,,,,,,no_image
49847,Micropacha zojka,褐紫枯叶蛾,,,,,,,no_image
49835,Micromus tianmuanus,天目连脉褐蛉,,,,,,,no_image
49868,Micropeplus taiwanensis,,,,,,,,no_image
15208,Micropholcus fauroti,佛若小幽灵蛛,,,,,,,no_image
151597,Microporus scopulosus,,,,,,,,no_image
78220,Microphysogobio wulonghensis,五龙河小鳔&#x0000E068;,,,,,,,no_image
49894,Microrestes trapezius,,,,,,,,no_image
138078,Microsphaera sedi,,,,,,,,no_image
111230,Microstegium japonicum,日本莠竹,,,,,,,no_image
49900,Microstylum bicolor,二色微芒食虫虻,,,,,,,no_image
49914,Microtendipes pedellus,小足倒毛摇蚊,,,,,,,no_image
49934,Microterys ericeri,白蜡虫花翅跳小蜂,,,,,,,no_image
49954,Microterys pseudonietneri,拟聂特花翅跳小蜂,,,,,,,no_image
111242,Microtoena albescens,白花冠唇花,,,,,,,no_image
16979,Microtrema truncatum,截形微口吸虫,,,,,,,no_image
111284,Microtropis oligantha,逢春假卫矛,,,,,,,no_image
78234,Microtus socialis,社田鼠,,,,,,,no_image
111317,Microula muliensis,木里微孔草,,,,,,,no_image
134295,Microxyphium cesatii,,,,,,,,no_image
139849,Midotis versiformis,变形耳盘菌,,,,,,,no_image
49989,Mileewa branchiuma,枝茎窗翅叶蝉,,,,,,,no_image
50009,Mileewa latistripa,宽条窗翅叶蝉，新种,,,,,,,no_image
50048,Milesia verticalis,隆顶迷蚜蝇,,,,,,,no_image
50029,Mileewa xiaofeiae,晓飞窗翅叶蝉,,,,,,,no_image
50062,Milichiella spinthera,针芒凹痕叶蝇,,,,,,,no_image
7049,Millepora tenera,娇嫩多孔螅,,,,,,,no_image
50075,Miltochrista dentifascia,齿美苔蛾,,,,,,,no_image
50095,Miltochrista marginis,红边美苔蛾,,,,,,,no_image
50116,Miltochrista sanguinea,丹美苔蛾,,,,,,,no_image
50137,Miltogramma taeniatorufa,纹蜂麻蝇,,,,,,,no_image
50177,Mimesisomera aureobrunnea,银褐觅舟蛾,,,,,,,no_image
50151,Mimas strigfenestra,条窗钩翅天蛾,,,,,,,no_image
50186,Mimocoelosterna hainanensis,,,,,,,,no_image
50212,Mimorsidis taiwanensis,,,,,,,,no_image
50229,Mimoxypoda sinicoides,,,,,,,,no_image
50248,Minettia hoozanensis,宝山瘤黑缟蝇,,,,,,,no_image
50268,Minialula poeciloptera,斑翅微翼小粪蝇,,,,,,,no_image
50285,Minilimosina vitripennis,鞭索小粪蝇,,,,,,,no_image
78259,Minous pictus,斑翅虎鲉,,,,,,,no_image
50306,Miobdelus heinzi,,,,,,,,no_image
17501,Mipus eugeniae,佳肋肩棘螺,,,,,,,no_image
50342,Mireditha ambigue,疑平肩肖叶甲,,,,,,,no_image
50380,Mironasutitermes machengensis,麻城奇象白蚁,,,,,,,no_image
50360,Mirococcus globosus,球根小粉蚧,,,,,,,no_image
111383,Miscanthus nepalensis,尼泊尔芒,,,,,,,no_image
50401,Mispila curvilinea,,,,,,,,no_image
2728,Mitra eremitarum,纵斑笔螺,,,,,,,no_image
50412,Mithuna quadriplaga,四线苔蛾,,,,,,,no_image
2741,Mitra rosacea,玫瑰笔螺,,,,,,,no_image
149414,Mitremyces junghuhnii,,,,,,,,no_image
50415,Mitrococcus celsus,峨眉锥蜡蚧,,,,,,,no_image
907,Miyakea holoschista,倂叉三宅虾蛄,,,,,,,no_image
111425,Mitthyridium fasciculatum,匍网藓,,,,,,,no_image
111440,Mnium heterophyllum,异叶提灯藓,,,,,,,no_image
50436,Moechotypa delicatula,,,,,,,,no_image
5465,Moerella rutila,细明樱蛤,,,,,,,no_image
7979,Modeeria rotunda,圆形和螅,,,,,,,no_image
6525,Moira lachesinella,命运神海胆,,,,,,,no_image
138785,Mollisia cinerea,灰软盘菌,,,,,,,no_image
50484,Molophilus spinosissimus,八仙磨大蚊,,,,,,,no_image
50464,Molophilus bardus,须磨大蚊,,,,,,,no_image
50504,Molorchus foveolus,,,,,,,,no_image
50524,Molorchus planicollis,,,,,,,,no_image
6713,Molpadia changi,张氏芋参,,,,,,,no_image
139534,Monacrosporium doedycoides,,,,,,,,no_image
50562,Monardia modesta,皱莫瘿蚊,,,,,,,no_image
11482,Moneta hunanica,湖南短跗蛛,,,,,,,no_image
50579,Mongoliana naevia,褐斑蒙瓢蜡蝉,,,,,,,no_image
153037,Moniliella pollinis,,,,,,,,no_image
50597,Mongolotettix anomopterus,异翅鸣蝗,,,,,,,no_image
50604,Monoceromyia brunnecorpora,褐色柄角蚜蝇,,,,,,,no_image
50656,Monochamus talianus,,,,,,,,no_image
141021,Monochaetia caryotae,,,,,,,,no_image
50633,Monochamus foraminosus,,,,,,,,no_image
135063,Monoicomyces leptochiri,,,,,,,,no_image
143130,Monodictys castaneae,,,,,,,,no_image
143150,Monodictys striata,,,,,,,,no_image
143156,Monoporisporites abruptus,,,,,,,,no_image
78292,Monopterus cuchia,山黄鳝,,,,,,,no_image
6941,Montipora informis,变形蔷薇珊瑚,,,,,,,no_image
50684,Monothyatira pryeri,单波纹蛾,,,,,,,no_image
78295,Monticola gularis,白喉矶鸫,,,,,,,no_image
143166,Moorella monocephala,,,,,,,,no_image
139899,Morchella smithiana,淡褐羊肚菌,,,,,,,no_image
50711,Morellia simplex,简莫蝇,,,,,,,no_image
139879,Morchella crassipes,粗柄羊肚菌,,,,,,,no_image
6891,Morchellana rubra,红色编笠软珊瑚,,,,,,,no_image
50728,Mormo muscivirens,黑带莫夜蛾,,,,,,,no_image
111532,Morinda parvifolia,鸡眼藤,,,,,,,no_image
111503,Morina longifolia,长叶刺参,,,,,,,no_image
155849,Mortierella gemmifera,,,,,,,,no_image
155869,Mortierella stylospora,,,,,,,,no_image
50741,Mosara apicalis,默夜蛾,,,,,,,no_image
111575,Mosla longispica,长穗荠苧,,,,,,,no_image
17399,Morula spinosa,棘优美结螺,,,,,,,no_image
155956,Mucor fragilis,易脆毛霉,,,,,,,no_image
111581,Mouretia inaequalis,广东牡丽草,,,,,,,no_image
155976,Mucor mucilagineus,粘毛霉,,,,,,,no_image
155996,Mucor sciurinus,松鼠状毛霉,,,,,,,no_image
111585,Mucuna calophylla,美叶油麻藤,,,,,,,no_image
134760,Muellerella lichenicola,地衣米勒氏菌,,,,,,,no_image
143170,Multicellaesporites cingulatus,,,,,,,,no_image
111615,Muhlenbergia himalayensis,喜马拉雅乱子草,,,,,,,no_image
143190,Multicellaesporites maximus,,,,,,,,no_image
149771,Multiclavula clara,洁藻瑚菌,,,,,,,no_image
615,Munida albiapicula,白顶刺铠虾,,,,,,,no_image
549,Munida prominula,显著刺铠虾,,,,,,,no_image
526,Munidopsis ceratophthalma,棘眼拟刺铠虾,,,,,,,no_image
78368,Muraenesox cinereus,海鳗,,,,,,,no_image
111641,Murdannia triquetra,水竹叶,,,,,,,no_image
546,Munidopsis serricornis,锯角拟刺铠虾,,,,,,,no_image
17385,Muricodrupa fenestrata,方格螺,,,,,,,no_image
78390,Murina rongjiangensis,榕江管鼻蝠,,,,,,,no_image
50769,Musca domestica,家蝇,,,,,,,no_image
78395,Mus caroli,卡氏小鼠,,,,,,,no_image
111684,Musa rubra,阿希蕉,,,,,,,no_image
5355,Musculus nigra,黑肌蛤,,,,,,,no_image
78400,Muscicapa dauurica,北灰鹟,,,,,,,no_image
111717,Mussaenda kwangsiensis,广西玉叶金花,,,,,,,no_image
78414,Mustela erminea,白鼬,,,,,,,no_image
147383,Mycena clavicularis,棒小菇,,,,,,,no_image
150790,Mutinus caninus,狗蛇头菌,,,,,,,no_image
50813,Mycalesis intermedia,中介眉眼蝶,,,,,,,no_image
147363,Mycena algeriensis,,,,,,,,no_image
147443,Mycena oregonensis,奥力根小菇,,,,,,,no_image
147403,Mycena flavescens,,,,,,,,no_image
147423,Mycena leptophylla,,,,,,,,no_image
147463,Mycena radicatella,,,,,,,,no_image
148555,Mycenella trachyspora,粗糙孢微菇,,,,,,,no_image
50852,Mycetophila fortisa,粗壮菌蚊,,,,,,,no_image
111756,Mycetia sinensis,华腺萼木,,,,,,,no_image
147483,Mycena subgracilis,近细小菇,,,,,,,no_image
50872,Mycetophila schistocauda,裂尾菌蚊,,,,,,,no_image
134606,Mycocalicium himalayense,,,,,,,,no_image
50913,Mycomya byersi,毕氏真菌蚊,,,,,,,no_image
50905,Mycodrosophila planipalpis,扁须菇果蝇,,,,,,,no_image
50953,Mycomya wuyishana,武夷真菌蚊,,,,,,,no_image
50933,Mycomya maoershana,猫儿山真菌蚊,,,,,,,no_image
132728,Mycosphaerella coffeae,,,,,,,,no_image
132748,Mycovellosiella bellynckii,,,,,,,,no_image
78427,Myctophum asperum,粗鳞灯笼鱼,,,,,,,no_image
51003,Myiomma kentingense,肯侎树盲蝽,,,,,,,no_image
50982,Mydaea gracilior,瘦叶圆蝇,,,,,,,no_image
136098,Myelochroa irrugans,,,,,,,,no_image
51050,Myopa buccata,颊虻眼蝇,,,,,,,no_image
51035,Myllaena sichuanensis,,,,,,,,no_image
51067,Myorhina recurvata,拟单疣锉麻蝇,,,,,,,no_image
51015,Myllaena huamontis,,,,,,,,no_image
51078,Myospila basilara,基妙蝇,,,,,,,no_image
51098,Myospila flavipennis,黄翅妙蝇,,,,,,,no_image
51138,Myospila vittata,条妙蝇,,,,,,,no_image
51118,Myospila paralasiophthalma,亚毛眼妙蝇,,,,,,,no_image
78471,Myotis indochinensis,印支鼠耳蝠,,,,,,,no_image
139073,Myriodiscus sparassoides,胶莓盘菌,,,,,,,no_image
111802,Myriophyllum verticillatum,狐尾藻,,,,,,,no_image
111770,Myriactis humilis,台湾黏冠草,,,,,,,no_image
111806,Myristica simiarum,菲律宾肉豆蔻,,,,,,,no_image
13073,Myrmarachne lugubris,卢格蚁蛛,,,,,,,no_image
51150,Myrmecocephalus fictus,,,,,,,,no_image
51172,Myrmecophyes geniculatus,膝曲垂头盲蝽,,,,,,,no_image
51192,Myrmeleon taiwanensis,台湾蚁蛉,,,,,,,no_image
111814,Myrsine africana,铁仔,,,,,,,no_image
15392,Mysmena biangulata,双角密蛛,,,,,,,no_image
51208,Mythimna divergens,曲线秘夜蛾,,,,,,,no_image
51214,Myxexoristops bonsdorffi,波氏撵寄蝇,,,,,,,no_image
51219,Nabepselaphus laohushanus,,,,,,,,no_image
51239,Nabis palifer,淡色姬蝽,,,,,,,no_image
51268,Naddia atripes,,,,,,,,no_image
154667,Naematelia nucleata,,,,,,,,no_image
51281,Naenia contaminata,褐宽翅夜蛾,,,,,,,no_image
111856,Najas pseudograminea,拟草茨藻,,,,,,,no_image
51297,Nanatka castenea,栗条透大叶蝉,,,,,,,no_image
51305,Nanna flavipes,黄穗蝇,,,,,,,no_image
201,Nanocassiops granulipes,粒矮扇蟹,,,,,,,no_image
7491,Nanomia cara,小水母,,,,,,,no_image
51347,Napomyza lateralis,菊菁潜蝇,,,,,,,no_image
51330,Nanostrangalia atayal,,,,,,,,no_image
111878,Narcissus jonquilla,长寿水仙,,,,,,,no_image
78545,Naso lopezi,洛氏鼻鱼,,,,,,,no_image
8699,Nassarius albescens,黑顶织纹螺,,,,,,,no_image
51361,Narosa ochracea,赭眉刺蛾,,,,,,,no_image
8640,Nassarius micans,火焰织纹螺,,,,,,,no_image
8663,Nassarius festivus,秀丽织纹螺,,,,,,,no_image
51386,Nasutitermes gardneriformis,若尖象白蚁,,,,,,,no_image
8633,Nassarius succinctus,红带织纹螺,,,,,,,no_image
51406,Nasutitermes tiantongensis,天童象白蚁,,,,,,,no_image
17177,Natriodera parva,小形似蛇吸虫,,,,,,,no_image
51448,Nazeris caoi,,,,,,,,no_image
51428,Nazeris alishanus,,,,,,,,no_image
5643,Natica gualtieriana,格纹玉螺,,,,,,,no_image
146684,Naucoria vervacti,,,,,,,,no_image
51468,Nazeris dayaoensis,,,,,,,,no_image
51488,Nazeris grandis,,,,,,,,no_image
51508,Nazeris latibasalis,,,,,,,,no_image
51528,Nazeris nannani,,,,,,,,no_image
51548,Nazeris rougemonti,,,,,,,,no_image
51590,Nazeris yulongicus,,,,,,,,no_image
51570,Nazeris tani,,,,,,,,no_image
51610,Neallogaster orientalis,东方角臀大蜓,,,,,,,no_image
3942,Neanthes succinea,琥珀刺沙蚕,,,,,,,no_image
111909,Neckera borealis,阔叶平藓,,,,,,,no_image
111931,Neckeropsis exserta,长柄拟平藓,,,,,,,no_image
3925,Nectoneanthes ijimai,饭岛全刺沙蚕,,,,,,,no_image
141694,Nectriopsis albofulta,,,,,,,,no_image
51646,Necydalis niisatoi,,,,,,,,no_image
16014,Nedyopus wui,,,,,,,,no_image
111938,Neillia densiflora,密花绣线梅,,,,,,,no_image
111959,Nekemias chaffanjonii,羽叶牛果藤,,,,,,,no_image
147810,Nematoctonus haptocladus,,,,,,,,no_image
144732,Nemania diffusa,,,,,,,,no_image
1694,Nematopagurus kosiensis,排刺线寄居蟹,,,,,,,no_image
51674,Nemestrinus hirtus,硬毛网翅虻,,,,,,,no_image
51683,Nemomydas gruenbergi,知本蚬拟食虫虻,,,,,,,no_image
51701,Nemoraea triangulata,三角毛瓣寄蝇,,,,,,,no_image
51716,Nemotelus nanshanicus,南山线角水虻,,,,,,,no_image
51756,Nemoura spinosa,多刺叉(虫责),,,,,,,no_image
51736,Nemoura hangchowensis,杭州叉(虫责),,,,,,,no_image
51767,Neoasterodiaspis horishae,台湾新链蚧,,,,,,,no_image
51785,Neobisnius praelongus,,,,,,,,no_image
78594,Neobythites fasciatus,横带新鼬鳚,,,,,,,no_image
2003,Neocaridina fukiensis,福建新米虾,,,,,,,no_image
51796,Neocerambyx grandis,,,,,,,,no_image
51815,Neochauliodes koreanus,双色斑鱼蛉,,,,,,,no_image
51834,Neochromaphis coryli,榛新黑斑蚜,,,,,,,no_image
78604,Neodon bomiensis,波密松田鼠,,,,,,,no_image
51841,Neocyrtopsis variabilis,杂色新穹螽,,,,,,,no_image
51851,Neodryinus taiwanensis,台湾新螯蜂,,,,,,,no_image
51871,Neodrymonia seriatopunctata,连点新林舟蛾,,,,,,,no_image
51893,Neoempheria fujiana,福建新菌蚊,,,,,,,no_image
131842,Neofusicoccum parvum,,,,,,,,no_image
16906,Neoepedanus fokiensis,佛新弱盲蛛,,,,,,,no_image
51923,Neohipparchus vallata,双线新青尺蛾,,,,,,,no_image
51948,Neohydatothrips tabulifer,塔崩新绢蓟马,,,,,,,no_image
51965,Neoitamus socius,伴弯顶毛食虫虻,,,,,,,no_image
78627,Neolissochilus baoshanensis,保山新光唇鱼,,,,,,,no_image
10059,Neoleipothrix virgatus,,,,,,,,no_image
112024,Neolitsea homilantha,团花新木姜子,,,,,,,no_image
112046,Neolitsea purpurascens,紫新木姜子,,,,,,,no_image
8859,Neolucoppia luculenta,光旭甲螨,,,,,,,no_image
52008,Neolygus matsumurae,松村新丽盲蝽,,,,,,,no_image
52035,Neomochtherus kozlovi,柯氏平胛食虫虻,,,,,,,no_image
52055,Neomyia timorensis,蓝翠蝇,,,,,,,no_image
142121,Neonectria confusa,,,,,,,,no_image
52027,Neomedaura arguta,,,,,,,,no_image
112070,Neoorthocaulis attenuatus,新直茎苔,,,,,,,no_image
10545,Neopentamerus octcellus,,,,,,,,no_image
52111,Neoperla dorsispina,脊刺新(虫责),,,,,,,no_image
52131,Neoperla jigongshana,鸡公山新(虫责),,,,,,,no_image
52151,Neoperla obscurofulva,深褐新(虫责),,,,,,,no_image
78642,Neophocaena sunameri,东亚江豚,,,,,,,no_image
52218,Neopsylla compar,类新蚤,,,,,,,no_image
52205,Neoplocaederus obesus,,,,,,,,no_image
52171,Neoperla uniformis,单色新(虫责),,,,,,,no_image
52250,Neopsylla stenosinuata,狭窦新蚤,,,,,,,no_image
8971,Neoribates rotundus,圆新肋甲螨,,,,,,,no_image
5909,Neoscalpellum phantasma,容貌新铠茗荷,,,,,,,no_image
52295,Neosclerus trisinuatus,,,,,,,,no_image
11206,Neoscona punctigera,丰满新园蛛,,,,,,,no_image
52296,Neoserixia delicata,,,,,,,,no_image
52321,Neotermes amplilabralis,宽唇新白蚁,,,,,,,no_image
52311,Neososibia guizhouensis,贵州新建䗛,,,,,,,no_image
10052,Neotetra neyraudiae,,,,,,,,no_image
9885,Neothrombium neglectum,,,,,,,,no_image
78660,Neotrygon kuhlii,古氏新魟,,,,,,,no_image
112106,Neottia kuanshanensis,关山对叶兰,,,,,,,no_image
112126,Neottia puberula,对叶兰,,,,,,,no_image
143231,Neottiosporina sorghicola,,,,,,,,no_image
245,Neoxanthops lineatus,条纹新景扇蟹,,,,,,,no_image
15800,Nepalmatoiulus chinensis,中国尼姬马陆,,,,,,,no_image
155530,Neozygites fresenii,弗氏新接合霉,,,,,,,no_image
52388,Nepalomyia chinensis,中华跗距长足虻,,,,,,,no_image
52408,Nepalomyia liui,刘氏跗距长足虻,,,,,,,no_image
52428,Nepalomyia ventralis,腹毛跗距长足虻,,,,,,,no_image
52448,Nepalota erlangensis,,,,,,,,no_image
52468,Nepalota yunnanensis,,,,,,,,no_image
112155,Nepeta laevigata,穗花荆芥,,,,,,,no_image
112178,Nepeta ucranica,尖齿荆芥,,,,,,,no_image
136109,Nephromopsis komarovii,柯氏肾岛衣,,,,,,,no_image
112189,Nephroia orbiculata,木防己,,,,,,,no_image
52484,Nephrotoma biarmigera,双叶短柄大蚊,,,,,,,no_image
52507,Nephrotoma geniculata,膝突短柄大蚊,,,,,,,no_image
52528,Nephrotoma martynovi,古北短柄大蚊,,,,,,,no_image
52550,Nephrotoma rectispina,直刺短柄大蚊,,,,,,,no_image
52571,Nephrotoma xizangensis,西藏短柄大蚊,,,,,,,no_image
52578,Nepogomphus walli,沃尔内春蜓,,,,,,,no_image
52684,Neptis soma,娑环蛱蝶,,,,,,,no_image
52624,Neptis mahendra,宽环蛱蝶,,,,,,,no_image
3981,Nereis hainanica,海南沙蚕,,,,,,,no_image
52710,Nerice leechi,双齿白边舟蛾,,,,,,,no_image
14136,Neriene jinjooensis,晋胄盖蛛,,,,,,,no_image
8458,Nerocila sundaica,高雅尖甲水虱,,,,,,,no_image
8945,Nesiacarus completus,全岛甲螨,,,,,,,no_image
14522,Nesticella fuliangensis,浮梁小类球蛛,,,,,,,no_image
14529,Nesticella semicircularis,半圆小类球蛛,,,,,,,no_image
10769,Netrostoma setouchianum,蝶形棱口水母,,,,,,,no_image
52745,Neurigona basalis,基斑脉长足虻,,,,,,,no_image
52765,Neurigona ventralis,腹鬃脉长足虻,,,,,,,no_image
52785,Neuronema decisum,属模脉线蛉,,,,,,,no_image
52815,Nevromus aspoeck,阿氏脉齿蛉,,,,,,,no_image
52805,Neuronema ypsilum,丫形脉线蛉,,,,,,,no_image
52822,Niaboma xena,尼夜蛾,,,,,,,no_image
78680,Nidirana cangshanensis,苍山琴蛙,,,,,,,no_image
145493,Nidula emodensis,,,,,,,,no_image
52832,Nigritomyia basiflava,黄股黑水虻,,,,,,,no_image
52854,Niitakacris rosaceanum,红胫尼蝗,,,,,,,no_image
52838,Nihonogomphus brevipennis,短翅日春蜓,,,,,,,no_image
78703,Niltava macgrigoriae,小仙鹟,,,,,,,no_image
52874,Nilobezzia duodenalis,指突尼蠓,,,,,,,no_image
8931,Niphocepheus nivalis,莹雪头甲螨,,,,,,,no_image
52921,Niphona pluricristata,,,,,,,,no_image
5380,Nipponnemertes punctatula,斑日本纽虫,,,,,,,no_image
8904,Nippobodes insolitus,奇日本甲螨,,,,,,,no_image
14250,Nippononeta alpina/alpinus,山地日蛛,,,,,,,no_image
52966,Nisibistum kaisanum,,,,,,,,no_image
112244,Nitraria sphaerocarpa,泡泡刺,,,,,,,no_image
78735,Niviventer gladiusmaculus,剑纹小社鼠,,,,,,,no_image
112249,Noccaea perfoliata,贯叶菥蓂,,,,,,,no_image
52996,Nodina parva,小球肖叶甲,,,,,,,no_image
53013,Noeetomima tengchongensis,腾冲辐斑缟蝇,,,,,,,no_image
78750,Nomeus gronovii,水母双鳍鲳,,,,,,,no_image
53057,Norbanus longifascitus,轮毛宽胸金小蜂,,,,,,,no_image
53041,Nondenticentrus longicornis,长角无齿角蝉,,,,,,,no_image
78751,Norfolkia brachylepis,短鳞诺福克鳚,,,,,,,no_image
2441,Notadusta musumea,姑娘背焦贝,,,,,,,no_image
53095,Nosopsyllus elongatus,长形病蚤,,,,,,,no_image
18568,Notholca foliacea,叶状叶轮虫,,,,,,,no_image
112273,Nothotsuga longibracteata,长苞铁杉,,,,,,,no_image
53137,Nothoserphus admirabilis,圆突前沟细蜂,,,,,,,no_image
12203,Notiocoelotes orbiculatus,球南隙蛛,,,,,,,no_image
53180,Notocousya quadriceps,,,,,,,,no_image
18257,Notommata aurita,耳叉椎轮虫,,,,,,,no_image
493,Notophyllum imbricatum,覆瓦背叶虫,,,,,,,no_image
53222,Notostira sibirica,短角伸额盲蝽,,,,,,,no_image
53216,Notosacantha sinica,中华瘤龟甲,,,,,,,no_image
53229,Novorondonia ropicoides,,,,,,,,no_image
12275,Nuconarius capitulatus,头怒隙蛛,,,,,,,no_image
4598,Nuculana tanseimaruae,淡青吻状蛤,,,,,,,no_image
53246,Numenes baimatanensis,白马滩斜带毒蛾,,,,,,,no_image
53260,Nupserha dubia,,,,,,,,no_image
53304,Nyctemera arctata,直蝶灯蛾,,,,,,,no_image
53283,Nupserha thibetana,,,,,,,,no_image
53293,Nusa formio,上海长鬃食虫虻,,,,,,,no_image
112309,Nymphaea mexicana,黄睡莲,,,,,,,no_image
53325,Nycteridopsylla liui,柳氏夜蝠蚤,,,,,,,no_image
112326,Nymphanthus taxodiifolius,落羽杉叶下珠,,,,,,,no_image
112335,Nyssa javanica,华南蓝果树,,,,,,,no_image
7991,Obelia longissima,长干薮枝螅,,,,,,,no_image
53414,Oberea ressli,,,,,,,,no_image
53374,Oberea curtilineata,,,,,,,,no_image
53394,Oberea inclusa,,,,,,,,no_image
112350,Oberonia cavaleriei,棒叶鸢尾兰,,,,,,,no_image
53434,Oberea walkeri,,,,,,,,no_image
112371,Oberonia menglaensis,勐腊鸢尾兰,,,,,,,no_image
53453,Obrium cephalotes,,,,,,,,no_image
14374,Obscuriphantes obscurus,昏暗斑蛛,,,,,,,no_image
53482,Ochlodes bouddha,菩提赭弄蝶,,,,,,,no_image
78814,Ochotona iliensis,伊犁鼠兔,,,,,,,no_image
1279,Oceanapia robusa,硬体大洋海绵,,,,,,,no_image
137400,Ochrolechia alboflavescens,黄粉肉疣衣,,,,,,,no_image
137420,Ochrolechia subisidiata,亚裂芽肉疣衣,,,,,,,no_image
53504,Ochropleura flammatra,焰色狼夜蛾,,,,,,,no_image
53524,Ochropleura praecurrens,黑齿狼夜蛾,,,,,,,no_image
53538,Ochthephilum mirabile,,,,,,,,no_image
112398,Ocimum gratissimum,丁香罗勒,,,,,,,no_image
149205,Octaviania megaspora,大孢奥他氏腹菌,,,,,,,no_image
53558,Ochthephilus szarukani,,,,,,,,no_image
15281,Octonoba albicola,白涡蛛,,,,,,,no_image
15261,Octonoba xihua,西华涡蛛,,,,,,,no_image
53588,Ocychinus businskius,,,,,,,,no_image
53603,Ocypus abaris,,,,,,,,no_image
140613,Octospora humosa,土生八孢盘菌,,,,,,,no_image
53666,Ocypus testaceipes,,,,,,,,no_image
53687,Odonestis erectilinea,竖线苹枯叶蛾,,,,,,,no_image
53644,Ocypus nigroaeneus,,,,,,,,no_image
53623,Ocypus glabrio,,,,,,,,no_image
152667,Odontia bicolor,,,,,,,,no_image
112417,Odontochilus nanlingensis,南岭齿唇兰,,,,,,,no_image
53724,Odontomyia guizhouensis,贵州短角水虻,,,,,,,no_image
53704,Odontoedon kippenbergi,柯氏齿猿叶甲,,,,,,,no_image
53742,Odontorhoe tauaria,褐涣尺蛾,,,,,,,no_image
112456,Odontostemma longisetum,长刚毛无心菜,,,,,,,no_image
1089,Odontosyllis gibba,驼齿裂虫,,,,,,,no_image
112434,Odontostemma chamdoense,昌都无心菜,,,,,,,no_image
112482,Odontostemma rockii,紫红无心菜,,,,,,,no_image
53768,Odontotermes pyriceps,梨头土白蚁,,,,,,,no_image
78846,Odorrana bacboensis,北圻臭蛙,,,,,,,no_image
78866,Odorrana junlianensis,筠连臭蛙,,,,,,,no_image
78886,Odorrana yunnanensis,云南臭蛙,,,,,,,no_image
53798,Oedaleus formosanus,台湾小车蝗,,,,,,,no_image
53817,Oedichirus chapmani,,,,,,,,no_image
53828,Oedohirasea huanglianshanensis,黃连山膨胸棘䗛,,,,,,,no_image
112519,Oenanthe thomsonii,多裂叶水芹,,,,,,,no_image
3155,Oestergrenia incerta,不定柄锚参,,,,,,,no_image
138808,Oidiodendron griseum,,,,,,,,no_image
53852,Ognevia longipennis,长翅幽蝗,,,,,,,no_image
78899,Okamejei hollandi,何氏瓮鳐,,,,,,,no_image
53861,Olbiogaster zonatus,斑带美腹殊蠓,,,,,,,no_image
53885,Olethreutes aurofasciana,横新小卷蛾,,,,,,,no_image
112571,Oleandra wallichii,高山蓧蕨,,,,,,,no_image
112575,Olgaea pectinata,新疆猬菊,,,,,,,no_image
53909,Oligia sordida,污禾夜蛾,,,,,,,no_image
78917,Oligodon zhangfujii,张氏小头蛇,,,,,,,no_image
9644,Oligonychus bicolor,,,,,,,,no_image
9642,Oligonychus perditus,,,,,,,,no_image
53931,Oligosita curtifuniculata,短索寡索赤眼蜂,,,,,,,no_image
112583,Oligostachyum gracilipes,细柄少穗竹,,,,,,,no_image
53957,Olophrum simplex,,,,,,,,no_image
112604,Oligotrichum obtusatum,钝叶小赤藓,,,,,,,no_image
53962,Omalium humerale,,,,,,,,no_image
53972,Ommatius amurensis,阿穆尔羽芒食虫虻,,,,,,,no_image
6398,Ommatocarcinus granulatus,颗粒长眼柄蟹,,,,,,,no_image
53999,Omocestus nyalamus,聂拉木牧草蝗,,,,,,,no_image
148559,Omphalia campanella,黄脐伞,,,,,,,no_image
148579,Omphalina grossula,,,,,,,,no_image
6320,Oncholaimus sinensis,中华瘤线虫,,,,,,,no_image
112614,Omphalogramma forrestii,中甸独花报春,,,,,,,no_image
54030,Onesia abaensis,阿坝蚓蝇,,,,,,,no_image
143245,Oncopodiella fusiformis,,,,,,,,no_image
150339,Onnia scaura,,,,,,,,no_image
54050,Onesia semilunaris,半月蚓蝇,,,,,,,no_image
112638,Onopordum acanthium,大翅蓟,,,,,,,no_image
112661,Onosma luquanense,禄劝滇紫草,,,,,,,no_image
54090,Onukia guttata,斑驳锥头叶蝉,,,,,,,no_image
54070,Ontholestes hairaerensis,,,,,,,,no_image
112689,Onychium siliculosum,金粉蕨,,,,,,,no_image
78953,Onychostoma brevibarba,短须白甲鱼,,,,,,,no_image
5069,Onycocaris oligodentata,寡齿双爪虾,,,,,,,no_image
54122,Ooencyrtus longivenosus,,,,,,,,no_image
15362,Oonopinus pilulus,球卵形蛛,,,,,,,no_image
131586,Opegrapha faginea,,,,,,,,no_image
3147,Opheodesoma grisea,灰蛇锚参,,,,,,,no_image
5399,Ophiarthrum picta,彩节蛇尾,,,,,,,no_image
5800,Ophidiaster granifer,颗粒蛇海星,,,,,,,no_image
143762,Ophioceras leptosporum,,,,,,,,no_image
142192,Ophiocordyceps forquignonii,福基尼翁线虫草,,,,,,,no_image
431,Ophiodromus agilis,背毛蛇潜虫,,,,,,,no_image
461,Ophiogymna funesta,平静裸蛇尾,,,,,,,no_image
5753,Ophiomusium mirandum,奇异瓷蛇尾,,,,,,,no_image
54178,Ophiomyia spinicauda,棘尾蛇潜蝇,,,,,,,no_image
2816,Ophiopholis brachyactis,短腕紫蛇尾,,,,,,,no_image
112714,Ophiopogon elatior,高莛沿阶草,,,,,,,no_image
112754,Ophiopogon umbraticola,阴生沿阶草,,,,,,,no_image
112772,Ophiorrhiza chingii,秦氏蛇根草,,,,,,,no_image
112734,Ophiopogon ogisui,芦山沿阶草,,,,,,,no_image
112792,Ophiorrhiza huanjiangensis,环江蛇根草,,,,,,,no_image
112812,Ophiorrhiza nandanica,南丹蛇根草,,,,,,,no_image
112832,Ophiorrhiza rosea,美丽蛇根草,,,,,,,no_image
450,Ophiothela danae,锦疣蛇尾,,,,,,,no_image
4704,Ophiotreta stimulea,,,,,,,,no_image
54189,Ophiusa tirhaca,安钮夜蛾,,,,,,,no_image
54214,Ophyra capensis,开普黑蝇,,,,,,,no_image
79005,Opisthotropis lateralis,侧条后棱蛇,,,,,,,no_image
112850,Opisthopappus taihangensis,太行菊,,,,,,,no_image
112851,Oplismenus compositus,竹叶草,,,,,,,no_image
15360,Opopaea deserticola,沙漠巨膝蛛,,,,,,,no_image
17438,Orania serotina,迟奥兰螺,,,,,,,no_image
79024,Opsariichthys evolans,长鳍马口鱼,,,,,,,no_image
139544,Orbilia auricolor,金色圆盘菌,,,,,,,no_image
139564,Orbilia inflatula,,,,,,,,no_image
8329,Orbione halipori,海虾圆鳃虱,,,,,,,no_image
15351,Orchestina zhiwui,志武奥蛛,,,,,,,no_image
79029,Orectolobus japonicus,日本须鲨,,,,,,,no_image
112909,Oreocharis bullata,泡叶直瓣苣苔,,,,,,,no_image
112933,Oreocharis delavayi,椭圆马铃苣苔,,,,,,,no_image
112953,Oreocharis guangwushanensis,光雾山马铃苣苔,,,,,,,no_image
112979,Oreocharis minor,小马铃苣苔,,,,,,,no_image
113003,Oreocharis pinnatilobata,裂叶金盏苣苔,,,,,,,no_image
113027,Oreocharis sinohenryi,毡毛后蕊苣苔,,,,,,,no_image
113049,Oreocharis wentsaii,文采后蕊苣苔,,,,,,,no_image
113073,Oreocnide trinervis,三脉紫麻,,,,,,,no_image
113087,Oreogrammitis nuda,长孢滨禾蕨,,,,,,,no_image
54272,Oreomela laticollis,宽胸高山叶甲,,,,,,,no_image
79053,Oreolalax weigoldi,魏氏齿蟾,,,,,,,no_image
54292,Oreomela tarantsha,细点高山叶甲,,,,,,,no_image
54298,Oreoptygonotus robustus,壮屹蝗,,,,,,,no_image
113113,Oreoseris delavayi,火石花,,,,,,,no_image
54306,Oreta bilineata,二线山钧蛾,,,,,,,no_image
54330,Orfelia baishanzuensis,百山祖沃菌蚊,,,,,,,no_image
54350,Orgilus taiwanensis,台湾怒茧蜂,,,,,,,no_image
79064,Orientallactaga balikunica,巴里坤跳鼠,,,,,,,no_image
54375,Orientomiris erectus,立毛东盲蝽,,,,,,,no_image
2999,Orientomysis sheni,沈氏东刺糠虾,,,,,,,no_image
54401,Orinhippus tibetanus,西藏驹蝗,,,,,,,no_image
113134,Ormosia balansae,长脐红豆,,,,,,,no_image
54406,Orius chinensis,中国小花蝽,,,,,,,no_image
113144,Ormosia hengchuniana,恒春红豆,,,,,,,no_image
113163,Ormosia pinnata,海南红豆,,,,,,,no_image
113179,Ornithoboea henryi,喜鹊苣苔,,,,,,,no_image
113186,Orobanche amoena,美丽列当,,,,,,,no_image
54463,Oroekklina smetanai,,,,,,,,no_image
136123,Oropogon bicolor,,,,,,,,no_image
113220,Orostachys thyrsiflora,小苞瓦松,,,,,,,no_image
136143,Oropogon orientalis,东方砖孢发,,,,,,,no_image
14985,Orsinome jiarui,嘉瑞波斑蛛,,,,,,,no_image
54494,Orphnebius incrassatus,,,,,,,,no_image
54526,Orthetrum albistylum,白尾灰蜻,,,,,,,no_image
54556,Orthocladius lignicola,木直突摇蚊,,,,,,,no_image
15490,Orthobula qinghaiensis,青海盾球蛛,,,,,,,no_image
54575,Orthogonia plana,暗褐胖夜蛾,,,,,,,no_image
54584,Orthonama obstipata,泛尺蛾,,,,,,,no_image
54601,Orthops mutans,荨麻奥盲蝽,,,,,,,no_image
113235,Orthosiphon aristatus,肾茶,,,,,,,no_image
113253,Orthotrichum hallii,半裸蒴木灵藓,,,,,,,no_image
54636,Orthotylus Pinocapsus,松合垫盲蝽亚属,,,,,,,no_image
54642,Orthotylus rubinervus,红脉合垫盲蝽,,,,,,,no_image
54656,Oruza mira,奇巧夜蛾,,,,,,,no_image
79088,Oryzias latipes,青鳉,,,,,,,no_image
54665,Osmia cerinthidis,尖唇壁蜂,,,,,,,no_image
113310,Osmanthus didymopetalus,双瓣木犀,,,,,,,no_image
54685,Osmia pedicornis,叉壁蜂,,,,,,,no_image
113337,Osmunda mildei,粤紫萁,,,,,,,no_image
54717,Osorius formosae,,,,,,,,no_image
147033,Ossicaulis lignatilis,木生杯伞,,,,,,,no_image
113350,Ostericum maximowiczii,全叶山芹,,,,,,,no_image
79108,Ostorhinchus doederleini,斗氏鹦天竺鲷,,,,,,,no_image
79128,Ostracion solorensis,蓝带箱鲀,,,,,,,no_image
54754,Oswaldia muscaria,振翅奥斯寄蝇,,,,,,,no_image
11861,Otacilia dianchiensis,滇池奥塔蛛,,,,,,,no_image
11926,Otacilia liupan,六盘奥塔蛛,,,,,,,no_image
11875,Otacilia pseudostella,伪星奥塔蛛,,,,,,,no_image
11874,Otacilia wugongshanica,武功山奥塔蛛,,,,,,,no_image
54788,Othius praecisus,,,,,,,,no_image
54763,Othius contumax,,,,,,,,no_image
54808,Othius yushanus,,,,,,,,no_image
139931,Otidea microspora,小孢侧盘菌,,,,,,,no_image
79137,Otus elegans,优雅角鸮,,,,,,,no_image
113374,Otochilus lancilabius,宽叶耳唇兰,,,,,,,no_image
147734,Oudemansiella japonica,日本小奥德蘑,,,,,,,no_image
113402,Ouret sanguinolenta,白花苋,,,,,,,no_image
132756,Ovularia decipiens,,,,,,,,no_image
113419,Oxalis stricta,直酢浆草,,,,,,,no_image
54833,Oxya yunnana,云南稻蝗,,,,,,,no_image
54854,Oxyartes rubris,赤刺异䗛,,,,,,,no_image
54869,Oxycera guizhouensis,贵州盾刺水虻,,,,,,,no_image
79169,Oxycheilinus mentalis,大颏尖唇鱼,,,,,,,no_image
54888,Oxyna albofasciata,双翅灿翅实蝇,,,,,,,no_image
144662,Oxydothis miscanthicola,,,,,,,,no_image
11348,Oxyopes jubilans,鬃猫蛛,,,,,,,no_image
54901,Oxyoides wulingshanensis,武陵山拟稻蝗,,,,,,,no_image
9143,Oxyoppia uncinata,钩棘尖奥甲螨,,,,,,,no_image
54938,Oxypoda hailuogouensis,,,,,,,,no_image
54918,Oxypoda connexa,,,,,,,,no_image
54978,Oxypoda pulchricolor,,,,,,,,no_image
54958,Oxypoda medialobifera,,,,,,,,no_image
54998,Oxypoda sinotibetana,,,,,,,,no_image
55018,Oxypoda yakorum,,,,,,,,no_image
150669,Oxyporus bucholtzii,布氏锐孔菌,,,,,,,no_image
55051,Oxyporus liuae,,,,,,,,no_image
55065,Oxyporus ruzickai,,,,,,,,no_image
55082,Oxyrhachis sinensis,中华隐盾角蝉,,,,,,,no_image
55088,Oxysychus fusciclavula,褐棒奥金小蜂,,,,,,,no_image
14839,Oxytate striatipes,条纹绿蟹蛛,,,,,,,no_image
55115,Oxytelus solus,,,,,,,,no_image
113485,Oxytropis confusa,混合棘豆,,,,,,,no_image
113461,Oxytropis barkultagi,,,,,,,,no_image
113509,Oxytropis gorbunovii,帕米尔棘豆,,,,,,,no_image
113529,Oxytropis langshanica,狼山棘豆,,,,,,,no_image
113555,Oxytropis microphylla,小叶棘豆,,,,,,,no_image
113575,Oxytropis platonychia,宽柄棘豆,,,,,,,no_image
113597,Oxytropis ramosissima,多枝棘豆,,,,,,,no_image
113619,Oxytropis stracheyana,胀果棘豆,,,,,,,no_image
113641,Oxytropis yunnanensis,云南棘豆,,,,,,,no_image
55127,Ozarba incondita,迷弱夜蛾,,,,,,,no_image
79190,Paa blanfordii,布兰福棘蛙,,,,,,,no_image
7357,Pachyclavularia violacea,堇紫粗棒花软珊瑚,,,,,,,no_image
14878,Pachygnatha tenera,柔弱粗螯蛛,,,,,,,no_image
55154,Pachylister lutarius,泥突唇阎甲,,,,,,,no_image
55175,Pachyneuron gibbiscuta,窿胸楔缘金小蜂,,,,,,,no_image
55192,Pachypaederus pallitarsis,,,,,,,,no_image
55215,Pachypeltis chinensis,中国颈盲蝽,,,,,,,no_image
55224,Pachyscia heishidingensis,黑石顶薇䗛,,,,,,,no_image
55237,Pachyteria equestris,,,,,,,,no_image
15859,Pacidesmus bifidus,,,,,,,,no_image
134436,Paecilomyces hawkesii,,,,,,,,no_image
13023,Padillothorax semiostrinus,半紫帕胸蛛,,,,,,,no_image
134456,Paecilomyces vinaceus,,,,,,,,no_image
55253,Paederus alesi,,,,,,,,no_image
55273,Paederus daicongchaoi,,,,,,,,no_image
55315,Paederus szechuanus,,,,,,,,no_image
55295,Paederus lateralis,,,,,,,,no_image
113697,Paeonia obovata,草芍药,,,,,,,no_image
1739,Pagurus conformis,同形寄居蟹,,,,,,,no_image
14235,Paikiniana furcata,二叉白氏蛛,,,,,,,no_image
5257,Paguristes antennarius,橙红长眼寄居蟹,,,,,,,no_image
55352,Palaeopsylla incurva,内曲古蚤,,,,,,,no_image
5020,Palaemonella rotumana,圆掌拟长臂虾,,,,,,,no_image
55374,Palaeoxylosteus motuoensis,,,,,,,,no_image
4981,Paleanotus debilis,热带稃背虫,,,,,,,no_image
16251,Palicanus caudatus,具尾帕丽蛛,,,,,,,no_image
113724,Pallavicinia lyellii,带叶苔,,,,,,,no_image
55422,Palpomyia amplofemoria,粗股须蠓,,,,,,,no_image
113730,Palmatiboea lobulata,浙东掌脉苣苔,,,,,,,no_image
55442,Palpomyia pacifica,黑色须蠓,,,,,,,no_image
113739,Panax bipinnatifidus,疙瘩七,,,,,,,no_image
13118,Pancorius relucens,明亮盘蛛,,,,,,,no_image
55456,Pammegus flavipes,,,,,,,,no_image
55484,Pandemis cataxesta,云褐卷蛾,,,,,,,no_image
155481,Pandora athaliae,菜叶蜂虫疠霉,,,,,,,no_image
155497,Pandora shaanxiensis,陕西虫疠霉,,,,,,,no_image
147514,Panellus stipticus,鳞皮扇菇,,,,,,,no_image
55513,Pangrapta mandarina,旗眉夜蛾,,,,,,,no_image
113764,Panicum coloratum,光头黍,,,,,,,no_image
55530,Panolis pinicortex,波小眼夜蛾,,,,,,,no_image
113784,Panisea moi,海南曲唇兰,,,,,,,no_image
55543,Pantaleon erectonodatus,立峰锯角蝉,,,,,,,no_image
79224,Panthera tigris,虎,,,,,,,no_image
151074,Panus conchatus,贝壳状革耳,,,,,,,no_image
55605,Panzeria tuberculata,疣突阳寄蝇,,,,,,,no_image
55585,Panzeria intermedia,中介阳寄蝇,,,,,,,no_image
329,Paphia gallus,锯齿巴非蛤,,,,,,,no_image
113822,Paphiopedilum guangdongense,广东兜兰,,,,,,,no_image
55608,Papilio alcmenor,红基美凤蝶,,,,,,,no_image
8948,Papillacarus undirostratus,波吻疹丘甲螨,,,,,,,no_image
55660,Papilio polyctor,波绿翠凤蝶,,,,,,,no_image
55684,Parablatticida citri,栖桔副蟑跳小蜂,,,,,,,no_image
113878,Paraboea maculata,紫斑蛛毛苣苔,,,,,,,no_image
143783,Papulaspora immersa,,,,,,,,no_image
113898,Paraboea xiangguiensis,湘桂蛛毛苣苔,,,,,,,no_image
8362,Parabopyrella indica,印度仿真虾鳃虱,,,,,,,no_image
55704,Parabunothorax rubripennis,,,,,,,,no_image
55719,Paraceras menetum,纹鼠副角蚤,,,,,,,no_image
1926,Paracaridina guizhouensis,贵州拟米虾,,,,,,,no_image
55731,Parachauliodes nebulosus,暗色准鱼蛉,,,,,,,no_image
55741,Paracladius conversus,翻转拟突摇蚊,,,,,,,no_image
55776,Paraclius longicornutus,长角弓脉长足虻,,,,,,,no_image
4348,Paraclathurella gracilenta,长布目螺,,,,,,,no_image
55796,Paraclytus emili,,,,,,,,no_image
55816,Paracolax pacifica,斜线奴夜蛾,,,,,,,no_image
16229,Paracortina voluta,,,,,,,,no_image
55830,Paracyrta banna,版纳异弓背叶蝉,,,,,,,no_image
55848,Paradelphacodes paludosa,沼泽派罗飞虱,,,,,,,no_image
4764,Paradexamine setigera,刚毛近长足钩虾,,,,,,,no_image
55888,Paradoxopsyllus curvispinus,曲鬃怪蚤,,,,,,,no_image
18428,Paradicranophorus hudsoni,郝氏异猪吻轮虫,,,,,,,no_image
55910,Paradoxopsyllus stenotus,直狭怪蚤,,,,,,,no_image
55921,Paraentoria sichuanensis,四川无肛䗛,,,,,,,no_image
55948,Paraglenurus littoralis,弯爪蚁蛉,,,,,,,no_image
55935,Paragavialidium hainanensis,海南佯鳄蚱,,,,,,,no_image
55966,Paragnorima brunnea,黑珍波纹蛾,,,,,,,no_image
55979,Paragongylopus nabanheensis,纳板河仿圆足䗛,,,,,,,no_image
55994,Paragus expressus,红缘小蚜蝇,,,,,,,no_image
56014,Paragus tribuliparamerus,三叉小蚜蝇,,,,,,,no_image
6777,Parahyotissa chemnitzii,开氏舌骨牡蛎,,,,,,,no_image
56023,Parahorismenus spissipunctatus,刻胸拟明沟姬小蜂,,,,,,,no_image
113915,Parakmeria lotungensis,乐东拟单性木兰,,,,,,,no_image
56069,Paralebeda plagifera,松栎枯叶蛾,,,,,,,no_image
56088,Paraleucophenga brevipenis,短茎扁腹果蝇,,,,,,,no_image
148595,Paralepista gilva,,,,,,,,no_image
56104,Paralimna javana,爪哇沼刺水蝇,,,,,,,no_image
19272,Paralobella breviseta,,,,,,,,no_image
79302,Paramegophrys flaviglandulosa,黄腺掌突蟾,,,,,,,no_image
79322,Paramegophrys tengchongensis,腾冲掌突蟾,,,,,,,no_image
56135,Paraloconota xinjiangensis,,,,,,,,no_image
2023,Parambasia acuticaudata,尖尾拟琥珀钩虾,,,,,,,no_image
2471,Paramesacanthion tricuspis,三齿拟棘尾线虫,,,,,,,no_image
79347,Paramesotriton yunwuensis,云雾瘰螈,,,,,,,no_image
3842,Paramphimonhystrella sinica,中华拟双单宫线虫,,,,,,,no_image
56168,Paramimistena enterolobii,,,,,,,,no_image
4127,Paranamixis vestigium,迹少足钩虾,,,,,,,no_image
56192,Paraneopsylla globa,球副新蚤,,,,,,,no_image
56232,Parapachypeltis punctatus,刻胸拟颈盲蝽,,,,,,,no_image
6156,Paranticoma longicaudata,长尾拟前感线虫,,,,,,,no_image
699,Parapenaeopsis hardwickii,哈氏仿对虾,,,,,,,no_image
79366,Parapercis kamoharai,蒲原氏拟鲈,,,,,,,no_image
79386,Parapercis tetracantha,斑纹拟鲈,,,,,,,no_image
113941,Paraphlomis baiwanensis,白湾假糙苏,,,,,,,no_image
113968,Paraphlomis longicalyx,长萼假糙苏,,,,,,,no_image
79393,Paraploactis kagoshimensis,鹿儿岛绒棘鲉,,,,,,,no_image
143255,Paraphoma chrysanthemicola,,,,,,,,no_image
79399,Paraprotomyzon lungkowensis,龙口似原吸鳅,,,,,,,no_image
56273,Parapythamus suiyangensis,绥阳拟片脊叶蝉,,,,,,,no_image
56288,Pararhinoleucophenga sylvatica,林栖鼻果蝇,,,,,,,no_image
56298,Parasa dulcis,甜绿刺蛾,,,,,,,no_image
56318,Parasa parapuncta,厢点绿刺蛾,,,,,,,no_image
56338,Parasaissetia citricola,橘副珠蜡蚧,,,,,,,no_image
56358,Parasarpa hourberti,彩衣俳蛱蝶,,,,,,,no_image
114038,Parasenecio lancifolius,披针叶蟹甲草,,,,,,,no_image
114016,Parasenecio auriculatus,耳叶蟹甲草,,,,,,,no_image
114062,Parasenecio rubescens,矢镞叶蟹甲草,,,,,,,no_image
56367,Parasiccia altaica,圆点斑苔蛾,,,,,,,no_image
79419,Paraspinibarbus macracanthus,大刺副袋唇鱼,,,,,,,no_image
56382,Parasinophasma tianmushanense,天目山副华枝䗛,,,,,,,no_image
11719,Parasteatoda ryukyu,琉球拟肥腹蛛,,,,,,,no_image
56402,Parastrangalis congesta,密条异花天牛,,,,,,,no_image
56422,Parastrangalis palleago,,,,,,,,no_image
13748,Parasyrisca schenkeli,申氏拟赛蛛,,,,,,,no_image
10571,Parategonotus phragmitae,,,,,,,,no_image
56466,Paratettix hirsutus,毛长背蚱,,,,,,,no_image
114100,Parathelypteris serrutula,有齿金星蕨,,,,,,,no_image
56498,Paratrixa flava,黄足帕寄蝇,,,,,,,no_image
56482,Paratonkinacris vittifemoralis,斑腿佯越蝗,,,,,,,no_image
79426,Paraulopus oblongus,大鳞副仙女鱼,,,,,,,no_image
79427,Parayuhina bakeri,白颈凤鹛,,,,,,,no_image
16573,Pardosa atronigra,昏暗豹蛛,,,,,,,no_image
16405,Pardosa flavida,淡黄豹蛛,,,,,,,no_image
16374,Pardosa pacata,静豹蛛,,,,,,,no_image
16432,Pardosa latibasa,宽基豹蛛,,,,,,,no_image
16516,Pardosa schenkeli,申氏豹蛛,,,,,,,no_image
16414,Pardosa trifoveata,三窝豹蛛,,,,,,,no_image
79442,Pareas boulengeri,平鳞钝头蛇,,,,,,,no_image
79462,Pareas yunnanensis,云南钝头蛇,,,,,,,no_image
56537,Parerigone flava,黄腹俏饰寄蝇,,,,,,,no_image
79476,Pareuchiloglanis salicesbarba,柳须鮡,,,,,,,no_image
5613,Parhaustorioides littoralis,潮间拟泵钩虾,,,,,,,no_image
56562,Pareustroma metaria,灰网叉突尺蛾,,,,,,,no_image
114124,Paris luquanensis,禄劝花叶重楼,,,,,,,no_image
8367,Parione pachychelii,螯蟹旁鳃虱,,,,,,,no_image
18804,Parisotoma notabilis,,,,,,,,no_image
136165,Parmelia caperatula,,,,,,,,no_image
136185,Parmelia hypotrypella,粉黄袋衣,,,,,,,no_image
136205,Parmelia mexicana,,,,,,,,no_image
136225,Parmelia setschwanensis,,,,,,,,no_image
136245,Parmelia sulcata,槽梅衣,,,,,,,no_image
136263,Parmelina quercina,栎黄缘毛梅,,,,,,,no_image
136279,Parmotrema applanatum,,,,,,,,no_image
136299,Parmotrema louisianae,北美大叶梅,,,,,,,no_image
136319,Parmotrema sublatifolium,亚宽瓣大叶梅,,,,,,,no_image
114169,Parnassia chinensis,中国梅花草,,,,,,,no_image
114225,Parnassia rhombipetala,叙永梅花草,,,,,,,no_image
114193,Parnassia lanceolata,披针瓣梅花草,,,,,,,no_image
56744,Parolesthes laosensis,,,,,,,,no_image
15568,Parobisium yuantongi,圆筒等伪蝎,,,,,,,no_image
56599,Parnassius acdestis,蓝精灵绢蝶,,,,,,,no_image
56687,Parnassius mnemosyne,觅梦绢蝶,,,,,,,no_image
56761,Parorthocladius unicentrus,孤刺拟直突摇蚊,,,,,,,no_image
114257,Parsonsia alboflavescens,海南同心结,,,,,,,no_image
6744,Parthenope sinensis,中华菱蟹,,,,,,,no_image
56784,Paruraecha submarmorata,,,,,,,,no_image
132768,Passalora dioscoreicola,薯蓣生钉孢,,,,,,,no_image
56791,Parydra formosana,台湾滨水蝇,,,,,,,no_image
114299,Passiflora caerulea,西番莲,,,,,,,no_image
132788,Passalora polygonati-maximowiczii,,,,,,,,no_image
114319,Passiflora xishuangbannaensis,版纳西番莲,,,,,,,no_image
114283,Paspalum longifolium,长叶雀稗,,,,,,,no_image
3150,Patinapta ooplax,卵板步锚参,,,,,,,no_image
140642,Patella ovilla,,,,,,,,no_image
12737,Patu jidanweishi,护卵帕图蛛,,,,,,,no_image
114348,Pavetta polyantha,多花大沙叶,,,,,,,no_image
149490,Paxillus filamentosus,,,,,,,,no_image
6380,Pecten sinensis,中国扇贝,,,,,,,no_image
56818,Pazala euroa,升天剑凤蝶,,,,,,,no_image
114372,Pedicularis anas,鸭首马先蒿,,,,,,,no_image
114434,Pedicularis conifera,结球马先蒿,,,,,,,no_image
114405,Pedicularis bomiensis,波密马先蒿,,,,,,,no_image
114463,Pedicularis daucifolia,胡萝卜叶马先蒿,,,,,,,no_image
114493,Pedicularis duclouxii,毛缘马先蒿,,,,,,,no_image
114518,Pedicularis forrestiana,少叶马先蒿,,,,,,,no_image
114549,Pedicularis gyrorhyncha,旋喙马先蒿,,,,,,,no_image
114577,Pedicularis kariensis,卡里马先蒿,,,,,,,no_image
114601,Pedicularis legendrei,黄根马先蒿,,,,,,,no_image
114654,Pedicularis minima,细小马先蒿,,,,,,,no_image
114632,Pedicularis macilenta,瘠瘦马先蒿,,,,,,,no_image
114716,Pedicularis pinetorum,松林马先蒿,,,,,,,no_image
114681,Pedicularis odontophora,具齿马先蒿,,,,,,,no_image
114746,Pedicularis pygmaea,侏儒马先蒿,,,,,,,no_image
114783,Pedicularis robusta,壮健马先蒿,,,,,,,no_image
114815,Pedicularis smithiana,钩喙马先蒿,,,,,,,no_image
114868,Pedicularis torta,扭旋马先蒿,,,,,,,no_image
114846,Pedicularis tachanensis,大山马先蒿,,,,,,,no_image
114893,Pedicularis veronicifolia,地黄叶马先蒿,,,,,,,no_image
56834,Pedinopleurus hongkongicola,,,,,,,,no_image
114918,Pedobesia simplex,简单佩氏藻,,,,,,,no_image
10732,Pegantha martagon,坚固水母,,,,,,,no_image
56880,Pegomya avirostrata,鸟喙泉蝇,,,,,,,no_image
56920,Pegomya lageniforceps,葫叶泉蝇,,,,,,,no_image
56900,Pegomya dichaetomyiola,重毫泉蝇,,,,,,,no_image
56940,Pegomya nigriprefemora,黑前股泉蝇,,,,,,,no_image
56960,Pegomya simpliciforceps,简尾泉蝇,,,,,,,no_image
56980,Pegoplata fulva,棕黄须泉蝇,,,,,,,no_image
114931,Pelatantheria rivesii,钻柱兰,,,,,,,no_image
56998,Pelagodes paraveraria,苏海绿尺蛾,,,,,,,no_image
57011,Peleteria curtiunguis,短爪长须寄蝇,,,,,,,no_image
57031,Peleteria rubihirta,红毛长须寄蝇,,,,,,,no_image
57049,Pelioptera nepaliella,,,,,,,,no_image
57067,Pella limbata,,,,,,,,no_image
114950,Peliosanthes ophiopogonoides,长苞球子草,,,,,,,no_image
114966,Pellia epiphylla,溪苔,,,,,,,no_image
79571,Pelophylax mongolius,蒙侧褶蛙,,,,,,,no_image
114984,Pellionia leiocarpa,光果赤车,,,,,,,no_image
79558,Pellorneum tickelli,棕胸雅鹛,,,,,,,no_image
8985,Peloribates rangiroaensis,,,,,,,,no_image
137279,Peltigera collina,盾地卷,,,,,,,no_image
137299,Peltigera neckeri,光滑地卷,,,,,,,no_image
137319,Peltigera vrangiana,,,,,,,,no_image
139452,Peltula obscurans,暗盾衣,,,,,,,no_image
57115,Pemphigus mangkamensis,芒康瘘绵蚜,,,,,,,no_image
134473,Penicillium cinnamopurpureum,,,,,,,,no_image
57129,Penicillaria jocosatrix,芒果重尾夜蛾,,,,,,,no_image
134493,Penicillium formosanum,,,,,,,,no_image
134513,Penicillium lividum,,,,,,,,no_image
134533,Penicillium restrictum,,,,,,,,no_image
134553,Penicillium vinaceum,,,,,,,,no_image
152074,Peniophora reidii,里德隔孢伏革菌,,,,,,,no_image
57139,Pennithera lugubris,哀羽带尺蛾,,,,,,,no_image
10678,Pennatula brevipenna,短羽海鳃,,,,,,,no_image
115025,Pentanema cernuum,垂头苇谷草,,,,,,,no_image
115040,Pentastelma auritum,白水藤,,,,,,,no_image
57165,Penthetria shaanxiensis,陕西叉毛蚊,,,,,,,no_image
115049,Peperomia rubrivenosa,兰屿椒草,,,,,,,no_image
627,Percnon planissimum,裸掌盾牌蟹,,,,,,,no_image
151609,Perenniporia detritus,,,,,,,,no_image
151629,Perenniporia subadusta,,,,,,,,no_image
57187,Periaeschna chaoi,赵氏佩蜓,,,,,,,no_image
57208,Peribulitermes dinghuensis,鼎湖近瓢白蚁,,,,,,,no_image
5123,Periclimenaeus rastrifer,耙形小岩虾,,,,,,,no_image
5111,Periclimenes magnificus,海葵岩虾,,,,,,,no_image
57229,Peridea aliena,著内斑舟蛾,,,,,,,no_image
143269,Periconia echinochloae,,,,,,,,no_image
153182,Peridermium likiangense,,,,,,,,no_image
57259,Periergos kamadena,纵纡舟蛾,,,,,,,no_image
57274,Perigrapha circumducta,围连环夜蛾,,,,,,,no_image
3971,Perinereis weizhouensis,涠洲围沙蚕,,,,,,,no_image
57286,Perilitus ruficephalus,红头缘茧蜂,,,,,,,no_image
115078,Periploca sepium,杠柳,,,,,,,no_image
57324,Perissus crassicollis,,,,,,,,no_image
57344,Perissus multifenestratus,,,,,,,,no_image
79652,Perisoreus infaustus,北噪鸦,,,,,,,no_image
57361,Peristenus picipes,黑头常室茧蜂,,,,,,,no_image
115094,Peristylus constrictus,大花阔蕊兰,,,,,,,no_image
57371,Peritropis pusillus,普佩盲蝽,,,,,,,no_image
57396,Perizoma vinculata,缚周尺蛾,,,,,,,no_image
57415,Perlodinella microlobata,小叶罗(虫责),,,,,,,no_image
144540,Peroneutypa scoparia,,,,,,,,no_image
115119,Persea americana,鳄梨,,,,,,,no_image
115143,Persicaria huananensis,华南蓼,,,,,,,no_image
115170,Persicaria palmata,掌叶蓼,,,,,,,no_image
115196,Persicaria tinctoria,蓼蓝,,,,,,,no_image
137444,Pertusaria cobrata,赭色鸡皮衣,,,,,,,no_image
137464,Pertusaria leucopsara,白围鸡皮衣,,,,,,,no_image
137484,Pertusaria qilianensis,祁连鸡皮衣,,,,,,,no_image
137504,Pertusaria trachythallina,,,,,,,,no_image
115219,Pertya multiflora,多花帚菊,,,,,,,no_image
141050,Pestalosphaeria hansenii,,,,,,,,no_image
141070,Pestalotiopsis aquatica,,,,,,,,no_image
141090,Pestalotiopsis citri,,,,,,,,no_image
141110,Pestalotiopsis funerea,,,,,,,,no_image
141130,Pestalotiopsis longiaristata,,,,,,,,no_image
141150,Pestalotiopsis oleandri,,,,,,,,no_image
141170,Pestalotiopsis siliquastris,,,,,,,,no_image
57433,Petaliaeschna corneliae,科氏叶蜓,,,,,,,no_image
79673,Petaurista petaurista,红背鼯鼠,,,,,,,no_image
144232,Petriella guttulata,,,,,,,,no_image
115245,Petrocodon coriaceifolius,革叶细筒苣苔,,,,,,,no_image
115287,Petrocodon tenuitubus,细管石山苣苔,,,,,,,no_image
115267,Petrocodon liboensis,荔波石山苣苔,,,,,,,no_image
115308,Petrocosmea dejiangensis,德江石蝴蝶,,,,,,,no_image
115329,Petrocosmea mairei,东川石蝴蝶,,,,,,,no_image
115353,Petrocosmea shilinensis,石林石蝴蝶,,,,,,,no_image
2960,Petrolisthes extremus,远方岩瓷蟹,,,,,,,no_image
115368,Petrorhagia saxifraga,膜萼花,,,,,,,no_image
115376,Petunia hybrida,矮牵牛,,,,,,,no_image
115401,Peucedanum pricei,蒙古前胡,,,,,,,no_image
57459,Pexopsis buccalis,颊梳寄蝇,,,,,,,no_image
57479,Peyerimhoffia vagabunda,芬兰配眼蕈蚊,,,,,,,no_image
137864,Pezicula cinnamomea,樟无柄盘菌,,,,,,,no_image
140004,Peziza albohyalina,,,,,,,,no_image
140024,Peziza atrofusca,,,,,,,,no_image
140044,Peziza calyciformis,,,,,,,,no_image
140064,Peziza ciliaris,,,,,,,,no_image
140084,Peziza cornubiensis,,,,,,,,no_image
140104,Peziza eburnea,,,,,,,,no_image
140124,Peziza fusispora,,,,,,,,no_image
140144,Peziza hysterigena,,,,,,,,no_image
140164,Peziza macrotis,,,,,,,,no_image
140184,Peziza ocellata,,,,,,,,no_image
140204,Peziza propinquata,,,,,,,,no_image
140224,Peziza saniosa,耳状盘菌,,,,,,,no_image
140244,Peziza spirotricha,,,,,,,,no_image
140264,Peziza tigillaris,,,,,,,,no_image
140284,Peziza virgultorum,,,,,,,,no_image
115418,Phacellaria glomerata,聚果重寄生,,,,,,,no_image
139112,Phacidium trifolii,,,,,,,,no_image
57499,Phaedon germinates,类猿叶甲,,,,,,,no_image
57519,Phaenopsectra flavipes,黄明摇蚊,,,,,,,no_image
57539,Phaenoserphus reticulatus,网柄光胸细蜂,,,,,,,no_image
132121,Phaeocryptopus nudus,,,,,,,,no_image
115427,Phaeoceros exiguus,小黄角苔,,,,,,,no_image
136995,Phaeographis circumscripta,,,,,,,,no_image
137015,Phaeographis subdividens,细枝黑文衣,,,,,,,no_image
146888,Phaeomarasmius neoaffinis,,,,,,,,no_image
135316,Phaeophyscia hirtuosa,白刺毛黑蜈蚣衣,,,,,,,no_image
133808,Phaeoseptoria eucalypti,,,,,,,,no_image
115433,Phagnalon niveum,棉毛菊,,,,,,,no_image
153312,Phakopsora elephantopi,,,,,,,,no_image
153332,Phakopsora tecta,被覆层锈菌,,,,,,,no_image
57563,Phalacrotophora decimaculata,十斑伐蚤蝇,,,,,,,no_image
115462,Phalaenopsis quadridentata,四齿蝴蝶兰,,,,,,,no_image
79701,Phalaropus fulicarius,灰瓣蹼鹬,,,,,,,no_image
57592,Phalera hadrian,壮掌舟蛾,,,,,,,no_image
57626,Phallosphaera konakovi,东北球麻蝇,,,,,,,no_image
57615,Phalerodonta bombycina,栎蚕舟蛾,,,,,,,no_image
150812,Phallus libidinosus,,,,,,,,no_image
57627,Phalonidia alismana,泽泻褐纹卷蛾,,,,,,,no_image
115479,Phanera apertilobata,阔裂叶龙须藤,,,,,,,no_image
115503,Phanera lingyuenensis,凌云龙须藤,,,,,,,no_image
151094,Phanerochaete commixtoides,混合原毛平革菌,,,,,,,no_image
57653,Phaneroptera spinosa,钝刺露螽,,,,,,,no_image
57673,Phaneroserphus trisulcus,三沟脊额细蜂,,,,,,,no_image
57689,Phaonia antennicrassa,肥角棘蝇,,,,,,,no_image
57709,Phaonia barkama,马尔康棘蝇,,,,,,,no_image
57729,Phaonia chaoi,赵氏棘蝇,,,,,,,no_image
57750,Phaonia dawushanensis,大雾山棘蝇,,,,,,,no_image
57770,Phaonia errans,游荡棘蝇,,,,,,,no_image
57790,Phaonia fulvescenticoxa,褐基棘蝇,,,,,,,no_image
57810,Phaonia hanmiensis,汗密棘蝇,,,,,,,no_image
57832,Phaonia incana,灰白棘蝇,,,,,,,no_image
57852,Phaonia laminidenta,板齿棘蝇,,,,,,,no_image
57872,Phaonia lucidula,明腹棘蝇,,,,,,,no_image
57892,Phaonia mengi,孟氏棘蝇,,,,,,,no_image
57913,Phaonia nasiglobata,球鼻棘蝇,,,,,,,no_image
57933,Phaonia ningxiaensis,宁夏棘蝇,,,,,,,no_image
57973,Phaonia recta,直棘蝇,,,,,,,no_image
57953,Phaonia pardiungula,豹爪棘蝇,,,,,,,no_image
57993,Phaonia shanbeiensis,陕北棘蝇,,,,,,,no_image
58013,Phaonia subemarginata,浅凹棘蝇,,,,,,,no_image
58033,Phaonia subpilipes,亚毛足棘蝇,,,,,,,no_image
58053,Phaonia tianshanensis,天山棘蝇,,,,,,,no_image
58074,Phaonia wenshuiensis,文水棘蝇,,,,,,,no_image
58094,Phaonia zanclocerca,镰叶棘蝇,,,,,,,no_image
58105,Pharyngomyia dzerenae,黄羊咽狂蝇,,,,,,,no_image
58107,Phasia aurigera,金颊突颜寄蝇,,,,,,,no_image
58142,Phaulula macilenta,瘦异螽,,,,,,,no_image
58125,Phasioormia pallida,淡色异相寄蝇,,,,,,,no_image
115532,Phedimus selskianus,灰毛费菜,,,,,,,no_image
150351,Phellinidium lamaoense,,,,,,,,no_image
150371,Phellinus caryophylli,,,,,,,,no_image
150391,Phellinus ferruginosus,,,,,,,,no_image
150411,Phellinus lamaensis,橡胶木层孔菌,,,,,,,no_image
150431,Phellinus nothofagi,假山毛榉木层孔菌,,,,,,,no_image
150451,Phellinus rudis,厚黑针层孔,,,,,,,no_image
150471,Phellinus vaninii,瓦尼针层孔菌,,,,,,,no_image
145503,Phellorinia strobilina,球果歧裂灰包,,,,,,,no_image
58169,Pheosia gelupka,戈剑舟蛾,,,,,,,no_image
58196,Pheosiopsis optata,悦夙舟蛾,,,,,,,no_image
58218,Pherbellia terminalis,端负菊沼蝇,,,,,,,no_image
143284,Phialomyces macrosporus,,,,,,,,no_image
115557,Philadelphus henryi,滇南山梅花,,,,,,,no_image
79725,Philautus kempii,肯氏小树蛙,,,,,,,no_image
4288,Philbertia retallaria,网菲螺,,,,,,,no_image
3552,Philinopsis gigliolii,肉食拟海牛,,,,,,,no_image
115587,Philodendron asperatum,粗糙喜林芋,,,,,,,no_image
12576,Philodromus cespitum,草皮逍遥蛛,,,,,,,no_image
58244,Philomina han,,,,,,,,no_image
115605,Philonotis runcinata,倒齿泽藓,,,,,,,no_image
58265,Philonthus chinensis,,,,,,,,no_image
58286,Philonthus explorator,,,,,,,,no_image
58326,Philonthus mongolicus,,,,,,,,no_image
58306,Philonthus kiangsiensis,,,,,,,,no_image
58347,Philonthus sabine,,,,,,,,no_image
58369,Philonthus variipennis,,,,,,,,no_image
58389,Philophylla nummi,诺叶实蝇,,,,,,,no_image
58401,Philorus levanidovae,艾氏望网蚊,,,,,,,no_image
2577,Philyra biprotubera,双疣拳蟹,,,,,,,no_image
12916,Phintella debilis,代比金蝉蛛,,,,,,,no_image
12955,Phintella wulingensis,武陵金蝉蛛,,,,,,,no_image
151057,Phlebia livida,黏射脉菌,,,,,,,no_image
58438,Phlebotomus longiductus,长管白蛉,,,,,,,no_image
115624,Phlegmariurus nylamensis,聂拉木马尾杉,,,,,,,no_image
115637,Phleum paniculatum,鬼蜡烛,,,,,,,no_image
16234,Phlogiellus watasei,渡濑焰美蛛,,,,,,,no_image
115662,Phlomoides chinghoensis,青河糙苏,,,,,,,no_image
115684,Phlomoides longiaristata,长刺钩萼草,,,,,,,no_image
115708,Phlomoides ruptilis,裂萼糙苏,,,,,,,no_image
137050,Phlyctis argena,亮疱衣,,,,,,,no_image
115734,Phoebe bournei,闽楠,,,,,,,no_image
115754,Phoebe macrocarpa,大果楠,,,,,,,no_image
79745,Phoenicurus fuliginosus,红尾水鸲,,,,,,,no_image
15174,Pholcus auricularis,耳状幽灵蛛,,,,,,,no_image
15029,Pholcus dieban,蝶斑幽灵蛛,,,,,,,no_image
15155,Pholcus jingnan,敬南幽灵蛛,,,,,,,no_image
15013,Pholcus luya,芦芽幽灵蛛,,,,,,,no_image
15056,Pholcus triangulatus,三角幽灵蛛,,,,,,,no_image
15188,Pholcus ponticus,琴马幽灵蛛,,,,,,,no_image
15235,Pholcus yunnanensis,云南幽灵蛛,,,,,,,no_image
115790,Pholidota roseans,贵州石仙桃,,,,,,,no_image
148281,Pholiota flavescens,变黄鳞伞,,,,,,,no_image
148261,Pholiota capocystidia,盔囊鳞伞,,,,,,,no_image
148301,Pholiota lubrica,粘盖环锈伞,,,,,,,no_image
148321,Pholiota populnea,杨树鳞伞,,,,,,,no_image
79759,Pholis nebulosa,云纹锦鳚,,,,,,,no_image
148341,Pholiota subamara,亚苦鳞伞,,,,,,,no_image
133623,Phoma hibernica,,,,,,,,no_image
141372,Phomopsis arnoldiae,,,,,,,,no_image
141392,Phomopsis dracaenae,,,,,,,,no_image
133643,Phoma punicae,,,,,,,,no_image
141412,Phomopsis imperialis,,,,,,,,no_image
141432,Phomopsis musicola,,,,,,,,no_image
141452,Phomopsis rhodophila,,,,,,,,no_image
141472,Phomopsis ziziphicola,,,,,,,,no_image
58490,Phora shirozui,白水蚤蝇,,,,,,,no_image
58510,Phorbia pectiniforceps,栉铗草种蝇,,,,,,,no_image
11519,Phoroncidia pilula,圆锥蛛,,,,,,,no_image
58531,Phorinia spinulosa,刺叶蚤寄蝇,,,,,,,no_image
58559,Phortica floccipes,直鬃伏果蝇,,,,,,,no_image
58579,Phortica latifoliacea,宽叶伏果蝇,,,,,,,no_image
58599,Phortica pseudogigas,拟巨黑伏果蝇,,,,,,,no_image
58619,Phorticella bakeri,贝格氏条果蝇,,,,,,,no_image
115808,Photinia glomerata,球花石楠,,,,,,,no_image
6283,Photis longicaudata,长尾亮钩虾,,,,,,,no_image
58640,Photoscotosia chlorochrota,墨绿幅尺蛾,,,,,,,no_image
58663,Photoscotosia multilinea,多线幅尺蛾,,,,,,,no_image
79764,Photostomias guernei,格氏光巨口鱼,,,,,,,no_image
153388,Phragmidium butleri,巴氏多胞锈,,,,,,,no_image
153408,Phragmidium mucronatum,短尖多胞锈菌,,,,,,,no_image
143290,Phragmocephala elliptica,,,,,,,,no_image
58699,Phraortes curvicaudatus,弯尾皮䗛,,,,,,,no_image
153428,Phragmidium rubi-thunbergi,,,,,,,,no_image
58719,Phraortes paracurvicaudatus,拟弯尾皮䗛,,,,,,,no_image
58739,Phratora gracilis,瘦弗叶甲,,,,,,,no_image
58756,Phrixolepia nigra,黑冠刺蛾,,,,,,,no_image
58776,Phronia tephroda,灰色巧菌蚊,,,,,,,no_image
58791,Phryganogryllacris unicolor,素色杆蟋螽,,,,,,,no_image
79789,Phrynocephalus theobaldi,西藏沙蜥,,,,,,,no_image
58795,Phryno katoi,加藤芙寄蝇,,,,,,,no_image
58807,Phthiria rhomphaea,朦坦蜂虻,,,,,,,no_image
58828,Phucobius pectoralis,,,,,,,,no_image
11721,Phycosoma labialis,唇藻蛛,,,,,,,no_image
144283,Phyllachora arthraxonis,,,,,,,,no_image
144303,Phyllachora dendrocalami,,,,,,,,no_image
144323,Phyllachora graminis,,,,,,,,no_image
138097,Phyllactinia ailanthi,,,,,,,,no_image
144363,Phyllachora schimae,,,,,,,,no_image
144343,Phyllachora minuta,,,,,,,,no_image
115876,Phyllanthodendron orbicularifolium,圆叶珠子木,,,,,,,no_image
138137,Phyllactinia toonae,,,,,,,,no_image
138117,Phyllactinia imperialis,,,,,,,,no_image
115900,Phyllanthus pachyphyllus,崖县叶下珠,,,,,,,no_image
10337,Phyllocoptacus aporusae,,,,,,,,no_image
10454,Phyllocoptes japonicae,,,,,,,,no_image
10668,Phyllocoptruta sanguisorbae,,,,,,,,no_image
10362,Phyllocoptes spiraeae,,,,,,,,no_image
115912,Phyllodium elegans,毛排钱树,,,,,,,no_image
58857,Phyllolabis laudata,长脉叶大蚊,,,,,,,no_image
115938,Phyllolobium sichuanense,四川蔓黄芪,,,,,,,no_image
58874,Phyllomyza angustigenis,窄颊真叶蝇,,,,,,,no_image
58894,Phyllomyza tibetensis,西藏真叶蝇,,,,,,,no_image
150486,Phylloporia ribis,茶蕉子叶状层菌,,,,,,,no_image
149226,Phylloporus rufescens,变红褶孔菌,,,,,,,no_image
79814,Phylloscopus claudiae,冠纹柳莺,,,,,,,no_image
79847,Phylloscopus ogilviegranti,白斑尾柳莺,,,,,,,no_image
79880,Phylloscopus xanthoschistos,灰头柳莺,,,,,,,no_image
115959,Phyllostachys dulcis,白哺鸡竹,,,,,,,no_image
115984,Phyllostachys microphylla,小叶光壳竹,,,,,,,no_image
116008,Phyllostachys varioauriculata,乌竹,,,,,,,no_image
131880,Phyllosticta anacardiacearum,,,,,,,,no_image
131900,Phyllosticta capitalensis,,,,,,,,no_image
131920,Phyllosticta citricola,,,,,,,,no_image
131940,Phyllosticta deutziae,,,,,,,,no_image
131980,Phyllosticta ipomoeae-reptantis,,,,,,,,no_image
131960,Phyllosticta gardeniae,,,,,,,,no_image
132000,Phyllosticta malkoffii,,,,,,,,no_image
132020,Phyllosticta oryzae,,,,,,,,no_image
132040,Phyllosticta plurivora,,,,,,,,no_image
132060,Phyllosticta sapoticola,,,,,,,,no_image
132080,Phyllosticta vaccinii,,,,,,,,no_image
58905,Phymateus asiaticus,齿脊蝗,,,,,,,no_image
116022,Phymatosorus longissimus,多羽瘤蕨,,,,,,,no_image
116025,Physaliastrum japonicum,,,,,,,,no_image
135333,Physcia albinea,小白蜈蚣衣,,,,,,,no_image
135353,Physcia pulverulenta,粉蜈蚣衣,,,,,,,no_image
116045,Physcomitrium sinensisphaericum,中华立碗藓,,,,,,,no_image
116048,Physematium indusiosum,滇蕨,,,,,,,no_image
58955,Physocephala nigra,黑叉芒眼蝇,,,,,,,no_image
58942,Physiphora hainanensis,海南菲思斑蝇,,,,,,,no_image
155261,Physoderma maydis,玉蜀黍节壶菌,,,,,,,no_image
58971,Physopleurella armata,黄褐刺花蝽,,,,,,,no_image
58976,Phytocoris alashanensis,贺兰山植盲蝽,,,,,,,no_image
58996,Phytocoris nitrariae,白刺植盲蝽,,,,,,,no_image
59016,Phytoecia atripes,,,,,,,,no_image
59033,Phytolinus formosanus,,,,,,,,no_image
59053,Phytomyza ranunculi,毛茛植潜蝇,,,,,,,no_image
59070,Phytosciara ctenotibia,栉胫植眼蕈蚊,,,,,,,no_image
116074,Picea abies,欧洲云杉,,,,,,,no_image
140995,Pichia kluyveri,,,,,,,,no_image
79917,Picumnus innominatus,斑姬啄木鸟,,,,,,,no_image
59119,Pidonia deodara,,,,,,,,no_image
59099,Pidonia anmashana,,,,,,,,no_image
59139,Pidonia infuscata,,,,,,,,no_image
59159,Pidonia palposa,,,,,,,,no_image
59179,Pidonia submetallica,,,,,,,,no_image
59208,Pieris dubernardi,杜贝粉蝶,,,,,,,no_image
59236,Piezura shanxiensis,山西扁尾厕蝇,,,,,,,no_image
116168,Pilea hookeriana,须弥冷水花,,,,,,,no_image
116141,Pilea bracteosa,多苞冷水花,,,,,,,no_image
116193,Pilea microcardia,广西冷水花,,,,,,,no_image
116220,Pilea racemosa,亚高山冷水花,,,,,,,no_image
137768,Pilidium leucospermi,,,,,,,,no_image
116240,Pilea umbrosa,荫生冷水花,,,,,,,no_image
251,Pilodius flavus,黄色毛壳蟹,,,,,,,no_image
2340,Pilumnopeus makiana,马氏毛粒蟹,,,,,,,no_image
2348,Pilumnus vespertilio,蝙蝠毛刺蟹,,,,,,,no_image
116283,Pimpinella purpurea,紫瓣茴芹,,,,,,,no_image
116260,Pimpinella atropurpurea,深紫茴芹,,,,,,,no_image
116318,Pinanga baviensis,变色山槟榔,,,,,,,no_image
116305,Pinalia excavata,反苞苹兰,,,,,,,no_image
11298,Pinelema circularis,圆平莱蛛,,,,,,,no_image
11276,Pinelema qingfengensis,清风平莱蛛,,,,,,,no_image
116325,Pinellia discolor,异色半夏,,,,,,,no_image
116337,Pinguicula villosa,北捕虫堇,,,,,,,no_image
4626,Pinnixa penultipedalis,宽腿巴豆蟹,,,,,,,no_image
59263,Pinophilus chinensis,,,,,,,,no_image
116362,Pinus elliottii,湿地松,,,,,,,no_image
116388,Pinus roxburghii,西藏长叶松,,,,,,,no_image
1107,Pionosyllis malmgreni,马氏裸裂虫,,,,,,,no_image
116457,Piper nudibaccatum,裸果胡椒,,,,,,,no_image
116435,Piper hongkongense,毛蒟,,,,,,,no_image
116479,Piper sylvaticum,长柄胡椒,,,,,,,no_image
116494,Piptanthus nepalensis,尼泊尔黄花木,,,,,,,no_image
59277,Pipiza bimaculata,双斑缩颜蚜蝇,,,,,,,no_image
156081,Piptocephalis xenophila,,,,,,,,no_image
16393,Piratula tenuisetacea,细毛小水狼蛛,,,,,,,no_image
1432,Pisione lerisetosa,滑毛异触虫,,,,,,,no_image
12412,Pireneitega wensuensis,温宿拟隙蛛,,,,,,,no_image
148749,Pistillaria typhuloides,仵瑚菌,,,,,,,no_image
381,Pitar prora,斜角卵蛤,,,,,,,no_image
133360,Pithomyces clavisporus,,,,,,,,no_image
138507,Pithyella erythrostigma,,,,,,,,no_image
116554,Pittosporum kweichowense,贵州海桐,,,,,,,no_image
8723,Placiphorella stimpsoni,史氏宽板石鳖,,,,,,,no_image
116586,Pittosporum reflexisepalum,折萼海桐,,,,,,,no_image
59320,Placusa atrata,,,,,,,,no_image
116621,Plagiochila beddomei,贝多羽苔,,,,,,,no_image
59336,Plagideicta magniplaga,大斑夕夜蛾,,,,,,,no_image
116644,Plagiochila erlangensis,二郎羽苔,,,,,,,no_image
116664,Plagiochila multipinnula,复枝羽苔,,,,,,,no_image
116684,Plagiochila sciophila,刺叶羽苔,,,,,,,no_image
116714,Plagiomnium drummondii,粗齿匐灯藓,,,,,,,no_image
59342,Plagiodera hanoiensis,河内圆叶甲,,,,,,,no_image
116731,Plagiopetalum longipes,长柄偏瓣花,,,,,,,no_image
59363,Plagiostenopterina olivacia,橄榄狭翅广口蝇,,,,,,,no_image
17192,Plagiorchis cirratus,卷多腺斜睾吸虫,,,,,,,no_image
59384,Planispectrum hongkongense,香港扁䗛,,,,,,,no_image
59379,Plagiozopelma trifurcatum,三叉基刺长足虻,,,,,,,no_image
116764,Plagiothecium shevockii,石氏棉藓,,,,,,,no_image
59404,Planososibia truncata,截平健䗛,,,,,,,no_image
116792,Plantago minuta,小车前,,,,,,,no_image
116810,Platanthera curvata,弓背舌唇兰,,,,,,,no_image
116830,Platanthera lancilabris,披针唇舌唇兰,,,,,,,no_image
59420,Plastus quadrifoveatus,,,,,,,,no_image
116853,Platanthera roseotincta,棒距舌唇兰,,,,,,,no_image
79975,Platax orbicularis,圆燕鱼,,,,,,,no_image
11709,Platnickina qionghaiensis,琼海普克蛛,,,,,,,no_image
12290,Platocoelotes strombuliformis,螺状宽隙蛛,,,,,,,no_image
116875,Platostoma cochinchinense,龙船草,,,,,,,no_image
59450,Platycephala sichuanensis,四川宽头秆蝇,,,,,,,no_image
59485,Platycleis tomini,汤氏灰翅螽,,,,,,,no_image
59466,Platycheirus clypeatus,短斑宽跗蚜蝇,,,,,,,no_image
59504,Platycorynus gibbosus,艳扁角肖叶甲,,,,,,,no_image
59544,Platydracus patricius,,,,,,,,no_image
116890,Platydictya jungermannioides,细柳藓,,,,,,,no_image
137022,Platygramme platyloma,宽边凸唇衣,,,,,,,no_image
59564,Platyja umminia,宽夜蛾,,,,,,,no_image
59580,Platylomalus niponensis,日本平阎甲,,,,,,,no_image
9044,Platynothrus thori,索氏平懒甲螨,,,,,,,no_image
59605,Platypalpus coarctiformis,短平须舞虻,,,,,,,no_image
59625,Platypalpus lii,李氏平须舞虻,,,,,,,no_image
59646,Platypalpus zhangae,张氏平须舞虻,,,,,,,no_image
59655,Platypria chiroptera,长刺掌铁甲,,,,,,,no_image
59669,Platysoma chinense,中国方阎甲,,,,,,,no_image
59687,Platystethus dilutipennis,,,,,,,,no_image
59701,Plaxomicrus nigriventris,,,,,,,,no_image
59713,Plecia dilacerabilis,裂襀毛蚊,,,,,,,no_image
79996,Plecotus austriacus,灰长耳蝠,,,,,,,no_image
116903,Plectocomia pierreana,钩叶藤,,,,,,,no_image
17589,Plectotropis pentagonostoma,五角环肋螺,,,,,,,no_image
80033,Plectroglyphidodon imparipennis,羽状椒雀鲷,,,,,,,no_image
116913,Pleioblastus distichus,无毛翠竹,,,,,,,no_image
143295,Pleiochaeta setosa,,,,,,,,no_image
116970,Pleocnemia winitii,黄腺羽蕨,,,,,,,no_image
116962,Pleione scopulorum,二叶独蒜兰,,,,,,,no_image
80049,Plesiops coeruleolineatus,蓝线鮗,,,,,,,no_image
3066,Pleurerythrops inscita,缺刻侧红糠虾,,,,,,,no_image
146899,Pleuroflammula subsulphurea,,,,,,,,no_image
146902,Pleurotellus albellus,小白侧耳,,,,,,,no_image
80067,Pleurosicya boldinghi,鲍氏腹瓢鰕虎,,,,,,,no_image
147826,Pleurotus bretschneideri,梅尔香菇,,,,,,,no_image
117000,Pleuroziopsis ruthenica,树藓,,,,,,,no_image
147846,Pleurotus geesterani,秀珍菇,,,,,,,no_image
13249,Plexippoides zhangi,张氏拟蝇虎,,,,,,,no_image
147866,Pleurotus pulmonariellus,,,,,,,,no_image
1599,Plicatula plicata,襞蛤,,,,,,,no_image
59761,Plumiprionus boppei,,,,,,,,no_image
139348,Ploioderma handelii,汉德尔舟皮盘菌,,,,,,,no_image
59763,Plusilla rosalia,朴夜蛾,,,,,,,no_image
147937,Pluteus umbrinellus,发形光柄菇,,,,,,,no_image
147917,Pluteus nigrofloccosus,,,,,,,,no_image
117040,Poa arctica,,,,,,,,no_image
147897,Pluteus diettrichii,裂盖光柄菇,,,,,,,no_image
117077,Poa hirtiglumis,颖毛早熟禾,,,,,,,no_image
117144,Poa supina,仰卧早熟禾,,,,,,,no_image
117107,Poa nubigena,云生早熟禾,,,,,,,no_image
8181,Pocillopora woodjonesi,伍氏杯形珊瑚,,,,,,,no_image
59781,Podismopsis juxtapennis,亚翅跃度蝗,,,,,,,no_image
5531,Podocerus uberculosus,瘤突地钩虾t,,,,,,,no_image
151120,Podoscypha mellissii,漏斗柄杯菌,,,,,,,no_image
143309,Podosporium elongatum,,,,,,,,no_image
138158,Podosphaera pannosa,蔷薇叉丝单囊壳,,,,,,,no_image
80103,Poecile hypermelaenus,黑喉山雀,,,,,,,no_image
59817,Poecilosomella varians,异星小粪蝇,,,,,,,no_image
59797,Poecilosomella annulitibia,环胫星小粪蝇,,,,,,,no_image
117204,Pogonatum pergranulatum,双珠小金发藓,,,,,,,no_image
59825,Pogonosoma funebris,台湾扁须食虫虻,,,,,,,no_image
117234,Pogostemon latifolius,宽叶长柱刺蕊草,,,,,,,no_image
117276,Pohlia wahlenbergii,白色广口藓,,,,,,,no_image
117256,Pohlia flexuosa,疣齿丝瓜藓,,,,,,,no_image
59837,Polia goliath,鹏灰夜蛾,,,,,,,no_image
59864,Politodorcadion lativittis,,,,,,,,no_image
59856,Polietes ronghuae,荣氏直脉蝇,,,,,,,no_image
59885,Polleniopsis latifacialis,宽颜拟粉蝇,,,,,,,no_image
117295,Pollia secundiflora,长花枝杜若,,,,,,,no_image
18451,Polyarthra major,较大多肢轮虫,,,,,,,no_image
142207,Polycephalomyces formosus,,,,,,,,no_image
80126,Polydactylus sextarius,六指多指马鲅,,,,,,,no_image
117352,Polygala persicariifolia,蓼叶远志,,,,,,,no_image
117324,Polygala dunniana,贵州远志,,,,,,,no_image
117374,Polygonatum cathcartii,棒丝黄精,,,,,,,no_image
117394,Polygonatum jinzhaiense,金寨黄精,,,,,,,no_image
117416,Polygonatum tessellatum,格脉黄精,,,,,,,no_image
117433,Polygonum minutissimum,微叶蓼,,,,,,,no_image
80134,Polyipnus triphanos,三烛光鱼,,,,,,,no_image
59926,Polymixis gemmea,绿褐展冬夜蛾,,,,,,,no_image
2950,Polyonyx triunguiculatus,三爪多指瓷蟹,,,,,,,no_image
59954,Polypedilum bingoparadoxum,伪背多足摇蚊,,,,,,,no_image
59974,Polypedilum fanjingense,梵净多足摇蚊,,,,,,,no_image
60014,Polypedilum udominutum,有度三突多足摇蚊,,,,,,,no_image
59994,Polypedilum nudiprostatum,裸突多足摇蚊,,,,,,,no_image
117459,Polypodium sibiricum,东北多足蕨,,,,,,,no_image
151667,Polyporus dispansus,散放多孔菌,,,,,,,no_image
151647,Polyporus bonianus,,,,,,,,no_image
151687,Polyporus japonicus,,,,,,,,no_image
151707,Polyporus minor,小多孔菌,,,,,,,no_image
151727,Polyporus picipes,青柄多孔菌,,,,,,,no_image
151767,Polyporus trametoides,栓多孔菌,,,,,,,no_image
151747,Polyporus sanguineus,,,,,,,,no_image
143311,Polyschema olivacea,,,,,,,,no_image
135136,Polysporina cyclocarpa,圆果煤尘衣,,,,,,,no_image
117502,Polystichum balansae,镰羽耳蕨,,,,,,,no_image
117522,Polystichum costularisorum,轴果耳蕨,,,,,,,no_image
117542,Polystichum duyunense,都匀耳蕨,,,,,,,no_image
117562,Polystichum guangxiense,广西耳蕨,,,,,,,no_image
117582,Polystichum jiucaipingense,韭菜坪耳蕨,,,,,,,no_image
117622,Polystichum mollissimum,毛叶耳蕨,,,,,,,no_image
117602,Polystichum longipaleatum,长鳞耳蕨,,,,,,,no_image
117642,Polystichum oligodontum,稀齿耳蕨,,,,,,,no_image
117662,Polystichum prescottianum,芒刺耳蕨,,,,,,,no_image
117682,Polystichum rigens,阔鳞耳蕨,,,,,,,no_image
117702,Polystichum stenophyllum,狭叶芽胞耳蕨,,,,,,,no_image
117722,Polystichum trapezoideum,梯羽耳蕨,,,,,,,no_image
117484,Polystichum ×,石生柳叶蕨,,,,,,,no_image
150507,Polystictus purus,白贝云芝,,,,,,,no_image
60033,Polytremis lubricans,黄纹孔弄蝶,,,,,,,no_image
117759,Polytrichum piliferum,毛尖金发藓,,,,,,,no_image
60078,Polyzonus drumonti,,,,,,,,no_image
80152,Pomacanthus navarchus,马鞍刺盖鱼,,,,,,,no_image
80172,Pomacentrus tripunctatus,三斑雀鲷,,,,,,,no_image
80203,Pomatorhinus superciliaris,细嘴钩嘴鹛,,,,,,,no_image
117783,Ponerorchis farreri,长苞无柱兰,,,,,,,no_image
117826,Pongamia suddeei,陷脉水黄皮,,,,,,,no_image
117803,Ponerorchis sichuanica,四川小红门兰,,,,,,,no_image
6719,Pontogeneia oligoseta,寡毛海钩虾,,,,,,,no_image
117864,Populus davidiana,山杨,,,,,,,no_image
117925,Populus tremula,欧洲山杨,,,,,,,no_image
117893,Populus ningshanica,汉白杨,,,,,,,no_image
10943,Porcataraneus bengalensis,孟加拉脊园蛛,,,,,,,no_image
117976,Porella grandiloba,巨瓣光萼苔,,,,,,,no_image
118004,Porella spinulosa,疏刺光萼苔,,,,,,,no_image
151796,Poria reticulata,,,,,,,,no_image
137523,Porina guentheri,格仑氏污核衣,,,,,,,no_image
10700,Porites annae,疣滨珊瑚,,,,,,,no_image
80209,Porocottus allisi,艾氏钩棘杜父鱼,,,,,,,no_image
151803,Poronidulus conchifer,贝壳巢孔菌,,,,,,,no_image
151105,Porostereum spadiceum,枣红孔韧菌,,,,,,,no_image
118031,Porphyra suborbiculata,圆紫菜,,,,,,,no_image
136749,Porpidia flavicunda,黄色假网衣,,,,,,,no_image
60131,Porsica punctifascia,点带波舟蛾,,,,,,,no_image
92,Portunus brockii,薄氏梭子蟹,,,,,,,no_image
13197,Portia labiata,唇须孔蛛,,,,,,,no_image
118055,Potamogeton natans,浮叶眼子菜,,,,,,,no_image
80229,Porzana porzana,斑胸田鸡,,,,,,,no_image
60151,Potamarcha puella,黄面狭翅蜻,,,,,,,no_image
118066,Potentilla acaulis,星毛委陵菜,,,,,,,no_image
118100,Potentilla dickinsii,薄叶委陵菜,,,,,,,no_image
118131,Potentilla longifolia,腺毛委陵菜,,,,,,,no_image
118163,Potentilla salsa,盐生委陵菜,,,,,,,no_image
118194,Pothos kerrii,长梗石柑,,,,,,,no_image
60190,Pothyne seriata,,,,,,,,no_image
118236,Pouteria grandifolia,龙果,,,,,,,no_image
118208,Pourthiaea calleryana,城口石楠,,,,,,,no_image
60206,Praepodothrips yunnanensis,云南前肢管蓟马,,,,,,,no_image
60219,Pratapa deva,珀灰蝶,,,,,,,no_image
118270,Premna henryana,蒙自豆腐柴,,,,,,,no_image
134156,Preussia immersa,,,,,,,,no_image
118294,Premna subcapitata,近头状豆腐柴,,,,,,,no_image
60235,Primnoa primnoides,宛翘尾蝗,,,,,,,no_image
118338,Primula breviscapa,短莛报春,,,,,,,no_image
118318,Primula apicicallosa,广西报春,,,,,,,no_image
118384,Primula crassa,毛卵叶报春,,,,,,,no_image
118363,Primula chapaensis,马关报春,,,,,,,no_image
118407,Primula elongata,黄齿雪山报春,,,,,,,no_image
118453,Primula heucherifolia,宝兴掌叶报春,,,,,,,no_image
118431,Primula flabellifera,扇叶垂花报春,,,,,,,no_image
118475,Primula jiugongshanensis,九宫山羽叶报春,,,,,,,no_image
118498,Primula lithophila,习水报春,,,,,,,no_image
118522,Primula meishanensis,眉山报春,,,,,,,no_image
118545,Primula nutans,天山报春,,,,,,,no_image
118571,Primula petelotii,金平脆蒴报春,,,,,,,no_image
118593,Primula qinghaiensis,青海报春,,,,,,,no_image
118614,Primula saxatilis,岩生报春,,,,,,,no_image
118637,Primula sonchifolia,苣叶报春,,,,,,,no_image
118661,Primula tenuituba,窄管报春,,,,,,,no_image
118685,Primula violaris,堇菜报春,,,,,,,no_image
118705,Primula xinningensis,新宁羽叶报春,,,,,,,no_image
118729,Primulina bobaiensis,博白报春苣苔,,,,,,,no_image
118751,Primulina crassituba,粗筒报春苣苔,,,,,,,no_image
118820,Primulina langshanica,崀山报春苣苔,,,,,,,no_image
118796,Primulina heterochroa,异色报春苣苔,,,,,,,no_image
118773,Primulina flavimaculata,黄斑报春苣苔,,,,,,,no_image
118840,Primulina linglingensis,零陵报春苣苔,,,,,,,no_image
118865,Primulina macrorhiza,大根报春苣苔,,,,,,,no_image
118885,Primulina niveolanosa,绵毛小花苣苔,,,,,,,no_image
118907,Primulina pseudolinearifolia,拟线叶报春苣苔,,,,,,,no_image
118928,Primulina sclerophylla,硬叶报春苣苔,,,,,,,no_image
118956,Primulina tenuifolia,薄叶报春苣苔,,,,,,,no_image
118978,Primulina yandongensis,燕峒报春苣苔,,,,,,,no_image
118989,Prinsepia scandens,台湾扁核木,,,,,,,no_image
80267,Priolepis cincta,横带锯鳞鰕虎,,,,,,,no_image
15830,Prionobelum majorinum,,,,,,,,no_image
8528,Prionovolva aureomarginata,金缘锯梭螺,,,,,,,no_image
60302,Priotyrannus hueti,,,,,,,,no_image
80285,Pristipomoides auricilla,日本紫鱼,,,,,,,no_image
18512,Proales reinhardti,壮缰前翼轮虫,,,,,,,no_image
8335,Probopyria elliptica,椭圆前鳃虱,,,,,,,no_image
60327,Processina ruiliensis,瑞丽干大叶蝉，新种,,,,,,,no_image
60344,Prociphilus gambosae,丁香卷叶绵蚜,,,,,,,no_image
60364,Procladius macrotrichus,大刺前突摇蚊,,,,,,,no_image
60398,Prodegeeria japonica,日本纤芒寄蝇,,,,,,,no_image
60380,Proctotrupes bistriatus,双条细蜂,,,,,,,no_image
60411,Prohimerta guizhouensis,贵州安螽,,,,,,,no_image
60423,Promachus anicius,广州叉胫食虫虻,,,,,,,no_image
119008,Pronephrium nudatum,大羽新月蕨,,,,,,,no_image
60443,Promachus yesonicus,盐尼叉胫食虫虻,,,,,,,no_image
1707,Propagurus obtusifrons,钝额前寄居蟹,,,,,,,no_image
60462,Proreus tezpurensis,太首垫跗螋,,,,,,,no_image
60471,Prosciara bisulcata,双槽首眼蕈蚊,,,,,,,no_image
60491,Prosciara meracula,台湾首眼蕈蚊,,,,,,,no_image
60508,Prosimulium hirtipes,毛足原蚋,,,,,,,no_image
119023,Prosopis juliflora,牧豆树,,,,,,,no_image
17113,Prosorhynchus epinepheli,石斑鱼前吻吸虫,,,,,,,no_image
60558,Protacheron philippinensis,菲律宾足翅蝶角蛉,,,,,,,no_image
60548,Prostemma hilgendorffi,角带花姬蝽,,,,,,,no_image
17245,Prosthodendrium lucifugi,卢氏副前腺吸虫,,,,,,,no_image
60569,Protexara sinica,中华前刺股蝇,,,,,,,no_image
60593,Protidricerus stenopterus,狭翅原完眼蝶角蛉,,,,,,,no_image
19370,Protaphorura maoerensis,,,,,,,,no_image
80320,Protobothrops trungkhanhensis,越北原矛头蝮,,,,,,,no_image
60609,Protocypus meles,,,,,,,,no_image
60626,Protohermes concolorus,全色星齿蛉,,,,,,,no_image
80326,Protolabeo protolabeo,原鲮,,,,,,,no_image
60646,Protohermes lii,李氏星齿蛉,,,,,,,no_image
144917,Protomyces siegesbeckiae,,,,,,,,no_image
60680,Protopulvinaria pyriformis,梨形原绵蜡蚧,,,,,,,no_image
16940,Prudhoeus oligolecithosum,少腺普鲁霍吸虫,,,,,,,no_image
60692,Protrigonometopus shatalkini,沙氏尖额缟蝇,,,,,,,no_image
119049,Prunus buergeriana,橉木,,,,,,,no_image
119128,Prunus obtusata,细齿稠李,,,,,,,no_image
119077,Prunus domestica,欧洲李,,,,,,,no_image
119098,Prunus insititia,乌荆子李,,,,,,,no_image
119159,Prunus setulosa,刺毛山樱花,,,,,,,no_image
119205,Przewalskia tangutica,马尿脬,,,,,,,no_image
119185,Prunus trichostoma,川西樱桃,,,,,,,no_image
145510,Psalliota subrufescens,,,,,,,,no_image
7262,Psammocora superficialis,浅薄沙珊瑚,,,,,,,no_image
148023,Psathyra spadiceogrisea,,,,,,,,no_image
148063,Psathyrella longistriata,,,,,,,,no_image
148043,Psathyrella corrugis,,,,,,,,no_image
148083,Psathyrella pseudocasca,,,,,,,,no_image
13627,Psechrus rani,冉氏褛网蛛,,,,,,,no_image
148103,Psathyrella trepida,,,,,,,,no_image
60767,Pselaphodes dayaoensis,,,,,,,,no_image
60748,Psectrosema iliense,伊犁柽瘿蚊,,,,,,,no_image
60807,Pselaphodes walkeri,,,,,,,,no_image
60826,Pselliophora bifascipennis,双斑比栉大蚊,,,,,,,no_image
60846,Pselliophora scurra,福建比栉大蚊,,,,,,,no_image
60787,Pselaphodes longilobus,,,,,,,,no_image
19222,Pseudachorudina nepalica,,,,,,,,no_image
60864,Pseudagrion pilidorsum,红玉斑蟌,,,,,,,no_image
2986,Pseudanchialina pusilla,极小假近糠虾,,,,,,,no_image
60883,Pseudalosterna jitkae,,,,,,,,no_image
60912,Pseudatheta cooteri,,,,,,,,no_image
60898,Pseudaoria irregulare,漫点伪厚缘肖叶甲,,,,,,,no_image
60934,Pseuderistalis nigra,黑拟管蚜蝇,,,,,,,no_image
80405,Pseudecheneis tchangi,扁体褶&#x0000E065;,,,,,,,no_image
60940,Pseudidonauton chihpyh,细刺蛾,,,,,,,no_image
148602,Pseudobaeospora celluloderma,,,,,,,,no_image
60963,Pseudobironium parabicolor,,,,,,,,no_image
80430,Pseudobagrus ussuriensis,乌苏拟鲿,,,,,,,no_image
119239,Pseudocalliergon turgescens,大拟湿原藓,,,,,,,no_image
132820,Pseudocercospora allophylina,,,,,,,,no_image
119245,Pseudocayratia pengiana,台湾拟乌蔹莓,,,,,,,no_image
17146,Pseudobucephalopsis gangnei,鳡伪似牛首吸虫,,,,,,,no_image
132840,Pseudocercospora artocarpi,,,,,,,,no_image
132860,Pseudocercospora broussonetiae,,,,,,,,no_image
132880,Pseudocercospora cercidis-chinensis,,,,,,,,no_image
132900,Pseudocercospora corchorifoliae,,,,,,,,no_image
132920,Pseudocercospora dendrobii,石斛假尾孢,,,,,,,no_image
132980,Pseudocercospora houttuyulae,,,,,,,,no_image
132960,Pseudocercospora fukuii,,,,,,,,no_image
132940,Pseudocercospora eucalypti,,,,,,,,no_image
133040,Pseudocercospora montrichardiae,,,,,,,,no_image
133000,Pseudocercospora kaki,,,,,,,,no_image
133020,Pseudocercospora macarangae,,,,,,,,no_image
133060,Pseudocercospora odontoglossi,,,,,,,,no_image
133080,Pseudocercospora phyllanthi-reticulati,,,,,,,,no_image
133100,Pseudocercospora pteroceltidis,,,,,,,,no_image
133120,Pseudocercospora sabiae,,,,,,,,no_image
133140,Pseudocercospora spiraeicola,,,,,,,,no_image
133160,Pseudocercospora theae,,,,,,,,no_image
60998,Pseudochazara hippolyte,寿眼蝶,,,,,,,no_image
133180,Pseudocercospora vitis,,,,,,,,no_image
80454,Pseudochromis striatus,条纹拟雀鲷,,,,,,,no_image
119259,Pseudocodon convolvulaceus,辐冠参,,,,,,,no_image
80456,Pseudocoris aurantiofasciata,橘纹拟盔鱼,,,,,,,no_image
119273,Pseudocyclosorus angustipinnus,狭羽假毛蕨,,,,,,,no_image
119293,Pseudocyclosorus obliquus,斜展假毛蕨,,,,,,,no_image
137198,Pseudocyphellaria aurata,黄假杯点衣,,,,,,,no_image
61041,Pseudoechthistatus obliquefasciatus,,,,,,,,no_image
61028,Pseudodexilla gui,顾氏拟长足寄蝇,,,,,,,no_image
61068,Pseudofentonia tiga,黛拟纷舟蛾,,,,,,,no_image
80473,Pseudogastromyzon fangi,珠江拟腹吸鳅,,,,,,,no_image
80481,Pseudogobio guilinensis,桂林似&#x0000E068;,,,,,,,no_image
61081,Pseudohampsonella bayizhena,八一伪汉刺蛾,,,,,,,no_image
119324,Pseudohygrohypnum densirameum,密枝假水灰藓,,,,,,,no_image
61093,Pseudokamikiria klapperichi,,,,,,,,no_image
61116,Pseudoligosita yasumatsui,飞虱伪寡赤眼蜂,,,,,,,no_image
61128,Pseudoloxops marginatus,红缘突额盲蝽,,,,,,,no_image
80502,Pseudolaubuca engraulis,寡鳞飘鱼,,,,,,,no_image
61138,Pseudomacedna obscura,暗色伪玛螽,,,,,,,no_image
61158,Pseudomallada decolor,退色叉草蛉,,,,,,,no_image
61198,Pseudomallada tridentata,三齿叉草蛉,,,,,,,no_image
61178,Pseudomallada illota,重斑叉草蛉,,,,,,,no_image
16833,Pseudomelanopa taiwana,台湾伪黑盲蛛,,,,,,,no_image
61220,Pseudonapomyza asiatica,南亚拟菁潜蝇,,,,,,,no_image
61238,Pseudoperomyia humilis,小锥瘿蚊,,,,,,,no_image
61225,Pseudopachydissus rufofemoralis,,,,,,,,no_image
119371,Pseudophegopteris yunkweiensis,云贵紫柄蕨,,,,,,,no_image
61253,Pseudoplandria divisa,,,,,,,,no_image
61273,Pseudoplandria sinospinifera,,,,,,,,no_image
13406,Pseudopoda chayuensis,察隅伪遁蛛,,,,,,,no_image
13355,Pseudopoda namkhan,南坎伪遁蛛,,,,,,,no_image
13463,Pseudopoda sinapophysis,华突伪遁蛛,,,,,,,no_image
119381,Pseudopogonatherum filifolium,假金发草,,,,,,,no_image
61294,Pseudopsyra yunnani,云南拟缘螽,,,,,,,no_image
119389,Pseudoraphis sordida,瘦瘠伪针茅,,,,,,,no_image
80516,Pseudorhombus dupliciocellatus,双瞳斑鲆,,,,,,,no_image
119390,Pseudoroegneria cognata,假鹅观草,,,,,,,no_image
119400,Pseudosasa hindsii,彗竹,,,,,,,no_image
8508,Pseudosimnia alabaster,雪花石膏似鼻螺,,,,,,,no_image
61334,Pseudosmittia nishiharaensis,西原町伪施密摇蚊,,,,,,,no_image
6126,Pseudosquillisma oculata,眼斑准假虾蛄,,,,,,,no_image
8348,Pseudostegias dulcilacuum,奴假盖鳃虱,,,,,,,no_image
6472,Pseudostichopus unguiculatus,爪疣拟刺参,,,,,,,no_image
61373,Pseudothyrsocnema crinitula,小灰伪特麻蝇,,,,,,,no_image
138514,Psilachnum chrysostigmum,金点短毛盘菌,,,,,,,no_image
119453,Pseudotsuga sinensis,黄杉,,,,,,,no_image
61392,Pseudozizeeria maha,酢浆灰蝶,,,,,,,no_image
146696,Psilocybe fasciata,黄褐裸盖伞,,,,,,,no_image
146716,Psilocybe subaeruginascens,,,,,,,,no_image
61424,Psilonyx flavican,黄缺爪细腹食虫虻,,,,,,,no_image
119458,Psilopeganum sinense,裸芸香,,,,,,,no_image
119460,Psilotrichopsis curtisii,马来青花苋,,,,,,,no_image
80566,Psittacula roseata,花头鹦鹉,,,,,,,no_image
61483,Psychoda makati,马卡蛾蠓,,,,,,,no_image
61472,Psoraleococcus costatus,思茅屑盘蚧,,,,,,,no_image
119480,Psychotria morindoides,聚果九节,,,,,,,no_image
19344,Psyllaphorura raoheensis,,,,,,,,no_image
19295,Ptenothrix annulata,,,,,,,,no_image
80587,Ptereleotris heteroptera,尾斑鳍塘鳢,,,,,,,no_image
119497,Pteridium falcatum,镰羽蕨,,,,,,,no_image
119584,Pteris malipoensis,大羽半边旗,,,,,,,no_image
119524,Pteris cadieri,条纹凤尾蕨,,,,,,,no_image
119604,Pteris quinquefoliata,五叶凤尾蕨,,,,,,,no_image
119558,Pteris grevilleana,林下凤尾蕨,,,,,,,no_image
119626,Pteris vittata,蜈蚣凤尾蕨,,,,,,,no_image
119674,Pterobryopsis crassiuscula,兜尖拟蕨藓,,,,,,,no_image
119654,Pternopetalum porphyronotum,紫背囊瓣芹,,,,,,,no_image
119689,Pterocarya rhoifolia,水胡桃,,,,,,,no_image
119702,Pterocyclus forrestii,雪山滇羌活,,,,,,,no_image
61532,Pterogenia ornata,文彩美翅广口蝇,,,,,,,no_image
61559,Pterolophia crassipes,,,,,,,,no_image
61538,Pterolophia albonigra,,,,,,,,no_image
61582,Pterolophia kubokii,,,,,,,,no_image
61623,Pterolophia szetschuanensis,,,,,,,,no_image
61603,Pterolophia phungi,,,,,,,,no_image
61640,Pteronemobius yunnanicus,云南异针蟋,,,,,,,no_image
80652,Pterorhinus poecilorhynchus,台湾棕噪鹛,,,,,,,no_image
148132,Pterula subulata,,,,,,,,no_image
61648,Pterostoma hoenei,红羽舟蛾,,,,,,,no_image
119724,Pterygiella cylindrica,圆茎翅茎草,,,,,,,no_image
80679,Pterygotrigla macrorhynchus,长吻角鲂鮄,,,,,,,no_image
13055,Ptocasius digitata/digitatus,指状兜跳蛛,,,,,,,no_image
119747,Ptilagrostis luquensis,短花细柄茅,,,,,,,no_image
61672,Ptilodon ladislai,富羽齿舟蛾,,,,,,,no_image
80686,Ptyas dhumnades,乌梢蛇（乌梢鼠蛇）,,,,,,,no_image
669,Ptychognathus hachijyoensis,八丈折颚蟹,,,,,,,no_image
61696,Ptychoptera bellula,小丽褶蚊,,,,,,,no_image
119774,Puccinellia distans,碱茅,,,,,,,no_image
61713,Ptygonotus semenovi,,,,,,,,no_image
119794,Puccinellia manchuriensis,柔枝碱茅,,,,,,,no_image
119814,Puccinellia tenuissima,纤细碱茅,,,,,,,no_image
153506,Puccinia aeluropodis,小 獐 毛 柄 锈 菌,,,,,,,no_image
153526,Puccinia angustata,渐狭柄锈菌,,,,,,,no_image
153546,Puccinia arthraxonis,荩草柄锈菌,,,,,,,no_image
153566,Puccinia atropuncta,黑斑柄锈菌,,,,,,,no_image
153586,Puccinia brachypodii-phoenicoidis,非洲短柄草柄锈菌 戴维斯变种,,,,,,,no_image
153626,Puccinia caricis-pilosae,疏毛薹草柄锈菌,,,,,,,no_image
153606,Puccinia carduorum,飞廉柄锈,,,,,,,no_image
153646,Puccinia cichorii,菊苣柄锈,,,,,,,no_image
153686,Puccinia cynodontis,,,,,,,,no_image
153666,Puccinia commelinae,,,,,,,,no_image
153706,Puccinia dracunculina,,,,,,,,no_image
153726,Puccinia erigerontis-elongatae,飞蓬柄锈,,,,,,,no_image
153746,Puccinia filipodia,,,,,,,,no_image
153766,Puccinia glechomatis,活血丹柄锈菌,,,,,,,no_image
153786,Puccinia hedysari-obscuri,,,,,,,,no_image
153806,Puccinia houstoniae,,,,,,,,no_image
153826,Puccinia iwateyamensis,岩手山柄锈菌,,,,,,,no_image
153846,Puccinia kyllingiae-brevifoliae,水蜈蚣柄锈菌,,,,,,,no_image
153866,Puccinia lespedezae-procumbentis,,,,,,,,no_image
153886,Puccinia littoralis,滨海柄锈菌,,,,,,,no_image
153906,Puccinia medogensis,墨脱柄锈,,,,,,,no_image
153926,Puccinia moliniicola,,,,,,,,no_image
153946,Puccinia nishidana,西田柄锈菌,,,,,,,no_image
153966,Puccinia opizii,奥皮茨柄锈菌,,,,,,,no_image
153986,Puccinia pelargonii-zonalis,马蹄纹天竺葵柄锈菌,,,,,,,no_image
154006,Puccinia plectranthi,香茶菜柄锈菌,,,,,,,no_image
154026,Puccinia polygoni-vivipari,,,,,,,,no_image
154046,Puccinia pternopetali,囊瓣芹柄锈菌,,,,,,,no_image
154066,Puccinia roscoeae,象牙参柄锈菌,,,,,,,no_image
154086,Puccinia schirajewskii,,,,,,,,no_image
154106,Puccinia sibirica,西伯利亚柄锈菌,,,,,,,no_image
154126,Puccinia sonchi-arvensis,苦荬菜柄锈菌,,,,,,,no_image
154146,Puccinia suzutake,,,,,,,,no_image
154166,Puccinia thibetana,西藏柄锈菌,,,,,,,no_image
154186,Puccinia tsinlingensis,秦岭柄锈菌,,,,,,,no_image
154206,Puccinia veronicarum,威灵仙柄锈菌,,,,,,,no_image
154226,Puccinia yunnanensis,,,,,,,,no_image
154490,Pucciniastrum hikosanense,红槭膨痂锈菌,,,,,,,no_image
119819,Pueraria alopecuroides,密花葛,,,,,,,no_image
119834,Puhuaea megaphylla,滇南瓦子草,,,,,,,no_image
61728,Puliciphora togata,盔背虼蚤蝇,,,,,,,no_image
61740,Pulvinaria vitis,葡萄绵蜡蚧,,,,,,,no_image
119845,Pulsatilla ×,延边白头翁,,,,,,,no_image
136338,Punctelia borreri,粉斑星点梅,,,,,,,no_image
80720,Puntius snyderi,斯奈德小鲃,,,,,,,no_image
80723,Pusa hispida,环海豹,,,,,,,no_image
61765,Puto asteri,台湾泡粉蚧,,,,,,,no_image
61741,Purohita maculata,斑点叶角飞虱,,,,,,,no_image
80736,Pycnonotus goiavier,白眉黄臀鹎,,,,,,,no_image
17267,Pycnoporus skarbilovichi,斯氏坚盘吸虫,,,,,,,no_image
119901,Pygeum macrocarpum,大果臀果木,,,,,,,no_image
61780,Pygophora maculipennis,斑翅尾秽蝇,,,,,,,no_image
61799,Pygostrangalia castaneonigra,,,,,,,,no_image
119919,Pylaisia subimbricata,叠叶金灰藓,,,,,,,no_image
61807,Pyramisternum herbaceum,草栖角锥蝗,,,,,,,no_image
134678,Pyrenula confinis,,,,,,,,no_image
119951,Pyrenaria spectabilis,石笔木,,,,,,,no_image
134698,Pyrenula parvinuclea,小核衣,,,,,,,no_image
61817,Pyrestes hypomelas,,,,,,,,no_image
61828,Pyrgus alveus,北方花弄蝶,,,,,,,no_image
119961,Pyrola chlorantha,绿花鹿蹄草,,,,,,,no_image
119981,Pyrola tschanbaischanica,长白鹿蹄草,,,,,,,no_image
150535,Pyropolyporus yucatanensis,,,,,,,,no_image
80766,Pyrrhocorax pyrrhocorax,红嘴山鸦,,,,,,,no_image
119991,Pyrrosia bonii,波氏石韦,,,,,,,no_image
120011,Pyrrosia piloselloides,抱树莲,,,,,,,no_image
120024,Pyrus calleryana,豆梨,,,,,,,no_image
135226,Pyxine copelandii,柯普兰氏黑盘衣,,,,,,,no_image
61867,Qinlingacris taibaiensis,太白秦岭蝗,,,,,,,no_image
143334,Quadracaea mediterranea,,,,,,,,no_image
80788,Quasipaa exilispinosa,小棘蛙,,,,,,,no_image
61894,Quedius acutulus,,,,,,,,no_image
61914,Quedius bilobus,,,,,,,,no_image
61934,Quedius chrysogonus,,,,,,,,no_image
61954,Quedius ennius,,,,,,,,no_image
61974,Quedius gang,,,,,,,,no_image
61994,Quedius hubeiensis,,,,,,,,no_image
62014,Quedius klapperichi,,,,,,,,no_image
62034,Quedius li,,,,,,,,no_image
62074,Quedius nujiang,,,,,,,,no_image
62054,Quedius microsauroides,,,,,,,,no_image
62134,Quedius tarng,,,,,,,,no_image
62114,Quedius schuelkeanus,,,,,,,,no_image
62094,Quedius pseudonymos,,,,,,,,no_image
62154,Quedius viridinotus,,,,,,,,no_image
62174,Quedius zhu,,,,,,,,no_image
120071,Quercus blakei,栎子青冈,,,,,,,no_image
120091,Quercus engleriana,巴东栎,,,,,,,no_image
120111,Quercus kiukiangensis,独龙江青冈,,,,,,,no_image
120131,Quercus oxyodon,曼青冈,,,,,,,no_image
120173,Quercus yiwuensis,易武栎,,,,,,,no_image
120153,Quercus sessilifolia,云山青冈,,,,,,,no_image
62208,Rabigus ruficapillus,,,,,,,,no_image
931,Quollastria ornata,装饰东方虾蛄,,,,,,,no_image
62231,Rachispoda hamata,钩刺足小粪蝇,,,,,,,no_image
120185,Racopilum cuspidigerum,薄壁卷柏藓,,,,,,,no_image
120195,Radiogrammitis alepidota,无鳞辐禾蕨,,,,,,,no_image
120215,Radula formosa,台湾扁萼苔,,,,,,,no_image
120235,Radula protensa,长舌扁萼苔,,,,,,,no_image
62251,Ragwelellus rubrinus,红色拉盲蝽,,,,,,,no_image
136559,Ramalina pacifica,太平洋树花,,,,,,,no_image
136539,Ramalina commixta,假杯树花,,,,,,,no_image
136579,Ramalina yasudae,安田氏树花,,,,,,,no_image
149958,Ramaria cedretorum,,,,,,,,no_image
149978,Ramaria flavicingula,,,,,,,,no_image
149998,Ramaria lacteobrunnescens,,,,,,,,no_image
150018,Ramaria ochraceovirens,赭绿枝瑚菌,,,,,,,no_image
150038,Ramaria sinoconjunctipes,华联丛枝瑚,,,,,,,no_image
145726,Ramariopsis luteotenerrima,,,,,,,,no_image
133197,Ramichloridium apiculatum,,,,,,,,no_image
133211,Ramularia banksiana,,,,,,,,no_image
133231,Ramularia dispar,,,,,,,,no_image
133251,Ramularia malachii,,,,,,,,no_image
133271,Ramularia pusilla,,,,,,,,no_image
62269,Ramulus annuliventris,环腹短角棒䗛,,,,,,,no_image
62289,Ramulus femoratus,畸股短角棒䗛,,,,,,,no_image
62309,Ramulus jinnanense,晋南短角棒䗛,,,,,,,no_image
62329,Ramulus pingliense,平利短角棒䗛,,,,,,,no_image
80820,Rana jiemuxiensis,借母溪林蛙,,,,,,,no_image
62349,Ramulus xiaguanense,下关短角棒䗛,,,,,,,no_image
1284,Ranilia orientalis,东方小蛙蟹,,,,,,,no_image
120264,Ranunculus bungei,水毛茛,,,,,,,no_image
120292,Ranunculus duoxionglashanicus,多雄拉毛茛,,,,,,,no_image
120318,Ranunculus hirtellus,吉隆毛茛,,,,,,,no_image
120351,Ranunculus lujiangensis,庐江毛茛,,,,,,,no_image
120374,Ranunculus nematolobus,丝叶毛茛,,,,,,,no_image
120402,Ranunculus pseudopygmaeus,矮毛茛,,,,,,,no_image
120424,Ranunculus submarginatus,棱边毛茛,,,,,,,no_image
17405,Rapa incurva,曲芜菁螺,,,,,,,no_image
120451,Ranunculus yaoanus,姚氏毛茛,,,,,,,no_image
62376,Raphia corax,鸦莽夜蛾,,,,,,,no_image
80855,Rastrelliger kanagurta,羽鳃鲐,,,,,,,no_image
120469,Rauvolfia serpentina,蛇根木,,,,,,,no_image
154565,Ravenelia millettiae,鸡血藤伞锈菌,,,,,,,no_image
62388,Ravenna nivea,冷灰蝶,,,,,,,no_image
62399,Rectizele chinensis,中华直赛茧蜂,,,,,,,no_image
62412,Redtenbacheria insignis,显回寄蝇,,,,,,,no_image
120502,Reevesia tomentosa,绒果梭罗树,,,,,,,no_image
120519,Rehmannia chrysantha,黄花地黄,,,,,,,no_image
120536,Remusatia vivipara,岩芋,,,,,,,no_image
136345,Relicina planiuscula,平球针黄叶,,,,,,,no_image
150691,Resinicium bicolor,二色树脂菌,,,,,,,no_image
62442,Reticulitermes assamensis,突额散白蚁,,,,,,,no_image
62462,Reticulitermes dantuensis,丹徒散白蚁,,,,,,,no_image
62482,Reticulitermes hunanensis,湖南散白蚁,,,,,,,no_image
149252,Retiboletus griseus,灰网柄牛肝菌,,,,,,,no_image
62503,Reticulitermes minutus,侏儒散白蚁,,,,,,,no_image
62543,Reticulitermes yongdingensis,永定散白蚁,,,,,,,no_image
62523,Reticulitermes solidimandibulas,粗颚散白蚁,,,,,,,no_image
62559,Retipenna huai,华氏罗草蛉,,,,,,,no_image
80900,Rhabdamia cypselurus,燕尾箭天竺鲷,,,,,,,no_image
80903,Rhabdophis adleri,海南颈槽蛇,,,,,,,no_image
120553,Rhabdoweisia laevidens,平齿粗石藓,,,,,,,no_image
80924,Rhacophorus medogensis,墨脱树蛙,,,,,,,no_image
62596,Rhadinopsylla eothenomus,绒鼠纤蚤,,,,,,,no_image
62643,Rhagio guangxiensis,广西鹬虻,,,,,,,no_image
62618,Rhadinosa yunnanica,云南准铁甲,,,,,,,no_image
62663,Rhagio shirakii,素木鹬虻,,,,,,,no_image
120565,Rhamnella forrestii,川滇猫乳,,,,,,,no_image
120580,Rhamnus bungeana,卵叶鼠李,,,,,,,no_image
120610,Rhamnus heterophylla,异叶鼠李,,,,,,,no_image
120632,Rhamnus parvifolia,小叶鼠李,,,,,,,no_image
120665,Rhamphidium vaginatum,鞘叶曲喙藓,,,,,,,no_image
62707,Rhamphophasma dianicum,滇喙尾䗛,,,,,,,no_image
120675,Rhaphidophora liukiuensis,针房藤,,,,,,,no_image
62721,Rhaphipodus gahani,,,,,,,,no_image
62801,Rhaphuma parvipilosa,,,,,,,,no_image
62781,Rhaphuma impressiceps,,,,,,,,no_image
62761,Rhaphuma clarina,,,,,,,,no_image
62741,Rhaphium sinense,中华锥长足虻,,,,,,,no_image
62823,Rhaphuma testaceicolor,,,,,,,,no_image
13116,Rhene albigera,阿贝宽胸蝇虎,,,,,,,no_image
120709,Rheoshevockia fontana,溪藓,,,,,,,no_image
62838,Rheocricotopus constrictus,缢尖趋流摇蚊,,,,,,,no_image
120714,Rheum chagyaensis,察雅大黄,,,,,,,no_image
62879,Rheumaptera albofasciata,斑缘汝尺蛾,,,,,,,no_image
120734,Rheum racemiferum,总序大黄,,,,,,,no_image
80931,Rhincodon typus,鲸鲨,,,,,,,no_image
62909,Rheumaptera nengkaoensis,宁汝尺蛾,,,,,,,no_image
62939,Rhinia apicalis,黄褐鼻蝇,,,,,,,no_image
80952,Rhinogobius coccinella,似瓢吻虾虎鱼,,,,,,,no_image
62945,Rhinocypha taiwana,台湾鼻蟌,,,,,,,no_image
80972,Rhinogobius linshuiensis,陵水吻鰕虎,,,,,,,no_image
80992,Rhinogobius shennongensis,神农吻鰕虎,,,,,,,no_image
81006,Rhinolophus marshalli,马氏菊头蝠,,,,,,,no_image
9706,Rhinophytoptus broussonetiae,,,,,,,,no_image
81032,Rhinoraja borneensis,婆罗洲海湾无鳍鳐,,,,,,,no_image
62964,Rhipidia lobifera,具突栉形大蚊,,,,,,,no_image
17121,Rhipidocotyle croceae,大黄鱼扇盘吸虫,,,,,,,no_image
62991,Rhipidolestes rubripes,红足扇山蟌,,,,,,,no_image
63004,Rhizedra lutosa,内夜蛾,,,,,,,no_image
137557,Rhizocarpon infernulum,腹地图衣,,,,,,,no_image
7986,Rhizocaulus chinensis,中国根茎螅,,,,,,,no_image
149681,Rhizoctonia zeae,,,,,,,,no_image
63015,Rhizomyia leptodicrata,细叉根瘿蚊,,,,,,,no_image
155305,Rhizophydium karlingii,卡林根生壶菌,,,,,,,no_image
135786,Rhizoplaca peltata,盾脐鳞,,,,,,,no_image
149517,Rhizopogon superiorensis,褐黄须腹菌,,,,,,,no_image
4139,Rhizorus eburnea,宽顶尖卷螺,,,,,,,no_image
63027,Rhodesiella hainana,海南锥秆蝇,,,,,,,no_image
81048,Rhodeus fangi,方氏鳑鲏,,,,,,,no_image
120783,Rhodiola chrysanthemifolia,菊叶红景天,,,,,,,no_image
120809,Rhodiola liciae,昆明红景天,,,,,,,no_image
120839,Rhodiola sinuata,裂叶红景天,,,,,,,no_image
63049,Rhodococcus turanicus,中亚朝球蜡蚧,,,,,,,no_image
120873,Rhododendron adenosum,枯鲁杜鹃,,,,,,,no_image
120905,Rhododendron asterochnoum,汶川星毛杜鹃,,,,,,,no_image
120929,Rhododendron bijiangense,碧江杜鹃,,,,,,,no_image
120957,Rhododendron campylocarpum,弯果杜鹃,,,,,,,no_image
120984,Rhododendron ciliipes,香花白杜鹃,,,,,,,no_image
121011,Rhododendron dashanbaoense,大山包杜鹃,,,,,,,no_image
121041,Rhododendron dignabile,疏毛杜鹃,,,,,,,no_image
121065,Rhododendron faberi,金顶杜鹃,,,,,,,no_image
121088,Rhododendron fuchsiifolium,贵定杜鹃,,,,,,,no_image
121110,Rhododendron guizhouense,贵州杜鹃,,,,,,,no_image
121138,Rhododendron hookeri,串珠杜鹃,,,,,,,no_image
121161,Rhododendron jinchangense,金厂杜鹃,,,,,,,no_image
121182,Rhododendron laojunshanense,老君山杜鹃,,,,,,,no_image
121203,Rhododendron lindleyi,大花杜鹃,,,,,,,no_image
121226,Rhododendron maddenii,隐脉杜鹃,,,,,,,no_image
121274,Rhododendron nanjianense,南涧杜鹃,,,,,,,no_image
121253,Rhododendron microgynum,短蕊杜鹃,,,,,,,no_image
121306,Rhododendron orthocladum,直枝杜鹃,,,,,,,no_image
121358,Rhododendron pseudochrysanthum,阿里山杜鹃,,,,,,,no_image
121330,Rhododendron pleistanthum,极多花杜鹃,,,,,,,no_image
121381,Rhododendron rhombifolium,菱形叶杜鹃,,,,,,,no_image
121411,Rhododendron saluenense,怒江杜鹃,,,,,,,no_image
121440,Rhododendron shweliense,瑞丽杜鹃,,,,,,,no_image
121472,Rhododendron strigillosum,芒刺杜鹃,,,,,,,no_image
121497,Rhododendron tenuifolium,薄叶朱砂杜鹃,,,,,,,no_image
121525,Rhododendron tsoi,两广杜鹃,,,,,,,no_image
121553,Rhododendron wallichii,簇毛杜鹃,,,,,,,no_image
63063,Rhodoneura erecta,直线网蛾,,,,,,,no_image
120859,Rhododendron ×,多叶杜鹃,,,,,,,no_image
121576,Rhododendron xiguense,西固杜鹃,,,,,,,no_image
63084,Rhodoneura sphoraria,中带褐网蛾,,,,,,,no_image
146292,Rhodophyllus ater,,,,,,,,no_image
146332,Rhodophyllus strigosissimus,,,,,,,,no_image
146312,Rhodophyllus nidorosus,臭粉褶菇,,,,,,,no_image
153028,Rhodotorula pallida,,,,,,,,no_image
11796,Rhomphaea sinica,中华菱球蛛,,,,,,,no_image
63126,Rhopalocerina sinica,,,,,,,,no_image
63158,Rhopalopsole ningxiana,宁夏诺(虫责),,,,,,,no_image
63138,Rhopalopsole duyuzhoui,杜氏诺(虫责),,,,,,,no_image
63178,Rhopalopsole zhejiangensis,浙江诺(虫责),,,,,,,no_image
81067,Rhyacichthys aspro,溪鳢,,,,,,,no_image
63188,Rhoptrispa arisana,台湾棒角铁甲,,,,,,,no_image
9779,Rhyncaphytoptus fabris,,,,,,,,no_image
9713,Rhyncaphytoptus taihangensis,,,,,,,,no_image
81072,Rhynchocypris czekanowskii,花江大吻&#x0000E003;,,,,,,,no_image
134937,Rhynchophoromyces unguicola,,,,,,,,no_image
121645,Rhynchosia yunnanensis,云南鹿藿,,,,,,,no_image
121664,Rhynchostegium confertum,长喙藓,,,,,,,no_image
121685,Rhynchotechum ellipticum,椭圆线柱苣苔,,,,,,,no_image
63235,Rhyothemis regia,灰黑丽翅蜻,,,,,,,no_image
12562,Rhysodromus triangulatus,三角皱逍遥蛛,,,,,,,no_image
139356,Rhytisma huangshanense,黄山斑痣盘菌,,,,,,,no_image
121697,Ribes alpestre,长刺茶藨子,,,,,,,no_image
121775,Ribes odoratum,香茶藨子,,,,,,,no_image
121733,Ribes heterotrichum,圆叶茶藨子,,,,,,,no_image
121804,Ribes vilmorinii,小果茶藨子,,,,,,,no_image
121826,Riccardia submultifida,羽枝片叶苔,,,,,,,no_image
121848,Riccia sorocarpa,肥果钱苔,,,,,,,no_image
135084,Rickia phloeonomi,,,,,,,,no_image
151024,Rigidoporus undatus,波状硬孔菌,,,,,,,no_image
2643,Ringicula shenzhenensis,深圳露齿螺,,,,,,,no_image
135399,Rinodina placynthielloides,胎座饼干衣,,,,,,,no_image
121860,Rinorea erianthera,毛蕊三角车,,,,,,,no_image
63275,Risoba diversipennis,前白长角皮夜蛾,,,,,,,no_image
63281,Rivellia asiatica,亚带广口蝇,,,,,,,no_image
11442,Robertus arundineti,芦苇罗伯蛛,,,,,,,no_image
121888,Roegneria zaquensis,扎曲鹅观草,,,,,,,no_image
131619,Roccella montagnei,,,,,,,,no_image
63311,Rohana parisatis,罗蛱蝶,,,,,,,no_image
121909,Rohdea lichuanensis,利川开口箭,,,,,,,no_image
81097,Rondeletia loricata,网肩龙氏鲸头鱼,,,,,,,no_image
63336,Ropalopus ruber,,,,,,,,no_image
63373,Ropronia rugifasciata,皱带窄腹细蜂,,,,,,,no_image
63353,Ropronia bimaculata,双斑窄腹细蜂,,,,,,,no_image
121934,Rorippa hengduanshanensis,横断山蔊菜,,,,,,,no_image
121965,Rosa chinensis,月季花,,,,,,,no_image
122035,Rosa ludingensis,泸定蔷薇,,,,,,,no_image
122003,Rosa grubovii,新疆蔷薇,,,,,,,no_image
122069,Rosa pseudobanksiae,粉蕾木香,,,,,,,no_image
122105,Rosa tomurensis,托木尔蔷薇,,,,,,,no_image
63393,Rosalia kubotai,,,,,,,,no_image
122121,Roscoea bhutanica,藏南象牙参,,,,,,,no_image
63409,Rostrolatum separatum,二叉喙瓢蜡蝉,,,,,,,no_image
144745,Rosellinia congesta,,,,,,,,no_image
81104,Rousettus leschenaultii,棕果蝠,,,,,,,no_image
18487,Rotaria macroceros,巨腊轮虫,,,,,,,no_image
6907,Roxasia rigida,僵硬散枝软珊瑚,,,,,,,no_image
122182,Rubia chitralensis,高原茜草,,,,,,,no_image
122204,Rubia podantha,柄花茜草,,,,,,,no_image
81107,Rubicundus taiwanae,台湾黏盲鳗,,,,,,,no_image
122244,Rubus aurantiacus,橘红悬钩子,,,,,,,no_image
122279,Rubus cochinchinensis,蛇藨筋,,,,,,,no_image
122319,Rubus fanjingshanensis,梵净山悬钩子,,,,,,,no_image
122391,Rubus irritans,紫色悬钩子,,,,,,,no_image
122351,Rubus gyamdaensis,柔毛悬钩子,,,,,,,no_image
122427,Rubus lishuiensis,丽水悬钩子,,,,,,,no_image
122485,Rubus pentagonus,掌叶悬钩子,,,,,,,no_image
122456,Rubus niveus,红藨刺藤,,,,,,,no_image
122567,Rubus subinopertus,紫红悬钩子,,,,,,,no_image
122536,Rubus refractus,曲萼悬钩子,,,,,,,no_image
13254,Rudakius wenshanensis,文山鲁氏蛛,,,,,,,no_image
63446,Rugilus fodens,,,,,,,,no_image
122599,Rubus wangii,大苞悬钩子,,,,,,,no_image
63426,Rufohammus rufescens,,,,,,,,no_image
63466,Rugilus wuyicus,,,,,,,,no_image
122640,Rumex maritimus,刺酸模,,,,,,,no_image
14791,Runcinia insecta,虫锯足蛛,,,,,,,no_image
5823,Rupellaria fabagella,豆形岩栖蛤,,,,,,,no_image
152327,Russula affinis,,,,,,,,no_image
152347,Russula brevipes,短柄红菇,,,,,,,no_image
152367,Russula cruentata,,,,,,,,no_image
152387,Russula flava,黄红菇,,,,,,,no_image
152407,Russula innocua,无害红菇,,,,,,,no_image
152427,Russula mariae,绒紫红菇,,,,,,,no_image
152447,Russula paludosa,沼泽红菇,,,,,,,no_image
152467,Russula punctipes,斑柄红菇,,,,,,,no_image
152487,Russula singaporensis,,,,,,,,no_image
16915,Sabacon cangshan,苍山鼓肢盲蛛,,,,,,,no_image
152507,Russula violacea,堇紫红菇,,,,,,,no_image
138893,Rutstroemia sydowiana,聚多蜡盘菌,,,,,,,no_image
6649,Sabatieria stenocephalum,尖头萨巴线虫,,,,,,,no_image
122710,Sabia yunnanensis,云南清风藤,,,,,,,no_image
122731,Sacciolepis indica,囊颖草,,,,,,,no_image
132090,Saccharata capensis,,,,,,,,no_image
139665,Saccobolus versicolor,变色集孢粪盘菌,,,,,,,no_image
122759,Sageretia liuzhouensis,柳州雀梅藤,,,,,,,no_image
152758,Sakaguchia dacryoidea,,,,,,,,no_image
122802,Salacia polysperma,多籽五层龙,,,,,,,no_image
122744,Sadiria yingjiangensis,盈江管金牛,,,,,,,no_image
63494,Sagittalata yuata,豫黑矢螳蛉,,,,,,,no_image
63513,Salignus duplicatus,柳棱额盲蝽,,,,,,,no_image
63528,Saliocleta margarethae,凹缘箩舟蛾,,,,,,,no_image
122821,Salix araeostachya,纤序柳,,,,,,,no_image
122845,Salix bouffordii,点苍柳,,,,,,,no_image
122874,Salix clathrata,栅枝垫柳,,,,,,,no_image
122899,Salix driophila,林柳,,,,,,,no_image
122927,Salix gordejevii,黄柳,,,,,,,no_image
122951,Salix integra,杞柳,,,,,,,no_image
122976,Salix lanifera,白毛柳,,,,,,,no_image
123001,Salix mesnyi,粤柳,,,,,,,no_image
123025,Salix obscura,毛坡柳,,,,,,,no_image
123054,Salix phanera,长叶柳,,,,,,,no_image
123079,Salix qinghaiensis,青海柳,,,,,,,no_image
123108,Salix sclerophylla,硬叶柳,,,,,,,no_image
123138,Salix staintoniana,椭圆叶柳,,,,,,,no_image
123167,Salix turczaninowii,蔓柳,,,,,,,no_image
123190,Salix zhegushanica,鹧鸪柳,,,,,,,no_image
12792,Salticus devotus,德沃特跳蛛,,,,,,,no_image
123194,Salsola austrotibetica,藏南猪毛菜,,,,,,,no_image
123227,Salvia brevilabra,短唇鼠尾草,,,,,,,no_image
123292,Salvia meiliensis,美丽鼠尾草,,,,,,,no_image
123266,Salvia fragarioides,草莓状鼠尾草,,,,,,,no_image
123324,Salvia qimenensis,祁门鼠尾草,,,,,,,no_image
123353,Salvia verbenaca,马鞭鼠尾草,,,,,,,no_image
123404,Sanicula rubriflora,红花变豆菜,,,,,,,no_image
81141,Samariscus japonicus,日本沙鲽,,,,,,,no_image
63553,Sangina singularis,桑瓢蜡蝉,,,,,,,no_image
63564,Saperda mariangelae,,,,,,,,no_image
63580,Saprinus addendus,阿登腐阎甲,,,,,,,no_image
63624,Sapromyza sexpunctata,六斑双鬃缟蝇,,,,,,,no_image
63635,Sarasaeschna minuta,侏儒沼蜓,,,,,,,no_image
63603,Saprinus quadriguttatus,侧斑腐阎甲,,,,,,,no_image
81149,Sarcocheilichthys lacustris,东北鳈,,,,,,,no_image
135138,Sarcogyne clavus,棍棒网盘衣,,,,,,,no_image
152656,Sarcodon fuligineoviolaceus,烟紫肉齿菌,,,,,,,no_image
7173,Sarcophyton crassocaule,厚柄肉芝软珊瑚,,,,,,,no_image
63658,Sarcorohdendorfia flavinervis,黄脉鬃麻蝇,,,,,,,no_image
140893,Sarcosoma thwaitesii,黄肉盘菌,,,,,,,no_image
81165,Sardinella lemuru,黄泽小沙丁鱼,,,,,,,no_image
140848,Sarcoscypha occidentalis,小红肉杯菌,,,,,,,no_image
81183,Sargocentron spinosissimum,大刺棘鳞鱼,,,,,,,no_image
63690,Sargus vandykei,万氏瘦腹水虻,,,,,,,no_image
81185,Sarkidiornis melanotos,瘤鸭,,,,,,,no_image
5182,Saron marmoratus,乳斑扫帚虾,,,,,,,no_image
8589,Sassia semitorta,半扭萨螺,,,,,,,no_image
63752,Sathrophyllia mirotibialis,胫突腐叶螽,,,,,,,no_image
81202,Saurida elongata,长体蛇鲻,,,,,,,no_image
81196,Satyrichthys moluccense,摩鹿加红鲂鮄,,,,,,,no_image
123480,Satyrium yunnanense,云南鸟足兰,,,,,,,no_image
81218,Saurogobio xiangjiangensis,湘江蛇&#x0000E068;,,,,,,,no_image
123516,Sauropus trinervius,三脉守宫木,,,,,,,no_image
123538,Saussurea apus,无梗风毛菊,,,,,,,no_image
123558,Saussurea bullockii,庐山风毛菊,,,,,,,no_image
123579,Saussurea columnaris,柱茎风毛菊,,,,,,,no_image
123601,Saussurea elata,高风毛菊,,,,,,,no_image
123621,Saussurea glandulosissima,极臭雪莲,,,,,,,no_image
123643,Saussurea huashanensis,华山风毛菊,,,,,,,no_image
123665,Saussurea khunjerabensis,红其拉甫雪兔子,,,,,,,no_image
123685,Saussurea leucoma,羽裂雪兔子,,,,,,,no_image
123745,Saussurea paxiana,红叶雪兔子,,,,,,,no_image
123725,Saussurea nigrescens,钝苞雪莲,,,,,,,no_image
123705,Saussurea megacephala,察隅风毛菊,,,,,,,no_image
123787,Saussurea pulvinata,甘青风毛菊,,,,,,,no_image
123765,Saussurea przewalskii,弯齿风毛菊,,,,,,,no_image
123809,Saussurea salwinensis,怒江风毛菊,,,,,,,no_image
123829,Saussurea souliei,披针叶风毛菊,,,,,,,no_image
123849,Saussurea tianshuiensis,天水风毛菊,,,,,,,no_image
123875,Saussurea wardii,川滇风毛菊,,,,,,,no_image
63800,Saussurella borneensis,加里曼丹股沟蚱,,,,,,,no_image
144396,Savoryella paucispora,,,,,,,,no_image
123927,Saxifraga cataphracta,铁甲虎耳草,,,,,,,no_image
123949,Saxifraga daqiaoensis,大桥虎耳草,,,,,,,no_image
123905,Saxifraga aurantiaca,橙黄虎耳草,,,,,,,no_image
123976,Saxifraga elatinoides,沟繁缕虎耳草,,,,,,,no_image
124033,Saxifraga imparilis,大字虎耳草,,,,,,,no_image
124002,Saxifraga glacialis,冰雪虎耳草,,,,,,,no_image
124053,Saxifraga ludingensis,泸定虎耳草,,,,,,,no_image
124079,Saxifraga nambulana,南布拉虎耳草,,,,,,,no_image
124104,Saxifraga peraristulata,川滇虎耳草,,,,,,,no_image
124130,Saxifraga sessiliflora,加查虎耳草,,,,,,,no_image
124158,Saxifraga subspathulata,近匙叶虎耳草,,,,,,,no_image
17543,Scabrotrophon lani,蓝氏糙饵螺,,,,,,,no_image
124185,Saxifraga viridipetala,绿瓣虎耳草,,,,,,,no_image
81230,Scalicus amiscus,须叉吻鲂鮄,,,,,,,no_image
124209,Scapania carinthiaca,厚边合叶苔,,,,,,,no_image
124229,Scapania karl-muelleri,克氏合叶苔,,,,,,,no_image
124253,Scapania subnimbosa,粗壮合叶苔,,,,,,,no_image
9036,Scapheremaeus digitatus,指突船甲螨,,,,,,,no_image
63841,Scaphidium dureli,,,,,,,,no_image
63883,Scaphidium vicinum,,,,,,,,no_image
63861,Scaphidium lunare,,,,,,,,no_image
63901,Scaphisoma cippum,,,,,,,,no_image
63942,Scaphisoma prostratum,,,,,,,,no_image
63922,Scaphisoma laevigatum,,,,,,,,no_image
63962,Scaphisoma unicolor,,,,,,,,no_image
63980,Scaphobaeocera molesta,,,,,,,,no_image
63997,Scaptodrosophila decipiens,华丽花果蝇,,,,,,,no_image
64017,Scaptodrosophila subacuticornis,急角脉花果蝇,,,,,,,no_image
64037,Scaptomyza unipunctum,,,,,,,,no_image
81251,Scarus ghobban,青点鹦嘴鱼,,,,,,,no_image
64063,Scatopsciara aberrantia,讹粪眼蕈蚊,,,,,,,no_image
64044,Scathophaga albidohirta,白毛粪蝇,,,,,,,no_image
144237,Scedosporium dehoogii,,,,,,,,no_image
124268,Scheuchzeria palustris,冰沼草,,,,,,,no_image
124265,Sceptridium robustum,粗壮阴地蕨,,,,,,,no_image
124303,Schisandra longipes,长柄五味子,,,,,,,no_image
124284,Schima sericans,贡山木荷,,,,,,,no_image
81270,Schismatogobius roxasi,罗氏裂身鰕虎,,,,,,,no_image
81278,Schistura caudofurca,叉尾南鳅,,,,,,,no_image
81300,Schistura niulanjiangensis,牛栏江南鳅,,,,,,,no_image
124342,Schistochila nuda,全缘狭瓣苔,,,,,,,no_image
124366,Schizopepon dioicus,湖北裂瓜,,,,,,,no_image
124356,Schizaea dichotoma,枝莎蕨,,,,,,,no_image
148144,Schizophyllum flabellare,,,,,,,,no_image
124386,Schizostachyum auriculatum,耳垂竹,,,,,,,no_image
9655,Schizotetranychus elongatus,,,,,,,,no_image
81330,Schizothorax argentatus,银色裂腹鱼,,,,,,,no_image
81370,Schizothorax pseudaksaiensis,伊犁裂腹鱼,,,,,,,no_image
124421,Schoenoplectiella mucronata,北水毛花,,,,,,,no_image
137057,Schmitzomia nivea,,,,,,,,no_image
81350,Schizothorax kozlovi,四川裂腹鱼,,,,,,,no_image
124442,Schoenoplectus supinus,,,,,,,,no_image
81396,Sciaenops ocellatus,眼斑拟石首鱼,,,,,,,no_image
64130,Schuelkelia unicornis,,,,,,,,no_image
81403,Scincella liangshanensis,凉山滑蜥,,,,,,,no_image
64150,Sciasmomyia decussata,叉影缟蝇,,,,,,,no_image
150569,Scindalma praetervisum,,,,,,,,no_image
150549,Scindalma curtisii,,,,,,,,no_image
124485,Scindapsus maclurei,海南藤芋,,,,,,,no_image
64173,Sciophila modesta,北美粘菌蚊,,,,,,,no_image
124507,Scleria jiangchengensis,江城珍珠茅,,,,,,,no_image
64181,Scirtetellus bianchii,毕氏迈盲蝽,,,,,,,no_image
124527,Sclerocarpus africanus,硬果菊,,,,,,,no_image
149544,Sclerogaster compactus,致密硬皮腹菌,,,,,,,no_image
149526,Scleroderma areolatum,网隙硬皮马勃,,,,,,,no_image
138996,Sclerotinia fructigena,仁果核盘菌,,,,,,,no_image
64201,Sclerophaedon orientalis,东方固猿叶甲,,,,,,,no_image
139016,Sclerotinia sclerotiorum,核盘菌,,,,,,,no_image
7128,Scolionema suvaense,似钩手水母,,,,,,,no_image
143351,Scolecobasidium constrictum,,,,,,,,no_image
81425,Scolopsis margaritifera,珠斑眶棘鲈,,,,,,,no_image
81445,Scopelarchus analis,柔珠目鱼,,,,,,,no_image
81439,Scomberomorus guttatus,斑点马鲛,,,,,,,no_image
648,Scopimera curtelson,短尾鼓窗蟹,,,,,,,no_image
81457,Scorpaena neglecta,斑鳍鲉,,,,,,,no_image
81477,Scorpaenopsis papuensis,红拟鲉,,,,,,,no_image
124563,Scorzonera sericeolanata,灰枝鸦葱,,,,,,,no_image
64252,Scotopteryx duplicata,矛掷尺蛾,,,,,,,no_image
124582,Scrophularia fargesii,长梗玄参,,,,,,,no_image
124602,Scrophularia przewalskii,青海玄参,,,,,,,no_image
1804,Scrupocellaria securifera,斧粗胞苔虫,,,,,,,no_image
124629,Scutellaria altaica,阿尔泰黄芩,,,,,,,no_image
124660,Scutellaria forrestii,灰岩黄芩,,,,,,,no_image
124686,Scutellaria lutescens,淡黄黄芩,,,,,,,no_image
124718,Scutellaria pingbienensis,屏边黄芩,,,,,,,no_image
124749,Scutellaria stenosiphon,狭管黄芩,,,,,,,no_image
124773,Scutellaria weishanensis,巍山黄芩,,,,,,,no_image
140697,Scutellinia crucipila,十字毛盾盘菌,,,,,,,no_image
155624,Scutellospora crenulata,圆齿盾巨孢囊霉,,,,,,,no_image
140717,Scutellinia phymatodeus,,,,,,,,no_image
81487,Scutiger bangdaensis,邦达齿突蟾,,,,,,,no_image
81506,Scutiger pingwuensis,平武齿突蟾,,,,,,,no_image
64277,Scydmaenus kiautunensis,,,,,,,,no_image
124788,Scyphiphora hydrophyllacea,瓶花木,,,,,,,no_image
64296,Scythropiodes oncinius,钩茎绢祝蛾,,,,,,,no_image
11947,Scytodes liui,刘氏花皮蛛,,,,,,,no_image
81517,Sebastapistes mauritiana,斑鳍鳞头鲉,,,,,,,no_image
124793,Secale segetale,脆轴黑麦,,,,,,,no_image
124806,Sedum actinocarpum,星果佛甲草,,,,,,,no_image
124828,Sedum didymocalyx,双萼景天,,,,,,,no_image
124851,Sedum franchetii,细叶山景天,,,,,,,no_image
124896,Sedum nanchuanense,金佛山景天,,,,,,,no_image
124872,Sedum kwanwuense,观雾佛甲草,,,,,,,no_image
124917,Sedum platysepalum,宽萼景天,,,,,,,no_image
124937,Sedum sinoglaciale,冰川景天,,,,,,,no_image
124967,Sedum wangii,德钦景天,,,,,,,no_image
19052,Seira boneti,,,,,,,,no_image
124996,Selaginella davidii,蔓出卷柏,,,,,,,no_image
124976,Selaginella aitchisonii,细枝卷柏,,,,,,,no_image
125017,Selaginella jiulongensis,九龙卷柏,,,,,,,no_image
125038,Selaginella pallidissima,平卷柏,,,,,,,no_image
125060,Selaginella sinensis,中华卷柏,,,,,,,no_image
125080,Selaginella xichouensis,西畴卷柏,,,,,,,no_image
141704,Selinia pulchra,,,,,,,,no_image
125099,Selliguea daweishanensis,大围山假瘤蕨,,,,,,,no_image
125121,Selliguea lungtauensis,龙头节肢蕨,,,,,,,no_image
125141,Selliguea taeniata,镰羽假瘤蕨,,,,,,,no_image
64331,Semachrysa yananica,延安饰草蛉,,,,,,,no_image
5447,Semelangulus hungerfordi,韩氏神角蛤,,,,,,,no_image
64342,Semidalis biprojecta,双突重粉蛉,,,,,,,no_image
64356,Semiotellus nudus,光室糙刻金小蜂,,,,,,,no_image
125191,Senecio cinarifolius,瓜叶千里光,,,,,,,no_image
125213,Senecio liangshanensis,凉山千里光,,,,,,,no_image
125238,Senecio stauntonii,闽粤千里光,,,,,,,no_image
125257,Senegalia macrocephala,大头藤儿茶,,,,,,,no_image
125278,Senna auriculata,耳叶决明,,,,,,,no_image
64363,Senometopia clara,亮裸基寄蝇,,,,,,,no_image
64383,Senometopia ridibunda,宽尾裸基寄蝇,,,,,,,no_image
64403,Senotainia xizangensis,西藏赛蜂麻蝇,,,,,,,no_image
64415,Sepedophilus aequalis,,,,,,,,no_image
64435,Sepedophilus yasutoshii,,,,,,,,no_image
154614,Septobasidium conidiophorum,菌丝状隔担菌,,,,,,,no_image
64460,Sepsis punctum,螯斑鼓翅蝇,,,,,,,no_image
154634,Septobasidium pseudopedicellatum,,,,,,,,no_image
143389,Septoria ampelopsidis-heterophyllae,,,,,,,,no_image
143409,Septoria cannabis,,,,,,,,no_image
143449,Septoria flagellaris,,,,,,,,no_image
143429,Septoria crataegi,,,,,,,,no_image
143469,Septoria lactucae,,,,,,,,no_image
143489,Septoria padi,,,,,,,,no_image
143509,Septoria potentillica,,,,,,,,no_image
143529,Septoria taraxaci,,,,,,,,no_image
143549,Septoriella trachycarpa,,,,,,,,no_image
64473,Sergentomyia fupingensis,富平司蛉,,,,,,,no_image
64493,Sergentomyia squamirostris,鳞喙司蛉,,,,,,,no_image
64512,Sericomyia khamensis,康丝蚜蝇,,,,,,,no_image
6483,Sergia bigemmea,短樱虾,,,,,,,no_image
64518,Serixia aurescens,,,,,,,,no_image
6384,Serratovola tricarnatus,三棱锯齿扇贝,,,,,,,no_image
7692,Sertularella tenella,细巧小桧叶螅,,,,,,,no_image
64545,Sesamia uniformis,蔗蛀茎夜蛾,,,,,,,no_image
125327,Seseli nortonii,西藏西风芹,,,,,,,no_image
125339,Setaria chondrachne,莩草,,,,,,,no_image
81562,Setipinna tenuifilis,黄鲫,,,,,,,no_image
2608,Seulocia vittata,带纹化玉蟹,,,,,,,no_image
64564,Shachia eingana,艾涟舟蛾,,,,,,,no_image
635,Shenius anomalus,异常沈氏蟹,,,,,,,no_image
125379,Shibataea nanpingensis,南平倭竹,,,,,,,no_image
125386,Shivparvatia glanduligera,独缀草,,,,,,,no_image
64598,Siagonium miyamotoi,,,,,,,,no_image
12701,Siamspinops formosensis,台湾泰角蛛,,,,,,,no_image
125414,Sibiraea laevigata,鲜卑花,,,,,,,no_image
125435,Sida quinquevalvacea,五爿黄花棯,,,,,,,no_image
15982,Sichotanus eurygaster,,,,,,,,no_image
721,Sicyonia lancifer,披针单肢虾,,,,,,,no_image
64644,Sieboldius alexanderi,亚力施春蜓,,,,,,,no_image
81581,Siganus fuscescens,褐篮子鱼,,,,,,,no_image
16018,Sigipinius montanus,,,,,,,,no_image
64664,Silba fragranti,香山双鬃尖尾蝇,,,,,,,no_image
125457,Silene baccifera,狗筋蔓,,,,,,,no_image
125501,Silene holosteifolia,硬骨草叶蝇子草,,,,,,,no_image
125529,Silene lineariloba,线瓣蝇子草,,,,,,,no_image
125479,Silene dawoensis,道孚蝇子草,,,,,,,no_image
125553,Silene oblanceolata,倒披针叶蝇子草,,,,,,,no_image
125595,Silene wardii,林芝蝇子草,,,,,,,no_image
125573,Silene rubricalyx,红萼蝇子草,,,,,,,no_image
125602,Siliquamomum tonkinense,长果姜,,,,,,,no_image
81612,Silurus lanzhouensis,兰州鲇,,,,,,,no_image
125603,Silvianthus bracteatus,蜘蛛花,,,,,,,no_image
64701,Similosodus chinensis,,,,,,,,no_image
64714,Simulium altayense,阿勒泰绳蚋,,,,,,,no_image
64734,Simulium bidentatum,双齿蚋,,,,,,,no_image
64794,Simulium heishuiense,黑水山蚋,,,,,,,no_image
64774,Simulium falcoe,猎鹰纺蚋,,,,,,,no_image
64754,Simulium curvastylum,曲端绳蚋,,,,,,,no_image
64814,Simulium jilinense,吉林纺蚋,,,,,,,no_image
64834,Simulium lichuanense,利川蚋,,,,,,,no_image
64854,Simulium mediaxisus,中柱蚋,,,,,,,no_image
64874,Simulium ningxiaense,宁夏纺蚋,,,,,,,no_image
64894,Simulium pinnatum,翼骨维蚋,,,,,,,no_image
64914,Simulium quinquestriatum,五条蚋,,,,,,,no_image
64954,Simulium taiwanicum,台湾蚋,,,,,,,no_image
64974,Simulium uchidai,内田纺蚋,,,,,,,no_image
64934,Simulium shandongense,山东纺蚋,,,,,,,no_image
64994,Simulium xinbinen,新宾蚋,,,,,,,no_image
125607,Sinacalia davidii,双花华蟹甲,,,,,,,no_image
65035,Sinarella nigrisigna,黑斑辛夜蛾,,,,,,,no_image
125610,Sinadoxa corydalifolia,华福花,,,,,,,no_image
65042,Sinesarima pannosa,平华萨瓢蜡蝉,,,,,,,no_image
19019,Sinella sineocula,,,,,,,,no_image
19114,Sinella hexaseta,,,,,,,,no_image
17082,Sinicovothylax chujiangensis,曲江华袋吸虫,,,,,,,no_image
125618,Singchia malipoensis,心启兰,,,,,,,no_image
16195,Sinocallipus simplipodicus,简肢华美肢马陆,,,,,,,no_image
125627,Sinobambusa nephroaurita,肾耳唐竹,,,,,,,no_image
81636,Siniperca undulata,波纹鳜,,,,,,,no_image
125643,Sinocarum muliense,木里小芹,,,,,,,no_image
65104,Sinochlora semicircula,半圆华绿螽,,,,,,,no_image
65116,Sinocnemis yangbingi,杨氏华山蟌,,,,,,,no_image
81641,Sinocyclocheilus altishoulderus,高肩金线鲃,,,,,,,no_image
12475,Sinocoelotes yanyuanensis,盐源华隙蛛,,,,,,,no_image
81661,Sinocyclocheilus guilinensis,桂林金线鲃,,,,,,,no_image
81701,Sinocyclocheilus tingi,抚仙金线鲃,,,,,,,no_image
81681,Sinocyclocheilus macroscalus,陆良金线鲃,,,,,,,no_image
18773,Sinodicranocentrus similis,,,,,,,,no_image
12395,Sinodraconarius cawarongensis,察瓦龙华龙隙蛛,,,,,,,no_image
81715,Sinogastromyzon nanpanjiangensis,南盘江华吸鳅,,,,,,,no_image
12859,Sinoinsula curva,曲华岛蛛,,,,,,,no_image
16030,Sinomorpha setosa,,,,,,,,no_image
125695,Sinojohnstonia henanensis,河南车前紫草,,,,,,,no_image
3636,Sinonovacula constricta,缢蛏,,,,,,,no_image
65174,Sinophasma guangdongensis,广东华枝䗛,,,,,,,no_image
65195,Sinopidonia splendida,,,,,,,,no_image
13432,Sinopoda dehiscens,裂华遁蛛,,,,,,,no_image
13439,Sinopoda longshan,龙山华遁蛛,,,,,,,no_image
65209,Sinopodisma shirakii,素木蹦蝗,,,,,,,no_image
13386,Sinopoda undata,波状华遁蛛,,,,,,,no_image
125726,Sinosenecio eriopodus,毛柄蒲儿根,,,,,,,no_image
125709,Sinosasa gracilis,纤细华赤竹,,,,,,,no_image
125748,Sinosenecio oldhamianus,蒲儿根,,,,,,,no_image
125768,Sinosenecio yaanensis,雅安蒲儿根,,,,,,,no_image
81729,Sinosuthora alphonsiana,灰喉鸦雀,,,,,,,no_image
65235,Sinotmethis amicus,友谊华癞蝗,,,,,,,no_image
7219,Sinularia capillosa,毛指软珊瑚,,,,,,,no_image
7239,Sinularia leptoclados,小枝指软珊瑚,,,,,,,no_image
6144,Sinurothoe armatus,武装华尾钩虾,,,,,,,no_image
125787,Siphonocladus tropicus,热带管枝藻,,,,,,,no_image
7196,Sinularia renei,任氏指软珊瑚,,,,,,,no_image
137345,Siphula pteruloides,翅白角衣,,,,,,,no_image
65275,Sipylus auriculatus,丫纹楔角蝉,,,,,,,no_image
2975,Siriella wadai,和田节糠虾,,,,,,,no_image
125797,Sisymbriopsis mollipila,绒毛假蒜芥,,,,,,,no_image
65281,Sisyra yunana,云水蛉,,,,,,,no_image
81767,Sitta frontalis,绒额䴓,,,,,,,no_image
150937,Skeletocutis amorpha,异干皮孔菌,,,,,,,no_image
65295,Skeloceras transversum,横虞索金小蜂,,,,,,,no_image
125841,Sloanea dasycarpa,膜叶猴欢喜,,,,,,,no_image
125860,Smelowskia annua,中亚羽裂叶荠,,,,,,,no_image
65308,Smetanaetha taiwanicola,,,,,,,,no_image
125876,Smilax bapouensis,巴坡菝葜,,,,,,,no_image
125898,Smilax elongatoumbellata,台湾菝葜,,,,,,,no_image
125920,Smilax longiflora,长花肖菝葜,,,,,,,no_image
125942,Smilax ovalifolia,卵叶菝葜,,,,,,,no_image
125965,Smilax trinervula,三脉菝葜,,,,,,,no_image
19203,Sminthurinus pekinensis,,,,,,,,no_image
65329,Smittia niitakana,玉山施密摇蚊,,,,,,,no_image
65334,Snellentia divaricata,天舟蛾,,,,,,,no_image
125985,Sohmaea hispida,粗硬毛拿身草,,,,,,,no_image
126002,Solanum griffithii,膜萼茄,,,,,,,no_image
126022,Solanum procumbens,海南茄,,,,,,,no_image
4537,Solariella nanshaensis,南沙小阳螺,,,,,,,no_image
5538,Solen aureomawculatus,耳竹蛏,,,,,,,no_image
147321,Solenia endophila,,,,,,,,no_image
126048,Solenostoma appressifolium,圆叶管口苔,,,,,,,no_image
126068,Solenostoma grollei,古氏管口苔,,,,,,,no_image
126088,Solenostoma pusillum,小叶管口苔,,,,,,,no_image
126111,Solenostoma zengii,曾氏管口苔,,,,,,,no_image
3887,Soletellina virescens,绿紫蛤,,,,,,,no_image
126120,Solieria tenuis,细弱红翎菜,,,,,,,no_image
126135,Solms-laubachia kashgarica,新疆芥,,,,,,,no_image
126155,Solms-laubachia zhongdianensis,中甸丛菔,,,,,,,no_image
65360,Solva hubensis,湖北粗腿木虻,,,,,,,no_image
65381,Somatochlora dido,绿金光伪蜻,,,,,,,no_image
126163,Sonerila cantonensis,蜂斗草,,,,,,,no_image
65409,Sophonia Cai,剑突拟隐脉叶蝉,,,,,,,no_image
16736,Songthela mangshan,莽山宋蛛,,,,,,,no_image
65422,Sophonia orientalis,东方拟隐脉叶蝉,,,,,,,no_image
126192,Sophora flavescens,苦参,,,,,,,no_image
126220,Sopubia menglianensis,孟连短冠草,,,,,,,no_image
126249,Sorbus cibagouensis,慈巴沟花楸,,,,,,,no_image
126274,Sorbus glabriuscula,秃净花楸,,,,,,,no_image
126300,Sorbus macrantha,大花花楸,,,,,,,no_image
81801,Sorex bedfordiae,小纹背鼩鼱,,,,,,,no_image
126324,Sorbus prunifolia,李叶花楸,,,,,,,no_image
126353,Sorbus tenuis,细枝花楸,,,,,,,no_image
126382,Sorghum nitidum,光高粱,,,,,,,no_image
126386,Soroseris erysimoides,空桶参,,,,,,,no_image
154753,Sorosporium holstii,,,,,,,,no_image
126392,Southbya gollanii,圆叶横叶苔,,,,,,,no_image
65455,Spaelotis ravida,矛夜蛾,,,,,,,no_image
65478,Spallanzania sillemi,西利飞跃寄蝇,,,,,,,no_image
65503,Sparganothis pilleriana,葡萄长须卷蛾,,,,,,,no_image
65501,Spaniolinus yoshimotoi,,,,,,,,no_image
65507,Spatalia decorata,德金舟蛾,,,,,,,no_image
126414,Spathoglottis pubescens,苞舌兰,,,,,,,no_image
65526,Spathulina acroleuca,端匙斑实蝇,,,,,,,no_image
142246,Spegazzinia deightonii,,,,,,,,no_image
2193,Spengleria mytiloides,贻形开腹蛤,,,,,,,no_image
126434,Spergularia diandra,二蕊牛漆姑,,,,,,,no_image
141653,Spermosporina sagittariae,,,,,,,,no_image
152990,Sphacelotheca hainanae,,,,,,,,no_image
153010,Sphacelotheca polygoni-senticosi,,,,,,,,no_image
126448,Sphaeranthus indicus,绒毛戴星草,,,,,,,no_image
149878,Sphaerobolus stellatus,星状弹球菌,,,,,,,no_image
65580,Sphaerocera curvipes,弯刺小粪蝇,,,,,,,no_image
65587,Sphaeromias connexus,连结球蠓,,,,,,,no_image
65602,Sphaerophoria changanensis,长安细腹蚜蝇,,,,,,,no_image
65622,Sphaerophoria vockerothi,沃氏细腹蚜蝇,,,,,,,no_image
140751,Sphaerospora hinnulea,淡褐球孢盘菌,,,,,,,no_image
138189,Sphaerotheca lini,亚麻单囊壳,,,,,,,no_image
1103,Sphaerosyllis pirifera,特猬球裂虫,,,,,,,no_image
81846,Sphagemacrurus decimalis,菲律宾短吻长尾鳕,,,,,,,no_image
126501,Sphagnum portoricense,异叶泥炭藓,,,,,,,no_image
126479,Sphagnum fuscum,锈色泥炭藓,,,,,,,no_image
65628,Sphegigaster beijingensis,北京斯夫金小蜂,,,,,,,no_image
65648,Sphegina latifrons,宽额棒腹蚜蝇,,,,,,,no_image
126517,Sphenodesme floribunda,多花楔翅藤,,,,,,,no_image
81854,Sphenomorphus luelaiorum,吕赖氏蜓蜥,,,,,,,no_image
15462,Sphingius scrobiculatus,凹斯芬蛛,,,,,,,no_image
65703,Sphingonotus obscuratus,,,,,,,,no_image
65725,Sphiximorpha polista,蜂腰角蚜蝇,,,,,,,no_image
81869,Sphyraena qenie,暗鳍魣,,,,,,,no_image
65741,Spilarctia comma,小斑污灯蛾,,,,,,,no_image
65765,Spilarctia subcarnea,人纹污灯蛾,,,,,,,no_image
65785,Spilogona changbaishanensis,长白山点池蝇,,,,,,,no_image
65826,Spilogona sublitorea,似海滨点池蝇,,,,,,,no_image
65806,Spilogona minutiocula,小眼点池蝇,,,,,,,no_image
65846,Spilomyia sulphurea,黄腹斑胸蚜蝇,,,,,,,no_image
65860,Spilosoma extrema,强斑雪灯蛾,,,,,,,no_image
65872,Spinaria fuscipennis,暗翅刺茧蜂,,,,,,,no_image
65894,Spinimegopis nepalensis,,,,,,,,no_image
14462,Spinirta qiaoliaoensis,桥料刺突蛛,,,,,,,no_image
81894,Spinus thibetanus,藏黄雀,,,,,,,no_image
126547,Spiradiclis ferruginea,锈茎螺序草,,,,,,,no_image
126567,Spiradiclis microcarpa,小果螺序草,,,,,,,no_image
126587,Spiradiclis xizangensis,西藏螺序草,,,,,,,no_image
126623,Spiraea dahurica,窄叶绣线菊,,,,,,,no_image
126704,Spiraea rosthornii,南川绣线菊,,,,,,,no_image
126665,Spiraea lichiangensis,丽江绣线菊,,,,,,,no_image
126738,Spiraea xizangensis,西藏绣线菊,,,,,,,no_image
12269,Spiricoelotes zonatus,带旋隙蛛,,,,,,,no_image
126748,Splachnobryum aquaticum,大短壶藓,,,,,,,no_image
65921,Spodoptera cilium,圆灰翅夜蛾,,,,,,,no_image
8311,Spongicola goyi,高氏俪虾,,,,,,,no_image
3384,Spondylus castus,白海菊蛤,,,,,,,no_image
143573,Sporendonema purpurascens,,,,,,,,no_image
143582,Sporidesmium coffeicola,,,,,,,,no_image
143602,Sporidesmium matsushimae,,,,,,,,no_image
143622,Sporidesmium tropicale,,,,,,,,no_image
155004,Sporisorium caledonicum,黄茅穗孢堆黑粉菌,,,,,,,no_image
155024,Sporisorium kweichowense,贵州孢堆黑粉菌,,,,,,,no_image
126782,Sporobolus wallichii,瓦丽鼠尾粟,,,,,,,no_image
155044,Sporisorium reticulatum,,,,,,,,no_image
144262,Sporothrix chondracris,,,,,,,,no_image
81905,Springerichthys bapturus,黑尾史氏三鳍鳚,,,,,,,no_image
136620,Squamarina lentigera,条斑鳞茶渍,,,,,,,no_image
81911,Squalidus intermedius,中间银&#x0000E068;,,,,,,,no_image
65944,Srilankamyia prolixus,伸长腹节长足虻,,,,,,,no_image
142231,Stachybotrys sansevieriae,,,,,,,,no_image
81928,Stachyris humei,黑胸楔嘴穗鹛,,,,,,,no_image
126844,Stachys sylvatica,林地水苏,,,,,,,no_image
133826,Stagonospora tornensis,,,,,,,,no_image
143630,Stanjehughesia fusiformis,,,,,,,,no_image
81941,Staphida castaniceps,栗耳凤鹛,,,,,,,no_image
65978,Statherotoxys hedraea,白江小卷蛾,,,,,,,no_image
126887,Staurochilus luchuensis,豹纹掌唇兰,,,,,,,no_image
126904,Staurogyne strigosa,琼海叉柱花,,,,,,,no_image
11489,Steatoda hui,胡氏肥腹蛛,,,,,,,no_image
134779,Staurothele fauriei,法氏矮疣衣,,,,,,,no_image
11624,Steatoda xishuiensis,习水肥腹蛛,,,,,,,no_image
151910,Steccherinum subglobosum,亚圆孢齿耳,,,,,,,no_image
66030,Stegana convergens,直脉冠果蝇,,,,,,,no_image
66010,Stegana adentata,缺齿冠果蝇,,,,,,,no_image
66050,Stegana hirtipenis,毛茎冠果蝇,,,,,,,no_image
66070,Stegana melanocheilota,黑唇冠果蝇,,,,,,,no_image
66090,Stegana otocondyloda,耳突冠果蝇,,,,,,,no_image
66110,Stegana shennongi,神农冠果蝇,,,,,,,no_image
66130,Stegana xuei,薛氏冠果蝇,,,,,,,no_image
126909,Stegnogramma mingchegensis,闽浙圣蕨,,,,,,,no_image
66141,Steleocerellus singularis,单剑芒秆蝇,,,,,,,no_image
126981,Stellaria salicifolia,柳叶繁缕,,,,,,,no_image
126928,Stellaria congestiflora,密花繁缕,,,,,,,no_image
126958,Stellaria mainlingensis,米林繁缕,,,,,,,no_image
11584,Stemmops nigrabdomenus,黑腹斯蛛,,,,,,,no_image
66158,Stempellinella apicula,短尖拟花托摇蚊,,,,,,,no_image
134129,Stemphylium momordi,,,,,,,,no_image
10165,Stenacis thunbergii,,,,,,,,no_image
66174,Stenatkina angustata,角突长冠叶蝉,,,,,,,no_image
81955,Stenella longirostris,飞旋原海豚,,,,,,,no_image
66211,Stenhomalus tetricus,,,,,,,,no_image
66231,Stenischia montanis,高山狭臀蚤,,,,,,,no_image
66251,Stenochironomus gibbus,格布狭摇蚊,,,,,,,no_image
66268,Stenocorus lepturoides,,,,,,,,no_image
66288,Stenocranus rufilinearis,赤条长突飞虱,,,,,,,no_image
66307,Stenodema longula,长狭盲蝽,,,,,,,no_image
66327,Stenodes jaculana,沙果窄纹卷蛾,,,,,,,no_image
15566,Stenohya arcuata,弓形狭伪蝎,,,,,,,no_image
66355,Stenomalina epistena,埃纤金小蜂,,,,,,,no_image
66375,Stenomastax platygaster,,,,,,,,no_image
8716,Stenoplax alatus,长形石鳖,,,,,,,no_image
66414,Stenoponia polyspina,多刺狭蚤,,,,,,,no_image
127012,Stenotaphrum secundatum,侧钝叶草,,,,,,,no_image
66445,Stenus alienus,,,,,,,,no_image
66466,Stenus atrovestis,,,,,,,,no_image
66489,Stenus bohemicus,,,,,,,,no_image
66510,Stenus cirratitunicatus,,,,,,,,no_image
66530,Stenus coelogaster,,,,,,,,no_image
66552,Stenus damingshanus,,,,,,,,no_image
66572,Stenus electristigma,,,,,,,,no_image
66594,Stenus flavohumeralis,,,,,,,,no_image
66614,Stenus guniujiangensis,,,,,,,,no_image
66634,Stenus huanghaoi,,,,,,,,no_image
66654,Stenus jaccoudi,,,,,,,,no_image
66674,Stenus lanuginosipes,,,,,,,,no_image
66696,Stenus maculifer,,,,,,,,no_image
66720,Stenus montifactus,,,,,,,,no_image
66740,Stenus nitidulus,,,,,,,,no_image
66763,Stenus permodestus,,,,,,,,no_image
66783,Stenus persubtilis,,,,,,,,no_image
66826,Stenus ruginosus,,,,,,,,no_image
66805,Stenus pubiformis,,,,,,,,no_image
66846,Stenus separandus,,,,,,,,no_image
66866,Stenus subligurifer,,,,,,,,no_image
66886,Stenus tonghanggangus,,,,,,,,no_image
66906,Stenus vinnulus,,,,,,,,no_image
66946,Stenygrinum quadrinotatum,,,,,,,,no_image
66926,Stenus xuemontium,,,,,,,,no_image
127055,Stephania subpeltata,西南千金藤,,,,,,,no_image
66947,Stephanothrips formosanus,台湾冠管蓟马,,,,,,,no_image
127032,Stephania glandulifera,腺萼千金藤,,,,,,,no_image
127075,Sterculia lanceolata,假苹婆,,,,,,,no_image
136630,Stereocaulon botryosum,串束珊瑚枝,,,,,,,no_image
136650,Stereocaulon paschale,复活节珊瑚枝,,,,,,,no_image
127091,Stereochilus laxus,绿春坚唇兰,,,,,,,no_image
152576,Stereum abietinum,冷杉笋革菌,,,,,,,no_image
152596,Stereum ochroleucum,长毛韧革菌,,,,,,,no_image
152616,Stereum vellereum,绵毛韧革菌,,,,,,,no_image
81977,Sternoptyx diaphana,褶胸鱼,,,,,,,no_image
127104,Steudnera colocasiifolia,泉七,,,,,,,no_image
127125,Stewartia sichuanensis,四川折柄茶,,,,,,,no_image
66973,Stibadocerella formosensis,台湾合脉烛大蚊,,,,,,,no_image
7775,Stichopathes bournei,少刺纵列黑珊瑚,,,,,,,no_image
67005,Stichophthalma nourmahal,心斑箭环蝶,,,,,,,no_image
137208,Sticta gracilis,柄扇牛皮叶,,,,,,,no_image
137065,Stictis hydrangeae,八仙花点盘菌,,,,,,,no_image
67030,Stictomischus fortis,壮刻柄金小蜂,,,,,,,no_image
5647,Stigmaulax kushime,纵肋玉螺,,,,,,,no_image
9559,Stigmaeopsis celarius,,,,,,,,no_image
67064,Stilicoderus birmanus,,,,,,,,no_image
67084,Stilicoderus maolini,,,,,,,,no_image
67103,Stilobezzia baojia,宝鸡柱蠓,,,,,,,no_image
67123,Stilobezzia lijiangi,李江柱蠓,,,,,,,no_image
127147,Stimpsonia nanlingensis,南岭假婆婆纳,,,,,,,no_image
127171,Stipa penicillata,疏花针茅,,,,,,,no_image
14683,Stiphropus ocellatus,眼斑壮蟹蛛,,,,,,,no_image
12644,Stoliczka affinis,近亲斯盗蛛,,,,,,,no_image
3576,Stomopneustes variolaris,口鳃海胆,,,,,,,no_image
67193,Stratiomys longicornis,长角水虻,,,,,,,no_image
13504,Storenomorpha hongfuchui,弘复斯托蛛,,,,,,,no_image
67177,Strangalomorpha tenuis,绿翅宽尾花天牛,,,,,,,no_image
67232,Streblocera lienhuachihensis,莲花池长柄茧蜂,,,,,,,no_image
67212,Streblocera curta,短脊长柄茧蜂,,,,,,,no_image
67252,Streblocera tayulingensis,大禹岭长柄茧蜂,,,,,,,no_image
127211,Streptoechites chinensis,泥藤,,,,,,,no_image
67266,Striatanus dentatus,齿突皱背叶蝉,,,,,,,no_image
5265,Strigopagurus boreonotus,白斑声纹寄居蟹,,,,,,,no_image
127222,Striga crispata,大武独脚金,,,,,,,no_image
134209,Strigula subelegans,,,,,,,,no_image
127235,Strobilanthes atropurpurea,翅柄马蓝,,,,,,,no_image
127259,Strobilanthes cystolithigera,串花马蓝,,,,,,,no_image
127282,Strobilanthes glandibracteata,腺苞金足草,,,,,,,no_image
127305,Strobilanthes latisepalus,薄萼马蓝,,,,,,,no_image
127325,Strobilanthes ovata,滇西马蓝,,,,,,,no_image
127345,Strobilanthes rostrata,西畴马蓝,,,,,,,no_image
127365,Strobilanthes thomsonii,汤氏马蓝,,,,,,,no_image
149277,Strobilomyces glabellus,裸皱松塔牛肝菌,,,,,,,no_image
127379,Strobocalyx bockiana,南川斑鸠菊,,,,,,,no_image
67291,Strobilomyia infrequens,稀球果花蝇,,,,,,,no_image
10794,Strombus dilatatus,展凤螺,,,,,,,no_image
10821,Strombus thersites,方唇凤螺,,,,,,,no_image
67311,Strongylophthalmyia crinita,多毛圆目蝇,,,,,,,no_image
148359,Stropharia albonitens,白亮球盖菇,,,,,,,no_image
148379,Stropharia rugosoannulata,大球盖菇,,,,,,,no_image
67322,Struebingianella detecta,裸露岐飞虱,,,,,,,no_image
67328,Strysopha postmaculosa,两色颚苔蛾,,,,,,,no_image
67337,Stylogomphus lawrenceae,劳伦斯尖尾春蜓,,,,,,,no_image
8114,Stylaster sanguineus,艳红柱星螅,,,,,,,no_image
9496,Stylophoronychus baghensis,,,,,,,,no_image
67361,Stylotermes jinyunicus,缙云杆白蚁,,,,,,,no_image
67381,Stylotermes xichangensis,西昌杆白蚁,,,,,,,no_image
127438,Styrax benzoides,滇南安息香,,,,,,,no_image
127464,Styrax macrocarpus,大果安息香,,,,,,,no_image
67403,Styringomyia nipponensis,日本香大蚊,,,,,,,no_image
127494,Suaeda microphylla,小叶碱蓬,,,,,,,no_image
67419,Suarius sphenochilus,模唇俗草蛉,,,,,,,no_image
67441,Subulipalpus myrmecophilus,,,,,,,,no_image
9310,Suctobelbella sinica,中华小盾珠甲螨,,,,,,,no_image
67429,Subibulbistridulous gracilis,细尾拟鼓鸣螽,,,,,,,no_image
149587,Suillus collinitus,褐乳牛肝菌,,,,,,,no_image
67447,Suillia incognita,舒日蝇,,,,,,,no_image
149607,Suillus occidentalis,西方乳牛肝菌,,,,,,,no_image
149627,Suillus thibetanus,西藏乳牛肝菌,,,,,,,no_image
67468,Suinzona monticola,高山梭形叶甲,,,,,,,no_image
67492,Sumpigaster sumatrensis,苏门瘦腹寄蝇,,,,,,,no_image
67483,Sulcicnephia undecimata,十一畦克蚋,,,,,,,no_image
127524,Sunipia hainanensis,海南大苞兰,,,,,,,no_image
67507,Suphalomitus nigrilabiatus,黑唇苏蝶角蛉,,,,,,,no_image
67518,Susica sinensis,华素刺蛾,,,,,,,no_image
127539,Swertia arisanensis,阿里山獐牙菜,,,,,,,no_image
127564,Swertia emeiensis,峨眉獐牙菜,,,,,,,no_image
127588,Swertia macrosperma,大籽獐牙菜,,,,,,,no_image
127614,Swertia racemosa,藏獐牙菜,,,,,,,no_image
127637,Swertia younghusbandii,少花獐牙菜,,,,,,,no_image
67544,Sybistroma fanjingshanus,梵净山粗柄长足虻,,,,,,,no_image
67567,Sybra chaffanjoni,,,,,,,,no_image
67589,Sybrocentrura ropicoides,,,,,,,,no_image
82099,Symbolophorus evermanni,埃氏标灯鱼,,,,,,,no_image
82086,Sylvia atricapilla,黑顶林莺,,,,,,,no_image
127651,Sympegma regelii,合头藜,,,,,,,no_image
127658,Symphyodon echinatus,长刺刺果藓,,,,,,,no_image
67643,Sympetrum parvulum,姬赤蜻,,,,,,,no_image
82101,Symphorichthys spilurus,帆鳍笛鲷,,,,,,,no_image
67675,Sympiesis ringoniellae,金纹细蛾羽角姬小蜂,,,,,,,no_image
67695,Symplecta tridenticulata,三齿滨合大蚊,,,,,,,no_image
127690,Symplocos crassilimba,厚叶山矾,,,,,,,no_image
127714,Symplocos paucinervia,少脉山矾,,,,,,,no_image
127736,Symplocos xylopyrena,木核山矾,,,,,,,no_image
82114,Synagrops philippinensis,菲律宾尖牙鲈,,,,,,,no_image
12765,Synagelides logunovi,罗氏合跳蛛,,,,,,,no_image
67713,Sympycnus tener,娇嫩合长足虻,,,,,,,no_image
1340,Synalpheus stimpsonii,斯氏合鼓虾,,,,,,,no_image
127739,Syncalathium disciforme,盘状合头菊,,,,,,,no_image
18458,Synchaeta arcifera,弯体疣毛轮虫,,,,,,,no_image
82131,Synchiropus morrisoni,莫氏连鳍[鱼衔],,,,,,,no_image
67727,Syndiamesa yosiii,尤氏同寡角摇蚊,,,,,,,no_image
67738,Syndyas sinensis,中华隐脉驼舞虻,,,,,,,no_image
67778,Syneches zhejiangensis,浙江柄驼舞虻,,,,,,,no_image
67781,Syngamoptera amurensis,黑龙江合夜蝇,,,,,,,no_image
67758,Syneches latus,宽端柄驼舞虻,,,,,,,no_image
82141,Synodus dermatogenys,革狗母鱼,,,,,,,no_image
67796,Synorthocladius semivirens,半青同直突摇蚊,,,,,,,no_image
127776,Synotis glomerata,聚花合耳菊,,,,,,,no_image
127796,Synotis rufinervis,红脉合耳菊,,,,,,,no_image
67799,Syntherata loepoides,树大蚕蛾,,,,,,,no_image
127822,Syntrichia princeps,大赤藓,,,,,,,no_image
67816,Syntormon pallipes,浅色嵌长足虻,,,,,,,no_image
67848,Syntypistis sinope,希胯舟蛾,,,,,,,no_image
67869,Sypnoides hoenei,连线析夜蛾,,,,,,,no_image
127829,Syringa komarowii,西蜀丁香,,,,,,,no_image
82163,Syrmaticus mikado,黑长尾雉,,,,,,,no_image
82165,Syrrhaptes paradoxus,毛腿沙鸡,,,,,,,no_image
8405,Syscenus latus,细边窄腹水虱,,,,,,,no_image
67930,Systropus acuminatus,黑柄姬蜂虻,,,,,,,no_image
67970,Systropus jianyanganus,建阳姬蜂虻,,,,,,,no_image
67950,Systropus eurypterus,宽翅姬蜂虻,,,,,,,no_image
67990,Systropus submixtus,三突姬蜂虻,,,,,,,no_image
127881,Syzygium araiocladum,线枝蒲桃,,,,,,,no_image
127926,Syzygium kwangtungense,广东蒲桃,,,,,,,no_image
127904,Syzygium euonymifolium,卫矛叶蒲桃,,,,,,,no_image
127948,Syzygium samarangense,洋蒲桃,,,,,,,no_image
154641,Syzygospora nivalis,,,,,,,,no_image
68016,Tabanus baohaii,保海虻,,,,,,,no_image
68038,Tabanus chinensis,中国虻,,,,,,,no_image
68058,Tabanus fuscomaculatus,褐斑虻,,,,,,,no_image
68078,Tabanus jigongshanoides,拟鸡公山虻,,,,,,,no_image
68118,Tabanus montiasiaticus,高亚虻,,,,,,,no_image
68098,Tabanus lizhongi,立中虻,,,,,,,no_image
68138,Tabanus onoi,灰背虻,,,,,,,no_image
68158,Tabanus pingxiangensis,凭祥虻,,,,,,,no_image
68178,Tabanus sexcinctus,六带虻,,,,,,,no_image
68198,Tabanus tangi,唐氏虻,,,,,,,no_image
68218,Tabanus zimini,基氏虻,,,,,,,no_image
68227,Tachina atripalpis,肥须寄蝇,,,,,,,no_image
68287,Tachina zaqu,扎曲寄蝇,,,,,,,no_image
68267,Tachina polita,光亮寄蝇,,,,,,,no_image
68247,Tachina heifu,黑腹寄蝇,,,,,,,no_image
68308,Tachinus coronatus,,,,,,,,no_image
68328,Tachinus javanus,,,,,,,,no_image
68348,Tachinus montanellus,,,,,,,,no_image
68369,Tachinus silphoides,,,,,,,,no_image
68388,Tachydromia menglunensis,勐仑合室舞虻,,,,,,,no_image
68406,Tachyporus picturatus,,,,,,,,no_image
127989,Taeniophyllum lishanianum,玉带叶兰,,,,,,,no_image
68424,Tachyusida luteipennis,,,,,,,,no_image
68438,Tagasta yunnana,云南橄蝗,,,,,,,no_image
14380,Taibaishanus elegans,华美太白山蛛,,,,,,,no_image
128011,Tainia minor,滇南带唇兰,,,,,,,no_image
68474,Taiwanedota minima,,,,,,,,no_image
68493,Taiwania expansa,膨台龟甲,,,,,,,no_image
68513,Taiwania perplexa,迷台龟甲,,,,,,,no_image
68536,Taiwania uniorbis,单圈圆龟甲,,,,,,,no_image
68573,Takapsestis wilemaniella,带波纹蛾,,,,,,,no_image
68552,Tajuria diaeus,白日双尾灰蝶,,,,,,,no_image
68577,Takecallis assumentus,斑凸唇斑蚜,,,,,,,no_image
82194,Takifugu ocellatus,弓斑多纪鲀,,,,,,,no_image
82214,Takydromus intermedius,峨眉草蜥,,,,,,,no_image
14640,Talaus sulcus,沟裂塔拉蛛,,,,,,,no_image
11225,Talthybia depressa,扁托氏蛛,,,,,,,no_image
68584,Tamarixia bicolor,双色柽柳啮小蜂,,,,,,,no_image
128063,Tanacetum richterioides,单头匹菊,,,,,,,no_image
82229,Tamias sibiricus,花鼠,,,,,,,no_image
5645,Tanea albifasciata,白带玉螺,,,,,,,no_image
82245,Tanichthys shenzhenensis,深圳唐鱼,,,,,,,no_image
68632,Tanytarsus formosanus,台湾长跗摇蚊,,,,,,,no_image
68650,Taperus bannaensis,版纳角突叶蝉,,,,,,,no_image
68657,Tapiena bilobata,双叶麻螽,,,,,,,no_image
128076,Tapiscia sinensis,瘿椒树,,,,,,,no_image
128090,Taraxacum aurantiacum,橘黄蒲公英,,,,,,,no_image
128110,Taraxacum dilutissimum,极淡蒲公英,,,,,,,no_image
128130,Taraxacum lacusculorum,天池蒲公英,,,,,,,no_image
128150,Taraxacum orientale,东方蒲公英,,,,,,,no_image
128170,Taraxacum russum,红蒲公英,,,,,,,no_image
128190,Taraxacum syrtorum,高山耐旱蒲公英,,,,,,,no_image
128209,Tarenna lancilimba,披针叶乌口树,,,,,,,no_image
155502,Tarichium gammae,,,,,,,,no_image
68684,Tarsolepis taiwana,台湾银斑舟蛾,,,,,,,no_image
128231,Tashiroea quadrangularis,过路惊,,,,,,,no_image
128267,Taxiphyllum cuspidifolium,凸尖鳞叶藓,,,,,,,no_image
128237,Taxillus caloreas,松柏钝果寄生,,,,,,,no_image
128285,Taxus calcicola,灰岩红豆杉,,,,,,,no_image
68710,Teanocera arrogans,对鬃基芒沼蝇,,,,,,,no_image
128316,Tectaria dubia,大叶三叉蕨,,,,,,,no_image
128336,Tectaria quinquefida,五裂三叉蕨,,,,,,,no_image
5634,Tectonatica lactinea,单色小玉螺,,,,,,,no_image
10089,Tegolophus championii,,,,,,,,no_image
10609,Tegolophus panici,,,,,,,,no_image
10323,Tegonotus celtis,,,,,,,,no_image
134170,Teichospora borealis,,,,,,,,no_image
13273,Telamonia festiva,多彩纽蛛,,,,,,,no_image
68757,Teleogryllus infernalis,银川油葫芦,,,,,,,no_image
5455,Tellinella virgata,散纹小樱蛤,,,,,,,no_image
68773,Telicota ancilla,红翅长标弄蝶,,,,,,,no_image
68791,Telorta acuminata,尖遥冬夜蛾,,,,,,,no_image
128353,Temnoma setigerum,多毛裂片苔,,,,,,,no_image
4937,Temnotrema xishaensis,西沙刻孔海胆,,,,,,,no_image
9943,Tenuipalpus aurantiacus,,,,,,,,no_image
9905,Tenuipalpus zhizhilashviliae,,,,,,,,no_image
68821,Tephritis crepidis,还洋参花翅实蝇,,,,,,,no_image
68841,Tephritis puncta,斜斑花翅实蝇,,,,,,,no_image
128360,Tephroseris kirilowii,狗舌草,,,,,,,no_image
128383,Tephrosia pumila,矮灰毛豆,,,,,,,no_image
68859,Teratomyza formosana,丽奇蝇,,,,,,,no_image
6289,Terebralia palustris,沼笋光螺,,,,,,,no_image
68872,Teredorus carmichaeli,卡尖顶蚱,,,,,,,no_image
140317,Terfezia terfezioides,地菇状地菇,,,,,,,no_image
128401,Terminalia neotaliala,小叶榄仁,,,,,,,no_image
147066,Termitomyces macrocarpus,大果鸡枞菌,,,,,,,no_image
139374,Terriera breve,,,,,,,,no_image
128405,Terniopsis sessilis,川藻,,,,,,,no_image
68914,Terthron albovittatum,白条飞虱,,,,,,,no_image
68921,Tetanops neimonggolica,,,,,,,,no_image
8085,Tethocyathus virgatus,繁枝祖杯珊瑚,,,,,,,no_image
10349,Tetra sinicae,,,,,,,,no_image
10667,Tetra heilongjiangensis,,,,,,,,no_image
68976,Tetrabothrus rougemonti,,,,,,,,no_image
5975,Tetraclita japonica,美丽笠藤壶,,,,,,,no_image
128433,Tetradium ruticarpum,吴茱萸,,,,,,,no_image
14877,Tetragnatha gongshan,贡山肖蛸,,,,,,,no_image
14934,Tetragnatha retinens,脂肖蛸,,,,,,,no_image
68986,Tetralaucopora sinonigra,,,,,,,,no_image
143679,Tetranacrium gramineum,,,,,,,,no_image
9670,Tetranychus bambusae,,,,,,,,no_image
9543,Tetranychus obsequiosus,,,,,,,,no_image
82296,Tetraogallus altaicus,阿尔泰雪鸡,,,,,,,no_image
82312,Tetraroge nigra,无须真裸皮鲉,,,,,,,no_image
69038,Tetraphleps parallelus,直长肩花蝽,,,,,,,no_image
128461,Tetrastigma formosanum,台湾崖爬藤,,,,,,,no_image
69052,Tetrastichus inferens,大螟啮小蜂,,,,,,,no_image
128483,Tetrastigma planicaule,扁担藤,,,,,,,no_image
128514,Tetrataenium sublineare,窄叶四带芹,,,,,,,no_image
69080,Tetrix fuliginosa,佛蚱,,,,,,,no_image
128518,Tetrodontium repandum,无肋小四齿藓,,,,,,,no_image
69127,Teucholabis scitamenta,丽甲大蚊,,,,,,,no_image
134938,Tettigomyces acuminatus,,,,,,,,no_image
128551,Teucrium ussuriense,黑龙江香科科,,,,,,,no_image
128522,Teucrium bidentatum,二齿香科科,,,,,,,no_image
69158,Thabena convexa,凸众瓢蜡蝉,,,,,,,no_image
17512,Thais muricoides,尖荔枝螺,,,,,,,no_image
27,Thalamita huayanggensis,华阳短桨蟹,,,,,,,no_image
65,Thalamita spinifera,刺短桨蟹,,,,,,,no_image
19427,Thalassaphorura dinghuensis,,,,,,,,no_image
19391,Thalassaphorura tamurai,,,,,,,,no_image
649,Thalassograpsus harpax,掠食海方蟹,,,,,,,no_image
69178,Thalera rubrifimbria,赭缘波翅青尺蛾,,,,,,,no_image
128590,Thalictrum delavayi,偏翅唐松草,,,,,,,no_image
128647,Thalictrum nepalense,尼泊尔唐松草,,,,,,,no_image
128620,Thalictrum ichangense,盾叶唐松草,,,,,,,no_image
128671,Thalictrum saniculiforme,叉柱唐松草,,,,,,,no_image
128695,Thalictrum umbricola,阴地唐松草,,,,,,,no_image
69184,Thambemyia shandongensis,山东长喙长足虻,,,,,,,no_image
128717,Thamnobryum subseriatum,匙叶木藓,,,,,,,no_image
12530,Thanatus formicinus,蚁形狼逍遥蛛,,,,,,,no_image
154776,Thecaphora trailii,特氏楔孢黑粉菌,,,,,,,no_image
69202,Thaumastoptera issikiana,一色翼大蚊,,,,,,,no_image
69221,Thecabius emeishanus,峨眉山伪卷叶绵蚜,,,,,,,no_image
139667,Thecotheus agranulosus,无粒锥盘菌,,,,,,,no_image
13352,Thelcticopis unciformis,钩塞蛛,,,,,,,no_image
152692,Thelephora palmata,掌状革菌,,,,,,,no_image
69252,Thektogaster lasiochlamis,毛触尖腹金小蜂,,,,,,,no_image
82348,Theloderma bicolor,双色棱皮树蛙,,,,,,,no_image
137039,Thelotrema cavatum,,,,,,,,no_image
128733,Themeda anathera,瘤菅,,,,,,,no_image
8298,Themiste cymodoceae,梨囊枝触星虫,,,,,,,no_image
69287,Thera cyphoschema,小黑带尺蛾,,,,,,,no_image
11447,Theridion albioculum,白眼球蛛,,,,,,,no_image
11545,Theridion odoratum,芬芳球蛛,,,,,,,no_image
11639,Theridion hufengense,壶峰球蛛,,,,,,,no_image
11631,Theridion zhaoi,赵氏球蛛,,,,,,,no_image
82358,Thermophis baileyi,温泉蛇（西藏温泉蛇）,,,,,,,no_image
3815,Theristus metaflevensis,异黄棘刺线虫,,,,,,,no_image
128771,Thesium arvense,田野百蕊草,,,,,,,no_image
69333,Thetidia albocostaria,菊四目绿尺蛾,,,,,,,no_image
69344,Thienemanniella curvare,弯附提尼曼摇蚊,,,,,,,no_image
69364,Thienemannimyia fusciceps,法氏特长足摇蚊,,,,,,,no_image
69404,Thinophilus pollinosus,多粉滨长足虻,,,,,,,no_image
69384,Thinodromus inconspicuus,,,,,,,,no_image
128806,Thladiantha cordifolia,大苞赤瓟,,,,,,,no_image
14742,Thomisus guangxicus,广西蟹蛛,,,,,,,no_image
69426,Thoracochaeta acinaces,波斯胸刺小粪蝇,,,,,,,no_image
128838,Thladiantha setispina,刚毛赤瓟,,,,,,,no_image
69445,Thoracostrongylus fujianensis,,,,,,,,no_image
69500,Thricops curvitibia,曲胫毛基蝇,,,,,,,no_image
69463,Thosea bicolor,双色扁刺蛾,,,,,,,no_image
69476,Thranius formosanus,,,,,,,,no_image
69521,Thrips flavidulus,八节黄蓟马,,,,,,,no_image
69553,Thubana deltaspis,盾白祝蛾,,,,,,,no_image
69543,Thrypticomyia apicalis,顶生白爪大蚊,,,,,,,no_image
82362,Thrissina katana,刀平胸鳀,,,,,,,no_image
128878,Thuidium tamariscinum,羽藓,,,,,,,no_image
82375,Thunnus thynnus,金枪鱼,,,,,,,no_image
128893,Thylacospermum caespitosum,囊种草,,,,,,,no_image
11587,Thymoites bellissimus,美灵蛛,,,,,,,no_image
5999,Thyone anomala,异常赛瓜参,,,,,,,no_image
69603,Thyreocephalus menglaensis,,,,,,,,no_image
128916,Thysananthus aculeatus,东亚毛鳞苔,,,,,,,no_image
69621,Thyridosmylus polyacanthus,多刺窗溪蛉,,,,,,,no_image
128923,Tiarella polyphylla,黄水枝,,,,,,,no_image
128925,Tibetia gyirongensis,吉隆高山豆,,,,,,,no_image
128940,Ticanto sinensis,鸡嘴簕,,,,,,,no_image
128956,Tilia chingiana,短毛椴,,,,,,,no_image
128983,Tilingia ajanensis,黑水芹,,,,,,,no_image
152904,Tilletia commelinae,,,,,,,,no_image
128990,Timmia megapolitana,美姿藓,,,,,,,no_image
152924,Tilletia okudairae,薏苡腥黑粉菌,,,,,,,no_image
69652,Timandromorpha enervata,小缺口青尺蛾,,,,,,,no_image
129005,Tinospora guangxiensis,广西青牛胆,,,,,,,no_image
69682,Timomenus oannes,乔球螋,,,,,,,no_image
69695,Tinginotum pini,松猬盲蝽,,,,,,,no_image
69730,Tipula atuntzuensis,德钦尖大蚊,,,,,,,no_image
69752,Tipula brunnirostris,褐喙尖大蚊,,,,,,,no_image
69772,Tipula decembris,黑鞭毛脉大蚊,,,,,,,no_image
69792,Tipula finítima,钝角月大蚊,,,,,,,no_image
69812,Tipula haplostyla,单突阔大蚊,,,,,,,no_image
69832,Tipula ingenua,透翅普大蚊,,,,,,,no_image
69852,Tipula latifasciata,宽斑尖大蚊,,,,,,,no_image
69892,Tipula nigrobasalis,黑基月大蚊,,,,,,,no_image
69872,Tipula mcdonaldi,麦氏普大蚊,,,,,,,no_image
69912,Tipula pedicellaris,黄梗普大蚊,,,,,,,no_image
69952,Tipula sexlobata,六突大蚊,,,,,,,no_image
69932,Tipula procliva,月星普大蚊,,,,,,,no_image
69972,Tipula submutila,淡喙普大蚊,,,,,,,no_image
69992,Tipula tumulta,尖刺蜚大蚊,,,,,,,no_image
70014,Tipula zayulensis,察隅蜚大蚊,,,,,,,no_image
70028,Tirumala septentrionis,啬青斑蝶,,,,,,,no_image
14711,Tmarus circinalis,旋卷峭腹蛛,,,,,,,no_image
14789,Tmarus taishanensis,泰山峭腹蛛,,,,,,,no_image
70062,Tokunagaia subulata,尖雅明摇蚊,,,,,,,no_image
129024,Toloxis semitorta,扭叶反叶藓,,,,,,,no_image
70043,Togepteryx dorsoalbida,背自土舟蛾,,,,,,,no_image
152699,Tomentella crinalis,常见小垫革菌,,,,,,,no_image
19142,Tomocerina tianshanensis,,,,,,,,no_image
19126,Tomocerus zhuque,,,,,,,,no_image
19160,Tomocerus hexipunctatus,,,,,,,,no_image
19136,Tomocerus nigrus,,,,,,,,no_image
129033,Tongoloa elata,大东俄芹,,,,,,,no_image
70076,Tomosvaryella aeneiventris,铜腹佗头蝇,,,,,,,no_image
136580,Toninia alutacea,,,,,,,,no_image
8547,Tonna chinensis,中国鹑螺,,,,,,,no_image
129056,Toona fargesii,红花香椿,,,,,,,no_image
129064,Torenia cordifolia,西南蝴蝶草,,,,,,,no_image
70118,Topomyia spinophallus,刺阳局限蚊,,,,,,,no_image
70135,Torodora flavescens,黄褐瘤祝蛾,,,,,,,no_image
70155,Torodora pedipesis,足瓣瘤祝蛾,,,,,,,no_image
6184,Torrea candida,角蚕,,,,,,,no_image
129086,Torricellia tiliifolia,鞘柄木,,,,,,,no_image
129103,Tortula muralis,泛生墙藓,,,,,,,no_image
70169,Totta puspae,瘦树盲蝽,,,,,,,no_image
129155,Toxocarpus hainanensis,海南弓果藤,,,,,,,no_image
70185,Toxorhina fuscolimbata,棕缘箭大蚊,,,,,,,no_image
129125,Toxicodendron fulvum,黄毛漆,,,,,,,no_image
70204,Toya terryi,黑面托亚飞虱,,,,,,,no_image
15485,Trachelas brachialis,臂状管蛛,,,,,,,no_image
82435,Trachinocephalus myops,大头狗母鱼,,,,,,,no_image
70224,Trachusa concavum,凹准黄斑蜂,,,,,,,no_image
2176,Trachycardium flavum,黄边糙鸟蛤,,,,,,,no_image
129194,Trachypodopsis auriculata,大耳拟扭叶藓,,,,,,,no_image
129183,Trachydium involucellatum,裂苞瘤果芹,,,,,,,no_image
153445,Trachyspora intrusa,内侵糙孢锈菌,,,,,,,no_image
129217,Tragopogon altaicus,阿勒泰婆罗门参,,,,,,,no_image
129237,Tragus berteronianus,虱子草,,,,,,,no_image
151823,Trametes hirsuta,硬毛栓菌,,,,,,,no_image
151843,Trametes sanguinea,朱红栓菌,,,,,,,no_image
70263,Transvenosus emarginatus,凹斑横脉叶蝉,,,,,,,no_image
129241,Trapa incisa,细果野菱,,,,,,,no_image
4051,Trapezia guttata,红点梯形蟹,,,,,,,no_image
70274,Traulia brachypeza,短胫凸额蝗,,,,,,,no_image
152717,Trechispora microspora,小糙孢孔菌,,,,,,,no_image
134192,Trematosphaeria confusa,,,,,,,,no_image
154703,Tremella flammea,火红银耳,,,,,,,no_image
70295,Trentepohlia pennipes,翼弯脉大蚊,,,,,,,no_image
154723,Tremella roseotincta,蔷薇色银耳,,,,,,,no_image
129265,Triadica sebifera,乌桕,,,,,,,no_image
70303,Tretoserphus guangdongensis,广东洼缝细蜂,,,,,,,no_image
70313,Tribalus ogieri,欧氏小阎甲,,,,,,,no_image
134921,Triblidium pineum,,,,,,,,no_image
70343,Tricentrus baiyunshanensis,白云山三刺角蝉,,,,,,,no_image
15438,Tricalamus xizanensis,西藏三栉蛛,,,,,,,no_image
70363,Tricentrus dorsocameloideus,驼背三刺角蝉,,,,,,,no_image
70383,Tricentrus hangzhouensis,杭州三刺角蝉,,,,,,,no_image
70403,Tricentrus oedothorectoidis,拟壮三刺角蝉,,,,,,,no_image
70423,Tricentrus walkeri,沃克三刺角蝉,,,,,,,no_image
4783,Trichaster palmiferus,掌枝蛇尾,,,,,,,no_image
70438,Trichocera reticulata,网状毫蚊,,,,,,,no_image
70441,Trichochrysea aeneipennis,铜鞘毛肖叶甲,,,,,,,no_image
70461,Trichochrysea sinensis,中华毛肖叶甲,,,,,,,no_image
18362,Trichocerca lophoessa,冠饰异尾轮虫,,,,,,,no_image
129275,Trichocolea merrillana,台湾绒苔,,,,,,,no_image
141902,Trichoderma candidum,,,,,,,,no_image
141942,Trichoderma parestonicum,,,,,,,,no_image
141962,Trichoderma strictipilis,,,,,,,,no_image
141922,Trichoderma gelatinosum,,,,,,,,no_image
70494,Trichoglossina decoripennis,,,,,,,,no_image
134895,Trichoglossum cheliense,景洪毛舌菌,,,,,,,no_image
129283,Trichodon muricatus,云南毛齿藓,,,,,,,no_image
129291,Trichoglottis triflora,毛舌兰,,,,,,,no_image
70533,Trichogramma ostriniae,玉米螟赤眼蜂,,,,,,,no_image
70553,Trichohoplorana shirakii,,,,,,,,no_image
148658,Tricholoma fulvum,黄褐口蘑,,,,,,,no_image
148638,Tricholoma caligatum,欧洲口蘑,,,,,,,no_image
148678,Tricholoma mongolicum,草原白口蘑,,,,,,,no_image
148718,Tricholoma ustaloides,,,,,,,,no_image
70572,Trichomalopsis americana,美洲克氏金小蜂,,,,,,,no_image
148698,Tricholoma rutilans,赭鳞口蘑,,,,,,,no_image
148737,Tricholosporum goniospermum,,,,,,,,no_image
70592,Trichomalopsis tachinae,达克氏金小蜂,,,,,,,no_image
70602,Trichonta fuliginosa,乌黑毛菌蚊,,,,,,,no_image
140768,Trichophaea bicuspis,,,,,,,,no_image
70605,Trichophya kurosawai,,,,,,,,no_image
70614,Trichoplites tryphema,雅脊尺蛾,,,,,,,no_image
70634,Trichopteryx grisearia,灰毛翅尺蛾,,,,,,,no_image
129306,Trichosanthes cucumerina,瓜叶栝楼,,,,,,,no_image
129330,Trichosanthes reticulinervis,两广栝楼,,,,,,,no_image
70649,Trichosea champa,镶夜蛾,,,,,,,no_image
129352,Trichosteleum stigmosum,长喙刺疣藓,,,,,,,no_image
140958,Trichosporon bancangense,板仓丝孢酵母,,,,,,,no_image
70686,Trichromothrips fragilis,弱异色蓟马,,,,,,,no_image
70678,Trichotheca nodicollis,瘤胸齿股肖叶甲,,,,,,,no_image
129381,Tricyrtis ravenii,高山油点草,,,,,,,no_image
70695,Tricliona consobrina,黑绿大眼肖叶甲,,,,,,,no_image
70707,Tridrepana crocea,伸黑缘黄钩蛾,,,,,,,no_image
129399,Trifolium gordeievii,延边车轴草,,,,,,,no_image
70737,Trigonidium cicindeloides,虎甲蛉蟋,,,,,,,no_image
70725,Trigomphus lautus,净棘尾春蜓,,,,,,,no_image
129428,Trigonostemon thyrsoideus,长梗三宝木,,,,,,,no_image
70755,Trigonodemus schuelkei,,,,,,,,no_image
129450,Trigonotis harrysmithii,松潘附地菜,,,,,,,no_image
129478,Trigonotis peduncularis,附地菜,,,,,,,no_image
70776,Trilophidia annulata,疣蝗,,,,,,,no_image
129495,Trikeraia pappiformis,假冠毛草,,,,,,,no_image
82541,Trimma annosum,橘点磨塘鳢,,,,,,,no_image
82527,Trimeresurus popeiorum,坡普竹叶青蛇,,,,,,,no_image
70789,Triomicrus contus,,,,,,,,no_image
82554,Tringa flavipes,小黄脚鹬,,,,,,,no_image
16973,Trionychotrema taenioidea,似带鳖孔吸虫,,,,,,,no_image
70825,Triphleba coniformis,壳叶寒蚤蝇,,,,,,,no_image
129511,Tripidium rufipilum,蔗茅,,,,,,,no_image
82567,Triphoturus nigrescens,浅黑尾灯鱼,,,,,,,no_image
82580,Triplophysa brevicauda,短尾高原鳅,,,,,,,no_image
82600,Triplophysa huanjiangensis,环江高原鳅,,,,,,,no_image
82640,Triplophysa pseudostenura,拟细尾高原鳅,,,,,,,no_image
82620,Triplophysa markehenensis,麻尔柯河高原鳅,,,,,,,no_image
82660,Triplophysa tianeensis,天峨高原鳅,,,,,,,no_image
155506,Triplosporium fresenii,弗氏三孢霉,,,,,,,no_image
143699,Triporicellaesporites elongatus,,,,,,,,no_image
70858,Tripteroides similis,拟同杵蚊,,,,,,,no_image
70877,Triraogus sichuanensis,四川三缝茧蜂,,,,,,,no_image
129553,Tripterospermum taiwanense,台湾肺形草,,,,,,,no_image
70912,Trisunius smetanai,,,,,,,,no_image
70892,Tristria pisciforme,鱼形梭蝗,,,,,,,no_image
129561,Trisetum spicatum,穗三毛草,,,,,,,no_image
4023,Tritodynamia hainanensis,海南三强蟹,,,,,,,no_image
129596,Trivalvaria costata,海岛木,,,,,,,no_image
82690,Trochalopteron chrysopterum,红顶噪鹛,,,,,,,no_image
16457,Trochosa aquatica,水獾蛛,,,,,,,no_image
4522,Trochus noduliferus,瘤结马蹄螺,,,,,,,no_image
129628,Tropidia angulosa,阔叶竹茎兰,,,,,,,no_image
82732,Troglonectes furcocaudalis,叉尾洞鳅,,,,,,,no_image
129610,Trollius ledebourii,短瓣金莲花,,,,,,,no_image
70961,Tropidocephala simaoensis,思茅匙顶飞虱,,,,,,,no_image
70973,Tropimenelytron lii,,,,,,,,no_image
7567,Truncatoflabellum candeanum,光亮截形扇珊瑚,,,,,,,no_image
70998,Truxalis guangzhouensis,广州荒地蝗,,,,,,,no_image
71013,Trypeta quinquemaculata,五斑实蝇,,,,,,,no_image
71023,Trypeticus venator,猎柱阎甲,,,,,,,no_image
140935,Tuber montanum,山地块菌,,,,,,,no_image
129636,Tsengia nakamura,曾氏藻,,,,,,,no_image
140915,Tuber asa-foetida,阿萨块菌,,,,,,,no_image
71044,Tuberaphis loranthicola,居桑寄生管扁蚜,,,,,,,no_image
71063,Tuberculatus kuricola,库栗斑蚜,,,,,,,no_image
150593,Tubulicrinis confusus,,,,,,,,no_image
129647,Tuberowithania pengiana,薯椒,,,,,,,no_image
154793,Tuburcinia dioscoreae,,,,,,,,no_image
1845,Tucetona amboinensis,安汶圆扇蚶蜊,,,,,,,no_image
145540,Tulostoma pulchellum,美丽柄灰包,,,,,,,no_image
3575,Tugonia huanghaiensis,黄海球海螂,,,,,,,no_image
145520,Tulostoma albicans,白皮柄灰孢,,,,,,,no_image
71087,Tumeochrysa yunica,云多阶草蛉,,,,,,,no_image
150052,Turbinellus floccosus,,,,,,,,no_image
129676,Tupistra longispica,长穗开口箭,,,,,,,no_image
82760,Turdus feae,褐头鸫,,,,,,,no_image
71110,Turgiditarsus eureka,,,,,,,,no_image
129694,Turpinia subsessilifolia,心叶山香圆,,,,,,,no_image
71122,Twinnia changbaiensis,长白吞蚋,,,,,,,no_image
82793,Tursiops aduncus,印太瓶鼻海豚,,,,,,,no_image
8380,Tylokepon bonnieri,波涅蛛蟹鳃虱,,,,,,,no_image
129732,Tylophora picta,紫叶娃儿藤,,,,,,,no_image
129712,Tylophora chingtungensis,景东娃儿藤,,,,,,,no_image
149305,Tylopilus brunneirubens,褐红粉孢牛肝菌,,,,,,,no_image
149325,Tylopilus palumanus,,,,,,,,no_image
15912,Tylopus nigromarginatus,,,,,,,,no_image
82804,Tylototriton daloushanensis,大娄山疣螈,,,,,,,no_image
71151,Tylotrypes longa,长突蜣蝇,,,,,,,no_image
71156,Tympanophorus hayashidai,,,,,,,,no_image
82825,Typhlomys nanus,小猪尾鼠,,,,,,,no_image
2329,Typhlocarcinops canaliculata,沟纹拟盲蟹,,,,,,,no_image
148758,Typhula variabilis,,,,,,,,no_image
1084,Typosyllis nipponica,日本模裂虫,,,,,,,no_image
71174,Tyrinasius uenoianus,,,,,,,,no_image
71179,Tyrus yajiangensis,,,,,,,,no_image
71181,Uclesia excavata,窝幽克寄蝇,,,,,,,no_image
71195,Ufens cupuliformis,杯状宽翅赤眼蜂,,,,,,,no_image
129798,Ulmus kunmingensis,昆明榆,,,,,,,no_image
71215,Ulanar muiri,姬飞虱,,,,,,,no_image
71222,Ulochaetes vacca,,,,,,,,no_image
129831,Ulothrix flacca,软丝藻,,,,,,,no_image
156060,Umbelopsis nana,,,,,,,,no_image
137719,Umbilicaria flocculosa,,,,,,,,no_image
137739,Umbilicaria muhlenbergii,放射盘石耳,,,,,,,no_image
137759,Umbilicaria thamnodes,鳞石耳,,,,,,,no_image
129846,Uncaria rhynchophylla,钩藤,,,,,,,no_image
138214,Uncinula tenuitunicata,,,,,,,,no_image
82842,Upeneus tragula,黑斑绯鲤,,,,,,,no_image
71233,Uraecha guerryi,,,,,,,,no_image
71246,Uranotaenia jinhongensis,景洪蓝带蚊,,,,,,,no_image
129857,Uraria clarkei,野番豆,,,,,,,no_image
129874,Urceola quintaretii,华南杜仲藤,,,,,,,no_image
129878,Urena lobata,地桃花,,,,,,,no_image
5106,Urocaridella antonbrunii,美丽尾瘦虾,,,,,,,no_image
154832,Urocystis delphinii,翠雀条黑粉菌,,,,,,,no_image
154812,Urocystis achnatheri,芨芨草条黑粉菌,,,,,,,no_image
154852,Urocystis multispora,,,,,,,,no_image
154872,Urocystis sorosporioides,孢堆条黑粉菌,,,,,,,no_image
154251,Uromyces aconiti-lycoctoni,,,,,,,,no_image
154291,Uromyces dactylidis,鸭茅单胞锈菌,,,,,,,no_image
154271,Uromyces baeumlerianus,博伊单孢锈菌,,,,,,,no_image
154311,Uromyces garanbiensis,,,,,,,,no_image
154351,Uromyces leptaleus,,,,,,,,no_image
154331,Uromyces hyperici,金丝桃单胞锈菌,,,,,,,no_image
154391,Uromyces salsolae,猪毛菜单胞锈菌,,,,,,,no_image
154371,Uromyces oblongisporus,长椭圆单胞锈菌,,,,,,,no_image
154411,Uromyces stellariae-saxatilis,星毛繁缕单胞锈菌,,,,,,,no_image
154431,Uromyces urariae,狸尾豆单胞锈菌,,,,,,,no_image
129896,Urophyllum parviflorum,小花尖叶木,,,,,,,no_image
793,Uroptychodes grandirostris,巨额似折尾虾,,,,,,,no_image
154602,Uropyxis arisanensis,阿里山肥柄锈菌,,,,,,,no_image
129902,Urtica angustifolia,狭叶荨麻,,,,,,,no_image
71287,Uscana rugatus,纹胸尤氏赤眼蜂,,,,,,,no_image
136402,Usnea lapponica,癞屑化松萝,,,,,,,no_image
136382,Usnea eumitrioides,拟轴孔松萝,,,,,,,no_image
71291,Ussuriana michaelis,赭灰蝶,,,,,,,no_image
136422,Usnea pycnoclada,密枝松萝,,,,,,,no_image
155074,Ustilago avenae,燕麦散黑粉菌,,,,,,,no_image
155114,Ustilago esculenta,茭白黑粉菌,,,,,,,no_image
155094,Ustilago crameri,谷子黑粉菌,,,,,,,no_image
155134,Ustilago ischaemi,,,,,,,,no_image
155154,Ustilago modesta,,,,,,,,no_image
155174,Ustilago phragmites,芦苇粒黑粉菌,,,,,,,no_image
155194,Ustilago serpens,疣孢黑粉菌,,,,,,,no_image
155214,Ustilago syntherismae,马唐黑粉菌,,,,,,,no_image
153024,Ustilentyloma brefeldii,,,,,,,,no_image
129948,Utricularia peranomala,合苞挖耳草,,,,,,,no_image
129928,Utricularia australis,南方狸藻,,,,,,,no_image
71301,Uvaroviola B.-Bienko,多刺蔷蝗,,,,,,,no_image
129995,Vaccinium crassivenium,网脉越橘,,,,,,,no_image
130073,Vaccinium retusum,西藏越橘,,,,,,,no_image
130051,Vaccinium motuoense,墨脱越橘,,,,,,,no_image
130025,Vaccinium haitangense,海棠越橘,,,,,,,no_image
130096,Vaccinium venosum,轮生叶越橘,,,,,,,no_image
130118,Valeriana hiemalis,全缘叶缬草,,,,,,,no_image
82897,Valenciennea strigata,丝条凡塘鳢,,,,,,,no_image
9478,Valgothrombium avae,,,,,,,,no_image
130141,Valoniopsis pachynema,指枝藻,,,,,,,no_image
71325,Vamuna postalba,后白瓦苔蛾,,,,,,,no_image
130152,Vanda lamellata,雅美万代兰,,,,,,,no_image
82919,Vanmanenia marmorata,云石原缨口鳅,,,,,,,no_image
82908,Vanellus indicus,肉垂麦鸡,,,,,,,no_image
6657,Vasostoma spiratum,螺旋管腔线虫,,,,,,,no_image
152093,Vararia racemosa,总状叉丝革菌,,,,,,,no_image
149899,Veluticeps abietina,,,,,,,,no_image
82939,Ventrifossa misakia,三崎凹腹鳕,,,,,,,no_image
134284,Venturia pirina,,,,,,,,no_image
71358,Venusia marmoraria,石纹维尺蛾,,,,,,,no_image
130198,Veratrum maackii,毛穗藜芦,,,,,,,no_image
4362,Veprecula vacillata,粗肋刺桂螺,,,,,,,no_image
141649,Vermicularia liliacearum,,,,,,,,no_image
82947,Vernaya fulva,滇攀鼠,,,,,,,no_image
130236,Veronica cana,灰毛婆婆纳,,,,,,,no_image
130261,Veronica laxa,疏花婆婆纳,,,,,,,no_image
130288,Veronica taiwanica,台湾婆婆纳,,,,,,,no_image
130313,Veronicastrum stenostachyum,细穗腹水草,,,,,,,no_image
134803,Verrucaria caesiocinerata,,,,,,,,no_image
134823,Verrucaria inaequalis,斜瓶口衣,,,,,,,no_image
134843,Verrucaria subtropica,,,,,,,,no_image
141664,Verticillium sulphurellum,,,,,,,,no_image
130336,Vesicularia tonkinensis,鹤庆明叶藓,,,,,,,no_image
82955,Vibrissaphora leishanensis,雷山髭蟾,,,,,,,no_image
130347,Viburnum chingii,漾濞荚蒾,,,,,,,no_image
130382,Viburnum grandiflorum,大花荚蒾,,,,,,,no_image
130405,Viburnum mongolicum,蒙古荚蒾,,,,,,,no_image
130440,Viburnum taitoense,台东荚蒾,,,,,,,no_image
130470,Vicia costata,新疆野豌豆,,,,,,,no_image
130531,Vickifunkia schischkinii,高山无鞘橐吾,,,,,,,no_image
130494,Vicia ohwiana,头序歪头菜,,,,,,,no_image
130537,Vigna acuminata,狭叶豇豆,,,,,,,no_image
71420,Villa aspros,皎鳞绒蜂虻,,,,,,,no_image
16712,Vinathela hongkong,香港越蛛,,,,,,,no_image
130582,Vincetoxicum jinshaense,金沙江白前,,,,,,,no_image
82962,Vinciguerria poweriae,强串光鱼,,,,,,,no_image
130619,Viola brachyceras,兴安圆叶堇菜,,,,,,,no_image
130664,Viola kosanensis,福建堇菜,,,,,,,no_image
130643,Viola formosana,台湾堇菜,,,,,,,no_image
130685,Viola nujiangensis,怒江堇菜,,,,,,,no_image
130708,Viola sacchalinensis,库页堇菜,,,,,,,no_image
130731,Viola tricolor,三色堇,,,,,,,no_image
8104,Virgularia juncea,灯芯沙箸海鳃,,,,,,,no_image
130760,Vitalianthus guangxianus,广西油肋苔,,,,,,,no_image
130795,Vitis baihuashanensis,百花山葡萄,,,,,,,no_image
130825,Vitis lanceolatifoliosa,鸡足葡萄,,,,,,,no_image
130848,Vitis wuhanensis,武汉葡萄,,,,,,,no_image
14157,Vittatus bian,鞭状长板蛛,,,,,,,no_image
17473,Vokesimurex gallinago,褐斑沃骨螺,,,,,,,no_image
71452,Volucella jeddona,短腹蜂蚜蝇,,,,,,,no_image
71473,Volucella zibaiensis,紫柏蜂蚜蝇,,,,,,,no_image
147952,Volvariella gloiocephala,粘盖小包脚菇,,,,,,,no_image
136443,Vulpicida tilesii,棣氏黄髓衣,,,,,,,no_image
147971,Volvopluteus gloiocephalus,黏盖包脚菇,,,,,,,no_image
14351,Walckenaeria antica,翘首瓦蛛,,,,,,,no_image
130864,Wallichia disticha,二列瓦理棕,,,,,,,no_image
144250,Wardomyces inflatus,,,,,,,,no_image
12063,Weintrauboa yunnan,云南文蛛,,,,,,,no_image
130899,Wendlandia bouvardioides,薄叶水锦树,,,,,,,no_image
130923,Wendlandia pubigera,大叶木莲红,,,,,,,no_image
71516,Wesmaelius bihamitus,双钩齐褐蛉,,,,,,,no_image
71535,Westwood sinica,中华长阎甲,,,,,,,no_image
130984,Wikstroemia fragrans,香花荛花,,,,,,,no_image
130964,Wightia speciosissima,美丽桐,,,,,,,no_image
131005,Wikstroemia monnula,北江荛花,,,,,,,no_image
140783,Wilcoxina mikolae,,,,,,,,no_image
18902,Willowsia japonica,,,,,,,,no_image
71544,Winthemia brevicornis,短角温寄蝇,,,,,,,no_image
135788,Woessia pseudohyphophorifera,,,,,,,,no_image
71564,Winthemia venusta,灿烂温寄蝇,,,,,,,no_image
131059,Woodsia hancockii,华北岩蕨,,,,,,,no_image
150903,Wolfiporia extensa,,,,,,,,no_image
71586,Woodiphora chaoi,赵氏乌蚤蝇,,,,,,,no_image
131078,Woodwardia magnifica,滇南狗脊,,,,,,,no_image
151993,Wrightoporia avellanea,棕色赖特卧孔菌,,,,,,,no_image
18522,Wulfertia ornata,蠕形乌尔夫轮虫,,,,,,,no_image
8536,Xandarovula formosana,台湾桑梭螺,,,,,,,no_image
82982,Xanthichthys auromarginatus,金边黄鳞鲀,,,,,,,no_image
136473,Xanthoparmelia wyomingica,,,,,,,,no_image
149344,Xanthoconium separans,裂管金孢牛肝菌,,,,,,,no_image
71639,Xanthonia minuta,小黄肖叶甲,,,,,,,no_image
136453,Xanthoparmelia dentata,齿裂黄梅,,,,,,,no_image
71657,Xanthorhoe cybele,弗潢尺蛾,,,,,,,no_image
137672,Xanthoria elegans,丽石黄衣,,,,,,,no_image
131112,Xantolis boniana,,,,,,,,no_image
7590,Xenia hicksoni,希氏异花软珊瑚,,,,,,,no_image
71697,Xenochironomus glaber,裸脉异摇蚊,,,,,,,no_image
153448,Xenodochus minor,小拟多胞锈菌,,,,,,,no_image
143726,Xenomyxa disseminata,,,,,,,,no_image
2325,Xenophthalmodes morsei,穆氏仿短眼蟹,,,,,,,no_image
71743,Xenortholitha extrastrenua,折黑点尺蛾,,,,,,,no_image
71757,Xenotachina busenensis,赴战客夜蝇,,,,,,,no_image
149359,Xerocomus griseus,灰褐绒盖牛肝菌,,,,,,,no_image
18726,Xenylla badakhshanica,,,,,,,,no_image
149379,Xerocomus rubellus,血红绒盖牛肝菌,,,,,,,no_image
71801,Xestia exoleta,冠鲁夜蛾,,,,,,,no_image
71777,Xerophilomyia melanothorax,黑胸眷旱蜂麻蝇,,,,,,,no_image
71780,Xestia agalma,饰鲁夜蛾,,,,,,,no_image
71821,Xestia renalis,棕肾鲁夜蛾,,,,,,,no_image
71840,Xestomyia hirtitarsis,毛跗亮黑蝇,,,,,,,no_image
71854,Xiphidiopsis furcicauda,叉尾剑螽,,,,,,,no_image
71871,Xiphozele yunnanensis,云南刀腹茧蜂,,,,,,,no_image
83026,Xyelacyba myersi,梅氏棘鳃鼬鳚,,,,,,,no_image
144783,Xylaria berkeleyi,大孢炭角菌,,,,,,,no_image
144803,Xylaria culleniae,,,,,,,,no_image
144823,Xylaria gracillima,,,,,,,,no_image
144843,Xylaria leprosa,粗糙炭角菌,,,,,,,no_image
144863,Xylaria obovata,卵形炭角菌,,,,,,,no_image
144883,Xylaria sanchezii,笔状炭角菌,,,,,,,no_image
71889,Xylariopsis fujiwarai,,,,,,,,no_image
144901,Xylocladium clautriavii,,,,,,,,no_image
71918,Xylocopa shelfordi,莎木蜂,,,,,,,no_image
150720,Xylodon niemelaei,,,,,,,,no_image
139391,Xyloma virgaureae,,,,,,,,no_image
131129,Xylopia vielana,木瓣树,,,,,,,no_image
71961,Xylota cupripurpura,紫色木蚜蝇,,,,,,,no_image
72005,Xylotrechus deletus,,,,,,,,no_image
71981,Xylota vulgaris,普通木蚜蝇,,,,,,,no_image
72033,Xylotrechus magnificus,,,,,,,,no_image
83028,Xyrias revulsus,列齿蛇鳗,,,,,,,no_image
72056,Xylotrechus savioi,,,,,,,,no_image
14840,Xysticus lepnevae,莱普花蟹蛛,,,,,,,no_image
14726,Xysticus connectens,合花蟹蛛,,,,,,,no_image
14633,Xysticus soldatovi,苏达花蟹蛛,,,,,,,no_image
11549,Yaginumena maculosa,斑点八木蛛,,,,,,,no_image
83029,Yaotriton anhuiensis,安徽疣螈,,,,,,,no_image
155234,Yenia bromivora,,,,,,,,no_image
131151,Yinshania zayuensis,察隅阴山荠,,,,,,,no_image
19181,Yoshiicerus tiani,,,,,,,,no_image
131168,Youngia japonica,黄鹌菜,,,,,,,no_image
131192,Youngia wilsonii,栉齿黄鹌菜,,,,,,,no_image
72131,Ypthima iris,虹矍眼蝶,,,,,,,no_image
15976,Yuennanina aceratogaster,无突滇马陆,,,,,,,no_image
72161,Yunna micophora,,,,,,,,no_image
131219,Yulania mirifolia,奇叶玉兰,,,,,,,no_image
72166,Yunnanisca fani,范氏云南麻蝇,,,,,,,no_image
83064,Yunnanilus longibarbatus,长须云南鳅,,,,,,,no_image
131239,Yushania bomdilaena,弯根玉山竹,,,,,,,no_image
131259,Yushania farinosa,湖南玉山竹,,,,,,,no_image
131279,Yushania mitis,泡滑竹,,,,,,,no_image
131302,Yushania violascens,紫花玉山竹,,,,,,,no_image
72180,Zadadra distorta,褐鳞扎苔蛾,,,,,,,no_image
72194,Zanchius rubidus,红平盲蝽,,,,,,,no_image
72211,Zanclognatha paupercula,困镰须夜蛾,,,,,,,no_image
131315,Zantedeschia aethiopica,马蹄莲,,,,,,,no_image
131346,Zanthoxylum kwangsiense,广西花椒,,,,,,,no_image
131368,Zanthoxylum stipitatum,梗花椒,,,,,,,no_image
72235,Zaphne pullata,黑鞭隰蝇,,,,,,,no_image
72249,Zaranga pannosa,窦舟蛾,,,,,,,no_image
72258,Zavrelimyia fasciata,尖扎长足摇蚊,,,,,,,no_image
72264,Zeiraphera canadensis,云杉线小卷蛾,,,,,,,no_image
131382,Zelkova sinica,大果榉,,,,,,,no_image
13867,Zelotes hummeli,赫氏狂蛛,,,,,,,no_image
13768,Zelotes zhui,朱氏狂蛛,,,,,,,no_image
72292,Zeteotomus dilatipennis,,,,,,,,no_image
131398,Zeuxine kantokeiensis,关刀溪线柱兰,,,,,,,no_image
83120,Zhangixalus dorsoviridis,绿背树蛙,,,,,,,no_image
2710,Ziba insculpta,雕刻笔螺,,,,,,,no_image
131426,Zingiber guangxiense,桂姜,,,,,,,no_image
83140,Zhangixalus taipeianus,台北树蛙,,,,,,,no_image
131446,Zingiber nigrimaculatum,黑斑姜,,,,,,,no_image
131479,Ziziphora tenuior,小新塔花,,,,,,,no_image
131467,Zingiber wandingense,畹町姜,,,,,,,no_image
13508,Zodarion apertum,开放拟平腹蛛,,,,,,,no_image
14486,Zoma dibaiyin,地白银卓玛蛛,,,,,,,no_image
155517,Zoophthora dipterigena,,,,,,,,no_image
144470,Zopfiella erostrata,,,,,,,,no_image
72341,Zozoros sinemarginis,,,,,,,,no_image
131501,Zostera caulescens,具茎大叶藻,,,,,,,no_image
11005,Zygiella calyptrata,帆楚蛛,,,,,,,no_image
144473,Zygopleurage zygospora,,,,,,,,no_image
72363,Zygoneura fujiana,福建齿眼蕈蚊,,,,,,,no_image
131515,Zygophyllum brachypterum,细茎驼蹄瓣,,,,,,,no_image
144903,Zygosporium minus,,,,,,,,no_image
72436,Zyras poseidon,,,,,,,,no_image
72396,Zyras coloratus,,,,,,,,no_image
72416,Zyras hebes,,,,,,,,no_image
72456,Zyras tenuicornis,,,,,,,,no_image
577,phylladiorhynchus pusilla,纤弱叶额虾,,,,,,,no_image
