taxon_id,sci_name,cn_name,image_path,image_url,author,license,license_url,page_url,status
19488,Abryna obscura,,,,,,,,no_image
881,Abrina kanamarui,金丸阿布蛤,,,,,,,no_image
19439,Abaxisotima brevifissa,短裂远素螽,,,,,,,no_image
19446,Abirus laticornis,宽角皱鞘肖叶甲,,,,,,,no_image
9990,Abacarus phalaris,,,,,,,,no_image
19502,Acalolepta chinensis,,,,,,,,no_image
19529,Acalolepta sejuncta,,,,,,,,no_image
14411,Acanoides hengshanensis,衡山类刺皿蛛,,,,,,,no_image
83281,Acalypha eastmostpointensis,极东铁苋菜,,,,,,,no_image
72506,Acanthocepola indica,印度棘赤刀鱼,,,,,,,no_image
17217,Acanthatrium nycteridis,蝙蝠刺囊吸虫,,,,,,,no_image
83313,Acantholimon kokandense,浩罕彩花,,,,,,,no_image
19572,Acanthonevra nigrolimbata,帽儿山刺脉实蝇,,,,,,,no_image
83188,Abelmoschus crinitus,长毛黄葵,images/00/08/00083188.webp,https://thumb.wikimedia.org/wikipedia/commons/thumb/b/b5/Hibiscus_racemosus_Bot._Reg._11._917.1825.jpg/960px-Hibiscus_racemosus_Bot._Reg._11._917.1825.jpg?utm_source=en.wikipedia.org&utm_campaign=api&utm_content=thumbnail,Lindley,Public domain,,https://en.wikipedia.org/wiki/File:Hibiscus_racemosus_Bot._Reg._11._917.1825.jpg,ok
72492,Abudefduf bengalensis,孟加拉国豆娘鱼,images/00/07/00072492.webp,https://thumb.wikimedia.org/wikipedia/commons/thumb/0/0d/Abudefduf_bengalensis.jpg/960px-Abudefduf_bengalensis.jpg?utm_source=en.wikipedia.org&utm_campaign=api&utm_content=thumbnail,"Richard Ling from NSW, Australia",CC BY-SA 2.0,https://creativecommons.org/licenses/by-sa/2.0,https://en.wikipedia.org/wiki/File:Abudefduf_bengalensis.jpg,ok
83220,Abies forrestii,川滇冷杉,images/00/08/00083220.webp,https://thumb.wikimedia.org/wikipedia/commons/thumb/6/62/Abies_forrestii_var_georgei.jpg/960px-Abies_forrestii_var_georgei.jpg?utm_source=en.wikipedia.org&utm_campaign=api&utm_content=thumbnail,Ruff tuff cream puff,CC0,http://creativecommons.org/publicdomain/zero/1.0/deed.en,https://en.wikipedia.org/wiki/File:Abies_forrestii_var_georgei.jpg,ok
19582,Acanthoptura denticollis,齿胸刺尾花天牛,,,,,,,no_image
83263,Abutilon theophrasti,苘麻,images/00/08/00083263.webp,https://thumb.wikimedia.org/wikipedia/commons/thumb/d/da/Abutilon_theophrasti_sl27.jpg/960px-Abutilon_theophrasti_sl27.jpg?utm_source=en.wikipedia.org&utm_campaign=api&utm_content=thumbnail,Stefan.lefnaer,CC BY-SA 4.0,https://creativecommons.org/licenses/by-sa/4.0,https://en.wikipedia.org/wiki/File:Abutilon_theophrasti_sl27.jpg,ok
72527,Acanthosaura brachypoda,短肢棘蜥,,,,,,,no_image
83270,Acacia mearnsii,黑荆,images/00/08/00083270.webp,https://thumb.wikimedia.org/wikipedia/commons/thumb/3/34/Acacia_mearnsii_blossoms.jpg/960px-Acacia_mearnsii_blossoms.jpg?utm_source=en.wikipedia.org&utm_campaign=api&utm_content=thumbnail,,CC BY 2.5,https://creativecommons.org/licenses/by/2.5,https://en.wikipedia.org/wiki/File:Acacia_mearnsii_blossoms.jpg,ok
72475,Ablepharus alaicus,阿赖山泛蜥（阿赖山裂睑蜥）,images/00/07/00072475.webp,https://thumb.wikimedia.org/wikipedia/commons/thumb/8/82/Asymblepharus_alaicus.jpg/960px-Asymblepharus_alaicus.jpg?utm_source=en.wikipedia.org&utm_campaign=api&utm_content=thumbnail,A. C. Tatarinov,CC BY-SA 3.0,https://creativecommons.org/licenses/by-sa/3.0,https://en.wikipedia.org/wiki/File:Asymblepharus_alaicus.jpg,ok
10273,Acaphyllisa adamantis,,,,,,,,no_image
72510,Acanthocybium solandri,沙氏刺鲅,,https://upload.wikimedia.org/wikipedia/commons/1/16/Acanthocybium_solandri.png?utm_source=en.wikipedia.org&utm_campaign=api&utm_content=thumbnail_unscaled,Unknown authorUnknown author,Public domain,,https://en.wikipedia.org/wiki/File:Acanthocybium_solandri.png,download_failed
135112,Acarospora nodulosa,,,,,,,,no_image
9761,Acarhynchus ferrocalamus,,,,,,,,no_image
135132,Acarospora xanthophana,,,,,,,,no_image
155544,Acaulospora dilatata,膨胀无梗囊霉,,,,,,,no_image
155564,Acaulospora spinosa,刺无梗囊霉,,,,,,,no_image
83405,Acer oligocarpum,少果槭,,,,,,,no_image
83460,Acer wardii,滇藏槭,,,,,,,no_image
10407,Aceria liuzhouensis,,,,,,,,no_image
83322,Acanthophyllum cerastioides,卷耳霞草,,https://upload.wikimedia.org/wikipedia/commons/3/36/Gypsophila_cerastioides.jpg?utm_source=en.wikipedia.org&utm_campaign=api&utm_content=thumbnail_unscaled,Philippe.pechoux,CC BY-SA 3.0,https://creativecommons.org/licenses/by-sa/3.0,https://en.wikipedia.org/wiki/File:Gypsophila_cerastioides.jpg,download_failed
10247,Aceria pterocaryae,,,,,,,,no_image
10610,Aceria wuzhouensis,,,,,,,,no_image
139727,Acetabula calyx,,,,,,,,no_image
6498,Acetes serrulatus,锯齿毛虾,,,,,,,no_image
1548,Achaeus varians,变化英雄蟹,,,,,,,no_image
72604,Achalinus sheni,沈氏脊蛇,,,,,,,no_image
72580,Acentrogobius viganensis,头纹细棘鰕虎,images/00/07/00072580.webp,https://thumb.wikimedia.org/wikipedia/commons/thumb/9/98/Acentrogobius_nebulosus.jpg/960px-Acentrogobius_nebulosus.jpg?utm_source=en.wikipedia.org&utm_campaign=api&utm_content=thumbnail,Unknown authorUnknown author,Public domain,,https://en.wikipedia.org/wiki/File:Acentrogobius_nebulosus.jpg,ok
72622,Acheilognathus striatus,条纹&#x0000E05E;,,,,,,,no_image
83383,Acer kwangnanense,广南槭,images/00/08/00083383.webp,https://thumb.wikimedia.org/wikipedia/commons/thumb/5/55/Acer_pseudoplatanus_002.jpg/960px-Acer_pseudoplatanus_002.jpg?utm_source=en.wikipedia.org&utm_campaign=api&utm_content=thumbnail,Willow,CC BY-SA 2.5,https://creativecommons.org/licenses/by-sa/2.5,https://en.wikipedia.org/wiki/File:Acer_pseudoplatanus_002.jpg,ok
83487,Achnatherum duthiei,藏芨芨草,,,,,,,no_image
72541,Acanthurus japonicus,日本刺尾鱼,images/00/07/00072541.webp,https://thumb.wikimedia.org/wikipedia/commons/thumb/4/4c/Japanese_surgeonfish_%28Acanthurus_japonicus%29_%2829554756588%29.jpg/960px-Japanese_surgeonfish_%28Acanthurus_japonicus%29_%2829554756588%29.jpg?utm_source=en.wikipedia.org&utm_campaign=api&utm_content=thumbnail,Rickard Zerpe,CC BY 2.0,https://creativecommons.org/licenses/by/2.0,https://en.wikipedia.org/wiki/File:Japanese_surgeonfish_(Acanthurus_japonicus)_(29554756588).jpg,ok
83511,Achyrospermum wallichianum,西藏鳞果草,,,,,,,no_image
19683,Acidiostigma yoshinoi,吉野长痣实蝇,,,,,,,no_image
83523,Acilepis attenuata,狭长尖鸠菊,,,,,,,no_image
19693,Acklandia aculeatoides,直叶球喙花蝇,,,,,,,no_image
19663,Acidiella rectangularis,黑腹平脉实蝇,,,,,,,no_image
19713,Aclerls enitescens,悬钩子长翅卷蛾,,,,,,,no_image
19733,Aclerls ochropterana,藏褐长翅卷蛾,,,,,,,no_image
83535,Acmella ciliata,天文草,,,,,,,no_image
83433,Acer sikkimense,锡金槭,images/00/08/00083433.webp,https://thumb.wikimedia.org/wikipedia/commons/thumb/2/24/Acer_sikkimense_03.jpg/960px-Acer_sikkimense_03.jpg?utm_source=en.wikipedia.org&utm_campaign=api&utm_content=thumbnail,Krzysztof Golik,CC BY-SA 4.0,https://creativecommons.org/licenses/by-sa/4.0,https://en.wikipedia.org/wiki/File:Acer_sikkimense_03.jpg,ok
83545,Acomastylis macrosepala,大萼羽叶花,,,,,,,no_image
83566,Aconitum brevicalcaratum,短距乌头,,,,,,,no_image
83599,Aconitum daxinganlinense,大兴安岭乌头,,,,,,,no_image
83630,Aconitum fusungense,抚松乌头,,,,,,,no_image
83662,Aconitum jilongense,吉隆乌头,,,,,,,no_image
83700,Aconitum ludingense,泸定乌头,,,,,,,no_image
83727,Aconitum pendulum,铁棒锤,,,,,,,no_image
83753,Aconitum rhombifolium,菱叶乌头,,,,,,,no_image
10086,Aceria fraxini,,images/00/01/00010086.webp,https://thumb.wikimedia.org/wikipedia/commons/thumb/b/b7/Fraxinus_pennsylvanica-Aceria_fraxini-upperside_galls.jpg/960px-Fraxinus_pennsylvanica-Aceria_fraxini-upperside_galls.jpg?utm_source=en.wikipedia.org&utm_campaign=api&utm_content=thumbnail,peterwchen,CC BY 4.0,https://creativecommons.org/licenses/by/4.0,https://en.wikipedia.org/wiki/File:Fraxinus_pennsylvanica-Aceria_fraxini-upperside_galls.jpg,ok
83778,Aconitum spiripetalum,螺瓣乌头,,,,,,,no_image
83477,Achillea nobilis,壮观蓍,,https://upload.wikimedia.org/wikipedia/commons/a/ae/Achillea_nobilis_Sturm40.jpg?utm_source=en.wikipedia.org&utm_campaign=api&utm_content=thumbnail_unscaled,Johann Georg Sturm. Painted by Jacob Sturm,Public domain,,https://en.wikipedia.org/wiki/File:Achillea_nobilis_Sturm40.jpg,download_failed
3709,Acreuciroa rostrata,喙状蓑衣蛤,,,,,,,no_image
83807,Aconitum volubile,蔓乌头,,,,,,,no_image
19830,Acroceratitis ceratitina,二鬃刺角实蝇,,,,,,,no_image
141318,Acrodictys bambusicola,,,,,,,,no_image
19840,Acrocormus eucallus,美翅痣斑金小蜂,,,,,,,no_image
83842,Acrolejeunea arcuata,弯叶顶鳞苔,,,,,,,no_image
83880,Acronema yadongense,亚东丝瓣芹,,,,,,,no_image
83856,Acronema brevipedicellatum,短柄丝瓣芹,,,,,,,no_image
19878,Acronicta gminata,复剑纹夜蛾,,,,,,,no_image
6995,Acropora aspera,矛枝鹿角珊瑚,,,,,,,no_image
19794,Acraea violae,斑珍蝶,,https://thumb.wikimedia.org/wikipedia/commons/thumb/8/83/Open_wing_position_of_Acraea_terpsicore_Linnaeus%2C_1758_%E2%80%93_Tawny_Coster.jpg/960px-Open_wing_position_of_Acraea_terpsicore_Linnaeus%2C_1758_%E2%80%93_Tawny_Coster.jpg?utm_source=en.wikipedia.org&utm_campaign=api&utm_content=thumbnail,,,,https://en.wikipedia.org/wiki/Acraea_violae,license_rejected
6936,Acropora grandis,巨枝鹿角珊瑚,,,,,,,no_image
72631,Acridotheres albocinctus,白领八哥,,https://upload.wikimedia.org/wikipedia/commons/e/eb/Acridotheres_albocinctus_-_William_Stephens_-_63646478.jpeg?utm_source=en.wikipedia.org&utm_campaign=api&utm_content=thumbnail_unscaled,,,,https://en.wikipedia.org/wiki/Acridotheres_albocinctus,license_rejected
19898,Acronicta raphael,苏剑纹夜蛾,,,,,,,no_image
83359,Acer cordatum,紫果槭,images/00/08/00083359.webp,https://thumb.wikimedia.org/wikipedia/commons/thumb/d/d9/Acer_cordatum_9699586.jpg/960px-Acer_cordatum_9699586.jpg?utm_source=en.wikipedia.org&utm_campaign=api&utm_content=thumbnail,Aaron Liston,CC BY 4.0,https://creativecommons.org/licenses/by/4.0,https://en.wikipedia.org/wiki/File:Acer_cordatum_9699586.jpg,ok
83827,Acrocarpus fraxinifolius,顶果木,,https://thumb.wikimedia.org/wikipedia/commons/thumb/b/ba/Acrocarpus_fraxinifolius_%282196031374%29.jpg/960px-Acrocarpus_fraxinifolius_%282196031374%29.jpg?utm_source=en.wikipedia.org&utm_campaign=api&utm_content=thumbnail,,,,https://en.wikipedia.org/wiki/Acrocarpus_fraxinifolius,license_rejected
83886,Acroporium secundum,心叶顶胞藓,,,,,,,no_image
6991,Acropora robusta,壮实鹿角珊瑚,,,,,,,no_image
83893,Acrosorium venulosum,具钩顶群藻,,,,,,,no_image
72686,Acrossocheilus yunnanensis,云南光唇鱼,,,,,,,no_image
19954,Acrotona grata,,,,,,,,no_image
19937,Acrothinium hirsutum,多毛丽肖叶甲,,,,,,,no_image
19974,Acrotona probans,,,,,,,,no_image
83904,Actaea japonica,小升麻,,,,,,,no_image
9071,Acrotritia ardua,,,,,,,,no_image
3901,Acteocina gordonis,扭唇拟捻螺,,,,,,,no_image
20010,Actias dubernardi,长尾大蚕蛾,,,,,,,no_image
83930,Actinidia farinosa,粉毛猕猴桃,,,,,,,no_image
20032,Actina maculipennis,多斑星水虻,,,,,,,no_image
83958,Actinidia melanandra,黑蕊猕猴桃,,,,,,,no_image
83982,Actinidia umbelloides,伞花猕猴桃,,,,,,,no_image
83995,Actinodaphne kweichowensis,黔桂黄肉楠,,,,,,,no_image
155938,Actinomucor elegans,雅致放射状毛霉,,,,,,,no_image
8173,Actinothoe qingdaoensis,青岛敏捷海葵,,,,,,,no_image
10471,Aculochetus bambusus,,,,,,,,no_image
10384,Aculops lycii,,,,,,,,no_image
10406,Aculops yangxianensrs,,,,,,,,no_image
10279,Aculus huixiansis,,,,,,,,no_image
10504,Aculus shanghaiensis,,,,,,,,no_image
20063,Acytolepis puspa,钮灰蝶,,,,,,,no_image
19772,Acosmeryx cacthschild,窗翅缺角天蛾,,https://thumb.wikimedia.org/wikipedia/commons/thumb/0/06/Dahira_hoenei_RB052_male_up.jpg/960px-Dahira_hoenei_RB052_male_up.jpg?utm_source=en.wikipedia.org&utm_campaign=api&utm_content=thumbnail,"The Trustees of the Natural History Museum, London",CC BY 3.0,https://creativecommons.org/licenses/by/3.0,https://en.wikipedia.org/wiki/File:Dahira_hoenei_RB052_male_up.jpg,download_failed
20082,Adapsilia verrucifer,疣适蜣蝇,,,,,,,no_image
20100,Adelphococris melanocephalus,黑头苜蓿盲蝽,,,,,,,no_image
20120,Adelphomyia platystyla,平尾盲大蚊,,,,,,,no_image
84042,Adenophora elata,狭长花沙参,,,,,,,no_image
84075,Adenophora potaninii,泡沙参,,,,,,,no_image
84107,Adenostemma lavenia,下田菊,,,,,,,no_image
84126,Adiantum flabellulatum,扇叶铁线蕨,,,,,,,no_image
84149,Adiantum sinicum,苍山铁线蕨,,,,,,,no_image
84174,Adinandra hirta,粗毛杨桐,,,,,,,no_image
20139,Admontia continuans,亮黑毛颜寄蝇,,,,,,,no_image
20146,Adoxomyia formosana,台湾隐水虻,,,,,,,no_image
153463,Aecidium meliosmae-myrianthi,,,,,,,,no_image
20187,Aedes christophersi,克氏伊蚊,,,,,,,no_image
20208,Aedes excrucians,刺痛伊蚊,,,,,,,no_image
20229,Aedes intrudens,侵袭伊蚊,,,,,,,no_image
20251,Aedes ningheensis,宁河伊蚊,,,,,,,no_image
20271,Aedes pulchriventer,美腹伊蚊,,,,,,,no_image
7008,Aeginura grimaldii,八手筐水母,,,,,,,no_image
20291,Aedes taiwanus,台湾伊蚊,,,,,,,no_image
84212,Aegopodium henryi,巴东羊角芹,,,,,,,no_image
84216,Aeluropus micrantherus,微药獐毛,,,,,,,no_image
20330,Aeolothrips kuwanaii,桑名纹蓟马,,,,,,,no_image
20339,Aequoreus linealaus,细纹叉突叶蝉,,,,,,,no_image
72730,Aerodramus brevirostris,短嘴金丝燕,,,,,,,no_image
20361,Aeropedellus ningxiaensis,宁夏蛛蝗,,,,,,,no_image
20383,Aeschnophlebia nankunshanensis,南昆山黑额蜓,,,,,,,no_image
84257,Aeschynanthus dolichanthus,长花芒毛苣苔,,,,,,,no_image
84277,Aeschynanthus moningeriae,红花芒毛苣苔,,,,,,,no_image
84300,Aesculus turbinata,日本七叶树,,,,,,,no_image
20411,Aethes citreoflava,多斑双纹卷蛾,,,,,,,no_image
72758,Aetobatus narinari,纳氏鹞鲼,,,,,,,no_image
20427,Agadasys hexablepharis,六斑多毛广口蝇,,,,,,,no_image
20440,Agape chloropyga,黄绿安拟灯蛾,,,,,,,no_image
84357,Agapetes miniata,朱红树萝卜,,,,,,,no_image
84334,Agapetes hongheensis,红河树萝卜,,,,,,,no_image
84377,Agapetes subsessilifolia,近无柄树萝卜,,,,,,,no_image
144934,Agaricus argentinus,阿根廷蘑菇,,,,,,,no_image
144954,Agaricus bresadolianus,伯列氏蘑菇,,,,,,,no_image
144974,Agaricus compressipes,扁柄菇,,,,,,,no_image
144994,Agaricus edulis,美味蘑菇,,,,,,,no_image
145014,Agaricus langei,赭褐蘑菇,,,,,,,no_image
145074,Agaricus sagatus,,,,,,,,no_image
145034,Agaricus minimus,,,,,,,,no_image
145054,Agaricus porphyrocephalus,紫盖蘑菇,,,,,,,no_image
145094,Agaricus sylvicola,,,,,,,,no_image
145114,Agaricus yunnanensis,云南菇,,,,,,,no_image
20479,Agehana elwesi,宽尾凤蝶,,,,,,,no_image
20463,Agathia visenda,焦斑艳青尺蛾,,,,,,,no_image
20500,Agelasta tonkinea,,,,,,,,no_image
84398,Aglaia rimosa,椭圆叶米仔兰,,,,,,,no_image
20507,Agelosus carinatus,,,,,,,,no_image
20535,Agnaptoria belousovi,贝氏贞琵甲,,,,,,,no_image
5788,Aglaophamus phuketensis,普吉内卷齿蚕,,,,,,,no_image
20555,Agnaptoria rubripes,红色贞琵甲,,,,,,,no_image
20577,Agnetina praeusta,烟翅剑(虫责),,,,,,,no_image
20602,Agnidra specularia,花距钩蛾,,,,,,,no_image
20618,Agonita discrepans,梯胸三脊甲,,,,,,,no_image
612,Agononida incerta,不定斗铠虾,,,,,,,no_image
148159,Agrocybe erebia,湿粘田头菇,,,,,,,no_image
20645,Agriocnemis splendidissima,印度小蟌,,,,,,,no_image
15471,Agroeca coreana,朝鲜田野蛛,,,,,,,no_image
20664,Agromyza obesa,强壮潜蝇,,,,,,,no_image
84443,Agrostis hugoniana,甘青剪股颖,,,,,,,no_image
20688,Agrotis crassa,显纹地夜蛾,,,,,,,no_image
20677,Agrosteella oligotricha,疏毛平胸叶甲,,,,,,,no_image
14130,Agyneta birulai,毕氏丘皿蛛,,,,,,,no_image
84460,Ahernia glandulosa,菲柞,,,,,,,no_image
20726,Ahmaditermes xiangyunensis,祥云钝颚白蚁,,,,,,,no_image
84480,Ailanthus fordii,常绿臭椿,,,,,,,no_image
84504,Ainsliaea crassifolia,厚叶兔儿风,,,,,,,no_image
84560,Ajania gracilis,多枝亚菊,,,,,,,no_image
84529,Ainsliaea nervosa,直脉兔儿风,,,,,,,no_image
10730,Aiptasia pulchella,美丽固边海葵,,,,,,,no_image
84580,Ajania tibetica,西藏亚菊,,,,,,,no_image
72772,Akrokolioplax bicornis,角鱼,,,,,,,no_image
84604,Ajuga lobata,匍枝筋骨草,,,,,,,no_image
151922,Albatrellus flettii,蓝黄地花菌,,,,,,,no_image
15689,Alaskobius takakuwai,高氏石蜈蚣,,,,,,,no_image
84662,Albizia calcarea,光腺合欢,,,,,,,no_image
20747,Alcecoris linyangorum,鹿角树盲蝽,,,,,,,no_image
6191,Alciopina parasitica,眼蚕,,,,,,,no_image
138430,Albotricha changbaiensis,长白白毛盘菌,,,,,,,no_image
20752,Aleiodes aestuosus,夏脊茧蜂,,,,,,,no_image
20772,Aleiodes eurinus,东风脊茧蜂,,,,,,,no_image
20792,Aleiodes pallidistigma,白痣脊茧蜂,,,,,,,no_image
72831,Alectis indica,印度丝鲹,,,,,,,no_image
20808,Aleochara asiatica,,,,,,,,no_image
20828,Aleochara fumata,,,,,,,,no_image
20868,Aleochara uttariana,,,,,,,,no_image
20848,Aleochara postica,,,,,,,,no_image
20876,Aletia consanguis,暗灰研夜蛾,,,,,,,no_image
84716,Aletris yaanica,雅安肺筋草,,,,,,,no_image
140342,Aleurina argentina,,,,,,,,no_image
20896,Aletia salebrosa,崎研夜蛾,,,,,,,no_image
140362,Aleurina puiggarii,,,,,,,,no_image
84733,Aleuritopteris gongshanensis,贡山粉背蕨,,,,,,,no_image
20900,Aleurodaphis asteris,紫菀粉虱蚜,,,,,,,no_image
152545,Aleurodiscus oakesii,变丝盘革菌,,,,,,,no_image
20913,Alevonota taiwanica,,,,,,,,no_image
20922,Algon fukienensis,,,,,,,,no_image
84761,Alhagi camelorum,骆驼刺,,,,,,,no_image
84766,Alisma orientale,东方泽泻,,,,,,,no_image
132368,Allantophomoides carotae,,,,,,,,no_image
84784,Alliaria petiolata,葱芥,,,,,,,no_image
20973,Alliopsis latifrons,宽额毛眼花蝇,,,,,,,no_image
84789,Allium anisopodium,矮韭,,,,,,,no_image
84817,Allium chrysanthum,野葱,,,,,,,no_image
84838,Allium forrestii,梭沙韭,,,,,,,no_image
84884,Allium neriniflorum,长梗韭,,,,,,,no_image
84862,Allium kirilovii,七河韭,,,,,,,no_image
84911,Allium przewalskianum,青甘韭,,,,,,,no_image
84933,Allium sichuanense,走茎韭,,,,,,,no_image
84953,Allium tianschanicum,天山韭,,,,,,,no_image
20991,Allobaccha fallax,法异巴蚜蝇,,,,,,,no_image
15538,Allochthonius sichuanensis,四川异伪蝎,,,,,,,no_image
72865,Allocricetulus eversmanni,短尾仓鼠,,,,,,,no_image
21020,Alloeorhynchus notatus,黄头异姬蝽,,,,,,,no_image
21059,Allognosta singularis,单斑距水虻,,,,,,,no_image
21039,Allognosta flava,黄棒距水虻,,,,,,,no_image
21078,Allohelea subannulata,类环纹埃蠓,,,,,,,no_image
84974,Allomorphia baviensis,越南异形木,,,,,,,no_image
19352,Allonychiurus megasomus,,,,,,,,no_image
21090,Allophorocera cinerea,灰粉异寄蝇,,,,,,,no_image
21096,Alloplandria opacicollis,,,,,,,,no_image
21117,Allotrionymus multipori,多孔配粉蚧,,,,,,,no_image
84992,Alloteropsis semialata,毛颖草,,,,,,,no_image
21132,Alluaudomyia forcipulata,钳棘阿蠓,,,,,,,no_image
21152,Almeida pilosa,长毛点刻花蝽,,,,,,,no_image
85014,Alocasia lihengiae,李恒海芋,,,,,,,no_image
21188,Aloconota uncinata,,,,,,,,no_image
21167,Aloconota lanzhouensis,,,,,,,,no_image
16531,Alopecosa cursor,疾行舞蛛,,,,,,,no_image
85032,Alopecurus myosuroides,大穗看麦娘,,,,,,,no_image
16540,Alopecosa orbisaca,圆囊舞蛛,,,,,,,no_image
1312,Alpheus alcyone,海绵鼓虾,,,,,,,no_image
1351,Alpheus dolichodactylus,马拉巴鼓虾长指亚种,,,,,,,no_image
1398,Alpheus serenei,蓝螯鼓虾,,,,,,,no_image
1384,Alpheus macroskeles,大脊鼓虾,,,,,,,no_image
85042,Alphonsea ventricosa,厚叶藤春,,,,,,,no_image
85067,Alpinia guinanensis,桂南山姜,,,,,,,no_image
72874,Alpiscaptulus medogensis,墨脱鼹,,,,,,,no_image
85088,Alpinia ovoideicarpa,卵果山姜,,,,,,,no_image
85139,Alternanthera philoxeroides,空心莲子草,,,,,,,no_image
85125,Alsophila gigantea,大叶黑桫椤,,,,,,,no_image
133888,Alternaria crotonicola,,,,,,,,no_image
133848,Alternaria azukiae,,,,,,,,no_image
133868,Alternaria carthami-tinctorii,,,,,,,,no_image
133908,Alternaria forsythiae,,,,,,,,no_image
133928,Alternaria longipes,,,,,,,,no_image
133948,Alternaria panax,,,,,,,,no_image
133988,Alternaria spinaciae,,,,,,,,no_image
133968,Alternaria pruni,,,,,,,,no_image
134008,Alternaria yali-inficiens,,,,,,,,no_image
72883,Alticola strelzowi,扁颅高山䶄,,,,,,,no_image
21215,Alulatettix zhengi,郑氏微翅蚱,,,,,,,no_image
85159,Alyssum dasycarpum,粗果庭荠,,,,,,,no_image
21228,Amamiclytus juni,,,,,,,,no_image
72887,Amandava amandava,红梅花雀,,,,,,,no_image
142295,Amanita baccata,,,,,,,,no_image
142315,Amanita cinereopannosa,,,,,,,,no_image
142355,Amanita inculta,,,,,,,,no_image
142395,Amanita parvipantherina,小豹斑鹅膏,,,,,,,no_image
142335,Amanita franchetii,浅褐鹅膏菌,,,,,,,no_image
142375,Amanita multisquamosa,,,,,,,,no_image
142415,Amanita sinensis,中华鹅膏,,,,,,,no_image
145557,Amanitopsis inaurata,,,,,,,,no_image
142435,Amanita tomentosivolva,,,,,,,,no_image
85203,Amaranthus rudis,西部苋,,,,,,,no_image
21251,Amarysius suturalis,,,,,,,,no_image
151137,Amauroderma boleticeum,,,,,,,,no_image
151177,Amauroderma rudis,,,,,,,,no_image
151157,Amauroderma juxtarugosum,小孢乌芝,,,,,,,no_image
143790,Amazonia peregrina,,,,,,,,no_image
72920,Amblyeleotris wheeleri,威氏钝塘鳢,,,,,,,no_image
85211,Amblovenatum opulentum,硫腺蕨,,,,,,,no_image
72935,Amblyotrypauchen arctocephalus,窄头钝孔鰕虎,,,,,,,no_image
21284,Amblypsilopus flaviappendiculatus,黄附雅长足虻,,,,,,,no_image
21304,Amblypsilopus qinlingensis,秦岭雅长足虻,,,,,,,no_image
144168,Ambrosiella beaveri,,,,,,,,no_image
85227,Amentotaxus argotaenia,穗花杉,,,,,,,no_image
21334,Amegilla hainanensis,海南无垫蜂,,,,,,,no_image
5932,Amigdoscalpellum vitreum,玻璃友铠茗荷,,,,,,,no_image
21380,Amiota biacuta,双突阿果蝇,,,,,,,no_image
21400,Amiota flavipes,黄足阿果蝇,,,,,,,no_image
21420,Amiota montuosa,山地阿果蝇,,,,,,,no_image
21460,Amischa puetzi,,,,,,,,no_image
21440,Amiota shennongi,神农阿果蝇,,,,,,,no_image
21466,Ammothereva nuda,裸额沙剑虻,,,,,,,no_image
72947,Amolops beibengensis,背崩湍蛙,,,,,,,no_image
72968,Amolops huanglianshanensis,黄连山湍蛙,,,,,,,no_image
72989,Amolops sinensis,中华湍蛙,,,,,,,no_image
85249,Amomum chinense,海南假砂仁,,,,,,,no_image
85269,Amomum odontocarpum,波翅豆蔻,,,,,,,no_image
85308,Amorphophallus stipitatus,梗序魔芋,,,,,,,no_image
85291,Amomum yingjiangense,盈江砂仁,,,,,,,no_image
6031,Ampelisca brevicornis,短角双眼钩虾,,,,,,,no_image
85313,Ampelocalamus actinotrichus,射毛悬竹,,,,,,,no_image
133790,Ampelomyces humuli,,,,,,,,no_image
7373,Amphicaryon acaule,尖双钟水母,,,,,,,no_image
21494,Amphalius spirataenius,卷带倍蚤,,,,,,,no_image
21514,Amphilobocentrus bifasciatus,二带侧瓣角蝉,,,,,,,no_image
21515,Amphinemura acutata,尖突倍叉(虫责),,,,,,,no_image
21535,Amphinemura dispositspina,排刺倍叉(虫责),,,,,,,no_image
21555,Amphinemura interrupta,间臂倍叉(虫责),,,,,,,no_image
21575,Amphinemura pediformis,足叶倍叉(虫责),,,,,,,no_image
1199,Amphioplus sinicus,中华倍棘蛇尾,,,,,,,no_image
1229,Amphiodia clarki,克氏三齿蛇尾,,,,,,,no_image
73028,Amphiprion sandaracinos,白背双锯鱼,,,,,,,no_image
21624,Amphipsylla qinghaiensis,青海双蚤,,,,,,,no_image
21653,Amphipyra pyramidea,果红裙杂夜蛾,,,,,,,no_image
1236,Amphiura dejecta,排异阳遂足,,,,,,,no_image
21674,Amurinocellia calida,远东异盲蛇蛉,,,,,,,no_image
3520,Ampithoe ramondi,雷氏藻钩虾,,,,,,,no_image
5362,Amygdalum polita,大杏蛤,,,,,,,no_image
152012,Amylostereum chailletii,细淀粉韧革菌,,,,,,,no_image
17825,Amynthas balteolatus,巴尔远盲蚓,,,,,,,no_image
17816,Amynthas corrugatus,皱褶远盲蚓,,,,,,,no_image
17963,Amynthas dorsualis,背面远盲蚓,,,,,,,no_image
17922,Amynthas illotus,污秽远盲蚓,,,,,,,no_image
17795,Amynthas genitalis,殖突远盲蚓,,,,,,,no_image
17896,Amynthas limpidus,清晰远盲蚓,,,,,,,no_image
17904,Amynthas moniliatus,环串远盲蚓,,,,,,,no_image
17928,Amynthas retortus,曲折远盲蚓,,,,,,,no_image
17897,Amynthas orbicularis,圆球远盲蚓,,,,,,,no_image
17740,Amynthas takatorii,高鸟远盲蚓,,,,,,,no_image
17891,Amynthas wujhouensis,浯洲远盲蚓,,,,,,,no_image
85382,Anacamptodon fortunei,华东反齿藓,,,,,,,no_image
73044,Anabarilius maculatus,斑白鱼,,,,,,,no_image
85385,Anacolia laevisphaera,平果刺毛藓,,,,,,,no_image
21714,Anaesthetobrium lieuae,,,,,,,,no_image
21732,Anaglyptus lizhigangi,,,,,,,,no_image
21772,Anagyrus pseudococci,,,,,,,,no_image
21752,Anagyrus aurantifrons,橙额长索跳小蜂,,,,,,,no_image
146529,Anamika angustilamellata,窄褶干盖锈伞,,,,,,,no_image
85435,Anaphalis likiangensis,丽江香青,,,,,,,no_image
85408,Anaphalis busua,蛛毛香青,,,,,,,no_image
85465,Anaphalis tenuissima,细弱香青,,,,,,,no_image
21795,Anapodisma rufupenna,红翅安秃蝗,,,,,,,no_image
135256,Anaptychia lutescens,,,,,,,,no_image
73064,Anarchias cantonensis,坎顿高眉鳝,,,,,,,no_image
73069,Anas luzonica,棕颈鸭,,,,,,,no_image
21826,Anastoechus turriformis,塔茎雏蜂虻,,,,,,,no_image
21873,Anatkina xanthomacula,黄斑大叶蝉,,,,,,,no_image
21853,Anatkina illustris,点翅斑大叶蝉,,,,,,,no_image
85489,Anastrophyllum saxicola,石生挺叶苔,,,,,,,no_image
73076,Ancherythroculter kurematsui,高体近红鲌,,,,,,,no_image
15819,Anaulaciulus paludicola,沼少纹姬马陆,,,,,,,no_image
21919,Ancylis badiana,豌豆镰翅小卷蛾,,,,,,,no_image
21903,Anchocerus smetanai,,,,,,,,no_image
85495,Andreaea morrisonensis,玉山黑藓,,,,,,,no_image
85511,Andropogon munroi,西藏须芒草,,,,,,,no_image
85530,Androsace dasyphylla,毛叶点地梅,,,,,,,no_image
85552,Androsace incana,白花点地梅,,,,,,,no_image
85572,Androsace pomeiensis,波密点地梅,,,,,,,no_image
85595,Androsace zambalensis,高原点地梅,,,,,,,no_image
85612,Anemone coelestina,,,,,,,,no_image
8256,Anelassorhynchus inanensis,那霸单吻套螠,,,,,,,no_image
85650,Anemone motuoensis,墨脱银莲花,,,,,,,no_image
85686,Anemone subindivisa,微裂银莲花,,,,,,,no_image
11166,Anepsion maritatum,斑秃头蛛,,,,,,,no_image
2774,Angaria delphinus,海豚螺,,,,,,,no_image
85746,Angelica morii,福参,,,,,,,no_image
85723,Angelica dahurica,白芷,,,,,,,no_image
85800,Angiopteris sparsisora,法斗观音座莲,,,,,,,no_image
85770,Angelica valida,金山当归,,,,,,,no_image
85780,Angiopteris danaeoides,尾叶原始观音座莲,,,,,,,no_image
6348,Anguipecten lamberti,朗氏蛇斑扇贝,,,,,,,no_image
21994,Angustuma menglunensis,勐仑狭顶叶蝉,,,,,,,no_image
22008,Anicetus ceroplastis,蜡蚧扁角跳小蜂,,,,,,,no_image
144184,Aniptodera margarition,,,,,,,,no_image
3696,Anisocorbula venusta,雅异篮蛤,,,,,,,no_image
22032,Anisogomphus wuzhishanus,五指山异春蜓,,,,,,,no_image
132358,Anisomeridium subnexum,亚织异形菌,,,,,,,no_image
22051,Anisopteromalus calandrae,谷象金小蜂,,,,,,,no_image
85834,Anneslea fragrans,茶梨,,,,,,,no_image
22065,Annamanum fuscomaculatum,,,,,,,,no_image
144570,Annulohypoxylon elevatidiscum,,,,,,,,no_image
22079,Anoba sinuata,波谷夜蛾,,,,,,,no_image
85858,Anoectochilus emeiensis,峨眉金线兰,,,,,,,no_image
22082,Anomalicornia tenuicornis,,,,,,,,no_image
85881,Anomodon abbreviatus,单疣牛舌藓,,,,,,,no_image
22098,Anomoia bivittata,斑背斜脉实蝇,,,,,,,no_image
22114,Anomophysis elongata,,,,,,,,no_image
22129,Anopheles culicifacies,库态按蚊,,,,,,,no_image
22170,Anopheles sintonoides,宽磷按蚊,,,,,,,no_image
22150,Anopheles lindesayi,林氏按蚊,,,,,,,no_image
22193,Anoplodera densepunctata,,,,,,,,no_image
22213,Anoplodera tricolor,,,,,,,,no_image
22230,Anoplophora flavomaculata,,,,,,,,no_image
22252,Anoplophora tonkinea,,,,,,,,no_image
22263,Anotogaster gregoryi,格氏圆臀大蜓,,,,,,,no_image
22281,Anotylus cimicoides,,,,,,,,no_image
22301,Anotylus latiusculus,,,,,,,,no_image
22323,Anotylus schuelkei,,,,,,,,no_image
73112,Anser cygnoides,鸿雁,,,,,,,no_image
73127,Antennatus coccineus,细斑手躄鱼,,,,,,,no_image
22342,Anteon chaoi,赵氏单爪螯蜂,,,,,,,no_image
22362,Anteon japonicum,日本单爪螯蜂,,,,,,,no_image
22382,Anteon peterseni,彼氏单爪螯蜂,,,,,,,no_image
22402,Anteon thai,泰单爪螯蜂,,,,,,,no_image
22453,Anthobium anishchenkoi,,,,,,,,no_image
22427,Anthidium diadema,凹顶黄斑蜂,,,,,,,no_image
22413,Anthene emolus,尖角灰蝶,,,,,,,no_image
22468,Anthocharis bieti,皮氏尖襟粉蝶,,,,,,,no_image
22489,Anthocoris hsiaoi,萧氏原花蝽,,,,,,,no_image
22509,Anthocoris zoui,邹氏原花蝽,,,,,,,no_image
22524,Anthomyia pluvialis,雨兆花蝇,,,,,,,no_image
22542,Anthophora arctic,北方条蜂,,,,,,,no_image
22562,Anthophora freimuthi,中亚条蜂,,,,,,,no_image
22584,Anthophora muscara,蝇条蜂,,,,,,,no_image
22604,Anthophora sichuanensis,四川条蜂,,,,,,,no_image
7969,Anthopleura nigrescens,黑侧花海葵,,,,,,,no_image
144687,Anthostomella gigantea,,,,,,,,no_image
85913,Anthoxanthum glabrum,光稃茅香,,,,,,,no_image
154886,Anthracoidea elynae,嵩草黑穗菌,,,,,,,no_image
154906,Anthracoidea royleanae,喜马拉雅嵩草炭黑粉菌,,,,,,,no_image
134652,Anthracothecium columellatum,,,,,,,,no_image
85926,Anthriscus sylvestris,峨参,,,,,,,no_image
22634,Antialcidas guizhouensis,贵州结角蝉,,,,,,,no_image
85945,Antidesma nienkui,大果五月茶,,,,,,,no_image
22651,Antiochtha rotunda,圆瘿祝蛾,,,,,,,no_image
85949,Antirhea chinensis,毛茶,,,,,,,no_image
22665,Antocha flavidula,淡黄安大蚊,,,,,,,no_image
22685,Antocha streptocera,扭角安大蚊,,,,,,,no_image
150870,Antrodia sinuosa,,,,,,,,no_image
85967,Antrophyum sessilifolium,无柄车前蕨,,,,,,,no_image
134255,Anungitea heterospora,,,,,,,,no_image
85970,Anzhengxia yechengnica,争夕芥,,,,,,,no_image
22710,Aoria carinata,脊鞘厚缘肖叶甲,,,,,,,no_image
22748,Apamea monoglypha,单齿秀夜蛾,,,,,,,no_image
22728,Apalacris nigrogeniculata,黑膝胸斑蝗,,,,,,,no_image
22797,Apelaunothrips medioflavus,中黄网管蓟马,,,,,,,no_image
134636,Aphanoascus fulvescens,,,,,,,,no_image
22768,Apatophysis niisatoi,,,,,,,,no_image
22816,Aphelia cinerarialis,灰光卷蛾,,,,,,,no_image
22836,Aphelopus maculiclypeus,斑唇常足螯蜂,,,,,,,no_image
22856,Aphendala castanea,栗润刺蛾,,,,,,,no_image
85988,Aphragmus serpens,蛇形弯梗芥,,,,,,,no_image
22892,Aphrodisium neoxenum,,,,,,,,no_image
22908,Aphycus sapporoensis,札幌艾菲跳小蜂,,,,,,,no_image
22911,Apiloscatopse longipes,长足裸粪蚊,,,,,,,no_image
86004,Apios chendezhaoana,中华豆,,,,,,,no_image
86013,Apluda mutica,水蔗草,,,,,,,no_image
22957,Apodacra melanarista,暗喜柄蜂麻蝇,,,,,,,no_image
86012,Apium graveolens,芹,,,,,,,no_image
86020,Apodytes dimidiata,柴龙树,,,,,,,no_image
73219,Apogon truncatus,截尾天竺鲷,,,,,,,no_image
22967,Apolygus angustus,狭后丽盲蝽,,,,,,,no_image
23005,Apomecyna naevia,,,,,,,,no_image
22987,Apolygus pulchellus,美丽后丽盲蝽,,,,,,,no_image
23065,Aporia largeteaui,大翅绢粉蝶,,,,,,,no_image
156046,Apophysomyces elegans,精美尖端节肿霉,,,,,,,no_image
143793,Appendiculella altingiae,,,,,,,,no_image
143813,Appendiculella photiniicola,,,,,,,,no_image
23115,Apotomis sororculana,桦斜纹小卷蛾,,,,,,,no_image
86029,Aporosa planchoniana,全缘叶银柴,,,,,,,no_image
73231,Aprion virescens,蓝短鳍笛鲷,,,,,,,no_image
73242,Apristurus pinguis,粗体光尾鲨,,,,,,,no_image
23181,Apsarasa radians,辐射夜蛾,,,,,,,no_image
73253,Apus pacificus,白腰雨燕,,,,,,,no_image
86055,Aquilegia hebeica,河北耧斗菜,,,,,,,no_image
86102,Arachniodes fengii,国楣复叶耳蕨,,,,,,,no_image
86122,Arachniodes quadripinnata,四回毛枝蕨,,,,,,,no_image
86081,Arabis bijuga,大花南芥,,,,,,,no_image
23196,Araeopsylla gestroi,截端窄蝠蚤,,,,,,,no_image
137781,Arachnopeziza colachna,粒毛蛛盘菌,,,,,,,no_image
86151,Aralia echinocaulis,棘茎楤木,,,,,,,no_image
86173,Aralia spinifolia,长刺楤木,,,,,,,no_image
11249,Araneus albabdominalis,白腹园蛛,,,,,,,no_image
10941,Araneus circellus,小环园蛛,,,,,,,no_image
11156,Araneus paenulatus,斗蓬园蛛,,,,,,,no_image
11204,Araneus scutellatus,碟形园蛛,,,,,,,no_image
11174,Araneus gurdus,笨园蛛,,,,,,,no_image
11029,Araneus wulongensis,武隆园蛛,,,,,,,no_image
23208,Araragi enthea,癞灰蝶,,,,,,,no_image
23231,Arbolygus glaber,光滑树丽盲蝽,,,,,,,no_image
73284,Arborophila torqueola,环颈山鹧鸪,,,,,,,no_image
86187,Arceuthobium chinense,油杉寄生,,,,,,,no_image
23251,Archanara sparganii,黑三棱锹额夜蛾,,,,,,,no_image
86202,Archidendron chevalieri,坛腺棋子豆,,,,,,,no_image
23254,Archilobesia drymoptilia,黄花翅小卷蛾,,,,,,,no_image
23292,Archips tabescens,白点黄卷蛾,,,,,,,no_image
23272,Archips hemixantha,大黄卷蛾,,,,,,,no_image
9168,Arcoppia viperea,蛇形弓奥甲螨,,,,,,,no_image
86226,Arctium nidulans,虎头蓟,,,,,,,no_image
86234,Arctopoa tibetica,西藏类早熟禾,,,,,,,no_image
16514,Arctosa indica,印熊蛛,,,,,,,no_image
16273,Arctosa vaginalis,鞘熊蛛,,,,,,,no_image
86251,Ardisia brunnescens,凹脉紫金牛,,,,,,,no_image
23333,Arcyptera fusca,,,,,,,,no_image
86271,Ardisia garrettii,小乔木紫金牛,,,,,,,no_image
86293,Ardisia ordinata,轮叶紫金牛,,,,,,,no_image
86315,Ardisia verbascifolia,长毛紫金牛,,,,,,,no_image
86323,Arenaria monosperma,单子无心菜,,,,,,,no_image
8414,Argathona rhinoceros,长吻银体水虱,,,,,,,no_image
86353,Argentina interrupta,间断蕨麻,,,,,,,no_image
86382,Argentina turfosa,簇生蕨麻,,,,,,,no_image
86398,Argyreia eriocephala,毛头银背藤,,,,,,,no_image
11043,Argiope minuta,小悦目金蛛,,,,,,,no_image
23348,Arguda horishana,台线枯叶蛾,,,,,,,no_image
86423,Argyrochosma connectens,四川银旱蕨,,,,,,,no_image
73323,Argyropelecus hemigymnus,半裸银斧鱼,,,,,,,no_image
23416,Arhopalus tibetanus,,,,,,,,no_image
23389,Arhopala bazala,百娆灰蝶,,,,,,,no_image
23430,Aridelus flavlcans,黄蝽茧蜂,,,,,,,no_image
73334,Ariosoma anago,穴美体鳗,,,,,,,no_image
86438,Arisaema chenii,陈氏南星,,,,,,,no_image
86459,Arisaema grapsospadix,毛笔南星,,,,,,,no_image
86480,Arisaema lushuiense,泸水南星,,,,,,,no_image
86500,Arisaema pulchellum,美苞南星,,,,,,,no_image
86522,Arisaema wardii,隐序南星,,,,,,,no_image
86536,Aristida triseta,三刺草,,,,,,,no_image
86542,Aristolochia contorta,北马兜铃,,,,,,,no_image
86562,Aristolochia yachangensis,雅长马兜铃,,,,,,,no_image
23464,Armigeres aureolineatus,金线阿蚊,,,,,,,no_image
147680,Armillaria borealis,北方蜜环菌,,,,,,,no_image
147700,Armillariella cepistipes,黄小蜜环菌,,,,,,,no_image
73346,Arnoglossus aspilos,无斑羊舌鲆,,,,,,,no_image
148396,Arrhenia onisca,,,,,,,,no_image
73356,Arothron immaculatus,无斑叉鼻鲀,,,,,,,no_image
86590,Artabotrys rubriflorus,红花鹰爪花,,,,,,,no_image
86613,Artemisia baimaensis,班玛蒿,,,,,,,no_image
86635,Artemisia dalai-lamae,米蒿,,,,,,,no_image
86701,Artemisia incisa,尖裂叶蒿,,,,,,,no_image
86672,Artemisia freyniana,绿栉齿叶蒿,,,,,,,no_image
86728,Artemisia leucophylla,白叶蒿,,,,,,,no_image
86752,Artemisia myriantha,多花蒿,,,,,,,no_image
86805,Artemisia rutifolia,香叶蒿,,,,,,,no_image
86778,Artemisia parviflora,西南牡蒿,,,,,,,no_image
86834,Artemisia stechmanniana,细裂叶莲蒿,,,,,,,no_image
86864,Artemisia tyuosenicola,中央尖山艾,,,,,,,no_image
86888,Artemisia yunnanensis,云南蒿,,,,,,,no_image
131554,Arthonia lividula,,,,,,,,no_image
131569,Arthothelium spectabile,,,,,,,,no_image
139465,Arthrobotrys candida,,,,,,,,no_image
139485,Arthrobotrys straminicola,,,,,,,,no_image
86918,Arthropteris palisotii,爬树蕨,,,,,,,no_image
23521,Artipe eryx,绿灰蝶,,,,,,,no_image
86953,Arundinella mainlingensis,米林野古草,,,,,,,no_image
23524,Artopoetes pryeri,精灰蝶,,,,,,,no_image
23527,Asamangulia horni,角异爪铁甲,,,,,,,no_image
23545,Asarkina ericetorum,切黑狭口蚜蝇,,,,,,,no_image
86983,Asarum epigynum,台湾细辛,,,,,,,no_image
87008,Asarum renicordatum,肾叶细辛,,,,,,,no_image
13544,Asceua menglun,勐仑阿斯蛛,,,,,,,no_image
23558,Ascaphium hisamatsui,,,,,,,,no_image
139612,Ascobolus immersus,埋粪盘菌,,,,,,,no_image
139592,Ascobolus behnitziensis,,,,,,,,no_image
139632,Ascobolus pelletieri,,,,,,,,no_image
133480,Ascochyta althaeina,,,,,,,,no_image
133500,Ascochyta chenopodii,,,,,,,,no_image
133520,Ascochyta humuli,,,,,,,,no_image
133540,Ascochyta mori,,,,,,,,no_image
133560,Ascochyta rabiei,,,,,,,,no_image
23576,Ascodipteron speiserianum,穴囊翅蝠蝇,,,,,,,no_image
133580,Ascochyta valerianae,,,,,,,,no_image
139406,Ascophanus striatus,,,,,,,,no_image
23593,Asiagomphus cuneatus,长角亚春蜓,,,,,,,no_image
142473,Ascoyunnania aquatica,,,,,,,,no_image
23586,Aserratus eminifrontus,突额无齿蝗,,,,,,,no_image
12958,Asianellus yuzhongensis,榆中亚蛛,,,,,,,no_image
23624,Asidoblaps dentipes,具齿亚琵甲,,,,,,,no_image
23644,Asidoblaps longicornis,长角亚琵甲,,,,,,,no_image
23664,Asidoblaps subopaca,光亮亚琵甲,,,,,,,no_image
23677,Asiotmethis bifurcatus,叉椎波腿蝗,,,,,,,no_image
23691,Asota caricae,一点拟灯蛾,,,,,,,no_image
87063,Asparagus trichophyllus,曲枝天门冬,,,,,,,no_image
87043,Asparagus kansuensis,甘肃天门冬,,,,,,,no_image
134324,Aspergillus aureolatus,,,,,,,,no_image
134344,Aspergillus delicatus,,,,,,,,no_image
134364,Aspergillus globosus,,,,,,,,no_image
134384,Aspergillus penicilloides,,,,,,,,no_image
134404,Aspergillus terreus,,,,,,,,no_image
23704,Asphondylia yushimai,大豆波瘿蚊,,,,,,,no_image
137368,Aspicilia gibbosa,,,,,,,,no_image
87083,Aspidistra bicolor,两色蜘蛛抱蛋,,,,,,,no_image
137388,Aspicilia tortuosa,扭曲平茶渍,,,,,,,no_image
87105,Aspidistra daxinensis,大新蜘蛛抱蛋,,,,,,,no_image
87125,Aspidistra guangxiensis,窄瓣蜘蛛抱蛋,,,,,,,no_image
87145,Aspidistra longgangensis,弄岗蜘蛛抱蛋,,,,,,,no_image
87165,Aspidistra mushaensis,雾庄蜘蛛抱蛋,,,,,,,no_image
87185,Aspidistra punctatoides,拟斑点蜘蛛抱蛋,,,,,,,no_image
87205,Aspidistra tenuifolia,剑叶蜘蛛抱蛋,,,,,,,no_image
23706,Aspidomorpha chandrika,尾斑梳龟甲,,,,,,,no_image
87233,Aspidopterys henryi,蒙自盾翅藤,,,,,,,no_image
87289,Asplenium indicum,胎生铁角蕨,,,,,,,no_image
87268,Asplenium danxiaense,丹霞山铁角蕨,,,,,,,no_image
87248,Asplenium aethiopicum,西南铁角蕨,,,,,,,no_image
87310,Asplenium normale,倒挂铁角蕨,,,,,,,no_image
87332,Asplenium sarelii,华中铁角蕨,,,,,,,no_image
87358,Asplenium yoshinagae,棕鳞铁角蕨,,,,,,,no_image
23732,Asteia concinna,缘盾寡脉蝇,,,,,,,no_image
23753,Astenus chloroticus,,,,,,,,no_image
23775,Astenus varians,,,,,,,,no_image
87401,Aster brevis,短茎紫菀,,,,,,,no_image
87449,Aster lautureanus,山马兰,,,,,,,no_image
87426,Aster handelii,红冠紫菀,,,,,,,no_image
87471,Aster neoelegans,新雅紫菀,,,,,,,no_image
87537,Aster yaoshanensis,大瑶山紫菀,,,,,,,no_image
87491,Aster ruoqiangensis,若羌紫菀,,,,,,,no_image
87515,Aster takasagomontanus,山紫菀,,,,,,,no_image
143879,Asteridiella tapisciicola,,,,,,,,no_image
143839,Asteridiella deightonii,,,,,,,,no_image
1036,Asterias versicolor,异色海盘车,,,,,,,no_image
131672,Asterina capparidis,,,,,,,,no_image
143859,Asteridiella malloticola,,,,,,,,no_image
131691,Asterina durantae,,,,,,,,no_image
131711,Asterina hydrangeae,,,,,,,,no_image
131730,Asterina malloti,,,,,,,,no_image
23793,Asterolecanium epidendri,链蚧,,,,,,,no_image
131748,Asterina pouteriae,,,,,,,,no_image
132335,Asterinella formosana,,,,,,,,no_image
152041,Asterostroma cervicolor,浅黄褐星座革菌,,,,,,,no_image
14171,Asthenargus conicus,圆锥锐蛛,,,,,,,no_image
17176,Astiotrema elongatum,长细孔吸虫,,,,,,,no_image
87578,Astragalus acceptus,德令哈黄芪,,,,,,,no_image
87598,Astragalus arnoldianus,灌县黄芪,,,,,,,no_image
87642,Astragalus changmuicus,樟木黄芪,,,,,,,no_image
87620,Astragalus brachypus,盐木黄芪,,,,,,,no_image
87695,Astragalus dictamnoides,白鲜状黄芪,,,,,,,no_image
87664,Astragalus craibianus,川西黄芪,,,,,,,no_image
87717,Astragalus fetissowii,费季索夫黄芪,,,,,,,no_image
87741,Astragalus gracilipes,细柄黄芪,,,,,,,no_image
87765,Astragalus hesiensis,河西黄芪,,,,,,,no_image
87788,Astragalus kialensis,苦黄芪,,,,,,,no_image
87809,Astragalus latiunguiculatus,宽爪黄芪,,,,,,,no_image
87857,Astragalus megalanthus,大花黄芪,,,,,,,no_image
87831,Astragalus lucidus,光亮黄芪,,,,,,,no_image
87882,Astragalus muschketowii,木斯克黄芪,,,,,,,no_image
87902,Astragalus obtusifoliolus,钝叶黄芪,,,,,,,no_image
87922,Astragalus pendulatopetalus,琴瓣黄芪,,,,,,,no_image
87947,Astragalus pseudoamabilis,类喜黄芪,,,,,,,no_image
87969,Astragalus roseus,毛冠黄芪,,,,,,,no_image
87992,Astragalus shadiensis,沙地黄芪,,,,,,,no_image
88013,Astragalus subuliformis,歧枝黄芪,,,,,,,no_image
88039,Astragalus tibetanus,藏新黄芪,,,,,,,no_image
88064,Astragalus verus,小垫黄芪,,,,,,,no_image
88084,Astragalus yangchangii,托里黄芪,,,,,,,no_image
6992,Astreopora listeri,潜伏星孔珊瑚,,,,,,,no_image
133355,Astrosphaeriella uberina,,,,,,,,no_image
73398,Astronesthes splendidus,丝球星衫鱼,,,,,,,no_image
23834,Asura fulguritis,闪艳苔蛾,,,,,,,no_image
23856,Asuridia carnipicta,绣苔蛾,,,,,,,no_image
23874,Asyndetus wusuensis,乌苏隐脉长足虻,,,,,,,no_image
23879,Atanygnathus falcifer,,,,,,,,no_image
15619,Atemnus politus,光滑阿伪蝎,,,,,,,no_image
148793,Athelopsis glaucina,,,,,,,,no_image
1381,Athanas gracilipes,细足角鼓虾,,,,,,,no_image
23910,Atherigona huanshanensis,环山芒蝇,,,,,,,no_image
23930,Atherigona santimensis,三地门芒蝇,,,,,,,no_image
23945,Atheta aloconotoidides,,,,,,,,no_image
23965,Atheta cavazzutii,,,,,,,,no_image
23985,Atheta dentiventris,,,,,,,,no_image
24006,Atheta furtiva,,,,,,,,no_image
24026,Atheta hirtella,,,,,,,,no_image
24046,Atheta kadooriana,,,,,,,,no_image
24066,Atheta lisuensis,,,,,,,,no_image
24086,Atheta mimosibirica,,,,,,,,no_image
24106,Atheta occulta,,,,,,,,no_image
24126,Atheta ponderata,,,,,,,,no_image
24146,Atheta sacralis,,,,,,,,no_image
24166,Atheta sichuanicola,,,,,,,,no_image
24208,Atheta taibaimontis,,,,,,,,no_image
24186,Atheta sordiduloides,,,,,,,,no_image
24228,Atheta variolosa,,,,,,,,no_image
24268,Athetis reclusa,沙委夜蛾,,,,,,,no_image
24248,Athetis albisignata,白斑委夜蛾,,,,,,,no_image
24293,Athyma fortuna,幸福带蛱蝶,,,,,,,no_image
88157,Athyrium costulalisorum,川西蹄盖蕨,,,,,,,no_image
88135,Athyrium atkinsonii,大叶假冷蕨,,,,,,,no_image
88204,Athyrium jinshajiangense,金沙江蹄盖蕨,,,,,,,no_image
88182,Athyrium epirachis,轴果蹄盖蕨,,,,,,,no_image
88229,Athyrium nyalamense,聂拉木蹄盖蕨,,,,,,,no_image
88278,Athyrium yokoscense,禾秆蹄盖蕨,,,,,,,no_image
88253,Athyrium sinense,中华蹄盖蕨,,,,,,,no_image
24339,Atimura apicalis,,,,,,,,no_image
24379,Atkinsoniella insignata,黑色条大叶蝉,,,,,,,no_image
24359,Atkinsoniella cyclops,短茎条大叶蝉,,,,,,,no_image
24399,Atkinsoniella nigrita,黑背条大叶蝉,,,,,,,no_image
24419,Atkinsoniella uniguttata,单斑条大叶蝉,,,,,,,no_image
24439,Atlanticus magnificus,大寰螽,,,,,,,no_image
24455,Atopolinus heiwadi,,,,,,,,no_image
24475,Atopolinus shibatai,,,,,,,,no_image
24495,Atopophysa lividata,皂窝尺蛾,,,,,,,no_image
24514,Atrecus schuelkei,,,,,,,,no_image
17318,Atractotrema fusum,纺锤梭形吸虫,,,,,,,no_image
24554,Atrichopogon insularis,岛屿裸蠓,,,,,,,no_image
24534,Atrichopogon clavifuscus,棕须裸蠓,,,,,,,no_image
24574,Atrichopogon nielamuensis,聂拉木裸蠓,,,,,,,no_image
24614,Atrichopogon wuyishanicus,武夷山裸蠓,,,,,,,no_image
24594,Atrichopogon ruber,红色裸蠓,,,,,,,no_image
88314,Atriplex cana,白滨藜,,,,,,,no_image
24621,Atrocalopteryx fasciata,褐带暗色蟌,,,,,,,no_image
24637,Attacus atlas,乌桕大蚕蛾,,,,,,,no_image
24643,Atylotus chodukini,郝图黄虻,,,,,,,no_image
11961,Atypus karschi,卡氏地蛛,,,,,,,no_image
24661,Atympanum comaiensis,措美缺耳蝗,,,,,,,no_image
24676,Auchmis inextricata,暗杰夜蛾,,,,,,,no_image
88364,Audouinella daviesii,丛出旋体藻,,,,,,,no_image
88385,Aulacomnium turgidum,大皱蒴藓,,,,,,,no_image
24683,Aulacephala hervei,赫氏皱寄蝇,,,,,,,no_image
24705,Aulexis chengana,横凹齿胸肖叶甲,,,,,,,no_image
3846,Aulocystis zitteli,齐氏管囊海绵,,,,,,,no_image
148817,Auricularia delicata,皱木耳,,,,,,,no_image
1018,Australonoe willani,威氏澳洲鳞虫,,,,,,,no_image
150063,Aurificaria indica,,,,,,,,no_image
134931,Autoicomyces marginicola,,,,,,,,no_image
9319,Austrotritia saraburiensis,,,,,,,,no_image
88392,Austroeupatorium inulifolium,南泽兰,,,,,,,no_image
24780,Auzata plana,净豆斑钩蛾,,,,,,,no_image
142478,Avesicladiella microsperma,,,,,,,,no_image
24811,Axylia opacata,阴朽木夜蛾,,,,,,,no_image
73447,Awaous melanocephalus,黑头阿胡鰕虎,,,,,,,no_image
24816,Azaleothrips magnus,具网焦管蓟马,,,,,,,no_image
88426,Baccaurea ramiflora,木奶果,,,,,,,no_image
17491,Babelomurex kinoshitai,木下塔肩棘螺,,,,,,,no_image
24828,Azpeytia flavoscutellata,黄盾直腿蚜蝇,,,,,,,no_image
24854,Bacchisa rigida,,,,,,,,no_image
136505,Bacidia sphaeroides,,,,,,,,no_image
24862,Bactrocera anala,臀带果实蝇,,,,,,,no_image
24883,Bactrocera fuscans,黑华果实蝇,,,,,,,no_image
24903,Bactrocera modica,泰中果实蝇,,,,,,,no_image
24923,Bactrocera rubella,曼谷果实蝇,,,,,,,no_image
142480,Bactrodesmiastrum obscurum,,,,,,,,no_image
24954,Baeocera aliena,,,,,,,,no_image
24974,Baeocera nanula,,,,,,,,no_image
25001,Baeoura trichopoda,毛足燥大蚊,,,,,,,no_image
135151,Baeomyces pachypus,,,,,,,,no_image
73467,Balaenoptera borealis,塞鲸,,,,,,,no_image
88447,Balanophora henryi,宜昌蛇菰,,,,,,,no_image
7108,Balanophyllia generatrix,簇生锥形珊瑚,,,,,,,no_image
132304,Balladyna gardeniae,,,,,,,,no_image
25019,Baldratia przewalskii,普氏巴瘿蚊,,,,,,,no_image
73486,Bamburana exiliversabilis,小竹叶蛙,,,,,,,no_image
88484,Bambusa contracta,破篾黄竹,,,,,,,no_image
88511,Bambusa indigena,乡土竹,,,,,,,no_image
88546,Bambusa pervariabiloides,粤北撑篙竹,,,,,,,no_image
88571,Bambusa truncata,平箨竹,,,,,,,no_image
25064,Bambusiphaga mirostylis,奇突竹飞虱,,,,,,,no_image
25047,Bambusaspis masuii,墨竹斑链蚧,,,,,,,no_image
73503,Bangana lippa,宽头孟加拉鲮,,,,,,,no_image
2288,Bankia fimbriatula,须缘节鎧船蛆,,,,,,,no_image
152755,Bannoa hahajimensis,,,,,,,,no_image
88592,Barbarea orthoceras,山芥,,,,,,,no_image
73516,Barbatula altayensis,阿勒泰须鳅,,,,,,,no_image
88606,Barbula amplexifolia,卷叶石灰藓,,,,,,,no_image
88626,Barbula unguiculata,扭口藓,,,,,,,no_image
140382,Barlaea hinnulea,,,,,,,,no_image
1186,Barnea dilatata,宽壳全海笋,,,,,,,no_image
88645,Bartramia subpellucida,毛叶珠藓,,,,,,,no_image
156106,Basidiobolus meristosporus,裂孢蛙粪霉,,,,,,,no_image
25123,Basilepta deqenensis,德钦角胸肖叶甲,,,,,,,no_image
25143,Basilepta magnicollis,大胸角胸肖叶甲,,,,,,,no_image
25163,Basilepta rubimaculata,红斑角胸肖叶甲,,,,,,,no_image
25181,Basiprionota angusta,台湾锯龟甲,,,,,,,no_image
88651,Bassecoia bretschneideri,翼首花,,,,,,,no_image
25202,Bassus asper,皱盾闭腔茧蜂,,,,,,,no_image
25222,Bassus parallelus,平颊闭腔茧蜂,,,,,,,no_image
25241,Bathanthidium sibiricum,西伯利亚伟黄斑蜂,,,,,,,no_image
73553,Bathycongrus melanostomus,黑口深海康吉鳗,,,,,,,no_image
1441,Bathylaimus stenolaimus,狭深咽线虫,,,,,,,no_image
14428,Bathyphantes tongluensis,桐庐指蛛,,,,,,,no_image
73584,Bathyuroconger parvibranchialis,少耙深海尾鳗,,,,,,,no_image
25255,Batotheca nigriceps,黑头四齿茧蜂,,,,,,,no_image
25264,Batraxis longicornis,,,,,,,,no_image
25284,Batriscenellus fanxingqiui,,,,,,,,no_image
25304,Batrisodes fengtingae,,,,,,,,no_image
14430,Batueta similis,相似巴图蛛,,,,,,,no_image
25326,Bayadera forcipata,钳尾溪蟌,,,,,,,no_image
88693,Bazzania griffithiana,南亚鞭苔,,,,,,,no_image
141764,Beauveria sobolifera,,,,,,,,no_image
73599,Beaufortia kweichowensis,,,,,,,,no_image
88713,Bazzania vietnamica,越南鞭苔,,,,,,,no_image
17738,Begemius lucidus,明亮毕格蚓,,,,,,,no_image
88757,Begonia baishishanensis,白石山秋海棠,,,,,,,no_image
88797,Begonia depingiana,德平秋海棠,,,,,,,no_image
88817,Begonia filiformis,丝形秋海棠,,,,,,,no_image
88777,Begonia chunxiuensis,春秀秋海棠,,,,,,,no_image
88871,Begonia josephii,重齿秋海棠,,,,,,,no_image
88846,Begonia guixiensis,桂西秋海棠,,,,,,,no_image
88891,Begonia longiornithophylla,长茎鸟叶秋海棠,,,,,,,no_image
88911,Begonia modestiflora,云南秋海棠,,,,,,,no_image
88939,Begonia parvuliflora,滇缅小花秋海棠,,,,,,,no_image
88961,Begonia psilophylla,光滑秋海棠,,,,,,,no_image
88981,Begonia ruboides,匍地秋海棠,,,,,,,no_image
89002,Begonia smithiana,长柄秋海棠,,,,,,,no_image
89022,Begonia versicolor,变色秋海棠,,,,,,,no_image
89083,Beilschmiedia tungfangensis,东方琼楠,,,,,,,no_image
89042,Begonia zunyiensis,遵义秋海棠,,,,,,,no_image
89061,Beilschmiedia linocieroides,李榄琼楠,,,,,,,no_image
25341,Belciana biformis,靛夜蛾,,,,,,,no_image
15181,Belisana exian,俄贤贝尔蛛,,,,,,,no_image
15088,Belisana zhangi,张氏贝尔蛛,,,,,,,no_image
15085,Belisana muruo,目若贝尔蛛,,,,,,,no_image
25364,Bellardia stricta,直陪丽蝇,,,,,,,no_image
138530,Belonidium cerinum,,,,,,,,no_image
25398,Belousovia kabaki,卡巴贝琵甲,,,,,,,no_image
25382,Bellenden nubigena,,,,,,,,no_image
25402,Benbowia callista,曲良舟蛾,,,,,,,no_image
89102,Benkara evenosa,无脉鸡爪簕,,,,,,,no_image
89116,Berberis amurensis,黄芦木,,,,,,,no_image
6419,Bentheogennema intermedia,中型深居虾,,,,,,,no_image
89138,Berberis calcipratorum,钙原小檗,,,,,,,no_image
89160,Berberis davidii,密叶小檗,,,,,,,no_image
89184,Berberis feddeana,异长穗小檗,,,,,,,no_image
89233,Berberis jingguensis,藤小檗,,,,,,,no_image
89210,Berberis heteropoda,异果小檗,,,,,,,no_image
89253,Berberis lijiangensis,丽江小檗,,,,,,,no_image
89275,Berberis multiovula,多珠小檗,,,,,,,no_image
89295,Berberis platyphylla,阔叶小檗,,,,,,,no_image
89319,Berberis salicaria,柳叶小檗,,,,,,,no_image
89340,Berberis thibetica,西藏小檗,,,,,,,no_image
89360,Berberis virgetorum,庐山小檗,,,,,,,no_image
89382,Berberis zanlanscianensis,鄂西小檗,,,,,,,no_image
89408,Berchemia longipes,长梗勾儿茶,,,,,,,no_image
25427,Beris basiflava,基黄柱角水虻,,,,,,,no_image
142492,Berkleasmium atrovirens,暗绿顶丛格孢,,,,,,,no_image
25453,Berothella pretiosa,丽鳞栉角蛉,,,,,,,no_image
89436,Berula erecta,天山泽芹,,,,,,,no_image
25483,Besaia dives,富篦舟蛾,,,,,,,no_image
89447,Betula austrosinensis,华南桦,,,,,,,no_image
25525,Betalbara dilinea,双线卑钩蛾,,,,,,,no_image
25505,Besaia pyraloides,赤篦舟蛾,,,,,,,no_image
89477,Betula jiulungensis,九龙桦,,,,,,,no_image
25543,Betulaphis quadrituberculata,四瘤桦蚜,,,,,,,no_image
25582,Bezzia niphatoda,拟雪贝蠓,,,,,,,no_image
25562,Bezzia fontana,灵泉贝蠓,,,,,,,no_image
25603,Bharetta cinnamomea,斜带枯叶蛾,,,,,,,no_image
13358,Bhutaniella kronestedti,喀氏不丹蛛,,,,,,,no_image
89512,Biantheridion undulifolium,圆瓣苔,,,,,,,no_image
25646,Bibio bacilliformis,棒足毛蚊,,,,,,,no_image
25707,Bibio xingshanus,兴山毛蚊,,,,,,,no_image
25686,Bibio melanonotalus,黑背毛蚊,,,,,,,no_image
25666,Bibio formosanus,台湾毛蚊,,,,,,,no_image
25714,Bidentatettix yunnanensis,云南二齿蚱,,,,,,,no_image
1664,Biflustra limosoidea,假泥栖别藻苔虫,,,,,,,no_image
18100,Bimastos parvus,微小双胸蚓,,,,,,,no_image
25717,Bilia castanea,栗色圆花蝽,,,,,,,no_image
141667,Bionectria byssicola,,,,,,,,no_image
134030,Bipolaris oryzae,,,,,,,,no_image
25737,Bipectilus zhejiangensis,浙江双栉蝠蛾,,,,,,,no_image
25745,Bireta astrae,短纹角瓣舟蛾,,,,,,,no_image
25768,Bireta subdita,苏角瓣舟蛾,,,,,,,no_image
25776,Bisnius cephalotes,,,,,,,,no_image
144551,Biscogniauxia uniapiculata,,,,,,,,no_image
89572,Bistorta paleacea,草血竭,,,,,,,no_image
138232,Bisporella pallescens,苍白小双孢盘菌,,,,,,,no_image
151081,Bjerkandera adusta,烟管菌,,,,,,,no_image
25848,Blaps emoda,粒点琵甲,,,,,,,no_image
25827,Blaps amurensis,阿穆尔琵甲,,,,,,,no_image
25809,Blaesoxipha litoralis,阶突折麻蝇,,,,,,,no_image
25872,Blaps latericosta,侧脊琵甲,,,,,,,no_image
25893,Blaps socia,集群琵甲,,,,,,,no_image
25915,Blaptostethoides esakii,江崎拟刷花蝽,,,,,,,no_image
155255,Blastocladia ramosa,多枝芽枝霉,,,,,,,no_image
25956,Bledius pallipes,,,,,,,,no_image
25936,Bledius formosae,,,,,,,,no_image
25969,Blepephaeus fulvus,,,,,,,,no_image
89594,Blastus cochinchinensis,柏拉木,,,,,,,no_image
89608,Blepharostoma minus,小睫毛苔,,,,,,,no_image
26009,Blepharipa gigas,巨饰腹寄蝇,,,,,,,no_image
25989,Blepharhymenus rougemonti,,,,,,,,no_image
26028,Blepharita magnirena,褐毛眼夜蛾,,,,,,,no_image
89628,Blumea clarkei,七里明,,,,,,,no_image
89648,Blumea saussureoides,全裂艾纳香,,,,,,,no_image
26061,Bocra siculiformis,弯月博杯瓢蜡蝉,,,,,,,no_image
89615,Blidingia minima,盘苔,,,,,,,no_image
73667,Bodianus perditio,大黄斑普提鱼,,,,,,,no_image
26068,Boettcherisca nathani,千山别麻蝇,,,,,,,no_image
89714,Boeica porosa,孔药短筒苣苔,,,,,,,no_image
89684,Boehmeria leptostachya,纤穗苎麻,,,,,,,no_image
73678,Boiga stoliczkae,藏东南林蛇,,,,,,,no_image
89762,Bolbostemma biglandulosum,刺儿瓜,,,,,,,no_image
89754,Bolbitis subcordata,华南实蕨,,,,,,,no_image
148914,Boletellus obscure-coccineus,暗红条孢牛肝菌,,,,,,,no_image
148939,Boletus alboater,黑盖牛肝菌,,,,,,,no_image
26072,Boletina dispecta,散生布菌蚊,,,,,,,no_image
148959,Boletus calopus,丽柄牛肝菌,,,,,,,no_image
149557,Boletinus glandulosus,,,,,,,,no_image
148979,Boletus eximius,紫点牛肝菌,,,,,,,no_image
149039,Boletus paluster,泽生牛肝菌,,,,,,,no_image
148999,Boletus granulatus,栗壳牛肝菌,,,,,,,no_image
149019,Boletus luridellus,红网牛肝菌,,,,,,,no_image
149059,Boletus punctipes,点柄小牛肝菌,,,,,,,no_image
149079,Boletus rubens,,,,,,,,no_image
149119,Boletus tubulus,小管牛肝菌,,,,,,,no_image
149099,Boletus squamulistipes,鳞柄牛肝菌,,,,,,,no_image
26084,Bolitobius cingulatus,,,,,,,,no_image
26104,Bolitogyrus magnimaculosus,,,,,,,,no_image
26124,Bolivaritettix lativertex,宽顶波蚱,,,,,,,no_image
73686,Bombina maxima,大蹼铃蟾,,,,,,,no_image
26165,Bomolocha obductalis,缩卜夜蛾,,,,,,,no_image
26145,Bombylius ferruginus,烟粉蜂虻,,,,,,,no_image
89781,Boodlea coacta,半球布多藻,,,,,,,no_image
14722,Borboropactus edentatus,无齿泥蟹蛛,,,,,,,no_image
149882,Boreostereum vibrans,褐盖韧革菌,,,,,,,no_image
89793,Boschniakia rossica,草苁蓉,,,,,,,no_image
26205,Botanophila apiciquadrata,方端植种蝇,,,,,,,no_image
26225,Botanophila cordifrons,亚暗瓣植种蝇,,,,,,,no_image
26245,Botanophila fulgicauda,亮尾植种蝇,,,,,,,no_image
26265,Botanophila lobata,裂叶植种蝇,,,,,,,no_image
26285,Botanophila odontogaster,齿腹植种蝇,,,,,,,no_image
26305,Botanophila rotundivalva,圆门植种蝇,,,,,,,no_image
26325,Botanophila submontivaga,拟高荡植种蝇,,,,,,,no_image
26345,Botanophila varicolor,变色植种蝇,,,,,,,no_image
26371,Bothrogonia longimaculata,长斑凹大叶蝉,,,,,,,no_image
26353,Bothriothorax nigricornis,黑角刻盾跳小蜂,,,,,,,no_image
15637,Bothropolys curvatus,弯颚石蜈蚣,,,,,,,no_image
73709,Botia pulchra,美丽沙鳅,,,,,,,no_image
149653,Botryobasidium longisporum,,,,,,,,no_image
138909,Botrytis carthami,,,,,,,,no_image
131791,Botryosphaeria berengeriana,,,,,,,,no_image
140394,Boubovia ascoboloides,粪盘状拟垫盘菌,,,,,,,no_image
73729,Boulenophrys dalaolingensis,大老岭角蟾,,,,,,,no_image
7446,Bougainvillia principis,首要鲍螅水母,,,,,,,no_image
73749,Boulenophrys kuatunensis,挂墩角蟾,,,,,,,no_image
145122,Bovista delicata,,,,,,,,no_image
73769,Boulenophrys qianbeiensis,黔北角蟾,,,,,,,no_image
73789,Boulenophrys yezhongensis,野钟角蟾,,,,,,,no_image
17663,Boysidia hunana,显著喇叭口螺,,,,,,,no_image
18566,Brachionus budapestinensis,蒲达臂尾轮虫,,,,,,,no_image
89847,Brachiaria villosa,毛臂形草,,,,,,,no_image
132322,Brachiosphaera tropicalis,,,,,,,,no_image
26425,Brachydeutera ibari,银唇短脉水蝇,,,,,,,no_image
17305,Brachylaima yaanensis,雅安短咽吸虫,,,,,,,no_image
73800,Brachymystax tumensis,图们江细鳞鲑,,,,,,,no_image
26450,Brachypogon acutus,尖锐短蠓,,,,,,,no_image
26470,Brachypogon qinghai,青海短蠓,,,,,,,no_image
142509,Brachysporiella pulchra,,,,,,,,no_image
73812,Brachyramphus perdix,长嘴斑海雀,,,,,,,no_image
26512,Brachytarsina amboinensis,安邦蝠蝇,,,,,,,no_image
89890,Brachythecium dicranoides,曲枝青藓,,,,,,,no_image
89930,Brachythecium yunnanense,云南青藓,,,,,,,no_image
17613,Bradybaena fortunei,福氏巴蜗牛,,,,,,,no_image
89910,Brachythecium pinnirameum,华北青藓,,,,,,,no_image
26528,Bradysia bidentata,二齿迟眼蕈蚊,,,,,,,no_image
26548,Bradysia dactylina,指尾迟眼蕈蚊,,,,,,,no_image
26588,Bradysia macrura,大尾迟眼蕈蚊,,,,,,,no_image
26608,Bradysia pustulispina,痣刺迟眼蕈蚊,,,,,,,no_image
26568,Bradysia hexamera,六顺迟眼蕈蚊,,,,,,,no_image
26628,Bradysia triacanthifera,三刺迟眼蕈蚊,,,,,,,no_image
26648,Bradysia zhenzhongi,振中迟眼蕈蚊,,,,,,,no_image
89943,Brandisia hancei,来江藤,,,,,,,no_image
89958,Brassaiopsis ficifolia,榕叶掌叶树,,,,,,,no_image
89983,Brassica oleracea,野甘蓝,,,,,,,no_image
90008,Braya sichuanica,四川蚓果芥,,,,,,,no_image
90029,Bredia macrophylla,大叶野海棠,,,,,,,no_image
73852,Bregmaceros pescadorus,澎湖犀鳕,,,,,,,no_image
26672,Brevictenidia xizangensis,西藏缩栉蚤,,,,,,,no_image
26676,Brevipecten costiplaga,缀斑短栉夜蛾,,,,,,,no_image
13008,Bristowia heterospinosa,巨刺布氏蛛,,,,,,,no_image
90063,Bridelia stipularis,土蜜藤,,,,,,,no_image
135827,Brodoa oroarctica,北极小腊肠衣,,,,,,,no_image
90071,Bromus benekenii,密丛雀麦,,,,,,,no_image
90091,Bromus lanceolatus,大穗雀麦,,,,,,,no_image
90111,Bromus rubens,红雀麦,,,,,,,no_image
26709,Brontaea nigrogrisea,黑灰裸圆蝇,,,,,,,no_image
90144,Broussonetia monoica,楮,,,,,,,no_image
26734,Bryaxis koltzei,,,,,,,,no_image
141218,Brunneosporella aquatica,,,,,,,,no_image
9658,Bryobia praetiosa,,,,,,,,no_image
26754,Bryaxis wolongensis,,,,,,,,no_image
26789,Bryodema mongolicum,蒙古痂蝗,,,,,,,no_image
26803,Bryomyia apsectra,短突藓瘿蚊,,,,,,,no_image
26766,Bryocoris latiusculus,宽蕨盲蝽,,,,,,,no_image
26820,Bryopolia chamaeleon,灰布冬夜蛾,,,,,,,no_image
135837,Bryoria fuscescens,淡褐小孢发,,,,,,,no_image
26829,Bryotype flavipicta,高漫冬夜蛾,,,,,,,no_image
90214,Bryum coronatum,蕊形真藓,,,,,,,no_image
90238,Bryum paradoxum,近高山真藓,,,,,,,no_image
73875,Bucanetes mongolicus,蒙古沙雀,,,,,,,no_image
149137,Buchwaldoboletus lignicola,木生小腐生牛肝菌,,,,,,,no_image
17122,Bucephalopsis wui,吴氏似牛首吸虫,,,,,,,no_image
90280,Buddleja candida,密香醉鱼草,,,,,,,no_image
73879,Budorcas taxicolor,喜马拉雅扭角羚,,,,,,,no_image
135180,Buellia polyspora,多孢黑瘤衣,,,,,,,no_image
73885,Buergeria robusta,壮溪树蛙,,,,,,,no_image
8617,Bufonaria perelegans,棘赤蛙螺,,,,,,,no_image
26831,Bulbistridulous dentatus,齿尾鼓鸣螽,,,,,,,no_image
90323,Bulbophyllum cauliflorum,茎花石豆兰,,,,,,,no_image
90343,Bulbophyllum farreri,麻栗坡卷瓣兰,,,,,,,no_image
90384,Bulbophyllum melanoglossum,紫纹卷瓣兰,,,,,,,no_image
90363,Bulbophyllum japonicum,瘤唇卷瓣兰,,,,,,,no_image
90404,Bulbophyllum piluliferum,樱桃石豆兰,,,,,,,no_image
90444,Bulbophyllum triste,球茎石豆兰,,,,,,,no_image
90424,Bulbophyllum secundum,少花石豆兰,,,,,,,no_image
90463,Bulbostylis puberula,毛鳞球柱草,,,,,,,no_image
5295,Bulla bifasciata,双纹壶腹枣螺,,,,,,,no_image
26848,Bundera nigricana,黑面斜脊叶蝉,,,,,,,no_image
90494,Bupleurum gracillimum,纤细柴胡,,,,,,,no_image
90466,Buphthalmum salicifolium,牛眼菊,,,,,,,no_image
154654,Bullera sinensis,中国布勒掷孢酵母,,,,,,,no_image
90524,Bupleurum scorzonerifolium,红柴胡,,,,,,,no_image
90544,Burmannia filamentosa,粤东水玉簪,,,,,,,no_image
26863,Burksiella singularis,单独类广赤眼蜂,,,,,,,no_image
899,Busquilla quadraticauda,方尾牛虾蛄,,,,,,,no_image
6072,Byblis huanghaiensis,黄海沙钩虾,,,,,,,no_image
26883,Byasa confusa,中华麝凤蝶,,,,,,,no_image
90558,Buxbaumia symmetrica,圆蒴烟杆藓,,,,,,,no_image
6041,Byblis unispinulosus,单刺沙钩虾,,,,,,,no_image
133771,Byssosphaeria oviformis,,,,,,,,no_image
26911,Cacia arisana,,,,,,,,no_image
5968,Caenopedina mirabilis,异新平海胆,,,,,,,no_image
5498,Cadella narutoensis,圆楔樱蛤,,,,,,,no_image
90623,Calamus banlingensis,斑岭省藤,,,,,,,no_image
26949,Caissa longisaccula,长腹凯刺蛾,,,,,,,no_image
90610,Calamagrostis emodensis,单蕊拂子茅,,,,,,,no_image
90643,Calamus tetradactyloides,多刺鸡藤,,,,,,,no_image
90684,Calanthe mannii,细花虾脊兰,,,,,,,no_image
90663,Calanthe clavata,棒距虾脊兰,,,,,,,no_image
3790,Calappa lophos,卷折馒头蟹,,,,,,,no_image
90706,Calanthe tsiana,吉氏虾脊兰,,,,,,,no_image
142522,Calcarispora hiemalis,,,,,,,,no_image
90723,Caldesia grandis,宽叶泽苔草,,,,,,,no_image
10592,Calepitrimerus heliciopsus,,,,,,,,no_image
26971,Calicnemia eximia,朱腹丽扇蟌,,,,,,,no_image
10596,Calepitrimerus yunnanensis,,,,,,,,no_image
73973,Calidris melanotos,斑胸滨鹬,,,,,,,no_image
26999,Caliothrips indicus,印度巢针蓟马,,,,,,,no_image
73985,Callanthias japonicus,日本丽花鮨,,,,,,,no_image
4754,Callianopsis anovalis,无弧似美虾,,,,,,,no_image
90743,Callerya tsui,喙果鸡血藤,,,,,,,no_image
90770,Callicarpa dentosa,多齿紫珠,,,,,,,no_image
90801,Callicarpa macrophylla,大叶紫珠,,,,,,,no_image
90825,Callicarpa yunnanensis,云南紫珠,,,,,,,no_image
90844,Calligonum densum,密刺沙拐枣,,,,,,,no_image
13728,Callilepis schuszteri,舒氏美蛛,,,,,,,no_image
27047,Callidrepana filina,妃丽钩蛾,,,,,,,no_image
73995,Callionymus enneactis,斑鳍[鱼衔],,,,,,,no_image
74015,Calliope pectoralis,黑胸歌鸲,,,,,,,no_image
27078,Calliphora sinensis,中华丽蝇,,,,,,,no_image
27098,Callisina rufipes,红足丽角肖叶甲,,,,,,,no_image
27125,Callispa limbifera,饰缘丽甲,,,,,,,no_image
90879,Callitriche peploides,台湾水马齿,,,,,,,no_image
8710,Callistochition savigni,锡圭石鳖,,,,,,,no_image
27154,Calliteara melli,雀丽毒蛾,,,,,,,no_image
74025,Callogobius maculipinnis,斑鳍美鰕虎,,,,,,,no_image
27201,Callopsylla beishanensis,北山盖蚤,,,,,,,no_image
27187,Callopistria apicalis,顶点散纹夜蛾,,,,,,,no_image
90885,Callostylis rigida,美柱兰,,,,,,,no_image
27221,Callopsylla xui,许氏盖蚤,,,,,,,no_image
146996,Calocybe persicolor,,,,,,,,no_image
141988,Calonectria colhounii,,,,,,,,no_image
90887,Calocedrus macrolepis,翠柏,,,,,,,no_image
142008,Calonectria reteaudii,,,,,,,,no_image
137602,Caloplaca bassiae,深橙果衣,,,,,,,no_image
137642,Caloplaca scrobiculata,蜂窝橙衣,,,,,,,no_image
137622,Caloplaca flavorubescens,,,,,,,,no_image
149407,Calostoma miniata,小丽口包,,,,,,,no_image
145155,Calvatia utriformis,浮雕马勃,,,,,,,no_image
90902,Calotis caespitosa,刺冠菊,,,,,,,no_image
27248,Caltoris cahira,放踵珂弄蝶,,,,,,,no_image
27253,Calycomyza chinensis,中华萼潜蝇,,,,,,,no_image
137826,Calycellinopsis xishuangbanna,拟黄杯菌,,,,,,,no_image
90973,Calystegia silvatica,,,,,,,,no_image
90955,Calyptothecium phyllogonoides,带叶耳平藓,,,,,,,no_image
90936,Calypogeia aeruginosa,绿色护蒴苔,,,,,,,no_image
133380,Camarosporium persicae,,,,,,,,no_image
90993,Camellia cordifolia,心叶毛蕊茶,,,,,,,no_image
91025,Camellia furfuracea,糙果茶,,,,,,,no_image
91052,Camellia kissi,落瓣油茶,,,,,,,no_image
91083,Camellia pachyandra,厚短蕊茶,,,,,,,no_image
91113,Camellia rosaeflora,玫瑰连蕊茶,,,,,,,no_image
91142,Camellia tuberculata,瘤果茶,,,,,,,no_image
9048,Camisia lapponica,拉普洼甲螨,,,,,,,no_image
91159,Campanula calcicola,灰岩风铃草,,,,,,,no_image
91182,Campanula sibirica,刺毛风铃草,,,,,,,no_image
91197,Camphora officinarum,樟,,,,,,,no_image
27287,Campiglossa distichera,异点斑翅实蝇,,,,,,,no_image
27307,Campiglossa melanochroa,肘点斑翅实蝇,,,,,,,no_image
27327,Campiglossa varia,变色斑翅实蝇,,,,,,,no_image
27340,Camptochaeta tenuipalpais,细屈眼蕈蚊,,,,,,,no_image
91214,Camptothecium lutescens,斜蒴藓,,,,,,,no_image
27360,Campylocheta fuscinervis,褐脉噪寄蝇,,,,,,,no_image
91244,Campylopus laxitextus,疏网曲柄藓,,,,,,,no_image
91262,Campylotropis albopubescens,白柔毛笐子梢,,,,,,,no_image
91286,Campylotropis luquanensis,禄劝笐子梢,,,,,,,no_image
142534,Canalisporium jinghongensis,,,,,,,,no_image
131628,Candelariella antennaria,帆黄茶渍,,,,,,,no_image
141235,Cancellidium pinicola,,,,,,,,no_image
142548,Candida glabrata,,,,,,,,no_image
91339,Canna flaccida,柔瓣美人蕉,,,,,,,no_image
142568,Candida sanyiensis,,,,,,,,no_image
91346,Canscora lucidissima,穿心草,,,,,,,no_image
149713,Cantharellus melanoxeros,,,,,,,,no_image
149693,Cantharellus candidus,,,,,,,,no_image
134957,Cantharomyces japonicus,,,,,,,,no_image
91355,Capillipedium kwashotensis,绿岛细柄草,,,,,,,no_image
91351,Canthium simile,大叶猪肚木,,,,,,,no_image
91369,Capparis henryi,长刺山柑,,,,,,,no_image
132104,Capnodium mangiferae,,,,,,,,no_image
91389,Capparis trichocarpa,毛果山柑,,,,,,,no_image
74077,Capreolus pygargus,狍,,,,,,,no_image
91402,Capsosiphon groenlandicus,盒管藻,,,,,,,no_image
74098,Caracanthus unipinna,椭圆头棘鲉,,,,,,,no_image
91447,Caragana junggarica,新疆丽豆,,,,,,,no_image
91413,Caragana brevifolia,短叶锦鸡儿,,,,,,,no_image
91470,Caragana pleiophylla,多叶锦鸡儿,,,,,,,no_image
74108,Carangoides gymnostethus,裸胸若鲹,,,,,,,no_image
91496,Caragana tibetica,毛刺锦鸡儿,,,,,,,no_image
27436,Caraphia thailandica,,,,,,,,no_image
4853,Carbasea carbasea,准藻苔虫,,,,,,,no_image
27466,Carcelia dubia,杜比狭颊寄蝇,,,,,,,no_image
27506,Carcelina shangfangshanica,上方山似颊寄蝇,,,,,,,no_image
27486,Carcelia rasa,灰腹狭颊寄蝇,,,,,,,no_image
27507,Carcinophora kawakamii,卡蟹肥螋,,,,,,,no_image
91509,Cardamine bodinieri,贵阳碎米荠,,,,,,,no_image
91529,Cardamine hydrocotyloides,德钦碎米荠,,,,,,,no_image
2063,Cardiomya alcocki,阿氏帚形蛤,,,,,,,no_image
91550,Cardamine pratensis,草甸碎米荠,,,,,,,no_image
27512,Cardepia dardistana,达锁额夜蛾,,,,,,,no_image
27525,Carea chlorostigma,绿斑赭夜蛾,,,,,,,no_image
91592,Carex altaica,阿尔泰薹草,,,,,,,no_image
91617,Carex atrata,黑穗薹草,,,,,,,no_image
91642,Carex bistaminata,二蕊嵩草,,,,,,,no_image
91664,Carex callitrichos,羊须草,,,,,,,no_image
91694,Carex chrysolepis,黄花薹草,,,,,,,no_image
91742,Carex densipilosa,金华薹草,,,,,,,no_image
91769,Carex echinochloiformis,类稗薹草,,,,,,,no_image
91718,Carex cryptocarpa,隐果薹草,,,,,,,no_image
91793,Carex finitima,亮绿薹草,,,,,,,no_image
91821,Carex gonggaensis,贡嘎薹草,,,,,,,no_image
91842,Carex heshuonensis,和硕薹草,,,,,,,no_image
91864,Carex hypochlora,绿囊薹草,,,,,,,no_image
91887,Carex kaoi,高氏薹草,,,,,,,no_image
91910,Carex lancifolia,披针薹草,,,,,,,no_image
91932,Carex lingii,林氏薹草,,,,,,,no_image
91959,Carex magnoutriculata,大果囊薹草,,,,,,,no_image
91984,Carex microglochin,尖苞薹草,,,,,,,no_image
92007,Carex nachiana,日南薹草,,,,,,,no_image
92032,Carex obscura,暗色薹草,,,,,,,no_image
92057,Carex pamirensis,帕米尔薹草,,,,,,,no_image
92104,Carex pseudocyperus,似莎薹草,,,,,,,no_image
92079,Carex pilosa,毛缘薹草,,,,,,,no_image
92126,Carex purpureovagina,紫红鞘薹草,,,,,,,no_image
92146,Carex reptabunda,走茎薹草,,,,,,,no_image
92172,Carex saxicola,岩生薹草,,,,,,,no_image
92225,Carex subcapitata,近头状薹草,,,,,,,no_image
92245,Carex teinogyna,长柱头薹草,,,,,,,no_image
92203,Carex shanghangensis,上杭薹草,,,,,,,no_image
92270,Carex truncatigluma,截鳞薹草,,,,,,,no_image
2022,Caridina bamaensis,巴马米虾,,,,,,,no_image
92315,Carex yonganensis,永安薹草,,,,,,,no_image
92294,Carex vidua,短轴嵩草,,,,,,,no_image
2017,Caridina longiacuta,长刺米虾,,,,,,,no_image
1894,Caridina elliptica,椭圆米虾,,,,,,,no_image
1982,Caridina pseudodenticulata,假锯齿米虾,,,,,,,no_image
1927,Caridina xiangnanensis,湘南米虾,,,,,,,no_image
27551,Carilia pictiventris,,,,,,,,no_image
27572,Carinata choui,周氏脊额叶蝉,,,,,,,no_image
27592,Carinata scopulata,帚突脊额叶蝉,,,,,,,no_image
92332,Carlemannia griffithii,光香茜,,,,,,,no_image
92339,Caroxylon micrantherum,小药珍珠柴,,,,,,,no_image
27649,Carpelimus schuelkei,,,,,,,,no_image
92376,Carpinus henryana,川鄂鹅耳枥,,,,,,,no_image
92358,Carpesium tracheliifolium,粗齿天名精,,,,,,,no_image
27627,Carpelimus indicus,,,,,,,,no_image
92402,Carpinus shensiensis,陕西鹅耳枥,,,,,,,no_image
2519,Carteriospongia foliascens,叶片卡特海绵,,,,,,,no_image
92418,Carpopeltis maillardii,硬盾果藻,,,,,,,no_image
74174,Carpodacus puniceus,红胸朱雀,,,,,,,no_image
92435,Carya sinensis,喙核桃,,,,,,,no_image
27703,Caryanda lancangensis,澜沧卵翅蝗,,,,,,,no_image
92438,Caryodaphnopsis cangyuanensis,沧源檬果樟,,,,,,,no_image
92469,Casearia velutina,爪哇脚骨脆,,,,,,,no_image
92446,Caryopteris alternifolia,潮州莸,,,,,,,no_image
92486,Cassiope wardii,长毛岩须,,,,,,,no_image
27732,Cassida inflata,湖北蚌龟甲,,,,,,,no_image
27754,Cassida tsinlinica,秦岭蚌龟甲,,,,,,,no_image
92519,Castanopsis ferox,思茅锥,,,,,,,no_image
92495,Castanopsis boisii,榄壳锥,,,,,,,no_image
92539,Castanopsis malipoensis,麻栗坡锥,,,,,,,no_image
92559,Castanopsis tonkinensis,公孙锥,,,,,,,no_image
92570,Casuarina glauca,粗枝木麻黄,,,,,,,no_image
92578,Catalpa speciosa,黄金树,,,,,,,no_image
134722,Catapyrenium daedaleum,,,,,,,,no_image
148405,Catathelasma ventricosum,梭柄乳头蘑,,,,,,,no_image
17611,Cathaica rossimontana,罗西华蜗牛,,,,,,,no_image
27825,Catocala nupta,裳夜蛾,,,,,,,no_image
27846,Catopsilia florella,碎斑迁粉蝶,,,,,,,no_image
135502,Catillaria sculpturata,雕纹腊肠衣,,,,,,,no_image
7335,Caulastrea furcata,叉干星珊瑚,,,,,,,no_image
27863,Cauloscinis sinensis,中华柄托秆蝇,,,,,,,no_image
27865,Cavatorella spirodelae,螺旋刺突水蝇,,,,,,,no_image
849,Caulibugula dendrograpta,笔石茎苔虫,,,,,,,no_image
92649,Cayratia geniculata,膝曲大麻藤,,,,,,,no_image
10368,Cecidophyopsis ribis,,,,,,,,no_image
92673,Celastrus oblanceifolius,窄叶南蛇藤,,,,,,,no_image
27922,Celes skalozubovi,小赤翅蝗,,,,,,,no_image
27901,Celastrina gigas,巨大琉璃灰蝶,,,,,,,no_image
92703,Celtis sinensis,朴树,,,,,,,no_image
27942,Celyphus hyacinthus,风信子准甲蝇,,,,,,,no_image
27962,Cemus changchias,长刺纹翅飞虱,,,,,,,no_image
138256,Cenangium pityum,,,,,,,,no_image
92716,Centaurea diffusa,铺散矢车菊,,,,,,,no_image
27983,Centistes minutus,小宽鞘茧蜂,,,,,,,no_image
15530,Centrochthonius kozlovi,柯氏中伪蝎,,,,,,,no_image
28003,Centorisoma sexangulatum,六边隆盾秆蝇,,,,,,,no_image
28029,Centrotus cornutus,露盾角蝉,,,,,,,no_image
92743,Centrosema pubescens,距瓣豆,,,,,,,no_image
28008,Centrophthalmus punctipennis,,,,,,,,no_image
28049,Cephalaeschna shaowuensis,邵武头蜓,,,,,,,no_image
6155,Cephalanticoma filicaudata,丝尾头感线虫,,,,,,,no_image
28072,Cephalispa scutellata,小盾溜秽蝇,,,,,,,no_image
18222,Cephalodella exigua,小巨头轮虫,,,,,,,no_image
18244,Cephalodella physalis,水泡巨头轮虫,,,,,,,no_image
92769,Cephalostachyum pallidum,小空竹,,,,,,,no_image
74264,Cephalopholis boenak,横纹九棘鲈,,,,,,,no_image
28087,Cephalops longicaudus,长尾光头蝇,,,,,,,no_image
144221,Cephalotrichum nanum,,,,,,,,no_image
92803,Cephaloziella hampeana,哈氏拟大萼苔,,,,,,,no_image
28110,Cephennodes capra,,,,,,,,no_image
28150,Cephennodes ovatus,,,,,,,,no_image
28130,Cephennodes hongkongensis,,,,,,,,no_image
28170,Cephennodes superlatus,,,,,,,,no_image
28190,Cephennomicrus taitungensis,,,,,,,,no_image
28227,Cerais magnicornis,罕见角秆蝇,,,,,,,no_image
148776,Ceraceomyces serpens,,,,,,,,no_image
28231,Cerapteroceroides japonicus,日本纹翅跳小蜂,,,,,,,no_image
92833,Cerastium fontanum,泉卷耳,,,,,,,no_image
28244,Cerataphis fransseni,弗兰坚蚜,,,,,,,no_image
28263,Ceratina iwatai,齿突芦蜂,,,,,,,no_image
149670,Ceratobasidium stevensii,角担子菌,,,,,,,no_image
6703,Ceratomyxa simplex,简单角形虫,,,,,,,no_image
28307,Ceratophyllus picatilis,喜鹊角叶蚤,,,,,,,no_image
28278,Ceratoglyphina brachyskeroae,短坚角蚜,,,,,,,no_image
28288,Ceratoneura indi,短索辐纹啮小蜂,,,,,,,no_image
18720,Ceratophysella xiaoi,,,,,,,,no_image
143749,Ceratosphaeria phyllostachydis,,,,,,,,no_image
92886,Ceratostylis subulata,管叶牛角兰,,,,,,,no_image
28334,Ceratovacuna subtropicana,亚热带粉角蚜,,,,,,,no_image
92895,Cercis glabra,湖北紫荆,,,,,,,no_image
132382,Cercospora alpini-katsumadae,,,,,,,,no_image
132422,Cercospora beticola,,,,,,,,no_image
132402,Cercospora aragonensis,,,,,,,,no_image
132482,Cercospora digitalidis,,,,,,,,no_image
132462,Cercospora commelinae-salicifoliae,,,,,,,,no_image
132502,Cercospora evodio-rutaecarpae,,,,,,,,no_image
132442,Cercospora cantonensis,,,,,,,,no_image
132522,Cercospora helianthicola,,,,,,,,no_image
132542,Cercospora justiciaecola,,,,,,,,no_image
132582,Cercospora montenegrina,,,,,,,,no_image
132562,Cercospora malayensis,,,,,,,,no_image
132622,Cercospora pontederiae,,,,,,,,no_image
132602,Cercospora paridis,,,,,,,,no_image
132642,Cercospora salviicola,,,,,,,,no_image
132662,Cercospora sonchi,,,,,,,,no_image
132702,Cercosporella ipomoeae,,,,,,,,no_image
132682,Cercospora uramensis,,,,,,,,no_image
28354,Cereopsius ziczac,,,,,,,,no_image
28378,Ceresium zeylanicum,,,,,,,,no_image
28399,Ceriana sartorum,黄盾突角蚜蝇,,,,,,,no_image
6292,Cerithidea sinensis,中华拟蟹守螺,,,,,,,no_image
150979,Ceriporia tarda,迟缓蜡卧孔菌,,,,,,,no_image
3291,Cerithium torresi,,,,,,,,no_image
28433,Ceromya flaviseta,红毛脉寄蝇,,,,,,,no_image
28413,Cerodontha duplicata,暗眶额角潜蝇,,,,,,,no_image
92915,Ceropegia paohsingensis,宝兴吊灯花,,,,,,,no_image
28447,Ceropsilopa radiatula,辐射长角水蝇,,,,,,,no_image
74291,Certhia familiaris,欧亚旋木雀,,,,,,,no_image
1428,Cetoconcha gloriosa,荣怪蛤,,,,,,,no_image
28470,Cestonionerva latigena,宽颊裸堤寄蝇,,,,,,,no_image
135880,Cetraria hiascens,,,,,,,,no_image
155579,Cetraspora armeniaca,,,,,,,,no_image
1626,Chaceon granulatus,颗粒查氏蟹,,,,,,,no_image
135915,Cetreliopsis endoxanthoides,黄类斑叶,,,,,,,no_image
131647,Chaenotheca gracillima,,,,,,,,no_image
134593,Chaenothecopsis ochroleuca,,,,,,,,no_image
28514,Chaetabraeus bonzicus,邦刺球阎甲,,,,,,,no_image
74329,Chaetodermis penicilligerus,单棘棘皮鲀,,,,,,,no_image
28530,Chaetexorista microchaeta,簇毛刺蛾寄蝇,,,,,,,no_image
74347,Chaetodon melannotus,黑背蝴蝶鱼,,,,,,,no_image
74367,Chaetodon wiebeli,丽蝴蝶鱼,,,,,,,no_image
28555,Chaetogonopteron concavum,凹突短跗长足虻,,,,,,,no_image
92941,Chaetomitrium acanthocarpum,疣蒴刺柄藓,,,,,,,no_image
28575,Chaetogonopteron pallantennatum,淡角短跗长足虻,,,,,,,no_image
144420,Chaetomium megalocarpum,,,,,,,,no_image
92948,Chaetomorpha crassa,粗硬毛藻,,,,,,,no_image
133587,Chaetopyrena penicillata,,,,,,,,no_image
142012,Chaetopsina hongkongensis,,,,,,,,no_image
28624,Chaetostomella alini,阿氏鬃实蝇,,,,,,,no_image
28636,Chaitoregma tattakana,塔毛角蚜,,,,,,,no_image
28639,Chalarus fimbriatus,流苏隐脉头蝇,,,,,,,no_image
28658,Chalcolema cylindrica,柱形樟肖叶甲,,,,,,,no_image
28671,Chalcosyrphus blanki,蓝色桐木蚜蝇,,,,,,,no_image
28689,Chalinga elwesi,姹蛱蝶,,,,,,,no_image
92983,Chamaelirium shimentaiense,石门台白丝草,,,,,,,no_image
28705,Chamaepsila mongolica,蒙古顶茎蝇,,,,,,,no_image
92959,Chamaecrista leschenaultiana,大叶山扁豆,,,,,,,no_image
92996,Chamaesium thalictrifolium,松潘矮泽芹,,,,,,,no_image
136822,Chapsa pulchra,,,,,,,,no_image
74386,Channa gachua,宽额鳢,,,,,,,no_image
74381,Champsodon atridorsalis,弓背鳄齿鱼,,,,,,,no_image
28737,Charaxes aristogiton,亚力螯蛱蝶,,,,,,,no_image
28760,Chartographa liva,青灰洄纹尺蛾,,,,,,,no_image
106,Charybdis miles,武士蟳,,,,,,,no_image
28774,Chasminodes nigrifascia,黑带白夜蛾,,,,,,,no_image
93019,Cheilanthes brausei,滇西旱蕨,,,,,,,no_image
74435,Cheilinus undulatus,波纹唇鱼(苏眉),,,,,,,no_image
93058,Cheilolejeunea xanthocarpa,白鳞苔,,,,,,,no_image
93038,Cheilolejeunea falsinervis,假肋唇鳞苔,,,,,,,no_image
74455,Cheilopogon suttoni,苏氏须唇飞鱼,,,,,,,no_image
28815,Cheilosia cystorhyncha,囊喙黑蚜蝇,,,,,,,no_image
28835,Cheilosia josankeiana,日本黑蚜蝇,,,,,,,no_image
28875,Cheilosia rufimaculata,红斑黑蚜蝇,,,,,,,no_image
28855,Cheilosia niitakana,狭带黑蚜蝇,,,,,,,no_image
28895,Cheilosia victoria,维多利亚黑蚜蝇,,,,,,,no_image
28913,Cheilotrichia vaillanti,瓦氏唇大蚊,,,,,,,no_image
12590,Cheiracanthium auriculatum,耳状红螯蛛,,,,,,,no_image
12619,Cheiracanthium japonicum,日本红螯蛛,,,,,,,no_image
12610,Cheiracanthium wuquan,五圈红螯蛛,,,,,,,no_image
9419,Cheiroseius borealis,,,,,,,,no_image
93072,Cheirostylis jamesleungii,粉红叉柱兰,,,,,,,no_image
74459,Chelidonichthys ischyrus,大头绿鳍鱼,,,,,,,no_image
28946,Chelipoda arcta,北方鬃螳舞虻,,,,,,,no_image
74463,Chelidoperca hirundinacea,燕赤鮨,,,,,,,no_image
93099,Chelonopsis deflexa,毛药花,,,,,,,no_image
28966,Chelipoda xanthocephala,黄头鬃螳舞虻,,,,,,,no_image
28979,Chelostoma xizangensis,西藏裂爪蜂,,,,,,,no_image
93126,Cheniella ovatifolia,卵叶首冠藤,,,,,,,no_image
28996,Chersotis melancholica,黑卡夜蛾,,,,,,,no_image
93148,Chenopodium karoi,平卧藜,,,,,,,no_image
29018,Chibiraga yukei,宇轲迷刺蛾,,,,,,,no_image
17364,Chicoreus saulii,秀美棘螺,,,,,,,no_image
29044,Chillcottomyia shimentaiensis,石门台毛眼驼舞虻,,,,,,,no_image
29007,Chetoptilia burmanica,缅甸穴寄蝇,,,,,,,no_image
93203,Chiloscyphus semiteres,大裂萼苔,,,,,,,no_image
74482,Chiloscyllium indicum,印度斑竹鲨,,,,,,,no_image
93217,Chimonobambusa angustifolia,狭叶方竹,,,,,,,no_image
93239,Chimonobambusa ningnanica,宁南方竹,,,,,,,no_image
93261,Chimonocalamus delicatus,香竹,,,,,,,no_image
13011,Chinattus undulatus,波状华蛛,,,,,,,no_image
93278,Chionanthus guangxiensis,广西李榄,,,,,,,no_image
29067,Chinghaipsylla ampliodigita,宽指青海蚤,,,,,,,no_image
93289,Chionostomum rostratum,花锦藓,,,,,,,no_image
29090,Chironomus anthracinus,墨黑摇蚊,,,,,,,no_image
29129,Chirosia parvicornis,小角蕨蝇,,,,,,,no_image
29110,Chironomus senisetosus,六毛双叶摇蚊,,,,,,,no_image
145159,Chitonia pequinii,,,,,,,,no_image
134979,Chitonomyces orientalis,,,,,,,,no_image
93309,Chloranthus serratus,及己,,,,,,,no_image
29164,Chloridolum jeanvoinei,,,,,,,,no_image
6381,Chlamys cloacata,宽肋栉孔扇贝,,,,,,,no_image
29186,Chloridolum tenuipes,,,,,,,,no_image
74514,Chloris sinica,金翅雀,,,,,,,no_image
29215,Chloroclystis rubroviridis,红绿沦尺蛾,,,,,,,no_image
191,Chlorodiella quadrilobata,四叶绿蟹,,,,,,,no_image
29245,Chlorogomphus shanicus,山裂唇蜓,,,,,,,no_image
29265,Chlorophorus brevenotatus,,,,,,,,no_image
29286,Chlorophorus hederatus,,,,,,,,no_image
29307,Chlorophorus praecanus,,,,,,,,no_image
29327,Chlorophorus tredecimmaculatus,,,,,,,,no_image
145167,Chlorophyllum rhacodes,粗鳞大环柄菇,,,,,,,no_image
29369,Chlorops rubricollis,三斑秆蝇,,,,,,,no_image
29349,Chlorops gansuensis,甘肃秆蝇,,,,,,,no_image
29385,Chloropulvinaria polygonata,卵绿绵蜡蚧,,,,,,,no_image
4511,Chlorostoma rustica,锈凹螺,,,,,,,no_image
74553,Choerodon fasciatus,七带猪齿鱼,,,,,,,no_image
29410,Chonala praeusta,棕带眼蝶,,,,,,,no_image
155890,Choanephora persicaria,,,,,,,,no_image
93351,Chondrilla ornata,中亚粉苞菊,,,,,,,no_image
93372,Chorispora macropoda,小花离子芥,,,,,,,no_image
3445,Choniognathus reini,赖氏合颚蟹,,,,,,,no_image
11170,Chorizopes longus,长壮头蛛,,,,,,,no_image
29442,Chorthippus ateridorsus,黑背雏蝗,,,,,,,no_image
29464,Chorthippus flexivenus,曲脉雏蝗,,,,,,,no_image
93379,Christia campanulata,台湾蝙蝠草,,,,,,,no_image
29484,Chorthippus maerkangensis,马尔康雏蝗,,,,,,,no_image
29504,Chorthippus squamopennis,鳞翅雏蝗,,,,,,,no_image
1465,Chromadora nudicapitata,裸头色矛线虫,,,,,,,no_image
74581,Chromis cinerascens,灰光鳃鱼,,,,,,,no_image
74601,Chromis xanthura,黄尾光鳃鱼,,,,,,,no_image
149434,Chroogomphus sibiricus,,,,,,,,no_image
29542,Chrysacris viridis,绿金色蝗,,,,,,,no_image
93416,Chrysanthemum morii,台湾菊,,,,,,,no_image
74610,Chrysiptera tricincta,三带金翅雀鲷,,,,,,,no_image
74614,Chrysococcyx xanthorhynchus,紫金鹃,,,,,,,no_image
29573,Chrysolina aeneolucens,黄角金叶甲,,,,,,,no_image
29598,Chrysolina coerulans,淡色金叶甲,,,,,,,no_image
29621,Chrysolina gruevi,格如氏金叶甲,,,,,,,no_image
29641,Chrysolina lijieae,丽杰金叶甲,,,,,,,no_image
29661,Chrysolina pieli,裴氏金叶甲,,,,,,,no_image
29684,Chrysolina tani,谭氏金叶甲,,,,,,,no_image
29702,Chrysomela salicivorax,柳十八斑叶甲,,,,,,,no_image
29718,Chrysonopa nigroscutella,黑盾粗股肖叶甲,,,,,,,no_image
153062,Chrysomyxa arctostaphyli,,,,,,,,no_image
74622,Chrysopelea ornata,金花蛇,,,,,,,no_image
29738,Chrysopa gratiosa,优草蛉,,,,,,,no_image
29793,Chrysopilus ditissimis,台南金鹬虻,,,,,,,no_image
74623,Chrysophlegma flavinucha,大黄冠啄木鸟,,,,,,,no_image
29813,Chrysopilus nigripilosus,黑毛金鹬虻,,,,,,,no_image
29829,Chrysopophthorus petiolus,柄草蛉茧蜂,,,,,,,no_image
29848,Chrysops mlokosiewiczi,莫氏斑虻,,,,,,,no_image
29868,Chrysorabdia aurantiaca,桔色金苔蛾,,,,,,,no_image
29908,Chrysosoma xanthodes,淡黄金长足虻,,,,,,,no_image
29888,Chrysosoma guizhouense,贵州金长足虻,,,,,,,no_image
93451,Chrysosplenium flagelliferum,蔓金腰,,,,,,,no_image
93482,Chrysosplenium oxygraphoides,鸦跖花金腰,,,,,,,no_image
134644,Chrysosporium zonatum,,,,,,,,no_image
29933,Chrysotimus lii,李氏黄鬃长足虻,,,,,,,no_image
29953,Chrysotoxum biguttatum,二斑长角蚜蝇,,,,,,,no_image
29973,Chrysotoxum liupanshanense,六盘山长角蚜蝇,,,,,,,no_image
30013,Chrysotus fanjingshanus,梵净山小异长足虻,,,,,,,no_image
29993,Chrysotoxum tuberculatum,瘤长角蚜蝇,,,,,,,no_image
30033,Chrysotus mobilis,锐敏小异长足虻,,,,,,,no_image
30053,Chrysotus xinjiangensis,新疆小异长足虻,,,,,,,no_image
11531,Chrysso caudigera,携尾丽蛛,,,,,,,no_image
11675,Chrysso wenxianensis,文县丽蛛,,,,,,,no_image
30099,Churinga latifascia,宽条丘苔蛾,,,,,,,no_image
30086,Chudania guizhouana,贵州消室叶蝉,,,,,,,no_image
30119,Chyliza selectoides,选绒茎蝇,,,,,,,no_image
138940,Ciboria peckiana,佩克杯盘菌,,,,,,,no_image
30139,Chytonix erastroides,伴流夜蛾,,,,,,,no_image
93511,Cicerbita azurea,岩参,,,,,,,no_image
12017,Cicurina kailiensis,凯里洞叶蛛,,,,,,,no_image
30154,Cidariplura hani,韩胸须夜蛾,,,,,,,no_image
5273,Ciliopagurus krempfi,克氏纤毛寄居蟹,,,,,,,no_image
30173,Cilea silphoides,,,,,,,,no_image
93520,Cimicifuga foetida,,,,,,,,no_image
93554,Cinnamomum pingbienense,屏边桂,,,,,,,no_image
93534,Cinnamomum bejolghota,钝叶桂,,,,,,,no_image
154945,Cintractia suedae,,,,,,,,no_image
154925,Cintractia caricis,苔核黑粉菌,,,,,,,no_image
406,Circe tumfacata,华丽美女蛤,,,,,,,no_image
74651,Circus aeruginosus,白头鹞,,,,,,,no_image
74662,Cirrhilabrus exquisitus,艳丽丝隆头鱼,,,,,,,no_image
74679,Cirricaecula macdowelli,麦氏无鳍须蛇鳗,,,,,,,no_image
93607,Cirsium chlorolepis,两面刺,,,,,,,no_image
30193,Cirrochroa tyche,幸运辘蛱蝶,,,,,,,no_image
93627,Cirsium monocephalum,马刺蓟,,,,,,,no_image
93647,Cirsium tianmushanicum,杭蓟,,,,,,,no_image
93660,Cissampelopsis volubilis,藤菊,,,,,,,no_image
93683,Cistanche mongolica,管花肉苁蓉,,,,,,,no_image
30219,Citrogramma amarilla,黄色裸眼蚜蝇,,,,,,,no_image
7165,Cladiella daphnae,达芙妮小枝软珊瑚,,,,,,,no_image
93701,Citrus maxima,柚,,,,,,,no_image
30242,Cladiscodes longicornis,,,,,,,,no_image
135522,Cladonia beaumontii,,,,,,,,no_image
135542,Cladonia corymbescens,细枝石蕊,,,,,,,no_image
135562,Cladonia glauca,白粉石蕊,,,,,,,no_image
135602,Cladonia pleurota,粉杯红石蕊,,,,,,,no_image
135582,Cladonia macroptera,大翅石蕊,,,,,,,no_image
135622,Cladonia subcervicornis,,,,,,,,no_image
93729,Cladophora rugulosa,微皱刚毛藻,,,,,,,no_image
30247,Cladopelma viridulum,拟平铗枝角摇蚊,,,,,,,no_image
132153,Cladosporium caricicola,,,,,,,,no_image
144474,Cladorrhinum foecundissimum,,,,,,,,no_image
132173,Cladosporium effusum,,,,,,,,no_image
132193,Cladosporium langeronii,,,,,,,,no_image
132233,Cladosporium soldanellae,,,,,,,,no_image
132213,Cladosporium oxysporum,,,,,,,,no_image
132253,Cladosporium zizyphi,,,,,,,,no_image
13692,Cladothela parva,小枝疣蛛,,,,,,,no_image
74707,Clarias fuscus,胡子鲇,,,,,,,no_image
30270,Clanis deucalion,洋槐天蛾,,,,,,,no_image
93773,Clastobryum glabrescens,三列疣胞藓,,,,,,,no_image
136675,Clauzadea monticola,山封衣,,,,,,,no_image
145645,Clavaria decolor,,,,,,,,no_image
93779,Clausena excavata,假黄皮,,,,,,,no_image
145665,Clavaria miniata,大红豆芽菌,,,,,,,no_image
145685,Clavaria tonkinensis,越南珊瑚菌,,,,,,,no_image
141718,Claviceps purpurea,麦角菌,,,,,,,no_image
149736,Clavulina coralloides,珊瑚状锁瑚菌,,,,,,,no_image
145706,Clavulinopsis luteoalba,,,,,,,,no_image
4304,Clavus vidualoides,阴阳瘤螺,,,,,,,no_image
74709,Cleisthenes herzensteini,赫氏高眼鲽,,,,,,,no_image
93806,Cleisostoma mulunense,木论隔距兰,,,,,,,no_image
93851,Clematis akebioides,甘川铁线莲,,,,,,,no_image
93882,Clematis chingii,两广铁线莲,,,,,,,no_image
93946,Clematis heracleifolia,大叶铁线莲,,,,,,,no_image
93910,Clematis finetiana,山木通,,,,,,,no_image
93975,Clematis lasiandra,毛蕊铁线莲,,,,,,,no_image
94005,Clematis nannophylla,小叶铁线莲,,,,,,,no_image
94048,Clematis pseudootophora,华中铁线莲,,,,,,,no_image
94083,Clematis subumbellata,细木通,,,,,,,no_image
30317,Cleoporus lefevrei,六斑李肖叶甲,,,,,,,no_image
30295,Cleomenes diversevittatus,,,,,,,,no_image
94121,Clematis viridis,绿叶铁线莲,,,,,,,no_image
30336,Cleptometopus minor,,,,,,,,no_image
94159,Clerodendrum hainanense,海南赪桐,,,,,,,no_image
94185,Clerodendrum yunnanense,滇常山,,,,,,,no_image
94209,Cleyera obscurinervia,隐脉红淡比,,,,,,,no_image
5281,Clibanarius snelliusi,白刺细螯寄居蟹,,,,,,,no_image
30350,Clinocera guangdongensis,广东溪舞虻,,,,,,,no_image
94235,Clinopodium polycephalum,灯笼草,,,,,,,no_image
30388,Clitellaria orientalis,东方鞍腹水虻,,,,,,,no_image
2653,Cliona orientalis,东方穿孔海绵,,,,,,,no_image
142613,Clitocybe aurantiaca,橙黄杯伞,,,,,,,no_image
142633,Clitocybe dicolor,双色杯伞,,,,,,,no_image
142673,Clitocybe maxima,大杯伞,,,,,,,no_image
142653,Clitocybe gilva,黄白杯伞,,,,,,,no_image
142693,Clitocybe robusta,粗壮杯伞,,,,,,,no_image
142713,Clitocybe tornata,,,,,,,,no_image
146070,Clitopilus caespitosus,,,,,,,,no_image
141222,Clohiesia curvispora,,,,,,,,no_image
30420,Closterocerus rectisulcus,直缝曲纹姬小蜂,,,,,,,no_image
30396,Clossiana dia,女神珍蛱蝶,,,,,,,no_image
14024,Clubiona dichotoma,叉管巢蛛,,,,,,,no_image
13935,Clubiona bifurcata,双叉管巢蛛,,,,,,,no_image
13955,Clubiona heteroducta,异管管巢蛛,,,,,,,no_image
13883,Clubiona subapplanata,近扁管巢蛛,,,,,,,no_image
14013,Clubiona kurosawai,黑泽管巢蛛,,,,,,,no_image
13997,Clubiona ningpoensis,宁波管巢蛛,,,,,,,no_image
30428,Clunio takahashii,高桥海滨摇蚊,,,,,,,no_image
13879,Clubiona tortuosa,曲管巢蛛,,,,,,,no_image
30434,Clytie syriaca,塞望夜蛾,,,,,,,no_image
7999,Clytia cylindrica,筒美螅,,,,,,,no_image
30454,Clytus quadraticollis,,,,,,,,no_image
30488,Cnipsomorpha viridis,,,,,,,,no_image
94252,Cnidium dauricum,兴安蛇床,,,,,,,no_image
74730,Cobitis taenia,花鳅,,,,,,,no_image
139136,Coccomyces bromeliacearum,,,,,,,,no_image
139156,Coccomyces mucronatus,尖丝齿裂菌,,,,,,,no_image
30499,Coccus acuminatus,尖软蜡蚧,,,,,,,no_image
94265,Cochlianthus gracilis,旋花豆,,,,,,,no_image
144271,Cocoicola livistonicola,,,,,,,,no_image
94283,Codium flabellatum,扇形松藻,,,,,,,no_image
94304,Codonopsis bhutanica,西藏党参,,,,,,,no_image
94330,Codonopsis kawakamii,台湾党参,,,,,,,no_image
30529,Codrus bonanza,保安肿额细蜂,,,,,,,no_image
30549,Codrus xinjiangensis,新疆肿额细蜂,,,,,,,no_image
30563,Coeliccia satoi,佐藤长腹扇蟌,,,,,,,no_image
19055,Coecobrya qinae,,,,,,,,no_image
30583,Coelioxys crassiventris,厚腹尖腹蜂,,,,,,,no_image
30603,Coelioxys rufescens,黄带尖腹蜂,,,,,,,no_image
94356,Coelogyne assamica,云南贝母兰,,,,,,,no_image
94376,Coelogyne primulina,报春贝母兰,,,,,,,no_image
74741,Coelophrys brevicaudata,短尾腔蝠鱼,,,,,,,no_image
74751,Coelorinchus commutabilis,变异腔吻鳕,,,,,,,no_image
74771,Coelorinchus sheni,沈氏腔吻鳕,,,,,,,no_image
12082,Coelotes degeneratus,退化隙蛛,,,,,,,no_image
12352,Coelotes noctulus,夜出隙蛛,,,,,,,no_image
12090,Coelotes vestigialis,痕迹隙蛛,,,,,,,no_image
5562,Coenobita brevimanus,短腕陆寄居蟹,,,,,,,no_image
30660,Coenonica ming,,,,,,,,no_image
136779,Coenogonium subvirescens,,,,,,,,no_image
30709,Coenosia brevicauda,短尾秽蝇,,,,,,,no_image
30688,Coenonympha sinica,中华珍眼蝶,,,,,,,no_image
30729,Coenosia disclambosa,异缺秽蝇,,,,,,,no_image
30769,Coenosia mimilongipeda,拟长足秽蝇,,,,,,,no_image
30749,Coenosia grisella,灰石秽蝇,,,,,,,no_image
30789,Coenosia pudorosa,玫瑰秽蝇,,,,,,,no_image
30810,Coenosia subgracilis,亚细秽蝇,,,,,,,no_image
30831,Coenotephria perplexaria,乌斑珂尺蛾,,,,,,,no_image
30858,Colaspoides miyatakei,米氏沟臀肖叶甲,,,,,,,no_image
94396,Coix aquatica,水生薏苡,,,,,,,no_image
30880,Colasposoma yunnanum,云南甘薯肖叶甲,,,,,,,no_image
153083,Coleosporium asterum,紫莞鞘锈菌,,,,,,,no_image
153103,Coleosporium eupaederiae,鸡矢藤鞘锈,,,,,,,no_image
153123,Coleosporium neocacaliae,新兔儿伞鞘锈,,,,,,,no_image
153143,Coleosporium senecionis,,,,,,,,no_image
134257,Coleroa daphnes,,,,,,,,no_image
30960,Colias tibetana,西藏豆粉蝶,,,,,,,no_image
137087,Collema furfuraceum,粉屑胶衣,,,,,,,no_image
30911,Colias erschoffi,黄芪豆粉蝶,,,,,,,no_image
137107,Collema ryssoleum,褶胶衣,,,,,,,no_image
141591,Colletotrichum graminicola,,,,,,,,no_image
141571,Colletotrichum cereale,,,,,,,,no_image
141631,Colletotrichum siamense,,,,,,,,no_image
141611,Colletotrichum magnoliae,,,,,,,,no_image
14060,Collinsia inerrans,静栖科林蛛,,,,,,,no_image
148429,Collybia johnstonii,约翰斯顿金钱菌,,,,,,,no_image
148409,Collybia acervata,堆金钱菌,,,,,,,no_image
148449,Collybia prolixa,,,,,,,,no_image
30983,Colocasiomyia longifilamentata,长突芋果蝇,,,,,,,no_image
8204,Colobonema sericeum,短手水母,,,,,,,no_image
94445,Cololejeunea chinii,薄壁硬鳞苔,,,,,,,no_image
94465,Cololejeunea kodamae,拟单胞疣鳞苔,,,,,,,no_image
94485,Cololejeunea pseudoplagiophylla,拟斜叶疣鳞苔,,,,,,,no_image
94505,Cololejeunea trichomanis,单体疣鳞苔,,,,,,,no_image
10531,Colopodacus insulanatts,,,,,,,,no_image
139170,Colpoma camelliae,山茶弯壳菌,,,,,,,no_image
150075,Coltricia montagnei,大集毛菌,,,,,,,no_image
150095,Coltriciella subpicta,浅色小钹孔菌,,,,,,,no_image
94538,Colura conica,尖囊管叶苔,,,,,,,no_image
13095,Colyttus lehtineni,勒氏剑蛛,,,,,,,no_image
94563,Comastoma disepalum,二萼喉毛花,,,,,,,no_image
94581,Combretum pilosum,长毛风车子,,,,,,,no_image
31011,Comibaena latilinea,宽线绿尺蛾,,,,,,,no_image
94588,Commelina auriculata,耳苞鸭跖草,,,,,,,no_image
31037,Comostola laesaria,红斑亚四目绿尺蛾,,,,,,,no_image
31056,Compsiluroides flavipalpis,黄须拟腹寄蝇,,,,,,,no_image
31074,Comusia testacea,,,,,,,,no_image
31092,Concaveplana suiyangensis,绥阳凹片叶蝉,,,,,,,no_image
5039,Conchodytes meleagrinae,斑点江瑶虾,,,,,,,no_image
31112,Condylostylus clivus,山毛瘤长足虻,,,,,,,no_image
31132,Condylostylus subgeniculatus,近膝毛瘤长足虻,,,,,,,no_image
155332,Conidiobolus iuxtagenitus,近隔接合孢耳霉,,,,,,,no_image
31141,Conicera formosensis,台湾锥蚤蝇,,,,,,,no_image
141507,Coniella fusiformis,,,,,,,,no_image
31160,Coniocompsa spectabilis,奇斑曲粉蛉,,,,,,,no_image
31172,Coniopteryx gibberosa,突角粉蛉,,,,,,,no_image
31192,Conioscinella griseostriata,灰缘圆锥秆蝇,,,,,,,no_image
94631,Coniogramme serrulata,澜沧凤了蕨,,,,,,,no_image
94646,Conioselinum shanii,安徽山芎,,,,,,,no_image
133391,Coniothyrium parasitans,,,,,,,,no_image
31214,Conocephalus discolor,变色草螽,,,,,,,no_image
145582,Conocybe ambigua,,,,,,,,no_image
31229,Conomorium patulum,派锥索金小蜂,,,,,,,no_image
145602,Conocybe mutabilis,,,,,,,,no_image
31262,Conops nigrifrons,黑额眼蝇,,,,,,,no_image
31242,Conophymacris nigrofemora,黑股拟裸蝗,,,,,,,no_image
10845,Conothele taiwanensis,台湾科诺蛛,,,,,,,no_image
31285,Convexana curvatura,翘尾凸冠叶蝉,,,,,,,no_image
94669,Convolvulus tragacanthoides,刺旋花,,,,,,,no_image
74818,Cophecheilus bamen,巴门褶吻鲮,,,,,,,no_image
31326,Copidosoma primulum,棉铃虫多胚跳小蜂,,,,,,,no_image
148002,Coprinopsis pachyderma,,,,,,,,no_image
147982,Coprinellus heptemerus,,,,,,,,no_image
145184,Coprinus ephemerus,速亡鬼伞,,,,,,,no_image
145204,Coprinus narcoticus,,,,,,,,no_image
145224,Coprinus truncorum,,,,,,,,no_image
31371,Coproporus latus,,,,,,,,no_image
31351,Copromyza zhongensis,中华离脉小粪蝇,,,,,,,no_image
139419,Coprotus sexdecimsporus,十六孢粪裸盘菌,,,,,,,no_image
31390,Coptops diversesparsus,,,,,,,,no_image
31414,Coptotermes guangdongensis,广东乳白蚁,,,,,,,no_image
31434,Coquillettidia ochracea,黄色轲蚊,,,,,,,no_image
5098,Coralliocaris brevirostris,短额珊瑚虾,,,,,,,no_image
94696,Corchorus olitorius,长蒴黄麻,,,,,,,no_image
17510,Coralliophila radula,梨形珊瑚螺,,,,,,,no_image
31455,Cordelia minerva,宓妮珂灰蝶,,,,,,,no_image
141772,Cordyceps barsii,香棒虫草,,,,,,,no_image
141792,Cordyceps hawkesii,霍克斯虫草,,,,,,,no_image
141812,Cordyceps polyarthra,,,,,,,,no_image
94704,Cordyline fruticosa,朱蕉,,,,,,,no_image
31475,Corennys taiwana,,,,,,,,no_image
94723,Coriaria intermedia,台湾马桑,,,,,,,no_image
94710,Corethrodendron fruticosum,羊柴,,,,,,,no_image
151201,Coriolus albofuscus,,,,,,,,no_image
94732,Corispermum dilutum,辽西虫实,,,,,,,no_image
94756,Corispermum stenolepis,细苞虫实,,,,,,,no_image
94775,Cornus austrosinensis,华南梾木,,,,,,,no_image
94805,Cornus sanguinea,欧洲红瑞木,,,,,,,no_image
31508,Coronacella sinhalana,白缘王冠飞虱,,,,,,,no_image
149795,Corticium calceum,鞋状伏革菌,,,,,,,no_image
6277,Corophium major,大蜾蠃蜚,,,,,,,no_image
149815,Corticium salicicola,鲑色伏革菌,,,,,,,no_image
145739,Cortinarius anthracinus,煤黑丝膜菌,,,,,,,no_image
145759,Cortinarius bulbosus,球基丝膜菌,,,,,,,no_image
145779,Cortinarius cinereoviolaceus,灰紫色丝膜菌,,,,,,,no_image
145799,Cortinarius decipiens,亚褐晶丝膜菌,,,,,,,no_image
145819,Cortinarius fragilis,,,,,,,,no_image
145839,Cortinarius illibatus,,,,,,,,no_image
145859,Cortinarius meleagris,,,,,,,,no_image
145899,Cortinarius pseudotalus,假变形丝膜菌,,,,,,,no_image
145879,Cortinarius orichalceus,,,,,,,,no_image
145919,Cortinarius sanguineus,红丝膜菌,,,,,,,no_image
145959,Cortinarius variicolor,褐紫丝膜菌,,,,,,,no_image
145939,Cortinarius sublanatus,,,,,,,,no_image
12813,Corusca bawangensis,霸王华美蛛,,,,,,,no_image
94825,Corybas puniceus,艳紫铠兰,,,,,,,no_image
94892,Corydalis cheilanthifolia,地柏枝,,,,,,,no_image
94845,Corydalis anthriscifolia,峨参叶紫堇,,,,,,,no_image
94923,Corydalis delicatula,娇嫩黄堇,,,,,,,no_image
94867,Corydalis bulbifera,鳞叶紫堇,,,,,,,no_image
94943,Corydalis fargesii,北岭黄堇,,,,,,,no_image
94965,Corydalis gracillima,纤细黄堇,,,,,,,no_image
94987,Corydalis hookeri,拟锥花黄堇,,,,,,,no_image
95007,Corydalis kashgarica,喀什黄堇,,,,,,,no_image
95032,Corydalis lhasaensis,拉萨黄堇,,,,,,,no_image
95077,Corydalis muliensis,木里黄堇,,,,,,,no_image
95057,Corydalis luquanensis,禄劝黄堇,,,,,,,no_image
95098,Corydalis oxypetala,尖瓣紫堇,,,,,,,no_image
95140,Corydalis pseudomicrophylla,假小叶黄堇,,,,,,,no_image
95120,Corydalis prattii,草甸黄堇,,,,,,,no_image
95167,Corydalis rorida,露点紫堇,,,,,,,no_image
95188,Corydalis sibirica,北紫堇,,,,,,,no_image
95238,Corydalis ussuriensis,吉林延胡索,,,,,,,no_image
95216,Corydalis tenerrima,柔弱黄堇,,,,,,,no_image
95281,Corylus chinensis,华榛,,,,,,,no_image
95257,Corylopsis alnifolia,桤叶蜡瓣花,,,,,,,no_image
133418,Corynespora ligustri,,,,,,,,no_image
133398,Corynespora cambrensis,,,,,,,,no_image
133438,Corynespora toonae,,,,,,,,no_image
31523,Corynoneura ecphora,圆突棒脉摇蚊,,,,,,,no_image
31543,Corynoptera aurea,黄化翼眼蕈蚊,,,,,,,no_image
31563,Corynoptera podiospina,足刺翼眼蕈蚊,,,,,,,no_image
74874,Coryphaenoides nasutus,锥鼻突吻鳕,,,,,,,no_image
11643,Coscinida asiatica,亚洲格蛛,,,,,,,no_image
9104,Cosmochthonius reticulatus,网广缝甲螨,,,,,,,no_image
31598,Cosmia pyralina,果兜夜蛾,,,,,,,no_image
142018,Cosmospora meliopsicola,,,,,,,,no_image
9963,Cosella rubi,,,,,,,,no_image
31639,Cothornobata cyanea,蔚蓝云瘦足蝇,,,,,,,no_image
95324,Cotoneaster ataensis,察隅栒子,,,,,,,no_image
95352,Cotoneaster dammeri,矮生栒子,,,,,,,no_image
95380,Cotoneaster gracilis,细弱栒子,,,,,,,no_image
95409,Cotoneaster langei,中甸栒子,,,,,,,no_image
95439,Cotoneaster omissus,疏忽栒子,,,,,,,no_image
95467,Cotoneaster subadpressus,高山栒子,,,,,,,no_image
95487,Cotoneaster yui,德浚栒子,,,,,,,no_image
150690,Cotylidia undulata,波状杯革菌,,,,,,,no_image
95510,Craibiodendron yunnanense,云南金叶子,,,,,,,no_image
95515,Craniospermum subfloccosum,卷毛颅果草,,,,,,,no_image
141256,Craspedodidymum proliferans,层出阔领瓶梗孢,,,,,,,no_image
95525,Crataegus chungtienensis,中甸山楂,,,,,,,no_image
12743,Crassignatha yamu,压木糙胸蛛,,,,,,,no_image
149741,Craterellus auratus,金喇叭菌,,,,,,,no_image
95519,Crassicaulis middletonii,藏南粗茎苣苔,,,,,,,no_image
95552,Crateva unilocularis,树头菜,,,,,,,no_image
95571,Crawfurdia nyingchiensis,林芝蔓龙胆,,,,,,,no_image
95617,Cremanthodium glaucum,灰绿垂头菊,,,,,,,no_image
95593,Cremanthodium bupleurifolium,柴胡叶垂头菊,,,,,,,no_image
95642,Cremanthodium nervosum,显脉垂头菊,,,,,,,no_image
95665,Cremanthodium serratifolium,锯叶垂头菊,,,,,,,no_image
31707,Cremnops flavistigmus,黄痣长喙茧蜂,,,,,,,no_image
152017,Creolophus cirrhatus,,,,,,,,no_image
95701,Crepidium bancanoides,兰屿沼兰,,,,,,,no_image
95720,Crepidomanes humile,厚边蕨,,,,,,,no_image
146011,Crepidotus carpaticus,,,,,,,,no_image
146031,Crepidotus neocystidiosus,新囊靴耳,,,,,,,no_image
95753,Crepis tianshanica,天山还阳参,,,,,,,no_image
95734,Crepis chrysantha,金黄还阳参,,,,,,,no_image
31731,Cribrohammus fragosus,,,,,,,,no_image
31747,Cricotopus polyannulatus,多触环足摇蚊,,,,,,,no_image
147100,Crinipellis bicolor,,,,,,,,no_image
142736,Crocicreas coronatum,冠胶被盘菌,,,,,,,no_image
31769,Criorhina asilica,拟虻皮毛蚜蝇,,,,,,,no_image
74924,Crocidura zhadaensis,札达麝鼩,,,,,,,no_image
31803,Crosita altaica,阿尔泰秃跗叶甲,,,,,,,no_image
31797,Croesia leechi,褐带弧翅卷蛾,,,,,,,no_image
19213,Crossodonthina formosana,,,,,,,,no_image
74939,Crossorhombus kanekonis,双带缨鲆,,,,,,,no_image
95787,Crotalaria humifusa,匍地猪屎豆,,,,,,,no_image
95817,Crotalaria similis,屏东猪屎豆,,,,,,,no_image
95857,Crouania minutissima,小短丝藻,,,,,,,no_image
95839,Croton euryphyllus,石山巴豆,,,,,,,no_image
31824,Crumomyia kanmiyai,卡米亚硕小粪蝇,,,,,,,no_image
31837,Cryphia muralis,垣藓夜蛾,,,,,,,no_image
31848,Crypteria discalis,盘隐大蚊,,,,,,,no_image
95891,Cryptocarya maclurei,白背厚壳桂,,,,,,,no_image
31854,Cryptochetum curvatum,折横隐芒蝇,,,,,,,no_image
31871,Cryptochironomus protuberans,裸突隐摇蚊,,,,,,,no_image
133441,Cryptocoryneum condensatum,,,,,,,,no_image
4070,Cryptodromiopsis planaria,平坦仿隐绵蟹,,,,,,,no_image
5670,Cryptonatica hirasei,平濑隐玉螺,,,,,,,no_image
6370,Cryptopecten nux,核隐扇贝,,,,,,,no_image
142746,Cryptophiale udagawae,,,,,,,,no_image
6768,Cryptopodia transitans,横展隐足蟹,,,,,,,no_image
31916,Cryptoserphus mesopleuralis,隆侧隐颚细蜂,,,,,,,no_image
31928,Cryptotermes declivis,铲头堆砂白蚁,,,,,,,no_image
95944,Ctenitis eatonii,直鳞肋毛蕨,,,,,,,no_image
31946,Ctenochauliodes griseus,灰翅栉鱼蛉,,,,,,,no_image
5877,Ctenoides ferescabra,粗棘栉锉蛤,,,,,,,no_image
7046,Crystallophyes amygdalina,晶体水母,,,,,,,no_image
31975,Ctenophthalmus dux,首栉眼蚤,,,,,,,no_image
31999,Ctenophthalmus yunnannus,云南栉眼蚤,,,,,,,no_image
32020,Ctenothrips distinctus,杰别梳蓟马,,,,,,,no_image
32031,Cucullia argentina,银冬夜蛾,,,,,,,no_image
95954,Cucumis hystrix,野黄瓜,,,,,,,no_image
32082,Culex barraudi,五指库蚊,,,,,,,no_image
139034,Cudoniella indica,,,,,,,,no_image
32051,Cucullia naruensis,挠划冬夜蛾,,,,,,,no_image
32122,Culex nigropunctatus,黑点库蚊,,,,,,,no_image
32102,Culex hortensis,霍顿库蚊,,,,,,,no_image
155352,Culicicola apiculata,,,,,,,,no_image
32143,Culex sitiens,海滨库蚊,,,,,,,no_image
32176,Culicoides arcuatus,犹豫库蠓,,,,,,,no_image
32216,Culicoides dendrophilus,树洞库蠓,,,,,,,no_image
32236,Culicoides filicinus,似蕨库蠓,,,,,,,no_image
32196,Culicoides charadraeus,沟栖库蠓,,,,,,,no_image
32256,Culicoides haerbalingensis,哈尔巴岭库蠓,,,,,,,no_image
32316,Culicoides liweiae,丽炜库蠓,,,,,,,no_image
32296,Culicoides konglinensis,孔林库蠓,,,,,,,no_image
32276,Culicoides iliensis,伊力库蠓,,,,,,,no_image
32336,Culicoides margipictus,边斑库蠓,,,,,,,no_image
32356,Culicoides multifidous,多裂库蠓,,,,,,,no_image
32376,Culicoides orescius,山隐库蠓,,,,,,,no_image
32396,Culicoides pictimargo,边缘库蠓,,,,,,,no_image
32416,Culicoides raripalpis,罕须库蠓,,,,,,,no_image
32456,Culicoides superflutheca,赘囊库蠓,,,,,,,no_image
32436,Culicoides similis,似同库蠓,,,,,,,no_image
32476,Culicoides toshiokai,冈库蠓,,,,,,,no_image
32496,Culicoides yadongensis,亚东库蠓,,,,,,,no_image
32515,Culpinia diffusa,赤线尺蛾,,,,,,,no_image
155920,Cunninghamella intermedia,,,,,,,,no_image
32519,Cunctochrysa yulongshana,玉龙线草蛉,,,,,,,no_image
74995,Cuora trifasciata,三线闭壳龟,,,,,,,no_image
95981,Cupressus duclouxiana,干香柏,,,,,,,no_image
95999,Curcuma flaviflora,黄花姜黄,,,,,,,no_image
75001,Curruca crassirostris,东歌林莺,,,,,,,no_image
134054,Curvularia comoriensis,,,,,,,,no_image
134074,Curvularia senegalensis,,,,,,,,no_image
2057,Cuspidaria convexa,凸杓蛤,,,,,,,no_image
32569,Cyana fukiensis,闽雪苔蛾,,,,,,,no_image
32548,Cyana albicollis,白颈雪苔蛾,,,,,,,no_image
32589,Cyanagapanthia aurecens,,,,,,,,no_image
7650,Cyanea capillata,发形霞水母,,,,,,,no_image
96062,Cyanthillium patulum,咸虾花,,,,,,,no_image
142761,Cyathus confusus,紊乱黑蛋巢菌,,,,,,,no_image
96072,Cyathophorum parvifolium,小叶雉尾藓,,,,,,,no_image
142781,Cyathus megasporus,巨孢黑蛋巢,,,,,,,no_image
96090,Cycas longipetiolula,长柄叉叶苏铁,,,,,,,no_image
3808,Cycladicama ethima,习见圆蛤,,,,,,,no_image
142801,Cyathus tianshanensis,,,,,,,,no_image
96125,Cyclocodon axillaris,轮钟花,,,,,,,no_image
96119,Cyclea sutchuenensis,四川轮环藤,,,,,,,no_image
11141,Cyclosa cucurbitoria,葫芦艾蛛,,,,,,,no_image
11160,Cyclosa parangdives,类美丽艾蛛,,,,,,,no_image
150109,Cyclomyces setiporus,,,,,,,,no_image
32601,Cyclogastrella tibetica,藏圆腹金小蜂,,,,,,,no_image
96150,Cyclosorus brevipes,短柄毛蕨,,,,,,,no_image
96170,Cyclosorus jiulongshanensis,九龙山毛蕨,,,,,,,no_image
75045,Cyclothone atraria,黑圆罩鱼,,,,,,,no_image
96190,Cyclosorus pygmaeus,矮毛蕨,,,,,,,no_image
96209,Cylindrolobus arunachalensis,藏南柱兰,,,,,,,no_image
32631,Cylindrepomus fouqueti,,,,,,,,no_image
32647,Cylindromyia tibetensis,西藏筒腹寄蝇,,,,,,,no_image
75049,Cygnus columbianus,小天鹅,,,,,,,no_image
32659,Cylindrotoma rufescens,橙红烛大蚊,,,,,,,no_image
8559,Cymatium aquatile,波纹嵌线螺,,,,,,,no_image
8558,Cymatium pfeifferianus,深缝嵌线螺,,,,,,,no_image
75054,Cymbacephalus beauforti,博氏孔鲬,,,,,,,no_image
96242,Cymbidium eburneum,独占春,,,,,,,no_image
96284,Cymbidium wilsonii,滇南虎头兰,,,,,,,no_image
96306,Cymbopogon pendulus,垂序香茅,,,,,,,no_image
96262,Cymbidium mastersii,大雪兰,,,,,,,no_image
8450,Cymothoa eremita,独居缩头水虱,,,,,,,no_image
96358,Cynanchum purpureum,紫花杯冠藤,,,,,,,no_image
96335,Cynanchum forrestii,,,,,,,,no_image
96382,Cynoglossum divaricatum,大果琉璃草,,,,,,,no_image
75084,Cynops chenggongensis,呈贡蝾螈,,,,,,,no_image
75067,Cynoglossus lineolatus,线纹舌鳎,,,,,,,no_image
75105,Cyornis poliogenys,灰颊仙鹟,,,,,,,no_image
96406,Cyperus cyperinus,莎状砖子苗,,,,,,,no_image
96433,Cyperus involucratus,风车草,,,,,,,no_image
96457,Cyperus platystylis,宽柱莎草,,,,,,,no_image
32687,Cyphanta canachlora,大斑绿舟蛾,,,,,,,no_image
32691,Cyphomella cornea,膜脊突摇蚊,,,,,,,no_image
96486,Cypripedium calcicola,褐花杓兰,,,,,,,no_image
96506,Cypripedium malipoense,麻栗坡杓兰,,,,,,,no_image
75116,Cyprinocirrhites polyactis,多棘鲤[鱼翁],,,,,,,no_image
75136,Cypselurus naresii,纳氏燕鳐鱼,,,,,,,no_image
32707,Cyrestis nivea,雪白丝蛱蝶,,,,,,,no_image
32729,Cyrta tiantanshanensis,天坛山弓背叶蝉,,,,,,,no_image
11084,Cyrtarachne yunoharuensis,汤原曲腹蛛,,,,,,,no_image
96528,Cyrtococcum patens,弓果黍,,,,,,,no_image
32751,Cyrtogaster clavicornis,泡金小蜂,,,,,,,no_image
96563,Cyrtomium tsinglingense,秦岭贯众,,,,,,,no_image
96543,Cyrtomium falcatum,全缘贯众,,,,,,,no_image
10954,Cyrtophora cylindroides,类筒云斑蛛,,,,,,,no_image
96572,Cyrtosia septentrionalis,血红肉果兰,,,,,,,no_image
145239,Cystoderma japonicum,,,,,,,,no_image
96576,Cystopteris dickieana,皱孢冷蕨,,,,,,,no_image
17336,Cytharomorula vexillum,旗瓣小结螺,,,,,,,no_image
141519,Cytospora fugax,,,,,,,,no_image
141539,Cytospora sacculus,,,,,,,,no_image
96589,Dacrycarpus imbricatus,鸡毛松,,,,,,,no_image
150843,Dacryobolus phalloides,鬼笔状耳壳菌,,,,,,,no_image
142815,Dactylaria madrasensis,,,,,,,,no_image
139503,Dactylella vermiformis,,,,,,,,no_image
96599,Dactylicapnos scandens,紫金龙,,,,,,,no_image
32797,Dactylispa chiayiana,嘉义趾铁甲,,,,,,,no_image
32821,Dactylispa issiki,三刺趾铁甲,,,,,,,no_image
32841,Dactylispa pallidicollis,淡色叉趾铁甲,,,,,,,no_image
32863,Dactylispa similis,似天目扁趾铁甲,,,,,,,no_image
32885,Dactylorhynchides limacodiformis,红褐指刺蛾,,,,,,,no_image
8396,Dactylokepon barbuladiditus,斗蟹指突鳃虱,,,,,,,no_image
150872,Daedalea ambigua,可疑迷孔菌,,,,,,,no_image
96636,Dalbergia rimosa,多裂黄檀,,,,,,,no_image
96616,Dalbergia candenatensis,弯枝黄檀,,,,,,,no_image
144597,Daldinia vernicosa,光泽轮层炭壳,,,,,,,no_image
8894,Damaeus wulongensis,武隆珠甲螨,,,,,,,no_image
96672,Daphne axillaris,腋花瑞香,,,,,,,no_image
32930,Damalis spinifemurata,刺股籽角食虫虻,,,,,,,no_image
32942,Dangerfield xibozu,锡伯南折茧蜂,,,,,,,no_image
4334,Daphnella sandwichensis,散岛桂螺,,,,,,,no_image
96698,Daphne laciniata,翼柄瑞香,,,,,,,no_image
96721,Daphne rosmarinifolia,华瑞香,,,,,,,no_image
96740,Daphniphyllum paxianum,脉叶虎皮楠,,,,,,,no_image
5210,Dardanus impressus,印纹真寄居蟹,,,,,,,no_image
32964,Daseuplexia lagenifera,引剑冬夜蛾,,,,,,,no_image
15738,Dasonguis rugosus,褶皱宋氏少足,,,,,,,no_image
5003,Dasycaris ceratops,角尖腹虾,,,,,,,no_image
32993,Dasychira simiolus,纹茸毒蛾,,,,,,,no_image
33031,Dasyhelea circellata,圆突毛蠓,,,,,,,no_image
33011,Dasyhelea arenosa,干旱毛蠓,,,,,,,no_image
33051,Dasyhelea doratos,矛状毛蠓,,,,,,,no_image
33071,Dasyhelea formosana,蓬莱毛蠓,,,,,,,no_image
33091,Dasyhelea indecora,科拉毛蠓,,,,,,,no_image
33111,Dasyhelea luteiventris,新黄腹毛蠓,,,,,,,no_image
33131,Dasyhelea pallidicola,淡色毛蠓,,,,,,,no_image
33171,Dasyhelea tianshana,天山毛蠓,,,,,,,no_image
33151,Dasyhelea sella,鞍形毛蠓,,,,,,,no_image
96760,Dasymaschalon sootepense,黄花皂帽花,,,,,,,no_image
33202,Dasypoda plumipes,毛足蜂,,,,,,,no_image
138543,Dasyscyphus acutipilus,尖毛钉菌,,,,,,,no_image
138563,Dasyscyphus fimbriifer,,,,,,,,no_image
33218,Dasysyrphus licinus,曲毛食蚜蝇,,,,,,,no_image
138583,Dasyscyphus palmae,,,,,,,,no_image
96772,Davallia denticulata,假脉骨碎补,,,,,,,no_image
15750,Decapauropus bifurcodicoccus,双叉双谷粒十别少足,,,,,,,no_image
140982,Debaryomyces nepalensis,,,,,,,,no_image
33234,Davidius davidii,,,,,,,,no_image
75193,Decapterus muroadsi,穆氏圆鲹,,,,,,,no_image
33257,Decma fissa,裂涤螽,,,,,,,no_image
148118,Deflexula fascicularis,束生龙爪菌,,,,,,,no_image
96818,Deinanthe caerulea,叉叶蓝,,,,,,,no_image
1669,Deiratonotus cristatum,隆线背脊蟹,,,,,,,no_image
33300,Delia aurosialata,金翅地种蝇,,,,,,,no_image
33320,Delia falciforceps,镰叶地种蝇,,,,,,,no_image
33340,Delia lamellisetoides,拟片刺地种蝇,,,,,,,no_image
33380,Delia scrofifacialis,豚颜地种蝇,,,,,,,no_image
33402,Delias agostina,奥古斑粉蝶,,,,,,,no_image
33360,Delia nigrihalteres,黑棒地种蝇,,,,,,,no_image
96850,Delphinium brunonianum,囊距翠雀花,,,,,,,no_image
96825,Delongia glacialis,糙台藓,,,,,,,no_image
96916,Delphinium gonggaense,贡嘎翠雀花,,,,,,,no_image
96884,Delphinium conaense,错那翠雀花,,,,,,,no_image
96948,Delphinium iliense,伊犁翠雀花,,,,,,,no_image
97034,Delphinium pseudocandelabrum,石滩翠雀花,,,,,,,no_image
96979,Delphinium lihengianum,李恒翠雀花,,,,,,,no_image
97000,Delphinium nangziense,朗孜翠雀花,,,,,,,no_image
97058,Delphinium shawurense,萨乌尔翠雀花,,,,,,,no_image
97089,Delphinium tephranthum,灰花翠雀花,,,,,,,no_image
97118,Delphinium wrightii,狭序翠雀花,,,,,,,no_image
129,Demania rotundata,圆形鳞斑蟹,,,,,,,no_image
8064,Deltocyathus magnificus,大角杯珊瑚,,,,,,,no_image
33467,Demonax acanthocerus,,,,,,,,no_image
33487,Demonax formosomontanus,,,,,,,,no_image
33530,Demonax pilipes,,,,,,,,no_image
33507,Demonax levipes,,,,,,,,no_image
33550,Demonax seoulensis,,,,,,,,no_image
33570,Demopsestis formosana,台圆波纹蛾,,,,,,,no_image
33590,Demotina pustulosa,细突茶肖叶甲,,,,,,,no_image
828,Dendrobeania sinica,中华缨苔虫,,,,,,,no_image
97159,Dendrobium dantaniense,盈江石斛,,,,,,,no_image
97179,Dendrobium hekouense,河口石斛,,,,,,,no_image
97199,Dendrobium longicornu,长距石斛,,,,,,,no_image
97242,Dendrobium yongjiaense,永嘉石斛,,,,,,,no_image
97222,Dendrobium shixingense,始兴石斛,,,,,,,no_image
33600,Dendroleon longicruris,长腿树蚁蛉,,,,,,,no_image
97266,Dendrocalamus menghanensis,勐罕龙竹,,,,,,,no_image
97289,Dendrocalamus xishuangbannaensis,西双版纳牡竹,,,,,,,no_image
75228,Dendrocopos atratus,纹胸啄木鸟,,,,,,,no_image
33625,Dendrolimus rex,丽江松毛虫,,,,,,,no_image
12673,Dendrolycosa robusta,壮树盗蛛,,,,,,,no_image
33638,Dendrophleps semihyalina,斑毒蛾,,,,,,,no_image
33639,Dendrothripoides innoxius,无害背刺蓟马,,,,,,,no_image
13240,Dendryphantes pseudochuldensis,拟呼勒德追蛛,,,,,,,no_image
8783,Dentalium robusta,强壮角贝,,,,,,,no_image
152023,Dentipellis separans,,,,,,,,no_image
97359,Deparia confluens,多羽假蹄盖蕨,,,,,,,no_image
97385,Deparia lancea,单叶双盖蕨,,,,,,,no_image
97414,Deparia subfluvialis,南洋介蕨,,,,,,,no_image
33668,Deraeocoris annulus,环齿爪盲蝽,,,,,,,no_image
33688,Deraeocoris magnioculatus,大眼齿爪盲蝽,,,,,,,no_image
75257,Derichthys serpentinus,短吻项鳗,,,,,,,no_image
134743,Dermatocarpon vellereum,短绒皮果衣,,,,,,,no_image
33708,Deraeocoris sordidus,污齿爪盲蝽,,,,,,,no_image
33750,Derolus bulbicornis,,,,,,,,no_image
97438,Derris elliptica,毛鱼藤,,,,,,,no_image
97466,Deschampsia koelerioides,穗发草,,,,,,,no_image
97477,Desmodium uncinatum,银叶山蚂蟥,,,,,,,no_image
18794,Desoria caeruleatra,,,,,,,,no_image
97490,Deutzia calycosa,大萼溲疏,,,,,,,no_image
33794,Dexia chinensis,中华长足寄蝇,,,,,,,no_image
97519,Deutzia longifolia,长叶溲疏,,,,,,,no_image
97548,Deutzia taibaiensis,太白溲疏,,,,,,,no_image
33814,Dexiosoma lineatum,条纹颊寄蝇,,,,,,,no_image
97559,Deyeuxia effusiflora,疏穗野青茅,,,,,,,no_image
97579,Deyeuxia pyramidalis,野青茅,,,,,,,no_image
33829,Diadocidia globosa,球尾张翅菌蚊,,,,,,,no_image
33843,Dialysis meridionalis,南方芒角臭虻,,,,,,,no_image
33863,Dianaspis bifoveolata,双窝滇梳龟甲,,,,,,,no_image
33880,Dianous atroviolaceus,,,,,,,,no_image
33902,Dianous cupreostigma,,,,,,,,no_image
33922,Dianous gemmosus,,,,,,,,no_image
33945,Dianous mendax,,,,,,,,no_image
33985,Dianous variegatus,,,,,,,,no_image
33965,Dianous schoenmanni,,,,,,,,no_image
97595,Dianthus acicularis,针叶石竹,,,,,,,no_image
97620,Dianyuea turbinata,滇越木,,,,,,,no_image
34018,Diaphorus denticulatus,齿异长足虻,,,,,,,no_image
34038,Diaphorus minor,小型异长足虻,,,,,,,no_image
75294,Diaphus schmidti,史氏眶灯鱼,,,,,,,no_image
75274,Diaphus chrysorhynchus,金鼻眶灯鱼,,,,,,,no_image
141353,Diaporthe nomurai,,,,,,,,no_image
34084,Diarsia hoenei,盗歹夜蛾,,,,,,,no_image
34061,Diarsia basistriga,基点歹夜蛾,,,,,,,no_image
97629,Diarthron linifolium,草瑞香,,,,,,,no_image
144524,Diatrypella borassi,,,,,,,,no_image
34120,Dibrachys maculipennis,斑翅黑青金小蜂,,,,,,,no_image
34146,Dichaetomyia heteromma,新奇重毫蝇,,,,,,,no_image
75319,Diceratias bispinosus,细瓣双角鮟鱇,,,,,,,no_image
142835,Dicellaesporites cartos,,,,,,,,no_image
34166,Dichaetophora accutissma,锐双鬃果蝇,,,,,,,no_image
34186,Dichaetophora wulaiensis,乌来双鬃果蝇,,,,,,,no_image
10641,Dichopelmus puerariae,,,,,,,,no_image
97672,Dichrocephala chrysanthemifolia,菊叶鱼眼草,,,,,,,no_image
97650,Dichocarpum longliense,龙里人字果,,,,,,,no_image
34210,Diclasiopa lateipennis,侧翼狄克水蝇,,,,,,,no_image
34227,Dicranomyia coxitalis,弱细大蚊,,,,,,,no_image
97693,Dicranella microdivaricata,细叶小曲尾藓,,,,,,,no_image
97707,Dicranodontium porodictyon,孔网青毛藓,,,,,,,no_image
34247,Dicranomyia kotoshoensis,兰屿细大蚊,,,,,,,no_image
34287,Dicranomyia tseni,托森细大蚊,,,,,,,no_image
34297,Dicranophragma taiwanense,台湾篱大蚊,,,,,,,no_image
34267,Dicranomyia punctulata,侧斑细大蚊,,,,,,,no_image
34310,Dicranosepsis distincta,独特二叉鼓翅蝇,,,,,,,no_image
97735,Dicranum elongatum,长叶曲尾藓,,,,,,,no_image
34326,Dicranota delectata,简叉大蚊,,,,,,,no_image
97755,Dicranum papillidens,疣齿曲尾藓,,,,,,,no_image
34343,Dicrotendipes nervosus,强壮二叉摇蚊,,,,,,,no_image
13578,Dictyna yongshun,永顺卷叶蛛,,,,,,,no_image
34354,Dictenidia knutsoni,孔氏偶栉大蚊,,,,,,,no_image
147329,Dictyopanus pusillus,小网孔菌,,,,,,,no_image
133449,Dictyosporium alatum,,,,,,,,no_image
34376,Dicyphus incognitus,殊显胝盲蝽,,,,,,,no_image
97784,Didymocarpus grandidentatus,大齿长蒴苣苔,,,,,,,no_image
133469,Dictyosporium taishanensis,,,,,,,,no_image
1146,Didimacar tenebrica,褐蚶,,,,,,,no_image
97806,Didymocarpus zhenkangensis,镇康长蒴苣苔,,,,,,,no_image
97828,Didymodon japonicus,日本对齿藓,,,,,,,no_image
154585,Didymopsorella lemanensis,莱芒胶双胞锈菌,,,,,,,no_image
97850,Didymoglossum motleyi,短柄单叶假脉蕨,,,,,,,no_image
142862,Diehliomyces microsporus,,,,,,,,no_image
34420,Diglyphus albinervis,白脉潜蝇姬小蜂,,,,,,,no_image
97894,Digitaria setigera,海南马唐,,,,,,,no_image
97872,Digera muricata,长序苋,,,,,,,no_image
34440,Dilar harmandi,汉氏栉角蛉,,,,,,,no_image
97917,Dimeria ornithopoda,雁茅,,,,,,,no_image
34473,Dilophus membranaceus,膜棘毛蚊,,,,,,,no_image
34460,Dilar tibetanus,西藏栉角蛉,,,,,,,no_image
97928,Dimocarpus longan,龙眼,,,,,,,no_image
34495,Dindica subvirens,亚绿峰尺蛾,,,,,,,no_image
34528,Dinera sichuanensis,四川迪内寄蝇,,,,,,,no_image
142874,Dinemasporium ligongense,,,,,,,,no_image
34538,Dinoptera anthracina,,,,,,,,no_image
5211,Diogener penicillatus,毛掌活额寄居蟹,,,,,,,no_image
34559,Dinothrips spinosus,叉突硕管蓟马,,,,,,,no_image
34579,Dioclerus lutheri,卢榕盲蝽,,,,,,,no_image
34595,Diomea rotundata,狄夜蛾,,,,,,,no_image
97945,Dioscorea benthamii,大青薯,,,,,,,no_image
98025,Diospyros dasyphylla,粗毛叶柿,,,,,,,no_image
97975,Dioscorea hemsleyi,黏山药,,,,,,,no_image
98005,Dioscorea tentaculigera,卷须状薯蓣,,,,,,,no_image
98047,Diospyros kintungensis,景东君迁子,,,,,,,no_image
98069,Diospyros rubra,青茶柿,,,,,,,no_image
34619,Diostracus undulatus,波状巨口长足虻,,,,,,,no_image
34599,Diostracus baiyunshanus,白云巨口长足虻,,,,,,,no_image
7705,Diphasia digitalis,指形双唇螅,,,,,,,no_image
34635,Diphtherocome yunnana,滇青夜蛾,,,,,,,no_image
75359,Diplacanthopoma brunnea,褐双棘鼬鳚,,,,,,,no_image
34646,Diplatys popovi,长刺丝尾螋,,,,,,,no_image
98205,Diplazium simile,肉刺短肠蕨,,,,,,,no_image
98130,Diplazium conterminum,边生短肠蕨,,,,,,,no_image
98181,Diplazium muricatum,高大短肠蕨,,,,,,,no_image
98155,Diplazium incomptum,疏裂短肠蕨,,,,,,,no_image
98230,Diplazium zangnanense,藏南短肠蕨,,,,,,,no_image
138782,Diplococcium livistonae,蒲葵双球霉,,,,,,,no_image
75379,Diploderma iadinum,翡翠攀蜥,,,,,,,no_image
75399,Diploderma tachengense,塔城攀蜥,,,,,,,no_image
131807,Diplodia seriata,,,,,,,,no_image
75410,Diplophos orientalis,东方双光鱼,,,,,,,no_image
17705,Diplommatina paxillus,小柱倍唇螺,,,,,,,no_image
98261,Diplotaxis tenuifolia,薄叶二行芥,,,,,,,no_image
98254,Diplopterygium laevissimum,光里白,,,,,,,no_image
11608,Dipoena cathedralis,垂面圆腹蛛,,,,,,,no_image
11493,Dipoenura bukolana,多隆后丘蛛,,,,,,,no_image
142898,Diporisporites granulatus,,,,,,,,no_image
9830,Diptacus bracteatus,,,,,,,,no_image
9810,Diptacus persicae,,,,,,,,no_image
98277,Dipterocarpus retusus,东京龙脑香,,,,,,,no_image
9869,Diptilomiopus octogonus,,,,,,,,no_image
9734,Diptilomiopus cumingis,,,,,,,,no_image
75428,Diretmoides veriginae,维里拟银眼鲷,,,,,,,no_image
75430,Discherodontus parvus,小盘齿鲃,,,,,,,no_image
139693,Discina perlata,珠亮平盘菌,,,,,,,no_image
34706,Discodes eriopeltis,禾蜡蚧点刻跳小蜂,,,,,,,no_image
34716,Discophora timora,惊恐方环蝶,,,,,,,no_image
10144,Disella meliifoliae,,,,,,,,no_image
98303,Disporopsis undulata,峨眉竹根七,,,,,,,no_image
98323,Dissochaeta barbata,藤牡丹,,,,,,,no_image
98343,Distichophyllum oblongum,匙叶黄藓,,,,,,,no_image
34738,Distenia rufobrunnea,,,,,,,,no_image
98356,Distyliopsis salicifolia,柳叶假蚊母,,,,,,,no_image
34749,Distoleon cornutus,考距蚁蛉,,,,,,,no_image
34763,Ditrichophora brunnicosa,褐脉寡毛水蝇,,,,,,,no_image
34770,Ditrigona candida,闪光白钩蛾,,,,,,,no_image
155576,Diversispora celata,,,,,,,,no_image
34796,Ditrigona policharia,灰丽白钩蛾,,,,,,,no_image
98388,Dixonia orientalis,东方狄氏藓,,,,,,,no_image
34839,Dociostaurus tartarus,蓝胫戟纹蝗,,,,,,,no_image
34871,Dohrniphora caini,凯氏栓蚤蝇,,,,,,,no_image
98391,Docynia delavayi,云南多依,,,,,,,no_image
34891,Dohrniphora qinnica,秦川栓蚤蝇,,,,,,,no_image
5958,Dolicheremaeus gyroplicatus,环纹隐甲螨,,,,,,,no_image
34924,Dolichocoxys obscurus,黑腹长腹寄蝇,,,,,,,no_image
34936,Dolichopeza cuspidigera,尖端华纤足大蚊,,,,,,,no_image
34956,Dolichopeza sauteri,华丽山纤足大蚊,,,,,,,no_image
34975,Dolichopus angustipennis,弯突长足虻,,,,,,,no_image
34995,Dolichopus howjingleei,李氏长足虻,,,,,,,no_image
16927,Dolichosaccus schmidti,斯密长囊吸虫,,,,,,,no_image
35035,Dolichopus xinjianganus,新疆长足虻,,,,,,,no_image
35015,Dolichopus qinghensis,青河长足虻,,,,,,,no_image
9894,Dolichotetranychus floridanus,,,,,,,,no_image
12658,Dolomedes palmatus,掌形狡蛛,,,,,,,no_image
98423,Dolomiaea wardii,西藏川木香,,,,,,,no_image
35077,Domene exicta,,,,,,,,no_image
142902,Domingoella asterinarum,,,,,,,,no_image
98435,Dontostemon integrifolius,线叶花旗杆,,,,,,,no_image
35103,Doratopsylla liui,刘氏叉蚤,,,,,,,no_image
35135,Dorcadion thianshanense,,,,,,,,no_image
35139,Dortus chinai,黑带多盲蝽,,,,,,,no_image
398,Dosinia caeulea,丝纹镜蛤,,,,,,,no_image
35151,Dorysthenes dentipes,,,,,,,,no_image
131814,Dothiorella viticola,,,,,,,,no_image
35181,Downesia simalans,微点平脊甲,,,,,,,no_image
98469,Draba draboides,穴丝荠,,,,,,,no_image
98489,Draba linearifolia,线叶葶苈,,,,,,,no_image
98509,Draba stenocarpa,狭果葶苈,,,,,,,no_image
75465,Draco maculatus,斑飞蜥,,,,,,,no_image
35215,Drabescus nitobei,尼氏胫槽叶蝉,,,,,,,no_image
35195,Drabescus atratus,黑胫槽叶蝉,,,,,,,no_image
98547,Dracocephalum origanoides,铺地青兰,,,,,,,no_image
12356,Draconarius adligansus,盘绕龙隙蛛,,,,,,,no_image
12491,Draconarius catillus,蝶形龙隙蛛,,,,,,,no_image
12299,Draconarius indistinctus,朦胧龙隙蛛,,,,,,,no_image
12109,Draconarius drepanoides,镰龙隙蛛,,,,,,,no_image
12349,Draconarius tensus,苗条龙隙蛛,,,,,,,no_image
12199,Draconarius paululus,极短龙隙蛛,,,,,,,no_image
12255,Draconarius medogensis,墨脱龙隙蛛,,,,,,,no_image
12333,Draconarius semicircularis,半圆龙隙蛛,,,,,,,no_image
14111,Drapetisca bicruris,二叉珑蛛,,,,,,,no_image
12068,Draconarius wui,吴氏龙隙蛛,,,,,,,no_image
13797,Drassodes natali,纳塔利掠蛛,,,,,,,no_image
35235,Drasteria axuana,新妃夜蛾,,,,,,,no_image
18066,Drawida chenyii,陈义杜拉蚓,,,,,,,no_image
134082,Drechslera avenicola,,,,,,,,no_image
75473,Drepane punctata,斑点鸡笼鲳,,,,,,,no_image
98598,Drepanolejeunea pentadactyla,细角鳞苔,,,,,,,no_image
14213,Drepanotylus aduncus,钩镰蛛,,,,,,,no_image
35287,Drino curvipalpis,弯须赘寄蝇,,,,,,,no_image
35307,Drino minuta,小型赘寄蝇,,,,,,,no_image
98622,Drosera rotundifolia,圆叶茅膏菜,,,,,,,no_image
35334,Drosophila baimai,拜迈氏果蝇,,,,,,,no_image
35354,Drosophila curvicapillata,弯毛果蝇,,,,,,,no_image
35374,Drosophila gani,甘氏果蝇,,,,,,,no_image
35414,Drosophila lucipennis,透明翅果蝇,,,,,,,no_image
35394,Drosophila kohkoa,岛果蝇,,,,,,,no_image
35455,Drosophila pentafuscata,棕五脉果蝇,,,,,,,no_image
35476,Drosophila ruberrima,红缝果蝇,,,,,,,no_image
35435,Drosophila nepalensis,尼泊尔果蝇,,,,,,,no_image
35496,Drosophila subsilvestris,亚树果蝇,,,,,,,no_image
35518,Drosophila tsigana,齐格纳果蝇,,,,,,,no_image
17367,Drupa rubusidaeus,球核果螺,,,,,,,no_image
35546,Drusilla sinicola,,,,,,,,no_image
35561,Drymeia brevipalpis,新短须胡蝇,,,,,,,no_image
35581,Drymeia kangdinga,康定胡蝇,,,,,,,no_image
35602,Drymeia oculipilosa,毛眼胡蝇,,,,,,,no_image
35622,Drymeia totipilosa,全列胡蝇,,,,,,,no_image
98660,Dryopteris amurensis,黑水鳞毛蕨,,,,,,,no_image
98648,Drynaria speciosa,顶育蕨,,,,,,,no_image
98684,Dryopteris commixta,混淆鳞毛蕨,,,,,,,no_image
98728,Dryopteris heterolaena,异鳞轴鳞蕨,,,,,,,no_image
98708,Dryopteris exstipellata,峨边鱼鳞蕨,,,,,,,no_image
98748,Dryopteris labordei,齿头鳞毛蕨,,,,,,,no_image
98768,Dryopteris neorosthornii,近川西鳞毛蕨,,,,,,,no_image
98790,Dryopteris pycnopteroides,密鳞鳞毛蕨,,,,,,,no_image
98812,Dryopteris songyinghuensis,松影湖鳞毛蕨,,,,,,,no_image
98854,Dryopteris yoroii,栗柄鳞毛蕨,,,,,,,no_image
98832,Dryopteris tenuipes,落叶鳞毛蕨,,,,,,,no_image
35638,Dryxo nudicorpus,寡毛弯脉水蝇,,,,,,,no_image
35646,Ducetia attenuata,尖翅条螽,,,,,,,no_image
98926,Dunbaria truncata,鸽仔豆,,,,,,,no_image
35658,Dudusa sphingiformis,黑蕊舟蛾,,,,,,,no_image
98903,Dumasia nitida,瑶山山黑豆,,,,,,,no_image
75499,Dussumieria elopsoides,黄带圆腹鲱,,,,,,,no_image
35674,Dymasius kisanus,,,,,,,,no_image
35680,Dyrzela plagiata,迪夜蛾,,,,,,,no_image
35714,Dysodia ferruginous,锈黄后窗网蛾,,,,,,,no_image
35697,Dysgonia obscura,小折巾夜蛾,,,,,,,no_image
98967,Dysphania himalaica,喜马拉雅香藜,,,,,,,no_image
98950,Dysosma villosa,白毛八角莲,,,,,,,no_image
35744,Dysstroma sikkimensis,锡金涤尺蛾,,,,,,,no_image
35785,Earinus wuyiensis,武夷全脉茧蜂,,,,,,,no_image
35765,Dzhanokmenia yuxuannis,黄腹小斑宽脉啮小蜂,,,,,,,no_image
35803,Eccoptolonthus eustilbus,,,,,,,,no_image
35816,Echidnophaga gallinacea,禽角头蚤,,,,,,,no_image
35793,Eboda assamica,印圆角卷蛾,,,,,,,no_image
2969,Echinochalina aga,众多刺指海绵,,,,,,,no_image
136797,Echinoplaca leucotrichoides,白毛刺衣,,,,,,,no_image
152015,Echinodontium tinctorium,有色木齿菌,,,,,,,no_image
99008,Echinops talassicus,大蓝刺头,,,,,,,no_image
75526,Echiostoma barbatum,单须刺巨口鱼,,,,,,,no_image
75531,Ecsenius melarchus,黑色异齿鳚,,,,,,,no_image
35849,Ecliptopera fastigata,巅折线尺蛾,,,,,,,no_image
35881,Ectophasia crassipennis,宽翅异颜寄蝇,,,,,,,no_image
35891,Edaphosoma grebennikovi,,,,,,,,no_image
99014,Ectropothecium aneitense,蕨叶偏蒴藓,,,,,,,no_image
35911,Edaphus anchises,,,,,,,,no_image
35931,Edaphus forcipifer,,,,,,,,no_image
35951,Edaphus memmius,,,,,,,,no_image
35971,Edaphus quadrilineatus,,,,,,,,no_image
35991,Edessena gentiusalis,白肾夜蛾,,,,,,,no_image
35999,Egesina anfracta,,,,,,,,no_image
75541,Egretta picata,斑鹭,,,,,,,no_image
36018,Egira conspicillaris,栖夜蛾,,,,,,,no_image
99044,Ehretia laevis,毛萼厚壳树,,,,,,,no_image
36067,Eilema nigripuncta,黑点土苔蛾,,,,,,,no_image
36044,Eilema conica,锥土苔蛾,,,,,,,no_image
18093,Eisenia dairenensis,大连爱胜蚓,,,,,,,no_image
36086,Elachiptera popovi,波氏瘤秆蝇,,,,,,,no_image
99064,Elaeagnus cinnamomifolia,樟叶胡颓子,,,,,,,no_image
99091,Elaeagnus lanceolata,披针叶胡颓子,,,,,,,no_image
99118,Elaeagnus pilostyla,毛柱胡颓子,,,,,,,no_image
99167,Elaeocarpus grandifolius,硕叶杜英,,,,,,,no_image
99138,Elaeagnus xizangensis,西藏胡颓子,,,,,,,no_image
99192,Elaeocarpus serratus,锡兰榄,,,,,,,no_image
75555,Elaphe moellendorffi,百花锦蛇,,,,,,,no_image
134570,Elaphomyces porcatosporus,脊孢大团囊菌,,,,,,,no_image
36115,Elaphropeza guangdongensis,广东黄隐肩舞虻,,,,,,,no_image
36135,Elaphropeza melanura,褐角黄隐肩舞虻,,,,,,,no_image
36155,Elaphrothrips denticollis,齿轻管蓟马,,,,,,,no_image
36164,Elasmosoma taiwanense,台湾扁体茧蜂,,,,,,,no_image
99222,Elatostema albistipulum,白托叶楼梯草,,,,,,,no_image
99246,Elatostema auriculatum,耳状楼梯草,,,,,,,no_image
99271,Elatostema brunneinerve,褐脉楼梯草,,,,,,,no_image
99295,Elatostema cultratum,刀状楼梯草,,,,,,,no_image
99329,Elatostema ferrugineum,锈茎楼梯草,,,,,,,no_image
99355,Elatostema hekouense,河口楼梯草,,,,,,,no_image
99377,Elatostema laevissimum,光叶楼梯草,,,,,,,no_image
99398,Elatostema longpingii,隆平赤车,,,,,,,no_image
99422,Elatostema melanoceras,黑角楼梯草,,,,,,,no_image
99450,Elatostema oblongifolium,长圆楼梯草,,,,,,,no_image
99478,Elatostema paucifolium,少叶楼梯草,,,,,,,no_image
99499,Elatostema pseudolongipes,拟长梗楼梯草,,,,,,,no_image
99523,Elatostema rupestre,石生楼梯草,,,,,,,no_image
99546,Elatostema subcuspidatum,拟骤尖楼梯草,,,,,,,no_image
99570,Elatostema tricostatum,三肋楼梯草,,,,,,,no_image
99590,Elatostema yangbiense,漾濞楼梯草,,,,,,,no_image
36193,Electrophaes taiwana,台湾焰尺蛾,,,,,,,no_image
1873,Electra tenuispinosa,细刺琥珀苔虫,,,,,,,no_image
99616,Eleocharis mitracarpa,槽秆荸荠,,,,,,,no_image
99642,Eleocharis yunnanensis,云南荸荠,,,,,,,no_image
99664,Eleutherococcus nodiflorus,细柱五加,,,,,,,no_image
99646,Eleusine coracana,穇,,,,,,,no_image
36233,Elimaea cheni,陈氏掩耳螽,,,,,,,no_image
151231,Elfvingia megaloma,,,,,,,,no_image
10767,Ellisella erythraea,黄鞭柳珊瑚,,,,,,,no_image
137679,Elixia flexella,盘耳衣,,,,,,,no_image
36253,Elimaea percauda,特擦掩耳螽,,,,,,,no_image
142925,Ellisembia leptospora,,,,,,,,no_image
75574,Ellochelon vaigiensis,黄鲻,,,,,,,no_image
99711,Elsholtzia myosurus,鼠尾香薷,,,,,,,no_image
99683,Elsholtzia blanda,四方蒿,,,,,,,no_image
36308,Elymnias malelas,闪紫锯眼蝶,,,,,,,no_image
99818,Elymus nutans,垂穗披碱草,,,,,,,no_image
99793,Elymus grandis,大鹅观草,,,,,,,no_image
99756,Elymus calcicola,钙生鹅观草,,,,,,,no_image
99845,Elymus sinosubmuticus,无芒披碱草,,,,,,,no_image
36311,Elytrobium alesianum,,,,,,,,no_image
99882,Embelia procumbens,匍匐酸藤子,,,,,,,no_image
36318,Embrikstrandia bimaculata,,,,,,,,no_image
75608,Emberiza jankowskii,栗斑腹鹀,,,,,,,no_image
99889,Emilia ×,扩花一点红,,,,,,,no_image
36363,Empis liuxihensis,流溪河缺脉舞虻,,,,,,,no_image
36343,Emphysomera conopsoides,蓬胀食虫虻,,,,,,,no_image
36383,Empis sauteriana,邵氏缺脉舞虻,,,,,,,no_image
155361,Empusa fresenii,,,,,,,,no_image
99906,Encalypta gyangzeana,江孜大帽藓,,,,,,,no_image
75659,Enchelycore schismatorhynchus,裂纹勾吻鳝,,,,,,,no_image
18441,Encentrum voigti,沃氏中吻轮虫,,,,,,,no_image
36412,Encyclops obscurellus,,,,,,,,no_image
155793,Endogone fasciculata,,,,,,,,no_image
134749,Endocarpon intestiniforme,肠形皮果衣,,,,,,,no_image
142944,Endophragmiella achromatica,,,,,,,,no_image
142964,Endophragmiella mexicana,,,,,,,,no_image
153474,Endophyllum elaeagni-latifoliae,宽叶胡颓子内锈菌,,,,,,,no_image
75674,Engyprosopon mogkii,黑斑短额鲆,,,,,,,no_image
36431,Endotirbrlos redimiculum,条带内三叶摇蚊,,,,,,,no_image
99939,Enkianthus pauciflorus,少花吊钟花,,,,,,,no_image
75696,Enneapterygius minutus,小双线鳚,,,,,,,no_image
11632,Enoplognatha caricis,苔齿螯蛛,,,,,,,no_image
289,Enoplometopus crosnieri,柯氏礁螯虾,,,,,,,no_image
36452,Ensina sonchi,苦苣菜长喙实蝇,,,,,,,no_image
36465,Entedon wilsonii,云杉小蠹灿姬小蜂,,,,,,,no_image
99975,Entodon divergens,变枝绢藓,,,,,,,no_image
99958,Enterolobium cyclocarpum,象耳豆,,,,,,,no_image
99995,Entodon schleicheri,亮叶绢藓,,,,,,,no_image
146090,Entoloma alboumbonatum,白脐突粉蕈褶,,,,,,,no_image
146110,Entoloma byssisedum,棉絮状粉褶菌,,,,,,,no_image
146130,Entoloma crassipes,稍厚赤褶菇,,,,,,,no_image
146150,Entoloma fuscorufescens,暗红粉褶蕈,,,,,,,no_image
146170,Entoloma lampropus,光亮粉褶蕈,,,,,,,no_image
146210,Entoloma proprium,,,,,,,,no_image
146230,Entoloma singularisporum,单孢粉褶蕈,,,,,,,no_image
146190,Entoloma mycenoides,,,,,,,,no_image
75709,Entomacrodus decussatus,斑纹犁齿鳚,,,,,,,no_image
146250,Entoloma talisporum,踝抱粉褶蕈,,,,,,,no_image
19074,Entomobrya koreana,,,,,,,,no_image
155372,Entomophaga limoniae,,,,,,,,no_image
155392,Entomophthora crustosa,,,,,,,,no_image
155412,Entomophthora major,,,,,,,,no_image
36505,Entoria humilis,小长肛䗛,,,,,,,no_image
36488,Entomoscelis deserticola,荒漠油菜叶甲,,,,,,,no_image
36529,Eodorcadion exaratum,,,,,,,,no_image
152831,Entyloma physalidis,,,,,,,,no_image
100011,Entosthodon gymnostomus,拟短月藓,,,,,,,no_image
36559,Eodorcadion sifanicum,,,,,,,,no_image
146379,Eonema pyriforme,,,,,,,,no_image
36585,Eosiopsis orientalis,东方华突眼蝇,,,,,,,no_image
36594,Eospilarctia yuennanica,滇褐带东灯蛾,,,,,,,no_image
9666,Eotetranychus hirtus,,,,,,,,no_image
36595,Eotmethis holanensis,贺兰突颜蝗,,,,,,,no_image
100018,Epaltes australis,球菊,,,,,,,no_image
36614,Eoxizicus megalobata,巨叶原栖螽,,,,,,,no_image
9612,Eotetranychus uncatus,,,,,,,,no_image
15833,Epanerchodus parvus,,,,,,,,no_image
12919,Epeus alboguttatus,白斑艾普蛛,,,,,,,no_image
100040,Ephedra rituensis,日土麻黄,,,,,,,no_image
36645,Eparchus forcipatus,径慈螋,,,,,,,no_image
36681,Ephesia intacta,完光裳夜蛾,,,,,,,no_image
75751,Ephippus orbis,白鲳,,,,,,,no_image
36754,Epicypta truncata,截形埃菌蚊,,,,,,,no_image
36720,Epicampocera succincta,缢蛹毛虫寄蝇,,,,,,,no_image
36734,Epicypta baiyunshana,白云埃菌蚊,,,,,,,no_image
36763,Epidiplosis lari,鸥端突瘿蚊,,,,,,,no_image
100066,Epilobium fastigiatoramosum,多枝柳叶菜,,,,,,,no_image
100050,Epigeneium nakaharae,台湾厚唇兰,,,,,,,no_image
100087,Epilobium subcoriaceum,亚革质柳叶菜,,,,,,,no_image
8814,Epilohmannoides terrae,地拟上罗甲螨,,,,,,,no_image
36786,Epimesosa taliana,,,,,,,,no_image
100134,Epimedium pubescens,柔毛淫羊藿,,,,,,,no_image
100112,Epimedium hunanense,湖南淫羊藿,,,,,,,no_image
75774,Epinephelus hexagonatus,六角石斑鱼,,,,,,,no_image
36813,Epipedocera rollei,,,,,,,,no_image
36800,Epinotodonta griseotincta,污灰上舟蛾,,,,,,,no_image
75794,Epinephelus summana,白星石斑鱼,,,,,,,no_image
36825,Epiphragma elongatum,长突艾大蚊,,,,,,,no_image
36844,Epiplema suisharyonis,后两齿蛱蛾,,,,,,,no_image
36855,Epipsestis nikkoensis,黑平波纹蛾,,,,,,,no_image
36879,Episcaphium strenuum,,,,,,,,no_image
36941,Episyrphus obligatus,斜黑带蚜蝇,,,,,,,no_image
8749,Episiphon candelatum,筒形顶管角贝,,,,,,,no_image
36893,Episteira eupena,竹柏秃尺蛾,,,,,,,no_image
36921,Epistrophe latifasciata,宽带垂边蚜蝇,,,,,,,no_image
10598,Epitrimerus buxsinica,,,,,,,,no_image
10054,Epitrimerus pyri,,,,,,,,no_image
36958,Epoligosita digitata,指突爱波赤眼蜂,,,,,,,no_image
75816,Eptesicus pachyotis,肥耳棕蝠,,,,,,,no_image
100196,Eragrostiella lolioides,细画眉草,,,,,,,no_image
100216,Eragrostis multicaulis,多秆画眉草,,,,,,,no_image
142984,Erastia salmonicolor,鲑色艾氏孔菌,,,,,,,no_image
36996,Erebus aerosa,空目夜蛾,,,,,,,no_image
37011,Eremasiomyia similis,扁鼻缓蜂麻蝇,,,,,,,no_image
100244,Eremochloa muricata,瘤糙假俭草,,,,,,,no_image
37015,Eremippus costatus,肋蚍蝗,,,,,,,no_image
100268,Eremogone kansuensis,甘肃雪灵芝,,,,,,,no_image
100290,Eria gagnepainii,香港毛兰,,,,,,,no_image
100311,Erigeron breviscapus,短莛飞蓬,,,,,,,no_image
9352,Eremulus flagellifer,鞭沙甲螨,,,,,,,no_image
37044,Erichsonius luoi,,,,,,,,no_image
100331,Erigeron petiolaris,柄叶飞蓬,,,,,,,no_image
14393,Erigone jaegeri,耶格微蛛,,,,,,,no_image
138609,Erinella neilliae,,,,,,,,no_image
100371,Eriocaulon cinereum,白药谷精草,,,,,,,no_image
100352,Eriobotrya fragrans,香花枇杷,,,,,,,no_image
137234,Erioderma meiocarpum,小果毛面衣,,,,,,,no_image
100397,Eriocaulon sclerophyllum,硬叶谷精草,,,,,,,no_image
37060,Eriococcus graminis,禾绒蚧,,,,,,,no_image
10932,Eriophora conica,锥基刺蛛,,,,,,,no_image
100430,Eriophyton wallichii,绵参,,,,,,,no_image
37101,Erioptera perornata,鸟尾绵大蚊,,,,,,,no_image
37115,Eriosoma ulmi,山榆绵蚜,,,,,,,no_image
10956,Eriovixia huwena,虎纹毛园蛛,,,,,,,no_image
37133,Eristalis abusivus,远林管蚜蝇,,,,,,,no_image
100443,Eritrichium deltodentum,三角刺齿缘草,,,,,,,no_image
37153,Eristalis nigriceps,黑颜管蚜蝇,,,,,,,no_image
100463,Eritrichium pamiricum,帕米尔齿缘草,,,,,,,no_image
2432,Erosaria cernica,淡黄眼球贝,,,,,,,no_image
100484,Ernodesmis verticillata,,,,,,,,no_image
2448,Erronea cylinderica,筒形拟枣贝,,,,,,,no_image
100495,Erycibe myriantha,多花丁公藤,,,,,,,no_image
155436,Erynia brahminae,,,,,,,,no_image
155456,Erynia neoaphidis,新蚜虫疫霉,,,,,,,no_image
100509,Erysimum cheiranthoides,小花糖芥,,,,,,,no_image
137948,Erysiphe berberidicola,,,,,,,,no_image
137968,Erysiphe doronici,,,,,,,,no_image
100531,Erysimum siliculosum,棱果芥,,,,,,,no_image
138008,Erysiphe pileae,,,,,,,,no_image
137988,Erysiphe kenjiana,,,,,,,,no_image
138028,Erysiphe thermopsidis,,,,,,,,no_image
100540,Erythranthe procera,高大沟酸浆,,,,,,,no_image
37199,Erythrocera neolongicornis,新长角赤寄蝇,,,,,,,no_image
100565,Erythronium japonicum,猪牙花,,,,,,,no_image
37226,Estheria maculipennis,斑翅依寄蝇,,,,,,,no_image
37244,Eteinopla signata,灰翅枯叶蛾,,,,,,,no_image
37209,Erythrus congruus,,,,,,,,no_image
100581,Eschenbachia muliensis,木里白酒草,,,,,,,no_image
5903,Ethusa latdactyla,扁指四额齿蟹,,,,,,,no_image
100591,Etlingera littoralis,红茴砂,,,,,,,no_image
4345,Etrema scalarina,紫斑腹螺,,,,,,,no_image
37264,Euagathis indica,印度真径茧蜂,,,,,,,no_image
16988,Euamphimerus palawanensis,巴拉旺真对体吸虫,,,,,,,no_image
100621,Eucalyptus saligna,柳叶桉,,,,,,,no_image
37289,Eublemma latistriga,斜线猎夜蛾,,,,,,,no_image
100596,Eucalyptus botryoides,葡萄桉,,,,,,,no_image
37321,Euceraphis punctipennis,桦绵斑蚜,,,,,,,no_image
4541,Euchelus tricarinata,珠肋真蹄螺,,,,,,,no_image
18491,Euchlanis triquetra,三翼须足轮虫,,,,,,,no_image
37339,Eucibdelus chapmani,,,,,,,,no_image
4314,Eucithara pura,密纵肋螺,,,,,,,no_image
37363,Euconnus alishaniformis,,,,,,,,no_image
37400,Eucosma pupillana,洋艾花小卷蛾,,,,,,,no_image
37415,Eucyclodes aphrodite,美彩青尺蛾,,,,,,,no_image
37383,Euconocephalus nasutus,鼻优草螽,,,,,,,no_image
37443,Eudemopsis albopunctata,白点圆斑小卷蛾,,,,,,,no_image
4170,Eucyclotoma nobilis,华贵盘肋螺,,,,,,,no_image
16050,Eudigraphis sinensis,华五尖毛马陆,,,,,,,no_image
8552,Eudolium bairdii,锉纹真鹑螺,,,,,,,no_image
37517,Eugoa bipunctata,双点良苔蛾,,,,,,,no_image
16873,Eugagrella fokiana,闽真盾刺盲蛛,,,,,,,no_image
37537,Eugryllacris fuscotessellata,锈色优蟋螽,,,,,,,no_image
37489,Eudorylas neimongolanus,内蒙优头蝇,,,,,,,no_image
37577,Eukiefferiella brehmi,翘叶真开氏摇蚊,,,,,,,no_image
100650,Eulalia pruinosa,粉背金茅,,,,,,,no_image
37556,Euhampsonia serratifera,锯齿星舟蛾,,,,,,,no_image
37601,Euleechia bieti,新丽灯蛾,,,,,,,no_image
37625,Eulomalus amplipes,安普简额阎甲,,,,,,,no_image
100675,Eulophia sooi,剑叶美冠兰,,,,,,,no_image
37679,Eumerus trivittatus,三纹平颜蚜蝇,,,,,,,no_image
37659,Eumerus aurifrons,金平颜蚜蝇,,,,,,,no_image
37648,Eumecocera unicolor,,,,,,,,no_image
100680,Euonymus acanthocarpus,刺果卫矛,,,,,,,no_image
5693,Eunaticina papilla,真玉螺,,,,,,,no_image
100702,Euonymus dolichopus,长梗卫矛,,,,,,,no_image
100722,Euonymus jinyangensis,金阳卫矛,,,,,,,no_image
100742,Euonymus percoriaceus,西畴卫矛,,,,,,,no_image
100764,Euonymus theifolius,茶叶卫矛,,,,,,,no_image
13054,Euophrys namulinensis,南木林斑蛛,,,,,,,no_image
37703,Euparatettixoides guangxiensis,广西拟悠背蚱,,,,,,,no_image
8870,Eupelops acromios,小顶真前翼甲螨,,,,,,,no_image
37727,Eupeodes luniger,新月斑优蚜蝇,,,,,,,no_image
17615,Euphaedusa aculus,阿库真管螺,,,,,,,no_image
100831,Euphorbia jolkinii,大狼毒,,,,,,,no_image
100811,Euphorbia fischeriana,狼毒大戟,,,,,,,no_image
100851,Euphorbia neriifolia,金刚纂,,,,,,,no_image
100871,Euphorbia stracheyi,高山大戟,,,,,,,no_image
37753,Euphranta chrysopila,褐光沟实蝇,,,,,,,no_image
100896,Euphrasia pumilio,矮小米草,,,,,,,no_image
37783,Euphyia undulata,黑纹游尺蛾,,,,,,,no_image
7468,Euphysora macrobulbus,大球真囊水母,,,,,,,no_image
37812,Euplectrus noctuidiphagus,噬夜蛾距小蜂,,,,,,,no_image
37792,Euplectrus acutigaster,尖尾距小蜂,,,,,,,no_image
37831,Euplexia semifascia,褐肾锦夜蛾,,,,,,,no_image
37857,Euploea sylvester,双标紫斑蝶,,,,,,,no_image
75930,Euprepiophis perlaceus,横纹玉斑蛇（横斑锦蛇）,,,,,,,no_image
37895,Euproctis crememaculata,乳斑黄毒蛾,,,,,,,no_image
37915,Euproctis helvola,棕黄毒蛾,,,,,,,no_image
37935,Euproctis melanoma,黑线黄毒蛾,,,,,,,no_image
37955,Euproctis recurvata,环黄毒蛾,,,,,,,no_image
37975,Euproctis vitellina,纬黄毒蛾,,,,,,,no_image
37992,Eupyrgota griseipennis,灰真蜣蝇,,,,,,,no_image
38020,Eurema lacteola,细斑黄粉蝶,,,,,,,no_image
38027,Eurina nagatomii,永富颜脊秆蝇,,,,,,,no_image
38043,Eurosoma minor,微似真卵阎甲,,,,,,,no_image
100941,Eurya disticha,秃小耳柃,,,,,,,no_image
100965,Eurya leptophylla,薄叶柃,,,,,,,no_image
101013,Eurya tetragonoclada,四角柃,,,,,,,no_image
100989,Eurya phaeosticta,脉叶柃,,,,,,,no_image
8426,Eurydice orientalis,东方宽水虱,,,,,,,no_image
11811,Euryopis sexmaculata,六斑宽胸蛛,,,,,,,no_image
38072,Eurystylopsis hirtipes,毛足拟厚盲蝽,,,,,,,no_image
38101,Eusarima koshunensis,洁美萨瓢蜡蝉,,,,,,,no_image
38081,Eusarima acutifolica,尖叶美萨瓢蜡蝉,,,,,,,no_image
2202,Euscalpellum stratum,层真铠茗荷,,,,,,,no_image
38158,Eusphalerum kubani,,,,,,,,no_image
38192,Eusteniamorpha ruiliensis,,,,,,,,no_image
38178,Eusphalerum songpanense,,,,,,,,no_image
13385,Eusparassus potanini,波氏艾舞蛛,,,,,,,no_image
38204,Eustroma inextricata,旷褥尺蛾,,,,,,,no_image
1050,Eusyllis blomstrandi,真裂虫,,,,,,,no_image
9487,Eutetranychus guangdongensis,,,,,,,,no_image
38263,Eutetrapha weni,,,,,,,,no_image
38296,Euthalia monina,暗斑翠蛱蝶,,,,,,,no_image
38359,Euthrix tangi,环纹枯叶蛾,,,,,,,no_image
38334,Euthera fascipennis,斑翅优寄蝇,,,,,,,no_image
7384,Eutima curva,弯真瘤水母,,,,,,,no_image
101035,Eutrema baimashanicum,大花山萮菜,,,,,,,no_image
101057,Eutrema sinense,粗壮单花荠,,,,,,,no_image
16115,Eutrichodesmus jianjia,肩甲真毛带马陆,,,,,,,no_image
38384,Eutrichota bilobella,双叶叉泉蝇,,,,,,,no_image
38404,Eutropha farinose,具粉聚鬃秆蝇,,,,,,,no_image
160,Euxanthus exsculptus,雕刻真扇蟹,,,,,,,no_image
38427,Euxoa fraudulenta,淡斑切夜蛾,,,,,,,no_image
38447,Evacanthus albovittatus,白条横脊叶蝉,,,,,,,no_image
38467,Evacanthus latus,宽索横脊叶蝉,,,,,,,no_image
38487,Evanochrysa infecta,粗柄扇草蛉,,,,,,,no_image
38490,Evaza flavimarginata,黄缘寡毛水虻,,,,,,,no_image
135920,Evernia divaricata,柔扁枝衣,,,,,,,no_image
75960,Eviota guttata,细斑矶塘鳢,,,,,,,no_image
16292,Evippa sibirica,西伯利亚艾狼蛛,,,,,,,no_image
38516,Exallonyx alternans,交替叉齿细蜂,,,,,,,no_image
38536,Exallonyx caii,蔡氏叉齿细蜂,,,,,,,no_image
38556,Exallonyx eurycheilus,宽唇叉齿细蜂,,,,,,,no_image
38576,Exallonyx guoi,郭氏叉齿细蜂,,,,,,,no_image
38596,Exallonyx lii,李氏叉齿细蜂,,,,,,,no_image
38616,Exallonyx nigricornis,黑角叉齿细蜂,,,,,,,no_image
38636,Exallonyx planus,宽脊叉齿细蜂,,,,,,,no_image
38656,Exallonyx sichuanensis,四川叉齿细蜂,,,,,,,no_image
38696,Exallonyx yunnanensis,云南叉齿细蜂,,,,,,,no_image
101091,Excoecaria venenata,鸡尾木,,,,,,,no_image
38676,Exallonyx totiglabrous,全光叉齿细蜂,,,,,,,no_image
148840,Exidia compacta,致密黑耳,,,,,,,no_image
148860,Exidiopsis pallida,,,,,,,,no_image
152856,Exobasidium pieridis-taiwanensis,,,,,,,,no_image
38730,Exocentrus businskae,,,,,,,,no_image
38752,Exocentrus kusamai,,,,,,,,no_image
1100,Exogonoides antennata,触角艾裂虫,,,,,,,no_image
38772,Exocentrus testudineus,,,,,,,,no_image
38804,Exorista frons,突额追寄蝇,,,,,,,no_image
38784,Exoprosopa dedecor,羞庸蜂虻,,,,,,,no_image
38824,Exorista rusticella,郊追寄蝇,,,,,,,no_image
5460,Exotica lilium,百合泊来蛤,,,,,,,no_image
38834,Exsula japana,龟虎蛾,,,,,,,no_image
101107,Faberia pinnatifida,盐源花佩菊,,,,,,,no_image
11611,Faiditus xiphias,剑费蛛,,,,,,,no_image
38857,Facilagathis spinulata,细刺跗茧蜂,,,,,,,no_image
101146,Fallopia convolvulus,卷茎蓼,,,,,,,no_image
16693,Falcileptoneta taizhensis,太真镰弱蛛,,,,,,,no_image
38890,Falsostesilea perforata,,,,,,,,no_image
38910,Fannia capricornis,羊角厕蝇,,,,,,,no_image
38930,Fannia eremna,文厕蝇,,,,,,,no_image
38950,Fannia labidocerca,铗叶厕蝇,,,,,,,no_image
38970,Fannia nepalensis,尼泊尔厕蝇,,,,,,,no_image
38990,Fannia processicauda,突尾厕蝇,,,,,,,no_image
39010,Fannia subfuscitibia,拟褐胫厕蝇,,,,,,,no_image
6521,Faorina chinensis,中华釜海胆,,,,,,,no_image
101211,Fargesia praecipua,弩刀箭竹,,,,,,,no_image
101171,Fargesia denudata,缺苞箭竹,,,,,,,no_image
101191,Fargesia jiulongensis,九龙箭竹,,,,,,,no_image
101231,Fargesia weiningensis,威宁箭竹,,,,,,,no_image
101239,Fatoua pilosa,细齿水蛇麻,,,,,,,no_image
17492,Favartia kurodai,黑田蜂巢螺,,,,,,,no_image
7310,Favites flexuosa,多弯角蜂巢珊瑚,,,,,,,no_image
151240,Favolus squamosus,宽鳞棱孔菌,,,,,,,no_image
76030,Fejervarya zhoushanensis,舟山陆蛙,,,,,,,no_image
135472,Fellhanera subternella,,,,,,,,no_image
736,Fenneropenaeus chinensis,中国明对虾,,,,,,,no_image
76034,Feresa attenuata,小虎鲸,,,,,,,no_image
101284,Ferula teterrima,臭阿魏,,,,,,,no_image
101305,Festuca elata,高羊茅,,,,,,,no_image
101262,Ferula hexiensis,河西阿魏,,,,,,,no_image
101325,Festuca modesta,素羊茅,,,,,,,no_image
101350,Festuca undata,曲枝羊茅,,,,,,,no_image
76037,Ficedula elisae,绿背姬鹟,,,,,,,no_image
101395,Ficus erecta,天仙果,,,,,,,no_image
101369,Ficus aurantiaca,橙黄榕,,,,,,,no_image
101478,Ficus squamosa,肉托榕,,,,,,,no_image
101440,Ficus pisocarpa,豆果榕,,,,,,,no_image
101502,Ficus virens,黄葛树,,,,,,,no_image
101418,Ficus hispida,对叶榕,,,,,,,no_image
39094,Filchneria tau,套费(虫责),,,,,,,no_image
101515,Filipendula ulmaria,旋果蚊子草,,,,,,,no_image
101533,Fimbristylis diphylloides,拟二叶飘拂草,,,,,,,no_image
101559,Fimbristylis nutans,垂穗飘拂草,,,,,,,no_image
101592,Firmiana kwangsiensis,广西火桐,,,,,,,no_image
101634,Fissidens involutus,内卷凤尾藓,,,,,,,no_image
101612,Fissidens crassipes,粗柄凤尾藓,,,,,,,no_image
101584,Fimbristylis thomsonii,西南飘拂草,,,,,,,no_image
101657,Fissidens serratus,锐齿凤尾藓,,,,,,,no_image
136848,Fissurina dumastii,杜氏裂隙衣,,,,,,,no_image
101673,Fissistigma kwangsiense,广西瓜馥木,,,,,,,no_image
76068,Fivepearlus yunnanensis,云南五珠鲮,,,,,,,no_image
101694,Flacourtia rukam,大叶刺篱木,,,,,,,no_image
135933,Flavocetraria nivalis,雪黄岛衣,,,,,,,no_image
148199,Flammula spumosa,泡状火菇,,,,,,,no_image
39116,Flatiforma ruiliensis,瑞丽扁瓢蜡蝉,,,,,,,no_image
101707,Flemingia latifolia,宽叶千斤拔,,,,,,,no_image
16792,Flexicrurum flexicrurum,曲足曲胫蛛,,,,,,,no_image
145270,Floccularia luteovirens,黄绿卷毛菇,,,,,,,no_image
39146,Fodina stola,白带符夜蛾,,,,,,,no_image
39140,Flos areste,爱睐花灰蝶,,,,,,,no_image
18806,Folsomia bisetosa,,,,,,,,no_image
151245,Fomes annularis,,,,,,,,no_image
18829,Folsomia postsensilis,,,,,,,,no_image
151305,Fomes pseudoboletus,,,,,,,,no_image
151285,Fomes megaloma,,,,,,,,no_image
151265,Fomes fulvus,,,,,,,,no_image
151325,Fomes torulosus,,,,,,,,no_image
150125,Fomitiporia punctata,层卧孔菌,,,,,,,no_image
150890,Fomitopsis rufolaccata,漆红缘拟层孔菌,,,,,,,no_image
39154,Forcipomyia amiantos,纯洁铗蠓,,,,,,,no_image
39174,Forcipomyia castania,粟色铗蠓,,,,,,,no_image
39234,Forcipomyia laxus,宽松铗蠓,,,,,,,no_image
39254,Forcipomyia monilicornis,项角铗蠓,,,,,,,no_image
39214,Forcipomyia hamoni,哈氏铗蠓,,,,,,,no_image
39194,Forcipomyia dentapenis,齿茎铗蠓,,,,,,,no_image
39274,Forcipomyia pinjiensis,平吉铗蠓,,,,,,,no_image
39294,Forcipomyia similis,相似铗蠓,,,,,,,no_image
101765,Fordiophyton brevicaule,短茎异药花,,,,,,,no_image
39314,Forcipomyia xiangshanensis,香山铗蠓,,,,,,,no_image
39336,Forficula beekebub,比球螋,,,,,,,no_image
39356,Forficula puella,美球螋,,,,,,,no_image
39375,Formicosepsis hamata,钩突蚁燕蝇,,,,,,,no_image
39407,Formosolva planifrons,平额丽木虻,,,,,,,no_image
39387,Formosatettix brevicornus,短角台蚱,,,,,,,no_image
101793,Forsythia giraldiana,秦连翘,,,,,,,no_image
101818,Fragaria tibetica,滇藏草莓,,,,,,,no_image
76087,Fowlea flavipunctatus,黄斑渔游蛇,,,,,,,no_image
39422,Frankliniella hainanensis,海南花蓟马,,,,,,,no_image
101842,Fraxinus griffithii,光蜡树,,,,,,,no_image
151337,Friesia resinacea,,,,,,,,no_image
76100,Fregata andrewsi,白腹军舰鸟,,,,,,,no_image
101878,Fritillaria meleagris,阿尔泰贝母,,,,,,,no_image
143002,Frondisphaeria joanneae,,,,,,,,no_image
39470,Frontopsylla macrophthalma,巨眼额蚤,,,,,,,no_image
39498,Fruhstorferiola tonkinensis,越北腹露蝗,,,,,,,no_image
101917,Frullania davurica,达乌里耳叶苔,,,,,,,no_image
101948,Frullania hiroshii,浩耳叶苔,,,,,,,no_image
101970,Frullania nivimontana,雪山耳叶苔,,,,,,,no_image
101991,Frullania schensiana,陕西耳叶苔,,,,,,,no_image
76108,Fulica atra,白骨顶,,,,,,,no_image
39501,Fucellia apicalis,黑斑海花蝇,,,,,,,no_image
150138,Fulvifomes dependens,,,,,,,,no_image
143003,Fumago vagans,,,,,,,,no_image
7620,Fungia costulata,直肋石芝珊瑚,,,,,,,no_image
7862,Funiculina quadrangularis,四角索海鳃,,,,,,,no_image
155471,Furia fujiana,福建虫瘴霉,,,,,,,no_image
142035,Fusarium armeniacum,,,,,,,,no_image
142055,Fusarium graminearum,,,,,,,,no_image
142075,Fusarium proliferatum,,,,,,,,no_image
149569,Fuscoboletinus glandulosus,粘柄褐孔小牛肝菌,,,,,,,no_image
137251,Fuscopannaria subgemmascens,,,,,,,,no_image
131815,Fusicoccum aesculi,,,,,,,,no_image
150172,Fuscoporia senex,,,,,,,,no_image
39541,Gabaza argentea,银灰伽巴水虻,,,,,,,no_image
39561,Gabrius extraneus,,,,,,,,no_image
39581,Gabrius sagittifer,,,,,,,,no_image
39602,Gabronthus inclinans,,,,,,,,no_image
325,Gafraium pectinatum,加夫蛤,,,,,,,no_image
102052,Gagea jensii,乌鲁木齐顶冰花,,,,,,,no_image
39614,Gagitodes schistacea,层铅尺蛾,,,,,,,no_image
16881,Gagrellula leucanta,列乌拟盾刺盲蛛,,,,,,,no_image
139955,Galactinia brunneoatra,,,,,,,,no_image
102077,Galatella angustissima,窄叶乳菀,,,,,,,no_image
566,Galathea pubscens,柔毛铠甲虾,,,,,,,no_image
6686,Galearctus kitanoviriosus,三斑盔突蝉虾,,,,,,,no_image
102111,Galeopsis bifida,鼬瓣花,,,,,,,no_image
146542,Galerina heterocystis,异囊盗孢伞,,,,,,,no_image
102116,Galium acutum,尖瓣拉拉藤,,,,,,,no_image
146562,Galerina triscopa,,,,,,,,no_image
102167,Galium glandulosum,腺叶拉拉藤,,,,,,,no_image
102189,Galium platygalium,卵叶轮草,,,,,,,no_image
9257,Galumna chujoi,中田大翼甲螨,,,,,,,no_image
102225,Gamblea pseudoevodiifolia,大果萸叶五加,,,,,,,no_image
102226,Gammiella ceylonensis,小厚角藓,,,,,,,no_image
102209,Galium uliginosum,沼猪殃殃,,,,,,,no_image
39653,Gandaritis nigroagnes,黑枯叶尺蛾,,,,,,,no_image
39632,Gampsocera maculipennis,斑翅曲角秆蝇,,,,,,,no_image
151343,Ganoderma albimarginatum,,,,,,,,no_image
151363,Ganoderma boninense,狭长孢灵芝,,,,,,,no_image
151403,Ganoderma hainanense,海南灵芝,,,,,,,no_image
151383,Ganoderma cupulatiprocerum,,,,,,,,no_image
151423,Ganoderma magniporum,大孔灵芝,,,,,,,no_image
151443,Ganoderma orbiforme,狭长孢灵芝,,,,,,,no_image
15411,Gaoligonga changya,长牙高黎蛛,,,,,,,no_image
151483,Ganoderma stratoideum,拟层状灵芝,,,,,,,no_image
151463,Ganoderma renii,,,,,,,,no_image
151503,Ganoderma ungulatum,马蹄状树舌,,,,,,,no_image
102273,Gardneria lanceolata,柳叶蓬莱葛,,,,,,,no_image
102251,Garcinia oligantha,单花山竹子,,,,,,,no_image
3881,Gari inflata,胖紫蛤,,,,,,,no_image
102287,Garovaglia elegans,南亚美蕨藓,,,,,,,no_image
76196,Garra surgifrons,隆额墨头鱼,,,,,,,no_image
39694,Gastrimargus africanus,非洲车蝗,,,,,,,no_image
102295,Garuga pinnata,羽叶白头树,,,,,,,no_image
102306,Gastrochilus changjiangensis,昌江盆距兰,,,,,,,no_image
102326,Gastrochilus linii,金松盆距兰,,,,,,,no_image
102363,Gastrodia angusta,原天麻,,,,,,,no_image
102346,Gastrochilus somae,美丽盆距兰,,,,,,,no_image
102384,Gastrodia lohitensis,察隅河天麻,,,,,,,no_image
39699,Gastrolina depressa,核桃扁叶甲,,,,,,,no_image
39743,Gastrozona hancocki,汉氏羽角实蝇,,,,,,,no_image
102402,Gaultheria borneensis,高山白珠,,,,,,,no_image
39731,Gastropaga taiwanensis,,,,,,,,no_image
39776,Gaurena margaritha,缘篝波纹蛾,,,,,,,no_image
102431,Gaultheria major,大叶华白珠,,,,,,,no_image
102452,Gaultheria trichophylla,刺毛白珠,,,,,,,no_image
149916,Gautieria monticola,山地高腹菌,,,,,,,no_image
149842,Geastrum badium,棕色地星,,,,,,,no_image
149862,Geastrum minus,小地星,,,,,,,no_image
13052,Gedea sinensis,中华格德蛛,,,,,,,no_image
76258,Gekko liboensis,荔波壁虎,,,,,,,no_image
102471,Gelidium kintaroi,钝顶石花菜,,,,,,,no_image
39796,Gelastissus hokutonis,芜锥杯瓢蜡蝉,,,,,,,no_image
102495,Gelidocalamus zixingensis,资兴短枝竹,,,,,,,no_image
9065,Gemmazetes cavatica,洞蕾甲螨,,,,,,,no_image
140433,Genea cubispora,,,,,,,,no_image
102534,Gentiana caelestis,天蓝龙胆,,,,,,,no_image
6418,Gennadas capensis,南非屈腕虾,,,,,,,no_image
102510,Gentiana amplicrater,硕花龙胆,,,,,,,no_image
102560,Gentiana daochengensis,稻城龙胆,,,,,,,no_image
102582,Gentiana filisepala,丝萼龙胆,,,,,,,no_image
102626,Gentiana leucomelaena,蓝白龙胆,,,,,,,no_image
102604,Gentiana hexaphylla,六叶龙胆,,,,,,,no_image
102648,Gentiana mopanshanensis,磨盘山龙胆,,,,,,,no_image
102700,Gentiana purdomii,岷县龙胆,,,,,,,no_image
102674,Gentiana parvula,小龙胆,,,,,,,no_image
102730,Gentiana spathulisepala,中甸匙萼龙胆,,,,,,,no_image
102757,Gentiana tatsienensis,打箭炉龙胆,,,,,,,no_image
102783,Gentiana vernayi,露蕊龙胆,,,,,,,no_image
102810,Gentianella azurea,黑边假龙胆,,,,,,,no_image
102831,Geodorum esquirolei,西南地宝兰,,,,,,,no_image
76283,Geoemyda spengleri,地龟,,,,,,,no_image
134864,Geoglossum luteum,,,,,,,,no_image
76284,Geokichla citrina,橙头地鸫,,,,,,,no_image
39860,Geomyza silvatica,森林地禾蝇,,,,,,,no_image
139695,Geoporella michaelis,,,,,,,,no_image
102845,Geranium divaricatum,叉枝老鹳草,,,,,,,no_image
39862,Geostiba chinensis,,,,,,,,no_image
102865,Geranium pogonanthum,髯毛老鹳草,,,,,,,no_image
76302,Gerres oblongus,长圆银鲈,,,,,,,no_image
39883,Geranomyia septemnotata,七斑长唇大蚊,,,,,,,no_image
102893,Germainia capitata,筒穗草,,,,,,,no_image
102885,Geranium umbelliforme,伞花老鹳草,,,,,,,no_image
7800,Geryonia proboscidalis,枝管怪水母,,,,,,,no_image
39925,Ghoria serrata,锯角荷苔蛾,,,,,,,no_image
141835,Gibellula unica,,,,,,,,no_image
8966,Gibbicepheus chinensis,中华弯步甲螨,,,,,,,no_image
102907,Gigantochloa levis,毛笋竹,,,,,,,no_image
76313,Girella punctata,斑鱾,,,,,,,no_image
76315,Glandirana minima,小腺蛙,,,,,,,no_image
4752,Glauconome cerea,,,,,,,,no_image
102936,Glaphyropteridopsis villosa,柔毛方秆蕨,,,,,,,no_image
155608,Gigaspora pellucida,透明巨孢囊霉,,,,,,,no_image
102952,Glechoma longituba,活血丹,,,,,,,no_image
39978,Glenea bimaculatithorax,,,,,,,,no_image
40000,Glenea gardneriana,,,,,,,,no_image
40023,Glenea meiyingae,,,,,,,,no_image
40048,Glenea quadriguttata,,,,,,,,no_image
40070,Glenea tonkinea,,,,,,,,no_image
141867,Gliocladium cylindrosporum,,,,,,,,no_image
40085,Globiceps flavomaculatus,黄斑球首盲蝽,,,,,,,no_image
103000,Glochidion multiloculare,多室算盘子,,,,,,,no_image
8518,Globovula sphaera,球圆梭螺,,,,,,,no_image
152559,Gloeocystidiellum aspellum,阿地胶囊伏革菌,,,,,,,no_image
147719,Gloiocephala menieri,,,,,,,,no_image
155653,Glomus badium,褐色球囊霉,,,,,,,no_image
149893,Gloeophyllum subferrugineum,褐粘褶菌,,,,,,,no_image
155673,Glomus coremioides,帚状球囊霉,,,,,,,no_image
155693,Glomus fragilis,脆球囊霉,,,,,,,no_image
155713,Glomus lamellosum,层状球囊霉,,,,,,,no_image
155733,Glomus multicaule,多梗球囊霉,,,,,,,no_image
155753,Glomus spinuliferum,微刺球囊霉,,,,,,,no_image
76351,Gloydius huangi,澜沧蝮,,,,,,,no_image
4873,Glossobalanus misakiensis,三崎柱头虫,,,,,,,no_image
132278,Gloniopsis australis,,,,,,,,no_image
3588,Glycera clecipiens,小吻沙蚕,,,,,,,no_image
103030,Glyceria chinensis,中华甜茅,,,,,,,no_image
103051,Glycosmis craibii,毛山小橘,,,,,,,no_image
103065,Glycyrrhiza glabra,洋甘草,,,,,,,no_image
16087,Glyphiulus deharvengi,德氏雕马陆,,,,,,,no_image
76367,Glyphoglossus huadianensis,花甸小狭口蛙,,,,,,,no_image
16085,Glyphiulus paramulunensis,拟木论雕马陆,,,,,,,no_image
17037,Glypthelmins jilinensis,吉林刻体吸虫,,,,,,,no_image
103092,Glyptopetalum verticillatum,轮叶沟瓣木,,,,,,,no_image
40120,Glyptotermes emsi,峨嵋树白蚁,,,,,,,no_image
40140,Glyptotermes shaanxiensis,陕西树白蚁,,,,,,,no_image
103100,Gmelina szechwanensis,四川石梓,,,,,,,no_image
76384,Glyptothorax laosensis,老挝纹胸&#x0000E065;,,,,,,,no_image
13866,Gnaphosa lucifuga,避日平腹蛛,,,,,,,no_image
40174,Gnaptorina proxima,类小琵甲,,,,,,,no_image
40152,Gnaptorina compressa,凹腹小琵甲,,,,,,,no_image
76409,Gnathopogon taeniellus,细纹颌须&#x0000E068;,,,,,,,no_image
40186,Gnathoncus kiritshenkoi,克氏秃额阎甲,,,,,,,no_image
40199,Gnezdilovius bistriatus,双带格氏瓢蜡蝉,,,,,,,no_image
40219,Gnezdilovius quinquemaculatus,五斑格氏瓢蜡蝉,,,,,,,no_image
40234,Gnophomyia brevicellula,窄室木大蚊,,,,,,,no_image
40253,Gnypeta yaoana,,,,,,,,no_image
76426,Gobiobotia homalopteroidea,平鳍鳅,,,,,,,no_image
76446,Gobiopsis macrostoma,大口髯鰕虎,,,,,,,no_image
138046,Golovinomyces magnicellulatus,,,,,,,,no_image
103128,Gollania homalothecioides,拟同蒴粗枝藓,,,,,,,no_image
103157,Gomphostemma deltodon,三角齿锥花,,,,,,,no_image
149438,Gomphidius maculatus,斑点铆钉菇,,,,,,,no_image
149930,Gomphus kauffmanii,富士山钉菇,,,,,,,no_image
103175,Gongronema multibracteolatum,多苞纤冠藤,,,,,,,no_image
7308,Goniastrea aspera,粗糙菊花珊瑚,,,,,,,no_image
40300,Gonia capitata,宽额膝芒寄蝇,,,,,,,no_image
40321,Gonioctena flavoplagiata,十二斑角胫叶甲,,,,,,,no_image
40341,Gonioctena sunkangensis,红胸角胫叶甲,,,,,,,no_image
40359,Goniogryllus pubescens,多毛哑蟋,,,,,,,no_image
103195,Goniophlebium manmeiense,篦齿蕨,,,,,,,no_image
10694,Goniopora polyformis,多形角孔珊瑚,,,,,,,no_image
40369,Gonista bicolor,二色戛蝗,,,,,,,no_image
15934,Gonobelus belousovi,,,,,,,,no_image
3349,Gonodactylus platysoma,宽体指虾蛄,,,,,,,no_image
40395,Gonomyia incompleta,印度祖大蚊,,,,,,,no_image
40415,Gonophora pulchella,丽斑脊甲,,,,,,,no_image
103232,Goodyera foliosa,多叶斑叶兰,,,,,,,no_image
40424,Gorpis longispinis,长刺高姬蝽,,,,,,,no_image
103254,Goodyera wuana,天全斑叶兰,,,,,,,no_image
103275,Gracilaria bailinae,异枝江蓠,,,,,,,no_image
103295,Gracilaria rubra,红江蓠,,,,,,,no_image
76487,Gracixalus quangi,浦活纤树蛙,,,,,,,no_image
76509,Grammicolepis brachiusculus,斑线菱鲷,,,,,,,no_image
40452,Grammoptera fulgidipennis,金绿直花天牛,,,,,,,no_image
150609,Grandinia deflectens,,,,,,,,no_image
136890,Graphis chrysenteron,,,,,,,,no_image
136872,Graphina oxyspora,尖孢文字衣,,,,,,,no_image
136910,Graphis galactoderma,乳皮文字衣,,,,,,,no_image
136950,Graphis tricosa,,,,,,,,no_image
40486,Grapholita funebrana,李小食心虫,,,,,,,no_image
136930,Graphis ocellata,,,,,,,,no_image
40499,Graptomyza arisana,阿里山缺伪蚜蝇,,,,,,,no_image
103311,Grateloupia carnosa,肉质蜈蚣藻,,,,,,,no_image
103331,Grateloupia prolongata,长枝蜈蚣藻,,,,,,,no_image
40522,Gressittia birumis,二标格虻,,,,,,,no_image
103363,Grewia latiglandulosa,阔腺扁担杆,,,,,,,no_image
103382,Grimmia atrata,黑色紫萼藓,,,,,,,no_image
103402,Grimmia poecilostoma,多色紫萼藓,,,,,,,no_image
103420,Groutiella tomentosa,小蓑藓,,,,,,,no_image
40535,Guanchia lucens,光亮秽球螋,,,,,,,no_image
40537,Guerryus argyritis,,,,,,,,no_image
40554,Gunungidia rubiginosa,锈面突额叶蝉,,,,,,,no_image
131863,Guignardia manokwaria,,,,,,,,no_image
40543,Guisardus chinensis,中国肿角盲蝽,,,,,,,no_image
40568,Gymnadichosia tribulis,三尖裸变丽蝇,,,,,,,no_image
136807,Gyalideopsis lambinonii,拉姆氏亚星盘衣,,,,,,,no_image
40573,Gymnastes shirakii,素木奇斑大蚊,,,,,,,no_image
40579,Gymnocheta viridis,绿亮寄蝇,,,,,,,no_image
76551,Gymnocypris scleracanthus,拉孜裸鲤,,,,,,,no_image
76561,Gymnogobius taranetzi,塔氏裸身鰕虎,,,,,,,no_image
40589,Gymnophryxe inconspicua,平庸金怯寄蝇,,,,,,,no_image
146584,Gymnopilus hainanensis,海南裸伞,,,,,,,no_image
40628,Gymnopternus solanus,阳行脉长足虻,,,,,,,no_image
40608,Gymnopternus jishanensis,鸡足山行脉长足虻,,,,,,,no_image
76566,Gymnosarda unicolor,裸狐鲣,,,,,,,no_image
146604,Gymnopilus subbellulus,近美丽裸伞,,,,,,,no_image
147573,Gymnopus fusipes,梭柄裸菇,,,,,,,no_image
153207,Gymnosporangium japonicum,日本胶锈菌,,,,,,,no_image
103483,Gymnosphaera henryi,平鳞黑桫椤,,,,,,,no_image
153227,Gymnosporangium yamadae,,,,,,,,no_image
76576,Gymnothorax flavimarginatus,黄边裸胸鳝,,,,,,,no_image
103507,Gymnostachyum signatum,翅柄裸柱草,,,,,,,no_image
76616,Gymnura zonura,条尾燕魟,,,,,,,no_image
76619,Gynandropaa yunnanensis,云南棘蛙,,,,,,,no_image
76596,Gymnothorax prionodon,锯齿裸胸鳝,,,,,,,no_image
10826,Gyraulus heudei,厄氏小旋螺,,,,,,,no_image
103555,Gypsophila capituliflora,头状石头花,,,,,,,no_image
103544,Gynura bicolor,红凤菜,,,,,,,no_image
139707,Gyromitra splendida,亮鹿花菌,,,,,,,no_image
149468,Gyrodon merulioides,褶孔短孢牛肝菌,,,,,,,no_image
40711,Gyrophaena draconis,,,,,,,,no_image
40691,Gyrophaena biflagellum,,,,,,,,no_image
40731,Gyrophaena koreana,,,,,,,,no_image
40751,Gyrophaena parva,,,,,,,,no_image
40771,Gyrophaena semipunctata,,,,,,,,no_image
40791,Gyrophaena taiwanana,,,,,,,,no_image
137688,Gyrophora flocculosa,,,,,,,,no_image
103582,Gyroweisia yuennanensis,云南圆口藓,,,,,,,no_image
103598,Habenaria dentata,鹅毛玉凤花,,,,,,,no_image
103618,Habenaria lucida,细花玉凤花,,,,,,,no_image
103638,Habenaria siamensis,中泰玉凤花,,,,,,,no_image
40821,Habrophorula nigripes,黑足细条蜂,,,,,,,no_image
40841,Habropoda yunnanensis,云南回条蜂,,,,,,,no_image
5806,Hacelia tuberculata,疣哈司海星,,,,,,,no_image
40881,Hadennia incongruens,白点厚角夜蛾,,,,,,,no_image
4837,Hadropenaeus spinicauda,刺尾厚对虾,,,,,,,no_image
135646,Haematomma accolens,,,,,,,,no_image
40923,Haematopota cilipes,繸腿麻虻,,,,,,,no_image
40963,Haematopota przewalskii,波氏麻虻,,,,,,,no_image
40943,Haematopota lineola,条带麻虻,,,,,,,no_image
40983,Haematopota yanggangi,阳刚麻虻,,,,,,,no_image
17309,Haemotolochus sibiricus,西伯利亚舐血吸虫日本亚种,,,,,,,no_image
41009,Hagenomyia fuscithoraca,褐胸哈蚁蛉,,,,,,,no_image
12007,Hahnia subsaccata,近囊栅蛛,,,,,,,no_image
7088,Halecium sp,碟螅C,,,,,,,no_image
2675,Halalaimus gracilis,纤细吸咽线虫,,,,,,,no_image
76674,Halichoeres nebulosus,星云海猪鱼,,,,,,,no_image
76661,Halicampus spinirostris,短吻海蠋鱼,,,,,,,no_image
3531,Haliclona cinerea,灰色蜂海绵,,,,,,,no_image
76685,Halicmetus niger,黑牙棘茄鱼,,,,,,,no_image
103684,Halimeda micronesica,密岛仙掌藻,,,,,,,no_image
7551,Haliscera conica,角海棘水母,,,,,,,no_image
6547,Haloa flavescens,黄月华螺,,,,,,,no_image
41030,Halonabis sareptanus,源海姬蝽,,,,,,,no_image
76700,Halosauropsis macrochir,短吻拟海蜥鱼,,,,,,,no_image
41044,Halticoptera hippeus,光柄赘须金小蜂,,,,,,,no_image
103719,Halymenia microcarpa,小果海膜,,,,,,,no_image
103724,Hamelia patens,长隔木,,,,,,,no_image
11327,Hamataliwa oculata,目哈猫蛛,,,,,,,no_image
103728,Hanceola cordiovata,心卵叶四轮香,,,,,,,no_image
103744,Hansenia litangense,理塘羌活,,,,,,,no_image
76707,Hapalomys delacouri,小狨鼠,,,,,,,no_image
131606,Haplodina alutacea,,,,,,,,no_image
41099,Haplogryllacris castanea,栗色简蟋螽,,,,,,,no_image
103757,Haplodontium zangii,臧氏纤齿藓,,,,,,,no_image
103768,Haplopteris centrochinensis,华中书带蕨,,,,,,,no_image
155841,Haplosporangium decipiens,,,,,,,,no_image
149664,Haplotrichum curtisii,,,,,,,,no_image
16824,Harmandina sinensis,中华节盲蛛,,,,,,,no_image
41137,Harnischia curtilamellata,短叶哈摇蚊,,,,,,,no_image
41148,Harpedona marginata,缘薯蓣盲蝽,,,,,,,no_image
2327,Harrovia ngi,黄氏短角蟹,,,,,,,no_image
155292,Harpochytrium intermedium,间型肋壶菌,,,,,,,no_image
41174,Hasora taminata,银针趾弄蝶,,,,,,,no_image
41190,Haworth suffusa,昏光苔蛾,,,,,,,no_image
7298,Hebella laterocaudata,偏柄杯螅,,,,,,,no_image
146624,Hebeloma longicaudum,长柄粘滑菇,,,,,,,no_image
146644,Hebeloma vinosophyllum,酒红粘滑菇,,,,,,,no_image
76741,Hebius octolineatum,八线腹链蛇,,,,,,,no_image
103798,Hedera helix,洋常春藤,,,,,,,no_image
15917,Hedinomorpha subnigra,,,,,,,,no_image
103811,Hedychium brevicaule,矮姜花,,,,,,,no_image
103857,Hedyotis assimilis,清远耳草,,,,,,,no_image
103833,Hedychium nutantiflorum,垂序姜花,,,,,,,no_image
103903,Hedyotis nanlingensis,南岭耳草,,,,,,,no_image
103883,Hedyotis dinganensis,定安耳草,,,,,,,no_image
103923,Hedyotis trinervia,三脉耳草,,,,,,,no_image
103944,Hedysarum coronarium,地中海岩黄芪,,,,,,,no_image
103968,Hedysarum longigynophorum,长柄岩黄芪,,,,,,,no_image
103995,Hedysarum trigonomerum,三角荚岩黄芪,,,,,,,no_image
149157,Heimioporus subretisporus,拟网孢牛肝菌,,,,,,,no_image
41248,Heizmannia reidi,多栉领蚊,,,,,,,no_image
662,Helice formosensis,台湾厚蟹,,,,,,,no_image
41263,Heleodromia ausobskyi,沃氏长喙舞虻,,,,,,,no_image
104027,Helicia shweliensis,瑞丽山龙眼,,,,,,,no_image
139088,Helicogonium orbiliarum,,,,,,,,no_image
155941,Helicostylum piriforme,梨形卷枝霉,,,,,,,no_image
104056,Helictotrichon leianthum,光花山燕麦,,,,,,,no_image
41291,Helina angulisurstyla,角侧叶阳蝇,,,,,,,no_image
41311,Helina biconiformis,重锥阳蝇,,,,,,,no_image
41331,Helina combinisetata,并鬃阳蝇,,,,,,,no_image
41351,Helina dianica,滇阳蝇,,,,,,,no_image
41391,Helina huae,胡氏阳蝇,,,,,,,no_image
41371,Helina flavisquama,黄瓣阳蝇,,,,,,,no_image
41411,Helina laticerca,宽叶阳蝇,,,,,,,no_image
41431,Helina medogensis,墨脱阳蝇,,,,,,,no_image
41451,Helina nigrointermedia,黑介阳蝇,,,,,,,no_image
41471,Helina punctata,刺阳蝇,,,,,,,no_image
41491,Helina sichuanica,四川阳蝇,,,,,,,no_image
149896,Heliocybe sulcata,沟纹阳盖伞,,,,,,,no_image
41511,Helina subfloscula,拟花阳蝇,,,,,,,no_image
41568,Helionothrips parvus,微领针蓟马,,,,,,,no_image
41531,Helina unistriatoides,拟单条阳蝇,,,,,,,no_image
41575,Heliophorus androcles,美男彩灰蝶,,,,,,,no_image
41599,Heliothrips haemorrhoidalis,温室蓟马,,,,,,,no_image
41610,Helius liliputanus,育光大蚊,,,,,,,no_image
104082,Helleborus thibetanus,铁筷子,,,,,,,no_image
133741,Helminthosporium ligustri,小叶女贞长蠕孢,,,,,,,no_image
138282,Helotium buccina,长黄柔膜菌,,,,,,,no_image
41626,Helodon lochmocola,林栖赫蚋,,,,,,,no_image
14183,Helophora kueideensis,贵德泽蛛,,,,,,,no_image
138322,Helotium populinum,,,,,,,,no_image
138302,Helotium herbarum,蜡叶柔膜菌,,,,,,,no_image
139750,Helvella albella,小白马鞍菌,,,,,,,no_image
139770,Helvella elastica,弹性马鞍菌,,,,,,,no_image
139790,Helvella klotzschiana,,,,,,,,no_image
139810,Helvella pulla,烟棕马鞍菌,,,,,,,no_image
104104,Helwingia omeiensis,峨眉青荚叶,,,,,,,no_image
41666,Hemerobius hedini,甘肃褐蛉,,,,,,,no_image
104121,Hemerocallis lilioasphodelus,北黄花菜,,,,,,,no_image
104151,Hemiboea longgangensis,弄岗半蒴苣苔,,,,,,,no_image
41695,Hemerodromia menglunana,勐仑螳舞虻,,,,,,,no_image
76781,Hemibarbus maculatus,花&#x0000E04F;,,,,,,,no_image
104171,Hemiboea strigosa,腺毛半蒴苣苔,,,,,,,no_image
76787,Hemiculter lucidus,,,,,,,,no_image
41720,Hemielimaea kuatun,挂墩半掩螽,,,,,,,no_image
41731,Hemilea hyalina,透点半实蝇,,,,,,,no_image
6306,Hemipenaeus carpenteri,卡氏半对虾,,,,,,,no_image
147349,Hemimycena gracilis,,,,,,,,no_image
76832,Hemiphyllodactylus longlingensis,龙陵半叶趾虎,,,,,,,no_image
41760,Hemipenthes subvelutina,亚浅斑翅蜂虻,,,,,,,no_image
104203,Hemipilia kwangsiensis,广西舌喙兰,,,,,,,no_image
41784,Hemisphaerius rufovarius,红球瓢蜡蝉,,,,,,,no_image
76850,Hemiramphus marginatus,水鱵,,,,,,,no_image
41804,Hemistola monotona,绿缘无缰青尺蛾,,,,,,,no_image
76868,Hemorrhois ravergieri,花脊秘纹蛇（花脊游蛇）,,,,,,,no_image
76855,Hemitesia pallidipes,淡脚树莺,,,,,,,no_image
104264,Henckelia auriculata,耳叶汉克苣苔,,,,,,,no_image
104240,Hemsleya megathyrsa,大序雪胆,,,,,,,no_image
133800,Hendersonia macrospora,,,,,,,,no_image
104284,Henckelia medogensis,雅鲁藏布汉克苣苔,,,,,,,no_image
41839,Hengduanothrips chrysus,金横断蓟马,,,,,,,no_image
6325,Hephthopelta cribrorum,凹背熟盾蟹,,,,,,,no_image
41859,Hepialus deqinensis,德钦蝠蛾,,,,,,,no_image
41879,Hepialus markamensis,芒康蝠蛾,,,,,,,no_image
41899,Hepialus zaliensis,察里蝠蛾,,,,,,,no_image
104314,Heptapleurum elatum,高鹅掌柴,,,,,,,no_image
41906,Herbertia indica,印度毛体金小蜂,,,,,,,no_image
104334,Heptapleurum parvifoliolatum,小叶鹅掌柴,,,,,,,no_image
41910,Hercostomus acutangulatus,尖角寡长足虻,,,,,,,no_image
104355,Heracleum millefolium,,,,,,,,no_image
41930,Hercostomus binatus,细叶寡长足虻,,,,,,,no_image
41950,Hercostomus curvativus,弯突寡长足虻,,,,,,,no_image
41970,Hercostomus dui,杜氏寡长足虻,,,,,,,no_image
41990,Hercostomus fluvius,溪寡长足虻,,,,,,,no_image
42030,Hercostomus lijiangensis,丽江寡长足虻,,,,,,,no_image
42070,Hercostomus pilicercus,毛须寡长足虻,,,,,,,no_image
42010,Hercostomus hunanensis,湖南寡长足虻,,,,,,,no_image
42050,Hercostomus masunagai,马氏寡长足虻,,,,,,,no_image
42130,Hercostomus xishuangbannensis,西双版纳寡长足虻,,,,,,,no_image
14679,Heriaeus concavus,凹毛蟹蛛,,,,,,,no_image
42090,Hercostomus serratus,齿缘寡长足虻,,,,,,,no_image
42110,Hercostomus subtruncatus,斜截寡长足虻,,,,,,,no_image
42149,Herina igniceps,火英斑蝇,,,,,,,no_image
104405,Herminium glossophyllum,雅致角盘兰,,,,,,,no_image
42167,Hermonassa connudata,坦狭翅夜蛾,,,,,,,no_image
133674,Hermatomyces tucumanensis,,,,,,,,no_image
42187,Hermonassa lineata,线狭翅夜,,,,,,,no_image
42221,Herochroma pallensia,淡色始青尺蛾,,,,,,,no_image
5827,Hermonia acantholepis,粒疣小鳞虫,,,,,,,no_image
104427,Herpetospermum operculatum,冠盖波棱瓜,,,,,,,no_image
16265,Hersilia albomaculata,白斑长纺蛛,,,,,,,no_image
42248,Hesperosoma guizhouense,,,,,,,,no_image
488,Hesionura shandongensis,山东海叶虫,,,,,,,no_image
15634,Hessebius longispinipes,长棘石蜈蚣,,,,,,,no_image
6844,Heteractis crispa,卷曲异海葵,,,,,,,no_image
42294,Heteroconis picticornis,彩角异粉蛉,,,,,,,no_image
151975,Heterobasidion australe,南方异担子菌,,,,,,,no_image
148869,Heterochaete lividofusca,暗蓝刺皮耳,,,,,,,no_image
42314,Heterolygus longus,长异草盲蝽,,,,,,,no_image
76891,Heterodontus japonicus,宽纹虎鲨,,,,,,,no_image
135283,Heterodermia firmula,黄髓哑铃孢,,,,,,,no_image
42321,Heteronychia abramovi,海北欧麻蝇,,,,,,,no_image
42334,Heteropantilius rhopalomorphus,露腹混毛盲蝽,,,,,,,no_image
104482,Heteropolygonatum farreri,滇缅异黄精,,,,,,,no_image
13342,Heteropoda chengbuensis,城步巨蟹蛛,,,,,,,no_image
42350,Heterophleps taiwana,台湾异翅尺蛾,,,,,,,no_image
7044,Heteropyramis maculata,色斑异塔水母,,,,,,,no_image
151520,Hexagonia pruinosa,,,,,,,,no_image
104518,Heterostemma wallichii,云南醉魂藤,,,,,,,no_image
7594,Heteroxenia medioensis,中双异花软珊瑚,,,,,,,no_image
42362,Heterosmylus curvagrdaus,曲阶异溪蛉,,,,,,,no_image
9422,Hexathrombium southcotti,,,,,,,,no_image
42451,Hexatoma mediocornis,中突锦大蚊,,,,,,,no_image
42431,Hexatoma fracida,柔锦大蚊,,,,,,,no_image
42471,Hexatoma quadriatrata,阔锦大蚊,,,,,,,no_image
104547,Hibiscus sinosyriacus,华木槿,,,,,,,no_image
42493,Hexatoma urania,隆脊锦大蚊,,,,,,,no_image
104524,Hibiscus aridicola,旱地木槿,,,,,,,no_image
76922,Hierococcyx varius,普通鹰鹃,,,,,,,no_image
42517,Hilara curvativa,弯突喜舞虻,,,,,,,no_image
104585,Himalacodon dicentrifolius,须弥参,,,,,,,no_image
42537,Hilara neodentata,新齿突喜舞虻,,,,,,,no_image
104575,Hilliella rhombea,菱果脬果荠,,,,,,,no_image
42564,Himaloconnus klapperichianus,,,,,,,,no_image
42569,Himmala sinica,,,,,,,,no_image
42578,Hippocephala dimorpha,,,,,,,,no_image
76935,Hippichthys heptagonus,前鳍多环海龙,,,,,,,no_image
2031,Hippomedon spinimanus,刺掌英雄钩虾,,,,,,,no_image
142175,Hirsutella besseyi,,,,,,,,no_image
42581,Hippotion boerhaviae,斑腹斜线天蛾,,,,,,,no_image
104649,Hiptage sericea,绢毛风筝果,,,,,,,no_image
42600,Hirtodrosophila baikalensi,贝加尔毛果蝇,,,,,,,no_image
42621,Hirtodrosophila paralatifrontata,拟宽鼻毛果蝇,,,,,,,no_image
76966,Hirundichthys rondeletii,黑翼文鳐鱼,,,,,,,no_image
42644,Hister concolor,同色阎甲,,,,,,,no_image
76983,Histrionicus histrionicus,丑鸭,,,,,,,no_image
104659,Hodgsonia tsaii,希陶油瓜,,,,,,,no_image
147786,Hohenbuehelia hobsonii,荷索尼亚侧耳,,,,,,,no_image
104660,Holarrhena pubescens,止泻木,,,,,,,no_image
104685,Holcoglossum omeiense,峨眉槽舌兰,,,,,,,no_image
42676,Holobus yasumatsui,,,,,,,,no_image
76986,Hologymnosus doliatus,狭带细鳞盔鱼,,,,,,,no_image
42703,Holorusia astarte,毛尾棘膝大蚊,,,,,,,no_image
3267,Holothuria fuscocinerea,棕环海参,,,,,,,no_image
42723,Holorusia rex,巨大棘膝大蚊,,,,,,,no_image
42731,Holotrochus patteni,,,,,,,,no_image
104712,Homaliodendron ligulifolium,舌叶树平藓,,,,,,,no_image
104730,Homalomena hainanensis,海南千年健,,,,,,,no_image
42751,Homalotylus sinensis,中华瓢虫跳小蜂,,,,,,,no_image
76988,Homatula acuticephala,尖头副鳅,,,,,,,no_image
77008,Homatula wujiangensis,乌江副鳅,,,,,,,no_image
19083,Homidia latifolia,,,,,,,,no_image
42773,Homodes vivida,瘤匹夜蛾,,,,,,,no_image
4909,Homologenus donghaiensis,东海似人面蟹,,,,,,,no_image
42791,Homolobus annulicornis,环节滑茧蜂,,,,,,,no_image
18957,Homidia similis,,,,,,,,no_image
42831,Homoneura brevituba,短管同脉缟蝇,,,,,,,no_image
42811,Homona issiki,柳杉长卷蛾,,,,,,,no_image
42851,Homoneura dadongshanica,大东山同脉缟蝇,,,,,,,no_image
42871,Homoneura flavomarginata,黄缘同脉缟蝇,,,,,,,no_image
42891,Homoneura immaculata,无斑同脉缟蝇,,,,,,,no_image
42911,Homoneura longicornis,长角同脉缟蝇,,,,,,,no_image
42931,Homoneura occipitalis,后斑同脉缟蝇,,,,,,,no_image
42951,Homoneura separata,离斑同脉缟蝇,,,,,,,no_image
42991,Homoneura zengae,曾氏新同脉缟蝇,,,,,,,no_image
42971,Homoneura tortilis,扭突新同脉缟蝇,,,,,,,no_image
104764,Homostylium hypoleucum,白背紫菀,,,,,,,no_image
104771,Hookeriopsis utacamundiana,并齿拟油藓,,,,,,,no_image
77021,Hoplichthys langsdorfii,蓝氏棘鲬,,,,,,,no_image
43039,Hoplitis robusta,红蚁拟孔蜂,,,,,,,no_image
43065,Hoplotarache binominata,白缘陵夜蛾,,,,,,,no_image
43056,Hoplolabis subareolata,微网突大蚊,,,,,,,no_image
43086,Horaia calla,丽霍氏网蚊,,,,,,,no_image
43092,Horidiplosis ficifolii,榕叶浩瘿蚊,,,,,,,no_image
43109,Horisme vitalbata,维界尺蛾,,,,,,,no_image
43128,Horniella dao,,,,,,,,no_image
104809,Horsfieldia hainanensis,海南风吹楠,,,,,,,no_image
104818,Houpoea obovata,日本厚朴,,,,,,,no_image
104839,Hoya daimenglongensis,大勐龙球兰,,,,,,,no_image
104859,Hoya longlingensis,龙陵球兰,,,,,,,no_image
104893,Huangtcia renifolia,肾叶山蚂蟥,,,,,,,no_image
104879,Hoya siamica,菖蒲球兰,,,,,,,no_image
140492,Humaria hemisphaerioides,,,,,,,,no_image
43154,Hulodes caranea,木夜蛾,,,,,,,no_image
144437,Humicola brevis,,,,,,,,no_image
140512,Humaria testacea,壳状土盘菌,,,,,,,no_image
104904,Humulus yunnanensis,滇葎草,,,,,,,no_image
139517,Hyalinia auricolor,,,,,,,,no_image
43162,Hupodonta manyusri,曼霭舟蛾,,,,,,,no_image
104926,Huperzia kunmingensis,昆明石杉,,,,,,,no_image
43175,Hyalopeplus lineifer,红纹透翅盲蝽,,,,,,,no_image
139530,Hyalorbilia lunata,,,,,,,,no_image
43182,Hyalurgus crucigera,十花透翅寄蝇,,,,,,,no_image
4662,Hyastenus planasius,扁平互敬蟹,,,,,,,no_image
43205,Hybomitra asturoides,类星瘤虻,,,,,,,no_image
43245,Hybomitra lurida,黑棕瘤虻,,,,,,,no_image
43225,Hybomitra fulvotaenia,黄带瘤虻,,,,,,,no_image
43265,Hybomitra peculiaris,特殊瘤虻,,,,,,,no_image
43285,Hybomitra ussuriensis,乌苏里瘤虻,,,,,,,no_image
43325,Hybos digitiformis,指突驼舞虻,,,,,,,no_image
43305,Hybos beibenganus,背崩驼舞虻,,,,,,,no_image
43365,Hybos longshengensis,龙胜驼舞虻,,,,,,,no_image
43345,Hybos hainanensis,海南驼舞虻,,,,,,,no_image
43405,Hybos tongshanensis,通山驼舞虻,,,,,,,no_image
43385,Hybos particularis,半亮驼舞虻,,,,,,,no_image
43425,Hybridolinus fengyangshanus,,,,,,,,no_image
150180,Hydnochaete asetosa,,,,,,,,no_image
43442,Hydatothrips meriposa,缘裂绢蓟马,,,,,,,no_image
139715,Hydnotrya michaelis,米氏腔块菌,,,,,,,no_image
7060,Hydractinia apicata,顶突介螅水母,,,,,,,no_image
104987,Hydrangea petiolaris,藤绣球,,,,,,,no_image
104963,Hydrangea chungii,福建绣球,,,,,,,no_image
43458,Hydrelia lineata,麦黄水尺蛾,,,,,,,no_image
43478,Hydrellia fusca,棕色毛眼水蝇,,,,,,,no_image
43498,Hydriomena furcata,叉涅尺蛾,,,,,,,no_image
105004,Hydrocotyle benguetensis,吕宋天胡荽,,,,,,,no_image
77082,Hydrophis viperinus,海蝰（黑尾海蛇）,,,,,,,no_image
145977,Hydrocybe hemitricha,,,,,,,,no_image
43528,Hydrophorus viridis,茎刺水长足虻,,,,,,,no_image
43531,Hydrosmecta perignota,,,,,,,,no_image
43551,Hydrotaea cyrtoneura,南曲脉齿股蝇,,,,,,,no_image
43571,Hydrotaea multichaeta,多鬃齿股蝇,,,,,,,no_image
43592,Hydrotaea spinigena,刺颊齿股蝇,,,,,,,no_image
105029,Hygroamblystegium fluviatile,水生湿柳藓,,,,,,,no_image
146416,Hygrocybe parvula,,,,,,,,no_image
146396,Hygrocybe cuspidata,凸顶橙红湿伞,,,,,,,no_image
105037,Hygrohypnum alpinum,高山水灰藓,,,,,,,no_image
146438,Hygrophorus aurantius,,,,,,,,no_image
146478,Hygrophorus leucophaeus,浅黄褐措伞,,,,,,,no_image
146458,Hygrophorus discoideus,盘状蜡伞,,,,,,,no_image
146498,Hygrophorus pictus,,,,,,,,no_image
146518,Hygrophorus subviolaceus,亚堇蜡伞,,,,,,,no_image
77106,Hyla simplex,华南雨蛙,,,,,,,no_image
16179,Hyleoglomeris nigu,尼姑木球马陆,,,,,,,no_image
43630,Hyllisia chinensis,,,,,,,,no_image
43626,Hylemyza partita,曲叶梓种蝇,,,,,,,no_image
105065,Hylodesmum oldhamii,羽叶长柄山蚂蟥,,,,,,,no_image
15931,Hylomus scolopendroides,,,,,,,,no_image
105087,Hylotelephium malacophyllum,钝叶瓦松,,,,,,,no_image
105105,Hymenaea courbaril,孪叶豆,,,,,,,no_image
105120,Hymenasplenium latidens,阔齿膜叶铁角蕨,,,,,,,no_image
2516,Hymeniacidon agminata,突起膜海绵,,,,,,,no_image
77120,Hymenocephalus lethonemus,刺吻膜首鳕,,,,,,,no_image
105154,Hymenidium huzhihaoi,康定滇藁本,,,,,,,no_image
150200,Hymenochaete cruenta,,,,,,,,no_image
150240,Hymenochaete separabilis,,,,,,,,no_image
150220,Hymenochaete macrospora,大孢锈革菌,,,,,,,no_image
146645,Hymenogaster albus,白层腹菌,,,,,,,no_image
146665,Hymenogaster parksii,帕氏腹菌,,,,,,,no_image
105185,Hymenophyllum digitatum,指状细口团扇蕨,,,,,,,no_image
138339,Hymenoscyphus adlasiopodium,,,,,,,,no_image
138359,Hymenoscyphus himalayensis,,,,,,,,no_image
138379,Hymenoscyphus salicinus,,,,,,,,no_image
105218,Hyoscyamus labiatus,唇花天仙子,,,,,,,no_image
77130,Hynobius bambusicolus,虚竹小鲵,,,,,,,no_image
43656,Hypena furva,戏髯须夜蛾,,,,,,,no_image
43696,Hyperaxis scutellatus,齿股鳞毛肖叶甲,,,,,,,no_image
43678,Hypena strigatus,线髯须夜蛾,,,,,,,no_image
105248,Hypericum elongatum,延伸金丝桃,,,,,,,no_image
105272,Hypericum lancasteri,展萼金丝桃,,,,,,,no_image
105297,Hypericum reptans,匍枝金丝桃,,,,,,,no_image
43701,Hypernephia everesti,珠峰盲蝗,,,,,,,no_image
150909,Hyphoderma acystidiatum,无囊丝皮菌,,,,,,,no_image
150929,Hyphoderma setigerum,刚毛丝皮菌,,,,,,,no_image
150621,Hyphodontia cineracea,,,,,,,,no_image
150641,Hyphodontia nudiseta,,,,,,,,no_image
150661,Hyphodontia subpallidula,亚淡色产丝齿菌,,,,,,,no_image
105324,Hypnodontopsis apiculatus,螺柄藓,,,,,,,no_image
148217,Hypholoma radicosum,长 根垂膜菇,,,,,,,no_image
43733,Hypocaccus asticus,洁皱额阎甲,,,,,,,no_image
105332,Hypochaeris albiflora,白花猫耳菊,,,,,,,no_image
9221,Hypochthonius rufulus,淡红缝甲螨,,,,,,,no_image
105346,Hypodematium glandulosopilosum,球腺肿足蕨,,,,,,,no_image
139181,Hypoderma brachysporum,,,,,,,,no_image
139199,Hypoderma nervisequum,,,,,,,,no_image
139216,Hypodermella lirelliformis,,,,,,,,no_image
135954,Hypogymnia fragillima,串孔脆袋衣,,,,,,,no_image
18714,Hypogastrura quadritenenta,,,,,,,,no_image
105375,Hypolepis punctata,姬蕨,,,,,,,no_image
135974,Hypogymnia pseudophysodes,拟袋衣,,,,,,,no_image
43776,Hypopygiopsis dactylis,指突巨尾蝇,,,,,,,no_image
141880,Hypomyces geoglossi,,,,,,,,no_image
43786,Hyporites gracilior,痩喙山花蝇,,,,,,,no_image
43804,Hypotermes wayaoensis,瓦窑地白蚁,,,,,,,no_image
136005,Hypotrachyna osseoalba,骨白双歧根,,,,,,,no_image
144633,Hypoxylon ustulatum,,,,,,,,no_image
144613,Hypoxylon hypomiltum,粉赭炭团菌,,,,,,,no_image
146998,Hypsizygus marmoreus,斑玉蕈,,,,,,,no_image
77185,Hypsugo mordax,大灰伏翼,,,,,,,no_image
43828,Hystatoderes weissi,,,,,,,,no_image
132288,Hysterium juniperi,,,,,,,,no_image
43832,Hysterura declinans,残杯尺蛾,,,,,,,no_image
43858,Hystriomyia lata,侧豪寄蝇,,,,,,,no_image
43876,Ichneutes wuyiensis,武夷探茧蜂,,,,,,,no_image
77191,Ianthocincla cineracea,灰翅噪鹛,,,,,,,no_image
12824,Icius yadongensis,亚东伊蛛,,,,,,,no_image
43896,Idia curvipalpis,白斑极夜蛾,,,,,,,no_image
43913,Idiocera reticulata,戈壁斑大蚊,,,,,,,no_image
43952,Idricerus weelei,韦氏完眼蝶角蛉,,,,,,,no_image
43935,Idiostrangalia albopreterminalis,,,,,,,,no_image
43956,Ilema badia,栗棕毒蛾,,,,,,,no_image
43976,Ilema tenebrosa,暗棕毒蛾,,,,,,,no_image
105432,Ilex chartaceifolia,纸叶冬青,,,,,,,no_image
105462,Ilex delavayi,陷脉冬青,,,,,,,no_image
105496,Ilex franchetiana,康定冬青,,,,,,,no_image
105520,Ilex intermedia,中型冬青,,,,,,,no_image
105569,Ilex metabaptista,河滩冬青,,,,,,,no_image
105542,Ilex lihuaiensis,溪畔冬青,,,,,,,no_image
105617,Ilex salicina,柳叶冬青,,,,,,,no_image
105594,Ilex perryana,皱叶冬青,,,,,,,no_image
105637,Ilex suichangensis,遂昌冬青,,,,,,,no_image
77229,Ilisha megaloptera,大鳍鳓,,,,,,,no_image
105670,Ilex venusta,秀丽冬青,,,,,,,no_image
105712,Illicium micranthum,小花八角,,,,,,,no_image
641,Ilyoplax pingi,秉氏泥蟹,,,,,,,no_image
105731,Illigera glabra,无毛青藤,,,,,,,no_image
105754,Impatiens andersonii,滇缅凤仙花,,,,,,,no_image
105794,Impatiens chiulungensis,九龙凤仙花,,,,,,,no_image
105774,Impatiens beipanjiangensis,北盘江凤仙花,,,,,,,no_image
105815,Impatiens cyclosepala,环萼凤仙花,,,,,,,no_image
105855,Impatiens glandulosocalycina,腺萼凤仙花,,,,,,,no_image
105835,Impatiens drepanophora,镰萼凤仙花,,,,,,,no_image
105897,Impatiens lihengiana,李恒凤仙花,,,,,,,no_image
105876,Impatiens jurpia,,,,,,,,no_image
105917,Impatiens lushiensis,卢氏凤仙花,,,,,,,no_image
105940,Impatiens monticola,山地凤仙花,,,,,,,no_image
105960,Impatiens odontopetala,齿瓣凤仙花,,,,,,,no_image
105982,Impatiens polyneura,多脉凤仙花,,,,,,,no_image
106023,Impatiens shangjiangensis,上江凤仙花,,,,,,,no_image
106003,Impatiens rajibiana,垂梗凤仙花,,,,,,,no_image
106046,Impatiens taishunensis,泰顺凤仙花,,,,,,,no_image
106087,Impatiens wuyuanensis,婺源凤仙花,,,,,,,no_image
106067,Impatiens tripetala,三瓣凤仙花,,,,,,,no_image
43991,Impatiophila bifasciata,双纹凤仙花果蝇,,,,,,,no_image
44011,Impatiophila parvula,小凤仙花果蝇,,,,,,,no_image
14082,Improphantes improbulus,恶粗皿蛛,,,,,,,no_image
106121,Incarvillea lutea,黄波罗花,,,,,,,no_image
106133,Indigofera acutipetala,尖瓣木蓝,,,,,,,no_image
106159,Indigofera delavayi,滇木蓝,,,,,,,no_image
106181,Indigofera jikongensis,鸡公木蓝,,,,,,,no_image
106203,Indigofera parkesii,浙江木蓝,,,,,,,no_image
106232,Indigofera subverticellata,轮花木蓝,,,,,,,no_image
106251,Indocalamus hirsutissimus,多毛箬竹,,,,,,,no_image
44041,Indocypha cyanicauda,蓝尾印鼻蟌,,,,,,,no_image
44077,Indonemoura tibetensis,西藏印叉(虫责),,,,,,,no_image
44058,Indomorphus orientalis,,,,,,,,no_image
44091,Indoquedius bing,,,,,,,,no_image
106280,Indosasa gigantea,橄榄竹,,,,,,,no_image
77236,Indotestudo elongata,缅甸陆龟,,,,,,,no_image
5785,Inermonephtys inermis,无疣齿吻沙蚕,,,,,,,no_image
146269,Inocephalus murrayi,,,,,,,,no_image
77255,Iniistius verrens,蔷薇项鳍鱼,,,,,,,no_image
146743,Inocybe aurora,粉褐丝盖伞,,,,,,,no_image
146783,Inocybe geophylla,污白丝盖伞,,,,,,,no_image
146763,Inocybe decipientoides,空柄毛锈伞,,,,,,,no_image
146803,Inocybe leptophylla,,,,,,,,no_image
146843,Inocybe posterula,,,,,,,,no_image
146823,Inocybe nodulosospora,,,,,,,,no_image
146863,Inocybe sororia,,,,,,,,no_image
146883,Inocybe whitei,,,,,,,,no_image
150282,Inonotus fushanus,,,,,,,,no_image
150302,Inonotus pachyphloeus,,,,,,,,no_image
150322,Inonotus tabacinus,丝光薄纤孔菌,,,,,,,no_image
4341,Inquisitor latifasciata,侧带裁判螺,,,,,,,no_image
44142,Interphasma huanglianshanense,黄连山介䗛,,,,,,,no_image
106296,Inula britannica,欧亚旋覆花,,,,,,,no_image
106318,Involucrella coronaria,合叶耳草,,,,,,,no_image
138394,Ionomidotis frondosa,复聚盘菌,,,,,,,no_image
106327,Ipomoea alba,月光花,,,,,,,no_image
106351,Ipomoea pes-caprae,厚藤,,,,,,,no_image
44175,Ipothalia plicicollis,,,,,,,,no_image
44191,Irianusa mirabilis,,,,,,,,no_image
4176,Iredalea exilis,棕密肋螺,,,,,,,no_image
106389,Iris ensata,玉蝉花,,,,,,,no_image
106417,Iris maackii,乌苏里鸢尾,,,,,,,no_image
106449,Iris tenuifolia,细叶鸢尾,,,,,,,no_image
150997,Irpex pendulus,下垂耙菌,,,,,,,no_image
44198,Irwiniella polychaeta,多鬃欧文剑虻,,,,,,,no_image
106479,Isachne sylvestris,刺毛柳叶箬,,,,,,,no_image
106494,Ischaemum ciliare,细毛鸭嘴草,,,,,,,no_image
141854,Isaria sinclairii,辛克莱棒束孢,,,,,,,no_image
44229,Ischnopsyllus obscurus,阴暗蝠蚤,,,,,,,no_image
44251,Ischnosoma fusciventre,,,,,,,,no_image
151004,Ischnoderma scaurum,,,,,,,,no_image
8163,Isis hippuris,粗糙竹节柳珊瑚,,,,,,,no_image
44272,Ischnostrangalis frugalis,集果纤花天牛,,,,,,,no_image
15336,Ischnothyreus yuanyeae,媛烨弱斑蛛,,,,,,,no_image
44311,Isodemis inae,洪同卷蛾,,,,,,,no_image
106527,Isodon delavayi,洱源香茶菜,,,,,,,no_image
106599,Isodon setschwanensis,四川香茶菜,,,,,,,no_image
106549,Isodon inflexus,内折香茶菜,,,,,,,no_image
106575,Isodon nervosus,显脉香茶菜,,,,,,,no_image
3646,Isognomon nucleus,方形钳蛤,,,,,,,no_image
44318,Isodromus zhaoi,赵氏草蛉跳小蜂,,,,,,,no_image
44335,Isomyia caudialata,翼尾等彩蝇,,,,,,,no_image
44355,Isomyia pseudoviridana,拟黄胫等彩蝇,,,,,,,no_image
44375,Isoneuromyia wolongensis,卧龙等菌蚊,,,,,,,no_image
44394,Isopsera tridentata,三齿平背螽,,,,,,,no_image
106652,Isothecium alopecuroides,猫尾藓,,,,,,,no_image
44399,Isoscelipteron eucallum,优等鳞蛉,,,,,,,no_image
18847,Isotomurus annectens,,,,,,,,no_image
106690,Isotrema kwangsiense,广西关木通,,,,,,,no_image
106668,Isotrema faucimaculatum,斑喉关木通,,,,,,,no_image
106730,Isotrema yangii,杨氏关木通,,,,,,,no_image
106710,Isotrema pseudocaulialatum,拟翅茎关木通,,,,,,,no_image
77271,Istiblennius edentulus,暗纹动齿鳚,,,,,,,no_image
44443,Istocheta longicauda,长尾裸背寄蝇,,,,,,,no_image
44461,Itagonia mera,真齿琵甲,,,,,,,no_image
44481,Italochrysa ludingana,泸定意草蛉,,,,,,,no_image
150771,Ithyphallus celebicus,,,,,,,,no_image
106739,Itea ilicifolia,冬青叶鼠刺,,,,,,,no_image
1166,Iwatanemertes piperata,椒斑岩田纽虫,,,,,,,no_image
106757,Ixeridium aculeolatum,刺株小苦荬,,,,,,,no_image
106780,Ixiolirion songaricum,准噶尔鸢尾蒜,,,,,,,no_image
106797,Ixora nienkui,泡叶龙船花,,,,,,,no_image
15458,Jacaena tengchongensis,腾冲雅卡蛛,,,,,,,no_image
44512,Jaeobson glasunowi,杨梢肖叶甲,,,,,,,no_image
152876,Jamesdicksonia melinidis,,,,,,,,no_image
44528,Janthinomyia felderi,拼叶江寄蝇,,,,,,,no_image
77315,Japonolaeops dentatus,多齿日本左鲆,,,,,,,no_image
106852,Jasminum guangxiense,广西素馨,,,,,,,no_image
106878,Jasminum rufohirtum,云南素馨,,,,,,,no_image
106892,Jatropha podagrica,佛肚树,,,,,,,no_image
7662,Jindexiangus statocystus,金德祥水母,,,,,,,no_image
106893,Jochenia pallescens,黄灰藓,,,,,,,no_image
44584,Johannsenomyia pseudoargentata,似银约蠓,,,,,,,no_image
3413,Jonesius triunguiculatus,三齿琼斯蟹,,,,,,,no_image
16141,Junceustreptus browningi,布氏草马陆,,,,,,,no_image
106924,Juncus crassistylus,粗状灯芯草,,,,,,,no_image
106946,Juncus lancangensis,澜沧灯芯草,,,,,,,no_image
106966,Juncus ohwianus,台湾灯芯草,,,,,,,no_image
106993,Juncus triflorus,三花灯芯草,,,,,,,no_image
107037,Juniperus procumbens,铺地柏,,,,,,,no_image
151885,Junghuhnia crustacea,壳状容氏孔菌,,,,,,,no_image
107058,Jurinea adenocarpa,腺果苓菊,,,,,,,no_image
107078,Justicia caudatifolia,尾叶纤穗爵床,,,,,,,no_image
107098,Justicia panduriformis,琴叶爵床,,,,,,,no_image
6454,Justitia longimanus,长臂正龙虾,,,,,,,no_image
107125,Kaempferia elegans,紫花山柰,,,,,,,no_image
44615,Kallisomyia stackelbergi,斯塔卡寄蝇,,,,,,,no_image
143067,Kameshwaromyces globosus,,,,,,,,no_image
107137,Kalanchoe garambiensis,台南伽蓝菜,,,,,,,no_image
44646,Kamimuria huangi,黄氏钩(虫责),,,,,,,no_image
44666,Kamimuria robusta,粗大钩(虫责),,,,,,,no_image
44684,Kanchia subvitrea,辉毒蛾,,,,,,,no_image
107154,Karelinia caspia,花花柴,,,,,,,no_image
107157,Kaufmannia semenovii,金钟报春,,,,,,,no_image
44717,Keilbachia flagrispina,长刺凯眼蕈蚊,,,,,,,no_image
18587,Keratella cochlearis,螺形龟甲轮虫,,,,,,,no_image
107186,Kengyilia melanthera,黑药仲彬草,,,,,,,no_image
77348,Kelloggella cardinalis,萨摩亚黏鰕虎,,,,,,,no_image
4359,Kermia thespecia,橙带棋盘螺,,,,,,,no_image
4321,Kermia,,,,,,,,no_image
107216,Khaya senegalensis,非洲楝,,,,,,,no_image
15069,Khorata paquini,帕氏呵叻蛛,,,,,,,no_image
44741,Kieffer cheni,陈氏矛螯蜂,,,,,,,no_image
44754,Kingdonella kozlovi,科金蝗,,,,,,,no_image
133677,Kirschsteiniothelia recessa,,,,,,,,no_image
15887,Kiulinga jeekeli,吉牯岭马陆,,,,,,,no_image
44770,Kiotina chekiangensis,浙江扣(虫责),,,,,,,no_image
107252,Knema globularia,小叶红光树,,,,,,,no_image
7421,Koellikerina constricta,缢八束水母,,,,,,,no_image
107285,Koenigia fertilis,青藏蓼,,,,,,,no_image
77363,Kogia sima,侏抹香鲸,,,,,,,no_image
44817,Kolla pentistigma,五斑边大叶蝉,,,,,,,no_image
107313,Kopsia arborea,蕊木,,,,,,,no_image
144727,Kretzschmaria zonata,,,,,,,,no_image
107317,Korthalsella japonica,栗寄生,,,,,,,no_image
77367,Kraemeria cunicularia,穴沙鳢(穴柯氏鱼),,,,,,,no_image
107337,Kuepferia sichitoensis,短管龙胆,,,,,,,no_image
153369,Kuehneola callicarpae,紫珠不眠多胞锈菌,,,,,,,no_image
44878,Kuldscha striphnosa,坚库尺蛾,,,,,,,no_image
44892,Kunbir testaceus,,,,,,,,no_image
44919,Kunugia wuyiensis,武夷杂枯叶蛾,,,,,,,no_image
107354,Kydia calycina,翅果麻,,,,,,,no_image
77384,Kurixalus raoi,饶氏原指树蛙,,,,,,,no_image
44935,Kutara spinifera,刺茎增脉叶蝉,,,,,,,no_image
44976,Labomimus sichuanicus,,,,,,,,no_image
135024,Laboulbenia cristata,,,,,,,,no_image
44961,Labanda semipars,内润皮夜蛾,,,,,,,no_image
135044,Laboulbenia pacifica,,,,,,,,no_image
77397,Labrichthys unilineatus,单线突唇鱼,,,,,,,no_image
146341,Laccaria alba,白蜡蘑,,,,,,,no_image
146361,Laccaria vinaceo-avellanea,,,,,,,,no_image
140543,Lachnea cejpii,,,,,,,,no_image
140563,Lachnea radiculata,,,,,,,,no_image
147547,Lachnella pygmaeum,,,,,,,,no_image
152053,Lachnocladium cladonioides,类芽茸瑚菌,,,,,,,no_image
138649,Lachnum apalum,软粒毛盘菌,,,,,,,no_image
138669,Lachnum curtipilum,,,,,,,,no_image
138689,Lachnum laetius,,,,,,,,no_image
138709,Lachnum nudipes,裸粒毛盘菌,,,,,,,no_image
45016,Laciniodes plurilinearia,网尺蛾,,,,,,,no_image
152147,Lactarius citriolens,柠檬味乳菇,,,,,,,no_image
138729,Lachnum scabrovillosum,悬钩子粒毛盘菌,,,,,,,no_image
152107,Lactarius acris,灰辣乳菇,,,,,,,no_image
152127,Lactarius badiosanguineus,棕红乳菇,,,,,,,no_image
152167,Lactarius foetens,,,,,,,,no_image
152187,Lactarius imperceptus,尖顶辣乳菇,,,,,,,no_image
152206,Lactarius maculatus,点柄乳菇,,,,,,,no_image
152226,Lactarius omeiensis,峨眉乳菇,,,,,,,no_image
152246,Lactarius puberulus,白绒乳菇,,,,,,,no_image
152266,Lactarius scoticus,似白乳菇,,,,,,,no_image
152306,Lactarius zonarius,轮纹乳菇,,,,,,,no_image
152286,Lactarius theiogalus,硫黄乳菇,,,,,,,no_image
107382,Lactuca tatarica,乳苣,,,,,,,no_image
2151,Laevicardium pulcherrimum,美丽滑鸟蛤,,,,,,,no_image
17570,Laeocathaica odophara,路射带蜗牛,,,,,,,no_image
138398,Lagerheima pilosa,,,,,,,,no_image
107412,Lagerstroemia yangchunensis,阳春紫薇,,,,,,,no_image
107447,Lagotis kunawurensis,噶穆兔耳草,,,,,,,no_image
45040,Lagynogaster fujiangensis,福建棒腹食虫虻,,,,,,,no_image
107427,Lagochilus pungens,锐刺兔唇花,,,,,,,no_image
138857,Lambertella fructicola,实生兰伯盘菌,,,,,,,no_image
10779,Lambis scorpius,蝎尾蜘蛛螺,,,,,,,no_image
8923,Lamellobates palustris,,,,,,,,no_image
77441,Lampadena speculigera,暗柄炬灯鱼,,,,,,,no_image
3606,Lamprometra palmata,掌丽羽枝,,,,,,,no_image
140571,Lamprospora constellatio,橘红齿盘菌,,,,,,,no_image
107468,Lantana camara,马缨丹,,,,,,,no_image
15727,Lamyctes gracilipes,丽足石蜈蚣,,,,,,,no_image
45138,Laphria remota,远毛食虫虻,,,,,,,no_image
77461,Lanius collurio,红背伯劳,,,,,,,no_image
45118,Laosaphrodisium amadori,,,,,,,,no_image
107483,Lappula consanguinea,蓝刺鹤虱,,,,,,,no_image
107508,Lappula patula,卵果鹤虱,,,,,,,no_image
77494,Larimichthys crocea,大黄鱼,,,,,,,no_image
11126,Larinioides sclopetarius,硬类肥蛛,,,,,,,no_image
77507,Larus hyperboreus,北极鸥,,,,,,,no_image
137697,Lasallia pennsylvanica,,,,,,,,no_image
107595,Lasianthus verticillatus,斜脉粗叶木,,,,,,,no_image
107564,Lasianthus filipes,长梗粗叶木,,,,,,,no_image
134267,Lasiobotrys lonicerae,,,,,,,,no_image
45165,Lasiochila cylindrica,柱形毛唇潜甲,,,,,,,no_image
45180,Lasiohelea anabaenae,三地蠛蠓,,,,,,,no_image
45200,Lasiohelea habros,哈布蠛蠓,,,,,,,no_image
45220,Lasiohelea multisensora,多感蠛蠓,,,,,,,no_image
45240,Lasiohelea taoyuanensis,桃园蠛蠓,,,,,,,no_image
45259,Lasiomma anthomyinum,凹叶纤目花蝇,,,,,,,no_image
9385,Lasioseius scapulatus,,,,,,,,no_image
45281,Lasionycta lurida,绿黄茸夜蛾,,,,,,,no_image
137772,Lasiostictis fimbriata,,,,,,,,no_image
9376,Lasioseius fenchihuensis,,,,,,,,no_image
6426,Laternula marilina,渤海鸭嘴蛤,,,,,,,no_image
45317,Lathrobium appendiculatum,,,,,,,,no_image
45337,Lathrobium biseriatum,,,,,,,,no_image
45357,Lathrobium crassispinosum,,,,,,,,no_image
45377,Lathrobium erectum,,,,,,,,no_image
45417,Lathrobium incurvatum,,,,,,,,no_image
45437,Lathrobium lentum,,,,,,,,no_image
45397,Lathrobium grandispinosum,,,,,,,,no_image
45457,Lathrobium naxil,,,,,,,,no_image
45477,Lathrobium rostratum,,,,,,,,no_image
45497,Lathrobium songi,,,,,,,,no_image
45517,Lathrobium ventricosum,,,,,,,,no_image
45537,Lathrobium zhangdinghengi,,,,,,,,no_image
45557,Lathyrophthalmus obliquus,斜斑斑目蚜蝇,,,,,,,no_image
17340,Latiaxis pilsbryi,皮氏肩棘螺,,,,,,,no_image
107623,Lathyrus palustris,欧山黧豆,,,,,,,no_image
77538,Laudakia tuberculata,南亚岩蜥,,,,,,,no_image
10830,Latouchia davidi,大卫垃土蛛,,,,,,,no_image
45587,Latreille pyrillae,短足蜡蝉螯蜂,,,,,,,no_image
107650,Laurencia saitoi,齐藤凹顶藻,,,,,,,no_image
18155,Lecane aeganea,爱琴腔轮虫,,,,,,,no_image
152039,Laxitextum bicolor,二色松肉菌,,,,,,,no_image
18140,Lecane papuana,凹顶腔轮虫,,,,,,,no_image
18186,Lecane glypta,网纹腔轮虫,,,,,,,no_image
136517,Lecania koerberiana,柯氏副茶渍,,,,,,,no_image
135686,Lecanora chrysocardia,黄心茶渍,,,,,,,no_image
135666,Lecanora allophana,异形茶渍,,,,,,,no_image
135706,Lecanora hellmichiana,希腊茶渍,,,,,,,no_image
135726,Lecanora novaehollandiae,,,,,,,,no_image
135746,Lecanora saligna,柳茶渍,,,,,,,no_image
107660,Lecanorchis albidus,白盂兰,,,,,,,no_image
149168,Leccinum boreale,污白疣柄牛肝菌,,,,,,,no_image
149188,Leccinum pseudoscabrum,假褐疣柄牛肝菌,,,,,,,no_image
136684,Lecidea albohyalina,白明网衣,,,,,,,no_image
136704,Lecidea grisella,,,,,,,,no_image
136724,Lecidea ochrorufa,赭红网衣,,,,,,,no_image
135767,Lecidella alaiensis,中亚小网衣,,,,,,,no_image
45619,Lecithocera atricastana,褐平祝蛾,,,,,,,no_image
45639,Lecithocera fuscosa,黑翅祝蛾,,,,,,,no_image
45679,Lecithocera sabrata,小褐祝蛾,,,,,,,no_image
45659,Lecithocera metacausta,南方平祝蛾,,,,,,,no_image
16758,Leclercera jiazhongensis,嘉中利克蛛,,,,,,,no_image
107680,Leea compactiflora,密花火筒树,,,,,,,no_image
45693,Leeuwenia karnyiana,卡尼亚毛管蓟马,,,,,,,no_image
45706,Leia longwangshana,龙王山滑菌蚊,,,,,,,no_image
77544,Leiocassis longirostris,长吻&#x0000E067;,,,,,,,no_image
77551,Leiopicus auriceps,褐额啄木鸟,,,,,,,no_image
107703,Leiospora exscapa,无茎光籽芥,,,,,,,no_image
107713,Lejeunea cocoes,瓣叶细鳞苔,,,,,,,no_image
45740,Lemba bituberculata,叉尾舟形蝗,,,,,,,no_image
107733,Lejeunea neelgherriana,尖叶细鳞苔,,,,,,,no_image
45756,Lemula inaequalicollis,,,,,,,,no_image
107753,Lemna minor,浮萍,,,,,,,no_image
45779,Lemyra hyalina,透黑望灯蛾,,,,,,,no_image
45803,Lemyra rubidorsa,背红望灯蛾,,,,,,,no_image
7730,Lensia leloupi,细条浅室水母,,,,,,,no_image
151959,Lentinellus flabelliformis,扇形螺壳菌,,,,,,,no_image
151536,Lentinus haematopus,红柄香菇,,,,,,,no_image
45813,Lentistivalius insoli,异常韧棒蚤,,,,,,,no_image
8911,Leobodes praeconcavus,,,,,,,,no_image
107788,Leontopodium nanum,矮火绒草,,,,,,,no_image
107765,Leontopodium caespitosum,丛生火绒草,,,,,,,no_image
107808,Leonurus pseudopanzerioides,绵毛益母草,,,,,,,no_image
139060,Leotia kunmingensis,昆明锤舌菌,,,,,,,no_image
18660,Lepadella ovalis,卵形鞍甲轮虫,,,,,,,no_image
107818,Lepidagathis hainanensis,海南鳞花草,,,,,,,no_image
107829,Lepidium campestre,绿独行菜,,,,,,,no_image
107851,Lepidium virginicum,北美独行菜,,,,,,,no_image
989,Lepidonotus dentatus,有齿背鳞虫,,,,,,,no_image
77585,Lepidotrigla lepidojugulata,鳞胸红娘鱼,,,,,,,no_image
107867,Lepidozia trichodes,细指叶苔,,,,,,,no_image
145311,Lepiota cinnamomea,,,,,,,,no_image
145291,Lepiota atrodisca,黑顶环柄菇,,,,,,,no_image
145331,Lepiota forquignonii,,,,,,,,no_image
145371,Lepiota mastoidea,凸顶环柄菇,,,,,,,no_image
145351,Lepiota ignivolvata,,,,,,,,no_image
145411,Lepiota subincarnata,近肉红环柄菇,,,,,,,no_image
107873,Lepisanthes cauliflora,茎花赤才,,,,,,,no_image
145391,Lepiota pseudolilacea,假紫鳞环柄菇,,,,,,,no_image
107916,Lepisorus monilisorus,拟芨瓦韦,,,,,,,no_image
107894,Lepisorus elegans,片马瓦韦,,,,,,,no_image
107936,Lepisorus subconfluens,连珠瓦韦,,,,,,,no_image
148485,Lepista densifolia,,,,,,,,no_image
77593,Lepophidium marmoratum,斑纹鳞鼬鳚,,,,,,,no_image
7346,Leptastrea transversa,横小星珊瑚,,,,,,,no_image
45841,Leptidea gigantea,圆翅小粉蝶,,,,,,,no_image
45819,Leptacinus batychrus,,,,,,,,no_image
45865,Leptobelus gazella,羚羊矛角蝉,,,,,,,no_image
77608,Leptobotia tchangi,张氏薄鳅,,,,,,,no_image
45872,Leptocentrus bayulans,负重弧角蝉,,,,,,,no_image
45892,Leptocera truncata,截雅小粪蝇,,,,,,,no_image
107990,Leptochilus tridigitatus,三指线蕨,,,,,,,no_image
45918,Leptoconops kinmenensis,金门细蠓,,,,,,,no_image
45898,Leptoconops ascius,小斧细蠓,,,,,,,no_image
45938,Leptoconops wehaiensis,威海细蠓,,,,,,,no_image
108041,Leptodermis velutiniflora,毛花野丁香,,,,,,,no_image
108011,Leptodermis hirsutiflora,拉萨野丁香,,,,,,,no_image
45946,Leptogaster appendiculata,附突细腹食虫虻,,,,,,,no_image
137120,Leptogium arisanense,阿里山猫耳衣,,,,,,,no_image
137140,Leptogium hirsutum,多毛猫耳衣,,,,,,,no_image
108066,Leptogramma liui,金佛山溪茯蕨,,,,,,,no_image
45966,Leptogomphus celebratus,欢庆纤春蜓,,,,,,,no_image
77626,Leptojulis lambdastigma,项斑蓝胸鱼,,,,,,,no_image
45978,Leptomastidea minyas,,,,,,,,no_image
16619,Leptonetela furcaspina,叉刺小弱蛛,,,,,,,no_image
885,Leptomya nitida,亮小海螂,,,,,,,no_image
16697,Leptonetela lihu,里湖小弱蛛,,,,,,,no_image
16607,Leptonetela notabilis,显著小弱蛛,,,,,,,no_image
16644,Leptonetela shuang,双小弱蛛,,,,,,,no_image
16611,Leptonetela yaoi,姚氏小弱蛛,,,,,,,no_image
139830,Leptopodia ephippium,,,,,,,,no_image
108101,Leptopterigynandrum incurvatum,卷叶叉羽藓,,,,,,,no_image
108113,Leptopus pachyphyllus,厚叶雀舌木,,,,,,,no_image
133697,Leptosphaeria ginimia,,,,,,,,no_image
8136,Leptoseris tenuis,细柔纹珊瑚,,,,,,,no_image
133717,Leptosphaeria tigrisoides,,,,,,,,no_image
46018,Leptostiba tengchongensis,,,,,,,,no_image
46045,Leptura arcifera,弧斑花天牛,,,,,,,no_image
5722,Leptothyra verruca,威鲁鳞窗螺,,,,,,,no_image
46025,Leptotarsus hirsutistylus,毛刺龙大蚊,,,,,,,no_image
46065,Leptura naxi,,,,,,,,no_image
108123,Lepturus repens,细穗草,,,,,,,no_image
46100,Leptusa curvata,,,,,,,,no_image
46120,Leptusa nemoricultrix,,,,,,,,no_image
46140,Leptusa taichungensis,,,,,,,,no_image
77648,Lepus sinensis,华南兔,,,,,,,no_image
108137,Leskea polycarpa,薄罗藓,,,,,,,no_image
108193,Lespedeza wilfordii,南胡枝子,,,,,,,no_image
108162,Lespedeza gerardiana,西藏胡枝子,,,,,,,no_image
46194,Lesteva qinlingmontis,,,,,,,,no_image
77662,Lestrolepis nigroventralis,暗腹光鳞鱼,,,,,,,no_image
46174,Lesteva cooteri,,,,,,,,no_image
46224,Lethe chandica,曲纹黛眼蝶,,,,,,,no_image
46264,Lethe marginalis,边纹黛眼蝶,,,,,,,no_image
77675,Lethrinus olivaceus,尖吻裸颊鲷,,,,,,,no_image
46315,Leucania duplicata,重粘夜蛾,,,,,,,no_image
46292,Lethe trimacula,重瞳黛眼蝶,,,,,,,no_image
46335,Leucania propensa,垂粘夜蛾,,,,,,,no_image
14883,Leucauge subblanda,亚肩斑银鳞蛛,,,,,,,no_image
108196,Leucanthemella linearis,小滨菊,,,,,,,no_image
7886,Leuckartiara neustona,漂浮隔膜水母,,,,,,,no_image
145441,Leucoagaricus pudicus,纯白环菇,,,,,,,no_image
17008,Leucochloridium dasylophi,达氏彩蚴吸虫,,,,,,,no_image
145456,Leucocoprinus cretaceus,,,,,,,,no_image
46368,Leucocraspedum scorpio,,,,,,,,no_image
108235,Leucodon sinensis,中华白齿藓,,,,,,,no_image
46394,Leuconemacris longipennis,长翅白纹蝗,,,,,,,no_image
46376,Leucolopha sinica,华枯叶舟蛾,,,,,,,no_image
77691,Leucophaeus pipixcan,弗氏鸥,,,,,,,no_image
46411,Leucophenga bellula,美丽白果蝇,,,,,,,no_image
46431,Leucophenga hirsutina,密毛白果蝇,,,,,,,no_image
46471,Leucophenga setipalpis,毛须白果蝇,,,,,,,no_image
46451,Leucophenga ornata,斑翅白果蝇,,,,,,,no_image
141552,Leucostoma pseudoniveum,,,,,,,,no_image
148519,Leucopholiota decorosa,,,,,,,,no_image
46509,Leucophora unistriata,单条植蝇,,,,,,,no_image
2602,Leucosia anatum,鸭额玉蟹,,,,,,,no_image
46528,Leuctra tergostyla,背突卷(虫责),,,,,,,no_image
138068,Leveillula taurica,,,,,,,,no_image
108270,Lewinskya sordida,暗色显孔藓,,,,,,,no_image
108285,Leymus golmudensis,格尔木赖草,,,,,,,no_image
108322,Liagora orientalis,东方粉枝藻,,,,,,,no_image
9016,Liacarus borealis,北丽甲螨,,,,,,,no_image
46540,Liancalus benedictus,棕色联长足虻,,,,,,,no_image
108353,Libanotis lanzhouensis,兰州岩风,,,,,,,no_image
46576,Libnotes sappho,萨福亮大蚊,,,,,,,no_image
46556,Libido nue,努黎舟蛾,,,,,,,no_image
136021,Lichen cereolus,,,,,,,,no_image
136041,Lichen speireus,,,,,,,,no_image
9199,Licneremaeus novaeguineae,新几内亚扇沙甲螨,,,,,,,no_image
4191,Lienardia nigrocincta,齿轴狭口螺,,,,,,,no_image
108367,Ligularia altaica,阿勒泰橐吾,,,,,,,no_image
108387,Ligularia dentata,齿叶橐吾,,,,,,,no_image
108435,Ligularia lushuiensis,泸水橐吾,,,,,,,no_image
108409,Ligularia japonica,大头橐吾,,,,,,,no_image
108479,Ligularia stenocephala,窄头橐吾,,,,,,,no_image
108457,Ligularia phyllocolea,叶状鞘橐吾,,,,,,,no_image
108363,Ligularia ×,牦牛山橐吾,,,,,,,no_image
108523,Ligusticopsis rechingeriana,拟藁本,,,,,,,no_image
108543,Ligustrum chenii,陈氏女贞,,,,,,,no_image
108574,Ligustrum retusum,凹叶女贞,,,,,,,no_image
46615,Ligyra similis,亮尾丽蜂虻,,,,,,,no_image
108608,Lilium cernuum,垂花百合,,,,,,,no_image
108637,Lilium leichtlinii,,,,,,,,no_image
108670,Lilium puerense,普洱百合,,,,,,,no_image
46642,Limenitis populi,红线蛱蝶,,,,,,,no_image
145565,Limacella glioderma,,,,,,,,no_image
108691,Lilium wardii,卓巴百合,,,,,,,no_image
5865,Limaria hongkongensis,香港雪锉蛤,,,,,,,no_image
77721,Limnonectes longchuanensis,陇川大头蛙,,,,,,,no_image
46659,Limnophora argentata,银池蝇,,,,,,,no_image
46699,Limnophora nigrilineata,黑纹池蝇,,,,,,,no_image
46679,Limnophora fallax,隐斑池蝇,,,,,,,no_image
46741,Limnophyes minimus,微小沼摇蚊,,,,,,,no_image
46720,Limnophora setinerva,鬃脉池蝇,,,,,,,no_image
46756,Limonia flavoterminalis,端黄沼大蚊,,,,,,,no_image
108712,Limonium callianthum,美花补血草,,,,,,,no_image
46783,Linan divaricatus,,,,,,,,no_image
108734,Limonium wrightii,海芙蓉,,,,,,,no_image
46812,Linda rubescens,,,,,,,,no_image
108744,Linaria kulabensis,帕米尔柳穿鱼,,,,,,,no_image
108767,Lindera akoensis,台湾香叶树,,,,,,,no_image
108789,Lindera menghaiensis,勐海山胡椒,,,,,,,no_image
108822,Lindernia anagallis,长蒴母草,,,,,,,no_image
108842,Lindernia pusilla,细茎母草,,,,,,,no_image
12371,Lineacoelotes strenuus,强壮线隙蛛,,,,,,,no_image
46849,Linnaemya paralongipalpis,黄粉短须寄蝇,,,,,,,no_image
108852,Lindsaea chienii,钱氏鳞始蕨,,,,,,,no_image
143092,Linkosia obclavata,,,,,,,,no_image
108874,Linum stelleroides,野亚麻,,,,,,,no_image
141288,Linocarpon elaeidis,,,,,,,,no_image
6813,Liochthonius simplex,简滑缝甲螨,,,,,,,no_image
77753,Liobagrus marginatoides,拟缘&#x0000E056;,,,,,,,no_image
46901,Liogluta gaoligongensis,,,,,,,,no_image
46881,Liodrosophila fuscata,暗红曙果蝇,,,,,,,no_image
132,Liomera margaritata,珍珠花瓣蟹,,,,,,,no_image
46921,Liogluta sabdensis,,,,,,,,no_image
77778,Liopropoma pallidum,苍白长鲈,,,,,,,no_image
46960,Liosarcophaga javana,爪哇醬麻蝇,,,,,,,no_image
47000,Liothrips heptapleurinus,鹅掌滑管蓟马,,,,,,,no_image
46980,Liosarcophaga yunannensis,云南醬麻蝇,,,,,,,no_image
108880,Liparis amabilis,白花羊耳蒜,,,,,,,no_image
108899,Liparis dunnii,福建羊耳蒜,,,,,,,no_image
108936,Liparis regnieri,翼蕊羊耳蒜,,,,,,,no_image
77781,Liparis maculatus,斑纹狮子鱼,,,,,,,no_image
47015,Lipiniella moderata,马德林摇蚊,,,,,,,no_image
47024,Lipsothrix heitfeldi,哈特脂大蚊,,,,,,,no_image
108973,Liriodendron tulipifera,北美鹅掌楸,,,,,,,no_image
108976,Liriope kansuensis,甘肃山麦冬,,,,,,,no_image
47050,Lispe assimilis,肖溜蝇,,,,,,,no_image
47072,Lispe leucospila,白点溜蝇,,,,,,,no_image
47112,Lispocephala flaviscutella,黄盾溜头秽蝇,,,,,,,no_image
47132,Lispocephala pecteniseta,羽芒溜头秽蝇,,,,,,,no_image
47092,Lispe tetrastigma,四点溜蝇,,,,,,,no_image
47148,Lissocephala bicoloroides,拟头滑果蝇,,,,,,,no_image
108985,Litchi chinensis,荔枝,,,,,,,no_image
47171,Lithoaphis lithocarpi,柯扁蚜,,,,,,,no_image
15698,Lithobius hualongensis,化隆石蜈蚣,,,,,,,no_image
15696,Lithobius pectinatus,栉梳石蜈蚣,,,,,,,no_image
15674,Lithobius zhangi,张氏石蜈蚣,,,,,,,no_image
109004,Lithocarpus chrysocomus,金毛柯,,,,,,,no_image
109035,Lithocarpus elizabethae,厚斗柯,,,,,,,no_image
109055,Lithocarpus harlandii,港柯,,,,,,,no_image
109077,Lithocarpus lycoperdon,香菌柯,,,,,,,no_image
109099,Lithocarpus pasania,石柯,,,,,,,no_image
109120,Lithocarpus thomsonii,潞西柯,,,,,,,no_image
3471,Lithodes longispina,长刺石蟹,,,,,,,no_image
47181,Lithophane plumbealis,灰石冬夜蛾,,,,,,,no_image
134662,Lithothelium grossum,,,,,,,,no_image
109142,Litostigma coriaceifolium,凹柱苣苔,,,,,,,no_image
109162,Litsea coelestis,蓝叶木姜子,,,,,,,no_image
109219,Litsea populifolia,杨叶木姜子,,,,,,,no_image
109192,Litsea kobuskiana,安顺木姜子,,,,,,,no_image
109249,Litsea verticillata,轮叶木姜子,,,,,,,no_image
77791,Liuixalus feii,费氏刘树蛙,,,,,,,no_image
47212,Lixophaga dyscerae,象虫利索寄蝇,,,,,,,no_image
47230,Ljungh insulanus,海岛双距螯蜂,,,,,,,no_image
137165,Lobaria adscripturiens,齿果肺衣,,,,,,,no_image
137185,Lobaria pseudopulmonaria,拟肺衣,,,,,,,no_image
109276,Lobelia doniana,微齿山梗菜,,,,,,,no_image
19262,Lobella nana,,,,,,,,no_image
47256,Lobesia pyriformis,梨花翅小卷蛾,,,,,,,no_image
47273,Lobophorodes odontodes,锯拟叶尺蛾,,,,,,,no_image
7180,Lobophytum gazellae,加氏叶软珊瑚,,,,,,,no_image
7146,Lobophytum venustum,风雅叶软珊瑚,,,,,,,no_image
47288,Lobrathium configens,,,,,,,,no_image
47308,Lobrathium hebeatum,,,,,,,,no_image
47344,Locusta migratoria,,,,,,,,no_image
109299,Loeseneriella lenticellata,皮孔翅子藤,,,,,,,no_image
47328,Lobrathium schuelkei,,,,,,,,no_image
109335,Lomatogonium macranthum,大花肋柱花,,,,,,,no_image
47367,Lomechusoides schneideri,,,,,,,,no_image
16893,Lomanius bulbosus,球罗氏盲蛛,,,,,,,no_image
47382,Lonchodes gracicercatus,,,,,,,,no_image
47402,Lonchoptera nitidifrons,亮额尖翅蝇,,,,,,,no_image
47414,Longiconnecta marginalspota,斑缘长索叶蝉,,,,,,,no_image
17227,Longitrema orospinosa,口刺长盘吸虫,,,,,,,no_image
109365,Lonicera fargesii,黏毛忍冬,,,,,,,no_image
109398,Lonicera macrantha,大花忍冬,,,,,,,no_image
109422,Lonicera spinosa,棘枝忍冬,,,,,,,no_image
5575,Lopadorhynchus tuberculus,瘤盘首蚕,,,,,,,no_image
47443,Lopharthrum comprimens,戴夜蛾,,,,,,,no_image
4339,Lophiotoma hastula,矛形飞螺,,,,,,,no_image
47445,Lophocosma atriplaga,冠舟蛾,,,,,,,no_image
139253,Lophodermium brachysporum,,,,,,,,no_image
139273,Lophodermium illiciicola,八角生散斑壳,,,,,,,no_image
139293,Lophodermium nervisequum,脉生散斑壳,,,,,,,no_image
139313,Lophodermium sapotae,人心果散斑壳,,,,,,,no_image
109454,Lopholejeunea subfusca,褐冠鳞苔,,,,,,,no_image
47483,Lophoptera smaragdipanii,绿纹脊蕊夜蛾,,,,,,,no_image
47463,Lophophelma erionoma,川冠尺蛾,,,,,,,no_image
47503,Lophosia imbuta,湿地罗佛寄蝇,,,,,,,no_image
77858,Lophotus capellei,凹鳍冠带鱼,,,,,,,no_image
47522,Lopinga nemorum,小链眼蝶,,,,,,,no_image
47534,Lordiphosa dentiformis,齿突拱背果蝇,,,,,,,no_image
47554,Lordiphosa protrusa,突弓拱背果蝇,,,,,,,no_image
8739,Loricella scissurata,尾裂石鳖,,,,,,,no_image
109484,Lotus frondosus,新疆百脉根,,,,,,,no_image
47585,Loxerebia delavayi,横波舜眼蝶,,,,,,,no_image
47598,Loxocera formosana,台湾长角茎蝇,,,,,,,no_image
109500,Loxogramme cuspidata,西藏剑蕨,,,,,,,no_image
16248,Loxosceles lacta,乳状平甲蛛,,,,,,,no_image
4994,Lucifer faxoni,费氏莹虾,,,,,,,no_image
47638,Lucilia porphyrina,紫绿蝇,,,,,,,no_image
77896,Luciogobius saikaiensis,西海竿鰕虎,,,,,,,no_image
47652,Luehdorfia puziloi,虎凤蝶,,,,,,,no_image
109547,Luisia morsei,钗子股,,,,,,,no_image
109558,Lupinus albus,白羽扇豆,,,,,,,no_image
77910,Lutjanus bengalensis,孟加拉国湾笛鲷,,,,,,,no_image
47664,Luzonimyia setocauda,鬃尾芦果蝇,,,,,,,no_image
77930,Lutjanus rivulatus,蓝点笛鲷,,,,,,,no_image
109593,Luzula wahlenbergii,云间地杨梅,,,,,,,no_image
109599,Lycianthes lysimachioides,单花红丝线,,,,,,,no_image
77938,Lycodon aulicus,白环链蛇,,,,,,,no_image
77958,Lycodon septentrionalis,北链蛇（白链蛇）,,,,,,,no_image
146920,Lycoperdon echinatum,长刺马勃,,,,,,,no_image
146980,Lycoperdon variolosum,,,,,,,,no_image
146960,Lycoperdon penicillatum,钩刺马勃,,,,,,,no_image
146940,Lycoperdon hongkongense,香港马勃,,,,,,,no_image
47695,Lycoriella abrevicaudata,异宽尾眼蕈蚊,,,,,,,no_image
109656,Lycoris chunxiaoensis,春晓石蒜,,,,,,,no_image
47715,Lycoriella longirostris,长喙厉眼蕈蚊,,,,,,,no_image
16563,Lycosa yizhangensis,宜章狼蛛,,,,,,,no_image
16493,Lycosa erjianensis,二监狼蛛,,,,,,,no_image
47747,Lygephila recta,直影夜蛾,,,,,,,no_image
47766,Lygocoris maculiscutellatus,斑盾丽盲蝽,,,,,,,no_image
47776,Lygus dracunculi,中亚草盲蝽,,,,,,,no_image
47795,Lymantria concolor,络毒蛾,,,,,,,no_image
47815,Lymantria similis,纭毒蛾,,,,,,,no_image
151040,Lyomyces boninensis,,,,,,,,no_image
147013,Lyophyllum immundum,污秽离褶伞、污浊离褶伞,,,,,,,no_image
47833,Lypesthes bisquamosus,纹鞘筒胸肖叶甲,,,,,,,no_image
47850,Lyriothemis pachygastra,闪绿宽腹蜻,,,,,,,no_image
109705,Lysimachia biflora,双花香草,,,,,,,no_image
109748,Lysimachia evalvis,不裂果香草,,,,,,,no_image
109726,Lysimachia clethroides,矮桃,,,,,,,no_image
109771,Lysimachia heterogenea,黑腺珍珠菜,,,,,,,no_image
109816,Lysimachia parvifolia,小叶珍珠菜,,,,,,,no_image
109792,Lysimachia lobelioides,长蕊珍珠菜,,,,,,,no_image
109838,Lysimachia racemiflora,总花珍珠菜,,,,,,,no_image
109862,Lysimachia stigmatosa,大叶珍珠菜,,,,,,,no_image
109884,Lysionotus atropurpureus,深紫吊石苣苔,,,,,,,no_image
109911,Lysionotus pauciflorus,吊石苣苔,,,,,,,no_image
14790,Lysiteles bhutanus,不丹微蟹蛛,,,,,,,no_image
14785,Lysiteles leptosiphus,细管微蟹蛛,,,,,,,no_image
5162,Lysmata kuekenthali,古根双鞭虾,,,,,,,no_image
8034,Lytocarpia myriophyllum,,,,,,,,no_image
47868,Maaserphus fuscipes,褐足马氏细蜂,,,,,,,no_image
77978,Macaca munzala,藏南猕猴,,,,,,,no_image
13168,Macaroeris moebi,莫氏马卡蛛,,,,,,,no_image
109962,Machilus chrysotricha,黄毛润楠,,,,,,,no_image
109982,Machilus ichangensis,宜昌润楠,,,,,,,no_image
47896,Machaerotypus rubromarginatus,小红脊角蝉,,,,,,,no_image
110008,Machilus monticola,尖峰润楠,,,,,,,no_image
110029,Machilus rufipes,红梗润楠,,,,,,,no_image
110051,Machilus zuihoensis,香润楠,,,,,,,no_image
110061,Maclura orientalis,东部柘藤,,,,,,,no_image
47916,Macotasa nubecula,云玛苔蛾,,,,,,,no_image
5139,Macrobrachium lingyunense,凌云沼虾,,,,,,,no_image
47939,Macrobrochis tibetensis,西藏网苔蛾,,,,,,,no_image
5121,Macrobrachium dienbienphuense,毛螯沼虾,,,,,,,no_image
47959,Macrocentrus confusstriatus,乱脊长体茧蜂,,,,,,,no_image
47979,Macrocentrus longistigmus,长痣长体茧蜂,,,,,,,no_image
48000,Macrocentrus theaphilus,茶虫长体茧蜂,,,,,,,no_image
48017,Macrocera inconspicua,非显长角菌蚊,,,,,,,no_image
17679,Macrochlamys cathaiana,中华大斗蓬螺,,,,,,,no_image
48041,Macroconops helleri,环巨眼蝇,,,,,,,no_image
48053,Macroglossum fringilla,九节木长喙天蛾,,,,,,,no_image
145467,Macrolepiota detersa,脱皮大环柄菇,,,,,,,no_image
249,Macromedaeus demani,狄氏大权蟹,,,,,,,no_image
48091,Macromia malleifera,福建大伪蜻,,,,,,,no_image
110073,Macromitrium fasciculare,多枝蓑藓,,,,,,,no_image
110094,Macromitrium taiwanense,台湾蓑藓,,,,,,,no_image
48116,Macropelopia nebulosa,杂色大粗腹摇蚊,,,,,,,no_image
131828,Macrophoma fusispora,,,,,,,,no_image
4040,Macrophthalmus frequens,常见大眼蟹,,,,,,,no_image
78001,Macropygia ruficeps,小鹃鸠,,,,,,,no_image
48129,Macroplectra gigantea,巨织刺蛾,,,,,,,no_image
110112,Macrosolen robinsonii,短序鞘花,,,,,,,no_image
48154,Macrostylophora hainanensis,海南大锥蚤,,,,,,,no_image
110116,Macrothamnium macrocarpum,南木藓,,,,,,,no_image
48175,Macrotermes denticulatus,细齿大白蚁,,,,,,,no_image
13496,Macrothele undata,波形大疣蛛,,,,,,,no_image
48205,Macrothylacia rubi,灰袋枯叶蛾,,,,,,,no_image
78012,Maculopaa arunachalensis,藏南棘蛙,,,,,,,no_image
3105,Mactra chinensis,中国蛤蜊,,,,,,,no_image
2139,Maera bidentata,双齿细身钩虾,,,,,,,no_image
110140,Maesa flabellifera,扇形杜茎山,,,,,,,no_image
110161,Maesa salicifolia,柳叶杜茎山,,,,,,,no_image
151579,Magoderna infundibuliforme,,,,,,,,no_image
48246,Mahavana gaoligong,,,,,,,,no_image
110181,Mahonia duclouxiana,长柱十大功劳,,,,,,,no_image
110203,Mahonia polyodonta,峨眉十大功劳,,,,,,,no_image
110226,Maianthemum lichiangense,丽江鹿药,,,,,,,no_image
3448,Maja spinigera,刺蜘蛛蟹,,,,,,,no_image
48264,Malacosoma castrensis,双带幕枯叶蛾,,,,,,,no_image
78029,Malakichthys elegans,美软鱼,,,,,,,no_image
110238,Malaxis henanensis,河南原沼兰,,,,,,,no_image
48296,Maliattha tegulata,嵌瑙夜蛾,,,,,,,no_image
2533,Malletia conspicua,前纹马雷蛤,,,,,,,no_image
13538,Mallinella langping,浪平马利蛛,,,,,,,no_image
48319,Mallota formosana,台湾毛管蚜蝇,,,,,,,no_image
110255,Mallotus dunnii,南平野桐,,,,,,,no_image
110284,Mallotus tenuifolius,野桐,,,,,,,no_image
110305,Malus honanensis,河南海棠,,,,,,,no_image
110338,Malva arborea,花葵,,,,,,,no_image
1933,Mancicaris sinensis,中华缺鞭米虾,,,,,,,no_image
110363,Manglietia chevalieri,睦南木莲,,,,,,,no_image
110384,Manglietia lucida,亮叶木莲,,,,,,,no_image
10864,Mangora polypicula,多突芒果蛛,,,,,,,no_image
110405,Mannia fragrans,无隔疣冠苔,,,,,,,no_image
48357,Mansoniella rosacea,瑰环曼盲蝽,,,,,,,no_image
48376,Mantitheus acuminatus,,,,,,,,no_image
147603,Marasmiellus albus,,,,,,,,no_image
147643,Marasmiellus ramealis,,,,,,,,no_image
147623,Marasmiellus foetidus,,,,,,,,no_image
147142,Marasmius albogriseus,灰白小皮伞,,,,,,,no_image
147162,Marasmius berteroi,大伯特路小皮伞,,,,,,,no_image
147182,Marasmius crinisequi,马鬃小皮伞,,,,,,,no_image
147202,Marasmius foliicola,栖叶小皮伞,,,,,,,no_image
147222,Marasmius insititius,,,,,,,,no_image
147262,Marasmius prasiosmus,,,,,,,,no_image
147282,Marasmius scorodonius,蒜头状小皮伞,,,,,,,no_image
147242,Marasmius nothomyrciae,假爱神小皮伞,,,,,,,no_image
147302,Marasmius trinitatis,,,,,,,,no_image
149834,Marchandiomyces corallinus,珊瑚地钱菌,,,,,,,no_image
78044,Mareca americana,绿眉鸭,,,,,,,no_image
48403,Margarinotus koltzei,科氏歧阎甲,,,,,,,no_image
48421,Margites auratonotatus,,,,,,,,no_image
12987,Maripanthus menghaiensis,勐海玛盘蛛,,,,,,,no_image
110463,Marsdenia pseudotinctoria,假蓝叶藤,,,,,,,no_image
13271,Marpissa linzhiensis,林芝蝇狮蛛,,,,,,,no_image
137915,Marssonia potentillae,,,,,,,,no_image
110487,Marsypopetalum littorale,海滨弯瓣木,,,,,,,no_image
48444,Marumba sperchius,栗六点天蛾,,,,,,,no_image
133760,Massarina immersa,,,,,,,,no_image
9238,Masthermannia mammillaris,奶乳汉甲螨,,,,,,,no_image
110504,Mastixia trichophylla,毛叶单室茱萸,,,,,,,no_image
48463,Matrona corephaea,褐单脉色蟌,,,,,,,no_image
110515,Matteuccia struthiopteris,荚果蕨,,,,,,,no_image
78069,Mauremys sinensis,花龟,,,,,,,no_image
48492,Maurya verticicarinalis,脊顶耳角蝉,,,,,,,no_image
48512,Maxates illiturata,青尖尾尺蛾,,,,,,,no_image
110534,Mazus henryi,长柄通泉草,,,,,,,no_image
110524,Mayodendron igneum,火烧花,,,,,,,no_image
48546,Mecodina subcostalis,大斑薄夜蛾,,,,,,,no_image
110559,Mazus stachydifolius,弹刀子菜,,,,,,,no_image
110599,Meconopsis hispida,硬毛绿绒蒿,,,,,,,no_image
110577,Meconopsis bella,美花绿绒蒿,,,,,,,no_image
110624,Meconopsis pseudovenusta,拟秀丽绿绒蒿,,,,,,,no_image
110654,Meconopsis wumungensis,乌蒙绿绒蒿,,,,,,,no_image
48571,Medauroidea chenshuchuni,陈树椿莫䗛,,,,,,,no_image
48591,Medetera plumbella,羽刺聚脉长足虻,,,,,,,no_image
48611,Medhiama shanica,,,,,,,,no_image
110675,Medicago praecox,早花苜蓿,,,,,,,no_image
78074,Mediodactylus russowii,灰中趾虎,,,,,,,no_image
6436,Megabalanus xishaensis,西沙巨藤壶,,,,,,,no_image
110694,Meeboldia microloba,小裂滇芹,,,,,,,no_image
78075,Megaceryle lugubris,冠鱼狗,,,,,,,no_image
48666,Megachile bicolor,双色切叶蜂,,,,,,,no_image
48692,Megachile ferruginae,锈切叶蜂,,,,,,,no_image
48716,Megachile lanata,柔毛切叶蜂,,,,,,,no_image
48737,Megachile placida,柔切叶蜂,,,,,,,no_image
48759,Megachile sphenapis,楔角切叶蜂,,,,,,,no_image
110720,Megacodon stylophorus,大钟花,,,,,,,no_image
4888,Megalasma striatum,纹大茗荷,,,,,,,no_image
48801,Megalinus diaphanus,,,,,,,,no_image
48836,Megalocentrus quinquecarinalis,五脊巨弧角蝉,,,,,,,no_image
48821,Megalinus parajaponicus,,,,,,,,no_image
48854,Megalopinus tangi,,,,,,,,no_image
78093,Megaptera novaeangliae,大翅鲸,,,,,,,no_image
48859,Megalurothrips formosae,台湾大蓟马,,,,,,,no_image
48895,Megarthrus septempunctatus,,,,,,,,no_image
48935,Megaselia luteoides,土黄异蚤蝇,,,,,,,no_image
48915,Megaselia congrua,类鬃异蚤蝇,,,,,,,no_image
48955,Megaselia setifurcana,叉刺异蚤蝇,,,,,,,no_image
151582,Megasporoporia minuta,小大孢孔菌,,,,,,,no_image
48988,Megophyra fuscitibia,褐胫巨黑蝇,,,,,,,no_image
49017,Meiyingia paradoxa,,,,,,,,no_image
49005,Meigenia nigra,黑美根寄蝇,,,,,,,no_image
153249,Melampsora guttata,,,,,,,,no_image
153229,Melampsora abietis-capraearum,,,,,,,,no_image
153289,Melampsora tsinlingensis,,,,,,,,no_image
49027,Melanagromyza albisquama,白瓣黑潜蝇,,,,,,,no_image
153269,Melampsora multa,,,,,,,,no_image
49047,Melanagromyza squamifera,鳞黑潜蝇,,,,,,,no_image
136066,Melanelixia albertana,唇粉芽伊氏叶,,,,,,,no_image
141500,Melanconium bicolor,,,,,,,,no_image
49073,Melanitis leda,（稻）暮眼蝶,,,,,,,no_image
136080,Melanohalea lobulata,小裂片黑尔衣,,,,,,,no_image
148531,Melanoleuca humilis,,,,,,,,no_image
149475,Melanogaster fusisporus,梭孢黑腹菌,,,,,,,no_image
142149,Melanopsamma hypoxyloides,,,,,,,,no_image
16882,Melanopa wangi,王氏黑盲蛛,,,,,,,no_image
110756,Melanoseris kangdingensis,康定毛鳞菊,,,,,,,no_image
142169,Melanopsamma yerbae,,,,,,,,no_image
49084,Melanostolus kolomiezi,科氏弥长足虻,,,,,,,no_image
49098,Melanthia dentistrigata,凸纹黑岛尺蛾,,,,,,,no_image
139337,Melasmia ulmicola,榆生叶痣菌,,,,,,,no_image
110782,Melastoma sanguineum,毛棯,,,,,,,no_image
110795,Melica pappiana,北臭草,,,,,,,no_image
722,Melicertus longistylus,红斑对虾,,,,,,,no_image
143910,Meliola africana,,,,,,,,no_image
110823,Melilotus indicus,印度草木犀,,,,,,,no_image
143930,Meliola bakeri,,,,,,,,no_image
143950,Meliola butyrospermi,,,,,,,,no_image
143970,Meliola clitoriae,,,,,,,,no_image
144010,Meliola gemellipoda,,,,,,,,no_image
143990,Meliola edanoana,,,,,,,,no_image
144030,Meliola ixorae,,,,,,,,no_image
144050,Meliola lithocarpina,,,,,,,,no_image
144070,Meliola memecylicola,,,,,,,,no_image
144090,Meliola palmicola,,,,,,,,no_image
144110,Meliola ramulicola,,,,,,,,no_image
144130,Meliola stixis,,,,,,,,no_image
110830,Meliosma bifida,双裂泡花树,,,,,,,no_image
144150,Meliola theacearum,,,,,,,,no_image
110863,Meliosma squamulata,樟叶泡花树,,,,,,,no_image
2098,Melita denticulata,小齿马尔他钩虾,,,,,,,no_image
49166,Melitta thoracica,黄胸准蜂,,,,,,,no_image
49149,Melitaea pallas,颤网蛱蝶,,,,,,,no_image
7413,Melophyes melo,黑体水母,,,,,,,no_image
110882,Melocalamus puberulus,毛梨藤竹,,,,,,,no_image
110902,Memecylon nigrescens,黑叶谷木,,,,,,,no_image
8241,Menella indica,印度小月柳珊瑚,,,,,,,no_image
110921,Mentha spicata,留兰香,,,,,,,no_image
49195,Menglacris maculata,斑腿勐腊蝗,,,,,,,no_image
110925,Mercurialis leiocarpa,山靛,,,,,,,no_image
78139,Meriones unguiculatus,长爪沙鼠,,,,,,,no_image
151011,Meripilus giganteus,巨肉孔菌,,,,,,,no_image
49244,Merodontina rectidensa,直齿腿食虫虻,,,,,,,no_image
16787,Merizocera nyingchi,林芝梅斑蛛,,,,,,,no_image
3103,Meropesta capillacea,毛立蛤,,,,,,,no_image
110964,Merrilliopanax listeri,常春木,,,,,,,no_image
110933,Merremia collina,丘陵鱼黄草,,,,,,,no_image
151049,Merulius stratosus,,,,,,,,no_image
49280,Mesembrina aurocaudata,金尾墨蝇,,,,,,,no_image
49304,Mesembrius niveiceps,白墨管蚜蝇,,,,,,,no_image
78157,Mesocottus haitej,中杜父鱼,,,,,,,no_image
49336,Mesonemoura sbordonii,施氏中叉(虫责),,,,,,,no_image
49353,Mesophalera sigmata,间掌舟蛾,,,,,,,no_image
49389,Mesopsylla hebes,迟钝中蚤,,,,,,,no_image
49405,Mesorhaga setosa,多鬃孤脉长足虻,,,,,,,no_image
49370,Mesopolobus mesoeminulus,隆胸迈金小蜂,,,,,,,no_image
49426,Mesosa longipennis,,,,,,,,no_image
110983,Mesosphaerum suaveolens,山香,,,,,,,no_image
14994,Meta mixta,杂后蛛,,,,,,,no_image
49460,Metacolus sinicus,华肿脉金小蜂,,,,,,,no_image
16808,Metagagrella hirta,乱毛后盾盲蛛,,,,,,,no_image
49486,Metallolophia arenaria,豆纹尺蛾,,,,,,,no_image
3713,Metalia spatagus,心形海壶,,,,,,,no_image
3166,Metanephrops thomsoni,红斑后海螯虾,,,,,,,no_image
17792,Metaphire aduncata,钩管腔蚓,,,,,,,no_image
775,Metapenaeopsis palmensis,波罗门赤虾,,,,,,,no_image
17785,Metaphire magna,,,,,,,,no_image
17846,Metaphire fangi,方氏腔蚓,,,,,,,no_image
17966,Metaphire thecodorsata,脊囊腔蚓,,,,,,,no_image
678,Metaplax tredecim,十三疣长方蟹,,,,,,,no_image
49505,Metaphycus eriococci,,,,,,,,no_image
111029,Metathelypteris uraiensis,乌来凸轴蕨,,,,,,,no_image
111017,Metashangrilaia forrestii,拟中甸荠,,,,,,,no_image
111035,Meteoriopsis squarrosa,粗蔓藓,,,,,,,no_image
49551,Meteorus rubens,伏虎悬茧蜂,,,,,,,no_image
49579,Metopia auripulvera,金粉突额蜂麻蝇,,,,,,,no_image
17605,Metodontia huaiensis,汉山间齿螺,,,,,,,no_image
49602,Metriaeschra apatela,幻心舟蛾,,,,,,,no_image
111048,Metzgeria duricosta,细肋叉苔,,,,,,,no_image
49623,Metriocnemus wangi,王氏中足摇蚊,,,,,,,no_image
2839,Metopograpsus frontalis,宽额大额蟹,,,,,,,no_image
49634,Miaenia changi,,,,,,,,no_image
49649,Micadina involuta,光泽小异䗛,,,,,,,no_image
135487,Micarea stipitata,柄亚网衣,,,,,,,no_image
49659,Miccolamia albosetosa,,,,,,,,no_image
111073,Michelia coriacea,西畴含笑,,,,,,,no_image
111093,Michelia masticata,屏边含笑,,,,,,,no_image
111124,Micranthes nelsoniana,斑点亭阁草,,,,,,,no_image
49671,Michotamia aurata,海南簇芒食虫虻,,,,,,,no_image
152962,Microbotryum cordae,科尔达微球黑粉菌,,,,,,,no_image
49696,Microchironomus tabarui,塔氏小摇蚊,,,,,,,no_image
78177,Microcarbo pygmaeus,侏鸬鹚,,,,,,,no_image
49707,Microctonus aethiopoids,埃塞食甲茧蜂,,,,,,,no_image
49725,Microdebilissa makiharai,,,,,,,,no_image
49733,Microdon bellus,丽巢穴蚜蝇,,,,,,,no_image
49753,Microdrosophila bipartita,双裂微果蝇,,,,,,,no_image
134886,Microglossum partitium,裂小舌菌,,,,,,,no_image
49773,Microdrosophila pectinata,栉节微果蝇,,,,,,,no_image
78190,Microhyla hmongorum,越北姬蛙,,,,,,,no_image
111195,Microlepia tenera,薄叶鳞盖蕨,,,,,,,no_image
111170,Microlepia hookeriana,虎克鳞盖蕨,,,,,,,no_image
49803,Micromelalopha dorsimacula,内斑小舟蛾,,,,,,,no_image
49817,Micromus angulatus,角纹脉褐蛉,,,,,,,no_image
49837,Micromus variegatus,花斑脉褐蛉,,,,,,,no_image
49848,Micropeplus clypeatus,,,,,,,,no_image
49870,Micropeplus unicornis,,,,,,,,no_image
427,Microphthalmus biantennatus,双须微目虫,,,,,,,no_image
78222,Microphysogobio yunnanensis,云南小鳔&#x0000E068;,,,,,,,no_image
9170,Microppia minus,小微奥甲螨,,,,,,,no_image
49895,Microscydmus akauensis,,,,,,,,no_image
111232,Microstegium multiciliatum,多纤毛莠竹,,,,,,,no_image
138080,Microsphaera yamadai,,,,,,,,no_image
49902,Microstylum flaviventre,黄腹微芒食虫虻,,,,,,,no_image
49916,Microtendipes truncatus,平截倒毛摇蚊,,,,,,,no_image
49936,Microterys eulecanii,大球蚧花翅跳小蜂,,,,,,,no_image
49956,Microterys rufofulvus,红黄花翅跳小蜂,,,,,,,no_image
111244,Microtoena delavayi,云南冠唇花,,,,,,,no_image
9070,Microtritia tropica,热带微三甲螨,,,,,,,no_image
111286,Microtropis pallens,淡色假卫矛,,,,,,,no_image
49972,Microtypus desertorum,沙地小模茧蜂,,,,,,,no_image
111319,Microula oblongifolia,长圆微孔草,,,,,,,no_image
134297,Microxyphium obtusulum,,,,,,,,no_image
111353,Mielichhoferia mielichhoferi,缺齿藓,,,,,,,no_image
50031,Mileewa yigongana,易贡窗翅叶蝉,,,,,,,no_image
49991,Mileewa cockiheada,鸡头窗翅叶蝉，新种,,,,,,,no_image
50011,Mileewa longistripa,长条窗翅叶蝉,,,,,,,no_image
154465,Milesina coniogrammes,风丫蕨迈尔锈菌,,,,,,,no_image
111357,Miliusa balansae,野独活,,,,,,,no_image
50077,Miltochrista eccentropis,中黄美苔蛾,,,,,,,no_image
7054,Millepora xishaensis,西沙多孔螅,,,,,,,no_image
50097,Miltochrista miniata,美苔蛾,,,,,,,no_image
50118,Miltochrista specialis,殊美苔蛾,,,,,,,no_image
50139,Miltogramma tsajdamica,柴达木蜂麻蝇,,,,,,,no_image
50154,Mimathyma ambica,环带迷蛱蝶,,,,,,,no_image
111373,Mimosa diplotricha,巴西含羞草,,,,,,,no_image
11408,Mimetus caudatus,尾突拟态蛛,,,,,,,no_image
50188,Mimognoma szetschuanense,,,,,,,,no_image
50231,Mimoxypoda taiwanensis,,,,,,,,no_image
50250,Minettia longaciculifomis,长针黑缟蝇,,,,,,,no_image
8356,Minicopenaeon intermedium,中小对虾鳃虱,,,,,,,no_image
143118,Minimelanolocus chimonanthi,腊梅小黑孢,,,,,,,no_image
78261,Minous quincarinatus,五脊虎鲉,,,,,,,no_image
50308,Miobdelus insignitus,,,,,,,,no_image
50344,Mireditha flavomaculata,黄斑平肩肖叶甲,,,,,,,no_image
17515,Mipus mamimarumai,宝塔肋肩棘螺,,,,,,,no_image
50362,Mirococcus sera,瑞小粉蚧,,,,,,,no_image
50382,Mironasutitermes shangchengensis,商城奇象白蚁,,,,,,,no_image
111385,Miscanthus paniculatus,红山茅,,,,,,,no_image
50414,Mitomorphus indicus,,,,,,,,no_image
50403,Mispila punctifrons,,,,,,,,no_image
2709,Mitra ferruginea,锈笔螺,,,,,,,no_image
2696,Mitra scutulata,圆点笔螺,,,,,,,no_image
111407,Mitreola crystallina,水晶度量草,,,,,,,no_image
50416,Mitroplatia nivemaculata,白斑碧莫蝇,,,,,,,no_image
132717,Miuraea degenerans,,,,,,,,no_image
50418,Mizococcus sacchari,圆粉蚧,,,,,,,no_image
5345,Modiolus comptus,带偏顶蛤,,,,,,,no_image
111442,Mnium laevinerve,平肋提灯藓,,,,,,,no_image
50438,Moechotypa formosana,,,,,,,,no_image
7907,Moerisia pallasi,帕尔摩勒水母,,,,,,,no_image
50453,Mokrzeckia abietis,冷杉绒茧金小蜂,,,,,,,no_image
138787,Mollisia excelsior,,,,,,,,no_image
50486,Molophilus tseni,缇尼磨大蚊,,,,,,,no_image
50466,Molophilus costalis,肋磨大蚊,,,,,,,no_image
50506,Molorchus frivolus,,,,,,,,no_image
6714,Molpadia roretzi,紫纹芋参,,,,,,,no_image
50526,Molorchus prolixus,,,,,,,,no_image
139536,Monacrosporium fusiformis,,,,,,,,no_image
134573,Monascus albidulus,白色红曲霉,,,,,,,no_image
11625,Moneta spinigera,刺短跗蛛,,,,,,,no_image
50581,Mongoliana qiana,黔蒙瓢蜡蝉,,,,,,,no_image
138971,Monilinia ariae,花楸链核盘菌,,,,,,,no_image
50599,Mongolotettix vittatus,条纹鸣蝗,,,,,,,no_image
50606,Monoceromyia chusanensis,舟山柄角蚜蝇,,,,,,,no_image
141023,Monochaetia elaeocarpi,,,,,,,,no_image
50635,Monochamus galloprovincialis,,,,,,,,no_image
50658,Monochamus urussovii,,,,,,,,no_image
143132,Monodictys chlamydosporoidea,,,,,,,,no_image
111473,Monolophus coenobialis,黄花大苞姜,,,,,,,no_image
143152,Monodictys trichocladiopsis,,,,,,,,no_image
143158,Monoporisporites cupuliformis,,,,,,,,no_image
50681,Monorbiseta quadrispinula,四刺单小粪蝇,,,,,,,no_image
111489,Monotropa uniflora,水晶兰,,,,,,,no_image
6946,Montipora nodosa,柱节蔷薇珊瑚,,,,,,,no_image
8724,Mopalia schrencki,史氏鬃毛石鳖,,,,,,,no_image
78297,Monticola saxatilis,白背矶鸫,,,,,,,no_image
139881,Morchella deqinensis,德清羊肚菌,,,,,,,no_image
139901,Morchella tibetica,西藏羊肚菌,,,,,,,no_image
6875,Morchellana spinulosa,细刺编笠软珊瑚,,,,,,,no_image
50713,Morellia sordidisquama,污瓣莫蝇,,,,,,,no_image
111505,Morina polyphylla,多叶刺参,,,,,,,no_image
111534,Morinda pubiofficinalis,细毛巴戟,,,,,,,no_image
155851,Mortierella globulifera,球孢被孢霉,,,,,,,no_image
50730,Mormo phaeochroa,暗莫夜蛾,,,,,,,no_image
155871,Mortierella verrucosa,,,,,,,,no_image
17496,Morula taiwana,台湾结螺,,,,,,,no_image
111577,Mosla scabra,石荠苧,,,,,,,no_image
78319,Moschus berezovskii,林麝,,,,,,,no_image
50745,Mucha tzokotucha,塔慕夏鼓翅蝇,,,,,,,no_image
155958,Mucor geophilus,适土毛霉,,,,,,,no_image
155998,Mucor serpula,,,,,,,,no_image
155978,Mucor oblongisporus,距圆毛霉,,,,,,,no_image
111587,Mucuna cyclocarpa,闽油麻藤,,,,,,,no_image
50747,Muellerianella extrusa,拟小褐飞虱,,,,,,,no_image
111617,Muhlenbergia japonica,日本乱子草,,,,,,,no_image
143172,Multicellaesporites conicus,,,,,,,,no_image
143192,Multicellaesporites megareniformis,,,,,,,,no_image
149773,Multiclavula mucida,腐木藻瑚菌,,,,,,,no_image
532,Munida armata,武装刺铠虾,,,,,,,no_image
542,Munida punctata,针孔刺铠虾,,,,,,,no_image
603,Munidopsis sinclairi,先氏拟刺铠虾,,,,,,,no_image
534,Munidopsis cylindrophthalmus,柱臂拟刺铠虾,,,,,,,no_image
78370,Muraenichthys longirostris,长吻虫鳗,,,,,,,no_image
111643,Murdannia vaginata,细柄水竹叶,,,,,,,no_image
78392,Murina ussuriensis,乌苏里管鼻蝠,,,,,,,no_image
78372,Murina aurata,金管鼻蝠,,,,,,,no_image
78397,Mus cookii,丛林小鼠,,,,,,,no_image
111686,Musa sanguinea,血红蕉,,,,,,,no_image
50771,Musca formosana,台湾家蝇,,,,,,,no_image
78404,Muscicapa griseisticta,灰纹鹟,,,,,,,no_image
5337,Musculus senhousia,凸壳肌蛤,,,,,,,no_image
111719,Mussaenda lancipetala,狭瓣玉叶金花,,,,,,,no_image
78416,Mustela kathiah,黄腹鼬,,,,,,,no_image
50817,Mycalesis mamerta,大理石眉眼蝶,,,,,,,no_image
150792,Mutinus fleischeri,弗勒歇蛇头菌,,,,,,,no_image
147365,Mycena amicta,,,,,,,,no_image
147385,Mycena collybiiformis,金钱菌小菇,,,,,,,no_image
147425,Mycena lineata,细条小菇,,,,,,,no_image
147405,Mycena fuliginella,烟煤色小菇,,,,,,,no_image
147445,Mycena overholtsii,欧氏小菇,,,,,,,no_image
147465,Mycena renati,,,,,,,,no_image
50836,Mycerinopsis subunicolor,,,,,,,,no_image
147485,Mycena tenerrima,,,,,,,,no_image
147663,Mycetinis alliaceus,,,,,,,,no_image
50854,Mycetophila furvusa,深色菌蚊,,,,,,,no_image
143209,Mycocentrospora acerina,,,,,,,,no_image
50907,Mycodrosophila shikokuana,四国菇果蝇,,,,,,,no_image
50874,Mycetophila scutata,盾形菌蚊,,,,,,,no_image
50915,Mycomya confusa,康福真菌蚊,,,,,,,no_image
50955,Mycophila echinoidea,大刺菌瘿蚊,,,,,,,no_image
50935,Mycomya occultans,隐真菌蚊,,,,,,,no_image
132730,Mycosphaerella fraxinicola,,,,,,,,no_image
132750,Mycovellosiella costeroana,,,,,,,,no_image
78429,Myctophum brachygnathum,短颌灯笼鱼,,,,,,,no_image
50984,Mydaea latielecta,宽叶圆蝇,,,,,,,no_image
51005,Myiomma zhengi,郑氏侎树盲蝽,,,,,,,no_image
136100,Myelochroa metarevoluta,反卷黄髓叶,,,,,,,no_image
51017,Myllaena insularis,,,,,,,,no_image
51037,Myllaena sinoflagellifera,,,,,,,,no_image
51052,Myopa fasciata,裸脸虻眼蝇,,,,,,,no_image
51069,Myorhina situliformis,戽斗锉麻蝇,,,,,,,no_image
51080,Myospila binoides,拟双色妙蝇,,,,,,,no_image
51120,Myospila piliungulis,毛爪妙蝇,,,,,,,no_image
51100,Myospila frigoroida,类寒妙蝇,,,,,,,no_image
51140,Myospila xuthosa,黄褐妙蝇,,,,,,,no_image
78473,Myotis longicandatus,朗卡鼠耳幅,,,,,,,no_image
111772,Myriactis wallichii,狐狸草,,,,,,,no_image
111785,Myrioneuron effusum,大叶密脉木,,,,,,,no_image
149877,Myriostoma coliforme,鸟状多口地星,,,,,,,no_image
12933,Myrmaplata plataleoides,类普宽蚁蛛,,,,,,,no_image
51152,Myrmecocephalus latesulcatus,,,,,,,,no_image
51174,Myrmecophyes korschinskii,科尔垂头盲蝽,,,,,,,no_image
13021,Myrmarachne pumilio,侏蚁蛛,,,,,,,no_image
111816,Myrsine elliptica,广西铁仔,,,,,,,no_image
51194,Myrmeleon trivialis,狭翅蚁蛉,,,,,,,no_image
51210,Mythimna turca,秘夜蛾,,,,,,,no_image
15399,Mysmena changouzi,梴钩子密蛛,,,,,,,no_image
51216,Myxexoristops stolida,被撵寄蝇,,,,,,,no_image
111838,Nageia nagi,竹柏,,,,,,,no_image
148231,Naematoloma dispersum,单生沿丝伞,,,,,,,no_image
51241,Nabis pseudoferus,拟原姬蝽,,,,,,,no_image
51221,Nabepselaphus yinae,,,,,,,,no_image
51299,Nanatka huangae,黄氏透大叶蝉，新种,,,,,,,no_image
51270,Naddia hainanensis,,,,,,,,no_image
51284,Nakula multicolor,彩纳叶蝉,,,,,,,no_image
14954,Nanningia zhangi,张氏南宁蛛,,,,,,,no_image
51315,Nanocladius balticus,栎矮突摇蚊,,,,,,,no_image
111874,Nanophyton iliense,伊犁小蓬,,,,,,,no_image
51332,Nanostrangalia binodula,,,,,,,,no_image
51349,Napomyza plumea,微毛菁潜蝇,,,,,,,no_image
111880,Narcissus tazetta,欧洲水仙,,,,,,,no_image
51363,Narosa pseudopropolia,黄眉刺蛾,,,,,,,no_image
78547,Naso mcdadei,方吻鼻鱼,,,,,,,no_image
8657,Nassarius arcularius,曲面织纹螺,,,,,,,no_image
8636,Nassarius fratercula,黑线织纹螺,,,,,,,no_image
8654,Nassarius nanhaiensis,南海织纹螺,,,,,,,no_image
8681,Nassarius teretiusculus,圆柱织纹螺,,,,,,,no_image
51408,Nasutitermes tsaii,蔡氏象白蚁,,,,,,,no_image
51388,Nasutitermes grandinasus,大鼻象白蚁,,,,,,,no_image
5630,Natica maxiutongi,马氏玉螺,,,,,,,no_image
51415,Naupoda contracta,短舟足广口蝇,,,,,,,no_image
78558,Natrix tessellata,棋斑水游蛇,,,,,,,no_image
51450,Nazeris chenyanae,,,,,,,,no_image
51430,Nazeris angulatus,,,,,,,,no_image
51470,Nazeris discissus,,,,,,,,no_image
51490,Nazeris gutianensis,,,,,,,,no_image
51510,Nazeris lijinweni,,,,,,,,no_image
51530,Nazeris nivimontis,,,,,,,,no_image
51592,Nazeris zekani,,,,,,,,no_image
51550,Nazeris rubidus,,,,,,,,no_image
78560,Nealotus tripes,三棘若蛇鲭,,,,,,,no_image
51572,Nazeris trifolius,,,,,,,,no_image
19280,Neanura curvituba,,,,,,,,no_image
111911,Neckera decurrens,延叶平藓,,,,,,,no_image
4000,Nectoneanthes oxypoda,全刺沙蚕,,,,,,,no_image
51623,Necroscia flavescens,黄色角臀䗛,,,,,,,no_image
141696,Nectriopsis hainanensis,,,,,,,,no_image
111940,Neillia gracilis,矮生绣线梅,,,,,,,no_image
19317,Neelus murinus,,,,,,,,no_image
51648,Necydalis pennata,,,,,,,,no_image
111961,Nekemias grossedentata,大齿牛果藤,,,,,,,no_image
144734,Nemania maritima,,,,,,,,no_image
147812,Nematoctonus leptosporus,,,,,,,,no_image
1712,Nematopagurus meiringae,长指线寄居蟹,,,,,,,no_image
51676,Nemestrinus lichtwardti,黎氏网翅虻,,,,,,,no_image
51685,Nemopoda mamaevi,翅斑丝状鼓翅蝇,,,,,,,no_image
51703,Nemorilla floralis,花截尾寄蝇,,,,,,,no_image
51718,Nemotelus personatus,面具线角水虻,,,,,,,no_image
51738,Nemoura jilinensis,吉林叉(虫责),,,,,,,no_image
51758,Nemoura taihangshana,太行山叉(虫责),,,,,,,no_image
51769,Neoasterodiaspis nitidum,浙新链蚧,,,,,,,no_image
51787,Neoblavia scoteola,鳞苔蛾,,,,,,,no_image
78596,Neobythites sinensis,中华新鼬鳚,,,,,,,no_image
1882,Neocaridina heteropoda,异足新米虾指名亚种,,,,,,,no_image
51798,Neocerambyx paris,,,,,,,,no_image
51817,Neochauliodes meridionalis,南方斑鱼蛉,,,,,,,no_image
51836,Neochrysocharis okazakii,新金姬小蜂,,,,,,,no_image
51842,Neodaruma tamanukii,条波纹蛾,,,,,,,no_image
78606,Neodon clarkei,克氏松田鼠,,,,,,,no_image
51853,Neodrymonia anna,安新林舟蛾,,,,,,,no_image
51873,Neodrymonia taipoensis,港新林舟蛾,,,,,,,no_image
51895,Neoempheria magna,大新菌蚊,,,,,,,no_image
10463,Neoepitrimerus platycladi,,,,,,,,no_image
131844,Neofusicoccum vitifusiforme,,,,,,,,no_image
51950,Neohydatothrips xestosternitus,滑甲新绢蓟马,,,,,,,no_image
51925,Neohipparchus vervactoraria,叉新青尺蛾,,,,,,,no_image
51967,Neoitamus strigipes,条纹弯顶毛食虫虻,,,,,,,no_image
149898,Neolentinus lepideus,洁丽新韧伞,,,,,,,no_image
78629,Neolissochilus heterostomus,异口新光唇鱼,,,,,,,no_image
112026,Neolitsea hsiangkweiensis,湘桂新木姜子,,,,,,,no_image
112048,Neolitsea shingningensis,新宁新木姜子,,,,,,,no_image
51990,Neolygus angustiverticis,狭顶新丽盲蝽,,,,,,,no_image
52010,Neolygus monticola,山地新丽盲蝽,,,,,,,no_image
78630,Neomerinthe amplisquamiceps,宽鳞头新棘鲉,,,,,,,no_image
52037,Neomochtherus trisignatus,三斑平胛食虫虻,,,,,,,no_image
52057,Neomyia yunnanensis,云南翠蝇,,,,,,,no_image
142123,Neonectria discophora,,,,,,,,no_image
52093,Neoperla baisha,白沙新(虫责),,,,,,,no_image
1763,Neopanthalis lepidus,特新斑鳞虫,,,,,,,no_image
52113,Neoperla fanjingshana,梵净山新(虫责),,,,,,,no_image
52133,Neoperla latamaculata,大斑新(虫责),,,,,,,no_image
52173,Neoperla xuansongae,宋氏新(虫责),,,,,,,no_image
52153,Neoperla qingyuanensis,庆元新(虫责),,,,,,,no_image
52185,Neophryganistria fruhstorferi,,,,,,,,no_image
52207,Neoplocaederus scapularis,,,,,,,,no_image
52254,Neopsylla teratura,曲棘新蚤,,,,,,,no_image
52220,Neopsylla democratica,指短新蚤,,,,,,,no_image
52268,Neorina patria,凤眼蝶,,,,,,,no_image
52277,Neosclerus armatus,,,,,,,,no_image
10963,Neoscona achine,阿奇新园蛛,,,,,,,no_image
11052,Neoscona scylloides,类青新园蛛,,,,,,,no_image
10217,Neoshevtchenkella liquidambaris,,,,,,,,no_image
52313,Neospiniphasma similis,,,,,,,,no_image
52323,Neotermes binovatus,双凹新白蚁,,,,,,,no_image
6005,Neothyonidium minutus,细小新赛参,,,,,,,no_image
78659,Neotetracus sinensis,中国鼩猬,,,,,,,no_image
112088,Neottia bambusetorum,高山对叶兰,,,,,,,no_image
112130,Neottia smithiana,叉唇无喙兰,,,,,,,no_image
112108,Neottia linzhiensis,林芝对叶兰,,,,,,,no_image
11693,Neottiura herbigrada,草阶新土蛛,,,,,,,no_image
16038,Nepalella grandis,,,,,,,,no_image
52366,Neoxenicotela mausoni,,,,,,,,no_image
15795,Nepalmatoiulus eulobos,,,,,,,,no_image
52390,Nepalomyia daliensis,大理跗距长足虻,,,,,,,no_image
52410,Nepalomyia longiseta,长鬃跗距长足虻,,,,,,,no_image
52430,Nepalomyia yangi,杨氏跗距长足虻,,,,,,,no_image
52450,Nepalota franzi,,,,,,,,no_image
52470,Nepalseta mirabilis,奇异尼泊尔芒蝇,,,,,,,no_image
112157,Nepeta leucolaena,白绵毛荆芥,,,,,,,no_image
112180,Nepeta virgata,帚枝荆芥,,,,,,,no_image
112193,Nephrolepis brownii,毛叶肾蕨,,,,,,,no_image
136111,Nephromopsis morrisonicola,台湾肾岛衣,,,,,,,no_image
52486,Nephrotoma bifusca,截形短柄大蚊,,,,,,,no_image
52509,Nephrotoma hainanica,海南短柄大蚊,,,,,,,no_image
52552,Nephrotoma repanda,后弯短柄大蚊,,,,,,,no_image
52530,Nephrotoma meridionalis,南方短柄大蚊,,,,,,,no_image
52581,Neptis ananta,阿环蛱蝶,,,,,,,no_image
6884,Nephthea aurantiaca,橘色柔荑软珊瑚,,,,,,,no_image
52632,Neptis meloria,玫环蛱蝶,,,,,,,no_image
52691,Neptis sylvana,林环蛱蝶,,,,,,,no_image
3983,Nereis heteromopha,异相沙蚕,,,,,,,no_image
14093,Neriene litigiosa,白条盖蛛,,,,,,,no_image
52712,Nerice upina,大齿白边舟蛾,,,,,,,no_image
112199,Nertera granadensis,红果薄柱草,,,,,,,no_image
14497,Nesticella songi,宋氏小类球蛛,,,,,,,no_image
14503,Nesticella gongshanensis,贡山小类球蛛,,,,,,,no_image
78661,Nesiarchus nasutus,无耙蛇鲭,,,,,,,no_image
78664,Nettapus coromandelianus,棉凫,,,,,,,no_image
52747,Neurigona centralis,中纹脉长足虻,,,,,,,no_image
52807,Neuronema zhamanum,樟木华脉线蛉,,,,,,,no_image
52787,Neuronema hani,韩氏华脉线蛉,,,,,,,no_image
52767,Neurigona xiangshana,香山脉长足虻,,,,,,,no_image
52817,Nevromus intimus,印脉齿蛉,,,,,,,no_image
78677,Nibea chui,元鼎黄姑鱼,,,,,,,no_image
145495,Nidula niveotomentosa,红蛋鸟巢,,,,,,,no_image
78682,Nidirana chongqingensis,重庆琴蛙,,,,,,,no_image
52840,Nihonogomphus cultratus,刀日春蜓,,,,,,,no_image
52876,Nilobezzia kerteszi,克氏尼蠓,,,,,,,no_image
52856,Nikara castanea,独夜蛾,,,,,,,no_image
52834,Nigritomyia fulvicollis,黄颈黑水虻,,,,,,,no_image
78706,Niltava sundara,棕腹仙鹟,,,,,,,no_image
52923,Niphona yanoi,,,,,,,,no_image
78717,Niphon spinosus,东洋鲈,,,,,,,no_image
8907,Nippobodes peniculatus,,,,,,,,no_image
52949,Nipponobythus caviceps,,,,,,,,no_image
14185,Nippononeta coreana,韩国日蛛,,,,,,,no_image
141315,Nitschkia floridana,,,,,,,,no_image
52968,Nitidotachinus bini,,,,,,,,no_image
78737,Niviventer lotipes,海南社鼠,,,,,,,no_image
52998,Nodina punctostriolata,单脊球肖叶甲,,,,,,,no_image
112251,Noccaea thlaspidioides,山菥蓂,,,,,,,no_image
53015,Noemia incompta,,,,,,,,no_image
8461,Norileca indica,印度诺里水虱,,,,,,,no_image
53059,Nordstroemia agna,褐线钩蛾,,,,,,,no_image
53023,Nomuraius excavatus,,,,,,,,no_image
53043,Nondenticentrus melanicus,黑无齿角蝉,,,,,,,no_image
53101,Nosopsyllus fidus,裂病蚤,,,,,,,no_image
53139,Nothoserphus asulcatus,无沟前沟细蜂,,,,,,,no_image
18606,Notholca intermedia,中型叶轮虫,,,,,,,no_image
53126,Notanisus clavatus,肿柄赫肿腿金小蜂,,,,,,,no_image
18241,Notommata collaris,颈项椎轮虫,,,,,,,no_image
53183,Notocrypta feisthamelii,宽纹袖弄蝶,,,,,,,no_image
8825,Nothrus biciliatus,双毛懒甲螨,,,,,,,no_image
12086,Notiocoelotes pseudolingulatus,伪舌南隙蛛,,,,,,,no_image
8705,Notoplax doederleini,杓背板石鳖,,,,,,,no_image
53218,Notosacantha trituberculata,多脊瘤龟甲,,,,,,,no_image
53223,Notothecta pseudocoriaria,,,,,,,,no_image
2900,Novorostrum securiger,斧手异额瓷蟹,,,,,,,no_image
4960,Nucula bengalensis,孟加拉胡桃蛤,,,,,,,no_image
6578,Nudechinus multicolor,多色裸海胆,,,,,,,no_image
53285,Nupserha variabilis,,,,,,,,no_image
53248,Numenes grisa,珠灰斜带毒蛾,,,,,,,no_image
53262,Nupserha fuscodorsalis,,,,,,,,no_image
13953,Nusatidia pandalira,潘达努蒂蛛,,,,,,,no_image
53306,Nyctemera cenis,空蝶灯蛾,,,,,,,no_image
53327,Nycteridopsylla sataguti,前突夜蝠蚤,,,,,,,no_image
112311,Nymphaea nouchali,延药睡莲,,,,,,,no_image
112328,Nymphoides coreana,小荇菜,,,,,,,no_image
143242,Obeliospora minima,,,,,,,,no_image
112337,Nyssa shangszeensis,上思蓝果树,,,,,,,no_image
53376,Oberea distinctipennis,,,,,,,,no_image
53416,Oberea ruficeps,,,,,,,,no_image
53396,Oberea infranigrescens,,,,,,,,no_image
53436,Oberea yaoshana,,,,,,,,no_image
112352,Oberonia delicata,无齿鸢尾兰,,,,,,,no_image
112373,Oberonia obcordata,橘红鸢尾兰,,,,,,,no_image
53455,Obrium formosanum,,,,,,,,no_image
16918,Ocadiatrema taiwanensis,台湾花龟吸虫,,,,,,,no_image
10711,Oceania armata,囊海洋水母,,,,,,,no_image
137402,Ochrolechia antillarum,珊瑚肉疣衣,,,,,,,no_image
53484,Ochlodes klapperichii,针纹赭弄蝶,,,,,,,no_image
137422,Ochrolechia subrosella,亚莲座肉疣衣,,,,,,,no_image
78816,Ochotona ladacensis,拉达克鼠兔,,,,,,,no_image
53526,Ochropleura spissilinea,实狼夜蛾,,,,,,,no_image
53506,Ochropleura herculea,赫狼夜蛾,,,,,,,no_image
53540,Ochthephilum waageni,,,,,,,,no_image
53560,Ochthephilus tichomirovae,,,,,,,,no_image
112401,Ocimum tenuiflorum,圣罗勒,,,,,,,no_image
149207,Octaviania tasmanica,塔斯马尼亚奥腹菌,,,,,,,no_image
15273,Octonoba aurita,耳涡蛛,,,,,,,no_image
140615,Octospora lutescens,,,,,,,,no_image
7017,Octophialucium funerarium,宽八拟杯水母,,,,,,,no_image
53605,Ocypus aereus,,,,,,,,no_image
53590,Ocychinus caeruleatus,,,,,,,,no_image
53625,Ocypus graeseri,,,,,,,,no_image
53646,Ocypus nitens,,,,,,,,no_image
53668,Ocypus thericles,,,,,,,,no_image
53689,Odonestis vita,曲线苹枯叶蛾,,,,,,,no_image
152669,Odontia rimosissima,,,,,,,,no_image
53744,Odontosabula czerskii,切氏盾刺臭虻,,,,,,,no_image
53706,Odontoedon lopatini,娄氏齿猿叶甲,,,,,,,no_image
112419,Odontochilus poilanei,齿爪齿唇兰,,,,,,,no_image
112436,Odontostemma delavayi,大理齿缀草,,,,,,,no_image
53726,Odontomyia hirayamae,微毛短角水虻,,,,,,,no_image
112460,Odontostemma mairei,药山齿缀草,,,,,,,no_image
112484,Odontostemma saginoides,漆姑无心菜,,,,,,,no_image
1085,Odontosyllis rubens,红色齿裂虫,,,,,,,no_image
53770,Odontotermes sellathorax,鞍胸土白蚁,,,,,,,no_image
8429,Odysseylana sirenkoi,希氏奥德萨水虱,,,,,,,no_image
78848,Odorrana cangyuanensis,沧源臭蛙,,,,,,,no_image
78868,Odorrana kweichowensis,贵州臭蛙,,,,,,,no_image
53819,Oedichirus flammeus,,,,,,,,no_image
53800,Oedaleus manjius,红胫小车蝗,,,,,,,no_image
53830,Oedohirasea wangpengi,王鹏膨胸棘䗛,,,,,,,no_image
53833,Oeneis nanna,娜娜酒眼蝶,,,,,,,no_image
14483,Ogulnius barbandrewsi,巴氏奥古蛛,,,,,,,no_image
53838,Oestranthrax zimini,紫谜青岩蜂虻,,,,,,,no_image
138810,Oidiodendron periconioides,,,,,,,,no_image
78901,Okamejei meerdervoortii,麦氏瓮鳐,,,,,,,no_image
112551,Oldenlandiopsis callitrichoides,微耳草,,,,,,,no_image
53863,Olecryptotendipes lenzi,论氏乌列摇蚊,,,,,,,no_image
53887,Olethreutes castaneana,栗新小卷蛾,,,,,,,no_image
112577,Olgaea tangutica,刺疙瘩,,,,,,,no_image
53911,Oligia vulnerata,曲线禾夜蛾,,,,,,,no_image
53915,Oligoenoplus modicus,,,,,,,,no_image
9549,Oligonychus changi,,,,,,,,no_image
9637,Oligonychus pratensis,,,,,,,,no_image
53933,Oligosita cycloptera,圆翅寡索赤眼蜂,,,,,,,no_image
53959,Olorus dentipes,锄齿似亮肖叶甲,,,,,,,no_image
112585,Oligostachyum hupehense,凤竹,,,,,,,no_image
112606,Oligotrichum suzukii,台湾小赤藓,,,,,,,no_image
53974,Ommatius biserriata,二列羽芒食虫虻,,,,,,,no_image
53964,Omalium oxyacanthae,,,,,,,,no_image
6405,Ommatocarcinus pulcher,美丽长眼柄蟹,,,,,,,no_image
54001,Omocestus viridulus,绿牧草蝗,,,,,,,no_image
148561,Omphalia gracillima,小白脐菇,,,,,,,no_image
148581,Omphalina kuehneri,,,,,,,,no_image
112616,Omphalogramma souliei,长柱独花报春,,,,,,,no_image
1540,Oncinopus araneus,蜘蛛隆蛛蟹,,,,,,,no_image
143247,Oncopodiella obovata,,,,,,,,no_image
54032,Onesia chuanxiensis,川西蚓蝇,,,,,,,no_image
54052,Onesia songpanensis,松潘蚓蝇,,,,,,,no_image
150341,Onnia triquetra,,,,,,,,no_image
112640,Onosma adenopus,腺花滇紫草,,,,,,,no_image
54092,Onukia onukii,大贯锥头叶蝉,,,,,,,no_image
112663,Onosma mertensioides,川西滇紫草,,,,,,,no_image
54072,Ontholestes inauratus,,,,,,,,no_image
112691,Onychium tibeticum,西藏金粉蕨,,,,,,,no_image
78955,Onychostoma daduensis,大渡白甲鱼,,,,,,,no_image
54107,Oobius agrili,,,,,,,,no_image
54124,Ooencyrtus masii,,,,,,,,no_image
54140,Opacifrons coxata,髋欧小粪蝇,,,,,,,no_image
131588,Opegrapha melanospila,黑孔文衣,,,,,,,no_image
5808,Ophidiaster multispines,多棘蛇海星,,,,,,,no_image
4717,Ophiacantha dallasii,戴氏棘蛇尾,,,,,,,no_image
78971,Ophichthus aphotistos,暗鳍蛇鳗,,,,,,,no_image
143764,Ophioceras tenuisporum,,,,,,,,no_image
142194,Ophiocordyceps jiangxiensis,江西线虫草,,,,,,,no_image
420,Ophiodromus berrisfordi,无背毛蛇潜虫,,,,,,,no_image
454,Ophiogymna pulchella,美点裸蛇尾,,,,,,,no_image
5732,Ophiomusium simplex,简氏瓷蛇尾,,,,,,,no_image
54180,Ophiomyia vockerothi,沃克蛇潜蝇,,,,,,,no_image
112716,Ophiopogon fooningensis,富宁沿阶草,,,,,,,no_image
6739,Ophiophrixus acanthinus,多刺棘辐蛇尾,,,,,,,no_image
112736,Ophiopogon peliosanthoides,长药沿阶草,,,,,,,no_image
112756,Ophiopogon xylorrhizus,木根沿阶草,,,,,,,no_image
112774,Ophiorrhiza crassifolia,厚叶蛇根草,,,,,,,no_image
112794,Ophiorrhiza japonica,日本蛇根草,,,,,,,no_image
112814,Ophiorrhiza napoensis,那坡蛇根草,,,,,,,no_image
112834,Ophiorrhiza rufopunctata,红腺蛇根草,,,,,,,no_image
457,Ophiothrix ciliaris,星刺蛇尾,,,,,,,no_image
5738,Ophiozonella bispinosa,双棘带蛇尾,,,,,,,no_image
54191,Ophiusa triphaenoides,橘安钮夜蛾,,,,,,,no_image
78996,Opisthopterus tardoore,后鳍鱼,,,,,,,no_image
54216,Ophyra hirtitibia,毛胫黑蝇,,,,,,,no_image
79007,Opisthotropis laui,刘氏后棱蛇,,,,,,,no_image
112858,Oplismenus patens,疏穗竹叶草,,,,,,,no_image
15358,Opopaea flabellata,扇状巨膝蛛,,,,,,,no_image
139546,Orbilia berberidis,,,,,,,,no_image
903,Oratosquilla fabricii,法氏口虾蛄,,,,,,,no_image
79026,Opsariichthys pachycephalus,粗首马口鱼,,,,,,,no_image
112879,Orchidantha crassinervia,粗脉兰花蕉,,,,,,,no_image
8353,Orbione thielemanni,齐蔓圆对虾鳃虱,,,,,,,no_image
139566,Orbilia juruensis,耶地圆盘菌,,,,,,,no_image
2807,Oregonia gracilis,枯瘦突眼蟹,,,,,,,no_image
112911,Oreocharis caotierui,南山马铃苣苔,,,,,,,no_image
112955,Oreocharis hainanensis,海南马铃苣苔,,,,,,,no_image
112981,Oreocharis nanchuanica,南川金盏苣苔,,,,,,,no_image
112935,Oreocharis dimorphosepala,异萼直瓣苣苔,,,,,,,no_image
113029,Oreocharis stenosiphon,皱叶后蕊苣苔,,,,,,,no_image
113075,Oreocome limprichtii,苍山雪藁本,,,,,,,no_image
113051,Oreocharis wumengensis,乌蒙马铃苣苔,,,,,,,no_image
113089,Oreogrammitis reinwardtii,毛滨禾蕨,,,,,,,no_image
113005,Oreocharis primuliflora,羽裂金盏苣苔,,,,,,,no_image
54274,Oreomela mirabilis,奇特高山叶甲,,,,,,,no_image
54294,Oreomela violacea,紫蓝高山叶甲,,,,,,,no_image
79055,Oreolalax yanyuanensis,盐源齿蟾,,,,,,,no_image
113115,Oreoseris latiligulata,阔舌火石花,,,,,,,no_image
113094,Oreorchis angustata,西南山兰,,,,,,,no_image
54308,Oreta cera,黄翅山钧蛾,,,,,,,no_image
54332,Orfelia maculata,眼斑沃菌蚊,,,,,,,no_image
54352,Orgyia curva,弯古毒蛾,,,,,,,no_image
79066,Orientallactaga sibirica,五趾跳鼠,,,,,,,no_image
54384,Orientoya orientalis,东洋飞虱,,,,,,,no_image
54377,Orientomiris pronotalis,斑胸东盲蝽,,,,,,,no_image
54408,Orius horvathi,荷氏小花蝽,,,,,,,no_image
54424,Ormosia biannulata,双环索大蚊,,,,,,,no_image
16196,Orinisobates gracilis,,,,,,,,no_image
113146,Ormosia hosiei,红豆树,,,,,,,no_image
54440,Ormosia profesta,原索大蚊,,,,,,,no_image
113181,Ornithoboea wildeana,滇桂喜鹊苣苔,,,,,,,no_image
113188,Orobanche cernua,弯管列当,,,,,,,no_image
113209,Orophea hainanensis,澄广花,,,,,,,no_image
136125,Oropogon byssaceus,,,,,,,,no_image
136145,Oropogon pseudoloxensis,,,,,,,,no_image
54478,Orotava licenti,背中鬃旧东实蝇,,,,,,,no_image
54496,Orphnebius multimpressus,,,,,,,,no_image
14872,Orsinome vethi,韦氏波斑蛛,,,,,,,no_image
54528,Orthetrum cancellatum,粗灰蜻,,,,,,,no_image
54558,Orthocladius manitobensis,三角直突摇蚊,,,,,,,no_image
15504,Orthobula tibenensis,西藏盾球蛛,,,,,,,no_image
54577,Orthogonia sera,胖夜蛾,,,,,,,no_image
54586,Orthonevra elegans,丽闪光蚜蝇,,,,,,,no_image
54603,Orthops vitticeps,纹头奥盲蝽,,,,,,,no_image
113238,Orthosiphon thymiflorus,石生鸡脚参,,,,,,,no_image
113255,Orthotrichum hookeri,,,,,,,,no_image
54621,Orthotylus choii,崔氏合垫盲蝽,,,,,,,no_image
54658,Oruza rectangulata,宽缘巧夜蛾,,,,,,,no_image
54644,Orthotylus schoberiae,盐生合垫盲蝽,,,,,,,no_image
79091,Oryzias sinensis,中华青鳉,,,,,,,no_image
113312,Osmanthus fordii,石山桂花,,,,,,,no_image
54667,Osmia coerulescens,蓝壁蜂,,,,,,,no_image
54700,Osmylus biangulus,双角溪蛉,,,,,,,no_image
54687,Osmia pilicornis,毛角壁蜂,,,,,,,no_image
54719,Osorius frontalis,,,,,,,,no_image
14154,Ostearius muticus,钝突黑皿蛛,,,,,,,no_image
113356,Ostericum sieboldii,山芹,,,,,,,no_image
79110,Ostorhinchus fasciatus,宽条鹦天竺鲷,,,,,,,no_image
139987,Ostracoderma spadiceum,,,,,,,,no_image
11827,Otacilia acerosa,针状奥塔蛛,,,,,,,no_image
11859,Otacilia fabiformis,豆状奥塔蛛,,,,,,,no_image
11836,Otacilia longituba,长管奥塔蛛,,,,,,,no_image
11911,Otacilia qiqiensis,其期奥塔蛛,,,,,,,no_image
54765,Othius excisus,,,,,,,,no_image
11841,Otacilia xingdoushanensis,星斗山奥塔蛛,,,,,,,no_image
54790,Othius punctatus,,,,,,,,no_image
139933,Otidea onotica,驴耳状侧盘菌,,,,,,,no_image
139913,Otidea alutacea,革侧盘菌,,,,,,,no_image
79133,Otocolobus manul,兔狲,,,,,,,no_image
79144,Otus scops,西红角鸮,,,,,,,no_image
147736,Oudemansiella mucida,发霉小奥德蘑,,,,,,,no_image
54812,Outachyusa raptoria,,,,,,,,no_image
138979,Ovulinia azaleae,,,,,,,,no_image
113421,Oxalis xishuiensis,习水酢浆草,,,,,,,no_image
54835,Oxyaciura monochaeta,褐基奥楔实蝇,,,,,,,no_image
54858,Oxyartes xishuangbannaensis,西双版纳刺异䗛,,,,,,,no_image
54871,Oxycera lii,李氏盾刺水虻,,,,,,,no_image
79171,Oxycheilinus unifasciatus,单带尖唇鱼,,,,,,,no_image
144664,Oxydothis oedema,,,,,,,,no_image
54890,Oxyna distincta,单带灿翅实蝇,,,,,,,no_image
11329,Oxyopes arcuatus,弓缘猫蛛,,,,,,,no_image
11383,Oxyopes lineatipes,线纹猫蛛,,,,,,,no_image
3106,Oxyperas aspersa,糙尖蛤蜊,,,,,,,no_image
54940,Oxypoda hastata,,,,,,,,no_image
54920,Oxypoda cooteri,,,,,,,,no_image
54960,Oxypoda meifengensis,,,,,,,,no_image
54980,Oxypoda regina,,,,,,,,no_image
55000,Oxypoda subconformis,,,,,,,,no_image
55020,Oxypoda ypsilon,,,,,,,,no_image
150671,Oxyporus corticola,树皮生锐孔菌,,,,,,,no_image
150675,Oxyporus macroporus,大孔锐孔菌,,,,,,,no_image
113434,Oxyria digyna,山蓼,,,,,,,no_image
55067,Oxyporus similangustatus,,,,,,,,no_image
55090,Oxysychus mori,桑奥金小蜂,,,,,,,no_image
55097,Oxytauchira elegans,小板角蝗,,,,,,,no_image
55117,Oxytelus subincisus,,,,,,,,no_image
113463,Oxytropis bella,美丽棘豆,,,,,,,no_image
113487,Oxytropis deflexa,急弯棘豆,,,,,,,no_image
113511,Oxytropis gueldenstaedtioides,米口袋状棘豆,,,,,,,no_image
113531,Oxytropis lapponica,拉普兰棘豆,,,,,,,no_image
113557,Oxytropis moellendorffii,窄膜棘豆,,,,,,,no_image
113577,Oxytropis podoloba,长柄棘豆,,,,,,,no_image
113621,Oxytropis sulphurea,硫黄棘豆,,,,,,,no_image
113599,Oxytropis rhynchophysa,乌卢套棘豆,,,,,,,no_image
79179,Oxyura leucocephala,白头硬尾鸭,,,,,,,no_image
5846,Ozius guttatus,红点团扇蟹,,,,,,,no_image
79192,Paa polunini,波留宁棘蛙,,,,,,,no_image
55146,Pachycorynus dimidiatus,,,,,,,,no_image
55157,Pachylocerus sulcatus,,,,,,,,no_image
113648,Pachygone laurifolia,樟叶木防己,,,,,,,no_image
55177,Pachyneuron groenlandicum,食蚜蝇楔缘金小蜂,,,,,,,no_image
55217,Pachypeltis micranthus,薇甘菊颈盲蝽,,,,,,,no_image
55194,Pachypappa marsupialis,囊粗毛绵蚜,,,,,,,no_image
55226,Pachyscia quadriguttata,四斑薇䗛,,,,,,,no_image
55239,Pachyteria semiplicata,,,,,,,,no_image
15872,Pacidesmus martensi,,,,,,,,no_image
2942,Padrycheles johnsoni,花瓣厚螯瓷蟹,,,,,,,no_image
134438,Paecilomyces laeensis,,,,,,,,no_image
134458,Paecilomyces zollerniae,,,,,,,,no_image
55275,Paederus describendus,,,,,,,,no_image
55297,Paederus lineodenticulatus,,,,,,,,no_image
55255,Paederus alutithorax,,,,,,,,no_image
55317,Paederus tibetanus,,,,,,,,no_image
113701,Paeonia qiui,卵叶牡丹,,,,,,,no_image
5214,Paguristes calvus,无毛长眼寄居蟹,,,,,,,no_image
1738,Pagurus geminus,长腕寄居蟹,,,,,,,no_image
14167,Paikiniana operta,盖白氏蛛,,,,,,,no_image
5013,Palaemonella tenuipes,细足拟长臂虾,,,,,,,no_image
55354,Palaeopsylla kueichenae,贵真古蚤,,,,,,,no_image
55385,Palearctia glaphyra,精古北灯蛾,,,,,,,no_image
55376,Palaminus ceylanensis,,,,,,,,no_image
55399,Palimna annulata,,,,,,,,no_image
136978,Pallidogramme chapadana,晕孢灰线衣,,,,,,,no_image
113732,Palmatiboea reniformis,肾叶掌脉苣苔,,,,,,,no_image
55424,Palpomyia brachialis,落臂须蠓,,,,,,,no_image
55444,Palpomyia pilea,菌顶须蠓,,,,,,,no_image
55458,Pammene crataegicola,山楂超小卷蛾,,,,,,,no_image
113743,Panax notoginseng,三七,,,,,,,no_image
12819,Pancorius wesolowskae,韦氏盘蛛,,,,,,,no_image
55486,Pandemis chondrillana,新褐卷蛾,,,,,,,no_image
155483,Pandora blunckii,布伦克虫病霉,,,,,,,no_image
6735,Pandora wardiana,鹌鹑帮斗蛤,,,,,,,no_image
147516,Panellus violaceofulvens,,,,,,,,no_image
55515,Pangrapta ornata,饰眉夜蛾,,,,,,,no_image
113766,Panicum decompositum,多子黍,,,,,,,no_image
9556,Panonychus citri,,,,,,,,no_image
113786,Panisea uniflora,单花曲唇兰,,,,,,,no_image
79226,Pantholops hodgsonii,藏羚,,,,,,,no_image
55545,Pantaleon obliquinodatus,倾峰锯角蝉,,,,,,,no_image
151076,Panus rudis,,,,,,,,no_image
55587,Panzeria laevigata,敏阳寄蝇,,,,,,,no_image
55607,Panzeria vivida,双尾阳寄蝇,,,,,,,no_image
393,Paphia papilionacea,巴非蛤,,,,,,,no_image
113824,Paphiopedilum helenae,巧花兜兰,,,,,,,no_image
55613,Papilio bianor,碧翠凤蝶,,,,,,,no_image
113857,Papillaria flexicaulis,曲茎松萝藓,,,,,,,no_image
55668,Papilio protenor,蓝美凤蝶,,,,,,,no_image
143734,Papulosa amerospora,,,,,,,,no_image
55686,Parablatticida orientalis,,,,,,,,no_image
113880,Paraboea martinii,髯丝蛛毛苣苔,,,,,,,no_image
113900,Paraboea zunyiensis,遵义蛛毛苣苔,,,,,,,no_image
8390,Parabopyrella perplexa,难仿真虾鳃虱,,,,,,,no_image
79248,Paracaesio kusakarii,条纹若梅鲷,,,,,,,no_image
8487,Paracerceis holdichi,霍氏拟尖水虱,,,,,,,no_image
79260,Parachiloglanis hodgarti,平唇&#x0000E065;,,,,,,,no_image
1922,Paracaridina longispina,长刺拟米虾,,,,,,,no_image
55743,Paracladius quadrinodosus,四拟突摇蚊,,,,,,,no_image
55798,Paraclytus gongshanus,,,,,,,,no_image
1671,Paracleistostoma depressum,扁平拟闭口蟹,,,,,,,no_image
55778,Paraclius maculatus,污斑弓脉长足虻,,,,,,,no_image
55818,Paracolax trilinealis,三线奴夜蛾,,,,,,,no_image
16220,Paracortina zhangi,张氏近鼎马陆,,,,,,,no_image
55832,Paracyrta bimaculata,双斑异弓背叶蝉,,,,,,,no_image
55850,Paradelphomyia ariana,阿里索大蚊,,,,,,,no_image
55890,Paradoxopsyllus diversus,歧异怪蚤,,,,,,,no_image
55876,Paradictyon eidmanni,,,,,,,,no_image
55859,Paradiarsia sobrina,适芒夜蛾,,,,,,,no_image
55923,Paraepepeotes guttatus,,,,,,,,no_image
55912,Paradoxopsyllus thombomysus,大沙鼠怪蚤,,,,,,,no_image
55937,Paragavialidium orthacanum,直刺佯鳄蚱,,,,,,,no_image
79272,Paragobiodon echinocephalus,棘头副叶鰕虎,,,,,,,no_image
55950,Paraglenurus pumilus,小白云蚁蛉,,,,,,,no_image
55981,Paragongylopus plaumanni,缺齿仿圆足䗛,,,,,,,no_image
55996,Paragus flammeus,焰色小蚜蝇,,,,,,,no_image
56016,Paragusia elegantula,靓丽小蚜蜂麻蝇,,,,,,,no_image
3912,Parahubrechtia jillae,吉尔拟休氏纽虫,,,,,,,no_image
6774,Parahyotissa numisma,斑顶牡蛎,,,,,,,no_image
56077,Paraleprodera bimaculata,,,,,,,,no_image
56071,Paralecanium hainanensis,琼扇蜡蚧,,,,,,,no_image
113917,Parakmeria omeiensis,峨眉拟单性木兰,,,,,,,no_image
56090,Paraleucophenga hirtipenis,毛茎扁腹果蝇,,,,,,,no_image
56106,Paralimna major,原沼刺水蝇,,,,,,,no_image
19216,Paralobella paraperfusa,,,,,,,,no_image
56137,Paraloconota yonghaiensis,,,,,,,,no_image
56146,Parambrostoma mahesa,荆芥喜山叶甲,,,,,,,no_image
79324,Paramegophrys verrucosa,密疣掌突蟾,,,,,,,no_image
79304,Paramegophrys jinshaensis,金沙掌突蟾,,,,,,,no_image
56158,Paramestus nigroclypeus,黑唇宽膈飞虱,,,,,,,no_image
56155,Paramesembrius bellus,美丽拟墨管蚜蝇,,,,,,,no_image
7208,Paraminabea aldersladei,奥氏近南软珊瑚,,,,,,,no_image
56185,Paranaspia coccinea,,,,,,,,no_image
616,Paramunida leptotes,纤细仿刺铠虾,,,,,,,no_image
56195,Paraneopsylla longisinuata,长窦副新蚤,,,,,,,no_image
56214,Paranticopsis macareus,纹凤蝶,,,,,,,no_image
79368,Parapercis lutevittata,黄斑拟鲈,,,,,,,no_image
1578,Parapagurus furici,弗氏拟寄居蟹,,,,,,,no_image
740,Parapenaeopsis sinica,中华仿对虾,,,,,,,no_image
56237,Paraphaenocladius exagitans,前颤拟矩摇蚊,,,,,,,no_image
113970,Paraphlomis nana,矮生假糙苏,,,,,,,no_image
113943,Paraphlomis brevifolia,短叶假糙苏,,,,,,,no_image
56249,Paraphortica lata,侧亚伏果蝇,,,,,,,no_image
79395,Parapocryptes serperaster,蜥形副平牙鰕虎,,,,,,,no_image
114001,Paraquilegia anemonoides,乳突拟耧斗菜,,,,,,,no_image
15896,Parariukiaria belousovi,,,,,,,,no_image
79401,Paraprotomyzon niulanjiangensis,牛栏江似原吸鳅,,,,,,,no_image
56300,Parasa feina,妃绿刺蛾,,,,,,,no_image
56320,Parasa prasina,葱绿刺蛾,,,,,,,no_image
6772,Parasalenia gratiosa,偏海胆,,,,,,,no_image
79404,Parascaptor leucura,白尾鼹,,,,,,,no_image
114018,Parasenecio bulbiferoides,珠芽蟹甲草,,,,,,,no_image
114040,Parasenecio latipes,阔柄蟹甲草,,,,,,,no_image
114064,Parasenecio sinicus,中华蟹甲草,,,,,,,no_image
56369,Parasiccia maculata,迹斑苔蛾,,,,,,,no_image
11771,Parasteatoda aequipeiformis,双带拟肥腹蛛,,,,,,,no_image
11791,Parasteatoda subtabulata,拟板拟肥腹蛛,,,,,,,no_image
137335,Parasiphula complanata,扁准白角衣,,,,,,,no_image
56404,Parastrangalis crebrepunctata,密点异花天牛,,,,,,,no_image
56424,Parastrangalis palpalis,黄须异花天牛,,,,,,,no_image
13844,Parasyrisca songi,宋氏拟赛蛛,,,,,,,no_image
56451,Paratendipes albimanus,白间摇蚊,,,,,,,no_image
114075,Parathelypteris angustifrons,狭叶金星蕨,,,,,,,no_image
114102,Parathelypteris trichochlamys,毛盖金星蕨,,,,,,,no_image
79421,Parator zonatus,副结鱼,,,,,,,no_image
56500,Paratrixoscelis oedipus,瘤准日蝇,,,,,,,no_image
9193,Parautogneta changbaiensis,长白准脊甲螨,,,,,,,no_image
79431,Parazacco spilurus,,,,,,,,no_image
16335,Pardosa baoshanensis,保山豹蛛,,,,,,,no_image
16521,Pardosa graminea,绿地豹蛛,,,,,,,no_image
16325,Pardosa palustris,沼泽豹蛛,,,,,,,no_image
16278,Pardosa lii,李氏豹蛛,,,,,,,no_image
79444,Pareas dabieshanensis,大别山钝头蛇,,,,,,,no_image
16326,Pardosa shugangensis,疏港豹蛛,,,,,,,no_image
16471,Pardosa tuberosa,瘤突豹蛛,,,,,,,no_image
56539,Parerigone huangshanensis,黄山俏饰寄蝇,,,,,,,no_image
56525,Paregle aterrima,亚黑邻种蝇,,,,,,,no_image
79478,Pareuchiloglanis sinensis,中华&#x0000E065;,,,,,,,no_image
8392,Parionella notexocha,南方近旁鳃虱,,,,,,,no_image
56580,Parhelophilus versicolor,异色拟条胸蚜蝇,,,,,,,no_image
114126,Paris marmorata,花叶重楼,,,,,,,no_image
56564,Pareustroma schizia,楔斑叉突尺蛾,,,,,,,no_image
114157,Parkia leiophylla,大叶球花豆,,,,,,,no_image
136167,Parmelia cirrhata,扁条梅衣,,,,,,,no_image
136207,Parmelia minarum,,,,,,,,no_image
136187,Parmelia incurva,,,,,,,,no_image
136227,Parmelia simodensis,东方梅衣,,,,,,,no_image
136247,Parmelia tabacina,,,,,,,,no_image
136265,Parmelina wallichiana,小裂芽黄髓梅,,,,,,,no_image
136281,Parmotrema austrosinense,华南大叶梅,,,,,,,no_image
136301,Parmotrema mellissii,麦氏大叶梅,,,,,,,no_image
136321,Parmotrema subrugatum,皱纹大叶梅,,,,,,,no_image
114173,Parnassia cordata,心叶梅花草,,,,,,,no_image
114197,Parnassia leptophylla,细裂梅花草,,,,,,,no_image
114227,Parnassia simaoensis,思茅梅花草,,,,,,,no_image
56621,Parnassius apollo,阿波罗绢蝶,,,,,,,no_image
56733,Parochthiphila decipia,欺准斑腹蝇,,,,,,,no_image
56698,Parnassius orleans,珍珠绢蝶,,,,,,,no_image
56746,Paromalus parallelepipedus,菱丽尾阎甲,,,,,,,no_image
56763,Parosmylus jombai,江巴近溪蛉,,,,,,,no_image
56781,Parum colligata,构月天蛾,,,,,,,no_image
114259,Parthenium hysterophorus,银胶菊,,,,,,,no_image
56786,Parurios conoidea,锥盾琶茹金小蜂,,,,,,,no_image
56793,Parydra inornata,敖脉滨水蝇,,,,,,,no_image
132770,Passalora dioscoreiicola,,,,,,,,no_image
114285,Paspalum notatum,百喜草,,,,,,,no_image
132790,Passalora punctum,,,,,,,,no_image
114301,Passiflora cupiformis,杯叶西番莲,,,,,,,no_image
79537,Pastor roseus,粉红椋鸟,,,,,,,no_image
140644,Patella setosa,,,,,,,,no_image
137862,Patinella carteri,,,,,,,,no_image
12721,Patu qiqi,奇奇帕图蛛,,,,,,,no_image
114350,Pavetta swatowica,汕头大沙叶,,,,,,,no_image
56822,Pazala incerta,圆翅剑凤蝶,,,,,,,no_image
149492,Paxillus involutus,卷边桩菇,,,,,,,no_image
8171,Pectinia paeonia,牡丹梳状珊瑚,,,,,,,no_image
114377,Pedicularis angustilabris,狭唇马先蒿,,,,,,,no_image
114436,Pedicularis cornigera,盔角马先蒿,,,,,,,no_image
114407,Pedicularis breviflora,短花马先蒿,,,,,,,no_image
114468,Pedicularis debilis,弱小马先蒿,,,,,,,no_image
114495,Pedicularis dunniana,褐毛马先蒿,,,,,,,no_image
114522,Pedicularis franchetiana,齿裂马先蒿,,,,,,,no_image
114579,Pedicularis khoiyangii,拟鞭根马先蒿,,,,,,,no_image
114553,Pedicularis hemsleyana,耳盔马先蒿,,,,,,,no_image
114634,Pedicularis macrosiphon,大管马先蒿,,,,,,,no_image
114603,Pedicularis lhasana,拉萨马先蒿,,,,,,,no_image
114656,Pedicularis mollis,柔毛马先蒿,,,,,,,no_image
114689,Pedicularis oligantha,少花马先蒿,,,,,,,no_image
114721,Pedicularis polygaloides,远志状马先蒿,,,,,,,no_image
114750,Pedicularis quxiangensis,曲乡马先蒿,,,,,,,no_image
114817,Pedicularis sorbifolia,花楸叶马先蒿,,,,,,,no_image
114785,Pedicularis roylei,草甸马先蒿,,,,,,,no_image
114870,Pedicularis triangularidens,三角齿马先蒿,,,,,,,no_image
114848,Pedicularis takpoensis,塔布马先蒿,,,,,,,no_image
114898,Pedicularis vialii,象头马先蒿,,,,,,,no_image
56836,Pedinopleurus notabilis,,,,,,,,no_image
56854,Pedopodisma emeiensis,峨眉小蹦蝗,,,,,,,no_image
114919,Peganum harmala,骆驼蓬,,,,,,,no_image
56882,Pegomya betae,甜菜泉蝇,,,,,,,no_image
56902,Pegomya diplothrixa,双毛泉蝇,,,,,,,no_image
56942,Pegomya oligochaita,少刚毛泉蝇,,,,,,,no_image
56922,Pegomya lhasaensis,拉萨泉蝇,,,,,,,no_image
56962,Pegomya spinulosa,棘基泉蝇,,,,,,,no_image
79547,Pelecanus crispus,卷羽鹈鹕,,,,,,,no_image
57000,Pelagodes semengok,圣海绿尺蛾,,,,,,,no_image
56982,Pegoplata laotudingga,老秃顶须泉蝇,,,,,,,no_image
57033,Peleteria sibirica,西伯长须寄蝇,,,,,,,no_image
57013,Peleteria flavobasicosta,黄鳞长须寄蝇,,,,,,,no_image
57051,Pelioptera sagadensis,,,,,,,,no_image
114952,Peliosanthes pachystachya,粗穗球子草,,,,,,,no_image
57069,Pella maoershanensis,,,,,,,,no_image
149671,Pellicularia filamentosa,丝核薄膜革菌,,,,,,,no_image
114986,Pellionia longzhouensis,龙州赤车,,,,,,,no_image
57076,Pelmatops ichneumoneus,缺鬃突眼实蝇,,,,,,,no_image
9000,Peloribates turgidus,胀圆单翼甲螨,,,,,,,no_image
79573,Pelophylax nigromaculatus,黑斑侧褶蛙,,,,,,,no_image
137281,Peltigera continentalis,大陆地卷,,,,,,,no_image
137301,Peltigera nigripunctata,黑瘿地卷,,,,,,,no_image
139454,Peltula radicata,根盾衣,,,,,,,no_image
115003,Peltoboykinia tellimoides,涧边草,,,,,,,no_image
57117,Pemphigus napaeus,白杨瘿绵蚜,,,,,,,no_image
57131,Penicillaria simplex,红棕重尾夜蛾,,,,,,,no_image
134495,Penicillium gladioli,,,,,,,,no_image
134475,Penicillium citrinum,,,,,,,,no_image
134515,Penicillium melinii,,,,,,,,no_image
134535,Penicillium roqueforti,,,,,,,,no_image
134555,Penicillium waksmanii,,,,,,,,no_image
10677,Pennatula longistyla,长柄海鳃,,,,,,,no_image
115029,Pentanema vestitum,毛苇谷草,,,,,,,no_image
152076,Peniophora sacrata,荐骨状隔孢伏革菌,,,,,,,no_image
57145,Pentatomophaga latifascia,宽条聚寄蝇,,,,,,,no_image
57141,Pennithera subalpina,丘羽带尺蛾,,,,,,,no_image
57167,Penthetria takeuchii,塔氏叉毛蚊,,,,,,,no_image
115051,Peplis alternifolia,荸艾,,,,,,,no_image
79604,Percocypris regaini,花鲈鲤,,,,,,,no_image
151631,Perenniporia truncatospora,截多年卧孔菌,,,,,,,no_image
151611,Perenniporia fergusii,费氏多年卧孔菌,,,,,,,no_image
57190,Periaeschna gerrhon,黄脊佩蜓,,,,,,,no_image
57210,Peribulitermes parafulvus,黄色近瓢白蚁,,,,,,,no_image
5060,Periclimenaeus spinicauda,刺尾小岩虾,,,,,,,no_image
5100,Periclimenes perturbans,混乱岩虾,,,,,,,no_image
143271,Periconia hispidula,,,,,,,,no_image
57231,Peridea clasnaumanni,卡内斑舟蛾,,,,,,,no_image
57261,Periergos magna,皮纡舟蛾,,,,,,,no_image
115068,Perilla frutescens,紫苏,,,,,,,no_image
153184,Peridermium parksianum,帕克斯被孢锈,,,,,,,no_image
57276,Perigrapha i-cinctum,连环夜蛾,,,,,,,no_image
2801,Perioculodes donghaiensis,东海周眼钩虾,,,,,,,no_image
143278,Perisporiacites shaheziensis,,,,,,,,no_image
786,Periploma beibuwanensis,北部湾短吻蛤,,,,,,,no_image
57326,Perissus delectus,,,,,,,,no_image
57346,Perissus paulonotatus,,,,,,,,no_image
57363,Peristenus prodigiosus,怪常室茧蜂,,,,,,,no_image
115096,Peristylus elisabethae,西藏阔蕊兰,,,,,,,no_image
57373,Peritropis thailandica,泰佩盲蝽,,,,,,,no_image
57398,Perkinsiella bigemina,叉纹扁角飞虱,,,,,,,no_image
115113,Perotis hordeiformis,麦穗茅根,,,,,,,no_image
57417,Perlodinella unimacula,单斑罗(虫责),,,,,,,no_image
115121,Persicaria angustifolia,狭叶蓼,,,,,,,no_image
115145,Persicaria hydropiper,水蓼,,,,,,,no_image
137446,Pertusaria commutata,鸡皮衣,,,,,,,no_image
115198,Persicaria virginiana,毛叶红珠七,,,,,,,no_image
115172,Persicaria paralimicola,湿地蓼,,,,,,,no_image
137466,Pertusaria leucostigma,黑白鸡皮衣,,,,,,,no_image
137486,Pertusaria rhodocarpa,,,,,,,,no_image
115221,Pertya pubescens,腺叶帚菊,,,,,,,no_image
137506,Pertusaria velata,,,,,,,,no_image
141052,Pestalotia eriobotrifolia,,,,,,,,no_image
141072,Pestalotiopsis baarnensis,,,,,,,,no_image
141112,Pestalotiopsis gracilis,,,,,,,,no_image
141092,Pestalotiopsis clusiae,,,,,,,,no_image
141132,Pestalotiopsis macrochaeta,,,,,,,,no_image
141152,Pestalotiopsis oxyanthi,,,,,,,,no_image
141172,Pestalotiopsis sonsensis,,,,,,,,no_image
57435,Petaliaeschna lieftincki,黎氏叶蜓,,,,,,,no_image
79675,Petaurista sybilla,橙色小鼯鼠,,,,,,,no_image
144234,Petriella sordida,,,,,,,,no_image
115247,Petrocodon curvitubus,弯管石山苣苔,,,,,,,no_image
115269,Petrocodon longitubus,长筒石山苣苔,,,,,,,no_image
115289,Petrocodon tongziensis,桐梓石山苣苔,,,,,,,no_image
115310,Petrocosmea duyunensis,都匀石蝴蝶,,,,,,,no_image
115357,Petrocosmea sinensis,中华石蝴蝶,,,,,,,no_image
115333,Petrocosmea melanophthalma,黑眼石蝴蝶,,,,,,,no_image
57447,Petrorossia rufiventris,红腹越蜂虻,,,,,,,no_image
2905,Petrolisthes hastatus,矛形岩瓷解蟹,,,,,,,no_image
115378,Peucedanum angelicoides,芷叶前胡,,,,,,,no_image
57461,Pexopsis clauseni,柯劳梳寄蝇,,,,,,,no_image
115403,Peucedanum torilifolium,窃衣叶前胡,,,,,,,no_image
135066,Peyritschiella bifida,,,,,,,,no_image
137866,Pezicula magnispora,巨孢无柄盘菌,,,,,,,no_image
140006,Peziza albotestacea,,,,,,,,no_image
140026,Peziza atrovinosa,暗葡萄酒色盘菌,,,,,,,no_image
140046,Peziza calyculiformis,,,,,,,,no_image
140106,Peziza elachroa,小盘菌,,,,,,,no_image
140086,Peziza coronaria,,,,,,,,no_image
140066,Peziza ciliifera,,,,,,,,no_image
140126,Peziza gerardii,杰勒德盘菌,,,,,,,no_image
140146,Peziza imberbis,,,,,,,,no_image
140166,Peziza maurilabra,,,,,,,,no_image
140186,Peziza omphalodes,,,,,,,,no_image
140206,Peziza psammobia,沙生盘菌,,,,,,,no_image
140246,Peziza stercorea,,,,,,,,no_image
140226,Peziza scabrovillosa,,,,,,,,no_image
140266,Peziza trechispora,,,,,,,,no_image
140286,Peziza vivida,,,,,,,,no_image
115420,Phacellaria tonkinensis,长序重寄生,,,,,,,no_image
57521,Phaenoserphus baishanensis,白山光胸细蜂,,,,,,,no_image
57485,Phacophallus japonicus,,,,,,,,no_image
57501,Phaedon huizuensis,青铜猿叶甲,,,,,,,no_image
57541,Phaenoserphus stigmatus,翅痣光胸细蜂,,,,,,,no_image
133667,Phaeodothis hainanensis,海南暗坐囊菌,,,,,,,no_image
115429,Phaeoceros miyakeanus,东亚黄角苔,,,,,,,no_image
136997,Phaeographis dendroides,树生黑文衣,,,,,,,no_image
137017,Phaeographis tortuosa,扭曲黑文衣,,,,,,,no_image
135318,Phaeophyscia hunana,湖南黑蜈蚣衣,,,,,,,no_image
144213,Phaeonectriella appendiculata,,,,,,,,no_image
146890,Phaeosolenia inconspicua,,,,,,,,no_image
115435,Phaius flavus,黄花鹤顶兰,,,,,,,no_image
153314,Phakopsora euvitis,,,,,,,,no_image
153334,Phakopsora vitis,,,,,,,,no_image
57565,Phalacrotophora jacobsoni,雅氏伐蚤蝇,,,,,,,no_image
57570,Phalera abnoctans,阿掌舟蛾,,,,,,,no_image
115464,Phalaenopsis subparishii,短茎萼脊兰,,,,,,,no_image
57619,Phalerodonta kiriakoffi,基氏蚕舟蛾,,,,,,,no_image
57596,Phalera minor,小掌舟蛾,,,,,,,no_image
150794,Phallus canariensis,,,,,,,,no_image
57629,Phalonidia contractana,窄翅褐纹卷蛾,,,,,,,no_image
150814,Phallus macrosporus,大孢鬼笔,,,,,,,no_image
115481,Phanera bohniana,丽江火索木,,,,,,,no_image
115505,Phanera macrostachya,圆叶火索藤,,,,,,,no_image
151096,Phanerochaete laevis,,,,,,,,no_image
57655,Phaneroserphus bicarinatus,双脊脊额细蜂,,,,,,,no_image
57675,Phanerota appendiculata,,,,,,,,no_image
57691,Phaonia apicaloides,类黄端棘蝇,,,,,,,no_image
57711,Phaonia bellusa,美丽棘蝇,,,,,,,no_image
57752,Phaonia daxiongi,大雄棘蝇,,,,,,,no_image
57731,Phaonia chilitica,似唇棘蝇,,,,,,,no_image
57772,Phaonia fangshanensis,方山棘蝇,,,,,,,no_image
57792,Phaonia fuscata,棕斑棘蝇,,,,,,,no_image
57812,Phaonia hebeta,钝棘蝇,,,,,,,no_image
57834,Phaonia jiagedaqiensis,加格达奇棘蝇,,,,,,,no_image
57854,Phaonia latieerans,宽荡棘蝇,,,,,,,no_image
57874,Phaonia luculentimacula,明斑棘蝇,,,,,,,no_image
57894,Phaonia microthelis,疣叶棘蝇,,,,,,,no_image
57935,Phaonia niximountaina,雪山棘蝇,,,,,,,no_image
57915,Phaonia neimongolica,内蒙棘蝇,,,,,,,no_image
57995,Phaonia shenyangensis,沈阳棘蝇,,,,,,,no_image
57975,Phaonia redactata,回归棘蝇,,,,,,,no_image
57955,Phaonia paucispina,少刺棘蝇,,,,,,,no_image
58015,Phaonia subfausta,亚幸运棘蝇,,,,,,,no_image
58035,Phaonia subpullata,小黑棘蝇,,,,,,,no_image
58056,Phaonia tinctiscutaris,饰盾棘蝇,,,,,,,no_image
58096,Phaonia zhangyeensis,张掖棘蝇,,,,,,,no_image
58076,Phaonia xanthosoma,黄体棘蝇,,,,,,,no_image
8280,Phascolosoma albolineatum,白纹革囊星虫,,,,,,,no_image
58109,Phasia bifurca,双叶突颜寄蝇,,,,,,,no_image
58144,Phebellia aurifrons,金额菲寄蝇,,,,,,,no_image
58127,Phassus anhuiensis,杉蝙蛾,,,,,,,no_image
115534,Phegopteris connectilis,卵果蕨,,,,,,,no_image
150393,Phellinus fragrans,,,,,,,,no_image
150373,Phellinus chryseus,金色木层孔菌,,,,,,,no_image
150353,Phellinidium orientale,,,,,,,,no_image
150413,Phellinus linteus,针裂蹄菌,,,,,,,no_image
150473,Phellinus wahlbergii,,,,,,,,no_image
150453,Phellinus rufitinctus,,,,,,,,no_image
150433,Phellinus overholtsii,,,,,,,,no_image
58159,Phenacoccus arctophilus,寒地绵粉蚧,,,,,,,no_image
58173,Pheosiopsis abalienata,奥夙舟蛾,,,,,,,no_image
58220,Pherbina intermedia,中芒缘鬃沼蝇,,,,,,,no_image
58200,Pheosiopsis plutenkoi,顶夙舟蛾,,,,,,,no_image
134308,Phialophora asteris,,,,,,,,no_image
115562,Philadelphus kansuensis,甘肃山梅花,,,,,,,no_image
3549,Philinopsis minor,小拟海牛,,,,,,,no_image
4295,Philbertia tessellata,立方菲螺,,,,,,,no_image
4364,Philbertia curyacme,曲菲螺,,,,,,,no_image
115589,Philodendron gloriosum,心叶喜林芋,,,,,,,no_image
12552,Philodromus daoxianen,道县逍遥蛛,,,,,,,no_image
58246,Philomina smetanai,,,,,,,,no_image
115607,Philonotis seriata,齿缘泽藓,,,,,,,no_image
58267,Philonthus cognatus,,,,,,,,no_image
58288,Philonthus fauvelianus,,,,,,,,no_image
58308,Philonthus kiyoyamai,,,,,,,,no_image
58328,Philonthus nigricoxis,,,,,,,,no_image
58349,Philonthus schuelkei,,,,,,,,no_image
58391,Philophylla ravida,对距叶实蝇,,,,,,,no_image
58371,Philonthus wuesthoffi,,,,,,,,no_image
58403,Philosina alba,覆雪黑山蟌,,,,,,,no_image
2622,Philyra globus,球形拳蟹,,,,,,,no_image
12969,Phintella hainani,海南金蝉蛛,,,,,,,no_image
12921,Phintelloides versicolor,多色类金蝉蛛,,,,,,,no_image
151059,Phlebia radiata,射脉菌,,,,,,,no_image
58440,Phlebotomus sergenti,瑟氏白蛉,,,,,,,no_image
58450,Phlogophora beata,昌衫夜蛾,,,,,,,no_image
115639,Phleum pratense,梯牧草,,,,,,,no_image
115626,Phlegmariurus petiolatus,有柄马尾杉,,,,,,,no_image
115664,Phlomoides cuneata,楔叶糙苏,,,,,,,no_image
115686,Phlomoides longidentata,长刺糙苏,,,,,,,no_image
137052,Phlyctis subargena,亚亮疱衣,,,,,,,no_image
115710,Phlomoides speciosa,美丽沙穗,,,,,,,no_image
115736,Phoebe calcarea,石山楠,,,,,,,no_image
115756,Phoebe motuonan,墨脱楠,,,,,,,no_image
15240,Pholcus bailongensis,白龙幽灵蛛,,,,,,,no_image
79749,Phoenicurus leucocephalus,白顶溪鸲,,,,,,,no_image
15162,Pholcus exilis,纤细幽灵蛛,,,,,,,no_image
15163,Pholcus mao,锚幽灵蛛,,,,,,,no_image
15064,Pholcus jinniu,金牛幽灵蛛,,,,,,,no_image
15192,Pholcus qinghaiensis,青海幽灵蛛,,,,,,,no_image
15214,Pholcus tuyan,突眼幽灵蛛,,,,,,,no_image
115792,Pholidota wenshanica,文山石仙桃,,,,,,,no_image
15108,Pholcus zham,樟木幽灵蛛,,,,,,,no_image
148263,Pholiota cerasina,赭环锈伞,,,,,,,no_image
148323,Pholiota praecellens,卷丝鳞伞,,,,,,,no_image
148283,Pholiota fulvella,黄褐鳞伞,,,,,,,no_image
148303,Pholiota luteofolius,,,,,,,,no_image
1260,Pholo&#235; minuta,微怪鳞虫,,,,,,,no_image
148343,Pholiota subcarbonaria,近碳鳞伞,,,,,,,no_image
133625,Phoma jolyana,,,,,,,,no_image
133645,Phoma radicantis,,,,,,,,no_image
141374,Phomopsis aucubae,,,,,,,,no_image
141394,Phomopsis duabangae,,,,,,,,no_image
141434,Phomopsis obscurans,,,,,,,,no_image
141414,Phomopsis jasmini,,,,,,,,no_image
58472,Phonogaster longigeniculata,长膝腹声蝗,,,,,,,no_image
141454,Phomopsis salicina,,,,,,,,no_image
58492,Phora taiwana,台湾蚤蝇,,,,,,,no_image
58512,Phorbia polystrepsis,多曲草种蝇,,,,,,,no_image
58533,Phormiata phormiata,山伏蝇,,,,,,,no_image
623,Phoronis australis,澳洲帚虫,,,,,,,no_image
58561,Phortica foliata,叶突伏果蝇,,,,,,,no_image
58601,Phortica pseudotau,拟双基伏果蝇,,,,,,,no_image
58581,Phortica linae,林氏伏果蝇,,,,,,,no_image
58621,Phorticella flavipennis,黄翅条果蝇,,,,,,,no_image
115810,Photinia integrifolia,全缘石楠,,,,,,,no_image
58642,Photoscotosia dejuta,陌幅尺蛾,,,,,,,no_image
6264,Photis renihardi,寒亮钩虾,,,,,,,no_image
58665,Photoscotosia palaearctica,古北幅尺蛾,,,,,,,no_image
153390,Phragmidium cinnamomeum,,,,,,,,no_image
79766,Phoxinus grumi,吐鲁番&#x0000E003;,,,,,,,no_image
153410,Phragmidium octoloculare,八室多胞锈菌,,,,,,,no_image
143292,Phragmocephala prolifera,,,,,,,,no_image
153430,Phragmidium shengezieense,申格热多胞锈菌,,,,,,,no_image
58721,Phraortes speciosus,花皮䗛,,,,,,,no_image
58701,Phraortes fengkaiensis,封开皮䗛,,,,,,,no_image
58741,Phratora mirabilis,异角弗叶甲,,,,,,,no_image
58778,Phronia willistoni,威氏巧菌蚊,,,,,,,no_image
58758,Phrixolepia sericea,冠刺蛾,,,,,,,no_image
17547,Phrygiomurex sculptilis,网目锥骨螺,,,,,,,no_image
58797,Phryno tibialis,黄胫芙寄蝇,,,,,,,no_image
79791,Phrynocephalus vlangalii,青海沙蜥,,,,,,,no_image
58830,Phucobius tricolor,,,,,,,,no_image
11793,Phycosoma martinae,马丁藻蛛,,,,,,,no_image
58809,Phthiridium chinense,中华虱蛛蝇,,,,,,,no_image
144285,Phyllachora aspidea,,,,,,,,no_image
144305,Phyllachora dimeriae,,,,,,,,no_image
144345,Phyllachora miscanthi,,,,,,,,no_image
144325,Phyllachora imperaticola,,,,,,,,no_image
144365,Phyllachora setariaecola,,,,,,,,no_image
138099,Phyllactinia alangii,,,,,,,,no_image
138119,Phyllactinia juglandis-mandshuricae,,,,,,,,no_image
138139,Phyllactinia yarwoodii,,,,,,,,no_image
115878,Phyllanthodendron roseum,玫花珠子木,,,,,,,no_image
115902,Phyllanthus reticulatus,小果叶下珠,,,,,,,no_image
10285,Phyllocoptes lonicerae,,,,,,,,no_image
10570,Phyllocoptes acanthopanacis,,,,,,,,no_image
10117,Phyllocoptruta smilanus,,,,,,,,no_image
10180,Phyllocoptes stephanocarpae,,,,,,,,no_image
58859,Phyllolabis vulpecula,暗黄叶大蚊,,,,,,,no_image
115914,Phyllodium longipes,长叶排钱树,,,,,,,no_image
115940,Phyllolobium tingriense,定日蔓黄芪,,,,,,,no_image
58876,Phyllomyza basilatusa,宽基真叶蝇,,,,,,,no_image
11490,Phylloneta sisyphia,科氏叶球蛛,,,,,,,no_image
150488,Phylloporia weberiana,,,,,,,,no_image
149228,Phylloporus sulphureus,黄褶孔菌,,,,,,,no_image
79817,Phylloscopus coronatus,冕柳莺,,,,,,,no_image
115943,Phyllospadix iwatensis,红纤维虾海藻,,,,,,,no_image
79851,Phylloscopus plumbeitarsus,双斑绿柳莺,,,,,,,no_image
115961,Phyllostachys elegans,甜笋竹,,,,,,,no_image
115986,Phyllostachys nigella,富阳乌哺鸡竹,,,,,,,no_image
116010,Phyllostachys verrucosa,长沙刚竹,,,,,,,no_image
131882,Phyllosticta annonicola,,,,,,,,no_image
131902,Phyllosticta capsici,,,,,,,,no_image
131922,Phyllosticta coffeicola,,,,,,,,no_image
131942,Phyllosticta dictamni,,,,,,,,no_image
131982,Phyllosticta jatrophae-podagricae,,,,,,,,no_image
131962,Phyllosticta gemmiphilae,,,,,,,,no_image
132022,Phyllosticta osmanthi,,,,,,,,no_image
132002,Phyllosticta medicaginis,,,,,,,,no_image
132042,Phyllosticta populea,,,,,,,,no_image
132062,Phyllosticta scrophulariae,,,,,,,,no_image
132082,Phyllosticta vesicatoria,,,,,,,,no_image
58906,Phymatodes ahenus,,,,,,,,no_image
116028,Physaliastrum sinicum,华北散血丹,,,,,,,no_image
138981,Phymatotrichum gemellum,,,,,,,,no_image
135355,Physcia setosa,毛边蜈蚣衣,,,,,,,no_image
135335,Physcia biziana,,,,,,,,no_image
135365,Physconia americana,美洲大孢衣,,,,,,,no_image
116050,Physematium manchuriense,膀胱蕨,,,,,,,no_image
151063,Physisporinus vitreus,透明亚卧孔菌,,,,,,,no_image
58957,Physocephala obscura,暗叉芒眼蝇,,,,,,,no_image
79894,Physoschistura shuangjiangensis,双江游鳔鳅,,,,,,,no_image
155263,Physoderma trifolii,三叶草节壶菌,,,,,,,no_image
58998,Phytocoris notoscutellaris,突盾植盲蝽,,,,,,,no_image
59018,Phytoecia chinensis,,,,,,,,no_image
58978,Phytocoris dimidiatus,驳植盲蝽,,,,,,,no_image
59035,Phytoliriomyza arctica,北方植斑潜蝇,,,,,,,no_image
59055,Phytomyza robustella,小壮植潜蝇,,,,,,,no_image
59072,Phytosciara dolichotoma,长节植眼蕈蚊,,,,,,,no_image
116080,Picea aurantiaca,白皮云杉,,,,,,,no_image
79901,Picoides canicapillus,星头啄木鸟,,,,,,,no_image
79929,Picus chlorolophus,黄冠啄木鸟,,,,,,,no_image
59101,Pidonia atripennis,,,,,,,,no_image
59121,Pidonia effracta,,,,,,,,no_image
59141,Pidonia lucida,蓝绿驼花天牛,,,,,,,no_image
59161,Pidonia pauperula,,,,,,,,no_image
59181,Pidonia taipingshana,,,,,,,,no_image
116120,Pieris formosa,美丽马醉木,,,,,,,no_image
156010,Pilaira anomala,,,,,,,,no_image
116143,Pilea cangyuanensis,沧源冷水花,,,,,,,no_image
116195,Pilea minima,小冷水花,,,,,,,no_image
116172,Pilea insolens,盾基冷水花,,,,,,,no_image
116222,Pilea rostellata,短喙冷水花,,,,,,,no_image
2306,Pilumnus acanthosoma,刺体毛刺蟹,,,,,,,no_image
153,Pilodius nigrocrinitus,黑毛毛壳蟹,,,,,,,no_image
116244,Pilea villicaulis,毛茎冷水花,,,,,,,no_image
961,Pillucina neglecta,碗豆毛满月蛤,,,,,,,no_image
12051,Pimoa binchuanensis,宾川派模蛛,,,,,,,no_image
116262,Pimpinella candolleana,杏叶茴芹,,,,,,,no_image
116285,Pimpinella renifolia,肾叶茴芹,,,,,,,no_image
116307,Pinalia graminifolia,禾叶苹兰,,,,,,,no_image
116327,Pinellia hunanensis,湖南半夏,,,,,,,no_image
11306,Pinelema conglobare,球平莱蛛,,,,,,,no_image
116320,Pinanga sylvestris,华山竹,,,,,,,no_image
11295,Pinelema shiba,石坝平莱蛛,,,,,,,no_image
5471,Pinguitellin pinguis,肥胖樱蛤,,,,,,,no_image
4615,Pinnotheres boninensis,小笠原豆蟹,,,,,,,no_image
59266,Pinophilus javanus,,,,,,,,no_image
116364,Pinus fragilissima,脆果松,,,,,,,no_image
116437,Piper infossum,沉果胡椒,,,,,,,no_image
116413,Piper arborescens,兰屿胡椒,,,,,,,no_image
116390,Pinus sibirica,新疆五针松,,,,,,,no_image
116459,Piper petiolatum,具柄胡椒,,,,,,,no_image
116481,Piper thomsonii,球穗胡椒,,,,,,,no_image
59279,Pipiza familiaris,普通缩颜蚜蝇,,,,,,,no_image
116499,Piptatherum aequiglume,等颖落芒草,,,,,,,no_image
116513,Pipturus arborescens,落尾木,,,,,,,no_image
116514,Pireella formosana,台湾小蕨藓,,,,,,,no_image
12404,Pireneitega xinping,新平拟隙蛛,,,,,,,no_image
79951,Pisodonophis cancrivorus,食蟹豆齿鳗,,,,,,,no_image
345,Pitar subpellucidum,亚明卵蛤,,,,,,,no_image
14568,Pistius rotundus,环截腹蛛,,,,,,,no_image
133362,Pithomyces ellipticus,,,,,,,,no_image
79953,Pitta nympha,仙八色鸫,,,,,,,no_image
116559,Pittosporum leptosepalum,薄萼海桐,,,,,,,no_image
116590,Pittosporum saxicola,石生海桐,,,,,,,no_image
79958,Placocheilus cryptonemus,缺须盆唇鱼,,,,,,,no_image
59322,Placusa depressa,,,,,,,,no_image
59338,Plagideicta minor,仲夕夜蛾,,,,,,,no_image
116623,Plagiochila bischleriana,大明叶羽苔,,,,,,,no_image
116686,Plagiochila semidecurrens,延叶羽苔,,,,,,,no_image
116666,Plagiochila nitens,明叶羽苔,,,,,,,no_image
116646,Plagiochila flexuosa,长叶羽苔,,,,,,,no_image
59344,Plagiodera versicolora,柳圆叶甲,,,,,,,no_image
116733,Plagiopetalum tenuicaule,柔茎偏瓣花,,,,,,,no_image
116716,Plagiomnium ellipticum,阔边匐灯藓,,,,,,,no_image
17166,Plagiorchis fulleborni,弗氏斜睾吸虫,,,,,,,no_image
116766,Plagiothecium succulentum,长喙棉藓,,,,,,,no_image
59365,Plagiostenopterina teres,端斑狭翅广口蝇,,,,,,,no_image
631,Plagusia dentipes,齿突斜纹蟹,,,,,,,no_image
59386,Planococcoides chiponensis,台湾牦粉蚧,,,,,,,no_image
59406,Planostocha cumulata,缺边卷蛾,,,,,,,no_image
116794,Plantago perssonii,苣叶车前,,,,,,,no_image
59422,Plastus rhombicus,,,,,,,,no_image
116832,Platanthera leptocaulon,条叶舌唇兰,,,,,,,no_image
116855,Platanthera sikkimensis,长瓣舌唇兰,,,,,,,no_image
116812,Platanthera deergongensis,德尔贡舌唇兰,,,,,,,no_image
79977,Platax teira,燕鱼,,,,,,,no_image
12416,Platocoelotes ampulliformis,瓶状宽隙蛛,,,,,,,no_image
12097,Platocoelotes xianwuensis,仙五宽隙蛛,,,,,,,no_image
116877,Platostoma hispidum,尖头花,,,,,,,no_image
59452,Platycephala umbraculata,三斑宽头秆蝇,,,,,,,no_image
59468,Platycheirus formosanus,台湾宽跗蚜蝇,,,,,,,no_image
59526,Platydomene taiwanensis,,,,,,,,no_image
59487,Platycnemis phasmovolans,洞穴扇蟌,,,,,,,no_image
59506,Platycorynus gratiosus,凸额扁角肖叶甲,,,,,,,no_image
59546,Platydracus pratti,,,,,,,,no_image
1476,Platylepas decorata,装饰扁藤壶,,,,,,,no_image
137024,Platygrapha dendroides,,,,,,,,no_image
59582,Platylomalus sauteri,索氏平阎甲,,,,,,,no_image
59588,Platyola geostiboides,,,,,,,,no_image
17573,Platypetasus chentingensis,正定平瓣蜗牛,,,,,,,no_image
59628,Platypalpus maoershanensis,猫儿山平须舞虻,,,,,,,no_image
59607,Platypalpus convergens,聚脉平须舞虻,,,,,,,no_image
59657,Platypria hystrix,阔叶掌铁甲,,,,,,,no_image
59689,Platystethus luae,,,,,,,,no_image
59671,Platysoma dufali,达氏方阎甲,,,,,,,no_image
59715,Plecia forcipiformis,钳襀毛蚊,,,,,,,no_image
59703,Plaxomicrus szetschuanus,,,,,,,,no_image
6296,Plectonemertes sinensis,中华织鞘纽虫,,,,,,,no_image
80015,Plectranthias elongatus,长身棘花鲈,,,,,,,no_image
79998,Plecotus kozlovi,柯氏长耳蝠,,,,,,,no_image
80035,Plectroglyphidodon lacrymatus,眼斑椒雀鲷,,,,,,,no_image
116915,Pleioblastus gramineus,大明竹,,,,,,,no_image
116942,Pleione arunachalensis,藏南独蒜兰,,,,,,,no_image
116964,Pleione yunnanensis,云南独蒜兰,,,,,,,no_image
135135,Pleopsidium chlorophanum,黄金卵石衣,,,,,,,no_image
80051,Plesiops nakaharae,仲原氏鮗,,,,,,,no_image
116972,Pleuridium acuminatum,尖叶丛毛藓,,,,,,,no_image
17263,Pleurogenes claviger,棒状侧殖吸虫,,,,,,,no_image
80069,Pleurosicya micheli,米氏腹瓢鰕虎,,,,,,,no_image
147848,Pleurotus japonicus,毒侧耳,,,,,,,no_image
146904,Pleurotellus chioneus,,,,,,,,no_image
147828,Pleurotus chioneus,薄皮侧耳,,,,,,,no_image
147868,Pleurotus pusillus,小亚侧耳,,,,,,,no_image
59752,Plexiphleps stellifera,罗夜蛾,,,,,,,no_image
80071,Plicofollis nella,内尔褶囊海鲶,,,,,,,no_image
12837,Plexippus incognitus,未名蝇虎,,,,,,,no_image
139350,Ploioderma pini-armandii,华山松舟皮盘菌,,,,,,,no_image
59765,Plusiodonta auripicta,褐肖金夜蛾,,,,,,,no_image
8209,Plumularia badia,栗褐羽螅,,,,,,,no_image
147899,Pluteus escharites,,,,,,,,no_image
147919,Pluteus pantherinus,豹斑光柄菇,,,,,,,no_image
117043,Poa attenuata,渐尖早熟禾,,,,,,,no_image
59768,Plutothrix zhangyieensis,张掖普璐金小蜂,,,,,,,no_image
117109,Poa palustris,泽地早熟禾,,,,,,,no_image
117081,Poa hissarica,希萨尔早熟禾,,,,,,,no_image
59783,Podismopsis quadrasonita,四声跃度蝗,,,,,,,no_image
117149,Poa takasagomontana,高砂早熟禾,,,,,,,no_image
138882,Poculum americanum,,,,,,,,no_image
80099,Podoces biddulphi,白尾地鸦,,,,,,,no_image
138160,Podosphaera schlechtendalii,,,,,,,,no_image
151122,Podoscypha philippinensis,菲律宾柄杯菌,,,,,,,no_image
80101,Podothecus sturioides,似鲟足沟鱼,,,,,,,no_image
80110,Poecile palustris,沼泽山雀,,,,,,,no_image
117206,Pogonatum proliferum,南亚小金发藓,,,,,,,no_image
59799,Poecilosomella borboroides,沼星小粪蝇,,,,,,,no_image
59819,Poecilotraphera honanensis,海南斓矛广口蝇,,,,,,,no_image
59827,Pogonosoma unicolor,单色扁须食虫虻,,,,,,,no_image
117236,Pogostemon monticola,深山刺蕊草,,,,,,,no_image
117258,Pohlia graciliformis,纤细丝瓜藓,,,,,,,no_image
59839,Polia mista,杂灰夜蛾,,,,,,,no_image
117278,Poikilospermum lanceolatum,毛叶锥头麻,,,,,,,no_image
3650,Polimastia robusta,强壮多鞭海绵,,,,,,,no_image
59867,Pollenia alajensis,阿尔泰粉蝇,,,,,,,no_image
59887,Polleniopsis micans,闪斑拟粉蝇,,,,,,,no_image
117297,Pollia subumbellata,伞花杜若,,,,,,,no_image
117326,Polygala fallax,黄花倒水莲,,,,,,,no_image
59908,Polydesma scriptilis,暗纹纷夜蛾,,,,,,,no_image
18450,Polyarthra vulgaris,广生多肢轮虫,,,,,,,no_image
142209,Polycephalomyces tomentosus,,,,,,,,no_image
117354,Polygala qii,石山远志,,,,,,,no_image
117396,Polygonatum leiboense,雷波黄精,,,,,,,no_image
117376,Polygonatum chingshuishanianum,清水山黄精,,,,,,,no_image
117418,Polygonatum verticillatum,轮叶黄精,,,,,,,no_image
117435,Polygonum paronychioides,线叶萹蓄,,,,,,,no_image
117447,Polyopes polyideoides,海柏,,,,,,,no_image
15918,Polylobosoma roseipes,,,,,,,,no_image
59956,Polypedilum breviplumosum,短鞭多足摇蚊,,,,,,,no_image
59928,Polymixis rujocincta,灰展冬夜蛾,,,,,,,no_image
59976,Polypedilum hainanense,海南多足摇蚊,,,,,,,no_image
59996,Polypedilum paraconvexum,锥器多足摇蚊,,,,,,,no_image
60016,Polypedilum xianjuensis,仙居多足摇蚊,,,,,,,no_image
117461,Polypogon fugax,棒头草,,,,,,,no_image
151649,Polyporus caeruleoporus,蓝孔多孔菌,,,,,,,no_image
151689,Polyporus kanehirae,,,,,,,,no_image
151669,Polyporus dryophilus,,,,,,,,no_image
151709,Polyporus montanus,圆孢多孔菌,,,,,,,no_image
151729,Polyporus procerus,,,,,,,,no_image
151749,Polyporus schomburgkii,,,,,,,,no_image
151769,Polyporus trichomallus,,,,,,,,no_image
8795,Polyschides pelamide,皮拉多缝角贝,,,,,,,no_image
117483,Polystachya concreta,多穗兰,,,,,,,no_image
117524,Polystichum crassinervium,粗脉耳蕨,,,,,,,no_image
117504,Polystichum basipinnatum,单叶鞭叶蕨,,,,,,,no_image
117544,Polystichum ensiforme,剑叶鞭叶蕨,,,,,,,no_image
117564,Polystichum habaense,哈巴耳蕨,,,,,,,no_image
117624,Polystichum mucronifolium,南亚耳蕨,,,,,,,no_image
117604,Polystichum longispinosum,长刺耳蕨,,,,,,,no_image
117584,Polystichum kangdingense,康定耳蕨,,,,,,,no_image
117644,Polystichum orientalitibeticum,藏东耳蕨,,,,,,,no_image
117664,Polystichum pseudoacutidens,文笔峰耳蕨,,,,,,,no_image
117704,Polystichum subacutidens,多羽耳蕨,,,,,,,no_image
117684,Polystichum rufopaleaceum,红鳞耳蕨,,,,,,,no_image
60039,Polytremis pellucida,透纹孔弄蝶,,,,,,,no_image
150509,Polystictus renatus,,,,,,,,no_image
117724,Polystichum tsus-simense,对马耳蕨,,,,,,,no_image
150489,Polystictus bataanensis,,,,,,,,no_image
117761,Polytrichum strictum,直叶金发藓,,,,,,,no_image
60080,Polyzonus flavocinctus,,,,,,,,no_image
80174,Pomachromis richardsoni,李氏波光鳃鱼,,,,,,,no_image
80154,Pomacanthus sexstriatus,六带刺盖鱼,,,,,,,no_image
117767,Pommereschea lackneri,直唇姜,,,,,,,no_image
117805,Ponerorchis taiwanensis,台湾小红门兰,,,,,,,no_image
18883,Pongeiella yinchuanensis,,,,,,,,no_image
117785,Ponerorchis fujisanensis,宽瓣兜被兰,,,,,,,no_image
117895,Populus pilosa,柔毛杨,,,,,,,no_image
117867,Populus girinensis,东北杨,,,,,,,no_image
5828,Pontogenia maclear,薄桥鳞虫,,,,,,,no_image
117928,Populus ussuriensis,大青杨,,,,,,,no_image
11117,Porcataraneus nanshanensis,南山脊园蛛,,,,,,,no_image
117978,Porella hsinganica,兴安光萼苔,,,,,,,no_image
118006,Porella subobtusa,细齿光萼苔,,,,,,,no_image
151798,Poria umbrinella,,,,,,,,no_image
137525,Porina internigrans,,,,,,,,no_image
10684,Porites compressa,扁缩滨珊瑚,,,,,,,no_image
150516,Porodaedalea himalayensis,,,,,,,,no_image
60120,Poropoea brevituba,短管圆翅赤眼蜂,,,,,,,no_image
147973,Porotheleum rugosum,,,,,,,,no_image
118033,Porphyra vietnamensis,越南紫菜,,,,,,,no_image
136751,Porpidia lowiana,罗威假网衣,,,,,,,no_image
60132,Portevinia altaica,阿尔泰颜突蚜蝇,,,,,,,no_image
75,Portunus gladiator,拥剑梭子蟹,,,,,,,no_image
17307,Postharmostomum gallinum,鸡后口吸虫,,,,,,,no_image
12996,Portia quei,昆孔蛛,,,,,,,no_image
60153,Potamia littoralis,全北河蝇,,,,,,,no_image
118070,Potentilla angustiloba,窄裂委陵菜,,,,,,,no_image
118057,Potamogeton obtusifolius,钝叶眼子菜,,,,,,,no_image
118102,Potentilla eriocarpa,,,,,,,,no_image
118135,Potentilla matsumurae,,,,,,,,no_image
118196,Pothos repens,百足藤,,,,,,,no_image
118169,Potentilla sericea,绢毛委陵菜,,,,,,,no_image
60192,Pothyne sinensis,,,,,,,,no_image
118210,Pourthiaea dabeishanensis,大别山石楠,,,,,,,no_image
60208,Praesetora divergens,伯刺蛾,,,,,,,no_image
118238,Pouzolzia niveotomentosa,雪毡雾水葛,,,,,,,no_image
132804,Prathigada crataevae,,,,,,,,no_image
118272,Premna interrupta,间序豆腐柴,,,,,,,no_image
118296,Premna szemaoensis,思茅豆腐柴,,,,,,,no_image
60237,Primnoa ussuriensis,乌苏里翘尾蝗,,,,,,,no_image
134158,Preussia minipolymera,,,,,,,,no_image
118320,Primula asarifolia,细辛叶报春,,,,,,,no_image
118410,Primula epilosa,二郎山报春,,,,,,,no_image
118365,Primula chienii,青城报春,,,,,,,no_image
118386,Primula cunninghamii,小脆蒴报春,,,,,,,no_image
118341,Primula bulleyana,橘红灯台报春,,,,,,,no_image
118433,Primula flava,黄花粉叶报春,,,,,,,no_image
118477,Primula kialensis,等梗报春,,,,,,,no_image
118455,Primula hoffmanniana,川北脆蒴报春,,,,,,,no_image
118500,Primula lizipingensis,栗子坪报春,,,,,,,no_image
118574,Primula pingbaensis,平坝报春,,,,,,,no_image
118595,Primula ranunculoides,毛茛叶报春,,,,,,,no_image
118524,Primula melanodonta,芒齿灯台报春,,,,,,,no_image
118547,Primula obconica,鄂报春,,,,,,,no_image
118616,Primula scopulicola,岩壁报春,,,,,,,no_image
118687,Primula waddellii,窄筒小报春,,,,,,,no_image
118640,Primula souliei,缺裂报春,,,,,,,no_image
118663,Primula tongolensis,东俄洛报春,,,,,,,no_image
118707,Primula youngeriana,展萼雪山报春,,,,,,,no_image
118753,Primulina curvituba,弯花报春苣苔,,,,,,,no_image
118731,Primulina brachytricha,短毛报春苣苔,,,,,,,no_image
118775,Primulina floribunda,多花报春苣苔,,,,,,,no_image
118798,Primulina hezhouensis,贺州小花苣苔,,,,,,,no_image
118822,Primulina laxiflora,疏花报春苣苔,,,,,,,no_image
118844,Primulina lobulata,浅裂小花苣苔,,,,,,,no_image
118867,Primulina magnifica,华丽报春苣苔,,,,,,,no_image
118909,Primulina pseudoroseoalba,拟粉花报春苣苔,,,,,,,no_image
118887,Primulina obtusidentata,钝齿报春苣苔,,,,,,,no_image
118958,Primulina tiandengensis,天等报春苣苔,,,,,,,no_image
118930,Primulina serina,金翅报春苣苔,,,,,,,no_image
60267,Prionoblemma przewalskyi,,,,,,,,no_image
118980,Primulina yangmingshanensis,阳明山报春苣苔,,,,,,,no_image
118991,Prinsepia uniflora,蕤核,,,,,,,no_image
80269,Priolepis inhaca,裸颊锯鳞鰕虎,,,,,,,no_image
8534,Prionovolva pudica,贞洁锯梭螺,,,,,,,no_image
60304,Priscagrion pinheyi,宾黑古山蟌,,,,,,,no_image
80287,Pristipomoides flavipinnis,黄鳍紫鱼,,,,,,,no_image
18516,Proales sordida,污前翼轮虫,,,,,,,no_image
7038,Proboscidactyla flavicirrata,四枝管水母,,,,,,,no_image
60329,Processina taiwanana,台湾干大叶蝉,,,,,,,no_image
60382,Proctotrupes gravidator,膨腹细蜂,,,,,,,no_image
60366,Procladius rufovittatus,带前突摇蚊,,,,,,,no_image
60346,Prociphilus ligustrifoliae,女贞卷叶绵蚜,,,,,,,no_image
60400,Prodelphax formosana,台湾普罗飞虱,,,,,,,no_image
60413,Prohimerta sichuanensis,四川安螽,,,,,,,no_image
60425,Promachus bastardii,巴氏叉胫食虫虻,,,,,,,no_image
3358,Propeamussium jefferysi,杰氏拟日月贝,,,,,,,no_image
60445,Promesosternus vittatus,暗纹胸铧蝗,,,,,,,no_image
60464,Proreus weissi,末首垫跗螋,,,,,,,no_image
119010,Pronephrium penangianum,披针新月蕨,,,,,,,no_image
60473,Prosciara crassidens,粗齿首眼蕈蚊,,,,,,,no_image
60493,Prosciara oligotricha,疏毛首眼蕈蚊,,,,,,,no_image
60510,Prosimulium liaoningense,辽宁原蚋,,,,,,,no_image
60532,Prosoplus metallicus,,,,,,,,no_image
60550,Prostemma longicolle,长胸花姬蝽,,,,,,,no_image
17085,Prosorhynchus fujianensis,福建前吻吸虫,,,,,,,no_image
17277,Prosthodendrium nokomis,诺科副前腺吸虫,,,,,,,no_image
3158,Protankyra asymmetrica,歪刺锚参,,,,,,,no_image
19342,Protaphorura nutak,,,,,,,,no_image
119025,Protium yunnanense,滇马蹄果,,,,,,,no_image
60571,Protexarnis confusa,困异夜蛾,,,,,,,no_image
60595,Protocalliphora azurea,青原丽蝇,,,,,,,no_image
60611,Protocypus taibaiensis,,,,,,,,no_image
60628,Protohermes curvicornis,弯角星齿蛉,,,,,,,no_image
60648,Protohermes niger,黑胸星齿蛉,,,,,,,no_image
60665,Protomiltogramma fasciata,带盾斑蜂麻蝇,,,,,,,no_image
60670,Protonebula cupreata,铜朦尺蛾,,,,,,,no_image
9190,Protoribates urbanlus,,,,,,,,no_image
80331,Prunella atrogularis,黑喉岩鹨,,,,,,,no_image
150743,Protubera nipponica,,,,,,,,no_image
119053,Prunus cathayana,华仁杏,,,,,,,no_image
119079,Prunus fengyangshanica,凤阳山樱桃,,,,,,,no_image
119133,Prunus pananensis,磐安樱桃,,,,,,,no_image
119103,Prunus jenkinsii,坚核桂樱,,,,,,,no_image
119165,Prunus simonii,杏李,,,,,,,no_image
119187,Prunus tsuechinii,粹芝李,,,,,,,no_image
60712,Przhevalskiana aenigmatica,黄羊繸皮蝇,,,,,,,no_image
60728,Psallops chinensis,中国撒盲蝽,,,,,,,no_image
80357,Psammogobius biocellatus,双眼斑砂鰕虎,,,,,,,no_image
148025,Psathyrella albocapitata,白盖小脆柄菇,,,,,,,no_image
148045,Psathyrella crenata,假鬼伞,,,,,,,no_image
148085,Psathyrella pyrotricha,土黄小脆柄菇,,,,,,,no_image
148065,Psathyrella melanthina,,,,,,,,no_image
148105,Psathyrella typhae,,,,,,,,no_image
13628,Psechrus sinensis,中华褛网蛛,,,,,,,no_image
60750,Psectrosema turkmenica,土库曼柽瘿蚊,,,,,,,no_image
60769,Pselaphodes distincticornis,,,,,,,,no_image
60789,Pselaphodes maolanensis,,,,,,,,no_image
60809,Pselaphodes yanbini,,,,,,,,no_image
60848,Pselliophora sternoloba,船尾比栉大蚊,,,,,,,no_image
19207,Pseudachorutes jianxiucheni,,,,,,,,no_image
60828,Pselliophora ctenophorina,干沟比栉大蚊,,,,,,,no_image
60866,Pseudagrion rubriceps,丹顶斑蟌,,,,,,,no_image
60885,Pseudalosterna misella,,,,,,,,no_image
60900,Pseudaoria yunnana,云南伪厚缘肖叶甲,,,,,,,no_image
60914,Pseudatheta ghoropanensis,,,,,,,,no_image
80380,Pseudanthias bicolor,双色拟花鮨,,,,,,,no_image
119220,Pseudechinolaena polystachya,钩毛草,,,,,,,no_image
80412,Pseudobagrus albomarginatus,白边拟鲿,,,,,,,no_image
60935,Pseudeuchlora kafebera,绿花尺蛾,,,,,,,no_image
60942,Pseudipocragyes albosignatus,,,,,,,,no_image
80432,Pseudobalistes fuscus,黑副鳞鲀,,,,,,,no_image
80435,Pseudobulweria rostrata,钩嘴圆尾鹱,,,,,,,no_image
60965,Pseudobironium pseudobicolor,,,,,,,,no_image
80438,Pseudocalotes brevipes,短肢拟树蜥,,,,,,,no_image
60995,Pseudocentema bispinatum,双棘拟刺背䗛,,,,,,,no_image
132822,Pseudocercospora alpiniae,,,,,,,,no_image
132842,Pseudocercospora asphodelina,,,,,,,,no_image
132862,Pseudocercospora bruneiensis,,,,,,,,no_image
132882,Pseudocercospora chionanthi-retusi,,,,,,,,no_image
132902,Pseudocercospora coriariae,,,,,,,,no_image
132942,Pseudocercospora eucommiae,,,,,,,,no_image
132922,Pseudocercospora dianellae,,,,,,,,no_image
132962,Pseudocercospora fuligena,,,,,,,,no_image
132982,Pseudocercospora hydrangeae-angustipetalae,,,,,,,,no_image
133002,Pseudocercospora kashotoensis,,,,,,,,no_image
133022,Pseudocercospora machill,,,,,,,,no_image
133042,Pseudocercospora mucunae-ferrugineae,,,,,,,,no_image
133082,Pseudocercospora piperina,,,,,,,,no_image
133102,Pseudocercospora puerariae,,,,,,,,no_image
133062,Pseudocercospora ormosiae,红豆树假尾孢,,,,,,,no_image
133122,Pseudocercospora salviae,,,,,,,,no_image
133142,Pseudocercospora stahlii,,,,,,,,no_image
133162,Pseudocercospora thladianthae,,,,,,,,no_image
133182,Pseudocercospora weigelae,,,,,,,,no_image
80447,Pseudocheilinus hexataenia,六带拟唇鱼,,,,,,,no_image
7640,Pseudocladochonus hicksoni,希氏拟枝软珊瑚,,,,,,,no_image
119263,Pseudocodon grey-wilsonii,喜马拉雅辐冠参,,,,,,,no_image
80458,Pseudocoris heteroptera,异鳍拟盔鱼,,,,,,,no_image
119275,Pseudocyclosorus cavaleriei,青岩假毛蕨,,,,,,,no_image
119295,Pseudocyclosorus paraochthodes,武宁假毛蕨,,,,,,,no_image
137200,Pseudocyphellaria crocata,金缘假杯点衣,,,,,,,no_image
61030,Pseudodiamesa nivosa,雪伪寡角摇蚊,,,,,,,no_image
61070,Pseudoformicaleo pallidius,淡齐脉蚁蛉,,,,,,,no_image
61043,Pseudoechthistatus sinicus,,,,,,,,no_image
80483,Pseudogobiopsis wuhanlini,伍氏拟髯鰕虎,,,,,,,no_image
80477,Pseudogastromyzon laticeps,宽头拟腹吸鳅,,,,,,,no_image
119326,Pseudohygrohypnum fauriei,东亚灰藓,,,,,,,no_image
61083,Pseudohampsonella hoenei,侯氏伪汉刺蛾,,,,,,,no_image
80499,Pseudolabrus eoethinus,红项拟隆头鱼,,,,,,,no_image
119332,Pseudolepicolea quadrilaciniata,拟复叉苔,,,,,,,no_image
61130,Pseudoloxops punctulatus,点突额盲蝽,,,,,,,no_image
61118,Pseudolimnophila chikurina,竹林准拟大蚊,,,,,,,no_image
61140,Pseudomacrochenus antennatus,,,,,,,,no_image
61160,Pseudomallada diaphana,亮叉草蛉,,,,,,,no_image
61180,Pseudomallada joannisi,乔氏叉草蛉,,,,,,,no_image
61200,Pseudomallada verna,春叉草蛉,,,,,,,no_image
61211,Pseudomeristomerinx nigromaculatus,黑斑异瘦腹水虻,,,,,,,no_image
61222,Pseudonapomyza spicata,锐角拟菁潜蝇,,,,,,,no_image
17704,Pseudopalaina dautzenbergiana,段氏拟古螺,,,,,,,no_image
119357,Pseudopeucedanum ledebourielloides,华山前胡,,,,,,,no_image
2619,Pseudophilyra albimaculata,白斑假拳蟹,,,,,,,no_image
61255,Pseudoplandria fellowesi,,,,,,,,no_image
61275,Pseudoplandria taiwasubtilis,,,,,,,,no_image
13320,Pseudopoda nyingchiensis,林芝伪遁蛛,,,,,,,no_image
13323,Pseudopoda conaensis,错那伪遁蛛,,,,,,,no_image
13350,Pseudopoda spiculata,尖穗伪遁蛛,,,,,,,no_image
119383,Pseudopohlia microstomum,拟丝瓜藓,,,,,,,no_image
119385,Pseudopterobryum tenuicuspis,滇蕨藓,,,,,,,no_image
4415,Pseudoraphitoma brionae,强脊螺,,,,,,,no_image
80518,Pseudorhombus javanicus,爪哇斑鲆,,,,,,,no_image
8492,Pseudosimnia punctata,斑拟鼻螺,,,,,,,no_image
61312,Pseudorthocladius binarius,双附器伪直突摇蚊,,,,,,,no_image
61336,Pseudosmittia triangula,三角伪施密摇蚊,,,,,,,no_image
119402,Pseudosasa jiangleensis,将乐茶竿竹,,,,,,,no_image
61345,Pseudostegana acutifoliolata,尖叶斑翅果蝇,,,,,,,no_image
119420,Pseudostellaria davidii,蔓孩儿参,,,,,,,no_image
119436,Pseudostreblus indicus,假鹊肾树,,,,,,,no_image
10722,Pseudotiara tropica,热带伪帽水母,,,,,,,no_image
15540,Pseudotyrannochthonius cheni,陈氏拟暴伪蝎,,,,,,,no_image
138516,Psilachnum hainanense,海南短毛盘菌,,,,,,,no_image
154988,Pseudozyma shanxiensis,,,,,,,,no_image
146718,Psilocybe tibetensis,西藏裸盖菇,,,,,,,no_image
146698,Psilocybe inquilina,,,,,,,,no_image
61444,Psilophrys brachycornis,短角细柄跳小蜂,,,,,,,no_image
61426,Psilonyx hsiai,夏缺爪细腹食虫虻,,,,,,,no_image
119463,Psilotrichum ferrugineum,林地苋,,,,,,,no_image
80570,Psittiparus bakeri,红头鸦雀,,,,,,,no_image
61474,Psoraleococcus verrucosus,云南屑盘蚧,,,,,,,no_image
61485,Psychoda pellucida,透明蛾蠓,,,,,,,no_image
119482,Psychotria prainii,驳骨九节,,,,,,,no_image
61498,Psyrana japonica,日本缘螽,,,,,,,no_image
19302,Ptenothrix dinghuensis,,,,,,,,no_image
80589,Ptereleotris monoptera,单鳍鳍塘鳢,,,,,,,no_image
119499,Pteridium revolutum,毛轴蕨,,,,,,,no_image
119528,Pteris changjiangensis,昌江凤尾蕨,,,,,,,no_image
119562,Pteris henryi,狭叶凤尾蕨,,,,,,,no_image
119586,Pteris menglaensis,勐腊凤尾蕨,,,,,,,no_image
119606,Pteris rugosifolia,皱叶凤尾蕨,,,,,,,no_image
119631,Pteris xiaoyingiae,筱英凤尾蕨,,,,,,,no_image
119676,Pterobryopsis orientalis,南亚拟蕨藓,,,,,,,no_image
119656,Pternopetalum shunhuangense,舜皇囊瓣芹,,,,,,,no_image
119691,Pterocarya tonkinensis,越南枫杨,,,,,,,no_image
119704,Pterocyclus tibeticus,朗县滇羌活,,,,,,,no_image
80605,Pterogobius elapoides,蛇首高鳍鰕虎,,,,,,,no_image
61540,Pterolophia albovittata,,,,,,,,no_image
61585,Pterolophia lateralis,,,,,,,,no_image
61561,Pterolophia dalbergicola,,,,,,,,no_image
61605,Pterolophia postfasciculata,,,,,,,,no_image
61625,Pterolophia thibetana,,,,,,,,no_image
80654,Pterorhinus ruficollis,栗颈噪鹛,,,,,,,no_image
80616,Pterophycis spatium,大鳍稚鳕,,,,,,,no_image
61650,Pterostoma pterostomina,毛羽舟蛾,,,,,,,no_image
148134,Pterulicium xylogenum,木羽囊菌,,,,,,,no_image
119726,Pterygiella luzhijiangensis,绿汁江翅茎草,,,,,,,no_image
80681,Pterygotrigla ryukyuensis,琉球角鲂鮄,,,,,,,no_image
61674,Ptilodon pseudorobusta,拟粗羽齿舟蛾,,,,,,,no_image
119749,Ptilagrostis pelliotii,中亚细柄茅,,,,,,,no_image
13183,Ptocasius hubeiensis,湖北兜跳蛛,,,,,,,no_image
80688,Ptyas korros,灰鼠蛇,,,,,,,no_image
61698,Ptychoptera formosensis,台湾褶蚊,,,,,,,no_image
676,Ptychognathus takahashii,高氏折颚蟹,,,,,,,no_image
61717,Ptygonotus tarbinskii,达氏凹背蝗,,,,,,,no_image
119776,Puccinellia filifolia,线叶碱茅,,,,,,,no_image
119796,Puccinellia micranthera,小药碱茅,,,,,,,no_image
119816,Puccinellia tianschanica,天山碱茅,,,,,,,no_image
153508,Puccinia aestivalis,夏柄锈,,,,,,,no_image
153568,Puccinia australis,南方柄锈菌,,,,,,,no_image
153528,Puccinia anomala,,,,,,,,no_image
153548,Puccinia arundiariae,畸穗野古草柄锈菌,,,,,,,no_image
153588,Puccinia brandegei,元胡柄锈菌,,,,,,,no_image
153608,Puccinia carici-adenocauli,,,,,,,,no_image
153628,Puccinia caricis-rhizopodae,根苔草柄锈,,,,,,,no_image
153648,Puccinia cinnamomi,樟柄锈菌,,,,,,,no_image
153668,Puccinia congesta,密集柄锈菌,,,,,,,no_image
153688,Puccinia cyperi-cristati,,,,,,,,no_image
153708,Puccinia duthiae,毛蕊草柄锈菌,,,,,,,no_image
153728,Puccinia eritraeensis,,,,,,,,no_image
153748,Puccinia flaccida,柔柄柄锈菌,,,,,,,no_image
153768,Puccinia glumarum,小麦条锈菌,,,,,,,no_image
153788,Puccinia helianthi,向日葵柄锈菌,,,,,,,no_image
153808,Puccinia hultenii,赫尔顿柄锈菌,,,,,,,no_image
153828,Puccinia jackyana,,,,,,,,no_image
153848,Puccinia lactucae,低摊苦荬菜柄锈菌,,,,,,,no_image
153908,Puccinia melicae,臭草柄镑菌,,,,,,,no_image
153888,Puccinia lomatogonii,侧蕊柄锈菌,,,,,,,no_image
153928,Puccinia morata,木姜子柄锈菌,,,,,,,no_image
153868,Puccinia leucocephala,白头柄锈菌,,,,,,,no_image
153948,Puccinia nitidula,微亮柄锈菌,,,,,,,no_image
153968,Puccinia oreoselini,,,,,,,,no_image
154008,Puccinia poae-pratensis,六月禾柄锈菌,,,,,,,no_image
153988,Puccinia perplexans,,,,,,,,no_image
154028,Puccinia polygonicola,蓼生柄锈菌,,,,,,,no_image
154088,Puccinia schizonepetae,裂叶荆芥柄锈菌,,,,,,,no_image
154048,Puccinia pulchella,美丽柄锈,,,,,,,no_image
154108,Puccinia silvatica,,,,,,,,no_image
154068,Puccinia rubiae-tataricae,鞑靼茜草柄锈菌,,,,,,,no_image
154128,Puccinia sorghi,,,,,,,,no_image
154168,Puccinia thomasii,,,,,,,,no_image
154148,Puccinia szechuanensis,四川柄锈菌,,,,,,,no_image
154188,Puccinia tupistrae,开口箭柄锈菌,,,,,,,no_image
154208,Puccinia versicolor,变色柄锈菌,,,,,,,no_image
119821,Pueraria bouffordii,贵州葛,,,,,,,no_image
154492,Pucciniastrum hydrangeae-petiolaris,,,,,,,,no_image
154228,Puccinia ziziphorae,新 塔 花 柄 锈 菌,,,,,,,no_image
12538,Pulchellodromus mainlingensis,米林丽逍遥蛛,,,,,,,no_image
149241,Pulveroboletus auriflammeus,朱红粉末牛肝菌,,,,,,,no_image
140662,Pulvinula ascoboloides,,,,,,,,no_image
61730,Pullimosina meta,锥方小粪蝇,,,,,,,no_image
136340,Punctelia rudecta,粗星点梅,,,,,,,no_image
2428,Pustularia bistrinotata,双斑疹贝,,,,,,,no_image
80722,Puntius ticto,异斑小鲃,,,,,,,no_image
119875,Putranjiva roxburghii,假黄杨,,,,,,,no_image
61743,Purohita picea,沥黑叶角飞虱,,,,,,,no_image
80741,Pycnonotus leucogenys,白颊鹎,,,,,,,no_image
17247,Pycnoporus transverses,横囊坚盘吸虫,,,,,,,no_image
119903,Pygeum topengii,臀果木,,,,,,,no_image
61782,Pygophora nigribasis,黑基尾秽蝇,,,,,,,no_image
61801,Pygostrangalia kwangtungensis,广东长尾花天牛,,,,,,,no_image
143332,Pyrenochaeta oryzae,,,,,,,,no_image
119921,Pylaisiadelpha tristoviridis,暗绿毛锦藓,,,,,,,no_image
80754,Pyramodon ventralis,纤尾锥齿潜鱼,,,,,,,no_image
134680,Pyrenula dermatodes,,,,,,,,no_image
61836,Pyrgus malvae,锦葵花弄蝶,,,,,,,no_image
134700,Pyrenula pileata,帽状小核衣,,,,,,,no_image
61819,Pyrestes nigricollis,,,,,,,,no_image
119963,Pyrola corbieri,贵阳鹿蹄草,,,,,,,no_image
140680,Pyronema confluens,群生火丝菌,,,,,,,no_image
61847,Pyrosis eximia,栎黑枯叶蛾,,,,,,,no_image
150537,Pyrrhoderma noxium,,,,,,,,no_image
119993,Pyrrosia calvata,光石韦,,,,,,,no_image
120013,Pyrrosia porosa,柔软石韦,,,,,,,no_image
135228,Pyxine endochrysina,金色黑盘衣,,,,,,,no_image
120032,Pyrus hopeiensis,河北梨,,,,,,,no_image
61869,Qinshuiacris viridis,绿清水蝗,,,,,,,no_image
80790,Quasipaa phamanhi,大围山棘蛙,,,,,,,no_image
5457,Quadrans gargadia,方樱蛤,,,,,,,no_image
61896,Quedius aereipennis,,,,,,,,no_image
61916,Quedius biprominulus,,,,,,,,no_image
61936,Quedius collinsi,,,,,,,,no_image
61956,Quedius epytus,,,,,,,,no_image
61976,Quedius goang,,,,,,,,no_image
61996,Quedius iaculifer,,,,,,,,no_image
62016,Quedius koen,,,,,,,,no_image
62036,Quedius liangshanensis,,,,,,,,no_image
62056,Quedius mnemon,,,,,,,,no_image
62076,Quedius optabilis,,,,,,,,no_image
62096,Quedius puetzi,,,,,,,,no_image
62116,Quedius setosus,,,,,,,,no_image
62136,Quedius telesto,,,,,,,,no_image
62156,Quedius wanyan,,,,,,,,no_image
120093,Quercus fangshanensis,房山栎,,,,,,,no_image
145511,Queletia mirabilis,,,,,,,,no_image
120073,Quercus championii,岭南青冈,,,,,,,no_image
120155,Quercus shennongii,细叶青冈,,,,,,,no_image
120133,Quercus pachyloma,毛果青冈,,,,,,,no_image
120113,Quercus lamellosa,薄片青冈,,,,,,,no_image
120175,Quercus yunnanensis,云南波罗栎,,,,,,,no_image
913,Quollastria subtilis,细长东方虾蛄,,,,,,,no_image
120187,Racopilum spectabile,粗齿卷柏藓,,,,,,,no_image
62210,Rachia lineata,线峭舟蛾,,,,,,,no_image
62233,Rachispoda modesta,腐刺足小粪蝇,,,,,,,no_image
120237,Radula retroflexa,反叶扁萼苔,,,,,,,no_image
62252,Rainieria leucochira,亮翅云瘦足蝇,,,,,,,no_image
120197,Radiogrammitis moorei,牟氏辐禾蕨,,,,,,,no_image
120217,Radula inouei,圆瓣扁萼苔,,,,,,,no_image
136541,Ramalina conduplicans,对折树花,,,,,,,no_image
149940,Ramaria abietina,绿丛枝菌,,,,,,,no_image
136561,Ramalina pertusa,穿孔树花,,,,,,,no_image
149960,Ramaria cokeri,柯奇利枝瑚菌,,,,,,,no_image
149980,Ramaria flavobrunnescens,棕黄枝瑚菌,,,,,,,no_image
150000,Ramaria largentii,,,,,,,,no_image
150040,Ramaria spinulosa,小刺枝瑚菌,,,,,,,no_image
150020,Ramaria pallidolilacina,淡紫枝瑚菌,,,,,,,no_image
145728,Ramariopsis subtilis,,,,,,,,no_image
120248,Ramicrusta nanhaiensis,枝壳藻,,,,,,,no_image
133233,Ramularia eudidyma,,,,,,,,no_image
133213,Ramularia beticola,,,,,,,,no_image
133253,Ramularia medicaginis,,,,,,,,no_image
133273,Ramularia rosea,,,,,,,,no_image
62291,Ramulus flavovittatus,黄纵条短角棒䗛,,,,,,,no_image
62311,Ramulus kangxianense,康县短角棒䗛,,,,,,,no_image
62271,Ramulus apicalis,显尾短角棒䗛,,,,,,,no_image
62331,Ramulus pseudoarrogans,拟硕短角棒䗛,,,,,,,no_image
62351,Ramulus xingshanense,兴山短角棒䗛,,,,,,,no_image
80822,Rana johnsi,越南林蛙/越南趾沟蛙,,,,,,,no_image
1290,Raninoides barnardi,巴氏仿蛙蟹,,,,,,,no_image
120266,Ranunculus cantoniensis,禺毛茛,,,,,,,no_image
120353,Ranunculus mainlingensis,米林毛茛,,,,,,,no_image
120296,Ranunculus ficariifolius,西南毛茛,,,,,,,no_image
120323,Ranunculus humillimus,低毛茛,,,,,,,no_image
120379,Ranunculus nyalamensis,聂拉木毛茛,,,,,,,no_image
120404,Ranunculus radicans,沼地毛茛,,,,,,,no_image
120426,Ranunculus taisanensis,鹿场毛茛,,,,,,,no_image
120453,Ranunculus yinshanicus,阴山毛茛,,,,,,,no_image
62355,Rapala caerulea,蓝燕灰蝶,,,,,,,no_image
120459,Raphia vinifera,酒椰,,,,,,,no_image
120471,Rauvolfia tetraphylla,四叶萝芙木,,,,,,,no_image
62383,Rastrococcus iceryodes,平刺粉蚧,,,,,,,no_image
154567,Ravenelia sessilis,无柄伞锈菌,,,,,,,no_image
80866,Rectoris longibarbus,长须直口鲮,,,,,,,no_image
62391,Ravinia pernix,股拉麻蝇,,,,,,,no_image
17025,Reesella jilinensis,吉林丽色吸虫,,,,,,,no_image
80874,Regalecus russelii,勒氏皇带鱼,,,,,,,no_image
120521,Rehmannia henryi,湖北地黄,,,,,,,no_image
136347,Relicina sydneyensis,悉尼球针黄叶,,,,,,,no_image
120538,Renanthera citrina,中华火焰兰,,,,,,,no_image
147519,Resinomycena japonica,,,,,,,,no_image
62444,Reticulitermes bicristatus,双瘤散白蚁,,,,,,,no_image
149254,Retiboletus ornatipes,饰柄网柄牛肝菌,,,,,,,no_image
62485,Reticulitermes labralis,圆唇散白蚁,,,,,,,no_image
62464,Reticulitermes dichrous,双色散白蚁,,,,,,,no_image
62505,Reticulitermes mirus,陌宽散白蚁,,,,,,,no_image
62545,Reticulitermes zhaoi,赵氏散白蚁,,,,,,,no_image
62525,Reticulitermes subligulosus,近舌唇散白蚁,,,,,,,no_image
62561,Retipenna maculosa,瑕罗草蛉,,,,,,,no_image
80905,Rhabdophis chiwen,螭吻颈槽蛇,,,,,,,no_image
5728,Rhabditis marina,海洋杆状线虫,,,,,,,no_image
80926,Rhacophorus orlovi,奥氏树蛙,,,,,,,no_image
62578,Rhabinogana albistriga,锐夜蛾,,,,,,,no_image
62598,Rhadinopsylla insolita,不常纤蚤,,,,,,,no_image
62645,Rhagio hainanensis,海南鹬虻,,,,,,,no_image
62620,Rhagastis acuta,,,,,,,,no_image
62665,Rhagio singularis,黄胸鹬虻,,,,,,,no_image
120567,Rhamnella gilgitica,西藏猫乳,,,,,,,no_image
120634,Rhamnus procumbens,蔓生鼠李,,,,,,,no_image
120612,Rhamnus iteinophylla,桃叶鼠李,,,,,,,no_image
120582,Rhamnus chingshuiensis,清水鼠李,,,,,,,no_image
62689,Rhamphocoris elegantulus,台湾光姬蝽,,,,,,,no_image
62709,Rhamphophasma obtusum,钝喙尾䗛,,,,,,,no_image
120677,Rhaphidophora megaphylla,大叶崖角藤,,,,,,,no_image
62723,Rhaphitelus angustus,狭棍角金小蜂,,,,,,,no_image
62743,Rhaphium xinjiangense,新疆锥长足虻,,,,,,,no_image
62763,Rhaphuma constricta,,,,,,,,no_image
62783,Rhaphuma improvisa,,,,,,,,no_image
62825,Rhaphuma unigena,,,,,,,,no_image
13160,Rhene biembolusa,叉宽胸蝇虎,,,,,,,no_image
62803,Rhaphuma paucis,,,,,,,,no_image
62840,Rheocricotopus emeiensis,峨眉趋流摇蚊,,,,,,,no_image
62859,Rheotanytarsus aestuarius,圆流长跗摇蚊,,,,,,,no_image
120716,Rheum delavayi,滇边大黄,,,,,,,no_image
120736,Rheum rhabarbarum,波叶大黄,,,,,,,no_image
62883,Rheumaptera chinensis,中国汝尺蛾,,,,,,,no_image
80933,Rhinecanthus rectangulus,黑带锉鳞鲀,,,,,,,no_image
62911,Rheumaptera nigrifasciaria,黑带汝尺蛾,,,,,,,no_image
80936,Rhinobatos hynnicephalus,斑纹犁头鳐,,,,,,,no_image
5379,Rhinoecetes robustus,强壮喙管栖蜚,,,,,,,no_image
80954,Rhinogobius delicatus,细斑吻鰕虎,,,,,,,no_image
80974,Rhinogobius longshanensis,龙山吻虾虎鱼,,,,,,,no_image
80994,Rhinogobius wangchuangensis,万泉河吻鰕虎,,,,,,,no_image
81008,Rhinolophus nippon,马铁菊头蝠,,,,,,,no_image
81034,Rhinoraja melanosoma,黑体海湾无鳍鳐,,,,,,,no_image
9718,Rhinophytoptus dudichi,,,,,,,,no_image
17142,Rhipidocotyle pentagonum,五角扇盘吸虫,,,,,,,no_image
62966,Rhipidia maculata,斑栉形大蚊,,,,,,,no_image
62993,Rhipidolestes yangbingi,杨冰扇山蟌,,,,,,,no_image
140786,Rhizina babingtonii,,,,,,,,no_image
17483,Rhizochilus antipathum,虫瘿珊瑚螺,,,,,,,no_image
137559,Rhizocarpon intersitum,,,,,,,,no_image
147752,Rhizomarasmius undatus,皱盖小皮伞,,,,,,,no_image
155307,Rhizophydium laterale,,,,,,,,no_image
81040,Rhizomys pruinosus,银星竹鼠,,,,,,,no_image
149519,Rhizopogon vinicolor,葡萄酒色须腹菌,,,,,,,no_image
137687,Rhizoplacopsis weichingii,蔚青盾叶,,,,,,,no_image
4137,Rhizorus ovulinus,卵圆尖卷螺,,,,,,,no_image
63029,Rhodesiella kanoi,加纳锥秆蝇,,,,,,,no_image
81050,Rhodeus haradai,原田鳑鲏,,,,,,,no_image
120811,Rhodiola macrocarpa,大果红景天,,,,,,,no_image
120787,Rhodiola crenulata,大花红景天,,,,,,,no_image
120841,Rhodiola stapfii,托花红景天,,,,,,,no_image
147674,Rhodocollybia maculata,斑金钱菌,,,,,,,no_image
120877,Rhododendron agastum,迷人杜鹃,,,,,,,no_image
120908,Rhododendron atrovirens,大关杜鹃,,,,,,,no_image
120931,Rhododendron bonvalotii,折多杜鹃,,,,,,,no_image
120960,Rhododendron capitatum,头花杜鹃,,,,,,,no_image
121013,Rhododendron dasypetalum,毛瓣杜鹃,,,,,,,no_image
120988,Rhododendron circinnatum,卷毛杜鹃,,,,,,,no_image
121043,Rhododendron discolor,喇叭杜鹃,,,,,,,no_image
121090,Rhododendron fulvum,镰果杜鹃,,,,,,,no_image
121068,Rhododendron faithiae,大云锦杜鹃,,,,,,,no_image
121163,Rhododendron jinpingense,金平杜鹃,,,,,,,no_image
121112,Rhododendron haematodes,似血杜鹃,,,,,,,no_image
121140,Rhododendron huangpingense,黄坪杜鹃,,,,,,,no_image
121184,Rhododendron lateriflorum,侧花杜鹃,,,,,,,no_image
121205,Rhododendron linguiense,临桂杜鹃,,,,,,,no_image
121255,Rhododendron mingii,天禄杜鹃,,,,,,,no_image
121229,Rhododendron magniflorum,贵州大花杜鹃,,,,,,,no_image
121276,Rhododendron neriiflorum,火红杜鹃,,,,,,,no_image
121383,Rhododendron rigidum,基毛杜鹃,,,,,,,no_image
121309,Rhododendron pachyphyllum,厚叶杜鹃,,,,,,,no_image
121360,Rhododendron pubescens,柔毛杜鹃,,,,,,,no_image
121333,Rhododendron poilanei,毛果缺顶杜鹃,,,,,,,no_image
121419,Rhododendron sargentianum,水仙杜鹃,,,,,,,no_image
121442,Rhododendron siderophyllum,锈叶杜鹃,,,,,,,no_image
121475,Rhododendron subcerinum,蜡黄杜鹃,,,,,,,no_image
121499,Rhododendron thayerianum,反边杜鹃,,,,,,,no_image
121531,Rhododendron tubulosum,长管杜鹃,,,,,,,no_image
121555,Rhododendron wardii,黄杯杜鹃,,,,,,,no_image
63065,Rhodoneura fuscusa,棕赤网蛾,,,,,,,no_image
121578,Rhododendron yangmingshanense,阳明山杜鹃,,,,,,,no_image
121597,Rhodoleia championii,红花荷,,,,,,,no_image
146314,Rhodophyllus omiensis,黄条纹粉褶菌,,,,,,,no_image
63086,Rhodoneura strigatula,褐线银网蛾,,,,,,,no_image
146294,Rhodophyllus brunneolus,浅棕 粉褶蕈赤褶菇,,,,,,,no_image
146334,Rhodophyllus turbidus,锥形赤褶菇,,,,,,,no_image
121605,Rhodotypos scandens,鸡麻,,,,,,,no_image
63110,Rhondia attelaboides,,,,,,,,no_image
121613,Rhopalocnemis phalloides,盾片蛇菰,,,,,,,no_image
63140,Rhopalopsole exiguspina,衍刺诺(虫责),,,,,,,no_image
63160,Rhopalopsole qinlinga,秦岭诺(虫责),,,,,,,no_image
63190,Rhoptrispa dilaticornis,刺鞘棒角铁甲,,,,,,,no_image
144636,Rhopalostroma africanum,,,,,,,,no_image
9833,Rhyncaphytoptus fengi,,,,,,,,no_image
63201,Rhyacionia dolichotubula,长梢小卷蛾,,,,,,,no_image
9799,Rhyncaphytoptus tibetisalicise,,,,,,,,no_image
63218,Rhynchopsilopa huangkengensis,黄坑裸喙水蝇,,,,,,,no_image
81074,Rhynchocypris oxycephalus,尖头大吻&#x0000E003;,,,,,,,no_image
121666,Rhynchostegium duthiei,杜氏长喙藓,,,,,,,no_image
121647,Rhynchospora chinensis,华刺子莞,,,,,,,no_image
121687,Rhynchotechum longipes,长梗线柱苣苔,,,,,,,no_image
16677,Rhyssoleptoneta latitarsa,宽跗皱弱蛛,,,,,,,no_image
63237,Rhyothemis triangularis,三角丽翅蜻,,,,,,,no_image
139358,Rhytisma lonicerae,忍冬斑痣盘菌,,,,,,,no_image
121740,Ribes horridum,密刺茶藨子,,,,,,,no_image
121702,Ribes ambiguum,四川蔓茶藨子,,,,,,,no_image
121808,Ribes xizangense,西藏茶藨子,,,,,,,no_image
121777,Ribes palczewskii,英吉里茶藨子,,,,,,,no_image
121828,Riccia cavernosa,宽瓣钱苔,,,,,,,no_image
135086,Rickia taiwanensis,,,,,,,,no_image
121850,Ricciocarpos natans,浮苔,,,,,,,no_image
148615,Rimbachia arachnoidea,,,,,,,,no_image
135401,Rinodina punctosorediata,点状粉芽饼干衣,,,,,,,no_image
2651,Ringicula yokoyama,厚肋露齿螺,,,,,,,no_image
63264,Rioxa discalis,前缘脉实蝇,,,,,,,no_image
63277,Risoba prominens,显长角皮夜蛾,,,,,,,no_image
11487,Robertus peregrinus,奇异罗伯蛛,,,,,,,no_image
131621,Roccellina niponica,,,,,,,,no_image
63283,Rivellia charbinensis,哈尔滨带广口蝇,,,,,,,no_image
121890,Roemeria refracta,红花疆罂粟,,,,,,,no_image
81094,Rohanixalus shyamrupus,喜山侧条树蛙,,,,,,,no_image
121911,Rohdea longianthera,长药开口箭,,,,,,,no_image
63316,Rondibilis bispinosoides,,,,,,,,no_image
63338,Ropalopus speciosus,,,,,,,,no_image
63355,Ropronia changmingi,长明窄腹细蜂,,,,,,,no_image
63375,Ropronia szechuanensis,四川窄腹细蜂,,,,,,,no_image
121936,Rorippa palustris,沼生蔊菜,,,,,,,no_image
121970,Rosa cymosa,小果蔷薇,,,,,,,no_image
122005,Rosa henryi,软条七蔷薇,,,,,,,no_image
122071,Rosa rubiginosa,锈红蔷薇,,,,,,,no_image
122039,Rosa mairei,毛叶蔷薇,,,,,,,no_image
122107,Rosa tsinglingensis,秦岭蔷薇,,,,,,,no_image
122123,Roscoea cangshanensis,苍山象牙参,,,,,,,no_image
63395,Rosalia lateritia,,,,,,,,no_image
144747,Rosellinia emergens,,,,,,,,no_image
9005,Rostrozetes shibai,千叶角单翼甲螨,,,,,,,no_image
18472,Rotaria rotatoria,转轮虫,,,,,,,no_image
134150,Roussoella pustulans,,,,,,,,no_image
122172,Roystonea regia,大王椰,,,,,,,no_image
122186,Rubia crassipes,厚柄茜草,,,,,,,no_image
81109,Rubigula flaviventris,黑冠黄鹎,,,,,,,no_image
122206,Rubia pseudogalium,高黎贡山茜草,,,,,,,no_image
122248,Rubus bambusarum,竹叶鸡爪茶,,,,,,,no_image
122281,Rubus columellaris,小柱悬钩子,,,,,,,no_image
122355,Rubus hastifolius,戟叶悬钩子,,,,,,,no_image
122321,Rubus flagelliflorus,攀枝莓,,,,,,,no_image
122393,Rubus jianensis,常绿悬钩子,,,,,,,no_image
122429,Rubus lobatus,五裂悬钩子,,,,,,,no_image
122458,Rubus oblongus,长圆悬钩子,,,,,,,no_image
122491,Rubus pileatus,菰帽悬钩子,,,,,,,no_image
122538,Rubus rolfei,高山悬钩子,,,,,,,no_image
122571,Rubus subtibetanus,密刺悬钩子,,,,,,,no_image
122601,Rubus wawushanensis,瓦屋山悬钩子,,,,,,,no_image
122620,Rudbeckia hirta,黑心菊,,,,,,,no_image
63428,Rugilus aequabilis,,,,,,,,no_image
81115,Rugosa emeljanovi,东北粗皮蛙,,,,,,,no_image
63448,Rugilus glabripennis,,,,,,,,no_image
122642,Rumex microcarpus,小果酸模,,,,,,,no_image
122658,Rungia bisaccata,囊花孩儿草,,,,,,,no_image
122676,Rupiphila tachiroei,岩茴香,,,,,,,no_image
152329,Russula albidula,小白红菇,,,,,,,no_image
152349,Russula caerulea,蓝紫红菇,,,,,,,no_image
152369,Russula cutifracta,碎皮红菇,,,,,,,no_image
152409,Russula integra,变色红菇,,,,,,,no_image
152389,Russula flavispora,硫孢红菇,,,,,,,no_image
152429,Russula melliolens,蜜味红菇,,,,,,,no_image
152449,Russula patouillardii,青灰红菇,,,,,,,no_image
152469,Russula punicea,紫红菇,,,,,,,no_image
152509,Russula virescens,变绿红菇,,,,,,,no_image
152489,Russula sororia,成堆红菇,,,,,,,no_image
63472,Rutylapa longa,延长如菌蚊,,,,,,,no_image
122684,Sabia campanulata,钟花清风藤,,,,,,,no_image
132092,Saccharata kirstenboschensis,,,,,,,,no_image
122713,Sabulina helmii,腺毛山漆姑,,,,,,,no_image
16912,Sabacon martensi,马顿鼓肢盲蛛,,,,,,,no_image
122733,Sacciolepis myosuroides,鼠尾囊颖草,,,,,,,no_image
122745,Saelania glaucescens,石缝藓,,,,,,,no_image
3180,Saccoglossus hwangtauensis,黄岛长吻虫,,,,,,,no_image
122761,Sageretia melliana,刺藤子,,,,,,,no_image
122780,Sagittaria lichuanensis,利川慈姑,,,,,,,no_image
63515,Saligranta svihlai,,,,,,,,no_image
4617,Sakaina japonica,日本酒井蟹,,,,,,,no_image
7691,Salacia sibogae,西伯嘎海女螅,,,,,,,no_image
122823,Salix arctica,北极柳,,,,,,,no_image
122849,Salix burqinensis,布尔津柳,,,,,,,no_image
63530,Saliocleta niveipicta,雪斑箩舟蛾,,,,,,,no_image
122876,Salix contortiapiculata,扭尖柳,,,,,,,no_image
122902,Salix eriocarpa,长柱柳,,,,,,,no_image
122978,Salix leveilleana,荞麦地柳,,,,,,,no_image
122929,Salix gracilistyla,细柱柳,,,,,,,no_image
122953,Salix jingdongensis,景东矮柳,,,,,,,no_image
123003,Salix michelsonii,米黄柳,,,,,,,no_image
123027,Salix ochetophylla,汶川柳,,,,,,,no_image
123057,Salix pilosomicrophylla,毛小叶垫柳,,,,,,,no_image
123082,Salix raddeana,大黄柳,,,,,,,no_image
123112,Salix scopulicola,岩壁垫柳,,,,,,,no_image
123169,Salix variegata,秋华柳,,,,,,,no_image
123140,Salix sungkianica,松江柳,,,,,,,no_image
4930,Salmaciella dussumieri,杜氏洼角海胆,,,,,,,no_image
123196,Salsola collina,猪毛菜,,,,,,,no_image
63542,Saltisedes hainanensis,,,,,,,,no_image
123268,Salvia grandifolia,大叶鼠尾草,,,,,,,no_image
123294,Salvia miltiorrhiza,丹参,,,,,,,no_image
123229,Salvia campanulata,钟萼鼠尾草,,,,,,,no_image
123326,Salvia roborowskii,黏毛鼠尾草,,,,,,,no_image
81143,Samariscus longimanus,长臂沙鲽,,,,,,,no_image
123355,Salvia wuana,少花鼠尾草,,,,,,,no_image
123373,Sanguisorba applanata,宽蕊地榆,,,,,,,no_image
63566,Saperda pallidipennis,,,,,,,,no_image
123406,Sanicula serrata,锯叶变豆菜,,,,,,,no_image
63605,Saprinus semistriatus,半线腐阎甲,,,,,,,no_image
63582,Saprinus biguttatus,双斑腐阎甲,,,,,,,no_image
63626,Sapromyza ventistriata,腹带双鬃缟蝇,,,,,,,no_image
63637,Sarasaeschna pyanan,源垭沼蜓,,,,,,,no_image
152658,Sarcodon imbricatus,翘鳞内齿菌,,,,,,,no_image
81151,Sarcocheilichthys parvus,小鳈,,,,,,,no_image
135140,Sarcogyne picea,,,,,,,,no_image
7174,Sarcophyton elegans,华丽肉芝软珊瑚,,,,,,,no_image
123457,Sarcosperma arboreum,大肉实树,,,,,,,no_image
63660,Sarcorohdendorfia inextricata,拟羚足鬃麻蝇,,,,,,,no_image
140850,Sarcoscypha protracta,,,,,,,,no_image
81167,Sardinella richardsoni,里氏小沙丁鱼,,,,,,,no_image
63692,Sarima bifurca,双叉萨瓢蜡蝉,,,,,,,no_image
63672,Sargus baculventerus,棒瘦腹水虻,,,,,,,no_image
63710,Sarmydus antennntus,,,,,,,,no_image
63718,Saropogon melampygus,黑臀并角食虫虻,,,,,,,no_image
63728,Sasunaga basiplaga,纹幻夜蛾,,,,,,,no_image
63754,Sathytes excertus,,,,,,,,no_image
63791,Satyrus parisatis,白边眼蝶,,,,,,,no_image
81198,Satyrichthys welchi,魏氏红鲂鮄,,,,,,,no_image
123498,Sauromatum diversifolium,高原犁头尖,,,,,,,no_image
81204,Saurida gracilis,细蛇鲻,,,,,,,no_image
123518,Sauropus yanhuianus,多脉守宫木,,,,,,,no_image
123540,Saussurea aster,云状雪兔子,,,,,,,no_image
123560,Saussurea candolleana,宽翅风毛菊,,,,,,,no_image
123581,Saussurea conaensis,错那雪兔子,,,,,,,no_image
123603,Saussurea elliptica,藏新风毛菊,,,,,,,no_image
123623,Saussurea gnaphalodes,鼠曲雪兔子,,,,,,,no_image
123667,Saussurea kiraisiensis,台岛风毛菊,,,,,,,no_image
123645,Saussurea huzhuensis,互助风毛菊,,,,,,,no_image
123687,Saussurea lhozhagensis,洛扎雪兔子,,,,,,,no_image
123707,Saussurea melanotricha,黑苞风毛菊,,,,,,,no_image
123747,Saussurea peduncularis,显梗风毛菊,,,,,,,no_image
123727,Saussurea nishiokae,须弥雪兔子,,,,,,,no_image
123767,Saussurea pseudobullockii,洮河风毛菊,,,,,,,no_image
123789,Saussurea pumila,矮小风毛菊,,,,,,,no_image
123811,Saussurea schanginiana,暗苞风毛菊,,,,,,,no_image
123831,Saussurea stella,星状雪兔子,,,,,,,no_image
123853,Saussurea tomentosa,高岭风毛菊,,,,,,,no_image
123877,Saussurea wenchengiae,文成雪莲,,,,,,,no_image
63802,Saussurella decurva,钩角股沟蚱,,,,,,,no_image
138166,Sawadaea aesculi,,,,,,,,no_image
123931,Saxifraga cernua,零余虎耳草,,,,,,,no_image
123909,Saxifraga baimashanensis,白马山虎耳草,,,,,,,no_image
123951,Saxifraga decussata,十字虎耳草,,,,,,,no_image
124004,Saxifraga gonggashanensis,贡嘎山虎耳草,,,,,,,no_image
123978,Saxifraga elliptica,光萼虎耳草,,,,,,,no_image
124035,Saxifraga insolens,贡山虎耳草,,,,,,,no_image
124055,Saxifraga luoxiaoensis,罗霄虎耳草,,,,,,,no_image
124081,Saxifraga nanella,光缘虎耳草,,,,,,,no_image
124133,Saxifraga shennongii,神农氏虎耳草,,,,,,,no_image
124106,Saxifraga pratensis,草地虎耳草,,,,,,,no_image
124187,Saxifraga wardii,腺瓣虎耳草,,,,,,,no_image
124160,Saxifraga subternata,对轮叶虎耳草,,,,,,,no_image
63806,Scaeva altaica,阿勒泰鼓额蚜蝇,,,,,,,no_image
124211,Scapania ciliatospinosa,刺毛合叶苔,,,,,,,no_image
81232,Scalicus serrulatus,锯棘叉吻鲂鮄,,,,,,,no_image
124231,Scapania ligulata,舌叶合叶苔,,,,,,,no_image
124255,Scapania umbrosa,斜齿合叶苔,,,,,,,no_image
9037,Scapheremaeus quadrireticulatus,四网船甲螨,,,,,,,no_image
63843,Scaphidium fainanense,,,,,,,,no_image
63885,Scaphidium yinziweii,,,,,,,,no_image
63863,Scaphidium montivagum,,,,,,,,no_image
63924,Scaphisoma limbatum,,,,,,,,no_image
63904,Scaphisoma dilatatum,,,,,,,,no_image
63944,Scaphisoma pseudodelictum,,,,,,,,no_image
63964,Scaphisoma vestigator,,,,,,,,no_image
63982,Scaphobaeocera pseudovalida,,,,,,,,no_image
63999,Scaptodrosophila dorsata,黑背花果蝇,,,,,,,no_image
64019,Scaptodrosophila throckmortoni,斯罗克氏花果蝇,,,,,,,no_image
81238,Scaptonyx fusicauda,川西长尾鼹,,,,,,,no_image
64065,Scatopsciara atomaria,原粪眼蕈蚊,,,,,,,no_image
81253,Scarus hypselopterus,高鳍鹦嘴鱼,,,,,,,no_image
64046,Scathophaga chinensis,华西粪蝇,,,,,,,no_image
64084,Sceiodonta granulosa,密点沟顶肖叶甲,,,,,,,no_image
64098,Sceptrophasma bituberculatum,,,,,,,,no_image
124287,Schima superba,木荷,,,,,,,no_image
124270,Schiffneria yunnanensis,云南塔叶苔,,,,,,,no_image
124305,Schisandra micrantha,小花五味子,,,,,,,no_image
124325,Schismus arabicus,齿稃草,,,,,,,no_image
81280,Schistura cryptofasciata,隐斑南鳅,,,,,,,no_image
124344,Schistochilopsis cornuta,拟歧舌苔,,,,,,,no_image
81302,Schistura pertica,棒状南鳅,,,,,,,no_image
124357,Schizocapsa guangxiensis,广西裂果薯,,,,,,,no_image
124388,Schizostachyum dumetorum,苗竹仔,,,,,,,no_image
124371,Schizopepon macranthus,大花裂瓜,,,,,,,no_image
150709,Schizopora apacheriensis,,,,,,,,no_image
9520,Schizotetranychus floresi,,,,,,,,no_image
81352,Schizothorax labrosus,厚唇裂腹鱼,,,,,,,no_image
81332,Schizothorax biddulphi,塔里木裂腹鱼,,,,,,,no_image
81372,Schizothorax sinensis,中华裂腹鱼,,,,,,,no_image
124409,Schnabelia jiuzhaigouensis,九寨沟四棱草,,,,,,,no_image
124423,Schoenoplectiella trapezoidea,五棱萤蔺,,,,,,,no_image
124475,Sciaphila jianfenglingensis,尖峰霉草,,,,,,,no_image
124445,Schoenoplectus triqueter,三棱水葱,,,,,,,no_image
124463,Schulzia crinita,长毛苞裂芹,,,,,,,no_image
64152,Sciasmomyia longicurvata,长弯影缟蝇,,,,,,,no_image
150551,Scindalma glaziovii,,,,,,,,no_image
81405,Scincella monticola,山滑蜥,,,,,,,no_image
150571,Scindalma procerum,,,,,,,,no_image
6797,Scintilla cuvieri,居氏红蛤,,,,,,,no_image
64183,Scirtetellus kerzhneri,克氏迈盲蝽,,,,,,,no_image
124509,Scleria levis,毛果珍珠茅,,,,,,,no_image
64175,Sciophila ochracea,淡黄粘菌蚊,,,,,,,no_image
131659,Scleroglossum shiraianum,,,,,,,,no_image
149528,Scleroderma aurantium,橙黄硬皮马勃,,,,,,,no_image
64192,Sclerochiton barbatus,,,,,,,,no_image
64203,Sclerophaedon rufipes,红足固猿叶甲,,,,,,,no_image
138998,Sclerotinia ginseng,人参核盘菌,,,,,,,no_image
139018,Sclerotinia solani,,,,,,,,no_image
64211,Scoliophthalmus formosanus,台湾曲眼秆蝇,,,,,,,no_image
143353,Scolecobasidium ellipticum,,,,,,,,no_image
81427,Scolopsis taenioptera,条纹眶棘鲈,,,,,,,no_image
81441,Scomberomorus niphonius,蓝点马鲛,,,,,,,no_image
634,Scopimera intermedia,中型鼓窗蟹,,,,,,,no_image
81447,Scopelengys tristis,拟灯笼鱼,,,,,,,no_image
81459,Scorpaena pepo,南瓜鲉,,,,,,,no_image
81479,Scorpaenopsis ramaraoi,拉氏拟鲉,,,,,,,no_image
124565,Scorzonera songorica,准噶尔柄果菊,,,,,,,no_image
64255,Scotopteryx flavophasgania,黄剑掷尺蛾,,,,,,,no_image
124584,Scrophularia henryi,鄂西玄参,,,,,,,no_image
124604,Scrophularia spicata,穗花玄参,,,,,,,no_image
1811,Scrupocellaria spatulatoidea,拟匙粗胞苔虫,,,,,,,no_image
124633,Scutellaria anhweiensis,安徽黄芩,,,,,,,no_image
124662,Scutellaria galericulata,盔状黄芩,,,,,,,no_image
124722,Scutellaria prostrata,平卧黄芩,,,,,,,no_image
124689,Scutellaria macrodonta,大齿黄芩,,,,,,,no_image
124751,Scutellaria subintegra,两广黄芩,,,,,,,no_image
124775,Scutellaria wongkei,南粤黄芩,,,,,,,no_image
140719,Scutellinia setosa,毛盾盘菌,,,,,,,no_image
140699,Scutellinia erinaceus,刺盾盘菌,,,,,,,no_image
155626,Scutellospora dipurpurescens,双紫盾巨孢囊霉,,,,,,,no_image
81489,Scutiger boulengeri,西藏齿突蟾,,,,,,,no_image
64279,Scydmaenus minangkabauensis,,,,,,,,no_image
81508,Scutiger spinosus,刺疣齿突蟾,,,,,,,no_image
143366,Scytalidium circinatum,,,,,,,,no_image
64298,Scythropiodes tribula,三叉绢祝蛾,,,,,,,no_image
81519,Sebastapistes strongia,眉须鳞头鲉,,,,,,,no_image
11933,Scytodes quattuordecemmaculata,四斑花皮蛛,,,,,,,no_image
124808,Sedum alfredii,东南景天,,,,,,,no_image
124795,Secamone bonii,斑皮鲫鱼藤,,,,,,,no_image
124854,Sedum gagei,锡金景天,,,,,,,no_image
124830,Sedum dimorphophyllum,二型叶景天,,,,,,,no_image
124874,Sedum leblancae,钝萼景天,,,,,,,no_image
124898,Sedum nanlingense,南岭景天,,,,,,,no_image
124939,Sedum spiralifolium,旋枝景天,,,,,,,no_image
124969,Sedum wilsonii,兴山景天,,,,,,,no_image
18901,Seira musarum,,,,,,,,no_image
124919,Sedum polytrichoides,藓状景天,,,,,,,no_image
124978,Selaginella albocincta,白边卷柏,,,,,,,no_image
125019,Selaginella kouytcheensis,贵州卷柏,,,,,,,no_image
124998,Selaginella delicatula,薄叶卷柏,,,,,,,no_image
125040,Selaginella pennata,拟双沟卷柏,,,,,,,no_image
125062,Selaginella stauntoniana,旱生卷柏,,,,,,,no_image
125082,Selaginella zhangii,宪春卷柏,,,,,,,no_image
125084,Selinum cryptotaenium,亮蛇床,,,,,,,no_image
125101,Selliguea ebenipes,黑鳞假瘤蕨,,,,,,,no_image
125123,Selliguea majoensis,宽底假瘤蕨,,,,,,,no_image
125164,Semenovia dasycarpa,毛果大瓣芹,,,,,,,no_image
125143,Selliguea tatsienensis,康定节肢蕨,,,,,,,no_image
64333,Semanotus japonicus,,,,,,,,no_image
64344,Semidalis macleodi,马氏重粉蛉,,,,,,,no_image
64358,Semiotellus tumidulus,膨痣糙刻金小蜂,,,,,,,no_image
125193,Senecio densiserratus,密齿千里光,,,,,,,no_image
125240,Senecio tarokoensis,太鲁阁千里光,,,,,,,no_image
125215,Senecio lingianus,君范千里光,,,,,,,no_image
125280,Senna corymbosa,伞房决明,,,,,,,no_image
64365,Senometopia dentata,齿肛裸基寄蝇,,,,,,,no_image
125260,Senegalia obliqua,独眼龙儿茶,,,,,,,no_image
64385,Senometopia secunda,继裸基寄蝇,,,,,,,no_image
19407,Sensillonychiurus changchunensis,,,,,,,,no_image
64440,Sephisa daimio,台湾帅蛱蝶,,,,,,,no_image
64417,Sepedophilus amurensis,,,,,,,,no_image
64462,Sepsis thoracica,胸廓鼓翅蝇,,,,,,,no_image
143391,Septoria aquilariae,,,,,,,,no_image
154616,Septobasidium formosense,,,,,,,,no_image
154636,Septobasidium rhabarbarinum,,,,,,,,no_image
143411,Septoria carpesii,,,,,,,,no_image
143431,Septoria cucurbitacearum,,,,,,,,no_image
143451,Septoria fragariae,,,,,,,,no_image
143471,Septoria lengyelii,,,,,,,,no_image
143491,Septoria perillae,,,,,,,,no_image
143511,Septoria pteridis,,,,,,,,no_image
143531,Septoria theicola,,,,,,,,no_image
140731,Sepultaria arenicola,沙丘生埋盘菌,,,,,,,no_image
64475,Sergentomyia indica,印度司蛉,,,,,,,no_image
64495,Sergentomyia suni,孙氏司蛉,,,,,,,no_image
64520,Serixia chinensis,,,,,,,,no_image
6482,Sergia gardineri,戈(加)氏樱虾,,,,,,,no_image
64514,Sericomyia sachalinica,萨哈林丝蚜蝇,,,,,,,no_image
81555,Serrivomer beanii,比氏锯犁鳗,,,,,,,no_image
3197,Sesarmops impressum,印痕中相手蟹,,,,,,,no_image
7721,Sertularia distans,伸展桧叶螅,,,,,,,no_image
125341,Setaria forbesiana,西南莩草,,,,,,,no_image
125329,Seseli sandbergiae,山西西风芹,,,,,,,no_image
64566,Shaka atrovittatus,沙舟蛾,,,,,,,no_image
9457,Setoptus inaequalis,,,,,,,,no_image
144505,Seynesia nobilis,,,,,,,,no_image
125369,Sherardia arvensis,田茜,,,,,,,no_image
64580,Shijidelphax albithoracalis,白胸世纪飞虱,,,,,,,no_image
125388,Shivparvatia rhodantha,红花独缀草,,,,,,,no_image
64600,Siagonium vittatum,,,,,,,,no_image
125398,Sibbaldia aphanopetala,隐瓣山莓草,,,,,,,no_image
64619,Sibirarctia kindermanni,丽西伯灯蛾,,,,,,,no_image
710,Sicyonia ocellata,眼斑单肢虾,,,,,,,no_image
81569,Sicista caudata,长尾蹶鼠,,,,,,,no_image
125438,Sida spinosa,刺黄花棯,,,,,,,no_image
81583,Siganus javus,爪哇篮子鱼,,,,,,,no_image
64646,Sieboldius herculeus,环纹施春蜓,,,,,,,no_image
15978,Sigipinius simplex,,,,,,,,no_image
64666,Silba nigrispicata,黑刺双鬃尖尾蝇,,,,,,,no_image
125459,Silene batangensis,巴塘蝇子草,,,,,,,no_image
125555,Silene olgiana,沙生蝇子草,,,,,,,no_image
125505,Silene huochenensis,霍城蝇子草,,,,,,,no_image
125481,Silene densiflora,密花蝇子草,,,,,,,no_image
125531,Silene lithophila,喜岩蝇子草,,,,,,,no_image
125575,Silene scopulorum,岩生蝇子草,,,,,,,no_image
81597,Sillago asiatica,亚洲鱚,,,,,,,no_image
125597,Silene wolgensis,伏尔加蝇子草,,,,,,,no_image
81614,Silurus mento,昆明鲇,,,,,,,no_image
64692,Silvius anchoricallus,锚胛林虻,,,,,,,no_image
64716,Simulium angustatum,窄形纺蚋,,,,,,,no_image
64703,Similosodus torui,,,,,,,,no_image
64736,Simulium biseriata,成双杵蚋,,,,,,,no_image
64756,Simulium damingense,大明蚋,,,,,,,no_image
64776,Simulium ferganicum,斑短蚋,,,,,,,no_image
64796,Simulium henanense,河南纺蚋,,,,,,,no_image
64816,Simulium jingfui,经甫蚋,,,,,,,no_image
64836,Simulium lingzhiense,林芝山蚋,,,,,,,no_image
64856,Simulium menglaense,勐腊蚋,,,,,,,no_image
64876,Simulium nodosum,节蚋,,,,,,,no_image
64896,Simulium polyprominulum,多裂山蚋,,,,,,,no_image
64916,Simulium raohense,饶河纺蚋,,,,,,,no_image
64956,Simulium tanetchovi,谭周氏蚋,,,,,,,no_image
64936,Simulium shanxiense,山西蚋,,,,,,,no_image
64976,Simulium uncum,钩突蚋,,,,,,,no_image
64996,Simulium xingyiense,兴义维蚋,,,,,,,no_image
125609,Sinacalia tangutica,华蟹甲,,,,,,,no_image
6322,Sinaechinocyamus plans,中华扣海胆,,,,,,,no_image
65036,Sindia sedecimmaculata,十六斑单梳龟甲,,,,,,,no_image
19087,Sinella insolens,,,,,,,,no_image
19101,Sinella sunae,,,,,,,,no_image
65044,Sineugraphe exusta,紫棕扇夜蛾,,,,,,,no_image
65055,Sinhalohelea dayongi,大勇辛蠓,,,,,,,no_image
65064,Sinictinogomphus clavatus,大团扇春蜓,,,,,,,no_image
65069,Sinispa yunnana,云南并爪铁甲,,,,,,,no_image
125629,Sinobambusa tootsik,唐竹,,,,,,,no_image
125645,Sinocarum pityophilum,松林小芹,,,,,,,no_image
65077,Sinocapritermes albipennis,白翅华扭白蚁,,,,,,,no_image
65106,Sinochlora stylosa,特突华绿螽,,,,,,,no_image
125659,Sinocrassula adpressa,伏地石莲,,,,,,,no_image
12314,Sinocoelotes arcuatus,弓形华隙蛛,,,,,,,no_image
81643,Sinocyclocheilus anatirostris,鸭嘴金线鲃,,,,,,,no_image
81663,Sinocyclocheilus huangtianensis,黄田金线鲃,,,,,,,no_image
81683,Sinocyclocheilus maitianheensis,麦田河金线鲃,,,,,,,no_image
81703,Sinocyclocheilus xichouensis,西畴金线鲃,,,,,,,no_image
134169,Sinodidymella verrucosa,,,,,,,,no_image
12252,Sinodraconarius patellabifidus,膝叉华龙隙蛛,,,,,,,no_image
81717,Sinogastromyzon puliensis,埔里华吸鳅,,,,,,,no_image
12884,Sinoinsula limuensis,黎母华岛蛛,,,,,,,no_image
125697,Sinojohnstonia plantaginea,车前紫草,,,,,,,no_image
65143,Sinonasutitermes admirabilis,奇异华象白蚁,,,,,,,no_image
65176,Sinophasma hoenei,瓦腹华枝䗛,,,,,,,no_image
65160,Sinopachys mandarinus,,,,,,,,no_image
13331,Sinopoda abstrusa,暗华遁蛛,,,,,,,no_image
13408,Sinopoda erromena,强壮华遁蛛,,,,,,,no_image
13435,Sinopoda mamillata,乳突华遁蛛,,,,,,,no_image
13335,Sinopoda wayala,哇呀啦华遁蛛,,,,,,,no_image
65211,Sinopodisma splendida,丽色蹦蝗,,,,,,,no_image
125711,Sinosasa huapingensis,花坪华赤竹,,,,,,,no_image
125750,Sinosenecio palmatisectus,鄂西蒲儿根,,,,,,,no_image
125728,Sinosenecio fangianus,植夫蒲儿根,,,,,,,no_image
125770,Sinosenecio yilingii,艺林蒲儿根,,,,,,,no_image
81738,Sinosuthora conspicillata,白眶鸦雀,,,,,,,no_image
65237,Sinotrichopeza sinensis,中华华舞虻,,,,,,,no_image
7194,Sinularia compressa,扁指软珊瑚,,,,,,,no_image
7163,Sinularia manaarensis,玛那指软珊瑚,,,,,,,no_image
7159,Sinularia scabra,鳞指软珊瑚,,,,,,,no_image
81752,Siphamia fuscolineata,棕线管天竺鲷,,,,,,,no_image
65262,Siphunculina minima,小短脉秆蝇,,,,,,,no_image
125792,Siraitia grosvenorii,罗汉果,,,,,,,no_image
8794,Siphonodentalium japonicum,日本管角贝,,,,,,,no_image
125796,Sirindhornia pulchella,怒江毛轴兰,,,,,,,no_image
125799,Sisymbriopsis schugnana,假蒜芥,,,,,,,no_image
125814,Sisyrinchium micranthum,小花庭菖蒲,,,,,,,no_image
81770,Sitta magna,巨䴓,,,,,,,no_image
150939,Skeletocutis fimbriata,菌索干皮孔菌,,,,,,,no_image
125862,Smelowskia bifurcata,高山芹叶荠,,,,,,,no_image
153461,Skierka nephelii,,,,,,,,no_image
125843,Sloanea hemsleyana,仿栗,,,,,,,no_image
125878,Smilax bauhinioides,圆叶菝葜,,,,,,,no_image
65310,Smidtia amoena,松毛虫锥腹寄蝇,,,,,,,no_image
125900,Smilax ferox,长托菝葜,,,,,,,no_image
125922,Smilax lunglingensis,马钱叶菝葜,,,,,,,no_image
125944,Smilax perfoliata,穿鞘菝葜,,,,,,,no_image
125967,Smilax turbans,藏南大叶菝葜,,,,,,,no_image
65331,Smittia pratorum,草地施密摇蚊,,,,,,,no_image
18764,Sminthurus viridis,,,,,,,,no_image
65335,Sobarocephala mitsuii,三井昂头腐木蝇,,,,,,,no_image
125987,Sohmaea teres,圆柱拿身草,,,,,,,no_image
126004,Solanum laciniatum,澳洲茄,,,,,,,no_image
126024,Solanum rostratum,黄花刺茄,,,,,,,no_image
4744,Solaster dawsoni,陶氏太阳海星,,,,,,,no_image
5537,Solen dunkerianus,短竹蛏,,,,,,,no_image
7670,Solenocaulon simplex,简单管茎柳珊瑚,,,,,,,no_image
126050,Solenostoma atrobrunneum,黑绿管口苔,,,,,,,no_image
126070,Solenostoma haskarlianum,变色管口苔,,,,,,,no_image
126093,Solenostoma rosulans,莲座丛管口苔,,,,,,,no_image
81795,Solenostomus cyanopterus,蓝鳍剃刀鱼,,,,,,,no_image
143555,Solheimia costaspora,,,,,,,,no_image
13860,Solitudes dushengi,杜盛沙掠蛛,,,,,,,no_image
126137,Solms-laubachia lanuginosa,宽果芥,,,,,,,no_image
7009,Solmundella bitentaculata,两手筐水母,,,,,,,no_image
65383,Somatochlora graeseri,格氏金光伪蜻,,,,,,,no_image
65362,Solva marginata,背圆粗腿木虻,,,,,,,no_image
126165,Sonerila hainanensis,海南蜂斗草,,,,,,,no_image
65424,Sophonia rosea,蔷薇拟隐脉叶蝉,,,,,,,no_image
16733,Songthela pyriformis,梨形宋蛛,,,,,,,no_image
65403,Sophonia albuma,白色拟隐脉叶蝉,,,,,,,no_image
126197,Sophora microcarpa,细果槐,,,,,,,no_image
126222,Sopubia trifida,短冠草,,,,,,,no_image
126276,Sorbus glomerulata,球穗花楸,,,,,,,no_image
126254,Sorbus corymbifera,疣果花楸,,,,,,,no_image
126302,Sorbus megalocarpa,大果花楸,,,,,,,no_image
126326,Sorbus pseudovilmorinii,苍山花楸,,,,,,,no_image
126355,Sorbus thomsonii,滇缅花楸,,,,,,,no_image
126384,Sorghum sudanense,苏丹草,,,,,,,no_image
81803,Sorex cansulus,甘肃鼩鼱,,,,,,,no_image
126388,Soroseris hookeriana,皱叶绢毛苣,,,,,,,no_image
154755,Sorosporium kuwanoanum,球柱草团黑粉菌,,,,,,,no_image
65457,Spaelotis sinophysa,卑矛夜蛾,,,,,,,no_image
140743,Sowerbyella fagicola,山毛榉索氏盘菌,,,,,,,no_image
65480,Spaniocelyphus cupreus,铜绿狭须甲蝇,,,,,,,no_image
151862,Sparassis brevipes,短柄绣球菌,,,,,,,no_image
12979,Spartaeus ellipticus,椭圆散蛛,,,,,,,no_image
65509,Spatalia doerriesi,艳金舟蛾,,,,,,,no_image
126416,Spatholirion longifolium,竹叶吉祥草,,,,,,,no_image
81825,Spatula querquedula,白眉鸭,,,,,,,no_image
12694,Speocera bawangling,霸王岭角洞蛛,,,,,,,no_image
126427,Speirantha gardenii,白穗花,,,,,,,no_image
126436,Spergularia marina,牛漆姑,,,,,,,no_image
152972,Sphacelotheca andropogonis,黄茅轴黑粉菌,,,,,,,no_image
152992,Sphacelotheca hydropiperis,寥轴黑粉菌,,,,,,,no_image
153012,Sphacelotheca rottboelliae,罗氏草轴黑粉菌,,,,,,,no_image
133817,Sphaerellopsis filum,,,,,,,,no_image
65564,Sphaerobulbus bicolor,,,,,,,,no_image
9315,Sphaerochthonius splendidus,灿球缝甲螨,,,,,,,no_image
65589,Sphaeromias ornatipennis,修饰球蠓,,,,,,,no_image
65604,Sphaerophoria cylindrica,筒形细腹蚜蝇,,,,,,,no_image
136597,Sphaerophorus formosanus,,,,,,,,no_image
140753,Sphaerospora nigrella,,,,,,,,no_image
138171,Sphaerotheca alchemillae,斗蓬单囊壳,,,,,,,no_image
138191,Sphaerotheca malloti,野桐单囊壳,,,,,,,no_image
126503,Sphagnum quinquefarium,五列泥炭藓,,,,,,,no_image
81848,Sphagemacrurus richardi,里氏短吻长尾鳕,,,,,,,no_image
126481,Sphagnum imbricatum,毛壁泥炭藓,,,,,,,no_image
65650,Sphegina nigerrima,黑斑棒腹蚜蝇,,,,,,,no_image
65630,Sphegigaster ciliatuta,短毛斯夫金小蜂,,,,,,,no_image
126519,Sphenodesme mollis,毛楔翅藤,,,,,,,no_image
81856,Sphenomorphus taiwanensis,台湾蜓蜥,,,,,,,no_image
65682,Sphingonaepiopsis pumilio,缘斑天蛾,,,,,,,no_image
81871,Sphyrna mokarran,无沟双髻鲨,,,,,,,no_image
81858,Sphoeroides pachygaster,密沟圆鲀,,,,,,,no_image
65745,Spilarctia dukouensis,渡口污灯蛾,,,,,,,no_image
65706,Sphingonotus petilocus,细股束颈蝗,,,,,,,no_image
65767,Spilarctia tienmushanica,天目污灯蛾,,,,,,,no_image
65808,Spilogona nudisetula,裸毛点池蝇,,,,,,,no_image
65787,Spilogona costalis,缘刺点池蝇,,,,,,,no_image
65828,Spilogona taheensis,塔河点池蝇,,,,,,,no_image
65848,Spilonota albicana,桃白小卷蛾,,,,,,,no_image
65896,Spinimegopis perroti,,,,,,,,no_image
65874,Spinaristobia rondoni,,,,,,,,no_image
65862,Spilosoma likiangensis,丽江雪灯蛾,,,,,,,no_image
14447,Spinirta quadrata,方刺突蛛,,,,,,,no_image
14846,Spiracme quadratus,方旋蟹蛛,,,,,,,no_image
126549,Spiradiclis glabra,光滑螺序草,,,,,,,no_image
126569,Spiradiclis napoensis,那坡螺序草,,,,,,,no_image
126589,Spiradiclis yanii,严氏螺序草,,,,,,,no_image
126625,Spiraea dasyantha,毛花绣线菊,,,,,,,no_image
126667,Spiraea longifolia,长叶绣线菊,,,,,,,no_image
126709,Spiraea sargentiana,茂汶绣线菊,,,,,,,no_image
65923,Spodoptera exigua,甜菜夜蛾,,,,,,,no_image
126591,Spiraea ×,外喜马拉雅绣线菊,,,,,,,no_image
126750,Splachnum ampullaceum,大壶藓,,,,,,,no_image
65919,Spiris striata,石南线灯蛾,,,,,,,no_image
3376,Spondylus erectospinosus,直棘海菊蛤,,,,,,,no_image
8312,Spongicola venusta,风雅俪虾,,,,,,,no_image
133780,Sporidesmiella claviformis,,,,,,,,no_image
143584,Sporidesmium cookei,,,,,,,,no_image
143604,Sporidesmium multiseptatum,,,,,,,,no_image
143624,Sporidesmium vagum,,,,,,,,no_image
155006,Sporisorium capillipedii,细柄草孢堆黑粉菌,,,,,,,no_image
155026,Sporisorium macrospora,大孢团散黑粉菌,,,,,,,no_image
155046,Sporisorium scitamineum,甘蔗孢堆黑粉菌,,,,,,,no_image
126783,Sporocyphoxeia albiflora,无冕果,,,,,,,no_image
144264,Sporothrix inusitatiramosa,,,,,,,,no_image
126795,Spruceanthus kiushianus,东亚多褶苔,,,,,,,no_image
81913,Squalidus nitens,亮银&#x0000E068;,,,,,,,no_image
136622,Squamarina semisterilis,半育鳞茶渍,,,,,,,no_image
17201,Srivastavatrema sichuanensis,四川斯穴吸虫,,,,,,,no_image
142233,Stachybotrys variabilis,,,,,,,,no_image
81933,Stachyris nonggangensis,弄岗穗鹛,,,,,,,no_image
126846,Stachys xanthantha,黄花地纽菜,,,,,,,no_image
133828,Stagonospora vitensis,,,,,,,,no_image
143632,Stanjehughesia larvata,,,,,,,,no_image
143636,Staphlosporonites conoideus,,,,,,,,no_image
7489,Staurodiscus gotoi,十盘水母,,,,,,,no_image
126867,Stauntonia cavalerieana,西南野木瓜,,,,,,,no_image
134781,Staurothele kwapiensis,,,,,,,,no_image
11668,Steatoda linzhiensis,林芝肥腹蛛,,,,,,,no_image
126906,Staurogyne yunnanensis,云南叉柱花,,,,,,,no_image
66012,Stegana ancistrophylla,钩叶冠果蝇,,,,,,,no_image
151986,Stecchericium acanthophysium,,,,,,,,no_image
11934,Stedocys gaolingensis,高岭胸蛛,,,,,,,no_image
66032,Stegana ctenaria,梳齿冠果蝇,,,,,,,no_image
66052,Stegana hylecoeta,林栖冠果蝇,,,,,,,no_image
66112,Stegana singularis,形单冠果蝇,,,,,,,no_image
66072,Stegana melanostomaChen,黑口冠果蝇,,,,,,,no_image
66092,Stegana pianmaensis,片马冠果蝇,,,,,,,no_image
66132,Stegana yangi,杨氏冠果蝇,,,,,,,no_image
126911,Stegnogramma wilfordii,羽裂圣蕨,,,,,,,no_image
66143,Steleoneura minuta,小柄脉寄蝇,,,,,,,no_image
126932,Stellaria decumbens,偃卧繁缕,,,,,,,no_image
126962,Stellaria monosperma,,,,,,,,no_image
66160,Stempellinella depilisa,裸拟花托摇蚊,,,,,,,no_image
126998,Stemodia verticillata,轮叶离药草,,,,,,,no_image
126983,Stellaria souliei,康定繁缕,,,,,,,no_image
134131,Stemphylium nabarii,,,,,,,,no_image
12912,Stenaelurillus minutus,小斯坦蛛,,,,,,,no_image
66176,Stenatkina bimaculata,双斑长冠叶蝉,,,,,,,no_image
66213,Stenhypena adustalis,轧夜蛾,,,,,,,no_image
133314,Stenella taiwanensis,,,,,,,,no_image
66270,Stenocorus meridianus,大脊花天牛,,,,,,,no_image
66253,Stenochironomus hilaris,黑拉狭摇蚊,,,,,,,no_image
66233,Stenischia repestis,岩鼠狭臀蚤,,,,,,,no_image
66309,Stenodema nigricallum,黑胝狭盲蝽,,,,,,,no_image
66329,Stenodes nankinensis,红带窄纹卷蛾,,,,,,,no_image
66357,Stenomalina gracilis,格纤金小蜂,,,,,,,no_image
66290,Stenocranus testaceus,黄褐长突飞虱,,,,,,,no_image
15583,Stenohya bomica,波密狭伪蝎,,,,,,,no_image
66377,Stenomastax raptoria,,,,,,,,no_image
66396,Stenopogon callosus,胝瘦芒食虫虻,,,,,,,no_image
66416,Stenoponia sidimi,西迪米狭蚤,,,,,,,no_image
66447,Stenus alumoenus,,,,,,,,no_image
66468,Stenus auriger,,,,,,,,no_image
66492,Stenus bostrychus,,,,,,,,no_image
66512,Stenus cirrativestitus,,,,,,,,no_image
4803,Stenothoe kaia,齿板钩虾,,,,,,,no_image
66533,Stenus communicatus,,,,,,,,no_image
66574,Stenus emancipatus,,,,,,,,no_image
66554,Stenus davidsharpi,,,,,,,,no_image
66596,Stenus formosanus,,,,,,,,no_image
66616,Stenus habashanus,,,,,,,,no_image
66636,Stenus hui,,,,,,,,no_image
66656,Stenus jiajinshanus,,,,,,,,no_image
66676,Stenus latipectus,,,,,,,,no_image
66698,Stenus mammops,,,,,,,,no_image
66744,Stenus obliquemaculatus,,,,,,,,no_image
66722,Stenus montihabitans,,,,,,,,no_image
66785,Stenus pertricosus,,,,,,,,no_image
66765,Stenus pernanus,,,,,,,,no_image
66807,Stenus punctidorsus,,,,,,,,no_image
66848,Stenus sharpi,,,,,,,,no_image
66828,Stenus rugosiformis,,,,,,,,no_image
66908,Stenus viridanus,,,,,,,,no_image
66868,Stenus subthoracicus,,,,,,,,no_image
66888,Stenus tortuosus,,,,,,,,no_image
127014,Stephanachne nigrescens,黑穗茅,,,,,,,no_image
66928,Stenus xuwangi,,,,,,,,no_image
127034,Stephania hainanensis,海南地不容,,,,,,,no_image
66949,Stephanothrips kentingensis,肯廷冠管蓟马,,,,,,,no_image
127057,Stephania sutchuenensis,四川千金藤,,,,,,,no_image
127077,Sterculia monosperma,苹婆,,,,,,,no_image
136632,Stereocaulon condensatum,竹扦珊瑚枝,,,,,,,no_image
136652,Stereocaulon pileatum,粉帽珊瑚枝,,,,,,,no_image
5401,Stereocidaris indica,印度硬头帕,,,,,,,no_image
152578,Stereum australe,厚血韧革菌,,,,,,,no_image
152598,Stereum pekinense,北京韧革菌,,,,,,,no_image
81979,Sternoptyx pseudobscura,拟暗色褶胸鱼,,,,,,,no_image
152730,Sterigmatomyces elviae,,,,,,,,no_image
127106,Steudnera henryana,滇南泉七,,,,,,,no_image
127130,Stewartia sinii,黄毛折柄茶,,,,,,,no_image
7774,Stichopathes contorta,扭曲纵列黑珊瑚,,,,,,,no_image
66975,Stibara rufina,,,,,,,,no_image
67010,Stichopogon barbiellinii,巴氏微食虫虻,,,,,,,no_image
137210,Sticta intricata,缠结假杯点衣,,,,,,,no_image
137067,Stictis nivea,,,,,,,,no_image
67032,Stictomischus hirsutus,多毛刻柄金小蜂,,,,,,,no_image
9528,Stigmaeopsis tenuinidus,,,,,,,,no_image
67086,Stilicoderus psittacus,,,,,,,,no_image
133291,Stigmidium calopadiae,,,,,,,,no_image
67066,Stilicoderus confusus,,,,,,,,no_image
67105,Stilobezzia blaesospira,曲线柱蠓,,,,,,,no_image
127149,Stipa aliena,异针茅,,,,,,,no_image
127175,Stipa purpurea,紫花针茅,,,,,,,no_image
67125,Stilobezzia menglaensis,勐腊柱蠓,,,,,,,no_image
6006,Stolus buccalis,黑囊皮参,,,,,,,no_image
67141,Stiropis nigrifrons,黑光额飞虱,,,,,,,no_image
67150,Stomorhina lunata,月纹口鼻蝇,,,,,,,no_image
67180,Strangalomorpha virididorsalis,,,,,,,,no_image
67214,Streblocera destituta,缺长柄茧蜂,,,,,,,no_image
13545,Storenomorpha stellmaculata,星斑斯托蛛,,,,,,,no_image
67195,Stratiomys mandshurica,满洲里水虻,,,,,,,no_image
67234,Streblocera lini,林氏长柄茧蜂,,,,,,,no_image
67254,Streblocera tsuifengensis,翠峰长柄茧蜂,,,,,,,no_image
82007,Streptopelia decaocto,灰斑鸠,,,,,,,no_image
67268,Striatanus tibetaensis,西藏皱背叶蝉,,,,,,,no_image
127239,Strobilanthes auriculata,耳叶马蓝,,,,,,,no_image
127225,Strigosella africana,涩芥,,,,,,,no_image
127224,Striga masuria,大独脚金,,,,,,,no_image
134211,Strigula subtilissima,精细叶上衣,,,,,,,no_image
127262,Strobilanthes danxiaensis,丹霞马蓝,,,,,,,no_image
127284,Strobilanthes guangxiensis,广西马蓝,,,,,,,no_image
127307,Strobilanthes longespicata,长穗糯米香,,,,,,,no_image
127327,Strobilanthes oxycalycina,尖萼马蓝,,,,,,,no_image
127367,Strobilanthes tomentosa,尖蕊花,,,,,,,no_image
127347,Strobilanthes sarcorrhiza,菜头肾,,,,,,,no_image
149279,Strobilomyces latirimosus,阔裂松塔牛肝菌,,,,,,,no_image
127381,Strobocalyx esculenta,斑鸠菊,,,,,,,no_image
67293,Strobilomyia lijiangensis,丽江球果花蝇,,,,,,,no_image
67313,Strongylophthalmyia maculipennis,斑翅圆目蝇,,,,,,,no_image
10785,Strombus erythrinus,美肋凤螺,,,,,,,no_image
10804,Strombus variabilis,可变凤螺,,,,,,,no_image
148381,Stropharia siccipes,干柄球盖菇,,,,,,,no_image
148361,Stropharia aurantiaca,,,,,,,,no_image
127399,Struvea enomotoi,英氏网叶藻,,,,,,,no_image
127415,Stuckenia amblyophylla,钝叶菹草,,,,,,,no_image
127419,Stylidium tenellum,狭叶花柱草,,,,,,,no_image
127424,Stylophorum lasiocarpum,金罂粟,,,,,,,no_image
67339,Stylogomphus shirozui,台湾尖尾春蜓,,,,,,,no_image
67363,Stylotermes laticrus,阔腿杆白蚁,,,,,,,no_image
127466,Styrax odoratissimus,芬芳安息香,,,,,,,no_image
67383,Stylurus clathratus,黑面扩腹春蜓,,,,,,,no_image
127496,Suaeda physophora,囊果碱蓬,,,,,,,no_image
127440,Styrax buchananii,中缅安息香,,,,,,,no_image
67405,Styringomyia princeps,状元香大蚊,,,,,,,no_image
67421,Suarius yasumatsui,黄褐俗草蛉,,,,,,,no_image
143658,Subulispora procurvata,,,,,,,,no_image
67430,Subleuconycta palshkovi,梦夜蛾,,,,,,,no_image
13587,Sudesna circularis,盘绕苏蛛,,,,,,,no_image
67449,Suillia prima,原舒日蝇,,,,,,,no_image
149609,Suillus pallidiceps,苍白盖乳牛肝菌,,,,,,,no_image
149589,Suillus decipiens,易惑乳牛肝菌,,,,,,,no_image
149629,Suillus tridentinus,糙皮乳牛肝菌,,,,,,,no_image
7752,Sulculeolaria angusta,狭无棱水母,,,,,,,no_image
82065,Sunagocia otaitensis,粒唇苏纳鲬,,,,,,,no_image
67470,Suinzona ogloblini,丝光梭形叶甲,,,,,,,no_image
127526,Sunipia rimannii,圆瓣大苞兰,,,,,,,no_image
19399,Supraphorura furcifera,,,,,,,,no_image
82078,Suthora nipalensis,黑喉鸦雀,,,,,,,no_image
127541,Swertia bifolia,二叶獐牙菜,,,,,,,no_image
127566,Swertia erythrosticta,红直獐牙菜,,,,,,,no_image
127590,Swertia matsudae,细叶獐牙菜,,,,,,,no_image
127616,Swertia rotundiglandula,圆腺獐牙菜,,,,,,,no_image
67546,Sybistroma gansuensis,甘肃粗柄长足虻,,,,,,,no_image
127639,Swertia zayuensis,察隅獐牙菜,,,,,,,no_image
67569,Sybra maculiclunis,,,,,,,,no_image
67601,Sylvicola distinctus,异殊蠓,,,,,,,no_image
67591,Sybrocentrura tristicula,,,,,,,,no_image
67605,Symbrenthia brabira,黄豹盛蛱蝶,,,,,,,no_image
67621,Sympetrum baccha,,,,,,,,no_image
67668,Symphoromyia incorrupta,短柄肾角鹬虻,,,,,,,no_image
127660,Symphyodon pygmaeus,矮刺果藓,,,,,,,no_image
67645,Sympetrum risi,,,,,,,,no_image
67677,Sympistis daishi,白毛集冬夜蛾,,,,,,,no_image
127692,Symplocos dryophila,坚木山矾,,,,,,,no_image
7710,Symplectoscyphus hozawai,朴泽辫螅,,,,,,,no_image
127716,Symplocos pilosa,柔毛山矾,,,,,,,no_image
143660,Sympodiella acicola,,,,,,,,no_image
67715,Symydobius carefasciatus,缺带毛斑蚜,,,,,,,no_image
12807,Synagelides lushanensis,庐山合跳蛛,,,,,,,no_image
82116,Synagrops spinosus,棘尖牙鲈,,,,,,,no_image
1421,Synalpheus theano,茶合鼓虾,,,,,,,no_image
82133,Synchiropus picturatus,绣鳍连鳍[鱼衔],,,,,,,no_image
18463,Synchaeta longipes,长足疣毛轮虫,,,,,,,no_image
127741,Syncalathium porphyreum,紫花合头菊,,,,,,,no_image
127744,Syndiclis chinensis,油果樟,,,,,,,no_image
67760,Syneches luanchuanensis,栾川柄驼舞虻,,,,,,,no_image
127753,Syneilesis aconitifolia,兔儿伞,,,,,,,no_image
67740,Syndyas yunmengshanensis,云蒙山隐脉驼舞虻,,,,,,,no_image
67783,Syngamoptera brunnescens,棕色合夜蝇,,,,,,,no_image
82143,Synodus fuscus,褐狗母鱼(背斑狗母鱼),,,,,,,no_image
127798,Synotis sciatrephes,林荫合耳菊,,,,,,,no_image
127778,Synotis hieraciifolia,矛叶合耳菊,,,,,,,no_image
127758,Synotis acuminata,尾尖合耳菊,,,,,,,no_image
127812,Synthetodontium kunlunense,昆仑合齿藓,,,,,,,no_image
127824,Syntrichia sinensis,高山赤藓,,,,,,,no_image
67850,Syntypistis spitzeri,斯胯舟蛾,,,,,,,no_image
67818,Syntormon xinjiangense,新疆嵌长足虻,,,,,,,no_image
67871,Sypnoides lilacina,浅褐析夜蛾,,,,,,,no_image
127834,Syringa oblata,紫丁香,,,,,,,no_image
127855,Syrrhopodon armatispinosus,刺网藓,,,,,,,no_image
67897,Syrphophagus aeruginosus,鳞纹食蚜蝇跳小蜂,,,,,,,no_image
67932,Systropus aokii,细突姬蜂虻,,,,,,,no_image
16254,Systaria mengla,勐腊细星蛛,,,,,,,no_image
67952,Systropus exsuccus,黑盾姬蜂虻,,,,,,,no_image
67972,Systropus kangxianus,康县姬蜂虻,,,,,,,no_image
67992,Systropus tricuspidatus,三峰姬蜂虻,,,,,,,no_image
127883,Syzygium austroyunnanense,滇南蒲桃,,,,,,,no_image
127929,Syzygium lasianthifolium,粗叶木蒲桃,,,,,,,no_image
18750,Szeptyckitheca formosana,,,,,,,,no_image
127906,Syzygium fluviatile,水竹蒲桃,,,,,,,no_image
127950,Syzygium sichuanense,四川蒲桃,,,,,,,no_image
68018,Tabanus beneficus,暗黑虻,,,,,,,no_image
68060,Tabanus fuzhouensis,福州虻,,,,,,,no_image
68040,Tabanus chrysurus,金色虻,,,,,,,no_image
68080,Tabanus jinhuai,金华虻,,,,,,,no_image
68100,Tabanus longistylus,长芒虻,,,,,,,no_image
68120,Tabanus multicinctus,多带虻,,,,,,,no_image
68140,Tabanus orphnos,棕胸虻,,,,,,,no_image
68160,Tabanus polygonus,多元虻,,,,,,,no_image
68180,Tabanus shantungensis,山东虻,,,,,,,no_image
68200,Tabanus tianyui,天宇虻,,,,,,,no_image
127968,Tabernaemontana bovina,药用狗牙花,,,,,,,no_image
68229,Tachina bombidiforma,拟熊蜂寄蝇,,,,,,,no_image
68249,Tachina iota,小寄蝇,,,,,,,no_image
68269,Tachina pubiventris,毛腹寄蝇,,,,,,,no_image
68289,Tachinoestrus semenovi,西门狂寄蝇,,,,,,,no_image
68310,Tachinus elongatus,,,,,,,,no_image
68330,Tachinus kabakovi,,,,,,,,no_image
68350,Tachinus nigriceps,,,,,,,,no_image
68371,Tachinus striatipennis,,,,,,,,no_image
68390,Tachydromia terricoloides,黄腿合室舞虻,,,,,,,no_image
68408,Tachyporus terminalis,,,,,,,,no_image
82178,Tadarida latouchei,华北犬吻蝠,,,,,,,no_image
127991,Taeniophyllum taiwanensis,大扁根带叶兰,,,,,,,no_image
128013,Tainia tenuiflora,云叶兰,,,,,,,no_image
127994,Tagetes erecta,万寿菊,,,,,,,no_image
143662,Taifanglania furcatus,,,,,,,,no_image
68476,Taiwanhormius affinis,邻台索茧蜂T,,,,,,,no_image
68495,Taiwania feae,隆鞘云龟甲,,,,,,,no_image
68538,Taiwania versicolor,苹果台龟甲,,,,,,,no_image
68517,Taiwania postarcuata,素带台龟甲,,,,,,,no_image
68555,Tajuria illurgis,淡蓝双尾灰蝶,,,,,,,no_image
68579,Takecallis takaha,矢竹斑蚜,,,,,,,no_image
82216,Takydromus luyeanus,鹿野草蜥,,,,,,,no_image
11578,Takayus chikunii,千国高蛛,,,,,,,no_image
82196,Takifugu pardalis,豹纹多纪鲀,,,,,,,no_image
128030,Tamarix androssowii,白花柽柳,,,,,,,no_image
13013,Talavera aequipes,同足怜蛛,,,,,,,no_image
82231,Tamiops mcclellandii,明纹花鼠,,,,,,,no_image
68586,Tamba cinnamomea,白斑坦夜蛾,,,,,,,no_image
128065,Tanacetum scopulorum,岩菊蒿,,,,,,,no_image
5642,Tanea euzona,花玉螺,,,,,,,no_image
68634,Tanytarsus lestagei,层叠长跗摇蚊,,,,,,,no_image
68614,Tanyptera chrysophaea,黄角奇栉大蚊,,,,,,,no_image
68652,Taperus fasciatus,横带角突叶蝉,,,,,,,no_image
82248,Taractes rubescens,红棱鲂,,,,,,,no_image
68659,Tapiena hainanensis,海南麻螽,,,,,,,no_image
128092,Taraxacum badiocinnamomeum,棕色蒲公英,,,,,,,no_image
128112,Taraxacum erythropodium,淡红座蒲公英,,,,,,,no_image
128132,Taraxacum lanigerum,多毛蒲公英,,,,,,,no_image
128152,Taraxacum patiens,冷静蒲公英,,,,,,,no_image
128172,Taraxacum scariosum,深裂蒲公英,,,,,,,no_image
128192,Taraxacum tibetanum,藏蒲公英,,,,,,,no_image
155504,Tarichium syrphis,食蚜蝇干尸霉,,,,,,,no_image
128211,Tarenna laui,崖州乌口树,,,,,,,no_image
140761,Tarzetta catinus,地疣杯菌,,,,,,,no_image
128233,Tashiroea sinensis,鸭脚茶,,,,,,,no_image
128269,Taxiphyllum inundatum,浮生鳞叶藓,,,,,,,no_image
128287,Taxus cuspidata,东北红豆杉,,,,,,,no_image
128241,Taxillus kaempferi,小叶钝果寄生,,,,,,,no_image
68712,Teanocera chosenica,红条基芒沼蝇,,,,,,,no_image
128318,Tectaria fauriei,芽胞三叉蕨,,,,,,,no_image
128338,Tectaria rockii,洛克三叉蕨,,,,,,,no_image
10557,Tegolophus clerodendrumi,,,,,,,,no_image
4525,Tectus pyramis,塔形扭柱螺,,,,,,,no_image
10189,Tegolophus picrasmae,,,,,,,,no_image
10126,Tegonotus evodiae,,,,,,,,no_image
134172,Teichospora lonicerae,,,,,,,,no_image
12860,Telamonia mustelina,穆斯林纽蛛,,,,,,,no_image
68759,Teleogryllus occipitalis,拟亲油葫芦,,,,,,,no_image
5527,Tellinides ovalis,卵形仿樱蛤,,,,,,,no_image
68777,Telicota colon,长标弄蝶,,,,,,,no_image
5915,Teloscalpellum album,白远铠茗荷,,,,,,,no_image
128354,Temochloa elegans,雅竹,,,,,,,no_image
4938,Temnopleurus hardwickii,哈氏刻肋海胆,,,,,,,no_image
9910,Tenuipalpus danxianensis,,,,,,,,no_image
14072,Tenuiphantes ancatus,垂耳细蛛,,,,,,,no_image
68823,Tephritis femoralis,斑股花翅实蝇,,,,,,,no_image
68843,Tephritis sinensis,中华花翅实蝇,,,,,,,no_image
128362,Tephroseris palustris,湿生狗舌草,,,,,,,no_image
128389,Tephrosia vestita,黄灰毛豆,,,,,,,no_image
128392,Teratophyllum hainanense,海南符藤蕨,,,,,,,no_image
6424,Terebratalia coreanica,酸浆贯壳贝,,,,,,,no_image
16939,Tergestia atulis,叶鲹颈褶吸虫,,,,,,,no_image
68874,Teredorus hainanensis,海南尖顶蚱,,,,,,,no_image
147048,Termitomyces albiceps,白柄鸡枞菌,,,,,,,no_image
128407,Ternstroemia biangulipes,角柄厚皮香,,,,,,,no_image
147068,Termitomyces medius,,,,,,,,no_image
139376,Terriera minor,,,,,,,,no_image
68916,Terthrothrips ananthakrishnani,安氏胫管蓟马,,,,,,,no_image
68923,Tetartopeus gracilentus,,,,,,,,no_image
6554,Tethya japonica,日本荔枝海绵,,,,,,,no_image
10255,Tetra intermedia,,,,,,,,no_image
10586,Tetra smilaxis,,,,,,,,no_image
68978,Tetrabothrus xizangensis,,,,,,,,no_image
5972,Tetraclita squamosa,鳞笠藤壶,,,,,,,no_image
128435,Tetradoxa omeiensis,四福花,,,,,,,no_image
14898,Tetragnatha hasselti,哈氏肖蛸,,,,,,,no_image
14923,Tetragnatha shanghaiensis,上海肖蛸,,,,,,,no_image
9616,Tetranychus desertorum,,,,,,,,no_image
69002,Tetraneura akinire,秋四脉绵蚜,,,,,,,no_image
3578,Tetralia glaberrima,光洁拟梯形蟹,,,,,,,no_image
9545,Tetranychus piercei,,,,,,,,no_image
82302,Tetraogallus tibetanus,藏雪鸡,,,,,,,no_image
10248,Tetraspinus indocalami,,,,,,,,no_image
69040,Tetraphleps yulongensis,玉龙肩花蝽,,,,,,,no_image
69054,Tetrastichus murakamii,蜡蚧褐腰啮小蜂,,,,,,,no_image
128485,Tetrastigma pubinerve,毛脉崖爬藤,,,,,,,no_image
128516,Tetrataenium yunnanense,云南四带芹,,,,,,,no_image
128463,Tetrastigma godefroyanum,柄果崖爬藤,,,,,,,no_image
69082,Tetrix japonica,日本蚱,,,,,,,no_image
69102,Tetropium castaneum,,,,,,,,no_image
69129,Teuchophorus elongatus,长角脉胝长足虻,,,,,,,no_image
134940,Tettigomyces brevis,,,,,,,,no_image
128524,Teucrium danxiacola,丹霞香科科,,,,,,,no_image
128553,Teucrium viscidum,血见愁,,,,,,,no_image
69160,Thabena yunnanensis,云南众瓢蜡蝉,,,,,,,no_image
17343,Thais sacellum,多皱荔枝螺,,,,,,,no_image
35,Thalamita integra,整洁短桨蟹,,,,,,,no_image
118,Thalamita spinimera,刺足短桨蟹,,,,,,,no_image
19360,Thalassaphorura encarpata,,,,,,,,no_image
19424,Thalassaphorura tibiotarsalis,,,,,,,,no_image
82332,Thalassoma cupido,环带锦鱼,,,,,,,no_image
128597,Thalictrum dingjieense,定结唐松草,,,,,,,no_image
69180,Thalera suavis,绿波翅青尺蛾,,,,,,,no_image
128624,Thalictrum javanicum,爪哇唐松草,,,,,,,no_image
128673,Thalictrum secundum,少花唐松草,,,,,,,no_image
128649,Thalictrum oligandrum,稀蕊唐松草,,,,,,,no_image
128697,Thalictrum uncinulatum,弯柱唐松草,,,,,,,no_image
128719,Thamnobryum tumidum,台湾木藓,,,,,,,no_image
69186,Thamiaraea germana,,,,,,,,no_image
12546,Thanatus miniaceus,小狼逍遥蛛,,,,,,,no_image
69203,Thaumatoblaps zhengi,郑氏异琵甲,,,,,,,no_image
69223,Thecabius nanjingensis,南京伪卷叶绵蚜,,,,,,,no_image
139669,Thecotheus crustaceus,壳锥盘菌,,,,,,,no_image
137037,Thecaria montagnei,曼氏板文衣,,,,,,,no_image
139426,Thelebolus stercoreus,寡囊盘菌,,,,,,,no_image
152694,Thelephora soluta,软瓣革菌,,,,,,,no_image
69254,Thektogaster planifrons,平额尖腹金小蜂,,,,,,,no_image
82350,Theloderma gordoni,印支棱皮树蛙,,,,,,,no_image
137041,Thelotrema formosanum,,,,,,,,no_image
69289,Thera etes,邻黑带尺蛾,,,,,,,no_image
128735,Themeda caudata,苞子草,,,,,,,no_image
8296,Themiste lageniformis,长颈枝触星虫,,,,,,,no_image
11725,Theridion biforaminum,双孔球蛛,,,,,,,no_image
11438,Theridion pictum,丽球蛛,,,,,,,no_image
11623,Theridion hummeli,哈姆里球蛛,,,,,,,no_image
11511,Theridion zonulatum,带球蛛,,,,,,,no_image
3819,Theristus rhynchonema,似吻腔棘刺线虫,,,,,,,no_image
82360,Thermophis zhaoermii,四川温泉蛇,,,,,,,no_image
69335,Thetidia chlorophyllaria,肖二线绿尺蛾,,,,,,,no_image
128773,Thesium cathaicum,华北百蕊草,,,,,,,no_image
69346,Thienemanniella flaviscutella,弗拉提尼曼摇蚊,,,,,,,no_image
69366,Thienemannimyia laeta,亮特长足摇蚊,,,,,,,no_image
69386,Thinodromus latus,,,,,,,,no_image
128808,Thladiantha dentata,齿叶赤瓟,,,,,,,no_image
69406,Thinophilus seticoxis,多刺滨长足虻,,,,,,,no_image
14767,Thomisus hunanensis,湖南蟹蛛,,,,,,,no_image
128840,Thladiantha tomentosa,茸毛赤瓟,,,,,,,no_image
69428,Thoracochaeta johnsoni,弯胫胸刺小粪蝇,,,,,,,no_image
69447,Thoracostrongylus miyakei,,,,,,,,no_image
69465,Thosea magna,玛扁刺蛾,,,,,,,no_image
69478,Thranius multinotatus,,,,,,,,no_image
69523,Thrips formosanus,台湾蓟马,,,,,,,no_image
69502,Thricops fengi,冯氏毛基蝇,,,,,,,no_image
69545,Thrypticomyia unisetosa,单毛白爪大蚊,,,,,,,no_image
128847,Thrixspermum annamense,海台白点兰,,,,,,,no_image
69555,Thubana felinaurita,猫耳白祝蛾,,,,,,,no_image
128880,Thuja koraiensis,朝鲜崖柏,,,,,,,no_image
11779,Thwaitesia glabicauda,圆尾银板蛛,,,,,,,no_image
69574,Thylactus chinensis,,,,,,,,no_image
11708,Thymoites hupingensis,壶瓶灵蛛,,,,,,,no_image
6024,Thyone crebrapodia,密足赛瓜参,,,,,,,no_image
69605,Thyreocephalus pseudolorquini,,,,,,,,no_image
69623,Thyridosmylus qianus,黔窗溪蛉,,,,,,,no_image
128918,Thysananthus flavescens,黄叶毛鳞苔,,,,,,,no_image
3446,Tiarinia angusta,窄小并额蟹,,,,,,,no_image
128929,Tibetia tangutica,唐古特高山豆,,,,,,,no_image
128942,Ticanto vernalis,乌爪簕,,,,,,,no_image
128958,Tilia henryana,毛糯米椴,,,,,,,no_image
128985,Tillaea aquatica,东爪草,,,,,,,no_image
152906,Tilletia controversa,小麦矮腥黑穗病菌,,,,,,,no_image
69654,Timandromorpha wangi,王氏缺口青尺蛾,,,,,,,no_image
128996,Timmia sphaerocarpa,球蒴美姿藓,,,,,,,no_image
152926,Tilletia oplismeni-cristati,,,,,,,,no_image
69684,Timomenus pieli,皮乔球螋,,,,,,,no_image
69697,Tinocallis insularis,无患子长斑蚜,,,,,,,no_image
129007,Tinospora sagittata,,,,,,,,no_image
69732,Tipula avicularia,鸟头蜚大蚊,,,,,,,no_image
69774,Tipula deserrata,滑尾蜚大蚊,,,,,,,no_image
69754,Tipula captiosa,双齿尖大蚊,,,,,,,no_image
69794,Tipula formosicola,台湾大蚊,,,,,,,no_image
69814,Tipula hebeiensis,河北阔大蚊,,,,,,,no_image
69834,Tipula intacta,凹缘尖大蚊,,,,,,,no_image
69874,Tipula mediovittata,中纹蜚大蚊,,,,,,,no_image
69854,Tipula legalis,阔齿普大蚊,,,,,,,no_image
69894,Tipula nokonis,腹锥蜚大蚊,,,,,,,no_image
69934,Tipula pruinosa,华尖角雅大蚊,,,,,,,no_image
69954,Tipula shirakii,暗缘尖大蚊,,,,,,,no_image
69914,Tipula percommoda,黄斑大蚊,,,,,,,no_image
69994,Tipula validicornis,角月大蚊,,,,,,,no_image
69974,Tipula subnova,亚新雅大蚊,,,,,,,no_image
129011,Tipularia cunninghamii,软叶兰,,,,,,,no_image
14312,Tiso biceps,双头盾突蛛,,,,,,,no_image
14580,Tmarus gladiatus,剑状峭腹蛛,,,,,,,no_image
14763,Tmarus undatus,波状峭腹蛛,,,,,,,no_image
70045,Togepteryx incongruens,拟土舟蛾,,,,,,,no_image
8959,Tokunocepheus mizusawai,水泽德之甲螨,,,,,,,no_image
129026,Tolypanthus maclurei,大苞寄生,,,,,,,no_image
152701,Tomentella viridis,淡绿小垫革菌,,,,,,,no_image
19118,Tomocerus paraspinulus,,,,,,,,no_image
19117,Tomocerina violaceus,,,,,,,,no_image
19162,Tomocerus huoensis,,,,,,,,no_image
70075,Tomoglossa luteicornis,,,,,,,,no_image
70078,Tomosvaryella dongyue,东岳佗头蝇,,,,,,,no_image
129035,Tongoloa gracilis,纤细东俄芹,,,,,,,no_image
136582,Toninia caeruleonigricans,,,,,,,,no_image
8549,Tonna luteostoma,黄口鹑螺,,,,,,,no_image
129058,Toona sureni,紫椿,,,,,,,no_image
70120,Topomyia sylvatica,森林局限蚊,,,,,,,no_image
129066,Torenia fordii,紫斑蝴蝶草,,,,,,,no_image
70137,Torodora galera,盔环瘤祝蛾,,,,,,,no_image
139029,Torrendiella guangxiensis,广西小托雷盘菌,,,,,,,no_image
141859,Torrubiella hemipterigena,,,,,,,,no_image
70157,Torodora pennunca,羽突瘤祝蛾,,,,,,,no_image
129107,Tortula protobryoides,密疣球藓,,,,,,,no_image
8194,Tottonia contorta,弯邹袋囊水母,,,,,,,no_image
129128,Toxicodendron griffithii,裂果漆,,,,,,,no_image
70187,Toxorhina omnifusca,棕箭大蚊,,,,,,,no_image
129157,Toxocarpus laevigatus,平滑弓果藤,,,,,,,no_image
70206,Toyoides mira,奇妙长角飞虱,,,,,,,no_image
15505,Trachelas fasciae,带状管蛛,,,,,,,no_image
82437,Trachinotus baillonii,斐氏鲳鲹,,,,,,,no_image
70226,Trachusa coronum,皇冠准黄斑蜂,,,,,,,no_image
2185,Trachycardium impolitum,粗糙鸟蛤,,,,,,,no_image
129185,Trachydium roylei,瘤果芹,,,,,,,no_image
129196,Trachypodopsis laxoalaris,疏耳拟扭叶藓,,,,,,,no_image
129212,Trachythecium micropyxis,小果刺蒴藓,,,,,,,no_image
129219,Tragopogon dubius,长喙婆罗门参,,,,,,,no_image
151825,Trametes insularis,岛生栓菌,,,,,,,no_image
129239,Trailliaedoxa gracilis,丁茜,,,,,,,no_image
70265,Transvenosus sacculuses,囊茎横脉叶蝉,,,,,,,no_image
151845,Trametes socotrana,组明栓菌,,,,,,,no_image
70276,Traulia hainanensis,海南凸额蝗,,,,,,,no_image
4052,Trapezia rufopunctata,红斑梯形蟹,,,,,,,no_image
135443,Trapelia coarctata,挤褐边衣,,,,,,,no_image
134194,Trematosphaeria lineolatispora,,,,,,,,no_image
152719,Trechispora nivea,白糙孢孔菌,,,,,,,no_image
154705,Tremella frondosa,黄木耳,,,,,,,no_image
154725,Tremella samoensis,橙银耳,,,,,,,no_image
70305,Tretoserphus lini,林氏洼缝细蜂,,,,,,,no_image
70297,Trentepohlia platyleuca,阔弯脉大蚊,,,,,,,no_image
129266,Triaenophora integra,全缘叶崖白菜,,,,,,,no_image
70315,Tribasodes chinensis,,,,,,,,no_image
129274,Tricarpelema xizangense,西藏三瓣果,,,,,,,no_image
82499,Tribolodon brandti,三块鱼,,,,,,,no_image
70345,Tricentrus basalis,基三刺角蝉,,,,,,,no_image
70365,Tricentrus elaeagni,胡颓子三刺角蝉,,,,,,,no_image
70385,Tricentrus hyalinipennis,明翅三刺角蝉,,,,,,,no_image
70425,Tricentrus xiphistes,剑三刺角蝉,,,,,,,no_image
70405,Tricentrus panayensis,班乃岛三刺角蝉,,,,,,,no_image
131780,Trichasterina cheirodendri,,,,,,,,no_image
18368,Trichocerca porcellus,瓷甲异尾轮虫,,,,,,,no_image
70440,Trichocera unimaculata,单斑毫蚊,,,,,,,no_image
70443,Trichochrysea bidens,白毛肖叶甲,,,,,,,no_image
70463,Trichochrysea tarsata,阔节毛肖叶甲,,,,,,,no_image
141904,Trichoderma ceraceum,,,,,,,,no_image
141924,Trichoderma glaucum,,,,,,,,no_image
129277,Trichocoleopsis sacculata,囊绒苔,,,,,,,no_image
141944,Trichoderma phyllostachydis,,,,,,,,no_image
141964,Trichoderma stromaticum,,,,,,,,no_image
70496,Trichoglossina emeimontis,,,,,,,,no_image
70484,Trichoferus guerryi,,,,,,,,no_image
134897,Trichoglossum durandii,杜兰毛舌菌,,,,,,,no_image
70515,Trichogramma achaeae,暖突赤眼蜂,,,,,,,no_image
70535,Trichogramma parnarae,稻苞虫赤眼蜂,,,,,,,no_image
129293,Tricholepis karensium,缅甸针苞菊,,,,,,,no_image
148640,Tricholoma cifuentesii,,,,,,,,no_image
148660,Tricholoma giganteum,巨口蘑,,,,,,,no_image
148700,Tricholoma scalpturatum,雕纹口蘑,,,,,,,no_image
148680,Tricholoma myomyces,棕灰口蘑,,,,,,,no_image
148720,Tricholoma virgatum,条纹口蘑,,,,,,,no_image
70554,Trichomachimus angustus,狭三叉食虫虻,,,,,,,no_image
70574,Trichomalopsis caricicola,苔克氏金小蜂,,,,,,,no_image
70594,Trichomalopsis viridescens,萤克氏金小蜂,,,,,,,no_image
140770,Trichophaea bullata,,,,,,,,no_image
1839,Trichopeltarion elegans,秀丽楯毛蟹,,,,,,,no_image
70607,Trichophya rudis,,,,,,,,no_image
70615,Trichopsomyia flavitarsis,黄跗黑毛蚜蝇,,,,,,,no_image
70636,Trichopteryx polycommata,饰毛翅尺蛾,,,,,,,no_image
129312,Trichosanthes dafangensis,大方油栝楼,,,,,,,no_image
129336,Trichosanthes rubriflos,红花栝楼,,,,,,,no_image
70651,Trichosea zhangi,张镶夜蛾,,,,,,,no_image
140960,Trichosporon beijingense,北京丝孢酵母,,,,,,,no_image
129354,Trichostomum crispulum,皱叶毛口藓,,,,,,,no_image
70680,Trichotheca rufofrontalis,红额齿股肖叶甲,,,,,,,no_image
70697,Tricliona megalops,粗刻大眼肖叶甲,,,,,,,no_image
70688,Trichromothrips trachelospermi,络石异色蓟马,,,,,,,no_image
129383,Tricyrtis suzukii,侧花油点草,,,,,,,no_image
70709,Tridrepana flava,双斜线黄钩蛾,,,,,,,no_image
70727,Trigomphus succumbens,斜纹棘尾春蜓,,,,,,,no_image
16206,Trigoniulus tertius,德丢厚甲马陆,,,,,,,no_image
129401,Trifolium incarnatum,绛车轴草,,,,,,,no_image
70757,Trigonoderus longipilis,松小蠹长体金小蜂,,,,,,,no_image
129430,Trigonostemon xyphophylloides,剑叶三宝木,,,,,,,no_image
129452,Trigonotis jiaochengensis,交城附地菜,,,,,,,no_image
15340,Trilacuna bawan,坝湾三窝蛛,,,,,,,no_image
129483,Trigonotis radicans,,,,,,,,no_image
82543,Trimma emeryi,埃氏磨塘鳢,,,,,,,no_image
82529,Trimeresurus salazar,错那竹叶青蛇,,,,,,,no_image
9102,Trimalaconothrus albulus,白三盲甲螨,,,,,,,no_image
82556,Tringa guttifer,小青脚鹬,,,,,,,no_image
70791,Triomicrus factitatus,,,,,,,,no_image
70810,Trionymus agrestis,耕葵粉蚧,,,,,,,no_image
70827,Triphosa albirama,结光尺蛾,,,,,,,no_image
154572,Triphragmiopsis laricina,,,,,,,,no_image
18494,Tripleuchlanis plicata,褶皱三迭须足轮虫,,,,,,,no_image
82582,Triplophysa chondrostoma,铲颌高原鳅,,,,,,,no_image
82602,Triplophysa hutjertjuensis,忽吉图高原鳅,,,,,,,no_image
82622,Triplophysa microphysa,小鳔高原鳅,,,,,,,no_image
82642,Triplophysa qini,秦氏高原鳅,,,,,,,no_image
129518,Triplostegia alpina,高山双参,,,,,,,no_image
132130,Tripospermum acerinum,,,,,,,,no_image
82662,Triplophysa turpanensis,吐鲁番高原鳅,,,,,,,no_image
129535,Tripterospermum alutaceifolium,台北双蝴蝶,,,,,,,no_image
70879,Triraogus tibetensis,西藏三缝茧蜂,,,,,,,no_image
129555,Tripterygium wilfordii,雷公藤,,,,,,,no_image
129568,Trisetum yunnanense,云南三毛草,,,,,,,no_image
70894,Trisuloides bella,洁后夜蛾,,,,,,,no_image
70914,Trisunius truncatus,,,,,,,,no_image
82696,Trochalopteron erythrocephalum,红头噪鹛,,,,,,,no_image
4043,Tritodynamia intermedia,中型三强蟹,,,,,,,no_image
6636,Trivirostra elongate,长喙猎女神螺,,,,,,,no_image
4514,Trochus spengleri,斯氏马蹄螺,,,,,,,no_image
16566,Trochosa corporaali,科氏獾蛛,,,,,,,no_image
82734,Troglonectes macrolepis,大鳞洞鳅,,,,,,,no_image
129612,Trollius macropetalus,长瓣金莲花,,,,,,,no_image
129630,Tropidia emeishanica,峨眉竹茎兰,,,,,,,no_image
70963,Tropidocephala sinuosa,波突匙顶飞虱,,,,,,,no_image
7561,Truncatoflabellum formosum,美丽截形扇珊瑚,,,,,,,no_image
70975,Tropimenelytron qinlingmontis,,,,,,,,no_image
71015,Trypeta seticauda,鬃尾实蝇,,,,,,,no_image
133337,Tryblidiella saltuaria,桧柏卷边盘菌,,,,,,,no_image
71025,Trypetolimnia rossica,罗西颜斑沼蝇,,,,,,,no_image
71038,Tsudayusurika cladopilosa,叉毛津田摇蚊,,,,,,,no_image
140917,Tuber brumale,冬块菌,,,,,,,no_image
71046,Tuberaphis takenouchii,塔肯氏管扁蚜,,,,,,,no_image
71065,Tuberculatus nigrosiphonaceus,黑管侧棘斑蚜,,,,,,,no_image
140937,Tuber oligospermum,少孢块菌,,,,,,,no_image
134246,Tubeufia javanica,,,,,,,,no_image
154795,Tuburcinia fischeri,,,,,,,,no_image
1851,Tucetona hanzawa,,,,,,,,no_image
150595,Tubulicrinis glebulosa,,,,,,,,no_image
149790,Tulasnella calospora,美孢胶膜菌,,,,,,,no_image
145522,Tulostoma bonianum,褐灰锤,,,,,,,no_image
145542,Tulostoma sabulosum,沙漠灰锤,,,,,,,no_image
71088,Tumidiclava buerjinica,布尔津肿棒赤眼蜂,,,,,,,no_image
129678,Tupistra pingbianensis,屏边开口箭,,,,,,,no_image
71111,Turkaromia pruinosa,,,,,,,,no_image
82762,Turdus iliacus,白眉歌鸫,,,,,,,no_image
5724,Turbo brunerus,节蝾螺,,,,,,,no_image
129696,Turraea pubescens,杜楝,,,,,,,no_image
71116,Tusothrips calopgomi,蔓豆尾突蓟马,,,,,,,no_image
4006,Tylonereis bogoyawlenskyi,软疣沙蚕,,,,,,,no_image
71124,Tyana chloroleuca,碧角翅夜蛾,,,,,,,no_image
129714,Tylophora flexuosa,小叶娃儿藤,,,,,,,no_image
129734,Tylophora rotundifolia,圆叶娃儿藤,,,,,,,no_image
149307,Tylopilus castaneiceps,,,,,,,,no_image
149327,Tylopilus plumbeoviolaceoides,类铅紫粉孢牛肝菌,,,,,,,no_image
82806,Tylototriton houi,玉龙疣螈,,,,,,,no_image
15983,Tylopus schawalleri,,,,,,,,no_image
71160,Tympanota patefacta,径鼓尺蛾,,,,,,,no_image
5606,Tymolus brucei,布鲁斯鬼蟹,,,,,,,no_image
2333,Typhlocarcinops marginata,缘拟盲蟹,,,,,,,no_image
129759,Typhonium albidinervium,白脉犁头尖,,,,,,,no_image
71168,Typodryas callichromoides,,,,,,,,no_image
1067,Typosyllis prolifera,多育模裂虫,,,,,,,no_image
71176,Tyrodes jenisi,,,,,,,,no_image
82827,Tyto javanica,仓鸮,,,,,,,no_image
71185,Udara dilecta,珍贵妩灰蝶,,,,,,,no_image
71197,Ufens mezentius,以色列宽翅赤眼蜂,,,,,,,no_image
129779,Ulex europaeus,荆豆,,,,,,,no_image
129800,Ulmus lamellosa,脱皮榆,,,,,,,no_image
134147,Ulocladium solani,,,,,,,,no_image
156062,Umbelopsis versiformis,,,,,,,,no_image
82833,Ulua aurochs,丝背羽鳃鲹,,,,,,,no_image
137721,Umbilicaria grisea,,,,,,,,no_image
137761,Umbilicaria trabeculata,,,,,,,,no_image
137741,Umbilicaria neocylindrica,,,,,,,,no_image
129848,Uncaria scandens,攀茎钩藤,,,,,,,no_image
9200,Unduloribates undulatus,曲波甲螨,,,,,,,no_image
71248,Uranotaenia leiboensis,雷波蓝带蚊,,,,,,,no_image
3676,Upogebia acanthochela,刺螯蝼蛄虾,,,,,,,no_image
71235,Uraecha punctata,,,,,,,,no_image
129876,Urceola tournieri,云南水壶藤,,,,,,,no_image
129859,Uraria fujianensis,福建狸尾豆,,,,,,,no_image
129887,Urochloa panicoides,类黍尾稃草,,,,,,,no_image
129885,Urena repanda,波叶梵天花,,,,,,,no_image
154814,Urocystis agropyri-campestris,冰草大孢条黑粉菌,,,,,,,no_image
154854,Urocystis oblonga,,,,,,,,no_image
154834,Urocystis dunhuangensis,敦煌条黑粉菌,,,,,,,no_image
154874,Urocystis thaxteri,,,,,,,,no_image
154253,Uromyces aecidiiformis,春孢器状单胞锈菌,,,,,,,no_image
154273,Uromyces blainvilleae,异芒菊单胞锈菌,,,,,,,no_image
154293,Uromyces decoratus,华饰单胞锈菌,,,,,,,no_image
154313,Uromyces genistae-tinctoriae,锦鸡儿叶锈病,,,,,,,no_image
154333,Uromyces inaequialtus,,,,,,,,no_image
154353,Uromyces lespedezae,,,,,,,,no_image
154373,Uromyces onobrychidis,驴豆单胞锈菌,,,,,,,no_image
154393,Uromyces saururi,三白草单胞锈菌,,,,,,,no_image
816,Uroptychus alatrossae,海岛折尾虾,,,,,,,no_image
154413,Uromyces striatus,条 纹 单 胞 锈 菌,,,,,,,no_image
129898,Urophysa henryi,尾囊草,,,,,,,no_image
154433,Uromyces valerianae-wallichii,沃氏缬草单胞锈菌,,,,,,,no_image
82888,Urosphena squameiceps,鳞头树莺,,,,,,,no_image
71289,Uscanoidea ovata,卵棒异角赤眼蜂,,,,,,,no_image
129904,Urtica cannabina,麻叶荨麻,,,,,,,no_image
136384,Usnea flavocardia,黄褐松萝,,,,,,,no_image
136424,Usnea rubescens,红皮松萝,,,,,,,no_image
136404,Usnea longissima,长松萝,,,,,,,no_image
71293,Ussurohelcon koshuensis,恒春弯脊茧蜂,,,,,,,no_image
155096,Ustilago crus-galli,稗疣黑粉菌,,,,,,,no_image
155076,Ustilago belgiana,,,,,,,,no_image
155116,Ustilago filiformis,甜茅黑粉菌,,,,,,,no_image
155156,Ustilago montaniensis,,,,,,,,no_image
155136,Ustilago ixiolirii,,,,,,,,no_image
155176,Ustilago picacea,鹊色黑粉菌,,,,,,,no_image
155196,Ustilago shiraiana,白井黑粉菌,,,,,,,no_image
155216,Ustilago tanakae,田中黑粉菌,,,,,,,no_image
153026,Ustilentyloma oreochloae,,,,,,,,no_image
129930,Utricularia brachiata,肾叶挖耳草,,,,,,,no_image
129950,Utricularia salwinensis,怒江挖耳草,,,,,,,no_image
129997,Vaccinium dehongense,滇西越橘,,,,,,,no_image
129972,Vaccinium arbutoides,草莓树状越橘,,,,,,,no_image
130027,Vaccinium henryi,无梗越橘,,,,,,,no_image
130053,Vaccinium myrtillus,黑果越橘,,,,,,,no_image
130075,Vaccinium saxicola,石生越橘,,,,,,,no_image
130098,Vaccinium vitis-idaea,越橘,,,,,,,no_image
82899,Valenciennellus carlsbergi,卡氏丛光鱼,,,,,,,no_image
130120,Valeriana jatamansi,蜘蛛香,,,,,,,no_image
141554,Valsa ceratophora,,,,,,,,no_image
71318,Valiatrella multiprotubera,多突维蟋,,,,,,,no_image
71327,Vamuna sinensis,中华瓦苔蛾,,,,,,,no_image
130154,Vanda pumila,矮万代兰,,,,,,,no_image
82912,Vanellus vanellus,凤头麦鸡,,,,,,,no_image
82921,Vanmanenia pingchowensis,平舟原缨口鳅,,,,,,,no_image
137430,Varicellaria rhodocarpa,粉色果疣衣,,,,,,,no_image
82941,Ventrifossa petersonii,彼氏凹腹鳕,,,,,,,no_image
130174,Vatica lanceifolia,西藏青梅,,,,,,,no_image
149901,Veluticeps berkeleyi,,,,,,,,no_image
134286,Venturia pyrina,,,,,,,,no_image
71360,Venusia nigrifurca,红黑维尺蛾,,,,,,,no_image
2166,Vepricadium coronatum,锒边鸟蛤,,,,,,,no_image
71378,Vermiophis ganquanensis,甘泉潜穴虻,,,,,,,no_image
130200,Veratrum micranthum,小花藜芦,,,,,,,no_image
82949,Vernaya nushanensis,怒山攀鼠,,,,,,,no_image
130238,Veronica cardiocarpa,心果婆婆纳,,,,,,,no_image
130263,Veronica longifolia,兔尾苗,,,,,,,no_image
130290,Veronica teucrium,,,,,,,,no_image
130318,Veronicastrum villosulum,毛叶腹水草,,,,,,,no_image
134805,Verrucaria calciseda,凹面瓶口衣,,,,,,,no_image
134825,Verrucaria latebrosa,广瓶口衣,,,,,,,no_image
134845,Verrucaria waltheri,,,,,,,,no_image
143719,Verticimonosporium verticale,垂直生轮单孢菌,,,,,,,no_image
82950,Vespertilio murinus,普通蝙蝠,,,,,,,no_image
82957,Vibrissaphora promustache,原髭蟾,,,,,,,no_image
130351,Viburnum chunii,金腺荚蒾,,,,,,,no_image
130409,Viburnum nervosum,显脉荚蒾,,,,,,,no_image
130384,Viburnum hanceanum,蝶花荚蒾,,,,,,,no_image
130474,Vicia deflexa,弯折巢菜,,,,,,,no_image
130444,Viburnum ternatum,三叶荚蒾,,,,,,,no_image
130496,Vicia perelegans,精致野豌豆,,,,,,,no_image
130533,Vickifunkia thomsonii,西域无鞘橐吾,,,,,,,no_image
130539,Vigna angularis,赤豆,,,,,,,no_image
71422,Villa bryht,明亮绒蜂虻,,,,,,,no_image
130584,Vincetoxicum linearisepalum,线萼白前,,,,,,,no_image
16722,Vinathela nenglianggu,能量谷越蛛,,,,,,,no_image
71438,Vindula erota,文蛱蝶,,,,,,,no_image
130621,Viola cameleo,阔紫叶堇菜,,,,,,,no_image
130646,Viola fuscopurpurea,绀堇菜,,,,,,,no_image
130688,Viola occulta,隐距堇菜,,,,,,,no_image
130666,Viola kwangtungensis,广东堇菜,,,,,,,no_image
130711,Viola senzanensis,尖山堇菜,,,,,,,no_image
8106,Virgularia reinwardti,芮氏沙箸海鳃,,,,,,,no_image
130798,Vitis balanseana,小果葡萄,,,,,,,no_image
130734,Viola variegata,斑叶堇菜,,,,,,,no_image
130762,Vitex axillariflora,假紫珠,,,,,,,no_image
130828,Vitis luochengensis,罗城葡萄,,,,,,,no_image
130850,Vitis zhejiang-adstricta,浙江蘡薁,,,,,,,no_image
14252,Vittatus latus,宽阔长板蛛,,,,,,,no_image
17456,Vokesimurex kiiensis,纪伊沃骨螺,,,,,,,no_image
71454,Volucella latifasciata,宽带蜂蚜蝇,,,,,,,no_image
143723,Volucrispora aurantiaca,,,,,,,,no_image
147954,Volvariella media,间型小包脚菇,,,,,,,no_image
4142,Volvulopsis chinensis,中国拟卷螺,,,,,,,no_image
5149,Vulsella vulsella,单韧穴蛤,,,,,,,no_image
130866,Wallichia oblongifolia,密花瓦理棕,,,,,,,no_image
14074,Walckenaeria clavicornis,钉角瓦蛛,,,,,,,no_image
130876,Warnstorfia fluitans,浮生范氏藓,,,,,,,no_image
130885,Weisiopsis plicata,小墙藓,,,,,,,no_image
130901,Wendlandia brevituba,短筒水锦树,,,,,,,no_image
130925,Wendlandia scabra,粗叶水锦树,,,,,,,no_image
71518,Wesmaelius hani,韩氏齐褐蛉,,,,,,,no_image
130949,Wettsteinia inversa,无萼苔,,,,,,,no_image
130986,Wikstroemia glabra,光叶荛花,,,,,,,no_image
130966,Wijkia hornschuchii,角状刺枝藓,,,,,,,no_image
131009,Wikstroemia nutans,细轴荛花,,,,,,,no_image
71536,Wilemanus bidentatus,梨威舟蛾,,,,,,,no_image
19108,Willowsia pseudobuski,,,,,,,,no_image
71546,Winthemia diversitica,多型温寄蝇,,,,,,,no_image
71570,Wohlfahrtia balassogloi,巴彦污蝇,,,,,,,no_image
71566,Winthemia verticillata,宽顶温寄蝇,,,,,,,no_image
71588,Woodiphora dilacuna,双凹乌蚤蝇,,,,,,,no_image
131049,Wollastonia biflora,孪花菊,,,,,,,no_image
131061,Woodsia intermedia,东亚岩蕨,,,,,,,no_image
131080,Woodwardia prolifera,珠芽狗脊,,,,,,,no_image
151995,Wrightoporia cinnamomea,黄褐赖特卧孔菌,,,,,,,no_image
16012,Wulingina miniloba,小叶武陵马陆,,,,,,,no_image
71604,Xangelina formosana,台湾弓背缟蝇,,,,,,,no_image
82984,Xanthichthys lineopunctatus,线斑黄鳞鲀,,,,,,,no_image
71641,Xanthonia similis,似光亮黄肖叶甲,,,,,,,no_image
136455,Xanthoparmelia durietzii,杜瑞氏黄梅,,,,,,,no_image
131099,Xanthocyparis guangxiensis,广西金柏,,,,,,,no_image
71659,Xanthorhoe elusa,叉带潢尺蛾,,,,,,,no_image
71648,Xanthophius angustus,,,,,,,,no_image
131115,Xantolis shweliensis,瑞丽刺榄,,,,,,,no_image
137674,Xanthoria lobulata,裂片石黄衣,,,,,,,no_image
7591,Xenia lillieae,莉莉异花软珊瑚,,,,,,,no_image
71699,Xenoclystia nigroviridata,墨绿孔尺蛾,,,,,,,no_image
661,Xenograpsus testudinatus,乌龟怪方蟹,,,,,,,no_image
83001,Xenopeltis unicolor,闪鳞蛇,,,,,,,no_image
83017,Xenophysogobio boulengeri,异鳔鳅&#x0000E069;,,,,,,,no_image
71747,Xenortholitha latifusata,侧黑点尺蛾,,,,,,,no_image
71759,Xenotachina dictenata,双栉客夜蝇,,,,,,,no_image
18737,Xenylla changlingensis,,,,,,,,no_image
149361,Xerocomus hortonii,癞绒盖牛肝菌,,,,,,,no_image
149381,Xerocomus subdaedaleus,近密孔绒盖牛肝菌,,,,,,,no_image
71779,Xerophilomyia stenometopa,狭眉眷旱蜂麻蝇,,,,,,,no_image
71782,Xestia ashworthii,亚鲁夜蛾,,,,,,,no_image
71803,Xestia fuscostigma,褐纹鲁夜蛾,,,,,,,no_image
71823,Xestia sternecki,斯鲁夜蛾,,,,,,,no_image
2360,Xestopilumnus cultripollex,扁指洁毛刺蟹,,,,,,,no_image
71856,Xiphidiopsis inflata,膨基剑螽,,,,,,,no_image
71873,Xistra laticorna,侧角狭蚱,,,,,,,no_image
71884,Xylaplothrips inquilinus,寄居木管蓟马,,,,,,,no_image
144785,Xylaria bipindensis,丛生炭角菌,,,,,,,no_image
144805,Xylaria dealbata,,,,,,,,no_image
144825,Xylaria grammica,条纹炭角菌,,,,,,,no_image
144845,Xylaria lignosa,木生炭角菌,,,,,,,no_image
144865,Xylaria ophiopoda,,,,,,,,no_image
144885,Xylaria schwackei,施魏克炭角菌,,,,,,,no_image
71896,Xylocopa appendiculata,黄胸木蜂,,,,,,,no_image
71891,Xylariopsis uenoi,,,,,,,,no_image
150722,Xylodon poroideoefibulatus,,,,,,,,no_image
71920,Xylocopa tenuiscapa,圆柄木蜂,,,,,,,no_image
71933,Xylomya alamaculata,斑翅木虻,,,,,,,no_image
71947,Xylorhiza pilosipennis,,,,,,,,no_image
71963,Xylota florum,黄斑木蚜蝇,,,,,,,no_image
71983,Xylotachina diluta,带柳蠹蛾寄蝇,,,,,,,no_image
72035,Xylotrechus mucidulus,,,,,,,,no_image
72007,Xylotrechus djoukoulanus,,,,,,,,no_image
72058,Xylotrechus sikangensis,,,,,,,,no_image
131136,Xyris capensis,,,,,,,,no_image
14749,Xysticus cristatus,冠花蟹蛛,,,,,,,no_image
14758,Xysticus lineatus,细纹花蟹蛛,,,,,,,no_image
83031,Yaotriton broadoridgus,宽脊瑶螈,,,,,,,no_image
131142,Yakushimabryum brevigemmium,短芽拟厚角藓,,,,,,,no_image
14847,Xysticus tsanghoensis,藏布花蟹蛛,,,,,,,no_image
131153,Yoania japonica,宽距兰,,,,,,,no_image
155236,Yenia grandis,,,,,,,,no_image
131174,Youngia jiulongensis,九龙黄鹌菜,,,,,,,no_image
72116,Yoshinothrips pasekamui,大主吉野蓟马,,,,,,,no_image
131194,Youngia yilingii,艺林黄鹌菜,,,,,,,no_image
72134,Ypthima medusa,魔女矍眼蝶,,,,,,,no_image
131221,Yulania pilocarpa,罗田玉兰,,,,,,,no_image
15996,Yuennanina petalolobodes,瓣片滇马陆,,,,,,,no_image
83066,Yunnanilus longidorsalis,长背云南鳅,,,,,,,no_image
72163,Yunnaedon pankui,盘古云叶甲,,,,,,,no_image
131231,Yunnanobryon rhyacophilum,云南藓,,,,,,,no_image
131261,Yushania gigantea,大玉山竹,,,,,,,no_image
131241,Yushania brevis,绿春玉山竹,,,,,,,no_image
131281,Yushania niitakayamensis,玉山竹,,,,,,,no_image
72182,Zadadra plumbeomicans,铅扎苔蛾,,,,,,,no_image
131304,Yushania wuyishanensis,武夷山玉山竹,,,,,,,no_image
72196,Zanchius tarasovi,红点平盲蝽,,,,,,,no_image
72213,Zanclognatha sinensis,华镰须夜蛾,,,,,,,no_image
131317,Zantedeschia melanoleuca,紫心黄马蹄莲,,,,,,,no_image
131348,Zanthoxylum leiboicum,雷波花椒,,,,,,,no_image
72237,Zaphne venatifurca,猎叉鞭隰蝇,,,,,,,no_image
131370,Zanthoxylum undulatifolium,浪叶花椒,,,,,,,no_image
72252,Zarhopalus debarri,,,,,,,,no_image
72266,Zeiraphera demutana,白色线小卷蛾,,,,,,,no_image
152516,Zelleromyces lactifer,乳丝乳腹菌,,,,,,,no_image
72260,Zdenekiana yui,松扁平金小蜂,,,,,,,no_image
13846,Zelotes liaoi,廖氏狂蛛,,,,,,,no_image
72284,Zemeros flegyas,波蚬蝶,,,,,,,no_image
131400,Zeuxine nervosa,芳线柱兰,,,,,,,no_image
72294,Zeteotomus sinicus,,,,,,,,no_image
83122,Zhangixalus dugritei,宝兴树蛙,,,,,,,no_image
83142,Zhangixalus yaoshanensis,瑶山树蛙,,,,,,,no_image
131428,Zingiber hainanense,海南姜,,,,,,,no_image
72303,Zichya crassicerca,粗尾懒螽,,,,,,,no_image
131448,Zingiber officinale,姜,,,,,,,no_image
131469,Zingiber yingjiangense,盈江姜,,,,,,,no_image
131481,Ziziphus attopensis,毛果枣,,,,,,,no_image
155519,Zoophthora erinacea,,,,,,,,no_image
13547,Zodarion furcum,叉拟平腹蛛,,,,,,,no_image
72326,Zonodoropsis pallens,凹缘盲蝽,,,,,,,no_image
131503,Zostera marina,大叶藻,,,,,,,no_image
72332,Zopherobatrus tianmingyii,,,,,,,,no_image
83179,Zu cristatus,冠丝鳍鱼,,,,,,,no_image
131509,Zygodon brevisetus,短齿变齿藓,,,,,,,no_image
72365,Zygoneura longiantenna,长角齿眼蕈蚊,,,,,,,no_image
131517,Zygophyllum fabagoides,拟豆叶驼蹄瓣,,,,,,,no_image
156018,Zygorhynchus heterogamus,异形接合霉,,,,,,,no_image
72378,Zygothrica flavofinira,黄嗜真菌果蝇,,,,,,,no_image
72398,Zyras condignus,,,,,,,,no_image
72438,Zyras proximus,,,,,,,,no_image
72418,Zyras hospes,,,,,,,,no_image
72458,Zyras viti,,,,,,,,no_image
83182,× Bolboschoenoplectus,海三棱藨草,,,,,,,no_image
