taxon_id,sci_name,cn_name,image_path,image_url,author,license,license_url,page_url,status
14279,Abiskoa abiskoensis,阿比斯杉皿蛛,,,,,,,no_image
10509,Abacarus zuihoensus,,,,,,,,no_image
19473,Aborolabis kalaktengensis,窄叶突肥螋,,,,,,,no_image
10251,Abacarus eminens,,,,,,,,no_image
11839,Abdosetae hainan,海南腹毛蛛,,,,,,,no_image
83234,Abies yuanbaoshanensis,元宝山冷杉,,,,,,,no_image
155902,Absidia heterospora,,,,,,,,no_image
151127,Abundisporus roseoalbus,浅粉多孢孔菌,,,,,,,no_image
7916,Abylopsis eschscholtzi,短深杯水母,,,,,,,no_image
19492,Acallurothrips casuarinae,木麻宽管蓟马,,,,,,,no_image
19514,Acalolepta hainana,,,,,,,,no_image
19542,Acalolepta vitalisi,,,,,,,,no_image
83291,Acalypha supera,裂苞铁苋菜,,,,,,,no_image
72500,Acanthaphritis grandisquamis,大鳞棘吻鱼,,,,,,,no_image
6573,Acanthella vulgata,普通棘头海绵,,,,,,,no_image
19555,Acanthocinus carinulatus,,,,,,,,no_image
7526,Acanthogorgia armata,刺棘柳珊瑚,,,,,,,no_image
2994,Acanthomysis platycauda,平尾刺糠虾,,,,,,,no_image
72519,Acanthopagrus pacificus,太平洋棘鲷,,,,,,,no_image
72524,Acanthoplesiops psilogaster,滑腹若棘鮗,,,,,,,no_image
19592,Acanthormius gutainshanensis,古田山齿腹茧蜂,,,,,,,no_image
4799,Acanthosquilla manningi,曼宁刺虾蛄,,,,,,,no_image
10582,Acaphyllisa shinkoensa,,,,,,,,no_image
135102,Acarospora geophila,,,,,,,,no_image
3625,Acaudina leucoprocta,白肛海地瓜,,,,,,,no_image
155554,Acaulospora mellea,蜜色无梗囊霉,,,,,,,no_image
72483,Abroscopus albogularis,棕脸鹟莺,images/00/07/00072483.webp,https://thumb.wikimedia.org/wikipedia/commons/thumb/b/bd/Rufous-faced_Warbler_-_Bhutan_S4E0984_%2819261554082%29_%282%29.jpg/960px-Rufous-faced_Warbler_-_Bhutan_S4E0984_%2819261554082%29_%282%29.jpg?utm_source=en.wikipedia.org&utm_campaign=api&utm_content=thumbnail,Francesco Veronesi from Italy,CC BY-SA 2.0,https://creativecommons.org/licenses/by-sa/2.0,https://en.wikipedia.org/wiki/File:Rufous-faced_Warbler_-_Bhutan_S4E0984_(19261554082)_(2).jpg,ok
83198,Abies chensiensis,秦岭冷杉,images/00/08/00083198.webp,https://thumb.wikimedia.org/wikipedia/commons/thumb/6/6a/Abies_chensiensis_-_Botanischer_Garten_Freiburg_-_DSC06478.jpg/960px-Abies_chensiensis_-_Botanischer_Garten_Freiburg_-_DSC06478.jpg?utm_source=en.wikipedia.org&utm_campaign=api&utm_content=thumbnail,Daderot,CC0,http://creativecommons.org/publicdomain/zero/1.0/deed.en,https://en.wikipedia.org/wiki/File:Abies_chensiensis_-_Botanischer_Garten_Freiburg_-_DSC06478.jpg,ok
83448,Acer tenellum,薄叶槭,,,,,,,no_image
10595,Aceria callicarpae,,,,,,,,no_image
72566,Accipiter nisus,雀鹰,images/00/07/00072566.webp,https://thumb.wikimedia.org/wikipedia/commons/thumb/4/4d/%D0%AF%D1%81%D1%82%D1%80%D0%B5%D0%B1-%D0%BF%D0%B5%D1%80%D0%B5%D0%BF%D0%B5%D0%BB%D1%8F%D1%82%D0%BD%D0%B8%D0%BA_%28Accipiter_nisus%2C_m%29%2C_%D0%98%D0%B7%D0%BC%D0%B0%D0%B9%D0%BB%D0%BE%D0%B2%D1%81%D0%BA%D0%B8%D0%B9_%D0%BF%D0%B0%D1%80%D0%BA.jpg/960px-%D0%AF%D1%81%D1%82%D1%80%D0%B5%D0%B1-%D0%BF%D0%B5%D1%80%D0%B5%D0%BF%D0%B5%D0%BB%D1%8F%D1%82%D0%BD%D0%B8%D0%BA_%28Accipiter_nisus%2C_m%29%2C_%D0%98%D0%B7%D0%BC%D0%B0%D0%B9%D0%BB%D0%BE%D0%B2%D1%81%D0%BA%D0%B8%D0%B9_%D0%BF%D0%B0%D1%80%D0%BA.jpg?utm_source=en.wikipedia.org&utm_campaign=api&utm_content=thumbnail,Dion Art,CC BY-SA 4.0,https://creativecommons.org/licenses/by-sa/4.0,"https://en.wikipedia.org/wiki/File:Ястреб-перепелятник_(Accipiter_nisus,_m),_Измайловский_парк.jpg",ok
72551,Acanthurus pyroferus,黑鳃刺尾鱼,images/00/07/00072551.webp,https://thumb.wikimedia.org/wikipedia/commons/thumb/0/00/Mimic_surgeonfish_%28Acanthurus_Pyroferus%29_%2846991497534%29.jpg/960px-Mimic_surgeonfish_%28Acanthurus_Pyroferus%29_%2846991497534%29.jpg?utm_source=en.wikipedia.org&utm_campaign=api&utm_content=thumbnail,Rickard Zerpe,CC BY 2.0,https://creativecommons.org/licenses/by/2.0,https://en.wikipedia.org/wiki/File:Mimic_surgeonfish_(Acanthurus_Pyroferus)_(46991497534).jpg,ok
10381,Aceria jasminoidis,,,,,,,,no_image
10030,Aceria nimia,,,,,,,,no_image
83345,Acer calcaratum,三裂槭,images/00/08/00083345.webp,https://thumb.wikimedia.org/wikipedia/commons/thumb/f/f9/Acer_calcaratum_%28I%29.jpg/960px-Acer_calcaratum_%28I%29.jpg?utm_source=en.wikipedia.org&utm_campaign=api&utm_content=thumbnail,"This Photo was taken by Supanut Arunoprayote.

Feel free to use any of my images, but please mention me as the author and may send me a message.  (สามารถใช้ภาพได้อิสระ แต่กรุณาใส่เครดิตผู้ถ่ายและอาจส่งข้อความบอกกล่าวด้วย) 



Please do not upload an updated image here without consultation with the Author. The author would like to make corrections only at his own source. This ensures that the changes are preserved.Please if you think that any changes should be required, please inform the author.Otherwise you can upload a new image with a new name. Please use one of the templates derivative or extract.",CC BY 4.0,https://creativecommons.org/licenses/by/4.0,https://en.wikipedia.org/wiki/File:Acer_calcaratum_(I).jpg,ok
83373,Acer forrestii,丽江槭,,https://upload.wikimedia.org/wikipedia/commons/0/04/Acer_pectinatum_ssp.forrestii.jpg?utm_source=en.wikipedia.org&utm_campaign=api&utm_content=thumbnail_unscaled,Jack Holloway from South Africa,CC BY 2.0,https://creativecommons.org/licenses/by/2.0,https://en.wikipedia.org/wiki/File:Acer_pectinatum_ssp.forrestii.jpg,download_failed
10033,Aceria shepherdiae,,,,,,,,no_image
11480,Achaearanea simaoica,思茅希蛛,,,,,,,no_image
83394,Acer mandshuricum,东北槭,images/00/08/00083394.webp,https://thumb.wikimedia.org/wikipedia/commons/thumb/6/67/Acer_mandshuricum_leaf.jpg/960px-Acer_mandshuricum_leaf.jpg?utm_source=en.wikipedia.org&utm_campaign=api&utm_content=thumbnail,Abarmot,CC BY-SA 3.0,https://creativecommons.org/licenses/by-sa/3.0,https://en.wikipedia.org/wiki/File:Acer_mandshuricum_leaf.jpg,ok
72594,Achalinus jianghuaensis,江华脊蛇,,,,,,,no_image
135122,Acarospora stapfiana,,images/00/13/00135122.webp,https://thumb.wikimedia.org/wikipedia/commons/thumb/8/8e/Acarospora_stapfiana_-_Flickr_-_pellaea.jpg/960px-Acarospora_stapfiana_-_Flickr_-_pellaea.jpg?utm_source=en.wikipedia.org&utm_campaign=api&utm_content=thumbnail,Jason Hollinger,CC BY 2.0,https://creativecommons.org/licenses/by/2.0,https://en.wikipedia.org/wiki/File:Acarospora_stapfiana_-_Flickr_-_pellaea.jpg,ok
19634,Achmonia manfei,,,,,,,,no_image
83499,Achnatherum sibiricum,羽茅,,,,,,,no_image
19653,Acidiella didymera,双楔平脉实蝇,,,,,,,no_image
19673,Acidiostigma montana,山地长痣实蝇,,,,,,,no_image
83521,Acidosasa venusta,黎竹,,,,,,,no_image
19689,Acinia biflexa,旋复花斑痣实蝇,,,,,,,no_image
83422,Acer pinnatinervium,楠叶槭,images/00/08/00083422.webp,https://thumb.wikimedia.org/wikipedia/commons/thumb/d/dc/Acer_laurinum_%28A_philippinum%2C_IT%29_NY337737_%288024331538%29.jpg/960px-Acer_laurinum_%28A_philippinum%2C_IT%29_NY337737_%288024331538%29.jpg?utm_source=en.wikipedia.org&utm_campaign=api&utm_content=thumbnail,filibot.web,CC BY-SA 2.0,https://creativecommons.org/licenses/by-sa/2.0,"https://en.wikipedia.org/wiki/File:Acer_laurinum_(A_philippinum,_IT)_NY337737_(8024331538).jpg",ok
72584,Aceros nipalensis,棕颈犀鸟,,https://upload.wikimedia.org/wikipedia/commons/2/20/Rufous-necked_Hornbill_Mahananda_Wildlife_Sanctuary_West_Bengal_India_06.12.2015.jpg?utm_source=en.wikipedia.org&utm_campaign=api&utm_content=thumbnail_unscaled,Dibyendu Ash,CC BY-SA 3.0,https://creativecommons.org/licenses/by-sa/3.0,https://en.wikipedia.org/wiki/File:Rufous-necked_Hornbill_Mahananda_Wildlife_Sanctuary_West_Bengal_India_06.12.2015.jpg,download_failed
19702,Aclerls albopterana,青白长翅卷蛾,,,,,,,no_image
19723,Aclerls issikii,杨凹长翅卷蛾,,,,,,,no_image
19743,Aclerls submaccana,毛赤杨长翅卷蛾,,,,,,,no_image
1759,Acoetes flagelliformis,鞭状蠕鳞虫,,,,,,,no_image
83551,Aconitum ambiguum,兴安乌头,,,,,,,no_image
83586,Aconitum chayuense,察隅乌头,,,,,,,no_image
83614,Aconitum fanjingshanicum,梵净山乌头,,,,,,,no_image
83688,Aconitum liangshanicum,凉山乌头,,,,,,,no_image
83713,Aconitum nemorum,林地乌头,,,,,,,no_image
83765,Aconitum shennongjiaense,神农架乌头,,,,,,,no_image
19627,Acherontia atropos,赭带鬼脸天蛾,images/00/01/00019627.webp,https://thumb.wikimedia.org/wikipedia/commons/thumb/8/81/Acherontia_atropos_MHNT_dos.jpg/960px-Acherontia_atropos_MHNT_dos.jpg?utm_source=en.wikipedia.org&utm_campaign=api&utm_content=thumbnail,Didier Descouens,CC BY-SA 4.0,https://creativecommons.org/licenses/by-sa/4.0,https://en.wikipedia.org/wiki/File:Acherontia_atropos_MHNT_dos.jpg,ok
83791,Aconitum tenuigaleatum,细盔乌头,,,,,,,no_image
83739,Aconitum pseudodivaricatum,全裂乌头,,,,,,,no_image
19782,Acosmetura emarginata,凹缘异饰肛螽,,,,,,,no_image
142256,Acremonium cucurbitacearum,,,,,,,,no_image
19804,Acrida incallida,弯角剑角蝗,,,,,,,no_image
83465,Acetabularia calyculus,伞藻,images/00/08/00083465.webp,https://thumb.wikimedia.org/wikipedia/commons/thumb/1/1c/Icones_of_Japanese_algae_%28Pl._C%29_%286049929357%29.jpg/960px-Icones_of_Japanese_algae_%28Pl._C%29_%286049929357%29.jpg?utm_source=en.wikipedia.org&utm_campaign=api&utm_content=thumbnail,"Okamura, Kintaro",Public domain,,https://en.wikipedia.org/wiki/File:Icones_of_Japanese_algae_(Pl._C)_(6049929357).jpg,ok
19817,Acritochaeta orientalis,东方茸芒蝇,,,,,,,no_image
83835,Acrochaetium parvulum,小顶丝藻,,,,,,,no_image
132342,Acrogenospora novae-zelandiae,,,,,,,,no_image
19851,Acrocyrtidus fulvus,,,,,,,,no_image
19855,Acrolocha wahuiensis,,,,,,,,no_image
142268,Acrophialophora levis,,,,,,,,no_image
6922,Acropora dendrum,树形鹿角珊瑚,,,,,,,no_image
83646,Aconitum henryi,川鄂乌头,images/00/08/00083646.webp,https://thumb.wikimedia.org/wikipedia/commons/thumb/d/da/Aconitum_henryi_spark%60s_variety_0.1_R.jpg/960px-Aconitum_henryi_spark%60s_variety_0.1_R.jpg?utm_source=en.wikipedia.org&utm_campaign=api&utm_content=thumbnail,Rob Hille,Public domain,,https://en.wikipedia.org/wiki/File:Aconitum_henryi_spark`s_variety_0.1_R.jpg,ok
6931,Acropora tenuis,柔枝鹿角珊瑚,,,,,,,no_image
19915,Acropsilus zhuae,朱氏长须长足虻,,,,,,,no_image
72656,Acrocephalus sorghophilus,细纹苇莺,,https://thumb.wikimedia.org/wikipedia/commons/thumb/a/a8/Acrocephalus_sorghophilus_distribution_map.png/960px-Acrocephalus_sorghophilus_distribution_map.png?utm_source=en.wikipedia.org&utm_campaign=api&utm_content=thumbnail,Haller1962,CC BY-SA 3.0,https://creativecommons.org/licenses/by-sa/3.0,https://en.wikipedia.org/wiki/File:Acrocephalus_sorghophilus_distribution_map.png,download_failed
72676,Acrossocheilus jishouensis,吉首光唇鱼,,,,,,,no_image
19928,Acrotaeniostola quadrivittata,黄纹短羽实蝇,,,,,,,no_image
19944,Acrotona collusa,,,,,,,,no_image
19964,Acrotona magnalaminides,,,,,,,,no_image
83870,Acronema hookeri,锡金丝瓣芹,,https://thumb.wikimedia.org/wikipedia/commons/thumb/8/8e/Acronema_hookeri.jpg/960px-Acronema_hookeri.jpg?utm_source=en.wikipedia.org&utm_campaign=api&utm_content=thumbnail,"Rahul Kumar, Aashish Kumar &amp; Vikas Kumar",CC BY 4.0,https://creativecommons.org/licenses/by/4.0,https://en.wikipedia.org/wiki/File:Acronema_hookeri.jpg,download_failed
19888,Acronicta major,桑剑纹夜蛾,,https://upload.wikimedia.org/wikipedia/commons/4/4f/Acronicta_maxima.JPG?utm_source=en.wikipedia.org&utm_campaign=api&utm_content=thumbnail_unscaled,"Sir GEORGE F. HAMPSON, Bart.",Public domain,,https://en.wikipedia.org/wiki/File:Acronicta_maxima.JPG,download_failed
6960,Acropora microphthalma,花托鹿角珊瑚,,https://thumb.wikimedia.org/wikipedia/commons/thumb/e/e1/Acropora_inermis.jpg/960px-Acropora_inermis.jpg?utm_source=en.wikipedia.org&utm_campaign=api&utm_content=thumbnail,,,,https://en.wikipedia.org/wiki/Acropora_microphthalma,license_rejected
19868,Acronicta alni,桦剑纹夜蛾,,https://thumb.wikimedia.org/wikipedia/commons/thumb/0/06/Acronicta_alni.jpg/960px-Acronicta_alni.jpg?utm_source=en.wikipedia.org&utm_campaign=api&utm_content=thumbnail,Dumi,CC BY-SA 3.0,http://creativecommons.org/licenses/by-sa/3.0/,https://en.wikipedia.org/wiki/File:Acronicta_alni.jpg,download_failed
19984,Acrotona suspiciosa,,,,,,,,no_image
19765,Acontia lucida,绮夜蛾,images/00/01/00019765.webp,https://thumb.wikimedia.org/wikipedia/commons/thumb/d/d3/Noctuidae_-_Acontia_lucida-001.JPG/960px-Noctuidae_-_Acontia_lucida-001.JPG?utm_source=en.wikipedia.org&utm_campaign=api&utm_content=thumbnail,Hectonichus,CC BY-SA 4.0,https://creativecommons.org/licenses/by-sa/4.0,https://en.wikipedia.org/wiki/File:Noctuidae_-_Acontia_lucida-001.JPG,ok
247,Actaea areolatus,小区仿银杏蟹,,,,,,,no_image
180,Actaeodes tomentosa,绒毛仿银杏蟹,,,,,,,no_image
83912,Actephila merrilliana,喜光花,,,,,,,no_image
20022,Actina basalis,基褐星水虻,,,,,,,no_image
7968,Actinia equina,等指海葵,,,,,,,no_image
83971,Actinidia rufa,山梨猕猴桃,,,,,,,no_image
83945,Actinidia indochinensis,中越猕猴桃,,,,,,,no_image
142273,Actinocladium rhodosporum,,,,,,,,no_image
84005,Actinodaphne tsaii,马关黄肉楠,,,,,,,no_image
3263,Actinopyga echinites,棘辐肛参,,,,,,,no_image
2293,Actumnus dorsipes,背足杨梅蟹,,,,,,,no_image
10160,Aculops atypta,,,,,,,,no_image
9947,Aculus changbais,,,,,,,,no_image
10258,Aculops sophorae,,,,,,,,no_image
9994,Aculus niphlocladae,,,,,,,,no_image
20056,Acylophorus furcatus,,,,,,,,no_image
20072,Adapsilia coomani,孔氏适蜣蝇,,,,,,,no_image
20090,Adelphococris divergens,分异苜蓿盲蝽,,,,,,,no_image
20110,Adelphococris suturalis,中黑苜蓿盲蝽,,,,,,,no_image
84029,Adenonema cherleriae,兴安繁缕,,,,,,,no_image
84057,Adenophora lobophylla,裂叶沙参,,,,,,,no_image
84096,Adenophora tricuspidata,锯齿沙参,,,,,,,no_image
84116,Adiantum capillus-veneris,铁线蕨,,,,,,,no_image
84136,Adiantum meishanianum,梅山铁线蕨,,,,,,,no_image
84157,Adinandra angustifolia,狭叶杨桐,,,,,,,no_image
84186,Adinandra pingbianensis,屏边杨桐,,,,,,,no_image
20158,Adraneothrips yunnanensis,云南德管蓟马,,,,,,,no_image
84194,Adonis chrysocyathus,金黄侧金盏花,,,,,,,no_image
20177,Aedes alcasidi,吕宋伊蚊,,,,,,,no_image
20197,Aedes detritus,屑皮伊蚊,,,,,,,no_image
20219,Aedes greenii,格林伊蚊,,,,,,,no_image
20241,Aedes longifilamentus,长刀伊蚊,,,,,,,no_image
20261,Aedes peipingensis,北京伊蚊,,,,,,,no_image
8407,Aega falcata,凹陷纺锤水虱,,,,,,,no_image
20281,Aedes sedaensis,色达伊蚊,,,,,,,no_image
20312,Aegosoma sinicum,,,,,,,,no_image
72720,Aegithina lafresnayei,大绿雀鹎,,,,,,,no_image
20321,Aenigmatias lubbocki,卢氏扁蚤蝇,,,,,,,no_image
84231,Aerobryopsis aristifolia,芒叶灰气藓,,,,,,,no_image
7458,Aequorea conica,锥形多管水母,,,,,,,no_image
20372,Aeschnophlebia celia,希里黑额蜓,,,,,,,no_image
20351,Aeropedellus ampliseptus,宽隔蛛蝗,,,,,,,no_image
84243,Aeschynanthus acuminatissimus,长尖芒毛苣苔,,,,,,,no_image
84267,Aeschynanthus linearifolius,条叶芒毛苣苔,,,,,,,no_image
84287,Aeschynanthus tongbiguanensis,铜壁关芒毛苣苔,,,,,,,no_image
72741,Aethopyga gouldiae,蓝喉太阳鸟,,,,,,,no_image
72736,Aesopia cornuta,角鳎,,,,,,,no_image
6609,Afrocucumis africana,非洲异瓜参,,,,,,,no_image
84310,Aganosma marginata,香花藤,,,,,,,no_image
84323,Agapetes camelliifolia,茶叶树萝卜,,,,,,,no_image
84347,Agapetes linearifolia,线叶树萝卜,,,,,,,no_image
84367,Agapetes praestigiosa,听邦树萝卜,,,,,,,no_image
144924,Agaricus abiegna,,,,,,,,no_image
144944,Agaricus bilamellatus,,,,,,,,no_image
144964,Agaricus cappellianus,肤色蘑菇,,,,,,,no_image
144984,Agaricus decastes,,,,,,,,no_image
145004,Agaricus haemorrhoidarius,红肉蘑菇,,,,,,,no_image
145024,Agaricus lutosus,,,,,,,,no_image
145044,Agaricus perfuscus,全褐蘑菇,,,,,,,no_image
145084,Agaricus spodophyllus,,,,,,,,no_image
145064,Agaricus purpuratus,,,,,,,,no_image
145104,Agaricus varius,,,,,,,,no_image
20450,Agathia diversiformis,短尾艳青尺蛾,,,,,,,no_image
20473,Agathis taiwanensis,台湾窄径茧蜂,,,,,,,no_image
20489,Agelasta helii,,,,,,,,no_image
12244,Agelena secsuensis,四川漏斗蛛,,,,,,,no_image
84391,Ageratina riparia,溪边紫茎泽兰,,,,,,,no_image
84403,Aglaonema simplex,越南万年青,,,,,,,no_image
8041,Aglaophenia tubulifera,管形美羽螅,,,,,,,no_image
20545,Agnaptoria kunda,孔达贞琵甲,,,,,,,no_image
20567,Agnetina brevipennis,短翅剑(虫责),,,,,,,no_image
20590,Agnibesa venusta,雅异序尺蛾,,,,,,,no_image
14161,Agnyphantes expunctus,外斑丘皿蛛,,,,,,,no_image
20628,Agonita pictipes,斑足三脊甲,,,,,,,no_image
20651,Agrisius fuliginosus,煤色滴苔蛾,,,,,,,no_image
84406,Agrimonia eupatoria,欧洲龙牙草,,,,,,,no_image
148169,Agrocybe salicacicola,杨柳田头菇,,,,,,,no_image
15473,Agroeca tumida,肿田野蛛,,,,,,,no_image
72765,Agropsar sturninus,北椋鸟,,,,,,,no_image
84433,Agrostis brachiata,大锥剪股颖,,,,,,,no_image
84453,Agrostis sozanensis,台湾剪股颖,,,,,,,no_image
20698,Agrotis praedicta,尤地夜蛾,,,,,,,no_image
14304,Agyneta palustris,沼泽丘皿蛛,,,,,,,no_image
20716,Ahmaditermes guizhouensis,贵州钝颚白蚁,,,,,,,no_image
84469,Aidia canthioides,香楠,,,,,,,no_image
84489,Ainsliaea acerifolia,槭叶兔儿风,,,,,,,no_image
84517,Ainsliaea guniuensis,牯牛兔儿风,,,,,,,no_image
84541,Ainsliaea simplicissima,单花兔儿风,,,,,,,no_image
84570,Ajania potaninii,川甘亚菊,,,,,,,no_image
84550,Ajania achilleoides,蓍状亚菊,,,,,,,no_image
84623,Ajuga taiwanensis,台湾筋骨草,,,,,,,no_image
84640,Alangium confertiflorum,密花八角枫,,,,,,,no_image
13604,Ajmonia psittacea,鹦阿卷叶蛛,,,,,,,no_image
20740,Albara violinea,新紫线钩蛾,,,,,,,no_image
151932,Albatrellus tianschanicus,天山地花菌,,,,,,,no_image
84674,Albizia mollis,毛叶合欢,,,,,,,no_image
6784,Albunea groeningi,葛氏管须蟹,,,,,,,no_image
84686,Alchornea hunanensis,湖南山麻秆,,,,,,,no_image
7243,Alcyonium rotundum,厚实软珊瑚,,,,,,,no_image
135798,Alectoria spinosa,,,,,,,,no_image
20762,Aleiodes coronarius,环角脊茧蜂,,,,,,,no_image
20782,Aleiodes latericarinis,侧脊茧蜂,,,,,,,no_image
20802,Aleiodes shestakovi,谢氏脊茧蜂,,,,,,,no_image
20818,Aleochara coreana,,,,,,,,no_image
20838,Aleochara lepida,,,,,,,,no_image
72848,Alepocephalus bicolor,双色平头鱼,,,,,,,no_image
20858,Aleochara serrulatides,,,,,,,,no_image
84705,Aletris guangxiensis,广西肺筋草,,,,,,,no_image
20886,Aletia l-album,白杖研夜蛾,,,,,,,no_image
140332,Aleuria rhenana,,,,,,,,no_image
140352,Aleurina kaushalii,考氏饰孢盘菌,,,,,,,no_image
84719,Aleuritopteris albomarginata,白边粉背蕨,,,,,,,no_image
84743,Aleuritopteris rosulata,莲座粉背蕨,,,,,,,no_image
152535,Aleurodiscus cremicolor,奶油色盘革菌,,,,,,,no_image
84758,Alfredia cernua,翅膜菊,,,,,,,no_image
152555,Aleurodiscus weirii,龟裂白盘革菌,,,,,,,no_image
20932,Algon robillardae,,,,,,,,no_image
900,Alima orientalis,东方海虾蛄,,,,,,,no_image
20948,Allactoneura ussuriensis,乌苏里折翅菌蚊,,,,,,,no_image
20963,Alliopsis delioides,地种毛眼花蝇,,,,,,,no_image
131538,Allarthonia yunnana,,,,,,,,no_image
20983,Alliopsis silvatica,拟林毛眼花蝇,,,,,,,no_image
84804,Allium caesium,知母韭,,,,,,,no_image
84828,Allium eduardii,贺兰韭,,,,,,,no_image
72612,Acheilognathus chankaensis,兴凯&#x0000E05E;,,https://thumb.wikimedia.org/wikipedia/commons/thumb/0/0e/Acanthorhodeus_chankaensis.jpg/960px-Acanthorhodeus_chankaensis.jpg?utm_source=en.wikipedia.org&utm_campaign=api&utm_content=thumbnail,A. C. Tatarinov,CC BY-SA 4.0,https://creativecommons.org/licenses/by-sa/4.0,https://en.wikipedia.org/wiki/File:Acanthorhodeus_chankaensis.jpg,download_failed
84848,Allium hookeri,宽叶韭,,,,,,,no_image
84872,Allium macrostemon,薤白,,,,,,,no_image
84897,Allium pallasii,小山蒜,,,,,,,no_image
84921,Allium sacculiferum,朝鲜韭,,,,,,,no_image
84965,Allium xichuanense,西川韭,,,,,,,no_image
84943,Allium subangulatum,紫花韭,,,,,,,no_image
135808,Allocetraria madreporiformis,小管厚枝衣,,,,,,,no_image
21029,Allognosta ancistra,钩突距水虻,,,,,,,no_image
12378,Alloclubionoides nariceus,长鼻满蛛,,,,,,,no_image
9108,Allodamaeus haradai,原田细珠甲螨,,,,,,,no_image
21049,Allognosta liui,刘氏距水虻,,,,,,,no_image
21068,Allograpta taibaiensis,太白异巴蚜蝇,,,,,,,no_image
18091,Allolobophora chlorotica,绿色异唇蚓,,,,,,,no_image
155249,Allomyces neomoniliformis,,,,,,,,no_image
15753,Allopauropus ipassaensis,伊帕萨别少足,,,,,,,no_image
84978,Allophylus caudatus,波叶异木患,,,,,,,no_image
18776,Alloscopus liuae,,,,,,,,no_image
6021,Allothyone mucronata,尖细异赛瓜参,,,,,,,no_image
21122,Alluaudomyia angulata,角突阿蠓,,,,,,,no_image
85003,Alnus japonica,日本桤木,,,,,,,no_image
21142,Alluaudomyia quinquepicina,五黑阿蠓,,,,,,,no_image
21157,Aloconota diancangensis,,,,,,,,no_image
21177,Aloconota sinolongula,,,,,,,,no_image
21192,Alompra roepkei,红点枯叶蛾,,,,,,,no_image
16489,Alopecosa huabanna,花斑舞蛛,,,,,,,no_image
16328,Alopecosa wenxianensis,文县舞蛛,,,,,,,no_image
2556,Alox somphos,海绵沟甲蟹,,,,,,,no_image
1328,Alpheus canaliculatus,沟掌鼓虾,,,,,,,no_image
1372,Alpheus gracilis,纤细鼓虾,,,,,,,no_image
1343,Alpheus paralcyone,副海绵鼓虾,,,,,,,no_image
1348,Alpheus xishaensis,鼓虾,,,,,,,no_image
85055,Alpinia coriacea,革叶山姜,,,,,,,no_image
85078,Alpinia malaccensis,毛瓣山姜,,,,,,,no_image
85098,Alpinia sessiliflora,大头山姜,,,,,,,no_image
85116,Alseodaphnopsis hokouensis,河口北油丹,,,,,,,no_image
85133,Alstonia rostrata,盆架树,,,,,,,no_image
133838,Alternaria alternata,,,,,,,,no_image
133858,Alternaria brevispora,,,,,,,,no_image
133878,Alternaria chrysanthemi,,,,,,,,no_image
133898,Alternaria dioscoreae,,,,,,,,no_image
133938,Alternaria musae,,,,,,,,no_image
133918,Alternaria iridicola,,,,,,,,no_image
133978,Alternaria rosicola,,,,,,,,no_image
133958,Alternaria phragmospora,,,,,,,,no_image
16749,Althepus menglaensis,勐腊阿瑟蛛,,,,,,,no_image
133998,Alternaria tribuli,,,,,,,,no_image
2851,Altiverruca cristallina,冠状高花笼,,,,,,,no_image
10692,Alveopora verrilliana,佛氏穴孔珊瑚,,,,,,,no_image
85169,Alyxia schlechteri,狭叶链珠藤,,,,,,,no_image
85176,Amana erythronioides,二叶老鸦瓣,,,,,,,no_image
142285,Amanita albopulverulenta,白粉鹅膏,,,,,,,no_image
142305,Amanita calyptrata,扁盖鹅膏,,,,,,,no_image
142325,Amanita elata,,,,,,,,no_image
142345,Amanita griseoverrucosa,,,,,,,,no_image
142365,Amanita longistriata,长条棱鹅膏,,,,,,,no_image
142385,Amanita orientigemmata,东方黄盖鹅膏,,,,,,,no_image
142405,Amanita puella,,,,,,,,no_image
142425,Amanita striatuloides,松塔鹅膏,,,,,,,no_image
142445,Amanita volvata,苞脚鹅膏菌,,,,,,,no_image
85190,Amaranthus caudatus,尾穗苋,,,,,,,no_image
21256,Amaurodera schuelkei,,,,,,,,no_image
21239,Amarochara hamulata,,,,,,,,no_image
151147,Amauroderma fasciculatum,簇生假芝,,,,,,,no_image
151167,Amauroderma perplexum,,,,,,,,no_image
72901,Ambassis urotaenia,尾纹双边鱼,,,,,,,no_image
151187,Amauroderma vansteenisii,,,,,,,,no_image
72910,Amblyeleotris guttata,点纹钝塘鳢,,,,,,,no_image
72930,Amblygobius bynoensis,百瑙钝鰕虎,,,,,,,no_image
21274,Amblypsilopus bractus,薄雅长足虻,,,,,,,no_image
21294,Amblypsilopus liaoae,廖氏雅长足虻,,,,,,,no_image
21314,Amblypsilopus yunnanensis,云南雅长足虻,,,,,,,no_image
21324,Ambrostoma superbum,紫榆叶甲,,,,,,,no_image
21344,Amegilla quadrifasciata,四条无垫蜂,,,,,,,no_image
85233,Amesiodendron chinense,细子龙,,,,,,,no_image
21370,Amiota apenis,缺茎阿果蝇,,,,,,,no_image
21390,Amiota dehiscentia,裂叶阿果蝇,,,,,,,no_image
21410,Amiota kitamurai,北村阿果蝇,,,,,,,no_image
21430,Amiota pengi,彭氏阿果蝇,,,,,,,no_image
21450,Amiota undulata,曲叶阿果蝇,,,,,,,no_image
85242,Ammannia senegalensis,塞内加尔水苋菜,,,,,,,no_image
1167,Amniclineus zhujiangensis,珠江川纽虫,,,,,,,no_image
72958,Amolops daorum,瑶湍蛙,,,,,,,no_image
72999,Amolops vitreus,丰沙里湍蛙,,,,,,,no_image
72979,Amolops mengyangensis,勐养湍蛙,,,,,,,no_image
85259,Amomum koenigii,野草果,,,,,,,no_image
85279,Amomum subcapitatum,头花砂仁,,,,,,,no_image
85298,Amorphophallus corrugatus,田阳魔芋,,,,,,,no_image
73012,Amoya janthinopterus,紫鳍缰鰕虎,,,,,,,no_image
6069,Ampelisca miharaensis,美原双眼钩虾,,,,,,,no_image
6441,Amphibalanus poecilotheca,块斑纹藤壶,,,,,,,no_image
85343,Ampelopsis glandulosa,蛇葡萄,,,,,,,no_image
85323,Ampelocalamus scandens,爬竹,,,,,,,no_image
73018,Amphiesma stolatum,草腹链蛇,,,,,,,no_image
4748,Amphimetra laevipinna,滑圆羽枝,,,,,,,no_image
21525,Amphinemura claviloba,锤叶倍叉(虫责),,,,,,,no_image
21545,Amphinemura furcospinata,叉刺倍叉(虫责),,,,,,,no_image
21565,Amphinemura mamillata,乳突倍叉(虫责),,,,,,,no_image
21585,Amphinemura spinellosa,细刺倍叉(虫责),,,,,,,no_image
1224,Amphioplus depressus,洼颚倍棘蛇尾,,,,,,,no_image
21598,Amphipoea ussuriensis,北奂夜蛾,,,,,,,no_image
21608,Amphipsylla jingtieshanensis,镜铁山双蚤,,,,,,,no_image
21643,Amphipsylla weiningensis,威宁双蚤,,,,,,,no_image
85369,Amphiroa zonata,带形叉节藻,,,,,,,no_image
1235,Amphiura micraspis,小盾阳遂足,,,,,,,no_image
141204,Amplistroma tartareum,,,,,,,,no_image
150841,Amylocystis lapponicus,,,,,,,,no_image
14851,Amyciaea forticeps,大头蚁蟹蛛,,,,,,,no_image
17798,Amynthas brevicingulus,短形远盲蚓,,,,,,,no_image
17907,Amynthas acidophilus,嗜酸远盲蚓,,,,,,,no_image
17838,Amynthas fenestrus,窗形远盲蚓,,,,,,,no_image
17797,Amynthas heterogens,致异远盲蚓,,,,,,,no_image
17950,Amynthas dilatatus,膨大远盲蚓,,,,,,,no_image
17717,Amynthas kinmenensis,金门远盲蚓,,,,,,,no_image
17737,Amynthas manicatus,,,,,,,,no_image
17940,Amynthas nanrenensis,南仁远盲蚓,,,,,,,no_image
17768,Amynthas plantoporophoratus,双履远盲蚓,,,,,,,no_image
17965,Amynthas shinanmontis,石楠山远盲蚓,,,,,,,no_image
18014,Amynthas tsou,邹远盲蚓,,,,,,,no_image
17847,Amynthas zyosiae,结缕远盲蚓,,,,,,,no_image
85373,Anabasis aphylla,无叶假木贼,,,,,,,no_image
21696,Anaches wenhsini,,,,,,,,no_image
2220,Anadara uropigmelana,鹅绒粗饰蚶,,,,,,,no_image
21722,Anaglyptus arcanus,,,,,,,,no_image
21742,Anaglyptus tichyi,,,,,,,,no_image
21762,Anagyrus galinae,,,,,,,,no_image
21782,Anagyrus tricolor,三色长索跳小蜂,,,,,,,no_image
135145,Anamylopsora pulcherrima,丽柄盘衣,,,,,,,no_image
85451,Anaphalis porphyrolepis,紫苞香青,,,,,,,no_image
85420,Anaphalis flaccida,萎软香青,,,,,,,no_image
21788,Anaphothrips obscurus,玉米黄呆蓟马,,,,,,,no_image
135246,Anaptychia firmula,坚黄髓雪花衣,,,,,,,no_image
135266,Anaptychia setifera,刚毛雪花衣,,,,,,,no_image
21816,Anastoechus asiaticus,阔雏蜂虻,,,,,,,no_image
21802,Anarta fasciata,暗带窄眼夜蛾,,,,,,,no_image
21838,Anastrephoides matsumurai,带古按实蝇,,,,,,,no_image
21843,Anatkina assamensis,阿萨姆斑大叶蝉,,,,,,,no_image
21882,Anaulacaspis beijingensis,,,,,,,,no_image
21863,Anatkina motuoensis,墨脱斑大叶蝉，新种,,,,,,,no_image
21888,Anax guttatus,斑伟蜓,,,,,,,no_image
910,Anchisquilla fasciaticauda,脊尾近虾蛄,,,,,,,no_image
21928,Ancylorrhynchus orientalis,东方钩喙食虫虻,,,,,,,no_image
1635,Ancistrosyllis brevicirris,短须钩裂虫,,,,,,,no_image
21936,Andrioplecta pulverula,瘿斜斑小卷蛾,,,,,,,no_image
85519,Androsace bisulca,昌都点地梅,,,,,,,no_image
85540,Androsace forrestiana,滇藏点地梅,,,,,,,no_image
85585,Androsace squarrosula,鳞叶点地梅,,,,,,,no_image
21948,Anechura huangi,黄氏张球螋,,,,,,,no_image
85562,Androsace mariae,西藏点地梅,,,,,,,no_image
85636,Anemone fulingensis,涪陵银莲花,,,,,,,no_image
85598,Anemoclema glaucifolium,罂粟莲花,,,,,,,no_image
85668,Anemone rivularis,草玉梅,,,,,,,no_image
85699,Anemone vitifolia,野棉花,,,,,,,no_image
14591,Angaeus liangweii,梁伟安格蛛,,,,,,,no_image
85711,Angelica aliensis,阿礼当归,,,,,,,no_image
85758,Angelica pseudoselinum,管鞘当归,,,,,,,no_image
85736,Angelica glauca,灰叶当归,,,,,,,no_image
153297,Angiopsora divina,,,,,,,,no_image
85790,Angiopteris itoi,伊藤氏原始观音座莲,,,,,,,no_image
5477,Angulus emarginatus,缘角蛤,,,,,,,no_image
73086,Anguilla bicolor,双色鳗鲡,,,,,,,no_image
73091,Anhinga melanogaster,黑腹蛇鹈,,,,,,,no_image
5209,Aniculus retipes,网足纹寄居蟹,,,,,,,no_image
85819,Anisocampium cuspidatum,拟鳞毛蕨,,,,,,,no_image
22022,Anisogomphus bivittatus,双条异春蜓,,,,,,,no_image
22042,Anisoneura aluco,树皮乱纹夜蛾,,,,,,,no_image
22075,Annamanum yunnanum,,,,,,,,no_image
85828,Anisomeles indica,广防风,,,,,,,no_image
22061,Ankylopteryx tibetana,西藏绢草蛉,,,,,,,no_image
141209,Annulatascus hongkongensis,,,,,,,,no_image
144580,Annulohypoxylon purpureonitens,,,,,,,,no_image
85868,Anoectochilus pingbianensis,屏边金线兰,,,,,,,no_image
73092,Anodontostoma chacunda,无齿鰶,,,,,,,no_image
22087,Anomis fulvida,超桥夜蛾,,,,,,,no_image
85891,Anomodon solovjovii,东亚牛舌藓,,,,,,,no_image
22108,Anomoia quadrivittata,四条斜脉实蝇,,,,,,,no_image
22119,Anopheles annularis,环纹按蚊,,,,,,,no_image
22140,Anopheles insulaeflorum,花岛按蚊,,,,,,,no_image
22160,Anopheles pattoni,帕氏按蚊,,,,,,,no_image
22203,Anoplodera porphyrophora,,,,,,,,no_image
22180,Anoplistes diabolicus,,,,,,,,no_image
22219,Anoplophora ankangensis,,,,,,,,no_image
22242,Anoplophora longehirsuta,,,,,,,,no_image
22258,Anormalous zhangi,张氏特螽,,,,,,,no_image
22291,Anotylus funebris,,,,,,,,no_image
22313,Anotylus nitidifrons,,,,,,,,no_image
22271,Anotylus amicus,,,,,,,,no_image
22331,Antapamea conciliata,道夜蛾,,,,,,,no_image
73099,Anourosorex squamipes,四川短尾鼩,,,,,,,no_image
22332,Anteon abdulnouri,阿卜单爪螯蜂,,,,,,,no_image
22352,Anteon flaccum,柔单爪螯蜂,,,,,,,no_image
22372,Anteon martiale,戎单爪螯蜂,,,,,,,no_image
22392,Anteon septentrionale,北方单爪螯蜂,,,,,,,no_image
141502,Anthasthoopa aceris,,,,,,,,no_image
22419,Antheraea pernyi,柞蚕,,,,,,,no_image
22463,Anthobium morchella,,,,,,,,no_image
22479,Anthocoris alpinus,横断原花蝽,,,,,,,no_image
22441,Anthidium nigroventralis,黑腹黄斑蜂,,,,,,,no_image
22499,Anthocoris notatotibialis,灰胫原花蝽,,,,,,,no_image
22514,Anthomyia hirsuticorpa,多毛花蝇,,,,,,,no_image
22532,Anthophora aeneiventris,铜腹条蜂,,,,,,,no_image
22552,Anthophora clavitarsis,棒跗条蜂,,,,,,,no_image
22573,Anthophora huashanense,华山条蜂,,,,,,,no_image
22594,Anthophora potaninii,波氏条蜂,,,,,,,no_image
22614,Anthophora xizangensis,西藏条蜂,,,,,,,no_image
144677,Anthostomella aquatica,,,,,,,,no_image
144697,Anthostomella rhaphidophylli,,,,,,,,no_image
140370,Anthracobia macrocystis,巨囊焦地盘菌,,,,,,,no_image
154896,Anthracoidea lindebergiae,,,,,,,,no_image
154916,Anthracoidea suedae,飘拂草炭黑粉菌,,,,,,,no_image
22622,Anthrax bimacula,双斑岩蜂虻,,,,,,,no_image
73152,Anthus roseatus,粉红胸鹨,,,,,,,no_image
5603,Anticyclus pachyamphis,粗化感器反轮线虫,,,,,,,no_image
85947,Antigonon leptopus,珊瑚藤,,,,,,,no_image
7784,Antipathes plana,平坦黑珊瑚,,,,,,,no_image
85958,Antithamnionella spirographidis,蠕虫拟对丝藻,,,,,,,no_image
22675,Antocha nigribasis,基黑安大蚊,,,,,,,no_image
16956,Antorchis parabotia,副沙鳅对睾吸虫,,,,,,,no_image
151877,Antrodiella stipitata,具柄小薄孔菌,,,,,,,no_image
22695,Anubis inermis,,,,,,,,no_image
22704,Anydrelia distorta,细线迭翅尺蛾,,,,,,,no_image
135820,Anzia physoidea,膀果绵腹衣,,,,,,,no_image
22720,Aoria rufotestacea,棕红厚缘肖叶甲,,,,,,,no_image
22738,Apamea characteria,紫褐秀夜蛾,,,,,,,no_image
22758,Apamea unanimis,灵秀夜蛾,,,,,,,no_image
22787,Apecholinus aglaosemanticus,,,,,,,,no_image
22805,Aphalacrosoma hubeiense,湖北准白长足虻,,,,,,,no_image
22812,Aphantopus hyperantus,阿芬眼蝶,,,,,,,no_image
22826,Aphelopus albopictoides,拟白斑常足螯蜂,,,,,,,no_image
22846,Aphelopus penanganus,槟榔常足螯蜂,,,,,,,no_image
22875,Aphrodisium cantori,,,,,,,,no_image
22866,Aphidounguis mali,苹果爪绵蚜,,,,,,,no_image
22904,Aphrodisium vermiculosum,,,,,,,,no_image
22921,Apimela tibetana,,,,,,,,no_image
73177,Aphyocypris arcus,瑶山细鲫,,,,,,,no_image
22923,Apis cerana,,,,,,,,no_image
22945,Aplomya flavisquama,黄瓣短尾寄蝇,,,,,,,no_image
86014,Apocopis breviglumis,短颖楔颖草,,,,,,,no_image
73209,Apogon ellioti,黑边天竺鲷,,,,,,,no_image
73198,Apodemus semotus,台湾姬鼠,,,,,,,no_image
73229,Apolemichthys trimaculatus,三点阿波鱼(三斑刺蝶鱼),,,,,,,no_image
22977,Apolygus hilaris,异色后丽盲蝽,,,,,,,no_image
22996,Apolysis galba,黄缘蜕蜂虻,,,,,,,no_image
23037,Aporia delavayi,丫纹绢粉蝶,,,,,,,no_image
86026,Aponogeton lakhonensis,水蕹,,,,,,,no_image
23098,Aporia procris,箭纹绢粉蝶,,,,,,,no_image
86034,Apostasia odorata,拟兰,,,,,,,no_image
23123,Apotropina tristriata,三斑显鬃秆蝇,,,,,,,no_image
143803,Appendiculella kiraiensis,,,,,,,,no_image
73232,Apristurus canutus,高臀光尾鲨(灰光尾鲨),,,,,,,no_image
23129,Appias indra,雷震尖粉蝶,,,,,,,no_image
23171,Aprostocetus eupatorii,长索长尾啮小蜂,,,,,,,no_image
23189,Apterygothrips brunneicornis,棕角无翅管蓟马,,,,,,,no_image
73263,Aquila nipalensis,草原雕,,,,,,,no_image
86067,Aquilegia vicaria,替代耧斗菜,,,,,,,no_image
86112,Arachniodes japonica,缩羽复叶耳蕨,,,,,,,no_image
86092,Arachniodes ailaoshanensis,哀牢山复叶耳蕨,,,,,,,no_image
86132,Arachniodes tsiangiana,黔蕨,,,,,,,no_image
73265,Arachnothera longirostra,长嘴捕蛛鸟,,,,,,,no_image
86141,Aralia bipinnata,台湾楤木,,,,,,,no_image
86163,Aralia hypoglauca,粉背羽叶参,,,,,,,no_image
23201,Arama gobica,戈壁阿拉寄蝇,,,,,,,no_image
11260,Araneus bicavus,双孔园蛛,,,,,,,no_image
11012,Araneus digitatus,指状园蛛,,,,,,,no_image
10861,Araneus marmoreus,花岗园蛛,,,,,,,no_image
11091,Araneus pinguis,肥胖园蛛,,,,,,,no_image
10955,Araneus transversivittiger,横形园蛛,,,,,,,no_image
11180,Araneus zhaoi,赵氏园蛛,,,,,,,no_image
23241,Arbolygus zhangi,张氏树丽盲蝽,,,,,,,no_image
86185,Araucaria heterophylla,异叶南洋杉,,,,,,,no_image
86186,Arcangelisia gusanlung,古山龙,,,,,,,no_image
6090,Archiacasta hainanensis,海南古绵藤壶,,,,,,,no_image
155535,Archaeospora leptoticha,薄壁原囊霉,,,,,,,no_image
86212,Archidendron nielsenianum,尼尔森氏棋子豆,,,,,,,no_image
23260,Archips capsigeranus,槭黄卷蛾,,,,,,,no_image
23282,Archips pulcher,银黄卷蛾,,,,,,,no_image
23303,Arcofacies maculatipennis,花翅梯顶飞虱,,,,,,,no_image
5933,Arcoscalpellum truncatum,截顶小铠茗荷,,,,,,,no_image
23314,Arctolamia strandi,,,,,,,,no_image
16506,Arctosa ningboensis,宁波熊蛛,,,,,,,no_image
23324,Arctornis nivea,雪白毒蛾,,,,,,,no_image
23329,Arcuatocornum simaoensis,思茅弓角蝉,,,,,,,no_image
73313,Ardeola bacchus,池鹭,,,,,,,no_image
86282,Ardisia maculosa,珍珠伞,,,,,,,no_image
86261,Ardisia crenata,朱砂根,,,,,,,no_image
86303,Ardisia quinquegona,罗伞树,,,,,,,no_image
144555,Arecomyces frondicola,,,,,,,,no_image
86340,Argentina assimilis,玉龙山蕨麻,,,,,,,no_image
86333,Arenga longicarpa,长果桄榔,,,,,,,no_image
86367,Argentina polyphylla,多叶蕨麻,,,,,,,no_image
11127,Argiope amoena,悦目金蛛,,,,,,,no_image
23361,Argyra pallipilosa,白毛银长足虻,,,,,,,no_image
86387,Argostemma ehuangzhangense,粤西雪花,,,,,,,no_image
86412,Argyreia monglaensis,勐腊银背藤,,,,,,,no_image
11658,Argyrodes miltosus,拟红银斑蛛,,,,,,,no_image
73330,Argyrosomus japonicus,日本白姑鱼,,,,,,,no_image
23405,Arhopaloscelis bifasciata,,,,,,,,no_image
11769,Ariamnes columnaceus,柱蚓腹蛛,,,,,,,no_image
23440,Aridelus taiwanus,台湾蝽茧蜂,,,,,,,no_image
86428,Arisaema austroyunnanense,滇南南星,,,,,,,no_image
86490,Arisaema odoratum,香南星,,,,,,,no_image
86448,Arisaema echinatum,刺棒南星,,,,,,,no_image
86470,Arisaema jacquemontii,藏南绿南星,,,,,,,no_image
86510,Arisaema speciosum,美丽南星,,,,,,,no_image
6304,Aristeus virilis,密毛须虾,,,,,,,no_image
23455,Aristocypha baibarana,簾格圣鼻蟌,,,,,,,no_image
86552,Aristolochia longgangensis,弄岗马兜铃,,,,,,,no_image
132333,Armata macrospora,,,,,,,,no_image
23474,Armigeres menglaensis,勐腊阿蚊,,,,,,,no_image
147690,Armillaria mucida,粘蜜环菌,,,,,,,no_image
86571,Arnebia fimbriata,灰毛软紫草,,,,,,,no_image
23486,Aroa substrigosa,珀色毒蛾,,,,,,,no_image
86578,Arrhenatherum elatius,燕麦草,,,,,,,no_image
23500,Arsacia rectalis,升夜蛾,,,,,,,no_image
86598,Artemisia annua,黄花蒿,,,,,,,no_image
86623,Artemisia campbellii,绒毛蒿,,,,,,,no_image
86655,Artemisia elongata,短叶博乐绢蒿,,,,,,,no_image
86691,Artemisia gongshanensis,贡山蒿,,,,,,,no_image
86715,Artemisia kawakamii,山艾,,,,,,,no_image
86764,Artemisia obtusiloba,钝裂蒿,,,,,,,no_image
86742,Artemisia maximovicziana,东亚栉齿蒿,,,,,,,no_image
86820,Artemisia shangnanensis,商南蒿,,,,,,,no_image
86790,Artemisia przewalskii,甘青小蒿,,,,,,,no_image
86848,Artemisia taibaishanensis,太白山蒿,,,,,,,no_image
86874,Artemisia vulgaris,北艾,,,,,,,no_image
131564,Arthonia vinosa,酒红斑衣,,,,,,,no_image
131544,Arthonia biseptella,,,,,,,,no_image
139475,Arthrobotrys kirghizica,,,,,,,,no_image
86904,Arthraxon prionodes,矛叶荩草,,,,,,,no_image
86908,Arthromeris caudata,尾状节肢蕨,,,,,,,no_image
86928,Artocarpus parvus,桂木,,,,,,,no_image
23510,Artimpaza brevilineata,,,,,,,,no_image
86941,Arundinella cochinchinensis,大序野古草,,,,,,,no_image
23537,Asaperdina sordida,,,,,,,,no_image
86966,Arundo donax,芦竹,,,,,,,no_image
86994,Asarum insigne,金耳环,,,,,,,no_image
86973,Asarum caudigerum,尾花细辛,,,,,,,no_image
87019,Asarum wannanense,皖南细辛,,,,,,,no_image
23568,Asceles caecius,蓝胸蔷䗛,,,,,,,no_image
23573,Aschitus scapus,丽柄虱克跳小蜂,,,,,,,no_image
139602,Ascobolus denudatus,光粪盘菌,,,,,,,no_image
139622,Ascobolus magnificus,大马粪盘菌,,,,,,,no_image
139642,Ascobolus trifolii,,,,,,,,no_image
133510,Ascochyta dioscoreae,,,,,,,,no_image
133490,Ascochyta boltshauseri,,,,,,,,no_image
133530,Ascochyta lobikii,,,,,,,,no_image
133570,Ascochyta sphaerophysae,,,,,,,,no_image
19041,Ascocyrtus scaber,,,,,,,,no_image
133550,Ascochyta phytolaccae,,,,,,,,no_image
139396,Ascophanus cinereus,,,,,,,,no_image
142469,Ascotaiwania mitriformis,,,,,,,,no_image
13161,Asemonea trispila,三点暗跳蛛,,,,,,,no_image
10429,Asetidicrorhrix luculiae,,,,,,,,no_image
23603,Asiagomphus perlaetus,三角亚春蜓,,,,,,,no_image
23614,Asidoblaps annae,亮黑亚琵甲,,,,,,,no_image
23634,Asidoblaps glyptoptera,雕翅亚琵甲,,,,,,,no_image
23654,Asidoblaps polita,平滑亚琵甲,,,,,,,no_image
87025,Asimitellaria formosana,台湾大唢呐草,,,,,,,no_image
87027,Askellia flexuosa,弯茎假苦菜,,,,,,,no_image
87033,Asparagus acicularis,山文竹,,,,,,,no_image
87053,Asparagus przewalskyi,北天门冬,,,,,,,no_image
18419,Aspelta circinator,圆形前吻轮虫,,,,,,,no_image
134354,Aspergillus flavus,,,,,,,,no_image
134374,Aspergillus melleus,,,,,,,,no_image
134334,Aspergillus carneus,,,,,,,,no_image
134394,Aspergillus rubrobrunneus,,,,,,,,no_image
134414,Aspergillus welwitschiae,,,,,,,,no_image
137358,Aspicilia contorta,,,,,,,,no_image
87071,Aspidistra albovillosa,白毛蜘蛛抱蛋,,,,,,,no_image
137378,Aspicilia persica,桃红平茶渍,,,,,,,no_image
87093,Aspidistra claviformis,棒蕊蜘蛛抱蛋,,,,,,,no_image
87115,Aspidistra erythrocephala,红头蜘蛛抱蛋,,,,,,,no_image
87155,Aspidistra luochengensis,罗城蜘蛛抱蛋,,,,,,,no_image
87175,Aspidistra ovatianthera,卵药蜘蛛抱蛋,,,,,,,no_image
87135,Aspidistra leshanensis,乐山蜘蛛抱蛋,,,,,,,no_image
87195,Aspidistra sessiliflora,无梗蜘蛛抱蛋,,,,,,,no_image
73382,Aspidontus dussumieri,杜氏盾齿鳚,,,,,,,no_image
87218,Aspidistra yachangensis,雅长蜘蛛抱蛋,,,,,,,no_image
73386,Aspius aspius,赤梢鱼,,,,,,,no_image
87258,Asplenium capillipes,线柄铁角蕨,,,,,,,no_image
87322,Asplenium pseudolaserpitiifolium,假大羽铁角蕨,,,,,,,no_image
87279,Asplenium glanduliserrulatum,腺齿铁角蕨,,,,,,,no_image
87300,Asplenium lushanense,泸山铁角蕨,,,,,,,no_image
87342,Asplenium tenuicaule,细茎铁角蕨,,,,,,,no_image
23742,Asteia sexsetosa,六鬃寡脉蝇,,,,,,,no_image
9012,Astegistes pilosus,柔毛阿斯甲螨,,,,,,,no_image
23764,Astenus maculipennis,,,,,,,,no_image
87389,Aster atropurpureus,紫背紫菀,,,,,,,no_image
87436,Aster indamellus,叶苞紫菀,,,,,,,no_image
87411,Aster eremophilus,沙生岩菀,,,,,,,no_image
87481,Aster piccolii,裸菀,,,,,,,no_image
87461,Aster mangshanensis,莽山紫菀,,,,,,,no_image
87525,Aster tricephalus,三头紫菀,,,,,,,no_image
87549,Asterella multiflora,多托花萼苔,,,,,,,no_image
87503,Aster shimadae,毡毛马兰,,,,,,,no_image
143829,Asteridiella castanopsidis,,,,,,,,no_image
143849,Asteridiella hansfordii,,,,,,,,no_image
131681,Asterina clasterosporium,,,,,,,,no_image
143869,Asteridiella quercina,,,,,,,,no_image
131662,Asterina aphanes,,,,,,,,no_image
131720,Asterina linderae,,,,,,,,no_image
131701,Asterina formosana,,,,,,,,no_image
131740,Asterina myrsinacearum,,,,,,,,no_image
131758,Asterina stixis,,,,,,,,no_image
23785,Asterodiaspis inermis,昆明斑链蚧,,,,,,,no_image
146984,Asterophora lycoperdoides,星孢寄生菇,,,,,,,no_image
87565,Astilbe chinensis,落新妇,,,,,,,no_image
73391,Asterropteryx semipunctata,半斑星塘鳢,,,,,,,no_image
23813,Astochia philus,海南宽跗食虫虻,,,,,,,no_image
87588,Astragalus altaicola,阿尔泰黄芪,,,,,,,no_image
87610,Astragalus bashanensis,巴山黄芪,,,,,,,no_image
87630,Astragalus burtschumensis,布尔楚黄芪,,,,,,,no_image
87652,Astragalus clarkeanus,克拉克黄芪,,,,,,,no_image
87676,Astragalus daqingshanicus,大青山黄芪,,,,,,,no_image
87707,Astragalus dumetorum,灌丛黄芪,,,,,,,no_image
87729,Astragalus gebleri,准噶尔黄芪,,,,,,,no_image
87753,Astragalus hamiensis,哈密黄芪,,,,,,,no_image
87777,Astragalus hysophilus,高地黄芪,,,,,,,no_image
87798,Astragalus laceratus,裂翼黄芪,,,,,,,no_image
87821,Astragalus levitubus,光萼筒黄芪,,,,,,,no_image
87841,Astragalus macrotropis,长龙骨黄芪,,,,,,,no_image
87870,Astragalus miyalomontis,米亚罗黄芪,,,,,,,no_image
87892,Astragalus neochorgosicus,新霍尔果斯黄芪,,,,,,,no_image
87912,Astragalus oreocharis,山黄芪,,,,,,,no_image
87933,Astragalus pishanxianensis,皮山黄芪,,,,,,,no_image
87957,Astragalus psilosepalus,光萼黄芪,,,,,,,no_image
87982,Astragalus scabrisetus,粗毛黄芪,,,,,,,no_image
88002,Astragalus souliei,蜀西黄芪,,,,,,,no_image
88025,Astragalus taldicensis,假黄芪,,,,,,,no_image
88054,Astragalus tumbatsicus,东坝子黄芪,,,,,,,no_image
88074,Astragalus wenxianensis,文县黄芪,,,,,,,no_image
88096,Astragalus zacharensis,小黄芪,,,,,,,no_image
5980,Astroclita longicostata,长肋星笠藤壶,,,,,,,no_image
133345,Astrosphaeriella daemonoropis,,,,,,,,no_image
23823,Asulconotus chinghaiensis,青海缺沟蝗,,,,,,,no_image
23844,Asura perihaemia,围红艳苔蛾,,,,,,,no_image
23864,Asyndetus beijingensis,北京隐脉长足虻,,,,,,,no_image
23877,Atacira grabczewskii,戈尾砧夜蛾,,,,,,,no_image
88123,Atelanthera perpusilla,异药芥,,,,,,,no_image
255,Atergatopsis signatus,标记近爱洁蟹,,,,,,,no_image
148783,Athelia arachnoidea,,,,,,,,no_image
23900,Atherigona crassibifurca,钝突芒蝇,,,,,,,no_image
23920,Atherigona nitella,亮芒蝇,,,,,,,no_image
73413,Atherinomorus insularum,岛屿美银汉鱼,,,,,,,no_image
23975,Atheta cooteri,,,,,,,,no_image
23955,Atheta anmamontis,,,,,,,,no_image
23995,Atheta emeimontis,,,,,,,,no_image
24016,Atheta graffa,,,,,,,,no_image
24036,Atheta ingenua,,,,,,,,no_image
24076,Atheta mansueta,,,,,,,,no_image
24056,Atheta langmuicola,,,,,,,,no_image
24096,Atheta neatang,,,,,,,,no_image
24116,Atheta perconsanguinea,,,,,,,,no_image
24136,Atheta quadrifalcifera,,,,,,,,no_image
24156,Atheta semipartita,,,,,,,,no_image
24176,Atheta sinolucida,,,,,,,,no_image
24198,Atheta subinopinata,,,,,,,,no_image
24218,Atheta tengchongensis,,,,,,,,no_image
24238,Atheta xiongnuorum,,,,,,,,no_image
24258,Athetis immixta,合委夜蛾,,,,,,,no_image
24279,Atholus striatipennis,纹尾清亮阎甲,,,,,,,no_image
88145,Athyrium brevistipes,短柄蹄盖蕨,,,,,,,no_image
24321,Athyma zeroca,孤斑带蛱蝶,,,,,,,no_image
88169,Athyrium densisorum,密果蹄盖蕨,,,,,,,no_image
88192,Athyrium glandulosum,腺毛蹄盖蕨,,,,,,,no_image
88219,Athyrium mehrae,狭基蹄盖蕨,,,,,,,no_image
88241,Athyrium repens,长根假冷蕨,,,,,,,no_image
88263,Athyrium tripinnatum,三回蹄盖蕨,,,,,,,no_image
24329,Athyroglossa ordinata,有序平颜水蝇,,,,,,,no_image
24389,Atkinsoniella mediofasciola,中带条大叶蝉,,,,,,,no_image
24349,Atkinsoniella atrata,亮黑条大叶蝉，新种,,,,,,,no_image
24369,Atkinsoniella flexa,弯纹条大叶蝉,,,,,,,no_image
24409,Atkinsoniella rubrostriata,红条大叶蝉,,,,,,,no_image
24429,Atkinsoniella yunnanana,云南条大叶蝉，新种,,,,,,,no_image
24465,Atopolinus ovaliceps,,,,,,,,no_image
24485,Atopolinus subtropicalis,,,,,,,,no_image
24445,Atopolinus brachypterus,,,,,,,,no_image
24502,Atractomorpha heteroptera,异翅负蝗,,,,,,,no_image
24524,Atrichopogon biangulus,双角裸蠓,,,,,,,no_image
88293,Atraphaxis frutescens,木蓼,,,,,,,no_image
24544,Atrichopogon epixanthopygus,拟黄裸蠓,,,,,,,no_image
24564,Atrichopogon lassus,无力裸蠓,,,,,,,no_image
24584,Atrichopogon pedipalens,淡足裸蠓,,,,,,,no_image
88309,Atrichum undulatum,仙鹤藓,,,,,,,no_image
24604,Atrichopogon tenuipalpis,窄须裸蠓,,,,,,,no_image
88326,Atriplex patula,草地滨藜,,,,,,,no_image
88335,Atropanthe sinensis,天蓬子,,,,,,,no_image
13102,Attulus godlewskii,戈德艾图蛛,,,,,,,no_image
24653,Atylotus pulchellus,斜纹黄虻,,,,,,,no_image
24664,Atypophthalmus egressus,外平行大蚊,,,,,,,no_image
6542,Atys naucum,阿地螺,,,,,,,no_image
88374,Audouinella plumosa,羽状旋体藻,,,,,,,no_image
88346,Aucuba eriobotryifolia,枇杷叶珊瑚,,,,,,,no_image
24692,Aulacocypus puetzi,,,,,,,,no_image
88389,Aulacospermum gonocaulum,多枝槽子芹,,,,,,,no_image
24715,Aulexis sinensis,华齿胸肖叶甲,,,,,,,no_image
148827,Auricularia papyracea,,,,,,,,no_image
140794,Aurophora dochmia,黄耳盘菌,,,,,,,no_image
8024,Aurelia aurita,海月水母,,,,,,,no_image
24764,Autalia rufula,,,,,,,,no_image
24749,Austrolimnophila illustris,亮澳大蚊,,,,,,,no_image
148896,Austroboletus subvirens,淡绿南牛肝菌,,,,,,,no_image
24800,Avitta puncta,黑点元夜蛾,,,,,,,no_image
24790,Avatha stigmatica,斑宇夜蛾,,,,,,,no_image
24769,Autophila cataphanes,清隘夜蛾,,,,,,,no_image
6569,Axinella mastigophora,长鞭小轴海绵,,,,,,,no_image
88420,Ayenia integrifolia,全缘刺果藤,,,,,,,no_image
17332,Babelomurex diadema,冠塔肩棘螺,,,,,,,no_image
24826,Azelia plumitibia,羽胫点蝇,,,,,,,no_image
17428,Babelomurex spinaerosae,红刺塔肩棘螺,,,,,,,no_image
88430,Bacopa monnieri,假马齿苋,,,,,,,no_image
136495,Bacidia circumspecta,周杆孢衣,,,,,,,no_image
24841,Bacchisa cyaneoapicalis,,,,,,,,no_image
24872,Bactrocera correcta,番石榴果实蝇,,,,,,,no_image
24893,Bactrocera incisa,裂果实蝇,,,,,,,no_image
24933,Bactrocera tappanus,塔帕果实蝇,,,,,,,no_image
24913,Bactrocera parater,近黑颜果实蝇,,,,,,,no_image
24946,Bactrothrips flectoventris,弯管棒管蓟马,,,,,,,no_image
24984,Baeocera vidua,,,,,,,,no_image
24964,Baeocera freyi,,,,,,,,no_image
24991,Baeoura aliena,奇尾燥大蚊,,,,,,,no_image
88433,Baijiania decipiens,白兼果,,,,,,,no_image
6442,Balanus crenatus,缺刻藤壶,,,,,,,no_image
25011,Balala hainana,海南片胫杆蝉,,,,,,,no_image
73476,Balitora elongata,长体爬鳅,,,,,,,no_image
88457,Balanophora reflexa,散花蛇菰,,,,,,,no_image
25023,Balmes notabilis,显赫巴蝶蛉,,,,,,,no_image
88472,Bambusa bambos,印度簕竹,,,,,,,no_image
88521,Bambusa mollis,拟黄竹,,,,,,,no_image
88498,Bambusa eutuldoides,大眼竹,,,,,,,no_image
25071,Bandar pascoei,,,,,,,,no_image
73493,Bambusicola sonorivox,台湾竹鸡,,,,,,,no_image
88584,Bambusa yangshanensis,阳山篙竹,,,,,,,no_image
88556,Bambusa rutila,木竹,,,,,,,no_image
88587,Bangia gloiopeltidicola,小红毛菜,,,,,,,no_image
13569,Bannaella lhasana,拉萨版纳蛛,,,,,,,no_image
25092,Baradesa lithosioides,宽带重舟蛾,,,,,,,no_image
2225,Barbatia cometa,帚形须蚶,,,,,,,no_image
140392,Barlaeina miltina,,,,,,,,no_image
88616,Barbula gracillima,纤细扭口藓,,,,,,,no_image
10465,Bariella spinishieldis,,,,,,,,no_image
88599,Barbella spiculata,刺叶悬藓,,,,,,,no_image
88637,Barringtonia racemosa,玉蕊,,,,,,,no_image
73531,Bascanichthys kirkii,克氏褐蛇鳗,,,,,,,no_image
25113,Basilepta chalcea,铜褐角胸肖叶甲,,,,,,,no_image
25133,Basilepta gigantea,大角胸肖叶甲,,,,,,,no_image
25193,Basiprionota prognata,黑头锯龟甲,,,,,,,no_image
25173,Basilepta tricarinata,三脊角胸肖叶甲,,,,,,,no_image
25153,Basilepta pallidula,肖钝角胸肖叶甲,,,,,,,no_image
88660,Bassia scoparia,地肤,,,,,,,no_image
25212,Bassus festivus,丽闭腔茧蜂,,,,,,,no_image
25232,Bassus triangulus,三角闭腔茧蜂,,,,,,,no_image
73563,Bathygobius cotticeps,阔头深鰕虎,,,,,,,no_image
73543,Bathycallionymus kaianus,基岛深水[鱼衔],,,,,,,no_image
10736,Bathypathes tenuis,纤细深海黑珊瑚,,,,,,,no_image
73579,Bathyraja matsubarai,松原深海鳐,,,,,,,no_image
73592,Batrachuperus pinchonii,山溪鲵,,,,,,,no_image
25245,Batocera davidis,,,,,,,,no_image
25274,Batraxis tuberculata,,,,,,,,no_image
25294,Batriscenellus vicarius,,,,,,,,no_image
25314,Batrisodes songxiaobini,,,,,,,,no_image
88667,Bauhinia ×,红花羊蹄甲,,,,,,,no_image
88683,Bazzania appendiculata,基裂鞭苔,,,,,,,no_image
88703,Bazzania praerupta,东亚鞭苔,,,,,,,no_image
88718,Beaumontia khasiana,云南清明花,,,,,,,no_image
3339,Beania mirabilis,奇异格苔虫,,,,,,,no_image
25335,Beckidia tethys,特提斯贝克摇蚊,,,,,,,no_image
88744,Begonia asperifolia,糙叶秋海棠,,,,,,,no_image
88767,Begonia cangyuanensis,沧源秋海棠,,,,,,,no_image
88787,Begonia cucurbitifolia,瓜叶秋海棠,,,,,,,no_image
88807,Begonia egamii,二柱皱叶秋海棠,,,,,,,no_image
88830,Begonia gagnepainiana,昭通秋海棠,,,,,,,no_image
88861,Begonia himalaica,喜马拉雅秋海棠,,,,,,,no_image
88881,Begonia liangguangensis,两广秋海棠,,,,,,,no_image
88901,Begonia macrotoma,大裂秋海棠,,,,,,,no_image
88925,Begonia obliquifolia,斜叶秋海棠,,,,,,,no_image
88951,Begonia pingxiangensis,凭祥秋海棠,,,,,,,no_image
88971,Begonia renqinbengensis,仁钦崩秋海棠,,,,,,,no_image
88991,Begonia shaoqingii,少卿秋海棠,,,,,,,no_image
89012,Begonia taliensis,大理秋海棠,,,,,,,no_image
89049,Beilschmiedia erythrophloia,台琼楠,,,,,,,no_image
89032,Begonia xishuangbannaensis,西双版纳秋海棠,,,,,,,no_image
89071,Beilschmiedia percoriacea,厚叶琼楠,,,,,,,no_image
15150,Belisana lii,李氏贝尔蛛,,,,,,,no_image
15012,Belisana cas,中科院贝尔蛛,,,,,,,no_image
8890,Belba flagelleta,鞭珠足甲螨,,,,,,,no_image
15074,Belisana xishui,习水贝尔蛛,,,,,,,no_image
25354,Bellardia menechma,新月陪丽蝇,,,,,,,no_image
25374,Bellatheta kuanshanensis,,,,,,,,no_image
25390,Bellieriomima zhouquensis,舟曲钳麻蝇,,,,,,,no_image
137815,Belonopsis hydrophila,,,,,,,,no_image
152725,Bensingtonia changbaiensis,,,,,,,,no_image
73617,Bembrops caudimacula,尾斑鲬状鱼,,,,,,,no_image
25412,Bengalia kosungana,台湾孟蝇,,,,,,,no_image
73627,Benthosema suborbitale,耀眼底灯鱼,,,,,,,no_image
89126,Berberis baoxingensis,宝兴小檗,,,,,,,no_image
89148,Berberis circumserrata,秦岭小檗,,,,,,,no_image
89172,Berberis dokerlaica,澜沧小檗,,,,,,,no_image
89196,Berberis graminea,狭叶小檗,,,,,,,no_image
89220,Berberis iliensis,伊犁小檗,,,,,,,no_image
89243,Berberis kawakamii,台湾小檗,,,,,,,no_image
89285,Berberis papillifera,乳突小檗,,,,,,,no_image
89263,Berberis mekongensis,湄公小檗,,,,,,,no_image
89330,Berberis soulieana,假豪猪刺,,,,,,,no_image
89307,Berberis pulangensis,普兰小檗,,,,,,,no_image
89350,Berberis ulicina,荆豆小檗,,,,,,,no_image
89372,Berberis wuliangshanensis,无量山小檗,,,,,,,no_image
89390,Berchemia fenchifuensis,奋起湖勾儿茶,,,,,,,no_image
89424,Bergenia pacumbis,舌岩白菜,,,,,,,no_image
25437,Beris hirotsui,广津柱角水虻,,,,,,,no_image
141310,Bertia moriformis,,,,,,,,no_image
13733,Berlandina spasskyi,斯氏伯兰蛛,,,,,,,no_image
25473,Besaia apicalis,顶偶舟蛾,,,,,,,no_image
25495,Besaia multipunctata,多点篦舟蛾,,,,,,,no_image
25517,Bessa parallela,选择盆地寄蝇,,,,,,,no_image
89442,Betaphycus gelatinae,琼枝,,,,,,,no_image
89465,Betula fruticosa,柴桦,,,,,,,no_image
89496,Betula rotundifolia,圆叶桦,,,,,,,no_image
25552,Bezzia bistorta,双拳贝蠓,,,,,,,no_image
25572,Bezzia longgangi,龙岗贝蠓,,,,,,,no_image
25613,Bhatia sagittata,矢头沟顶叶蝉,,,,,,,no_image
25592,Bezzia tuoliensis,托里贝蠓,,,,,,,no_image
25626,Bhutanitis yulongensis,玉龙尾凤蝶,,,,,,,no_image
25632,Bibasis gomata,白伞弄蝶,,,,,,,no_image
25656,Bibio cuneatus,楔毛蚊,,,,,,,no_image
25676,Bibio hortulanus,全北毛蚊,,,,,,,no_image
25697,Bibio rufiventris,红腹毛蚊,,,,,,,no_image
89514,Bidens biternata,金盏银盘,,,,,,,no_image
12115,Bifidocoelotes obscurus,暗叉隙蛛,,,,,,,no_image
14292,Bifurcia curvata,弯曲叉蛛,,,,,,,no_image
25725,Billaea fortis,壮篦寄蝇,,,,,,,no_image
89535,Biondia insignis,黑水藤,,,,,,,no_image
141677,Bionectria sesquicillii,,,,,,,,no_image
134020,Bipolaris eleusines,,,,,,,,no_image
134040,Bipolaris yamadai,,,,,,,,no_image
25757,Bireta longivitta,角茎舟蛾,,,,,,,no_image
3849,Birubius budentatus,双齿毕茹钩虾,,,,,,,no_image
15573,Bisetocreagris maomaotou,毛毛头双毛肉伪蝎,,,,,,,no_image
89558,Bistorta elliptica,椭圆叶蓼,,,,,,,no_image
25786,Bisnius parcus,,,,,,,,no_image
25791,Bitecta murina,缨苔蛾,,,,,,,no_image
25799,Blaesoxipha cochlearis,蜗壳折麻蝇,,,,,,,no_image
25819,Blaesoxiphella brevicornis,短角圆折野麻蝇,,,,,,,no_image
25837,Blaps caraboides,拟步行琵甲,,,,,,,no_image
25862,Blaps helleri,赫勒琵甲,,,,,,,no_image
25883,Blaps opaca,磨光琵甲,,,,,,,no_image
25904,Blaps transversalis,横背琵甲,,,,,,,no_image
2440,Blasicrura ursellus,小熊呆足贝,,,,,,,no_image
25922,Blastothrix ericeri,白蜡虫花角跳小蜂,,,,,,,no_image
9403,Blattisocius mali,,,,,,,,no_image
25979,Blepephaeus subannulatus,,,,,,,,no_image
25946,Bledius japonicus,,,,,,,,no_image
73643,Bleekeria viridianguilla,绿鳗布氏筋鱼,,,,,,,no_image
25999,Blepharicera yamasakii,山崎网蚊,,,,,,,no_image
26019,Blepharipa zebina,蚕饰腹寄蝇,,,,,,,no_image
26051,Blera fallax,锈端短毛蚜蝇,,,,,,,no_image
89606,Blepharoglossum grossum,恒春睫唇兰,,,,,,,no_image
26058,Blondelia nigripes,黑须卷蛾寄蝇,,,,,,,no_image
89655,Blysmus rufus,大果扁穗草,,,,,,,no_image
73657,Bodianus bimaculatus,双斑普提鱼,,,,,,,no_image
89638,Blumea linearis,条叶艾纳香,,,,,,,no_image
89670,Boehmeria conica,锥序苎麻,,,,,,,no_image
89701,Boehmeria siamensis,束序苎麻,,,,,,,no_image
152100,Boidinia lacticolor,乳白博氏菇,,,,,,,no_image
89722,Boerhavia erecta,直立黄细心,,,,,,,no_image
145575,Bolbitius titubans,粪锈伞,,,,,,,no_image
89744,Bolbitis hekouensis,河口实蕨,,,,,,,no_image
148924,Boletellus singaporensis,长领条孢牛肝菌,,,,,,,no_image
148904,Boletellus emodensis,木生条孢牛肝菌,,,,,,,no_image
26082,Boletina takasago,塔卡布菌蚊,,,,,,,no_image
149567,Boletinus spectabilis,美观小牛肝菌,,,,,,,no_image
148949,Boletus auripes,黄肉牛肝菌,,,,,,,no_image
148969,Boletus craspedius,土红牛肝菌,,,,,,,no_image
148989,Boletus fragrans,芳香牛肝菌,,,,,,,no_image
149009,Boletus kauffmanii,考夫曼牛肝菌,,,,,,,no_image
149069,Boletus reticulatus,网纹牛肝菌,,,,,,,no_image
149049,Boletus poeticus,鳞盖牛肝菌,,,,,,,no_image
149029,Boletus nigerrimus,黑紫牛肝菌,,,,,,,no_image
149089,Boletus scaber,,,,,,,,no_image
149129,Boletus versicolor,多色牛肝菌,,,,,,,no_image
26094,Bolitogyrus cyanipennis,,,,,,,,no_image
149109,Boletus subtilis,,,,,,,,no_image
137584,Bombyliospora buelliacea,,,,,,,,no_image
26155,Bombylius stellatus,斑翅蜂虻,,,,,,,no_image
26114,Bolitophila dubia,多节柄菌蚊,,,,,,,no_image
26181,Boreoheptagyia brevitarsis,短跗北七角摇蚊,,,,,,,no_image
151970,Bondarzewia montana,山地刺孢多孔菌,,,,,,,no_image
26131,Boloria pales,龙女宝蛱蝶,,,,,,,no_image
8376,Bopyrione toloensis,吐露梨鳃虱,,,,,,,no_image
26190,Borolinus minutus,,,,,,,,no_image
26195,Botanophila acudepressa,尖扁植种蝇,,,,,,,no_image
26235,Botanophila dianisenecio,滇泽菊植种蝇,,,,,,,no_image
26215,Botanophila caligotypa,靴叶植种蝇,,,,,,,no_image
26275,Botanophila melametopa,乌眉植种蝇,,,,,,,no_image
26315,Botanophila sicyocerca,葫肛植种蝇,,,,,,,no_image
26255,Botanophila hohxiliensis,可可西里植种蝇,,,,,,,no_image
26335,Botanophila tridigitata,三指植种蝇,,,,,,,no_image
26295,Botanophila pilicoronata,毛冕植种蝇,,,,,,,no_image
26349,Bothriomiris capillosus,多毛膜盲蝽,,,,,,,no_image
26361,Bothrogonia ferruginea,黑尾大叶蝉,,,,,,,no_image
26381,Bothrogonia scarlatina,红翅凹大叶蝉,,,,,,,no_image
73701,Bothus mancus,凹吻鲆,,,,,,,no_image
149643,Botryobasidium arachnoideum,,,,,,,,no_image
138900,Botryotinia fritillarii-pallidiflori,伊贝母葡萄孢盘,,,,,,,no_image
89816,Botryocladia pyriformis,梨形葡萄藻,,,,,,,no_image
138919,Botrytis mali,,,,,,,,no_image
7449,Bougainvillia britannica,颠鲍螅水母,,,,,,,no_image
73719,Boulenophrys binchuanensis,宾川角蟾,,,,,,,no_image
73739,Boulenophrys gutu,顾莵角蟾,,,,,,,no_image
73779,Boulenophrys vegrandis,细角蟾,,,,,,,no_image
73759,Boulenophrys mirabilis,花坪角蟾,,,,,,,no_image
145132,Bovistella echinella,绒毛马勃,,,,,,,no_image
89824,Bournea leiophylla,五数苣苔,,,,,,,no_image
26418,Brachida taiwanensis,,,,,,,,no_image
89835,Brachanthemum pulvinatum,星毛短舌菊,,,,,,,no_image
18591,Brachionus leydigii,矩形臂尾轮虫,,,,,,,no_image
6827,Brachychthonius hungaricus,匈牙利短甲螨,,,,,,,no_image
26433,Brachygrammatella coniclavata,锥棒刺脉赤眼蜂,,,,,,,no_image
89863,Brachymenium longicolle,大孢短月藓,,,,,,,no_image
26448,Brachypalpus laphriformis,黑腹脊木蚜蝇,,,,,,,no_image
26460,Brachypogon incompletus,不全短蠓,,,,,,,no_image
26491,Brachyserphus longicicatrix,长疤短细蜂,,,,,,,no_image
26480,Brachypogon zavoicus,札伏短蠓,,,,,,,no_image
142519,Brachysporisporites lunpolaensis,,,,,,,,no_image
89880,Brachythecium albicans,灰白青藓,,,,,,,no_image
89900,Brachythecium kuroishicum,皱叶青藓,,,,,,,no_image
89920,Brachythecium rutabulum,卵叶青藓,,,,,,,no_image
6331,Bractechlamys coruscans,彩薄齿扇贝,,,,,,,no_image
17574,Bradybaena strictotaenia,平顶巴蜗牛,,,,,,,no_image
26538,Bradysia chunmeiae,春美迟眼蕈蚊,,,,,,,no_image
26598,Bradysia obesa,肥迟眼蕈蚊,,,,,,,no_image
26558,Bradysia flavida,淡黄迟眼蕈蚊,,,,,,,no_image
26578,Bradysia lii,李氏迟眼蕈蚊,,,,,,,no_image
26638,Bradysia verruca,毛瘤迟眼蕈蚊,,,,,,,no_image
26618,Bradysia semihilaris,半肺迟眼蕈蚊,,,,,,,no_image
73831,Branchiostegus argentatus,银方头鱼,,,,,,,no_image
73844,Branta ruficollis,红胸黑雁,,,,,,,no_image
89968,Brassaiopsis quercifolia,栎叶罗伞,,,,,,,no_image
90016,Bredia dulanica,都兰山金石榴,,,,,,,no_image
90040,Bredia rotundifolia,圆叶野海棠,,,,,,,no_image
26657,Braunsia longicoxa,长基窄腹茧蜂,,,,,,,no_image
1615,Brettia mollis,软布雷苔虫,,,,,,,no_image
9901,Brevipalpus melichrus,,,,,,,,no_image
90056,Breynia rostrata,喙果黑面神,,,,,,,no_image
26678,Brillia bifida,二叉布摇蚊,,,,,,,no_image
26695,Brithura jinpingensis,金平尖头大蚊,,,,,,,no_image
13582,Brommella punctosparsa,散斑布朗蛛,,,,,,,no_image
90081,Bromus fasciculatus,束生雀麦,,,,,,,no_image
90101,Bromus pectinatus,篦齿雀麦,,,,,,,no_image
90123,Bromus tectorum,旱雀麦,,,,,,,no_image
90133,Brotherella erythrocaulis,赤茎小锦藓,,,,,,,no_image
90154,Bruguiera sexangula,海莲,,,,,,,no_image
26724,Bryaxis bellax,,,,,,,,no_image
26744,Bryaxis ruidus,,,,,,,,no_image
9686,Bryobia chongqingensis,,,,,,,,no_image
26775,Bryodema brunnerianum,短翅痂蝗,,,,,,,no_image
135828,Bryocaulon divergens,藓茎衣,,,,,,,no_image
90169,Bryoerythrophyllum alpigenum,高山红叶藓,,,,,,,no_image
26811,Bryophaenocladius polychaetus,多毛苔摇蚊,,,,,,,no_image
90190,Bryopsis pennata,,,,,,,,no_image
135847,Bryoria poeltii,波氏小孢发,,,,,,,no_image
90204,Bryum atrovirens,红蒴真藓,,,,,,,no_image
90224,Bryum leucophylloides,白叶真藓,,,,,,,no_image
90250,Bryum thomsonii,卷叶真藓,,,,,,,no_image
17088,Bucephalopsis luciobrama,鯮似牛首吸虫,,,,,,,no_image
17107,Bucephalus trifurcatus,三叉牛首吸虫,,,,,,,no_image
90270,Buckleya angulosa,棱果米面蓊,,,,,,,no_image
90292,Buddleja lindleyana,醉鱼草,,,,,,,no_image
135170,Buellia extenuata,,,,,,,,no_image
135190,Buellia trachyspora,糙孢黑瘤衣,,,,,,,no_image
73895,Bufo tuberculatus,圆疣蟾蜍,,,,,,,no_image
843,Bugula orientalis,东方草苔虫,,,,,,,no_image
90313,Bulbophyllum aureolabellum,聚花石豆兰,,,,,,,no_image
90333,Bulbophyllum deergongense,德尔贡石豆兰,,,,,,,no_image
90353,Bulbophyllum guttulatum,钻齿卷瓣兰,,,,,,,no_image
90374,Bulbophyllum lemniscatum,旒带石豆兰,,,,,,,no_image
90394,Bulbophyllum odoratissimum,密花石豆兰,,,,,,,no_image
90414,Bulbophyllum repens,球花石豆兰,,,,,,,no_image
90434,Bulbophyllum suavissimum,直莛石豆兰,,,,,,,no_image
90454,Bulbophyllum xiajinchangense,下金厂石豆兰,,,,,,,no_image
139092,Bulgaria inquinans,污胶鼓菌,,,,,,,no_image
26840,Bumetopia stolata,,,,,,,,no_image
154644,Bullera alba,白色布勒掷孢酵母,,,,,,,no_image
73906,Bungarus lividus,乌环蛇,,,,,,,no_image
90512,Bupleurum luxiense,泸西柴胡,,,,,,,no_image
90484,Bupleurum condensatum,簇生柴胡,,,,,,,no_image
90538,Bupleurum yunnanense,云南柴胡,,,,,,,no_image
26873,Burmagomphus latescens,林神缅春蜓,,,,,,,no_image
90550,Burretiodendron kydiifolium,元江柄翅果,,,,,,,no_image
26905,Byasa polla,彩裙麝凤蝶,,,,,,,no_image
73919,Buteo japonicus,普通鵟,,,,,,,no_image
90570,Buxus latistyla,阔柱黄杨,,,,,,,no_image
6051,Byblis orientalis,东方沙钩虾,,,,,,,no_image
135463,Byssoloma subleucoblepharum,,,,,,,,no_image
1836,Caberea hataii,羽氏松苔虫,,,,,,,no_image
26932,Cadrema pallida,灰白距秆蝇,,,,,,,no_image
26923,Cacia yunnana,,,,,,,,no_image
26939,Cafius algarum,,,,,,,,no_image
90603,Cajanus goensis,硬毛虫豆,,,,,,,no_image
73943,Calamaria berezowskii,川西两头蛇,,,,,,,no_image
90633,Calamus hainanensis,海南省藤,,,,,,,no_image
90652,Calanthe alleizettei,长柄虾脊兰,,,,,,,no_image
90673,Calanthe graciliflora,钩距虾脊兰,,,,,,,no_image
2203,Calantica trispinosa,三齿盔茗荷,,,,,,,no_image
90696,Calanthe sacculata,囊爪虾脊兰,,,,,,,no_image
5285,Calcinus guamensis,关岛硬壳寄居蟹,,,,,,,no_image
10663,Calepitrimerus alnus,,,,,,,,no_image
90719,Calathodes palmata,黄花鸡爪草,,,,,,,no_image
10099,Calepitrimerus oxytropis,,,,,,,,no_image
135195,Calicium abietinum,冷杉粉衣,,,,,,,no_image
73958,Calidris acuminata,尖尾滨鹬,,,,,,,no_image
26981,Caligula anna,黄目大蚕蛾,,,,,,,no_image
27009,Caliscelis rhabdocladis,棒突杯瓢蜡蝉,,,,,,,no_image
27026,Calleremites subornata,双弓尺蛾,,,,,,,no_image
1685,Callianassa intermedia,中型美人虾,,,,,,,no_image
90785,Callicarpa japonica,日本紫珠,,,,,,,no_image
90755,Callicarpa acutifolia,尖叶紫珠,,,,,,,no_image
27036,Callidiellum villosulum,,,,,,,,no_image
90811,Callicarpa prolifera,抽芽紫珠,,,,,,,no_image
90854,Calligonum roborowskii,塔里木沙拐枣,,,,,,,no_image
90833,Calliergon sarmentosum,蔓枝湿原藓,,,,,,,no_image
27068,Callimus shensiensis,,,,,,,,no_image
74005,Callionymus octostigmatus,斑臀[鱼衔],,,,,,,no_image
4536,Calliostoma tranquebaricus,德伦丽口螺,,,,,,,no_image
27088,Calliptamus barbarus,,,,,,,,no_image
27109,Callispa cyanea,蓝丽甲,,,,,,,no_image
27135,Callispa sundara,艳丽甲,,,,,,,no_image
27144,Calliteara cinctata,双结丽毒蛾,,,,,,,no_image
27164,Calliteara varia,异丽毒蛾,,,,,,,no_image
27171,Callocleonymus beijingensis,北京小蠹刺角金小蜂,,,,,,,no_image
27180,Callomecyna leehsuehae,,,,,,,,no_image
27197,Callopistria rivularis,沟散纹夜蛾,,,,,,,no_image
27211,Callopsylla kaznakovi,扇形盖蚤,,,,,,,no_image
137824,Calloria testacea,,,,,,,,no_image
18922,Callyntrura microphysarum,,,,,,,,no_image
146986,Calocybe carnea,肉色黄丽蘑,,,,,,,no_image
90895,Calohypnum sakuraii,湿地大灰藓,,,,,,,no_image
90898,Calophyllum inophyllum,红厚壳,,,,,,,no_image
141998,Calonectria macroconidialis,,,,,,,,no_image
137632,Caloplaca jungermanniae,欧苔衣,,,,,,,no_image
137612,Caloplaca citrina,柠檬橙衣,,,,,,,no_image
27236,Calopteryx splendens,华丽色蟌,,,,,,,no_image
74044,Calotes medogensis,墨脱树蜥,,,,,,,no_image
145145,Calvatia excipuliformis,,,,,,,,no_image
27244,Calpenia zerenaria,华虎丽灯蛾,,,,,,,no_image
90917,Calycanthus floridus,美国蜡梅,,,,,,,no_image
138449,Calycina imberbis,,,,,,,,no_image
90946,Calypogeia suecica,远东护蒴苔,,,,,,,no_image
90925,Calymperes erosum,圆网花叶藓,,,,,,,no_image
27261,Calyptra thalictri,壶夜蛾,,,,,,,no_image
27272,Camacinia harterti,森林巨蜻,,,,,,,no_image
90981,Camellia angustifolia,狭叶茶,,,,,,,no_image
91008,Camellia edithae,尖萼红山茶,,,,,,,no_image
91038,Camellia hainingii,桂西短蕊茶,,,,,,,no_image
91068,Camellia luteoflora,小黄花茶,,,,,,,no_image
91100,Camellia polyodonta,多齿红山茶,,,,,,,no_image
91128,Camellia synaptica,川滇连蕊茶,,,,,,,no_image
27273,Camelocentrus yunnanensis,驼角蝉,,,,,,,no_image
147090,Campanella straminea,麦黄钟伞,,,,,,,no_image
91172,Campanula immodesta,藏滇风铃草,,,,,,,no_image
91187,Camphora brachythyrsa,短序樟,,,,,,,no_image
27297,Campiglossa intermedia,居中斑翅实蝇,,,,,,,no_image
74054,Campichthys nanus,小曲海龙,,,,,,,no_image
27317,Campiglossa qinquemaculata,五楔斑翅实蝇,,,,,,,no_image
27333,Campsicnemus obscuratus,幽暗曲胫长足虻,,,,,,,no_image
27350,Camptoloma interiorata,花布灯蛾,,,,,,,no_image
91219,Campylium glaucocarpoides,短尖拟细湿藓,,,,,,,no_image
91230,Campylopodiella himalayana,拟扭柄藓,,,,,,,no_image
91254,Campylopus umbellatus,节茎曲柄藓,,,,,,,no_image
91277,Campylotropis fulva,暗黄笐子梢,,,,,,,no_image
91308,Campylotropis thomsonii,灰岩笐子梢,,,,,,,no_image
91324,Canarium strictum,滇榄,,,,,,,no_image
91337,Cancrinia tianschanica,天山小甘菊,,,,,,,no_image
131638,Candelariella sorediosa,粉芽黄茶渍,,,,,,,no_image
142558,Candida mengyuniae,,,,,,,,no_image
135859,Canomaculina subsumpta,粉斑灰点衣,,,,,,,no_image
27373,Cania heppneri,台线刺蛾,,,,,,,no_image
148400,Cantharellopsis prescotii,,,,,,,,no_image
149703,Cantharellus formosus,太平洋金色鸡油菌,,,,,,,no_image
74069,Canthigaster compressa,细纹扁背鲀,,,,,,,no_image
149723,Cantharellus subcibarius,,,,,,,,no_image
27391,Capila lineata,线纹大弄蝶,,,,,,,no_image
27402,Capnia cordata,心突黑(虫责),,,,,,,no_image
91379,Capparis pachyphylla,厚叶山柑,,,,,,,no_image
91359,Capparis assamica,总序山柑,,,,,,,no_image
4816,Caprella californica,加洲麦杆虫,,,,,,,no_image
74094,Caprimulgus macrurus,长尾夜鹰,,,,,,,no_image
91427,Caragana erinacea,川西锦鸡儿,,,,,,,no_image
27418,Capua chloraspis,珠烟卷蛾,,,,,,,no_image
91459,Caragana limprichtii,川藏锦鸡儿,,,,,,,no_image
91403,Caragana acanthophylla,刺叶锦鸡儿,,,,,,,no_image
91505,Carallia garciniaefolia,大叶竹节树,,,,,,,no_image
74118,Caranx hippos,马鲹,,,,,,,no_image
27442,Carausius guizhouensis,,,,,,,,no_image
91486,Caragana shensiensis,秦岭锦鸡儿,,,,,,,no_image
27456,Carcelia auripulvis,金粉狭颊寄蝇,,,,,,,no_image
27476,Carcelia latistylata,宽叶狭颊寄蝇,,,,,,,no_image
74138,Carcharhinus limbatus,黑边鳍真鲨,,,,,,,no_image
27496,Carcelia vibrissata,鬃堤狭颊寄蝇,,,,,,,no_image
6385,Carcinoplax spinosissima,剌螯隆背蟹,,,,,,,no_image
91519,Cardamine flexuosa,弯曲碎米荠,,,,,,,no_image
91560,Cardamine simplex,单茎碎米荠,,,,,,,no_image
91539,Cardamine lyrata,水田碎米荠,,,,,,,no_image
27519,Cardiochiles fuscipennis,纵卷叶螟黑折脉茧蜂,,,,,,,no_image
91604,Carex argunensis,额尔古纳薹草,,,,,,,no_image
3728,Cardisoma carnifex,凶狠圆轴蟹,,,,,,,no_image
74153,Caretta caretta,红海龟,,,,,,,no_image
91632,Carex baimaensis,白马薹草,,,,,,,no_image
91654,Carex brevicuspis,短尖薹草,,,,,,,no_image
91676,Carex caucasica,高加索薹草,,,,,,,no_image
91728,Carex dapanshanica,大盘山薹草,,,,,,,no_image
91706,Carex coninux,高原嵩草,,,,,,,no_image
91752,Carex disperma,二籽薹草,,,,,,,no_image
91781,Carex esquiroliana,贵州薹草,,,,,,,no_image
91807,Carex gentilis,亲族薹草,,,,,,,no_image
91833,Carex handel-mazzettii,密穗嵩草,,,,,,,no_image
91852,Carex hongyuanensis,红原薹草,,,,,,,no_image
91877,Carex ivanoviae,无穗柄薹草,,,,,,,no_image
91897,Carex kuchunensis,古城薹草,,,,,,,no_image
91920,Carex leiorhyncha,尖嘴薹草,,,,,,,no_image
91949,Carex longipetiolata,长叶柄薹草,,,,,,,no_image
91997,Carex moorcroftii,青藏薹草,,,,,,,no_image
91972,Carex maximowiczii,乳突薹草,,,,,,,no_image
92019,Carex nivalis,喜马拉雅薹草,,,,,,,no_image
92043,Carex orbicularinucis,圆坚果薹草,,,,,,,no_image
92069,Carex peiktusani,长白薹草,,,,,,,no_image
92094,Carex polyschoenoides,类白穗薹草,,,,,,,no_image
92116,Carex pseudophyllocephala,假头序薹草,,,,,,,no_image
92136,Carex radicalis,根穗薹草,,,,,,,no_image
92159,Carex rubrobrunnea,点囊薹草,,,,,,,no_image
92187,Carex scopulus,崖壁薹草,,,,,,,no_image
92213,Carex sociata,伴生薹草,,,,,,,no_image
92235,Carex subtumida,肿胀果薹草,,,,,,,no_image
92258,Carex thunbergii,陌上菅,,,,,,,no_image
92305,Carex xiphium,稗薹草,,,,,,,no_image
92282,Carex ulobasis,卷叶薹草,,,,,,,no_image
92325,Carex zhonghaiensis,中海薹草,,,,,,,no_image
1921,Caridina chishuiensis,赤水米虾,,,,,,,no_image
1993,Caridina hubeiensis,湖北米虾,,,,,,,no_image
1881,Caridina mongziensis,蒙自米虾,,,,,,,no_image
27541,Carilia adelpha,,,,,,,,no_image
1878,Caridina spinipoda,刺肢米虾,,,,,,,no_image
27562,Carinata albusa,白色脊额叶蝉,,,,,,,no_image
27582,Carinata maculata,斑头脊额叶蝉,,,,,,,no_image
27600,Carinofrons maculatipennis,斑翅脊额飞虱,,,,,,,no_image
11483,Carniella weyersi,韦氏卡聂蛛,,,,,,,no_image
27638,Carpelimus papuensis,,,,,,,,no_image
27617,Carpelimus capillus,,,,,,,,no_image
92346,Carpesium divaricatum,金挖耳,,,,,,,no_image
2075,Carpilius maculatus,红斑瓢蟹,,,,,,,no_image
92390,Carpinus mollicoma,软毛鹅耳枥,,,,,,,no_image
92416,Carpinus wenshanensis,文山鹅耳枥,,,,,,,no_image
74197,Carpodacus sipahi,血雀,,,,,,,no_image
92420,Carrierea dunniana,贵州嘉丽树,,,,,,,no_image
92426,Carum buriaticum,田葛缕子,,,,,,,no_image
27693,Caryanda fujianensis,福建卵翅蝗,,,,,,,no_image
27713,Caryanda rufofemorata,红股卵翅蝗,,,,,,,no_image
8065,Caryophyllia grayi,格雷丁香珊瑚,,,,,,,no_image
92458,Caryota maxima,鱼尾葵,,,,,,,no_image
92471,Cassia fistula,腊肠树,,,,,,,no_image
92476,Cassiope abbreviata,短梗岩须,,,,,,,no_image
27742,Cassida parvula,准小龟甲,,,,,,,no_image
27767,Castanopsides gotohi,狭长木盲蝽,,,,,,,no_image
92509,Castanopsis concinna,华南锥,,,,,,,no_image
92529,Castanopsis hystrix,红锥,,,,,,,no_image
92549,Castanopsis remotidenticulata,疏齿锥,,,,,,,no_image
14444,Castianeira flavimaculata,黄斑纯蛛,,,,,,,no_image
27779,Cataclysme sternecki,北京长柄尺蛾,,,,,,,no_image
27795,Cataphrodisium castaneae,,,,,,,,no_image
134732,Catapyrenium waltheri,,,,,,,,no_image
17568,Cathaica fasciola,条华蜗牛,,,,,,,no_image
92590,Cathcartia villosa,长柔毛蒿枝七,,,,,,,no_image
27813,Catocala deuteronympha,显裳夜蛾,,,,,,,no_image
27838,Catocala tapestrina,帷裳夜蛾,,,,,,,no_image
73,Catoptrus undulatipes,波肢镜蟹,,,,,,,no_image
92612,Caulerpa serrulata,齿形蕨藻,,,,,,,no_image
27858,Caulococcus cynodontis,狗牙根丝粉蚧,,,,,,,no_image
92636,Causonis mollis,毛乌蔹莓,,,,,,,no_image
14175,Caviphantes flagellatus,鞭状额毛蛛,,,,,,,no_image
27875,Cechenena papuana,斑背天蛾,,,,,,,no_image
27882,Celaenorrhinus aurivittatus,斜带星弄蝶,,,,,,,no_image
92663,Celastrus glaucophyllus,灰叶南蛇藤,,,,,,,no_image
92687,Celastrus virens,绿独子藤,,,,,,,no_image
27925,Celticecis japonica,日本朴瘿蚊,,,,,,,no_image
27932,Celyphoma huangi,黄氏鞍瓢蜡蝉,,,,,,,no_image
27952,Celyphus porosus,毛脸瓢甲蝇,,,,,,,no_image
138246,Cenangium atrofuscum,黑褐薄盘菌,,,,,,,no_image
133317,Cenococcum geophilum,,,,,,,,no_image
27973,Centistes brevitarsus,短跗宽鞘茧蜂,,,,,,,no_image
27993,Centistidea zhaoi,赵氏脊腰茧蜂,,,,,,,no_image
74224,Centroberyx lineatus,线纹拟棘鲷,,,,,,,no_image
74231,Centrophorus acus,尖鳍刺鲨(针刺鲨),,,,,,,no_image
74252,Centropyge nox,黑刺尻鱼,,,,,,,no_image
28019,Centrotoscelus funkhouseri,黑翅秃角蝉,,,,,,,no_image
28039,Cephalaeschna cornifrons,长角头蜓,,,,,,,no_image
92752,Cephalanthera gracilis,纤细头蕊兰,,,,,,,no_image
28062,Cephalispa cultrata,剪溜秽蝇,,,,,,,no_image
18261,Cephalodella carina,龙骨巨头轮虫,,,,,,,no_image
18270,Cephalodella inquilina,客居巨头轮虫,,,,,,,no_image
18253,Cephalodella tinca,丁卡巨头轮虫,,,,,,,no_image
28077,Cephalophyes porphyrea,青河小卷蛾,,,,,,,no_image
74278,Cephaloscyllium maculatum,花斑绒毛鲨,,,,,,,no_image
92781,Cephalotaxus mannii,西双版纳粗榧,,,,,,,no_image
92792,Cephalozia leucantha,厚壁大萼苔,,,,,,,no_image
28100,Cephennodes abdominalis,,,,,,,,no_image
28120,Cephennodes elegantissimus,,,,,,,,no_image
28140,Cephennodes lustrifrons,,,,,,,,no_image
28160,Cephennodes rectangulicollis,,,,,,,,no_image
28180,Cephennodes yinziweii,,,,,,,,no_image
74282,Cepola schlegelii,史氏赤刀鱼,,,,,,,no_image
28221,Ceracris xizangensis,,,,,,,,no_image
92818,Ceramium kondoi,三叉仙菜,,,,,,,no_image
28239,Cerastis caelebs,刻弓夜蛾,,,,,,,no_image
92849,Cerastium pusillum,山卷耳,,,,,,,no_image
28253,Ceratina compacta,紧芦蜂,,,,,,,no_image
6691,Ceratomyxa drepanopsettae,镰状角形虫,,,,,,,no_image
7926,Ceratocymba sagittata,箭形角杯水母,,,,,,,no_image
28273,Ceratina simillima,花芦蜂,,,,,,,no_image
3952,Ceratonereis burmensis,缅甸角沙蚕,,,,,,,no_image
28295,Ceratophyllus farreni,燕角叶蚤,,,,,,,no_image
18730,Ceratophysella baichengensis,,,,,,,,no_image
9185,Ceratoppia retilia,网角甲螨,,,,,,,no_image
92880,Ceratostigma plumbaginoides,蓝雪花,,,,,,,no_image
28324,Ceratovacuna lanigera,甘蔗粉角蚜,,,,,,,no_image
132372,Cercospora achyranthis,,,,,,,,no_image
8470,Cerceis sinensis,中华尖水虱,,,,,,,no_image
132392,Cercospora anchomanes,,,,,,,,no_image
132412,Cercospora asparagi,,,,,,,,no_image
132452,Cercospora cephalantherae,,,,,,,,no_image
132432,Cercospora calamicola,,,,,,,,no_image
132472,Cercospora cynarae,,,,,,,,no_image
132492,Cercospora epipactidis,,,,,,,,no_image
132512,Cercospora glandulosa,,,,,,,,no_image
132532,Cercospora hydrangeae,,,,,,,,no_image
132552,Cercospora ligustri,,,,,,,,no_image
132572,Cercospora meliicola,,,,,,,,no_image
132592,Cercospora nudiflorae,,,,,,,,no_image
132612,Cercospora piaropi,,,,,,,,no_image
132632,Cercospora ratibidae,,,,,,,,no_image
132652,Cercospora senecionicola,,,,,,,,no_image
132672,Cercospora szechuanensis,,,,,,,,no_image
132692,Cercospora zeae-maydis,,,,,,,,no_image
28347,Cerdistus denticulatus,齿斑低颜食虫虻,,,,,,,no_image
28365,Ceresium leucosticticum,,,,,,,,no_image
28389,Ceriagrion sinense,中华黄蟌,,,,,,,no_image
144190,Ceriosporopsis halima,,,,,,,,no_image
151032,Ceriporiopsis pseudogilvescens,,,,,,,,no_image
3289,Cerithium echinatum,棘刺蟹守螺,,,,,,,no_image
28404,Cerococcus echinatus,刺蜡壶蚧,,,,,,,no_image
28423,Cerodontha morosa,迟大角潜蝇,,,,,,,no_image
92905,Ceropegia exigua,四川吊灯花,,,,,,,no_image
28437,Ceroplastes centroroseus,红帽蜡蚧,,,,,,,no_image
28454,Ceroxys hortulana,毛角斑蝇,,,,,,,no_image
28468,Cervoglenea lata,,,,,,,,no_image
92928,Cestrum aurantiacum,黄瓶子花,,,,,,,no_image
135870,Cetraria collata,,,,,,,,no_image
135890,Cetraria pseudocomplicata,拟褶缘毛衣,,,,,,,no_image
135905,Cetrelia delavayana,戴氏斑叶,,,,,,,no_image
28499,Ceusibia longihilla,长尾茸足蚤,,,,,,,no_image
92932,Chaenomeles japonica,日本海棠,,,,,,,no_image
134583,Chaenothecopsis debilis,,,,,,,,no_image
134603,Chaenothecopsis vinosa,,,,,,,,no_image
28523,Chaetellipsis alternata,斑盾秃额实蝇,,,,,,,no_image
28535,Chaetoceras strigulosata,肾斑褐蛱蛾,,,,,,,no_image
74337,Chaetodon citrinellus,密点蝴蝶鱼,,,,,,,no_image
74357,Chaetodon rafflesii,格纹蝴蝶鱼,,,,,,,no_image
28545,Chaetogeoica ulmidrupa,榆钱毛根蚜,,,,,,,no_image
28565,Chaetogonopteron kaohsungense,高雄短跗长足虻,,,,,,,no_image
28585,Chaetogonopteron zhangae,张氏短跗长足虻,,,,,,,no_image
144410,Chaetomium congoense,,,,,,,,no_image
144430,Chaetomium subaffine,,,,,,,,no_image
133793,Chaetoplea crossata,,,,,,,,no_image
28606,Chaetopsylla lasia,多鬃鬃蚤,,,,,,,no_image
141237,Chaetosphaeria anglica,,,,,,,,no_image
142589,Chaetostroma carneum,,,,,,,,no_image
138827,Chalara prolifera,,,,,,,,no_image
28651,Chalciope mygdon,三角夜蛾,,,,,,,no_image
13187,Chalcoscirtus lii,李氏铜蛛,,,,,,,no_image
28681,Chalcosyrphus nitidus,烁桐木蚜蝇,,,,,,,no_image
1502,Chama lobata,叶片猿头蛤,,,,,,,no_image
92973,Chamaecyparis pisifera,日本花柏,,,,,,,no_image
28695,Chamaepsila albiseta,白鬃顶茎蝇,,,,,,,no_image
92986,Chamaerhodos altaica,阿尔泰地蔷薇,,,,,,,no_image
15965,Chamberlinius sublaevus,,,,,,,,no_image
28722,Changea notitiae,诺嫦舟蛾,,,,,,,no_image
142591,Chantransiopsis decumbens,,,,,,,,no_image
74419,Charadrius placidus,长嘴剑鸻,,,,,,,no_image
28749,Charmon cruentatus,血色悦茧蜂,,,,,,,no_image
74421,Chascanopsetta lugubris,大口长颌鲆,,,,,,,no_image
50,Charybdis annulata,环纹蟳,,,,,,,no_image
74428,Chaunax obscurus,暗色单棘躄鱼,,,,,,,no_image
74438,Cheilodactylus zebra,斑马唇指[鱼翁],,,,,,,no_image
93029,Cheilanthes patula,平羽碎米蕨,,,,,,,no_image
93048,Cheilolejeunea pluriplicata,多脊唇鳞苔,,,,,,,no_image
28797,Cheiloneurus quercus,,,,,,,,no_image
28805,Cheilosia atericornis,黑角黑蚜蝇,,,,,,,no_image
28825,Cheilosia fumipennis,烟翅黑蚜蝇,,,,,,,no_image
28845,Cheilosia matsumurana,马氏黑蚜蝇,,,,,,,no_image
28865,Cheilosia parachloris,拟毛黑蚜蝇,,,,,,,no_image
28885,Cheilosia sini,蓝泽黑蚜蝇,,,,,,,no_image
28903,Cheilotrichia angustistigma,窄斑唇大蚊,,,,,,,no_image
140407,Cheilymenia sinensis,中国缘刺盘菌,,,,,,,no_image
12591,Cheiracanthium falcatum,镰状红鳌蛛,,,,,,,no_image
12616,Cheiracanthium simaoense,思茅红螯蛛,,,,,,,no_image
142592,Cheiromyces lignicola,,,,,,,,no_image
9399,Cheiroseius unguiculatus,,,,,,,,no_image
93085,Cheirostylis sherriffii,马关叉柱兰,,,,,,,no_image
28936,Chelidura tibetana,藏燕球螋,,,,,,,no_image
28927,Chelidonium impressicolle,,,,,,,,no_image
28956,Chelipoda menglunana,勐仑鬃螳舞虻,,,,,,,no_image
74473,Chelon melinopterus,灰鳍龟鮻,,,,,,,no_image
93111,Chelonopsis yaoshanensis,瑶山毛药花,,,,,,,no_image
93136,Chenopodiastrum hybridum,杂配藜,,,,,,,no_image
93116,Chenia leptophylla,陈氏藓,,,,,,,no_image
28985,Cheromettia alaceria,休彻刺蛾,,,,,,,no_image
93165,Chiastocaulon braunianum,褐色对羽苔,,,,,,,no_image
93163,Chesniella ferganensis,甘肃旱雀豆,,,,,,,no_image
17493,Chicoreus brunneus,褐棘螺,,,,,,,no_image
29020,Chilades pandava,曲纹紫灰蝶,,,,,,,no_image
29050,Chilodes yunnana,云睡夜蛾,,,,,,,no_image
93188,Chiloscyphus horikawanus,圆叶裂萼苔,,,,,,,no_image
93210,Chimaphila umbellata,伞形喜冬草,,,,,,,no_image
93227,Chimonobambusa hsuehiana,细秆筇竹,,,,,,,no_image
93273,Chimonocalamus pallens,灰香竹,,,,,,,no_image
93249,Chimonobambusa sangzhiensis,冷竹,,,,,,,no_image
12918,Chinophrys pengi,彭氏华斑蛛,,,,,,,no_image
29057,Chinecallicerus pinnatus,,,,,,,,no_image
29077,Chionea pusilla,纤细雪大蚊,,,,,,,no_image
74493,Chirocentrus dorab,宝刀鱼,,,,,,,no_image
29100,Chironomus lacunarius,拉卡那摇蚊,,,,,,,no_image
29119,Chirosia enallostylata,异侧叶蕨蝇,,,,,,,no_image
798,Chirostylus rostratus,显额柱螯虾,,,,,,,no_image
134969,Chitonomyces gracilipes,,,,,,,,no_image
134989,Chitonomyces zonatus,,,,,,,,no_image
141251,Chloridium reniforme,,,,,,,,no_image
93294,Chloranthus anhuiensis,安徽金粟兰,,,,,,,no_image
29176,Chloridolum perlaetum,,,,,,,,no_image
29196,Chloriona arakawai,黑腹绿飞虱,,,,,,,no_image
29208,Chlorissa unilinearia,单仿锈腰尺蛾,,,,,,,no_image
29225,Chlorocytus undulatus,波唇茎生金小蜂,,,,,,,no_image
29233,Chlorogomphus brevistigma,短痣裂唇蜓,,,,,,,no_image
29255,Chlorophlaeoba tonkinensis,越黄佛蝗,,,,,,,no_image
29296,Chlorophorus lingnanensis,,,,,,,,no_image
29276,Chlorophorus eckweileri,,,,,,,,no_image
29317,Chlorophorus seniculus,,,,,,,,no_image
74521,Chlorophthalmus agassizi,尖吻青眼鱼,,,,,,,no_image
29339,Chlorops bisetulifer,双毛秆蝇,,,,,,,no_image
29359,Chlorops meihuashanensis,梅花山秆蝇,,,,,,,no_image
29379,Chloropsina flavovaria,趋黄基脉秆蝇,,,,,,,no_image
137828,Chlorosplenium aeruginosum,铜绿绿盘菌,,,,,,,no_image
74546,Chodsigoa parca,云南缺齿鼩,,,,,,,no_image
29393,Chlumetia transversa,横线尾夜蛾,,,,,,,no_image
93331,Choerospondias axillaris,南酸枣,,,,,,,no_image
93341,Chondria repens,匍匐软骨藻,,,,,,,no_image
93360,Chondrus ocellatus,角叉菜,,,,,,,no_image
29419,Chorisops fanjingshana,梵净山离眼水虻,,,,,,,no_image
29428,Choristoneura lafauriana,角色卷蛾,,,,,,,no_image
29433,Choroedocus robustus,无斑长夹蝗,,,,,,,no_image
29453,Chorthippus chayuensis,察隅雏蝗,,,,,,,no_image
29474,Chorthippus huchengensis,呼城雏蝗,,,,,,,no_image
29494,Chorthippus qinghaiensis,青海雏蝗,,,,,,,no_image
93389,Christolea niyaensis,尼雅高原芥,,,,,,,no_image
139948,Chromelosporium carneum,,,,,,,,no_image
74591,Chromis notata,尾斑光鳃鱼,,,,,,,no_image
29514,Chouioia cunea,周氏啮小蜂,,,,,,,no_image
136823,Chroodiscus argillaceus,,,,,,,,no_image
29532,Chrysacris changbaishanensis,长白山金色蝗,,,,,,,no_image
93403,Chrysanthemum foliaceum,裂苞菊,,,,,,,no_image
10748,Chrysaora helvola,金黄水母,,,,,,,no_image
29553,Chrysocharis pubens,毛灿绿姬小蜂,,,,,,,no_image
93436,Chrysojasminum subhumile,滇探春,,,,,,,no_image
29609,Chrysolina doeberli,异角金叶甲,,,,,,,no_image
29588,Chrysolina baimana,白马金叶甲,,,,,,,no_image
29631,Chrysolina jinxiaoae,金氏金叶甲,,,,,,,no_image
29651,Chrysolina mellyi,麦氏金叶甲,,,,,,,no_image
29694,Chrysolina zhangi,张氏金叶甲,,,,,,,no_image
29672,Chrysolina sergeyi,萨格氏金叶甲,,,,,,,no_image
29708,Chrysomya chani,星岛金蝇,,,,,,,no_image
153072,Chrysomyxa pyrolae,鹿蹄草金锈菌,,,,,,,no_image
29748,Chrysopa perla,黑腹草蛉,,,,,,,no_image
29728,Chrysopa commata,逗草蛉,,,,,,,no_image
29767,Chrysoperla nipponensis,日本通草蛉,,,,,,,no_image
29783,Chrysopidia remanei,畸缘三阶草蛉,,,,,,,no_image
29803,Chrysopilus hubeiensis,湖北金鹬虻,,,,,,,no_image
29838,Chrysops designatus,三角斑虻,,,,,,,no_image
29823,Chrysopilus shaanxiensis,陕西金鹬虻,,,,,,,no_image
29858,Chrysops stackelbergiellus,斯氏斑虻,,,,,,,no_image
29878,Chrysosoma cupido,黄角金长足虻,,,,,,,no_image
29898,Chrysosoma nyingchiense,林芝金长足虻,,,,,,,no_image
29918,Chrysosomopsis stricta,狭额金绿寄蝇,,,,,,,no_image
93466,Chrysosplenium japonicum,日本金腰,,,,,,,no_image
93495,Chrysosplenium wuwenchenii,韫珍金腰,,,,,,,no_image
29923,Chrysotimus bifascia,双束黄鬃长足虻,,,,,,,no_image
29963,Chrysotoxum fasciolatum,侧宽长角蚜蝇,,,,,,,no_image
29943,Chrysotimus songshanus,松山黄鬃长足虻,,,,,,,no_image
29983,Chrysotoxum rufabdominus,红腹长角蚜蝇,,,,,,,no_image
30003,Chrysotus beijingensis,北京小异长足虻,,,,,,,no_image
30023,Chrysotus hubeiensis,湖北小异长足虻,,,,,,,no_image
30043,Chrysotus rubzovi,茹氏小异长足虻,,,,,,,no_image
30068,Chrysozephyrus morishitai,森下金灰蝶,,,,,,,no_image
11798,Chrysso longshanensis,龙山丽蛛,,,,,,,no_image
93501,Chukrasia tabularis,麻楝,,,,,,,no_image
93500,Chuanminshen violaceum,川明参,,,,,,,no_image
30109,Chyliza fumipennis,烟翅绒茎蝇,,,,,,,no_image
30129,Chymomyza novobscura,新暗吸汁果蝇,,,,,,,no_image
138930,Ciboria batschiana,栎杯盘菌,,,,,,,no_image
138950,Ciboriopsis lenta,,,,,,,,no_image
74632,Ciconia episcopus,白颈鹳,,,,,,,no_image
93519,Cicuta virosa,毒芹,,,,,,,no_image
30163,Ciinocentrus cornalus,淡角横纹茧蜂,,,,,,,no_image
140420,Ciliaria umbrorum,,,,,,,,no_image
30179,Cimeliomorpha cymbalora,白赭小卷蛾,,,,,,,no_image
74642,Cinclus pallasii,褐河乌,,,,,,,no_image
93564,Cinnamomum validinerve,粗脉桂,,,,,,,no_image
93544,Cinnamomum japonicum,天竺桂,,,,,,,no_image
154935,Cintractia irregularis,,,,,,,,no_image
93583,Circaea glabrescens,秃梗露珠草,,,,,,,no_image
144711,Circinotrichum olivaceum,,,,,,,,no_image
74671,Cirrhitichthys aprinus,斑金[鱼翁],,,,,,,no_image
8419,Cirolana willeyi,韦氏浪飘水虱,,,,,,,no_image
74683,Cirripectes fuscoguttatus,微斑穗肩鳚,,,,,,,no_image
93617,Cirsium henryi,刺苞蓟,,,,,,,no_image
14249,Cirrosus atrocaudatus,黑尾卷须蛛,,,,,,,no_image
93637,Cirsium serratuloides,麻花头蓟,,,,,,,no_image
30206,Cispia griseola,灰点翅毒蛾,,,,,,,no_image
30229,Citrogramma xizangensis,西藏裸眼蚜蝇,,,,,,,no_image
74698,Cisticola juncidis,棕扇尾莺,,,,,,,no_image
93671,Cissus kerrii,鸡心藤,,,,,,,no_image
30233,Claassenia fulva,浅褐锤(虫责),,,,,,,no_image
135507,Cladina arbuscula,,,,,,,,no_image
6608,Cladolabes aciculus,针枝柄参,,,,,,,no_image
135552,Cladonia digitata,胀石蕊,,,,,,,no_image
135532,Cladonia chlorophaea,喇叭粉石蕊,,,,,,,no_image
135572,Cladonia kanewskii,东亚石蕊,,,,,,,no_image
135612,Cladonia rei,裂杯石蕊,,,,,,,no_image
135592,Cladonia multiformis,,,,,,,,no_image
135632,Cladonia symphycarpa,,,,,,,,no_image
93739,Cladophoropsis herpestica,扩展拟刚毛藻,,,,,,,no_image
93719,Cladophora dalmatica,达尔刚毛藻,,,,,,,no_image
132143,Cladosporium araliae,,,,,,,,no_image
132163,Cladosporium cyrtomii,,,,,,,,no_image
132183,Cladosporium gossypiicola,,,,,,,,no_image
132203,Cladosporium neottopteridis,,,,,,,,no_image
132223,Cladosporium psychrotolerans,,,,,,,,no_image
132243,Cladosporium tenellum,,,,,,,,no_image
30257,Cladotanytarsus paratridorsum,单枝长跗摇蚊,,,,,,,no_image
74702,Clamator coromandus,红翅凤头鹃,,,,,,,no_image
93759,Claopodium rugulosifolium,偏叶麻羽藓,,,,,,,no_image
30281,Claspettomyia nipponensis,日本钩瘿蚊,,,,,,,no_image
93789,Clausia trichosepala,毛萼香芥,,,,,,,no_image
150756,Clathrus nicaeensis,红柄笼头菌,,,,,,,no_image
145635,Clavaria atropurpurea,,,,,,,,no_image
145655,Clavaria gibbsiae,扁珊瑚菌,,,,,,,no_image
145675,Clavaria pulchra,桔色豆牙菌,,,,,,,no_image
149908,Clavariadelphus pallidoincarnatus,肉色平截棒瑚菌,,,,,,,no_image
145696,Clavulinopsis cineroides,,,,,,,,no_image
148408,Clavomphalia yunnanensis,云南脐棒菇,,,,,,,no_image
93796,Cleidion spiciflorum,长棒柄花,,,,,,,no_image
145716,Clavulinopsis tenerrima,拟琐瑚菌,,,,,,,no_image
93818,Cleisostoma uraiense,绿花隔距兰,,,,,,,no_image
93839,Cleistogenes mucronata,小尖隐子草,,,,,,,no_image
93866,Clematis brevicaudata,短尾铁线莲,,,,,,,no_image
93895,Clematis dasyandra,毛花铁线莲,,,,,,,no_image
93932,Clematis grandidentata,粗齿铁线莲,,,,,,,no_image
93960,Clematis jialasaensis,加拉萨线莲,,,,,,,no_image
94026,Clematis pashanensis,巴山铁线莲,,,,,,,no_image
93986,Clematis mae,明铁线莲,,,,,,,no_image
94131,Clematis yuntaishanica,云台山铁线莲,,,,,,,no_image
94104,Clematis tomentella,灰叶铁线莲,,,,,,,no_image
94064,Clematis repens,曲柄铁线莲,,,,,,,no_image
30307,Cleomenes tenuipes,,,,,,,,no_image
30327,Cleorina xizangense,西藏突肩肖叶甲,,,,,,,no_image
94143,Clerodendrum bungei,臭牡丹,,,,,,,no_image
94169,Clerodendrum luteopunctatum,黄腺大青,,,,,,,no_image
30346,Clethrobius dryobius,赤杨刻斑蚜,,,,,,,no_image
94216,Climacoptera ferganica,费尔干梯翅蓬,,,,,,,no_image
5284,Clibanarius eurysternus,宽胸细螯寄居蟹,,,,,,,no_image
94225,Clinopodium confine,邻近风轮菜,,,,,,,no_image
30363,Clinotanypus marginatus,条斑菱跗摇蚊,,,,,,,no_image
30378,Clitellaria bicolor,双色鞍腹水虻,,,,,,,no_image
137800,Clithris rosae,,,,,,,,no_image
142643,Clitocybe fasciculata,白香蘑,,,,,,,no_image
142623,Clitocybe compressipes,扁柄杯伞,,,,,,,no_image
142663,Clitocybe imaiana,尼马杯伞,,,,,,,no_image
142683,Clitocybe phaeophthalma,,,,,,,,no_image
142703,Clitocybe subcandicans,亚白杯伞,,,,,,,no_image
147096,Clitocybula aperta,开放小杯伞,,,,,,,no_image
146080,Clitopilus scyphoides,亚脐菇杯状斜盖伞,,,,,,,no_image
935,Clorida gaillardia,盖氏绿虾蛄,,,,,,,no_image
13881,Clubiona applanata,扁平管巢蛛,,,,,,,no_image
30410,Clostera costicomma,共扇舟蛾,,,,,,,no_image
14017,Clubiona circulata,环管巢蛛,,,,,,,no_image
13972,Clubiona forcipa,钳形管巢蛛,,,,,,,no_image
13938,Clubiona japonicola,棕管巢蛛,,,,,,,no_image
13885,Clubiona lyriformis,琴形管巢蛛,,,,,,,no_image
14025,Clubiona pseudogermanica,伪蕾管巢蛛,,,,,,,no_image
13907,Clubiona subyangmingensis,近阳明管巢蛛,,,,,,,no_image
13944,Clubiona yanzhii,彦之管巢蛛,,,,,,,no_image
3295,Clypeomorus bifasciata,双带楯桑葚螺,,,,,,,no_image
7987,Clytia mccradyi,子莹美螅水母,,,,,,,no_image
30464,Cnephasitis apodicta,锯腹卷蛾,,,,,,,no_image
30478,Cnipsomorpha erinacea,大刺拟刺䗛,,,,,,,no_image
30444,Clytus auripilis,,,,,,,,no_image
74720,Cobitis brachysoma,短体花鳅,,,,,,,no_image
30496,Coccidoxenoides perminutus,,,,,,,,no_image
139146,Coccomyces foliicola,叶齿裂菌,,,,,,,no_image
30509,Coccygidium angostura,窄腹褐径茧蜂,,,,,,,no_image
139166,Coccomyces sinensis,中国齿裂菌,,,,,,,no_image
30518,Cochylidia oblonga,圆瓣灰纹卷蛾,,,,,,,no_image
14476,Coddingtonia lizu,黎族科丁蛛,,,,,,,no_image
94294,Codium saccatum,囊状松藻,,,,,,,no_image
94316,Codonopsis elliptica,椭叶党参,,,,,,,no_image
94343,Codonopsis thalictrifolia,唐松草党参,,,,,,,no_image
30539,Codrus niger,黑肿额细蜂,,,,,,,no_image
19017,Coecobrya communis,,,,,,,,no_image
30553,Coeliccia cyanomelas,黄纹长腹扇蟌,,,,,,,no_image
30593,Coelioxys haemorrhoa,丽尖腹蜂,,,,,,,no_image
30573,Coelioxys alata,膨板尖腹蜂,,,,,,,no_image
30613,Coelioxys xinjiangense,新疆尖腹蜂,,,,,,,no_image
94366,Coelogyne griffithii,格力贝母兰,,,,,,,no_image
94386,Coelogyne taronensis,高山贝母兰,,,,,,,no_image
4971,Coelopleurus maculata,斑棘腔海胆,,,,,,,no_image
12211,Coelotes biprocessis,双突隙蛛,,,,,,,no_image
74761,Coelorinchus longicephalus,长头腔吻鳕,,,,,,,no_image
30633,Coenagrion ecornutum,盃纹蟌,,,,,,,no_image
12291,Coelotes introhamatus,内钩隙蛛,,,,,,,no_image
30650,Coenonica anteopaca,,,,,,,,no_image
12369,Coelotes septus,篱笆隙蛛,,,,,,,no_image
136769,Coenogonium interplexum,网绒衣,,,,,,,no_image
30670,Coenonica truncata,,,,,,,,no_image
30698,Coenosia angulipunctata,角斑秽蝇,,,,,,,no_image
30719,Coenosia cingulata,带秽蝇,,,,,,,no_image
30779,Coenosia octopunctata,八点秽蝇,,,,,,,no_image
30759,Coenosia lacustris,湖滨秽蝇,,,,,,,no_image
30799,Coenosia shennonga,神农秽蝇,,,,,,,no_image
30739,Coenosia flavicornis,黄角秽蝇,,,,,,,no_image
30820,Coenosia verralli,费氏秽蝇,,,,,,,no_image
30848,Colaphellus bowringii,菜无缘叶甲,,,,,,,no_image
30841,Cofana yasumatsui,凹痕可大叶蝉,,,,,,,no_image
30868,Colaspoides tarsalis,跗征沟臀肖叶甲,,,,,,,no_image
30887,Coleococcus scotophilus,英粉蚧,,,,,,,no_image
153093,Coleosporium cimicifugatum,升麻鞘锈菌,,,,,,,no_image
153113,Coleosporium knoxiae,诺斯氏草鞘锈菌,,,,,,,no_image
153133,Coleosporium pini-pumilae,偃松鞘锈菌,,,,,,,no_image
153153,Coleosporium telioevodiae,臭檀鞘锈,,,,,,,no_image
30888,Colias adelaidae,阿豆粉蝶,,,,,,,no_image
30937,Colias nina,尼娜豆粉蝶,,,,,,,no_image
94419,Collabium delavayi,南方吻兰,,,,,,,no_image
137097,Collema nepalense,尼泊尔胶衣,,,,,,,no_image
137117,Collema thamnodes,灌丛胶衣,,,,,,,no_image
141601,Colletotrichum latium,,,,,,,,no_image
18125,Collotheca ambigua,多态胶鞘轮虫,,,,,,,no_image
141621,Colletotrichum nymphaeae,,,,,,,,no_image
148419,Collybia dichrous,双色金钱菌,,,,,,,no_image
141641,Colletotrichum trichellum,,,,,,,,no_image
141581,Colletotrichum destructivum,,,,,,,,no_image
148439,Collybia microspora,小伞菌,,,,,,,no_image
148459,Collybia umbonata,,,,,,,,no_image
94431,Colocasia gaoligongensis,贡山芋,,,,,,,no_image
74785,Coloconger scholesi,施氏短尾康吉鳗,,,,,,,no_image
94495,Cololejeunea sintenisii,岩生小鳞苔,,,,,,,no_image
10638,Colomerus pruni,,,,,,,,no_image
150065,Coltricia abieticola,,,,,,,,no_image
10412,Colopodacus virens,,,,,,,,no_image
94455,Cololejeunea floccosa,棉毛疣鳞苔,,,,,,,no_image
94475,Cololejeunea obliqua,粗萼疣鳞苔,,,,,,,no_image
150085,Coltricia strigosipes,,,,,,,,no_image
74796,Columba oenas,欧鸽,,,,,,,no_image
18663,Colurella uncinata,钩状狭甲轮虫,,,,,,,no_image
2887,Comanthus japonicus,日本海齿花,,,,,,,no_image
31001,Comibaena biplaga,大斑绿尺蛾,,,,,,,no_image
94573,Comastoma traillianum,高杯喉毛花,,,,,,,no_image
31023,Comibaena subdelicata,黑角绿尺蛾,,,,,,,no_image
94598,Commersonia bartramia,山麻树,,,,,,,no_image
31049,Comostola virago,维亚四目绿尺蛾,,,,,,,no_image
31064,Compsorhipis davidiana,大胫刺蝗,,,,,,,no_image
31082,Concaveplana bispiculana,双刺凹片叶蝉,,,,,,,no_image
31102,Conchapelopia togamaculosa,宽斑壳粗腹摇蚊,,,,,,,no_image
31104,Condica capensis,素点夜蛾,,,,,,,no_image
74807,Conger cinereus,灰康吉鳗,,,,,,,no_image
155322,Conidiobolus apiculatus,尖突耳霉,,,,,,,no_image
31122,Condylostylus latipennis,斧突毛瘤长足虻,,,,,,,no_image
155342,Conidiobolus polytocus,多耳霉,,,,,,,no_image
141303,Coniochaeta velutina,,,,,,,,no_image
94618,Coniogramme japonica,凤了蕨,,,,,,,no_image
31162,Coniopteryx abdominalis,腹粉蛉,,,,,,,no_image
31182,Coniopteryx prehensilis,爪角粉蛉,,,,,,,no_image
31202,Conioscinella subnitens,微亮圆锥秆蝇,,,,,,,no_image
142727,Coniothyriopsis mangiferae,,,,,,,,no_image
31224,Conocephalus xiai,夏氏草螽,,,,,,,no_image
145592,Conocybe fibrillosipes,,,,,,,,no_image
31209,Conistra castaneofasciata,褐峦冬夜蛾,,,,,,,no_image
145612,Conocybe semiglobata,,,,,,,,no_image
31232,Conophorus hindlei,后柱蜂虻,,,,,,,no_image
31252,Conops aureomaculatus,金斑眼蝇,,,,,,,no_image
74816,Conostoma aemodium,红嘴鸦雀,,,,,,,no_image
31295,Convexfronta guoi,郭氏隆额叶蝉,,,,,,,no_image
140801,Cookeina sulcipes,槽柄毛杯菌,,,,,,,no_image
31316,Copidosoma chalconotum,,,,,,,,no_image
31276,Contarinia citri,柑桔花蕾蛆,,,,,,,no_image
147992,Coprinopsis friesii,费赖斯拟鬼伞,,,,,,,no_image
31336,Copidothrips octarticulatus,剑矛鬃针蓟马,,,,,,,no_image
145174,Coprinus bambusicola,竹生墨伞,,,,,,,no_image
145194,Coprinus insignis,疣孢鬼伞,,,,,,,no_image
145214,Coprinus plicatilis,褶纹鬼伞,,,,,,,no_image
31381,Coproptilia diona,妍粪翅祝蛾,,,,,,,no_image
31361,Coproporus brunnicollis,,,,,,,,no_image
31341,Coproica hirticula,柔角脉小粪蝇,,,,,,,no_image
31405,Coptopsylla macrophthalma,巨眼切唇蚤,,,,,,,no_image
94674,Coptis deltoidea,三角叶黄连,,,,,,,no_image
31424,Coptotermes ochraceus,赭黄乳白蚁,,,,,,,no_image
31441,Coracodelphax obscurus,暗黑柯拉飞虱,,,,,,,no_image
17446,Coralliophila costularis,纺锤珊瑚螺,,,,,,,no_image
31448,Cordalia puetzi,,,,,,,,no_image
31457,Cordilura nigrifrons,黑额理粪蝇,,,,,,,no_image
94685,Corallodiscus lanuginosus,珊瑚苣苔,,,,,,,no_image
141802,Cordyceps memorabilis,勿忘虫草,,,,,,,no_image
141822,Cordyceps shimizui,清水虫草,,,,,,,no_image
141782,Cordyceps changpaishanensis,长白山虫草,,,,,,,no_image
74836,Coreius septentrionalis,北方铜鱼,,,,,,,no_image
74837,Coreoperca herzi,朝鲜少鳞鳜,,,,,,,no_image
74841,Coris batuensis,巴都盔鱼,,,,,,,no_image
31482,Corgatha costimacula,白斑孔夜蛾,,,,,,,no_image
14445,Corinnomma yulinguana,雨林谷心颚蛛,,,,,,,no_image
94744,Corispermum mongolicum,蒙古虫实,,,,,,,no_image
94765,Cornopteris crenulatoserrulata,新蹄盖蕨,,,,,,,no_image
6248,Corophium acutum,尖额蜾蠃蜚,,,,,,,no_image
94791,Cornus koehneana,川陕梾木,,,,,,,no_image
31501,Cornutrypeta motuonia,墨脱脊额实蝇,,,,,,,no_image
149805,Corticium laeve,光伏革菌,,,,,,,no_image
31509,Corrodopsylla birulai,窄窦酷蚤,,,,,,,no_image
94819,Cortiella hookeri,栓果芹,,,,,,,no_image
145749,Cortinarius betuletorum,桦丝膜菌,,,,,,,no_image
145769,Cortinarius canabarba,,,,,,,,no_image
145789,Cortinarius cotoneus,棕丝丝膜菌,,,,,,,no_image
145829,Cortinarius glaucopus,,,,,,,,no_image
145809,Cortinarius elacatipus,,,,,,,,no_image
145849,Cortinarius lilacinus,丁香紫丝膜菌,,,,,,,no_image
145869,Cortinarius nitidus,亮丝膜菌,,,,,,,no_image
145909,Cortinarius rubicundulus,,,,,,,,no_image
145889,Cortinarius pinicola,松杉丝膜菌,,,,,,,no_image
145929,Cortinarius sphaerosporus,球孢丝膜菌,,,,,,,no_image
145949,Cortinarius traganus,退紫丝膜菌,,,,,,,no_image
148466,Cortinellus berkeleyanus,,,,,,,,no_image
74850,Corvus cornix,冠小嘴乌鸦,,,,,,,no_image
94835,Corydalis alaschanica,贺兰山延胡索,,,,,,,no_image
94855,Corydalis bejschanica,北山黄堇,,,,,,,no_image
94879,Corydalis caput-medusae,泸定紫堇,,,,,,,no_image
94933,Corydalis dulongjiangensis,独龙江紫堇,,,,,,,no_image
94906,Corydalis cristata,具冠黄堇,,,,,,,no_image
94955,Corydalis fumariifolia,堇叶延胡索,,,,,,,no_image
94975,Corydalis hemsleyana,巴东紫堇,,,,,,,no_image
94997,Corydalis inconspicua,小株紫堇,,,,,,,no_image
95017,Corydalis lasiocarpa,毛果紫堇,,,,,,,no_image
95044,Corydalis longicalcarata,长距紫堇,,,,,,,no_image
95067,Corydalis microflora,叶状苞紫堇,,,,,,,no_image
95110,Corydalis petrodoxa,喜石黄堇,,,,,,,no_image
95088,Corydalis nubicola,凌云紫堇,,,,,,,no_image
95130,Corydalis pseudodrakeana,甲格黄堇,,,,,,,no_image
95155,Corydalis qinghaiensis,青海黄堇,,,,,,,no_image
95178,Corydalis schistostigma,裂柱紫堇,,,,,,,no_image
95202,Corydalis stramineoides,索县黄堇,,,,,,,no_image
95226,Corydalis tongolensis,全冠黄堇,,,,,,,no_image
95248,Corydalis wuzhengyiana,齿苞黄堇,,,,,,,no_image
138263,Coryne atrovirens,,,,,,,,no_image
95269,Corylopsis platypetala,阔蜡瓣花,,,,,,,no_image
133408,Corynespora fici-altissimae,,,,,,,,no_image
133428,Corynespora rhapidis-humilis,,,,,,,,no_image
141325,Coryneum castaneicola,,,,,,,,no_image
31553,Corynoptera geminispina,双生翼眼蕈蚊,,,,,,,no_image
31533,Corynoneura medicina,峨药棒脉摇蚊,,,,,,,no_image
31573,Corynoptera supera,超翼眼蕈蚊,,,,,,,no_image
74877,Corythoichthys haematopterus,红鳍冠海龙,,,,,,,no_image
10393,Cosella distransversus,,,,,,,,no_image
31605,Cosmiella subcornuta,拟角库螋,,,,,,,no_image
31588,Cosmeptera ornata,棕斑枯叶蛾,,,,,,,no_image
31617,Cosmophorus klugii,云杉大颚茧蜂,,,,,,,no_image
95306,Cotinus coggygria,欧黄栌,,,,,,,no_image
139864,Costantinella clavata,,,,,,,,no_image
95342,Cotoneaster cardinalis,深红栒子,,,,,,,no_image
95399,Cotoneaster ichangensis,宜昌栒子,,,,,,,no_image
95366,Cotoneaster fastigiatus,帚枝栒子,,,,,,,no_image
95451,Cotoneaster rotundifolius,圆叶栒子,,,,,,,no_image
95426,Cotoneaster naninitens,小光泽栒子,,,,,,,no_image
95477,Cotoneaster tsarongensis,滇藏栒子,,,,,,,no_image
95491,Cotula australis,南方山芫荽,,,,,,,no_image
95503,Cousinia polycephala,多花刺头菊,,,,,,,no_image
31656,Craniophora inquieta,毛首夜蛾,,,,,,,no_image
31683,Craspedomerus zhangi,,,,,,,,no_image
31672,Cranopygia tonkinensis,越盔螋,,,,,,,no_image
12729,Crassignatha nantou,南投糙胸蛛,,,,,,,no_image
6786,Crassithracia ovata,卵厚色雷西蛤,,,,,,,no_image
95542,Crataegus scabrifolia,云南山楂,,,,,,,no_image
149751,Craterellus pistillaris,,,,,,,,no_image
31702,Cratynius yunnanus,云南强蚤,,,,,,,no_image
31704,Creatonotos transiens,八点灰灯蛾,,,,,,,no_image
95605,Cremanthodium daochengense,稻城垂头菊,,,,,,,no_image
95629,Cremanthodium lineare,条叶垂头菊,,,,,,,no_image
95654,Cremanthodium pinnatisectum,裂叶垂头菊,,,,,,,no_image
95675,Cremanthodium weixiense,维西垂头菊,,,,,,,no_image
31717,Cremnosterna carissima,,,,,,,,no_image
95685,Crepidiastrum denticulatum,黄瓜菜,,,,,,,no_image
95711,Crepidium matsudae,鞍唇沼兰,,,,,,,no_image
95732,Crepidomanes vitiense,斐济假脉蕨,,,,,,,no_image
146021,Crepidotus fulvotomentosus,鳞锈耳,,,,,,,no_image
146041,Crepidotus subpurpureus,淡紫靴耳（淡紫锈耳）,,,,,,,no_image
74902,Creteuchiloglanis macropterus,大鳍异&#x0000E065;,,,,,,,no_image
95743,Crepis meifenggensis,梅峰还阳参,,,,,,,no_image
31737,Cricotopus carnosus,厚环足摇蚊,,,,,,,no_image
31757,Cricotopus triannulatus,三轮环足摇蚊,,,,,,,no_image
147110,Crinipellis stipitaria,柄毛皮伞,,,,,,,no_image
31778,Crisicoccus pint,松白粉蚧,,,,,,,no_image
31787,Croesia askoldana,溲疏弧翅卷蛾,,,,,,,no_image
74914,Crocidura lasiura,大麝鼩,,,,,,,no_image
153168,Cronartium fusiforme,兴凯湖松疤锈病,,,,,,,no_image
95769,Crossidium squamiferum,绿色流苏藓,,,,,,,no_image
95777,Crotalaria assamica,大猪屎豆,,,,,,,no_image
31817,Crossopalpus pubicornis,羽角显颊舞虻,,,,,,,no_image
95801,Crotalaria micans,三尖叶猪屎豆,,,,,,,no_image
95827,Crotalaria yuanjiangensis,元江猪屎豆,,,,,,,no_image
95860,Crucihimalaya lasiocarpa,毛果须弥芥,,,,,,,no_image
95849,Croton lauioides,榄绿巴豆,,,,,,,no_image
95869,Cryphaea omeiensis,峨眉隐蒴藓,,,,,,,no_image
141333,Cryphonectria parasitica,,,,,,,,no_image
95881,Cryptocarya chingii,硬壳桂,,,,,,,no_image
74946,Cryptocentrus nigrocellatus,眼斑丝鰕虎,,,,,,,no_image
31864,Cryptochetum tianmuense,天目山隐芒蝇,,,,,,,no_image
154674,Cryptococcus humicolus,,,,,,,,no_image
150103,Cryptoderma substygium,阴地皱皮菌,,,,,,,no_image
95910,Cryptolepis sinensis,白叶藤,,,,,,,no_image
31885,Cryptoperla sinensis,中华刺扁(虫责),,,,,,,no_image
95917,Cryptonemia ovalifolia,椭圆隐丝藻,,,,,,,no_image
31906,Cryptoserphus breviterebrans,短管隐颚细蜂,,,,,,,no_image
31900,Cryptophyllium wennae,,,,,,,,no_image
141481,Cryptosporella hypodermia,,,,,,,,no_image
131573,Cryptothecia subnidulans,隐果隐囊衣,,,,,,,no_image
95934,Ctenidium lychnites,弯叶梳藓,,,,,,,no_image
10765,Ctenocella pectinata,栉柳珊瑚,,,,,,,no_image
31960,Ctenophorinia frontalis,黄额栉蚤寄蝇,,,,,,,no_image
74955,Ctenogobiops aurocingulus,斜带栉眼鰕虎,,,,,,,no_image
31985,Ctenophthalmus parcus,端凹栉眼蚤,,,,,,,no_image
32010,Ctenopleuriphora decemsetalis,多鬃梳蚤蝇,,,,,,,no_image
74965,Cubiceps pauciradiatus,少鳍方头鲳,,,,,,,no_image
32041,Cucullia fuchsiana,富冬夜蛾,,,,,,,no_image
32061,Cucullia tanaceti,艾菊冬夜蛾,,,,,,,no_image
32065,Cucurbitermes yingdeensis,英德葫白蚁,,,,,,,no_image
32092,Culex fuscanus,褐尾库蚊,,,,,,,no_image
32072,Culcua chaineyi,切尼库水虻,,,,,,,no_image
32112,Culex mammilifer,乳突库蚊,,,,,,,no_image
32153,Culex tianpingensis,天坪库蚊,,,,,,,no_image
32133,Culex pseudovishnui,伪杂鳞库蚊,,,,,,,no_image
32166,Culicoides alazanicus,阿拉库蠓,,,,,,,no_image
32186,Culicoides brachcordylus,小须库蠓,,,,,,,no_image
32206,Culicoides combinotheca,合囊库蠓,,,,,,,no_image
32226,Culicoides dzhafarovi,高加索库蠓,,,,,,,no_image
32246,Culicoides gaponus,林岛库蠓,,,,,,,no_image
32266,Culicoides holcus,凹缘库蠓,,,,,,,no_image
32286,Culicoides jianfenglingensis,尖峰库蠓,,,,,,,no_image
32306,Culicoides laoshanensis,崂山库蠓,,,,,,,no_image
32326,Culicoides luteolus,淡黄库蠓,,,,,,,no_image
32366,Culicoides nigritus,暗端库蠓,,,,,,,no_image
32346,Culicoides mihunensis,迷魂库蠓,,,,,,,no_image
32406,Culicoides qabdoensis,昌都库蠓,,,,,,,no_image
32386,Culicoides parabubalus,叮鸟库蠓,,,,,,,no_image
32426,Culicoides salebrosus,崎岖库蠓,,,,,,,no_image
32446,Culicoides subarakawae,类荒川库蠓,,,,,,,no_image
32486,Culicoides vespertinus,西部库蠓,,,,,,,no_image
32466,Culicoides tayulingensis,大禹库蠓,,,,,,,no_image
32506,Culicoides zhongningensis,中宁库蠓,,,,,,,no_image
9009,Cultroribula dentata,多齿刀肋甲螨,,,,,,,no_image
7603,Cunina peregrina,异摇篮水母,,,,,,,no_image
95975,Cuphea petiolata,黏毛萼距花,,,,,,,no_image
146055,Cunninghammyces umbonatus,,,,,,,,no_image
95989,Curculigo breviscapa,短莛仙茅,,,,,,,no_image
96011,Curcuma wenyujin,温郁金,,,,,,,no_image
32542,Curvipennis wixiensis,维西曲翅蝗,,,,,,,no_image
134064,Curvularia inaequalis,,,,,,,,no_image
96020,Cuscuta epilinum,亚麻菟丝子,,,,,,,no_image
2049,Cuspidaria okezoko,短喙杓蛤,,,,,,,no_image
32558,Cyana coccinea,猩红雪苔蛾,,,,,,,no_image
32579,Cyana phaedra,明雪苔蛾,,,,,,,no_image
96043,Cyananthus lichiangensis,丽江蓝钟花,,,,,,,no_image
75031,Cyanopica cyanus,灰喜鹊,,,,,,,no_image
96063,Cyathocline purpurea,杯菊,,,,,,,no_image
8464,Cyathura muromiensis,室见川杯状水虱,,,,,,,no_image
142771,Cyathus hirsutus,,,,,,,,no_image
142791,Cyathus pulvinatus,垫状黑蛋巢菌,,,,,,,no_image
96080,Cycas balansae,宽叶苏铁,,,,,,,no_image
96100,Cycas simplicipinna,单羽苏铁,,,,,,,no_image
96107,Cyclea barbata,毛叶轮环藤,,,,,,,no_image
32593,Cyclidia rectificata,褐纹圆钩蛾,,,,,,,no_image
10841,Cyclocosmia subricketti,近里氏盘腹蛛,,,,,,,no_image
96141,Cyclorhiza puana,炉霍环根芹,,,,,,,no_image
685,Cyclograpsus incisus,缺刻圆方蟹,,,,,,,no_image
10990,Cyclosa laticauda,侧斑艾蛛,,,,,,,no_image
96160,Cyclosorus fukienensis,福建毛蕨,,,,,,,no_image
11248,Cyclosa vallata,圆腹艾蛛,,,,,,,no_image
96180,Cyclosorus papilio,蝶状毛蕨,,,,,,,no_image
96202,Cyclosorus wulingshanensis,武陵毛蕨,,,,,,,no_image
32612,Cydia kurokoi,栗白小卷蛾,,,,,,,no_image
6158,Cylichna villica,绒毛盒螺,,,,,,,no_image
142024,Cylindrocladiella elegans,,,,,,,,no_image
32637,Cylindromyia brassicaria,棕头筒腹寄蝇,,,,,,,no_image
32649,Cylindrothecum angustifrons,狭额筒蜂麻蝇,,,,,,,no_image
8637,Cyllene rubrolineata,红色卵织纹螺,,,,,,,no_image
8596,Cymatium vespaceum,灰嵌线螺,,,,,,,no_image
8600,Cymatium gemmatum,珠粒嵌线螺,,,,,,,no_image
96230,Cymbidium brevifolium,小蕙兰,,,,,,,no_image
96272,Cymbidium shidianense,施甸兰,,,,,,,no_image
96252,Cymbidium insigne,美花兰,,,,,,,no_image
96294,Cymbopogon goeringii,橘草,,,,,,,no_image
224,Cymo deplanatus,平展波纹蟹,,,,,,,no_image
96325,Cynanchum boudieri,折冠牛皮消,,,,,,,no_image
96366,Cynodon dactylon,狗牙根,,,,,,,no_image
96348,Cynanchum kintungense,景东杯冠藤,,,,,,,no_image
75057,Cynoglossus abbreviatus,短舌鳎,,,,,,,no_image
75077,Cynoglossus roulei,黑鳃舌鳎,,,,,,,no_image
75094,Cynops orphicus,潮汕蝾螈,,,,,,,no_image
32682,Cyparium sichuanum,,,,,,,,no_image
96418,Cyperus eragrostis,密穗莎草,,,,,,,no_image
96445,Cyperus nanellus,汾河莎草,,,,,,,no_image
96470,Cyperus surinamensis,苏里南莎草,,,,,,,no_image
146056,Cyphella capula,挂钟菌,,,,,,,no_image
96496,Cypripedium forrestii,玉龙杓兰,,,,,,,no_image
2462,Cypraea carneola,肉色宝贝,,,,,,,no_image
75126,Cyprinus longzhouensis,龙州鲤,,,,,,,no_image
96516,Cypripedium taiwanalpinum,奇莱杓兰,,,,,,,no_image
32701,Cyptoprymna multiciliata,玛隐后金小蜂,,,,,,,no_image
32719,Cyrta furcata,叉茎弓背叶蝉,,,,,,,no_image
10909,Cyrtarachne fangchengensis,防城曲腹蛛,,,,,,,no_image
75153,Cyrtodactylus tibetanus,西藏裸趾虎,,,,,,,no_image
32735,Cyrtoclytus elegantissimus,,,,,,,,no_image
96553,Cyrtomium nephrolepioides,低头贯众,,,,,,,no_image
96533,Cyrtomium adenotrichum,腺毛贯众,,,,,,,no_image
32759,Cyrtonops punctipennis,,,,,,,,no_image
32766,Cyrtopogon longibarbus,长须斜芒食虫虻,,,,,,,no_image
32774,Cystocnemis discoidea,葛氏宽翅叶甲,,,,,,,no_image
145249,Cystolepiota hetieriana,,,,,,,,no_image
96586,Cystorchis aphylla,鳔唇兰,,,,,,,no_image
142806,Cytosphaera mangiferae,,,,,,,,no_image
141529,Cytospora mangiferae,,,,,,,,no_image
75157,Cyttomimus affinis,青菱海鲂,,,,,,,no_image
152779,Dacrymyces palmatus,掌状花耳小型变种,,,,,,,no_image
152794,Dacryopinax xizangensis,藏假花耳,,,,,,,no_image
139513,Dactylellina querci,,,,,,,,no_image
139493,Dactylella clavata,,,,,,,,no_image
32785,Dactylispa badia,红扁趾铁甲,,,,,,,no_image
32831,Dactylispa maculithorax,斑背叉趾铁甲,,,,,,,no_image
32809,Dactylispa flavomaculata,黄斑趾铁甲,,,,,,,no_image
75162,Dactyloptena gilberti,吉氏豹鲂鮄,,,,,,,no_image
32851,Dactylispa pubescens,金毛趾铁甲,,,,,,,no_image
32877,Dactylispa tienmuensis,天目扁趾铁甲,,,,,,,no_image
32893,Dacus hainanus,海南寡鬃实蝇,,,,,,,no_image
151215,Daedaleopsis sinensis,中国拟迷孔菌,,,,,,,no_image
96626,Dalbergia lanceolaria,披针果黄檀,,,,,,,no_image
144587,Daldinia bakeri,亮轮层炭壳,,,,,,,no_image
9149,Damaeoppia formosana,台湾珠奥甲螨,,,,,,,no_image
96658,Damnacanthus major,大卵叶虎刺,,,,,,,no_image
32920,Damalis hirtalula,毛翅籽角食虫虻,,,,,,,no_image
96665,Danxiaorchis singchiana,丹霞兰,,,,,,,no_image
96684,Daphne gemmata,川西瑞香,,,,,,,no_image
96708,Daphne odora,瑞香,,,,,,,no_image
4337,Daphnella aureola,耳桂螺,,,,,,,no_image
3839,Daptonema maeoticum,粗环吞咽线虫,,,,,,,no_image
32953,Daphnephila taiwanensis,台湾楠瘿蚊,,,,,,,no_image
32960,Darnilia chinensis,中华缺锥茧蜂,,,,,,,no_image
75177,Dasyatis bennettii,黄&#x0000E05B;,,,,,,,no_image
96744,Dasiphora arbuscula,伏毛金露梅,,,,,,,no_image
32983,Dasychira glaucozona,玻茸毒蛾,,,,,,,no_image
33001,Dasyhelea agrila,乡居毛蠓,,,,,,,no_image
33021,Dasyhelea borkenti,柏肯毛蠓,,,,,,,no_image
33061,Dasyhelea europaea,欧洲毛蠓,,,,,,,no_image
33041,Dasyhelea curtiradialis,闪亮毛蠓,,,,,,,no_image
33121,Dasyhelea nandina,南竹毛蠓,,,,,,,no_image
33101,Dasyhelea lieni,连氏毛蠓,,,,,,,no_image
33141,Dasyhelea pusi,普寺毛蠓,,,,,,,no_image
33081,Dasyhelea gongylophoda,圆额毛蠓,,,,,,,no_image
33161,Dasyhelea subflava,拟黄毛蠓,,,,,,,no_image
33192,Dasyphora gussakovskii,中亚毛蝇,,,,,,,no_image
33181,Dasyhelea yoshimurai,双叶毛蠓,,,,,,,no_image
138538,Dasyscypha leucophaeus,,,,,,,,no_image
138553,Dasyscyphus calyciformis,萼状毛钉菌,,,,,,,no_image
138573,Dasyscyphus kumaonicus,,,,,,,,no_image
138593,Dasyscyphus tenuissimus,,,,,,,,no_image
33228,Data callopistrioides,美达沓夜蛾,,,,,,,no_image
96782,Davallia pulchra,美小膜盖蕨,,,,,,,no_image
33247,Davidius zallorensis,扎洛克戴春蜓,,,,,,,no_image
15759,Decapauropus pilosisphaerus,毛球十别少足,,,,,,,no_image
4700,Decametra mylitta,细十腕羽枝,,,,,,,no_image
96810,Decaspermum parviflorum,五瓣子楝树,,,,,,,no_image
3891,Decorifera globosa,球饰孔螺,,,,,,,no_image
96816,Dehaasia incrassata,腰果楠,,,,,,,no_image
33281,Deinopteroloma rougemonti,,,,,,,,no_image
33290,Delhina eurybrachydoides,阔颜德里杯瓢蜡蝉,,,,,,,no_image
33310,Delia conversatoides,拟狭跗地种蝇,,,,,,,no_image
33330,Delia formosana,台湾地种蝇,,,,,,,no_image
33350,Delia longitheca,三刺地种蝇,,,,,,,no_image
33370,Delia persica,波斯地种蝇,,,,,,,no_image
33390,Delia takizawai,短棘地种蝇,,,,,,,no_image
33440,Delias subnubila,隐条斑粉蝶,,,,,,,no_image
96834,Delphinium altissimum,高茎翠雀花,,,,,,,no_image
96865,Delphinium ceratophoroides,拟角萼翠雀花,,,,,,,no_image
96901,Delphinium ellipticovatum,长卵苞翠雀花,,,,,,,no_image
96967,Delphinium lagarocentrum,细距翠雀花,,,,,,,no_image
96935,Delphinium himalayae,喜马拉雅翠雀花,,,,,,,no_image
96989,Delphinium maoxianense,茂县翠雀花,,,,,,,no_image
97017,Delphinium orthocentrum,直距翠雀花,,,,,,,no_image
97046,Delphinium pulanense,普兰翠雀花,,,,,,,no_image
97073,Delphinium sparsiflorum,疏花翠雀花,,,,,,,no_image
97131,Delphinium yuanum,中甸翠雀花,,,,,,,no_image
97104,Delphinium umbrosum,阴地翠雀花,,,,,,,no_image
33452,Deltoplastis ovatella,卵斑三角祝蛾,,,,,,,no_image
33459,Demicryptochironomus lobus,缺叶拟隐摇蚊,,,,,,,no_image
33477,Demonax corallipes,,,,,,,,no_image
33497,Demonax jendeki,,,,,,,,no_image
33520,Demonax multireductus,,,,,,,,no_image
33540,Demonax reticollis,,,,,,,,no_image
33560,Demonax testaceoannulatus,,,,,,,,no_image
33580,Demotina fasciam,黑纹茶肖叶甲,,,,,,,no_image
75213,Dendrelaphis subocularis,八莫过树蛇,,,,,,,no_image
97149,Dendrobium chapaense,龙陵石斛,,,,,,,no_image
97169,Dendrobium fimbriatum,流苏石斛,,,,,,,no_image
97189,Dendrobium jizhuyeense,姬竹叶石斛,,,,,,,no_image
97212,Dendrobium parciflorum,少花石斛,,,,,,,no_image
97232,Dendrobium thyrsiflorum,球花石斛,,,,,,,no_image
97254,Dendrocalamus farinosus,大叶慈,,,,,,,no_image
97278,Dendrocalamus sanjiangensis,三江麻竹,,,,,,,no_image
75218,Dendrochirus zebra,花斑短鳍蓑鲉,,,,,,,no_image
75252,Dendrocygna javanica,栗树鸭,,,,,,,no_image
33610,Dendrolimus grisea,云南松毛虫,,,,,,,no_image
97304,Dendrolirium lasiopetalum,白绵绒兰,,,,,,,no_image
97322,Dendropanax hainanensis,海南树参,,,,,,,no_image
142823,Dendrospora fusca,,,,,,,,no_image
97332,Dendrotrophe granulata,疣枝寄生藤,,,,,,,no_image
33649,Denopelopia irioquerea,艾瑞穴粗腹摇蚊,,,,,,,no_image
75255,Dentex abei,阿部氏牙鲷,,,,,,,no_image
151218,Dentocorticium ussuricum,乌苏里齿伏革菌,,,,,,,no_image
97399,Deparia petersenii,毛轴假蹄盖蕨,,,,,,,no_image
33658,Deplorothrips acutus,安簇直管管蓟马,,,,,,,no_image
97371,Deparia formosana,全缘网蕨,,,,,,,no_image
33678,Deraeocoris elegantulus,丽盾齿爪盲蝽,,,,,,,no_image
33698,Deraeocoris plebejus,翘盾齿爪盲蝽,,,,,,,no_image
33721,Dercas verhuelli,檀方粉蝶,,,,,,,no_image
134733,Dermatocarpella yunnana,云南小果衣,,,,,,,no_image
17435,Dermomurex neglecta,枯木皮翼骨螺,,,,,,,no_image
33760,Derops rougemonti,,,,,,,,no_image
97450,Derris malaccensis,异翅鱼藤,,,,,,,no_image
33769,Desisa takasagoana,,,,,,,,no_image
19362,Deuteraphorura inermis,,,,,,,,no_image
7377,Desmophyes annectens,链钟水母,,,,,,,no_image
97503,Deutzia faberi,浙江溲疏,,,,,,,no_image
97534,Deutzia pulchra,美丽溲疏,,,,,,,no_image
75262,Devario interruptus,半线神&#x0000E000;,,,,,,,no_image
33804,Dexia tenuiforceps,弯叶长足寄蝇,,,,,,,no_image
33822,Dexopollenia nigriscens,黑腹瘦粉蝇,,,,,,,no_image
97569,Deyeuxia macilenta,瘦野青茅,,,,,,,no_image
33833,Dialeges undulatus,,,,,,,,no_image
97591,Deyeuxia zangxiensis,藏西野青茅,,,,,,,no_image
33853,Diamesa gregsoni,格氏寡角摇蚊,,,,,,,no_image
33892,Dianous championi,,,,,,,,no_image
33870,Dianous aerator,,,,,,,,no_image
33912,Dianous elegantulus,,,,,,,,no_image
33935,Dianous karen,,,,,,,,no_image
33955,Dianous pseudaerator,,,,,,,,no_image
33975,Dianous srivichaii,,,,,,,,no_image
33995,Dianous yao,,,,,,,,no_image
97607,Dianthus palinensis,八里石竹,,,,,,,no_image
34008,Diaphorus anatoli,全爪异长足虻,,,,,,,no_image
34028,Diaphorus jinghongensis,景洪异长足虻,,,,,,,no_image
34048,Diaphorus satellus,侍卫异长足虻,,,,,,,no_image
75284,Diaphus luetkeni,吕氏眶灯鱼,,,,,,,no_image
141343,Diaporthe citrincola,,,,,,,,no_image
34074,Diarsia dewitzi,狄歹夜蛾,,,,,,,no_image
9287,Diapterobates songliensis,松丽翅尖棱甲螨,,,,,,,no_image
34094,Diarsia polytaenia,多纹歹夜蛾,,,,,,,no_image
144514,Diatrype bullata,,,,,,,,no_image
75304,Dicaeum agile,厚嘴啄花鸟,,,,,,,no_image
34110,Dibelonetes formosae,,,,,,,,no_image
142845,Dicellaesporites reniformis,,,,,,,,no_image
34136,Dichaetomyia biangulata,双角重毫蝇,,,,,,,no_image
34156,Dichaetomyia pallitarsis,毛跗重毫蝇,,,,,,,no_image
34176,Dichaetophora ogasawarensis,小笠原双鬃果蝇,,,,,,,no_image
34189,Dichetophora meleagris,白点二斑沼蝇,,,,,,,no_image
18114,Dichogaster bolaui,包氏重胃蚓,,,,,,,no_image
34201,Dichrorampha latiflavana,伊微小卷蛾,,,,,,,no_image
142849,Dichotomophthora portulacae,,,,,,,,no_image
34213,Dicraeus phyllostachyus,叶穗长脉秆蝇,,,,,,,no_image
18766,Dicranocentrus indicus,,,,,,,,no_image
34237,Dicranomyia fullawayi,高桥细大蚊,,,,,,,no_image
34217,Dicranomyia argyrata,银细大蚊,,,,,,,no_image
34257,Dicranomyia nigrithorax,黑胸细大蚊,,,,,,,no_image
34277,Dicranomyia subaurita,耳细大蚊,,,,,,,no_image
18438,Dicranophorus luetkeni,吕氏猪吻轮虫,,,,,,,no_image
97723,Dicranostigma henanensis,河南秃疮花,,,,,,,no_image
34300,Dicranoptycha geniculata,膝曲褶大蚊,,,,,,,no_image
34336,Dicranota simplex,简叉大蚊,,,,,,,no_image
97745,Dicranum kashmirense,克什米尔曲尾藓,,,,,,,no_image
97765,Dicranum undulatum,皱叶曲尾藓,,,,,,,no_image
75330,Dicrurus leucophaeus,灰卷尾,,,,,,,no_image
11937,Dictis striatipes,条纹代提蛛,,,,,,,no_image
141264,Dictyochaeta subfuscospora,,,,,,,,no_image
14039,Dicymbium libidinosum,叉胫双舟蛛,,,,,,,no_image
133459,Dictyosporium gauntii,,,,,,,,no_image
34367,Dictyoploca japonica,银杏大蚕蛾,,,,,,,no_image
34384,Didea intermedia,暗棒边蚜蝇,,,,,,,no_image
133592,Didymella pinodes,,,,,,,,no_image
97794,Didymocarpus pseudomengtze,凤庆长蒴苣苔,,,,,,,no_image
97838,Didymodon pallido-basis,浅基对齿藓,,,,,,,no_image
97818,Didymodon ditrichoides,长尖对齿藓,,,,,,,no_image
34403,Diestota sinica,,,,,,,,no_image
97860,Didymoplexis vietnamica,广西双唇兰,,,,,,,no_image
97861,Didymostigma leiophyllum,光叶双片苣苔,,,,,,,no_image
97884,Digitaria hengduanensis,横断山马唐,,,,,,,no_image
138276,Digitosporium piniphilum,,,,,,,,no_image
34430,Dila rugelytra,皱鞘地琵甲，新种,,,,,,,no_image
97907,Dilophia ebracteata,无苞双脊荠,,,,,,,no_image
34450,Dilar nobilis,奇异栉角蛉,,,,,,,no_image
135208,Dimelaena oreina,鳞饼衣,,,,,,,no_image
34484,Dinaraea linearis,,,,,,,,no_image
135000,Dimeromyces anisolabis,,,,,,,,no_image
34507,Dindicodes ectoxantha,丽涡尺蛾,,,,,,,no_image
34517,Dinera ferina,野迪内寄蝇,,,,,,,no_image
6539,Diniatys monodonta,单齿漩阿地螺,,,,,,,no_image
34549,Dinothenarus lama,,,,,,,,no_image
34569,Dinumma placens,双衲夜蛾,,,,,,,no_image
5231,Diogener custos,守护活额寄居蟹,,,,,,,no_image
136827,Diorygma junghuhnii,容氏霜盘衣,,,,,,,no_image
34585,Diogma sinensis,中华叉烛大蚊,,,,,,,no_image
97963,Dioscorea delavayi,高山薯蓣,,,,,,,no_image
97990,Dioscorea panthaica,黄山药,,,,,,,no_image
98015,Diospyros armata,瓶兰花,,,,,,,no_image
98035,Diospyros ferrea,象牙树,,,,,,,no_image
98058,Diospyros morrisiana,罗浮柿,,,,,,,no_image
98079,Diospyros tutcheri,岭南柿,,,,,,,no_image
34609,Diostracus henanus,河南巨口长足虻,,,,,,,no_image
34621,Dioxeuta rara,,,,,,,,no_image
34636,Diphyllaphis quercus,栎迪叶蚜,,,,,,,no_image
98095,Diphasiastrum veitchii,矮小扁枝石松,,,,,,,no_image
98111,Diplasiolejeunea cavifolia,凹叶双鳞苔,,,,,,,no_image
98120,Diplazium asperum,粗糙短肠蕨,,,,,,,no_image
98145,Diplazium giganteum,大型短肠蕨,,,,,,,no_image
98167,Diplazium leptophyllum,卵叶短肠蕨,,,,,,,no_image
98191,Diplazium pinnatifidopinnatum,羽裂短肠蕨,,,,,,,no_image
98215,Diplazium tibeticum,西藏短肠蕨,,,,,,,no_image
75389,Diploderma panchi,蟠螭攀蜥（蟠螭龙蜥）,,,,,,,no_image
14376,Diplocephaloides uncatus,沟状类双头蛛,,,,,,,no_image
75369,Diploderma daduense,大渡攀蜥,,,,,,,no_image
131797,Diplodia atrata,,,,,,,,no_image
34662,Diplonevra furcavectis,叉鬃栅蚤蝇,,,,,,,no_image
98235,Diploknema butyracea,藏榄,,,,,,,no_image
34671,Diplopleurus cooteri,,,,,,,,no_image
136840,Diploschistes hypoleucus,,,,,,,,no_image
135213,Diplotomma hedinii,海登氏多瘤胞,,,,,,,no_image
11816,Dipoena pelorosa,畸形圆腹蛛,,,,,,,no_image
98268,Dipsacus fullonum,起绒草,,,,,,,no_image
142888,Diporicellaesporites laevigataeformis,,,,,,,,no_image
9769,Diptacus symplocos,,,,,,,,no_image
9801,Diptacus ipomoeae,,,,,,,,no_image
9700,Diptilomiopus acronychia,,,,,,,,no_image
9739,Diptilomiopus illicii,,,,,,,,no_image
75421,Dipturus tengu,天狗长吻鳐,,,,,,,no_image
34686,Disasuridia conferta,密纹角苔蛾,,,,,,,no_image
75431,Dischistodus fasciatus,条纹盘雀鲷,,,,,,,no_image
34700,Discobola annulata,环盘斑大蚊,,,,,,,no_image
75445,Discogobio polylepis,多鳞盘&#x0000E068;,,,,,,,no_image
2072,Discradisca stella,星斑辐盘壳贝,,,,,,,no_image
98313,Disporum megalanthum,大花万寿竹,,,,,,,no_image
98297,Disperis neilgherrensis,双袋兰,,,,,,,no_image
34728,Distenia dissimilis,,,,,,,,no_image
98328,Distichium capillaceum,对叶藓,,,,,,,no_image
34745,Distilirella taiwanensis,台湾曲脉茧蜂,,,,,,,no_image
34759,Distoleon yunnanus,云南距蚁蛉,,,,,,,no_image
98366,Distylium macrophyllum,大叶蚊母树,,,,,,,no_image
98377,Ditrichum divaricatum,叉枝牛毛藓,,,,,,,no_image
34809,Ditrigona triangularia,三角白钩蛾,,,,,,,no_image
34783,Ditrigona jardanaria,长单爪白钩蛾,,,,,,,no_image
34820,Dixa maculatala,斑翅细蚊,,,,,,,no_image
152816,Doassansia horiana,慈姑实球黑粉菌,,,,,,,no_image
4670,Doclea ovis,羊毛绒球蟹,,,,,,,no_image
34862,Dodona eugenes,银纹尾蚬蝶,,,,,,,no_image
34881,Dohrniphora insulana,海岛栓蚤蝇,,,,,,,no_image
34901,Dolbina tancrei,绒星天蛾,,,,,,,no_image
34914,Dolichocephala longa,长突长头舞虻,,,,,,,no_image
34930,Dolichomiris menghaiensis,勐海长盲蝽,,,,,,,no_image
34946,Dolichopeza kulingensis,牯岭裸纤足大蚊,,,,,,,no_image
34966,Dolichopeza tuberculifera,小瘤裸纤足大蚊,,,,,,,no_image
34985,Dolichopus diadema,短角短柄长足虻,,,,,,,no_image
35005,Dolichopus mannerheimi,黄毛长足虻,,,,,,,no_image
35025,Dolichopus simius,长跗长足虻,,,,,,,no_image
98405,Dolichos kongkandae,深紫镰扁豆,,,,,,,no_image
35050,Dolichosciara orcina,芬兰突眼蕈蚊,,,,,,,no_image
17091,Dollfustrema sinica,中华道弗吸虫,,,,,,,no_image
98411,Dolomiaea calophylla,美叶川木香,,,,,,,no_image
35067,Domene alesiana,,,,,,,,no_image
35087,Domene reducta,,,,,,,,no_image
3189,Donax nitidus,光滑斧蛤,,,,,,,no_image
35095,Dooabia viridata,渎青尺蛾,,,,,,,no_image
35118,Dorcadion gebleri,,,,,,,,no_image
98445,Doronicum altaicum,阿尔泰多榔菊,,,,,,,no_image
35145,Doryloxenus songzhigaoi,,,,,,,,no_image
35162,Dorysthenes paradaxus,,,,,,,,no_image
132263,Dothidea collecta,,,,,,,,no_image
35170,Downesia fulvipennis,红鞘平脊甲,,,,,,,no_image
98459,Draba alajica,帕米尔葶苈,,,,,,,no_image
98479,Draba humillima,小葶苈,,,,,,,no_image
98499,Draba oreodoxa,山景葶苈,,,,,,,no_image
98519,Draba zangbeiensis,藏北葶苈,,,,,,,no_image
35205,Drabescus henanensis,河南胫槽叶蝉,,,,,,,no_image
35225,Drabescus vilbastei,韦氏胫槽叶蝉,,,,,,,no_image
98536,Dracocephalum hookeri,长齿青兰,,,,,,,no_image
12256,Draconarius baibaensis,百巴龙隙蛛,,,,,,,no_image
98557,Dracocephalum stamineum,长蕊青兰,,,,,,,no_image
12433,Draconarius curiosus,奇龙隙蛛,,,,,,,no_image
12260,Draconarius guizhouensis,贵州龙隙蛛,,,,,,,no_image
12184,Draconarius lhasa,拉萨龙隙蛛,,,,,,,no_image
12277,Draconarius ornatus,装饰龙隙蛛,,,,,,,no_image
12503,Draconarius pseudodissitus,伪阔龙隙蛛,,,,,,,no_image
12186,Draconarius subabsentis,近缺龙隙蛛,,,,,,,no_image
12399,Draconarius tryblionatus,杯状龙隙蛛,,,,,,,no_image
98572,Dracontomelon duperreanum,人面子,,,,,,,no_image
13786,Drassodes interemptor,内钩掠蛛,,,,,,,no_image
13716,Drassodes uritai,乌力塔掠蛛,,,,,,,no_image
35245,Drasteria picta,秀妃夜蛾,,,,,,,no_image
18077,Drawida nemora,森林杜拉蚓,,,,,,,no_image
75469,Dremomys pernyi,珀氏长吻松鼠,,,,,,,no_image
98588,Drepanolejeunea angustifolia,线角鳞苔,,,,,,,no_image
98609,Drepanostachyum fractiflexum,扫把竹,,,,,,,no_image
35297,Drino laetifica,钩突赘寄蝇,,,,,,,no_image
98615,Droguetia iners,,,,,,,,no_image
35277,Drino angustivitta,狭带赘寄蝇,,,,,,,no_image
35324,Drosophila annulipes,竹节果蝇,,,,,,,no_image
35344,Drosophila bizonata,双带果蝇,,,,,,,no_image
35364,Drosophila ficusphila,嗜榕果蝇,,,,,,,no_image
35384,Drosophila hubeienris,湖北果蝇,,,,,,,no_image
35404,Drosophila linearidentata,直齿列果蝇,,,,,,,no_image
35425,Drosophila moriwakii,森胁氏果蝇,,,,,,,no_image
35445,Drosophila oritisa,宝石果蝇,,,,,,,no_image
35466,Drosophila pulchrella,艳丽果蝇,,,,,,,no_image
35486,Drosophila signata,纹整果蝇,,,,,,,no_image
35507,Drosophila toyohii,丰日氏果蝇,,,,,,,no_image
98625,Drummondia prorepens,木衣藓,,,,,,,no_image
35536,Drusilla gibberella,,,,,,,,no_image
98635,Drymaria villosa,毛荷莲豆草,,,,,,,no_image
35571,Drymeia fasciculata,丛胡蝇,,,,,,,no_image
35592,Drymeia minutifica,小蜜胡蝇,,,,,,,no_image
35634,Dryophilocoris limbatus,黄边戟盲蝽,,,,,,,no_image
35612,Drymeia qiaoershanensis,雀儿山胡蝇,,,,,,,no_image
98638,Drynaria bonii,团叶槲蕨,,,,,,,no_image
98672,Dryopteris bodinieri,大平鳞毛蕨,,,,,,,no_image
98696,Dryopteris diacalpioides,棕鳞肉刺蕨,,,,,,,no_image
98718,Dryopteris gonggaensis,贡嘎鳞毛蕨,,,,,,,no_image
98738,Dryopteris integriloba,羽裂鳞毛蕨,,,,,,,no_image
98758,Dryopteris marginata,边果鳞毛蕨,,,,,,,no_image
98780,Dryopteris peranema,柄盖蕨,,,,,,,no_image
98822,Dryopteris subimpressa,柳羽鳞毛蕨,,,,,,,no_image
98800,Dryopteris sericea,腺毛鳞毛蕨,,,,,,,no_image
98844,Dryopteris whangshangensis,黄山鳞毛蕨,,,,,,,no_image
98862,Drypetes indica,核果木,,,,,,,no_image
98873,Dubyaea atropurpurea,紫花厚喙菊,,,,,,,no_image
98894,Duhaldea pterocaula,翼茎羊耳菊,,,,,,,no_image
98885,Duchesnea indica,蛇莓,,,,,,,no_image
98916,Dunbaria circinalis,卷圈野扁豆,,,,,,,no_image
35663,Durbos punctulatus,,,,,,,,no_image
14031,Dysdera dushengi,杜盛石蛛,,,,,,,no_image
75503,Duttaphrynus stuarti,司徒蟾蜍,,,,,,,no_image
8473,Dynoides daguilarensis,鹤咀海底水虱,,,,,,,no_image
35704,Dysmachus atripes,阿圆突颜食虫虻,,,,,,,no_image
75510,Dysomma opisthoproctus,后臀前肛鳗,,,,,,,no_image
98960,Dysoxylum lenticellatum,皮孔樫木,,,,,,,no_image
35734,Dysstroma dentifera,齿纹涤尺蛾,,,,,,,no_image
35755,Dystomorphus notatus,,,,,,,,no_image
35812,Ecdelphax paracervina,拟大叉飞虱,,,,,,,no_image
35775,Earias cupreoviridis,鼎点钻夜蛾,,,,,,,no_image
14820,Ebrechtella xinjiangensis,新疆伊氏蛛,,,,,,,no_image
14745,Ebelingia hubeiensis,湖北埃蟹蛛,,,,,,,no_image
2665,Echinaster luzonicus,吕宋棘海星,,,,,,,no_image
5964,Echinocyamus crispus,卷卵石海胆,,,,,,,no_image
791,Echinometra mathaei,梅氏长海胆,,,,,,,no_image
98996,Echinops grijsii,华东蓝刺头,,,,,,,no_image
35824,Echinosoma sumatranum,南棘螋,,,,,,,no_image
12685,Ectatosticta deltshevi,德氏延斑蛛,,,,,,,no_image
35837,Echthroplexiella brachyptera,短翅抑蚧跳小蜂,,,,,,,no_image
35862,Ecliptopera substituta,屈折线尺蛾,,,,,,,no_image
99024,Ectropothecium ohosimense,卷叶偏蒴藓,,,,,,,no_image
7504,Ectopleura latitaeniata,宽外肋水母,,,,,,,no_image
35901,Edaphosoma spinosiventris,,,,,,,,no_image
35921,Edaphus centripunctatus,,,,,,,,no_image
35941,Edaphus insuavis,,,,,,,,no_image
35961,Edaphus odibilis,,,,,,,,no_image
35981,Edaphus taiwanensis,,,,,,,,no_image
36009,Egesina nomurai,,,,,,,,no_image
35995,Edulia glareosa,,,,,,,,no_image
1249,Ehlersileanira tentaculata,长指刺梳鳞虫,,,,,,,no_image
36028,Egle rectapica,直头柳花蝇,,,,,,,no_image
148838,Eichleriella spinulosa,细刺盘革菌,,,,,,,no_image
36055,Eilema hoenei,贺土苔蛾,,,,,,,no_image
7385,Eirene ceylonensis,锡兰和平水母,,,,,,,no_image
36076,Elachertus divergens,离沟狭面姬小蜂,,,,,,,no_image
134418,Eladia inflata,膨梗疣瓶孢,,,,,,,no_image
99078,Elaeagnus gonyanthes,角花胡颓子,,,,,,,no_image
99101,Elaeagnus magna,银果牛奶子,,,,,,,no_image
99128,Elaeagnus thunbergii,薄叶胡颓子,,,,,,,no_image
99148,Elaeocarpus braceanus,滇藏杜英,,,,,,,no_image
99182,Elaeocarpus limitaneioides,小花杜英,,,,,,,no_image
6560,Elamena truncata,截额薄板蟹,,,,,,,no_image
99198,Elaphoglossum angulatum,爪哇舌蕨,,,,,,,no_image
36105,Elaphropeza alamaculata,斑翅黄隐肩舞虻,,,,,,,no_image
36125,Elaphropeza lanuginosa,中带黄隐肩舞虻,,,,,,,no_image
36145,Elaphropeza ruiliensis,瑞丽黄隐肩舞虻,,,,,,,no_image
2110,Elasmopus ecuadorensis,夏威夷片钩虾,,,,,,,no_image
99209,Elatine hydropiper,马蹄沟繁缕,,,,,,,no_image
99234,Elatostema angustitepalum,狭被楼梯草,,,,,,,no_image
99260,Elatostema binatum,对序楼梯草,,,,,,,no_image
99283,Elatostema coriaceifolium,革叶楼梯草,,,,,,,no_image
99313,Elatostema didymocephalum,双头楼梯草,,,,,,,no_image
99343,Elatostema glabribracteum,光苞楼梯草,,,,,,,no_image
99365,Elatostema hypoglaucum,白背楼梯草,,,,,,,no_image
99387,Elatostema lineolatum,狭叶楼梯草,,,,,,,no_image
99412,Elatostema magniauriculatum,大耳楼梯草,,,,,,,no_image
99466,Elatostema oreocnidioides,紫麻楼梯草,,,,,,,no_image
99432,Elatostema multicanaliculatum,多沟楼梯草,,,,,,,no_image
99490,Elatostema platyphyllum,宽叶楼梯草,,,,,,,no_image
99513,Elatostema ramosum,多枝楼梯草,,,,,,,no_image
99533,Elatostema simaoense,思茅楼梯草,,,,,,,no_image
99560,Elatostema tenuifolium,薄叶楼梯草,,,,,,,no_image
99580,Elatostema weii,毅刚楼梯草,,,,,,,no_image
36182,Electrophaes cyria,标焰尺蛾,,,,,,,no_image
1859,Electra bellula,艳丽琥珀苔虫,,,,,,,no_image
99602,Eleocharis attenuata,渐尖穗荸荠,,,,,,,no_image
99631,Eleocharis retroflexa,贝壳叶荸荠,,,,,,,no_image
36202,Elephantomyia inulta,异象大蚊,,,,,,,no_image
75569,Eleutherochir mirabilis,单鳍喉褶[鱼衔],,,,,,,no_image
5599,Eleutherolaimus stenosoma,狭游咽线虫,,,,,,,no_image
36223,Elimaea annamensis,安南掩耳螽,,,,,,,no_image
36243,Elimaea lanpingensis,兰坪掩耳螽,,,,,,,no_image
36263,Elimaea terminalis,端异掩耳螽,,,,,,,no_image
36281,Ellipteroides chaoi,赵氏圆大蚊,,,,,,,no_image
142915,Ellisembia calyptrata,,,,,,,,no_image
142935,Ellisembia pseudoseptata,,,,,,,,no_image
99697,Elsholtzia feddei,高原香薷,,,,,,,no_image
36296,Eloeophila latinigra,黑边原大蚊,,,,,,,no_image
99721,Elsholtzia stauntonii,木香薷,,,,,,,no_image
99740,Elymus aristiglumis,芒颖鹅观草,,,,,,,no_image
99805,Elymus kronokensis,少花鹅观草,,,,,,,no_image
99833,Elymus scabridulus,粗糙鹅观草,,,,,,,no_image
99777,Elymus dolichatherus,长芒鹅观草,,,,,,,no_image
99859,Elymus villifer,毛披碱草,,,,,,,no_image
144641,Emarcea rostrispora,,,,,,,,no_image
75623,Emberiza schoeniclus,芦鹀,,,,,,,no_image
75582,Emberiza buchanani,灰颈鹀,,,,,,,no_image
36336,Emmesomyia megastigmata,大孔粪泉蝇,,,,,,,no_image
142943,Emericellopsis terricola,,,,,,,,no_image
36373,Empis patagiata,金边缺脉舞虻,,,,,,,no_image
36353,Empis hainanensis,海南缺脉舞虻,,,,,,,no_image
36394,Empis zhangae,张氏缺脉舞虻,,,,,,,no_image
7122,Enallopsmmia rostrata,吻海沙珊瑚,,,,,,,no_image
99916,Encalypta vulgaris,钝叶大帽藓,,,,,,,no_image
36408,Encephalus yunnanensis,,,,,,,,no_image
75662,Encrasicholina devisi,戴氏半棱鳀,,,,,,,no_image
99918,Endiandra dolichocarpa,长果土楠,,,,,,,no_image
155803,Endogone tuberculosa,瘤内囊霉,,,,,,,no_image
36422,Endochironomus tendens,伸展内摇蚊,,,,,,,no_image
142954,Endophragmiella constricta,,,,,,,,no_image
142974,Endophragmiella suboblonga,,,,,,,,no_image
154532,Endoraecium hyalosporum,,,,,,,,no_image
144715,Engleromyces goetzei,,,,,,,,no_image
4489,Enida japonica,衣尼螺,,,,,,,no_image
99945,Enneapogon persicus,波斯九顶草,,,,,,,no_image
11776,Enoplognatha mordax,螯齿螯蛛,,,,,,,no_image
99946,Enrothia polyclada,鞭平藓,,,,,,,no_image
36455,Entedon broussonetiae,构象灿姬小蜂,,,,,,,no_image
75706,Enneapterygius unimaculatus,单斑双线鳚,,,,,,,no_image
99967,Enteropogon unispiceus,细穗肠须草,,,,,,,no_image
36473,Entephria multicava,砾石尺蛾,,,,,,,no_image
99985,Entodon myurus,猫尾绢藓,,,,,,,no_image
100007,Entodontopsis setschwanica,四川拟绢藓,,,,,,,no_image
146100,Entoloma ater,黑粉褶菌,,,,,,,no_image
146120,Entoloma chalybaeum,暗蓝粉褶蕈,,,,,,,no_image
146140,Entoloma dysthales,,,,,,,,no_image
146180,Entoloma mammosum,乳状粉褶蕈,,,,,,,no_image
146160,Entoloma hallstromii,响流粉褶蕈,,,,,,,no_image
146200,Entoloma parasiticum,,,,,,,,no_image
146220,Entoloma rotundisporum,圆孢粉褶蕈,,,,,,,no_image
146240,Entoloma subaltissimum,,,,,,,,no_image
146260,Entoloma vernum,春生红褶伞,,,,,,,no_image
19076,Entomobrya corticalis,,,,,,,,no_image
155382,Entomophthora blunckii,,,,,,,,no_image
19039,Entomobrya sibirica,,,,,,,,no_image
155402,Entomophthora ferdinandii,,,,,,,,no_image
155422,Entomophthora pseudococci,,,,,,,,no_image
36515,Entoria takaoensis,打狗长肛䗛,,,,,,,no_image
36495,Entoria cornuta,尖角长肛䗛,,,,,,,no_image
152821,Entyloma australe,酸浆叶黑粉菌,,,,,,,no_image
6163,Eocylichna involuta,内卷原盒螺,,,,,,,no_image
36548,Eodorcadion multicarinatum,,,,,,,,no_image
4690,Eohaustorius cheliferus,硬爪始根钩虾,,,,,,,no_image
36576,Eoporis differens,,,,,,,,no_image
18278,Eosphora anthadis,无眼柱头轮虫,,,,,,,no_image
9661,Eotetranychus celtis,,,,,,,,no_image
9578,Eotetranychus pruni,,,,,,,,no_image
36604,Eoxizicus divergentis,岔突原栖螽,,,,,,,no_image
75741,Eothenomys luojishanensis,螺髻山绒鼠,,,,,,,no_image
36623,Epacanthaclisis banksi,班克溪蚁蛉,,,,,,,no_image
15857,Epanerchodus frater,,,,,,,,no_image
15850,Epanerchodus yunnanensis,,,,,,,,no_image
36654,Epepeotes vittatus,,,,,,,,no_image
36713,Ephydra yangi,杨氏水蝇,,,,,,,no_image
100028,Ephedra glauca,灰麻黄,,,,,,,no_image
36670,Ephesia davidi,达光裳夜蛾,,,,,,,no_image
36695,Ephesia streckeri,柞光裳夜蛾,,,,,,,no_image
36729,Epiclytus velaris,,,,,,,,no_image
36744,Epicypta nigroflava,黄黑埃菌蚊,,,,,,,no_image
4220,Epideira multiseriata,多序细肋螺,,,,,,,no_image
36770,Epiechinus taprobanae,南洋毛脊阎甲,,,,,,,no_image
100076,Epilobium palustre,沼生柳叶菜,,,,,,,no_image
36781,Epilobophora obscuraria,暗后叶尺蛾,,,,,,,no_image
100102,Epimedium dolichostemon,长蕊淫羊藿,,,,,,,no_image
100055,Epilasia hemilasia,鼠毛菊,,,,,,,no_image
100122,Epimedium longnanense,陇南淫羊藿,,,,,,,no_image
100146,Epimedium stellulatum,星花淫羊藿,,,,,,,no_image
75764,Epinephelus coioides,点带石斑鱼,,,,,,,no_image
75784,Epinephelus ongus,纹波石斑鱼,,,,,,,no_image
36790,Epinotia cruciana,柳叶小卷蛾,,,,,,,no_image
18403,Epiphanes brachionus,臂尾水轮虫,,,,,,,no_image
36834,Epiplema bicaudata,棕端白蛱蛾,,,,,,,no_image
100163,Epipactis veratrifolia,疏花火烧兰,,,,,,,no_image
36867,Epirrhoe supergressa,葎草洲尺蛾,,,,,,,no_image
36845,Epipristis minimaria,小京尺蛾,,,,,,,no_image
11597,Episinus baoshanensis,保山丘腹蛛,,,,,,,no_image
75806,Episoriculus sacratus,灰腹长尾鼩鼱,,,,,,,no_image
36911,Epistrophe flavipennis,黄足垂边蚜蝇,,,,,,,no_image
36931,Epistrophe splendida,华垂边蚜蝇,,,,,,,no_image
13108,Epocilla blairei,布氏艳蛛,,,,,,,no_image
10565,Epitrimerus ipomoeae,,,,,,,,no_image
36968,Epsteinius luoi,罗氏爱刺蛾,,,,,,,no_image
100177,Epithema ceylanicum,密花盾座苣苔,,,,,,,no_image
100192,Equisetum sylvaticum,林问荆,,,,,,,no_image
100206,Eragrostis curvula,弯叶画眉草,,,,,,,no_image
100226,Eragrostis suaveolens,香画眉草,,,,,,,no_image
36984,Erebia neriene,暗红眼蝶,,,,,,,no_image
100240,Erechtites hieraciifolius,梁子菜,,,,,,,no_image
37025,Eremitusacris Eremitusacris,新疆寂蝗,,,,,,,no_image
75833,Eremias przewalskii,荒漠麻蜥,,,,,,,no_image
75850,Eretmochelys imbricata,玳瑁,,,,,,,no_image
100254,Eremogone capillaris,毛叶老牛筋,,,,,,,no_image
75840,Eremophila alpestris,角百灵,,,,,,,no_image
37034,Ericeia eriophora,暗带南夜蛾,,,,,,,no_image
37052,Ericydnus scutellus,缢盾伊丽跳小蜂,,,,,,,no_image
100321,Erigeron lanuginosus,棉毛飞蓬,,,,,,,no_image
100341,Erigeron taipeiensis,太白飞蓬,,,,,,,no_image
138599,Erinella apala,,,,,,,,no_image
138619,Erinellina corticola,树皮生亚棘盘菌,,,,,,,no_image
100362,Eriobotrya serrata,齿叶枇杷,,,,,,,no_image
100405,Eriochloa procera,高野黍,,,,,,,no_image
100381,Eriocaulon mangshanense,莽山谷精草,,,,,,,no_image
37070,Eriococcus siakwanensis,下关绒蚧,,,,,,,no_image
100422,Eriolaena wallichii,泡火绳,,,,,,,no_image
10651,Eriophyes chonganensis,,,,,,,,no_image
37091,Erioptera ensifera,剑突绵大蚊,,,,,,,no_image
37105,Eriosoma antennieurfum,短角绵蚜,,,,,,,no_image
37129,Eriozona nigroscutellata,暗盾密毛蚜蝇,,,,,,,no_image
37143,Eristalis flavovillosa,黄毛管蚜蝇,,,,,,,no_image
37124,Eriothrix nitida,亮缘刺寄蝇,,,,,,,no_image
37163,Eristalis zhengi,郑氏管蚜蝇,,,,,,,no_image
100476,Eritrichium sinomicrocarpum,小果齿缘草,,,,,,,no_image
100453,Eritrichium incanum,钝叶齿缘草,,,,,,,no_image
11401,Ero juhuaensis,九华突腹蛛,,,,,,,no_image
75861,Erpornis zantholeuca,白腹凤鹛,,,,,,,no_image
37184,Erymus paramerum,,,,,,,,no_image
920,Erugosquilla grahami,葛氏平虾蛄,,,,,,,no_image
155466,Erynia rhizospora,根孢虫疫霉,,,,,,,no_image
155446,Erynia delphacis,飞虱虫疫霉,,,,,,,no_image
137938,Erysiphe alashanensis,,,,,,,,no_image
100521,Erysimum leucanthemum,白花糖芥,,,,,,,no_image
137978,Erysiphe glycines,,,,,,,,no_image
137958,Erysiphe cichoracearum,,,,,,,,no_image
137998,Erysiphe miranda,,,,,,,,no_image
100547,Erythrina crista-galli,鸡冠刺桐,,,,,,,no_image
138038,Erysiphe yanshanensis,,,,,,,,no_image
138018,Erysiphe robiniae,,,,,,,,no_image
100562,Erythrodontium squarrulosum,粗枝赤齿藓,,,,,,,no_image
100575,Erythroxylum novogranatense,哥伦比亚古柯,,,,,,,no_image
37218,Esacidia kuwayamai,东方彩条实蝇,,,,,,,no_image
100587,Esmeralda clarkei,花蜘蛛兰,,,,,,,no_image
37236,Estimata herrichschaefferi,茹夜蛾,,,,,,,no_image
75903,Etmopterus spinax,黑腹亮乌鯊,,,,,,,no_image
37246,Eteroligosita zonata,带形异茎赤眼蜂,,,,,,,no_image
223,Etisus demani,细肢滑面蟹,,,,,,,no_image
37254,Euaesthetus fauveli,,,,,,,,no_image
37274,Euagathis sentosus,多刺真径茧蜂,,,,,,,no_image
37299,Euborellia externa,端小肥螋,,,,,,,no_image
37281,Euaspis polynesia,波赤腹蜂,,,,,,,no_image
100611,Eucalyptus maculata,斑皮桉,,,,,,,no_image
18490,Euchlanis calpidia,细趾须足轮虫,,,,,,,no_image
7276,Eucheilota multicirris,多丝真唇水母,,,,,,,no_image
37311,Eucera cinerea,白绒长须蜂,,,,,,,no_image
37333,Euchorthippus unicolor,素色异爪蝗,,,,,,,no_image
37349,Eucibdelus yunnanensis,,,,,,,,no_image
37373,Euconnus hepingi,,,,,,,,no_image
2621,Euclosia obtusifrons,钝额岐玉蟹,,,,,,,no_image
100639,Eucosia seikoomontana,歌绿开宝兰,,,,,,,no_image
37425,Eucyclodes pastor,牡彩青尺蛾,,,,,,,no_image
37433,Eudasyphora kempi,紫蓝优毛蝇,,,,,,,no_image
4769,Eucrate solaris,太阳强蟹,,,,,,,no_image
7535,Eudendrium capillare,细管真枝螅,,,,,,,no_image
37461,Eudocima aurantia,黄褐艳叶夜蛾,,,,,,,no_image
37479,Eudorylas globosus,球尾优头蝇,,,,,,,no_image
37506,Eugnorisma gothica,沟纹昭夜蛾,,,,,,,no_image
37499,Eudorylas yunnanensis,云南优头蝇,,,,,,,no_image
37527,Eugraphe lygria,贫图夜蛾,,,,,,,no_image
37568,Euhybus qinlingensis,秦岭优驼舞虻,,,,,,,no_image
37587,Eukiefferiella tianmuensis,天目真开氏摇蚊,,,,,,,no_image
37546,Euhamitermes microcephalus,小头亮白蚁,,,,,,,no_image
37591,Eulecanium ciliatam,扁球蜡蚧,,,,,,,no_image
37614,Eulithis convergenata,细纹尺蛾,,,,,,,no_image
100662,Eulophia bracteosa,长苞美冠兰,,,,,,,no_image
37639,Eumantispa fuscicolla,褐颈优螳蛉,,,,,,,no_image
17003,Eumegacetes mehraii,默氏粗盘吸虫,,,,,,,no_image
37691,Eunotus applanatus,平环蚧金小蜂,,,,,,,no_image
37669,Eumerus niveus,雪色平颜蚜蝇,,,,,,,no_image
807,Eumunida depressa,扁真刺铠虾,,,,,,,no_image
100712,Euonymus giraldii,纤齿卫矛,,,,,,,no_image
100690,Euonymus centidens,百齿卫矛,,,,,,,no_image
100732,Euonymus macropterus,黄心卫矛,,,,,,,no_image
100754,Euonymus schensianus,陕西卫矛,,,,,,,no_image
100774,Euonymus viburnoides,荚蒾卫矛,,,,,,,no_image
37697,Eupachypeltis immanis,巨真颈盲蝽,,,,,,,no_image
100783,Eupatorium fortunei,佩兰,,,,,,,no_image
37717,Eupeodes erasmus,喜优蚜蝇,,,,,,,no_image
75925,Eupetaurus nivamons,云南绒毛鼯鼠,,,,,,,no_image
100800,Euphorbia bifida,细齿大戟,,,,,,,no_image
100821,Euphorbia heyneana,小叶地锦草,,,,,,,no_image
100841,Euphorbia maculata,斑地锦草,,,,,,,no_image
100861,Euphorbia royleana,霸王鞭,,,,,,,no_image
100881,Euphorbia xiangxiui,修大戟,,,,,,,no_image
37763,Euphranta sexsignata,带光沟实蝇,,,,,,,no_image
37769,Euphydryas intermedia,中堇蛱蝶,,,,,,,no_image
7470,Euphysora annulata,球真囊水母,,,,,,,no_image
5847,Eupilumnus actumnoides,拟锐真毛剌蟹,,,,,,,no_image
37802,Euplectrus laeviscutellum,光盾距小蜂,,,,,,,no_image
37821,Euplexia aurigera,黄尘锦夜蛾,,,,,,,no_image
37833,Euploea algea,冷紫斑蝶,,,,,,,no_image
37870,Eupoecilia kobeana,刺囊单纹卷蛾,,,,,,,no_image
37885,Euproctis brachychlaena,头黄毒蛾,,,,,,,no_image
37905,Euproctis electrophaes,闪电黄毒蛾,,,,,,,no_image
37925,Euproctis khasi,白斑黄毒蛾,,,,,,,no_image
37945,Euproctis pauperata,短带黄毒蛾,,,,,,,no_image
37965,Euproctis telephanes,景星黄毒蛾,,,,,,,no_image
38002,Euracmaeops septentrionis,,,,,,,,no_image
37985,Euprosopia omei,峨眉美颜广口蝇,,,,,,,no_image
100914,Eurhynchium hians,宽叶美喙藓,,,,,,,no_image
38038,Euroleon flavicorpus,黄体东蚁蛉,,,,,,,no_image
100955,Eurya handel-mazzettii,丽江柃,,,,,,,no_image
100929,Eurya auriformis,耳叶柃,,,,,,,no_image
100976,Eurya nitida,细齿叶柃,,,,,,,no_image
101001,Eurya saxicola,岩柃,,,,,,,no_image
101022,Euryale ferox,芡,,,,,,,no_image
15541,Euryolpium agniae,阿氏宽伪蝎,,,,,,,no_image
38064,Eurypteryx bhaga,,,,,,,,no_image
9695,Eurytetranychus huaqingnicus,,,,,,,,no_image
38091,Eusarima eximia,卓美萨瓢蜡蝉,,,,,,,no_image
38111,Eusarima rinkihonis,铃美萨瓢蜡蝉,,,,,,,no_image
38129,Euseboides tonkinensis,,,,,,,,no_image
38148,Eusphalerum dubitatum,,,,,,,,no_image
5632,Euspira gilva,微黄镰玉螺,,,,,,,no_image
38194,Eustrangalis aeneipennis,,,,,,,,no_image
38168,Eusphalerum pseudoreitteri,,,,,,,,no_image
38220,Eustrotia noloides,小文夜蛾,,,,,,,no_image
38235,Eutamsia confundens,聚尤夜蛾,,,,,,,no_image
38252,Eutetrapha laosensis,,,,,,,,no_image
38280,Euthalia eriphylae,暗翠蛱蝶,,,,,,,no_image
38322,Euthalia undosa,波纹翠蛱蝶,,,,,,,no_image
38347,Euthrix inobtrusa,双色纹枯叶蛾,,,,,,,no_image
7381,Eutima variabilis,异手真瘤水母,,,,,,,no_image
75948,Euthynnus affinis,鲔,,,,,,,no_image
101047,Eutrema integrifolium,全缘叶山萮菜,,,,,,,no_image
101067,Eutrema yunnanense,山萮菜,,,,,,,no_image
16116,Eutrichodesmus sketi,,,,,,,,no_image
38394,Eutrichota pallidolatigena,灰款颊叉泉蝇,,,,,,,no_image
144528,Eutypa ludibunda,,,,,,,,no_image
38417,Euxoa agricola,亚切夜蛾,,,,,,,no_image
38457,Evacanthus extremes,三斑横脊叶蝉,,,,,,,no_image
38437,Euxoa oberthuri,白边切夜蛾,,,,,,,no_image
38477,Evacanthus rubrolineatus,红条横脊叶蝉,,,,,,,no_image
135930,Everniastrum sinense,中国条衣,,,,,,,no_image
38500,Evaza zhangae,张氏寡毛水虻,,,,,,,no_image
13206,Evarcha michailovi,米氏猎蛛,,,,,,,no_image
75970,Eviota sebreei,希氏矶塘鳢,,,,,,,no_image
75980,Evynnis mononematos,单长棘犁齿鲷,,,,,,,no_image
38526,Exallonyx brachycerus,短叉齿细蜂,,,,,,,no_image
38546,Exallonyx cryptus,隐尾叉齿细蜂,,,,,,,no_image
38566,Exallonyx fuliginis,烟色叉齿细蜂,,,,,,,no_image
38586,Exallonyx jini,金氏叉齿细蜂,,,,,,,no_image
38646,Exallonyx rubiginosus,酱色叉齿细蜂,,,,,,,no_image
38606,Exallonyx maae,马氏叉齿细蜂,,,,,,,no_image
38626,Exallonyx obscurotuberosus,隐瘤叉齿细蜂,,,,,,,no_image
38666,Exallonyx striopropodeum,条腰叉齿细蜂,,,,,,,no_image
6383,Excellichlamys xishaensis,西沙优扇贝,,,,,,,no_image
38686,Exallonyx villosus,密毛叉齿细蜂,,,,,,,no_image
38711,Exechia longichaeta,长毛伊菌蚊,,,,,,,no_image
148850,Exidiopsis alliciens,,,,,,,,no_image
152846,Exobasidium japonicum,日本外担子菌,,,,,,,no_image
152866,Exobasidium taihokuense,,,,,,,,no_image
38740,Exocentrus flemingiae,,,,,,,,no_image
38762,Exocentrus savioi,,,,,,,,no_image
101092,Exochorda giraldii,红柄白鹃梅,,,,,,,no_image
6388,Exopheticus hughi,休氏类声蟹,,,,,,,no_image
38794,Exorista antennalis,短角追寄蝇,,,,,,,no_image
38814,Exorista larvarum,古毒蛾追寄蝇,,,,,,,no_image
75986,Exostoma ericinum,似猬鰋,,,,,,,no_image
134096,Exserohilum pedicellatum,,,,,,,,no_image
3854,Eyakia calcarata,矩艾族钩虾,,,,,,,no_image
101112,Fabronia ciliaris,八齿碎米藓,,,,,,,no_image
38867,Falagrioma simplex,,,,,,,,no_image
101133,Fagopyrum statice,长柄野荞麦,,,,,,,no_image
76016,Falco tinnunculus,红隼,,,,,,,no_image
38879,Falsomesosella breuningi,,,,,,,,no_image
38900,Fannia albisquama,白瓣厕蝇,,,,,,,no_image
38940,Fannia hohxiliensis,可可西里厕蝇,,,,,,,no_image
38920,Fannia dasytophacela,毛簇厕蝇,,,,,,,no_image
38960,Fannia manicata,毛踝厕蝇,,,,,,,no_image
38980,Fannia pauli,拟小须厕蝇,,,,,,,no_image
39000,Fannia scissifolia,裂叶厕蝇,,,,,,,no_image
39020,Fannia triaenocerca,三叉厕蝇,,,,,,,no_image
101181,Fargesia ferax,丰实箭竹,,,,,,,no_image
101161,Fargesia canaliculata,岩斑竹,,,,,,,no_image
101201,Fargesia nana,己衣箭竹,,,,,,,no_image
101221,Fargesia spathacea,箭竹,,,,,,,no_image
1424,Farrea occa,耙绢网海绵,,,,,,,no_image
39032,Faunis eumeus,串珠环蝶,,,,,,,no_image
7314,Favia rotumana,罗图马蜂巢珊,,,,,,,no_image
147337,Favolaschia pustulosa,大白胶孔菌,,,,,,,no_image
39049,Felisacus insularis,岛菲盲蝽,,,,,,,no_image
12812,Featheroides yunnanensis,云南羽蛛,,,,,,,no_image
152799,Femsjonia luteo-alba,,,,,,,,no_image
101252,Ferula bungeana,硬阿魏,,,,,,,no_image
39062,Fentonia shenghua,幽纷舟蛾,,,,,,,no_image
101272,Ferula licentiana,太行阿魏,,,,,,,no_image
101340,Festuca scabriflora,糙花羊茅,,,,,,,no_image
150859,Fibroporia radiculosa,根状索孔菌,,,,,,,no_image
101293,Festuca brachyphylla,短叶羊茅,,,,,,,no_image
101315,Festuca japonica,日本羊茅,,,,,,,no_image
76050,Ficedula sapphira,玉头姬鹟,,,,,,,no_image
101381,Ficus chartacea,纸叶榕,,,,,,,no_image
101428,Ficus motuoensis,墨脱榕,,,,,,,no_image
101409,Ficus glaberrima,大叶水榕,,,,,,,no_image
101460,Ficus religiosa,菩提树,,,,,,,no_image
101490,Ficus trichocarpa,毛果榕,,,,,,,no_image
39084,Filchnerella kukunoris,青海短鼻蝗,,,,,,,no_image
18541,Filinia longiseta,长三肢轮虫,,,,,,,no_image
101547,Fimbristylis insignis,硬穗飘拂草,,,,,,,no_image
101517,Fimbristylis acuminata,披针穗飘拂草,,,,,,,no_image
101569,Fimbristylis shimadana,白穗飘拂草,,,,,,,no_image
39100,Fingulus porrecta,淡足亮盲蝽,,,,,,,no_image
5950,Fissicepheus ornithorrhynchus,喙裂头甲螨,,,,,,,no_image
101624,Fissidens gardneri,短肋凤尾藓,,,,,,,no_image
101647,Fissidens obscurus,垂叶凤尾藓,,,,,,,no_image
101683,Fissistigma thorelii,瘤果瓜馥木,,,,,,,no_image
8779,Fissidentalium tenuicostatum,细肋缝角贝,,,,,,,no_image
136858,Fissurina triticea,磨裂隙衣,,,,,,,no_image
7566,Flabellum deludens,菱扇形珊瑚,,,,,,,no_image
148189,Flammula flavida,黄木菇,,,,,,,no_image
147712,Flammulina elastica,,,,,,,,no_image
39125,Flaviludia angustifascia,狭条五加实蝇,,,,,,,no_image
135939,Flavopunctelia soredica,卷叶黄星点衣,,,,,,,no_image
101721,Flemingia strobilifera,球穗千斤拔,,,,,,,no_image
101730,Flickingeria bicolor,二色金石斛,,,,,,,no_image
101739,Floribundaria floribunda,丝带藓,,,,,,,no_image
101747,Flueggea leucopyrus,聚花白饭树,,,,,,,no_image
101754,Folioceros glandulosus,腺褐角苔,,,,,,,no_image
18846,Folsomia inoculata,,,,,,,,no_image
18791,Folsomia wanxianensis,,,,,,,,no_image
151255,Fomes chaffangeonii,,,,,,,,no_image
151275,Fomes japonicus,,,,,,,,no_image
151295,Fomes pfeifferi,,,,,,,,no_image
151315,Fomes scopulosus,,,,,,,,no_image
150880,Fomitopsis annosa,多年拟层孔菌,,,,,,,no_image
151335,Fomitella supina,仰卧小层孔菌,,,,,,,no_image
101763,Fontinalis squamosa,仰叶水藓,,,,,,,no_image
39164,Forcipomyia bessa,丛林铗蠓,,,,,,,no_image
39184,Forcipomyia coloratus,多色铗蠓,,,,,,,no_image
39204,Forcipomyia folipenis,叶茎铗蠓,,,,,,,no_image
39224,Forcipomyia idaeus,山地铗蠓,,,,,,,no_image
39244,Forcipomyia maculosus,斑翅铗蠓,,,,,,,no_image
39264,Forcipomyia palliscuta,圆蓬铗蠓,,,,,,,no_image
39284,Forcipomyia ratis,小筏铗蠓,,,,,,,no_image
39304,Forcipomyia tonicus,强直铗蠓,,,,,,,no_image
39324,Forcipula clavata,棒形钳螋,,,,,,,no_image
101775,Fordiophyton peperomiifolium,无距花,,,,,,,no_image
39346,Forficula kinfu-montis,大扁球螋,,,,,,,no_image
39367,Forficula wittmeri,维球螋,,,,,,,no_image
76082,Formosania galericula,亮斑台鳅,,,,,,,no_image
101783,Forsstroemia cryphaeoides,拟隐蒴残齿藓,,,,,,,no_image
39397,Formosatettix lushanensis,庐山台蚱,,,,,,,no_image
101800,Fosbergia petelotii,中越大果茜,,,,,,,no_image
2149,Fragum fragum,脊鸟蛤,,,,,,,no_image
154974,Franzpetrakia microstegii,莠竹皮特黑粉菌,,,,,,,no_image
141313,Fracchiaea heterogenea,,,,,,,,no_image
101854,Fraxinus punctata,斑叶梣,,,,,,,no_image
19261,Friesea incognita,,,,,,,,no_image
39438,Frisilia striapunctata,条斑福利祝蛾,,,,,,,no_image
39446,Frontopsylla cornuta,角额蚤,,,,,,,no_image
101890,Fritillaria unibracteata,暗紫贝母,,,,,,,no_image
39486,Frontopsylla tomentosa,毛额蚤,,,,,,,no_image
101907,Frullania arecae,折扇耳叶苔,,,,,,,no_image
101934,Frullania fuscovirens,暗绿耳叶苔,,,,,,,no_image
101960,Frullania linii,弯瓣耳叶苔,,,,,,,no_image
101980,Frullania physantha,顶脊耳叶苔,,,,,,,no_image
102007,Frullania trichodes,油胞耳叶苔,,,,,,,no_image
39506,Fukienogomphus prometheus,深山闽春蜓,,,,,,,no_image
2178,Fulvia aperta,薄壳鸟蛤,,,,,,,no_image
150148,Fulvifomes merrillii,,,,,,,,no_image
102027,Funaria discelioides,直蒴葫芦藓,,,,,,,no_image
7609,Fungia scruposa,碓形石芝珊瑚,,,,,,,no_image
9010,Furcoribula yichunensis,伊春叉肋甲螨,,,,,,,no_image
143005,Fusariella bizzozeriana,,,,,,,,no_image
142045,Fusarium commune,,,,,,,,no_image
142085,Fusarium stilboides,,,,,,,,no_image
142065,Fusarium mangiferae,,,,,,,,no_image
137241,Fuscopannaria cyanogranulata,,,,,,,,no_image
150162,Fuscoporia inermis,,,,,,,,no_image
155593,Fuscutata savannicola,,,,,,,,no_image
76139,Fusigobius neophytus,短棘纺锤鰕虎,,,,,,,no_image
39551,Gabrius cinctiventris,,,,,,,,no_image
39571,Gabrius lebedevi,,,,,,,,no_image
76142,Gadomus colletti,柯氏鼠鳕,,,,,,,no_image
39592,Gabrius tortilis,,,,,,,,no_image
102042,Gagea delavayi,黄洼瓣花,,,,,,,no_image
102062,Gagea tenera,细弱顶冰花,,,,,,,no_image
16848,Gagrella iwamasai,岩政盾刺盲蛛,,,,,,,no_image
12522,Gaiziapis encunensis,恩村盖子蛛,,,,,,,no_image
139965,Galactinia petersii,,,,,,,,no_image
562,Galathea aegyptiaca,兀鹰铠甲虾,,,,,,,no_image
5718,Galeoastraea modesta,盔星螺,,,,,,,no_image
102091,Galaxaura marginata,扁乳节藻,,,,,,,no_image
146532,Galerina badipes,,,,,,,,no_image
146552,Galerina pumila,,,,,,,,no_image
140866,Galiella celebica,小孢盖尔盘菌,,,,,,,no_image
102177,Galium kunmingense,昆明拉拉藤,,,,,,,no_image
102150,Galium consanguineum,卷边拉拉藤,,,,,,,no_image
102199,Galium sungpanense,松潘拉拉藤,,,,,,,no_image
76165,Gallinago stenura,针尾沙锥,,,,,,,no_image
9087,Galumnella nipponica,日本亚大翼甲螨,,,,,,,no_image
6240,Gammaropsis japonica,日本拟钩虾,,,,,,,no_image
39622,Gampola fasciata,曲苔蛾,,,,,,,no_image
76171,Gampsorhynchus rufulus,白头鵙鹛,,,,,,,no_image
151353,Ganoderma austrofujianense,闽南灵芝,,,,,,,no_image
151373,Ganoderma chaperi,,,,,,,,no_image
39664,Gangarides flavescens,黄钩翅舟蛾,,,,,,,no_image
151413,Ganoderma leucophaeum,,,,,,,,no_image
151393,Ganoderma flaviporum,,,,,,,,no_image
151433,Ganoderma mongolicum,内蒙灵芝,,,,,,,no_image
151453,Ganoderma philippii,橡胶树舌,,,,,,,no_image
151473,Ganoderma schomburgkii,,,,,,,,no_image
151493,Ganoderma theaecola,,,,,,,,no_image
102237,Ganonema pinnatiramosa,单轴殖丝藻,,,,,,,no_image
102241,Garcinia cowa,云树,,,,,,,no_image
102261,Garcinia yunnanensis,云南藤黄,,,,,,,no_image
39682,Gargara taibaiensis,太白圆角蝉,,,,,,,no_image
3878,Gari tonkiniensis,北部湾紫云蛤,,,,,,,no_image
76184,Garra kempi,西藏墨头鱼,,,,,,,no_image
76215,Garrulax owstoni,海南画眉,,,,,,,no_image
102316,Gastrochilus hainanensis,海南盆距兰,,,,,,,no_image
2195,Gastrochaena ovata,卵形开腹蛤,,,,,,,no_image
16908,Gasterapophus singulus,单腹突盲蛛,,,,,,,no_image
102336,Gastrochilus obovatifolius,倒卵叶盆距兰,,,,,,,no_image
102356,Gastrochilus yunlongensis,云龙盆距兰,,,,,,,no_image
102373,Gastrodia elata,天麻,,,,,,,no_image
102394,Gastrodia rubinea,红宝石天麻,,,,,,,no_image
39711,Gastropacha orientalis,远东褐枯叶蛾,,,,,,,no_image
2978,Gastrosaccus indicus,印度囊糠虾,,,,,,,no_image
102416,Gaultheria fragrantissima,芳香白珠,,,,,,,no_image
39751,Gatzara angulineura,角脉锦蚁蛉,,,,,,,no_image
102441,Gaultheria purpurea,紫背白珠,,,,,,,no_image
39765,Gaurena argentisparsa,银篝波纹蛾,,,,,,,no_image
39786,Gaurotina labrangica,,,,,,,,no_image
76233,Gavialiceps taeniola,鳄头鳗,,,,,,,no_image
149852,Geastrum floriforme,花形地星,,,,,,,no_image
149872,Geastrum sessile,无柄地星,,,,,,,no_image
76248,Gekko cib,成都壁虎,,,,,,,no_image
76268,Gekko septentrionalis,盈江壁虎（盈江伞虎）,,,,,,,no_image
139071,Gelatinosporium betulinum,,,,,,,,no_image
102484,Gelidocalamus fengkaiensis,封开短枝竹,,,,,,,no_image
39808,Geloemyia stylata,芒硬蜣蝇,,,,,,,no_image
4277,Gemmula grandigyrata,多胚壳蕾螺,,,,,,,no_image
76279,Genicanthus lamarck,月蝶鱼,,,,,,,no_image
39815,Genoneopsylla longisetosa,长鬃继新蚤,,,,,,,no_image
102524,Gentiana asterocalyx,星萼龙胆,,,,,,,no_image
102548,Gentiana confertifolia,密叶龙胆,,,,,,,no_image
102572,Gentiana dolichocalyx,长萼龙胆,,,,,,,no_image
102594,Gentiana glabriuscula,无毛龙胆,,,,,,,no_image
102614,Gentiana jamesii,长白山龙胆,,,,,,,no_image
102638,Gentiana maeulchanensis,马耳山龙胆,,,,,,,no_image
102664,Gentiana obconica,倒锥花龙胆,,,,,,,no_image
102685,Gentiana praticola,草甸龙胆,,,,,,,no_image
102714,Gentiana scabrida,玉山龙胆,,,,,,,no_image
102745,Gentiana suborbisepala,圆萼龙胆,,,,,,,no_image
102769,Gentiana tongolensis,东俄洛龙胆,,,,,,,no_image
102798,Gentiana yakushimensis,台湾轮叶龙胆,,,,,,,no_image
102823,Gentianopsis lutea,黄花扁蕾,,,,,,,no_image
39826,Geodromicus lucidus,,,,,,,,no_image
134854,Geoglossum elongatum,长地舌菌,,,,,,,no_image
134874,Geoglossum subpumilum,小地舌菌,,,,,,,no_image
140464,Geopyxis hesperidea,,,,,,,,no_image
39851,Geometra rana,蛙青尺蛾,,,,,,,no_image
140446,Geopora graveolens,,,,,,,,no_image
5587,Gephyrometra versicolor,多色梁羽枝,,,,,,,no_image
102855,Geranium lambertii,吉隆老鹳草,,,,,,,no_image
39891,Gerdberndia nubigena,,,,,,,,no_image
102875,Geranium rotundifolium,圆叶老鹳草,,,,,,,no_image
39873,Geranomyia bifurcula,二叉长唇大蚊,,,,,,,no_image
39908,Geron sinensis,中华驼蜂虻,,,,,,,no_image
147120,Gerronema icterinum,污黄老伞,,,,,,,no_image
8900,Ghilarovus daliensis,大理格氏甲螨,,,,,,,no_image
10999,Gibbaranea nanguosa,南国吉园蛛,,,,,,,no_image
39944,Gibbotettix eishanensis,雷山驼背蚱,,,,,,,no_image
155598,Gigaspora candida,,,,,,,,no_image
8350,Gigantione ishigakiensis,日本巨鳃虱,,,,,,,no_image
102911,Ginkgo biloba,银杏,,,,,,,no_image
102922,Glabrella longipes,盾叶光叶苣苔,,,,,,,no_image
102926,Glaphyropteridopsis emeiensis,峨眉方秆蕨,,,,,,,no_image
102941,Gleadovia mupinense,宝兴藨寄生,,,,,,,no_image
76317,Glareola maldivarum,普通燕鸻,,,,,,,no_image
102965,Gleditsia triacanthos,美国皂荚,,,,,,,no_image
39989,Glenea coomani,,,,,,,,no_image
40033,Glenea pallidipes,,,,,,,,no_image
40010,Glenea lacteomaculata,,,,,,,,no_image
40060,Glenea subalcyone,,,,,,,,no_image
102971,Globba chekiangensis,浙江舞花姜,,,,,,,no_image
15873,Glenniea prima,,,,,,,,no_image
6623,Globophiline huanghenensis,黄河球壳蛞蝓,,,,,,,no_image
102990,Glochidion khasicum,长柱算盘子,,,,,,,no_image
103010,Glochidion thomsonii,青背叶算盘子,,,,,,,no_image
137906,Gloeosporium kawakamii,,,,,,,,no_image
134879,Gloeoglossum glutinosum,粘质粘舌菌,,,,,,,no_image
14419,Glomerosus lateralis,边球状蛛,,,,,,,no_image
155663,Glomus chimonobambusae,,,,,,,,no_image
155683,Glomus etunicatum,幼套球囊霉,,,,,,,no_image
155723,Glomus melanosporum,黑球囊霉,,,,,,,no_image
155703,Glomus glomerulatum,团集球囊霉,,,,,,,no_image
155743,Glomus pulvinatus,,,,,,,,no_image
76342,Glossogobius circumspectus,钝吻舌鰕虎,,,,,,,no_image
103025,Glossadelphus prostrates,扁锦藓,,,,,,,no_image
155763,Glomus tubiformis,筒丝球囊霉,,,,,,,no_image
76361,Gloydius stejnegeri,华北蝮,,,,,,,no_image
3592,Glycera robusta,强吻沙蚕,,,,,,,no_image
3274,Glycinde kameruniana,舍甘吻沙蚕,,,,,,,no_image
76366,Glyphis gangeticus,恒河露齿鲨,,,,,,,no_image
103062,Glycosmis xizangensis,西藏山小橘,,,,,,,no_image
16095,Glyphiulus latus,宽雕马陆,,,,,,,no_image
103077,Glyphomitrium tortifolium,卷尖高领藓,,,,,,,no_image
16092,Glyphiulus septentrionalis,北雕马陆,,,,,,,no_image
103082,Glyptopetalum feddei,罗甸沟瓣木,,,,,,,no_image
40110,Glyptotendipes tokunagai,德永雕翅摇蚊,,,,,,,no_image
40130,Glyptotermes liangshanensis,凉山树白蚁,,,,,,,no_image
76394,Glyptothorax trilineatus,三线纹胸&#x0000E065;,,,,,,,no_image
76374,Glyptothorax deqinensis,德钦纹胸&#x0000E065;,,,,,,,no_image
13868,Gnaphosa dege,德格平腹蛛,,,,,,,no_image
13713,Gnaphosa sinensis,中华平腹蛛,,,,,,,no_image
40162,Gnaptorina kozlovi,科小琵甲,,,,,,,no_image
40182,Gnatholea eburifera,,,,,,,,no_image
4578,Gnathophausia zoea,溞状颚糠虾,,,,,,,no_image
40209,Gnezdilovius iguchii,十星格氏瓢蜡蝉,,,,,,,no_image
103110,Gnetum giganteum,巨子买麻藤,,,,,,,no_image
40229,Gnezdilovius tristriatus,三带格氏瓢蜡蝉,,,,,,,no_image
40243,Gnorismoneura zyzzogeton,结丛卷蛾,,,,,,,no_image
76416,Gobio macrocephalus,大头&#x0000E068;,,,,,,,no_image
103121,Goldbachia laevigata,四棱荠,,,,,,,no_image
76436,Gobiodon citrinus,橙色叶鰕虎,,,,,,,no_image
103138,Gollania tereticaulis,圆枝粗枝藓,,,,,,,no_image
103142,Gomphandra mollis,毛粗丝木,,,,,,,no_image
103145,Gomphocarpus physocarpus,钝钉头果,,,,,,,no_image
103171,Gomphostemma sulcatum,槽茎锥花,,,,,,,no_image
40279,Gonepteryx aspasia,淡色钩粉蝶,,,,,,,no_image
14315,Gongylidioides lagenoscapis,瓶垂圆胸蛛,,,,,,,no_image
40311,Gonioctena aeneipennis,绿翅角胫叶甲,,,,,,,no_image
3280,Goniada annulata,环纹角吻沙蚕,,,,,,,no_image
40331,Gonioctena melanoptera,黑翅角胫叶甲,,,,,,,no_image
7127,Gonionemus vertens,钩手水母,,,,,,,no_image
40349,Goniogryllus bistriatus,双纹哑蟋,,,,,,,no_image
103205,Goniophlebium wattii,光茎水龙骨,,,,,,,no_image
103210,Goniothalamus chinensis,哥纳香,,,,,,,no_image
76456,Goniurosaurus hainanensis,海南睑虎,,,,,,,no_image
40376,Gonoclostera timoniorum,角翅舟蛾,,,,,,,no_image
40385,Gonolabis undata,波殖肥螋,,,,,,,no_image
40405,Gonomyia pallicostata,双缘祖大蚊,,,,,,,no_image
138280,Gorgoniceps crataegi,,,,,,,,no_image
103262,Gossypium herbaceum,草棉,,,,,,,no_image
103242,Goodyera nanshanensis,南山斑叶兰,,,,,,,no_image
76469,Gonyosoma coeruleum,蓝眼绿锦蛇,,,,,,,no_image
103285,Gracilaria fanii,樊氏江蓠,,,,,,,no_image
103306,Gracilariophila setchellii,单瘤蓠生藻,,,,,,,no_image
40430,Grahamisia dictyodroma,网连沟金小蜂,,,,,,,no_image
40445,Grammographus submaculatus,,,,,,,,no_image
40457,Grandiclavula spatulata,,,,,,,,no_image
136862,Graphina colliculosa,,,,,,,,no_image
136880,Graphis anfractuosa,,,,,,,,no_image
136900,Graphis elegantula,齐文字衣,,,,,,,no_image
136920,Graphis japonica,日本文字衣,,,,,,,no_image
136940,Graphis prunicola,李生文字衣,,,,,,,no_image
40475,Graphium eurypylus,银钩青凤蝶,,,,,,,no_image
40497,Graphomya rufitibia,绯胫纹蝇,,,,,,,no_image
40509,Graptomyza longqishanica,龙栖山缺伪蚜蝇,,,,,,,no_image
103321,Grateloupia elliptica,椭圆蜈蚣藻,,,,,,,no_image
103341,Gratiola japonica,水八角,,,,,,,no_image
103353,Grewia concolor,同色扁担杆,,,,,,,no_image
103373,Grewia yinkiangensis,盈江扁担杆,,,,,,,no_image
40527,Griseothosea mixta,杂纷刺蛾,,,,,,,no_image
103392,Grimmia incurva,卷叶紫萼藓,,,,,,,no_image
76521,Grus virgo,蓑羽鹤,,,,,,,no_image
143026,Guepinia fissa,开裂桂花耳,,,,,,,no_image
131853,Guignardia castanopsis,,,,,,,,no_image
40541,Guihelea jingxiensis,靖西桂蠓,,,,,,,no_image
40545,Gunda sikima,垂耳蚕蛾,,,,,,,no_image
76525,Guttigadus nana,小瘤鳕,,,,,,,no_image
103460,Gymnocarpium dryopteris,欧洲羽节蕨,,,,,,,no_image
76526,Gygis alba,白燕鸥,,,,,,,no_image
103450,Gymnanthes remota,裸花树,,,,,,,no_image
76534,Gymnocranius euanus,真裸顶鲷,,,,,,,no_image
76553,Gymnodanio strigatus,条纹裸&#x0000E000;,,,,,,,no_image
146574,Gymnopilus decurrens,延生裸伞,,,,,,,no_image
103474,Gymnomitrion sinense,中华全萼苔,,,,,,,no_image
146594,Gymnopilus picreus,,,,,,,,no_image
40618,Gymnopternus petilus,叶柄行脉长足虻,,,,,,,no_image
40641,Gymnosoma philippinense,菲球腹寄蝇,,,,,,,no_image
147583,Gymnopus ocior,褐黄金钱菌,,,,,,,no_image
147563,Gymnopus brassicolens,,,,,,,,no_image
40598,Gymnopternus curvatus,弯端行脉长足虻,,,,,,,no_image
153217,Gymnosporangium photiniae,,,,,,,,no_image
103497,Gymnosporia hainanensis,海南美登木,,,,,,,no_image
153197,Gymnosporangium confusum,困惑胶锈,,,,,,,no_image
103518,Gymnotheca involucrata,白苞裸蒴,,,,,,,no_image
76586,Gymnothorax meleagris,斑点裸胸鳝,,,,,,,no_image
103530,Gynostemma laxum,光叶绞股蓝,,,,,,,no_image
76606,Gymnothorax shaoi,邵氏裸胸鯙,,,,,,,no_image
40653,Gynacantha saltatrix,跳长尾蜓,,,,,,,no_image
76622,Gyps bengalensis,白背兀鹫,,,,,,,no_image
103574,Gyrocheilos lasiocalyx,毛萼圆唇苣苔,,,,,,,no_image
103567,Gypsophila perfoliata,钝叶石头花,,,,,,,no_image
40673,Gyrohypnus wutaishanensis,,,,,,,,no_image
40681,Gyrophaena amplificationis,,,,,,,,no_image
40701,Gyrophaena cooteri,,,,,,,,no_image
40721,Gyrophaena gonggamontis,,,,,,,,no_image
40741,Gyrophaena mirantennalis,,,,,,,,no_image
40761,Gyrophaena plesiofacilis,,,,,,,,no_image
40781,Gyrophaena sinopinguis,,,,,,,,no_image
40801,Gyrophaena vocisnotae,,,,,,,,no_image
149451,Gyroporus longicystidiatus,长囊体圆孔牛肝菌,,,,,,,no_image
103588,Habenaria anomaliflora,异瓣玉凤花,,,,,,,no_image
103628,Habenaria petelotii,裂瓣玉凤花,,,,,,,no_image
103608,Habenaria hosokawae,毛唇玉凤花,,,,,,,no_image
40813,Habritys subcrispus,短角宽唇金小蜂,,,,,,,no_image
40831,Habropoda mimetica,花回条蜂,,,,,,,no_image
40864,Habrosyne sanguinea,红华波纹蛾,,,,,,,no_image
40871,Hadena caesia,灰盗夜蛾,,,,,,,no_image
40891,Haderonia subarschanica,晦蓬夜蛾,,,,,,,no_image
4237,Haedropleura horma,索羊肋螺,,,,,,,no_image
40913,Haematopota albalinea,白线麻虻,,,,,,,no_image
40953,Haematopota omeishanensis,峨眉山麻虻,,,,,,,no_image
40933,Haematopota hainani,海南麻虻,,,,,,,no_image
40973,Haematopota subirrorata,亚露麻虻,,,,,,,no_image
41001,Hagapteryx mirabilior,岐怪舟蛾,,,,,,,no_image
152570,Haematostereum rugosum,皱曲血革菌,,,,,,,no_image
11994,Hahnia falcata,镰栅蛛,,,,,,,no_image
9981,Hainanarus longusolanidion,,,,,,,,no_image
76637,Halcyon coromanda,赤翡翠,,,,,,,no_image
76646,Haliaeetus albicilla,白尾海雕,,,,,,,no_image
76664,Halichoeres biocellatus,双眼斑海猪鱼,,,,,,,no_image
76684,Halichoeres zeylonicus,大鳞海猪鱼,,,,,,,no_image
76694,Halieutopsis margaretae,马格瑞拟棘茄鱼,,,,,,,no_image
103691,Halimione fera,野合滨藜,,,,,,,no_image
3536,Haliclona pigmentifera,有色蜂海绵,,,,,,,no_image
7553,Halitrephes maasi,马氏海生水母,,,,,,,no_image
16368,Halocosa jartica,吉兰泰盐狼蛛,,,,,,,no_image
103714,Haloxylon ammodendron,梭梭,,,,,,,no_image
103709,Haloplegma polyspora,多孢毡藻,,,,,,,no_image
41054,Halticopterina triannulata,拟赘金小蜂,,,,,,,no_image
76702,Hampala macrolepidota,裂峡鲃,,,,,,,no_image
103721,Hamatocaulis lapponicus,匍地钩茎藓,,,,,,,no_image
153365,Hamaspora nepalensis,尼泊尔戟孢锈,,,,,,,no_image
103738,Handelia trichophylla,天山蓍,,,,,,,no_image
144718,Hansfordia caricis,,,,,,,,no_image
41084,Haplodiplatys rufescens,暗红单突丝尾螋,,,,,,,no_image
138963,Haplaria grisea,,,,,,,,no_image
13782,Haplodrassus soerenseni,索氏单蛛,,,,,,,no_image
41104,Haplopharyngomyia phangngensis,攀牙叉须长足虻,,,,,,,no_image
41110,Haplothrips fuscipennis,暗翅简管蓟马,,,,,,,no_image
103778,Haplopteris plurisulcata,曲鳞书带蕨,,,,,,,no_image
1011,Harmotho&#235; indica,印度哈鳞虫,,,,,,,no_image
41122,Harmalia commelinae,鸭跖草淡肩飞虱,,,,,,,no_image
76717,Harpactes wardi,红腹咬鹃,,,,,,,no_image
103788,Harpullia cupanioides,假山椤,,,,,,,no_image
76720,Harpiocephalus harpia,毛翼蝠,,,,,,,no_image
41197,Hebecnema arcuatiabdomina,拱毛膝蝇,,,,,,,no_image
6354,Haumea inaequivalvis,异壳明扇贝,,,,,,,no_image
7990,Hartlaubella gelatinosa,胶哈钟螅,,,,,,,no_image
146614,Hebeloma collariatum,具囊领滑锈伞,,,,,,,no_image
146634,Hebeloma sinapizans,大粘滑菇,,,,,,,no_image
76731,Hebius igneus,火纹腹链蛇,,,,,,,no_image
15964,Hedinomorpha circularis,,,,,,,,no_image
76751,Hebius yanbianensis,盐边腹链蛇,,,,,,,no_image
103821,Hedychium flavum,黄姜花,,,,,,,no_image
41221,Hedya dimidlana,半圆广翅小卷蛾,,,,,,,no_image
103870,Hedyotis capitellata,头状花耳草,,,,,,,no_image
103893,Hedyotis lianshaniensis,连山耳草,,,,,,,no_image
103845,Hedychium villosum,毛姜花,,,,,,,no_image
103913,Hedyotis pubirachis,毛花轴耳草,,,,,,,no_image
103958,Hedysarum iliense,伊犁岩黄芪,,,,,,,no_image
103933,Hedyotis zhihaoana,志浩耳草,,,,,,,no_image
149149,Heimiella japonica,日本红牛肝菌,,,,,,,no_image
103981,Hedysarum setigerum,短茎岩黄芪,,,,,,,no_image
41238,Heizmannia kanhsienensis,赣县领蚊,,,,,,,no_image
7401,Helgicirraha malayensis,马来侧丝水母,,,,,,,no_image
76756,Helcogramma fuscopinna,黑鳍弯线鳚,,,,,,,no_image
104016,Helicia formosana,山龙眼,,,,,,,no_image
153040,Helicobasidium mompa,桑紫纹羽病,,,,,,,no_image
13515,Heliconilla oblonga,长圆螺蛛,,,,,,,no_image
104046,Helicteres obtusa,钝叶山芝麻,,,,,,,no_image
41281,Helina aestiva,夏阳蝇,,,,,,,no_image
41321,Helina calceataeformis,少毛阳蝇,,,,,,,no_image
41341,Helina dasyouraea,毛尾阳蝇,,,,,,,no_image
41301,Helina atereta,黑褐阳蝇,,,,,,,no_image
41381,Helina guizhenae,贵真阳蝇,,,,,,,no_image
41361,Helina erlangshanna,二郎山阳蝇,,,,,,,no_image
41401,Helina jubidorsa,鬃背阳蝇,,,,,,,no_image
41421,Helina luensis,鲁阳蝇,,,,,,,no_image
41441,Helina moirigkawagarboensis,梅里阳蝇,,,,,,,no_image
41461,Helina pardiabdominis,豹腹阳蝇,,,,,,,no_image
41481,Helina reversio,双阳蝇,,,,,,,no_image
41521,Helina subvittata,毛胸阳蝇,,,,,,,no_image
41501,Helina stenotarsis,狭跗阳蝇,,,,,,,no_image
41541,Helina yushuensis,玉树阳蝇,,,,,,,no_image
41559,Heliographa lenticeps,扁头闪池蝇,,,,,,,no_image
13242,Heliophanus flavipes,黄闪蛛,,,,,,,no_image
41589,Heliosia punctata,点阳苔蛾,,,,,,,no_image
41600,Helius aciferus,针光大蚊,,,,,,,no_image
41620,Helius tenuistylus,细柱光大蚊,,,,,,,no_image
133751,Helminthosporium simplex,,,,,,,,no_image
104089,Helminthocladia pinata,羽状蠕枝藻,,,,,,,no_image
41647,Helorus chinensis,中华柄腹细蜂,,,,,,,no_image
41635,Helophilus hwangi,黄氏条胸蚜蝇,,,,,,,no_image
138292,Helotium crispulum,,,,,,,,no_image
138312,Helotium luteolum,,,,,,,,no_image
138332,Helotium subserotinum,黄柔膜菌,,,,,,,no_image
139760,Helvella clavata,,,,,,,,no_image
139780,Helvella galeriformis,伞形马鞍菌,,,,,,,no_image
139800,Helvella macrosperma,,,,,,,,no_image
139820,Helvella sulcata,棱柄马鞍菌,,,,,,,no_image
41656,Hemerobius atriangulus,黑三角褐蛉,,,,,,,no_image
41676,Hemerobius nigricornis,黑褐蛉,,,,,,,no_image
41685,Hemerodromia curvata,端弯螳舞虻,,,,,,,no_image
41705,Hemerodromia yunnanensis,云南螳舞虻,,,,,,,no_image
104137,Hemiboea fangii,齿叶半蒴苣苔,,,,,,,no_image
41708,Hemicentrus brunneus,褐二刺角蝉,,,,,,,no_image
104161,Hemiboea parviflora,小花半蒴苣苔,,,,,,,no_image
76798,Hemidactylus garnotii,锯尾蜥虎,,,,,,,no_image
76805,Hemigobius hoevenii,斜纹半鰕虎,,,,,,,no_image
41740,Hemileophila tianmushana,狭带拟半实蝇,,,,,,,no_image
76813,Hemimyzon pumilicorpora,矮身间吸鳅,,,,,,,no_image
41750,Hemipenthes montanorum,岭斑翅蜂虻,,,,,,,no_image
76822,Hemiphyllodactylus dushanensis,独山半叶趾虎,,,,,,,no_image
41767,Hemiptarsenus longjiangensis,龙江长柄姬小蜂,,,,,,,no_image
18867,Hemisotoma thermophila,,,,,,,,no_image
104193,Hemipilia avisoides,雁字舌喙兰,,,,,,,no_image
41794,Hemistola detracta,引无缰青尺蛾,,,,,,,no_image
41814,Hemistola stueningi,斯氏无缰青尺蛾,,,,,,,no_image
104259,Hemsleya zhejiangensis,浙江雪胆,,,,,,,no_image
104225,Hemsleya ellipsoidea,椭圆果雪胆,,,,,,,no_image
136960,Hemithecium chrysenteron,,,,,,,,no_image
104274,Henckelia forrestii,滇川汉克苣苔,,,,,,,no_image
104294,Henckelia siangensis,翅萼汉克苣苔,,,,,,,no_image
143038,Henningsomyces leptus,小哈宁管菌,,,,,,,no_image
41837,Hendrella sinensis,四楔亨实蝇,,,,,,,no_image
41849,Hepialus altaicola,阿尔泰蝠蛾,,,,,,,no_image
41889,Hepialus sichuanus,四川蝠蛾,,,,,,,no_image
41869,Hepialus jialangensis,甲郎蝠蛾,,,,,,,no_image
5180,Heptacarpus pandaloides,长额七腕虾,,,,,,,no_image
104324,Heptapleurum insigne,粉背鹅掌柴,,,,,,,no_image
104343,Hequnia guangxiensis,和群苣苔,,,,,,,no_image
104369,Heracleum tiliifolium,椴叶独活,,,,,,,no_image
104386,Herbertus kurzii,细指剪叶苔,,,,,,,no_image
41920,Hercostomus apiculatus,胫刺寡长足虻,,,,,,,no_image
41940,Hercostomus chaeturus,异毛寡长足虻,,,,,,,no_image
41980,Hercostomus fatuus,愚寡长足虻,,,,,,,no_image
41960,Hercostomus daweishanus,大围山寡长足虻,,,,,,,no_image
42000,Hercostomus gregalis,群寡长足虻,,,,,,,no_image
42040,Hercostomus longus,毛腿寡长足虻,,,,,,,no_image
42020,Hercostomus jindinganus,金顶寡长足虻,,,,,,,no_image
42060,Hercostomus notatus,标识寡长足虻,,,,,,,no_image
42080,Hercostomus qingchenganus,青城山寡长足虻,,,,,,,no_image
42100,Hercostomus songshanensis,松山寡长足虻,,,,,,,no_image
42120,Hercostomus uniformis,同色寡长足虻,,,,,,,no_image
42140,Hercostomus zuoshuiensis,柞水寡长足虻,,,,,,,no_image
152030,Hericium clathroides,格状猴头菌,,,,,,,no_image
995,Hermadionella truncate,棒毛拟隐鳞虫,,,,,,,no_image
104415,Herminium quinquelobum,秀丽角盘兰,,,,,,,no_image
42160,Herminia satakei,窄肾长须夜蛾,,,,,,,no_image
42177,Hermonassa fasciata,条狭翅夜蛾,,,,,,,no_image
42197,Hermonassa pallidula,淡狭翅夜蛾,,,,,,,no_image
104421,Herniaria caucasica,高加索治疝草,,,,,,,no_image
76881,Herpestes urva,食蟹獴,,,,,,,no_image
104435,Herposiphonia ramosa,多枝爬管藻,,,,,,,no_image
104438,Herzogiella perrobusta,齿边长灰藓,,,,,,,no_image
42238,Hesperopalpus venustus,,,,,,,,no_image
42277,Hesudra divisa,双分苔蛾,,,,,,,no_image
42258,Hesperus emeishanus,,,,,,,,no_image
42285,Heteralonia mucorea,牧陇蜂虻,,,,,,,no_image
104455,Heterocaryum rigidum,异果鹤虱,,,,,,,no_image
8088,Heterocyathus japonicus,日本异杯珊瑚,,,,,,,no_image
148879,Heterochaete sinensis,中国刺皮,,,,,,,no_image
135293,Heterodermia obscurata,暗哑铃孢,,,,,,,no_image
42307,Heteroglenea mediodiscoprolongata,,,,,,,,no_image
76894,Heteromycteris matsubarai,松原氏钩嘴鳎,,,,,,,no_image
42331,Heteronychia vagans,游荡欧麻蝇,,,,,,,no_image
42338,Heterophleps acutangulata,尖突异翅尺蛾,,,,,,,no_image
4771,Heteroplax nitida,光洁异背蟹,,,,,,,no_image
104499,Heteroscyphus spiniferus,长齿异萼苔,,,,,,,no_image
13360,Heteropoda squamacea,鳞片巨蟹蛛,,,,,,,no_image
7105,Heteropsammia cochlea,耳蜗异沙珊瑚,,,,,,,no_image
104508,Heterostemma brownii,台湾醉魂藤,,,,,,,no_image
42378,Heterothops tzaw,,,,,,,,no_image
42394,Hexafrenum collaris,领异齿舟蛾,,,,,,,no_image
76914,Hexanchus griseus,灰六鳃鲨,,,,,,,no_image
42421,Hexatoma celestia,肿胫锦大蚊,,,,,,,no_image
42483,Hexatoma suberecta,福建锦大蚊,,,,,,,no_image
42461,Hexatoma obliqua,斜锦大蚊,,,,,,,no_image
42441,Hexatoma kelloggi,条带锦大蚊,,,,,,,no_image
42500,Heydenia scolyti,小蠹长胸肿腿金小蜂,,,,,,,no_image
104535,Hibiscus leviseminus,光籽木槿,,,,,,,no_image
42507,Hilara acuminata,尖端喜舞虻,,,,,,,no_image
104562,Hieracium krylovii,大花山柳菊,,,,,,,no_image
42527,Hilara heixu,黑须喜舞虻,,,,,,,no_image
42547,Hilara zhejiangensis,浙江喜舞虻,,,,,,,no_image
42551,Himacerus apterus,泛希姬蝽,,,,,,,no_image
14070,Himalaphantes azumiensis,东喜峰蛛,,,,,,,no_image
104609,Hippolytia herderi,新疆女蒿,,,,,,,no_image
4156,Hippa truncatifrons,截额蝉蟹,,,,,,,no_image
76928,Himantura uarnak,花点窄尾魟,,,,,,,no_image
76940,Hippocampus coronatus,冠海马,,,,,,,no_image
76950,Hipposcarus longiceps,长头马鹦嘴鱼,,,,,,,no_image
104639,Hiptage ferruginea,锈毛风筝果,,,,,,,no_image
42591,Hirashimanymus babai,,,,,,,,no_image
142185,Hirsutella stylophora,,,,,,,,no_image
42610,Hirtodrosophila limbicosta,缘毛果蝇,,,,,,,no_image
17527,Hirtomurex filiaregis,绮丽花仙螺,,,,,,,no_image
42638,Hispellinus formosanus,台湾尖爪铁甲,,,,,,,no_image
42655,Hister shanghaicus,上海阎甲,,,,,,,no_image
13838,Hitobia taiwanica,台湾希托蛛,,,,,,,no_image
147776,Hohenbuehelia angustata,,,,,,,,no_image
147796,Hohenbuehelia pinacearum,,,,,,,,no_image
104675,Holboellia pterocaulis,棱茎八月瓜,,,,,,,no_image
76984,Holcomycteronus aequatoris,深海钝吻鼬鳚,,,,,,,no_image
42697,Hololepta indica,印度扁阎甲,,,,,,,no_image
42685,Holochlora magna,巨绿螽,,,,,,,no_image
3241,Holothuria albiventer,白腹海参,,,,,,,no_image
42713,Holorusia herculeana,黄背棘膝大蚊,,,,,,,no_image
3243,Holothuria nobilis,黑乳海参,,,,,,,no_image
42737,Homaeotarsus japonicus,,,,,,,,no_image
104722,Homalium kainantense,阔瓣天料木,,,,,,,no_image
42745,Homalota plana,,,,,,,,no_image
42761,Homaloxestis hainanensis,海南素祝蛾,,,,,,,no_image
76998,Homatula maolanensis,茂兰盲副鳅,,,,,,,no_image
18991,Homidia polyseta,,,,,,,,no_image
18993,Homidia emeiensis,,,,,,,,no_image
19073,Homidia wanensis,,,,,,,,no_image
42783,Homoeusa longicornis,,,,,,,,no_image
42801,Homolobus nipponensis,日本滑茧蜂,,,,,,,no_image
16839,Homolophus suzukii,铃木同盲蛛,,,,,,,no_image
42821,Homoneura baoshanensis,保山新同脉缟蝇,,,,,,,no_image
42841,Homoneura conspicua,腹齿同脉缟蝇,,,,,,,no_image
42861,Homoneura diversa,粗茎同脉缟蝇,,,,,,,no_image
42881,Homoneura guangxiensis,广西新同脉缟蝇,,,,,,,no_image
42901,Homoneura laticosta,叉突同脉缟蝇,,,,,,,no_image
42921,Homoneura nebulosa,雾斑新同脉缟蝇,,,,,,,no_image
42941,Homoneura polyacantha,多刺同脉缟蝇,,,,,,,no_image
42961,Homoneura substigmata,斑腿同脉缟蝇,,,,,,,no_image
42981,Homoneura variinervis,异脉同脉缟蝇,,,,,,,no_image
43000,Homoporus fulviventris,黄腹类金小蜂,,,,,,,no_image
2799,HongkongvenHong Kong,纪念香港小钩虾,,,,,,,no_image
43013,Hopladromyia pulla,三鬃山额实蝇,,,,,,,no_image
43029,Hoplitis leucomelaena,钩拟孔蜂,,,,,,,no_image
43060,Hoplopsyllus glacialis,冰武蚤,,,,,,,no_image
77024,Hoplobatrachus litoralis,孟加拉虎纹蛙,,,,,,,no_image
43074,Horaeomorphus chinensis,,,,,,,,no_image
104780,Hordeum bogdanii,布顿大麦草,,,,,,,no_image
43098,Horisme brevifasciaria,短带界尺蛾,,,,,,,no_image
5344,Hormomya mutabilis,曲线索贻贝,,,,,,,no_image
104806,Hornstedtia hainanensis,大豆蔻,,,,,,,no_image
43142,Hospitalitermes damenglongensis,大勐龙须白蚁,,,,,,,no_image
104826,Hovenia trichocarpa,毛果枳椇,,,,,,,no_image
104869,Hoya nyingchiensis,林芝球兰,,,,,,,no_image
104849,Hoya lacunosa,裂瓣球兰,,,,,,,no_image
104889,Hoya yuennanensis,云南球兰,,,,,,,no_image
104899,Huchimingia podocarpa,长柄启明豆,,,,,,,no_image
140502,Humaria potonini,,,,,,,,no_image
140482,Humaria crechqueraultii,,,,,,,,no_image
140522,Humariella scutellata,,,,,,,,no_image
144447,Humicola nigrescens,,,,,,,,no_image
104916,Huperzia chinensis,中华石杉,,,,,,,no_image
104936,Huperzia quasipolytrichoides,金发石杉,,,,,,,no_image
43170,Hyadina rufipes,寡斑晶水蝇,,,,,,,no_image
3425,Hyalonema acuferum,穿针拂子介,,,,,,,no_image
138477,Hyaloscypha phyllophila,,,,,,,,no_image
154451,Hyalopsora taiwaniana,,,,,,,,no_image
2805,Hyas ursinus,双窄额互爱蟹,,,,,,,no_image
43195,Hyboella yunnana,云南蟾蚱,,,,,,,no_image
43215,Hybomitra bulongicauda,牦牛瘤虻,,,,,,,no_image
43255,Hybomitra nigricornis,黑角瘤虻,,,,,,,no_image
43235,Hybomitra kaurii,考氏瘤虻,,,,,,,no_image
43275,Hybomitra stenopselapha,窄须瘤虻,,,,,,,no_image
43315,Hybos caesariatus,长毛驼舞虻,,,,,,,no_image
43295,Hybos alamaculatus,斑翅驼舞虻,,,,,,,no_image
43335,Hybos gaoae,高氏驼舞虻,,,,,,,no_image
43355,Hybos jinxiuensis,金秀驼舞虻,,,,,,,no_image
43375,Hybos nankunshanensis,南昆山驼舞虻,,,,,,,no_image
43415,Hybos xii,席氏驼舞虻,,,,,,,no_image
43395,Hybos shennongensis,神农驼舞虻,,,,,,,no_image
2078,Hydatina physis,泡螺,,,,,,,no_image
151037,Hydnophlebia chrysorhiza,金根刺射脉菌,,,,,,,no_image
152652,Hydnellum suaveolens,蓝柄亚齿菌,,,,,,,no_image
149759,Hydnum echinus,,,,,,,,no_image
43445,Hydraecia cervago,色角剑夜蛾,,,,,,,no_image
104973,Hydrangea kwangsiensis,粤西绣球,,,,,,,no_image
43468,Hydrelia rubrilinea,红线水尺蛾,,,,,,,no_image
43447,Hydrelia aurantiaca,桔色水尺蛾,,,,,,,no_image
43489,Hydrellia pilitarsis,茸跗毛眼水蝇,,,,,,,no_image
77063,Hydrobates leucorhous,白腰叉尾海燕,,,,,,,no_image
105017,Hydrocotyle pseudoconferta,密伞天胡荽,,,,,,,no_image
77072,Hydrophis curtus,平颏海蛇,,,,,,,no_image
43518,Hydrophoria rufitibia,绯胫隰蝇,,,,,,,no_image
147130,Hydropus floccipes,,,,,,,,no_image
43541,Hydrotaea albipuncta,白点齿股蝇,,,,,,,no_image
43561,Hydrotaea hennigi,亨尼希齿股蝇,,,,,,,no_image
43581,Hydrotaea parva,小齿股蝇,,,,,,,no_image
43602,Hydrotaea xinjiangensis,新疆齿股蝇,,,,,,,no_image
146386,Hygrocybe calyptriformis,粉灰紫湿伞,,,,,,,no_image
146406,Hygrocybe laeta,,,,,,,,no_image
146426,Hygrocybe subglobispora,,,,,,,,no_image
105044,Hygrophila phlomoides,毛水蓑衣,,,,,,,no_image
146448,Hygrophorus ceraceus,蜡伞,,,,,,,no_image
146508,Hygrophorus pustulatus,,,,,,,,no_image
146468,Hygrophorus glutinifer,,,,,,,,no_image
146488,Hygrophorus nigrescens,变黑蜡伞,,,,,,,no_image
12660,Hygropoda yunnan,云南潮盗蛛,,,,,,,no_image
43616,Hylemya bruneipalpis,褐须种蝇,,,,,,,no_image
16182,Hyleoglomeris getuhensis,格凸河木球马陆,,,,,,,no_image
16159,Hyleoglomeris vittata,条纹木球马陆,,,,,,,no_image
105052,Hylocomiastrum pyrenaicum,星塔藓,,,,,,,no_image
77118,Hylopetes phayrei,海南小飞鼠,,,,,,,no_image
16025,Hylomus eupterygota,,,,,,,,no_image
105100,Hylotelephium verticillatum,轮叶八宝,,,,,,,no_image
105110,Hymenasplenium cardiophyllum,细辛蕨,,,,,,,no_image
105144,Hymenidium davidii,松潘滇藁本,,,,,,,no_image
105130,Hymenasplenium speluncicola,洞穴膜叶铁角蕨,,,,,,,no_image
150190,Hymenochaete attenuata,狭窄锈革菌,,,,,,,no_image
105164,Hymenidium pulszkyi,青藏滇藁本,,,,,,,no_image
150210,Hymenochaete fusca,肝色刺革菌,,,,,,,no_image
150230,Hymenochaete pseudoadusta,拟复瓣锈革菌,,,,,,,no_image
150250,Hymenochaete tongbiguanensis,铜壁关刺革菌,,,,,,,no_image
146655,Hymenogaster kwangsiensis,广西层腹菌,,,,,,,no_image
4830,Hymenopenaeus neptunus,海神膜对虾,,,,,,,no_image
105195,Hymenophyllum pallidum,毛叶蕨,,,,,,,no_image
138369,Hymenoscyphus microserotinus,小晚膜盘菌,,,,,,,no_image
138349,Hymenoscyphus epiphyllus,叶生膜盘菌,,,,,,,no_image
138389,Hymenoscyphus tenuissimus,,,,,,,,no_image
105227,Hypecoum erectum,角茴香,,,,,,,no_image
105210,Hyocomium armoricum,水梳藓,,,,,,,no_image
43666,Hypena litterata,飒髯须夜蛾,,,,,,,no_image
105238,Hypericum austroyunnanicum,滇南金丝桃,,,,,,,no_image
43688,Hypenidum roborowskii,叉带坡额实蝇,,,,,,,no_image
105259,Hypericum hengshanense,衡山金丝桃,,,,,,,no_image
105284,Hypericum nokoense,能高金丝桃,,,,,,,no_image
105307,Hypericum subsessile,近无柄金丝桃,,,,,,,no_image
43709,Hypersypnoides plaga,暗斑朋闪夜蛾,,,,,,,no_image
150611,Hyphodontia alba,白丝齿菌,,,,,,,no_image
150919,Hyphoderma medioburiense,麦迪波芮丝皮菌,,,,,,,no_image
150631,Hyphodontia hastata,尖囊丝齿菌,,,,,,,no_image
150651,Hyphodontia radula,舌状产丝齿菌,,,,,,,no_image
148207,Hypholoma cinnabarinum,红垂幕菇,,,,,,,no_image
43721,Hyphorma sericea,丝长须刺蛾,,,,,,,no_image
105327,Hypnum hamulosum,弯叶灰藓,,,,,,,no_image
43745,Hypocala deflorata,鹰夜蛾,,,,,,,no_image
141731,Hypocrella tenuispora,,,,,,,,no_image
143043,Hypochnicium analogum,,,,,,,,no_image
105356,Hypodematium squamulosopilosum,鳞毛肿足蕨,,,,,,,no_image
139190,Hypoderma eupatorii,,,,,,,,no_image
139208,Hypoderma shiqii,世骐皮下盘菌,,,,,,,no_image
105363,Hypoestes purpurea,枪刀药,,,,,,,no_image
135944,Hypogymnia bitteri,暗粉袋衣,,,,,,,no_image
135964,Hypogymnia magnifica,背孔袋衣,,,,,,,no_image
135984,Hypogymnia thomsoniana,汤姆逊袋衣,,,,,,,no_image
105381,Hypolytrum paucistrobiliferum,少穗割鸡芒,,,,,,,no_image
43772,Hyponephele dysdora,西方云眼蝶,,,,,,,no_image
77151,Hyporhamphus dussumieri,杜氏下鱵鱼,,,,,,,no_image
43794,Hyposiccia parvula,小点苔蛾,,,,,,,no_image
135995,Hypotrachyna exsecta,切割双歧根,,,,,,,no_image
144603,Hypoxylon crocopeplum,杏黄炭团菌,,,,,,,no_image
144623,Hypoxylon perforatum,白孔炭团菌,,,,,,,no_image
43821,Hypsophila jugorum,后冬夜蛾,,,,,,,no_image
43810,Hypselothyrea breviscutellata,短盾细翅果蝇,,,,,,,no_image
105391,Hyptis rhomboidea,吊球草,,,,,,,no_image
150735,Hysterangium obtusum,钝孢辐片包,,,,,,,no_image
132298,Hysterium rubi,,,,,,,,no_image
43863,Hyugatychus cooteri,,,,,,,,no_image
43844,Hystrichopsylla multidentata,多刺多毛蚤,,,,,,,no_image
105401,Iberis intermedia,披针叶屈曲花,,,,,,,no_image
43885,Ictericodes maculatus,黑背伊实蝇,,,,,,,no_image
77212,Ichthyococcus ovatus,卵圆颌光鱼,,,,,,,no_image
7689,Idiellana pristis,锯形特异螅,,,,,,,no_image
43925,Idionyx claudia,郁异伪蜻,,,,,,,no_image
43945,Idiostrangalia sozanensis,条胸特花天牛,,,,,,,no_image
3001,Iiella kojimaensis,儿岛井伊小糠虾,,,,,,,no_image
43966,Ilema furfuracea,麸棕毒蛾,,,,,,,no_image
105422,Ilex bioritsensis,刺叶冬青,,,,,,,no_image
105477,Ilex euryoides,柃叶冬青,,,,,,,no_image
105448,Ilex cochinchinensis,越南冬青,,,,,,,no_image
105508,Ilex guangxica,长圆果冬青,,,,,,,no_image
105530,Ilex kiangsiensis,江西满树星,,,,,,,no_image
105556,Ilex macrocarpa,大果冬青,,,,,,,no_image
105581,Ilex nubicola,云中冬青,,,,,,,no_image
105607,Ilex pyrifolia,梨叶冬青,,,,,,,no_image
105627,Ilex stewardii,黔桂冬青,,,,,,,no_image
105652,Ilex triflora,三花冬青,,,,,,,no_image
105684,Ilex xiaojinensis,小金冬青,,,,,,,no_image
105702,Illicium dunnianum,红花八角,,,,,,,no_image
105722,Illicium tsangii,粤中八角,,,,,,,no_image
105743,Illigera trifoliata,,,,,,,,no_image
105764,Impatiens aureliana,缅甸凤仙花,,,,,,,no_image
2756,Imbricaria punctata,小芋笔螺,,,,,,,no_image
105784,Impatiens brevipes,短柄凤仙花,,,,,,,no_image
105805,Impatiens corchorifolia,黄麻叶凤仙花,,,,,,,no_image
105825,Impatiens devolii,棣慕华凤仙花,,,,,,,no_image
105845,Impatiens fenghwaiana,封怀凤仙花,,,,,,,no_image
105865,Impatiens hengduanensis,横断山凤仙花,,,,,,,no_image
105887,Impatiens latipetala,宽瓣凤仙花,,,,,,,no_image
105907,Impatiens longiaristata,长芒凤仙花,,,,,,,no_image
105930,Impatiens medogensis,墨脱凤仙花,,,,,,,no_image
105950,Impatiens neglecta,浙皖凤仙花,,,,,,,no_image
105970,Impatiens pianmaensis,片马凤仙花,,,,,,,no_image
105992,Impatiens pterosepala,翼萼凤仙花,,,,,,,no_image
106013,Impatiens rugata,皱茎凤仙花,,,,,,,no_image
106035,Impatiens spiralis,螺旋凤仙花,,,,,,,no_image
106056,Impatiens tienmushanica,天目山凤仙花,,,,,,,no_image
106077,Impatiens vittata,条纹凤仙花,,,,,,,no_image
106098,Impatiens yongshanensis,永善凤仙花,,,,,,,no_image
44001,Impatiophila latipennata,宽翼凤仙花果蝇,,,,,,,no_image
44021,Impatiophila trifurcatosternata,三裂凤仙花果蝇,,,,,,,no_image
138483,Incrucipulum ciliare,,,,,,,,no_image
143057,Inapertisporites vulgaris,,,,,,,,no_image
106145,Indigofera carlesii,苏木蓝,,,,,,,no_image
106169,Indigofera galegoides,假大青蓝,,,,,,,no_image
106193,Indigofera megaphylla,大叶木蓝,,,,,,,no_image
106222,Indigofera sensitiva,敏感木蓝,,,,,,,no_image
106242,Indigofera yuanjiangensis,元江木蓝,,,,,,,no_image
106266,Indocalamus pseudosinicus,锦帐竹,,,,,,,no_image
44049,Indolestes assamicus,黄面印丝蟌,,,,,,,no_image
44067,Indonemoura curvicornia,角叶印叉(虫责),,,,,,,no_image
44085,Indophanes sinensis,中华英蚁蛉,,,,,,,no_image
44101,Indoquedius metallescens,,,,,,,,no_image
106292,Indosasa sinica,中华大节竹,,,,,,,no_image
77239,Indotyphlops lazelli,香港盲蛇,,,,,,,no_image
44117,Inglisia formosana,台澳蜡蚧,,,,,,,no_image
44123,Inocellia fujiana,福建盲蛇蛉,,,,,,,no_image
146733,Inocybe acuta,,,,,,,,no_image
146753,Inocybe carpta,,,,,,,,no_image
146773,Inocybe fibrosoides,拟纤维丝盖伞,,,,,,,no_image
146793,Inocybe hygrophila,湿生毛锈伞,,,,,,,no_image
146813,Inocybe mixtilis,,,,,,,,no_image
146833,Inocybe pachypleura,厚囊丝盖伞,,,,,,,no_image
146853,Inocybe radiata,辐射状丝盖菌,,,,,,,no_image
146873,Inocybe tigrina,,,,,,,,no_image
150272,Inonotus circinatus,,,,,,,,no_image
150292,Inonotus lloydii,,,,,,,,no_image
150312,Inonotus scaurus,,,,,,,,no_image
4285,Inquisitor zebra,斑马裁判螺,,,,,,,no_image
4273,Inquisitor alabaster,翼裁判螺,,,,,,,no_image
44152,Interphasma robustum,,,,,,,,no_image
106313,Inula rhizocephala,羊眼花,,,,,,,no_image
510,Iphiculus spongiosus,海绵精干蟹,,,,,,,no_image
139980,Iodophanus difformis,,,,,,,,no_image
106341,Ipomoea hederifolia,橙红茑萝,,,,,,,no_image
106362,Ipomoea turbinata,丁香茄,,,,,,,no_image
143894,Irenopsis macarangae,,,,,,,,no_image
44184,Iraota timoleon,铁木莱异灰蝶,,,,,,,no_image
106375,Iris clarkei,西藏鸢尾,,,,,,,no_image
106403,Iris kemaonensis,库门鸢尾,,,,,,,no_image
44193,Irmaria zerchei,,,,,,,,no_image
12890,Irura uniprocessa,单突翘蛛,,,,,,,no_image
106429,Iris qinghainica,青海鸢尾,,,,,,,no_image
106487,Isatis violascens,宽翅菘蓝,,,,,,,no_image
44208,Ischiolepta biuncialis,双钩栉小粪蝇,,,,,,,no_image
106469,Isachne hainanensis,海南柳叶箬,,,,,,,no_image
141844,Isaria farinosa,虫花棒束孢,,,,,,,no_image
44219,Ischnopsyllus anmashanensis,安马山蝠蚤,,,,,,,no_image
44262,Ischnosoma splendidum,,,,,,,,no_image
44239,Ischnosoma bohaci,,,,,,,,no_image
15379,Ischnothyreus flagellichelis,鞭螯弱斑蛛,,,,,,,no_image
106537,Isodon gesneroides,苣苔香茶菜,,,,,,,no_image
106513,Isodon attenuatus,渐狭香茶菜,,,,,,,no_image
44288,Ischnura rufostigma,赤斑异痣蟌,,,,,,,no_image
44302,Isochlora obscura,晦绿夜蛾,,,,,,,no_image
106563,Isodon loxothyrsus,弯锥香茶菜,,,,,,,no_image
106589,Isodon rosthornii,瘿花香茶菜,,,,,,,no_image
106624,Isoetes sinensis,中华水韭,,,,,,,no_image
106609,Isodon weisiensis,维西香菜菜,,,,,,,no_image
44345,Isomyia latimarginata,宽边等彩蝇,,,,,,,no_image
44384,Isoperla praetexta,遮盖同(虫责),,,,,,,no_image
44325,Isometopus hainanus,海南树盲蝽,,,,,,,no_image
44365,Isomyia versicolor,变色等彩蝇,,,,,,,no_image
106641,Isopterygium propaguliferum,芽胞同叶藓,,,,,,,no_image
18855,Isotomiella deharvengi,,,,,,,,no_image
106658,Isotrema brevilimbum,短檐关木通,,,,,,,no_image
44409,Isosturmia picta,多毛异丛寄蝇,,,,,,,no_image
106680,Isotrema hei,何氏关木通,,,,,,,no_image
106720,Isotrema thwaitesii,海边关木通,,,,,,,no_image
106700,Isotrema mollissimum,寻骨风,,,,,,,no_image
44424,Issikiopteryx ophrysa,眉花银祝蛾,,,,,,,no_image
77281,Istiompax indica,印度枪鱼,,,,,,,no_image
44471,Italochrysa aequalis,江南意草蛉,,,,,,,no_image
44453,Istocheta tricaudata,三尾裸背寄蝇,,,,,,,no_image
44491,Italochrysa tympaniformis,鼓囊意草蛉,,,,,,,no_image
106751,Itea yangchunensis,阳春鼠刺,,,,,,,no_image
106767,Ixeridium sagittarioides,戟叶小苦荬,,,,,,,no_image
106754,Itoa orientalis,栀子皮,,,,,,,no_image
12445,Iwogumoa plancyi,普氏亚隙蛛,,,,,,,no_image
106813,Jacobaea echaeta,裸缨千里光,,,,,,,no_image
1609,Izanami curtispina,短刺伊神蟹,,,,,,,no_image
44515,Jagannata ringentiformis,开克瓢蜡蝉,,,,,,,no_image
106786,Ixora cephalophora,团花龙船花,,,,,,,no_image
106829,Jania ungulata,蹄形叉珊藻,,,,,,,no_image
44533,Japanagromyza yoshimotoi,暗棍东潜蝇,,,,,,,no_image
106842,Jasminum cinnamomifolium,樟叶素馨,,,,,,,no_image
106863,Jasminum nervosum,青藤仔,,,,,,,no_image
5376,Jassa mormorata,理石叶钩虾,,,,,,,no_image
44555,Javeta maculata,裸异胸甲,,,,,,,no_image
16634,Jingneta tunxiensis,屯溪京弱蛛,,,,,,,no_image
44571,Jodis lactearia,青突尾尺蛾,,,,,,,no_image
77329,Johnius taiwanensis,台湾叫姑鱼,,,,,,,no_image
106899,Juglans regia,胡桃,,,,,,,no_image
106934,Juncus grisebachii,节叶灯芯草,,,,,,,no_image
106910,Juncus benghalensis,孟加拉灯芯草,,,,,,,no_image
106956,Juncus megalophyllus,大叶灯芯草,,,,,,,no_image
106983,Juncus sikkimensis,锡金灯芯草,,,,,,,no_image
107003,Jungermannia atrovirens,深绿叶苔,,,,,,,no_image
107020,Juniperus coxii,小果垂枝柏,,,,,,,no_image
107054,Juniperus tsukusiensis,清水圆柏,,,,,,,no_image
107068,Justicia acutangula,棱茎爵床,,,,,,,no_image
107108,Justicia ventricosa,黑叶小驳骨,,,,,,,no_image
107088,Justicia kampotiana,那坡爵床,,,,,,,no_image
44603,Kaburagia rhusicola,肚倍蚜,,,,,,,no_image
107133,Kailashia xizangensis,冈底斯芹,,,,,,,no_image
107148,Kalidium schrenkianum,圆叶盐爪爪,,,,,,,no_image
44636,Kamimuria coarctata,细短钩(虫责),,,,,,,no_image
77339,Kaloula rugifera,四川狭口蛙,,,,,,,no_image
44656,Kamimuria magna,大形钩(虫责),,,,,,,no_image
44676,Kamimuria wangi,王氏钩(虫责),,,,,,,no_image
107151,Kappaphycus alvarezii,长心卡帕藻,,,,,,,no_image
16144,Karteroiulus niger,,,,,,,,no_image
107160,Keiskea australis,南方香简草,,,,,,,no_image
107158,Keenania flava,黄溪楠,,,,,,,no_image
107176,Kengyilia grandiglumis,大颖仲彬草,,,,,,,no_image
18580,Keratella valga,曲腿龟甲轮虫,,,,,,,no_image
107200,Kengyilia zhaosuensis,昭苏仲彬草,,,,,,,no_image
14389,Ketambea nigripectoris,黑斑克坦蛛,,,,,,,no_image
4429,Kermia felina,褐块棋盘螺,,,,,,,no_image
15144,Khorata liuzhouensis,柳州呵叻蛛,,,,,,,no_image
15107,Khorata xingyi,兴义呵叻蛛,,,,,,,no_image
16905,Kilungius bimaculatus,双斑基隆盲蛛,,,,,,,no_image
44764,Kingdonella rivuna,肛沟金蝗,,,,,,,no_image
107234,Kitagawia stepposa,草原石防风,,,,,,,no_image
107229,Kirengeshoma palmata,黄山梅,,,,,,,no_image
107250,Kleinhovia hospita,鹧鸪麻,,,,,,,no_image
107272,Koelreuteria elegans,秀丽栾,,,,,,,no_image
107261,Knoxia sumatrensis,红芽大戟,,,,,,,no_image
107298,Koenigia nepalensis,细茎蓼,,,,,,,no_image
44807,Kolla hubeiensis,湖北边大叶蝉，新种,,,,,,,no_image
44827,Komiyandra lanyuana,,,,,,,,no_image
44850,Kotogargara nodipennis,结翅卡圆角蝉,,,,,,,no_image
44832,Korinchia apicalis,尖斜环蚜蝇,,,,,,,no_image
44859,Krenosmittia camptophleps,,,,,,,,no_image
137252,Kroswia crystallifera,,,,,,,,no_image
148226,Kuehneromyces rostratus,喙囊库恩菌,,,,,,,no_image
44868,Kuldscha curvata,弯纹库尺蛾,,,,,,,no_image
44881,Kunasia novisa,白痕短胸叶蝉,,,,,,,no_image
44903,Kunugia gilirmaculata,黄斑杂枯叶蛾,,,,,,,no_image
44928,Kurarua ruficeps,,,,,,,,no_image
107350,Kurzia makinoana,牧野细指苔,,,,,,,no_image
44945,Kuwayamaea longipennis,长翅桑螽,,,,,,,no_image
44966,Labomimus dabashanus,,,,,,,,no_image
107369,Kyllinga squamulata,冠鳞水蜈蚣,,,,,,,no_image
135014,Laboulbenia anaplogenii,,,,,,,,no_image
135034,Laboulbenia idiostoma,,,,,,,,no_image
135054,Laboulbenia sinica,,,,,,,,no_image
107371,Laburnum anagyroides,毒豆,,,,,,,no_image
146351,Laccaria longipes,长柄蜡蘑,,,,,,,no_image
45004,Lacera noctilio,波戟夜蛾,,,,,,,no_image
140553,Lachnea helvelloides,,,,,,,,no_image
147537,Lachnella bicolor,,,,,,,,no_image
138631,Lachnellula dabaensis,大巴长生盘菌,,,,,,,no_image
45007,Lachnopterus auripennis,,,,,,,,no_image
138659,Lachnum calyculiforme,萼状粒毛盘菌,,,,,,,no_image
138679,Lachnum gleicheniae,,,,,,,,no_image
138699,Lachnum macroparaphysatum,,,,,,,,no_image
138719,Lachnum pseudocorreae,短囊粒毛盘菌,,,,,,,no_image
138739,Lachnum tenuissimum,瘦粒毛盘菌,,,,,,,no_image
143076,Lacrimasporonites major,,,,,,,,no_image
152117,Lactarius aspideus,盾形乳菇,,,,,,,no_image
152137,Lactarius carmineus,,,,,,,,no_image
152157,Lactarius deliciosus,松乳菇,,,,,,,no_image
152177,Lactarius griseus,浅灰乳菇,,,,,,,no_image
152196,Lactarius lignicola,木生乳菇,,,,,,,no_image
152216,Lactarius nigroviolascens,黑紫乳菇,,,,,,,no_image
152236,Lactarius pinckneyensis,屏格尼乳菇,,,,,,,no_image
152256,Lactarius roseophyllus,,,,,,,,no_image
152276,Lactarius subgerardii,亚稀褶茸乳菇,,,,,,,no_image
77407,Lactoria fornasini,福氏角箱鲀,,,,,,,no_image
152296,Lactarius vietus,凋萎状乳菇,,,,,,,no_image
45026,Laelia atestacea,褐素毒蛾,,,,,,,no_image
151005,Laetiporus cremeiporus,奶油?孔菌,,,,,,,no_image
1505,Laganum leseuri,雷氏饼海胆,,,,,,,no_image
107402,Lagerstroemia limii,福建紫薇,,,,,,,no_image
107415,Lagochilus bungei,阿尔泰兔唇花,,,,,,,no_image
15520,Lagynochthonius leptopalpus,长触拉伪蝎,,,,,,,no_image
107437,Lagotis brachystachya,短穗兔耳草,,,,,,,no_image
77428,Laiphognathus multimaculatus,多斑宽颌鳚,,,,,,,no_image
138867,Lambertella tewarii,台氏兰伯盘菌,,,,,,,no_image
45056,Lamelligomphus choui,,,,,,,,no_image
107456,Lamium album,短柄野芝麻,,,,,,,no_image
77451,Lampetra reissneri,雷氏七鳃鳗,,,,,,,no_image
45094,Lampropteryx producta,叉丽翅尺蛾,,,,,,,no_image
45113,Langia kunmingensis,昆明锯翅天蛾,,,,,,,no_image
45108,Lamprotatus funiculus,长索丽金小蜂,,,,,,,no_image
77488,Lanius tephronotus,灰背伯劳,,,,,,,no_image
107475,Laportea lageensis,拉格艾麻,,,,,,,no_image
45116,Laodelphax striatellus,灰飞虱,,,,,,,no_image
45128,Laphria chrysorhiza,台湾毛食虫虻,,,,,,,no_image
107498,Lappula karelinii,光胖鹤虱,,,,,,,no_image
107520,Lappula stricta,劲直鹤虱,,,,,,,no_image
11119,Larinia microhooda,小兜肥蛛,,,,,,,no_image
107548,Larix sibirica,新疆落叶松,,,,,,,no_image
2866,Lasaea rubra,红拉沙蛤,,,,,,,no_image
107552,Lasianthus austrosinensis,华南粗叶木,,,,,,,no_image
107579,Lasianthus linearisepalus,线萼粗叶木,,,,,,,no_image
45155,Lasiochaeta kunmingensis,昆明多毛秆蝇,,,,,,,no_image
138485,Lasiobelonium boreale,北方针毛盘菌,,,,,,,no_image
45177,Lasiochilus japonicus,日本毛唇花蝽,,,,,,,no_image
45190,Lasiohelea dandongensis,丹东蠛蠓,,,,,,,no_image
45230,Lasiohelea phototropia,趋光蠛蠓,,,,,,,no_image
45210,Lasiohelea labidentis,唇齿蠛蠓,,,,,,,no_image
45250,Lasiohelea wuyiensis,武夷蠛蠓,,,,,,,no_image
45269,Lasiomma replicatum,山纤目花蝇,,,,,,,no_image
77525,Lasiopodomys mandarinus,棕色田鼠,,,,,,,no_image
9398,Lasioseius ometes,,,,,,,,no_image
9379,Lasioseius youcefi,,,,,,,,no_image
107604,Lastreopsis tenera,台湾节毛蕨,,,,,,,no_image
45327,Lathrobium barbiventre,,,,,,,,no_image
45307,Lathrobium acre,,,,,,,,no_image
45347,Lathrobium brevitergale,,,,,,,,no_image
45387,Lathrobium formidabile,,,,,,,,no_image
45367,Lathrobium declive,,,,,,,,no_image
45407,Lathrobium hirsutum,,,,,,,,no_image
45427,Lathrobium jinxiuense,,,,,,,,no_image
45447,Lathrobium magnispinosum,,,,,,,,no_image
45467,Lathrobium pium,,,,,,,,no_image
45487,Lathrobium sexspinosum,,,,,,,,no_image
45507,Lathrobium tentaculatum,,,,,,,,no_image
45527,Lathrobium yaoluopingense,,,,,,,,no_image
45547,Lathromeris tumiclavata,锤棒纹翅赤眼蜂,,,,,,,no_image
107609,Lathyrus davidii,大山黧豆,,,,,,,no_image
13613,Lathys chishuiensis,赤水隐蔽蛛,,,,,,,no_image
45570,Latistria testacea,黄褐阔条飞虱,,,,,,,no_image
5165,Latreutes mucronatus,铲形深额虾,,,,,,,no_image
107640,Laurencia articulata,节枝软凹藻,,,,,,,no_image
45577,Latreille choui,周氏螯蜂,,,,,,,no_image
134917,Lauriomyces pulchra,,,,,,,,no_image
1241,Leanira japonica,日本刺梳鳞虫,,,,,,,no_image
18135,Lecane cornuta,壮实腔轮虫,,,,,,,no_image
18144,Lecane lauterborni,劳氏腔轮虫,,,,,,,no_image
18166,Lecane stichaea,棘腔轮虫,,,,,,,no_image
135676,Lecanora caesioalutacea,兰茶渍,,,,,,,no_image
45606,Lecanodiaspis peni,四川盘蚧,,,,,,,no_image
135696,Lecanora flavidofusca,暗黄茶渍,,,,,,,no_image
135716,Lecanora isabellina,赭茶渍,,,,,,,no_image
135736,Lecanora pleospora,,,,,,,,no_image
149178,Leccinum holopus,污白疣柄牛肝菌,,,,,,,no_image
107670,Lecanthus peduncularis,假楼梯草,,,,,,,no_image
135756,Lecanora sulphurescens,近硫色茶渍,,,,,,,no_image
136714,Lecidea lapicida,岩网衣,,,,,,,no_image
136694,Lecidea confluens,汇合网衣,,,,,,,no_image
149198,Leccinum subleucophaeum,小近白褐疣柄牛肝菌,,,,,,,no_image
136734,Lecidea sinensis,中华网衣,,,,,,,no_image
135777,Lecidella xylophila,木生小网衣,,,,,,,no_image
45649,Lecithocera latebrata,潜平祝蛾,,,,,,,no_image
45629,Lecithocera cuspidata,尖祝蛾,,,,,,,no_image
45669,Lecithocera paraulias,管平祝蛾,,,,,,,no_image
45689,Lecithocera tylobathra,粗梗平祝蛾,,,,,,,no_image
16777,Leclercera undulata,波状利克蛛,,,,,,,no_image
19343,Leeonychiurus fusongensis,,,,,,,,no_image
45698,Leguminivora glycinivorella,大豆食心虫,,,,,,,no_image
16856,Leiobunum hedini,赫氏平丘盲蛛,,,,,,,no_image
5535,Leipsuropus sinensis,华寡尾肢钩虾,,,,,,,no_image
77550,Leiolepis reevesii,蜡皮蜥,,,,,,,no_image
45729,Leiopus ocellatus,,,,,,,,no_image
107723,Lejeunea japonica,日本细鳞苔,,,,,,,no_image
131773,Lembosia linderae,,,,,,,,no_image
45766,Lemyra anormala,伪姬白望灯蛾,,,,,,,no_image
137895,Lemonniera filiformis,,,,,,,,no_image
107743,Lejeunea stevensiana,喜马拉雅细鳞苔,,,,,,,no_image
150057,Lentaria patouillardii,,,,,,,,no_image
7744,Lensia campanella,钟浅室水母,,,,,,,no_image
45793,Lemyra neglecta,白望灯蛾,,,,,,,no_image
147598,Lentinula raphanica,,,,,,,,no_image
151546,Lentinus squarrosulus,翘鳞韧伞,,,,,,,no_image
107757,Leonotis leonurus,狮耳花,,,,,,,no_image
107775,Leontopodium haastioides,密垫火绒草,,,,,,,no_image
151561,Lenzites ochrophylla,,,,,,,,no_image
107798,Leontopodium stracheyi,毛香火绒草,,,,,,,no_image
139050,Leotia atropurpurea,,,,,,,,no_image
18658,Lepadella amphitropis,双棱鞍甲轮虫,,,,,,,no_image
2657,Lepas anatifera,,,,,,,,no_image
984,Lepidasthenia microlepis,小鳞脆鳞虫,,,,,,,no_image
18945,Lepidocyrtus wanningensis,,,,,,,,no_image
107839,Lepidium ferganense,全缘独行菜,,,,,,,no_image
107854,Lepidostemon everestianus,珠峰鳞蕊芥,,,,,,,no_image
145301,Lepiota brunneocingulata,,,,,,,,no_image
145281,Lepiota adulterina,粒鳞环柄菇,,,,,,,no_image
107857,Lepidozia fauriana,东亚指叶苔,,,,,,,no_image
145321,Lepiota epicharis,美丽环柄菇,,,,,,,no_image
145341,Lepiota griseorubescens,,,,,,,,no_image
145401,Lepiota seminuda,,,,,,,,no_image
145361,Lepiota lateritiopurpurea,,,,,,,,no_image
145381,Lepiota phaeosticta,,,,,,,,no_image
145421,Lepiota virescens,,,,,,,,no_image
107926,Lepisorus pseudonudus,长瓦韦,,,,,,,no_image
107946,Lepisorus tricholepis,软毛瓦韦,,,,,,,no_image
107884,Lepisorus asterolepis,黄瓦韦,,,,,,,no_image
107904,Lepisorus lineariformis,线叶瓦韦,,,,,,,no_image
148495,Lepista piperata,,,,,,,,no_image
136610,Lepraria lobificans,裂片癞屑衣,,,,,,,no_image
45829,Leptagria salamannai,,,,,,,,no_image
45854,Leptispa impressa,曲缘卷叶甲,,,,,,,no_image
14052,Lepthyphantes hamifer,反钩斑皿蛛,,,,,,,no_image
77598,Leptobotia guilinensis,桂林薄鳅,,,,,,,no_image
77618,Leptobrachium bompu,藏南拟髭蟾,,,,,,,no_image
45882,Leptocera guangxiensis,广西雅小粪蝇,,,,,,,no_image
107980,Leptochilus henryi,矩圆线蕨,,,,,,,no_image
45896,Leptochroma shanxianum,,,,,,,,no_image
45908,Leptoconops conulus,圆锥细蠓,,,,,,,no_image
45928,Leptoconops riparins,溪岸细蠓,,,,,,,no_image
107999,Leptodermis brevisepala,短萼野丁香,,,,,,,no_image
108023,Leptodermis pilosa,川滇野丁香,,,,,,,no_image
131,Leptodius gracilis,细巧皱蟹,,,,,,,no_image
45956,Leptogaster longicauda,长尾细腹食虫虻,,,,,,,no_image
137130,Leptogium capense,内含猫耳衣,,,,,,,no_image
16205,Leptogoniulus sorornus,小红黑马陆,,,,,,,no_image
137150,Leptogium propaguliferum,,,,,,,,no_image
144252,Leptographium lundbergii,,,,,,,,no_image
108080,Leptolejeunea balansae,巴氏薄鳞苔,,,,,,,no_image
108089,Leptomischus erianthus,毛花报春茜,,,,,,,no_image
16612,Leptonetela dabian,达便小弱蛛,,,,,,,no_image
16637,Leptonetela identica,同型小弱蛛,,,,,,,no_image
16686,Leptonetela robustispina,强刺小弱蛛,,,,,,,no_image
16615,Leptonetela mayang,麻阳小弱蛛,,,,,,,no_image
16699,Leptonetela trispinosa,三刺弱蛛,,,,,,,no_image
108096,Leptopetalum strigulosum,肉叶耳草,,,,,,,no_image
45990,Leptopsylla nemorosa,林野细蚤,,,,,,,no_image
46003,Leptopternis iliensis,伊犁细距蝗,,,,,,,no_image
46009,Leptosciarella neopalpa,近须细刺眼蕈蚊,,,,,,,no_image
133687,Leptosphaeria belamcadae,,,,,,,,no_image
133707,Leptosphaeria orae-maris,,,,,,,,no_image
148800,Leptosporomyces fuscostratus,,,,,,,,no_image
139226,Leptostroma quercinum,,,,,,,,no_image
6697,Leptotheca faba,豆粒薄壳虫,,,,,,,no_image
137853,Leptotrochila repanda,波状细皮裂盘菌,,,,,,,no_image
46055,Leptura formosomontana,,,,,,,,no_image
46078,Leptura tatsienlua,,,,,,,,no_image
9449,Leptus zhutingensis,,,,,,,,no_image
46110,Leptusa hamulata,,,,,,,,no_image
46130,Leptusa recta,,,,,,,,no_image
108128,Lerchea sinica,华多轮草,,,,,,,no_image
46150,Leptusa xianensis,,,,,,,,no_image
108146,Lespedeza cuneata,截叶铁扫帚,,,,,,,no_image
108174,Lespedeza merrillii,麦里胡枝子,,,,,,,no_image
46164,Lestes praemorsus,舟尾丝蟌,,,,,,,no_image
46184,Lesteva kargilensis,,,,,,,,no_image
46206,Lesteva yunnanicola,,,,,,,,no_image
136012,Lethariella cladonioides,金丝刷,,,,,,,no_image
46249,Lethe helle,明带黛眼蝶,,,,,,,no_image
46277,Lethe rohria,波纹黛眼蝶,,,,,,,no_image
77665,Lethrinus erythracanthus,红棘裸颊鲷,,,,,,,no_image
46305,Leucania albiradiosa,白辐粘夜蛾,,,,,,,no_image
46325,Leucania loreyi,白点粘夜蛾,,,,,,,no_image
46345,Leucania striatella,弧线粘夜蛾,,,,,,,no_image
108208,Leucas zeylanica,绉面草,,,,,,,no_image
14990,Leucauge xiuying,秀英银鳞蛛,,,,,,,no_image
145431,Leucoagaricus dextrinoidesporus,,,,,,,,no_image
108214,Leucobryum chlorophyllosum,绿色白发藓,,,,,,,no_image
17016,Leucochloridium turanicum,鹬彩蚴吸虫,,,,,,,no_image
46358,Leucocraspedum baoshanense,,,,,,,,no_image
108223,Leucodon coreensis,朝鲜白齿藓,,,,,,,no_image
149460,Leucogyrophana pinastri,,,,,,,,no_image
46386,Leucoma salicis,雪毒蛾,,,,,,,no_image
148510,Leucopaxillus gentianeus,龙胆白桩菇,,,,,,,no_image
46421,Leucophenga euryphylla,膨叶白果蝇,,,,,,,no_image
46401,Leucophenga albiterga,白板白果蝇,,,,,,,no_image
46441,Leucophenga longipenis,长茎白果蝇,,,,,,,no_image
46461,Leucophenga rectinervis,直脉白果蝇,,,,,,,no_image
46481,Leucophenga todai,户田白果蝇,,,,,,,no_image
46499,Leucophora obtusa,钝植蝇,,,,,,,no_image
46519,Leucopis pallidolineata,,,,,,,,no_image
152956,Leucosporidium golubevii,,,,,,,,no_image
3439,Leucothoe furina,暴白钩虾,,,,,,,no_image
138058,Leveillula lactucae-serriolae,,,,,,,,no_image
108258,Lewinskya affinis,拟显孔藓,,,,,,,no_image
108297,Leymus pseudoracemosus,柴达木赖草,,,,,,,no_image
108275,Leycesteria gracilis,纤细鬼吹箫,,,,,,,no_image
108312,Liagora ceranoides,软粉枝藻,,,,,,,no_image
108343,Libanotis acaulis,阔鞘岩风,,,,,,,no_image
108332,Liagora segawae,细粉枝藻,,,,,,,no_image
46548,Libelloides sibiricus,黄花丽蝶角蛉,,,,,,,no_image
46566,Libnotes immetata,未亮大蚊,,,,,,,no_image
46585,Libythea lepita,朴喙蝶,,,,,,,no_image
136031,Lichen melanocarpus,,,,,,,,no_image
146525,Lichenomphalia umbellifera,伞形地衣亚脐菇,,,,,,,no_image
4248,Lienardia cremonilla,扁肋狭口螺,,,,,,,no_image
108377,Ligularia chekiangensis,浙江橐吾,,,,,,,no_image
46598,Ligeriella aristata,钝芒利格寄蝇,,,,,,,no_image
108399,Ligularia franchetiana,隐舌橐吾,,,,,,,no_image
108423,Ligularia latihastata,宽戟橐吾,,,,,,,no_image
108445,Ligularia myriocephala,千花橐吾,,,,,,,no_image
108469,Ligularia qiaojiaensis,巧家橐吾,,,,,,,no_image
108491,Ligularia tulupanica,土鲁番橐吾,,,,,,,no_image
108513,Ligusticopsis involucrata,多苞拟藁本,,,,,,,no_image
108533,Ligusticum mairei,白龙藁本,,,,,,,no_image
108557,Ligustrum leucanthum,蜡子树,,,,,,,no_image
46605,Ligyra galbinus,黄磷丽蜂虻,,,,,,,no_image
108590,Lilium amabile,秀丽百合,,,,,,,no_image
108625,Lilium gongshanense,贡山豹子花,,,,,,,no_image
108654,Lilium meleagrinum,多斑豹子花,,,,,,,no_image
108680,Lilium sealyi,滇西豹子花,,,,,,,no_image
299,Liljeborgia serrata,锯齿利尔钩虾,,,,,,,no_image
132118,Limacinia oblongispora,,,,,,,,no_image
46627,Limenitis amphyssa,重眉线蛱蝶,,,,,,,no_image
77713,Limnichthys fasciatus,条纹沼泽鱼,,,,,,,no_image
46669,Limnophora brunneisquama,棕瓣池蝇,,,,,,,no_image
108705,Limnophila indica,有梗石龙尾,,,,,,,no_image
46689,Limnophora leigongshana,雷公山池蝇,,,,,,,no_image
46710,Limnophora pollinifrons,粉额池蝇,,,,,,,no_image
8323,Limnoria tripunctata,三疣蛀木水虱,,,,,,,no_image
46730,Limnophora virago,坤池蝇,,,,,,,no_image
46766,Limonia propior,端肿沼大蚊,,,,,,,no_image
108724,Limonium lacostei,灰杆补血草,,,,,,,no_image
6530,Limulatys ooformis,卵泥阿地螺,,,,,,,no_image
46793,Linan tendothorax,,,,,,,,no_image
46798,Linda apicalis,,,,,,,,no_image
108753,Lindbergia japonica,东亚细枝藓,,,,,,,no_image
108810,Lindera robusta,海南山胡椒,,,,,,,no_image
108779,Lindera glauca,山胡椒,,,,,,,no_image
108832,Lindernia hyssopoides,尖果母草,,,,,,,no_image
18214,Lindia delicata,柔细柔轮虫,,,,,,,no_image
46830,Linguisaccus subhyalina,镶纹绿尺蛾,,,,,,,no_image
108862,Lindsaea merrillii,蔓生鳞始蕨,,,,,,,no_image
46859,Linnaemya soror,索勒短须寄蝇,,,,,,,no_image
46839,Linnaemya haemorrhoidalis,饰鬃短须寄蝇,,,,,,,no_image
141487,Linospora liquidambaris,,,,,,,,no_image
14047,Linyphia triangularoides,类三角皿蛛,,,,,,,no_image
46872,Liochrysogaster przewalskii,普平金蚜蝇,,,,,,,no_image
414,Lioconcha ornata,锦绣光壳蛤,,,,,,,no_image
46911,Liogluta langmusiensis,,,,,,,,no_image
46891,Liodrosophila trichaetopennis,三毛茎曙果蝇,,,,,,,no_image
46939,Liopiophila varipes,异色平酪蝇,,,,,,,no_image
46931,Liogluta tibetana,,,,,,,,no_image
46950,Liosarcophaga emdeni,直叶醬麻蝇,,,,,,,no_image
46970,Liosarcophaga nanpingensis,南坪醬麻蝇,,,,,,,no_image
47010,Liothrips terminaliae,榄仁滑管蓟马,,,,,,,no_image
46990,Liotesba recticeps,,,,,,,,no_image
108890,Liparis brunnea,褐花羊耳蒜,,,,,,,no_image
108909,Liparis glossula,方唇羊耳蒜,,,,,,,no_image
108927,Liparis nigra,紫花羊耳蒜,,,,,,,no_image
108946,Liparis stricklandiana,扇唇羊耳蒜,,,,,,,no_image
47018,Lipoptena pauciseta,钩利虱蝇,,,,,,,no_image
108963,Lirianthe coco,夜香木兰,,,,,,,no_image
47037,Liriomyza pusilla,小斑潜蝇,,,,,,,no_image
139231,Lirula exigua,,,,,,,,no_image
47062,Lispe flavicornis,黄角溜蝇,,,,,,,no_image
47082,Lispe patellitarsis,盘蹠溜蝇,,,,,,,no_image
47102,Lispocephala arefacta,干溜头秽蝇,,,,,,,no_image
47142,Lispocephala subcurvilobata,拟曲叶溜头秽蝇,,,,,,,no_image
47122,Lispocephala monochaitis,单鬃溜头秽蝇,,,,,,,no_image
143094,Listeromyces insignis,,,,,,,,no_image
47162,Lithacodia martjanovi,白肾俚夜蛾,,,,,,,no_image
15695,Lithobius chengsiensis,嵊泗石蜈蚣,,,,,,,no_image
15669,Lithobius magnitergiferous,巨甲石蜈蚣,,,,,,,no_image
15662,Lithobius sinuispineus,弯刺石蜈蚣,,,,,,,no_image
109022,Lithocarpus cyrtocarpus,鱼蓝柯,,,,,,,no_image
108994,Lithocarpus bonnetii,帽柯,,,,,,,no_image
109065,Lithocarpus laetus,屏边柯,,,,,,,no_image
109045,Lithocarpus gaoligongensis,高黎贡柯,,,,,,,no_image
109087,Lithocarpus nantoensis,南投柯,,,,,,,no_image
109110,Lithocarpus rosthornii,南川柯,,,,,,,no_image
5350,Lithophaga lessepsiana,赖氏石蛏,,,,,,,no_image
109134,Lithocarpus yangchunensis,阳春柯,,,,,,,no_image
109138,Lithospermum erythrorhizon,紫草,,,,,,,no_image
47197,Litinga cottini,缕蛱蝶,,,,,,,no_image
109180,Litsea glutinosa,潺槁木姜子,,,,,,,no_image
109150,Litsea albescens,白叶木姜子,,,,,,,no_image
109205,Litsea martabanica,滇南木姜子,,,,,,,no_image
109234,Litsea subcoriacea,桂北木姜子,,,,,,,no_image
77799,Liurana namchabarwa,南迦巴瓦舌突蛙,,,,,,,no_image
109259,Littledalea tibetica,藏扇穗茅,,,,,,,no_image
47220,Ljungh capillus,毛双距螯蜂,,,,,,,no_image
47240,Ljungh sinensis,中华双距螯蜂,,,,,,,no_image
137175,Lobaria isidiosa,裂芽肺衣,,,,,,,no_image
137195,Lobaria yulongensis,玉龙肺衣,,,,,,,no_image
47246,Lobesia bicinctana,葱花翅小卷蛾,,,,,,,no_image
109286,Lobelia melliana,线萼山梗菜,,,,,,,no_image
47264,Lobocla germana,曲纹带弄蝶,,,,,,,no_image
7176,Lobophytum chevalieri,戚氏叶软珊瑚,,,,,,,no_image
7188,Lobophytum pulchellum,美丽叶软珊瑚,,,,,,,no_image
47278,Lobrathium atanggei,,,,,,,,no_image
47298,Lobrathium duplex,,,,,,,,no_image
47318,Lobrathium pedes,,,,,,,,no_image
77822,Locustella tacsanowskia,中华短翅蝗莺,,,,,,,no_image
47338,Lobrathium tuberosum,,,,,,,,no_image
109305,Lolium perenne,黑麦草,,,,,,,no_image
109322,Lomatogoniopsis galeiformis,盔形辐花,,,,,,,no_image
47357,Lomechusa brevicornis,,,,,,,,no_image
109350,Lomentaria hakodatensis,节荚藻,,,,,,,no_image
47392,Lonchoptera caudexcavata,凹尾尖翅蝇,,,,,,,no_image
77833,Lonchura striata,白腰文鸟,,,,,,,no_image
109351,Lonicera acuminata,淡红忍冬,,,,,,,no_image
47416,Longipalpus shigarorogi,,,,,,,,no_image
109381,Lonicera hypoleuca,白背忍冬,,,,,,,no_image
109408,Lonicera oreodoxa,垫状忍冬,,,,,,,no_image
109438,Lonicera tubuliflora,管花忍冬,,,,,,,no_image
47440,Lopaphus yunnanensis,云南股䗛,,,,,,,no_image
77843,Lophiogobius ocellicauda,眼尾蝌蚪鰕虎,,,,,,,no_image
133728,Lophiotrema psychotriae,,,,,,,,no_image
139263,Lophodermium durilabrum,,,,,,,,no_image
139243,Lophodermina juniperina,,,,,,,,no_image
139283,Lophodermium lineatum,,,,,,,,no_image
139303,Lophodermium pini-bungeanae,白皮松散斑壳,,,,,,,no_image
77846,Lophodolos indicus,印度冠鮟鱇,,,,,,,no_image
47455,Lophontosia draesekei,北京冠齿舟蛾,,,,,,,no_image
2361,Lophoplax sculpta,雕刻冠背蟹,,,,,,,no_image
47493,Lophosceles cinereiventris,灰腹饰足蝇,,,,,,,no_image
47513,Lophosiosoma bicornis,双角冠寄蝇,,,,,,,no_image
243,Lophozozymus anaglypta,凸雕脊熟若蟹,,,,,,,no_image
47524,Lordiphosa antillaria,羚角拱背果蝇,,,,,,,no_image
47544,Lordiphosa magnipectinata,大梳拱背果蝇,,,,,,,no_image
47564,Lordithon daviesi,,,,,,,,no_image
77877,Lotella phycis,褐浔鳕,,,,,,,no_image
4229,Lovellona atramentosa,芋塔螺,,,,,,,no_image
47593,Loxioda parva,斜线曲夜蛾,,,,,,,no_image
17215,Loxogenes liberum,幼稚斜生吸虫,,,,,,,no_image
47609,Loxoneura fascialis,大斑肘角广口蝇,,,,,,,no_image
109513,Loxostigma hekouense,河口斜柱苣苔,,,,,,,no_image
47628,Lucilia bazini,南岭绿蝇,,,,,,,no_image
968,Lucina dalli,密纹满月蛤,,,,,,,no_image
109526,Ludwigia hyssopifolia,草龙,,,,,,,no_image
109537,Luisia brachyota,短耳钗子股,,,,,,,no_image
109556,Lunaria annua,银扇草,,,,,,,no_image
97,Lupocyclus sexspinosus,六刺狼牙蟹,,,,,,,no_image
77920,Lutjanus gibbus,隆背笛鲷,,,,,,,no_image
3121,Lutraria impar,奇獭蛤,,,,,,,no_image
109573,Luzula jilongensis,西藏地杨梅,,,,,,,no_image
47684,Lycaena solskyi,梭尔灰蝶,,,,,,,no_image
109614,Lycium chinense,枸杞,,,,,,,no_image
77948,Lycodon laoensis,老挝链蛇,,,,,,,no_image
146910,Lycoperdon caryophyllinum,,,,,,,,no_image
146930,Lycoperdon fragile,,,,,,,,no_image
146970,Lycoperdon radicatum,长根静马勃,,,,,,,no_image
146950,Lycoperdon maximum,大馬勃,,,,,,,no_image
109630,Lycopodium neopungens,新锐叶石松,,,,,,,no_image
47705,Lycoriella epleuroti,鄂菇眼蕈蚊,,,,,,,no_image
47725,Lycoriella strangulata,缢胫厉眼蕈蚊,,,,,,,no_image
109668,Lycoris tsinlingensis,秦岭石蒜,,,,,,,no_image
47740,Lydella stabulans,宿厉寄蝇,,,,,,,no_image
16378,Lycosa phipsoni,菲氏狼蛛,,,,,,,no_image
47756,Lygocoris chengi,程氏丽盲蝽,,,,,,,no_image
109675,Lygodium japonicum,海金沙,,,,,,,no_image
47786,Lygus sacchari,甘蔗草盲蝽,,,,,,,no_image
47805,Lymantria minomonis,扇纹毒蛾,,,,,,,no_image
47824,Lynchia fenestella,翼窦鹭虱蝇,,,,,,,no_image
147003,Lyophyllum buxeum,,,,,,,,no_image
47843,Lypesthes vittatus,白纹简胸肖叶甲,,,,,,,no_image
147023,Lyophyllum rancidum,,,,,,,,no_image
109694,Lysidice rhodostegia,仪花,,,,,,,no_image
109716,Lysimachia cavicola,洞生香草,,,,,,,no_image
109736,Lysimachia debilis,南亚过路黄,,,,,,,no_image
109760,Lysimachia fukienensis,福建过路黄,,,,,,,no_image
109781,Lysimachia jingdongensis,景东香草,,,,,,,no_image
109804,Lysimachia nanchuanensis,南川过路黄,,,,,,,no_image
109828,Lysimachia porcatisepala,棱萼过路黄,,,,,,,no_image
109850,Lysimachia sciadantha,伞花落地梅,,,,,,,no_image
109873,Lysimachia tsaii,波缘珍珠菜,,,,,,,no_image
109894,Lysionotus heterophyllus,异叶吊石苣苔,,,,,,,no_image
109925,Lysionotus ziroensis,刺齿吊石苣苔,,,,,,,no_image
14638,Lysiteles dianicus,滇微蟹蛛,,,,,,,no_image
14834,Lysiteles saltus,跳微蟹蛛,,,,,,,no_image
150783,Lysurus cruciatus,十字散尾鬼笔,,,,,,,no_image
109932,Maackia hupehensis,马鞍树,,,,,,,no_image
47878,Maaserphus sulculus,沟花马氏细蜂,,,,,,,no_image
109938,Macaranga andamanica,轮苞血桐,,,,,,,no_image
47891,Macgregoromyia szechwanensis,四川叉纤足大蚊,,,,,,,no_image
109952,Machilus attenuata,狭基润楠,,,,,,,no_image
109996,Machilus longipes,东莞润楠,,,,,,,no_image
110019,Machilus ovatiloba,糙枝润楠,,,,,,,no_image
109972,Machilus foonchewii,琼桂润楠,,,,,,,no_image
110039,Machilus tingzhourensis,汀州润楠,,,,,,,no_image
77984,Machlolophus xanthogenys,眼纹黄山雀,,,,,,,no_image
5444,Macoma incongrua,异白樱蛤,,,,,,,no_image
47924,Macquartia tenebricosa,阴叶甲寄蝇,,,,,,,no_image
5127,Macrobrachium horstii,霍氏沼虾,,,,,,,no_image
47969,Macrocentrus guizhouensis,贵州长体茧蜂,,,,,,,no_image
5126,Macrobrachium vietnamense,越南沼虾,,,,,,,no_image
47949,Macrocentrus bicolor,两色长体茧蜂,,,,,,,no_image
47989,Macrocentrus parametriates,,,,,,,,no_image
77988,Macrocephenchelys brachialis,臂斑大头糯鳗,,,,,,,no_image
18528,Macrochaetus sericus,绢多棘轮虫,,,,,,,no_image
48031,Macrocilix maia,宽铃钩蛾,,,,,,,no_image
17069,Macrodera cantonensis,广东巨颈吸虫,,,,,,,no_image
145477,Macrolepiota prominens,,,,,,,,no_image
77994,Macroglossus sobrinus,安氏长舌果蝠,,,,,,,no_image
48081,Macromia cupricincta,褐蓝大伪蜻,,,,,,,no_image
48103,Macromidia ishidai,黄尾中伪蜻,,,,,,,no_image
110083,Macromitrium macrosporum,棱蒴蓑藓,,,,,,,no_image
110098,Macropanax chienii,显脉大参,,,,,,,no_image
446,Macrophiothrix longipeda,长大刺蛇尾,,,,,,,no_image
4031,Macrophthalmus banzai,万岁大眼蟹,,,,,,,no_image
139840,Macropodia subclavipes,亚柄大足盘菌,,,,,,,no_image
48120,Macropidonia ruficollis,红胸显突花天牛,,,,,,,no_image
48137,Macrorrhyncha fanjingana,梵净玛菌蚊,,,,,,,no_image
48165,Macrostylophora nandanensis,南丹大锥蚤,,,,,,,no_image
48144,Macrostylophora angustihamula,细钩大锥蚤,,,,,,,no_image
48185,Macrotermes menglongensis,勐龙大白蚁,,,,,,,no_image
13480,Macrothele jingzhao,敬钊大疣蛛,,,,,,,no_image
110125,Macrothelypteris torresiana,普通针毛蕨,,,,,,,no_image
133729,Macrovalsaria megalospora,,,,,,,,no_image
3119,Mactra veneriformis,四角蛤蜊,,,,,,,no_image
110128,Macvicaria ulophylla,多瓣苔,,,,,,,no_image
2129,Maera spinimana,刺掌细身钩虾,,,,,,,no_image
110150,Maesa marioniae,毛脉杜茎山,,,,,,,no_image
48226,Maginicauda linjiangensis,临江魔尾麻蝇,,,,,,,no_image
48256,Mahencyrtus comara,柯木玛赫跳小蜂,,,,,,,no_image
110167,Maharanga bicolor,二色胀萼紫草,,,,,,,no_image
110193,Mahonia leptodonta,细齿十大功劳,,,,,,,no_image
110213,Maianthemum dahuricum,兴安鹿药,,,,,,,no_image
153376,Mainsia chinensis,,,,,,,,no_image
9222,Malacoangelia remigera,浆天使甲螨,,,,,,,no_image
152947,Malassezia nana,,,,,,,,no_image
7027,Malagazzia carolinae,卡玛拉水母,,,,,,,no_image
48286,Malegia aenea,铜色缺齿筒胸肖叶甲,,,,,,,no_image
48303,Mallada flavimaculus,黄斑玛草蛉,,,,,,,no_image
13517,Mallinella zhui,朱氏马利蛛,,,,,,,no_image
13516,Mallinella chengjiaani,陈家安马利蛛,,,,,,,no_image
48329,Mallota takasagoensis,高砂毛管蚜蝇,,,,,,,no_image
110265,Mallotus millietii,贵州野桐,,,,,,,no_image
110322,Malus rockii,丽江山荆子,,,,,,,no_image
78036,Malthopsis lutea,密星海蝠鱼,,,,,,,no_image
110351,Malvaviscus penduliflorus,垂花悬铃花,,,,,,,no_image
110354,Mandragora caulescens,茄参,,,,,,,no_image
110394,Manglietia szechuanica,四川木莲,,,,,,,no_image
110374,Manglietia grandis,大果木莲,,,,,,,no_image
78041,Manis pentadactyla,中华穿山甲,,,,,,,no_image
48347,Mansonia uniformis,常型曼蚊,,,,,,,no_image
48366,Mantispa aphavexelte,艾氏螳蛉,,,,,,,no_image
110412,Mapania sumatrana,,,,,,,,no_image
147613,Marasmiellus confertifolius,密褶微皮伞,,,,,,,no_image
147633,Marasmiellus oligocinsulae,少微皮伞,,,,,,,no_image
147653,Marasmiellus subgraminis,,,,,,,,no_image
147152,Marasmius asiaticus,,,,,,,,no_image
147192,Marasmius echinatulus,硬刺小皮伞,,,,,,,no_image
147172,Marasmius cohaerens,联柄小皮伞,,,,,,,no_image
147212,Marasmius hainanensis,海南小皮伞,,,,,,,no_image
147272,Marasmius rhabarbarinus,大黄黄色小皮伞,,,,,,,no_image
147252,Marasmius peronatus,穿粗靴小皮伞,,,,,,,no_image
147232,Marasmius martinii,马丁小皮伞,,,,,,,no_image
48382,Marava nigrella,暗玛苔螋,,,,,,,no_image
147292,Marasmius strictipes,黄小皮伞,,,,,,,no_image
110435,Marchantia stoloniscyphula,拟地钱,,,,,,,no_image
48393,Margarinotus boleti,博氏歧阎甲,,,,,,,no_image
48413,Margarinotus reichardti,理氏歧阎甲,,,,,,,no_image
142100,Mariannaea aquaticola,,,,,,,,no_image
110453,Marsdenia glomerata,团花牛奶菜,,,,,,,no_image
110445,Marmoritis nivalis,雪地扭连钱,,,,,,,no_image
137925,Marssonina zanthoxyli,,,,,,,,no_image
110473,Marsdenia yarlungzangboensis,雅鲁藏布牛奶菜,,,,,,,no_image
5553,Marylynnia macrodentatus,大齿星火线虫,,,,,,,no_image
1173,Martesia pyymaea,小马特海笋,,,,,,,no_image
48450,Massicus venustus,,,,,,,,no_image
4157,Mastigopus gracilis,细鞭足蟹,,,,,,,no_image
110513,Matsumurella tuberifera,块根小野芝麻,,,,,,,no_image
78064,Mataeocephalus hyostomus,下口愚首鳕,,,,,,,no_image
152573,Matula poroniaeformis,,,,,,,,no_image
78070,Maurolicus muelleri,穆氏暗光鱼,,,,,,,no_image
48502,Maxates brevicaudata,小尖尾尺蛾,,,,,,,no_image
131618,Mazosia rotula,,,,,,,,no_image
48522,Maxates subtaminata,污尖尾尺蛾,,,,,,,no_image
110545,Mazus oliganthus,稀花通泉草,,,,,,,no_image
48556,Mecomma shaanxiensis,陕昧盲蝽,,,,,,,no_image
48533,Meandrusa payeni,钩凤蝶,,,,,,,no_image
110587,Meconopsis discigera,毛盘绿绒蒿,,,,,,,no_image
110611,Meconopsis muscicola,藓生绿绒蒿,,,,,,,no_image
110640,Meconopsis speciosa,美丽绿绒蒿,,,,,,,no_image
48581,Medetera curvata,弯突聚脉长足虻,,,,,,,no_image
48563,Mecostethus magister,黑尾沼泽蝗,,,,,,,no_image
48601,Medhiama densicephala,,,,,,,,no_image
110662,Medicago archiducis-nicolai,青海苜蓿,,,,,,,no_image
48623,Medina multispina,多鬃麦寄蝇,,,,,,,no_image
48632,Medon perforatus,,,,,,,,no_image
110712,Meehania zheminensis,浙闽龙头草,,,,,,,no_image
4566,Megacardita ferruginosa,铁锈帘心蛤,,,,,,,no_image
48679,Megachile desertorum,沙漠石蜂,,,,,,,no_image
48656,Megachile alboplumula,白毛切叶蜂,,,,,,,no_image
48703,Megachile hemimela,半蜜切叶蜂,,,,,,,no_image
48727,Megachile mystacea,唇脊切叶蜂,,,,,,,no_image
48747,Megachile rufovittata,红圈切叶蜂,,,,,,,no_image
48771,Megachile trizonata,三带切叶蜂,,,,,,,no_image
48785,Megadelphax kangauzi,坎氏美伽飞虱,,,,,,,no_image
48791,Megalestes omeiensis,峨眉绿综蟌,,,,,,,no_image
48811,Megalinus metallicus,,,,,,,,no_image
48831,Megalinus tibetanus,,,,,,,,no_image
48845,Megalomus yunnanus,云南广褐蛉,,,,,,,no_image
48855,Megalothrips roundus,圆巨管蓟马,,,,,,,no_image
48867,Meganoton analis,大背天蛾,,,,,,,no_image
48885,Megarthrus japonicus,,,,,,,,no_image
48905,Megaselia angustirostris,狭喙异蚤蝇,,,,,,,no_image
48925,Megaselia fortinervis,阔脉异蚤蝇,,,,,,,no_image
48945,Megaselia pleuralis,短鬃异蚤蝇,,,,,,,no_image
48965,Megaselia trimacula,三斑异蚤蝇,,,,,,,no_image
9134,Megeremaeus rameus,枝大龙足甲螨,,,,,,,no_image
48998,Megophyra volitanta,翱巨黑蝇,,,,,,,no_image
110726,Meiogyne kwangtungensis,鹿茸木,,,,,,,no_image
11281,Mekonglema walayaku,瓦窟湄公蛛,,,,,,,no_image
153239,Melampsora chelidonii-pierotii,白屈菜白皮柳栅锈菌,,,,,,,no_image
153259,Melampsora larici-tremulae,山杨栅锈菌,,,,,,,no_image
153279,Melampsora salicina,,,,,,,,no_image
154459,Melampsoridium carpini,鹅耳枥长栅锈,,,,,,,no_image
49037,Melanagromyza obtusa,钝黑潜蝇,,,,,,,no_image
49056,Melanargia meridionalis,曼丽白眼蝶,,,,,,,no_image
49063,Melangyna evittata,缺纹美蓝蚜蝇,,,,,,,no_image
136056,Melanelia incolorata,,,,,,,,no_image
78105,Melanocetus murrayi,短柄黑犀鱼,,,,,,,no_image
143109,Melanographium citri,,,,,,,,no_image
148521,Melanoleuca arcuata,黑柄銛囊蘑,,,,,,,no_image
148541,Melanoleuca subalpina,亚高山铦囊蘑,,,,,,,no_image
142139,Melanopsamma areolata,,,,,,,,no_image
142159,Melanopsamma romelliana,,,,,,,,no_image
110766,Melanoseris penghuana,彭氏毛鳞菊,,,,,,,no_image
110746,Melanoseris beesiana,毛鳞菊,,,,,,,no_image
78117,Melanostomias melanopogon,乌须黑巨口鱼,,,,,,,no_image
139327,Melasmia aceris-trifidi,槭叶痣菌,,,,,,,no_image
140589,Melastiza scotica,苏格兰弯毛盘菌,,,,,,,no_image
78120,Meles leucurus,亚洲狗獾,,,,,,,no_image
110807,Melica taylorii,高山臭草,,,,,,,no_image
110819,Melicope triphylla,三叶蜜茱萸,,,,,,,no_image
110826,Melinis minutiflora,糖蜜草,,,,,,,no_image
143920,Meliola anacolosae,,,,,,,,no_image
143940,Meliola boedijniana,,,,,,,,no_image
143960,Meliola capparidis,,,,,,,,no_image
143980,Meliola dendrotrophicola,,,,,,,,no_image
144000,Meliola eugeniicola,,,,,,,,no_image
144020,Meliola hosagoudarii,,,,,,,,no_image
144040,Meliola koae,,,,,,,,no_image
144060,Meliola maesicola,,,,,,,,no_image
144080,Meliola neolitseae,,,,,,,,no_image
144100,Meliola petiolaris,,,,,,,,no_image
144120,Meliola schefflerae,,,,,,,,no_image
144140,Meliola symploci,,,,,,,,no_image
144160,Meliola ventilaginis,,,,,,,,no_image
110844,Meliosma laui,华南泡花树,,,,,,,no_image
49130,Meliscaeva sonami,索那米狭腹蚜蝇,,,,,,,no_image
2095,Melita rylovae,卢氏马尔他钩虾,,,,,,,no_image
49156,Melitta fulvescenta,黄红准蜂,,,,,,,no_image
110890,Melodinus cochinchinensis,思茅山橙,,,,,,,no_image
49178,Melligomphus longihamulus,越南弯尾春蜓,,,,,,,no_image
6114,Membranobalanus cuneiformis,楔吻膜藤壶,,,,,,,no_image
13069,Mendoza elongata,长腹蒙蛛,,,,,,,no_image
150331,Mensularia radiata,,,,,,,,no_image
13148,Menemerus wuchangensis,武昌扁蝇虎蛛,,,,,,,no_image
11510,Meotipa vesiculosa,多泡美蒂蛛,,,,,,,no_image
7894,Merga tergestina,顶突潜水母,,,,,,,no_image
49229,Merismus nitidus,尼麦瑞金小蜂,,,,,,,no_image
49235,Merochlorops lucens,黑台秆蝇,,,,,,,no_image
49218,Merionoeda melanocephala,,,,,,,,no_image
49254,Meromyza neimengensis,内蒙麦秆蝇,,,,,,,no_image
78141,Merops leschenaulti,栗头蜂虎,,,,,,,no_image
110945,Merremia quinata,指叶山猪菜,,,,,,,no_image
14263,Mesasigone mira,奇异中微蛛,,,,,,,no_image
7668,Merulina scabricula,粗裸肋珊瑚,,,,,,,no_image
49294,Mesembrius amplintersitus,中宽墨管蚜蝇,,,,,,,no_image
49326,Mesoleuca mandshuricata,北莓尺蛾,,,,,,,no_image
4828,Mesopenaeus mariae,刺足间对虾,,,,,,,no_image
14916,Mesida gemmea,装饰天星蛛,,,,,,,no_image
49360,Mesopolobus aequus,等迈金小蜂,,,,,,,no_image
49380,Mesopolobus teliformis,珠角迈金小蜂,,,,,,,no_image
110982,Mesoptychia morrisoncola,玉山无褶苔,,,,,,,no_image
49415,Mesosa chassoti,,,,,,,,no_image
49436,Mesosa sparsenotata,,,,,,,,no_image
6475,Mesothuria media,中间海参,,,,,,,no_image
111001,Metagentiana leptoclada,蔓枝龙胆,,,,,,,no_image
110993,Metacalypogeia cordifolia,假护蒴苔,,,,,,,no_image
18292,Metadiaschiza trigona,三足间足轮虫,,,,,,,no_image
5597,Metalinhomoeus filiformis,丝状后线形线虫,,,,,,,no_image
49494,Metanastria gemella,细斑尖枯叶蛾,,,,,,,no_image
695,Metapenaeopsis ceylonica,锡兰赤虾,,,,,,,no_image
720,Metapenaeus ensis,刀额新对虾,,,,,,,no_image
17774,Metaphire bucculenta,双颐腔蚓,,,,,,,no_image
17754,Metaphire houlleti,霍氏腔蚓,,,,,,,no_image
17822,Metaphire posthuma,巨茎腔蚓,,,,,,,no_image
18884,Metaphorura hongi,,,,,,,,no_image
49515,Metaphycus pulvinariae,绵蚧阔柄跳小蜂,,,,,,,no_image
141743,Metarhizium taii,,,,,,,,no_image
49532,Meteoridea areolatus,瓶区鳞跨茧蜂,,,,,,,no_image
111019,Metathelypteris adscendens,微毛凸轴蕨,,,,,,,no_image
49541,Meteorus cespitator,谷蛾悬茧蜂,,,,,,,no_image
49560,Metipocregyes nodieri,,,,,,,,no_image
49570,Metolinus manfei,,,,,,,,no_image
49589,Metopia zenigoi,本州突额蜂麻蝇,,,,,,,no_image
16976,Metorchis elongate,细长次睾吸虫,,,,,,,no_image
140975,Metschnikowia artemiae,,,,,,,,no_image
78172,Metzia lineata,线纹梅氏鳊,,,,,,,no_image
49613,Metriocnemus caudigus,茎梗中足摇蚊,,,,,,,no_image
15265,Miagrammopes spatulatus,匙状长妩蛛,,,,,,,no_image
135477,Micarea adnata,贴亚网衣,,,,,,,no_image
13792,Micaria lenzi,伦氏小蚁蛛,,,,,,,no_image
49668,Michailocoris chinensis,中国米盲蝽,,,,,,,no_image
111083,Michelia gioii,香子含笑,,,,,,,no_image
111103,Michelia taishanensis,台山含笑,,,,,,,no_image
111131,Microbryum davallianum,刺孢细丛藓,,,,,,,no_image
49673,Micranops pallidulus,,,,,,,,no_image
111129,Micrechites polyantha,小花藤,,,,,,,no_image
49689,Microcerotermes marilimbus,海角锯白蚁,,,,,,,no_image
143113,Microclava tuberospora,,,,,,,,no_image
15421,Microdipoena jobi,吉小圆腹蛛,,,,,,,no_image
17682,Microcystis perdita,扁形小囊螺,,,,,,,no_image
49743,Microdon metallicus,金巢穴蚜蝇,,,,,,,no_image
49763,Microdrosophila elongate,长突微果蝇,,,,,,,no_image
49783,Microdrosophila urashimae,浦岛微果蝇,,,,,,,no_image
111158,Microgynoecium tibeticum,小果滨藜,,,,,,,no_image
49789,Microlenecamptus obsoletus,,,,,,,,no_image
111185,Microlepia platyphylla,阔叶鳞盖蕨,,,,,,,no_image
14271,Microlinyphia pusilla,细小皿蛛,,,,,,,no_image
111200,Micromelum falcatum,大管,,,,,,,no_image
49827,Micromus numerosus,日本脉褐蛉,,,,,,,no_image
78195,Micromys minutus,巢鼠,,,,,,,no_image
49860,Micropeplus parvulus,,,,,,,,no_image
49876,Micropeza angustipennis,窄羽瘦足蝇,,,,,,,no_image
78212,Microphysogobio labeoides,似鲮小鳔&#x0000E068;,,,,,,,no_image
151589,Microporus alboater,黑白小孔菌,,,,,,,no_image
111220,Microsorum steerei,广叶星蕨,,,,,,,no_image
49891,Micropsectra paucisetosa,弯指小突摇蚊,,,,,,,no_image
134624,Microsporum nanum,,,,,,,,no_image
140806,Microstoma floccosum,白毛小口盘菌,,,,,,,no_image
49926,Microterys breviventris,短腹花翅跳小蜂,,,,,,,no_image
9090,Microtegeus granulatus,粒小隅甲螨,,,,,,,no_image
49946,Microterys longiclavatus,长棒花翅跳小蜂,,,,,,,no_image
49966,Microterys unicoloris,匀色花翅跳小蜂,,,,,,,no_image
111276,Microtropis henryi,滇东假卫矛,,,,,,,no_image
111258,Microtoena omeiensis,峨眉冠唇花,,,,,,,no_image
111296,Microtropis thyrsiflora,大序假卫矛,,,,,,,no_image
111309,Microula galactantha,青海微孔草,,,,,,,no_image
111337,Microula stenophylla,狭叶微孔草,,,,,,,no_image
49982,Mikia tepens,华丽密克寄蝇,,,,,,,no_image
3526,Mictyris brevidactylus,短指和尚蟹,,,,,,,no_image
50001,Mileewa holomacula,全斑窗翅叶蝉,,,,,,,no_image
50041,Milesia maai,马氏迷蚜蝇,,,,,,,no_image
50021,Mileewa ponta,船茎窗翅叶蝉,,,,,,,no_image
111367,Miliusa velutina,大叶野独活,,,,,,,no_image
50051,Miletus boisduvali,布衣云灰蝶,,,,,,,no_image
50108,Miltochrista postnigra,后黑美苔蛾,,,,,,,no_image
50067,Miltochrista compar,后黑美苔蛾,,,,,,,no_image
50087,Miltochrista hololeuca,全白美苔蛾,,,,,,,no_image
50129,Miltogramma alashanica,阿拉山蜂麻蝇,,,,,,,no_image
6374,Mimachlamys lentiginosa,斑类栉孔扇贝,,,,,,,no_image
50169,Mimectatina murakamii,,,,,,,,no_image
11389,Mimetus wangi,王氏拟态蛛,,,,,,,no_image
50199,Mimopydna fusca,褐拟皮舟蛾,,,,,,,no_image
50277,Minilimosina gracilenta,狭索小粪蝇,,,,,,,no_image
50220,Mimostrangalia loimailia,黑条拟瘦花天牛,,,,,,,no_image
50240,Minettia atratula,亮黑缟蝇,,,,,,,no_image
50260,Minettia quadrispinosa,四刺瘤黑缟蝇,,,,,,,no_image
78250,Miniopterus pusillus,南长翼蝠,,,,,,,no_image
50298,Miobdelus caelestis,,,,,,,,no_image
50321,Miobdelus taiwanensis,,,,,,,,no_image
50335,Miramella sinense,中华玛蝗,,,,,,,no_image
50354,Miresa fulgida,闪银纹刺蛾,,,,,,,no_image
50372,Mirollia obscuripennis,污翅奇螽,,,,,,,no_image
50397,Mischoserphus samurai,佐村柄脉细蜂,,,,,,,no_image
14589,Misumenops zhangmuensis,樟木花蛛,,,,,,,no_image
50391,Mirufens tubipenis,筒茎断脉赤眼蜂,,,,,,,no_image
2703,Mitra chrysalis,蛹形笔螺,,,,,,,no_image
2759,Mitra mitra,笔螺,,,,,,,no_image
111395,Mitragyna diversifolia,异叶帽蕊木,,,,,,,no_image
111417,Mitreola quanrui,线叶度量草,,,,,,,no_image
138774,Mitrula phalloides,,,,,,,,no_image
9280,Mochlozetes grandis,巨杆棱甲螨,,,,,,,no_image
78270,Mixornis gularis,纹胸鹛,,,,,,,no_image
18474,Mniobia tentans,水蛭轮虫,,,,,,,no_image
5342,Modiolus vagina,鞘偏顶蛤,,,,,,,no_image
141745,Moelleriella ochracea,,,,,,,,no_image
50445,Mohrigia cirricoxalis,卷摩眼蕈蚊,,,,,,,no_image
11576,Molione kinabalu,基纳巴鲁齿腹蛛,,,,,,,no_image
50457,Molobratia teutonus,中国长喙食虫虻,,,,,,,no_image
50476,Molophilus issikii,一色磨大蚊,,,,,,,no_image
50496,Molorchus chalybeellus,,,,,,,,no_image
50516,Molorchus liui,,,,,,,,no_image
50537,Molorchus sungkangensis,,,,,,,,no_image
50551,Monacanthomyia annandalei,安氏单刺水虻,,,,,,,no_image
50557,Monalocoris nigroflavis,黑黄微盲蝽,,,,,,,no_image
50564,Monema coralina,粉黄刺蛾,,,,,,,no_image
50571,Mongoleon modestus,中蒙蚁蛉,,,,,,,no_image
50589,Mongoloraphidia caelebs,独雄蒙蛇蛉,,,,,,,no_image
138969,Monilia fructigena,仁果丛梗孢,,,,,,,no_image
50602,Monilothrips kempi,指圈针蓟马,,,,,,,no_image
50616,Monoceromyia similis,黑额柄角蚜蝇,,,,,,,no_image
50623,Monochamus abruptus,,,,,,,,no_image
78287,Monodactylus argenteus,银大眼鲳,,,,,,,no_image
50646,Monochamus nigromaculatus,,,,,,,,no_image
143142,Monodictys oblongispora,,,,,,,,no_image
19192,Monodontocerus mulunensis,,,,,,,,no_image
9677,Mononychellus georgicus,,,,,,,,no_image
50672,Monopsyllus hamutus,钩状单蚤,,,,,,,no_image
10741,Monostaechas quadridens,四齿单枝羽螅,,,,,,,no_image
6930,Montipora digitata,指状蔷薇珊瑚,,,,,,,no_image
145488,Montagnea haussknechtii,,,,,,,,no_image
6949,Montipora verrucosa,多疣蔷薇珊瑚,,,,,,,no_image
140591,Moravecia calospora,丽孢毛氏盘菌,,,,,,,no_image
139891,Morchella miyabeana,薄棱羊肚菌,,,,,,,no_image
6854,Morchellana flabellifera,扇形编笠软珊瑚,,,,,,,no_image
50703,Morellia hortensia,园莫蝇,,,,,,,no_image
50720,Morimospasma tuberculatum,,,,,,,,no_image
111519,Morinda howiana,糠藤,,,,,,,no_image
78314,Moringua macrocephalus,大头蚓鳗,,,,,,,no_image
1672,Mortensenella forceps,仿倒颚蟹,,,,,,,no_image
17330,Morula biconica,优美结螺,,,,,,,no_image
155861,Mortierella mutabilis,易变被孢霉,,,,,,,no_image
111553,Morus liboensis,荔波桑,,,,,,,no_image
111563,Mosla cavaleriei,小花荠苧,,,,,,,no_image
78344,Motacilla grandis,日本鹡鸰,,,,,,,no_image
155948,Mucor clathroides,,,,,,,,no_image
155968,Mucor javanicus,爪哇毛霉,,,,,,,no_image
155988,Mucor pusillus,微小毛霉,,,,,,,no_image
156008,Mucor wosnessenskii,大囊毛霉,,,,,,,no_image
111600,Mucuna macrobotrys,大球油麻藤,,,,,,,no_image
78351,Mugil cephalus,鲻,,,,,,,no_image
9128,Muliercula cuticulata,皮缪甲螨,,,,,,,no_image
143182,Multicellaesporites incurvus,,,,,,,,no_image
143202,Multicellaesporites spatulatus,,,,,,,,no_image
9147,Multioppia brevipectinata,短梳多奥甲螨,,,,,,,no_image
595,Munida japonica,日本刺铠虾,,,,,,,no_image
607,Munidopsis latimana,宽掌拟刺铠虾,,,,,,,no_image
547,Munida tiresias,泰卫赛刺铠虾,,,,,,,no_image
111623,Munronia unifoliolata,单叶地黄连,,,,,,,no_image
111633,Murdannia loriformis,牛轭草,,,,,,,no_image
17470,Murexsul zonata,褐带刺骨螺,,,,,,,no_image
78382,Murina hilgendorfi,东北管鼻蝠,,,,,,,no_image
111652,Murraya microphylla,小叶九里香,,,,,,,no_image
111665,Musa coccinea,红蕉,,,,,,,no_image
50761,Musca autumnalis,秋家蝇,,,,,,,no_image
50781,Musca santoshi,伪毛颧家蝇,,,,,,,no_image
50795,Muscina prolaspa,胖腐蝇,,,,,,,no_image
111709,Mussaenda elliptica,椭圆玉叶金花,,,,,,,no_image
111729,Mussaenda pubescens,玉叶金花,,,,,,,no_image
50799,Mustilis sphingiformis,钩翅赭蚕蛾,,,,,,,no_image
4696,Mycale orenzii,澳连山海绵,,,,,,,no_image
144451,Myceliophthora fergusii,,,,,,,,no_image
147395,Mycena dinghuensis,鼎湖小菇,,,,,,,no_image
147375,Mycena californiensis,,,,,,,,no_image
147415,Mycena inclinata,粉紫小菇,,,,,,,no_image
147455,Mycena pruni,洁小菇,,,,,,,no_image
147435,Mycena minutula,微细小菇,,,,,,,no_image
147475,Mycena speirea,,,,,,,,no_image
147495,Mycena vitilis,纤柄小菇,,,,,,,no_image
111748,Mycetia gracilis,纤梗腺萼木,,,,,,,no_image
50864,Mycetophila oligodona,少齿菌蚊,,,,,,,no_image
50844,Mycetophila chandleri,查氏菌蚊,,,,,,,no_image
50884,Mycetophila unguiculata,具爪菌蚊,,,,,,,no_image
50897,Mycodrosophila fumusala,昏褶菇果蝇,,,,,,,no_image
140593,Mycolachnea hemisphaerica,,,,,,,,no_image
50925,Mycomya guizhouana,贵州真菌蚊,,,,,,,no_image
50945,Mycomya shermatoda,似谢真菌蚊,,,,,,,no_image
132720,Mycosphaerella alpiniae,,,,,,,,no_image
132740,Mycosphaerella morifolia,,,,,,,,no_image
50962,Mycterothrips auratus,金双毛喙蓟马,,,,,,,no_image
50974,Mydaea brunneipennis,褐翅圆蝇,,,,,,,no_image
50995,Mydaea subelecta,次尖叶圆蝇,,,,,,,no_image
78436,Myersina macrostoma,大口犁突鰕虎,,,,,,,no_image
51007,Myllaena baomontis,,,,,,,,no_image
51044,Myodopsylla trisellis,三鞍耳蝠蚤,,,,,,,no_image
51027,Myllaena meifengensis,,,,,,,,no_image
51060,Myophthiria reduvioides,金丝雀虱蝇,,,,,,,no_image
78452,Myospalax aspalax,草原鼢鼠,,,,,,,no_image
51110,Myospila lautoides,似净妙蝇,,,,,,,no_image
51090,Myospila femorata,黄股妙蝇,,,,,,,no_image
78463,Myotis dasycneme,沼泽鼠耳蝠,,,,,,,no_image
51130,Myospila subflavipennis,类黄翅妙蝇,,,,,,,no_image
111780,Myricaria prostrata,匍匐水柏枝,,,,,,,no_image
2578,Myra affinis,近亲长臂蟹,,,,,,,no_image
111792,Myriophyllum exasperatum,短喙狐尾藻,,,,,,,no_image
78491,Myripristis hexagona,六角锯鳞鱼,,,,,,,no_image
13181,Myrmarachne hoffmanni,霍氏蚁蛛,,,,,,,no_image
111811,Myrmechis pumila,矮全唇兰,,,,,,,no_image
51184,Myrmeleon heppneri,海氏蚁蛉,,,,,,,no_image
51164,Myrmecocephalus smetanai,,,,,,,,no_image
51204,Myromexocentrus quadrimaculatus,,,,,,,,no_image
4555,Mysella triangularis,三角小鼠蛤,,,,,,,no_image
5370,Mytilus galloprovincialis,紫贻贝,,,,,,,no_image
15418,Mysmena taiwanica,台湾密蛛,,,,,,,no_image
111832,Myxopyrum smilacifolium,阔叶胶核木,,,,,,,no_image
51231,Nabis apicalis,小翅姬蝽,,,,,,,no_image
51255,Nacaeus formosae,,,,,,,,no_image
148241,Naematoloma sublateritium,亚砖红黑韧伞,,,,,,,no_image
51280,Nadezhdiella fulvopubens,,,,,,,,no_image
111842,Najas chinensis,东方茨藻,,,,,,,no_image
51289,Namsangia armata,竹南无僧叶蝉,,,,,,,no_image
12887,Nandicius szechuanensis,四川楠伊蛛,,,,,,,no_image
111866,Nannoglottis macrocarpa,大果毛冠菊,,,,,,,no_image
111871,Nanocnide simingshanensis,四明山花点草,,,,,,,no_image
140813,Nanoscypha macrospora,大孢小杯菌,,,,,,,no_image
78522,Nansenia ardesiaca,南氏鱼,,,,,,,no_image
111890,Naringi crenulata,柑果子,,,,,,,no_image
111877,Naravelia zeylanica,锡兰莲,,,,,,,no_image
14226,Nasoona crucifera,十字屿蛛,,,,,,,no_image
51372,Nasimyia megacephala,大头鼻水虻,,,,,,,no_image
8665,Nassarius conoidalis,方格织纹螺,,,,,,,no_image
8686,Nassarius jacksonianus,杰克逊织纹螺,,,,,,,no_image
8646,Nassarius reeveanus,隐匿织纹螺,,,,,,,no_image
51378,Nasutitermes communis,圆头象白蚁,,,,,,,no_image
5659,Naticarius alapapilionis,蝶翅玉螺,,,,,,,no_image
8437,Natatolana japonensis,日本游泳水虱,,,,,,,no_image
51398,Nasutitermes ovatus,卵头象白蚁,,,,,,,no_image
146676,Naucoria flava,,,,,,,,no_image
51440,Nazeris bilamellatus,,,,,,,,no_image
111896,Nayariophyton zizyphifolium,枣叶槿,,,,,,,no_image
51460,Nazeris constrictus,,,,,,,,no_image
51480,Nazeris foliaceus,,,,,,,,no_image
51500,Nazeris infractus,,,,,,,,no_image
51520,Nazeris megalobus,,,,,,,,no_image
51560,Nazeris silvestris,,,,,,,,no_image
51540,Nazeris prominens,,,,,,,,no_image
51602,Neacanista tuberculipennis,,,,,,,,no_image
51582,Nazeris xiaobini,,,,,,,,no_image
111906,Neanotis wightiana,西南新耳草,,,,,,,no_image
51620,Neasura melanopyga,橙纺苔蛾,,,,,,,no_image
111923,Neckera serrulatifolia,粗齿平藓,,,,,,,no_image
78565,Nectamia luxuria,灿烂圣天竺鲷,,,,,,,no_image
142114,Nectria lateritia,,,,,,,,no_image
51659,Nedine subspinosa,,,,,,,,no_image
51664,Nehemitropia jiniana,,,,,,,,no_image
51638,Necydalis inermis,,,,,,,,no_image
111968,Nelumbo nucifera,莲,,,,,,,no_image
111957,Neillia uekii,东北绣线梅,,,,,,,no_image
139342,Nematococcomyces rhododendri,杜鹃毛齿裂菌,,,,,,,no_image
14240,Nematogmus nigripes,黑疣舟蛛,,,,,,,no_image
8207,Nemertesia ramosa,多枝纽羽螅,,,,,,,no_image
78585,Nemipterus furcosus,横斑金线鱼,,,,,,,no_image
51693,Nemoraea fasciata,条胸毛瓣寄蝇,,,,,,,no_image
51708,Nemotelus annulipes,环足线角水虻,,,,,,,no_image
51728,Nemoura brevilobata,短叶叉(虫责),,,,,,,no_image
51748,Nemoura nankinensis,南京叉(虫责),,,,,,,no_image
152575,Neoaleurodiscus fujii,富士新盘革菌,,,,,,,no_image
16961,Neobenthotrema pyriformis,梨形新深孔吸虫,,,,,,,no_image
51791,Neobrachyceraea nigrita,暗纽眼蝇,,,,,,,no_image
2769,Neocancilla papilio,蝶笔螺,,,,,,,no_image
1976,Neocaridina zhangjiajiensis,张家界新米虾,,,,,,,no_image
51827,Neochauliodes sinensis,中华斑鱼蛉,,,,,,,no_image
51807,Neochauliodes confusus,迷斑鱼蛉,,,,,,,no_image
139343,Neococcomyces erumpens,爆裂新齿裂菌,,,,,,,no_image
10481,Neodisella smilacaceae,,,,,,,,no_image
78616,Neodon shergylaensis,色季拉松田鼠,,,,,,,no_image
51863,Neodrymonia ignicoruscens,火新林舟蛾,,,,,,,no_image
51885,Neodurium weiningense,威宁扁足瓢蜡蝉,,,,,,,no_image
51905,Neoempheria setulosa,具毛新菌蚊,,,,,,,no_image
4733,Neofibularia chinensis,中国新木海绵,,,,,,,no_image
111997,Neogyna gardneriana,新型兰,,,,,,,no_image
51940,Neohormaphis quercisucta,食栎新扁蚜,,,,,,,no_image
51957,Neoitamus cothurnatus,四川弯顶毛食虫虻,,,,,,,no_image
9982,Neoleipothrix alnuse,,,,,,,,no_image
141293,Neolinocarpon enshiensis,,,,,,,,no_image
112014,Neolitsea cambodiana,锈叶新木姜子,,,,,,,no_image
112038,Neolitsea ovatifolia,卵叶新木姜子,,,,,,,no_image
51981,Neolosus cameroni,,,,,,,,no_image
52000,Neolygus gansuensis,甘肃新丽言蝽,,,,,,,no_image
5586,Neometra alecto,冠新羽枝,,,,,,,no_image
52020,Neolygus tilianus,拟椴新丽盲蝽,,,,,,,no_image
13032,Neon reticulatus,网新跳蛛,,,,,,,no_image
52047,Neomyia latifolia,宽叶翠蝇,,,,,,,no_image
78636,Neoniphon aurolineatus,黄带新东洋鳂,,,,,,,no_image
52082,Neope oberthueri,奥荫眼蝶,,,,,,,no_image
52103,Neoperla bituberculata,双瘤新(虫责),,,,,,,no_image
52143,Neoperla magisterchoui,师周新(虫责),,,,,,,no_image
52123,Neoperla guizhouensis,贵州新(虫责),,,,,,,no_image
52181,Neophaedon balangshanensis,巴郎山新猿叶甲,,,,,,,no_image
52195,Neophyllaphis podocarpi,罗汉松新叶蚜,,,,,,,no_image
52163,Neoperla tadpolata,蝌蚪新(虫责),,,,,,,no_image
52210,Neopsylla acanthina,荆刺新蚤,,,,,,,no_image
52232,Neopsylla mustelae,鼬新蚤,,,,,,,no_image
52261,Neorhamnusium taiwanum,,,,,,,,no_image
3202,Neosarmatium fourmanoiri,福曼新胀蟹,,,,,,,no_image
52287,Neosclerus glaber,,,,,,,,no_image
10997,Neoscona mellotteei,梅氏新园蛛,,,,,,,no_image
52305,Neosinophasma biangulatum,双角新华枝䗛,,,,,,,no_image
11169,Neoscona xishanensis,西山新园蛛,,,,,,,no_image
52315,Neostempellina quaternaria,四叶新花托摇蚊,,,,,,,no_image
52333,Neotermes sinensis,中华新白蚁,,,,,,,no_image
52349,Neothoracaphis sutepensis,素贴新胸蚜,,,,,,,no_image
52359,Neotrachystola maculipennis,,,,,,,,no_image
112098,Neottia fangii,扇唇对叶兰,,,,,,,no_image
112118,Neottia mucronata,短柱对叶兰,,,,,,,no_image
140594,Neottiella ascoboloides,,,,,,,,no_image
152885,Neovossia horrida,稻粒黑粉病,,,,,,,no_image
52374,Neozavrelia tamanona,缩肛齿摇蚊,,,,,,,no_image
16035,Nepalella wangi,,,,,,,,no_image
15814,Nepalmatoiulus tianbaoshanensis,天宝山尼姬马陆,,,,,,,no_image
52400,Nepalomyia guangxiensis,广西跗距长足虻,,,,,,,no_image
52420,Nepalomyia sichuanensis,四川跗距长足虻,,,,,,,no_image
52440,Nepalonesia pygialis,鳞尾尼蚓蝇,,,,,,,no_image
52460,Nepalota peinantensis,,,,,,,,no_image
112147,Nepeta floccosa,丛卷毛荆芥,,,,,,,no_image
112168,Nepeta sessilis,无柄荆芥,,,,,,,no_image
11198,Nephila laurinae,劳氏络新妇,,,,,,,no_image
137227,Nephroma moeszii,牟氏肾盘衣,,,,,,,no_image
52499,Nephrotoma definita,晕色短柄大蚊,,,,,,,no_image
3164,Nephropsis stewanti,史氏拟海螯虾,,,,,,,no_image
52520,Nephrotoma joneensis,卓尼短柄大蚊,,,,,,,no_image
52540,Nephrotoma pleuromaculata,双锥短柄大蚊,,,,,,,no_image
52563,Nephrotoma stylacantha,脊刺短柄大蚊,,,,,,,no_image
5770,Nephtys neopolybranchia,新多鳃齿吻沙蚕,,,,,,,no_image
52604,Neptis dejeani,德环蛱蝶,,,,,,,no_image
52660,Neptis philyroides,朝鲜环蛱蝶,,,,,,,no_image
482,Nereiphylla castanea,栗色仙须虫,,,,,,,no_image
14056,Neriene clathrata,篓盖蛛,,,,,,,no_image
3918,Nereis surugaense,,,,,,,,no_image
14395,Neriene yani,颜氏盖蛛,,,,,,,no_image
112209,Nervilia macroglossa,巨舌芋兰,,,,,,,no_image
14509,Nesticella apiculata,细尖小类球蛛,,,,,,,no_image
14539,Nesticella nepalensis,尼泊尔小类球蛛,,,,,,,no_image
11790,Nesticodes rufipes,红足岛蛛,,,,,,,no_image
52737,Neuraphes shu,,,,,,,,no_image
52777,Neuroctena formosa,台湾脉鼈蝇,,,,,,,no_image
52757,Neurigona guizhouensis,贵州脉长足虻,,,,,,,no_image
52797,Neuronema nyingchianum,林芝华脉线蛉,,,,,,,no_image
52811,Neurothemis taiwanensis,台湾脉蜻,,,,,,,no_image
112229,Neyraudia reynaudiana,类芦,,,,,,,no_image
52825,Nicostratus sinicus,华蚁盲蝽,,,,,,,no_image
78692,Nidirana occidentalis,滇西琴蛙,,,,,,,no_image
52831,Niganda strigifascia,窄翅舟蛾,,,,,,,no_image
143237,Nigrospora panici,,,,,,,,no_image
52850,Nihonogomphus silvanus,浙江日春蜓,,,,,,,no_image
52866,Nilea hortulana,园尼里寄蝇,,,,,,,no_image
52886,Nilothauma aristatum,侧刺尼罗摇蚊,,,,,,,no_image
78710,Ninox japonica,日本鹰鸮,,,,,,,no_image
52913,Niphona lateraliplagiata,,,,,,,,no_image
52930,Niponius yamasakii,山崎细阎甲,,,,,,,no_image
15858,Nipponesmus shirinensis,,,,,,,,no_image
52957,Nipponomeconema sinica,中华赢蛩螽,,,,,,,no_image
137859,Niptera vulgaris,,,,,,,,no_image
5443,Nitidotellina minuta,小亮樱蛤,,,,,,,no_image
78727,Niviventer confucianus,北社鼠,,,,,,,no_image
6590,Nobia conjugatum,连贵藤壶,,,,,,,no_image
52988,Nodina alpicola,高山球肖叶甲,,,,,,,no_image
133807,Nodulosphaeria dolioloides,,,,,,,,no_image
146274,Nolanea hirtipes,,,,,,,,no_image
53033,Nondenticentrus brevipennis,短翅无齿角蝉,,,,,,,no_image
53049,Noonamyia bipunctata,二斑长鬃缟蝇,,,,,,,no_image
53070,Nordstroemia niva,雪线钩蛾,,,,,,,no_image
53085,Nortia geniculata,,,,,,,,no_image
53122,Nostima flavitarsis,黄跗缝鬃水蝇,,,,,,,no_image
53130,Nothocasis neurogrammata,点脉伪沼尺蛾,,,,,,,no_image
147313,Nothopanus candidissimus,,,,,,,,no_image
53149,Nothoserphus partitus,分沟前沟细蜂,,,,,,,no_image
53161,Notiobiella sanxiana,三峡绿褐蛉,,,,,,,no_image
53172,Notiphila latigenis,侧颊刺角水蝇,,,,,,,no_image
53194,Notodonta roscida,瑰舟蛾,,,,,,,no_image
18248,Notommata silpha,细尾椎轮虫,,,,,,,no_image
53208,Notosacantha circumdata,圆瘤龟甲,,,,,,,no_image
112282,Notoseris scandens,藤本紫菊,,,,,,,no_image
112292,Nouelia insignis,栌菊木,,,,,,,no_image
17414,Nucella freycinetii,弗氏坚果螺,,,,,,,no_image
4949,Nucula pachydonta,壮齿胡桃蛤,,,,,,,no_image
53240,Nudobius sejunctus,,,,,,,,no_image
112297,Nuphar lutea,欧亚萍蓬草,,,,,,,no_image
53275,Nupserha pseudinfantula,,,,,,,,no_image
2606,Nursia trilobata,三叶五角蟹,,,,,,,no_image
53301,Nychogomphus striatus,双条奈春蜓,,,,,,,no_image
53317,Nycteribia formosana,福懋蛛蝇,,,,,,,no_image
53334,Nyctimenius varicornis,,,,,,,,no_image
112318,Nymphanthus fangchengensis,尖叶下珠,,,,,,,no_image
53344,Nysina gracillima,,,,,,,,no_image
154547,Nyssopsora koelreuteriae,栾树花孢锈菌,,,,,,,no_image
53365,Oberea bisbipunctata,,,,,,,,no_image
53386,Oberea fuscipennis,,,,,,,,no_image
53406,Oberea nigriceps,,,,,,,,no_image
53446,Obereopsis nigripes,,,,,,,,no_image
53426,Oberea sylvia,,,,,,,,no_image
112363,Oberonia jenkinsiana,条裂鸢尾兰,,,,,,,no_image
112383,Oberonia variabilis,密苞鸢尾兰,,,,,,,no_image
53481,Ocalea shaanxiensis,,,,,,,,no_image
53466,Obrium prosperum,,,,,,,,no_image
136977,Ocellularia pyrenuloides,,,,,,,,no_image
78806,Ochotona coreana,长白山鼠兔,,,,,,,no_image
78826,Ochotona syrinx,秦岭鼠兔,,,,,,,no_image
141700,Ochronectria calami,,,,,,,,no_image
137412,Ochrolechia montana,山地肉疣衣,,,,,,,no_image
53516,Ochropleura ngariensis,阿里狼夜蛾,,,,,,,no_image
112389,Ochrosia coccinea,光萼玫瑰树,,,,,,,no_image
53550,Ochthephilus kleebergi,,,,,,,,no_image
18057,Ocnerodrilus occidentalis,西土寒䘆蚓,,,,,,,no_image
53570,Ochthera pilimana,黄跗螳水蝇,,,,,,,no_image
4877,Octolasmis geryonophila,小粒板茗荷,,,,,,,no_image
15280,Octonoba sanyanensis,三亚涡蛛,,,,,,,no_image
140605,Octospora carbonaria,,,,,,,,no_image
140625,Octospora yunnanica,云南八孢盘菌,,,,,,,no_image
53600,Ocychinus yeti,,,,,,,,no_image
53615,Ocypus densissimus,,,,,,,,no_image
53636,Ocypus lewisius,,,,,,,,no_image
53658,Ocypus recticulminis,,,,,,,,no_image
53678,Ocyusa tibetana,,,,,,,,no_image
112405,Odontarrhena szarabiaca,萨拉比齿丝荠,,,,,,,no_image
53699,Odontodiplosis karelini,卡齿板瘿蚊,,,,,,,no_image
112408,Odontochilus brevistylis,短柱齿唇兰,,,,,,,no_image
53716,Odontomyia angulata,角短角水虻,,,,,,,no_image
53736,Odontomyia yangi,杨氏短角水虻,,,,,,,no_image
53750,Odontosina shaanganensis,陕甘肖齿舟蛾,,,,,,,no_image
112446,Odontostemma inornatum,无饰无心菜,,,,,,,no_image
112474,Odontostemma nivalomontanum,大雪山齿缀草,,,,,,,no_image
112494,Odontostemma weissianum,多柱无心菜,,,,,,,no_image
53780,Odontothrips intermedius,间齿蓟马,,,,,,,no_image
53760,Odontotermes fuyangensis,富阳土白蚁,,,,,,,no_image
78858,Odorrana grahami,无指盘臭蛙,,,,,,,no_image
78878,Odorrana sangzhiensis,桑植臭蛙,,,,,,,no_image
13656,Oecobius navus,船形拟壁钱,,,,,,,no_image
53810,Oedenopiforma orientalis,东洋瘤水蝇,,,,,,,no_image
15459,Oedignatha platnicki,普氏膨颚蛛,,,,,,,no_image
78889,Oenanthe deserti,漠䳭,,,,,,,no_image
53848,Oestrus ovis,羊狂蝇,,,,,,,no_image
112528,Oenothera lindheimeri,山桃草,,,,,,,no_image
138090,Oidium leucoconium,白尘粉孢,,,,,,,no_image
14233,Oia breviprocessia,短突伊亚蛛,,,,,,,no_image
14857,Okileucauge nigricauda,黑尾冲绳蛛,,,,,,,no_image
112563,Olea rosea,红花木犀榄,,,,,,,no_image
53876,Olenecamptus octopustulatus,,,,,,,,no_image
53897,Olethreutes orthocosma,直新小卷蛾,,,,,,,no_image
19432,Oligaphorura wanglangensis,,,,,,,,no_image
78909,Oligodon formosanus,台湾小头蛇,,,,,,,no_image
53919,Oligoneura takasagoensis,高砂寡小头虻,,,,,,,no_image
9540,Oligonychus karamatus,,,,,,,,no_image
9598,Oligonychus yuae,,,,,,,,no_image
53943,Oligosita nigroflagellaris,黑角寡索赤眼蜂,,,,,,,no_image
112597,Oligostachyum spongiosum,斗竹,,,,,,,no_image
53949,Olona zolotuhini,佐氏偶刺蛾,,,,,,,no_image
138407,Ombrophila sydowiana,,,,,,,,no_image
155286,Olpidium pendulum,松粉油壶菌,,,,,,,no_image
53984,Ommatius nigripes,黑羽芒食虫虻,,,,,,,no_image
78925,Omobranchus punctatus,斑点肩鳃鳚,,,,,,,no_image
54011,Omphale melina,淡黄宽唇姬小蜂,,,,,,,no_image
147670,Omphalotus lutescens,,,,,,,,no_image
148571,Omphalina campanella,钟形脐菇,,,,,,,no_image
148591,Omphalina umbellifera,伞形亚脐伞,,,,,,,no_image
1587,Oncopagurus indicus,印度肿寄居蟹,,,,,,,no_image
78929,Oncorhynchus masou,,,,,,,,no_image
54042,Onesia hongyuanensis,红原蚓蝇,,,,,,,no_image
8728,Onithochiton maillardi,美拉带石鳖,,,,,,,no_image
16188,Onomatoplanus nodulosa,,,,,,,,no_image
112650,Onosma fuyunensis,富蕴滇紫草,,,,,,,no_image
112677,Onosma xiangchengense,乡城滇紫草,,,,,,,no_image
54082,Ontholestes xinqiaoensis,,,,,,,,no_image
78940,Onuxodon margaritiferae,珠贝钩潜鱼,,,,,,,no_image
2554,Onychomorpha lamelliger,薄片爪形蟹,,,,,,,no_image
78967,Onychostoma virgulatum,侧纹白甲鱼,,,,,,,no_image
54114,Oodera regiae,核桃蝶胸肿腿金小蜂,,,,,,,no_image
54134,Ooencyrtus telenomicida,,,,,,,,no_image
54148,Opalimosina mirabilis,奇乳小粪蝇,,,,,,,no_image
54152,Operophtera fagata,栎秋尺蛾,,,,,,,no_image
2811,Ophiactis savignyi,辐蛇尾,,,,,,,no_image
78981,Ophichthus macrochir,大鳍蛇鳗,,,,,,,no_image
5398,Ophiocoma pusilla,细栉蛇尾,,,,,,,no_image
1217,Ophiocentrus polyacanthus,多棘盘棘蛇尾,,,,,,,no_image
142204,Ophiocordyceps sphecocephala,蜂头线虫草,,,,,,,no_image
112701,Ophioglossum vulgatum,瓶尔小草,,,,,,,no_image
5392,Ophiomastix variabilis,变异鞭蛇尾,,,,,,,no_image
54170,Ophiomyia maura,黑暗蛇潜蝇,,,,,,,no_image
54181,Ophioneurus brevitubatus,短管曲脉赤眼蜂,,,,,,,no_image
112706,Ophiopogon angustifoliatus,短药沿阶草,,,,,,,no_image
112746,Ophiopogon sparsiflorus,疏花沿阶草,,,,,,,no_image
112726,Ophiopogon lushuiensis,泸水沿阶草,,,,,,,no_image
112760,Ophiorrhiza alata,有翅蛇根草,,,,,,,no_image
112784,Ophiorrhiza gracilis,纤弱蛇根草,,,,,,,no_image
112804,Ophiorrhiza lurida,黄褐蛇根草,,,,,,,no_image
112824,Ophiorrhiza purpurascens,紫脉蛇根草,,,,,,,no_image
112844,Ophiorrhiza wui,吴氏蛇根草,,,,,,,no_image
445,Ophiothrix pusilla,小泰阿刺蛇尾,,,,,,,no_image
5767,Ophiura micracantha,小棘真蛇尾,,,,,,,no_image
54198,Ophthalmopsylla praefecta,角尖眼蚤,,,,,,,no_image
112849,Opilia amentacea,山柚子,,,,,,,no_image
1127,Opisthosyllis laevis,叶片背裂虫,,,,,,,no_image
79017,Opistognathus variabilis,多彩后颌鰧,,,,,,,no_image
79021,Oplopomus oplopomus,刺盖鰕虎,,,,,,,no_image
17366,Orania adiastolos,连接奥兰螺,,,,,,,no_image
15343,Opopaea vitrispina,透刺巨膝蛛,,,,,,,no_image
912,Oratosquillina perpensa,前刺小口虾蛄,,,,,,,no_image
139556,Orbilia curvatispora,弯孢圆盘菌,,,,,,,no_image
139576,Orbilia rectispora,直孢圆盘菌,,,,,,,no_image
15375,Orchestina colubrina,蛇形奥蛛,,,,,,,no_image
112895,Oreocharis aurea,黄马铃苣苔,,,,,,,no_image
79028,Orcinus orca,虎鲸,,,,,,,no_image
112923,Oreocharis cotinifolia,瑶山苣苔,,,,,,,no_image
112945,Oreocharis flavida,黄花马铃苣苔,,,,,,,no_image
112967,Oreocharis latisepala,宽萼佛肚苣苔,,,,,,,no_image
112993,Oreocharis ovatilobata,卵瓣直瓣苣苔,,,,,,,no_image
113039,Oreocharis tubiflora,筒花马铃苣苔,,,,,,,no_image
113019,Oreocharis rotundifolia,圆叶马铃苣苔,,,,,,,no_image
113060,Oreocnide frutescens,紫麻,,,,,,,no_image
79033,Oreoglanis insignis,显斑异齿&#x0000E096;,,,,,,,no_image
54264,Oreomela dzhungara,新疆高山叶甲,,,,,,,no_image
79045,Oreolalax nanjiangensis,南江齿蟾,,,,,,,no_image
54284,Oreomela rufipes,红足高山叶甲,,,,,,,no_image
14386,Oreoneta tatrica,塔特山纺蛛,,,,,,,no_image
113105,Oreorchis parvula,矮山兰,,,,,,,no_image
113124,Oreoweisia weisioides,小石毛藓,,,,,,,no_image
54321,Oreta pulchripes,黄带山钩蛾,,,,,,,no_image
54342,Orgilus kumatai,熊太怒茧蜂,,,,,,,no_image
8847,Oribatula sakamorii,盛若甲螨,,,,,,,no_image
54368,Orientispa longyana,龙岩东螳蛉,,,,,,,no_image
2982,Orientomysis fujingai,藤永东刺糠虾,,,,,,,no_image
54393,Orimarga guttipennis,滴翼缘大蚊,,,,,,,no_image
113132,Orixa japonica,臭常山,,,,,,,no_image
79072,Oriolus oriolus,金黄鹂,,,,,,,no_image
113139,Ormosia ferruginea,锈枝红豆,,,,,,,no_image
113155,Ormosia napoensis,那坡红豆,,,,,,,no_image
54443,Ormosia subducalis,双索大蚊,,,,,,,no_image
113203,Orobanche sinensis,四川列当,,,,,,,no_image
54453,Ornithomya fuscipennis,阔颊鸟虱蝇,,,,,,,no_image
54469,Orophyllus montanus,山陵丽叶螽,,,,,,,no_image
54475,Oropsylla mandarinus,中华山蚤,,,,,,,no_image
136135,Oropogon imperforatus,,,,,,,,no_image
54486,Orphnebius discrepans,,,,,,,,no_image
54506,Orphnebius uncinatus,,,,,,,,no_image
54518,Ortalotrypeta idana,云斑川实蝇,,,,,,,no_image
54541,Orthetrum triangulare,鼎脉灰蜻,,,,,,,no_image
54548,Orthocladius fengensis,无突赭直突摇蚊,,,,,,,no_image
54568,Orthocladius suspensus,伸展直突摇蚊,,,,,,,no_image
19331,Orthonychiurus kowalskii,,,,,,,,no_image
113229,Orthomnion handelii,挺枝立灯藓,,,,,,,no_image
54609,Orthosia gracilis,单梦尼夜蛾,,,,,,,no_image
113245,Orthotrichum anomalum,木灵藓,,,,,,,no_image
113266,Orthotrichum scanicum,细齿木灵藓,,,,,,,no_image
54631,Orthotylus nassatus,纹角合垫盲蝽,,,,,,,no_image
12414,Orumcekia mangshan,莽山花冠蛛,,,,,,,no_image
79086,Oryctolagus cuniculus,穴兔,,,,,,,no_image
54661,Oscinella similifrons,似额长缘秆蝇,,,,,,,no_image
113324,Osmanthus reticulatus,网脉木犀,,,,,,,no_image
54677,Osmia jilinense,吉林壁蜂,,,,,,,no_image
54697,Osmia turcestanica,土库曼壁蜂,,,,,,,no_image
54710,Osmylus wuhishanus,武夷山溪蛉,,,,,,,no_image
54729,Osorius punctus,,,,,,,,no_image
79094,Osteochilus salsburyi,纹唇鱼,,,,,,,no_image
79100,Ostorhinchus angustatus,纵带鹦天竺鲷,,,,,,,no_image
79120,Ostorhinchus properuptus,黄带鹦天竺鲷,,,,,,,no_image
113369,Ostryopsis intermedia,居中虎榛子,,,,,,,no_image
11834,Otacilia bijiashanica,笔架山奥塔蛛,,,,,,,no_image
11853,Otacilia hippocampa,海马奥塔蛛,,,,,,,no_image
11873,Otacilia obesa,肥胖奥塔蛛,,,,,,,no_image
11892,Otacilia subliupan,近六盘奥塔蛛,,,,,,,no_image
54755,Othius acutus,,,,,,,,no_image
54780,Othius longispinosus,,,,,,,,no_image
54800,Othius sericipennis,,,,,,,,no_image
139943,Otidea umbrina,褐地耳,,,,,,,no_image
139923,Otidea daliensis,大理侧盘菌,,,,,,,no_image
113392,Ottelia balansae,贵州水车前,,,,,,,no_image
147726,Oudemansiella canarii,黑褶边蕈,,,,,,,no_image
147746,Oudemansiella venosolamellata,网褶小奥德蘑,,,,,,,no_image
79156,Ovophis anitae,屏边烙铁头蛇,,,,,,,no_image
113411,Oxalis corymbosa,红花酢浆草,,,,,,,no_image
54825,Oxya brachyptera,短翅稻蝗,,,,,,,no_image
54861,Oxycera basalis,基盾刺水虻,,,,,,,no_image
54845,Oxyambulyx substrigilis,黄山鹰翅天蛾,,,,,,,no_image
54881,Oxycera sinica,中华盾刺水虻,,,,,,,no_image
144654,Oxydothis frondicola,,,,,,,,no_image
113431,Oxygraphis kamchatica,鸦跖花,,,,,,,no_image
4544,Oxynaspis bocki,四叶刺茗荷,,,,,,,no_image
11358,Oxyopes gaofengensis,高峰猫蛛,,,,,,,no_image
11380,Oxyopes shweta,锡威特猫蛛,,,,,,,no_image
54910,Oxypoda bacillum,,,,,,,,no_image
54930,Oxypoda falcifera,,,,,,,,no_image
54950,Oxypoda kunmingicola,,,,,,,,no_image
54970,Oxypoda nenkaomontis,,,,,,,,no_image
54990,Oxypoda sinoangulata,,,,,,,,no_image
55010,Oxypoda tcheulyensis,,,,,,,,no_image
55029,Oxyporus angusticeps,,,,,,,,no_image
55044,Oxyporus hiekei,,,,,,,,no_image
150678,Oxyporus philadelphi,山梅花锐孔菌,,,,,,,no_image
55074,Oxyporus yamasakoi,,,,,,,,no_image
113440,Oxyspora vagans,刚毛尖子木,,,,,,,no_image
14654,Oxytate forcipata,钳绿蟹蛛,,,,,,,no_image
55107,Oxytelus lucens,,,,,,,,no_image
113450,Oxytropis ampullata,瓶状棘豆,,,,,,,no_image
113475,Oxytropis chantengriensis,托木尔峰棘豆,,,,,,,no_image
113501,Oxytropis filiformis,线棘豆,,,,,,,no_image
113521,Oxytropis immersa,和硕棘豆,,,,,,,no_image
113545,Oxytropis lutchensis,和田棘豆,,,,,,,no_image
113567,Oxytropis ochrolongibracteata,长苞黄花棘豆,,,,,,,no_image
113587,Oxytropis pumila,矮小棘豆,,,,,,,no_image
113609,Oxytropis shanxiensis,山西棘豆,,,,,,,no_image
113631,Oxytropis tukemansuensis,土克曼棘豆,,,,,,,no_image
79189,Oxyurichthys visayanus,南方沟鰕虎,,,,,,,no_image
14655,Ozyptila kaszabi,喀山羽蛛,,,,,,,no_image
55140,Pachycerina decemlineata,十纹长角缟蝇,,,,,,,no_image
139988,Pachyella babingtonii,巴氏厚盘菌,,,,,,,no_image
151599,Pachykytospora alabamae,亚拉巴马厚孢孔菌,,,,,,,no_image
55167,Pachymetopius decoratus,靓异冠叶蝉,,,,,,,no_image
55186,Pachyodes leucomelanaria,晰垂耳尺蛾,,,,,,,no_image
55205,Pachypasoides kwangtungensis,广东云枯叶蛾,,,,,,,no_image
113656,Pachypleurum muliense,木里厚棱芹,,,,,,,no_image
55228,Pachyta bicuneata,双斑厚花天牛,,,,,,,no_image
79201,Pachytriton feii,费氏肥螈,,,,,,,no_image
155641,Pacispora boliviana,,,,,,,,no_image
134428,Paecilomyces breviramosus,,,,,,,,no_image
134448,Paecilomyces rariramus,,,,,,,,no_image
113677,Paederia spectatissima,云桂鸡屎藤,,,,,,,no_image
55265,Paederus brevior,,,,,,,,no_image
55287,Paederus gottschei,,,,,,,,no_image
55307,Paederus pilifer,,,,,,,,no_image
113687,Paeonia decomposita,四川牡丹,,,,,,,no_image
55328,Pagastia orthogonia,直帕摇蚊,,,,,,,no_image
5261,Paguristes seminudus,光裸长眼寄居蟹,,,,,,,no_image
1721,Pagurus ochotensis,大寄居蟹,,,,,,,no_image
5070,Palaemon ortmanni,敖氏长臂虾,,,,,,,no_image
55344,Palaeopsis diaphanella,亮古苔蛾,,,,,,,no_image
55364,Palaeopsylla recava,重凹古蚤,,,,,,,no_image
267,Palapedia nitida,光辉柱足蟹,,,,,,,no_image
55393,Pales murina,小栉寄蝇,,,,,,,no_image
113716,Palisadula katoi,小叶栅孔藓,,,,,,,no_image
2431,Palmadusta psuedolutea,拟黄焦掌贝,,,,,,,no_image
55413,Paloniella xizangana,西藏桂树盲蝽,,,,,,,no_image
55434,Palpomyia fuscipeda,棕足须蠓,,,,,,,no_image
113737,Paludella squarrosa,沼寒藓,,,,,,,no_image
79215,Pampus punctatissimus,北鲳,,,,,,,no_image
55478,Panchala paraganesa,黑俳灰蝶,,,,,,,no_image
113757,Pandanus urophyllus,分叉露兜,,,,,,,no_image
6730,Pandora elongata,长帮斗蛤,,,,,,,no_image
55496,Pandemis phaiopteron,暗褐卷蛾,,,,,,,no_image
147506,Panellus opuntiae,仙人掌扇茹,,,,,,,no_image
55505,Pangrapta albistigma,白痣眉夜蛾,,,,,,,no_image
55525,Pangrapta trimantesalis,浓眉夜蛾,,,,,,,no_image
113776,Panicum repens,铺地黍,,,,,,,no_image
137262,Pannaria mariana,玛丽鳞叶衣,,,,,,,no_image
55535,Panstenon collaris,黄领狭翅金小蜂,,,,,,,no_image
9064,Pantelozetes serrata,锯喙泛甲螨,,,,,,,no_image
6459,Panulirus ornatus,锦绣龙虾,,,,,,,no_image
55577,Panzeria castellana,护巢阳寄蝇,,,,,,,no_image
55597,Panzeria pilosigena,毛颊阳寄蝇,,,,,,,no_image
113802,Papaver pavoninum,黑环罂粟,,,,,,,no_image
113814,Paphiopedilum bellatulum,巨瓣兜兰,,,,,,,no_image
113840,Paphiopedilum spicerianum,白旗兜兰,,,,,,,no_image
55636,Papilio maackii,绿带翠凤蝶,,,,,,,no_image
113851,Papilionanthe biswasiana,白花凤蝶兰,,,,,,,no_image
19299,Papirioides mirabilis,,,,,,,,no_image
16898,Parabeloniscus corneus,角拟陪盲蛛,,,,,,,no_image
113890,Paraboea sinovietnamica,中越蛛毛苣苔,,,,,,,no_image
113870,Paraboea dictyoneura,网脉蛛毛苣苔,,,,,,,no_image
79244,Parabotia maculosa,点面副沙鳅,,,,,,,no_image
55698,Parabolopona robustipenis,阔茎脊翅叶蝉,,,,,,,no_image
79252,Paracanthobrama guichenoti,似刺鳊&#x0000E068;,,,,,,,no_image
55713,Paracentrobia yasumatsui,六斑邻赤眼蜂,,,,,,,no_image
113902,Paraceterach vestita,金毛裸蕨,,,,,,,no_image
137792,Parachnopeziza variabilis,变异近蛛盘菌,,,,,,,no_image
55753,Paracladura cuneata,楔翅跗毫蚊,,,,,,,no_image
55768,Paraclius fanjingensis,梵净弓脉长足虻,,,,,,,no_image
55808,Paraclytus thibetanus,,,,,,,,no_image
55788,Paraclius stipiatus,锐角弓脉长足虻,,,,,,,no_image
55821,Paraconon unispina,单刺粒脉飞虱,,,,,,,no_image
229,Paractaea garretti,加氏拟银杏蟹,,,,,,,no_image
55841,Paradelia intersecta,缢头邻泉蝇,,,,,,,no_image
8780,Paradentalium gradile,格拉拟角贝,,,,,,,no_image
55878,Paradoxivena zhamuensis,扎木奇脉叶蝉,,,,,,,no_image
55869,Paradichosia mingshanna,名山变丽蝇,,,,,,,no_image
55902,Paradoxopsyllus magnificus,鬃刷怪蚤,,,,,,,no_image
4075,Paradromia sheni,沈氏拟绵蟹,,,,,,,no_image
55927,Paragastrozona fukienica,福建羽角实蝇,,,,,,,no_image
1588,Paragiopagurus ventilatus,通风浅寄居蟹,,,,,,,no_image
55958,Paragnetina lacrimosa,悲伤纯(虫责),,,,,,,no_image
55973,Paragomphus pardalinus,豹纹副春蜓,,,,,,,no_image
3511,Paragrubia vorax,掌拟掘钩虾,,,,,,,no_image
56006,Paragus politus,平小蚜蝇,,,,,,,no_image
113911,Parahellenia tonkinensis,地莴笋花,,,,,,,no_image
56047,Parakiefferiella bathophila,深拟开氏摇蚊,,,,,,,no_image
56034,Parahybos melas,黑衣准驼舞虻,,,,,,,no_image
56058,Paralaxita dora,暗蚬蝶,,,,,,,no_image
6297,Paralepas distincta,异拟茗荷,,,,,,,no_image
8481,Paraleptosphaeroma brucei,布鲁斯类团水虱,,,,,,,no_image
56114,Parallelissus fuscus,褐黄平突瓢蜡蝉,,,,,,,no_image
56100,Paraleuctra tianmushana,天目山拟卷(虫责),,,,,,,no_image
56127,Paraloconota difficilis,,,,,,,,no_image
56139,Paralygris ischnopetala,瘦毛瓣尺蛾,,,,,,,no_image
79294,Paramegophrys bourreti,布氏掌突蟾,,,,,,,no_image
79314,Paramegophrys pingbianensis,屏边掌突蟾,,,,,,,no_image
14132,Parameioneta multifida,多叉玲蛛,,,,,,,no_image
79339,Paramesotriton hongkongensis,香港瘰螈,,,,,,,no_image
56167,Paramicrodon nigripennis,暗翅拟巢穴蚜蝇,,,,,,,no_image
79351,Paramonacanthus pusillus,布什勒副单角鲀,,,,,,,no_image
56180,Paramyiolia melanogaster,黑腹突额实蝇,,,,,,,no_image
132310,Paranectriella minuta,,,,,,,,no_image
56201,Paranoeeta japonica,窗斑拟头鬃实蝇,,,,,,,no_image
56235,Parapelerinus emarginatus,截缘近珠螽,,,,,,,no_image
56224,Paraonukia wangmoensis,望谟副锥头叶蝉,,,,,,,no_image
703,Parapenaeus sextuberculatus,六突拟对虾,,,,,,,no_image
79378,Parapercis randalli,兰道氏拟鲈,,,,,,,no_image
56245,Paraphloeostiba apicalis,,,,,,,,no_image
113980,Paraphlomis shunchangensis,顺昌假糙苏,,,,,,,no_image
113955,Paraphlomis javanica,假糙苏,,,,,,,no_image
79390,Paraplagusia guttata,栉鳞须鳎,,,,,,,no_image
113996,Paraprenanthes triflora,栉齿假福王草,,,,,,,no_image
56267,Parapsyra nigrocornis,黑角副缘螽,,,,,,,no_image
56280,Pararhinoleucophenga alafumosa,褐翅鼻果蝇,,,,,,,no_image
56310,Parasa liangdiana,两点绿刺蛾,,,,,,,no_image
56290,Parasa argentifascia,银带绿刺蛾,,,,,,,no_image
56348,Parasarcophaga macroauriculata,巨耳亚麻蝇,,,,,,,no_image
56330,Parasa tessellata,宽缘绿刺蛾,,,,,,,no_image
79411,Parascorpaena picta,花彩圆鳞鲉,,,,,,,no_image
114028,Parasenecio hastatus,山尖子,,,,,,,no_image
114052,Parasenecio petasitoides,蜂斗菜状蟹甲草,,,,,,,no_image
3207,Parasesarma exquisitum,精巧拟相手蟹,,,,,,,no_image
148016,Parasola conopilus,,,,,,,,no_image
79418,Parasinilabeo microps,小眼异华鲮,,,,,,,no_image
6523,Paraster compactus,拟星壶海胆,,,,,,,no_image
11666,Parasteatoda jinghongensis,景洪拟肥腹蛛,,,,,,,no_image
56414,Parastrangalis jaroslavi,,,,,,,,no_image
56434,Parastratiosphecomyia rozkosnyi,若氏亚拟蜂水虻,,,,,,,no_image
56444,Paratanytarsus dissimilis,凹拟长跗摇蚊,,,,,,,no_image
56461,Paratephritis vitrefasciata,额鬃拟花翅实蝇,,,,,,,no_image
114089,Parathelypteris glanduligera,金星蕨,,,,,,,no_image
114103,Paratinospora dentata,台湾青牛胆,,,,,,,no_image
4942,Paratrema doederleini,杜氏洞海胆,,,,,,,no_image
18890,Paratullbergia changfengensis,,,,,,,,no_image
56513,Paraxantia hubeiensis,湖北似褶缘螽,,,,,,,no_image
16394,Pardosa adustella,火豹蛛,,,,,,,no_image
16296,Pardosa dabiensis,大别豹蛛,,,,,,,no_image
16555,Pardosa jinpingensis,金平豹蛛,,,,,,,no_image
16549,Pardosa pusiola,细豹蛛,,,,,,,no_image
16451,Pardosa monticola,山栖豹蛛,,,,,,,no_image
16541,Pardosa strigata,条纹豹蛛,,,,,,,no_image
16575,Pardosa yadongensis,亚东豹蛛,,,,,,,no_image
79454,Pareas monticola,喜山钝头蛇,,,,,,,no_image
56530,Parepierus chinensis,中国副悦阎甲,,,,,,,no_image
79468,Pareuchiloglanis gracilicaudata,细尾&#x0000E065;,,,,,,,no_image
56573,Parexarnis amydra,晦经夜蛾,,,,,,,no_image
8436,Parilcirolana setosa,多毛类浪漂水虱,,,,,,,no_image
56552,Pareuplexia flammifera,焰径夜蛾,,,,,,,no_image
114114,Paris daliensis,大理重楼,,,,,,,no_image
114150,Paris undulata,卷瓣重楼,,,,,,,no_image
136157,Parmelia asahinae,孔口突起梅衣,,,,,,,no_image
136177,Parmelia exasperata,,,,,,,,no_image
136197,Parmelia lineola,,,,,,,,no_image
136217,Parmelia pseudolivetorum,珊瑚缘梅衣,,,,,,,no_image
136257,Parmelia vittata,条袋梅衣亚环节变种,,,,,,,no_image
136237,Parmelia sublatifolia,亚宽叶梅衣,,,,,,,no_image
136291,Parmotrema eurysacum,正大叶梅,,,,,,,no_image
136275,Parmelinopsis subfatiscens,疱体粉芽狭叶衣,,,,,,,no_image
136311,Parmotrema pseudotinctorum,假大叶梅,,,,,,,no_image
56588,Parnara ganga,曲纹稻弄蝶,,,,,,,no_image
114185,Parnassia farreri,长爪梅花草,,,,,,,no_image
114215,Parnassia obovata,倒卵叶梅花草,,,,,,,no_image
114237,Parnassia xinganensis,兴安梅花草,,,,,,,no_image
56657,Parnassius eversmanni,艾雯绢蝶,,,,,,,no_image
15561,Parobisium laevigatum,光滑等伪蝎,,,,,,,no_image
2859,Parodontophora danka,丹卡拟齿线虫,,,,,,,no_image
56754,Paropsides chennelli,黄斑叶甲,,,,,,,no_image
6685,Parribacus japonicus,日本岩扇虾,,,,,,,no_image
56772,Parthenocodrus cheni,陈氏中沟细蜂,,,,,,,no_image
79495,Parupeneus heptacanthus,七棘副绯鲤,,,,,,,no_image
114274,Parvatia decora,翅野木瓜,,,,,,,no_image
114275,Paspalidium flavidum,类雀稗,,,,,,,no_image
132760,Passalora bolleana,,,,,,,,no_image
132780,Passalora litseae,,,,,,,,no_image
79522,Passer domesticus,家麻雀,,,,,,,no_image
114311,Passiflora morifolia,桑叶西番莲,,,,,,,no_image
140634,Patella coprinaria,,,,,,,,no_image
133332,Patellaria maura,,,,,,,,no_image
114328,Patrinia scabiosifolia,败酱,,,,,,,no_image
114342,Paulownia kawakamii,台湾泡桐,,,,,,,no_image
8140,Pavona maldiversis,马岛牡丹珊瑚,,,,,,,no_image
139853,Paxina compressa,,,,,,,,no_image
141892,Peckiella geoglossi,,,,,,,,no_image
114360,Pedicularis achilleifolia,蓍草叶马先蒿,,,,,,,no_image
114393,Pedicularis aurata,金黄马先蒿,,,,,,,no_image
114424,Pedicularis chorgonica,霍尔果斯马先蒿,,,,,,,no_image
114453,Pedicularis curvituba,弯管马先蒿,,,,,,,no_image
114483,Pedicularis diffusa,铺散马先蒿,,,,,,,no_image
114508,Pedicularis filicifolia,羊齿叶马先蒿,,,,,,,no_image
114563,Pedicularis infirma,孱弱马先蒿,,,,,,,no_image
114532,Pedicularis globifera,球花马先蒿,,,,,,,no_image
114591,Pedicularis lanpingensis,兰坪马先蒿,,,,,,,no_image
114619,Pedicularis longipes,长梗马先蒿,,,,,,,no_image
114646,Pedicularis membranacea,膜叶马先蒿,,,,,,,no_image
114673,Pedicularis nasturtiifolia,蔊菜叶马先蒿,,,,,,,no_image
114706,Pedicularis pectinatiformis,拟篦齿马先蒿,,,,,,,no_image
114738,Pedicularis pseudoingens,假硕大马先蒿,,,,,,,no_image
114805,Pedicularis scullyana,大光唇马先蒿,,,,,,,no_image
114775,Pedicularis rhodotricha,红毛马先蒿,,,,,,,no_image
114858,Pedicularis tenuicaulis,纤茎马先蒿,,,,,,,no_image
114833,Pedicularis streptorhyncha,扭喙马先蒿,,,,,,,no_image
114885,Pedicularis tsiangii,贵州马先蒿,,,,,,,no_image
114908,Pedicularis yaoshanensis,药山马先蒿,,,,,,,no_image
56864,Pedostrangalia muneaka,,,,,,,,no_image
56845,Pediobius narangae,螟蛉柄腹姬小蜂,,,,,,,no_image
56872,Pegomya agilis,敏泉种蝇,,,,,,,no_image
56892,Pegomya conformis,宽茎泉蝇,,,,,,,no_image
56912,Pegomya heteroparamera,异突泉蝇,,,,,,,no_image
56932,Pegomya melatrochanter,黑转泉蝇,,,,,,,no_image
56952,Pegomya rhagolobs,裂叶泉蝇,,,,,,,no_image
56972,Pegomya winthemi,黄端泉蝇,,,,,,,no_image
56992,Peitawopsis watanabei,,,,,,,,no_image
114928,Pelargonium radula,菊叶天竺葵,,,,,,,no_image
114936,Pelekium microphyllum,小叶鹤嘴藓,,,,,,,no_image
57023,Peleteria nitella,亮长须寄蝇,,,,,,,no_image
57041,Peliococcus chersonensis,品粉蚧,,,,,,,no_image
114942,Peliosanthes chenmingsongii,明松球子草,,,,,,,no_image
114962,Peliosanthes yangchunensis,阳春球子草,,,,,,,no_image
12861,Pellenes gerensis,葛尔蝇犬蛛,,,,,,,no_image
114973,Pellionia donglanensis,东兰赤车,,,,,,,no_image
114996,Pellionia tenuicuspis,细尖赤车,,,,,,,no_image
79566,Pelodiscus sinensis,中华鳖,,,,,,,no_image
8869,Peloptulus americanus,美瘤前翼甲螨,,,,,,,no_image
137291,Peltigera kristinssonii,克氏地卷,,,,,,,no_image
79578,Pelteobagrus intermedius,中间黄颡鱼,,,,,,,no_image
137311,Peltigera scutata,盾地卷,,,,,,,no_image
115008,Peltophorum pterocarpum,盾柱木,,,,,,,no_image
79585,Pempheris vanicolensis,黑缘单鳍鱼,,,,,,,no_image
57126,Pemptolasius humeralis,,,,,,,,no_image
134465,Penicillium brevicompactum,,,,,,,,no_image
134485,Penicillium dipodomyis,,,,,,,,no_image
134505,Penicillium implicatum,,,,,,,,no_image
134525,Penicillium paxilli,,,,,,,,no_image
134545,Penicillium sinaicum,,,,,,,,no_image
152066,Peniophora incarnata,肉色隔孢伏革菌,,,,,,,no_image
79587,Pennahia anea,截尾银姑鱼,,,,,,,no_image
115017,Pennisetum lanatum,西藏狼尾草,,,,,,,no_image
9464,Pentaporca taiwanensis,,,,,,,,no_image
10398,Pentaconvexus taiwanensis,,,,,,,,no_image
57157,Penthetria gansuensis,甘肃叉毛蚊,,,,,,,no_image
115042,Penzigiella cordata,长蕨藓,,,,,,,no_image
9967,Peranovicia discolor,,,,,,,,no_image
12652,Perenethis venusta,可爱草盗蛛,,,,,,,no_image
151621,Perenniporia martius,,,,,,,,no_image
9262,Pergalumna obsessa,,,,,,,,no_image
57200,Peribaea hongkongensis,香港等鬃寄蝇,,,,,,,no_image
57218,Pericapritermes nitobei,近扭白蚁,,,,,,,no_image
57225,Pericoma nielseni,尼氏毛缘蛾蠓,,,,,,,no_image
5135,Periclimenes digitalis,细指岩虾,,,,,,,no_image
79622,Pericrocotus divaricatus,灰山椒鸟,,,,,,,no_image
57246,Peridea moorei,锡金内斑舟蛾,,,,,,,no_image
57251,Peridroma saucia,疆夜蛾,,,,,,,no_image
57271,Perigea spicea,环星夜蛾,,,,,,,no_image
115067,Perilimnastes ternata,三瓣毛锦香,,,,,,,no_image
3922,Perinereis mictodonta,拟短角围沙蚕,,,,,,,no_image
57290,Periphalera albicauda,白尾围掌舟蛾,,,,,,,no_image
57299,Periscepsia misella,小裸盾寄蝇,,,,,,,no_image
57315,Perissus angusticinctus,,,,,,,,no_image
57336,Perissus intersectus,,,,,,,,no_image
115086,Peristrophe paniculata,双萼观音草,,,,,,,no_image
79656,Peristedion liorhynchus,光吻黄鲂鮄,,,,,,,no_image
115108,Peristylus mannii,纤茎阔蕊兰,,,,,,,no_image
57385,Perizoma lucifrons,明周尺蛾,,,,,,,no_image
57407,Perlesta chaoi,赵氏拟(虫责),,,,,,,no_image
79660,Pernis ptilorhynchus,凤头蜂鹰,,,,,,,no_image
138494,Perrotia hongkongensis,香港钝囊盘菌,,,,,,,no_image
115135,Persicaria dichotoma,二歧蓼,,,,,,,no_image
115160,Persicaria microcephala,小头蓼,,,,,,,no_image
115184,Persicaria sagittata,箭头蓼,,,,,,,no_image
137456,Pertusaria haematommoides,赤星鸡皮衣,,,,,,,no_image
137436,Pertusaria amara,苦味鸡皮衣,,,,,,,no_image
137476,Pertusaria paraqilianensis,近祁连鸡皮衣,,,,,,,no_image
137496,Pertusaria subochracea,亚赭鸡皮衣,,,,,,,no_image
8995,Perxylobates paravermiseta,,,,,,,,no_image
115209,Pertya desmocephala,聚头帚菊,,,,,,,no_image
141062,Pestalotiopsis affinis,,,,,,,,no_image
141082,Pestalotiopsis canagae,,,,,,,,no_image
141102,Pestalotiopsis elasticola,,,,,,,,no_image
141122,Pestalotiopsis kunmingensis,,,,,,,,no_image
141142,Pestalotiopsis metasequoiae,,,,,,,,no_image
141162,Pestalotiopsis podocarpi,,,,,,,,no_image
141182,Pestalotiopsis uvicola,,,,,,,,no_image
115233,Petasites versipilus,盐源蜂斗菜,,,,,,,no_image
134148,Petrakia paracochinensis,,,,,,,,no_image
115259,Petrocodon integrifolius,全缘叶细筒苣苔,,,,,,,no_image
115279,Petrocodon pseudocoriaceifolius,近革叶石山苣苔,,,,,,,no_image
115237,Petrocodon ainsliifolius,兔儿风叶石山苣苔,,,,,,,no_image
115300,Petrocosmea begoniifolia,秋海棠叶石蝴蝶,,,,,,,no_image
115320,Petrocosmea huanjiangensis,环江石蝴蝶,,,,,,,no_image
115345,Petrocosmea purpureomaculata,绛珠石蝴蝶,,,,,,,no_image
2949,Petrolisthes obtusifrons,钝额岩瓷蟹,,,,,,,no_image
115367,Petrocosmea yei,叶氏石蝴蝶,,,,,,,no_image
5142,Petrosia compacta,结实石海绵,,,,,,,no_image
115391,Peucedanum huangshanense,黄山前胡,,,,,,,no_image
57471,Pexopsis yakushimana,屋久梳寄蝇,,,,,,,no_image
133604,Peyronellaea eucalyptica,,,,,,,,no_image
57451,Peudoptygonotus gunshanensis,贡山拟凹背蝗,,,,,,,no_image
139996,Peziza abnormis,,,,,,,,no_image
140016,Peziza arctespora,,,,,,,,no_image
140036,Peziza badiofusca,暗褐盘菌,,,,,,,no_image
140056,Peziza caulicola,,,,,,,,no_image
140096,Peziza depressa,平凹盘菌,,,,,,,no_image
140076,Peziza comitissae,,,,,,,,no_image
140116,Peziza fimiputris,,,,,,,,no_image
140136,Peziza hemisphaerica,,,,,,,,no_image
140156,Peziza leucoloma,,,,,,,,no_image
140176,Peziza morganii,,,,,,,,no_image
140196,Peziza phyllogena,叶生盘菌,,,,,,,no_image
140216,Peziza rhabdosperma,,,,,,,,no_image
140236,Peziza shearii,希氏盘菌,,,,,,,no_image
140256,Peziza sulcipes,,,,,,,,no_image
138503,Pezizella vulgaris,普通小盘菌,,,,,,,no_image
140276,Peziza velutina,,,,,,,,no_image
139104,Phacidium leptideum,,,,,,,,no_image
57491,Phaedon alpinus,高山猿叶甲,,,,,,,no_image
57531,Phaenoserphus laevipropodeum,光腰光胸细蜂,,,,,,,no_image
57511,Phaedyma columella,柱菲蛱蝶,,,,,,,no_image
144494,Phaeoacremonium sphinctrophorum,,,,,,,,no_image
137007,Phaeographis lidjiangensis,丽江黑文衣,,,,,,,no_image
145984,Phaeocollybia festiva,,,,,,,,no_image
136987,Phaeographina macrospora,,,,,,,,no_image
132800,Phaeoisariopsis pubescens,,,,,,,,no_image
135308,Phaeophyscia confusa,混黑蜈蚣衣,,,,,,,no_image
135328,Phaeophyscia sciastra,暗裂芽黑蜈蚣衣,,,,,,,no_image
133814,Phaeosphaeria subalpina,,,,,,,,no_image
153304,Phakopsora ampelopsidis,,,,,,,,no_image
79700,Phalacronotus bleekeri,滨河亮背鲇,,,,,,,no_image
153324,Phakopsora kraunhiae,紫藤赭痂锈,,,,,,,no_image
115453,Phalaenopsis japonica,萼脊兰,,,,,,,no_image
16852,Phalangium licenti,利氏长奇盲蛛,,,,,,,no_image
57582,Phalera combusta,高粱掌舟蛾,,,,,,,no_image
57606,Phalera sebrus,脂掌舟蛾,,,,,,,no_image
1779,Phalium glaucum,鬘螺,,,,,,,no_image
150804,Phallus formosanus,台湾鬼笔,,,,,,,no_image
150824,Phallus sulphureus,碗黄鬼笔,,,,,,,no_image
57639,Phalonidia nicotiana,斜带褐纹卷蛾,,,,,,,no_image
115492,Phanera esquirolii,元江龙须藤,,,,,,,no_image
17254,Phaneropsolus borneoensis,婆罗洲显孔吸虫,,,,,,,no_image
115519,Phanera yunnanensis,云南火索藤,,,,,,,no_image
57681,Phaonia ampycocerca,圆叶棘蝇,,,,,,,no_image
57665,Phaneroserphus nigritibialis,黑胫脊额细蜂,,,,,,,no_image
57701,Phaonia aureolitarsis,金跗棘蝇,,,,,,,no_image
57721,Phaonia bulbiclavula,球棒棘蝇,,,,,,,no_image
57742,Phaonia crata,肋棘蝇,,,,,,,no_image
57762,Phaonia discauda,端叉棘蝇,,,,,,,no_image
57782,Phaonia flavinigra,黄黑棒棘蝇,,,,,,,no_image
57802,Phaonia gobertii,拟洁棘蝇,,,,,,,no_image
57822,Phaonia huanrenensis,桓仁棘蝇,,,,,,,no_image
57844,Phaonia klinostoichas,斜列棘蝇,,,,,,,no_image
57864,Phaonia liangshanica,凉山棘蝇,,,,,,,no_image
57884,Phaonia mai,马氏棘蝇,,,,,,,no_image
57925,Phaonia nigrigenis,黑膝棘蝇,,,,,,,no_image
57904,Phaonia minutimutina,小阳棘蝇,,,,,,,no_image
57945,Phaonia palpilongus,须长棘蝇,,,,,,,no_image
57965,Phaonia praefuscifemora,褐股棘蝇,,,,,,,no_image
57985,Phaonia scrofigena,豚颊棘蝇,,,,,,,no_image
58025,Phaonia submontana,亚山棘蝇,,,,,,,no_image
58005,Phaonia spuripilipes,伪毛足棘蝇,,,,,,,no_image
58045,Phaonia supernapica,高巅棘蝇,,,,,,,no_image
58066,Phaonia varimargina,变带棘蝇,,,,,,,no_image
58086,Phaonia yaluensis,鸭绿江棘蝇,,,,,,,no_image
58100,Pharsalia mandli,,,,,,,,no_image
8271,Phascolosoma rottnesti,罗氏革囊星虫,,,,,,,no_image
58119,Phasia tibialis,胫突颜寄蝇,,,,,,,no_image
58137,Phassus sinensis,点蝙蛾,,,,,,,no_image
58154,Phebellia triseta,三鬃菲寄蝇,,,,,,,no_image
115544,Phelipanche uralensis,多齿小苞列当,,,,,,,no_image
150363,Phellinus allardii,阿拉第木层孔菌,,,,,,,no_image
150383,Phellinus durissimus,,,,,,,,no_image
150403,Phellinus illicicola,八角木层孔菌,,,,,,,no_image
150423,Phellinus microporus,小孔木层孔菌,,,,,,,no_image
150443,Phellinus pullus,,,,,,,,no_image
150463,Phellinus sulphurascens,,,,,,,,no_image
152673,Phellodon confluens,汇合栓齿菌,,,,,,,no_image
58188,Pheosiopsis gilda,姬夙舟蛾,,,,,,,no_image
8500,Phenacovolva longirostrata,长管骗梭螺,,,,,,,no_image
58209,Pherbellia cinerella,灰胸负菊沼蝇,,,,,,,no_image
7840,Phialella macrogona,大腺拟杯水母,,,,,,,no_image
7417,Phialucium mbenga,真拟杯水母,,,,,,,no_image
115580,Philadelphus tenuifolius,薄叶山梅花,,,,,,,no_image
4331,Philbertia nexa,束缚菲螺,,,,,,,no_image
6614,Philine japonica,日本壳蛞蝓,,,,,,,no_image
140825,Phillipsia hartmannii,哈特曼歪盘菌,,,,,,,no_image
18480,Philodina nemoralis,裂唇旋轮虫,,,,,,,no_image
12558,Philodromus spinitarsis,刺跗逍遥蛛,,,,,,,no_image
58257,Philonthus aliquatenus,,,,,,,,no_image
115597,Philonotis fontana,泽藓,,,,,,,no_image
58277,Philonthus dentiphallus,,,,,,,,no_image
58298,Philonthus ghilarovi,,,,,,,,no_image
58318,Philonthus maindroni,,,,,,,,no_image
58338,Philonthus punctativentris,,,,,,,,no_image
58361,Philonthus succicola,,,,,,,,no_image
58381,Philophylla diversa,异叶实蝇,,,,,,,no_image
58415,Philydrodes tridentatus,,,,,,,,no_image
15267,Philoponella prominens,隆喜妩蛛,,,,,,,no_image
12783,Phintella abnormis,异金蝉蛛,,,,,,,no_image
12902,Phintella popovi,波氏金蝉蛛,,,,,,,no_image
58428,Phlaeobida chloronema,黄纹菊蝗,,,,,,,no_image
58430,Phlebotomus alexandri,亚历山大白蛉,,,,,,,no_image
115616,Phlegmariurus cryptomerinus,柳杉叶马尾杉,,,,,,,no_image
12898,Phlegra cinereofasciata,灰带绯蛛,,,,,,,no_image
115644,Phlogacanthus paniculatus,鳔冠花,,,,,,,no_image
115654,Phlomis fruticosa,木糙苏,,,,,,,no_image
115676,Phlomoides henryi,建水糙苏,,,,,,,no_image
115698,Phlomoides oreophila,山地糙苏,,,,,,,no_image
58457,Phlossa conjuncta,枣奕刺蛾,,,,,,,no_image
79728,Phodilus badius,栗鸮,,,,,,,no_image
115772,Phoebe zhennan,楠木,,,,,,,no_image
115746,Phoebe hunanensis,湘楠,,,,,,,no_image
1840,Pholadomya sinica,中华笋螂,,,,,,,no_image
15222,Pholcus chicheng,赤城幽灵蛛,,,,,,,no_image
15164,Pholcus hamatus,钩突幽灵蛛,,,,,,,no_image
15083,Pholcus lingguanensis,灵官幽灵蛛,,,,,,,no_image
15033,Pholcus ovatus,卵形幽灵蛛,,,,,,,no_image
15025,Pholcus subwuyiensis,亚武夷幽灵蛛,,,,,,,no_image
115782,Pholidota imbricata,宿苞石仙桃,,,,,,,no_image
15198,Pholcus xingyi,兴义幽灵蛛,,,,,,,no_image
148253,Pholiota apicrea,亚赭鳞伞,,,,,,,no_image
148293,Pholiota highlandensis,高原鳞伞,,,,,,,no_image
148273,Pholiota destruens,白鳞伞,,,,,,,no_image
148313,Pholiota mycenoides,小菇型环锈伞,,,,,,,no_image
148333,Pholiota spectabilis,红环锈伞,,,,,,,no_image
148353,Pholiota velaglutinosa,,,,,,,,no_image
133615,Phoma citri,,,,,,,,no_image
133635,Phoma minutula,,,,,,,,no_image
141364,Phomopsis abdita,,,,,,,,no_image
141384,Phomopsis cinnamomi,,,,,,,,no_image
141404,Phomopsis gymnocladi,,,,,,,,no_image
141444,Phomopsis podocarpi,,,,,,,,no_image
141424,Phomopsis magnolina,,,,,,,,no_image
141464,Phomopsis tinea,,,,,,,,no_image
58482,Phora furcularis,叉突蚤蝇,,,,,,,no_image
58502,Phorbia hypandrium,异版草种绳,,,,,,,no_image
58523,Phorelliosoma hexachaeta,毛丰实蝇,,,,,,,no_image
58543,Phorocerosoma vicarium,簇缨裸板寄蝇,,,,,,,no_image
58551,Phortica brachychaeta,短毛伏果蝇,,,,,,,no_image
58571,Phortica helva,黄胸伏果蝇,,,,,,,no_image
58591,Phortica panda,盼达伏果蝇,,,,,,,no_image
58611,Phortica subradiata,辐突伏果蝇,,,,,,,no_image
115826,Photinia serratifolia,石楠,,,,,,,no_image
115796,Photinia berberidifolia,小檗叶石楠,,,,,,,no_image
58632,Photoscotosia albomacularia,宽缘幅尺蛾,,,,,,,no_image
58654,Photoscotosia indecora,耻幅尺蛾,,,,,,,no_image
58675,Photoscotosia rectilinearia,直线幅尺蛾,,,,,,,no_image
153380,Phragmidium andersonii,,,,,,,,no_image
153420,Phragmidium rosae-omeiensis,峨眉蔷薇多胞锈菌,,,,,,,no_image
153400,Phragmidium heterosporum,,,,,,,,no_image
153440,Phragmidium yoshinagai,,,,,,,,no_image
58691,Phraortes bicolor,双色皮䗛,,,,,,,no_image
58711,Phraortes lianzhouensis,连州皮䗛,,,,,,,no_image
58731,Phratora caperata,皱弗叶甲,,,,,,,no_image
115837,Phreatia caulescens,垂茎馥兰,,,,,,,no_image
58768,Phronia hackmani,哈氏巧菌蚊,,,,,,,no_image
11881,Phrurolithus lasiolepis,毛鳞刺足蛛,,,,,,,no_image
115845,Phrynium oliganthum,少花柊叶,,,,,,,no_image
79781,Phrynocephalus helioscopus,旱地沙蜥,,,,,,,no_image
115852,Phtheirospermum muliense,木里松蒿,,,,,,,no_image
58819,Phthitia oswaldi,奥氏中突小粪蝇,,,,,,,no_image
11704,Phycosoma amamiense,奄美藻蛛,,,,,,,no_image
115860,Phylacium majus,苞护豆,,,,,,,no_image
144295,Phyllachora centothecae,,,,,,,,no_image
144335,Phyllachora lespedezae,,,,,,,,no_image
144315,Phyllachora fici-septicae,,,,,,,,no_image
144355,Phyllachora platyelliptica,,,,,,,,no_image
144375,Phyllachora tonkinensis,,,,,,,,no_image
138109,Phyllactinia dalbergiae,,,,,,,,no_image
138129,Phyllactinia pterostyracis,,,,,,,,no_image
115892,Phyllanthus forrestii,刺果叶下珠,,,,,,,no_image
115868,Phyllagathis impressinervia,凹脉锦香草,,,,,,,no_image
10227,Phyllocoptes dangchangi,,,,,,,,no_image
79794,Phyllergates cucullatus,栗头织叶莺,,,,,,,no_image
10140,Phyllocoptes parviflori,,,,,,,,no_image
9971,Phyllocoptruta huangshanensis,,,,,,,,no_image
58848,Phyllodesma japonicum,日本榆枯叶蛾,,,,,,,no_image
498,Phyllodoce malmgreni,玛叶须虫,,,,,,,no_image
58866,Phyllomya annularis,环形驼寄蝇,,,,,,,no_image
115930,Phyllolobium heydei,毛柱蔓黄芪,,,,,,,no_image
58886,Phyllomyza fuscusa,棕真叶蝇,,,,,,,no_image
6012,Phyllophorus ordinatus,正环沙鸡子,,,,,,,no_image
79798,Phylloscopus armandii,棕眉柳莺,,,,,,,no_image
149218,Phylloporus leucomycelinus,,,,,,,,no_image
79836,Phylloscopus ijimae,日本冕柳莺,,,,,,,no_image
79866,Phylloscopus subaffinis,棕腹柳莺,,,,,,,no_image
115951,Phyllostachys aurea,人面竹,,,,,,,no_image
115976,Phyllostachys incarnata,红壳雷竹,,,,,,,no_image
115998,Phyllostachys robustiramea,芽竹,,,,,,,no_image
131872,Phyllosticta aceris,,,,,,,,no_image
131892,Phyllosticta batatas,,,,,,,,no_image
131912,Phyllosticta chrysanthemi,,,,,,,,no_image
131932,Phyllosticta crataegicola,,,,,,,,no_image
131952,Phyllosticta euonymi-japonici,,,,,,,,no_image
131972,Phyllosticta hasijai,,,,,,,,no_image
131992,Phyllosticta linocierae,,,,,,,,no_image
132012,Phyllosticta nandinae,,,,,,,,no_image
132032,Phyllosticta photinica,,,,,,,,no_image
132052,Phyllosticta roboris,,,,,,,,no_image
132072,Phyllosticta sterculiicola,,,,,,,,no_image
58902,Phyllothemis eltoni,沼长足蜻,,,,,,,no_image
58917,Phymatodes quadrimaculatus,,,,,,,,no_image
5994,Phyrella fragilis,脆怀玉参,,,,,,,no_image
144559,Physalospora commelinae,,,,,,,,no_image
135345,Physcia endococcina,,,,,,,,no_image
135375,Physconia leucoleiptes,白平大孢衣,,,,,,,no_image
79888,Physiculus megastomus,大口小褐鳕,,,,,,,no_image
135364,Physciella chloantha,粉小蜈蚣衣,,,,,,,no_image
58947,Physocephala calopa,热带叉芒眼蝇,,,,,,,no_image
58967,Physocephala vittata,条纹叉芒眼蝇,,,,,,,no_image
116067,Physospermopsis shaniana,丽江滇芎,,,,,,,no_image
153339,Physopella compressa,,,,,,,,no_image
58988,Phytocoris languidus,微光植盲蝽,,,,,,,no_image
59008,Phytocoris sinicus,中华植盲蝽,,,,,,,no_image
59045,Phytomyza homogyneae,山白菊植潜蝇,,,,,,,no_image
59030,Phytoecia stenostoloides,,,,,,,,no_image
59065,Phytopsila facivittata,纹面枝茎蝇,,,,,,,no_image
59082,Phytosciara wui,吴氏植眼蕈蚊,,,,,,,no_image
116100,Picea obovata,新疆云杉,,,,,,,no_image
116117,Picris morrisonensis,台湾毛连菜,,,,,,,no_image
59089,Pidonia aenipennis,,,,,,,,no_image
59111,Pidonia chienhsingi,,,,,,,,no_image
59131,Pidonia gibbicollis,黑胸驼花天牛,,,,,,,no_image
59171,Pidonia sertata,,,,,,,,no_image
59151,Pidonia moderata,,,,,,,,no_image
59191,Piercia stevensi,硕翡尺蛾,,,,,,,no_image
116125,Pilea angulata,圆瓣冷水花,,,,,,,no_image
59230,Pieris steinigeri,斯坦粉蝶,,,,,,,no_image
116155,Pilea funkikensis,奋起湖冷水花,,,,,,,no_image
116185,Pilea lushuiensis,泸水冷水花,,,,,,,no_image
116205,Pilea peltata,盾叶冷水花,,,,,,,no_image
116232,Pilea spinulosa,刺果冷水花,,,,,,,no_image
153457,Pileolaria pistaciae,黄连木帽孢锈菌,,,,,,,no_image
140828,Pilocratera insititia,,,,,,,,no_image
116252,Pilopleura tordyloides,毛棱芹,,,,,,,no_image
2299,Pilumnus purpureus,紫毛刺蟹,,,,,,,no_image
12054,Pimoa rongxar,绒辖派模蛛,,,,,,,no_image
116275,Pimpinella helosciadoidea,沼生茴芹,,,,,,,no_image
116297,Pimpinella valleculosa,谷生茴芹,,,,,,,no_image
59241,Pinalitus abietus,冷杉松盲蝽,,,,,,,no_image
4459,Pinctada radiata,射肋珠母贝,,,,,,,no_image
11285,Pinelema huobaensis,火把平莱蛛,,,,,,,no_image
11282,Pinelema yaosaensis,幺洒平莱蛛,,,,,,,no_image
59254,Pingasa chloroides,浅粉尺蛾,,,,,,,no_image
4601,Pinnotheres paralatissimus,拟阔壳豆蟹,,,,,,,no_image
116340,Pinnatella foreauana,卵舌羽枝藓,,,,,,,no_image
116351,Pinus banksiana,北美短叶松,,,,,,,no_image
116380,Pinus nigra,欧洲黑松,,,,,,,no_image
116406,Pinus wallichiana,乔松,,,,,,,no_image
116427,Piper chinense,中华胡椒,,,,,,,no_image
116449,Piper longum,荜拔,,,,,,,no_image
116469,Piper sarmentosum,假蒟,,,,,,,no_image
59289,Pipiza unimaculata,单斑缩颜蚜蝇,,,,,,,no_image
79943,Pipistrellus abramus,东亚伏翼,,,,,,,no_image
156073,Piptocephalis debaryana,,,,,,,,no_image
16469,Piratula clercki,克氏小水狼蛛,,,,,,,no_image
12504,Pireneitega luctuosa,阴暗拟隙蛛,,,,,,,no_image
12656,Pisaura sublama,拟驼盗蛛,,,,,,,no_image
116519,Pistacia cucphuongensis,大叶清香木,,,,,,,no_image
332,Pitar affinis,异侧卵蛤,,,,,,,no_image
17761,Pithemera flexuosus,折曲近盲蚓,,,,,,,no_image
133372,Pithomyces pallidus,,,,,,,,no_image
116538,Pittosporum glabratum,光叶海桐,,,,,,,no_image
116569,Pittosporum pauciflorum,少花海桐,,,,,,,no_image
135437,Placopsis gelida,冷瘿茶渍,,,,,,,no_image
116602,Pittosporum xylocarpum,木果海桐,,,,,,,no_image
135439,Placynthiella oligotropha,寡沥渍衣,,,,,,,no_image
116613,Plagiochasma pterospermum,短柄紫背苔,,,,,,,no_image
116634,Plagiochila delavayi,德氏羽苔,,,,,,,no_image
116656,Plagiochila himalayana,喜马拉雅羽苔,,,,,,,no_image
116676,Plagiochila porelloides,密齿羽苔,,,,,,,no_image
116696,Plagiochila wangii,王氏羽苔,,,,,,,no_image
116726,Plagiomnium venustum,瘤柄匐灯藓,,,,,,,no_image
59346,Plagiomerus aulacaspis,白轮蚧四索跳小蜂,,,,,,,no_image
59355,Plagiophorus grandoculatus,,,,,,,,no_image
17172,Plagiorchis sinipercae,鳜斜睾吸虫,,,,,,,no_image
116753,Plagiothecium handelii,滇边棉藓,,,,,,,no_image
59371,Plagiozopelma elongatum,长跗基刺长足虻,,,,,,,no_image
116769,Planchonella obovata,山榄,,,,,,,no_image
59396,Planococcus planococcoides,榄臀纹粉蚧,,,,,,,no_image
116784,Plantago griffithii,革叶车前,,,,,,,no_image
59412,Plastus curticornis,,,,,,,,no_image
116802,Platanthera australis,宜章舌唇兰,,,,,,,no_image
116822,Platanthera handel-mazzettii,贡山舌唇兰,,,,,,,no_image
116865,Platanthera whangshanensis,黄山舌唇兰,,,,,,,no_image
116845,Platanthera nematocaulon,巧花舌唇兰,,,,,,,no_image
59434,Platensina tetrica,星点阔翅实蝇,,,,,,,no_image
12189,Platocoelotes kailiensis,凯里宽隙蛛,,,,,,,no_image
13639,Plator pennatus,羽状扁蛛,,,,,,,no_image
59442,Platycephala elongata,长突宽头秆蝇,,,,,,,no_image
59458,Platychasma virgo,广舟蛾,,,,,,,no_image
59478,Platycheirus rubrolateralis,红缘宽跗蚜蝇,,,,,,,no_image
59496,Platycorynus chalybaeus,钢蓝扁角肖叶甲,,,,,,,no_image
59518,Platycorynus roseus,红鞘扁角肖叶甲,,,,,,,no_image
59536,Platydracus hauserianus,,,,,,,,no_image
59557,Platygavialidium formosanum,台湾平鳄蚱,,,,,,,no_image
116895,Platygyrium repens,平锦藓,,,,,,,no_image
59572,Platylister horni,霍氏长卵阎甲,,,,,,,no_image
3999,Platynereis bicanaliculata,双管阔沙蚕,,,,,,,no_image
59597,Platypalpus beijingensis,北京平须舞虻,,,,,,,no_image
59617,Platypalpus guangxiensis,广西平须舞虻,,,,,,,no_image
59638,Platypalpus variegatus,变色平须舞虻,,,,,,,no_image
59649,Platyplectrus medius,中脊沟距小蜂,,,,,,,no_image
59665,Platyroptilon wui,吴氏栉角菌蚊,,,,,,,no_image
116899,Platystemma violoides,堇叶苣苔,,,,,,,no_image
59697,Platystoma oculatum,微眼广口蝇,,,,,,,no_image
11048,Plebs tricentrus,三齿普园蛛,,,,,,,no_image
59725,Plecia pullata,裹黑襀毛蚊,,,,,,,no_image
140879,Plectania nigrella,球孢暗盘菌,,,,,,,no_image
80010,Plectorhinchus pictus,胡椒鲷,,,,,,,no_image
80025,Plectranthias sheni,沈氏棘花鮨,,,,,,,no_image
59733,Plectrothrips hiromasai,枯皮距管蓟马,,,,,,,no_image
116927,Pleioblastus rugatus,皱苦竹,,,,,,,no_image
116954,Pleione jinhuana,金华独蒜兰,,,,,,,no_image
116966,Plenasium banksiifolium,羽节紫萁,,,,,,,no_image
80047,Plesiobatis daviesi,达氏深水尾魟,,,,,,,no_image
80058,Plestiodon liui,刘氏石龙子,,,,,,,no_image
141857,Pleurodesmospora coccorum,,,,,,,,no_image
143297,Pleurophragmium bitunicatum,,,,,,,,no_image
116989,Pleurospermum rupestre,岩生棱子芹,,,,,,,no_image
59751,Pleurotroppopsis tischeriae,毛胸侧褶姬小蜂,,,,,,,no_image
147838,Pleurotus eryngii,杏鲍菇,,,,,,,no_image
147858,Pleurotus opuntiae,,,,,,,,no_image
147878,Pleurotus spodoleucus,灰白侧耳,,,,,,,no_image
140297,Plicaria echinospora,,,,,,,,no_image
13150,Plexippoides meniscatus,弹簧拟蝇虎,,,,,,,no_image
117004,Plocamium telfairiae,海头红,,,,,,,no_image
117009,Pluchea sagittalis,翼茎阔苞菊,,,,,,,no_image
143300,Pluricellaesporites collaris,,,,,,,,no_image
147909,Pluteus losulus,,,,,,,,no_image
147889,Pluteus atromarginatus,黑边光柄菇,,,,,,,no_image
147929,Pluteus romellii,,,,,,,,no_image
80089,Pnoepyga pusilla,小鳞胸鹪鹛,,,,,,,no_image
117095,Poa liuliangii,刘亮早熟禾,,,,,,,no_image
117064,Poa dzongicola,雅江早熟禾,,,,,,,no_image
117126,Poa secunda,,,,,,,,no_image
117171,Poa xingkaiensis,星早熟禾,,,,,,,no_image
59773,Podismomorpha gibba,隆背似秃蝗,,,,,,,no_image
117180,Podocarpus neriifolius,百日青,,,,,,,no_image
151112,Podoscypha brasiliensis,巴西柄杯菌,,,,,,,no_image
138150,Podosphaera ferruginea,,,,,,,,no_image
132127,Podoxyphium citricola,,,,,,,,no_image
144478,Podospora dolichopodalis,,,,,,,,no_image
14311,Poeciloneta xizangensis,西藏杂色皿蛛,,,,,,,no_image
59809,Poecilosomella multipunctata,多斑星小粪蝇,,,,,,,no_image
117196,Pogonatum dentatum,细疣小金发藓,,,,,,,no_image
59822,Pogonocherus fasciculatus,,,,,,,,no_image
117224,Pogostemon falcatus,镰叶水珍珠菜,,,,,,,no_image
117246,Pohlia annotina,夭命丝瓜藓,,,,,,,no_image
59829,Polia albomixta,白环灰夜蛾,,,,,,,no_image
117268,Pohlia minor,多态丝瓜藓,,,,,,,no_image
3710,Policordia pilula,小球光旋心蛤,,,,,,,no_image
59858,Polionemobius annulicornis,环角灰针蟋,,,,,,,no_image
59877,Polleniopsis choui,周氏拟粉蝇,,,,,,,no_image
117299,Polyalthia lancilimba,剑叶暗罗,,,,,,,no_image
59897,Polleniopsis yunnanensis,云南拟粉蝇,,,,,,,no_image
59903,Polycaena lama,喇嘛小蚬蝶,,,,,,,no_image
117313,Polygala barbellata,髯毛远志,,,,,,,no_image
137330,Polychidium umhausense,,,,,,,,no_image
117344,Polygala lacei,思茅远志,,,,,,,no_image
117386,Polygonatum gracile,细根茎黄精,,,,,,,no_image
117366,Polygala wattersii,长毛籽远志,,,,,,,no_image
117408,Polygonatum praecox,早花黄精,,,,,,,no_image
117425,Polygonum argyrocoleon,帚萹蓄,,,,,,,no_image
117445,Polygonum urumqiense,乌鲁木齐萹蓄,,,,,,,no_image
59923,Polymerus pekinensis,北京异盲蝽,,,,,,,no_image
59936,Polyommatus eros,多眼灰蝶,,,,,,,no_image
59946,Polypedilum aequabe,等跗多足摇蚊,,,,,,,no_image
59966,Polypedilum cypellum,杯状三突多足摇蚊,,,,,,,no_image
59986,Polypedilum lichuanensis,利川多足摇蚊,,,,,,,no_image
117449,Polypleurum chinense,中国叉瀑草,,,,,,,no_image
60006,Polypedilum scalaenum,梯形多足摇蚊,,,,,,,no_image
151639,Polyporus arcularius,漏斗多孔菌,,,,,,,no_image
151659,Polyporus concentricus,,,,,,,,no_image
151679,Polyporus glaziovii,,,,,,,,no_image
151699,Polyporus mamelliporus,,,,,,,,no_image
151719,Polyporus pallidosporus,,,,,,,,no_image
151739,Polyporus rosulatus,北京莲座菌,,,,,,,no_image
151759,Polyporus subincrustatus,,,,,,,,no_image
117476,Polysiphonia senticulosa,多管藻,,,,,,,no_image
151779,Polyporus weberianus,,,,,,,,no_image
117494,Polystichum arcuatum,弓羽耳蕨,,,,,,,no_image
117514,Polystichum cavernicola,洞生耳蕨,,,,,,,no_image
117534,Polystichum deltatum,三角羽耳蕨,,,,,,,no_image
117554,Polystichum frigidicola,寒生耳蕨,,,,,,,no_image
117574,Polystichum huashanicola,花山耳蕨,,,,,,,no_image
117594,Polystichum lepidocaulon,鞭叶蕨,,,,,,,no_image
117634,Polystichum ningshenense,宁陕耳蕨,,,,,,,no_image
117614,Polystichum mehrae,印西耳蕨,,,,,,,no_image
117654,Polystichum paucicarpum,少孢耳蕨,,,,,,,no_image
117674,Polystichum pycnopterum,密果耳蕨,,,,,,,no_image
117694,Polystichum shimurae,边果耳蕨,,,,,,,no_image
117714,Polystichum taizhongense,台中耳蕨,,,,,,,no_image
117735,Polystichum yaanense,雅安耳蕨,,,,,,,no_image
117753,Polytrichastrum ohioense,多形拟金发藓,,,,,,,no_image
60024,Polythrena coloraria,彩虎斑尺蛾,,,,,,,no_image
150499,Polystictus pallidus,乳黄碟,,,,,,,no_image
16051,Polyxenus anophthalius,无眼毛马陆,,,,,,,no_image
60090,Polyzonus subtruncatus,,,,,,,,no_image
80164,Pomacentrus lepidogenys,颊鳞雀鲷,,,,,,,no_image
117764,Pomatocalpa undulatum,波状鹿角兰,,,,,,,no_image
117773,Ponerorchis camptoceras,大花兜被兰,,,,,,,no_image
117795,Ponerorchis omeishanica,峨眉小红门兰,,,,,,,no_image
117815,Pongamia erythrocalyx,红萼水黄皮,,,,,,,no_image
117848,Populus alba,银白杨,,,,,,,no_image
80206,Pontinus macrocephalus,大头海鲉,,,,,,,no_image
117882,Populus lasiocarpa,大叶杨,,,,,,,no_image
117908,Populus rotundifolia,圆叶杨,,,,,,,no_image
117940,Populus yunnnanensis,,,,,,,,no_image
117962,Porella chenii,陈氏光萼苔,,,,,,,no_image
117990,Porella obtusiloba,钝瓣光萼苔,,,,,,,no_image
151788,Poria laevigata,,,,,,,,no_image
137535,Porina perminuta,,,,,,,,no_image
60113,Porocallus cicatricatus,,,,,,,,no_image
137515,Porina conica,,,,,,,,no_image
151981,Porogramme albocincta,白纹线孔菌,,,,,,,no_image
80219,Poropuntius exigua,油吻孔鲃,,,,,,,no_image
118022,Porphyra ishigecola,铁钉紫菜,,,,,,,no_image
149237,Porphyrellus sordidus,,,,,,,,no_image
146527,Porpolomopsis calyptriformis,,,,,,,,no_image
60142,Porthesia scintillans,双线盗毒蛾,,,,,,,no_image
60149,Portschinskia przewalskyi,青小头皮蝇,,,,,,,no_image
150855,Postia qinensis,秦岭泊氏孔菌,,,,,,,no_image
118047,Potamogeton crispus,菹草,,,,,,,no_image
114,Portunus pulchricristatus,丽纹梭子蟹,,,,,,,no_image
60157,Potanthus confucius,孔子黄室弄蝶,,,,,,,no_image
118088,Potentilla chrysantha,黄花委陵菜,,,,,,,no_image
118121,Potentilla hypargyrea,白背委陵菜,,,,,,,no_image
118151,Potentilla parvipetala,小瓣委陵菜,,,,,,,no_image
118185,Potentilla tuberculifera,红叶委陵,,,,,,,no_image
60182,Pothyne lanhsuensis,,,,,,,,no_image
118224,Pourthiaea salicifolia,柳叶石楠,,,,,,,no_image
80230,Praealticus bilineatus,双线矮冠鳚,,,,,,,no_image
1004,Pottscalisetosus praelongus,盘车仿梯鳞虫,,,,,,,no_image
60214,Prapata scotopepla,黑温刺蛾,,,,,,,no_image
118260,Premna chevalieri,尖叶豆腐柴,,,,,,,no_image
118284,Premna parvilimba,小叶豆腐柴,,,,,,,no_image
60226,Prestwichia multiciliata,毛足窄翅赤眼蜂,,,,,,,no_image
80240,Priacanthus zaiserae,黄鳍大眼鲷,,,,,,,no_image
118308,Primula algida,寒地报春,,,,,,,no_image
118330,Primula bergenioides,岩白菜叶报春,,,,,,,no_image
118355,Primula caveana,短蒴圆叶报春,,,,,,,no_image
118376,Primula cinerascens,灰绿报春,,,,,,,no_image
118421,Primula farinosa,粉报春,,,,,,,no_image
118397,Primula dryadifolia,石岩报春,,,,,,,no_image
118445,Primula glomerata,立花头序报春,,,,,,,no_image
118466,Primula hypoleuca,白背小报春,,,,,,,no_image
118490,Primula lactucoides,囊谦报春,,,,,,,no_image
118512,Primula maikhaensis,怒江报春,,,,,,,no_image
118534,Primula moschophora,麝香美报春,,,,,,,no_image
118562,Primula oxygraphidifolia,鸦跖花叶报春,,,,,,,no_image
118585,Primula pseudodenticulata,滇海水仙花,,,,,,,no_image
118606,Primula rugosa,倒卵叶报春,,,,,,,no_image
118627,Primula sinensis,藏报春,,,,,,,no_image
118651,Primula taliensis,大理报春,,,,,,,no_image
118674,Primula vaginata,鞘柄掌叶报春,,,,,,,no_image
118697,Primula wilsonii,香海仙报春,,,,,,,no_image
118743,Primulina chizhouensis,池州报春苣苔,,,,,,,no_image
118717,Primulina argentea,银叶报春苣苔,,,,,,,no_image
118788,Primulina grandibracteata,大苞报春苣苔,,,,,,,no_image
118763,Primulina duanensis,都安报春苣苔,,,,,,,no_image
118832,Primulina lianpingensis,连平报春苣苔,,,,,,,no_image
118812,Primulina jianghuaensis,江华报春苣苔,,,,,,,no_image
118857,Primulina luochengensis,罗城文采苣苔,,,,,,,no_image
118877,Primulina moi,莫氏报春苣苔,,,,,,,no_image
118899,Primulina pingnanensis,平南报春苣苔,,,,,,,no_image
118919,Primulina repanda,小花苣苔,,,,,,,no_image
118970,Primulina weii,软叶报春苣苔,,,,,,,no_image
118945,Primulina spinulosa,刺齿报春苣苔,,,,,,,no_image
80242,Prinia atrogularis,黑喉山鹪莺,,,,,,,no_image
60248,Priochirus longidentis,,,,,,,,no_image
60258,Prioneris thestylis,锯粉蝶,,,,,,,no_image
60275,Prionolabis poliochroa,缺脉黄翅大蚊,,,,,,,no_image
60292,Prionus mali,,,,,,,,no_image
80279,Pristiapogon kallopterus,丽鳍棘眼天竺鲷,,,,,,,no_image
15432,Pritha spinula,小棘马蹄蛛,,,,,,,no_image
60323,Procanace hendeli,亨德尔前滨蝇,,,,,,,no_image
60311,Proanoplomus intermedius,福建中横实蝇,,,,,,,no_image
1462,Prochromadora orleji,奥氏前色矛线虫,,,,,,,no_image
60356,Procladius culiciformis,蚊型前突摇蚊,,,,,,,no_image
60377,Procontarinia mangicola,居杧普瘿蚊,,,,,,,no_image
60390,Prodasineura hanzhongensis,汉中微桥原蟌,,,,,,,no_image
1794,Proeulepethus nanshaensis,南沙克滑鳞虫,,,,,,,no_image
138512,Proliferodiscus dingleyi,丁氏层出盘菌,,,,,,,no_image
60435,Promachus nigrobarbatus,黑须叉胫食虫虻,,,,,,,no_image
119000,Pronephrium hekouensis,河口新月蕨,,,,,,,no_image
11190,Pronoides sutaiensis,苏泰类岬蛛,,,,,,,no_image
137778,Propolis pinastri,,,,,,,,no_image
119017,Prosaptia contigua,缘生穴子蕨,,,,,,,no_image
60483,Prosciara furtiva,隐尾首眼蕈蚊,,,,,,,no_image
60503,Prosciara triloba,双叶首眼蕈蚊,,,,,,,no_image
60520,Prosodes regeli,里格侧琵甲,,,,,,,no_image
60538,Prosopophorella yoshiyasui,吉安氏凹额缟蝇,,,,,,,no_image
60540,Prosotas nora,娜拉波灰蝶,,,,,,,no_image
17214,Prosthodendrium ascidia,囊状前腺吸虫,,,,,,,no_image
17051,Prosthogonimus anatinus,鸭前殖吸虫,,,,,,,no_image
19413,Protaphorura changbaiensis,,,,,,,,no_image
3401,Proterato callosa,硬结爱神螺,,,,,,,no_image
60584,Prothema lineatum,,,,,,,,no_image
80312,Protobothrops cornutus,角原矛头蝮,,,,,,,no_image
60601,Protocypus beckeri,,,,,,,,no_image
60638,Protohermes guangxiensis,广西星齿蛉,,,,,,,no_image
60618,Protohermes acutatus,尖突星齿蛉,,,,,,,no_image
60658,Protohermes weelei,威利星齿蛉,,,,,,,no_image
144909,Protomyces lactucae,莴苣原囊菌,,,,,,,no_image
136332,Protoparmelia atriseda,黑原梅,,,,,,,no_image
60688,Protosticta spinosa,棘尾原扁蟌,,,,,,,no_image
60702,Proxylocopa nitidiventris,光腹原木蜂,,,,,,,no_image
80353,Prunella strophiata,棕胸岩鹨,,,,,,,no_image
119063,Prunus cyclamina,长阳山樱桃,,,,,,,no_image
119089,Prunus himalayana,喜马拉雅臭樱,,,,,,,no_image
119117,Prunus maximowiczii,黑樱桃,,,,,,,no_image
119145,Prunus pusilliflora,细花樱桃,,,,,,,no_image
119197,Prunus yedoensis,东京樱花,,,,,,,no_image
119177,Prunus tangutica,西康扁桃,,,,,,,no_image
60724,Psalidothrips lewisi,残翅剪管蓟马,,,,,,,no_image
14642,Psammitis wuae,吴氏沙柔蛛,,,,,,,no_image
148035,Psathyrella campestris,草地小脆柄菇,,,,,,,no_image
119208,Psammosilene tunicoides,金铁锁,,,,,,,no_image
148055,Psathyrella hispida,丛生小脆柄菇,,,,,,,no_image
148075,Psathyrella olympiana,,,,,,,,no_image
60740,Psectrocladius barbimanus,巴比刀突摇蚊,,,,,,,no_image
60759,Pselaphodes baoxingensis,,,,,,,,no_image
148095,Psathyrella sphagnicola,,,,,,,,no_image
13623,Psechrus conicus,圆锥褛网蛛,,,,,,,no_image
60779,Pselaphodes hlavaci,,,,,,,,no_image
60819,Pselaphogenius watanabei,,,,,,,,no_image
60838,Pselliophora jubilata,阴那比栉大蚊,,,,,,,no_image
60799,Pselaphodes prominulus,,,,,,,,no_image
60851,Psephactus taiwanicus,,,,,,,,no_image
60855,Pseudacuminiseta formosana,台湾伪锐小粪蝇,,,,,,,no_image
60873,Pseudalosterna binotata,,,,,,,,no_image
80378,Pseudamia hayashii,林氏拟天竺鲷,,,,,,,no_image
80390,Pseudanthias pleurotaenia,侧带拟花鮨,,,,,,,no_image
119219,Pseudarthria panii,百年假节蚂蟥,,,,,,,no_image
80397,Pseudecheneis brachyurus,短尾褶&#x0000E065;,,,,,,,no_image
119224,Pseuderanthemum haikangense,海康钩粉草,,,,,,,no_image
80409,Pseudexostoma yunnanense,拟&#x0000E096;,,,,,,,no_image
119229,Pseudoamblystegium subtile,小细柳藓,,,,,,,no_image
80422,Pseudobagrus omeihensis,峨眉拟鲿,,,,,,,no_image
60955,Pseudobironium conspectum,,,,,,,,no_image
19323,Pseudobourletiella spinata,,,,,,,,no_image
60981,Pseudocalamobius szetschuanicus,,,,,,,,no_image
60994,Pseudocapritermes sowerbyi,圆囟钩扭白蚁,,,,,,,no_image
132812,Pseudocercospora actinostemmae,,,,,,,,no_image
132832,Pseudocercospora annonicola,,,,,,,,no_image
132872,Pseudocercospora carpentariae,,,,,,,,no_image
132852,Pseudocercospora bixicola,,,,,,,,no_image
132892,Pseudocercospora cocculi,,,,,,,,no_image
132912,Pseudocercospora cycleae,,,,,,,,no_image
132932,Pseudocercospora ebulicola,,,,,,,,no_image
132972,Pseudocercospora griseola,,,,,,,,no_image
132952,Pseudocercospora fijiensis,,,,,,,,no_image
132992,Pseudocercospora jasminicola,,,,,,,,no_image
133012,Pseudocercospora litseae-cubebae,山鸡椒假尾孢,,,,,,,no_image
133032,Pseudocercospora melanolepidis,,,,,,,,no_image
133052,Pseudocercospora neriella,,,,,,,,no_image
133092,Pseudocercospora pouzolziae,,,,,,,,no_image
133072,Pseudocercospora paulowniae,,,,,,,,no_image
133132,Pseudocercospora smilacis,,,,,,,,no_image
133152,Pseudocercospora symploci,,,,,,,,no_image
133112,Pseudocercospora rhamnaceicola,鼠李生假尾孢,,,,,,,no_image
133172,Pseudocercospora urariae,,,,,,,,no_image
133192,Pseudocercosporella hungarica,,,,,,,,no_image
119257,Pseudochorisodontium ramosum,多枝无齿藓,,,,,,,no_image
61017,Pseudocollinella humida,湿伪丘小粪蝇,,,,,,,no_image
863,Pseudocnus echinatus,棘刺瓜参,,,,,,,no_image
119305,Pseudocyclosorus torrentis,急流假毛蕨,,,,,,,no_image
80464,Pseudocrossocheilus nigrovittatus,黑纵纹拟缨鱼,,,,,,,no_image
119285,Pseudocyclosorus gongshanensis,贡山假毛蕨,,,,,,,no_image
4349,Pseudodaphnella tincta,褐拟桂螺,,,,,,,no_image
61034,Pseudodoniella typica,八角泡盾盲蝽,,,,,,,no_image
61059,Pseudofentonia emiror,黑带拟纷舟蛾,,,,,,,no_image
119317,Pseudognaphalium affine,鼠曲草,,,,,,,no_image
16817,Pseudogagrella splendens,灿烂伪盾刺盲蛛,,,,,,,no_image
143735,Pseudohalonectria adversaria,,,,,,,,no_image
150522,Pseudoinonotus dryadeus,厚盖拟纤孔菌,,,,,,,no_image
61085,Pseudohercostomus sinensis,中华伪寡长足虻,,,,,,,no_image
61096,Pseudolathra cylindrata,,,,,,,,no_image
126,Pseudoliomera speciosa,美丽假花瓣蟹,,,,,,,no_image
61108,Pseudoligosita elongata,长索伪寡赤眼蜂,,,,,,,no_image
119342,Pseudolysimachion incanum,白兔尾苗,,,,,,,no_image
61150,Pseudomallada aromatica,香叉草蛉,,,,,,,no_image
61170,Pseudomallada fuscineura,褐脉叉草蛉,,,,,,,no_image
144672,Pseudomassaria huwerae,,,,,,,,no_image
61190,Pseudomallada pieli,郑氏叉草蛉,,,,,,,no_image
3039,Pseudomma bispinicaudum,双刺尾肓糠虾,,,,,,,no_image
14510,Pseudonesticus spinosus,尖伪类球蛛,,,,,,,no_image
61230,Pseudoparmena borchmanni,,,,,,,,no_image
61245,Pseudoplandria bicornis,,,,,,,,no_image
119361,Pseudophegopteris levingei,星毛紫柄蕨,,,,,,,no_image
61265,Pseudoplandria magnataiwanica,,,,,,,,no_image
13357,Pseudopoda grahami,格氏伪遁蛛,,,,,,,no_image
119375,Pseudopleuropus morrisonensis,台湾拟褶叶藓,,,,,,,no_image
61286,Pseudopsis gonggaensis,,,,,,,,no_image
13396,Pseudopoda zhangmuensis,樟木伪遁蛛,,,,,,,no_image
13340,Pseudopoda semiannulata,半环伪遁蛛,,,,,,,no_image
61300,Pseudoregma sundanica,山丹伪角蚜,,,,,,,no_image
61305,Pseudorhynchus minor,米拟矛螽,,,,,,,no_image
1570,Pseudopythina ochetostomae,螠虫共生蛤,,,,,,,no_image
119414,Pseudosasa zhongyanensis,中岩茶竿竹,,,,,,,no_image
61322,Pseudorthocladius uniserratus,锯形伪直突摇蚊,,,,,,,no_image
61326,Pseudosipyloidea shuchuni,椿树拟管䗛,,,,,,,no_image
16045,Pseudospirobolellus avernus,,,,,,,,no_image
61355,Pseudostegana minutpalpula,小须斑翅果蝇,,,,,,,no_image
119443,Pseudotaxus chienii,白豆杉,,,,,,,no_image
119430,Pseudostellaria sylvatica,细叶孩儿参,,,,,,,no_image
80529,Pseudotriacanthus strigilifer,长吻假三刺鲀,,,,,,,no_image
61401,Psila celidoptera,腹纹茎蝇,,,,,,,no_image
61385,Pseudoxyporus heminigritus,,,,,,,,no_image
146688,Psilocybe baeocystis,鳞柄裸盖菇,,,,,,,no_image
61417,Psilogramma wannanensis,小霜天蛾,,,,,,,no_image
146708,Psilocybe phyllogena,,,,,,,,no_image
80550,Psilopogon lineatus,绿拟啄木鸟,,,,,,,no_image
61436,Psilopa nigritella,小黑凸额水蝇,,,,,,,no_image
61463,Psiopala tenuis,镰美波纹蛾,,,,,,,no_image
136481,Psora crenata,凹鳞网衣,,,,,,,no_image
61475,Psychoda acanthostyla,荆棘蛾蠓,,,,,,,no_image
119472,Psychotria cephalophora,兰屿九节木,,,,,,,no_image
80579,Psychrolutes phrictus,变色隐棘杜父鱼,,,,,,,no_image
61508,Ptecticus kerteszi,克氏指突水虻,,,,,,,no_image
4461,Pteria dendronephthya,海鸡头珍珠,,,,,,,no_image
80582,Pteragogus cryptus,隐秘高体盔鱼,,,,,,,no_image
119512,Pteris arisanensis,线羽凤尾蕨,,,,,,,no_image
119574,Pteris laurisilvicola,龙泉凤尾蕨,,,,,,,no_image
119542,Pteris dissitifolia,疏羽半边旗,,,,,,,no_image
119596,Pteris paucipinnula,稀羽凤尾蕨,,,,,,,no_image
119618,Pteris subquinata,勐海凤尾蕨,,,,,,,no_image
119642,Pternopetalum filicinum,羊齿囊瓣芹,,,,,,,no_image
61519,Pternoscirta caliginosa,黄翅踵蝗,,,,,,,no_image
80597,Pterocaesio tile,黑带鳞鳍梅鲷,,,,,,,no_image
485,Pterocirrus notoensis,背羽须虫,,,,,,,no_image
80612,Pterois radiata,辐纹蓑鲉,,,,,,,no_image
7820,Pteroeides putnami,普氏翼海鳃,,,,,,,no_image
61550,Pterolophia brunnea,,,,,,,,no_image
61571,Pterolophia gibbosipennis,,,,,,,,no_image
61595,Pterolophia nigrofasciculata,,,,,,,,no_image
61615,Pterolophia sinensis,,,,,,,,no_image
80627,Pterorhinus chinensis,黑喉噪鹛,,,,,,,no_image
1439,Pterometra trichopoda,毛足翅羽枝,,,,,,,no_image
119715,Pterospermum niveum,台湾翅子树,,,,,,,no_image
148124,Pterula capillaris,黄龙须菌,,,,,,,no_image
2743,Pterygia nucea,核果花生螺,,,,,,,no_image
4686,Pterygonema ornatum,绚丽翼纹体线虫,,,,,,,no_image
61660,Ptetica cristulata,小驼背蝗,,,,,,,no_image
61663,Ptilocera latiscutella,宽盾枝角水虻,,,,,,,no_image
61685,Ptilophora horieaurea,川翼舟蛾,,,,,,,no_image
12927,Ptocasius pulchella,丽兜跳蛛,,,,,,,no_image
80699,Ptychobarbus conirostris,锥吻叶须鱼,,,,,,,no_image
139907,Ptychoverpa bohemica,皱盖钟菌,,,,,,,no_image
119761,Ptychomitrium gardneri,多枝缩叶藓,,,,,,,no_image
119806,Puccinellia roborovskyi,疏穗碱茅,,,,,,,no_image
119786,Puccinellia kashmiriana,克什米尔碱茅,,,,,,,no_image
61719,Ptyonota formosa,羽夜蛾,,,,,,,no_image
153498,Puccinia acroptili,顶羽菊柄锈菌,,,,,,,no_image
153518,Puccinia alisovae,阿丽索娃柄锈菌,,,,,,,no_image
153538,Puccinia arisanensis,,,,,,,,no_image
153558,Puccinia asparagi,天冬柄锈菌,,,,,,,no_image
153578,Puccinia benokiyamensis,火炭母柄锈菌,,,,,,,no_image
153618,Puccinia caricis-gibbae,穹隆苔柄锈菌,,,,,,,no_image
153638,Puccinia centellae-asiaticae,亚洲积雪草柄锈,,,,,,,no_image
153598,Puccinia calcitrapae,,,,,,,,no_image
153658,Puccinia clinopodii-polycephali,灯笼草柄锈菌,,,,,,,no_image
153678,Puccinia cremanthodii,垂头菊柄锈菌,,,,,,,no_image
153698,Puccinia dioicae,,,,,,,,no_image
153718,Puccinia emondensis,,,,,,,,no_image
153738,Puccinia extensicola,,,,,,,,no_image
153758,Puccinia fusispora,梭孢柄锈菌,,,,,,,no_image
153778,Puccinia hainanensis,海南柄锈菌,,,,,,,no_image
153798,Puccinia hibayamensis,比婆山柄锈,,,,,,,no_image
153818,Puccinia infra-aequatorialis,赤道柄锈菌,,,,,,,no_image
153838,Puccinia kraussiana,克氏菝葜柄锈菌,,,,,,,no_image
153858,Puccinia lasiagrostis,芨芨草柄锈菌,,,,,,,no_image
153878,Puccinia limonii,,,,,,,,no_image
153898,Puccinia machili,桢楠柄锈菌,,,,,,,no_image
153918,Puccinia minussensis,米努辛柄锈菌,,,,,,,no_image
153938,Puccinia nasuensis,,,,,,,,no_image
153958,Puccinia oedospora,膨孢柄锈菌,,,,,,,no_image
153978,Puccinia paederiae,牛皮冻柄锈菌,,,,,,,no_image
153998,Puccinia phragmitis,芦苇柄锈菌,,,,,,,no_image
154018,Puccinia polygoni-alpini,高 山 蓼 柄 锈 菌,,,,,,,no_image
154058,Puccinia rhaetica,雷蒂亚柄锈菌,,,,,,,no_image
154038,Puccinia primulae,报春柄锈菌,,,,,,,no_image
154098,Puccinia senecionis,千里光柄锈菌,,,,,,,no_image
154078,Puccinia saniculae,变豆菜柄锈菌,,,,,,,no_image
154118,Puccinia smilacicola,,,,,,,,no_image
154158,Puccinia tatarinovii,福王草柄锈,,,,,,,no_image
154138,Puccinia stipae,针茅柄锈菌,,,,,,,no_image
154178,Puccinia tokunagai,德永柄锈菌,,,,,,,no_image
154218,Puccinia wattiana,沃蒂柄锈菌,,,,,,,no_image
154198,Puccinia variabilis,多变柄锈菌原变种,,,,,,,no_image
154482,Pucciniastrum corni,木来木膨痂锈,,,,,,,no_image
154527,Pucciniosira cornuta,,,,,,,,no_image
4640,Pugettia elongata,长矶蟹,,,,,,,no_image
119839,Pulicaria dysenterica,止痢蚤草,,,,,,,no_image
119858,Pulsatilla dahurica,兴安白头翁,,,,,,,no_image
149251,Pulveroboletus thibetanus,西藏粉末牛肝菌,,,,,,,no_image
5496,Pulvinus micans,枕蛤,,,,,,,no_image
80714,Pungtungia herzi,扁吻&#x0000E068;,,,,,,,no_image
17661,Pupilla cryptodon,隐齿虹蛹螺,,,,,,,no_image
61752,Purpuricenus katerinae,,,,,,,,no_image
140676,Pustularia varia,,,,,,,,no_image
61766,Pycnetron curculionidis,松扁腹长尾金小蜂,,,,,,,no_image
151804,Pycnoporus cinnabarinus,朱红密孔菌,,,,,,,no_image
119896,Pycreus setiformis,东北扁莎,,,,,,,no_image
61772,Pygophora choui,周氏尾秽蝇,,,,,,,no_image
61792,Pygophora trimaculata,三斑尾秽蝇,,,,,,,no_image
119911,Pylaisia extenta,泛生金灰藓,,,,,,,no_image
119941,Pyrenaria kwangsiensis,广西石笔木,,,,,,,no_image
119927,Pyracantha densiflora,密花火棘,,,,,,,no_image
134690,Pyrenula macularis,斑点小核衣,,,,,,,no_image
134670,Pyrenula aspistea,盾小核衣,,,,,,,no_image
134710,Pyrenula subferruginea,,,,,,,,no_image
143333,Pyriculariopsis amomi,,,,,,,,no_image
61824,Pyrgocorypha gracilis,瘦锥头螽,,,,,,,no_image
119973,Pyrola monophylla,单叶鹿蹄草,,,,,,,no_image
61856,Pyrrhia abrasa,落焰夜蛾,,,,,,,no_image
150527,Pyropolyporus endotheius,,,,,,,,no_image
80773,Pyrrhula erythrocephala,红头灰雀,,,,,,,no_image
120003,Pyrrosia lanceolata,披针叶石韦,,,,,,,no_image
4151,Pyrunculus longiformis,长形梨螺,,,,,,,no_image
61863,Qianlia citristriata,橘条倩丽飞虱,,,,,,,no_image
120048,Pyrus xerophila,木梨,,,,,,,no_image
16734,Qiongthela jianfeng,尖峰琼蛛,,,,,,,no_image
61888,Quassitagma indigens,台湾摇祝蛾,,,,,,,no_image
4965,Quadricoma scanica,斯卡尼可方体线虫,,,,,,,no_image
61906,Quedius auchenias,,,,,,,,no_image
61926,Quedius cephalus,,,,,,,,no_image
61946,Quedius doan,,,,,,,,no_image
61966,Quedius fangi,,,,,,,,no_image
61986,Quedius hanno,,,,,,,,no_image
62006,Quedius janatai,,,,,,,,no_image
62046,Quedius masasatoi,,,,,,,,no_image
62026,Quedius kurosawai,,,,,,,,no_image
62066,Quedius nian,,,,,,,,no_image
62086,Quedius perng,,,,,,,,no_image
62106,Quedius rivulorum,,,,,,,,no_image
62126,Quedius spissus,,,,,,,,no_image
62146,Quedius turnai,,,,,,,,no_image
62166,Quedius yean,,,,,,,,no_image
120063,Quercus argyrotricha,贵州青冈,,,,,,,no_image
120083,Quercus delavayi,黄毛青冈,,,,,,,no_image
120103,Quercus helferiana,毛枝青冈,,,,,,,no_image
120123,Quercus monimotricha,矮高山栎,,,,,,,no_image
120143,Quercus rex,大果青冈,,,,,,,no_image
120165,Quercus tiaoloshanica,吊罗山青冈,,,,,,,no_image
62186,Quetarsius peteri,,,,,,,,no_image
62199,Rabdophaga rosaria,玫柳瘿蚊,,,,,,,no_image
62224,Rachicerus pantherinus,广东肋角虻,,,,,,,no_image
120177,Racomitrium heterostichum,异枝砂藓,,,,,,,no_image
120189,Radermachera glandulosa,广西菜豆树,,,,,,,no_image
120207,Radula auriculata,耳瓣扁萼苔,,,,,,,no_image
120227,Radula nymannii,角瓣扁萼苔,,,,,,,no_image
141491,Radulum rude,,,,,,,,no_image
136531,Ramalina almquistii,高峰树花,,,,,,,no_image
136551,Ramalina inflata,肿树花,,,,,,,no_image
149970,Ramaria ephemeroderma,枯皮丛枝瑚,,,,,,,no_image
136571,Ramalina shinanoana,信浓树花,,,,,,,no_image
149990,Ramaria hemirubella,淡红丛枝瑚,,,,,,,no_image
149950,Ramaria brevispora,圆孢木瑚,,,,,,,no_image
150010,Ramaria marrii,黄刷把菌,,,,,,,no_image
150030,Ramaria rubrievanescens,,,,,,,,no_image
150050,Ramaria zebrispora,斑孢丛枝瑚,,,,,,,no_image
62258,Ramesa albistriga,豹枝舟蛾,,,,,,,no_image
133203,Ramularia angustissima,,,,,,,,no_image
133263,Ramularia phaseoli,,,,,,,,no_image
133283,Ramularia theicola,,,,,,,,no_image
133243,Ramularia ipomoeae,,,,,,,,no_image
133223,Ramularia cerinthes,,,,,,,,no_image
62281,Ramulus brevicercatus,短须短角棒䗛,,,,,,,no_image
62321,Ramulus mikado,日本短角棒䗛,,,,,,,no_image
62301,Ramulus hoi,,,,,,,,no_image
62341,Ramulus tianmushanense,天目山短角棒䗛,,,,,,,no_image
80812,Rana chensinensis,中国林蛙,,,,,,,no_image
80832,Rana taihangensis,太行林蛙,,,,,,,no_image
120254,Ranunculus amurensis,披针毛茛,,,,,,,no_image
120278,Ranunculus decandrus,十蕊毛茛,,,,,,,no_image
120308,Ranunculus glareosus,砾地毛茛,,,,,,,no_image
120366,Ranunculus monophyllus,单叶毛茛,,,,,,,no_image
120339,Ranunculus kunmingensis,昆明毛茛,,,,,,,no_image
120392,Ranunculus platyspermus,宽翅毛茛,,,,,,,no_image
120414,Ranunculus shuichengensis,水城毛茛,,,,,,,no_image
120441,Ranunculus triangularis,三角叶毛茛,,,,,,,no_image
17339,Rapana bezoar,红螺,,,,,,,no_image
80843,Raorchestes huanglianshan,黄连山灌树蛙,,,,,,,no_image
62381,Rapisma yanhuangi,炎黄山蛉,,,,,,,no_image
154557,Ravenelia emblicae,,,,,,,,no_image
80861,Rattus norvegicus,褐家鼠,,,,,,,no_image
11986,Raveniola montana,山地雷文蛛,,,,,,,no_image
62393,Reburrus pedestris,点立毛食虫虻,,,,,,,no_image
62404,Redoa crocoptera,冠点足毒蛾,,,,,,,no_image
120490,Reevesia napoensis,那坡梭罗树,,,,,,,no_image
120508,Rehderodendron indochinense,越南木瓜红,,,,,,,no_image
120527,Reinwardtia indica,石海椒,,,,,,,no_image
80889,Remora australis,澳洲短鮣,,,,,,,no_image
148606,Resupinatus alboniger,长孢黑轮,,,,,,,no_image
80893,Repomucenus curvicornis,弯角斜棘,,,,,,,no_image
62484,Reticulitermes Jiangchengensis,江城散白蚁,,,,,,,no_image
62454,Reticulitermes citrinus,柠黄散白蚁,,,,,,,no_image
62474,Reticulitermes guangzhouensis,广州散白蚁,,,,,,,no_image
62495,Reticulitermes lingulatus,舌唇散白蚁,,,,,,,no_image
62515,Reticulitermes pingjiangensis,平江散白蚁,,,,,,,no_image
62535,Reticulitermes tricolorus,三色散白蚁,,,,,,,no_image
62551,Retipenna callioptera,彩翼罗草蛉,,,,,,,no_image
4135,Retusa minima,小囊螺,,,,,,,no_image
3416,Rhabdodemania minor,小丹麦棒线虫,,,,,,,no_image
80915,Rhabdophis shuichengensis,水城颈槽蛇,,,,,,,no_image
135076,Rhachomyces sciakyi,,,,,,,,no_image
62582,Rhadinopsylla aspalacis,鼢鼠纤蚤,,,,,,,no_image
62635,Rhagio asticta,无痣鹬虻,,,,,,,no_image
62610,Rhadinopsylla stenofronta,狭额纤蚤,,,,,,,no_image
62655,Rhagio pallipilosus,白毛鹬虻,,,,,,,no_image
62676,Rhagium sinense,,,,,,,,no_image
62684,Rhamnosa henanensis,河南齿刺蛾,,,,,,,no_image
120622,Rhamnus maximovicziana,黑桦树,,,,,,,no_image
120600,Rhamnus flavescens,淡黄鼠李,,,,,,,no_image
120649,Rhamnus tzekweiensis,鄂西鼠李,,,,,,,no_image
62699,Rhamphomyia insignis,异翅丽猎舞虻,,,,,,,no_image
120667,Rhaphidophora crassicaulis,粗茎崖角藤,,,,,,,no_image
120689,Rhaphiolepis jiulongjiangensis,九龙江石斑木,,,,,,,no_image
62733,Rhaphium mediocre,普通锥长足虻,,,,,,,no_image
62753,Rhaphuma bicolorifemoralis,,,,,,,,no_image
62773,Rhaphuma falx,,,,,,,,no_image
62793,Rhaphuma maculicollis,,,,,,,,no_image
62815,Rhaphuma ruficollis,,,,,,,,no_image
120700,Rhaponticoides dschungarica,准噶尔金矢车菊,,,,,,,no_image
13239,Rhene triapophyses,三突宽胸蝇虎,,,,,,,no_image
62850,Rheocricotopus rotundus,圆趋流摇蚊,,,,,,,no_image
62869,Rheotanytarsus polychaetus,多毛流长跗摇蚊,,,,,,,no_image
120748,Rheum webbianum,喜马拉雅大黄,,,,,,,no_image
62898,Rheumaptera inanata,缺距汝尺蛾,,,,,,,no_image
120726,Rheum maculatum,斑茎大黄,,,,,,,no_image
144389,Rhexoacrodictys erecta,,,,,,,,no_image
62931,Rhingia laevigata,亮黑鼻颜蚜蝇,,,,,,,no_image
80944,Rhinogobio ventralis,长鳍吻&#x0000E068;,,,,,,,no_image
3304,Rhinoclavis sinensis,中华锉棒螺,,,,,,,no_image
80964,Rhinogobius houheensis,后河吻虾虎鱼,,,,,,,no_image
80984,Rhinogobius nantaiensis,南台吻鰕虎,,,,,,,no_image
81024,Rhinopias frondosa,前鳍吻鲉,,,,,,,no_image
6746,Rhinolambrus lamellifrons,板额束颈紧握蟹,,,,,,,no_image
81018,Rhinolophus stheno,小褐菊头蝠,,,,,,,no_image
62956,Rhipidia bilobata,双叶栉形大蚊,,,,,,,no_image
62983,Rhipidolestes cyanoflavus,黄蓝扇山蟌,,,,,,,no_image
62976,Rhipidia triarmata,三刺栉形大蚊,,,,,,,no_image
120754,Rhipiliopsis echinocaulos,刺茎拟扇形藻,,,,,,,no_image
137549,Rhizocarpon distinctum,,,,,,,,no_image
137569,Rhizocarpon rubescens,红地图衣,,,,,,,no_image
63012,Rhizococcus terrestris,艾根绒蚧,,,,,,,no_image
120767,Rhizomnium tuomikoskii,具丝毛灯藓,,,,,,,no_image
155297,Rhizophydium chlorogonii,,,,,,,,no_image
155317,Rhizophydium sphaerocarpum,球囊根壶菌,,,,,,,no_image
149509,Rhizopogon piceus,黑根须腹菌,,,,,,,no_image
156039,Rhizopus niveus,雪白根霉,,,,,,,no_image
63019,Rhodesiella basiflava,基黄锥秆蝇,,,,,,,no_image
63039,Rhodesiella sauteri,邵德锥秆蝇,,,,,,,no_image
120773,Rhodiola alsia,西川红景天,,,,,,,no_image
120799,Rhodiola hideakiohbae,折叶红景天,,,,,,,no_image
120827,Rhodiola renii,垫状红景天,,,,,,,no_image
120853,Rhodobryum giganteum,暖地大叶藓,,,,,,,no_image
146283,Rhodocybe popinalis,洁灰红盖菌,,,,,,,no_image
120891,Rhododendron anthosphaerum,团花杜鹃,,,,,,,no_image
120920,Rhododendron balfourianum,粉钟杜鹃,,,,,,,no_image
120942,Rhododendron bureavii,锈红杜鹃,,,,,,,no_image
120973,Rhododendron chihsinianum,红滩杜鹃,,,,,,,no_image
121026,Rhododendron dekatanum,隆子杜鹃,,,,,,,no_image
121000,Rhododendron coriaceum,革叶杜鹃,,,,,,,no_image
121054,Rhododendron eriocarpum,绵毛果杜鹃,,,,,,,no_image
121102,Rhododendron gologense,果洛杜鹃,,,,,,,no_image
121128,Rhododendron henryi,弯蒴杜鹃,,,,,,,no_image
121079,Rhododendron flavoflorum,泸水杜鹃,,,,,,,no_image
121151,Rhododendron igneum,肉红杜鹃,,,,,,,no_image
121174,Rhododendron kiangsiense,江西杜鹃,,,,,,,no_image
121195,Rhododendron leptothrium,薄叶马银花,,,,,,,no_image
121217,Rhododendron luhuoense,炉霍杜鹃,,,,,,,no_image
121242,Rhododendron megacelyx,大萼杜鹃,,,,,,,no_image
121266,Rhododendron morii,玉山杜鹃,,,,,,,no_image
121320,Rhododendron phaeochrysum,栎叶杜鹃,,,,,,,no_image
121291,Rhododendron obtusum,钝叶杜鹃,,,,,,,no_image
121344,Rhododendron preptum,复毛杜鹃,,,,,,,no_image
121371,Rhododendron qianyangense,黔阳杜鹃,,,,,,,no_image
121399,Rhododendron rubropilosum,台红毛杜鹃,,,,,,,no_image
121432,Rhododendron seniavinii,毛果杜鹃,,,,,,,no_image
121457,Rhododendron sparsifolium,川南杜鹃,,,,,,,no_image
121485,Rhododendron tanastylum,光柱杜鹃,,,,,,,no_image
121545,Rhododendron vernicosum,亮叶杜鹃,,,,,,,no_image
121513,Rhododendron trichogynum,理县杜鹃,,,,,,,no_image
121568,Rhododendron wumengense,乌蒙山杜鹃,,,,,,,no_image
121588,Rhododendron yunyianum,云亿杜鹃,,,,,,,no_image
63055,Rhodoneura atristrigulalis,中线赭网蛾,,,,,,,no_image
63075,Rhodoneura mollis,,,,,,,,no_image
121604,Rhodopeltis borealis,北方赤盾藻,,,,,,,no_image
146304,Rhodophyllus hirtipes,,,,,,,,no_image
146324,Rhodophyllus saundersii,淡黄褐粉褶菌,,,,,,,no_image
63099,Rhodoprasina nenulfascia,雾带直线天蛾,,,,,,,no_image
81061,Rhombomys opimus,大沙鼠,,,,,,,no_image
63120,Rhondia pugnax,,,,,,,,no_image
63130,Rhopalopsole ampulla,钩须诺(虫责),,,,,,,no_image
63170,Rhopalopsole tricuspis,三刺诺(虫责),,,,,,,no_image
63150,Rhopalopsole horvati,哈氏诺(虫责),,,,,,,no_image
8099,Rhopilema hispidum,黄斑海蜇,,,,,,,no_image
121625,Rhus typhina,火炬树,,,,,,,no_image
9877,Rhyncaphytoptus boczeki,,,,,,,,no_image
9825,Rhyncaphytoptus longyuwanis,,,,,,,,no_image
63206,Rhynchina angustalis,尖口夜蛾,,,,,,,no_image
3823,Rhynchonema scutatum,盾形吻腔线虫,,,,,,,no_image
121656,Rhynchostegiella japonica,日本细喙藓,,,,,,,no_image
121635,Rhynchosia himalensis,喜马拉雅鹿藿,,,,,,,no_image
121676,Rhynchostegium sinense,中华长喙藓,,,,,,,no_image
63228,Rhyncomya notata,显斑鼻彩蝇,,,,,,,no_image
63253,Rhytidodera simulans,,,,,,,,no_image
12551,Rhysodromus alascensis,阿拉皱逍遥蛛,,,,,,,no_image
139368,Rhytisma yuexiense,岳西斑痣盘菌,,,,,,,no_image
121720,Ribes fuyunense,富蕴茶藨子,,,,,,,no_image
121790,Ribes saxatile,石生茶藨子,,,,,,,no_image
121758,Ribes mandshuricum,东北茶藨子,,,,,,,no_image
121818,Riccardia kodamae,单胞片叶苔,,,,,,,no_image
121840,Riccia huebeneriana,稀枝钱苔,,,,,,,no_image
150693,Rickenella fibula,腓骨小菇,,,,,,,no_image
151016,Rigidoporus eminens,突囊硬孔菌,,,,,,,no_image
135391,Rinodina demissa,矮饼干衣,,,,,,,no_image
63263,Ringdahlia curtigena,短颊林纤蕨蝇,,,,,,,no_image
63268,Risefronta albicincta,白带突额叶蝉,,,,,,,no_image
135411,Rinodina terrestris,地生饼干衣,,,,,,,no_image
15904,Riukiaria ochracea,,,,,,,,no_image
63292,Rivula auripalpis,黄须涓夜蛾,,,,,,,no_image
63304,Robineauella walayari,瓦氏叉麻蝇,,,,,,,no_image
8404,Rocinela orientalis,东方罗司水虱,,,,,,,no_image
154239,Roestelia wenshanensis,小角春孢锈,,,,,,,no_image
121899,Rohdea ensifolia,剑叶开口箭,,,,,,,no_image
63328,Rondibilis slocumi,,,,,,,,no_image
121921,Rohdea verruculosa,疣点开口箭,,,,,,,no_image
63365,Ropronia liui,刘氏窄腹细蜂,,,,,,,no_image
63345,Ropica honesta,,,,,,,,no_image
121926,Rorippa barbareifolia,山芥叶蔊菜,,,,,,,no_image
121953,Rosa berberifolia,小檗叶蔷薇,,,,,,,no_image
122020,Rosa langyashanica,琅琊山蔷薇,,,,,,,no_image
121988,Rosa filipes,腺梗蔷薇,,,,,,,no_image
122061,Rosa oxyacantha,尖刺蔷薇,,,,,,,no_image
122086,Rosa sinobiflora,双花蔷薇,,,,,,,no_image
7372,Rosacea plicata,褶玫瑰水母,,,,,,,no_image
63405,Rosapha bimaculata,双斑多毛水虻,,,,,,,no_image
122140,Roscoea schneideriana,无柄象牙参,,,,,,,no_image
122145,Rosmarinus officinalis,迷迭香,,,,,,,no_image
122154,Rotala indica,节节菜,,,,,,,no_image
81101,Rouleina guentheri,根室鲁氏鱼,,,,,,,no_image
6874,Roxasia erinacea,刺猬散枝软珊瑚,,,,,,,no_image
63414,Ruba bimaculata,双斑红水虻,,,,,,,no_image
122196,Rubia magna,峨眉茜草,,,,,,,no_image
122216,Rubia tinctorum,染色茜草,,,,,,,no_image
122231,Rubus alexeterius,刺萼悬钩子,,,,,,,no_image
122262,Rubus chamaemorus,兴安悬钩子,,,,,,,no_image
122299,Rubus dunnii,闽粤悬钩子,,,,,,,no_image
122336,Rubus fuscorubens,黄毛悬钩子,,,,,,,no_image
122369,Rubus hypopitys,滇藏悬钩子,,,,,,,no_image
122407,Rubus lasiostylus,绵果悬钩子,,,,,,,no_image
122472,Rubus parvifolius,茅莓,,,,,,,no_image
122445,Rubus menglaensis,勐腊悬钩子,,,,,,,no_image
122510,Rubus pseudoswinhoei,假木莓,,,,,,,no_image
122557,Rubus sikkimensis,锡金悬钩子,,,,,,,no_image
122591,Rubus tingzhouensis,红毛木莓,,,,,,,no_image
122614,Rubus yiwuanus,奕武悬钩子,,,,,,,no_image
63425,Rudicollaris truncatolobata,截叶糙颈螽,,,,,,,no_image
63438,Rugilus chinensis,,,,,,,,no_image
63458,Rugilus parvincisus,,,,,,,,no_image
122632,Rumex chalepensis,网果酸模,,,,,,,no_image
122654,Rumex trisetifer,长刺酸模,,,,,,,no_image
122668,Rungia napoensis,那坡孩儿草,,,,,,,no_image
152339,Russula aurata,金红菇,,,,,,,no_image
63471,Russellaspis pustulans,露链蚧,,,,,,,no_image
152359,Russula chichuensis,鸡足山红菇,,,,,,,no_image
152379,Russula emetica,毒红菇,,,,,,,no_image
152399,Russula grisea,灰红菇,,,,,,,no_image
152419,Russula lepidicolor,怡人色红菇,,,,,,,no_image
152439,Russula obscura,酒红色红菇,,,,,,,no_image
152479,Russula rubellipes,,,,,,,,no_image
152459,Russula pseudointegra,假全缘红菇,,,,,,,no_image
152499,Russula variata,变异红菇,,,,,,,no_image
138885,Rutstroemia americana,,,,,,,,no_image
139424,Ryparobius pelletieri,,,,,,,,no_image
6658,Sabatieria breviseta,短毛萨巴线虫,,,,,,,no_image
122699,Sabia paniculata,锥序清风藤,,,,,,,no_image
81125,Sacalia quadriocellata,四眼斑水龟,,,,,,,no_image
139657,Saccobolus michiganensis,密执安集孢粪盘菌,,,,,,,no_image
122723,Saccharum barberi,细秆甘蔗,,,,,,,no_image
4110,Saccostrea mordax,咬齿牡蛎,,,,,,,no_image
122749,Sageretia ellipsoidea,椭果雀梅藤,,,,,,,no_image
122773,Sageretia yilinii,脱毛雀梅藤,,,,,,,no_image
122796,Salacia confertiflora,密花五层龙,,,,,,,no_image
63497,Saigusaia praegnans,肿大赛菌蚊,,,,,,,no_image
63508,Salassa thespis,猫目大蚕蛾,,,,,,,no_image
63518,Saliocleta dabashanica,褐箩舟蛾,,,,,,,no_image
122809,Salix acuminatomicrophylla,尖叶垫柳,,,,,,,no_image
122836,Salix bangongensis,班公柳,,,,,,,no_image
122860,Salix chaenomeloides,腺柳,,,,,,,no_image
122887,Salix delavayana,腹毛柳,,,,,,,no_image
122919,Salix floccosa,丛毛矮柳,,,,,,,no_image
122940,Salix hsinganica,兴安柳,,,,,,,no_image
122965,Salix koreensis,朝鲜柳,,,,,,,no_image
122989,Salix luzhongensis,鲁中柳,,,,,,,no_image
123015,Salix myrtilloides,越橘柳,,,,,,,no_image
123040,Salix paraphylicifolia,光叶柳,,,,,,,no_image
123096,Salix rosmarinifolia,细叶沼柳,,,,,,,no_image
123069,Salix pseudospissa,大苞柳,,,,,,,no_image
123158,Salix tenella,光苞柳,,,,,,,no_image
123127,Salix sinopurpurea,红皮柳,,,,,,,no_image
123182,Salix xiaoguangshanica,小光山柳,,,,,,,no_image
1378,Salmoneus serratidigitus,锯指折螯虾,,,,,,,no_image
123206,Salsola praecox,早熟猪毛菜,,,,,,,no_image
123217,Salvia appendiculata,附片鼠尾草,,,,,,,no_image
123250,Salvia dabieshanensis,大别山丹参,,,,,,,no_image
123282,Salvia kiangsiensis,关公须,,,,,,,no_image
123311,Salvia piasezkii,秦岭鼠尾草,,,,,,,no_image
123343,Salvia substolonifera,佛光草,,,,,,,no_image
318,Samarangia quadrangularis,榆果蛤,,,,,,,no_image
123370,Sanchezia parvibracteata,小苞黄脉爵床,,,,,,,no_image
123392,Sanicula giraldii,首阳变豆菜,,,,,,,no_image
63556,Sanyangia propinquae,榆小蠹凸头姬小蜂,,,,,,,no_image
123412,Sapindus delavayi,川滇无患子,,,,,,,no_image
63594,Saprinus himalajicus,喜马拉雅腐阎甲,,,,,,,no_image
63616,Sapromyza flavopleura,黄侧双鬃缟蝇,,,,,,,no_image
123428,Saraca griffithiana,云南无忧花,,,,,,,no_image
63647,Sarbanissa mandarina,小修虎蛾,,,,,,,no_image
123442,Sarcococca saligna,柳叶野扇花,,,,,,,no_image
63653,Sarcophaga variegata,常麻蝇,,,,,,,no_image
137028,Sarcographa albomaculans,,,,,,,,no_image
140840,Sarcoscypha fusispora,梭孢肉杯菌,,,,,,,no_image
7211,Sarcophyton tenuispiculatum,细梢肉芝软珊瑚,,,,,,,no_image
63667,Sarcosolomonia hongheensis,红河所麻蝇,,,,,,,no_image
63671,Sardia rostrata,喙头飞虱,,,,,,,no_image
81175,Sargocentron inaequalis,格纹棘鳞鱼,,,,,,,no_image
63682,Sargus mandarinus,华瘦腹水虻,,,,,,,no_image
63702,Sarina sexpunctata,六斑箒麻蝇,,,,,,,no_image
123465,Sarocalamus qiaojiaensis,蔓竹,,,,,,,no_image
63738,Satanas minor,小魔食虫虻,,,,,,,no_image
63726,Sasakia pulcherrima,最美紫蛱蝶,,,,,,,no_image
123491,Saurauia punduana,大花水东哥,,,,,,,no_image
123477,Satyrium nepalense,鸟足兰,,,,,,,no_image
63764,Sathytes tangliangi,,,,,,,,no_image
63797,Sauris interruptaria,间三叶尺蛾,,,,,,,no_image
123508,Sauropus garrettii,苍叶守宫木,,,,,,,no_image
123528,Saussurea alata,翼茎风毛菊,,,,,,,no_image
123571,Saussurea chingiana,抱茎风毛菊,,,,,,,no_image
123550,Saussurea bijiangensis,碧江雪兔子,,,,,,,no_image
123593,Saussurea deserticola,荒漠风毛菊,,,,,,,no_image
123613,Saussurea flaccida,萎软风毛菊,,,,,,,no_image
123657,Saussurea jindongensis,金东雪莲,,,,,,,no_image
123635,Saussurea gyacaensis,加查雪兔子,,,,,,,no_image
123677,Saussurea laniceps,绵头雪兔子,,,,,,,no_image
123697,Saussurea luae,宝璐雪莲,,,,,,,no_image
123717,Saussurea multiloba,多裂风毛菊,,,,,,,no_image
123737,Saussurea ovata,卵叶风毛菊,,,,,,,no_image
123757,Saussurea polygonifolia,蓼叶风毛菊,,,,,,,no_image
123777,Saussurea pseudosimpsoniana,朗县雪兔子,,,,,,,no_image
123821,Saussurea sichuanica,四川雪莲,,,,,,,no_image
123799,Saussurea romuleifolia,鸢尾叶风毛菊,,,,,,,no_image
123841,Saussurea taipaiensis,太白山雪莲,,,,,,,no_image
123867,Saussurea uniflora,单花雪莲,,,,,,,no_image
123887,Saussurea yilingii,艺林雪莲,,,,,,,no_image
6601,Savignium elongatum,长宽楯藤壶,,,,,,,no_image
81226,Saxicola maurus,黑喉石䳭,,,,,,,no_image
123919,Saxifraga bronchialis,刺虎耳草,,,,,,,no_image
123941,Saxifraga consanguinea,棒腺虎耳草,,,,,,,no_image
123965,Saxifraga dongwanensis,东旺虎耳草,,,,,,,no_image
123990,Saxifraga forrestii,玉龙虎耳草,,,,,,,no_image
124045,Saxifraga kwangsiensis,龙胜虎耳草,,,,,,,no_image
124016,Saxifraga heteroclada,,,,,,,,no_image
124067,Saxifraga miralana,白毛茎虎耳草,,,,,,,no_image
124093,Saxifraga paiquensis,派区虎耳草,,,,,,,no_image
124120,Saxifraga rotundipetala,圆瓣虎耳草,,,,,,,no_image
124148,Saxifraga stenophylla,大花虎耳草,,,,,,,no_image
124172,Saxifraga tsangchanensis,苍山虎耳草,,,,,,,no_image
124199,Scabiosa japonica,日本蓝盆花,,,,,,,no_image
63816,Scaeva selenitica,月斑鼓额蚜蝇,,,,,,,no_image
124221,Scapania glaucocephala,长尖合叶苔,,,,,,,no_image
1480,Scambula radiata,色带曲背蛤,,,,,,,no_image
124245,Scapania paludosa,大合叶苔,,,,,,,no_image
2231,Scapharca india,印度毛蚶,,,,,,,no_image
63833,Scaphidium biwenxuani,,,,,,,,no_image
63853,Scaphidium jizuense,,,,,,,,no_image
63875,Scaphidium sinense,,,,,,,,no_image
63893,Scaphisoma aciculare,,,,,,,,no_image
63914,Scaphisoma heishuiense,,,,,,,,no_image
63934,Scaphisoma neglectum,,,,,,,,no_image
63954,Scaphisoma serpens,,,,,,,,no_image
63972,Scaphobaeocera dispar,,,,,,,,no_image
7663,Scapophyllia cylindrica,葶叶珊瑚,,,,,,,no_image
64009,Scaptodrosophila parabrunnea,拟褐花果蝇,,,,,,,no_image
64029,Scaptomyza pallida,灰姬果蝇,,,,,,,no_image
81243,Scarturus elater,小五趾跳鼠,,,,,,,no_image
81263,Scarus schlegeli,许氏鹦嘴鱼,,,,,,,no_image
64056,Scathophaga sinensis,中华粪蝇,,,,,,,no_image
64075,Scatopsciara trispina,三刺粪眼蕈蚊,,,,,,,no_image
64094,Scellus sinensis,中华齿角长足虻,,,,,,,no_image
124276,Schima arunachaleana,藏南木荷,,,,,,,no_image
9115,Scheloribates latipes,棒菌甲螨,,,,,,,no_image
124290,Schisandra arisanensis,阿里山五味子,,,,,,,no_image
124318,Schisandra sphenanthera,华中五味子,,,,,,,no_image
64115,Schistostoma nigricauda,黑尾隆颜小室舞虻,,,,,,,no_image
124335,Schistidium subconfertum,皱叶连轴藓,,,,,,,no_image
81292,Schistura lingyunensis,凌云南鳅,,,,,,,no_image
81312,Schistura yingjiangensis,盈江条鳅,,,,,,,no_image
64116,Schizoneuraphis gallarum,瘿裂扁蚜,,,,,,,no_image
124383,Schizophragma megalocarpum,大果钻地风,,,,,,,no_image
81315,Schizopygopsis kialingensis,嘉陵裸裂尻鱼,,,,,,,no_image
145515,Schizostoma laceratum,裂顶裂嘴壳,,,,,,,no_image
81342,Schizothorax gongshanensis,贡山裂腹鱼,,,,,,,no_image
9597,Schizotetranychus spireafolia,,,,,,,,no_image
81362,Schizothorax ninglangensis,宁蒗裂腹鱼,,,,,,,no_image
64124,Schlechtendalia peitan,倍蛋蚜,,,,,,,no_image
81395,Schoeniparus variegaticeps,金额雀鹛,,,,,,,no_image
124434,Schoenoplectus komarovii,吉林水葱,,,,,,,no_image
124454,Schoepfia chinensis,华南青皮木,,,,,,,no_image
124466,Schwetschkea brevipes,短枝附干藓,,,,,,,no_image
64142,Sciara humeralis,勾臂眼蕈蚊,,,,,,,no_image
150541,Scindalma amboinense,,,,,,,,no_image
150561,Scindalma mastoporum,,,,,,,,no_image
124483,Scinaia moniliformis,念珠鲜奈藻,,,,,,,no_image
150581,Scindalma semiclausum,,,,,,,,no_image
64165,Sciophila baishanzua,百山祖粘菌蚊,,,,,,,no_image
81415,Sciurotamias davidianus,岩松鼠,,,,,,,no_image
124493,Scirpus maximowiczii,佛焰苞藨草,,,,,,,no_image
124521,Scleria radula,光果珍珠茅,,,,,,,no_image
155778,Sclerocystis indica,,,,,,,,no_image
149538,Scleroderma poltaviense,,,,,,,,no_image
138984,Scleromitrula shiraiana,核地杖菌,,,,,,,no_image
138988,Sclerotinia asari,细辛核盘菌,,,,,,,no_image
139008,Sclerotinia moricola,桑生核盘菌,,,,,,,no_image
143363,Scolecosporites vermiculatus,,,,,,,,no_image
140308,Scodellina grandis,,,,,,,,no_image
124544,Scolopia saeva,广东箣柊,,,,,,,no_image
7850,Scolymia vitiensis,葡萄蓟珊瑚,,,,,,,no_image
64231,Scopaeus schuelkei,,,,,,,,no_image
64243,Scopelodes ursina,小黑球须刺蛾,,,,,,,no_image
144244,Scopulariopsis nivea,,,,,,,,no_image
81469,Scorpaenodes varipinnis,花翅小鲉,,,,,,,no_image
124555,Scorzonera aniana,长茎鸦葱,,,,,,,no_image
13836,Scotophaeus rebellatus,逆幽蛛,,,,,,,no_image
124570,Scrophularia aequilabris,等唇玄参,,,,,,,no_image
124594,Scrophularia macrocarpa,大果玄参,,,,,,,no_image
124621,Scurrula notothixoides,小叶梨果寄生,,,,,,,no_image
1824,Scrupocellaria delilii,尖叶粗胞苔虫,,,,,,,no_image
124648,Scutellaria chekiangensis,浙江黄芩,,,,,,,no_image
124678,Scutellaria javanica,爪哇黄芩,,,,,,,no_image
124701,Scutellaria obtusifolia,钝叶黄芩,,,,,,,no_image
124736,Scutellaria sciaphila,喜荫黄芩,,,,,,,no_image
124764,Scutellaria teniana,大姚黄芩,,,,,,,no_image
140689,Scutellinia ascoboloides,黄盾盘菌,,,,,,,no_image
140709,Scutellinia minor,球孢盾盘菌,,,,,,,no_image
140729,Scutellinia vitreola,小疣盾盘菌,,,,,,,no_image
155636,Scutellospora reticulata,网纹盾巨孢囊霉,,,,,,,no_image
81499,Scutiger maculatus,花齿突蟾,,,,,,,no_image
9232,Scutovertex jindianensis,金殿垂盾甲螨,,,,,,,no_image
104,Scylla olivaces,橄榄青蟹,,,,,,,no_image
64288,Scythropiodes approximans,邻近绢祝蛾,,,,,,,no_image
152085,Scytinostroma galactinum,苹果根朽革垫菌,,,,,,,no_image
81529,Sebastes trivittatus,条平鲉,,,,,,,no_image
64309,Seasogonia rosea,红斑洋大叶蝉,,,,,,,no_image
124802,Securidaca inappendiculata,蝉翼藤,,,,,,,no_image
124864,Sedum hoi,贺氏景天,,,,,,,no_image
124818,Sedum celiae,镰座景天,,,,,,,no_image
124843,Sedum fanjingshanensis,梵净山景天,,,,,,,no_image
124908,Sedum pagetodes,寒地景天,,,,,,,no_image
124886,Sedum magniflorum,大花景天,,,,,,,no_image
124929,Sedum sagittipetalum,箭瓣景天,,,,,,,no_image
124951,Sedum triactina,三芒景天,,,,,,,no_image
141034,Seimatoantlerium nepalense,,,,,,,,no_image
64315,Seladerma breviscutum,短盾塞拉金小蜂,,,,,,,no_image
124988,Selaginella borealis,呼玛卷柏,,,,,,,no_image
125009,Selaginella helferi,攀缘卷柏,,,,,,,no_image
125029,Selaginella minutifolia,小叶卷柏,,,,,,,no_image
125052,Selaginella rolandi-principis,海南卷柏,,,,,,,no_image
132273,Selenophoma scrophulariae,,,,,,,,no_image
125091,Selliguea conjuncta,交连假瘤蕨,,,,,,,no_image
125072,Selaginella trichoclada,毛枝卷柏,,,,,,,no_image
125113,Selliguea himalayensis,琉璃节肢蕨,,,,,,,no_image
125133,Selliguea quasidivaricata,展羽假瘤蕨,,,,,,,no_image
125153,Selliguea yakushimensis,屋久假瘤蕨,,,,,,,no_image
125161,Semecarpus longifolius,大叶肉托果,,,,,,,no_image
125174,Semiarundinaria densiflora,短穗竹,,,,,,,no_image
125205,Senecio graciliflorus,纤花千里光,,,,,,,no_image
125182,Senecio albopurpureus,白紫千里光,,,,,,,no_image
125177,Semiliquidambar cathayensis,半枫荷,,,,,,,no_image
125227,Senecio pseudoarnica,多肉千里光,,,,,,,no_image
125272,Senegalia tonkinensis,滇南藤儿茶,,,,,,,no_image
125249,Senegalia clandestina,玉溪儿茶,,,,,,,no_image
125291,Senna siamea,铁刀木,,,,,,,no_image
64375,Senometopia mimoexcisa,拟隔离裸基寄蝇,,,,,,,no_image
64407,Sepedon ferruginosa,锈色长角沼蝇,,,,,,,no_image
64427,Sepedophilus littoreus,,,,,,,,no_image
64395,Senotainia caspica,里海赛蜂麻蝇,,,,,,,no_image
64452,Sepsis humeralis,肩角鼓翅蝇,,,,,,,no_image
154606,Septobasidium annulatum,,,,,,,,no_image
154626,Septobasidium meridionale,,,,,,,,no_image
143401,Septoria avenae,,,,,,,,no_image
143381,Septoria agrimoniicola,,,,,,,,no_image
143421,Septoria clematidis-flammulae,,,,,,,,no_image
143441,Septoria echinopsis,,,,,,,,no_image
143461,Septoria helianthi,,,,,,,,no_image
143481,Septoria melicae,,,,,,,,no_image
143501,Septoria piricola,,,,,,,,no_image
143541,Septoria viburni,,,,,,,,no_image
143521,Septoria solitaria,,,,,,,,no_image
64465,Sergentia prima,原始瑟摇蚊,,,,,,,no_image
64485,Sergentomyia nankingensis,南京司蛉,,,,,,,no_image
13856,Sergiolus hosiziro,星白丝蛛,,,,,,,no_image
6476,Sergestes armatus,尖额霞虾,,,,,,,no_image
81551,Seriola quinqueradiata,五条鰤,,,,,,,no_image
125317,Seseli coronatum,柱冠西风芹,,,,,,,no_image
13674,Sernokorba pallidipatellis,淡膝塞尔蛛,,,,,,,no_image
64537,Servaisia erythrura,宽阳锚折麻蝇,,,,,,,no_image
7719,Sertularella keiensis,凯岛小桧叶螅,,,,,,,no_image
64550,Seseria sambara,白腹瑟弄蝶,,,,,,,no_image
125360,Setaria yunnanensis,云南狗尾草,,,,,,,no_image
6666,Setosabatieria fibulata,豆毛萨巴线虫,,,,,,,no_image
14206,Shaanxinus makauyensis,马告陕蛛,,,,,,,no_image
64575,Shatalkinella deceptor,四列沙氏缟蝇,,,,,,,no_image
10392,Shevtchenkella philadelphi,,,,,,,,no_image
125394,Shoubiaonia yunnanensis,守标石蒜,,,,,,,no_image
64587,Shirozua jonasi,诗灰蝶,,,,,,,no_image
64620,Siccia hengshanensis,衡山干苔蛾,,,,,,,no_image
125411,Sibbaldianthe semiglabra,长叶鸡冠茶,,,,,,,no_image
753,Sicyonia benthophila,底栖单肢虾,,,,,,,no_image
64610,Sialis luohanbaensis,罗汉坝泥蛉,,,,,,,no_image
125423,Sida alnifolia,桤叶黄花棯,,,,,,,no_image
125443,Sideritis balansae,紫花毒马草,,,,,,,no_image
125445,Sigesbeckia glabrescens,毛梗豨莶,,,,,,,no_image
64652,Sigalphus liaoningensis,辽宁屏腹茧蜂,,,,,,,no_image
64660,Sikkimiana jinzhongshanensis,金钟山锡金蝗,,,,,,,no_image
125491,Silene gracilenta,纤细蝇子草,,,,,,,no_image
125469,Silene chalcedonica,皱叶剪秋罗,,,,,,,no_image
125449,Silene adenocalyx,腺萼蝇子草,,,,,,,no_image
125519,Silene komarovii,轮伞蝇子草,,,,,,,no_image
125543,Silene namlaensis,墨脱蝇子草,,,,,,,no_image
125565,Silene pseudotenuis,昭苏蝇子草,,,,,,,no_image
125587,Silene tianschanica,天山蝇子草,,,,,,,no_image
12809,Siler zhangae,张氏翠蛛,,,,,,,no_image
13144,Simaetha pengi,彭氏西马蛛,,,,,,,no_image
81607,Sillago sihama,多鳞鱚,,,,,,,no_image
64684,Silusa lanuginosa,,,,,,,,no_image
64706,Simplicia niphona,曲线贫夜蛾,,,,,,,no_image
64726,Simulium atruncum,无茎特蚋,,,,,,,no_image
64746,Simulium chitoense,查头纺蚋,,,,,,,no_image
64766,Simulium emeinese,峨嵋短蚋,,,,,,,no_image
64786,Simulium gravelyi,格氏蚋,,,,,,,no_image
64826,Simulium lama,沼泽维蚋,,,,,,,no_image
64806,Simulium indicum,印度蚋,,,,,,,no_image
64846,Simulium lundstromi,新月纺蚋,,,,,,,no_image
64866,Simulium nemorivagum,线丝山蚋,,,,,,,no_image
64886,Simulium pattoni,帕氏绳蚋,,,,,,,no_image
64926,Simulium saceatum,萨擦蚋,,,,,,,no_image
64906,Simulium qiaolaoense,桥落纺蚋,,,,,,,no_image
64946,Simulium subgriseum,灰背纺蚋,,,,,,,no_image
64966,Simulium tongbaishanense,桐柏山维蚋,,,,,,,no_image
64986,Simulium wulingense,武陵蚋,,,,,,,no_image
65006,Simulium yushangense,油丝纺蚋,,,,,,,no_image
65023,Sinacroneuria orientalis,东方华钮(虫责),,,,,,,no_image
65032,Sinanarchusa daxuensis,,,,,,,,no_image
18994,Sinella plebeia,,,,,,,,no_image
19085,Sinella bui,,,,,,,,no_image
19081,Sinella wui,,,,,,,,no_image
11053,Singa alpigenoides,类山地亮腹蛛,,,,,,,no_image
81625,Sinibrama wui,伍氏华鳊,,,,,,,no_image
81628,Siniperca chuatsi,鳜,,,,,,,no_image
3906,Sinoandaniopsis donghaiensis,东海华拟安钩虾,,,,,,,no_image
149264,Sinoboletus maekawae,前川华牛肝菌,,,,,,,no_image
65087,Sinocapritermes tianmuensis,天目华扭白蚁,,,,,,,no_image
65097,Sinochauliodes squalidus,污翅华鱼蛉,,,,,,,no_image
125654,Sinocladia hainanensis,海南华枝藻,,,,,,,no_image
12089,Sinocoelotes muliensis,木里华隙蛛,,,,,,,no_image
81653,Sinocyclocheilus broadihornes,宽角金线鲃,,,,,,,no_image
125675,Sinocrassula obliquifolia,斜叶石莲,,,,,,,no_image
81673,Sinocyclocheilus longicornus,长角金线鲃,,,,,,,no_image
81693,Sinocyclocheilus qujingensis,曲靖金线鲃,,,,,,,no_image
16779,Sinoderces aiensis,艾华裸斑蛛,,,,,,,no_image
1966,Sinodina wangtai,王台华米虾,,,,,,,no_image
4854,Sinoflustra annae,安娜华藻苔虫,,,,,,,no_image
65129,Sinogomphus leptocercus,细尾华春蜓,,,,,,,no_image
125685,Sinojackia henryi,棱果秤锤树,,,,,,,no_image
125702,Sinomenium acutum,风龙,,,,,,,no_image
65153,Sinonasutitermes yui,尤氏华象白蚁,,,,,,,no_image
65166,Sinophasma atratum,暗黑华枝䗛,,,,,,,no_image
13388,Sinopoda changde,常德华遁蛛,,,,,,,no_image
65188,Sinophasma striatum,斑华枝䗛,,,,,,,no_image
13460,Sinopoda himalayica,喜马拉雅华遁蛛,,,,,,,no_image
13455,Sinopoda serpentembolus,蛇突华遁蛛,,,,,,,no_image
65201,Sinopodisma huangshana,黄山蹦蝗,,,,,,,no_image
125706,Sinopora hongkongensis,孔药楠,,,,,,,no_image
125718,Sinosenecio baojingensis,保靖蒲儿根,,,,,,,no_image
125740,Sinosenecio jiuhuashanicus,九华蒲儿根,,,,,,,no_image
2785,Sinosquilla hispida,多刺华虾蛄,,,,,,,no_image
125760,Sinosenecio sichuanicus,四川蒲儿根,,,,,,,no_image
147038,Sinotermitomyces meipengianus,梅朋华鸡枞,,,,,,,no_image
65243,Sinstauchira gressitti,嘉氏板齿蝗,,,,,,,no_image
7197,Sinularia gibberosa,凸指软珊瑚,,,,,,,no_image
7191,Sinularia ovispiculata,棘卵指软珊瑚,,,,,,,no_image
5701,Sinum laevigatum,光滑窦螺,,,,,,,no_image
65256,Siphona geniculata,大蚊长唇寄蝇,,,,,,,no_image
2984,Siriella media,中型节糠虾,,,,,,,no_image
8301,Siphonosoma australe,澳洲管体星虫,,,,,,,no_image
65267,Sipyloidea brevicerca,短须管䗛,,,,,,,no_image
149784,Sistotrema estonicum,,,,,,,,no_image
125810,Sisymbrium orientale,东方大蒜芥,,,,,,,no_image
125817,Sitobolium hirsutum,细毛碗蕨,,,,,,,no_image
125822,Sium medium,中亚泽芹,,,,,,,no_image
150949,Skeletocutis stellae,星状干皮孔菌,,,,,,,no_image
15884,Skleroprotopus membranipedalis,膜足硬肢马陆,,,,,,,no_image
125857,Smallanthus sonchifolius,菊薯,,,,,,,no_image
65297,Smerinthulus perversa,霉斑天蛾,,,,,,,no_image
65320,Smidtia winthemioides,拟温锥腹寄蝇,,,,,,,no_image
125888,Smilax corbularia,筐条菝葜,,,,,,,no_image
125910,Smilax hirtellicaulis,毛茎菝葜,,,,,,,no_image
125932,Smilax myrtillus,乌饭叶菝葜,,,,,,,no_image
125957,Smilax scobinicaulis,短梗菝葜,,,,,,,no_image
18700,Sminthurides aquaticus,,,,,,,,no_image
81788,Smithophis linearis,线纹溪蛇,,,,,,,no_image
155829,Smittium shaanxiense,,,,,,,,no_image
65339,Sogatella furcifera,白背飞虱,,,,,,,no_image
125994,Solanum capsicoides,牛茄子,,,,,,,no_image
126034,Solanum tuberosum,马铃薯,,,,,,,no_image
126014,Solanum merrillianum,光枝木龙葵,,,,,,,no_image
139370,Soleella cunninghamiicola,,,,,,,,no_image
5542,Solen sloanii,紫斑竹蛏,,,,,,,no_image
4842,Solenocera melantho,大管鞭虾,,,,,,,no_image
126060,Solenostoma erectum,直立管口苔,,,,,,,no_image
126080,Solenostoma multicarpa,多萼管口苔,,,,,,,no_image
126103,Solenostoma subellipticum,拟卵叶管口苔,,,,,,,no_image
14357,Solenysa yangmingshana,阳明蚁微蛛,,,,,,,no_image
126118,Solidago rugosa,多皱一枝黄花,,,,,,,no_image
126127,Solms-laubachia calcicola,岩生丛菔,,,,,,,no_image
126147,Solms-laubachia pulcherrima,丛菔,,,,,,,no_image
65352,Solva apicimacula,端斑粗腿木虻,,,,,,,no_image
65372,Solva varia,北方粗腿木虻,,,,,,,no_image
126156,Sonchella dentata,草甸碱苣,,,,,,,no_image
65394,Songius lasiuohospes,,,,,,,,no_image
126178,Sonneratia ovata,卵叶海桑,,,,,,,no_image
65414,Sophonia fuscomarginata,褐缘拟隐脉叶蝉,,,,,,,no_image
126179,Sophora albescens,白花槐,,,,,,,no_image
126217,Sophora xanthoantha,黄花槐,,,,,,,no_image
126239,Sorbus aronioides,毛背花楸,,,,,,,no_image
126264,Sorbus erythrosepala,红萼花楸,,,,,,,no_image
126288,Sorbus hupehensis,湖北花楸,,,,,,,no_image
126314,Sorbus olivacea,榄绿花楸,,,,,,,no_image
126345,Sorbus rutilans,海螺沟花楸,,,,,,,no_image
126369,Sorbus yunnanensis,枥叶花楸,,,,,,,no_image
81813,Sorex sinalis,陕西鼩鼱,,,,,,,no_image
65442,Sorolopha chlorotica,绿尾小卷蛾,,,,,,,no_image
81821,Sorsogona tuberculata,瘤眶棘鲬,,,,,,,no_image
154745,Sorosporium caledonicum,黄茅穗团黑粉菌,,,,,,,no_image
144459,Spadicoides bambusicola,,,,,,,,no_image
65469,Spalangia nigra,黑俑小蜂,,,,,,,no_image
65492,Spaniocelyphus scutatus,,,,,,,,no_image
126396,Sparganium fallax,曲轴黑三棱,,,,,,,no_image
13292,Spartaeus zhangi,张氏散蛛,,,,,,,no_image
65519,Spatalistis bifasciana,越橘彩翅卷蛾,,,,,,,no_image
126426,Spatholobus varians,云南密花豆,,,,,,,no_image
65536,Speccafrons costalis,中脉球突秆蝇,,,,,,,no_image
12689,Speocera songae,宋氏角洞蛛,,,,,,,no_image
14505,Speleoticus yinchangminae,长民洞类球蛛,,,,,,,no_image
126446,Spermadictyon suaveolens,香花木,,,,,,,no_image
152982,Sphacelotheca cruenta,,,,,,,,no_image
153002,Sphacelotheca montaniensis,,,,,,,,no_image
65558,Sphaeripalpus vulgaris,普通大痣金小蜂,,,,,,,no_image
153022,Sphacelotheca tonkinensis,,,,,,,,no_image
65574,Sphaerobulbus pusio,,,,,,,,no_image
65596,Sphaeronemoura separata,分叶球尾叉(虫责),,,,,,,no_image
4099,Sphaerolaimus pacifica,太平洋囊咽线虫,,,,,,,no_image
65614,Sphaerophoria philanthus,暗跗细腹蚜蝇,,,,,,,no_image
143566,Sphaeropsis photiniae,,,,,,,,no_image
126459,Sphaerostephanos productus,兰屿大叶圆腺蕨,,,,,,,no_image
138181,Sphaerotheca euphorbiae,,,,,,,,no_image
138201,Sphaerotheca xanthii,,,,,,,,no_image
126471,Sphagnum chinense,中华泥炭藓,,,,,,,no_image
126493,Sphagnum obtusiusculum,秃叶泥炭藓,,,,,,,no_image
126513,Sphagnum warnstorfii,阔边泥炭藓,,,,,,,no_image
65640,Sphegigaster shica,沙斯夫金小蜂,,,,,,,no_image
65660,Sphegina varidissima,多色棒腹蚜蝇,,,,,,,no_image
65673,Sphenometopa mongolica,蒙古榍蜂麻蝇,,,,,,,no_image
65693,Sphingonotus kirgisicus,吉尔束颈蝗,,,,,,,no_image
65678,Sphigmothorax bicinctus,,,,,,,,no_image
65716,Sphingonotus yenchihensis,盐池束颈蝗,,,,,,,no_image
81873,Spicomacrurus dictyogadus,网喉箭鳕,,,,,,,no_image
81861,Sphyraena flavicauda,黄尾魣,,,,,,,no_image
65755,Spilarctia multiguttata,多点污灯蛾,,,,,,,no_image
65777,Spilogona argentea,银点池蝇,,,,,,,no_image
65797,Spilogona leptostylata,瘦侧叶池蝇,,,,,,,no_image
65818,Spilogona setimacula,毛点点池蝇,,,,,,,no_image
65838,Spilolonchoptera yangi,杨氏瑕尖翅蝇,,,,,,,no_image
1458,Spilophorella paradoxa,奇异花斑线虫,,,,,,,no_image
10151,Spinacarus guniujiangensis,,,,,,,,no_image
65884,Spinilimosina rufifrons,赤额刺沼小粪蝇,,,,,,,no_image
1603,Spiniplicatula horrida,管刺襞蛤,,,,,,,no_image
65913,Spinoparapachymorpha jinpingensis,,,,,,,,no_image
126537,Spiradiclis coriaceifolia,革叶螺序草,,,,,,,no_image
126559,Spiradiclis loana,罗氏螺序草,,,,,,,no_image
126579,Spiradiclis scabrida,糙边螺序草,,,,,,,no_image
126607,Spiraea canescens,楔叶绣线菊,,,,,,,no_image
126642,Spiraea hirsuta,疏毛绣线菊,,,,,,,no_image
126687,Spiraea nishimurae,金州绣线菊,,,,,,,no_image
126723,Spiraea thibetica,藏东绣线菊,,,,,,,no_image
4807,Spirastrella purpurea,微红旋星海绵,,,,,,,no_image
1697,Spiropagurus profendorum,深水旋刺寄居蟹,,,,,,,no_image
126761,Spodiopogon formosanus,台湾油芒,,,,,,,no_image
65930,Spondylis buprestoides,,,,,,,,no_image
3391,Spondylus squamosus,厚壳海菊蛤,,,,,,,no_image
126771,Spongomorpha arcta,绵形藻,,,,,,,no_image
143574,Sporidesmiopsis goanensis,,,,,,,,no_image
143594,Sporidesmium fraxini-paxianae,,,,,,,,no_image
143614,Sporidesmium polyproliferum,,,,,,,,no_image
154996,Sporisorium apludae,水蔗草孢堆黑粉菌,,,,,,,no_image
155016,Sporisorium formosanum,台湾孢堆黑粉菌,,,,,,,no_image
155036,Sporisorium ophiuri,蛇尾草孢堆黑粉菌,,,,,,,no_image
126774,Sporobolus diandrus,双蕊鼠尾粟,,,,,,,no_image
134165,Sporormiella minimoides,,,,,,,,no_image
126790,Sporoxeia longicalcarata,长距八蕊花,,,,,,,no_image
126805,Spuriopimpinella koreana,朝鲜大叶芹,,,,,,,no_image
81923,Squalus mitsukurii,长吻角鲨,,,,,,,no_image
81926,Squatina nebulosa,星云扁鲨,,,,,,,no_image
142223,Stachybotrys echinata,,,,,,,,no_image
155817,Stachylina tianensis,,,,,,,,no_image
126824,Stachys kouyangensis,西南水苏,,,,,,,no_image
133818,Stagonospora carpathica,,,,,,,,no_image
65954,Stamnodes jomdensis,江达四斑尺蛾,,,,,,,no_image
65968,Stantonia sauteri,索氏角室茧蜂,,,,,,,no_image
143638,Staphylotrichum coccosporum,,,,,,,,no_image
126879,Stauntonia purpurea,紫花野木瓜,,,,,,,no_image
126896,Staurogyne paotingensis,保亭叉柱花,,,,,,,no_image
65991,Stauropus major,大蚁舟蛾,,,,,,,no_image
11650,Steatoda albomaculata,白斑肥腹蛛,,,,,,,no_image
11607,Steatoda spina,刺肥腹蛛,,,,,,,no_image
151902,Steccherinum helvolum,蜡黄齿耳,,,,,,,no_image
66002,Stefaniola clavifaciens,棒形旱瘿蚊,,,,,,,no_image
66022,Stegana arcygramma,纹胸冠果蝇,,,,,,,no_image
66042,Stegana eurystoma,广口冠果蝇,,,,,,,no_image
66062,Stegana latipenis,宽茎冠果蝇,,,,,,,no_image
66082,Stegana nigrifrons,黑额冠果蝇,,,,,,,no_image
66102,Stegana qinlingensis,秦岭冠果蝇,,,,,,,no_image
66122,Stegana weiqiuzhangi,维球冠果蝇,,,,,,,no_image
81948,Stegastes insularis,岛屿眶锯雀鲷,,,,,,,no_image
7978,Stegopoma bathyale,深海盖果螅,,,,,,,no_image
126914,Stellaria alaschanica,贺兰山繁缕,,,,,,,no_image
126950,Stellaria henryi,湖北繁缕,,,,,,,no_image
126973,Stellaria parviumbellata,小伞花繁缕,,,,,,,no_image
126995,Stellaria zangnanensis,藏南繁缕,,,,,,,no_image
66153,Stemonocera cornuta,四鬃角额实蝇,,,,,,,no_image
134121,Stemphylium eturmiunum,,,,,,,,no_image
66169,Stenaesthetus puetzi,,,,,,,,no_image
134141,Stemphylium sophorae,,,,,,,,no_image
66186,Stenchaetothrips caulis,新月直鬃蓟马,,,,,,,no_image
66201,Stenhomalus liui,,,,,,,,no_image
66223,Stenischia angustifrontis,锐额狭臀蚤,,,,,,,no_image
66243,Stenobothrus nevskii,阿勒泰草地蝗,,,,,,,no_image
66280,Stenocranus linearis,脊条长突飞虱,,,,,,,no_image
66263,Stenochironomus totifusus,斑胸狭摇蚊,,,,,,,no_image
66299,Stenodema calcarata,二刺狭盲蝽,,,,,,,no_image
66319,Stenodes asianaa,亚洲窄纹卷蛾,,,,,,,no_image
66342,Stenodryas nigromaculatus,,,,,,,,no_image
66347,Stenoloba basiviridis,内斑兰纹夜蛾,,,,,,,no_image
66367,Stenomastax formosana,,,,,,,,no_image
66387,Stenomicra angustiforceps,窄突斯树洞蝇,,,,,,,no_image
66406,Stenopogon strataegus,长瘦芒食虫虻,,,,,,,no_image
66422,Stenosmia flavicornis,黄角栉壁蜂,,,,,,,no_image
66436,Stenurella melanura,黑缝窄花天牛,,,,,,,no_image
66457,Stenus articulipenis,,,,,,,,no_image
66481,Stenus bilunatoides,,,,,,,,no_image
66502,Stenus calliceps,,,,,,,,no_image
66544,Stenus correctus,,,,,,,,no_image
66522,Stenus cirritunicatus,,,,,,,,no_image
66584,Stenus falsiloquax,,,,,,,,no_image
66564,Stenus distans,,,,,,,,no_image
66606,Stenus gaoligongmontium,,,,,,,,no_image
66626,Stenus hewenjiae,,,,,,,,no_image
66646,Stenus incrassatus,,,,,,,,no_image
66666,Stenus koreanus,,,,,,,,no_image
66712,Stenus micuba,,,,,,,,no_image
66688,Stenus lizipingus,,,,,,,,no_image
66755,Stenus paradoxus,,,,,,,,no_image
66732,Stenus nanus,,,,,,,,no_image
66775,Stenus perpusillus,,,,,,,,no_image
66796,Stenus plumbativestis,,,,,,,,no_image
66817,Stenus riukiuensis,,,,,,,,no_image
66838,Stenus sauterianus,,,,,,,,no_image
66858,Stenus spinulipes,,,,,,,,no_image
66878,Stenus tenebricosus,,,,,,,,no_image
66918,Stenus wujiei,,,,,,,,no_image
66898,Stenus uncinulatus,,,,,,,,no_image
66938,Stenus zhangyuqingi,,,,,,,,no_image
127024,Stephania dicentrinifera,荷包地不容,,,,,,,no_image
127047,Stephania mashanica,马山地不容,,,,,,,no_image
1475,Stephanolepas muricata,刺王冠藤壶,,,,,,,no_image
127066,Sterculia gengmaensis,绿花苹婆,,,,,,,no_image
127088,Sterculia yuanjiangensis,元江苹婆,,,,,,,no_image
136662,Stereocaulon sorediiferum,大珊瑚枝,,,,,,,no_image
136642,Stereocaulon incrustatum,,,,,,,,no_image
152640,Stereopsis pseudocupulata,假杯柄革菌,,,,,,,no_image
152588,Stereum hirsutum,毛韧革菌,,,,,,,no_image
152608,Stereum sinense,,,,,,,,no_image
81967,Sterna acuticauda,黑腹燕鸥,,,,,,,no_image
66960,Stethoconus pyri,扑氏军配盲蝽,,,,,,,no_image
127116,Stewartia densivillosa,狭萼折柄茶,,,,,,,no_image
66969,Sthenias pictus,,,,,,,,no_image
66986,Stichillus spinosus,刺鞘弧蚤蝇,,,,,,,no_image
1263,Stichopus horrens,糙刺参,,,,,,,no_image
7793,Stichopathes variabilis,多变纵列黑珊瑚,,,,,,,no_image
137220,Sticta weigelii,缘裂牛皮叶,,,,,,,no_image
67022,Stictocranius chinensis,,,,,,,,no_image
67042,Stictoptera cuculloides,蕊夜蛾,,,,,,,no_image
67052,Stigmatophora hainanensis,琼掌痣苔蛾,,,,,,,no_image
143644,Stilbella albominuta,,,,,,,,no_image
67076,Stilicoderus globiceps,,,,,,,,no_image
67115,Stilobezzia flaccisacca,柔囊柱蠓,,,,,,,no_image
67096,Stiliderus cicatricosus,,,,,,,,no_image
67135,Stilobezzia wudangshanensis,武当山柱蠓,,,,,,,no_image
81996,Stolephorus chinensis,中华侧带小公鱼,,,,,,,no_image
127163,Stipa dickorei,迪克针茅,,,,,,,no_image
127191,Stipagrostis pennata,羽毛针禾,,,,,,,no_image
1477,Stomatolepas elegans,华丽口藤壶,,,,,,,no_image
67160,Stomoxys indicus,印度螫蝇,,,,,,,no_image
67169,Strangalia klapperichi,,,,,,,,no_image
67205,Stratiomys ventralis,腹水虻,,,,,,,no_image
67185,Stratiomys barca,棒水虻,,,,,,,no_image
67244,Streblocera planicornis,扁角长柄茧蜂,,,,,,,no_image
127209,Strelitzia reginae,鹤望兰,,,,,,,no_image
67224,Streblocera helvenaca,蜜黄长柄茧蜂,,,,,,,no_image
1052,Streptosyllis baolingi,宝铃瘤刺裂虫,,,,,,,no_image
143651,Stridiporosporites dolium,,,,,,,,no_image
67277,Striglin feindrehala,隐圈线网蛾,,,,,,,no_image
134201,Strigula laureriformis,,,,,,,,no_image
82025,Strix nivicolum,灰林鸮,,,,,,,no_image
127251,Strobilanthes compacta,密苞紫云菜,,,,,,,no_image
127297,Strobilanthes kingdonii,合页草,,,,,,,no_image
127274,Strobilanthes ferruginea,锈背马蓝,,,,,,,no_image
127317,Strobilanthes multidens,分枝马蓝,,,,,,,no_image
127337,Strobilanthes pteroclada,延苞蓝,,,,,,,no_image
127357,Strobilanthes strigosa,糙毛马蓝,,,,,,,no_image
149289,Strobilomyces strobilaceus,松塔牛肝菌,,,,,,,no_image
127377,Strobilanthes yunnanensis,云南马蓝,,,,,,,no_image
147758,Strobilurus lignitilis,,,,,,,,no_image
139027,Stromatinia rapulum,座盘菌,,,,,,,no_image
10797,Strombus marginatus,凤螺,,,,,,,no_image
67303,Strongyloneura diploura,双尾弧彩蝇,,,,,,,no_image
82034,Strongylura strongylura,尾斑柱颌针鱼,,,,,,,no_image
148371,Stropharia hornemannii,浅赭色球盖菇,,,,,,,no_image
127394,Strophioblachia glandulosa,,,,,,,,no_image
127411,Strychnos nux-vomica,马钱子,,,,,,,no_image
67332,Sturmiopsis inferens,大螟拟丛寄蝇,,,,,,,no_image
82045,Stylodipus andrewsi,蒙古羽尾跳鼠,,,,,,,no_image
15732,Stylopauropus bifurcus,双叉针少足,,,,,,,no_image
67353,Stylotermes chongqingensis,重庆杆白蚁,,,,,,,no_image
67373,Stylotermes setosus,刚毛杆白蚁,,,,,,,no_image
67393,Stylurus occultus,奇特扩腹春蜓,,,,,,,no_image
127477,Styrax wuyuanensis,婺源安息香,,,,,,,no_image
127455,Styrax grandiflorus,大花野茉莉,,,,,,,no_image
127484,Suaeda australis,南方碱蓬,,,,,,,no_image
67411,Suarius gobiensis,戈壁俗草蛉,,,,,,,no_image
7660,Suberogorgia koellikeri,红枝软柳珊瑚,,,,,,,no_image
17632,Succinea snigdha,光滑琥珀螺,,,,,,,no_image
127504,Subularia aquatica,钻叶荠,,,,,,,no_image
82056,Suggrundus macracanthus,大棘大眼鲬,,,,,,,no_image
149599,Suillus grevillei,厚环乳牛肝菌,,,,,,,no_image
149619,Suillus rubricontextus,红肉乳牛肝菌,,,,,,,no_image
149579,Suillus americanus,美洲乳牛肝菌,,,,,,,no_image
67460,Suinzona gebleri,葛布里梭形叶甲,,,,,,,no_image
67477,Sulawesifaulvius yinggelingensis,鹦苏盲蝽,,,,,,,no_image
67485,Sulculus sulcatus,沟茎飞虱,,,,,,,no_image
127514,Sunhangia yunnanensis,云南锥蚂蟥,,,,,,,no_image
67501,Sunius turgescens,,,,,,,,no_image
127551,Swertia cuneata,楔叶獐牙菜,,,,,,,no_image
127531,Suregada multiflora,白树,,,,,,,no_image
127580,Swertia hongquanii,黄氏獐牙菜,,,,,,,no_image
143659,Swampomyces armeniacus,,,,,,,,no_image
127604,Swertia patens,斜茎獐牙菜,,,,,,,no_image
67556,Sybistroma sheni,申氏粗柄长足虻,,,,,,,no_image
67536,Sybistroma biaristatus,双芒粗柄长足虻,,,,,,,no_image
127627,Swertia tetraptera,四数獐牙菜,,,,,,,no_image
67599,Syllegomydas dallonii,达氏斯拟食虫虻,,,,,,,no_image
82096,Sylvirana nigrotympanica,黑耳水蛙,,,,,,,no_image
1583,Sympagurus affinis,相邻合寄居蟹,,,,,,,no_image
67635,Sympetrum frequens,秋赤蜻,,,,,,,no_image
67581,Sybra punctatostriata,,,,,,,,no_image
67661,Sympherobius manchuricus,东北益蛉,,,,,,,no_image
7843,Symphyllia agaricia,菌状合叶珊瑚,,,,,,,no_image
127671,Symphysodontella tortifolia,扭尖瓢叶藓,,,,,,,no_image
67687,Symplanella recurvata,弯突露额杯瓢蜡蝉,,,,,,,no_image
127706,Symplocos lancifolia,光叶山矾,,,,,,,no_image
127679,Symplocos atriolivacea,橄榄山矾,,,,,,,no_image
67705,Sympycnus collectus,群聚合长足虻,,,,,,,no_image
127728,Symplocos sulcata,沟槽山矾,,,,,,,no_image
12845,Synagelides forkiforma,叉合跳蛛,,,,,,,no_image
1393,Synalpheus iocosta,箭脊合鼓虾,,,,,,,no_image
12822,Synagelides yinae,尹氏合跳蛛,,,,,,,no_image
82122,Synaphobranchus oligolepis,少鳞合鳃鳗,,,,,,,no_image
156088,Syncephalis obconica,倒锥集珠霉,,,,,,,no_image
2800,Synchelidium nonrostrum,短角盖钩虾,,,,,,,no_image
67719,Synclisis japonica,追击大蚁蛉,,,,,,,no_image
67730,Syndicus himalayanus,,,,,,,,no_image
67750,Syneches flavicoxa,黄基柄驼舞虻,,,,,,,no_image
14681,Synema nangoku,南国花叶蛛,,,,,,,no_image
67770,Syneches shumuyuanensis,树木园柄驼舞虻,,,,,,,no_image
82138,Syngnathus schlegeli,薛氏海龙,,,,,,,no_image
82153,Synodus ulae,红斑狗母鱼,,,,,,,no_image
127768,Synotis carnosifolia,肉叶合耳菊,,,,,,,no_image
127788,Synotis nayongensis,纳雍合耳菊,,,,,,,no_image
127808,Synotis yakoensis,丫口合耳菊,,,,,,,no_image
127814,Syntrichia bidentata,双齿赤藓,,,,,,,no_image
67808,Syntormon dukha,双刺嵌长足虻,,,,,,,no_image
67836,Syntypistis jupiter,主胯舟蛾,,,,,,,no_image
67861,Sypna dubitaria,巨闪夜蛾,,,,,,,no_image
67881,Syrastrena sumatrana,苏痕枯叶蛾,,,,,,,no_image
127853,Syringa yunnanensis,云南丁香,,,,,,,no_image
67907,Syrphus hui,胡氏蚜蝇,,,,,,,no_image
16865,Systenocentrus confucianus,孔列齿盲蛛,,,,,,,no_image
127865,Syrrhopodon muelleri,直叶网藓,,,,,,,no_image
67962,Systropus guiyangensis,贵阳姬蜂虻,,,,,,,no_image
67942,Systropus crinalis,长绒姬蜂虻,,,,,,,no_image
67982,Systropus montivagus,黑带姬蜂虻,,,,,,,no_image
127894,Syzygium championii,子凌蒲桃,,,,,,,no_image
68002,Syzeuxis tessellifimbria,绿盘尺蛾,,,,,,,no_image
127916,Syzygium handelii,贵州蒲桃,,,,,,,no_image
127940,Syzygium oblatum,高檐蒲桃,,,,,,,no_image
68008,Tabanus arctus,窄条虻,,,,,,,no_image
127960,Syzygium thumra,黑叶蒲桃,,,,,,,no_image
68030,Tabanus calidus,速辣虻,,,,,,,no_image
68050,Tabanus flavohirtus,黄蓬虻,,,,,,,no_image
68090,Tabanus laotianus,老挝虻,,,,,,,no_image
68070,Tabanus haysi,汉氏虻,,,,,,,no_image
68110,Tabanus meihuashanensis,梅花山虻,,,,,,,no_image
68130,Tabanus nipponicus,日本虻,,,,,,,no_image
68150,Tabanus paraichiokai,副市岗虻,,,,,,,no_image
68190,Tabanus subfurvicaudus,亚暗尾虻,,,,,,,no_image
68170,Tabanus rubicundus,微红虻,,,,,,,no_image
68210,Tabanus yablonicus,亚布力虻,,,,,,,no_image
68239,Tachina fera,黄跗寄蝇,,,,,,,no_image
127977,Tacca subflabellata,扇苞蒟蒻薯,,,,,,,no_image
68259,Tachina marklini,窄角寄蝇,,,,,,,no_image
68279,Tachina spina,刺腹寄蝇,,,,,,,no_image
68300,Tachinus beckeri,,,,,,,,no_image
68320,Tachinus hedini,,,,,,,,no_image
68340,Tachinus maculipennis,,,,,,,,no_image
68361,Tachinus punctipennis,,,,,,,,no_image
68398,Tachyporus chrysomelinus,,,,,,,,no_image
68416,Tachytrechus tessellatus,青角迅长足虻,,,,,,,no_image
68381,Tachinus yini,,,,,,,,no_image
133322,Taeniolella phialosperma,,,,,,,,no_image
68432,Taeniothrips pediculae,马先蒿带蓟马,,,,,,,no_image
68455,Tagonoides skopini,斯科塔琵甲,,,,,,,no_image
12711,Taira liboensis,荔波胎拉蛛,,,,,,,no_image
128001,Tainia cordifolia,心叶球柄兰,,,,,,,no_image
68505,Taiwania kunminica,昆明圆龟甲,,,,,,,no_image
68486,Taiwania conchyliata,红胸驼龟甲,,,,,,,no_image
68527,Taiwania sigillata,瘤盘台龟甲,,,,,,,no_image
68545,Taiwanomyia szechwanensis,四川台大蚊,,,,,,,no_image
68567,Takanomyia rava,褐塔卡寄蝇,,,,,,,no_image
82206,Takifugu vermicularis,虫纹多纪鲀,,,,,,,no_image
11782,Takayus quadrimaculatus,四斑高蛛,,,,,,,no_image
128025,Takhtajaniantha subacaulis,小鸦葱,,,,,,,no_image
134558,Talaromyces flavus,,,,,,,,no_image
68583,Talliella sinica,,,,,,,,no_image
128040,Tamarix jintaensis,金塔柽柳,,,,,,,no_image
12329,Tamgrinia alveolifera,穴塔姆蛛,,,,,,,no_image
128055,Tanacetum cinerariifolium,除虫菊,,,,,,,no_image
68624,Tanyptera unilineata,单纹奇栉大蚊,,,,,,,no_image
82237,Tanichthys albiventris,白腹唐鱼,,,,,,,no_image
68644,Tanytarsus uraiensis,优长跗摇蚊,,,,,,,no_image
2543,Tanaoa pustulosa,泡粒伸长蟹,,,,,,,no_image
353,Tapes sulcarius,,,,,,,,no_image
149638,Tapinella panuoides,耳状小塔氏菌,,,,,,,no_image
128102,Taraxacum consanguineum,近亲蒲公英,,,,,,,no_image
128082,Taraxacum alatopetiolum,翼柄蒲公英,,,,,,,no_image
128162,Taraxacum pseudoleucanthum,假白花蒲公英,,,,,,,no_image
128122,Taraxacum horizontale,平枝蒲公英,,,,,,,no_image
128142,Taraxacum mitalii,亚东蒲公英,,,,,,,no_image
128182,Taraxacum staticifolium,柳叶蒲公英,,,,,,,no_image
128201,Tarenaya hassleriana,醉蝶花,,,,,,,no_image
82257,Tarsiger indicus,白眉林鸲,,,,,,,no_image
68691,Tasgius tortus,,,,,,,,no_image
128221,Tarennoidea wallichii,岭罗麦,,,,,,,no_image
128235,Tateishia concinna,雅蚂蟥,,,,,,,no_image
128276,Taxithelium oblongifolium,卵叶麻锦藓,,,,,,,no_image
128259,Taxillus thibetensis,滇藏钝果寄生,,,,,,,no_image
128301,Tayloria recurvimarginata,卷边小壶藓,,,,,,,no_image
128307,Tecoma stans,黄钟花,,,,,,,no_image
147524,Tectella patellaris,盘状幕盖菇,,,,,,,no_image
128328,Tectaria leptophylla,剑叶三叉蕨,,,,,,,no_image
68722,Tegenocharis striatus,条纹喜祝蛾,,,,,,,no_image
10192,Tegolophus hunanensis,,,,,,,,no_image
10039,Tegolophus triarrhenae,,,,,,,,no_image
7932,Teissiera australe,澳洲拟镰螅水母,,,,,,,no_image
68726,Teia dubia,黄台毒蛾,,,,,,,no_image
68752,Teledapus celsicola,,,,,,,,no_image
68769,Teleopsis yangi,杨氏泰突眼蝇,,,,,,,no_image
68786,Telomerina curvibasata,弯泽小粪蝇,,,,,,,no_image
5478,Tellinella hungerfordi,韩氏小樱蛤,,,,,,,no_image
18763,Temeritas sinensis,,,,,,,,no_image
82267,Tenualosa reevesii,鲥,,,,,,,no_image
9912,Tenuipalpus pacificus,,,,,,,,no_image
68801,Temnostoma ravicauda,褐尾拟木蚜蝇,,,,,,,no_image
68813,Tephritis brachyura,中枝花翅实蝇,,,,,,,no_image
68833,Tephritis monapunctata,歧点花翅实蝇,,,,,,,no_image
128374,Tephrosia candida,白灰毛豆,,,,,,,no_image
147045,Tephrocybe rancida,,,,,,,,no_image
68851,Teratoclytus simplicior,,,,,,,,no_image
143672,Teratosperma uniappendiculatum,,,,,,,,no_image
2287,Teredo parksi,帕克澳洲船蛆,,,,,,,no_image
68884,Terentius albofasciarius,白带玳角蝉,,,,,,,no_image
68894,Termatophylum orientale,东方毛眼盲蝽,,,,,,,no_image
147078,Termitomyces tylerianus,端圆鸡枞菌,,,,,,,no_image
147058,Termitomyces entolomoides,类粉褶蕈鸡枞菌,,,,,,,no_image
128418,Ternstroemia sichuanensis,四川厚皮香,,,,,,,no_image
5598,Terschellingia longicaudata,长尾微口线虫,,,,,,,no_image
18320,Testudinella incisa,缺刻镜轮虫,,,,,,,no_image
68953,Tethea octogesima,点太波纹蛾,,,,,,,no_image
10124,Tetra cuihuae,,,,,,,,no_image
10058,Tetra phyllostachyis,,,,,,,,no_image
137897,Tetrachaetum marchalianum,,,,,,,,no_image
128427,Tetracme recurvata,弯角四齿芥,,,,,,,no_image
11410,Tetrablemma ziyaoense,自尧四盾蛛,,,,,,,no_image
14966,Tetragnatha chauliodus,突牙肖蛸,,,,,,,no_image
14986,Tetragnatha nandan,南丹肖蛸,,,,,,,no_image
14984,Tetragnatha yinae,尹氏肖蛸,,,,,,,no_image
68996,Tetralonia pollinosa,二齿四条蜂,,,,,,,no_image
69015,Tetraneura polychorema,多室四脉绵蚜,,,,,,,no_image
9629,Tetranychus ipomoeae,,,,,,,,no_image
9531,Tetranychus zeae,,,,,,,,no_image
128444,Tetraplodon angustatus,狭叶并齿藓,,,,,,,no_image
69033,Tetraophthalmus splendidus,,,,,,,,no_image
82316,Tetrastes sewerzowi,斑尾榛鸡,,,,,,,no_image
128449,Tetrastigma apiculatum,草崖藤,,,,,,,no_image
128473,Tetrastigma lincangense,临沧崖爬藤,,,,,,,no_image
128504,Tetrastigma xishuangbannaense,西双版纳崖爬藤,,,,,,,no_image
69071,Tetricodes songae,宋氏瘤额瓢蜡蝉,,,,,,,no_image
69094,Tetrix tenuicornis,细角蚱,,,,,,,no_image
69113,Tetrops hauserie,,,,,,,,no_image
69119,Tettigonia caudata,长瓣螽斯,,,,,,,no_image
69139,Teuchophorus ussurianus,乌苏里脉胝长足虻,,,,,,,no_image
128541,Teucrium pernyi,庐山香科科,,,,,,,no_image
69153,Texara shenwuana,神武旋刺股蝇,,,,,,,no_image
38,Thalamita crenata,钝齿短桨蟹,,,,,,,no_image
17480,Thais echinulata,黄唇荔枝螺,,,,,,,no_image
66,Thalamita procorrugata,拟皱短桨蟹,,,,,,,no_image
19350,Thalassaphorura petaloides,,,,,,,,no_image
2217,Thalamoporella lioticha,滑壁托孔苔虫,,,,,,,no_image
4968,Thalassina anomala,海蛄虾,,,,,,,no_image
69167,Thalassomya pilipes,毛地中海摇蚊,,,,,,,no_image
128609,Thalictrum fortunei,华东唐松草,,,,,,,no_image
128582,Thalictrum callianthum,美花唐松草,,,,,,,no_image
128635,Thalictrum leve,鹤庆唐松草,,,,,,,no_image
128661,Thalictrum ramosum,多枝唐松草,,,,,,,no_image
128687,Thalictrum stenantherum,狭药唐松草,,,,,,,no_image
10249,Thamnacus burmanus,,,,,,,,no_image
128709,Thalictrum yuexiense,岳西唐松草,,,,,,,no_image
149684,Thanatephorus fusisporus,,,,,,,,no_image
69193,Thargelia distincta,羚夜蛾,,,,,,,no_image
69213,Thaumatomyia trifasciata,三斑近鬃秆蝇,,,,,,,no_image
154768,Thecaphora hyalina,,,,,,,,no_image
69242,Thecodiplosis japonensis,日本鞘瘿蚊,,,,,,,no_image
154506,Thekopsora nipponica,日本盖痂锈菌,,,,,,,no_image
69263,Thelaira macropus,巨形柔寄蝇,,,,,,,no_image
152684,Thelephora caryophyllea,石竹色革菌,,,,,,,no_image
134792,Thelidium sinense,,,,,,,,no_image
142131,Thelonectria discophora,,,,,,,,no_image
69269,Thelyconychia discalis,心鬃色寄蝇,,,,,,,no_image
128745,Themeda yunnanensis,云南菅,,,,,,,no_image
69283,Theophila albicurva,白弧野蚕蛾,,,,,,,no_image
69304,There oldenlandiae,芋双线天蛾,,,,,,,no_image
11478,Theridion elegantissimum,粉点球蛛,,,,,,,no_image
11566,Theridion tengchongensis,腾冲球蛛,,,,,,,no_image
11822,Theridion longioembolia,长栓球蛛,,,,,,,no_image
69312,Therioaphis beijingensis,北京彩斑蚜,,,,,,,no_image
69326,Thermistis taiwanensis,,,,,,,,no_image
69330,Therobia composita,文静野寄蝇,,,,,,,no_image
12944,Thiania cavaleriei,卡氏方胸蛛,,,,,,,no_image
128785,Thesium ramosoides,滇西百蕊草,,,,,,,no_image
69356,Thienemanniella xena,西纳提尼曼摇蚊,,,,,,,no_image
69376,Thinocharis orientalis,,,,,,,,no_image
69396,Thinophilus formosinus,台湾滨长足虻,,,,,,,no_image
128798,Thismia huangii,黄金水玉杯,,,,,,,no_image
128822,Thladiantha maculata,斑赤瓟,,,,,,,no_image
69420,Tholera decimalis,芸浊夜蛾,,,,,,,no_image
69438,Thoracophorus deletus,,,,,,,,no_image
69422,Thomsonisca amathus,盾蚧汤氏跳小蜂,,,,,,,no_image
128845,Thottea hainanensis,海南线果兜铃,,,,,,,no_image
69457,Thoradonta spiculoba,侧刺瘤蚱,,,,,,,no_image
69492,Thressa flavior,黄纹羽芒秆蝇,,,,,,,no_image
69513,Thricops tuberculatus,小瘤毛基蝇,,,,,,,no_image
69533,Thrips tabaci,烟蓟马,,,,,,,no_image
128870,Thuidium glaucinoides,拟灰羽藓,,,,,,,no_image
82368,Thryssa mystax,中颌棱鳀,,,,,,,no_image
128857,Thrixspermum pensile,垂枝白点兰,,,,,,,no_image
128889,Thunbergia fragrans,碗花草,,,,,,,no_image
128901,Thymus linearis,线叶百里香,,,,,,,no_image
13087,Thyene bivittata,双带莎茵蛛,,,,,,,no_image
69581,Thymalops taiwana,台湾锡玛飞虱,,,,,,,no_image
69595,Thyreocephalus anachoreta,,,,,,,,no_image
143746,Thyridium vitis,,,,,,,,no_image
7484,Thyroscyphus torresi,托氏盾杯螅,,,,,,,no_image
69632,Thysanoptyx fimbriata,流苏苔蛾,,,,,,,no_image
12579,Tibellus oblongus,短胸长逍遥蛛,,,,,,,no_image
10824,Tibia powisi,沟纹笛螺,,,,,,,no_image
128972,Tilia nobilis,大椴,,,,,,,no_image
128947,Tigridiopalma magnifica,虎颜花,,,,,,,no_image
152896,Tilletia baldratii,,,,,,,,no_image
152916,Tilletia kenyana,,,,,,,,no_image
152936,Tilletia sydowii,聚多腥黑粉菌,,,,,,,no_image
69666,Timia komarowii,塔克拉玛誉斑蝇,,,,,,,no_image
69674,Timomenus aesculapius,堂乔球螋,,,,,,,no_image
151809,Tinctoporellus epimiltinus,红木色孔菌,,,,,,,no_image
69707,Tinocallis ulmicola,居榆长斑蚜,,,,,,,no_image
69720,Tipula alyxis,腹刺蜚大蚊,,,,,,,no_image
69742,Tipula bihastata,双戟尖大蚊,,,,,,,no_image
69764,Tipula coxitalis,长臂大蚊,,,,,,,no_image
69784,Tipula erectiloba,立背蜚大蚊,,,,,,,no_image
69804,Tipula grahami,格雷蜚大蚊,,,,,,,no_image
69824,Tipula hypopygialis,锥突丽大蚊,,,,,,,no_image
69844,Tipula kuatunensis,挂墩普大蚊,,,,,,,no_image
69864,Tipula luteicorporis,土黄丽大蚊,,,,,,,no_image
69904,Tipula opinata,对刺大蚊,,,,,,,no_image
69884,Tipula multisetosa,多毛豹大蚊,,,,,,,no_image
69924,Tipula pingi,端白普大蚊,,,,,,,no_image
69964,Tipula sternosetosa,腹毛大蚊,,,,,,,no_image
69944,Tipula rongtoensis,针突蜚大蚊,,,,,,,no_image
69984,Tipula testata,长刺蜚大蚊,,,,,,,no_image
70006,Tipula wulingshana,雾灵萨大蚊,,,,,,,no_image
70022,Tiracola plagiata,掌夜蛾,,,,,,,no_image
16911,Tithaeus calyptratus,帽提泰盲蛛,,,,,,,no_image
14835,Tmarus qinlingensis,秦岭峭腹蛛,,,,,,,no_image
129020,Toddalia asiatica,飞龙掌血,,,,,,,no_image
16216,Tokyosoma serratum,,,,,,,,no_image
70055,Togoperla tricolor,三色襟(虫责),,,,,,,no_image
154962,Tolyposporium bullatum,泡状褶孢黑粉菌,,,,,,,no_image
82399,Tomiyamichthys alleni,艾伦氏富山鰕虎,,,,,,,no_image
19180,Tomocerus cthulhu,,,,,,,,no_image
19173,Tomocerus maximus,,,,,,,,no_image
19182,Tomocerus sibiricus,,,,,,,,no_image
3744,Tomopteris krampi,透明浮蚕,,,,,,,no_image
70088,Tongeia filicaudis,点玄灰蝶,,,,,,,no_image
129045,Tongoloa taeniophylla,条叶东俄芹,,,,,,,no_image
12343,Tonsilla mopanensis,磨盘扁桃蛛,,,,,,,no_image
70099,Tonkinacris meridionalis,桂南越北蝗,,,,,,,no_image
70110,Topomyia houghtoni,胡氏局限蚊,,,,,,,no_image
82409,Tor tambra,野结鱼,,,,,,,no_image
70127,Torodora angulata,角环瘤祝蛾,,,,,,,no_image
70147,Torodora micrognatha,小颚瘤祝蛾,,,,,,,no_image
82412,Torpedo formosa,台湾电鳐,,,,,,,no_image
129074,Torreya dapanshanica,大盘山榧,,,,,,,no_image
129095,Tortula chungtienia,云南链齿藓,,,,,,,no_image
134191,Torula herbarum,,,,,,,,no_image
82428,Toxabramis hoffmanni,小似&#x0000E074;,,,,,,,no_image
6579,Toxopneustes pileolus,喇叭毒棘海胆,,,,,,,no_image
129145,Toxicodendron trichocarpum,毛漆树,,,,,,,no_image
70197,Toxorhynchites nigerrmus,黑色巨蚊,,,,,,,no_image
70215,Trachea bella,美陌夜蛾,,,,,,,no_image
129167,Trachelospermum axillare,紫花络石,,,,,,,no_image
82447,Trachischium tenuiceps,小头坭蛇,,,,,,,no_image
129177,Trachycarpus takil,塔基棕榈,,,,,,,no_image
70236,Trachusa yunnanensis,云南准黄斑蜂,,,,,,,no_image
756,Trachysalambria curvirostris,鹰爪虾,,,,,,,no_image
724,Trachypenaeus anchoralis,糙对虾,,,,,,,no_image
129215,Tradescantia spathacea,紫背万年青,,,,,,,no_image
151815,Trametes cubensis,立方栓菌,,,,,,,no_image
151835,Trametes orientalis,东方栓菌,,,,,,,no_image
129230,Tragopogon ruber,红花婆罗门参,,,,,,,no_image
155054,Tranzscheliella amplexa,,,,,,,,no_image
151855,Trametes zonata,环敏栓菌,,,,,,,no_image
4055,Trapezia areolata,网纹梯形蟹,,,,,,,no_image
3486,Trapezium bicarinatum,双脊稜蛤,,,,,,,no_image
3659,Travisiopsis dubia,无瘤蚕,,,,,,,no_image
154715,Tremella menglunensis,勐仑银耳,,,,,,,no_image
129253,Trema orientalis,异色山黄麻,,,,,,,no_image
154695,Tremella clavisterigma,棒梗银耳,,,,,,,no_image
82483,Treron phoenicopterus,黄脚绿鸠,,,,,,,no_image
70287,Trentepohlia albogeniculata,白膝弯脉大蚊,,,,,,,no_image
5907,Trianguloscalpellum weltnerianum,维氏三角铠茗荷,,,,,,,no_image
82493,Triacanthodes anomalus,拟三刺鲀,,,,,,,no_image
70325,Tribasodites semipunctatus,,,,,,,,no_image
70355,Tricentrus cassiae,铁刀木三刺角蝉,,,,,,,no_image
70335,Tricentrus albipennis,白翅三刺角蝉,,,,,,,no_image
70375,Tricentrus fulgidus,耀光三刺角蝉,,,,,,,no_image
15436,Tricalamus longimaculatus,长斑三栉蛛,,,,,,,no_image
70395,Tricentrus manilaensis,马尼拉三刺角蝉,,,,,,,no_image
70415,Tricentrus semipellucidus,半透翅三刺角蝉,,,,,,,no_image
82504,Trichiurus margarites,珠带鱼,,,,,,,no_image
136814,Tricharia gilva,,,,,,,,no_image
18383,Trichocerca elongata,纵长异尾轮虫,,,,,,,no_image
18393,Trichocerca taurocephala,奇异异尾轮虫,,,,,,,no_image
144454,Trichocladium lignicola,,,,,,,,no_image
141894,Trichoderma aerugineum,,,,,,,,no_image
141914,Trichoderma dacrymycellum,,,,,,,,no_image
70453,Trichochrysea mandarina,亮毛肖叶甲,,,,,,,no_image
141934,Trichoderma longipilis,,,,,,,,no_image
141954,Trichoderma rossicum,,,,,,,,no_image
141974,Trichoderma viride,,,,,,,,no_image
70506,Trichoglossina taibaiensis,,,,,,,,no_image
70525,Trichogramma forcipiformis,铗突赤眼蜂,,,,,,,no_image
134907,Trichoglossum sinicum,中国毛舌菌,,,,,,,no_image
70545,Trichogrammatoidea armigera,棉虫分索赤眼蜂,,,,,,,no_image
129287,Trichogloeopsis mucosissima,聚枝拟果丝藻,,,,,,,no_image
148630,Tricholoma aurantiipes,橙柄口蘑,,,,,,,no_image
148650,Tricholoma equestre,油蘑,,,,,,,no_image
148670,Tricholoma lascivum,草黄口蘑,,,,,,,no_image
148690,Tricholoma ponderosum,美洲松茸,,,,,,,no_image
148710,Tricholoma sulphurellum,硫磺色口蘑,,,,,,,no_image
148729,Tricholomopsis nigra,,,,,,,,no_image
70564,Trichomachimus obliqus,斜三叉食虫虻,,,,,,,no_image
11259,Trichonephila clavata,棒络新妇,,,,,,,no_image
140780,Trichophaea woolhopeia,束长毛盘菌,,,,,,,no_image
70584,Trichomalopsis oryzae,稻克氏金小蜂,,,,,,,no_image
138753,Trichopeziza ciliaris,,,,,,,,no_image
134633,Trichophyton tonsurans,,,,,,,,no_image
70625,Trichopterigia rivularis,沟洱尺蛾,,,,,,,no_image
70645,Trichoridia hampsoni,汉耻冬夜蛾,,,,,,,no_image
129322,Trichosanthes lepiniana,马干铃栝楼,,,,,,,no_image
70661,Trichosia obliquicapilli,歪毛眼蕈蚊,,,,,,,no_image
129346,Trichosanthes truncata,截叶栝楼,,,,,,,no_image
70670,Trichotheca attenuata,狭胸齿股肖叶甲,,,,,,,no_image
140970,Trichosporon lodderae,洛德丝孢酵母,,,,,,,no_image
139037,Tricladium angulatum,,,,,,,,no_image
129363,Trichotosia dongfangensis,东方毛鞘兰,,,,,,,no_image
129369,Tricyrtis chinensis,中国油点草,,,,,,,no_image
143698,Tridentaria implicans,,,,,,,,no_image
2159,Trifaricardium nomurai,半纹鸟蛤,,,,,,,no_image
70717,Triglyphus formosanus,台湾寡节蚜蝇,,,,,,,no_image
129412,Trigonella arcuata,弯果胡卢巴,,,,,,,no_image
70747,Trigonodemus imitator,,,,,,,,no_image
129420,Trigonospora caudipinna,尾羽三槽蕨,,,,,,,no_image
129442,Trigonotis delicatula,扭梗附地菜,,,,,,,no_image
129468,Trigonotis mollis,湖北附地菜,,,,,,,no_image
70769,Trigonotylus major,大赤须盲蝽,,,,,,,no_image
82519,Trimeresurus caudornatus,饰尾竹叶青蛇,,,,,,,no_image
15331,Trilacuna wuhe,五合三窝蛛,,,,,,,no_image
138799,Trimmatostroma botryoforme,,,,,,,,no_image
82539,Trimerodytes yunnanensis,云南华游蛇,,,,,,,no_image
129504,Triosteum himalayanum,穿心莛子藨,,,,,,,no_image
70781,Triomicrus aculeus,,,,,,,,no_image
70801,Triomicrus nabanhensis,,,,,,,,no_image
70838,Triphosa salebrosa,凸光尺蛾,,,,,,,no_image
154582,Triphragmium setulosum,,,,,,,,no_image
82572,Triplophysa angeli,安氏高原鳅,,,,,,,no_image
82592,Triplophysa furva,暗色高原鳅,,,,,,,no_image
82612,Triplophysa lixianensis,理县高原鳅,,,,,,,no_image
82632,Triplophysa obscura,黑体高原鳅,,,,,,,no_image
82652,Triplophysa siluroides,似鲇高原鳅,,,,,,,no_image
82672,Triplophysa xiqiensis,西溪高原鳅,,,,,,,no_image
129526,Tripogon longearistatus,长芒草沙蚕,,,,,,,no_image
70850,Tripteroides aranoides,蛛形杵蚊,,,,,,,no_image
129545,Tripterospermum hirticalyx,毛萼双蝴蝶,,,,,,,no_image
9459,Trisetacus ehmanni,,,,,,,,no_image
70869,Triraogus flayobasalis,黄基三缝茧蜂,,,,,,,no_image
2083,Trissonchulus janetae,加纳三齿线虫,,,,,,,no_image
70904,Trisuloides zhangi,张后夜蛾,,,,,,,no_image
154732,Tritirachium bulbophorum,,,,,,,,no_image
4302,Tritonoturris subrissoides,稜肋桂螺,,,,,,,no_image
70928,Trixa pellucens,透特西寄蝇,,,,,,,no_image
137890,Trochila cinerea,灰辐裂盘菌,,,,,,,no_image
16480,Trochosa ursina,熊獾蛛,,,,,,,no_image
12153,Troglocoelotes qixianensis,七仙洞隙蛛,,,,,,,no_image
70938,Troides magellanus,荧光裳凤蝶,,,,,,,no_image
70953,Tropidocephala grata,喜悦匙顶飞虱,,,,,,,no_image
70940,Trophithauma gastroflavidum,黄腰喙蚤蝇,,,,,,,no_image
82744,Tropidophorus kouzhitongi,滇南棱蜥,,,,,,,no_image
143708,Troposporopsis atroapicis,,,,,,,,no_image
70990,Trupanea convergens,会聚星斑实蝇,,,,,,,no_image
134228,Trypethelium formosanum,,,,,,,,no_image
71005,Trypeta dorsocentralis,背中鬃实蝇,,,,,,,no_image
71032,Tsaitermes hunanensis,湖南蔡白蚁,,,,,,,no_image
140927,Tuber latisporum,阔孢块菌,,,,,,,no_image
148741,Tubaria inquilina,,,,,,,,no_image
140947,Tuber texense,德州块菌,,,,,,,no_image
71055,Tuberculatus ceroerythros,红粉栗斑蚜,,,,,,,no_image
153043,Tuberculina vinosa,葡酒锈生座孢,,,,,,,no_image
154785,Tuburcinia alopecuri,,,,,,,,no_image
7499,Tubularia mesembryanthemum,中胚花筒螅,,,,,,,no_image
154805,Tuburcinia pulsatillae,,,,,,,,no_image
136359,Tuckermanopsis ulophylloides,卷缘土可曼衣,,,,,,,no_image
129662,Tulipa patens,垂蕾郁金香,,,,,,,no_image
145532,Tulostoma intramongolicum,内蒙灰锤,,,,,,,no_image
145552,Tulostoma yulinense,榆林灰锤,,,,,,,no_image
71097,Tunga caecigena,盲潜蚤,,,,,,,no_image
71107,Turanogryllus melasinotus,黑背特蟋,,,,,,,no_image
129680,Turczaninovia fastigiata,女菀,,,,,,,no_image
82776,Turdus philomelos,欧歌鸫,,,,,,,no_image
129685,Turpinia cochinchinensis,越南山香圆,,,,,,,no_image
4234,Turris annulata,环塔螺,,,,,,,no_image
129700,Tuyamaella molischii,鞍叶苔,,,,,,,no_image
71140,Tyloperla sinensis,中华瘤(虫责),,,,,,,no_image
129705,Tydemania expeditionis,瘤枝藻,,,,,,,no_image
129724,Tylophora leptantha,广花娃儿藤,,,,,,,no_image
131579,Tylophoron moderatum,轻载瘤衣,,,,,,,no_image
149317,Tylopilus javanicus,爪哇粉孢牛肝菌,,,,,,,no_image
149337,Tylopilus velatus,垂边粉孢牛肝菌,,,,,,,no_image
82800,Tylosurus acus,,,,,,,,no_image
82816,Tylototriton verrucosus,棕黑疣螈,,,,,,,no_image
139081,Tympanis piceae,,,,,,,,no_image
129754,Typha lugdunensis,短序香蒲,,,,,,,no_image
71164,Typhlomyopsyllus cavaticus,洞居盲鼠蚤,,,,,,,no_image
1102,Typosyllis glandulosa,有腺模裂虫,,,,,,,no_image
148750,Typhula graminum,,,,,,,,no_image
15527,Tyrannochthonius pachythorax,厚胸暴伪蝎,,,,,,,no_image
150962,Tyromyces oviformus,,,,,,,,no_image
3124,Uca dussumieri,屠氏招潮,,,,,,,no_image
129774,Udotea reniformis,肾形钙扇藻,,,,,,,no_image
71207,Ujna nigrimaculata,黑斑淡翅叶蝉,,,,,,,no_image
129786,Ulmus castaneifolia,多脉榆,,,,,,,no_image
129815,Ulmus uyematsui,阿里山榆,,,,,,,no_image
129823,Ulota langxianensis,朗县卷叶藓,,,,,,,no_image
9225,Umbellozetes squamaceus,鳞纹伞顶甲螨,,,,,,,no_image
137711,Umbilicaria cinerascens,灰石耳,,,,,,,no_image
137731,Umbilicaria krascheninnikovii,淡腹石耳,,,,,,,no_image
137751,Umbilicaria pulvinaria,,,,,,,,no_image
14435,Ummeliata xiaowutai,小五台沟瘤蛛,,,,,,,no_image
138206,Uncinula adunca,,,,,,,,no_image
3675,Upogebia spinifrons,刺额蝼蛄虾,,,,,,,no_image
71228,Unkanodella ussuriensis,乌苏里瘤突飞虱,,,,,,,no_image
71238,Uranotaenia abdita,迭名蓝带蚊,,,,,,,no_image
71258,Uranotaenia smudges,污色蓝带蚊,,,,,,,no_image
129869,Urariopsis brevissima,短序算珠豆,,,,,,,no_image
154517,Uredinopsis hirosakiensis,金星蕨拟夏孢锈菌,,,,,,,no_image
140898,Urnula helvelloides,马鞍状脚瓶盘菌,,,,,,,no_image
82867,Uroconger lepturus,尖尾鳗,,,,,,,no_image
154824,Urocystis brassicae,芸苔条黑粉菌,,,,,,,no_image
154844,Urocystis hypoxidis,,,,,,,,no_image
154864,Urocystis pseudoanemones,假银莲花条黑粉菌,,,,,,,no_image
82872,Urolophus aurantiacus,褐黄扁魟,,,,,,,no_image
154263,Uromyces andropogonis-annulati,,,,,,,,no_image
154283,Uromyces cestri,藜芦单胞锈菌,,,,,,,no_image
154323,Uromyces heimerlianus,海梅尔单胞锈菌,,,,,,,no_image
154303,Uromyces euphorbiae,大戟单胞锈菌,,,,,,,no_image
154343,Uromyces klugkistianus,,,,,,,,no_image
154363,Uromyces macintirianus,半桂花单胞锈菌,,,,,,,no_image
154383,Uromyces punctatus,斑点单胞锈菌,,,,,,,no_image
154403,Uromyces sophorae-japonicae,,,,,,,,no_image
154423,Uromyces tripogonis-sinensis,草沙蚕单胞锈菌,,,,,,,no_image
71272,Urophora egestata,麻花头筒尾实蝇,,,,,,,no_image
82881,Uropsilus soricipes,少齿鼩鼹,,,,,,,no_image
795,Uroptychus remotispinatus,远刺折尾虾,,,,,,,no_image
6721,Urothoe orientalis,东方尾钩虾,,,,,,,no_image
129919,Urtica parviflora,圆果荨麻,,,,,,,no_image
136374,Usnea ceratina,角松萝,,,,,,,no_image
136394,Usnea himalayana,喜马拉雅松萝,,,,,,,no_image
136414,Usnea nipparensis,光秃松萝,,,,,,,no_image
136434,Usnea subrobusta,亚粗壮松萝,,,,,,,no_image
155066,Ustilago anhweiana,安徽黑粉菌,,,,,,,no_image
155086,Ustilago carbo,,,,,,,,no_image
155106,Ustilago echinata,虉草黑粉菌,,,,,,,no_image
155126,Ustilago himalensis,喜马拉雅黑粉菌,,,,,,,no_image
155146,Ustilago longiflora,长花黑粉菌,,,,,,,no_image
155166,Ustilago ophiuri,,,,,,,,no_image
155186,Ustilago rhei,大黄黑粉菌,,,,,,,no_image
155206,Ustilago sporoboli-indici,印度鼠尾粟黑粉菌,,,,,,,no_image
15494,Utivarachna gongshanensis,贡山突头蛛,,,,,,,no_image
155226,Ustilago ugamica,,,,,,,,no_image
129940,Utricularia intermedia,异枝狸藻,,,,,,,no_image
129964,Uvaria grandiflora,大花紫玉盘,,,,,,,no_image
129986,Vaccinium cavinerve,圆顶越橘,,,,,,,no_image
130015,Vaccinium fimbricalyx,流苏萼越橘,,,,,,,no_image
130063,Vaccinium pratense,草地越橘,,,,,,,no_image
130043,Vaccinium lamprophyllum,亮叶越橘,,,,,,,no_image
130085,Vaccinium tenuiflorum,狭花越橘,,,,,,,no_image
71304,Vagrans egista,彩蛱蝶,,,,,,,no_image
130110,Valeriana briquetiana,滇北缬草,,,,,,,no_image
130130,Valerianella locusta,歧缬草,,,,,,,no_image
130137,Vallisneria spinulosa,刺苦草,,,,,,,no_image
134254,Valsaria insitiva,,,,,,,,no_image
82902,Vanderhorstia ambanoro,安贝洛罗梵鰕虎,,,,,,,no_image
130144,Vanda brunnea,白柱万代兰,,,,,,,no_image
130169,Vanilla somae,台湾香荚兰,,,,,,,no_image
690,Varuna yui,游氏弓蟹,,,,,,,no_image
12263,Vappolotes jianpingensis,俭坪蛾隙蛛,,,,,,,no_image
82933,Vellitor centropomus,尖头杜父鱼,,,,,,,no_image
130187,Ventilago zhengdei,政德翼核果,,,,,,,no_image
134276,Venturia cephalariae,,,,,,,,no_image
71347,Venusia blomeri,博维尺蛾,,,,,,,no_image
8951,Vepracarus cruzae,库毛罗甲螨,,,,,,,no_image
82945,Verasper variegatus,圆斑星鲽,,,,,,,no_image
71390,Vermipsylla minuta,微小蠕形蚤,,,,,,,no_image
130213,Verbascum chinense,琴叶毛蕊花,,,,,,,no_image
130226,Veronica alpina,,,,,,,,no_image
130251,Veronica forrestii,大理婆婆纳,,,,,,,no_image
130275,Veronica qingheensis,青河婆婆纳,,,,,,,no_image
130303,Veronicastrum caulopterum,四方麻,,,,,,,no_image
134795,Verrucaria aethiobolizans,,,,,,,,no_image
134815,Verrucaria glaucina,灰白瓶口衣,,,,,,,no_image
134835,Verrucaria parmigera,,,,,,,,no_image
141656,Verticillium biguttatum,,,,,,,,no_image
134923,Vezdaea flava,黄维氏衣,,,,,,,no_image
130328,Vesicularia ferriei,暖地明叶藓,,,,,,,no_image
130338,Viburnum atrocyaneum,蓝黑果荚蒾,,,,,,,no_image
130363,Viburnum erosum,宜昌荚蒾,,,,,,,no_image
130395,Viburnum lantana,绵毛荚蒾,,,,,,,no_image
130429,Viburnum rhytidophyllum,皱叶荚蒾,,,,,,,no_image
130455,Vicatia thibetica,西藏凹乳芹,,,,,,,no_image
130486,Vicia lilacina,阿尔泰野豌豆,,,,,,,no_image
130515,Vicia tetrantha,四花野豌豆,,,,,,,no_image
16105,Vieteuma hubeiensis,,,,,,,,no_image
130555,Vigna trilobata,三裂叶豇豆,,,,,,,no_image
71432,Villa panisca,巴兹绒蜂虻,,,,,,,no_image
130594,Vincetoxicum taihangense,太行白前,,,,,,,no_image
130574,Vincetoxicum chinense,毛白前,,,,,,,no_image
130609,Viola arcuata,如意草,,,,,,,no_image
130634,Viola diamantiaca,大叶堇菜,,,,,,,no_image
130656,Viola hirta,硬毛堇菜,,,,,,,no_image
130676,Viola mongolica,蒙古堇菜,,,,,,,no_image
130699,Viola pilosa,匍匐堇菜,,,,,,,no_image
130721,Viola szetschwanensis,四川堇菜,,,,,,,no_image
82964,Vipera renardi,东方蝰,,,,,,,no_image
130753,Viscum macrofalcatum,大镰叶槲寄生,,,,,,,no_image
130781,Vitex sampsonii,广东牡荆,,,,,,,no_image
130817,Vitis ficifolia,桑叶葡萄,,,,,,,no_image
130840,Vitis shizishanensis,狮子山葡萄,,,,,,,no_image
19233,Vitronura shaanxiensis,,,,,,,,no_image
8187,Vogtia kuruae,多角拟蹄水母,,,,,,,no_image
71465,Volucella rufimargina,红缘蜂蚜蝇,,,,,,,no_image
147944,Volvariella argentina,银色小包脚菇,,,,,,,no_image
71444,Volucella bombylans,熊蜂蚜蝇,,,,,,,no_image
147964,Volvariella subtaylori,,,,,,,,no_image
149839,Vuilleminia comedens,,,,,,,,no_image
71489,Wagnerina sichuanna,四川杆突蚤,,,,,,,no_image
130862,Waldsteinia ternata,林石草,,,,,,,no_image
130873,Wangia saccopetaloides,文采木,,,,,,,no_image
71504,Wawu cornutus,具角瓦屋缟蝇,,,,,,,no_image
130895,Wenchengia wui,吴氏韫珍花,,,,,,,no_image
130913,Wendlandia longidens,水晶棵子,,,,,,,no_image
71508,Wernya rufifasciata,淡红线波纹蛾,,,,,,,no_image
71528,Wesmaelius vaillanti,环丛褐蛉,,,,,,,no_image
130955,Whytockia hekouensis,河口异叶苣苔,,,,,,,no_image
130976,Wikstroemia capitatoracemosa,短总序荛花,,,,,,,no_image
130996,Wikstroemia leptophylla,细叶荛花,,,,,,,no_image
131020,Wikstroemia stenophylla,轮叶荛花,,,,,,,no_image
1259,Willeysthenelais heterochela,异足维镛毛鳞虫,,,,,,,no_image
71556,Winthemia prima,首温寄蝇,,,,,,,no_image
19084,Willowsia yiningensis,,,,,,,,no_image
131043,Wisteriopsis kiangsiensis,江西夏藤,,,,,,,no_image
71580,Wohlfahrtiodes marzinowskyi,马氏拟污蝇,,,,,,,no_image
14858,Wolongia mutica,钝卧龙蛛,,,,,,,no_image
71598,Woodiphora verticalis,垂脉乌蚤蝇,,,,,,,no_image
131070,Woodsia rosthorniana,密毛岩蕨,,,,,,,no_image
131087,Wrightia arborea,胭木,,,,,,,no_image
152005,Wrightoporia pouzarii,鲍扎尔赖特卧孔菌,,,,,,,no_image
140862,Wynnea macrospora,大孢丛耳,,,,,,,no_image
71612,Xanthia ocellaris,白点美冬夜蛾,,,,,,,no_image
150603,Xanthochrous gilvicolor,薄黄褐孔菌,,,,,,,no_image
71631,Xanthogramma sapporense,札幌黄斑蚜蝇,,,,,,,no_image
136445,Xanthoparmelia centrifuga,离心黄梅,,,,,,,no_image
136465,Xanthoparmelia scabrosa,粗黄梅,,,,,,,no_image
131107,Xanthophytum attopevense,琼岛岩黄树,,,,,,,no_image
71671,Xanthorhoe tristis,郁潢尺蛾,,,,,,,no_image
71677,Xanthotryxus aurata,金斑金粉蝇,,,,,,,no_image
4637,Xenocarcinus tuberculatus,疣背扁异蟹,,,,,,,no_image
152628,Xenasma umbonatum,,,,,,,,no_image
82997,Xenocypris yunnanensis,云南鲴,,,,,,,no_image
83009,Xenophrys medogensis,墨脱角蟾,,,,,,,no_image
71715,Xenokeroplatus gozmanyi,歌氏角菌蚊,,,,,,,no_image
71735,Xenopsylla minax,臀突客蚤,,,,,,,no_image
154445,Xenostele neolitseae,,,,,,,,no_image
71769,Xenotachina subfemoralis,亚股客夜蝇,,,,,,,no_image
149351,Xerocomus badius,栗褐绒盖牛肝菌,,,,,,,no_image
149371,Xerocomus parvulus,细绒盖牛肝菌,,,,,,,no_image
138427,Xeromedulla quercicola,栎干髓盘菌,,,,,,,no_image
147770,Xerula radicata,长根干蘑,,,,,,,no_image
71792,Xestia costaestriga,缘斑鲁夜蛾,,,,,,,no_image
71813,Xestia metagrapha,文鲁夜蛾,,,,,,,no_image
83020,Xiphasia setifer,带鳚,,,,,,,no_image
71832,Xestoleptura baeckmanni,,,,,,,,no_image
71863,Xiphozele compressiventris,窄腹刀腹茧蜂,,,,,,,no_image
71877,Xizicus biprocera,双突副栖螽,,,,,,,no_image
144775,Xylaria apoda,无柄炭角菌,,,,,,,no_image
144795,Xylaria columnifera,柱状炭角菌,,,,,,,no_image
144815,Xylaria fibula,扣状炭角菌,,,,,,,no_image
144835,Xylaria inaequalis,,,,,,,,no_image
144855,Xylaria melanaxis,黑轴炭角菌,,,,,,,no_image
144875,Xylaria piperiformis,,,,,,,,no_image
144895,Xylaria timorensis,帝汶炭角菌,,,,,,,no_image
152618,Xylobolus annosus,平伏木革菌,,,,,,,no_image
71910,Xylocopa latipes,扁柄木蜂,,,,,,,no_image
71930,Xylocoris hiurai,日浦仓花蝽,,,,,,,no_image
139383,Xyloma arundinis,,,,,,,,no_image
71943,Xylomya xixiana,西峡木虻,,,,,,,no_image
71953,Xylota amylostigma,粉斑木蚜蝇,,,,,,,no_image
71973,Xylota segnis,缓木蚜蝇,,,,,,,no_image
71996,Xylotrechus binotaticollis,,,,,,,,no_image
72047,Xylotrechus retractus,,,,,,,,no_image
72021,Xylotrechus kayoensis,,,,,,,,no_image
72069,Xylotrechus yanoi,,,,,,,,no_image
14552,Xysticus guizhou,贵州花蟹蛛,,,,,,,no_image
14806,Xysticus audaxoides,类莽花蟹蛛,,,,,,,no_image
14636,Xysticus pseudobliteus,三斑花蟹蛛,,,,,,,no_image
12810,Yaginumaella lushuiensis,泸水雅蛛,,,,,,,no_image
72081,Yamatocallis hiravamae,枫桠镰管蚜,,,,,,,no_image
72091,Yelicones belokobyskiji,贝氏阔跗茧蜂,,,,,,,no_image
72104,Yimnashana hamulata,,,,,,,,no_image
72113,Yoshiakioclytus ruficaudus,,,,,,,,no_image
131184,Youngia purpimea,紫背黄鹌菜,,,,,,,no_image
131160,Youngia erythrocarpa,红果黄鹌菜,,,,,,,no_image
72119,Ypthima balda,矍眼蝶,,,,,,,no_image
72151,Ypthima yamanakai,山中矍眼蝶,,,,,,,no_image
131211,Yulania cuneatifolia,锲叶玉兰,,,,,,,no_image
83056,Yunnanilus chuanheensis,川河云南鳅,,,,,,,no_image
131206,Yulania ×,二乔玉兰,,,,,,,no_image
83076,Yunnanilus paludosus,沼泽云南鳅,,,,,,,no_image
72173,Yupodisma qingyuana,清原豫蝗,,,,,,,no_image
131251,Yushania dafengdingensis,大风顶山竹,,,,,,,no_image
131271,Yushania levigata,光亮玉山竹,,,,,,,no_image
83086,Zacco platypus,宽鳍&#x0000E073;,,,,,,,no_image
131294,Yushania straminea,黄壳竹,,,,,,,no_image
14594,Zametopina calceata,蹄形扎蟹蛛,,,,,,,no_image
72203,Zanclognatha germana,暗影镰须夜蛾,,,,,,,no_image
149390,Zangia erythrocephala,血红臧氏牛肝菌,,,,,,,no_image
131332,Zanthoxylum collinsiae,糙叶花椒,,,,,,,no_image
131360,Zanthoxylum piasezkii,川陕花椒,,,,,,,no_image
72227,Zaphne fasciculata,腹束鞭隰蝇,,,,,,,no_image
72241,Zaprionus aungsani,苏貌氏线果蝇,,,,,,,no_image
133308,Zasmidium orchidacearum,,,,,,,,no_image
72261,Zegris eupheme,欧眉粉蝶,,,,,,,no_image
72276,Zele caligatus,暗赛茧蜂,,,,,,,no_image
13837,Zelotes cantonensis,广东狂蛛,,,,,,,no_image
83111,Zenopsis nebulosa,云纹亚海鲂,,,,,,,no_image
13870,Zelotes tongdao,通道狂蛛,,,,,,,no_image
131390,Zeuxine agyokuana,绿叶线柱兰,,,,,,,no_image
83132,Zhangixalus nanshanensis,南山树蛙,,,,,,,no_image
12899,Zeuxippus pallidus,白长腹蝇虎,,,,,,,no_image
14902,Zhinu manmiaoyangi,杨氏织女蛛,,,,,,,no_image
131418,Zingiber chengii,狭叶姜,,,,,,,no_image
131438,Zingiber longii,龙氏姜,,,,,,,no_image
131459,Zingiber shuanglongensis,双龙姜,,,,,,,no_image
1172,Zirfaea subconstricta,波纹沟海笋,,,,,,,no_image
131494,Ziziphus xiangchengensis,蜀枣,,,,,,,no_image
72320,Zodion rufipes,红足佐眼蝇,,,,,,,no_image
155509,Zoophthora aphidis,蚜虫瘟霉,,,,,,,no_image
83155,Zoothera dauma,小虎斑地鸫,,,,,,,no_image
16269,Zoropsis longensis,陇逸蛛,,,,,,,no_image
72338,Zotalemimon posticatum,,,,,,,,no_image
72350,Zurobata deeorata,饰筑夜蛾,,,,,,,no_image
4095,Zygonemertes glandulosa,腺巨合纽虫,,,,,,,no_image
72375,Zygonyx iris,,,,,,,,no_image
131527,Zygophyllum multifoliolatum,多小叶驼蹄瓣,,,,,,,no_image
8866,Zygoribatula longilinea,长纹合若甲螨,,,,,,,no_image
72388,Zyras bicoloricollis,,,,,,,,no_image
72428,Zyras nigrapicalis,,,,,,,,no_image
72408,Zyras flexus,,,,,,,,no_image
72448,Zyras seminigerrimus,,,,,,,,no_image
39419,fragariae ligula,红棕峦冬夜蛾,,,,,,,no_image
