taxon_id,sci_name,cn_name,image_path,image_url,author,license,license_url,page_url,status
19476,Abraximorpha davidii,白弄蝶,,,,,,,no_image
83211,Abies fargesii,巴山冷杉,,,,,,,no_image
131657,Abrothallus peyritschii,佩氏纤柔菌,,,,,,,no_image
5914,Abathescalpellum fissum,裂口弱铠茗荷,,,,,,,no_image
72473,Ablabys taenianotus,背带帆鳍鲉,,,,,,,no_image
19442,Abiomyia annulipes,环足肾角水虻,,,,,,,no_image
10483,Abacarus machihts,,,,,,,,no_image
83185,Abelia forrestii,细瘦糯米条,,,,,,,no_image
155908,Absidia repens,葡萄犁头霉,,,,,,,no_image
83258,Abutilon paniculatum,圆锥苘麻,,,,,,,no_image
83297,Acampe rigida,多花脆兰,,,,,,,no_image
83266,Acacia dealbata,银荆,,,,,,,no_image
19498,Acalolepta basiplagiata,,,,,,,,no_image
19520,Acalolepta paraspeciosa,,,,,,,,no_image
83277,Acalypha aristata,芒尖铁苋菜,,,,,,,no_image
17210,Acanthatrium amphidymum,双列刺囊吸虫,,,,,,,no_image
72504,Acanthis hornemanni,极北朱顶雀,,,,,,,no_image
83309,Acantholimon borodinii,细叶彩花,,,,,,,no_image
19568,Acanthonevra dunlopi,敦氏刺脉实蝇,,,,,,,no_image
19561,Acanthocinus subsolanus,,,,,,,,no_image
8731,Acanthopleura spinosa,刺花棘石鳖,,,,,,,no_image
19580,Acanthophasma varium,杂色长角棘䗛,,,,,,,no_image
19598,Acanthormius unidens,单齿齿腹茧蜂,,,,,,,no_image
83328,Acanthus leucostachyus,刺苞老鼠簕,,,,,,,no_image
72537,Acanthurus chronixis,黑斑刺尾鱼,,,,,,,no_image
10254,Acarelliptus cocczjormis,,,,,,,,no_image
135108,Acarospora invadens,侵占微孢衣,,,,,,,no_image
155540,Acaulospora cavernata,穴状无梗囊霉,,,,,,,no_image
135128,Acarospora umbilicata,,,,,,,,no_image
155560,Acaulospora polonica,波兰无梗囊霉,,,,,,,no_image
83379,Acer japonicum,羽扇槭,,,,,,,no_image
83354,Acer chienii,怒江槭,,,,,,,no_image
19607,Acemya pyrrhocera,红肛角刺寄蝇,,,,,,,no_image
83400,Acer morrisonense,玉山槭,,,,,,,no_image
83429,Acer saccharinum,糖槭,,,,,,,no_image
10476,Aceria dendranthemae,,,,,,,,no_image
83455,Acer tsinglingense,秦岭槭,,,,,,,no_image
10202,Aceria tosichella,,,,,,,,no_image
10652,Aceria lanyuensis,,,,,,,,no_image
10015,Aceria parawagnoni,,,,,,,,no_image
140322,Acervus xishuangbannicus,版纳小孢盘菌,,,,,,,no_image
6477,Acetes chinensis,中国毛虾,,,,,,,no_image
1526,Achaeus robustus,粗壮英雄蟹,,,,,,,no_image
72618,Acheilognathus meridianus,广西&#x0000E05E;,,,,,,,no_image
72600,Achalinus ningshanensis,宁陕脊蛇,,,,,,,no_image
83473,Achillea impatiens,褐苞蓍,,,,,,,no_image
19641,Achyrolimonia monacantha,单刺短须大蚊,,,,,,,no_image
83483,Achnatherum breviaristatum,短芒芨芨草,,,,,,,no_image
19659,Acidiella longipennis,长平脉实蝇,,,,,,,no_image
19679,Acidiostigma spimaculata,端斑长痣实蝇,,,,,,,no_image
4952,Acila fultoni,长指纹蛤,,,,,,,no_image
72629,Acipenser sinensis,中华鲟,,,,,,,no_image
19708,Aclerls delicatana,毛榛子长翅卷蛾,,,,,,,no_image
19729,Aclerls maculopterana,川斑长翅卷蛾,,,,,,,no_image
665,Acmaeopleura balssi,巴氏无齿蟹,,,,,,,no_image
862,Acolochirus inornatus,裸五角瓜参,,,,,,,no_image
83560,Aconitum basitruncatum,截基乌头,,,,,,,no_image
83624,Aconitum formosanum,台湾乌头,,,,,,,no_image
83595,Aconitum contortum,苍山乌头,,,,,,,no_image
83652,Aconitum iochanicum,滇北乌头,,,,,,,no_image
83696,Aconitum longipedicellatum,长梗乌头,,,,,,,no_image
83719,Aconitum ouvrardianum,德钦乌头,,,,,,,no_image
83774,Aconitum soongaricum,准噶尔乌头,,,,,,,no_image
83749,Aconitum raddeanum,大苞乌头,,,,,,,no_image
83799,Aconitum umbrosum,草地乌头,,,,,,,no_image
19788,Acosmetura platycata,宽板异饰肛螽,,,,,,,no_image
83819,Acorus gramineus,金钱蒲,,,,,,,no_image
19810,Acrida shanghaica,上海剑角蝗,,,,,,,no_image
142262,Acremonium salmoneum,,,,,,,,no_image
19823,Acritus shirozui,白水隆异跗阎甲,,,,,,,no_image
19828,Acrocera sordida,污小头虻,,,,,,,no_image
19837,Acroclisoides luzonensis,吕宋蝽卵金小蜂,,,,,,,no_image
19043,Acrocyrtus huizhouensis,,,,,,,,no_image
132348,Acrogenospora verrucospora,,,,,,,,no_image
7910,Acromitus tankahkeei,陈嘉庚水母,,,,,,,no_image
19874,Acronicta digna,威剑纹夜蛾,,,,,,,no_image
83876,Acronema schneideri,丽江丝瓣芹,,,,,,,no_image
19894,Acronicta pruinosa,霜剑纹夜蛾,,,,,,,no_image
72664,Acropoma japonicum,日本发光鲷,,,,,,,no_image
6980,Acropora florida,花鹿角珊瑚,,,,,,,no_image
6952,Acropora palifera,栅列鹿角珊瑚,,,,,,,no_image
83882,Acroporium condensatum,密叶顶胞藓,,,,,,,no_image
19922,Acrosathe singularis,独毛裸颜剑虻,,,,,,,no_image
142271,Acrothecium robustum,,,,,,,,no_image
19950,Acrotona filia,,,,,,,,no_image
72682,Acrossocheilus parallens,侧条光唇鱼,,,,,,,no_image
19991,Acrotona xiahensis,,,,,,,,no_image
19970,Acrotona neglecta,,,,,,,,no_image
83900,Actaea dahurica,兴安升麻,,,,,,,no_image
3898,Acteocina coarctata,直拟捻螺,,,,,,,no_image
20004,Actia resinellae,脂阿寄蝇,,,,,,,no_image
20028,Actina fanjingshana,梵净山星水虻,,,,,,,no_image
83923,Actinidia chinensis,中华猕猴桃,,,,,,,no_image
83953,Actinidia lijiangensis,漓江猕猴桃,,,,,,,no_image
72694,Actinodura ramsayi,白眶斑翅鹛,,,,,,,no_image
83978,Actinidia suberifolia,栓叶猕猴桃,,,,,,,no_image
83991,Actinodaphne forrestii,毛尖树,,,,,,,no_image
84009,Actinoscirpus grossus,大藨草,,,,,,,no_image
11213,Aculepeira luosangensis,洛桑尖蛛,,,,,,,no_image
10502,Aculops ulmi,,,,,,,,no_image
10372,Aculops fraxinus,,,,,,,,no_image
10413,Aculus fockeui,,,,,,,,no_image
20078,Adapsilia orientalis,东方适蜣蝇,,,,,,,no_image
20062,Acymatopus takeishii,粗须多鬃长足虻,,,,,,,no_image
10375,Aculus rumexis,,,,,,,,no_image
20096,Adelphococris laeviusculus,远东苜蓿盲蝽,,,,,,,no_image
20116,Adelphococris zoui,邹氏苜蓿盲蝽,,,,,,,no_image
84038,Adenophora cordifolia,心叶沙参,,,,,,,no_image
84065,Adenophora pereskiifolia,长白沙参,,,,,,,no_image
84103,Adenosma glutinosa,毛麝香,,,,,,,no_image
84122,Adiantum edgeworthii,普通铁线蕨,,,,,,,no_image
84142,Adiantum pedatum,掌叶铁线蕨,,,,,,,no_image
20136,Adjinga vittata,,,,,,,,no_image
84201,Adonis tianschanica,天山侧金盏花,,,,,,,no_image
84165,Adinandra formosana,台湾杨桐,,,,,,,no_image
20164,Adrapsa simplex,闪疖夜蛾,,,,,,,no_image
20183,Aedes caecus,刺管伊蚊,,,,,,,no_image
20203,Aedes eldridgei,爱氏伊蚊,,,,,,,no_image
20225,Aedes hurlbuti,金肩伊蚊,,,,,,,no_image
20247,Aedes melanopterus,黑翅伊蚊,,,,,,,no_image
20267,Aedes poicilius,斑翅伊蚊,,,,,,,no_image
20287,Aedes sinkiangensis,新疆伊蚊,,,,,,,no_image
7010,Aegina citrea,四手筐水母,,,,,,,no_image
20326,Aeolothrips fasciatus,横纹蓟马,,,,,,,no_image
72724,Aegolius funereus,鬼鸮,,,,,,,no_image
9899,Aegyptobia xinjiangensis,,,,,,,,no_image
7454,Aequorea parva,细小多管水母,,,,,,,no_image
84239,Aerobryopsis subleptostigmata,纤细灰气藓,,,,,,,no_image
20357,Aeropedellus longipennis,长翅蛛蝗,,,,,,,no_image
20379,Aeschnophlebia liui,刘氏黑额蜓,,,,,,,no_image
84251,Aeschynanthus bracteatus,显苞芒毛苣苔,,,,,,,no_image
84273,Aeschynanthus medogensis,墨脱芒毛苣苔,,,,,,,no_image
20421,Aethriamanta aethra,褐基异蜻,,,,,,,no_image
84295,Aesculus chinensis,七叶树,,,,,,,no_image
20407,Aethes alativica,青海双纹卷蛾,,,,,,,no_image
18760,Afrosminthurus bufo,,,,,,,,no_image
20433,Agapanthia daurica,,,,,,,,no_image
84330,Agapetes graciliflora,细花树萝卜,,,,,,,no_image
84373,Agapetes rubrobracteata,红苞树萝卜,,,,,,,no_image
84353,Agapetes marginata,边脉树萝卜,,,,,,,no_image
144930,Agaricus amboinensis,,,,,,,,no_image
144950,Agaricus blazei,巴氏蘑菇,,,,,,,no_image
144970,Agaricus cladophyllus,,,,,,,,no_image
144990,Agaricus diminutivus,小林蘑菇,,,,,,,no_image
145030,Agaricus meleagris,西方平盖菇,,,,,,,no_image
145050,Agaricus pleopodius,,,,,,,,no_image
145010,Agaricus hortensis,园地蘑菇,,,,,,,no_image
145070,Agaricus romagnesii,罗蔓倪蘑菇,,,,,,,no_image
20458,Agathia lycaenaria,夹竹桃艳青尺蛾,,,,,,,no_image
145090,Agaricus subperonatus,拟柏氏蘑菇,,,,,,,no_image
84385,Agave americana,龙舌兰,,,,,,,no_image
145110,Agaricus volvatulus,,,,,,,,no_image
5771,Aglaophamus lyrochaeto,弦毛内卷齿蚕,,,,,,,no_image
20496,Agelasta nigromaculata,,,,,,,,no_image
12431,Ageleradix sichuanensis,四川盾漏蛛,,,,,,,no_image
84394,Aglaia elaeagnoidea,山椤,,,,,,,no_image
20529,Agnaptoria amdoensis,安多贞琵甲,,,,,,,no_image
20573,Agnetina kryzhanovskii,克氏剑(虫责),,,,,,,no_image
20597,Agnidra fulvior,淡褐距钩蛾,,,,,,,no_image
20551,Agnaptoria nigriceps,黑头贞琵甲,,,,,,,no_image
20614,Agonita apicata,红黑三脊甲,,,,,,,no_image
20634,Agonita tristis,刺胫三脊甲,,,,,,,no_image
20641,Agriocnemis lacteola,白腹小蟌,,,,,,,no_image
148155,Agrocybe brunneola,褐色田头菇,,,,,,,no_image
20673,Agrosteella biconvexa,双凹平胸叶甲,,,,,,,no_image
20660,Agromyza flavisquama,黄瓣潜蝇,,,,,,,no_image
84439,Agrostis flaccida,柔软剪股颖,,,,,,,no_image
148175,Agrocybe tuberosa,,,,,,,,no_image
20704,Agrotis tokionis,大地老虎,,,,,,,no_image
137333,Agyrium rufum,,,,,,,,no_image
84459,Agrostophyllum planicaule,扁茎禾叶兰,,,,,,,no_image
20722,Ahmaditermes sinensis,中国钝颚白蚁,,,,,,,no_image
84475,Aidia salicifolia,柳叶香楠,,,,,,,no_image
84498,Ainsliaea bonatii,心叶兔儿风,,,,,,,no_image
84547,Ainsliaea yunnanensis,云南兔儿风,,,,,,,no_image
84525,Ainsliaea macrocephala,大头兔儿风,,,,,,,no_image
84556,Ajania elegantula,云南亚菊,,,,,,,no_image
84576,Ajania salicifolia,柳叶亚菊,,,,,,,no_image
84625,Akebia longeracemosa,长序木通,,,,,,,no_image
84598,Ajuga decumbens,金疮小草,,,,,,,no_image
84654,Alangium premnifolium,日本八角枫,,,,,,,no_image
151918,Albatrellus confluens,波缘地花菌,,,,,,,no_image
137926,Albigo pannosa,,,,,,,,no_image
141978,Albonectria rigidiuscula,,,,,,,,no_image
84679,Alcea nudiflora,裸花蜀葵,,,,,,,no_image
84698,Alectra avensis,黑蒴,,,,,,,no_image
17111,Alcicornis hainanensis,海南触吻吸虫,,,,,,,no_image
84697,Aldrovanda vesiculosa,貉藻,,,,,,,no_image
20788,Aleiodes narangae,螟蛉脊茧蜂,,,,,,,no_image
20768,Aleiodes earias,金刚钻脊茧蜂,,,,,,,no_image
11121,Alenatea fuscocolorata,蝶斑肋园蛛,,,,,,,no_image
20824,Aleochara eoa,,,,,,,,no_image
20844,Aleochara niasiana,,,,,,,,no_image
20864,Aleochara taiwanensis,,,,,,,,no_image
20892,Aletia pryeri,祝研夜蛾,,,,,,,no_image
20872,Aletia albicosta,白缘研夜蛾,,,,,,,no_image
84712,Aletris scopulorum,短柄肺筋草,,,,,,,no_image
140338,Aleuria violacea,,,,,,,,no_image
84727,Aleuritopteris duclouxii,裸叶粉背蕨,,,,,,,no_image
140358,Aleurina novae-terrae,,,,,,,,no_image
84751,Aleuritopteris tamburii,阔羽粉背蕨,,,,,,,no_image
152541,Aleurodiscus microcarpus,小孢盘革菌,,,,,,,no_image
20909,Alevonota pulchricornis,,,,,,,,no_image
20918,Algon chinensis,,,,,,,,no_image
20938,Algon tristis,,,,,,,,no_image
84762,Alisma canaliculatum,窄叶泽泻,,,,,,,no_image
20953,Allata vigesco,威奇舟蛾,,,,,,,no_image
12147,Allagelena scopulata,帚状异漏蛛,,,,,,,no_image
20969,Alliopsis hemiliostylata,半裸毛眼花蝇,,,,,,,no_image
84813,Allium changduense,昌都韭,,,,,,,no_image
84785,Allium aciphyllum,针叶韭,,,,,,,no_image
84834,Allium fetisowii,多籽蒜,,,,,,,no_image
84858,Allium juldusicola,尤尔都斯韭,,,,,,,no_image
84878,Allium monanthum,单花韭,,,,,,,no_image
84907,Allium polyrhizum,碱韭,,,,,,,no_image
84929,Allium schrenkii,单丝辉韭,,,,,,,no_image
84949,Allium teretifolium,西疆韭,,,,,,,no_image
15533,Allochthonius fanjingshan,梵净山异伪蝎,,,,,,,no_image
84971,Allium zhouquense,舟曲韭,,,,,,,no_image
21001,Allocricellius armandii,华山松梢小蠹金小蜂,,,,,,,no_image
21014,Allodontoides tenebrosa,暗齿舟蛾,,,,,,,no_image
21035,Allognosta concava,凹距水虻,,,,,,,no_image
21055,Allognosta obtusa,钝突距水虻,,,,,,,no_image
21074,Allohelea jianfengensis,尖峰埃蠓,,,,,,,no_image
14384,Allomengea dentisetis,斑皿盖蛛,,,,,,,no_image
19398,Allonychiurus foliatus,,,,,,,,no_image
21087,Alloperla mediata,扁突异(虫责),,,,,,,no_image
84985,Allophylus petelotii,广西异木患,,,,,,,no_image
9302,Allosuctobelba grandis,大异盾珠甲螨,,,,,,,no_image
21113,Allotrichoma dyna,中国矮颊水蝇,,,,,,,no_image
21148,Alluaudomyia tripartita,三分阿蠓,,,,,,,no_image
21128,Alluaudomyia columinis,柱形阿蠓,,,,,,,no_image
21163,Aloconota iguensis,,,,,,,,no_image
85010,Alobiellopsis parvifolia,柱萼苔,,,,,,,no_image
21184,Aloconota taiwalongula,,,,,,,,no_image
16397,Alopecosa aurita,耳舞蛛,,,,,,,no_image
16495,Alopecosa linzhan,林站舞蛛,,,,,,,no_image
85028,Alopecurus brachystachyus,短穗看麦娘,,,,,,,no_image
21203,Alphaea khasiana,雅粉灯蛾,,,,,,,no_image
1412,Alpheus diadema,突脊鼓虾,,,,,,,no_image
1353,Alpheus leptopus,马拉巴鼓虾窄足亚种,,,,,,,no_image
1401,Alpheus pubescens,密毛鼓虾,,,,,,,no_image
85038,Alphonsea mollis,毛叶藤春,,,,,,,no_image
85061,Alpinia galanga,红豆蔻,,,,,,,no_image
85084,Alpinia oblongifolia,华山姜,,,,,,,no_image
85108,Alpinia tonrokuensis,台北山姜,,,,,,,no_image
85122,Alseodaphnopsis ximengensis,西盟北油丹,,,,,,,no_image
21207,Altekon marpessa,小黑飞虱,,,,,,,no_image
133844,Alternaria armeniacae,,,,,,,,no_image
133884,Alternaria coicis,,,,,,,,no_image
133864,Alternaria capsici-annui,,,,,,,,no_image
133904,Alternaria erythrinae,,,,,,,,no_image
133924,Alternaria latispora,,,,,,,,no_image
133944,Alternaria obpyriformis,,,,,,,,no_image
133964,Alternaria pomicola,,,,,,,,no_image
133984,Alternaria shaanxiensis,,,,,,,,no_image
134004,Alternaria typhonii,,,,,,,,no_image
72879,Alticola barakshin,戈壁阿尔泰高山䶄,,,,,,,no_image
964,Alucinoma soyoae,薄满月蛤,,,,,,,no_image
85157,Alysicarpus yunnanensis,云南链荚豆,,,,,,,no_image
21221,Amalaraeus penicilliger,刷状同瘴蚤,,,,,,,no_image
85182,Amana wanyuensis,皖豫老鸦瓣,,,,,,,no_image
142291,Amanita aspera,鳞灰褐伞,,,,,,,no_image
142311,Amanita chlorinosma,黄绿鹅青菌,,,,,,,no_image
142331,Amanita flavipes,金黄鹅膏菌,,,,,,,no_image
142351,Amanita ibotengutake,,,,,,,,no_image
142371,Amanita melleiceps,小毒伞,,,,,,,no_image
142391,Amanita pallidocarnea,蟹红鹅膏,,,,,,,no_image
142411,Amanita sculpta,刻鱗鹅膏,,,,,,,no_image
142431,Amanita subphalloides,,,,,,,,no_image
142451,Amanita zambiana,赞比亚鹅膏,,,,,,,no_image
85197,Amaranthus palmeri,长芒苋,,,,,,,no_image
21245,Amarochara wrasei,,,,,,,,no_image
151153,Amauroderma hongkongense,香港假芝,,,,,,,no_image
151133,Amauroderma auriscalpium,耳匙假芝,,,,,,,no_image
151173,Amauroderma regulicolor,匀色乌芝,,,,,,,no_image
21260,Amauromyza bifida,端裂暗潜蝇,,,,,,,no_image
155531,Ambispora callosa,,,,,,,,no_image
72916,Amblyeleotris randalli,兰道氏钝塘鳢,,,,,,,no_image
85214,Amblynotus rupestris,钝背草,,,,,,,no_image
21300,Amblypsilopus nigricercus,黑尾雅长足虻,,,,,,,no_image
142453,Ambomucor seriatoinflatus,,,,,,,,no_image
21330,Amegilla comberi,梳无垫蜂,,,,,,,no_image
21280,Amblypsilopus didymus,双鬃雅长足虻,,,,,,,no_image
21350,Amegilla zonata,绿条无垫蜂,,,,,,,no_image
21396,Amiota eos,东方阿果蝇,,,,,,,no_image
21376,Amiota atomia,小斑阿果蝇,,,,,,,no_image
21359,Amidobia ming,,,,,,,,no_image
21416,Amiota luguhuensis,泸沽湖阿果蝇,,,,,,,no_image
21436,Amiota sacculipes,片突阿果蝇,,,,,,,no_image
72943,Amolops ailao,哀牢湍蛙,,,,,,,no_image
85246,Ammopiptanthus nanus,小沙冬青,,,,,,,no_image
21456,Amiota yifengi,怡峰阿果蝇,,,,,,,no_image
72985,Amolops ricketti,华南湍蛙,,,,,,,no_image
72964,Amolops gyirongensis,吉隆湍蛙,,,,,,,no_image
85265,Amomum mengtzense,蒙自砂仁,,,,,,,no_image
73005,Amolops yarlungzangbo,雅江湍蛙,,,,,,,no_image
85285,Amomum verrucosum,疣子砂仁,,,,,,,no_image
85304,Amorphophallus kiusianus,东亚魔芋,,,,,,,no_image
6035,Ampelisca pygmaea,侏儒双眼钩虾,,,,,,,no_image
6075,Ampelisca acutifortata,尖额双眼钩虾,,,,,,,no_image
85329,Ampelocissus sikkimensis,锡金酸蔹藤,,,,,,,no_image
21506,Amphibolusa smetanai,,,,,,,,no_image
1200,Amphilepis mobilis,松鳞仿阳遂足,,,,,,,no_image
85357,Ampelopsis wangii,槭叶蛇葡萄,,,,,,,no_image
21571,Amphinemura nanlingensis,南岭倍叉(虫责),,,,,,,no_image
21531,Amphinemura curvispina,弯刺倍叉(虫责),,,,,,,no_image
21551,Amphinemura hamatmicroda,钩叶倍叉(虫责),,,,,,,no_image
7874,Amphinema dinema,双手水母,,,,,,,no_image
1233,Amphioplus laevis,光滑倍棘蛇尾,,,,,,,no_image
21591,Amphinemura tubulata,管突倍叉(虫责),,,,,,,no_image
73024,Amphiprion ocellaris,眼斑双锯鱼,,,,,,,no_image
21615,Amphipsylla paucispina,少棘鬃双蚤,,,,,,,no_image
21649,Amphipyra erebina,暗杂夜蛾,,,,,,,no_image
8205,Amphogona apsteini,异腺瓮水母,,,,,,,no_image
21658,Amphithemis curvistyla,红安蜻,,,,,,,no_image
85370,Amsonia elliptica,水甘草,,,,,,,no_image
21682,Amygdalops curtisi,短突小花蝇,,,,,,,no_image
17972,Amynthas chilanensis,栖兰远盲蚓,,,,,,,no_image
17725,Amynthas areniphilus,嗜沙远盲蚓,,,,,,,no_image
151965,Amylosporus campbellii,洁粉孢菌,,,,,,,no_image
17886,Amynthas domosus,多果远盲蚓,,,,,,,no_image
17724,Amynthas hsinpuesis,新埔远盲蚓,,,,,,,no_image
18009,Amynthas liaoi,廖氏远盲蚓,,,,,,,no_image
17766,Amynthas fornicatus,似蚁远盲蚓,,,,,,,no_image
17975,Amynthas meishanensis,梅山远盲蚓,,,,,,,no_image
18017,Amynthas octopapillatus,八突远盲蚓,,,,,,,no_image
17984,Amynthas pulvinus,小垫远盲蚓,,,,,,,no_image
17851,Amynthas vividus,活跃远盲蚓,,,,,,,no_image
18007,Amynthas swanus,丝婉远盲蚓,,,,,,,no_image
73036,Anabarilius grahami,&#x0000E060;&#x0000E059;白鱼,,,,,,,no_image
21700,Anaciaeschna martini,褐翠蜓,,,,,,,no_image
85379,Anabasis salsa,盐生假木贼,,,,,,,no_image
21710,Anaespogonius ochraceofulvus,,,,,,,,no_image
21728,Anaglyptus gressitti,,,,,,,,no_image
21768,Anagyrus luci,露茜长索跳小蜂,,,,,,,no_image
13556,Anahita samplexa,简阿纳蛛,,,,,,,no_image
21748,Anagyrus agraensis,,,,,,,,no_image
85395,Anaphalis aureopunctata,黄腺香青,,,,,,,no_image
85431,Anaphalis hymenolepis,膜苞香青,,,,,,,no_image
85461,Anaphalis stenocephala,狭苞香青,,,,,,,no_image
21791,Anaplectoides perviridis,透绿组夜蛾,,,,,,,no_image
135272,Anaptychia ulotricoides,污白雪花衣,,,,,,,no_image
135252,Anaptychia incana,,,,,,,,no_image
21808,Anartomorpha conjugata,连纹风夜蛾,,,,,,,no_image
21822,Anastoechus fulvus,赤盾雏蜂虻,,,,,,,no_image
21849,Anatkina fumosa,烟膜斑大叶蝉,,,,,,,no_image
85482,Anastrophyllum lignicola,红胞挺叶苔,,,,,,,no_image
21869,Anatkina rufistriata,红条斑大叶蝉,,,,,,,no_image
15808,Anaulaciulus inaequipes,不均少纹姬马陆,,,,,,,no_image
21899,Anchocerus giganteus,,,,,,,,no_image
85491,Anaxagorea luzonensis,蒙蒿子,,,,,,,no_image
21915,Ancistrotermes hekouensis,河口钩白蚁,,,,,,,no_image
21931,Andraca bipunctata,三线茶蚕蛾,,,,,,,no_image
85507,Andrographis laxiflora,疏花穿心莲,,,,,,,no_image
85568,Androsace nortonii,绢毛点地梅,,,,,,,no_image
85547,Androsace gracilis,细弱点地梅,,,,,,,no_image
85526,Androsace coronata,环冠点地梅,,,,,,,no_image
85591,Androsace umbellata,点地梅,,,,,,,no_image
21954,Anechura senator,离张球螋,,,,,,,no_image
85606,Anemone begoniifolia,卵叶银莲花,,,,,,,no_image
85644,Anemone hupehensis,打破碗花花,,,,,,,no_image
85682,Anemone scabriuscula,糙叶银莲花,,,,,,,no_image
21959,Aneogmena fischeri,菲阿诺寄蝇,,,,,,,no_image
21967,Angaracris morulimarginis,暗边皱膝蝗,,,,,,,no_image
85717,Angelica cartilaginomarginata,长鞘当归,,,,,,,no_image
85742,Angelica longipedicellata,长柄当归,,,,,,,no_image
85766,Angelica tarokoensis,太鲁阁当归,,,,,,,no_image
85776,Angiopteris chingii,河口原始观音座莲,,,,,,,no_image
133340,Anguillospora curvula,,,,,,,,no_image
85796,Angiopteris paucinervis,疏脉观音座莲,,,,,,,no_image
21990,Angustuma albonotata,白斑狭顶叶蝉,,,,,,,no_image
144180,Aniptodera chesapeakensis,,,,,,,,no_image
22004,Anicetus aligarhensis,阿里扁角跳小蜂,,,,,,,no_image
3704,Anisocorbula modesta,秀丽异篮蛤,,,,,,,no_image
22028,Anisogomphus maacki,马奇异春蜓,,,,,,,no_image
132354,Anisomeridium conorostratum,异形菌,,,,,,,no_image
22047,Anisopleura qingyuanensis,庆元异翅溪蟌,,,,,,,no_image
6347,Annachlamy reevei,里氏环扇贝,,,,,,,no_image
8939,Annectacarus hainanensis,海南连甲螨,,,,,,,no_image
144566,Annulohypoxylon archeri,,,,,,,,no_image
144586,Annulohypoxylon urceolatum,,,,,,,,no_image
85854,Anoectochilus baotingensis,保亭金线兰,,,,,,,no_image
85853,Anoectochilus ×,布裙湖金线兰,,,,,,,no_image
85878,Anomobryum gemmigerum,芽胞银藓,,,,,,,no_image
148769,Anomoloma flavissimum,鲜黄拟变孔菌,,,,,,,no_image
22125,Anopheles belenrae,比伦按蚊,,,,,,,no_image
22094,Anomognathus cuspidatus,,,,,,,,no_image
22146,Anopheles koreicus,朝鲜按蚊,,,,,,,no_image
22166,Anopheles sacharovi,萨氏按蚊,,,,,,,no_image
22189,Anoplodera bicolorimembris,,,,,,,,no_image
22226,Anoplophora coeruleoantennata,,,,,,,,no_image
22209,Anoplodera sergeii,,,,,,,,no_image
22259,Anotogaster antehumeralis,黄肩圆臀大蜓,,,,,,,no_image
22248,Anoplophora rubidacorpora,,,,,,,,no_image
22277,Anotylus besucheti,,,,,,,,no_image
22319,Anotylus pusillimus,,,,,,,,no_image
85897,Anredera scandens,短序落葵薯,,,,,,,no_image
22297,Anotylus helcopterus,,,,,,,,no_image
73123,Antennarius maculatus,大斑躄鱼,,,,,,,no_image
22338,Anteon blanduscutum,滑盾单爪螯蜂,,,,,,,no_image
22358,Anteon heppneri,赫氏单爪螯蜂,,,,,,,no_image
22378,Anteon multicolor,彩单爪螯蜂,,,,,,,no_image
22398,Anteon sylvaticum,林栖单爪螯蜂,,,,,,,no_image
8122,Anthemiphyllia dentata,齿花叶珊瑚,,,,,,,no_image
22423,Anthidiellum scutellatum,大盾小黄斑蜂,,,,,,,no_image
22450,Anthidium sichuanensis,四川黄斑蜂,,,,,,,no_image
22485,Anthocoris dividens,丽原花蝽,,,,,,,no_image
85907,Anthoceros chungii,钟氏角苔,,,,,,,no_image
22505,Anthocoris takahashii,木虱原花蝽,,,,,,,no_image
22520,Anthomyia oculifera,大眼花蝇,,,,,,,no_image
22538,Anthophora altaica,阿尔泰条蜂,,,,,,,no_image
22558,Anthophora ferreola,红条蜂,,,,,,,no_image
22579,Anthophora megarrhina,,,,,,,,no_image
22600,Anthophora robbi,白毛条蜂,,,,,,,no_image
144683,Anthostomella eructans,,,,,,,,no_image
7971,Anthopleura inornata,朴素侧花海葵,,,,,,,no_image
144703,Anthostomella thyridioides,,,,,,,,no_image
147556,Anthracophyllum lateritium,,,,,,,,no_image
154882,Anthracoidea caricis,苔炭黑粉菌,,,,,,,no_image
154902,Anthracoidea nepalensis,苔草黑穗病,,,,,,,no_image
22628,Anthrax pervius,开室岩蜂虻,,,,,,,no_image
22630,Antialcidas attenuatus,小结角蝉,,,,,,,no_image
22655,Antiphalera klapperichi,克反掌舟蛾,,,,,,,no_image
85939,Antidesma hontaushanense,河头山五月茶,,,,,,,no_image
22647,Antiochtha jianfengensis,尖峰瘿祝蛾,,,,,,,no_image
22681,Antocha satsuma,萨摩安大蚊,,,,,,,no_image
150866,Antrodia lenis,柔薄孔菌,,,,,,,no_image
22661,Antocha constricta,缩安大蚊,,,,,,,no_image
8751,Anulidentalium bambusum,竹节环角贝,,,,,,,no_image
15248,Anyphaena rhynchophysa,喙突近管蛛,,,,,,,no_image
85963,Antrophyum formosanum,台湾车前蕨,,,,,,,no_image
22724,Apachyus feae,黄扁螋,,,,,,,no_image
6269,Aora pseudotypica,假冒赖钩虾,,,,,,,no_image
22793,Apelaunothrips hainanensis,海南网管蓟马,,,,,,,no_image
22744,Apamea illyria,暗秀夜蛾,,,,,,,no_image
22764,Apatophysis centralis,,,,,,,,no_image
22832,Aphelopus liui,刘氏常足螯蜂,,,,,,,no_image
85978,Aphananthe cuspidata,滇糙叶树,,,,,,,no_image
149640,Aphelaria dendroides,树状滑瑚菌,,,,,,,no_image
22852,Aphelopus xanthopus,黄足常足螯蜂,,,,,,,no_image
85984,Aphragmus minutus,小寒原荠,,,,,,,no_image
22888,Aphrodisium griffithii,,,,,,,,no_image
5832,Aphrodita talpa,海鼠鳞沙蚕,,,,,,,no_image
73183,Aphyonus bolini,博林胶胎鳚,,,,,,,no_image
86000,Apios americana,北美土圞儿,,,,,,,no_image
22932,Apistomyia uenoi,日本蜂网蚊,,,,,,,no_image
86018,Apocynum pictum,白麻,,,,,,,no_image
9532,Aplonobia alkalisalinae,,,,,,,,no_image
9733,Apodiptacus comptothecae,,,,,,,,no_image
73215,Apogon novaeguineae,新几内亚天竺鲷,,,,,,,no_image
22963,Apolygopsis mosaicus,斑驳异丽盲蝽,,,,,,,no_image
22983,Apolygus nigricostalis,黑缘后丽盲蝽,,,,,,,no_image
22999,Apomecyna histrio,,,,,,,,no_image
9673,Aponychus taishanicus,,,,,,,,no_image
134953,Aporomyces subulatus,,,,,,,,no_image
23058,Aporia hippia,小檗绢粉蝶,,,,,,,no_image
23110,Apostictopterus fuliginosus,窄翅弄蝶,,,,,,,no_image
86041,Appendicula fenixii,长叶牛齿兰,,,,,,,no_image
143809,Appendiculella micheliicola,,,,,,,,no_image
73238,Apristurus macrorhynchus,大吻光尾鲨,,,,,,,no_image
23146,Appias pandione,帕帝尖粉蝶,,,,,,,no_image
23177,Aprostocetus nubigenus,马德拉长尾啮小蜂,,,,,,,no_image
73247,Apus apus,普通雨燕,,,,,,,no_image
86051,Aquilegia brevicalcarata,短距耧斗菜,,,,,,,no_image
86076,Arabidopsis lyrata,琴叶拟南芥,,,,,,,no_image
86098,Arachniodes breviaristata,短芒复叶耳蕨,,,,,,,no_image
86118,Arachniodes neopodophylla,长叶黔蕨,,,,,,,no_image
86136,Arachnis labrosa,窄唇蜘蛛兰,,,,,,,no_image
23194,Aracima serrata,单线灰黄尺蛾,,,,,,,no_image
86147,Aralia dasyphylla,头序楤木,,,,,,,no_image
86169,Aralia plumosa,糙羽叶参,,,,,,,no_image
23207,Araneibatrus pubescens,,,,,,,,no_image
10866,Araneus carnifex,肥园蛛,,,,,,,no_image
11056,Araneus flagelliformis,鞭状园蛛,,,,,,,no_image
10890,Araneus motuoensis,墨脱园蛛,,,,,,,no_image
11162,Araneus pseudoventricosus,伪大腹园蛛,,,,,,,no_image
11040,Araneus vermimaculatus,虫纹园蛛,,,,,,,no_image
11136,Araniella nigromaculatus,黑纹痣蛛,,,,,,,no_image
23227,Arbela yunnana,云棒姬蝽,,,,,,,no_image
73275,Arborophila gingica,白眉山鹧鸪,,,,,,,no_image
73291,Archamia macroptera,真长鳍天竺鲷,,,,,,,no_image
86198,Archidendron alternifoliolatum,长叶棋子豆,,,,,,,no_image
2550,Arcania novemspinosa,圆十一刺栗壳蟹,,,,,,,no_image
86218,Archidium alternifolium,无轴藓,,,,,,,no_image
23268,Archips difficilis,异点黄卷蛾,,,,,,,no_image
5428,Arcopella minuta,小暗弧蛤,,,,,,,no_image
23308,Arctia caja,豹灯蛾,,,,,,,no_image
23288,Archips spinatus,针黄卷蛾,,,,,,,no_image
135823,Arctoparmelia incurva,曲北极梅,,,,,,,no_image
16312,Arctosa subamylacea,亚阿米熊蛛,,,,,,,no_image
16424,Arctosa ebicha,埃比熊蛛,,,,,,,no_image
5358,Arcuatula elegans,雅致弧蛤,,,,,,,no_image
86247,Ardisia argenticaulis,五花紫金牛,,,,,,,no_image
86310,Ardisia sieboldii,多枝紫金牛,,,,,,,no_image
86267,Ardisia ensifolia,剑叶紫金牛,,,,,,,no_image
86288,Ardisia nutantiflora,垂花紫金牛,,,,,,,no_image
9778,Areekulus rhododendronis,,,,,,,,no_image
1422,Arete indicus,印度阿莱鼓虾,,,,,,,no_image
86347,Argentina festiva,合耳蕨麻,,,,,,,no_image
86378,Argentina taliensis,大理蕨麻,,,,,,,no_image
11086,Argiope catenulata,链斑金蛛,,,,,,,no_image
86393,Argostemma yunnanense,滇雪花,,,,,,,no_image
86394,Argyreia acuta,白鹤藤,,,,,,,no_image
86420,Argyreia subrotunda,近圆叶银背藤,,,,,,,no_image
23374,Argyronome ruslana,红老豹蛱蝶,,,,,,,no_image
23411,Arhopalus exoticus,,,,,,,,no_image
23383,Argyrotaenia liratana,九江卷蛾,,,,,,,no_image
23445,Ariola coelisigna,妆夜蛾,,,,,,,no_image
23426,Aridelus antennatus,角蝽茧蜂,,,,,,,no_image
86496,Arisaema pianmaense,片马南星,,,,,,,no_image
86476,Arisaema lihengianum,李恒南星,,,,,,,no_image
86454,Arisaema flavum,黄苞南星,,,,,,,no_image
86434,Arisaema brucei,贝氏南星,,,,,,,no_image
86532,Aristida chinensis,华三芒草,,,,,,,no_image
86518,Arisaema utile,网檐南星,,,,,,,no_image
86538,Aristolochia austrochinensis,华南马兜铃,,,,,,,no_image
86558,Aristolochia tagala,耳叶马兜铃,,,,,,,no_image
6087,Armatobalanus allium,蒜形刺藤壶,,,,,,,no_image
147696,Armillaria straminea,美洲蜜环菌,,,,,,,no_image
86577,Arnicratea cambodiana,风车果,,,,,,,no_image
23480,Armigeres yunnanensis,云南阿蚊,,,,,,,no_image
23494,Arorathrips mexicanus,墨西哥安柔拉蓟马,,,,,,,no_image
86586,Artabotrys pachypetalus,厚瓣鹰爪花,,,,,,,no_image
148392,Arrhenia griseopallida,,,,,,,,no_image
86609,Artemisia atrovirens,暗绿蒿,,,,,,,no_image
86631,Artemisia cina,蛔蒿,,,,,,,no_image
86666,Artemisia ferganensis,费尔干绢蒿,,,,,,,no_image
86724,Artemisia lanaticapitula,绵头奇蒿,,,,,,,no_image
86697,Artemisia hedinii,臭蒿,,,,,,,no_image
86748,Artemisia montana,山地蒿,,,,,,,no_image
86774,Artemisia orientalixizangensis,昌都蒿,,,,,,,no_image
86858,Artemisia tournefortiana,湿地蒿,,,,,,,no_image
86828,Artemisia somae,台湾狭叶艾,,,,,,,no_image
86799,Artemisia rosthornii,川南蒿,,,,,,,no_image
86884,Artemisia xigazeensis,日喀则蒿,,,,,,,no_image
131550,Arthonia elegans,丽斑衣,,,,,,,no_image
131565,Arthothelium chiodectoides,座盘芝麻粒衣,,,,,,,no_image
139461,Arthrobotrys amerospora,,,,,,,,no_image
139481,Arthrobotrys oviformis,,,,,,,,no_image
86914,Arthrophytum iliense,长枝节节木,,,,,,,no_image
23516,Artimpaza pulchella,,,,,,,,no_image
86934,Artocarpus xanthocarpus,黄果波罗蜜,,,,,,,no_image
86949,Arundinella hookeri,西南野古草,,,,,,,no_image
23543,Asaphes umbilicalis,脐刻脊柄金小蜂,,,,,,,no_image
23526,Arytrura subfalcata,镰大棱夜蛾,,,,,,,no_image
86979,Asarum crispulatum,皱花细辛,,,,,,,no_image
23554,Ascalohybris stenoptera,斯脊蝶角蛉,,,,,,,no_image
139588,Ascobolus amoenus,喜粪盘菌,,,,,,,no_image
87002,Asarum nobilissimum,高贵细辛,,,,,,,no_image
13543,Asceua daoxian,道县阿斯蛛,,,,,,,no_image
139608,Ascobolus glaber,平滑粪盘菌,,,,,,,no_image
139628,Ascobolus microscopicus,,,,,,,,no_image
133476,Ascochyta aconitana,,,,,,,,no_image
133496,Ascochyta carthami,,,,,,,,no_image
133516,Ascochyta gardeniae,,,,,,,,no_image
133536,Ascochyta malvicola,,,,,,,,no_image
133556,Ascochyta prasadii,,,,,,,,no_image
133576,Ascochyta tini,,,,,,,,no_image
139678,Ascodesmis sphaerospora,球孢瓶束盘菌,,,,,,,no_image
139402,Ascophanus isabellinus,白艳盘菌,,,,,,,no_image
73372,Aseraggodes kaianus,日本栉鳞鳎,,,,,,,no_image
139069,Ascotremellopsis bambusicola,箣竹生拟胶盘菌,,,,,,,no_image
23589,Asiacentistes alekseevi,艾氏亚宽鞘茧蜂,,,,,,,no_image
14344,Asiagone perforata,穴亚微蛛,,,,,,,no_image
23620,Asidoblaps confinis,狭长亚琵甲,,,,,,,no_image
23660,Asidoblaps sinensis,中华亚琵甲,,,,,,,no_image
12027,Asiohahnia reniformis,肾形亚栅蛛,,,,,,,no_image
23640,Asidoblaps inopinata,细瘦亚琵甲,,,,,,,no_image
23687,Asonus longisulcus,长沟无声蝗,,,,,,,no_image
87039,Asparagus dauricus,兴安天门冬,,,,,,,no_image
87059,Asparagus subscandens,滇南天门冬,,,,,,,no_image
134320,Aspergillus aculeatus,,,,,,,,no_image
134340,Aspergillus corrugatus,,,,,,,,no_image
134360,Aspergillus fungoides,,,,,,,,no_image
134380,Aspergillus oryzae,,,,,,,,no_image
134400,Aspergillus sydowii,,,,,,,,no_image
87067,Asperula oppositifolia,对叶车叶草,,,,,,,no_image
137364,Aspicilia determinata,定形平茶渍,,,,,,,no_image
87079,Aspidistra austrosinensis,华南蜘蛛抱蛋,,,,,,,no_image
137384,Aspicilia subconfluens,亚汇平茶渍,,,,,,,no_image
87099,Aspidistra cyathiflora,杯花蜘蛛抱蛋,,,,,,,no_image
87121,Aspidistra flaviflora,黄花蜘蛛抱蛋,,,,,,,no_image
87141,Aspidistra lingchuanensis,灵川蜘蛛抱蛋,,,,,,,no_image
87161,Aspidistra marginella,啮边蜘蛛抱蛋,,,,,,,no_image
87181,Aspidistra pingtangensis,平塘蜘蛛抱蛋,,,,,,,no_image
18553,Asplanchnopus hyalinus,透明囊足轮虫,,,,,,,no_image
87201,Aspidistra spinula,刺果蜘蛛抱蛋,,,,,,,no_image
87224,Aspidistra yunwuensis,云雾蜘蛛抱蛋,,,,,,,no_image
87229,Aspidopterys concava,广西盾翅藤,,,,,,,no_image
87264,Asplenium crinicaule,毛轴铁角蕨,,,,,,,no_image
87285,Asplenium holosorum,江南铁角蕨,,,,,,,no_image
87328,Asplenium rockii,瑞丽铁角蕨,,,,,,,no_image
87306,Asplenium neolaserpitiifolium,大羽铁角蕨,,,,,,,no_image
87354,Asplenium varians,变异铁角蕨,,,,,,,no_image
23728,Astegopteryx nipae,南姜舞蚜,,,,,,,no_image
23748,Astenus arrowi,,,,,,,,no_image
87397,Aster bipinnatisectus,重羽紫菀,,,,,,,no_image
23771,Astenus taiwanus,,,,,,,,no_image
87419,Aster fuscescens,褐毛紫菀,,,,,,,no_image
87467,Aster mongolicus,蒙古马兰,,,,,,,no_image
87445,Aster jishouensis,吉首紫菀,,,,,,,no_image
87509,Aster souliei,缘毛紫菀,,,,,,,no_image
87487,Aster pycnophyllus,密叶紫菀,,,,,,,no_image
87555,Asterella wallichiana,瓦氏花萼苔,,,,,,,no_image
87533,Aster velutinosus,毡毛紫菀,,,,,,,no_image
143835,Asteridiella cyclobalanapsicola,,,,,,,,no_image
143855,Asteridiella knemae,,,,,,,,no_image
143875,Asteridiella sloaneae,,,,,,,,no_image
131668,Asterina brandisiae,,,,,,,,no_image
131687,Asterina decipiens,,,,,,,,no_image
131707,Asterina heterostemmatis,,,,,,,,no_image
131726,Asterina machili,,,,,,,,no_image
1275,Asterina pectinifera,海燕,,,,,,,no_image
131764,Asterina trichosanthis,,,,,,,,no_image
3190,Asterodiscides elegans,秀丽星盘海星,,,,,,,no_image
73390,Asterorhombus intermedius,中间角鲆,,,,,,,no_image
87574,Astilbe rubra,腺萼落新妇,,,,,,,no_image
23799,Asthena nymphaeata,睡莲白尺蛾,,,,,,,no_image
149422,Astraeus koreanus,朝鲜硬皮地星,,,,,,,no_image
87594,Astragalus arbuscula,木黄芪,,,,,,,no_image
87638,Astragalus chagyabensis,察雅黄芪,,,,,,,no_image
87616,Astragalus bhotanensis,地八角,,,,,,,no_image
87658,Astragalus concretus,合生黄芪,,,,,,,no_image
87713,Astragalus euchlorus,深绿黄芪,,,,,,,no_image
87688,Astragalus depauperatus,疆北黄芪,,,,,,,no_image
87761,Astragalus hegingensis,和靖黄芪,,,,,,,no_image
87737,Astragalus gongliuensis,巩留黄芪,,,,,,,no_image
87784,Astragalus karkarensis,霍城黄芪,,,,,,,no_image
87805,Astragalus lanzhouensis,兰州黄芪,,,,,,,no_image
87827,Astragalus liuaiminii,爱民黄芪,,,,,,,no_image
87851,Astragalus marinus,海滨黄芪,,,,,,,no_image
87878,Astragalus moupinensis,天全黄芪,,,,,,,no_image
87898,Astragalus nobilis,华贵黄芪,,,,,,,no_image
87918,Astragalus pamirensis,帕米尔黄芪,,,,,,,no_image
87943,Astragalus porphyrocalyx,紫萼黄芪,,,,,,,no_image
87963,Astragalus retusifoliatus,凹叶黄芪,,,,,,,no_image
87988,Astragalus sedaensis,色达黄芪,,,,,,,no_image
88009,Astragalus stipulatus,大托叶黄芪,,,,,,,no_image
88035,Astragalus tenuis,细叶黄芪,,,,,,,no_image
88060,Astragalus vaginatus,鞘叶黄芪,,,,,,,no_image
88080,Astragalus xiaojinensis,小金黄芪,,,,,,,no_image
73394,Astronesthes formosana,台湾星衫鱼,,,,,,,no_image
88102,Astragalus zhouquinus,舟曲黄芪,,,,,,,no_image
133351,Astrosphaeriella minima,,,,,,,,no_image
23829,Asura esmia,褐脉艳苔蛾,,,,,,,no_image
23850,Asura undulosa,波纹艳苔蛾,,,,,,,no_image
23870,Asyndetus mutatus,变换隐脉长足虻,,,,,,,no_image
88120,Atalantia guillauminii,大果酒饼簕,,,,,,,no_image
73404,Atelomycterus marmoratus,白斑斑鲨,,,,,,,no_image
148789,Athelia laxa,梳毛阿泰菌,,,,,,,no_image
88125,Athalamia pinguis,高山苔,,,,,,,no_image
23906,Atherigona exigua,短柄芒蝇,,,,,,,no_image
23926,Atherigona punctata,点芒蝇,,,,,,,no_image
23941,Atheta acrotonotheca,,,,,,,,no_image
23961,Atheta bicoloricornis,,,,,,,,no_image
23981,Atheta dalijiensis,,,,,,,,no_image
24001,Atheta foliacea,,,,,,,,no_image
24022,Atheta hailuogouensis,,,,,,,,no_image
24042,Atheta iperintroflexa,,,,,,,,no_image
24062,Atheta lewisiana,,,,,,,,no_image
24082,Atheta micromega,,,,,,,,no_image
24102,Atheta nitouensis,,,,,,,,no_image
24122,Atheta persimplex,,,,,,,,no_image
24142,Atheta robustina,,,,,,,,no_image
24162,Atheta shaluliopaca,,,,,,,,no_image
24204,Atheta subsplendens,,,,,,,,no_image
24182,Atheta sinosulcata,,,,,,,,no_image
24224,Atheta tricoloroides,,,,,,,,no_image
24244,Atheta zhagaensis,,,,,,,,no_image
24264,Athetis pallustris,干委夜蛾,,,,,,,no_image
24284,Athylia horishensis,,,,,,,,no_image
88151,Athyrium chungtienense,中甸蹄盖蕨,,,,,,,no_image
88131,Athyrium adscendens,斜羽蹄盖蕨,,,,,,,no_image
88178,Athyrium dubium,毛翼蹄盖蕨,,,,,,,no_image
88225,Athyrium nanyueense,南岳蹄盖蕨,,,,,,,no_image
88198,Athyrium infrapuberulum,凌云蹄盖蕨,,,,,,,no_image
88249,Athyrium schizochlamys,睫毛盖假冷蕨,,,,,,,no_image
88271,Athyrium wangii,启无蹄盖蕨,,,,,,,no_image
24335,Atimia chinensis,,,,,,,,no_image
24355,Atkinsoniella changae,常氏条大叶蝉，新种,,,,,,,no_image
24375,Atkinsoniella heae,何氏条大叶蝉，新种,,,,,,,no_image
24395,Atkinsoniella nigridorsum,黑胸条大叶蝉,,,,,,,no_image
24415,Atkinsoniella transifasciata,横带条大叶蝉，新种,,,,,,,no_image
24435,Atlanticus hoffmanni,贺氏寰螽,,,,,,,no_image
24451,Atopolinus fellowesi,,,,,,,,no_image
24471,Atopolinus rubescens,,,,,,,,no_image
88301,Atraphaxis spinosa,刺木蓼,,,,,,,no_image
24508,Atractomorpha sagittaris,令箭负蝗,,,,,,,no_image
24491,Atopolinus xizang,,,,,,,,no_image
24530,Atrichopogon capistratus,笼罩裸蠓,,,,,,,no_image
24550,Atrichopogon haemorrhoidalis,血红裸蠓,,,,,,,no_image
24570,Atrichopogon minimus,矮小裸蠓,,,,,,,no_image
24590,Atrichopogon rhiphidus,扇形裸蠓,,,,,,,no_image
24610,Atrichopogon varius,异样裸蠓,,,,,,,no_image
24636,Atrophaneura zaleuca,窄曙凤蝶,,,,,,,no_image
73421,Atrobucca nibe,黑姑鱼,,,,,,,no_image
4739,Atrina penna,羽状江珧,,,,,,,no_image
73425,Atule mate,游鳍叶鲹,,,,,,,no_image
11965,Atypus flexus,弯地蛛,,,,,,,no_image
88360,Audouinella attenuata,渐尖旋体藻,,,,,,,no_image
24672,Auchenomus huai,东实纳苔螋,,,,,,,no_image
4766,Atylus minikoi,小鼻钩虾,,,,,,,no_image
24721,Aulocera magica,四射林眼蝶,,,,,,,no_image
6765,Aulacolambrus whitei,怀氏凹唇紧握蟹,,,,,,,no_image
24702,Aularches miliaris,黄星蝗,,,,,,,no_image
88380,Audouinella tenuissima,细枝旋体藻,,,,,,,no_image
148813,Auricularia auricula,黑木耳,,,,,,,no_image
15657,Australobius nodulus,多节石蜈蚣,,,,,,,no_image
148833,Auricularia tenuis,薄肉木耳,,,,,,,no_image
24737,Austroclimaciella quadrituberculata,四瘤澳蜂螳蛉,,,,,,,no_image
24754,Austrophorocera hirsuta,毛瓣奥蜉寄蝇,,,,,,,no_image
134927,Autoicomyces chinensis,,,,,,,,no_image
73438,Auxis thazard,,,,,,,,no_image
24791,Aventiola pusilla,燕夜蛾,,,,,,,no_image
88408,Avrainvillea lacerata,裂片绒扇藻,,,,,,,no_image
73449,Axis porcinus,豚鹿,,,,,,,no_image
88423,Azolla pinnata,羽叶满江红,,,,,,,no_image
73455,Aythya marila,斑背潜鸭,,,,,,,no_image
17545,Babelomurex indicus,印度塔肩棘螺,,,,,,,no_image
24830,Bacanius collettei,科氏小齿阎甲,,,,,,,no_image
24850,Bacchisa klapperichi,,,,,,,,no_image
24880,Bactrocera Drew,泰国果实蝇,,,,,,,no_image
136501,Bacidia medialis,淡盘杆孢衣,,,,,,,no_image
24878,Bactrocera diversa,异颜果实蝇,,,,,,,no_image
24899,Bactrocera lipsanus,丽普果实蝇,,,,,,,no_image
24919,Bactrocera pseudoscutellata,拟宽带果实蝇,,,,,,,no_image
24939,Bactrocera variabilis,异色果实蝇,,,,,,,no_image
15245,Badumna tangae,唐氏社蛛,,,,,,,no_image
24970,Baeocera lindae,,,,,,,,no_image
135147,Baeomyces acicularis,,,,,,,,no_image
24997,Baeoura inaequiarmata,歧燥大蚊,,,,,,,no_image
25005,Baizongia sensucolpia,多感角瘿绵蚜,,,,,,,no_image
88442,Balanophora elongata,长枝蛇菰,,,,,,,no_image
7096,Balanophyllia cumingii,古氏锥形珊瑚,,,,,,,no_image
25015,Balbillus diaoluoshanensis,吊罗山缺缘叶蝉,,,,,,,no_image
73482,Balitora nujiangensis,怒江爬鳅,,,,,,,no_image
88480,Bambusa burmanica,缅甸竹,,,,,,,no_image
88507,Bambusa glabrovagina,光鞘石竹,,,,,,,no_image
25032,Baltia shawii,莎侏粉蝶,,,,,,,no_image
88539,Bambusa pallida,大薄竹,,,,,,,no_image
88562,Bambusa subtruncata,信宜石竹,,,,,,,no_image
25043,Bambusaspis disiunctus,罗竹斑链蚧,,,,,,,no_image
25060,Bambusiphaga huangi,黄氏竹飞虱,,,,,,,no_image
73499,Bangana dero,墨脱孟加拉鲮,,,,,,,no_image
73511,Banjos banjos,寿鱼,,,,,,,no_image
25080,Bannatettix longicornia,长角版纳蚱,,,,,,,no_image
73513,Barathronus maculatus,棕斑盲鼬鳚,,,,,,,no_image
88605,Barbilophozia lycopodioides,阔叶细裂瓣苔,,,,,,,no_image
2258,Barbatia stearnsi,细须蚶,,,,,,,no_image
140378,Barlaea cinnabarina,,,,,,,,no_image
88622,Barbula pseudo-ehrenbergii,拟石灰藓,,,,,,,no_image
88641,Bartramia halleriana,亮叶珠藓,,,,,,,no_image
88633,Barleria strigosa,紫萼假杜鹃,,,,,,,no_image
88648,Bashania fargesii,巴山木竹,,,,,,,no_image
25119,Basilepta cribrithorax,四川角胸肖叶甲,,,,,,,no_image
25159,Basilepta punctatostriolata,行列角胸肖叶甲,,,,,,,no_image
25139,Basilepta laevigata,光角胸肖叶甲,,,,,,,no_image
14762,Bassaniana decorata,美丽巴蟹蛛,,,,,,,no_image
25179,Basilia neamericana,旧巴氏蛛蝇,,,,,,,no_image
25237,Bathanthidium atriceps,黑足伟黄斑蜂,,,,,,,no_image
25218,Bassus lanyuensis,兰屿闭腔茧蜂,,,,,,,no_image
73549,Bathycongrus castlei,克氏深海康吉鳗,,,,,,,no_image
73537,Bassozetus multispinis,多棘索深鼬鳚,,,,,,,no_image
8366,Bathygyge grandis,大深海鳃虱,,,,,,,no_image
14046,Bathyphantes menyuanensis,门源指蛛,,,,,,,no_image
5456,Bathytellina citrocarnea,深海樱蛤,,,,,,,no_image
25251,Batocera roylii,,,,,,,,no_image
25280,Batriplica algon,,,,,,,,no_image
25260,Batraxis frontalis,,,,,,,,no_image
25320,Batrisus sibiricus,,,,,,,,no_image
88689,Bazzania conophylla,圆叶鞭苔,,,,,,,no_image
25300,Batrisodes abdominalis,,,,,,,,no_image
25322,Bayadera bidentata,二齿尾溪蟌,,,,,,,no_image
88709,Bazzania tiaoloensis,吊罗鞭苔,,,,,,,no_image
18498,Beauchampiella eudactylota,长趾小蒲氏轮虫,,,,,,,no_image
141760,Beauveria brongniartii,,,,,,,,no_image
88731,Beesia deltophylla,角叶铁破锣,,,,,,,no_image
88753,Begonia auritistipula,耳托秋海棠,,,,,,,no_image
88773,Begonia chingii,凤山秋海棠,,,,,,,no_image
88793,Begonia daxinensis,大新秋海棠,,,,,,,no_image
88813,Begonia fangii,方氏秋海棠,,,,,,,no_image
88867,Begonia hymenophylloides,假膜叶秋海棠,,,,,,,no_image
88842,Begonia guangdongensis,广东秋海棠,,,,,,,no_image
88907,Begonia megalophyllaria,大叶秋海棠,,,,,,,no_image
88887,Begonia longgangensis,弄岗秋海棠,,,,,,,no_image
88931,Begonia oyuniae,奥云氏秋海棠,,,,,,,no_image
88957,Begonia pseudodryadis,假厚叶秋海棠,,,,,,,no_image
88997,Begonia silletensis,,,,,,,,no_image
88977,Begonia rockii,滇缅秋海棠,,,,,,,no_image
89038,Begonia zhongyangiana,钟扬秋海棠,,,,,,,no_image
89057,Beilschmiedia henghsienensis,横县琼楠,,,,,,,no_image
89018,Begonia tsoongii,观光秋海棠,,,,,,,no_image
89079,Beilschmiedia rufohirtella,红毛琼楠,,,,,,,no_image
1512,Belbolla stenocephalum,狭头多管球线虫,,,,,,,no_image
15231,Belisana dian,滇贝尔蛛,,,,,,,no_image
15131,Belisana yangxiaodongi,杨效东贝尔蛛,,,,,,,no_image
15051,Belisana menghai,勐海贝尔蛛,,,,,,,no_image
25360,Bellardia peopedana,短阳陪丽蝇,,,,,,,no_image
136673,Bellemerea cupreoatra,铜黑锈盘衣,,,,,,,no_image
6280,Bemlos longisetis,长毛舟钩虾,,,,,,,no_image
89095,Belostemma hirsutum,箭药藤,,,,,,,no_image
25392,Belocera sinensis,中华簇角飞虱,,,,,,,no_image
25418,Bengalia weii,魏氏孟蝇,,,,,,,no_image
2219,Bentharca asperula,深底蚶,,,,,,,no_image
89134,Berberis bowashanensis,波瓦山小檗,,,,,,,no_image
89112,Berberis agricola,暗红小檗,,,,,,,no_image
89156,Berberis crassilimba,厚檐小檗,,,,,,,no_image
89178,Berberis everestiana,珠峰小檗,,,,,,,no_image
89227,Berberis jamesiana,川滇小檗,,,,,,,no_image
89206,Berberis hayatana,南湖小檗,,,,,,,no_image
89249,Berberis lecomtei,光叶小檗,,,,,,,no_image
89291,Berberis pingbaensis,平坝小檗,,,,,,,no_image
89269,Berberis morrisonensis,玉山小檗,,,,,,,no_image
89313,Berberis reticulinervis,芒康小檗,,,,,,,no_image
89336,Berberis taronensis,独龙小檗,,,,,,,no_image
89378,Berberis yiliangensis,彝良小檗,,,,,,,no_image
89356,Berberis vernalis,春小檗,,,,,,,no_image
89402,Berchemia huana,大叶勾儿茶,,,,,,,no_image
89431,Bergia capensis,大叶田繁缕,,,,,,,no_image
25449,Berotha chouioi,周尧鳞蛉,,,,,,,no_image
25443,Beris trilobata,三叶柱角水虻,,,,,,,no_image
25467,Bertula dentilinea,锯拟胸须夜蛾,,,,,,,no_image
25479,Besaia bryki,毕枯舟蛾,,,,,,,no_image
25501,Besaia plusioides,普偶舟蛾,,,,,,,no_image
25522,Betacallis prunicola,四川桦斑蚜,,,,,,,no_image
89443,Betonica officinalis,药水苏,,,,,,,no_image
89473,Betula honanensis,豫白桦,,,,,,,no_image
89502,Betula utilis,糙皮桦,,,,,,,no_image
25558,Bezzia crista,冠毛贝蠓,,,,,,,no_image
25598,Bezzia zhangxingwangi,张兴旺贝蠓,,,,,,,no_image
25578,Bezzia myrmedon,蚁冢贝蠓,,,,,,,no_image
25642,Bibio acerbus,尖突毛蚊,,,,,,,no_image
4985,Bhawania cryptocephala,扇卷虫,,,,,,,no_image
4747,Biancolina algicola,藻肠形钩虾,,,,,,,no_image
25662,Bibio flavifemoralis,黄腿毛蚊,,,,,,,no_image
25682,Bibio liratus,脊毛蚊,,,,,,,no_image
25703,Bibio tianmuanus,天目山毛蚊,,,,,,,no_image
89520,Bidens pilosa,鬼针草,,,,,,,no_image
1648,Biflustra falsitenuis,假薄壁别藻苔虫,,,,,,,no_image
139133,Bifusella cunninghamiicola,杉生小双梭孢盘菌,,,,,,,no_image
89541,Biondia revoluta,卷冠秦岭藤,,,,,,,no_image
25731,Billaea triangulifera,角斑篦寄蝇,,,,,,,no_image
89545,Biophytum reinwardtii,长梗感应草,,,,,,,no_image
134026,Bipolaris homomorphus,,,,,,,,no_image
25740,Biprocessa shielda,盾斑双突叶蝉,,,,,,,no_image
25764,Bireta rapinae,小角瓣舟蛾,,,,,,,no_image
144547,Biscogniauxia citriformis,,,,,,,,no_image
89568,Bistorta milletii,大海蓼,,,,,,,no_image
15572,Bisetocreagris wangi,王氏双毛肉伪蝎,,,,,,,no_image
138228,Bisporella citrina,橘色小双孢盘菌,,,,,,,no_image
25797,Bittacomorphella zhaotongensis,昭通幻褶蚊,,,,,,,no_image
25805,Blaesoxipha hirtithorax,毛胸折麻蝇,,,,,,,no_image
25820,Blamada rubripronota,,,,,,,,no_image
25844,Blaps davidis,达氏琵甲,,,,,,,no_image
25868,Blaps kashgarensis,喀什琵甲,,,,,,,no_image
25889,Blaps reflexa,弯背琵甲,,,,,,,no_image
155251,Blastocladia gracilis,纤细芽枝霉,,,,,,,no_image
25911,Blaps virgo,狭窄琵甲,,,,,,,no_image
25928,Blastothrix speciosa,美丽花角跳小蜂,,,,,,,no_image
25931,Bledius bicornis,,,,,,,,no_image
25952,Bledius obscurus,,,,,,,,no_image
73646,Blenniella chrysospilos,红点真动齿鳚,,,,,,,no_image
25985,Blepharella tenuparafacialis,狭颜睫寄蝇,,,,,,,no_image
26005,Blepharipa albocincta,白带饰腹寄蝇,,,,,,,no_image
26024,Blepharita draudti,德毛眼夜蛾,,,,,,,no_image
26039,Blepharosis paspa,黍睫冬夜蛾,,,,,,,no_image
89611,Bletilla guizhouensis,贵州白及,,,,,,,no_image
89624,Blumea axillaris,柔毛艾纳香,,,,,,,no_image
89644,Blumea oxyodonta,尖齿艾纳香,,,,,,,no_image
73663,Bodianus macrourus,黑带普提鱼,,,,,,,no_image
89662,Blyxa japonica,水筛,,,,,,,no_image
89680,Boehmeria hamiltoniana,细序苎麻,,,,,,,no_image
89728,Boesenbergia maxwellii,大花凹唇姜,,,,,,,no_image
89710,Boeica clarkei,墨脱短筒苣苔,,,,,,,no_image
73674,Boiga kraepelini,绞花林蛇,,,,,,,no_image
89750,Bolbitis rhizophylla,根叶刺蕨,,,,,,,no_image
89758,Bolboschoenus affinis,球穗三棱草,,,,,,,no_image
148930,Boletellus vulgaris,普通条孢牛肝菌,,,,,,,no_image
148910,Boletellus jalapensis,贾地条孢牛肝菌,,,,,,,no_image
149553,Boletinus castanellus,栗褐小牛肝菌,,,,,,,no_image
148955,Boletus brunneirubens,褐红牛肝菌,,,,,,,no_image
152644,Boletopsis subsquamosa,亚鳞拟牛肝菌,,,,,,,no_image
148975,Boletus dimocarpicola,龙眼牛肝菌,,,,,,,no_image
148995,Boletus gansuensis,甘肃牛肝菌,,,,,,,no_image
149075,Boletus roseobadius,近亲密牛肝菌,,,,,,,no_image
149055,Boletus pseudosulphureus,硫色牛肝菌,,,,,,,no_image
149015,Boletus lipsiensis,,,,,,,,no_image
149035,Boletus odaiensis,大台原牛肝菌,,,,,,,no_image
149095,Boletus smithii,,,,,,,,no_image
149115,Boletus thibetanus,西藏牛肝菌,,,,,,,no_image
73681,Bolinichthys longipes,长鳍虹灯鱼,,,,,,,no_image
26100,Bolitogyrus hainanensis,,,,,,,,no_image
26120,Bolivaritettix ghumtianus,古姆波蚱,,,,,,,no_image
26141,Bombylius candidus,亮白蜂虻,,,,,,,no_image
89768,Bombax ceiba,木棉,,,,,,,no_image
26161,Bomolocha albopunctalis,白斑卜夜蛾,,,,,,,no_image
89774,Bonia parvifloscula,小花单枝竹,,,,,,,no_image
26173,Borborillus uncinatus,钩泥小粪蝇,,,,,,,no_image
26185,Boreophorbia hirtipes,毛足草种蝇,,,,,,,no_image
137594,Borrera camtschadalis,,,,,,,,no_image
26221,Botanophila chui,朱氏植种蝇,,,,,,,no_image
26241,Botanophila euryisurstyla,阔叶植种蝇,,,,,,,no_image
26201,Botanophila amedialis,无中突植种蝇,,,,,,,no_image
26261,Botanophila latigena,宽额植种蝇,,,,,,,no_image
26281,Botanophila nigribella,黑丽植种蝇,,,,,,,no_image
26301,Botanophila pulvinata,端片植种蝇,,,,,,,no_image
26341,Botanophila tuxeni,叉裂植种蝇,,,,,,,no_image
26321,Botanophila spinulibasis,棘基植种蝇,,,,,,,no_image
89809,Bothriospermum longistylum,长柱斑种草,,,,,,,no_image
26367,Bothrogonia indistincta,长斑黑尾大叶蝉,,,,,,,no_image
26387,Bothrogonia tongmaiana,通凹大叶蝉,,,,,,,no_image
73705,Botia berdmorei,缅甸沙鳅,,,,,,,no_image
149649,Botryobasidium intertextum,,,,,,,,no_image
149662,Botryohypochnus bondarcevii,,,,,,,,no_image
138905,Botrytis aclada,,,,,,,,no_image
138925,Botrytis squamosa,,,,,,,,no_image
7418,Bougainvillia muscus,茎鲍螅水母,,,,,,,no_image
73725,Boulenophrys cheni,陈氏角蟾,,,,,,,no_image
73745,Boulenophrys jiangi,江氏角蟾,,,,,,,no_image
73765,Boulenophrys ombrophila,雨神角蟾,,,,,,,no_image
89829,Bouteloua gracilis,格兰马草,,,,,,,no_image
73785,Boulenophrys xuefengmontis,雪峰山角蟾,,,,,,,no_image
89830,Bowringia callicarpa,藤槐,,,,,,,no_image
89841,Brachiaria ramosa,多枝臂形草,,,,,,,no_image
73792,Brachiones przewalskii,短耳沙鼠,,,,,,,no_image
18589,Brachionus sessilis,着生臂尾轮虫,,,,,,,no_image
16200,Brachycybe cooki,,,,,,,,no_image
17303,Brachylaima fuscatum,暗黑短咽吸虫,,,,,,,no_image
73806,Brachypteryx goodfellowi,台湾蓝短翅鸫,,,,,,,no_image
26466,Brachypogon nanchuanensis,南川短蠓,,,,,,,no_image
89869,Brachymenium sinense,中华短月藓,,,,,,,no_image
89873,Brachypodium pinnatum,羽状短柄草,,,,,,,no_image
73815,Brachysomophis henshawi,亨氏短体蛇鳗,,,,,,,no_image
26501,Brachyta interrogationis,,,,,,,,no_image
89906,Brachythecium pendulum,悬垂青藓,,,,,,,no_image
89886,Brachythecium campestre,田野青藓,,,,,,,no_image
17604,Bradybaena carphochroa,谷皮巴蜗牛,,,,,,,no_image
26524,Bradysia basalimedia,基中迟眼蕈蚊,,,,,,,no_image
89926,Brachythecium turgidum,膨叶青藓,,,,,,,no_image
26544,Bradysia cryptacantha,隐刺迟眼蕈蚊,,,,,,,no_image
26584,Bradysia longitoma,长鞭迟眼蕈蚊,,,,,,,no_image
26564,Bradysia guizhouana,贵州迟眼蕈蚊,,,,,,,no_image
26624,Bradysia tianzei,天则迟眼蕈蚊,,,,,,,no_image
26604,Bradysia parvispina,对刺迟眼蕈蚊,,,,,,,no_image
1138,Branchiosyllis exilis,钩毛鳃裂虫,,,,,,,no_image
26644,Bradysia yangi,杨氏迟眼蕈蚊,,,,,,,no_image
89974,Brassaiopsis tripteris,三叶罗伞,,,,,,,no_image
89954,Brassaiopsis ciliata,假通草,,,,,,,no_image
90004,Braya piasezkii,窄叶蚓果芥,,,,,,,no_image
26668,Brevicopius jianfenglingensis,尖峰岭短额瓢蜡蝉,,,,,,,no_image
90024,Bredia hirsuta,日本野海棠,,,,,,,no_image
73848,Bregmaceros japonicus,日本犀鳕,,,,,,,no_image
90059,Bridelia balansae,禾串树,,,,,,,no_image
9928,Brevipalpus theae,,,,,,,,no_image
26684,Brinckochrysa turgidua,膨板边草蛉,,,,,,,no_image
26701,Brithys pancratii,健夜蛾,,,,,,,no_image
13615,Brommella wangfengcheni,王氏布朗蛛,,,,,,,no_image
90107,Bromus ramosus,类雀麦,,,,,,,no_image
90087,Bromus inermis,无芒雀麦,,,,,,,no_image
26705,Brontaea genurufoides,拟黄膝裸圆蝇,,,,,,,no_image
73855,Brotula multibarbata,多须鼬鳚,,,,,,,no_image
26718,Brunettia subdisiunctio,离眼黑蛾蠓,,,,,,,no_image
26730,Bryaxis heilongjiangensis,,,,,,,,no_image
26750,Bryaxis tarokanus,,,,,,,,no_image
26762,Bryocoris formosensis,台湾蕨盲蝽,,,,,,,no_image
26781,Bryodema hyalinala,透翅痂蝗,,,,,,,no_image
9694,Bryobia latisetae,,,,,,,,no_image
90175,Bryoerythrophyllum recurvirostrum,红叶藓,,,,,,,no_image
26817,Bryophaenocladius xinglongensis,兴隆苔摇蚊,,,,,,,no_image
135833,Bryoria cornicularioides,类角小孢发,,,,,,,no_image
26825,Bryothinusa fluenta,,,,,,,,no_image
90210,Bryum calophyllum,卵叶真藓,,,,,,,no_image
90232,Bryum ochianum,灰白真藓,,,,,,,no_image
73863,Bubo bubo,雕鸮,,,,,,,no_image
90258,Buchanania yunnanensis,云南山檨子,,,,,,,no_image
17078,Bucephalopsis pseudobagri,黄颡似牛首吸虫,,,,,,,no_image
90276,Buddleja asiatica,白背枫,,,,,,,no_image
90298,Buddleja officinalis,密蒙花,,,,,,,no_image
135176,Buellia morsina,,,,,,,,no_image
73881,Buergeria choui,周氏溪树蛙,,,,,,,no_image
8604,Bufonaria gnorima,玉珠赤蛙螺,,,,,,,no_image
90319,Bulbophyllum brevispicatum,短序石豆兰,,,,,,,no_image
851,Bugula subglobosa,球形草苔虫,,,,,,,no_image
90359,Bulbophyllum henanense,河南卷瓣兰,,,,,,,no_image
90339,Bulbophyllum dulongjiangense,独龙江石豆兰,,,,,,,no_image
90380,Bulbophyllum lipingtaoi,秉滔卷瓣兰,,,,,,,no_image
90420,Bulbophyllum rufinum,窄苞石豆兰,,,,,,,no_image
90400,Bulbophyllum pecten-veneris,斑唇卷瓣兰,,,,,,,no_image
90440,Bulbophyllum thaiorum,泰国卷瓣兰,,,,,,,no_image
90460,Bulbophyllum yunxiaoense,云霄卷瓣兰,,,,,,,no_image
154650,Bullera kunmingensis,,,,,,,,no_image
26844,Bundera emeiana,峨眉斜脊叶蝉,,,,,,,no_image
7960,Bunodactis inornata,朴素小丘海葵,,,,,,,no_image
17554,Buliminopsis buliminus,拟锥螺,,,,,,,no_image
90490,Bupleurum exaltatum,新疆柴胡,,,,,,,no_image
26859,Burksiella acuminata,尖棒类广赤眼蜂,,,,,,,no_image
90520,Bupleurum polyclonum,多枝柴胡,,,,,,,no_image
90540,Burmannia coelestis,三品一枝花,,,,,,,no_image
8621,Bursa ranelloides,小白蛙螺,,,,,,,no_image
90555,Butomus umbellatus,花蔺,,,,,,,no_image
6064,Byblis brachyura,短尾沙钩虾,,,,,,,no_image
90580,Buxus rugulosa,皱叶黄杨,,,,,,,no_image
1633,Cabira incerta,钩虫,,,,,,,no_image
6029,Byblis serrata,锯齿沙钩虾,,,,,,,no_image
133767,Byssosphaeria alnea,,,,,,,,no_image
26927,Cacoxenus vlasovi,符氏异果蝇,,,,,,,no_image
90598,Caelospermum truncatum,穴果木,,,,,,,no_image
10439,Calacarus cinerascens,,,,,,,,no_image
26945,Cagosima sanguinolenta,,,,,,,,no_image
90639,Calamus oxycarpus,尖果省藤,,,,,,,no_image
26956,Calamoncosis sorella,堆芦苇秆蝇,,,,,,,no_image
90659,Calanthe aristulifera,翘距虾脊兰,,,,,,,no_image
90702,Calanthe taibaishanensis,太白山虾脊兰,,,,,,,no_image
90680,Calanthe lechangensis,乐昌虾脊兰,,,,,,,no_image
3776,Calappa clypeata,盾形馒头蟹,,,,,,,no_image
5236,Calcinus pulcher,美丽硬壳寄居蟹,,,,,,,no_image
6136,Calaxius acutirostris,尖额丽阿蛄虾,,,,,,,no_image
10049,Calepitrimerus dendrobenthamiae,,,,,,,,no_image
10623,Calepitrimerus sabinae,,,,,,,,no_image
135201,Calicium quercinum,,,,,,,,no_image
73969,Calidris ferruginea,弯嘴滨鹬,,,,,,,no_image
26989,Calinaga buddha,绢蛱蝶,,,,,,,no_image
73984,Callacanthis burtoni,红眉金翅雀,,,,,,,no_image
90795,Callicarpa longibracteata,长苞紫珠,,,,,,,no_image
90746,Calliandra riparia,小朱缨花,,,,,,,no_image
90735,Callerya nitida,亮叶鸡血藤,,,,,,,no_image
90764,Callicarpa brevipes,短柄紫珠,,,,,,,no_image
90821,Callicarpa siongsaiensis,上狮紫珠,,,,,,,no_image
90840,Calligonum arborescens,乔木状沙拐枣,,,,,,,no_image
90860,Calligonum zaidamense,柴达木沙拐枣,,,,,,,no_image
27044,Callidium piceonotatum,,,,,,,,no_image
73991,Callionymus beniteguri,本氏[鱼衔],,,,,,,no_image
74011,Callionymus variegatus,曳丝[鱼衔],,,,,,,no_image
27095,Callipteroma sexguttata,五斑佳丽跳小蜂,,,,,,,no_image
27074,Calliphora grunini,格鲁宁丽蝇,,,,,,,no_image
27119,Callispa flaveola,淡黄丽甲,,,,,,,no_image
27137,Callistege mi,欧夜蛾,,,,,,,no_image
90870,Callitriche glareosa,西藏水马齿,,,,,,,no_image
27150,Calliteara horsfieldi,无忧花丽毒蛾,,,,,,,no_image
74021,Callogobius clitellus,鞍美鰕虎,,,,,,,no_image
27183,Callopistria aethiops,埃散纹夜蛾,,,,,,,no_image
2501,Callopora horridoidea,仿突丽苔虫,,,,,,,no_image
27217,Callopsylla qinghaiensis,青海盖蚤,,,,,,,no_image
74036,Callosciurus phayrei,黄足松鼠,,,,,,,no_image
6139,Calocarides chani,陈氏秀阿蛄虾,,,,,,,no_image
146992,Calocybe ionides,紫皮丽蘑,,,,,,,no_image
141984,Calonectria brachiatica,,,,,,,,no_image
142004,Calonectria pseudocolhounii,,,,,,,,no_image
137598,Caloplaca arenaria,砂岩淡平衣,,,,,,,no_image
137638,Caloplaca paulsenii,把森氏橙衣,,,,,,,no_image
137618,Caloplaca diphyodes,双生橙衣,,,,,,,no_image
149403,Calostoma hunanense,湖南丽口包,,,,,,,no_image
142524,Calothyriopeltis capparidis,,,,,,,,no_image
90907,Caltha palustris,驴蹄草,,,,,,,no_image
145151,Calvatia maxima,,,,,,,,no_image
138242,Calycella subpallida,,,,,,,,no_image
138455,Calycina populina,,,,,,,,no_image
90932,Calymperes serratum,齿边花叶藓,,,,,,,no_image
27255,Calyptopogon gibbosus,驼背鞘蠓,,,,,,,no_image
90964,Calystegia hederacea,打碗花,,,,,,,no_image
146368,Camarophyllus subviolaceus,,,,,,,,no_image
90988,Camellia caudata,长尾毛蕊茶,,,,,,,no_image
91044,Camellia ilicifolia,冬青叶山茶,,,,,,,no_image
91015,Camellia flavida,淡黄金花茶,,,,,,,no_image
91076,Camellia microphylla,细叶短柱茶,,,,,,,no_image
9054,Camisia biurus,双尾洼甲螨,,,,,,,no_image
91107,Camellia pyxidiacea,三江瘤果茶,,,,,,,no_image
91136,Camellia transarisanensis,阿里山连蕊茶,,,,,,,no_image
11532,Campanicola formosana,台湾钟纺蛛,,,,,,,no_image
91178,Campanula omeiensis,峨眉风铃草,,,,,,,no_image
27283,Campiglossa confinis,康斑翅实蝇,,,,,,,no_image
91193,Camphora longepaniculata,油樟,,,,,,,no_image
27303,Campiglossa luxorientis,黄褐斑翅实蝇,,,,,,,no_image
15345,Camptoscaphiella sinensis,中华拟巨膝蛛,,,,,,,no_image
27323,Campiglossa tessellata,苣荬菜斑翅实蝇,,,,,,,no_image
27336,Camptochaeta consimilis,极似屈眼蕈蚊,,,,,,,no_image
91228,Campylium stellatum,仰叶细湿藓,,,,,,,no_image
91238,Campylopus flexuosus,曲柄藓,,,,,,,no_image
142529,Campylospora chaetocladia,,,,,,,,no_image
27369,Campylotropis jakovlevi,雅氏弯脊盲蝽,,,,,,,no_image
27370,Canalirogas balgooyi,巴尔沟内茧蜂,,,,,,,no_image
91330,Canavalia gladiolata,尖萼刀豆,,,,,,,no_image
142539,Candelabrochaete africana,非洲叠生星毛革菌,,,,,,,no_image
142564,Candida pseudojiufengensis,,,,,,,,no_image
142544,Candida dajiaensis,,,,,,,,no_image
27379,Cania siamensis,泰线刺蛾,,,,,,,no_image
135865,Canoparmelia subtiliacea,亚椴灰梅衣,,,,,,,no_image
149689,Cantharellus amethysteus,紫晶鸡油菌,,,,,,,no_image
149709,Cantharellus lewisii,,,,,,,,no_image
149729,Cantharellus yunnanensis,云南鸡油菌,,,,,,,no_image
132100,Capnodium caespitosum,,,,,,,,no_image
74075,Canthigaster valentini,横带扁背鲀,,,,,,,no_image
91365,Capparis floribunda,少蕊山柑,,,,,,,no_image
2880,Capillaster multiradiatus,多辐毛细星,,,,,,,no_image
91385,Capparis spinosa,刺山柑,,,,,,,no_image
4811,Caprella rhopalochir,棒麦杆虫,,,,,,,no_image
91399,Capsicum annuum,辣椒,,,,,,,no_image
8968,Carabodes rimosus,多缝步甲螨,,,,,,,no_image
91409,Caragana bicolor,二色锦鸡儿,,,,,,,no_image
91466,Caragana nanshuoshanica,南朔山锦鸡儿,,,,,,,no_image
91437,Caragana hebecarpa,华丽豆,,,,,,,no_image
91492,Caragana stipitata,柄荚锦鸡儿,,,,,,,no_image
74104,Carangoides dinema,背点若鲹,,,,,,,no_image
27432,Caraphia huai,,,,,,,,no_image
27448,Carausius sechellensis,,,,,,,,no_image
27462,Carcelia canutipulvera,灰粉狭颊寄蝇,,,,,,,no_image
27482,Carcelia pallensa,苍白狭颊寄蝇,,,,,,,no_image
27502,Carcelina clavipalpis,棒须似颊寄蝇,,,,,,,no_image
27511,Carcinops troglodytes,隐匀点阎甲,,,,,,,no_image
74144,Carcharhinus plumbeus,铅灰真鲨,,,,,,,no_image
91546,Cardamine nipponica,日本碎米荠,,,,,,,no_image
91525,Cardamine hirsuta,粗毛碎米荠,,,,,,,no_image
91573,Cardiocrinum cathayanum,荞麦叶大百合,,,,,,,no_image
91566,Cardamine violacea,堇色碎米荠,,,,,,,no_image
91580,Carduus acanthoides,节毛飞廉,,,,,,,no_image
91588,Carex alba,白鳞薹草,,,,,,,no_image
91638,Carex benkei,东亚薹草,,,,,,,no_image
91613,Carex aristulifera,具芒薹草,,,,,,,no_image
91714,Carex crebra,密生薹草,,,,,,,no_image
91688,Carex chinganensis,兴安薹草,,,,,,,no_image
91660,Carex burttii,伯特薹草,,,,,,,no_image
91762,Carex duanensis,都安薹草,,,,,,,no_image
91736,Carex deciduisquama,落鳞薹草,,,,,,,no_image
91787,Carex filicina,蕨状薹草,,,,,,,no_image
91817,Carex globularis,玉簪薹草,,,,,,,no_image
91838,Carex hebecarpa,疏果薹草,,,,,,,no_image
91858,Carex humida,湿薹草,,,,,,,no_image
91903,Carex laeta,明亮薹草,,,,,,,no_image
91883,Carex jiuhuaensis,九华薹草,,,,,,,no_image
91955,Carex maackii,卵果薹草,,,,,,,no_image
91926,Carex ligulata,舌叶薹草,,,,,,,no_image
91978,Carex melinacra,扭喙薹草,,,,,,,no_image
92028,Carex oblanceolata,矩圆薹草,,,,,,,no_image
92003,Carex muliensis,木里薹草,,,,,,,no_image
92051,Carex ovatispiculata,卵穗薹草,,,,,,,no_image
92075,Carex phaenocarpa,硕果薹草,,,,,,,no_image
92100,Carex prolongata,延长薹草,,,,,,,no_image
92122,Carex puberuliutriculata,微毛囊薹草,,,,,,,no_image
92168,Carex sanjappae,桑加巴薹草,,,,,,,no_image
92142,Carex recurvisaccus,垂果薹草,,,,,,,no_image
92199,Carex setschwanensis,四川嵩草,,,,,,,no_image
92221,Carex stipata,海绵基薹草,,,,,,,no_image
92241,Carex tangulashanensis,唐古拉薹草,,,,,,,no_image
92264,Carex transversa,横果薹草,,,,,,,no_image
92290,Carex vaginosa,发秆嵩草,,,,,,,no_image
1915,Caridina amoyensis,厦门米虾,,,,,,,no_image
92311,Carex yangchunensis,阳春薹草,,,,,,,no_image
2006,Caridina dentifrons,齿额米虾,,,,,,,no_image
1983,Caridina liangi,梁氏米虾,,,,,,,no_image
2010,Caridina venusta,美丽米虾,,,,,,,no_image
1911,Caridina pedicultrata,刀肢米虾,,,,,,,no_image
27547,Carilia glabricollis,,,,,,,,no_image
27568,Carinata bifurcata,端叉脊额叶蝉,,,,,,,no_image
27604,Carinulaenotus motuoensis,墨脱线背蝗,,,,,,,no_image
27588,Carinata nigropictura,黑斑脊额叶蝉,,,,,,,no_image
27610,Caroperla siveci,赛氏蔻(虫责),,,,,,,no_image
27623,Carpelimus formosae,,,,,,,,no_image
27645,Carpelimus pusae,,,,,,,,no_image
92352,Carpesium minus,小花金挖耳,,,,,,,no_image
92372,Carpinus firmifolia,厚叶鹅耳枥,,,,,,,no_image
74165,Carpodacus formosanus,台湾酒红朱雀,,,,,,,no_image
92396,Carpinus purpurinervis,紫脉鹅耳枥,,,,,,,no_image
74205,Carpodacus vinaceus,酒红朱雀,,,,,,,no_image
92431,Carya hunanensis,湖南山核桃,,,,,,,no_image
27669,Carsula brachycerca,短须卡蝗,,,,,,,no_image
10751,Carybdea rastonii,灯水母,,,,,,,no_image
27699,Caryanda haii,柱突卵翅蝗,,,,,,,no_image
8090,Caryophyllia rugosa,皱丁香珊瑚,,,,,,,no_image
92464,Casearia graveolens,烈味脚骨脆,,,,,,,no_image
27726,Cassida deltoides,枸杞龟甲,,,,,,,no_image
27750,Cassida stigmatica,狭胸蓍龟甲,,,,,,,no_image
27773,Castanopsides takaii,淡褐木盲蝽,,,,,,,no_image
92482,Cassiope nana,矮小岩须,,,,,,,no_image
92535,Castanopsis kweichowensis,贵州锥,,,,,,,no_image
92515,Castanopsis echinocarpa,短刺锥,,,,,,,no_image
92555,Castanopsis subuliformis,钻刺锥,,,,,,,no_image
92567,Castilleja pallida,火焰草,,,,,,,no_image
27786,Catallagia striata,凹纹无栉蚤,,,,,,,no_image
134718,Catapyrenium atrocinereum,黑灰鳞核衣,,,,,,,no_image
17599,Cathaica pseudophaeozona,伪黑带华蜗牛,,,,,,,no_image
9863,Catarhinus vulgaris,,,,,,,,no_image
135498,Catillaria kansuensis,,,,,,,,no_image
27821,Catocala juncta,连裳夜蛾,,,,,,,no_image
27845,Catolaccus crassiceps,厚头巨颅金小蜂,,,,,,,no_image
3624,Caudina simile,相似尻参,,,,,,,no_image
841,Caulibugula binata,孪生茎苔虫,,,,,,,no_image
92624,Caulophyllum robustum,红毛七,,,,,,,no_image
92644,Cautleya cathcartii,多花距药姜,,,,,,,no_image
15962,Cawjeekelia nova,,,,,,,,no_image
10366,Cecidophyes tampae,,,,,,,,no_image
27892,Celaenorrhinus pero,黄星弄蝶,,,,,,,no_image
92669,Celastrus hypoleucus,粉背南蛇藤,,,,,,,no_image
27916,Celerio hippophaes,沙枣白眉天蛾,,,,,,,no_image
92697,Celtis koraiensis,大叶朴,,,,,,,no_image
27938,Celyphus difficilis,恼甲蝇,,,,,,,no_image
138252,Cenangium furfuraceum,糠麸薄盘菌,,,,,,,no_image
27958,Celyphus trichoporis,毛窝瓢甲蝇,,,,,,,no_image
9927,Cenopalpus pulcher,,,,,,,,no_image
27979,Centistes guizhouensis,贵州宽鞘茧蜂,,,,,,,no_image
27999,Centorisoma neimengguensis,内蒙古隆盾秆蝇,,,,,,,no_image
92740,Centroceras japonicum,日本纵胞藻,,,,,,,no_image
74258,Centroscyllium kamoharai,蒲原氏霞鲨,,,,,,,no_image
74237,Centrophorus squamosus,叶鳞刺鲨,,,,,,,no_image
28045,Cephalaeschna obversa,暗色头蜓,,,,,,,no_image
28025,Centrotoscelus querneus,栎秃角蝉,,,,,,,no_image
92758,Cephalantheropsis halconensis,铃花黄兰,,,,,,,no_image
18228,Cephalodella mucronata,尾钩巨头轮虫,,,,,,,no_image
28068,Cephalispa leptysmosa,瘦溜秽蝇,,,,,,,no_image
18240,Cephalodella dentata,齿状巨头轮虫,,,,,,,no_image
28083,Cephalops gansuensis,甘肃光头蝇,,,,,,,no_image
92763,Cephalomanes javanicum,爪哇厚叶蕨,,,,,,,no_image
92765,Cephalostachyum chinense,薄竹,,,,,,,no_image
92798,Cephaloziella dentata,粗齿拟大萼苔,,,,,,,no_image
2973,Cephalothrix alba,白细首纽虫,,,,,,,no_image
28106,Cephennodes bicolor,,,,,,,,no_image
28126,Cephennodes guizhouanus,,,,,,,,no_image
28146,Cephennodes monofoveatus,,,,,,,,no_image
28166,Cephennodes simplicipes,,,,,,,,no_image
28186,Cephennomicrus imago,,,,,,,,no_image
28208,Cerace xanthocosma,豹裳卷蛾,,,,,,,no_image
92824,Ceramium vagabunde,笔头仙菜,,,,,,,no_image
2120,Ceradocus nanhaiensis,南海角钩虾,,,,,,,no_image
92828,Cerastium davuricum,达乌里卷耳,,,,,,,no_image
28259,Ceratina esakii,无齿芦蜂,,,,,,,no_image
92855,Cerastium tianschanicum,天山卷耳,,,,,,,no_image
92861,Ceratodictyon spongiosum,伴绵藻,,,,,,,no_image
149666,Ceratobasidium cereale,禾谷角担菌,,,,,,,no_image
6707,Ceratomyxa orientalis,东方角形虫,,,,,,,no_image
28303,Ceratophyllus liae,李氏角叶蚤,,,,,,,no_image
3947,Ceratonereis mirabilis,角沙蚕,,,,,,,no_image
18717,Ceratophysella sinensis,,,,,,,,no_image
141233,Ceratostomella rostrata,,,,,,,,no_image
28330,Ceratovacuna panici,泛粉角蚜,,,,,,,no_image
92876,Ceratopteris shingii,邢氏水蕨,,,,,,,no_image
142583,Cercidospora trypetheliza,,,,,,,,no_image
132378,Cercospora alangii,,,,,,,,no_image
132398,Cercospora apios,,,,,,,,no_image
132418,Cercospora averrhoae,,,,,,,,no_image
132478,Cercospora davisii,,,,,,,,no_image
132438,Cercospora canavaliicola,,,,,,,,no_image
132458,Cercospora chionea,,,,,,,,no_image
132518,Cercospora grandissima,,,,,,,,no_image
132498,Cercospora eupatorii,,,,,,,,no_image
132558,Cercospora lycii,,,,,,,,no_image
132538,Cercospora iridis,,,,,,,,no_image
132578,Cercospora mirabilis,,,,,,,,no_image
132638,Cercospora rodmanii,,,,,,,,no_image
132598,Cercospora palmicola,,,,,,,,no_image
132618,Cercospora polliae-japonicae,,,,,,,,no_image
132678,Cercospora tussilaginis,,,,,,,,no_image
132658,Cercospora smilacigena,,,,,,,,no_image
1154,Cerebratulina darvelli,戴氏脑纽虫,,,,,,,no_image
132698,Cercospora ziziphigena,,,,,,,,no_image
28371,Ceresium sculpticolle,,,,,,,,no_image
150975,Ceriporia leptoderma,小革蜡卧孔菌,,,,,,,no_image
28395,Ceriana formosensis,台湾突角蚜蝇,,,,,,,no_image
3320,Cerithium punctatum,芝麻蟹守螺,,,,,,,no_image
6290,Cerithidea largillierti,尖锥拟蟹守螺,,,,,,,no_image
28409,Cerodontha bisetiorbita,双毛禾角潜蝇,,,,,,,no_image
28429,Cerodontha suturalis,缝角潜蝇,,,,,,,no_image
92911,Ceropegia lucida,亮叶吊灯花,,,,,,,no_image
28443,Ceroplastodes cajani,豆箭蜡蚧,,,,,,,no_image
28460,Ceroxys urticae,荨麻角斑蝇,,,,,,,no_image
7595,Cespitularia coerulea,墨绿密簇软珊瑚,,,,,,,no_image
28482,Cetema sulcifrons,,,,,,,,no_image
135876,Cetraria endocrocea,内黄岛衣,,,,,,,no_image
135911,Cetrelia pseudolivetorum,拟橄榄斑叶,,,,,,,no_image
131643,Chaenotheca cinerea,,,,,,,,no_image
28507,Ceusibia yunnanensis,云南茸足蚤,,,,,,,no_image
135896,Cetraria xizangensis,藏岛衣,,,,,,,no_image
134589,Chaenothecopsis irregularis,,,,,,,,no_image
28526,Chaetexorista ateripalpis,黑须刺蛾寄蝇,,,,,,,no_image
92935,Chaerophyllopsis huae,滇藏细叶芹,,,,,,,no_image
28540,Chaetocladius triquetrus,三角毛突摇蚊,,,,,,,no_image
74343,Chaetodon lineolatus,细纹蝴蝶鱼,,,,,,,no_image
28551,Chaetogonopteron basipunctatum,基斑短跗长足虻,,,,,,,no_image
74363,Chaetodon trifasciatus,三带蝴蝶鱼,,,,,,,no_image
28571,Chaetogonopteron menglonganum,勐龙短跗长足虻,,,,,,,no_image
28591,Chaetolonchaea pellicula,灰粉多鬃尖尾蝇,,,,,,,no_image
92944,Chaetomorpha aerea,气生硬毛藻,,,,,,,no_image
144416,Chaetomium globosum,,,,,,,,no_image
150699,Chaetoporellus krawtzewii,,,,,,,,no_image
28612,Chaetopsylla wangi,王氏鬃蚤,,,,,,,no_image
134294,Chaetothyrium spinigerum,,,,,,,,no_image
138833,Chalara unicolor,,,,,,,,no_image
141243,Chaetosphaeria macrospora,,,,,,,,no_image
28654,Chalcolema chouioi,周氏樟肖叶甲,,,,,,,no_image
28667,Chalcosyrphus amaculatus,无斑桐木蚜蝇,,,,,,,no_image
28685,Chalepa arcania,阿薇舟蛾,,,,,,,no_image
92955,Chamaeanthus wenzelii,低药兰,,,,,,,no_image
92979,Chamaegastrodia vaginata,戟唇叠鞘兰,,,,,,,no_image
92992,Chamaesium jiulongense,九龙矮泽芹,,,,,,,no_image
28701,Chamaepsila huashana,华山顶茎蝇,,,,,,,no_image
93012,Changnienia amoena,独花兰,,,,,,,no_image
149143,Chamonixia caespitosa,卡氏腹菌,,,,,,,no_image
136818,Chapsa diploschistoides,,,,,,,,no_image
28732,Charagochilus spiralifer,邻纹唇盲蝽,,,,,,,no_image
28753,Chartographa compositata,常春藤洄纹尺蛾,,,,,,,no_image
36,Charybdis hellerii,钝齿蟳,,,,,,,no_image
28770,Chasmina gracilipalpis,细须皙夜蛾,,,,,,,no_image
74431,Cheilinus chlorourus,绿尾唇鱼,,,,,,,no_image
74444,Cheilodipterus singapurensis,新加坡巨牙天竺鲷,,,,,,,no_image
28781,Chazara heydenreichii,白室岩眼蝶,,,,,,,no_image
93054,Cheilolejeunea turgida,粗白鳞苔,,,,,,,no_image
74450,Cheilopogon katoptron,黄鳍须唇飞鱼,,,,,,,no_image
28811,Cheilosia bombiformis,熊蜂黑蚜蝇,,,,,,,no_image
28831,Cheilosia impressa,印黑蚜蝇,,,,,,,no_image
28851,Cheilosia nebulosa,烟翅黑蚜蝇,,,,,,,no_image
28871,Cheilosia qinlingensis,秦岭黑蚜蝇,,,,,,,no_image
28909,Cheilotrichia nigroapicalis,黑顶唇大蚊,,,,,,,no_image
28891,Cheilosia tibetica,胫栉黑蚜蝇,,,,,,,no_image
146054,Cheimonophyllum candidissimum,,,,,,,,no_image
12615,Cheiracanthium hypocyrtum,微曲红螯蛛,,,,,,,no_image
12588,Cheiracanthium torsivum,旋扭红螯蛛,,,,,,,no_image
28919,Cheiropachus vimineus,细体四斑金小蜂,,,,,,,no_image
93091,Cheirostylis yunnanensis,云南叉柱兰,,,,,,,no_image
3547,Chelidonura hirundinina,燕尾海牛,,,,,,,no_image
93067,Cheirostylis chinensis,中华叉柱兰,,,,,,,no_image
28942,Chelifera ornamenta,卧龙裸螳舞虻,,,,,,,no_image
28962,Chelipoda sinensis,中华鬃螳舞虻,,,,,,,no_image
28971,Chelonomorpha japana,龟虎蛾,,,,,,,no_image
28975,Chelostoma lamellum,片唇裂爪蜂,,,,,,,no_image
93122,Cheniella hechiensis,河池首冠藤,,,,,,,no_image
93144,Chenopodium ficifolium,小藜,,,,,,,no_image
29003,Chetogena media,中形鬃堤寄蝇,,,,,,,no_image
28992,Chersotis cuprea,褐卡夜蛾,,,,,,,no_image
29014,Chiastocheta curvibasis,曲基短角花蝇,,,,,,,no_image
17395,Chicoreus orchidiflorus,兰花棘螺,,,,,,,no_image
29038,Childrena childreni,银豹蛱蝶,,,,,,,no_image
93178,Chiloschista parishii,宽唇异型兰,,,,,,,no_image
93196,Chiloscyphus muricatus,锐刺裂萼苔,,,,,,,no_image
93213,Chimonanthus nitens,山蜡梅,,,,,,,no_image
93235,Chimonobambusa metuoensis,墨脱方竹,,,,,,,no_image
93257,Chimonobambusa utilis,金佛山方竹,,,,,,,no_image
12849,Chinattus sinensis,炎华蛛,,,,,,,no_image
29063,Chinecallicerus trituberculatus,,,,,,,,no_image
131597,Chiodecton mucorinum,,,,,,,,no_image
74497,Chiromyscus chiropus,费氏树鼠,,,,,,,no_image
152735,Chionosphaera cuniculicola,,,,,,,,no_image
29106,Chironomus okinawanus,冲绳摇蚊,,,,,,,no_image
29125,Chirosia laticerca,宽尾蕨蝇,,,,,,,no_image
2788,Chitinomandibulum jiaozhuwanensis,胶州湾壳颚钩虾,,,,,,,no_image
134975,Chitonomyces laboulbenioides,,,,,,,,no_image
29148,Chitoria ulupi,武铠蛱蝶,,,,,,,no_image
29182,Chloridolum shibatai,,,,,,,,no_image
93302,Chloranthus holostegius,全缘金粟兰,,,,,,,no_image
93317,Chloris formosana,台湾虎尾草,,,,,,,no_image
29160,Chloridolum cyaneonotatum,,,,,,,,no_image
137810,Chlorociboria versiformis,,,,,,,,no_image
148,Chlorodiella crispipleopa,卷肢绿蟹,,,,,,,no_image
29239,Chlorogomphus nasutus,,,,,,,,no_image
29261,Chlorophorus anticemaculatus,,,,,,,,no_image
29323,Chlorophorus taihorensis,,,,,,,,no_image
29282,Chlorophorus gaudens,,,,,,,,no_image
145163,Chlorophyllum hortense,,,,,,,,no_image
29303,Chlorophorus moupinensis,,,,,,,,no_image
29345,Chlorops flavicorneus,黄角秆蝇,,,,,,,no_image
29365,Chlorops posticus,后突秆蝇,,,,,,,no_image
137834,Chlorosplenium versiforme,,,,,,,,no_image
29381,Chloropterus grandis,硕北域肖叶甲,,,,,,,no_image
155886,Choanephora cunninghamiana,,,,,,,,no_image
29402,Choerades fimbriata,缘剑芒食虫虻,,,,,,,no_image
74561,Cholornis paradoxus,三趾鸦雀,,,,,,,no_image
93347,Chondrilla brevirostris,短喙粉苞菊,,,,,,,no_image
93366,Chonemorpha megacalyx,长萼鹿角藤,,,,,,,no_image
11057,Chorizopes goosus,飞雁壮头蛛,,,,,,,no_image
29425,Chorisops unita,长刺离眼水虻,,,,,,,no_image
29438,Chorthippus amplilineatus,宽带雏蝗,,,,,,,no_image
29460,Chorthippus dubius,狭翅雏蝗,,,,,,,no_image
29480,Chorthippus longdongensis,陇东雏蝗,,,,,,,no_image
74566,Chrionema chlorotaenia,绿尾低线鱼,,,,,,,no_image
29500,Chorthippus rufucornus,红角雏蝗,,,,,,,no_image
74577,Chromis analis,长臀光鳃鱼,,,,,,,no_image
149430,Chroogomphus pseudotomentosus,假绒盖色钉菇,,,,,,,no_image
74572,Chroicocephalus ridibundus,红嘴鸥,,,,,,,no_image
74597,Chromis vanderbilti,凡氏光鳃鱼,,,,,,,no_image
29538,Chrysacris qinlingensis,秦岭金色蝗,,,,,,,no_image
74606,Chrysiptera cyanea,圆尾金翅雀鲷,,,,,,,no_image
93412,Chrysanthemum longibracteatum,线苞菊,,,,,,,no_image
29560,Chrysochus cylindricus,台湾萝藦肖叶甲,,,,,,,no_image
29569,Chrysolampra rugosa,多皱亮肖叶甲,,,,,,,no_image
29594,Chrysolina bowringii,鲍金叶甲,,,,,,,no_image
29657,Chrysolina nyalamana,聂拉木金叶甲,,,,,,,no_image
29637,Chrysolina kuldzhensis,玉门金叶甲,,,,,,,no_image
29617,Chrysolina gansuica,甘肃金叶甲,,,,,,,no_image
29678,Chrysolina songpana,松潘金叶甲,,,,,,,no_image
29714,Chrysomya rufifacies,绯颜金蝇,,,,,,,no_image
29698,Chrysomela lapponica,红翅叶甲,,,,,,,no_image
153078,Chrysomyxa tsugae-yunnanensis,云南铁杉金锈菌,,,,,,,no_image
29734,Chrysopa formosa,丽草蛉,,,,,,,no_image
29754,Chrysopa thibetana,疑藏草蛉,,,,,,,no_image
29774,Chrysoperla yulinica,榆林通草蛉,,,,,,,no_image
29789,Chrysopidia zhaoi,赵氏三阶草蛉,,,,,,,no_image
29809,Chrysopilus neimongolicus,内蒙古金鹬虻,,,,,,,no_image
93438,Chrysopogon aciculatus,竹节草,,,,,,,no_image
29844,Chrysops grandis,大型斑虻,,,,,,,no_image
29864,Chrysops vanderwulpi,范氏斑虻,,,,,,,no_image
29904,Chrysosoma spinosum,刺鬃金长足虻,,,,,,,no_image
29884,Chrysosoma floccosum,从毛金长足虻,,,,,,,no_image
93447,Chrysosplenium chinense,乳突金腰,,,,,,,no_image
93478,Chrysosplenium macrospermum,天池金腰,,,,,,,no_image
134640,Chrysosporium queenslandicum,,,,,,,,no_image
29929,Chrysotimus grandis,大黄鬃长足虻,,,,,,,no_image
29949,Chrysotoxum arcuatum,弓斑长角蚜蝇,,,,,,,no_image
29969,Chrysotoxum kozhevnikovi,大斑长角蚜蝇,,,,,,,no_image
29989,Chrysotoxum tartar,达边长角蚜蝇,,,,,,,no_image
30029,Chrysotus liui,刘氏小异长足虻,,,,,,,no_image
30009,Chrysotus degener,颓唐小异长足虻,,,,,,,no_image
30049,Chrysotus tibetensis,西小异长足虻,,,,,,,no_image
30076,Chrysozephyrus teisoi,铁（木周）金灰蝶,,,,,,,no_image
30082,Chudania fopingana,佛坪消室叶蝉,,,,,,,no_image
7047,Chuniphyes multidentata,多齿角锥水母,,,,,,,no_image
11449,Chrysso trispinula,三棘丽蛛,,,,,,,no_image
30115,Chyliza oreophila,喜山绒茎蝇,,,,,,,no_image
30135,Chytobrya bryophiloides,衍夜蛾,,,,,,,no_image
30143,Cicadella viridis,大青叶蝉,,,,,,,no_image
12009,Cicurina daweishanensis,大围山洞叶蛛,,,,,,,no_image
138936,Ciboria friesii,,,,,,,,no_image
30169,Ciinocentrus umbratilis,阴横纹茧蜂,,,,,,,no_image
30150,Cidariplura butleri,巴胸须夜蛾,,,,,,,no_image
30185,Cimicicapsus rubidus,红环盲蝽,,,,,,,no_image
8472,Cilicaeopsis whiteleggei,怀特长尾水虱,,,,,,,no_image
93530,Cinna latifolia,单蕊草,,,,,,,no_image
93550,Cinnamomum longipetiolatum,长柄樟,,,,,,,no_image
154941,Cintractia pulchra,,,,,,,,no_image
154921,Cintractia angulata,,,,,,,,no_image
17316,Circuitiocoelium opsariichthydis,鱲圈肠吸虫,,,,,,,no_image
407,Circe hongkongensis,扁美女蛤,,,,,,,no_image
7946,Cirrholovenia tetranema,四手卷丝水母,,,,,,,no_image
144196,Cirrenalia pseudomacrocephala,,,,,,,,no_image
93589,Cirriphyllum cirrosum,匙叶毛尖藓,,,,,,,no_image
93603,Cirsium bolocephalum,贡山蓟,,,,,,,no_image
93643,Cirsium souliei,葵花大蓟,,,,,,,no_image
93623,Cirsium lidjiangense,丽江蓟,,,,,,,no_image
93656,Cissampelopsis corifolia,革叶藤菊,,,,,,,no_image
93687,Cithareloma vernum,对枝菜,,,,,,,no_image
93679,Cissus triloba,掌叶白粉藤,,,,,,,no_image
93697,Citrus japonica,金柑,,,,,,,no_image
30239,Claassenia tincta,花色锤(虫责),,,,,,,no_image
135513,Cladina stellaris,雀鹿蕊,,,,,,,no_image
135538,Cladonia conista,拟小漏斗石蕊,,,,,,,no_image
135518,Cladonia amaurocraea,黑穗石蕊,,,,,,,no_image
135558,Cladonia firma,坚石蕊,,,,,,,no_image
135578,Cladonia macilenta,瘦柄红石蕊,,,,,,,no_image
135598,Cladonia peziziformis,头状石蕊,,,,,,,no_image
135618,Cladonia squamosa,鳞片石蕊,,,,,,,no_image
135638,Cladonia yunnana,云南石蕊,,,,,,,no_image
93725,Cladophora ohkuboana,喔氏刚毛藻,,,,,,,no_image
132149,Cladosporium brassicae,,,,,,,,no_image
132169,Cladosporium dianellicola,,,,,,,,no_image
93744,Cladopus fukienensis,福建川苔草,,,,,,,no_image
132189,Cladosporium indigoferae,,,,,,,,no_image
132229,Cladosporium sclerotiophilum,,,,,,,,no_image
132209,Cladosporium olivaceum,,,,,,,,no_image
132249,Cladosporium venturioides,,,,,,,,no_image
13689,Cladothela hupingensis,壶瓶枝疣蛛,,,,,,,no_image
30286,Clastobasis alternans,交互克菌蚊,,,,,,,no_image
74705,Clanga clanga,乌雕,,,,,,,no_image
93765,Claoxylon subsessiliflorum,短序白桐树,,,,,,,no_image
369,Clausinella tiara,头巾雪蛤,,,,,,,no_image
145641,Clavaria cinerea,灰仙树菌,,,,,,,no_image
146063,Claudopus depluens,晶紫珊瑚菌,,,,,,,no_image
145661,Clavaria ligula,拟棒瑚菌,,,,,,,no_image
145681,Clavaria spathulata,,,,,,,,no_image
142601,Clavariopsis aquatica,,,,,,,,no_image
145702,Clavulinopsis gracillima,极细丽拟锁瑚菌,,,,,,,no_image
149732,Clavulina bessonii,,,,,,,,no_image
4174,Clavus hexagona,六节棒螺,,,,,,,no_image
93824,Cleistanthus petelotii,假肥牛树,,,,,,,no_image
93802,Cleisostoma longioperculatum,长帽隔距兰,,,,,,,no_image
93874,Clematis chaohuensis,巢湖铁线莲,,,,,,,no_image
30292,Clelimyia paradoxa,奇彩虹寄蝇,,,,,,,no_image
93905,Clematis elobata,无裂槭叶铁线莲,,,,,,,no_image
93940,Clematis hainanensis,海南铁线莲,,,,,,,no_image
93969,Clematis koreana,朝鲜铁线莲,,,,,,,no_image
93992,Clematis meyeniana,毛柱铁线莲,,,,,,,no_image
94039,Clematis pinchuanensis,宾川铁线莲,,,,,,,no_image
94073,Clematis sibirica,西伯利亚铁线莲,,,,,,,no_image
354,Clementia papyracea,和平蛤,,,,,,,no_image
94114,Clematis uncinata,柱果铁线莲,,,,,,,no_image
30313,Cleonymus pini,松蠹短颊金小蜂,,,,,,,no_image
30332,Clepsis pallidana,棉双斜卷蛾,,,,,,,no_image
94155,Clerodendrum ervatamioides,狗牙大青,,,,,,,no_image
94199,Cleyera japonica,红淡比,,,,,,,no_image
94179,Clerodendrum tibetanum,西藏大青,,,,,,,no_image
5248,Clibanarius merguiensis,墨吉细螯寄居蟹,,,,,,,no_image
94222,Clinacanthus nutans,鳄嘴花,,,,,,,no_image
30369,Clinotanypus yani,闫氏菱跗摇蚊,,,,,,,no_image
94231,Clinopodium longipes,长梗风轮菜,,,,,,,no_image
30384,Clitellaria mediflava,中黄鞍腹水虻,,,,,,,no_image
142609,Clitocybe amethystina,紫环菌,,,,,,,no_image
142629,Clitocybe cyanophaea,,,,,,,,no_image
142649,Clitocybe fuscosquamula,,,,,,,,no_image
142689,Clitocybe pseudophyllophila,,,,,,,,no_image
142669,Clitocybe leucodiatreta,粉肉色杯伞,,,,,,,no_image
142709,Clitocybe sudorifica,,,,,,,,no_image
146066,Clitopilus amygdaliformis,杏仁形斜盖伞,,,,,,,no_image
30395,Clivia antoninae,竹粉蚧隆盾跳小蜂,,,,,,,no_image
909,Cloridina pelamidae,四刺小绿虾蛄,,,,,,,no_image
30416,Clostera pigra,漫扇舟蛾,,,,,,,no_image
13895,Clubiona batikanoides,巴蒂坎管巢蛛,,,,,,,no_image
13909,Clubiona grucollaris,鹅颈管巢蛛,,,,,,,no_image
13993,Clubiona cylindrata,圆筒管巢蛛,,,,,,,no_image
13945,Clubiona moralis,臼齿管巢蛛,,,,,,,no_image
13948,Clubiona kimyongkii,金氏管巢蛛,,,,,,,no_image
14016,Clubiona tiane,天鹅管巢蛛,,,,,,,no_image
13897,Clubiona rama,拉玛管巢蛛,,,,,,,no_image
13950,Clubiona zhengi,郑氏管巢蛛,,,,,,,no_image
141043,Clypeosphaeria radicicola,,,,,,,,no_image
8004,Clytia stechowi,施氏美螅,,,,,,,no_image
30484,Cnipsomorpha nigrospina,,,,,,,,no_image
30466,Cnethodonta alia,爱灰舟蛾,,,,,,,no_image
30450,Clytus monticola,,,,,,,,no_image
74726,Cobitis multimaculata,多斑花鳅,,,,,,,no_image
142722,Coccochora kusanoi,,,,,,,,no_image
137334,Coccotrema cucurbitula,球孔衣,,,,,,,no_image
139152,Coccomyces lijiangensis,丽江齿裂菌,,,,,,,no_image
30515,Coccygidium reticulosus,网胸褐径茧蜂,,,,,,,no_image
30525,Cochylis piana,圆片纹卷蛾,,,,,,,no_image
94324,Codonopsis henryi,川鄂党参,,,,,,,no_image
94300,Codonopsis alpina,高山党参,,,,,,,no_image
94279,Codium contractum,缢缩松藻,,,,,,,no_image
7884,Codonorchis calcariformis,距拟双手水母,,,,,,,no_image
18998,Coecobrya mulunensis,,,,,,,,no_image
30559,Coeliccia loogali,蓝斑长腹扇蟌,,,,,,,no_image
30545,Codrus tenuifemoratus,细腿肿额细蜂,,,,,,,no_image
30579,Coelioxys breviventris,短腹尖腹蜂,,,,,,,no_image
30619,Coelocnemodes huizensis,会泽乾琵甲，新组合,,,,,,,no_image
94372,Coelogyne mishmensis,细茎贝母兰,,,,,,,no_image
30599,Coelioxys polycentris,多刺尖腹蜂,,,,,,,no_image
155258,Coelomomyces ciferrii,,,,,,,,no_image
74747,Coelorinchus asteroides,拟星腔吻鳕,,,,,,,no_image
74767,Coelorinchus matsubarai,松原腔吻鳕,,,,,,,no_image
12458,Coelotes colosseus,巨隙蛛,,,,,,,no_image
12457,Coelotes microps,梯板隙蛛,,,,,,,no_image
30639,Coenagrion johanssoni,纤腹蟌,,,,,,,no_image
136775,Coenogonium moniliforme,,,,,,,,no_image
12408,Coelotes tiantangensis,天堂隙蛛,,,,,,,no_image
30656,Coenonica impressicollis,,,,,,,,no_image
30745,Coenosia germinis,芽秽蝇,,,,,,,no_image
30725,Coenosia curvisystylusa,曲叶秽蝇,,,,,,,no_image
30679,Coenonympha hero,英雄珍眼蝶,,,,,,,no_image
30705,Coenosia aurea,金秽蝇,,,,,,,no_image
30785,Coenosia pauli,金足秽蝇,,,,,,,no_image
30806,Coenosia striolata,条纹秽蝇,,,,,,,no_image
30826,Coenosia zhongdianensis,中甸秽蝇,,,,,,,no_image
30765,Coenosia longiquadrata,矩叶秽蝇,,,,,,,no_image
74777,Coilia ectenes,刀鲚,,,,,,,no_image
30854,Colaspoides femoralis,毛股沟臀肖叶甲,,,,,,,no_image
30876,Colasposoma downesii,唐氏甘薯肖叶甲,,,,,,,no_image
11802,Coleosoma floridanum,佛罗里达鞘腹蛛,,,,,,,no_image
153159,Coleosporium zangmui,臧氏鞘锈菌,,,,,,,no_image
153099,Coleosporium elephantopodis,地胆草鞘锈菌,,,,,,,no_image
153119,Coleosporium melampyri,山萝花鞘锈菌,,,,,,,no_image
153139,Coleosporium rubicola,,,,,,,,no_image
30904,Colias diva,女神豆粉蝶,,,,,,,no_image
30953,Colias stoliczkana,斯托豆粉蝶,,,,,,,no_image
137083,Collema crispum,卷曲胶衣,,,,,,,no_image
137103,Collema polycarpon,,,,,,,,no_image
141627,Colletotrichum pinelliae,,,,,,,,no_image
141587,Colletotrichum fructicola,,,,,,,,no_image
141567,Colletotrichum andropogonis,,,,,,,,no_image
141607,Colletotrichum linicola,,,,,,,,no_image
141647,Colletotrichum zingiberis,,,,,,,,no_image
148425,Collybia fuscopurpurea,,,,,,,,no_image
148445,Collybia oreadoides,奥瑞金钱菌,,,,,,,no_image
18128,Collotheca ornata,瓣状胶鞘轮虫,,,,,,,no_image
17048,Collyriclum faba,豆状饼形吸虫,,,,,,,no_image
94441,Cololejeunea bhutanica,不丹疣鳞苔,,,,,,,no_image
30980,Colocasia umbrosa,暗标夜蛾,,,,,,,no_image
94461,Cololejeunea indosinica,长瓣疣鳞苔,,,,,,,no_image
94481,Cololejeunea platyneura,假肋疣鳞苔,,,,,,,no_image
94501,Cololejeunea subkodamae,疣瓣疣鳞苔,,,,,,,no_image
30989,Colophina arctica,北扣绵蚜,,,,,,,no_image
94516,Colpodium humile,矮小沿沟草,,,,,,,no_image
17619,Columella aspera,分散柱螺,,,,,,,no_image
150091,Coltriciella naviculiformis,舟孢小集毛孔菌,,,,,,,no_image
94550,Colutea arborescens,鱼鳔槐,,,,,,,no_image
150071,Coltricia focicola,,,,,,,,no_image
2882,Comaster distincta,显著栉羽星,,,,,,,no_image
31029,Comibaena tibetensis,藏绿尺蛾,,,,,,,no_image
31007,Comibaena dubernardi,双线绿尺蛾,,,,,,,no_image
94575,Combretum densiflorum,小花使君子,,,,,,,no_image
31033,Comostola cognata,康亚四目绿尺蛾,,,,,,,no_image
8759,Compressidentalium hungerfordi,韩氏扁角贝,,,,,,,no_image
31070,Compterosmittia procera,长毛施密摇蚊,,,,,,,no_image
31088,Concaveplana rubilinena,红条凹片叶蝉,,,,,,,no_image
2662,Conchoderma auritum,耳条茗荷,,,,,,,no_image
31128,Condylostylus nebulosus,雾斑毛瘤长足虻,,,,,,,no_image
142724,Condylospora spumigena,,,,,,,,no_image
74812,Congriscus megastomus,大口康吉鳗,,,,,,,no_image
141503,Coniella castaneicola,,,,,,,,no_image
155328,Conidiobolus firmipilleus,牢盖耳霉,,,,,,,no_image
31156,Coniocompsa lii,李氏曲粉蛉,,,,,,,no_image
94624,Coniogramme pubescens,骨齿凤了蕨,,,,,,,no_image
31188,Coniopteryx vittiformis,宽带粉蛉,,,,,,,no_image
94642,Conioselinum morrisonense,台湾山芎,,,,,,,no_image
31168,Coniopteryx choui,周氏粉蛉,,,,,,,no_image
133387,Coniothyrium ilicis,,,,,,,,no_image
94655,Conocephalum salebrosum,暗色蛇苔,,,,,,,no_image
31225,Conocraera hainana,海南匙头飞虱,,,,,,,no_image
145598,Conocybe lateritia,砖红锥盖菇,,,,,,,no_image
145618,Conocybe utriformis,,,,,,,,no_image
31238,Conophyma zhaosuensis,昭苏裸蝗,,,,,,,no_image
10828,Conothele deqin,德钦科诺蛛,,,,,,,no_image
31258,Conops haltertus,棒眼蝇,,,,,,,no_image
94665,Convolvulus lineatus,线叶旋花,,,,,,,no_image
31281,Convexana albicarinata,白脊凸冠叶蝉,,,,,,,no_image
31303,Copera ciliata,毛狭扇蟌,,,,,,,no_image
31322,Copidosoma hanzhongenum,汉中点缘跳小蜂,,,,,,,no_image
147998,Coprinopsis marcescibilis,,,,,,,,no_image
145180,Coprinus cortinatus,丝膜鬼伞,,,,,,,no_image
147978,Coprinellus disseminatus,假小鬼伞,,,,,,,no_image
145220,Coprinus stercorarius,,,,,,,,no_image
145200,Coprinus leiocephalus,射纹鬼伞,,,,,,,no_image
31347,Coproica unispinosa,单鬃角脉小粪蝇,,,,,,,no_image
31367,Coproporus formosae,,,,,,,,no_image
139415,Coprotus leucopocillum,亮杯粪裸盘菌,,,,,,,no_image
31410,Coptotermes cyclocoryphus,圆头乳白蚁,,,,,,,no_image
10482,Coptophylla castaneae,,,,,,,,no_image
31430,Coptotettix gongshanensis,贡山柯蚱,,,,,,,no_image
6372,Coralichlamys madreporarum,筛珊瑚扇贝,,,,,,,no_image
17437,Coralliophila inflata,膨胀珊瑚螺,,,,,,,no_image
141307,Cordana oblongispora,,,,,,,,no_image
3694,Corbula solidula,坚篮蛤,,,,,,,no_image
141768,Cordyceps agriota,,,,,,,,no_image
141788,Cordyceps furcicaodata,,,,,,,,no_image
141808,Cordyceps ninchukispora,,,,,,,,no_image
141828,Cordyceps takaomontana,高雄山虫草,,,,,,,no_image
31476,Corethrella aereus,铜色蛙蠓,,,,,,,no_image
31471,Corennys conspicua,鲜红毛角花天牛,,,,,,,no_image
31488,Corgatha semipardata,褐孔夜蛾,,,,,,,no_image
151197,Coriolopsis glabro-rigens,,,,,,,,no_image
94726,Corispermum candelabrum,烛台虫实,,,,,,,no_image
94801,Cornus oligophlebia,樟叶梾木,,,,,,,no_image
94752,Corispermum pseudofalcatum,假镰叶虫实,,,,,,,no_image
94771,Cornopteris opaca,黑叶角蕨,,,,,,,no_image
6266,Corophium hongkongensis,香港蜾蠃蜚,,,,,,,no_image
31507,Cornutrypeta yushunia,玉树脊额实蝇,,,,,,,no_image
94816,Cortia depressa,喜峰芹,,,,,,,no_image
149811,Corticium rolfsii,罗尔伏革菌,,,,,,,no_image
145755,Cortinarius bovinus,牛丝膜菌,,,,,,,no_image
145735,Cortinarius alneus,,,,,,,,no_image
145775,Cortinarius castaneus,栗色丝膜菌,,,,,,,no_image
145795,Cortinarius crystallinus,,,,,,,,no_image
145835,Cortinarius hercynicus,草色丝膜菌,,,,,,,no_image
145815,Cortinarius evernius,,,,,,,,no_image
145855,Cortinarius macropus,粗柄丝膜菌,,,,,,,no_image
145875,Cortinarius olivaceofuscus,橄榄棕丝膜菌,,,,,,,no_image
145895,Cortinarius privignus,胡褐丝膜菌,,,,,,,no_image
145935,Cortinarius subbalaustinus,,,,,,,,no_image
145955,Cortinarius umbrinolens,,,,,,,,no_image
145915,Cortinarius russus,赭丝膜菌,,,,,,,no_image
94821,Cortusa matthioli,假报春,,,,,,,no_image
74866,Corvus pectoralis,白颈鸦,,,,,,,no_image
94861,Corydalis brachyceras,江达紫堇,,,,,,,no_image
94841,Corydalis ananke,齿瓣紫堇,,,,,,,no_image
94888,Corydalis cavei,聂拉木黄堇,,,,,,,no_image
94961,Corydalis glaucissima,苍白紫堇,,,,,,,no_image
94918,Corydalis davidii,南黄堇,,,,,,,no_image
94983,Corydalis heterodonta,异齿紫堇,,,,,,,no_image
94939,Corydalis enantiophylla,对叶紫堇,,,,,,,no_image
95003,Corydalis jiulongensis,九龙黄堇,,,,,,,no_image
95028,Corydalis laxiflora,疏花黄堇,,,,,,,no_image
95053,Corydalis lopinensis,罗平山黄堇,,,,,,,no_image
95073,Corydalis moupinensis,尿罐草,,,,,,,no_image
95094,Corydalis ophiocarpa,蛇果黄堇,,,,,,,no_image
95116,Corydalis polyphylla,多叶紫堇,,,,,,,no_image
95161,Corydalis regia,高雅紫堇,,,,,,,no_image
95136,Corydalis pseudoincisa,假刻叶紫堇,,,,,,,no_image
95184,Corydalis shensiana,陕西紫堇,,,,,,,no_image
95208,Corydalis taliensis,金钩如意草,,,,,,,no_image
95232,Corydalis tsangensis,藏紫堇,,,,,,,no_image
95254,Corydalis yunnanensis,滇黄堇,,,,,,,no_image
95277,Corylopsis velutina,绒毛蜡瓣花,,,,,,,no_image
133434,Corynespora sed-acaciae,,,,,,,,no_image
138267,Coryne trichophora,,,,,,,,no_image
133414,Corynespora homaliicola,,,,,,,,no_image
31519,Corynoneura carriana,小型棒脉摇蚊,,,,,,,no_image
31539,Corynoptera albispina,白翅翼眼蕈蚊,,,,,,,no_image
31559,Corynoptera novexa,新翼眼蕈蚊,,,,,,,no_image
74870,Coryphaena hippurus,鲯鳅,,,,,,,no_image
31580,Coscinesthes minuta,,,,,,,,no_image
10077,Cosella longana,,,,,,,,no_image
31594,Cosmia cara,肖果兜夜蛾,,,,,,,no_image
74879,Cosmocampus banneri,斑氏环宇海龙,,,,,,,no_image
9195,Costeremus cornutus,角隐肋甲螨,,,,,,,no_image
95320,Cotoneaster affinis,藏边栒子,,,,,,,no_image
95304,Cosmos sulphureus,黄秋英,,,,,,,no_image
95348,Cotoneaster conspicuus,大果栒子,,,,,,,no_image
95372,Cotoneaster glabratus,光叶栒子,,,,,,,no_image
95435,Cotoneaster nohelii,鹤庆栒子,,,,,,,no_image
95405,Cotoneaster kingdonii,檵木叶栒子,,,,,,,no_image
95461,Cotoneaster sherriffii,康巴栒子,,,,,,,no_image
150686,Cotylidia aurantiaca,橙黄杯革菌,,,,,,,no_image
31649,Cowperia punctata,,,,,,,,no_image
95483,Cotoneaster wanbooyenensis,梵净山栒子,,,,,,,no_image
31664,Craniophora prodigiosa,异首夜蛾,,,,,,,no_image
11772,Craspedisia longioembolia,长栓水母蛛,,,,,,,no_image
474,Craspidaster hesperus,镶边海星,,,,,,,no_image
4112,Crassostrea nipponia,日本巨牡蛎,,,,,,,no_image
12730,Crassignatha shiluensis,石碌糙胸蛛,,,,,,,no_image
31692,Crataerina obtusipennis,鄂毕短翅虱蝇,,,,,,,no_image
95548,Crateva formosensis,台湾鱼木,,,,,,,no_image
95567,Crawfurdia gracilipes,细柄蔓龙胆,,,,,,,no_image
95587,Cremanthodium botryocephalum,总状垂头菊,,,,,,,no_image
95611,Cremanthodium ellisii,车前状垂头菊,,,,,,,no_image
95638,Cremanthodium microphyllum,小叶垂头菊,,,,,,,no_image
95660,Cremanthodium purpureifolium,紫叶垂头菊,,,,,,,no_image
95681,Cremastra malipoensis,麻栗坡杜鹃兰,,,,,,,no_image
3554,Crenulimopsis oblonga,刻点拟锉蛤,,,,,,,no_image
95696,Crepidiastrum tenuifolium,细叶假还阳参,,,,,,,no_image
146007,Crepidotus badiofloccosus,基绒靴耳,,,,,,,no_image
95717,Crepidium roohutuensis,紫背沼兰,,,,,,,no_image
146027,Crepidotus lundellii,,,,,,,,no_image
95749,Crepis shihii,全叶还阳参,,,,,,,no_image
146047,Crepidotus versutus,乖巧靴耳,,,,,,,no_image
2424,Cribraria chinensis,中国筛目贝,,,,,,,no_image
31763,Cricula andrei,点目大蚕蛾,,,,,,,no_image
31743,Cricotopus lygropis,洛格环足摇蚊,,,,,,,no_image
95758,Crinum asiaticum,亚洲文殊兰,,,,,,,no_image
148147,Cristinia sonorae,,,,,,,,no_image
31793,Croesia elegans,褐缘弧翅卷蛾,,,,,,,no_image
74920,Crocidura tadae,台湾长尾麝鼩,,,,,,,no_image
153174,Cronartium ribicola,马尾松疤锈病菌,,,,,,,no_image
19286,Crossodonthina acuminata,,,,,,,,no_image
74935,Crossoptilon harmani,藏马鸡,,,,,,,no_image
95783,Crotalaria cytisoides,黄雀儿,,,,,,,no_image
95835,Croton cnidophyllus,荨麻叶巴豆,,,,,,,no_image
95810,Crotalaria peguana,,,,,,,,no_image
95855,Croton yunnanensis,云南巴豆,,,,,,,no_image
138269,Crumenula sororia,,,,,,,,no_image
31831,Cryphia granitalis,斑藓夜蛾,,,,,,,no_image
31847,Cryptanusia albiclava,,,,,,,,no_image
95887,Cryptocarya impressinervia,钝叶厚壳桂,,,,,,,no_image
15611,Cryptocheiridium formosanum,台隐伪蝎,,,,,,,no_image
31867,Cryptochironomus albofasciatus,白带隐摇蚊,,,,,,,no_image
154680,Cryptococcus tibetensis,,,,,,,,no_image
4091,Cryptodromia hilgendrofi,希氏隐绵蟹,,,,,,,no_image
95913,Cryptomitrium himalayense,喜马拉雅薄地钱,,,,,,,no_image
95921,Cryptopapillaria chrysoclada,细尖隐松萝藓,,,,,,,no_image
142742,Cryptophiale aristata,,,,,,,,no_image
6767,Cryptopodia collifer,山状隐足蟹,,,,,,,no_image
31912,Cryptoserphus lini,林氏隐颚细蜂,,,,,,,no_image
31924,Cryptotendipes nigronitens,亮黑弯铗摇蚊,,,,,,,no_image
95940,Ctenidium stellulatum,散枝梳藓,,,,,,,no_image
144511,Cryptovalsa mangrovei,,,,,,,,no_image
74961,Ctenogobiops tangaroai,长棘栉眼鰕虎,,,,,,,no_image
31942,Ctenochauliodes abnormis,异斑栉鱼蛉,,,,,,,no_image
31995,Ctenophthalmus xiei,解氏栉眼蚤,,,,,,,no_image
32016,Ctenosciara pseudoinsolita,拟疏毛栉眼蕈蚊,,,,,,,no_image
31969,Ctenophthalmus congeneroides,同源栉眼蚤,,,,,,,no_image
32047,Cucullia lucifuga,鲁冬夜蛾,,,,,,,no_image
32028,Cubitomoris tribolosa,三突肘部祝蛾,,,,,,,no_image
74975,Cuculus poliocephalus,小杜鹃,,,,,,,no_image
139122,Cudonia lutea,黄地锤菌,,,,,,,no_image
32078,Culex aestivus,夏季库蚊,,,,,,,no_image
32098,Culex harrisoni,哈氏库蚊,,,,,,,no_image
32139,Culex scanloni,长管库蚊,,,,,,,no_image
32118,Culex mimulus,小拟态库蚊,,,,,,,no_image
32159,Culex whitmorei,白霜库蚊,,,,,,,no_image
32192,Culicoides capillosus,多毛库蠓,,,,,,,no_image
32212,Culicoides corniculus,角突库蠓,,,,,,,no_image
32172,Culicoides andrewsi,安酋库蠓,,,,,,,no_image
32252,Culicoides guangxiensis,广西库蠓,,,,,,,no_image
32232,Culicoides erkaensis,二卡库蠓,,,,,,,no_image
32292,Culicoides kepongensis,克彭库蠓,,,,,,,no_image
32272,Culicoides hui,屏东库蠓,,,,,,,no_image
32312,Culicoides lini,林氏库蠓,,,,,,,no_image
32332,Culicoides mamaensis,麻麻库蠓,,,,,,,no_image
32352,Culicoides monocylichnus,单室库蠓,,,,,,,no_image
32372,Culicoides okinawensis,冲绳库蠓,,,,,,,no_image
32432,Culicoides shandongensis,山东库蠓,,,,,,,no_image
32412,Culicoides qiongzhongensis,琼中库蠓,,,,,,,no_image
32392,Culicoides pelius,黑色库蠓,,,,,,,no_image
32452,Culicoides subpunctatus,类刺螫库蠓,,,,,,,no_image
32472,Culicoides tianshanensis,天山库蠓,,,,,,,no_image
32492,Culicoides xinghaiensis,兴海库蠓,,,,,,,no_image
142751,Cumulospora marina,,,,,,,,no_image
32512,Culiseta megalaba,大叶脉毛蚊,,,,,,,no_image
155916,Cunninghamella echinata,剌孢小克银汉霉,,,,,,,no_image
74991,Cuora lineata,线纹闭壳龟,,,,,,,no_image
146378,Cuphophyllus virgineus,洁白拱顶菇,,,,,,,no_image
95995,Curculigo sinensis,中华仙茅,,,,,,,no_image
134050,Curvularia brachyspora,,,,,,,,no_image
32536,Curetis bulis,银灰蝶,,,,,,,no_image
134070,Curvularia pallescens,,,,,,,,no_image
96028,Cuscuta monogyna,单柱菟丝子,,,,,,,no_image
32565,Cyana divakara,华雪苔蛾,,,,,,,no_image
96032,Cyamopsis tetragonoloba,瓜尔豆,,,,,,,no_image
96051,Cyananthus pedunculatus,有梗蓝钟花,,,,,,,no_image
32585,Cyana sikkimensis,锡金雪苔蛾,,,,,,,no_image
96058,Cyanotis loureiroana,沙地蓝耳草,,,,,,,no_image
142757,Cyathus byssisedus,微黄黑蛋巢,,,,,,,no_image
142777,Cyathus lesueurii,,,,,,,,no_image
96069,Cyathodium tuberosum,芽胞光苔,,,,,,,no_image
142797,Cyathus stercoreus,粪生黑蛋巢菌,,,,,,,no_image
96086,Cycas dolichophylla,长叶苏铁,,,,,,,no_image
96115,Cyclea meeboldii,云南轮环藤,,,,,,,no_image
3804,Cycladicama abbreviata,短圆蛤,,,,,,,no_image
96123,Cyclocarya paliurus,青钱柳,,,,,,,no_image
10996,Cyclosa bihamata,双钩艾蛛,,,,,,,no_image
137,Cyclodius obscurus,昏暗圆瘤蟹,,,,,,,no_image
150105,Cyclomyces cichoriaceus,亚环褶菌,,,,,,,no_image
11185,Cyclosa octotuberculata,八瘤艾蛛,,,,,,,no_image
96144,Cyclosorus acuminatus,渐尖毛蕨,,,,,,,no_image
96186,Cyclosorus procerus,高毛蕨,,,,,,,no_image
96166,Cyclosorus hokouensis,河口毛蕨,,,,,,,no_image
96206,Cylindrocolea kiaeri,鳞叶筒萼苔,,,,,,,no_image
5430,Cyclotellina remies,肋纹环樱蛤,,,,,,,no_image
32618,Cydia trasias,国槐小卷蛾,,,,,,,no_image
32627,Cylindilla makiharai,,,,,,,,no_image
32643,Cylindromyia luciflua,梭筒腹寄蝇,,,,,,,no_image
32655,Cylindrotoma fokiensis,福建烛大蚊,,,,,,,no_image
3514,Cymadusa vadosa,滩浪钩虾,,,,,,,no_image
8588,Cymatium mundum,小白嵌线螺,,,,,,,no_image
96238,Cymbidium dayanum,冬凤兰,,,,,,,no_image
32667,Cymatophoropsis sinuata,斑蕊夜蛾,,,,,,,no_image
96258,Cymbidium lowianum,碧玉兰,,,,,,,no_image
96278,Cymbidium tortisepalum,莲瓣兰,,,,,,,no_image
96302,Cymbopogon microstachys,细穗香茅,,,,,,,no_image
96313,Cymodocea rotundata,丝粉藻,,,,,,,no_image
96331,Cynanchum corymbosum,刺瓜,,,,,,,no_image
96354,Cynanchum officinale,朱砂藤,,,,,,,no_image
96374,Cynodontium sinensifugax,曲柄狗牙藓,,,,,,,no_image
75063,Cynoglossus joyneri,焦氏舌鳎,,,,,,,no_image
96402,Cyperus cephalotes,少花穗莎草,,,,,,,no_image
75099,Cyornis brunneatus,白喉林鹟,,,,,,,no_image
75083,Cynoglossus yokomaru,高额舌鳎,,,,,,,no_image
96429,Cyperus hakonensis,箱根莎草,,,,,,,no_image
96451,Cyperus orthostachyus,三轮草,,,,,,,no_image
32684,Cypha ampliata,,,,,,,,no_image
18949,Cyphoderus hrdyi,,,,,,,,no_image
2393,Cypraea tigris,虎斑宝贝,,,,,,,no_image
75132,Cyprinus yilongensis,异龙鲤,,,,,,,no_image
96502,Cypripedium lentiginosum,长瓣杓兰,,,,,,,no_image
32725,Cyrta orientala,东方弓背叶蝉,,,,,,,no_image
13260,Cyrba ocellata,眼双管跳蛛,,,,,,,no_image
3440,Cyproidea robusta,强壮西普钩虾,,,,,,,no_image
11252,Cyrtarachne pallida,白曲腹蛛,,,,,,,no_image
32741,Cyrtoclytus ohbayashii,,,,,,,,no_image
32747,Cyrtodiopsis plauta,平曲突眼蝇,,,,,,,no_image
96539,Cyrtomium chingianum,秦氏贯众,,,,,,,no_image
96559,Cyrtomium serratum,尖齿贯众,,,,,,,no_image
10893,Cyrtophora bicauda,双尾云斑蛛,,,,,,,no_image
32772,Cyrtorhinus lividipennis,黑肩绿盔盲蝽,,,,,,,no_image
145255,Cystolepiota sistrata,嘎声泡襄环柄菇,,,,,,,no_image
145235,Cystoderma fulvolateritium,,,,,,,,no_image
12848,Cytaea tongi,佟氏胞蛛,,,,,,,no_image
141515,Cytospora carphosperma,,,,,,,,no_image
141535,Cytospora pinastri,,,,,,,,no_image
133447,Dacampia hookeri,,,,,,,,no_image
152785,Dacrymyces tortus,斑点花耳,,,,,,,no_image
142811,Dactylaria hoogii,,,,,,,,no_image
32793,Dactylispa burmana,缅甸趾铁甲,,,,,,,no_image
32815,Dactylispa gressitti,光缘叉趾铁甲,,,,,,,no_image
139499,Dactylella nuorilangana,,,,,,,,no_image
96595,Dactylicapnos leiosperma,平滑籽紫金龙,,,,,,,no_image
32857,Dactylispa sauteri,红端趾铁甲,,,,,,,no_image
32837,Dactylispa miyamotoi,褐斑趾铁甲,,,,,,,no_image
15622,Dactylochelifer gansuensis,甘肃指螯伪蝎,,,,,,,no_image
32899,Dacus sphaeroidalis,圆斑棍腹实蝇,,,,,,,no_image
96607,Dactylorhiza hatagirea,掌裂兰,,,,,,,no_image
75166,Dalatias licha,铠鲨,,,,,,,no_image
96632,Dalbergia oliveri,中南黄檀,,,,,,,no_image
144593,Daldinia eschscholzii,,,,,,,,no_image
32926,Damalis pallidus,浙江阔头食虫虻,,,,,,,no_image
32936,Danaus genutia,虎斑蝶,,,,,,,no_image
8885,Damaeus exspinosus,缺刺珠甲螨,,,,,,,no_image
96668,Daphne altaica,阿尔泰瑞香,,,,,,,no_image
96690,Daphne holosericea,丝毛瑞香,,,,,,,no_image
4182,Daphnella nobilis,华丽桂螺,,,,,,,no_image
96717,Daphne pseudomezereum,东北瑞香,,,,,,,no_image
96736,Daphniphyllum longeracemosum,长序虎皮楠,,,,,,,no_image
5279,Dardanus deformis,畸形真寄居蟹,,,,,,,no_image
96750,Dasiphora parvifolia,小叶金露梅,,,,,,,no_image
75172,Dascyllus melanurus,黑尾宅泥鱼,,,,,,,no_image
33007,Dasyhelea ani,安氏毛蠓,,,,,,,no_image
32989,Dasychira pennatula,钩茸毒蛾,,,,,,,no_image
75183,Dasyatis navarrae,奈氏魟,,,,,,,no_image
33027,Dasyhelea calycata,花蕊毛蠓,,,,,,,no_image
33047,Dasyhelea dilatatus,扩张毛蠓,,,,,,,no_image
33107,Dasyhelea ludingensis,泸定毛蠓,,,,,,,no_image
33067,Dasyhelea flavoscutellata,黄盾毛蠓,,,,,,,no_image
33087,Dasyhelea hirsuta,蓬松毛蠓,,,,,,,no_image
33147,Dasyhelea rugula,皱缩毛蠓,,,,,,,no_image
33127,Dasyhelea oliva,榄绿毛蠓,,,,,,,no_image
33198,Dasyphora trichosterna,毛胸毛蝇,,,,,,,no_image
33187,Dasymallomyia signata,斑痣毛大蚊,,,,,,,no_image
33167,Dasyhelea taiwana,台湾毛蠓,,,,,,,no_image
138559,Dasyscyphus controversus,,,,,,,,no_image
138579,Dasyscyphus niveus,雪白毛钉菌,,,,,,,no_image
138462,Dasyscyphella indica,,,,,,,,no_image
33249,Dayao emeiensis,,,,,,,,no_image
33214,Dasysyrphus albostriatus,白纹毛蚜蝇,,,,,,,no_image
96788,Davidia involucrata,珙桐,,,,,,,no_image
96766,Datura metel,洋金花,,,,,,,no_image
15760,Decapauropus apicalis,尖端十别少足,,,,,,,no_image
75189,Decapterus kurroides,无斑圆鲹,,,,,,,no_image
33253,Decetia pallidaria,波纹尖翅蛱蛾,,,,,,,no_image
33261,Decursusnirvana excelsa,端黑对突叶蝉,,,,,,,no_image
96820,Deinostema violacea,泽番椒,,,,,,,no_image
33296,Delia angustissima,瘦腹地种蝇,,,,,,,no_image
33270,Deilephila nerii,绿白腰天蛾,,,,,,,no_image
33316,Delia dolichosternita,长板地种蝇,,,,,,,no_image
33336,Delia hohxiliensis,可可西里地种蝇,,,,,,,no_image
33376,Delia quadrilateralis,梯叶地种蝇,,,,,,,no_image
33356,Delia minutigrisea,小灰地种蝇,,,,,,,no_image
33396,Delia turcmenica,突厥地种蝇,,,,,,,no_image
33443,Deliodes reelsi,,,,,,,,no_image
96912,Delphinium furcatocornutum,叉角翠雀花,,,,,,,no_image
96843,Delphinium beesianum,宽距翠雀花,,,,,,,no_image
96878,Delphinium chrysotrichum,黄毛翠雀花,,,,,,,no_image
96944,Delphinium huashanicum,华山翠雀花,,,,,,,no_image
96995,Delphinium mollipilum,软毛翠雀花,,,,,,,no_image
96973,Delphinium laxicymosum,聚伞翠雀花,,,,,,,no_image
97025,Delphinium pomeense,波密翠雀花,,,,,,,no_image
97083,Delphinium tarbagataicum,新塔翠雀花,,,,,,,no_image
97054,Delphinium quinqueflorum,五花翠雀花,,,,,,,no_image
97114,Delphinium weiningense,威宁翠雀花,,,,,,,no_image
279,Demania intermedia,中型鳞斑蟹,,,,,,,no_image
97137,Delphinium zhaosuense,昭苏翠雀花,,,,,,,no_image
33465,Demicryptochironomus yui,于氏拟隐摇蚊,,,,,,,no_image
33503,Demonax langsonius,,,,,,,,no_image
33483,Demonax elongatus,,,,,,,,no_image
33526,Demonax olivaceus,,,,,,,,no_image
33546,Demonax sausai,,,,,,,,no_image
97302,Dendro-hypnum reinwardtii,落叶树形藓,,,,,,,no_image
33566,Demonax vendibilis,,,,,,,,no_image
33586,Demotina montana,高山茶肖叶甲,,,,,,,no_image
97155,Dendrobium compactum,草石斛,,,,,,,no_image
97175,Dendrobium gratiosissimum,杯鞘石斛,,,,,,,no_image
97218,Dendrobium praecinctum,独龙石斛,,,,,,,no_image
97195,Dendrobium lindleyi,聚石斛,,,,,,,no_image
97260,Dendrocalamus latiflorus,麻竹,,,,,,,no_image
97238,Dendrobium williamsonii,黑毛石斛,,,,,,,no_image
97284,Dendrocalamus tomentosus,毛龙竹,,,,,,,no_image
33596,Dendroleon callipterum,丽翅树蚁蛉,,,,,,,no_image
97297,Dendrocnide meyeniana,咬人狗,,,,,,,no_image
33618,Dendrolimus monticola,双波松毛虫,,,,,,,no_image
97312,Dendrolobium triangulare,假木豆,,,,,,,no_image
97328,Dendropanax stellatus,星柱树参,,,,,,,no_image
142829,Dendrothele commixta,,,,,,,,no_image
8778,Dentalium javanum,爪哇角贝,,,,,,,no_image
12781,Dendryphantes fusconotatus,褐色追蛛,,,,,,,no_image
97355,Deparia brevipinna,短羽蛾眉蕨,,,,,,,no_image
152019,Dentipellis acystidia,,,,,,,,no_image
97377,Deparia japonica,假蹄盖蕨,,,,,,,no_image
33684,Deraeocoris insularis,海岛齿爪盲蝽,,,,,,,no_image
97407,Deparia shennongensis,华中蛾眉蕨,,,,,,,no_image
33664,Deraeocoris angustiverticalis,窄顶齿爪盲蝽,,,,,,,no_image
33730,Dere reticulala,,,,,,,,no_image
33704,Deraeocoris sanghonami,大田齿爪盲蝽,,,,,,,no_image
134739,Dermatocarpon muehlenbergii,,,,,,,,no_image
33741,Deroca crystalla,粉晶钩蛾,,,,,,,no_image
97456,Derris tonkinensis,东京鱼藤,,,,,,,no_image
97434,Derris breviramosa,短枝鱼藤,,,,,,,no_image
97471,Desmodium heterocarpon,,,,,,,,no_image
4967,Desmoscolex americanus,美洲项链线虫,,,,,,,no_image
97486,Deutzia aspera,马桑溲疏,,,,,,,no_image
97513,Deutzia grandiflora,大花溲疏,,,,,,,no_image
33790,Dexagria sinuata,曲木野麻蝇,,,,,,,no_image
97544,Deutzia silvestrii,红花溲疏,,,,,,,no_image
97575,Deyeuxia nyingchiensis,林芝野青茅,,,,,,,no_image
97555,Deyeuxia anthoxanthoides,短毛野青茅,,,,,,,no_image
33810,Dexiomimops fuscata,暗邻寄蝇,,,,,,,no_image
5584,Diadema setosa,刺冠海胆,,,,,,,no_image
33839,Dialineura kikowensis,溪口粗柄剑虻,,,,,,,no_image
33859,Diamesa veletensis,瓦莱特寡角摇蚊,,,,,,,no_image
33876,Dianous asperifrons,,,,,,,,no_image
33898,Dianous coeruleotinctus,,,,,,,,no_image
33941,Dianous lobatipes,,,,,,,,no_image
33918,Dianous fellowesianus,,,,,,,,no_image
33961,Dianous ruginosus,,,,,,,,no_image
33981,Dianous taiwanensis,,,,,,,,no_image
34001,Dianphasma microptera,微翅滇䗛,,,,,,,no_image
97615,Dianthus soongoricus,准噶尔石竹,,,,,,,no_image
34034,Diaphorus luteipes,黄腿异长足虻,,,,,,,no_image
34014,Diaphorus centriflavus,中黄异长足虻,,,,,,,no_image
75290,Diaphus phillipsi,菲氏眶灯鱼,,,,,,,no_image
34054,Diaphorus xizangensis,西藏异长足虻,,,,,,,no_image
141349,Diaporthe melonis,,,,,,,,no_image
34080,Diarsia flavibrunnea,黄褐歹夜蛾,,,,,,,no_image
34057,Diarsia acharista,元歹夜蛾,,,,,,,no_image
34100,Diarsia tibetica,藏歹夜蛾,,,,,,,no_image
144520,Diatrype macounii,,,,,,,,no_image
34116,Dibrachys kojimae,科氏黑青金小蜂,,,,,,,no_image
34124,Dicarca fluviatilis,河蛛寄蝇,,,,,,,no_image
34162,Dichaetomyia sinica,中华重毫蝇,,,,,,,no_image
34142,Dichaetomyia flavipalpis,黄须重毫蝇,,,,,,,no_image
138951,Dicephalospora calochroa,二头孢盘菌,,,,,,,no_image
34182,Dichaetophora sakagamii,阪上双鬃果蝇,,,,,,,no_image
97646,Dichocarpum dalzielii,蕨叶人字果,,,,,,,no_image
97668,Dichroa mollissima,海南常山,,,,,,,no_image
97677,Dicksonia arborescens,蚌壳蕨,,,,,,,no_image
97659,Dichondra micrantha,马蹄金,,,,,,,no_image
97689,Dicranella fukienensis,福建小曲尾藓,,,,,,,no_image
97703,Dicranodontium didictyon,山地青毛藓,,,,,,,no_image
34223,Dicranomyia cingulifera,绕细大蚊,,,,,,,no_image
34243,Dicranomyia inscita,丑细大蚊,,,,,,,no_image
34263,Dicranomyia perobtusa,钝细大蚊,,,,,,,no_image
34283,Dicranomyia tenuifilamentosa,丝细大蚊,,,,,,,no_image
34293,Dicranophragma ignavum,懒篱大蚊,,,,,,,no_image
34306,Dicranoptycha vulpes,狐褶大蚊,,,,,,,no_image
34322,Dicranota biloba,双叶叉大蚊,,,,,,,no_image
97731,Dicranum bonjeanii,细肋曲尾藓,,,,,,,no_image
97751,Dicranum montanum,直毛藓,,,,,,,no_image
34339,Dicrotendipes flexus,弯曲二叉摇蚊,,,,,,,no_image
34350,Dictenidia bimaculata,双斑偶栉大蚊,,,,,,,no_image
13599,Dictyna major,大卷叶蛛,,,,,,,no_image
148472,Dictyolus boninensis,,,,,,,,no_image
97770,Dictyosphaeria cavernosa,网球藻,,,,,,,no_image
133465,Dictyosporium prolificum,,,,,,,,no_image
34390,Dideoides qinlingensis,秦岭直脉蚜蝇,,,,,,,no_image
34372,Dicyphus angustifolius,狭显胝盲蝽,,,,,,,no_image
97777,Didymocarpus aromaticus,互叶长蒴苣苔,,,,,,,no_image
97802,Didymocarpus stenocarpus,细果长蒴苣苔,,,,,,,no_image
97824,Didymodon giganteus,大对齿藓,,,,,,,no_image
142858,Didymoporisporonites psilatus,,,,,,,,no_image
97846,Didymodon subandreaeoides,黑叶对齿藓,,,,,,,no_image
34409,Dietheria fasciata,四带二鬃实蝇,,,,,,,no_image
97864,Dieffenbachia bowmannii,白斑黛粉芋,,,,,,,no_image
97890,Digitaria longiflora,长花马唐,,,,,,,no_image
34436,Dilar dulongjiangensis,独龙江栉角蛉,,,,,,,no_image
34417,Diglyphomorphomyia nigra,黑雕姬小蜂,,,,,,,no_image
34456,Dilar subdolus,江苏栉角蛉,,,,,,,no_image
34469,Dilophus hummeli,肩棘毛蚊,,,,,,,no_image
136783,Dimerella epiphylla,,,,,,,,no_image
142870,Dinemasporium asetulum,,,,,,,,no_image
34490,Dindica olivacea,橄榄峰尺蛾,,,,,,,no_image
34481,Dimia formosana,台湾狄盲蝽,,,,,,,no_image
75346,Dinopium benghalense,小金背啄木鸟,,,,,,,no_image
34524,Dinera miranda,米兰迪内寄蝇,,,,,,,no_image
34575,Diochus japonicus,,,,,,,,no_image
34555,Dinothenarus szechuanensis,,,,,,,,no_image
5267,Diogener investigatoris,粒螯活额寄居蟹,,,,,,,no_image
34591,Dioides rufescinasus,红鼻异缟蝇,,,,,,,no_image
97941,Dioscorea alata,参薯,,,,,,,no_image
97971,Dioscorea futschauensis,福州薯蓣,,,,,,,no_image
97999,Dioscorea simulans,马肠薯蓣,,,,,,,no_image
98021,Diospyros chunii,崖柿,,,,,,,no_image
98041,Diospyros inflata,囊萼柿,,,,,,,no_image
98064,Diospyros potingensis,保亭柿,,,,,,,no_image
34615,Diostracus nishiyamai,黄须巨口长足虻,,,,,,,no_image
98085,Diospyros yunnanensis,云南柿,,,,,,,no_image
98088,Dipelta elegans,优美双盾木,,,,,,,no_image
34631,Diphtherocome metaphaea,云青夜蛾,,,,,,,no_image
34642,Diplatys flavithoracicus,黄胸丝尾螋,,,,,,,no_image
98103,Diphyscium lorifolium,厚叶短颈藓,,,,,,,no_image
98126,Diplazium changjiangense,昌江短肠蕨,,,,,,,no_image
98151,Diplazium himalayense,褐色短肠蕨,,,,,,,no_image
98175,Diplazium megaphyllum,大羽短肠蕨,,,,,,,no_image
98199,Diplazium serratifolium,锯齿双盖蕨,,,,,,,no_image
98224,Diplazium wheeleri,短果短肠蕨,,,,,,,no_image
34653,Diplocladius cultriger,痣双突摇蚊,,,,,,,no_image
75395,Diploderma slowinskii,怒江攀蜥,,,,,,,no_image
75375,Diploderma fasciatum,横纹攀蜥,,,,,,,no_image
131803,Diplodia morina,,,,,,,,no_image
142878,Diplomitoporus crustulinus,硬二丝孔菌,,,,,,,no_image
34668,Diplonevra trapezia,梯突栅蚤蝇,,,,,,,no_image
98250,Diplopterygium chinense,中华里白,,,,,,,no_image
98258,Diplospora fruticosa,毛狗骨柴,,,,,,,no_image
11462,Dipoena adunca,钩圆腹蛛,,,,,,,no_image
11425,Dipoena wangi,王氏圆腹蛛,,,,,,,no_image
142894,Diporicellaesporites stacyi,,,,,,,,no_image
9773,Diptacus actinodaphne,,,,,,,,no_image
9730,Diptacus maackiae,,,,,,,,no_image
98273,Dipteris conjugata,双扇蕨,,,,,,,no_image
9829,Diptilomiopus loropetali,,,,,,,,no_image
75424,Dipus deasyi,塔里木跳鼠,,,,,,,no_image
9722,Diptilomiopus candidus,,,,,,,,no_image
139689,Discina caroliniana,肉色平盘菌,,,,,,,no_image
34692,Discestra furca,灰歧夜蛾,,,,,,,no_image
75436,Discocheilus wui,伍氏盘口鲮,,,,,,,no_image
34708,Discolampa ethion,檠灰蝶,,,,,,,no_image
98299,Disporopsis fuscopicta,竹根七,,,,,,,no_image
9972,Disella cylindrokeluphae,,,,,,,,no_image
98319,Disporum trabeculatum,横脉万寿竹,,,,,,,no_image
34734,Distenia orientalis,,,,,,,,no_image
98339,Distichophyllum cuspidatum,尖叶黄藓,,,,,,,no_image
1040,Distolasterias nipon,日本长腕海盘车,,,,,,,no_image
132363,Distothelia isthmospora,峡孢散乳头菌,,,,,,,no_image
15511,Ditha proxima,近迪伪蝎,,,,,,,no_image
34791,Ditrigona media,胱白钧蛾,,,,,,,no_image
98383,Ditrichum tortuloides,拟扭叶牛毛藓,,,,,,,no_image
98386,Diuranthera major,鹭鸶草,,,,,,,no_image
34826,Dixella moyeana,莫邪长细蚊,,,,,,,no_image
98390,Dobinea vulgaris,九子母,,,,,,,no_image
14305,Doenitzius pruvus,纯净樱蛛,,,,,,,no_image
34849,Docosia monstrosa,非常多菌蚊,,,,,,,no_image
34887,Dohrniphora modesta,默低栓蚤蝇,,,,,,,no_image
34920,Dolichocolon paradoxum,奇长芒寄蝇,,,,,,,no_image
34932,Dolichopeza adela,黄褐裸纤足大蚊,,,,,,,no_image
34952,Dolichopeza paucisetosa,折脉华纤足大蚊,,,,,,,no_image
5952,Dolicheremaeus attenuatus,渐尖隐甲螨,,,,,,,no_image
34971,Dolichopus agilis,钝角长足虻,,,,,,,no_image
34991,Dolichopus grunini,双叶长足虻,,,,,,,no_image
35011,Dolichopus obscuripes,黑端短柄长足虻,,,,,,,no_image
35031,Dolichopus ungulatus,三鬃长足虻,,,,,,,no_image
16934,Dolichosaccus cheloniae,海龟长囊吸虫,,,,,,,no_image
98417,Dolomiaea platylepis,平苞川木香,,,,,,,no_image
35073,Domene cultrata,,,,,,,,no_image
12636,Dolomedes horishanus,黑脊狡蛛,,,,,,,no_image
35056,Dolichosciara semiferruginea,半锈突眼蕈蚊,,,,,,,no_image
8850,Dometorina praedatoria,普通庭甲螨,,,,,,,no_image
98431,Dontostemon dentatus,花旗杆,,,,,,,no_image
35099,Doratopsylla araea,尼泊尔叉蚤,,,,,,,no_image
98451,Doronicum stenoglossum,狭舌多榔菊,,,,,,,no_image
35125,Dorcadion rufogenuum,,,,,,,,no_image
144644,Dothiora sorbi,,,,,,,,no_image
75463,Doryrhamphus japonicus,日本矛吻海龙,,,,,,,no_image
374,Dosinia amphidesmoides,拟双带镜蛤,,,,,,,no_image
35177,Downesia nigripennis,黑鞘平脊甲,,,,,,,no_image
98465,Draba calcicola,灰岩葶苈,,,,,,,no_image
98485,Draba ladyginii,苞序葶苈,,,,,,,no_image
35191,Drabescoides undomarginata,波缘阔颈叶蝉,,,,,,,no_image
98505,Draba senilis,衰老葶苈,,,,,,,no_image
35211,Drabescus minipenis,细茎胫槽叶蝉,,,,,,,no_image
98525,Dracaena impressivenia,深脉龙血树,,,,,,,no_image
98543,Dracocephalum microphyton,小青兰,,,,,,,no_image
12268,Draconarius absentis,缺龙隙蛛,,,,,,,no_image
12296,Draconarius budanlaensis,布丹拉龙隙蛛,,,,,,,no_image
12344,Draconarius digitusiformis,指形龙隙蛛,,,,,,,no_image
12367,Draconarius himalayaensis,喜马龙隙蛛,,,,,,,no_image
12496,Draconarius lutulentus,污浊龙隙蛛,,,,,,,no_image
12332,Draconarius paralutulentus,拟污浊龙隙蛛,,,,,,,no_image
12326,Draconarius syzygiatus,双轮龙隙蛛,,,,,,,no_image
12118,Draconarius retrotubularis,外突龙隙蛛,,,,,,,no_image
12489,Draconarius wolongensis,卧龙龙隙蛛,,,,,,,no_image
35230,Drapetis elongata,长角隐肩舞虻,,,,,,,no_image
13735,Drassyllus shaanxiensis,陕西近狂蛛,,,,,,,no_image
18069,Drawida beiganica,北竿杜拉蚓,,,,,,,no_image
13729,Drassodes lapidosus,石掠蛛,,,,,,,no_image
18061,Drawida syringa,管状杜拉蚓,,,,,,,no_image
35260,Drepana rufofasciata,西藏镰钩蛾,,,,,,,no_image
98594,Drepanolejeunea grandis,大角鳞苔,,,,,,,no_image
35268,Drepanosticta hongkongensis,香港镰扁蟌,,,,,,,no_image
35283,Drino bancrofti,班氏赘寄蝇,,,,,,,no_image
98618,Drosera burmanni,锦地罗,,,,,,,no_image
35303,Drino longiseta,长鬃赘寄蝇,,,,,,,no_image
35330,"Drosophila auriculataToda,",耳形果蝇,,,,,,,no_image
35350,Drosophila busckii,巴氏果蝇,,,,,,,no_image
35390,Drosophila kanekoi,金子氏果蝇,,,,,,,no_image
35370,Drosophila fulva,黄果蝇,,,,,,,no_image
35431,Drosophila neohypocausta,新雄黑果蝇,,,,,,,no_image
35410,Drosophila longifrons,长额果蝇,,,,,,,no_image
35451,Drosophila paravibrissina,拟髭果蝇,,,,,,,no_image
35472,Drosophila quinquestriata,五条纹果蝇,,,,,,,no_image
35514,Drosophila trilutea,三暗黄果蝇,,,,,,,no_image
35492,Drosophila spuricurviceps,拟弯头果蝇,,,,,,,no_image
17475,Drupa clathrata,窗格核果螺,,,,,,,no_image
35542,Drusilla obliqua,,,,,,,,no_image
35557,Drymeia beelzebub,魔胡蝇,,,,,,,no_image
35577,Drymeia gongshanensis,贡山胡蝇,,,,,,,no_image
35598,Drymeia nitiventris,亮腹胡蝇,,,,,,,no_image
98644,Drynaria propinqua,石莲姜槲蕨,,,,,,,no_image
35618,Drymeia stenoperistoma,直颊胡蝇,,,,,,,no_image
98656,Dryopteris acutodentata,尖齿鳞毛蕨,,,,,,,no_image
98678,Dryopteris christensenae,离轴红腺蕨,,,,,,,no_image
98702,Dryopteris enneaphylla,宜昌鳞毛蕨,,,,,,,no_image
98724,Dryopteris handeliana,边生鳞毛蕨,,,,,,,no_image
98744,Dryopteris kinkiensis,京鹤鳞毛蕨,,,,,,,no_image
98764,Dryopteris minor,小鳞毛蕨,,,,,,,no_image
98786,Dryopteris pseudosparsa,假稀羽鳞毛蕨,,,,,,,no_image
98806,Dryopteris sikkimensis,锡金鳞毛蕨,,,,,,,no_image
98828,Dryopteris subtsushimensis,拟对马鳞毛蕨,,,,,,,no_image
98850,Dryopteris xunwuensis,寻乌鳞毛蕨,,,,,,,no_image
98868,Drypetes obtusa,钝叶核果木,,,,,,,no_image
98879,Dubyaea jinyangensis,金阳厚喙菊,,,,,,,no_image
35654,Dudua aprobola,灰白条小卷蛾,,,,,,,no_image
98899,Dumasia henryi,长圆叶山黑豆,,,,,,,no_image
98922,Dunbaria lecomtei,长序野扁豆,,,,,,,no_image
35666,Duroniella gracilis,长角垫蝗,,,,,,,no_image
5529,Dyopedos,,,,,,,,no_image
35670,Dymasius aureofulvescens,,,,,,,,no_image
35693,Dysgonia fulvotaenia,宽巾夜蛾,,,,,,,no_image
35710,Dysmicoccus multivorus,苜洁粉蚧,,,,,,,no_image
98946,Dysosma majoensis,贵州八角莲,,,,,,,no_image
35718,Dysphaea gloriosa,华丽暗溪蟌,,,,,,,no_image
35761,Dzhanokmenia karamayica,克拉玛依宽脉啮小蜂,,,,,,,no_image
35740,Dysstroma latefasciata,白点涤尺蛾,,,,,,,no_image
35781,Earinus albopilosus,白毛全脉茧蜂,,,,,,,no_image
35789,Eblisia pagana,田舍短卵阎甲,,,,,,,no_image
35800,Eccedoxa selena,新月埃克祝蛾,,,,,,,no_image
75517,Echidna delicatula,棕斑蛇鳝,,,,,,,no_image
35821,Echinocerus floralis,,,,,,,,no_image
145266,Echinoderma pseudoasperulum,,,,,,,,no_image
8170,Echinophyllia echinata,棘芬刺叶珊瑚,,,,,,,no_image
75523,Echinotriton chinhaiensis,镇海棘螈,,,,,,,no_image
35842,Ecliptopera capitata,首折线尺蛾,,,,,,,no_image
99002,Echinops ritro,硬叶蓝刺头,,,,,,,no_image
75527,Ecsenius bathi,巴氏异齿鳚,,,,,,,no_image
35885,Ectopomyia baculigera,缘斑枝股实蝇,,,,,,,no_image
35877,Ectmetopterus maculipes,斑腿跃盲蝽,,,,,,,no_image
35887,Edaphosoma aratriventris,,,,,,,,no_image
35907,Edaphus aeneas,,,,,,,,no_image
35927,Edaphus denticulifrons,,,,,,,,no_image
35947,Edaphus lavinia,,,,,,,,no_image
35967,Edaphus perplexus,,,,,,,,no_image
35987,Edaphus viti,,,,,,,,no_image
16821,Egaenus rugosus,皱纹贫盲蛛,,,,,,,no_image
36015,Egesina tarsata,,,,,,,,no_image
36033,Egonociades discosticta,伊舟蛾,,,,,,,no_image
99040,Ehretia densiflora,密花厚壳树,,,,,,,no_image
36040,Eilema bomiensis,波密土苔蛾,,,,,,,no_image
36061,Eilema mino,微土苔蛾,,,,,,,no_image
7400,Eirene palkensis,帕克和平水母,,,,,,,no_image
36082,Elachertus sulcatus,沟面狭面姬小蜂,,,,,,,no_image
99087,Elaeagnus heterophylla,异叶胡颓子,,,,,,,no_image
99134,Elaeagnus viridis,绿叶胡颓子,,,,,,,no_image
99058,Elaeagnus argyi,佘山羊奶子,,,,,,,no_image
99114,Elaeagnus oldhamii,福建胡颓子,,,,,,,no_image
99158,Elaeocarpus dubius,显脉杜英,,,,,,,no_image
99188,Elaeocarpus petiolatus,长柄杜英,,,,,,,no_image
75551,Elaphe carinata,王锦蛇,,,,,,,no_image
134566,Elaphomyces granulatus,,,,,,,,no_image
36111,Elaphropeza flaviscutum,黄盾黄隐肩舞虻,,,,,,,no_image
36131,Elaphropeza maolana,茂兰黄隐肩舞虻,,,,,,,no_image
36151,Elaphropeza xanthina,黄色黄隐肩舞虻,,,,,,,no_image
2115,Elasmopus rapax,凶猛片钩虾,,,,,,,no_image
99214,Elatostema acuminatum,渐尖楼梯草,,,,,,,no_image
99240,Elatostema atrostriatum,黑纹楼梯草,,,,,,,no_image
99291,Elatostema crenatum,浅齿楼梯草,,,,,,,no_image
99267,Elatostema bracteosum,显苞楼梯草,,,,,,,no_image
99321,Elatostema edule,食用楼梯草,,,,,,,no_image
99373,Elatostema jianshanicum,尖山楼梯草,,,,,,,no_image
99349,Elatostema gungshanense,贡山楼梯草,,,,,,,no_image
99394,Elatostema longicuspe,长骤尖楼梯草,,,,,,,no_image
99418,Elatostema medogense,墨脱楼梯草,,,,,,,no_image
99472,Elatostema papillosum,微晶楼梯草,,,,,,,no_image
99442,Elatostema nasutum,托叶楼梯草,,,,,,,no_image
99519,Elatostema rhombiforme,菱叶楼梯草,,,,,,,no_image
99495,Elatostema pseudobrachyodontum,隆林楼梯草,,,,,,,no_image
99566,Elatostema tiechangense,铁厂楼梯草,,,,,,,no_image
99542,Elatostema strigillosum,微粗毛楼梯草,,,,,,,no_image
99586,Elatostema xanthotrichum,黄毛楼梯草,,,,,,,no_image
36189,Electrophaes moltrechti,平焰尺蛾,,,,,,,no_image
1868,Electra monilophora,项链琥珀苔虫,,,,,,,no_image
99612,Eleocharis kamtschatica,大基荸荠,,,,,,,no_image
99643,Elephantopus scaber,地胆草,,,,,,,no_image
99637,Eleocharis ussuriensis,乌苏里荸荠,,,,,,,no_image
151227,Elfvingia australis,,,,,,,,no_image
99654,Eleutherococcus giraldii,红毛五加,,,,,,,no_image
36229,Elimaea brachysterna,短板掩耳螽,,,,,,,no_image
36269,Elimaea wanningensis,万宁掩耳螽,,,,,,,no_image
36249,Elimaea nautica,舰掩耳螽,,,,,,,no_image
2503,Ellisina canui,凯氏爱莉苔虫,,,,,,,no_image
36287,Ellipteroides scutellumalbum,背圆大蚊,,,,,,,no_image
142921,Ellisembia flagelliformis,,,,,,,,no_image
99705,Elsholtzia kachinensis,水香薷,,,,,,,no_image
75575,Elopichthys bambusa,鳡,,,,,,,no_image
8448,Elthusa samariscii,沙鲽宽腹水虱,,,,,,,no_image
99783,Elymus fedtschenkoi,光鞘鹅观草,,,,,,,no_image
99811,Elymus multiramosus,多枝披碱草,,,,,,,no_image
99839,Elymus sibiricus,老芒麦,,,,,,,no_image
99752,Elymus burchan-buddae,短颖鹅观草,,,,,,,no_image
99865,Elytranthe albida,大苞鞘花,,,,,,,no_image
99877,Embelia laeta,酸藤子,,,,,,,no_image
75597,Emberiza elegans,黄喉鹀,,,,,,,no_image
75640,Emberiza variabilis,灰鹀,,,,,,,no_image
99891,Emilia fosbergii,缨绒花,,,,,,,no_image
36342,Emmesomyia suwai,諏访粪泉蝇,,,,,,,no_image
36359,Empis incurva,弯茎缺脉舞虻,,,,,,,no_image
36379,Empis pseudohystrichopyga,黄足缺脉舞虻,,,,,,,no_image
99902,Encalypta altunense,阿尔金山大帽藓,,,,,,,no_image
155357,Empusa conglomerata,,,,,,,,no_image
18436,Encentrum marinum,海洋中吻轮虫,,,,,,,no_image
17173,Encyclometra japonica,日本环宫吸虫,,,,,,,no_image
75655,Enchelycore bikiniensis,比基尼勾吻鳝,,,,,,,no_image
134745,Endocarpon aridum,,,,,,,,no_image
155789,Endogone alba,白内囊霉,,,,,,,no_image
137811,Endomelanconium phoenicicola,,,,,,,,no_image
142960,Endophragmiella fallacia,,,,,,,,no_image
36427,Endothenia gentianeana,植黑小卷蛾,,,,,,,no_image
142980,Endophragmiella valdiviana,,,,,,,,no_image
36434,Enispe euthymius,矩环蝶,,,,,,,no_image
75670,Engyprosopon keliaoense,柯祖短额鲆,,,,,,,no_image
75692,Enneapterygius flavoccipitis,黄项双线鳚,,,,,,,no_image
17186,Enodiotrema hainanensis,海南无节吸虫,,,,,,,no_image
11745,Enoplognatha yizhangensis,宜章齿螯蛛,,,,,,,no_image
36448,Ensiferella longispina,长刺扁芒秆蝇,,,,,,,no_image
36461,Entedon pumilae,榆小蠹灿姬小蜂,,,,,,,no_image
131603,Enterographa hainanensis,海南全缘衣,,,,,,,no_image
146086,Entoloma albidum,白粉褶蕈,,,,,,,no_image
99991,Entodon pylaisioides,锦叶绢藓,,,,,,,no_image
99971,Entodon chloropus,高原绢藓,,,,,,,no_image
146106,Entoloma bisporus,双孢粉褶菌,,,,,,,no_image
146126,Entoloma conferendum,,,,,,,,no_image
146146,Entoloma flavocerinum,黄肉色粉褶蕈,,,,,,,no_image
146166,Entoloma japonicum,日本粉褶菌,,,,,,,no_image
146186,Entoloma mexicanum,墨西哥粉褶蕈,,,,,,,no_image
146226,Entoloma sepium,,,,,,,,no_image
146206,Entoloma plebejum,,,,,,,,no_image
146246,Entoloma subplanum,近平盖粉褶蕈,,,,,,,no_image
146266,Entoloma viridomarginatum,绿缘粉褶蕈,,,,,,,no_image
155388,Entomophthora colorata,,,,,,,,no_image
19004,Entomobrya huangi,,,,,,,,no_image
155369,Entomophaga conglomerata,堆集噬虫霉,,,,,,,no_image
155408,Entomophthora grylli,,,,,,,,no_image
36501,Entoria guangdongensis,广东长肛䗛,,,,,,,no_image
155428,Entomophthora syrphi,,,,,,,,no_image
36522,Eodorcadion brandtii,,,,,,,,no_image
152810,Entorrhiza globoidea,,,,,,,,no_image
152827,Entyloma guizotiae,,,,,,,,no_image
36554,Eodorcadion potanini,,,,,,,,no_image
36581,Eoscyllina guangxiensis,广西埃蝗,,,,,,,no_image
75716,Eolagurus luteus,黄兔尾鼠,,,,,,,no_image
36590,Eospilarctia jordansi,肖褐带东灯蛾,,,,,,,no_image
9626,Eotetranychus geniculatus,,,,,,,,no_image
75747,Eothenomys shimianensis,石棉绒鼠,,,,,,,no_image
36610,Eoxizicus kulingensis,牯岭原栖螽,,,,,,,no_image
9586,Eotetranychus suginamensis,,,,,,,,no_image
36640,Epania pudens,,,,,,,,no_image
36629,Epacanthaclisis moiwanus,墨溪蚁蛉,,,,,,,no_image
15863,Epanerchodus latus,,,,,,,,no_image
36660,Epeurysa nengkaoensis,能高短头飞虱,,,,,,,no_image
100036,Ephedra monosperma,单子麻黄,,,,,,,no_image
36676,Ephesia fulminea,光裳夜蛾,,,,,,,no_image
36717,Epiblema foenella,白钩小卷蛾,,,,,,,no_image
36701,Ephies gahani,海南萤花天牛,,,,,,,no_image
36759,Epidiplosis campanulata,钟端突瘿蚊,,,,,,,no_image
36730,Epicypta acuminata,渐尖埃菌蚊,,,,,,,no_image
100046,Epigeneium clemensiae,厚唇兰,,,,,,,no_image
36750,Epicypta simplex,简单埃菌蚊,,,,,,,no_image
100062,Epilobium ciliatum,东北柳叶菜,,,,,,,no_image
100082,Epilobium roseum,长柄柳叶菜,,,,,,,no_image
8810,Epilohmannia pallida,白上罗甲螨大洋亚种,,,,,,,no_image
100108,Epimedium fargesii,川鄂淫羊藿,,,,,,,no_image
100152,Epimedium yinjiangense,印江淫羊藿,,,,,,,no_image
100128,Epimedium parvifolium,小叶淫羊藿,,,,,,,no_image
75770,Epinephelus fasciatus,横条石斑鱼,,,,,,,no_image
75790,Epinephelus rivulatus,霜点石斑鱼,,,,,,,no_image
36796,Epinotia tenerana,桤叶小卷蛾,,,,,,,no_image
36809,Epipedocera hardwickii,,,,,,,,no_image
36821,Epiphragma ancistrum,弯钩艾大蚊,,,,,,,no_image
36840,Epiplema flavistriga,后三齿蛱蛾,,,,,,,no_image
36851,Epipsestis bilineata,线平波纹蛾,,,,,,,no_image
11588,Episinus punctisparsus,散斑丘腹蛛,,,,,,,no_image
36875,Episcaphium catenatum,,,,,,,,no_image
36889,Episparis liturata,白线篦夜蛾,,,,,,,no_image
36937,Episyrphus cretensis,裂黑带蚜蝇,,,,,,,no_image
36917,Epistrophe horishana,宽带垂边蚜蝇,,,,,,,no_image
10008,Epitrimerus amomi,,,,,,,,no_image
10022,Epitrimerus nyingchicus,,,,,,,,no_image
36954,Epoicocladius flavens,黄色骑蜉摇蚊,,,,,,,no_image
75821,Equulites rivulatus,条马鲾,,,,,,,no_image
75812,Eptatretus okinoseanus,紫黏盲鳗,,,,,,,no_image
100212,Eragrostis hainanensis,海南画眉草,,,,,,,no_image
36992,Erebophasma nyalamensis,聂拉木冥夜蛾,,,,,,,no_image
37010,Ereis subfasciata,,,,,,,,no_image
100234,Eranthemum tetragonum,云南可爱花,,,,,,,no_image
37027,Eremobia decipiens,白线缓夜蛾,,,,,,,no_image
75839,Eremias yarkandensis,莎车麻蜥,,,,,,,no_image
100262,Eremogone grueningiana,华北老牛筋,,,,,,,no_image
100282,Eremosparton songoricum,准噶尔无叶豆,,,,,,,no_image
37033,Ergatettix dorsiferus,突眼蚱,,,,,,,no_image
100307,Erigeron annuus,一年蓬,,,,,,,no_image
37040,Erichsonius chinensis,,,,,,,,no_image
100327,Erigeron multifolius,密叶飞蓬,,,,,,,no_image
138605,Erinella hyalopoda,,,,,,,,no_image
14061,Erigomicronus longembolus,长栓微褶蛛,,,,,,,no_image
100348,Eriobotrya cavaleriei,大花枇杷,,,,,,,no_image
100367,Eriocaulon australe,毛谷精草,,,,,,,no_image
100391,Eriocaulon parvum,朝日谷精草,,,,,,,no_image
37056,Eriococcus corniculatus,角绒蚧,,,,,,,no_image
100409,Eriocycla albescens,绒果芹,,,,,,,no_image
37086,Eriopeltis koreanus,朝鲜背刺毡蜡蚧,,,,,,,no_image
10232,Eriophyes pyri,,,,,,,,no_image
37097,Erioptera luteiclavata,黄枝绵大蚊,,,,,,,no_image
37111,Eriosoma moriokense,盛冈绵蚜,,,,,,,no_image
10939,Eriovixia cavaleriei,卡氏毛园蛛,,,,,,,no_image
37149,Eristalis immaculatis,无斑管蚜蝇,,,,,,,no_image
100436,Erismanthus sinensis,轴花木,,,,,,,no_image
100439,Eritrichium axillare,腋花齿缘草,,,,,,,no_image
100459,Eritrichium longipes,长梗齿缘草,,,,,,,no_image
37166,Ernestinus brevis,微芋盲蝽,,,,,,,no_image
8112,Errina amoena,佳丽刺柱螅,,,,,,,no_image
100491,Erycibe elliptilimba,九来龙,,,,,,,no_image
100488,Erodium tibetanum,西藏牻牛儿苗,,,,,,,no_image
155432,Erynia aphidis,蚜虫疫霉,,,,,,,no_image
155452,Erynia gloeospora,,,,,,,,no_image
100505,Erysimum alaicum,帕米尔糖芥,,,,,,,no_image
100527,Erysimum repandum,粗梗糖芥,,,,,,,no_image
137944,Erysiphe aurea,,,,,,,,no_image
137984,Erysiphe huayinensis,,,,,,,,no_image
138004,Erysiphe palczewskii,,,,,,,,no_image
137964,Erysiphe cruchetiana,,,,,,,,no_image
138024,Erysiphe sedi,,,,,,,,no_image
100536,Erythranthe bodinieri,匍生沟酸浆,,,,,,,no_image
100555,Erythrina variegata,刺桐,,,,,,,no_image
100563,Erythroglossum minimum,小红舌藻,,,,,,,no_image
37205,Erythrus biimpressus,,,,,,,,no_image
100577,Eschenbachia aegyptiaca,埃及白酒草,,,,,,,no_image
14232,Estrandia grandaeva,华美奕蛛,,,,,,,no_image
1148,Estellarca olivacea,橄榄蚶,,,,,,,no_image
100588,Ethulia conyzoides,都丽菊,,,,,,,no_image
4328,Etrema culmea,乱丝腹螺,,,,,,,no_image
204,Etisus rhynchophorus,贼鼻滑面蟹,,,,,,,no_image
37260,Euagathis borneoensis,婆罗洲真径茧蜂,,,,,,,no_image
5170,Eualus spathulirostris,匙额安乐虾,,,,,,,no_image
37285,Eublemma anachoresis,迴猎夜蛾,,,,,,,no_image
37305,Eucalymnatus tessellatus,网蜡蚧,,,,,,,no_image
100617,Eucalyptus polyanthemos,多花桉,,,,,,,no_image
4494,Euchelus fossulatus,沟真蹄螺,,,,,,,no_image
37317,Eucera sociabilis,社会长须蜂,,,,,,,no_image
18497,Euchlanis meneta,盾片须足轮虫,,,,,,,no_image
100631,Euchresta japonica,山豆根,,,,,,,no_image
100638,Eucommia ulmoides,杜仲,,,,,,,no_image
37379,Euconnus schenklingi,,,,,,,,no_image
37396,Eucosma fulvana,蓟花小卷蛾,,,,,,,no_image
4347,Eucithara cylindrica,柱状纵肋螺,,,,,,,no_image
37411,Eucrostes disparata,小红点缘青尺蛾,,,,,,,no_image
37439,Eudemis albomacularis,白斑圆点小卷蛾,,,,,,,no_image
4398,Eucyclotoma hindsii,邢氏盘肋螺,,,,,,,no_image
37453,Euderus regiae,核桃艾姬小蜂,,,,,,,no_image
37467,Eudocima tyrannus,枯艳叶夜蛾,,,,,,,no_image
16896,Euepedanus flavimaculatus,黄斑实弱盲蛛,,,,,,,no_image
37485,Eudorylas megacephalus,巨头优头蝇,,,,,,,no_image
37513,Eugnosta magnificana,双斑银纹卷蛾,,,,,,,no_image
37533,Eugraphe xizangensis,西藏图夜蛾,,,,,,,no_image
37574,Euides speciosa,大斑飞虱,,,,,,,no_image
37552,Euhamitermes zhejianensis,浙江亮白蚁,,,,,,,no_image
100646,Eulalia micranthera,微药金茅,,,,,,,no_image
37597,Eulecanium kunoensis,日本球蜡蚧,,,,,,,no_image
37645,Eumea mitis,柔毛幽寄蝇,,,,,,,no_image
37621,Eulithis tertrivia,直纹尺蛾,,,,,,,no_image
100668,Eulophia macrobulbon,大茎美冠兰,,,,,,,no_image
37682,Eumymococcus smithii,球胸粉蚧,,,,,,,no_image
37655,Eumerosema dispar,异纯瘿蚊,,,,,,,no_image
12806,Euochin atrata,黑斑华蛛,,,,,,,no_image
37675,Eumerus sabulonum,红腹平颜蚜蝇,,,,,,,no_image
100698,Euonymus clivicola,岩坡卫矛,,,,,,,no_image
100738,Euonymus nanus,矮卫矛,,,,,,,no_image
100718,Euonymus hui,秀英卫矛,,,,,,,no_image
100760,Euonymus tashiroi,菱叶卫矛,,,,,,,no_image
37699,Euparatettix bimaculatus,二斑悠背蚱,,,,,,,no_image
12864,Euophrys everestensis,珠峰斑蛛,,,,,,,no_image
100791,Eupatorium nanchuanense,南川泽兰,,,,,,,no_image
37723,Eupeodes latilunulatus,宽月优蚜蝇,,,,,,,no_image
37741,Euphaea ochracea,黄翅溪蟌,,,,,,,no_image
100807,Euphorbia dentata,齿裂大戟,,,,,,,no_image
100827,Euphorbia hylonoma,湖北大戟,,,,,,,no_image
100847,Euphorbia milii,铁海棠,,,,,,,no_image
37749,Euphorus normalis,常优茧蜂,,,,,,,no_image
100889,Euphrasia jaeschkei,大花小米草,,,,,,,no_image
100867,Euphorbia sikkimensis,黄苞大戟,,,,,,,no_image
37776,Euphyia ochreata,双突游尺蛾,,,,,,,no_image
7464,Euphysora furcata,叉真囊水母,,,,,,,no_image
37808,Euplectrus maculiventris,斑腹距小蜂,,,,,,,no_image
4987,Euplectella marshalli,马氏偕老同穴,,,,,,,no_image
37849,Euploea modesta,谦和紫斑蝶,,,,,,,no_image
37827,Euplexia olivacea,霉锦夜蛾,,,,,,,no_image
37891,Euproctis chrysorrhoea,黄毒蛾,,,,,,,no_image
37931,Euproctis maculifasciata,黑带黄毒蛾,,,,,,,no_image
37911,Euproctis fumea,熏黄毒蛾,,,,,,,no_image
37875,Eupogoniopsis omeimontis,,,,,,,,no_image
37951,Euproctis praecurrens,眼黄毒蛾,,,,,,,no_image
37971,Euproctis uniformis,匀黄毒蛾,,,,,,,no_image
37988,Eupyrgota flavopilosa,黄毛真蜣蝇,,,,,,,no_image
38008,Eurema andersoni,安迪黄粉蝶,,,,,,,no_image
75932,Euroscaptor kuznetsovi,库氏鼹,,,,,,,no_image
100920,Eurhynchium squarrifolium,糙叶美喙藓,,,,,,,no_image
100961,Eurya japonica,柃木,,,,,,,no_image
100936,Eurya ciliata,华南毛柃,,,,,,,no_image
100985,Eurya patentipila,长毛柃,,,,,,,no_image
101009,Eurya subcordata,微心叶毛柃,,,,,,,no_image
38047,Euryclytosemia nomurai,,,,,,,,no_image
11464,Euryopis flavomaculata,黄斑宽胸蛛,,,,,,,no_image
38068,Eurystylomorpha crassrcornis,粗角缘顶盲蝽,,,,,,,no_image
38079,Euryusa pipitzi,,,,,,,,no_image
38097,Eusarima horaea,皓美萨瓢蜡蝉,,,,,,,no_image
38117,Eusarima versicolor,炫美萨瓢蜡蝉,,,,,,,no_image
38154,Eusphalerum hapalaraeoides,,,,,,,,no_image
6715,Eusiroides diplonyx,双佳钩虾,,,,,,,no_image
38174,Eusphalerum sichuanense,,,,,,,,no_image
38188,Eustalomyia hilaris,圆斑莠蝇,,,,,,,no_image
38226,Eustrotia yunnana,云文夜蛾,,,,,,,no_image
38200,Eustroma chalcoptera,金翅褥尺蛾,,,,,,,no_image
38241,Eutelia geyeri,漆尾夜蛾,,,,,,,no_image
38259,Eutetrapha shiqianensis,,,,,,,,no_image
38288,Euthalia khama,散斑翠蛱蝶,,,,,,,no_image
38330,Eutheia puetzi,,,,,,,,no_image
38355,Euthrix potatoria,草纹枯叶蛾,,,,,,,no_image
38373,Euthystira brachyptera,短翅直背蝗,,,,,,,no_image
38381,Eutolmus tolmeroides,切突食虫虻,,,,,,,no_image
101053,Eutrema salsugineum,盐芥,,,,,,,no_image
16132,Eutrichodesmus distinctus,,,,,,,,no_image
16130,Eutrichodesmus troglobius,,,,,,,,no_image
38423,Euxoa cursoria,行切夜蛾,,,,,,,no_image
144534,Eutypella russodes,,,,,,,,no_image
38400,Eutrichota socculata,同缘叉泉蝇,,,,,,,no_image
38443,Euxoa vitta,条切夜蛾,,,,,,,no_image
38483,Evacanthus taeniatus,条翅横脊叶蝉,,,,,,,no_image
38463,Evacanthus heimianus,黑面横脊叶蝉,,,,,,,no_image
142988,Everhartia lignatilis,,,,,,,,no_image
13018,Evarcha pseudopococki,伪波氏猎蛛,,,,,,,no_image
75982,Exallias brevis,短豹鳚,,,,,,,no_image
75956,Eviota albolineata,细点矶塘鳢,,,,,,,no_image
16303,Evippa benevola,仁慈艾狼蛛,,,,,,,no_image
38532,Exallonyx brevicornis,短角原叉齿细蜂,,,,,,,no_image
38572,Exallonyx glabriterebrans,光鞘叉齿细蜂,,,,,,,no_image
38552,Exallonyx dissitus,疏脊叉齿细蜂,,,,,,,no_image
38592,Exallonyx laevipropodeum,光腰叉齿细蜂,,,,,,,no_image
38612,Exallonyx nanlingensis,南岭叉齿细蜂,,,,,,,no_image
38632,Exallonyx penicioides,帚疤叉齿细蜂,,,,,,,no_image
38652,Exallonyx serratus,锯柄叉齿细蜂,,,,,,,no_image
38672,Exallonyx tianmushanensis,天目山叉齿细蜂,,,,,,,no_image
38692,Exallonyx yalini,雅林叉齿细蜂,,,,,,,no_image
148856,Exidiopsis galzinii,,,,,,,,no_image
152852,Exobasidium ovalifoliae,,,,,,,,no_image
38717,Exechiopsis pachyoda,粗齿外菌蚊,,,,,,,no_image
101083,Excoecaria acerifolia,云南土沉香,,,,,,,no_image
38748,Exocentrus immaculatus,,,,,,,,no_image
38768,Exocentrus subsolanus,,,,,,,,no_image
38726,Exocentrus becvari,,,,,,,,no_image
1115,Exogone fungopapillata,蘑须艾裂虫,,,,,,,no_image
134305,Exophiala spinifera,,,,,,,,no_image
38800,Exorista civilis,伞裙追寄蝇,,,,,,,no_image
38820,Exorista pseudorustica,拟乡追寄蝇,,,,,,,no_image
38833,Exothrips sacchari,蔗突蓟马,,,,,,,no_image
101103,Faberia ceterach,红冠花佩菊,,,,,,,no_image
142992,Exserticlava triseptata,,,,,,,,no_image
101118,Fabronia rostrata,毛尖碎米藓,,,,,,,no_image
101139,Fagus engleriana,米心水青冈,,,,,,,no_image
16627,Falcileptoneta monodactyla,单指镰弱蛛,,,,,,,no_image
38871,Falcotoya minuscula,细镰飞虱,,,,,,,no_image
38886,Falsomesosella subalba,,,,,,,,no_image
38906,Fannia atripes,黑足厕蝇,,,,,,,no_image
38946,Fannia ipinensis,宜宾厕蝇,,,,,,,no_image
38966,Fannia minutipalpis,小须厕蝇,,,,,,,no_image
38926,Fannia discoculea,异合尾厕蝇,,,,,,,no_image
38986,Fannia polystylodes,类多突厕蝇,,,,,,,no_image
101167,Fargesia cuspidata,尖尾箭竹,,,,,,,no_image
39006,Fannia sociella,拟刺厕蝇,,,,,,,no_image
101187,Fargesia hainanensis,海南箭竹,,,,,,,no_image
39026,Fannia xuei,薛氏厕蝇,,,,,,,no_image
101227,Fargesia ungulata,鸡爪箭竹,,,,,,,no_image
101207,Fargesia perlonga,超包箭竹,,,,,,,no_image
154953,Farysia orientalis,东方丝黑粉菌,,,,,,,no_image
4509,Fautor cheni,陈氏丽高螺,,,,,,,no_image
39039,Favintiga paragracilipenis,拟细茎索突叶蝉,,,,,,,no_image
76026,Fejervarya kawamurai,川村陆蛙,,,,,,,no_image
151236,Favolus alveolarius,,,,,,,,no_image
135468,Fellhanera fuscatula,,,,,,,,no_image
8837,Fenestrella sinica,中华小窗甲螨,,,,,,,no_image
101258,Ferula dubjanskyi,沙生阿魏,,,,,,,no_image
39068,Ferdinandea cuprea,铜鬃胸蚜蝇,,,,,,,no_image
101280,Ferula sibirica,簇花芹,,,,,,,no_image
101299,Festuca cumminsii,纤毛羊茅,,,,,,,no_image
101321,Festuca liangshanica,凉山羊茅,,,,,,,no_image
148797,Fibulomyces mutabilis,,,,,,,,no_image
101346,Festuca tibetica,西藏羊茅,,,,,,,no_image
101365,Ficus abelii,石榕树,,,,,,,no_image
101414,Ficus heteromorpha,异叶榕,,,,,,,no_image
101389,Ficus daimingshanensis,大明山榕,,,,,,,no_image
101434,Ficus ovatifolia,卵叶榕,,,,,,,no_image
101474,Ficus semicordata,鸡嗉子榕,,,,,,,no_image
101499,Ficus variegata,杂色榕,,,,,,,no_image
39090,Filchnerella yongdengensis,永登短鼻蝗,,,,,,,no_image
101509,Filipendula angustiloba,细叶蚊子草,,,,,,,no_image
101523,Fimbristylis cinnamometorum,腺鳞飘拂草,,,,,,,no_image
101555,Fimbristylis microcarya,台北飘拂草,,,,,,,no_image
101580,Fimbristylis subbispicata,双穗飘拂草,,,,,,,no_image
101588,Firmiana colorata,火桐,,,,,,,no_image
101606,Fissidens capitulatus,糙蒴凤尾藓,,,,,,,no_image
101669,Fissistigma cavaleriei,独山瓜馥木,,,,,,,no_image
101689,Fissistigma xylopetalum,木瓣瓜馥木,,,,,,,no_image
101653,Fissidens pursellii,波瑟凤尾藓,,,,,,,no_image
101630,Fissidens gymnogynus,裸萼凤尾藓,,,,,,,no_image
39109,Fistulatus rectilineus,直管茎叶蝉,,,,,,,no_image
148195,Flammula penetrans,苦木菇,,,,,,,no_image
101690,Flacourtia indica,刺篱木,,,,,,,no_image
147718,Flammulina yunnanensis,云南冬菇,,,,,,,no_image
39131,Flavinarosa luna,月瑰刺蛾,,,,,,,no_image
12158,Flexicoelotes jiaohanyanensis,焦旱燕弯隙蛛,,,,,,,no_image
101703,Flemingia fluminalis,河边千斤拔,,,,,,,no_image
101736,Flickingeria shihfuana,世富金石斛,,,,,,,no_image
14367,Floronia bucculenta,三角弗蛛,,,,,,,no_image
76070,Foa fo,菲律宾腭竺鱼,,,,,,,no_image
18849,Folsomia nanjingensis,,,,,,,,no_image
18840,Folsomia agrelli,,,,,,,,no_image
18819,Folsomina yongxingensis,,,,,,,,no_image
151261,Fomes curtisii,,,,,,,,no_image
151301,Fomes preussii,,,,,,,,no_image
151281,Fomes longoporus,,,,,,,,no_image
151321,Fomes subperforatus,,,,,,,,no_image
150886,Fomitopsis palustris,瘤盖拟层孔菌,,,,,,,no_image
39150,Forcipomyia alatauensis,阿鲁套铗蠓,,,,,,,no_image
39170,Forcipomyia brachytoma,短锐铗蠓,,,,,,,no_image
150121,Fomitiporia hartigii,,,,,,,,no_image
39190,Forcipomyia daxingensis,大兴铗蠓,,,,,,,no_image
39230,Forcipomyia kitasirakawae,北九铗蠓,,,,,,,no_image
39210,Forcipomyia galbiventris,黄腹铗蠓,,,,,,,no_image
39250,Forcipomyia mercuratas,长柄铗蠓,,,,,,,no_image
39270,Forcipomyia persa,河神铗蠓,,,,,,,no_image
39310,Forcipomyia vertexcava,顶裂铗蠓,,,,,,,no_image
39290,Forcipomyia sahariensis,萨哈铗蠓,,,,,,,no_image
39330,Forda formicaria,蚁五节根蚜,,,,,,,no_image
39352,Forficula ornata,饰球螋,,,,,,,no_image
269,Forestia depressa,扁福氏蟹,,,,,,,no_image
39371,Formicococcus comantis,多毛蚁粉蚧,,,,,,,no_image
39383,Formosaphis micheliae,丽绵蚜,,,,,,,no_image
39403,Formosatettixoides wuyishanensis,武夷山拟台蚱,,,,,,,no_image
101804,Fossombronia japonica,日本小叶苔,,,,,,,no_image
101789,Forsstroemia noguchii,野口残齿藓,,,,,,,no_image
101829,Frangula longipes,长柄鼠李,,,,,,,no_image
101812,Fragaria nilgerrensis,黄毛草莓,,,,,,,no_image
101836,Fraxinus chinensis,白蜡树,,,,,,,no_image
19258,Friesea shaanxiensis,,,,,,,,no_image
101860,Fraxinus trifoliolata,三叶梣,,,,,,,no_image
39466,Frontopsylla hetera,异额蚤,,,,,,,no_image
101874,Fritillaria delavayi,梭砂贝母,,,,,,,no_image
101899,Frolovia frolowii,大序齿冠菊,,,,,,,no_image
101913,Frullania changii,张氏耳叶苔,,,,,,,no_image
39494,Fruhstorferiola huayinensis,华阴腹露蝗,,,,,,,no_image
101944,Frullania hainanensis,海南耳叶苔,,,,,,,no_image
101966,Frullania motoyana,短萼耳叶苔,,,,,,,no_image
101987,Frullania rhytidantha,微齿耳叶苔,,,,,,,no_image
102015,Frullania yuzawana,汤泽耳叶苔,,,,,,,no_image
137652,Fulgensia desertorum,荒漠拟橙衣,,,,,,,no_image
150134,Fulvifomes allardii,,,,,,,,no_image
39513,Fulvius dimidiatus,地尖头盲蝽,,,,,,,no_image
102033,Funaria pilifera,毛尖葫芦藓,,,,,,,no_image
7837,Fungiacyathus paliferus,栅菌杯珊瑚,,,,,,,no_image
39533,Furcula tibetana,藏燕尾舟蛾,,,,,,,no_image
142031,Fusarium acutatum,,,,,,,,no_image
142071,Fusarium oxysporum,,,,,,,,no_image
142051,Fusarium dlamini,,,,,,,,no_image
142091,Fusarium zeae,,,,,,,,no_image
137247,Fuscopannaria praetermissa,遗漏棕鳞衣,,,,,,,no_image
150168,Fuscoporia prunicola,,,,,,,,no_image
134263,Fusicladium pisicola,,,,,,,,no_image
141225,Fusoidispora aquatica,,,,,,,,no_image
39557,Gabrius disparatus,,,,,,,,no_image
39577,Gabrius pelzelmayeri,,,,,,,,no_image
39598,Gabrius yaanensis,,,,,,,,no_image
102048,Gagea granulosa,粒鳞顶冰花,,,,,,,no_image
658,Gaetice depressus,平背蜞,,,,,,,no_image
39609,Gagitodes fractifasciaria,方铅尺蛾,,,,,,,no_image
16799,Gagrellula ferruginea,锈红拟盾刺盲蛛,,,,,,,no_image
139951,Galactinia ampelina,,,,,,,,no_image
585,Galathea mauritiana,毛里求斯铠甲虾,,,,,,,no_image
139971,Galactinia varia,,,,,,,,no_image
102108,Galeola falconeri,直立山珊瑚,,,,,,,no_image
102097,Galaxaura ventricosa,腹扁乳节藻,,,,,,,no_image
146538,Galerina evelata,,,,,,,,no_image
146558,Galerina stylifera,,,,,,,,no_image
102112,Galinsoga parviflora,牛膝菊,,,,,,,no_image
102183,Galium nankotaizanum,南湖大山猪殃殃,,,,,,,no_image
102205,Galium tricornutum,麦仁珠,,,,,,,no_image
102163,Galium formosense,关山猪殃殃,,,,,,,no_image
39620,Galoxestis sarmenta,乳祝蛾,,,,,,,no_image
15380,Gamasomorpha linzhiensis,林芝加马蛛,,,,,,,no_image
6256,Gammaropsis sexdentata,六齿拟钩虾,,,,,,,no_image
39628,Gampsocera divisa,分离曲角秆蝇,,,,,,,no_image
39648,Gandaritis fixseni,亚枯叶尺蛾,,,,,,,no_image
143012,Gangliostilbe malabarica,,,,,,,,no_image
151359,Ganoderma bawanglingense,坝王岭树舌,,,,,,,no_image
151379,Ganoderma comphoratum,,,,,,,,no_image
151399,Ganoderma gibbosum,,,,,,,,no_image
151419,Ganoderma lucidum,灵芝,,,,,,,no_image
151459,Ganoderma puberulum,,,,,,,,no_image
151479,Ganoderma simaoense,思茅灵芝,,,,,,,no_image
151439,Ganoderma nitens,,,,,,,,no_image
151499,Ganoderma tropicum,热带灵芝,,,,,,,no_image
16730,Ganthela xianyouensis,仙游赣蛛,,,,,,,no_image
102247,Garcinia mangostana,莽吉柿,,,,,,,no_image
102270,Gardenia sootepensis,大黄栀子,,,,,,,no_image
102277,Garhadiolus papposus,小疮菊,,,,,,,no_image
39687,Garudinia simulana,同甘苔蛾,,,,,,,no_image
102281,Garnotia patula,耳稃草,,,,,,,no_image
76190,Garra pingi,,,,,,,,no_image
39693,Gasterophilus pecorum,黑腹胃蝇,,,,,,,no_image
102302,Gastrochilus bellinus,大花盆距兰,,,,,,,no_image
102342,Gastrochilus raraensis,红松盆距兰,,,,,,,no_image
102322,Gastrochilus kadooriei,小花盆距兰,,,,,,,no_image
17668,Gastrocopta coreana,冠状砂螺,,,,,,,no_image
102400,Gastrodia wuyishanensis,武夷山天麻,,,,,,,no_image
39726,Gastropacha xenopates,异褐枯叶蛾,,,,,,,no_image
102380,Gastrodia fujianensis,福建天麻,,,,,,,no_image
983,Gaudchaudius cimex,臭伪格鳞虫,,,,,,,no_image
39739,Gastroxides shirakii,素木胃虻,,,,,,,no_image
102424,Gaultheria leucocarpa,白果白珠,,,,,,,no_image
102448,Gaultheria straminea,草黄白珠,,,,,,,no_image
39772,Gaurena florescens,花篝波纹蛾,,,,,,,no_image
76235,Gazella subgutturosa,鹅喉羚,,,,,,,no_image
155819,Gauthieromyces indicus,,,,,,,,no_image
149858,Geastrum limbatum,具檐地星,,,,,,,no_image
76238,Gecinulus grantia,竹啄木鸟,,,,,,,no_image
76274,Gekko wenxianensis,文县壁虎,,,,,,,no_image
76254,Gekko japonicus,多疣壁虎,,,,,,,no_image
102467,Gelidium arenarium,沙地石花菜,,,,,,,no_image
102490,Gelidocalamus solidus,实心短枝竹,,,,,,,no_image
4444,Gemmula thielei,提氏强蕾螺,,,,,,,no_image
12863,Gelotia syringopalpis,针管胶跳蛛,,,,,,,no_image
102506,Gentiana algida,高山龙胆,,,,,,,no_image
39811,Genimen yunnanensis,云南庚蝗,,,,,,,no_image
102554,Gentiana cuneibarba,髯毛龙胆,,,,,,,no_image
102578,Gentiana erectosepala,直萼龙胆,,,,,,,no_image
102530,Gentiana bomiensis,波密龙胆,,,,,,,no_image
102600,Gentiana harrowiana,扭果柄龙胆,,,,,,,no_image
102620,Gentiana lacerulata,撕裂边龙胆,,,,,,,no_image
102644,Gentiana micantiformis,类亮叶龙胆,,,,,,,no_image
102696,Gentiana pseudosquarrosa,假鳞叶龙胆,,,,,,,no_image
102670,Gentiana oreodoxa,山景龙胆,,,,,,,no_image
102722,Gentiana simulatrix,厚边龙胆,,,,,,,no_image
102753,Gentiana szechenyii,大花龙胆,,,,,,,no_image
102806,Gentianella acuta,尖叶假龙胆,,,,,,,no_image
102777,Gentiana urnula,乌奴龙胆,,,,,,,no_image
138625,Geocoryne variispora,地胶盘菌,,,,,,,no_image
39832,Geodromicus sinuatus,,,,,,,,no_image
134860,Geoglossum glutinosum,粘地舌菌,,,,,,,no_image
2832,Geograpsus grayi,格雷陆方蟹,,,,,,,no_image
39857,Geometra ussuriensis,乌苏里青尺蛾,,,,,,,no_image
140452,Geopora schackii,,,,,,,,no_image
140470,Geopyxis rapulum,,,,,,,,no_image
102841,Geranium christensenianum,大姚老鹳草,,,,,,,no_image
102861,Geranium nepalense,尼泊尔老鹳草,,,,,,,no_image
102881,Geranium soboliferum,线裂老鹳草,,,,,,,no_image
39879,Geranomyia nitida,亮长唇大蚊,,,,,,,no_image
39897,Gergithoides undulatus,波缘脊额瓢蜡蝉,,,,,,,no_image
76298,Gerres japonicus,日本银鲈,,,,,,,no_image
147126,Gerronema xanthophyllum,,,,,,,,no_image
39921,Ghoria holochrea,全黄荷苔蛾,,,,,,,no_image
102903,Gigantochloa brachystachya,短穗巨竹,,,,,,,no_image
39932,Gibberifera hepaticana,褐突小卷蛾,,,,,,,no_image
155604,Gigaspora gregaria,集生巨孢囊霉,,,,,,,no_image
141831,Gibellula dimorpha,,,,,,,,no_image
102912,Girardinia diversifolia,大蝎子草,,,,,,,no_image
2318,Glabropilumnus seminudus,半裸光毛蟹,,,,,,,no_image
102932,Glaphyropteridopsis pallida,灰白方秆蕨,,,,,,,no_image
76331,Glaucidium passerinum,花头鸺鹠,,,,,,,no_image
3082,Glebocarcinus amphiaetus,两栖土块蟹,,,,,,,no_image
40018,Glenea luteicollis,,,,,,,,no_image
39973,Glenea astathiformis,,,,,,,,no_image
39996,Glenea flavorubra,,,,,,,,no_image
40066,Glenea sulphuroides,,,,,,,,no_image
40042,Glenea problematica,,,,,,,,no_image
40083,Glenurus atomatus,微点纤蚁蛉,,,,,,,no_image
102977,Globba racemosa,舞花姜,,,,,,,no_image
6247,Globosolembos ovatus,卵球舟钩虾,,,,,,,no_image
102996,Glochidion lutescens,山漆茎,,,,,,,no_image
149922,Gloeocantharellus lateritius,,,,,,,,no_image
149889,Gloeophyllum odoratum,,,,,,,,no_image
137912,Gloeosporium populi-albae,,,,,,,,no_image
155669,Glomus constrictum,缩球囊霉,,,,,,,no_image
155649,Glomus arborense,树状球囊霉,,,,,,,no_image
155689,Glomus flavisporum,,,,,,,,no_image
155709,Glomus intraradices,根内球囊霉,,,,,,,no_image
155729,Glomus monosporum,单孢球囊霉,,,,,,,no_image
155749,Glomus scintillans,,,,,,,,no_image
155769,Glomus walkeri,沃克球囊霉,,,,,,,no_image
5674,Glossaulax vesicalis,囊形扁玉螺,,,,,,,no_image
76347,Gloydius brevicauda,短尾蝮,,,,,,,no_image
3603,Glycera alba,白色吻沙蚕,,,,,,,no_image
103048,Glycine tabacina,烟豆,,,,,,,no_image
3586,Glycera tesselata,方格吻沙蚕,,,,,,,no_image
1856,Glycymeris vestita,衣蚶蜊,,,,,,,no_image
16074,Glyphiulus zorzini,佐氏雕马陆,,,,,,,no_image
16093,Glyphiulus obliteratoides,抹雕马陆,,,,,,,no_image
16091,Glyphiulus balaszi,目雕马陆,,,,,,,no_image
4879,Glyptelasma carinatum,峰雕茗荷,,,,,,,no_image
103088,Glyptopetalum pallidifolium,淡绿叶沟瓣,,,,,,,no_image
40116,Glyptotermes chinpingensis,金平树白蚁,,,,,,,no_image
40136,Glyptotermes nadaensis,那大树白蚁,,,,,,,no_image
76380,Glyptothorax honghensis,红河纹胸&#x0000E065;,,,,,,,no_image
103096,Gmelina chinensis,石梓,,,,,,,no_image
13690,Gnaphosa xieae,谢氏平腹蛛,,,,,,,no_image
13841,Gnaphosa kansuensis,甘肃平腹蛛,,,,,,,no_image
40168,Gnaptorina nigera,黑色小琵甲,,,,,,,no_image
14113,Gnathonarium dentatum,齿螯额角蛛,,,,,,,no_image
103117,Gnetum parvifolium,小叶买麻藤,,,,,,,no_image
76405,Gnathopogon imberbis,短须颌须&#x0000E068;,,,,,,,no_image
40215,Gnezdilovius nummarius,齿格氏瓢蜡蝉,,,,,,,no_image
141486,Gnomoniella rubicola,,,,,,,,no_image
40249,Gnypeta lucidula,,,,,,,,no_image
76422,Gobiobotia brevirostris,短吻鳅,,,,,,,no_image
76442,Gobiodon quinquestrigatus,五带叶鰕虎,,,,,,,no_image
8289,Golfingia vulgaris,普通戈芬星虫,,,,,,,no_image
138042,Golovinomyces biocellatus,,,,,,,,no_image
40267,Gomphidia kruegeri,并纹小叶春蜓,,,,,,,no_image
103150,Gomphostemma arbusculum,木锥花,,,,,,,no_image
149926,Gomphus clavatus,陀螺菌,,,,,,,no_image
40294,Gonerilia seraphim,天使工灰蝶,,,,,,,no_image
76450,Gongylosoma frenata,滑鳞蛇,,,,,,,no_image
3272,Goniada paucidens,少齿角吻沙蚕,,,,,,,no_image
40317,Gonioctena coreana,朝鲜角胫叶甲,,,,,,,no_image
103191,Goniophlebium dielseanum,川拟水龙骨,,,,,,,no_image
40337,Gonioctena rufipes,十斑角胫叶甲,,,,,,,no_image
40355,Goniogryllus glaber,光亮哑蟋,,,,,,,no_image
10686,Goniopora djiboutiensis,大角孔珊瑚,,,,,,,no_image
103216,Goniothalamus leiocarpus,金平哥纳香,,,,,,,no_image
3350,Gonodactylellu lanchesteri,兰氏小指虾蛄,,,,,,,no_image
76462,Goniurosaurus wangshu,望舒睑虎,,,,,,,no_image
40391,Gonomyia conquisita,海南祖大蚊,,,,,,,no_image
103227,Goodenia pilosa,南离根香,,,,,,,no_image
40411,Gonomyia sinuosa,海湾祖大蚊,,,,,,,no_image
40420,Gorpis elegans,雅高姬蝽,,,,,,,no_image
103248,Goodyera similis,相似斑叶兰,,,,,,,no_image
9167,Goyoppia longissima,特长枸奥甲螨,,,,,,,no_image
103291,Gracilaria longirostris,长喙江蓠,,,,,,,no_image
76483,Gracixalus jinxiuensis,金秀纤树蛙,,,,,,,no_image
76502,Grammatobothus polyophthalmus,多眼双线鲆,,,,,,,no_image
6279,Grandidierella unidentata,单齿大螯蜚,,,,,,,no_image
40448,Grammoptera brezinai,,,,,,,,no_image
136868,Graphina japonica,,,,,,,,no_image
136886,Graphis centrifuga,离心文字衣,,,,,,,no_image
136906,Graphis flabellans,,,,,,,,no_image
136926,Graphis lineola,线文字衣,,,,,,,no_image
40482,Graphogaster buccata,宽戈寄蝇,,,,,,,no_image
136946,Graphis sundarbanensis,美林文字衣,,,,,,,no_image
8776,Graptacme aciculum,尖肋角贝,,,,,,,no_image
40515,Graptomyza semicircularia,弦斑缺伪蚜蝇,,,,,,,no_image
40520,Gregoryella dimorpha,二裂戈螽,,,,,,,no_image
103327,Grateloupia lanceolata,披针形蜈蚣藻,,,,,,,no_image
103359,Grewia humilis,矮扁担杆,,,,,,,no_image
103380,Griffithsia subcylindrica,亚圆形凋毛藻,,,,,,,no_image
103398,Grimmia obtusifolia,钝叶紫萼藓,,,,,,,no_image
103417,Grona styracifolia,广东金钱草,,,,,,,no_image
40531,Grypoctonus daimyo,大名驼食虫虻,,,,,,,no_image
4762,Guernea longidactyla,长指微钩虾,,,,,,,no_image
12440,Guilotes qingshitanensis,青狮潭桂隙蛛,,,,,,,no_image
131859,Guignardia foeniculata,,,,,,,,no_image
40550,Gunungidia decolorata,淡黄突额叶蝉,,,,,,,no_image
103446,Gymnadenia orchidis,西南手参,,,,,,,no_image
136803,Gyalectidium filicinum,,,,,,,,no_image
40569,Gymnastes flavitibia,黄胫平裸大蚊,,,,,,,no_image
40575,Gymnocheta goniata,钩肛亮寄蝇,,,,,,,no_image
76557,Gymnogobius castaneus,栗色裸身鰕虎,,,,,,,no_image
76540,Gymnocypris eckloni,,,,,,,,no_image
146580,Gymnopilus elongatipes,长柄裸伞,,,,,,,no_image
8121,Gymnophellia hutchingsae,哈氏裸石海葵,,,,,,,no_image
146600,Gymnopilus sapineus,,,,,,,,no_image
40604,Gymnopternus guangdongensis,广东行脉长足虻,,,,,,,no_image
40624,Gymnopternus rollei,卷须行脉长足虻,,,,,,,no_image
147569,Gymnopus erythropus,堆金钱菌,,,,,,,no_image
147589,Gymnopus putillus,,,,,,,,no_image
103479,Gymnosphaera andersonii,毛叶黑桫椤,,,,,,,no_image
153203,Gymnosporangium fusisporum,梭抱胶锈,,,,,,,no_image
153223,Gymnosporangium tsingchenense,青城山胶锈,,,,,,,no_image
103503,Gymnosporia tiaoloshanensis,吊罗裸实,,,,,,,no_image
76572,Gymnothorax dorsalis,长背裸胸鳝,,,,,,,no_image
76592,Gymnothorax pictus,花斑裸胸鳝,,,,,,,no_image
76612,Gymnothorax zonipectis,带尾裸胸鳝,,,,,,,no_image
40659,Gynandrobremia effurcata,叉嵌瘿蚊,,,,,,,no_image
103538,Gynostemma simplicifolium,单叶绞股蓝,,,,,,,no_image
103553,Gypsophila altissima,高石头花,,,,,,,no_image
417,Gyptis pacificus,太平洋英虫,,,,,,,no_image
139697,Gyrocratera ploettneriana,,,,,,,,no_image
139703,Gyromitra lactea,乳白鹿花菌,,,,,,,no_image
40687,Gyrophaena anmamontis,,,,,,,,no_image
40727,Gyrophaena jaegeri,,,,,,,,no_image
40707,Gyrophaena deprehendens,,,,,,,,no_image
40747,Gyrophaena niponensis,,,,,,,,no_image
40787,Gyrophaena taeniae,,,,,,,,no_image
40767,Gyrophaena schuelkei,,,,,,,,no_image
40807,Gyrophaena zhenpingensis,,,,,,,,no_image
136955,Gyrostomum scyphuliferum,圆片衣,,,,,,,no_image
103594,Habenaria commelinifolia,斧萼玉凤花,,,,,,,no_image
103614,Habenaria limprichtii,宽药隔玉凤花,,,,,,,no_image
103634,Habenaria rostellifera,齿片坡参,,,,,,,no_image
40818,Habrocnemis shanensis,掸邦丽足蝗,,,,,,,no_image
18697,Habrotrocha pulchra,美丽宿轮虫,,,,,,,no_image
40877,Hadena luteago,黄盗夜蛾,,,,,,,no_image
40837,Habropoda sinensis,中华回条蜂,,,,,,,no_image
40897,Hadjina pyroxantha,红黄赫夜蛾,,,,,,,no_image
40909,Haematobosca atripalpis,长毛血喙蝇,,,,,,,no_image
40919,Haematopota burmanica,缅甸麻虻,,,,,,,no_image
40939,Haematopota koryoensis,朝鲜麻虻,,,,,,,no_image
40959,Haematopota picea,沥青麻虻,,,,,,,no_image
40979,Haematopota ustulata,低额麻虻,,,,,,,no_image
40991,Haemorrhagia fuciformis,,,,,,,,no_image
12038,Hahnia saccata,囊状栅蛛,,,,,,,no_image
41005,Hagenomyia asakurae,白斑蚁蛉,,,,,,,no_image
41018,Hainanphasma diaoluoshanensis,吊罗山海南䗛,,,,,,,no_image
76657,Halicampus dunckeri,邓氏海蠋鱼,,,,,,,no_image
76670,Halichoeres marginatus,缘鳍海猪鱼,,,,,,,no_image
7083,Halecium flexile,弯曲碟螅,,,,,,,no_image
2512,Halichondria rugosa,皱皮软海绵,,,,,,,no_image
103679,Halimeda discoidea,盘状仙掌藻,,,,,,,no_image
3534,Haliclona viridis,绿色蜂海绵,,,,,,,no_image
103695,Halimocnemis villosa,柔毛盐蓬,,,,,,,no_image
41024,Halmopota kozlovi,考氏哈水蝇,,,,,,,no_image
103700,Halogeton glomeratus,盐生草,,,,,,,no_image
41040,Halticoptera circula,圆形赘须金小蜂,,,,,,,no_image
144204,Halosarpheia marina,,,,,,,,no_image
41060,Halydaia luteicornis,银颜筒寄蝇,,,,,,,no_image
11381,Hamataliwa foveata,窝哈猫蛛,,,,,,,no_image
14501,Hamus kangdingensis,康定钩蛛,,,,,,,no_image
41066,Hamaxia incongrua,平庸车寄蝇,,,,,,,no_image
41076,Hanocladius longipes,长汉直突摇蚊,,,,,,,no_image
3475,Hapalogaster dentate,锯足软腹蟹,,,,,,,no_image
103752,Haplocladium larminatii,瓦叶小羽藓,,,,,,,no_image
41090,Haplodiplatys trichostichus,三裂单突丝尾螋,,,,,,,no_image
41095,Haplogonatopus apicalis,稻虱红单节螯蜂,,,,,,,no_image
151517,Haploporus nepalensis,尼泊尔全缘孔菌,,,,,,,no_image
154540,Haploravenelia tephrosiicola,,,,,,,,no_image
41128,Harmalia sanguinalis,马唐淡肩飞虱,,,,,,,no_image
41116,Haplothrips reuteri,尖毛简管蓟马,,,,,,,no_image
992,Harmotho&#235; turbinate,螺形哈鳞虫,,,,,,,no_image
41146,Harpamerus xishuangbannaensis,西双版纳宽腹驼舞虻,,,,,,,no_image
18548,Harringia eupoda,真足哈林轮虫,,,,,,,no_image
953,Harpiosquilla melanoura,黑尾猛虾蛄,,,,,,,no_image
41186,Havilanditermes communis,普通歧颚白蚁,,,,,,,no_image
41166,Hasora badra,三斑趾弄蝶,,,,,,,no_image
41203,Hebecnema umbratica,螯毛膝蝇,,,,,,,no_image
146620,Hebeloma helvolescens,褐滑绣伞,,,,,,,no_image
146640,Hebeloma truncatum,,,,,,,,no_image
41214,Hecamedoides infantinus,幼稚鬃瘤水蝇,,,,,,,no_image
76737,Hebius metusium,瓦屋山腹链蛇,,,,,,,no_image
15948,Hedinomorpha montana,,,,,,,,no_image
103829,Hedychium mechukanum,黄心姜花,,,,,,,no_image
41227,Hedya salicella,柳广翅小卷蛾,,,,,,,no_image
103853,Hedyosmum orientale,雪香兰,,,,,,,no_image
103899,Hedyotis matthewii,疏花耳草,,,,,,,no_image
103879,Hedyotis communis,大众耳草,,,,,,,no_image
103940,Hedysarum branthii,兴安岩黄芪,,,,,,,no_image
103919,Hedyotis tenuipes,细梗耳草,,,,,,,no_image
103964,Hedysarum kumaonense,库茂恩岩黄芪,,,,,,,no_image
103991,Hedysarum taipeicum,太白岩黄芪,,,,,,,no_image
149153,Heimioporus betula,桦网孢牛肝菌,,,,,,,no_image
41244,Heizmannia menglianensis,孟连领蚊,,,,,,,no_image
41255,Helcyra subalba,银白蛱蝶,,,,,,,no_image
104008,Helianthus tuberosus,菊芋,,,,,,,no_image
104039,Helicodontium formosicum,台湾旋齿藓,,,,,,,no_image
104022,Helicia obovatifolia,倒卵叶山龙眼,,,,,,,no_image
15928,Helicorthomorpha orthogona,,,,,,,,no_image
104052,Helictotrichon abietetorum,冷杉山燕麦,,,,,,,no_image
41307,Helina barkamica,马尔康阳蝇,,,,,,,no_image
41287,Helina ampycoloba,圆叶阳蝇,,,,,,,no_image
41327,Helina cilitruncata,毛边阳蝇,,,,,,,no_image
41347,Helina deqinensis,德钦阳蝇,,,,,,,no_image
41367,Helina flavipes,黄足阳蝇,,,,,,,no_image
41387,Helina hesta,欢愉阳蝇,,,,,,,no_image
41407,Helina larginigra,大黑阳蝇,,,,,,,no_image
41427,Helina mallocerca,粘叶阳蝇,,,,,,,no_image
41447,Helina nigriannosa,黑古阳蝇,,,,,,,no_image
41467,Helina pleuranthus,侧毛阳蝇,,,,,,,no_image
41487,Helina shii,石氏阳蝇,,,,,,,no_image
41507,Helina subdensibarbata,亚密胡阳蝇,,,,,,,no_image
41527,Helina truncata,直边阳蝇,,,,,,,no_image
41547,Heliococcus pamirensis,藜根阳腺刺粉蚧,,,,,,,no_image
41564,Helionothrips communis,普通领针蓟马,,,,,,,no_image
41595,Heliothis ononis,花实夜蛾,,,,,,,no_image
13063,Heliophanus wulingensis,武陵闪蛛,,,,,,,no_image
41606,Helius haemorrhoidalis,痔光大蚊,,,,,,,no_image
104078,Helixanthera pulchra,密花离瓣寄生,,,,,,,no_image
133737,Helminthosporium conidiophorellum,小梗长蠕孢,,,,,,,no_image
104091,Helminthostachys zeylanica,七指蕨,,,,,,,no_image
41641,Helophilus sibiricus,西伯利亚条胸蚜蝇,,,,,,,no_image
152879,Helostroma quercinum,,,,,,,,no_image
138318,Helotium pallescens,苍白柔膜菌,,,,,,,no_image
138298,Helotium flavum,,,,,,,,no_image
138338,Helotium yunnanense,宽孢蜡钉菌,,,,,,,no_image
139766,Helvella costifera,肋盖马鞍菌,,,,,,,no_image
139786,Helvella infula,钩基马鞍菌,,,,,,,no_image
139806,Helvella pallescens,苍白马鞍菌,,,,,,,no_image
139710,Helvellella sphaerospora,,,,,,,,no_image
41662,Hemerobius exoterus,埃褐蛉,,,,,,,no_image
104112,Hemerocallis dumortieri,小萱草,,,,,,,no_image
41691,Hemerodromia furcata,叉须螳舞虻,,,,,,,no_image
76777,Hemibarbus brevipennus,短鳍&#x0000E04F;,,,,,,,no_image
104147,Hemiboea integra,全叶半蒴苣苔,,,,,,,no_image
104167,Hemiboea roseoalba,粉花半蒴苣苔,,,,,,,no_image
76807,Hemigymnus melapterus,黑鳍厚唇鱼,,,,,,,no_image
41716,Hemielimaea caricercata,隆尾半掩螽,,,,,,,no_image
41714,Hemicordulia mindana,,,,,,,,no_image
104188,Hemilophia sessilifolia,无柄半脊荠,,,,,,,no_image
41756,Hemipenthes pamirensis,帕米尔斑翅蜂虻,,,,,,,no_image
9060,Heminothrus longisetosus,长毛半懒甲螨,,,,,,,no_image
76828,Hemiphyllodactylus jinghongensis,景洪半叶趾虎,,,,,,,no_image
104199,Hemipilia forrestii,长距舌喙兰,,,,,,,no_image
41800,Hemistola grandis,巨无缰青尺蛾,,,,,,,no_image
41780,Hemisphaerius kotoshonis,双环球瓢蜡蝉,,,,,,,no_image
76846,Hemiramphus archipelagicus,岛鱵,,,,,,,no_image
145975,Hemistropharia albocrenulata,白褐半球盖菇,,,,,,,no_image
76861,Hemitripterus villosus,绒杜父鱼,,,,,,,no_image
104231,Hemsleya kunmingensis,昆明雪胆,,,,,,,no_image
104260,Henckelia adenocalyx,腺萼汉克苣苔,,,,,,,no_image
104280,Henckelia lachenensis,卧茎汉克苣苔,,,,,,,no_image
41834,Hendecaneura axiotima,美斑小卷蛾,,,,,,,no_image
12355,Hengconarius latusincertus,阔不定横隙蛛,,,,,,,no_image
16983,Hepatiarius longissimus,长颈肝居吸虫,,,,,,,no_image
41855,Hepialus biruensis,比如蝠蛾,,,,,,,no_image
41875,Hepialus lijiangensis,丽江蝠蛾,,,,,,,no_image
41895,Hepialus yunlongensis,云龙蝠蛾,,,,,,,no_image
104310,Heptapleurum calyptratum,多蕊木,,,,,,,no_image
104330,Heptapleurum metcalfianum,多叶鹅掌柴,,,,,,,no_image
104351,Heracleum franchetii,尖叶独活,,,,,,,no_image
41903,Heracula discivitta,盘毒蛾,,,,,,,no_image
41926,Hercostomus beijingensis,北京寡长足虻,,,,,,,no_image
14225,Herbiphantes acutalis,尖草蛛,,,,,,,no_image
41946,Hercostomus crassiseta,粗鬃寡长足虻,,,,,,,no_image
41966,Hercostomus dissectus,裂板寡长足虻,,,,,,,no_image
41986,Hercostomus flaviscapus,黄柄寡长足虻,,,,,,,no_image
42006,Hercostomus hualienensis,花莲寡长足虻,,,,,,,no_image
42026,Hercostomus latilobatus,宽叶寡长足虻,,,,,,,no_image
42046,Hercostomus luoshanensis,罗山寡长足虻,,,,,,,no_image
42066,Hercostomus palustrus,沼寡长足虻,,,,,,,no_image
42086,Hercostomus saetiger,端鬃寡长足虻,,,,,,,no_image
42106,Hercostomus subdigitatus,近指突寡长足虻,,,,,,,no_image
42126,Hercostomus xanthodes,黄寡长足虻,,,,,,,no_image
8831,Hermanniella dubinini,杜氏小赫甲螨,,,,,,,no_image
42144,Heriades cancavns,沟脊孔蜂,,,,,,,no_image
152036,Hericium laciniatum,假猴头菌,,,,,,,no_image
104401,Herminium chloranthum,矮角盘兰,,,,,,,no_image
42163,Hermonassa arenosa,仑狭翅夜蛾,,,,,,,no_image
42183,Hermonassa hypoleuca,维狭翅夜蛾,,,,,,,no_image
42203,Hermonassa spilota,褐边狭翅夜蛾,,,,,,,no_image
42216,Herochroma cristata,冠始青尺蛾,,,,,,,no_image
76885,Herpetoreas platyceps,平头腹链蛇,,,,,,,no_image
133776,Herpotrichia palmicola,,,,,,,,no_image
42244,Hesperosoma alexpuchneri,,,,,,,,no_image
419,Hesione intertexta,纵纹海女虫,,,,,,,no_image
42264,Hesperus taiwanensis,,,,,,,,no_image
19335,Heteraphorura seolagensis,,,,,,,,no_image
104453,Hetaeria youngsayei,香港翻唇兰,,,,,,,no_image
148865,Heterochaete discolor,异色刺皮,,,,,,,no_image
76890,Heteroconger hassi,哈氏异康吉鳗,,,,,,,no_image
135299,Heterodermia sinocomosa,中国丛毛哑铃孢,,,,,,,no_image
42310,Heterolygus clavicornis,棒角异草盲蝽,,,,,,,no_image
135279,Heterodermia dactyliza,指哑铃孢,,,,,,,no_image
2600,Heteronucia obfastigiatus,倒帚形异核果蟹,,,,,,,no_image
104476,Heteroplexis sericophylla,绢叶异裂菊,,,,,,,no_image
104468,Heteropanax yunnanensis,云南幌伞枫,,,,,,,no_image
42346,Heterophleps minorclarivenata,小脉异翅尺蛾,,,,,,,no_image
104478,Heteropogon contortus,黄茅,,,,,,,no_image
42357,Heteropternis robusta,大异距蝗,,,,,,,no_image
104514,Heterostemma pingtaoi,秉滔醉魂藤,,,,,,,no_image
104505,Heteroscyphus zollingeri,南亚异萼苔,,,,,,,no_image
42382,Heterotrissocladius quartus,四节异三突摇蚊,,,,,,,no_image
42405,Hexafrenum pseudosikkima,尼异齿舟蛾,,,,,,,no_image
18464,Hexarthra intermedia,中型六腕轮虫,,,,,,,no_image
42427,Hexatoma diploneura,成都锦大蚊,,,,,,,no_image
42447,Hexatoma luteicostalis,黄缘锦大蚊,,,,,,,no_image
42467,Hexatoma praelata,澳门锦大蚊,,,,,,,no_image
42489,Hexatoma tinkhami,廷氏锦大蚊,,,,,,,no_image
104542,Hibiscus radiatus,辐射刺芙蓉,,,,,,,no_image
3431,Hiatella flaccida,褐色缝栖蛤,,,,,,,no_image
104568,Hieracium virosum,粗毛山柳菊,,,,,,,no_image
42513,Hilara bispina,双刺喜舞虻,,,,,,,no_image
42533,Hilara longicercus,长须喜舞虻,,,,,,,no_image
104571,Hilliella hui,武功山脬果荠,,,,,,,no_image
42557,Himacerus pulchellus,美希姬蝽,,,,,,,no_image
12083,Himalcoelotes zhamensis,樟木喜隙蛛,,,,,,,no_image
42566,Himertula marginata,黄缘希螽,,,,,,,no_image
16373,Hippasa sinsiloides,凿状马蛛,,,,,,,no_image
76946,Hippocampus sindonis,花海马,,,,,,,no_image
104615,Hippolytia yunnanensis,大叶女蒿,,,,,,,no_image
76956,Hipposideros lylei,莱氏蹄蝠,,,,,,,no_image
104645,Hiptage lushuiensis,泸水风筝果,,,,,,,no_image
148883,Hirneola polytricha,,,,,,,,no_image
42597,Hirtaeschopalaea fasciculata,,,,,,,,no_image
42617,Hirtodrosophila nigripennis,黑茎毛果蝇,,,,,,,no_image
42642,Hispidophila spinosa,刺状尖角赤眼蜂,,,,,,,no_image
76961,Hirundapus celebensis,紫针尾雨燕,,,,,,,no_image
76980,Histiophryne cryptacanthus,隐刺薄躄鱼,,,,,,,no_image
42662,Hoa flexuosa,卷阳何麻蝇,,,,,,,no_image
147782,Hohenbuehelia cyphelliformis,,,,,,,,no_image
147802,Hohenbuehelia unguicularis,,,,,,,,no_image
104681,Holcoglossum kimballianum,管叶槽舌兰,,,,,,,no_image
42672,Holobus chrysopygus,,,,,,,,no_image
104699,Holomitrium densifolium,密叶苞领藓,,,,,,,no_image
42719,Holorusia nimba,钩端棘膝大蚊,,,,,,,no_image
15197,Holocneminus huangdi,皇帝全小蛛,,,,,,,no_image
3246,Holothuria discrepans,异手海参,,,,,,,no_image
3239,Holothuria scabra,糙海参,,,,,,,no_image
104728,Homalium stenophyllum,狭叶天料木,,,,,,,no_image
104707,Homaliadelphus sharpii,夏氏拟扁枝藓,,,,,,,no_image
42747,Homalotylus flaminius,隐尾瓢虫跳小蜂,,,,,,,no_image
42767,Homaloxestis myeloxesta,平素祝蛾,,,,,,,no_image
19088,Homidia hjesanica,,,,,,,,no_image
77004,Homatula potanini,短体副鳅,,,,,,,no_image
42770,Homocentridia concentrica,同心舟蛾,,,,,,,no_image
19001,Homidia quadrimaculata,,,,,,,,no_image
42789,Homoiocalea toroenensis,,,,,,,,no_image
42807,Homolobus undulatus,波脊滑茧蜂,,,,,,,no_image
42827,Homoneura bomiensis,波密同脉缟蝇,,,,,,,no_image
104744,Homomallium plagiangium,华中毛灰藓,,,,,,,no_image
42907,Homoneura lii,李氏同脉缟蝇,,,,,,,no_image
42887,Homoneura heterosticta,异斑同脉缟蝇,,,,,,,no_image
42867,Homoneura falcata,镰突同脉缟蝇,,,,,,,no_image
42847,Homoneura curvata,卷突同脉缟蝇,,,,,,,no_image
42927,Homoneura noticomata,背毛同脉缟蝇,,,,,,,no_image
42947,Homoneura quiquenotata,五斑同脉缟蝇,,,,,,,no_image
42967,Homoneura tianlinensis,田林同脉缟蝇,,,,,,,no_image
42987,Homoneura yaromi,雅氏同脉缟蝇,,,,,,,no_image
77011,Homostolus acer,长趾鼬鳚,,,,,,,no_image
43035,Hoplitis popovi,波氏拟孔蜂,,,,,,,no_image
43008,Honveda fasciata,洪舟蛾,,,,,,,no_image
43019,Hoplandrothrips obesametae,粗角跗雄管蓟马,,,,,,,no_image
43052,Hoplodrina implacata,斑被夜蛾,,,,,,,no_image
77033,Hoplostethus japonicus,日本胸棘鲷,,,,,,,no_image
43080,Horaeomorphus xiweii,,,,,,,,no_image
104791,Hordeum murinum,,,,,,,,no_image
43104,Horisme plurilineata,复线界尺蛾,,,,,,,no_image
5302,Hornellia incerata,疑拟角钩虾,,,,,,,no_image
104833,Hoya carnosa,球兰,,,,,,,no_image
104815,Hosta ensata,东北玉簪,,,,,,,no_image
77044,Horornis diphone,短翅树莺,,,,,,,no_image
104855,Hoya linearis,线叶球兰,,,,,,,no_image
104875,Hoya pyrifolia,梨叶球兰,,,,,,,no_image
43150,Hsuia vitrea,小链蚧,,,,,,,no_image
4677,Huenia brevifrons,短额藻片蟹,,,,,,,no_image
140488,Humaria fusispora,,,,,,,,no_image
140508,Humaria stercorea,,,,,,,,no_image
140528,Humarina waterstonii,,,,,,,,no_image
151523,Humphreya coffeata,咖啡网孢芝,,,,,,,no_image
104944,Huperzia sutchueniana,四川石杉,,,,,,,no_image
3725,Hyale grandicornis,大角玻璃钩虾,,,,,,,no_image
104922,Huperzia emeiensis,峨眉石杉,,,,,,,no_image
139526,Hyalorbilia erythrostigma,红晶圆盘菌,,,,,,,no_image
3428,Hyalonema proximum,近邻拂子介,,,,,,,no_image
138482,Hyalotricha crispula,,,,,,,,no_image
4675,Hyastenus elongatus,长形互敬蟹,,,,,,,no_image
43201,Hybomitra aksuensis,阿克苏瘤虻,,,,,,,no_image
43241,Hybomitra liupanshanensis,六盘山瘤虻,,,,,,,no_image
43221,Hybomitra echusa,持瘤虻,,,,,,,no_image
43261,Hybomitra ochroterma,赭尾瘤虻,,,,,,,no_image
43301,Hybos arctus,北方驼舞虻,,,,,,,no_image
43281,Hybomitra tardigrada,懒行瘤虻,,,,,,,no_image
43341,Hybos guanmenshanus,官门山驼舞虻,,,,,,,no_image
43321,Hybos curvatus,端弯驼舞虻,,,,,,,no_image
43361,Hybos liui,刘氏驼舞虻,,,,,,,no_image
43401,Hybos taiwanensis,台湾驼舞虻,,,,,,,no_image
43381,Hybos oncus,爪突驼舞虻,,,,,,,no_image
43421,Hybridolinus baoxingensis,,,,,,,,no_image
43438,Hydatothrips flavidus,黄色裂绢蓟马,,,,,,,no_image
104953,Hydnocarpus anthelminthicus,泰国大风子,,,,,,,no_image
149765,Hydnum ramaria,枝瑚齿菌,,,,,,,no_image
104959,Hydrangea bretschneideri,东陵绣球,,,,,,,no_image
139711,Hydnotrya carnea,,,,,,,,no_image
104981,Hydrangea macrocarpa,大果绣球,,,,,,,no_image
43454,Hydrelia flavilinea,黄线水尺蛾,,,,,,,no_image
43474,Hydrelia subtestacea,亚介水尺蛾,,,,,,,no_image
104997,Hydrilla verticillata,黑藻,,,,,,,no_image
105003,Hydrocharis dubia,水鳖,,,,,,,no_image
105025,Hydrocotyle wilfordii,肾叶天胡荽,,,,,,,no_image
77078,Hydrophis ornatus,淡灰海蛇,,,,,,,no_image
43524,Hydrophorus praecox,胫突水长足虻,,,,,,,no_image
77090,Hydrornis oatesi,栗头八色鸫,,,,,,,no_image
43547,Hydrotaea bistoichas,双列齿股蝇,,,,,,,no_image
43587,Hydrotaea scambus,曲胫齿股蝇,,,,,,,no_image
77097,Hygophum atratum,黑壮灯鱼,,,,,,,no_image
43567,Hydrotaea meteorica,速跃齿股蝇,,,,,,,no_image
146392,Hygrocybe coccinea,绯红湿蜡伞,,,,,,,no_image
146432,Hygrocybe virginea,洁白湿伞,,,,,,,no_image
146412,Hygrocybe nitiosa,,,,,,,,no_image
146434,Hygrophorus acutoconicus,尖顶金蜡伞,,,,,,,no_image
146454,Hygrophorus conicus,变黑蜡伞,,,,,,,no_image
146474,Hygrophorus lacmus,,,,,,,,no_image
146514,Hygrophorus sordidus,灰蜡伞,,,,,,,no_image
146494,Hygrophorus pacificus,肉色蜡伞,,,,,,,no_image
77102,Hyla chinensis,中国雨蛙,,,,,,,no_image
43622,Hylemya supraorbitalis,上眶种蝇,,,,,,,no_image
16162,Hyleoglomeris maculata,斑点木球马陆,,,,,,,no_image
105058,Hylodesmum laxum,疏花长柄山蚂蟥,,,,,,,no_image
16151,Hyleoglomeris youhao,友好木球马陆,,,,,,,no_image
16022,Hylomus minutuberculus,小瘤枝马陆,,,,,,,no_image
14360,Hylyphantes spirellus,小旋钻头蛛,,,,,,,no_image
105081,Hylotelephium angustum,狭穗八宝,,,,,,,no_image
105136,Hymenasplenium wusugongii,素功膜叶铁角蕨,,,,,,,no_image
105116,Hymenasplenium furfuraceum,绒毛膜叶铁角蕨,,,,,,,no_image
105150,Hymenidium hedinii,垫状滇藁本,,,,,,,no_image
105170,Hymenidium wilsonii,粗茎滇藁本,,,,,,,no_image
150196,Hymenochaete cinnabarina,,,,,,,,no_image
150216,Hymenochaete lenta,柔软锈革菌,,,,,,,no_image
150256,Hymenochaete yasudae,,,,,,,,no_image
150236,Hymenochaete rufomarginata,,,,,,,,no_image
146661,Hymenogaster mutabilis,多变层腹菌,,,,,,,no_image
105181,Hymenophyllum chamaecyparicola,扁柏蕗蕨,,,,,,,no_image
105201,Hymenophyllum semialatum,半翼柄蕗蕨,,,,,,,no_image
138355,Hymenoscyphus fuscosanguineus,,,,,,,,no_image
138375,Hymenoscyphus rapaeformis,,,,,,,,no_image
105205,Hymenostylium recurvirostrum,立膜藓,,,,,,,no_image
105214,Hyophila nymaniana,花状湿地藓,,,,,,,no_image
43652,Hypena amica,斜线髯须夜蛾,,,,,,,no_image
43672,Hypena proboscidalis,髯须夜蛾,,,,,,,no_image
43692,Hyperaeschrella nigribasis,双线亥齿舟蛾,,,,,,,no_image
105293,Hypericum prattii,大叶金丝桃,,,,,,,no_image
105267,Hypericum japonicum,地耳草,,,,,,,no_image
105244,Hypericum curvisepalum,弯萼金丝桃,,,,,,,no_image
105313,Hypericum wilsonii,川鄂金丝桃,,,,,,,no_image
105315,Hypertelis umbellata,伞形漆姑粟草,,,,,,,no_image
150617,Hyphodontia barba-jovis,细齿丝齿菌,,,,,,,no_image
150925,Hyphoderma obtusiforme,钝形丝皮菌,,,,,,,no_image
150637,Hyphodontia mollis,,,,,,,,no_image
150657,Hyphodontia spathulata,,,,,,,,no_image
148213,Hypholoma fasciculare,簇生垂幕菇,,,,,,,no_image
105320,Hypnea japonica,冻沙菜,,,,,,,no_image
77143,Hypoatherina woodwardi,吴氏下银汉鱼,,,,,,,no_image
43749,Hypocera anularia,环尾栉蚤蝇,,,,,,,no_image
105342,Hypodematium daochengense,稻城肿足蕨,,,,,,,no_image
139178,Hypoderma apocyni,,,,,,,,no_image
152662,Hypochnus centrifugus,,,,,,,,no_image
139196,Hypoderma linderae,山胡椒皮下盘菌,,,,,,,no_image
18741,Hypogastrura heptasetata,,,,,,,,no_image
135950,Hypogymnia diffractaica,环萝袋衣,,,,,,,no_image
135970,Hypogymnia pseudobitteriana,拟粉袋衣,,,,,,,no_image
43761,Hypoderma tarandi,驯鹿皮蝇,,,,,,,no_image
43775,Hypopteridia reversa,帚夜蛾,,,,,,,no_image
14224,Hypomma bituberculatum,双瘤异突蛛,,,,,,,no_image
105371,Hypolepis glabrescens,亚光姬蕨,,,,,,,no_image
77157,Hyporhamphus sajori,日本下鱵鱼,,,,,,,no_image
43800,Hypotermes bawanensis,坝湾地白蚁,,,,,,,no_image
144609,Hypoxylon fuscopurpureum,暗紫炭团菌,,,,,,,no_image
136001,Hypotrachyna koyaensis,双歧根,,,,,,,no_image
144629,Hypoxylon shearii,,,,,,,,no_image
10867,Hypsosinga wanica,皖高亮腹蛛,,,,,,,no_image
43813,Hypsimyia emeiensis,峨眉高蠓,,,,,,,no_image
43826,Hyssopus grossoris,大口希姬小蜂,,,,,,,no_image
132284,Hysterium angustatum,狭孢缝裂壳,,,,,,,no_image
143049,Hysterographium longisporum,,,,,,,,no_image
43868,Iambia transversa,贯雅夜蛾,,,,,,,no_image
1728,Icelopagurus crosnereri,克氏副寄居蟹,,,,,,,no_image
43854,Hystrichopsylla zhani,詹氏多毛蚤,,,,,,,no_image
43891,Ideopsis similis,拟旖斑蝶,,,,,,,no_image
105406,Ichtyoselmis macrantha,黄药,,,,,,,no_image
43949,Idopterum semilutea,半黄分苔蛾,,,,,,,no_image
43909,Idiocera multiarmata,多环奇角大蚊,,,,,,,no_image
43931,Idionyx victor,威异伪蜻,,,,,,,no_image
43972,Ilema nachiensis,三斑棕毒蛾,,,,,,,no_image
105428,Ilex centrochinensis,华中枸骨,,,,,,,no_image
141689,Ijuhya paraparilis,,,,,,,,no_image
105458,Ilex cyrtura,弯尾冬青,,,,,,,no_image
105488,Ilex ficoidea,榕叶冬青,,,,,,,no_image
105514,Ilex hookeri,贡山冬青,,,,,,,no_image
105538,Ilex latifolia,大叶冬青,,,,,,,no_image
105565,Ilex medogensis,墨脱冬青,,,,,,,no_image
105590,Ilex peiradena,上思冬青,,,,,,,no_image
105613,Ilex robusta,粗枝冬青,,,,,,,no_image
105633,Ilex sublongecaudata,拟长尾冬青,,,,,,,no_image
105664,Ilex umbellulata,伞序冬青,,,,,,,no_image
105410,Ilex ×,大别山冬青,,,,,,,no_image
105708,Illicium leiophyllum,平滑叶八角,,,,,,,no_image
105725,Illigera aromatica,香青藤,,,,,,,no_image
636,Ilyoplax deschampsi,谭氏泥蟹,,,,,,,no_image
105750,Impatiens alpicola,太子凤仙花,,,,,,,no_image
105770,Impatiens balsamina,凤仙花,,,,,,,no_image
105790,Impatiens chenmoui,陈谋凤仙花,,,,,,,no_image
105811,Impatiens crenulata,细圆齿凤仙花,,,,,,,no_image
105831,Impatiens distracta,散生凤仙花,,,,,,,no_image
105851,Impatiens furcillata,东北凤仙花,,,,,,,no_image
105893,Impatiens leveillei,羊坪凤仙花,,,,,,,no_image
105913,Impatiens longyangensis,隆阳凤仙花,,,,,,,no_image
105872,Impatiens imbecilla,纤袅凤仙花,,,,,,,no_image
105936,Impatiens microcentra,小距凤仙花,,,,,,,no_image
105956,Impatiens nyimana,米林凤仙花,,,,,,,no_image
105998,Impatiens quadriloba,四裂凤仙花,,,,,,,no_image
105978,Impatiens platysepala,阔萼凤仙花,,,,,,,no_image
106019,Impatiens scullyi,中尼凤仙花,,,,,,,no_image
106042,Impatiens suijiangensis,绥江凤仙花,,,,,,,no_image
106083,Impatiens wilsonii,白花凤仙花,,,,,,,no_image
106063,Impatiens toxophora,东俄洛凤仙花,,,,,,,no_image
106104,Impatiens zhuxiensis,竹溪凤仙花,,,,,,,no_image
44027,Impatiophila yangi,杨氏凤仙花果蝇,,,,,,,no_image
44007,Impatiophila menba,门巴凤仙花果蝇,,,,,,,no_image
106117,Incarvillea delavayi,红波罗花,,,,,,,no_image
106151,Indigofera cordifolia,细心木蓝,,,,,,,no_image
44034,Indicopleustes fuscomaculat,褐斑印角蝉,,,,,,,no_image
106199,Indigofera neosericopetala,新绢毛木蓝,,,,,,,no_image
106177,Indigofera heterantha,异花木蓝,,,,,,,no_image
106247,Indocalamus decorus,美丽箬竹,,,,,,,no_image
44055,Indolinus leigong,,,,,,,,no_image
106228,Indigofera squalida,远志木蓝,,,,,,,no_image
44038,Indocnemis ambigua,黑背印扇蟌,,,,,,,no_image
44073,Indonemoura macrolamellata,巨腹印叉(虫责),,,,,,,no_image
44087,Indoquedius arcus,,,,,,,,no_image
8986,Indoribates multisetus,多毛印单翼甲螨,,,,,,,no_image
14688,Indosmodicinus bengalensis,孟加拉印温蛛,,,,,,,no_image
44129,Inocellia shinohara,荻原盲蛇蛉,,,,,,,no_image
77251,Iniistius pavo,孔雀项鳍鱼,,,,,,,no_image
77241,Inegocia ochiaii,落合氏瞳鲬,,,,,,,no_image
146739,Inocybe assimilata,赭褐丝盖伞,,,,,,,no_image
146759,Inocybe cookei,亚黄丝盖伞,,,,,,,no_image
146779,Inocybe fulvella,,,,,,,,no_image
146799,Inocybe lanuginella,绵毛丝盖伞,,,,,,,no_image
146819,Inocybe nigrescens,,,,,,,,no_image
146839,Inocybe peronatella,粉衰毛锈伞,,,,,,,no_image
146859,Inocybe scabella,,,,,,,,no_image
146879,Inocybe umbrinella,茶褐丝盖伞,,,,,,,no_image
150278,Inonotus dryophilus,,,,,,,,no_image
150298,Inonotus nodulosus,小节纤孔菌,,,,,,,no_image
150318,Inonotus subiculosus,,,,,,,,no_image
44136,Interphasma elongatum,长尾介䗛,,,,,,,no_image
4369,Inquisitor interrupta,多肋裁判螺,,,,,,,no_image
15985,Inversispina taiwanensis,,,,,,,,no_image
44160,Ioesse rubra,,,,,,,,no_image
44158,Intestinarius kuzmini,,,,,,,,no_image
106347,Ipomoea marginata,毛茎薯,,,,,,,no_image
44166,Ipimorpha retusa,逸色夜蛾,,,,,,,no_image
143900,Irenopsis sloaneicola,,,,,,,,no_image
1449,Ircinia strobilina,松球羊海绵,,,,,,,no_image
44171,Iporhogas rugivertex,皱顶半光茧蜂,,,,,,,no_image
106413,Iris leptophylla,薄叶鸢尾,,,,,,,no_image
106383,Iris decora,尼泊尔鸢尾,,,,,,,no_image
106439,Iris songarica,准噶尔鸢尾,,,,,,,no_image
150993,Irpex hydnoides,齿囊耙菌,,,,,,,no_image
106475,Isachne pulchella,矮小柳叶箬,,,,,,,no_image
106488,Ischaemum anthephoroides,毛鸭嘴草,,,,,,,no_image
141850,Isaria locusticola,蝗生棒束孢,,,,,,,no_image
44194,Irwiniella centralis,中带欧文剑虻,,,,,,,no_image
44247,Ischnosoma evae,,,,,,,,no_image
8713,Ischnochiton hakodadensis,函馆锉石鳖,,,,,,,no_image
44225,Ischnopsyllus indratentus,下延蝠蚤,,,,,,,no_image
106519,Isodon bulleyanus,苍山香茶菜,,,,,,,no_image
44294,Ischyronota desertorum,短胸漠龟甲,,,,,,,no_image
106503,Isocladiella surcularis,鞭枝藓,,,,,,,no_image
44268,Ischnostrangalis antennalis,白梢纤花天牛,,,,,,,no_image
15321,Ischnothyreus qianlongae,千龙弱斑蛛,,,,,,,no_image
106569,Isodon megathyrsus,大锥香茶菜,,,,,,,no_image
106545,Isodon henryi,鄂西香茶菜,,,,,,,no_image
106595,Isodon scrophularioides,宽花香茶菜,,,,,,,no_image
44331,Isometopus renae,任氏树盲蝽,,,,,,,no_image
44351,Isomyia pentochaeta,五鬃等彩蝇,,,,,,,no_image
106630,Isoglossa glabra,光叉序草,,,,,,,no_image
44314,Isodromus axillaris,三角草蛉跳小蜂,,,,,,,no_image
44371,Isoneuromyia completa,完整等菌蚊,,,,,,,no_image
44396,Isoptronotum bicolor,两色梳足茧蜂,,,,,,,no_image
44390,Isopsera nigroantennata,黑角平背螽,,,,,,,no_image
106649,Isotachis chinensis,中华直蒴苔,,,,,,,no_image
18869,Isotomiella yinae,,,,,,,,no_image
106664,Isotrema cucurbitifolium,瓜叶关木通,,,,,,,no_image
106686,Isotrema jianfenglingense,尖峰岭关木通,,,,,,,no_image
106706,Isotrema pahsienshanianum,八仙山关木通,,,,,,,no_image
106726,Isotrema weixiense,维西关木通,,,,,,,no_image
44457,Itagonia cordiformis,心型齿琵甲,,,,,,,no_image
44439,Istocheta brevinychia,短爪裸背寄蝇,,,,,,,no_image
44430,Issoria eugenia,曲斑珠蛱蝶,,,,,,,no_image
44477,Italochrysa guiana,桂意草蛉,,,,,,,no_image
12167,Iwogumoa yushanensis,玉山亚隙蛛,,,,,,,no_image
143061,Ityorhoptrum verruculosum,,,,,,,,no_image
106733,Itea amoena,秀丽鼠刺,,,,,,,no_image
44498,Ithocritus multimaculatus,,,,,,,,no_image
106777,Ixeris repens,沙苦荬,,,,,,,no_image
106793,Ixora hainanensis,海南龙船花,,,,,,,no_image
15461,Jacaena bannaensis,版纳雅佳蛛,,,,,,,no_image
106819,Jacobaea vulgaris,疆千里光,,,,,,,no_image
106848,Jasminum flexile,盈江素馨,,,,,,,no_image
7892,Janiopsis unguliformis,蹄形珍妮水母,,,,,,,no_image
132325,Jahnula poonythii,,,,,,,,no_image
44538,Japonica lutea,黄灰蝶,,,,,,,no_image
44549,Jassidophaga villosa,柔毛蛪头蝇,,,,,,,no_image
44561,Jinlinus albocarinatus,白脊金陵飞虱,,,,,,,no_image
106874,Jasminum pierreanum,心叶素馨,,,,,,,no_image
44558,Jessopocoris yunnananus,云南杰氏盲蝽,,,,,,,no_image
44579,Jodis rantaizanensis,恋突尾尺蛾,,,,,,,no_image
10764,Junceella juncea,灯心草柳珊瑚,,,,,,,no_image
153046,Jola javensis,爪哇藓胶耳,,,,,,,no_image
106918,Juncus chrysocarpus,丝节灯芯草,,,,,,,no_image
106942,Juncus kangpuensis,康普灯芯草,,,,,,,no_image
106962,Juncus modicus,多花灯芯草,,,,,,,no_image
107011,Jungermannia radicellosa,垂根叶苔,,,,,,,no_image
106989,Juncus tenuis,坚被灯芯草,,,,,,,no_image
107028,Juniperus komarovii,塔枝圆柏,,,,,,,no_image
44596,Junonia iphita,钩翅眼蛱蝶,,,,,,,no_image
107094,Justicia longipetiolata,长柄杜根藤,,,,,,,no_image
107114,Justicia xylopoda,木柄杜根藤,,,,,,,no_image
107074,Justicia austrosinensis,华南爵床,,,,,,,no_image
107121,Kadsura longipedunculata,南五味子,,,,,,,no_image
77334,Kajikia audax,红肉枪鱼,,,,,,,no_image
44623,Kamalia harutai,哈邻二尾舟蛾,,,,,,,no_image
17680,Kaliella seckingeriana,色金恰里螺,,,,,,,no_image
44642,Kamimuria grandispinata,巨刺钩(虫责),,,,,,,no_image
44681,Kanaarister celatum,隐卡那阎甲,,,,,,,no_image
44697,Karana gemmifera,白纹驳夜蛾,,,,,,,no_image
44662,Kamimuria microda,小齿钩(虫责),,,,,,,no_image
44708,Katarinia consanguinea,,,,,,,,no_image
44713,Keilbachia adjuncta,附属凯眼蕈蚊,,,,,,,no_image
44728,Kelisia ribauti,黎氏凯利飞虱,,,,,,,no_image
107182,Kengyilia kokonorica,青海仲彬草,,,,,,,no_image
44733,Kerala decipiens,黑肾蜡丽夜蛾,,,,,,,no_image
77353,Kerivoula furva,暗褐彩蝠,,,,,,,no_image
77357,Ketupa flavipes,黄腿渔鸮,,,,,,,no_image
4388,Kermia pyrogoidea,梨形棋盘螺,,,,,,,no_image
15067,Khorata nani,南氏呵叻蛛,,,,,,,no_image
107219,Kiaeria glacialis,细叶凯氏藓,,,,,,,no_image
44750,Kingdonella afurcula,无尾金蝗,,,,,,,no_image
143068,Kionochaeta australiensis,,,,,,,,no_image
44784,Kiritshenkella magnotubulata,重枯粉蚧,,,,,,,no_image
44790,Kitanola linea,线铃刺蛾,,,,,,,no_image
140990,Kluyveromyces penaeid,,,,,,,,no_image
107281,Koenigia coriaria,白花蓼,,,,,,,no_image
107264,Koeleria altaica,阿尔泰[艹／洽]草,,,,,,,no_image
107306,Koenigia tortuosa,叉枝蓼,,,,,,,no_image
44838,Korinchia rufa,桔足斜环蚜蝇,,,,,,,no_image
44813,Kolla lushuiensis,泸水边大叶蝉，新种,,,,,,,no_image
107312,Konstantinovia pulchra,棘叶苔,,,,,,,no_image
107318,Koyamasia curtisii,距隔菊,,,,,,,no_image
144723,Kretzschmaria lucidula,,,,,,,,no_image
3909,Kudoa pyramidalis,金字塔库道虫,,,,,,,no_image
107333,Kuepferia infelix,小耳褶龙胆,,,,,,,no_image
44874,Kuldscha oberthuri,平库尺蛾,,,,,,,no_image
44888,Kunbir pallidipennis,,,,,,,,no_image
44909,Kunugia tamsi,汤姆杂枯叶蛾,,,,,,,no_image
77380,Kurixalus lenquanensis,冷泉原指树蛙,,,,,,,no_image
44931,Kutara brunnescens,增脉叶蝉,,,,,,,no_image
44951,Kuzicus megafurcula,巨叉库螽,,,,,,,no_image
44972,Labomimus paratorus,,,,,,,,no_image
44956,Kyrtolitha fuscata,暗弓尺蛾,,,,,,,no_image
135020,Laboulbenia cafii,,,,,,,,no_image
135040,Laboulbenia obtusa,,,,,,,,no_image
135060,Laboulbenia vulgaris,,,,,,,,no_image
44992,Lacanobia suasa,俗安夜蛾,,,,,,,no_image
146357,Laccaria purpureobadia,紫褐蜡蘑,,,,,,,no_image
140539,Lachnea arenosa,,,,,,,,no_image
140559,Lachnea lusatiae,,,,,,,,no_image
147543,Lachnella erythrostigma,,,,,,,,no_image
138637,Lachnellula minuscula,,,,,,,,no_image
138645,Lachnum albidum,,,,,,,,no_image
138665,Lachnum clavigerum,,,,,,,,no_image
138705,Lachnum mollissimum,,,,,,,,no_image
138685,Lachnum imbecille,,,,,,,,no_image
138725,Lachnum pygmaeum,根粒毛盘菌,,,,,,,no_image
45010,Laciniodes angustaria,狭网尺蛾,,,,,,,no_image
148012,Lacrymaria velutina,,,,,,,,no_image
152123,Lactarius aurantiacus,橘色乳菇,,,,,,,no_image
152143,Lactarius chrysorrheus,黄汁乳菇,,,,,,,no_image
152163,Lactarius echinatus,绒毛乳菇,,,,,,,no_image
152202,Lactarius louisii,路易斯乳菇,,,,,,,no_image
152222,Lactarius occidentalis,西方乳菇,,,,,,,no_image
152183,Lactarius hirtipes,毛脚乳菇,,,,,,,no_image
152242,Lactarius pseudogymnocarpus,,,,,,,,no_image
152302,Lactarius wangii,王氏乳菇,,,,,,,no_image
152262,Lactarius rugatus,多皱乳菇,,,,,,,no_image
152282,Lactarius sumstinei,萨姆氏乳菇,,,,,,,no_image
107378,Lactuca raddeana,毛脉翅果菊,,,,,,,no_image
45032,Laelia suffusa,粉素毒蛾,,,,,,,no_image
107392,Lagenophora sublyrata,瓶头草,,,,,,,no_image
5838,Laetmonice filicornia,镖毛鳞虫,,,,,,,no_image
107408,Lagerstroemia suprareticulata,网脉紫薇,,,,,,,no_image
107423,Lagochilus lanatonodus,毛节兔唇花,,,,,,,no_image
45036,Lagynogaster antennalis,江苏棒腹食虫虻,,,,,,,no_image
107443,Lagotis humilis,矮兔耳草,,,,,,,no_image
138853,Lambertella buchwaldii,布氏兰伯盘菌,,,,,,,no_image
10772,Lambis chiragra,水字螺,,,,,,,no_image
45064,Lamelligomphus risi,李氏环尾春蜓,,,,,,,no_image
4917,Lamoha longrostris,长额厚人面蟹,,,,,,,no_image
45102,Lamproscatella tibetensis,西藏立眼水蝇,,,,,,,no_image
77453,Lamprogrammus brunswigi,布氏软鼬鳚,,,,,,,no_image
13232,Langona maculata,斑兰戈纳蛛,,,,,,,no_image
147136,Lampteromyces luminescens,亮耳菌,,,,,,,no_image
107465,Lanonia dasyantha,毛花帽棕,,,,,,,no_image
7981,Laomedea calceolifera,履状长钟螅,,,,,,,no_image
45134,Laphria lobifera,叶毛食虫虻,,,,,,,no_image
107479,Lappula anocarpa,畸形果鹤虱,,,,,,,no_image
107504,Lappula microcarpa,小果鹤虱,,,,,,,no_image
107531,Lapsanastrum humile,矮小稻槎菜,,,,,,,no_image
77501,Larus crassirostris,黑尾鸥,,,,,,,no_image
11173,Lariniaria argiopiformis,黄金拟肥蛛,,,,,,,no_image
137693,Lasallia caeonshanensis,苍山疱脐衣,,,,,,,no_image
107560,Lasianthus chinensis,粗叶木,,,,,,,no_image
107589,Lasianthus schmidtii,泰北粗叶木,,,,,,,no_image
139681,Lasiobolus diversisporus,分孢尖毛盘菌,,,,,,,no_image
45161,Lasiochaeta yunnanensis,云南多毛秆蝇,,,,,,,no_image
131823,Lasiodiplodia pseudotheobromae,,,,,,,,no_image
45196,Lasiohelea eminenta,隆起蠛蠓,,,,,,,no_image
45216,Lasiohelea megadentis,大齿蠛蠓,,,,,,,no_image
45236,Lasiohelea sibirica,西伯利亚蠛蠓,,,,,,,no_image
135476,Lasioloma arachnoideum,蛛丝绵毛衣,,,,,,,no_image
45277,Lasiommata majuscula,大毛眼蝶,,,,,,,no_image
9408,Lasioseius chaudhri,,,,,,,,no_image
9378,Lasioseius praevius,,,,,,,,no_image
77528,Lateolabrax maculatus,中国花鲈,,,,,,,no_image
145279,Lasiosphaera fenzlii,脱被毛球马勃,,,,,,,no_image
45313,Lathrobium alishanum,,,,,,,,no_image
45353,Lathrobium conexum,,,,,,,,no_image
45333,Lathrobium bifidum,,,,,,,,no_image
45373,Lathrobium effeminatum,,,,,,,,no_image
45393,Lathrobium fumingi,,,,,,,,no_image
45453,Lathrobium micangense,,,,,,,,no_image
45413,Lathrobium illustre,,,,,,,,no_image
45433,Lathrobium kuan,,,,,,,,no_image
45473,Lathrobium rectissimum,,,,,,,,no_image
45513,Lathrobium tsuifengense,,,,,,,,no_image
45533,Lathrobium yui,,,,,,,,no_image
45493,Lathrobium shuheil,,,,,,,,no_image
45553,Lathyrophthalmus arvorum,棕腿斑目蚜蝇,,,,,,,no_image
13564,Lathys subalberta,亚阿尔隐蔽蛛,,,,,,,no_image
45574,Latizanchius zebrinus,条斑宽平盲蝽,,,,,,,no_image
107617,Lathyrus krylovii,狭叶山黧豆,,,,,,,no_image
45583,Latreille lini,林氏螯蜂,,,,,,,no_image
77534,Laudakia himalayana,喜山岩蜥,,,,,,,no_image
107646,Laurencia majuscula,略大凹顶藻,,,,,,,no_image
45592,Lauxania potanini,康定缟蝇,,,,,,,no_image
131610,Lecanactis macrocarpoides,类大果碗衣,,,,,,,no_image
18164,Lecane nana,矮小腔轮虫,,,,,,,no_image
18147,Lecane elsa,爱沙腔轮虫,,,,,,,no_image
18180,Lecane thienemanni,忝氏腔轮虫,,,,,,,no_image
135662,Lecanora achroa,,,,,,,,no_image
135682,Lecanora cenisia,坚盘茶渍,,,,,,,no_image
135702,Lecanora garovaglii,,,,,,,,no_image
135722,Lecanora mikuraensis,米库尔茶渍,,,,,,,no_image
135742,Lecanora queenslandica,昆士兰茶渍,,,,,,,no_image
135762,Lecanora vainioi,韦氏茶渍,,,,,,,no_image
149164,Leccinum albellum,白疣柄牛肝菌,,,,,,,no_image
149184,Leccinum nigrescens,黑疣柄牛肝菌,,,,,,,no_image
136700,Lecidea formosae,,,,,,,,no_image
136680,Lecidea acarocarpa,,,,,,,,no_image
136740,Lecidea tessellata,方斑网衣,,,,,,,no_image
136720,Lecidea mollis,软网衣,,,,,,,no_image
45615,Lecithocera anglijuxta,犄环祝蛾,,,,,,,no_image
45635,Lecithocera erecta,竖平祝蛾,,,,,,,no_image
45655,Lecithocera manesa,杯祝蛾,,,,,,,no_image
45675,Lecithocera protolyca,狼祝蛾,,,,,,,no_image
45691,Lecitholaxa thiodora,黄阔祝蛾,,,,,,,no_image
107677,Ledebouriella multiflora,泡棱芹,,,,,,,no_image
107689,Leersia japonica,假稻,,,,,,,no_image
45702,Leia densisetosa,密毛滑菌蚊,,,,,,,no_image
107697,Leiocarpaea cochlearioides,匙荠,,,,,,,no_image
45716,Leiophron flavicorpus,黄体毛室茧蜂,,,,,,,no_image
107709,Lejeunea barbata,多棍细鳞苔,,,,,,,no_image
136966,Leiorreuma sericeum,刚毛厚基衣,,,,,,,no_image
107729,Lejeunea lumbricoides,树生细鳞苔,,,,,,,no_image
45734,Lejops lineatus,线平管蚜蝇,,,,,,,no_image
107748,Lemmaphyllum drymoglossoides,抱石莲,,,,,,,no_image
45750,Lemula cyanipennis,,,,,,,,no_image
45775,Lemyra flavalis,金望灯蛾,,,,,,,no_image
45799,Lemyra proteus,异艳望灯蛾,,,,,,,no_image
7726,Lensia fowleri,圆囊浅室水,,,,,,,no_image
151955,Lentinellus auricula,耳状小香菇,,,,,,,no_image
151532,Lentinus elmeri,毛缘韧伞,,,,,,,no_image
151567,Lenzites vespacea,,,,,,,,no_image
151552,Lentinus velutinus,绒毛韧伞,,,,,,,no_image
107804,Leonurus glaucescens,灰白益母草,,,,,,,no_image
107784,Leontopodium leontopodioides,火绒草,,,,,,,no_image
107761,Leontopodium andersonii,松毛火绒草,,,,,,,no_image
139056,Leotia conica,,,,,,,,no_image
18656,Lepadella heterostyla,异趾鞍甲轮虫,,,,,,,no_image
107825,Lepidium apetalum,独行菜,,,,,,,no_image
107815,Lepicolea yakusimensis,东亚复叉苔,,,,,,,no_image
107847,Lepidium obtusum,钝叶独行菜,,,,,,,no_image
107852,Lepidolejeunea bidentula,指鳞苔,,,,,,,no_image
77581,Lepidotrigla hime,姬红娘鱼,,,,,,,no_image
107863,Lepidozia sandvicensis,深裂指叶苔,,,,,,,no_image
145307,Lepiota castanea,栗色环柄菇,,,,,,,no_image
145287,Lepiota americana,美洲环柄菇,,,,,,,no_image
145327,Lepiota felina,细环柄菇,,,,,,,no_image
145347,Lepiota holosericea,同丝环柄菇,,,,,,,no_image
145367,Lepiota lilacea,淡紫环柄菇,,,,,,,no_image
145387,Lepiota pseudoasperula,假褐鳞环柄菇,,,,,,,no_image
6806,Lepirodes takii,龙氏拟美蛤,,,,,,,no_image
145407,Lepiota subamanitiformis,,,,,,,,no_image
107890,Lepisorus confluens,汇生瓦韦,,,,,,,no_image
107954,Lepisorus zippelii,显脉星蕨,,,,,,,no_image
107932,Lepisorus sinuatus,深波宽带蕨,,,,,,,no_image
107912,Lepisorus medogensis,墨脱瓦韦,,,,,,,no_image
107955,Lepistemon binectarifer,鳞蕊藤,,,,,,,no_image
135434,Leprocaulon pseudoarbuscula,,,,,,,,no_image
107960,Leptaspis banksii,囊稃竺,,,,,,,no_image
14422,Lepthyphantes yueluensis,岳麓斑皿蛛,,,,,,,no_image
45861,Leptispa pygmae,小卷叶甲,,,,,,,no_image
77604,Leptobotia posterodorsalis,后鳍薄鳅,,,,,,,no_image
107962,Leptobryum pyriforme,薄囊藓,,,,,,,no_image
45888,Leptocera paranigrolimbata,伪黑缘雅小粪蝇,,,,,,,no_image
107986,Leptochilus phanerophlebius,突脉薄唇蕨,,,,,,,no_image
17430,Leptoconchus ellipticus,椭圆薄壳螺,,,,,,,no_image
45914,Leptoconops geermuensis,格尔木细蠓,,,,,,,no_image
45934,Leptoconops triquetrus,三突细蠓,,,,,,,no_image
108005,Leptodermis glomerata,聚花野丁香,,,,,,,no_image
108037,Leptodermis scabrida,糙叶野丁香,,,,,,,no_image
108054,Leptodontium handelii,齿叶薄齿藓,,,,,,,no_image
45962,Leptogaster spadix,江苏细腹食虫虻,,,,,,,no_image
137136,Leptogium denticulatum,齿裂猫耳衣,,,,,,,no_image
137156,Leptogium trichophorum,黑猫耳衣,,,,,,,no_image
108075,Leptohymenium brachystegium,短柄薄膜藓,,,,,,,no_image
108062,Leptogramma jinfoshanensis,金佛山茯蕨,,,,,,,no_image
3456,Leptomithrax sinensis,中华牛角蟹,,,,,,,no_image
108086,Leptolejeunea subdentata,弱齿薄鳞苔,,,,,,,no_image
16670,Leptonetela erlong,二龙小弱蛛,,,,,,,no_image
16660,Leptonetela langdong,浪洞小弱蛛,,,,,,,no_image
16592,Leptonetela sexdigiti,六指小弱蛛,,,,,,,no_image
16662,Leptonetela microdonta,小齿小弱蛛,,,,,,,no_image
139826,Leptopodia albella,,,,,,,,no_image
16675,Leptonetela xiaoyan,小燕小弱蛛,,,,,,,no_image
108109,Leptopus fangdingianus,方鼎木,,,,,,,no_image
108097,Leptopterigynandrum austroalpinum,叉羽藓,,,,,,,no_image
8152,Leptoseris incrustans,壳状柔纹珊瑚,,,,,,,no_image
133693,Leptosphaeria doliolum,,,,,,,,no_image
46014,Leptostegna asiatica,亚叉脉尺蛾,,,,,,,no_image
133713,Leptosphaeria recutita,,,,,,,,no_image
46021,Leptotarsus chaoianus,赵氏龙大蚊,,,,,,,no_image
46035,Leptothelaira meridionalis,南方瘦寄蝇,,,,,,,no_image
46061,Leptura lavinia,,,,,,,,no_image
46040,Leptura aethiops,橡黑花天牛,,,,,,,no_image
46083,Lepturalia nigripes,黑足类花天牛,,,,,,,no_image
46096,Leptusa chengduensis,,,,,,,,no_image
46116,Leptusa limata,,,,,,,,no_image
46136,Leptusa sichuanensis,,,,,,,,no_image
108133,Lescuraea setschwanica,四川多毛藓,,,,,,,no_image
77644,Lepus coreanus,高丽兔,,,,,,,no_image
108157,Lespedeza fasciculiflora,束花铁马鞭,,,,,,,no_image
46170,Lesteva aureomontis,,,,,,,,no_image
108185,Lespedeza tomentosa,绒毛胡枝子,,,,,,,no_image
46190,Lesteva obliquonotata,,,,,,,,no_image
46208,Lestremia cinerea,灰树瘿蚊,,,,,,,no_image
46218,Lethe argentata,银线黛眼蝶,,,,,,,no_image
77671,Lethrinus mahsena,黄尾裸颊鲷,,,,,,,no_image
46260,Lethe laodamia,罗丹黛眼蝶,,,,,,,no_image
46286,Lethe sinorix,尖尾黛眼蝶,,,,,,,no_image
46311,Leucania cryptargyria,隐粘夜蛾,,,,,,,no_image
46351,Leucania venalba,白脉粘夜蛾,,,,,,,no_image
46331,Leucania obsoleta,合粘夜蛾,,,,,,,no_image
77686,Leuciscus waleckii,,,,,,,,no_image
14868,Leucauge granulata,粒银鳞蛛,,,,,,,no_image
145437,Leucoagaricus meleagris,,,,,,,,no_image
108220,Leucobryum scabrum,疣叶白发藓,,,,,,,no_image
145452,Leucocoprinus bresadolae,暗鳞白鬼伞,,,,,,,no_image
46364,Leucocraspedum minutum,,,,,,,,no_image
140578,Leucoloma rutilans,,,,,,,,no_image
108229,Leucodon pendulus,垂悬白齿藓,,,,,,,no_image
46390,Leuconemacris asulcata,缺沟白纹蝗,,,,,,,no_image
148516,Leucopaxillus pulcherrimus,,,,,,,,no_image
46407,Leucophenga argentina,银粉白果蝇,,,,,,,no_image
46427,Leucophenga fuscipennis,褐茎白果蝇,,,,,,,no_image
46467,Leucophenga salatigae,飒拉白果蝇,,,,,,,no_image
46447,Leucophenga nigrinervis,黑脉白果蝇,,,,,,,no_image
46487,Leucophenga villosa,多毛白果蝇,,,,,,,no_image
140580,Leucoscypha alpestris,,,,,,,,no_image
46505,Leucophora sponsa,束植蝇,,,,,,,no_image
141549,Leucostoma curreyi,,,,,,,,no_image
108254,Leucothoe tonkinensis,圆基木藜芦,,,,,,,no_image
138064,Leveillula ranunculacearum,,,,,,,,no_image
108281,Leymus arjinshanicus,阿尔金山赖草,,,,,,,no_image
108266,Lewinskya laevigata,光滑显孔藓,,,,,,,no_image
108307,Leymus shanxiensis,阔颖赖草,,,,,,,no_image
108338,Liagora wilsoniana,侧羽粉枝藻,,,,,,,no_image
108318,Liagora filiformis,纤细粉枝藻,,,,,,,no_image
108349,Libanotis iliensis,伊犁岩风,,,,,,,no_image
144538,Libertella wangii,,,,,,,,no_image
46572,Libnotes pseudonohirai,拟亮大蚊,,,,,,,no_image
136017,Lichen alboflavescens,,,,,,,,no_image
136037,Lichen rubiginosus,,,,,,,,no_image
4427,Lienardia lischkeana,褐端狭口螺,,,,,,,no_image
46595,Lichtwardtia dentalis,齿茎之脉长足虻,,,,,,,no_image
151570,Lignosus sacer,神圣木孔菌,,,,,,,no_image
108383,Ligularia cyathiceps,浅苞橐吾,,,,,,,no_image
108431,Ligularia limprichtii,川滇橐吾,,,,,,,no_image
108405,Ligularia hopeiensis,河北橐吾,,,,,,,no_image
108451,Ligularia paradoxa,奇形橐吾,,,,,,,no_image
108475,Ligularia sagitta,箭叶橐吾,,,,,,,no_image
108500,Ligularia xinjiangensis,新疆橐吾,,,,,,,no_image
108519,Ligusticopsis nana,矮拟藁本,,,,,,,no_image
108567,Ligustrum obtusifolium,水蜡树,,,,,,,no_image
108539,Ligusticum sikiangense,川滇藁本,,,,,,,no_image
46611,Ligyra orphnus,暗翅丽蜂虻,,,,,,,no_image
108601,Lilium brevistylum,短柱小百合,,,,,,,no_image
108633,Lilium huidongense,会东百合,,,,,,,no_image
108663,Lilium pensylvanicum,毛百合,,,,,,,no_image
108687,Lilium sulphureum,淡黄花百合,,,,,,,no_image
5869,Lima tomlini,汤氏锉蛤,,,,,,,no_image
46655,Limnophora albitarsis,白跗池蝇,,,,,,,no_image
46635,Limenitis dubernardi,蓝线蛱蝶,,,,,,,no_image
77717,Limnodromus semipalmatus,半蹼鹬,,,,,,,no_image
5860,Limaria dentata,缘齿雪锉蛤,,,,,,,no_image
46675,Limnophora daduhea,大渡河池蝇,,,,,,,no_image
46695,Limnophora melanocephalaShinonaga,黑头池蝇,,,,,,,no_image
46737,Limnophyes bullus,具瘤沼摇蚊,,,,,,,no_image
46716,Limnophora reventa,回归池蝇,,,,,,,no_image
46752,Limonia atrisoma,黑沼大蚊,,,,,,,no_image
46779,Linan arcitibialis,,,,,,,,no_image
108730,Limonium senkakuense,钓鱼岛补血草,,,,,,,no_image
46772,Limonia thanatos,塔纳沼大蚊,,,,,,,no_image
108740,Linaria genistifolia,卵叶柳穿鱼,,,,,,,no_image
46806,Linda gracilicornis,,,,,,,,no_image
108761,Lindenbergia luchunensis,绿春钟萼草,,,,,,,no_image
108785,Lindera limprichtii,卵叶钓樟,,,,,,,no_image
108838,Lindernia mollis,红骨母草,,,,,,,no_image
12257,Lineacoelotes bicultratus,双刃线隙蛛,,,,,,,no_image
108818,Lindera tonkinensis,假桂钓樟,,,,,,,no_image
46823,Lindneromyia kandyi,短尾林扁足蝇,,,,,,,no_image
77742,Liniparhomaloptera obtusirostris,钝吻拟平鳅,,,,,,,no_image
46845,Linnaemya medogensis,墨脱短须寄蝇,,,,,,,no_image
46865,Linnaemya zachvatkini,查禾短须寄蝇,,,,,,,no_image
108870,Linum heterosepalum,异萼亚麻,,,,,,,no_image
6818,Liochthonius kirghisicus,吉尔吉斯滑缝甲螨,,,,,,,no_image
77749,Liobagrus chenghaiensis,程海&#x0000E056;,,,,,,,no_image
46877,Liodrosophila ceylonica,锡兰曙果蝇,,,,,,,no_image
196,Liomera bella,美丽花瓣蟹,,,,,,,no_image
46917,Liogluta qionglaiensis,,,,,,,,no_image
46897,Liogluta dailangensis,,,,,,,,no_image
46956,Liosarcophaga idmais,巧醬麻蝇,,,,,,,no_image
77774,Liopropoma japonicum,日本长鲈,,,,,,,no_image
46976,Liosarcophaga scopariiformis,叉形醬麻蝇,,,,,,,no_image
46996,Liothrips diwasabiae,异山嵛滑管蓟马,,,,,,,no_image
2688,Liotina radiate,辐条胀脉螺,,,,,,,no_image
108932,Liparis pingxiangensis,凭祥羊耳蒜,,,,,,,no_image
108895,Liparis cordicallosa,心胼羊耳蒜,,,,,,,no_image
108957,Lipschitzia divaricata,拐轴鸦葱,,,,,,,no_image
108951,Liparis vivipara,胎生羊耳蒜,,,,,,,no_image
108915,Liparis kwangtungensis,广东羊耳蒜,,,,,,,no_image
47043,Liriomyza xanthocer,黑胸斑潜蝇,,,,,,,no_image
108969,Lirianthe mulunica,木论木兰,,,,,,,no_image
47046,Lispe alpinicola,高原螯溜蝇,,,,,,,no_image
47088,Lispe sinica,中华溜蝇,,,,,,,no_image
47068,Lispe hirsutipes,毛胫溜蝇,,,,,,,no_image
47108,Lispocephala curvivesica,曲膜溜头秽蝇,,,,,,,no_image
47128,Lispocephala orbiprotuberans,球突溜头秽蝇,,,,,,,no_image
120,Lissocarcinus laevis,光滑光背蟹,,,,,,,no_image
301,Listriella robustoflagellata,壮鞭铲钩虾,,,,,,,no_image
15651,Lithobius ferganensis,乌恰石蜈蚣,,,,,,,no_image
47168,Lithacodia senex,衰俚夜蛾,,,,,,,no_image
15717,Lithobius multispinipes,多棘石蜈蚣,,,,,,,no_image
15694,Lithobius trichinocaput,毛头石蜈蚣,,,,,,,no_image
109051,Lithocarpus gymnocarpus,假鱼蓝柯,,,,,,,no_image
109028,Lithocarpus echinophorus,壶壳柯,,,,,,,no_image
109000,Lithocarpus caudatilimbus,尾叶柯,,,,,,,no_image
109093,Lithocarpus pachyphyllus,厚叶柯,,,,,,,no_image
109116,Lithocarpus taitoensis,菱果柯,,,,,,,no_image
109071,Lithocarpus litseifolius,木姜叶柯,,,,,,,no_image
47176,Lithocharis sororcula,,,,,,,,no_image
5361,Lithophaga obesa,肥大石蛏,,,,,,,no_image
109156,Litsea cangyuanensis,沧源木姜子,,,,,,,no_image
47190,Lithostege narynensis,白爪胫尺蛾,,,,,,,no_image
6909,Litophyton formosanum,台湾锦花软珊瑚,,,,,,,no_image
109213,Litsea oligophlebia,少脉木姜子,,,,,,,no_image
109240,Litsea umbellata,伞花木姜子,,,,,,,no_image
109188,Litsea hupehana,湖北木姜子,,,,,,,no_image
47204,Liuaspis sinensis,中华背链蚧,,,,,,,no_image
47226,Ljungh flavifemur,黄腿双距螫蜂,,,,,,,no_image
109262,Livistona jenkinsiana,美丽蒲葵,,,,,,,no_image
151574,Lloydella hamamelidis,金缕梅笋革菌,,,,,,,no_image
137181,Lobaria lobulata,小裂片肺衣,,,,,,,no_image
109272,Lobelia clavata,密毛山梗菜,,,,,,,no_image
109292,Lobelia sessilifolia,山梗菜,,,,,,,no_image
47252,Lobesia kurokoi,黑花翅小卷蛾,,,,,,,no_image
47271,Lobogonodes taiwana,台湾角尺蛾,,,,,,,no_image
47284,Lobrathium bispinosum,,,,,,,,no_image
7248,Lobophytum cristatum,冠状叶软珊瑚,,,,,,,no_image
7226,Lobophytum solidum,实叶软珊瑚,,,,,,,no_image
47304,Lobrathium flexum,,,,,,,,no_image
47324,Lobrathium retrocarinatum,,,,,,,,no_image
47342,Locharna pica,漆黑丛毒蛾,,,,,,,no_image
47353,Loepa katinka,黄豹大蚕蛾,,,,,,,no_image
143096,Lomaantha pooga,,,,,,,,no_image
47398,Lonchoptera gutianshana,古田山尖翅蝇,,,,,,,no_image
47378,Lonchaea macrocercosa,巨须尖尾蝇,,,,,,,no_image
47363,Lomechusoides kozlovi,,,,,,,,no_image
109328,Lomatogonium forrestii,云南肋柱花,,,,,,,no_image
12432,Longicoelotes kulianganus,鼓岭长隙蛛,,,,,,,no_image
109361,Lonicera confusa,华南忍冬,,,,,,,no_image
109389,Lonicera ligustrina,女贞叶忍冬,,,,,,,no_image
47422,Longipternis chayuensis,察隅长距蝗,,,,,,,no_image
136761,Lopadium hiroshii,,,,,,,,no_image
109418,Lonicera scabrida,齿叶忍冬,,,,,,,no_image
109443,Lophanthus schrenkii,天山扭藿香,,,,,,,no_image
15623,Lophochernes bicarinatus,双首冠伪蝎,,,,,,,no_image
133725,Lophiostoma pinastri,松扁孔腔菌,,,,,,,no_image
139249,Lophodermium anhuiense,安徽散斑壳,,,,,,,no_image
139269,Lophodermium griseum,灰散斑壳,,,,,,,no_image
139289,Lophodermium mirabile,奇异散斑壳,,,,,,,no_image
109450,Lopholejeunea herzogiana,赫氏冠鳞苔,,,,,,,no_image
139309,Lophodermium rhododendri,杜鹃散斑壳,,,,,,,no_image
139098,Lophophacidium hyperboreum,顶裂盘菌,,,,,,,no_image
47479,Lophoptera longipennis,长翅脊蕊夜蛾,,,,,,,no_image
47499,Lophosia fasciata,条纹罗佛寄蝇,,,,,,,no_image
144229,Lophotrichus ampullus,,,,,,,,no_image
77873,Lophura swinhoii,蓝腹鹇,,,,,,,no_image
47530,Lordiphosa coei,考氏拱背果蝇,,,,,,,no_image
47550,Lordiphosa penicilla,毛拱背果蝇,,,,,,,no_image
47570,Lordithon puncticeps,,,,,,,,no_image
47582,Lotophila confusa,迷异瘤小粪蝇,,,,,,,no_image
109492,Loxocalyx quinquenervius,五脉斜萼草,,,,,,,no_image
2,Lovenia elongata,长拉文海胆,,,,,,,no_image
109496,Loxogramme acroscopa,顶生剑蕨,,,,,,,no_image
47615,Loxoneura pictipennis,花翅肘角广口蝇,,,,,,,no_image
47623,Lshiharodelphax ferinus,野宽头飞虱,,,,,,,no_image
47634,Lucilia hainanensis,海南绿蝇,,,,,,,no_image
77892,Luciocyprinus langsoni,单纹似鳡,,,,,,,no_image
109533,Ludwigia prostrata,丁香蓼,,,,,,,no_image
143097,Lunulospora curvula,,,,,,,,no_image
109543,Luisia lui,吕氏钗子股,,,,,,,no_image
77903,Luscinia svecica,蓝喉歌鸲,,,,,,,no_image
77926,Lutjanus malabaricus,马拉巴笛鲷,,,,,,,no_image
47660,Luzea rubecula,,,,,,,,no_image
47691,Lycastris flaviscutatis,黄盾长吻蚜蝇,,,,,,,no_image
109587,Luzula rufescens,火红地杨梅,,,,,,,no_image
109622,Lycium qingshuiheense,清水河枸杞,,,,,,,no_image
146916,Lycoperdon corticale,,,,,,,,no_image
77954,Lycodon pictus,锦链蛇（锦白环蛇）,,,,,,,no_image
146956,Lycoperdon oblongisporum,长孢马勃,,,,,,,no_image
146936,Lycoperdon gemmatum,白马勃,,,,,,,no_image
47711,Lycoriella jingpleuroti,京菇厉眼蕈蚊,,,,,,,no_image
109636,Lycopus lucidus,地笋,,,,,,,no_image
146976,Lycoperdon subincarnatum,近肉红色马勃,,,,,,,no_image
16535,Lycosa canescens,渐白狼蛛,,,,,,,no_image
16452,Lycosa suzukii,铃木狼蛛,,,,,,,no_image
47731,Lycoriella yunpleuroti,云菇厉眼蕈蚊,,,,,,,no_image
47743,Lygephila ludicra,艺影夜蛾,,,,,,,no_image
47762,Lygocoris idoneus,东亚丽盲蝽,,,,,,,no_image
109681,Lygodium yunnanense,云南海金沙,,,,,,,no_image
47791,Lymantria argyrochroa,银纹毒蛾,,,,,,,no_image
47811,Lymantria punicea,粉红毒蛾,,,,,,,no_image
147029,Lyophyllum tylicolor,,,,,,,,no_image
47830,Lynchia trita,五色鹭虱蝇,,,,,,,no_image
147009,Lyophyllum fumatofoetens,烟味离褶伞,,,,,,,no_image
47846,Lyriothemis bivittata,双纹宽腹蜻,,,,,,,no_image
109743,Lysimachia dushanensis,独山香草,,,,,,,no_image
109701,Lysimachia aspera,短枝香草,,,,,,,no_image
109722,Lysimachia chingshuiensis,清水山过路黄,,,,,,,no_image
109766,Lysimachia hemsleyana,点腺过路黄,,,,,,,no_image
109787,Lysimachia lichiangensis,丽江珍珠菜,,,,,,,no_image
109834,Lysimachia pubiflora,毛花过路黄,,,,,,,no_image
109856,Lysimachia sinopilosa,中国毛珍珠菜,,,,,,,no_image
109811,Lysimachia ophelioides,琴叶过路黄,,,,,,,no_image
14674,Lysiteles anchorus,锚微蟹蛛,,,,,,,no_image
109880,Lysimachia xiangxiensis,湘西过路黄,,,,,,,no_image
109905,Lysionotus microphyllus,小叶吊石苣苔,,,,,,,no_image
14563,Lysiteles himalayensis,喜马拉雅微蟹蛛,,,,,,,no_image
109927,Lythrum virgatum,帚枝千屈菜,,,,,,,no_image
14797,Lysiteles uniprocessus,单突微蟹蛛,,,,,,,no_image
77974,Macaca cyclopis,台湾猕猴,,,,,,,no_image
47864,Maaserphus carinatus,强脊马氏细蜂,,,,,,,no_image
4515,Machaeroplax nyssona,尼松短剑螺,,,,,,,no_image
109944,Macaranga pustulata,泡腺血桐,,,,,,,no_image
109958,Machilus chayuensis,察隅润楠,,,,,,,no_image
110025,Machilus pomifera,梨润楠,,,,,,,no_image
110004,Machilus minkweiensis,闽桂润楠,,,,,,,no_image
109978,Machilus gongshanensis,贡山润楠,,,,,,,no_image
110057,Maclura amboinensis,景东柘,,,,,,,no_image
110045,Machilus viridis,绿叶润楠,,,,,,,no_image
5442,Macoma sectior,扇白樱蛤,,,,,,,no_image
47929,Macrauzata minor,台湾大窗钩蛾,,,,,,,no_image
5026,Macrobrachium lar,贪食沼虾,,,,,,,no_image
47996,Macrocentrus sichuanensis,四川长体茧蜂,,,,,,,no_image
47955,Macrocentrus cingulum,腰带长体茧蜂,,,,,,,no_image
47935,Macrobrochis gigas,巨网苔蛾,,,,,,,no_image
47975,Macrocentrus infirmus,姣长体茧蜂,,,,,,,no_image
48013,Macrocera brunnea,棕色长角菌蚊,,,,,,,no_image
48027,Macrochenus guerinii,,,,,,,,no_image
48038,Macrocoma affinis,近马氏漠肖叶甲,,,,,,,no_image
48049,Macroglenes varicornis,多环大眼金小蜂,,,,,,,no_image
48067,Macrokangacris luteoarmilla,黄纹大康蝗,,,,,,,no_image
48070,Macrolophus glaucescens,灰长颈盲蝽,,,,,,,no_image
48087,Macromia indica,印度大伪蜻,,,,,,,no_image
110104,Macropanax undulatus,波缘大参,,,,,,,no_image
110089,Macromitrium rhacomitrioides,长叶蓑藓,,,,,,,no_image
110069,Macromitrium chungkingense,重庆蓑藓,,,,,,,no_image
462,Macrophiothrix variabilis,变异大刺蛇尾,,,,,,,no_image
4026,Macrophthalmus crassipes,强壮大眼蟹,,,,,,,no_image
48125,Macropis micheneri,米氏宽痣蜂,,,,,,,no_image
48134,Macroprionus heros,,,,,,,,no_image
48150,Macrostylophora fulini,福林大锥蚤,,,,,,,no_image
78010,Macrosmia phalacra,裸头大尾鳕,,,,,,,no_image
48171,Macrotermes chebalingensis,车八岭大白蚁,,,,,,,no_image
48191,Macrotermes yunnanensis,云南大白蚁,,,,,,,no_image
13477,Macrothele raveni,雷氏大疣蛛,,,,,,,no_image
48201,Macrothyatira flavimargo,缘大波纹蛾,,,,,,,no_image
48212,Maculinea teleia,胡麻霾灰蝶,,,,,,,no_image
3094,Mactra alta,高蛤蜊,,,,,,,no_image
110157,Maesa permollis,毛杜茎山,,,,,,,no_image
110136,Maesa chisia,密腺杜茎山,,,,,,,no_image
8179,Madracis kirbyi,克氏非六珊瑚,,,,,,,no_image
48232,Magnimyiolia yunnanica,云南直颜实蝇,,,,,,,no_image
48242,Mahavana acinosa,,,,,,,,no_image
110222,Maianthemum gongshanense,贡山鹿药,,,,,,,no_image
110176,Mahonia calamicaulis,,,,,,,,no_image
110199,Mahonia napaulensis,尼泊尔十大功劳,,,,,,,no_image
48276,Malaisemyia foliacea,奇叶马来大蚊,,,,,,,no_image
3461,Maja gracilipes,细足蜘蛛蟹,,,,,,,no_image
9101,Malaconothrus pygmaeus,矮盲甲螨,,,,,,,no_image
152953,Malassezia yamatoensis,大和马拉色菌,,,,,,,no_image
48315,Mallota analis,日本毛管蚜蝇,,,,,,,no_image
13498,Mallinella hingstoni,辛氏马利蛛,,,,,,,no_image
48292,Maliattha ritsemae,直带瑙夜蛾,,,,,,,no_image
48309,Mallada yangae,杨氏玛草蛉,,,,,,,no_image
110248,Mallotus barbatus,毛桐,,,,,,,no_image
110275,Mallotus philippensis,粗糠柴,,,,,,,no_image
110301,Malus daochengensis,稻城海棠,,,,,,,no_image
110333,Malus xiaojinensis,小金海棠,,,,,,,no_image
5678,Mammilla melanostoma,黑口乳玉螺,,,,,,,no_image
110359,Mangifera sylvatica,林生杧果,,,,,,,no_image
110380,Manglietia jinggangshanensis,井冈山木莲,,,,,,,no_image
10945,Mangora crescopicta,新月芒果蛛,,,,,,,no_image
48341,Mannerheimia taiwanica,,,,,,,,no_image
48372,Mantispa mandarina,汉螳蛉,,,,,,,no_image
48353,Mansoniella flava,黄翅曼盲蝽,,,,,,,no_image
147599,Marasmiellus acicula,,,,,,,,no_image
147619,Marasmiellus enodis,无节微皮伞,,,,,,,no_image
147639,Marasmiellus pilosus,毛微皮伞,,,,,,,no_image
147659,Marasmiellus vaillantii,,,,,,,,no_image
147158,Marasmius bambusinus,,,,,,,,no_image
147178,Marasmius confluens,毛柄皮伞,,,,,,,no_image
147238,Marasmius neosessilis,无柄小皮伞,,,,,,,no_image
147198,Marasmius erythropus,红柄小皮伞,,,,,,,no_image
147218,Marasmius hudsonii,胡索尼小皮伞,,,,,,,no_image
147258,Marasmius plicatulus,扇褶皮伞,,,,,,,no_image
147278,Marasmius rotuloides,类圆形小皮伞,,,,,,,no_image
153057,Maravalia ichnocarpi,,,,,,,,no_image
48384,Mardara calligramma,月毒蛾,,,,,,,no_image
147298,Marasmius tenuissimus,,,,,,,,no_image
48399,Margarinotus hailar,海拉尔歧阎甲,,,,,,,no_image
110437,Margaritaria indica,蓝子木,,,,,,,no_image
13807,Marinarozelotes baiyuensis,白岳马狂蛛,,,,,,,no_image
78053,Marmota sibirica,西伯利亚旱獭,,,,,,,no_image
110459,Marsdenia longipes,百灵草,,,,,,,no_image
110476,Marsilea aegyptiaca,埃及蘋,,,,,,,no_image
110484,Marsupella pseudofunckii,假冯氏钱袋苔,,,,,,,no_image
48437,Marumba gaschkewitschi,,,,,,,,no_image
133731,Massaria moricola,,,,,,,,no_image
110498,Mastixia caudatilimba,长尾单室茱萸,,,,,,,no_image
110505,Matricaria chamomilla,母菊,,,,,,,no_image
78060,Mastacembelus strigiventus,腹纹刺鳅,,,,,,,no_image
48474,Matsumyia shirakii,素木木村蚜蝇,,,,,,,no_image
48508,Maxates glaucaria,肖灰尖尾尺蛾,,,,,,,no_image
2664,Maxillipius rectitelson,直尾颚足钩虾,,,,,,,no_image
48488,Maurya paradoxa,瘤耳角蝉,,,,,,,no_image
78065,Mauremys annamensis,安南拟水龟,,,,,,,no_image
110530,Mazus fauriei,台湾通泉草,,,,,,,no_image
48542,Mecodina costimacula,缘斑薄夜蛾,,,,,,,no_image
110555,Mazus saltuarius,林地通泉草,,,,,,,no_image
110571,Meconopsis autumnalis,秋花绿绒蒿,,,,,,,no_image
282,Medaeops granulosus,颗粒仿权位蟹,,,,,,,no_image
110646,Meconopsis venusta,秀丽绿绒蒿,,,,,,,no_image
110617,Meconopsis prattii,草甸绿绒蒿,,,,,,,no_image
110593,Meconopsis gracilipes,细梗绿绒蒿,,,,,,,no_image
48587,Medetera micacea,云母聚脉长足虻,,,,,,,no_image
48607,Medhiama nigromagna,,,,,,,,no_image
110671,Medicago monantha,单花苜蓿,,,,,,,no_image
110687,Medinilla himalayana,锥序美丁花,,,,,,,no_image
48638,Medon yunnanicus,,,,,,,,no_image
48648,Megaceramis clara,卡亮舟蛾,,,,,,,no_image
6451,Megabalanus rosa,红巨藤壶,,,,,,,no_image
48662,Megachile argentata,双斑切叶蜂,,,,,,,no_image
48686,Megachile dolichotricha,长毛切叶蜂,,,,,,,no_image
48709,Megachile koshunensis,方斑切叶蜂,,,,,,,no_image
48733,Megachile penetrata,三角唇基切叶蜂,,,,,,,no_image
48755,Megachile sericans,丝切叶蜂,,,,,,,no_image
48777,Megachile vestita,绒毛切叶蜂,,,,,,,no_image
13024,Megaeupoa yanfengi,艳丰巨尤蛛,,,,,,,no_image
48797,Megalinus boki,,,,,,,,no_image
48817,Megalinus ningxiaensis,,,,,,,,no_image
78084,Megalobrama elongata,长体鲂,,,,,,,no_image
48850,Megalopinus hirashimai,,,,,,,,no_image
48872,Megaphragma macrostigmum,显痣缨翅赤眼蜂,,,,,,,no_image
5881,Megaluropus agilis,敏捷大尾钩虾,,,,,,,no_image
48891,Megarthrus nitidulus,,,,,,,,no_image
48911,Megaselia breviuscula,短尾异蚤蝇,,,,,,,no_image
48971,Megasemum quadricostulatum,,,,,,,,no_image
48951,Megaselia sauteri,绍特异蚤蝇,,,,,,,no_image
48931,Megaselia lacunitarsalis,凹跗异蚤蝇,,,,,,,no_image
734,Megokris granulosus,粒突大突虾,,,,,,,no_image
49001,Meigenia grandigena,宽颊美根寄蝇,,,,,,,no_image
49013,Meitanaphis flavogallis,黄小铁枣倍蚜,,,,,,,no_image
78098,Melamphaes leprus,多耙孔头鲷,,,,,,,no_image
153245,Melampsora euphorbiae,,,,,,,,no_image
153285,Melampsora sancti-johannis,金丝桃栅锈菌,,,,,,,no_image
153265,Melampsora lini,亚麻栅锈菌,,,,,,,no_image
110734,Melampyrum laxum,圆苞山罗花,,,,,,,no_image
141496,Melanconis juglandis,,,,,,,,no_image
49043,Melanagromyza ricini,蓖麻黑潜蝇,,,,,,,no_image
136062,Melanelia subargentifera,银白褐衣,,,,,,,no_image
49069,Melangyna lasiophthalma,暗颊美蓝蚜蝇,,,,,,,no_image
78114,Melanocorypha mongolica,蒙古百灵,,,,,,,no_image
136076,Melanohalea exasperatula,微糙黑尔衣,,,,,,,no_image
148527,Melanoleuca excissa,钟形铦囊蘑,,,,,,,no_image
133778,Melanomma pulvis-pyrius,,,,,,,,no_image
142145,Melanopsamma chilensis,,,,,,,,no_image
110752,Melanoseris graciliflora,细莴苣,,,,,,,no_image
142165,Melanopsamma suecica,,,,,,,,no_image
110772,Melanoseris yunnanensis,云南毛鳞菊,,,,,,,no_image
154972,Melanotaenium tuberculatae,,,,,,,,no_image
139333,Melasmia lonicerae,忍冬叶痣菌,,,,,,,no_image
110791,Melica kozlovii,柴达木臭草,,,,,,,no_image
110778,Melastoma kudoi,水社野牡丹,,,,,,,no_image
8252,Melicertoides octolabiatis,八棱海神水母,,,,,,,no_image
143906,Meliola aceris,,,,,,,,no_image
49116,Melieria obscuripes,暗蜜斑蝇,,,,,,,no_image
143946,Meliola brisbanensis,,,,,,,,no_image
143926,Meliola artabotrydis,,,,,,,,no_image
143966,Meliola ciferrii,,,,,,,,no_image
144006,Meliola formosensis,,,,,,,,no_image
143986,Meliola dissotidis,,,,,,,,no_image
144026,Meliola illigerae,,,,,,,,no_image
144066,Meliola mayapeicola,,,,,,,,no_image
144046,Meliola leptospermi,,,,,,,,no_image
144086,Meliola opposita,,,,,,,,no_image
144106,Meliola praetervisa,,,,,,,,no_image
144126,Meliola simaoensis,思茅小煤炱,,,,,,,no_image
144146,Meliola telosmae,,,,,,,,no_image
110855,Meliosma pinnata,羽叶泡花树,,,,,,,no_image
144166,Meliola zangii,,,,,,,,no_image
110871,Melissa officinalis,香蜂花,,,,,,,no_image
49140,Melitaea diamina,网蛱蝶,,,,,,,no_image
49162,Melitta nigrabdominalis,黑腹准蜂,,,,,,,no_image
110878,Melocalamus cordatus,糯米竹,,,,,,,no_image
144645,Melogramma corylina,,,,,,,,no_image
110896,Memecylon hainanense,海南谷木,,,,,,,no_image
136089,Menegazzia primaria,裸孔叶衣,,,,,,,no_image
49192,Menesia vitiphaga,,,,,,,,no_image
110917,Mentha dahurica,兴安薄荷,,,,,,,no_image
49201,Mepachymerus tianmushanensis,天目山平胸秆蝇,,,,,,,no_image
78135,Meriones chengi,郑氏沙鼠,,,,,,,no_image
49224,Merionoeda scutulata,,,,,,,,no_image
49230,Merisus splendidus,亮丽筒腹金小蜂,,,,,,,no_image
49240,Merodon scutellaris,黄盾齿腿蚜蝇,,,,,,,no_image
49260,Meromyza saltatrix,麦秆蝇,,,,,,,no_image
49269,Merothrips indicus,印度大腿蓟马,,,,,,,no_image
110957,Merremia vitifolia,掌叶鱼黄草,,,,,,,no_image
151045,Merulius niveus,雪白千朽菌,,,,,,,no_image
78154,Mesechinus miodon,小齿猬,,,,,,,no_image
49300,Mesembrius hainanensis,海南墨管蚜蝇,,,,,,,no_image
49315,Mesocallis alnicola,桤木中斑蚜,,,,,,,no_image
49332,Mesonemoura lii,李氏中叉(虫责),,,,,,,no_image
49349,Mesophalera ferruginis,褐间掌舟蛾,,,,,,,no_image
49366,Mesopolobus beilingicus,赭腹迈金小蜂,,,,,,,no_image
78164,Mesopristes argenteus,银身中锯鯻,,,,,,,no_image
49422,Mesosa indica,,,,,,,,no_image
49401,Mesorhaga guangxiensis,广西孤脉长足虻,,,,,,,no_image
49442,Mesosmittia apsensis,无棘肛脊摇蚊,,,,,,,no_image
110991,Mesua ferrea,铁力木,,,,,,,no_image
49456,Metacnephia edwardsiana,黑足后克蚋,,,,,,,no_image
49468,Metaegosoma pici,,,,,,,,no_image
49482,Metalliopsis setosa,喜马拟金彩蝇,,,,,,,no_image
78166,Metahomaloptera longicauda,长尾后平鳅,,,,,,,no_image
705,Metapenaeopsis intermedia,中型门司赤虾,,,,,,,no_image
111012,Metapetrocosmea cyrtocarpa,弯果盾叶苣苔,,,,,,,no_image
3171,Metanephrops japonicus,日本后海螯虾,,,,,,,no_image
17843,Metaphire kokoan,青甘腔蚓,,,,,,,no_image
18003,Metaphire dadingmontis,大顶山腔蚓,,,,,,,no_image
17782,Metaphire schmardae,舒脉腔蚓,,,,,,,no_image
49501,Metaphycus angustifrons,,,,,,,,no_image
10004,Metaplatyphytoptus massonianae,,,,,,,,no_image
49521,Metasequoiamiris mediovittatus,中黑水杉盲蝽,,,,,,,no_image
49538,Meteoridea japonensis,日本鳞跨茧蜂,,,,,,,no_image
49547,Meteorus ictericus,微黄悬茧蜂,,,,,,,no_image
111025,Metathelypteris hattorii,林下凸轴蕨,,,,,,,no_image
14903,Metleucauge kompirensis,佐贺后鳞蛛,,,,,,,no_image
49576,Metolinus yunnanus,,,,,,,,no_image
49594,Metopina paucisetalis,寡毛裂蚤蝇,,,,,,,no_image
16990,Metorchis taiwanensis,台湾次睾吸虫,,,,,,,no_image
49619,Metriocnemus tamaokui,多摩川中足摇蚊,,,,,,,no_image
111058,Mezoneuron enneaphyllum,九羽见血飞,,,,,,,no_image
111044,Metzgeria conjugata,平叉苔,,,,,,,no_image
49645,Micadina cheni,陈氏小异䗛,,,,,,,no_image
13854,Micaria rossica,俄小蚁蛛,,,,,,,no_image
135483,Micarea melaena,黑亚网衣,,,,,,,no_image
111067,Michelia champaca,黄缅桂,,,,,,,no_image
111089,Michelia lacei,壮丽含笑,,,,,,,no_image
111111,Michelia yunnanensis,云南含笑,,,,,,,no_image
111120,Micranthes laciniata,长白亭阁草,,,,,,,no_image
111136,Microcampylopus khasianus,小曲柄藓,,,,,,,no_image
111143,Microchirita prostrata,匍匐钩序苣苔,,,,,,,no_image
144230,Microascus cinereus,,,,,,,,no_image
15562,Microcreagris pusilla,微小肉伪蝎,,,,,,,no_image
49721,Microdebilissa bipartita,,,,,,,,no_image
49729,Microdon apidiformis,长巢穴蚜蝇,,,,,,,no_image
49749,Microdon taiwanus,台湾巢穴蚜蝇,,,,,,,no_image
49769,Microdrosophila maculata,腹斑微果蝇,,,,,,,no_image
134882,Microglossum fumosum,烟色小舌菌,,,,,,,no_image
78186,Microhyla dabieshanensis,大别山姬蛙,,,,,,,no_image
111166,Microlepia crassa,革质鳞盖蕨,,,,,,,no_image
111191,Microlepia strigosa,粗毛鳞盖蕨,,,,,,,no_image
3108,Micromactra angulifera,角小蛤蜊,,,,,,,no_image
49815,Micromorphus albipes,淡色小长足虻,,,,,,,no_image
49833,Micromus setulosus,多毛脉褐蛉,,,,,,,no_image
49866,Micropeplus songi,,,,,,,,no_image
14143,Microneta viaria,腐质褶蛛,,,,,,,no_image
78203,Microphis leiaspis,无棘腹囊海龙,,,,,,,no_image
78218,Microphysogobio tafangensis,建德小鳔&#x0000E068;,,,,,,,no_image
151595,Microporus passerinus,,,,,,,,no_image
139089,Micropyxis geoglossi,,,,,,,,no_image
138076,Microsphaera grossulariae,,,,,,,,no_image
111226,Microstegium fasciculatum,蔓生莠竹,,,,,,,no_image
49898,Microstylum albolimbatum,白缘微芒食虫虻,,,,,,,no_image
49932,Microterys ditaeniatus,二带花翅跳小蜂,,,,,,,no_image
49912,Microtendipes confinis,科菲倒毛摇蚊,,,,,,,no_image
49952,Microterys postmarginis,后缘花翅跳小蜂,,,,,,,no_image
49970,Microthyatira decorata,小波纹蛾,,,,,,,no_image
78232,Microtus ilaeus,伊犁田鼠,,,,,,,no_image
111265,Microtoena vanchingshanensis,梵净山冠唇花,,,,,,,no_image
111282,Microtropis obliquinervia,斜脉假卫矛,,,,,,,no_image
111315,Microula longipes,长梗微孔草,,,,,,,no_image
49974,Microunguis depressus,压小爪扁蚜,,,,,,,no_image
139847,Midotis irregularis,,,,,,,,no_image
50007,Mileewa lackstripa,无纹窗翅叶蝉,,,,,,,no_image
49987,Mileewa amplimacula,大斑窗翅叶蝉,,,,,,,no_image
50046,Milesia undulata,波迷蚜蝇,,,,,,,no_image
50027,Mileewa trispina,三刺窗翅叶蝉,,,,,,,no_image
50060,Milichiella asiatica,亚洲凹痕叶蝇,,,,,,,no_image
7050,Millepora murrayi,直枝多孔螅,,,,,,,no_image
50073,Miltochrista defecta,松美苔蛾,,,,,,,no_image
50093,Miltochrista longstriga,全轴美苔蛾,,,,,,,no_image
50114,Miltochrista rubrata,红黑脉美苔蛾,,,,,,,no_image
50135,Miltogramma oestracea,烈蜂麻蝇,,,,,,,no_image
50149,Mimacrotona taiwanensis,,,,,,,,no_image
50184,Mimocagosima ochreipennis,,,,,,,,no_image
50175,Mimegralla ecruis,浅褐缟瘦足蝇,,,,,,,no_image
50208,Mimopydna sikkima,黄拟皮舟蛾,,,,,,,no_image
50227,Mimoxypoda grootaerti,,,,,,,,no_image
50246,Minettia flavoscutellata,黄盾黑缟蝇,,,,,,,no_image
50266,Minettia tubifera,管瘤黑缟蝇,,,,,,,no_image
78257,Minous inermis,无备虎鲉,,,,,,,no_image
50283,Minilimosina tapiehella,大别山索小粪蝇,,,,,,,no_image
50304,Miobdelus gemellus,,,,,,,,no_image
50330,Miostauropus mioides,小蚁舟蛾,,,,,,,no_image
50340,Mirax feretus,弗雷奇脉茧蜂,,,,,,,no_image
50378,Mironasutitermes huangshanensis,黄山奇象白蚁,,,,,,,no_image
50358,Mirocapritermes hsuchiafui,云南瘤白蚁,,,,,,,no_image
111381,Miscanthus floridulus,五节芒,,,,,,,no_image
78268,Misgurnus mohoity,黑龙江泥鳅,,,,,,,no_image
6641,Mithrodia clavigera,棒棘海星,,,,,,,no_image
10470,Mitratus broussonetiae,,,,,,,,no_image
2760,Mitra decurtata,短笔螺,,,,,,,no_image
2716,Mitra puncticulata,细孔笔螺,,,,,,,no_image
153486,Miyagia macrospora,大孢罩膜双孢锈,,,,,,,no_image
111423,Mitrephora tomentosa,银钩花,,,,,,,no_image
138780,Mitrula vitellina,,,,,,,,no_image
148550,Mniopetalum miniatum,小藓瓣菌,,,,,,,no_image
50434,Moechotypa alboannulata,,,,,,,,no_image
50429,Mocis laxa,宽毛胫夜蛾,,,,,,,no_image
5485,Moerella nishimurai,西村明樱蛤,,,,,,,no_image
50462,Molophilus ariel,艾瑞磨大蚊,,,,,,,no_image
50451,Mohrigia rusticana,乡摩眼蕈蚊,,,,,,,no_image
138783,Mollisia caesia,,,,,,,,no_image
50502,Molorchus cupreoviridis,,,,,,,,no_image
50482,Molophilus pallidibasis,大武磨大蚊,,,,,,,no_image
50543,Molorchus watani,,,,,,,,no_image
50522,Molorchus pallidipennis,,,,,,,,no_image
139532,Monacrosporium candidum,,,,,,,,no_image
50577,Mongoliana lanceolata,矛尖蒙瓢蜡蝉,,,,,,,no_image
111467,Monarda fistulosa,拟美国薄荷,,,,,,,no_image
11472,Moneta caudifera,尾短跗蛛,,,,,,,no_image
153035,Moniliella nigrescens,,,,,,,,no_image
50622,Monoceromyia yentaushanensis,雁荡柄角蚜蝇,,,,,,,no_image
50595,Mongoloraphidia xiyue,西岳蒙蛇蛉,,,,,,,no_image
78285,Monocentris japonica,日本松球鱼,,,,,,,no_image
50631,Monochamus convexicollis,,,,,,,,no_image
50653,Monochamus sutor,,,,,,,,no_image
143128,Monodictys asperospora,,,,,,,,no_image
143148,Monodictys sessilis,,,,,,,,no_image
50667,Monohelea wuzhishanensis,五指山单蠓,,,,,,,no_image
111481,Monoon viride,毛脉单籽暗罗,,,,,,,no_image
111488,Monostroma nitidium,礁膜,,,,,,,no_image
50679,Monopsyllus toli,三角单蚤,,,,,,,no_image
2869,Monterosatus sinensis,中华糙中带蛤,,,,,,,no_image
6966,Montipora grisea,青灰蔷薇珊瑚,,,,,,,no_image
139877,Morchella continua,,,,,,,,no_image
50689,Moore flavicostata,黄缘狄苔蛾,,,,,,,no_image
6880,Morchellana pulchella,美丽编笠软珊瑚,,,,,,,no_image
50709,Morellia pingi,秉氏莫蝇,,,,,,,no_image
111501,Morina coulteriana,黄花刺参,,,,,,,no_image
111525,Morinda nanlingensis,南岭鸡眼藤,,,,,,,no_image
50726,Morinowotome flavonigra,弯带摩实蝇,,,,,,,no_image
139897,Morchella rufobrunnea,,,,,,,,no_image
155867,Mortierella reticulata,,,,,,,,no_image
155847,Mortierella fimbriata,顶毛被孢霉,,,,,,,no_image
17538,Morula nodicostata,黑斑结螺,,,,,,,no_image
111561,Morus trilobata,裂叶桑,,,,,,,no_image
111580,Moullava tortuosa,扭果苏木,,,,,,,no_image
111571,Mosla hangchouensis,杭州石荠苧,,,,,,,no_image
155954,Mucor foenicola,草生毛霉,,,,,,,no_image
155974,Mucor minutus,,,,,,,,no_image
155994,Mucor rufescens,歪孢毛霉,,,,,,,no_image
111583,Mucuna bodinieri,黔油麻藤,,,,,,,no_image
111613,Muhlenbergia curviaristata,弯芒乱子草,,,,,,,no_image
111611,Mucuna sempervirens,油麻藤,,,,,,,no_image
143168,Multicellaesporites bellus,,,,,,,,no_image
143208,Multicellaesporites volubilis,,,,,,,,no_image
143188,Multicellaesporites margaritus,,,,,,,,no_image
518,Munida pilorhyncha,毛额刺铠虾,,,,,,,no_image
3620,Munditella qualum,透小洁螺,,,,,,,no_image
621,Munidopsis bruta,粗糙拟刺铠虾,,,,,,,no_image
78366,Muntiacus vaginalis,赤麂,,,,,,,no_image
613,Munidopsis profunda,深海拟刺铠虾,,,,,,,no_image
111639,Murdannia spirata,矮水竹叶,,,,,,,no_image
78388,Murina puta,台湾管鼻蝠,,,,,,,no_image
7520,Muricella sinensis,中华小尖柳珊瑚,,,,,,,no_image
3775,Mursia microspina,微刺筐形蟹,,,,,,,no_image
111682,Musa puspanjaliae,察隅芭蕉,,,,,,,no_image
50767,Musca craggi,扰家蝇,,,,,,,no_image
50787,Musca vitripennis,中亚家蝇,,,,,,,no_image
5332,Musculus mirandus,细肋肌蛤,,,,,,,no_image
111715,Mussaenda hirsutula,粗毛玉叶金花,,,,,,,no_image
78412,Mustela aistoodonnivalis,缺齿伶鼬,,,,,,,no_image
150788,Mutinus bambusinus,竹林蛇头菌,,,,,,,no_image
50807,Mycalesis francisca,拟稻眉眼蝶,,,,,,,no_image
147361,Mycena albidolilacea,,,,,,,,no_image
147381,Mycena citrinella,污黄小菇,,,,,,,no_image
147401,Mycena fibula,腓骨小菇,,,,,,,no_image
147421,Mycena leaiana,,,,,,,,no_image
147441,Mycena oortiana,淡褐小菇,,,,,,,no_image
147481,Mycena subcana,近白小菇,,,,,,,no_image
147461,Mycena pura,洁小菇,,,,,,,no_image
111754,Mycetia nepalensis,垂花腺萼木,,,,,,,no_image
148553,Mycenella lasiosperma,,,,,,,,no_image
50850,Mycetophila drepana,镰状菌蚊,,,,,,,no_image
50870,Mycetophila recta,直小菌蚊,,,,,,,no_image
136668,Mycoblastus affinis,邻黑红衣,,,,,,,no_image
50903,Mycodrosophila palmata,手菇果蝇,,,,,,,no_image
50911,Mycomya alpina,阿尔卑真菌蚊,,,,,,,no_image
50951,Mycomya vaisaneni,菲氏真菌蚊,,,,,,,no_image
132726,Mycosphaerella circe,,,,,,,,no_image
50931,Mycomya longdeana,隆德真菌蚊,,,,,,,no_image
132746,Mycosphaerella tassiana,,,,,,,,no_image
50968,Mycterothrips ricini,蓖麻喙蓟马,,,,,,,no_image
50980,Mydaea gansuensis,甘肃圆蝇,,,,,,,no_image
136096,Myelochroa entotheiochroa,皱褶黄髓叶,,,,,,,no_image
51001,Myiomma austroccidens,澳侎树盲蝽,,,,,,,no_image
51013,Myllaena gongmontis,,,,,,,,no_image
6810,Myomenippe hardwickii,蝇哲蟹,,,,,,,no_image
51065,Myorhina lini,林氏锉麻蝇,,,,,,,no_image
51033,Myllaena schuelkei,,,,,,,,no_image
51076,Myospila armata,武妙蝇,,,,,,,no_image
51116,Myospila mingshanana,名山妙蝇,,,,,,,no_image
51096,Myospila flavilobulusa,黄叶妙蝇,,,,,,,no_image
51136,Myospila trochanterata,转妙蝇,,,,,,,no_image
78469,Myotis horsfieldii,霍氏鼠耳蝠,,,,,,,no_image
2597,Myra subgranalata,似颗粒长臂蟹,,,,,,,no_image
111800,Myriophyllum tuberculatum,刺果狐尾藻,,,,,,,no_image
78484,Myrichthys maculosus,斑纹花蛇鳗,,,,,,,no_image
111804,Myristica cagayanensis,台湾肉豆蔻,,,,,,,no_image
13038,Myrmarachne laeta,喜蚁蛛,,,,,,,no_image
51148,Myrmecocephalus concinnus,,,,,,,,no_image
51190,Myrmeleon punctinervis,沙井蚁蛉,,,,,,,no_image
51170,Myrmecophyes alboornatus,垂头盲蝽,,,,,,,no_image
78499,Myrrophis chinensis,中国沼蛇,,,,,,,no_image
15420,Mysmena arcilonga,长弓密蛛,,,,,,,no_image
51212,Myxexoristops bicolor,双色撵寄蝇,,,,,,,no_image
51206,Mystrothrips flavidus,黄匙管蓟马,,,,,,,no_image
51237,Nabis intermedius,塞姬蝽,,,,,,,no_image
111834,Nabalus tatarinowii,福王草,,,,,,,no_image
154665,Naematelia atrata,,,,,,,,no_image
51261,Nacna angusta,斋夜蛾,,,,,,,no_image
78509,Naemorhedus goral,喜马拉雅斑羚,,,,,,,no_image
111854,Najas oguraensis,澳古茨藻,,,,,,,no_image
51295,Nanatka attenuata,渐细透大叶蝉,,,,,,,no_image
9242,Nanhermannia pectinata,栉矮汉甲螨,,,,,,,no_image
51312,Nannopygia nigriceps,黑裂丝尾螋,,,,,,,no_image
78536,Narcine prodorsalis,前背双鳍电鳐,,,,,,,no_image
51327,Nanohammus yunnanus,,,,,,,,no_image
3220,Nanosesarma pontianacensis,刺指小相手蟹,,,,,,,no_image
51345,Napomyza annulipes,环足菁潜蝇,,,,,,,no_image
78543,Naso hexacanthus,六棘鼻鱼,,,,,,,no_image
51359,Narosa nigrisigna,黑眉刺蛾,,,,,,,no_image
8700,Nassarius acuminatus,尖织纹螺,,,,,,,no_image
8631,Nassarius exilis,粗肋织纹螺,,,,,,,no_image
8627,Nassarius macrocephalus,长织纹螺,,,,,,,no_image
51404,Nasutitermes subtibialis,亚胫象白蚁,,,,,,,no_image
8658,Nassarius spiratus,尖圆织纹螺,,,,,,,no_image
51384,Nasutitermes fulvus,栗色象白蚁,,,,,,,no_image
5651,Naticarius onca,方斑玉螺,,,,,,,no_image
5648,Natica concavoperculata,凹厣玉螺,,,,,,,no_image
146682,Naucoria striipes,,,,,,,,no_image
51426,Nazeris alatus,,,,,,,,no_image
51446,Nazeris canaliculatus,,,,,,,,no_image
51466,Nazeris damingshanus,,,,,,,,no_image
51506,Nazeris lantauensis,,,,,,,,no_image
51486,Nazeris gaoleii,,,,,,,,no_image
51526,Nazeris nabanhensis,,,,,,,,no_image
51546,Nazeris reticulatus,,,,,,,,no_image
51588,Nazeris yasutoshii,,,,,,,,no_image
51566,Nazeris taiwanus,,,,,,,,no_image
51608,Neallogaster jinensis,晋角臀大蜓,,,,,,,no_image
111929,Neckeromnion lepineanum,截叶藓,,,,,,,no_image
111907,Nechamandra alternifolia,虾子菜,,,,,,,no_image
3921,Neanthes maculata,色斑刺沙蚕,,,,,,,no_image
3931,Nectoneanthes donghaiensis,东海全刺沙蚕,,,,,,,no_image
141692,Nectriella cucumeris,,,,,,,,no_image
51644,Necydalis nanshanensis,,,,,,,,no_image
15921,Nedyopus pectinatus,,,,,,,,no_image
111936,Neillia breviracemosa,短序绣线梅,,,,,,,no_image
51668,Neiraga baibarana,艾刺蛾,,,,,,,no_image
147808,Nematoctonus geogenius,,,,,,,,no_image
144730,Nemania atropurpurea,,,,,,,,no_image
1735,Nematopagurus australis,澳洲线寄居蟹,,,,,,,no_image
78591,Nemipterus virgatus,金线鱼,,,,,,,no_image
51699,Nemoraea sapporensis,萨毛瓣寄蝇,,,,,,,no_image
51672,Nemestrinus candicans,白亮网翅虻,,,,,,,no_image
51714,Nemotelus lativentris,宽腹线角水虻,,,,,,,no_image
51734,Nemoura geei,北京叉(虫责),,,,,,,no_image
51754,Nemoura securigera,斧状叉(虫责),,,,,,,no_image
51765,Neoascia podagrica,粗腿小喙蚜蝇,,,,,,,no_image
51783,Neobisnius inornatus,,,,,,,,no_image
138745,Neobulgaria pura,新胶鼓菌,,,,,,,no_image
51813,Neochauliodes guixianus,桂西斑鱼蛉,,,,,,,no_image
1884,Neocaridina denticulata,锯齿新米虾石垣亚种,,,,,,,no_image
51795,Neocentrobiella longiungula,长爪毛角赤眼蜂,,,,,,,no_image
51833,Neochera inops,黄闪拟灯蛾,,,,,,,no_image
138400,Neocudoniella albiceps,白头新小地锤菌,,,,,,,no_image
17136,Neodollfustrema xishaensis,西沙新道弗吸虫,,,,,,,no_image
51849,Neodryinus dolosus,诡新螯蜂,,,,,,,no_image
51869,Neodrymonia pseudobasalis,普新林舟蛾,,,,,,,no_image
51891,Neoempheria echinata,多刺新菌蚊,,,,,,,no_image
131840,Neofusicoccum luteum,,,,,,,,no_image
51911,Neoempheria winnertzi,威氏新菌蚊,,,,,,,no_image
51921,Neohipparchus hypoleuca,银底新青尺蛾,,,,,,,no_image
51946,Neohydatothrips samayunkur,萨满新绢蓟马,,,,,,,no_image
51963,Neoitamus rubripes,红弯顶毛食虫虻,,,,,,,no_image
10055,Neoleipothrix repenus,,,,,,,,no_image
242,Neoliomera insularis,海岛新花瓣蟹,,,,,,,no_image
112022,Neolitsea hainanensis,海南新木姜子,,,,,,,no_image
52006,Neolygus lativerticis,宽顶新丽盲蝽,,,,,,,no_image
112044,Neolitsea polycarpa,多果新木姜子,,,,,,,no_image
51987,Neoloxotaenia fasciata,横带长梗秆蝇,,,,,,,no_image
52026,Neolygus zhengi,郑氏新丽盲蝽,,,,,,,no_image
52053,Neomyia rufifacies,绯颜翠蝇,,,,,,,no_image
52033,Neomochtherus indianus,印度平胛食虫虻,,,,,,,no_image
112067,Neonauclea tsaiana,滇南新乌檀,,,,,,,no_image
147666,Neonothopanus nambi,,,,,,,,no_image
143222,Neopeckia coulteri,,,,,,,,no_image
52129,Neoperla ignacsiveci,赛氏新(虫责),,,,,,,no_image
52109,Neoperla curvispina,弯刺新(虫责),,,,,,,no_image
78640,Neophocaena asiaeorientalis,长江江豚,,,,,,,no_image
52149,Neoperla mnong,球突新(虫责),,,,,,,no_image
52169,Neoperla truncata,平截新(虫责),,,,,,,no_image
52203,Neoplatylecanium cinnamomi,樟片蜡蚧,,,,,,,no_image
52216,Neopsylla biseta,二毫新蚤,,,,,,,no_image
52242,Neopsylla siboi,思博新蚤,,,,,,,no_image
3218,Neosarmatium tangi,明显新胀蟹,,,,,,,no_image
52267,Neorhodesiella yunnaniensis,云南新锥秆蝇,,,,,,,no_image
11230,Neoscona pseudonautica,拟嗜水新园蛛,,,,,,,no_image
52293,Neosclerus schuelkei,,,,,,,,no_image
131845,Neoscytalidium dimidiatum,,,,,,,,no_image
52320,Neotapirissus reticularis,网新泰瓢蜡蝉,,,,,,,no_image
52309,Neosorius rufipes,,,,,,,,no_image
52339,Neoterthrona spinosa,具刺腹突飞虱,,,,,,,no_image
9884,Neothrombium longitarsis,,,,,,,,no_image
52364,Neotrichoporoides mediterraneus,地中海四环长角啮小蜂,,,,,,,no_image
143229,Neottiosporina australiensis,,,,,,,,no_image
112104,Neottia japonica,日本对叶兰,,,,,,,no_image
211,Neoxanthias impressus,印痕新近扇蟹,,,,,,,no_image
112124,Neottia pinetorum,西藏对叶兰,,,,,,,no_image
155528,Neozygites aphidis,,,,,,,,no_image
52383,Nepaliodes solangelae,,,,,,,,no_image
52386,Nepalomyia bistea,双鬃跗距长足虻,,,,,,,no_image
52406,Nepalomyia hui,胡氏跗距长足虻,,,,,,,no_image
52426,Nepalomyia trifurcata,三叉跗距长足虻,,,,,,,no_image
52466,Nepalota tengchongensis,,,,,,,,no_image
112153,Nepeta kokamirica,绢毛荆芥,,,,,,,no_image
52446,Nepalota dabamontis,,,,,,,,no_image
112176,Nepeta taxkorganica,喀什荆芥,,,,,,,no_image
136107,Nephromopsis ahtii,艾氏肾岛衣,,,,,,,no_image
52475,Nephodonta tsushimensis,灰雾舟蛾,,,,,,,no_image
52482,Nephrotoma barbigera,异角短柄大蚊,,,,,,,no_image
52505,Nephrotoma flavonota,黄盾短柄大蚊,,,,,,,no_image
52526,Nephrotoma ligulata,小舌短柄大蚊,,,,,,,no_image
52569,Nephrotoma xichangensis,西昌短柄大蚊,,,,,,,no_image
52576,Nepiodes sulcipennis,,,,,,,,no_image
52548,Nephrotoma quadrinacrea,四斑短柄大蚊,,,,,,,no_image
52618,Neptis ilos,伊洛环蛱蝶,,,,,,,no_image
52679,Neptis sappho,小环蛱蝶,,,,,,,no_image
3974,Nereis grubei,宽叶沙蚕,,,,,,,no_image
52706,Nerice davidi,榆白边舟蛾,,,,,,,no_image
14151,Neriene herbosa,草盖蛛,,,,,,,no_image
14514,Nesticella dazhuangensis,大庄小类球蛛,,,,,,,no_image
8456,Nerocila japonica,日本尖甲水虱,,,,,,,no_image
112217,Nervilia viridiflora,绿花芋兰,,,,,,,no_image
52743,Neurhermes selysi,塞利斯黑齿蛉,,,,,,,no_image
52729,Netria viridescens,梭舟蛾,,,,,,,no_image
14506,Nesticella rongtangensis,荣堂小类球蛛,,,,,,,no_image
52763,Neurigona shaanxiensis,陕西脉长足虻,,,,,,,no_image
52803,Neuronema unipunctum,黑点脉线蛉,,,,,,,no_image
52783,Neuronema albostigma,痣斑脉线蛉,,,,,,,no_image
112223,Neuwiedia malipoensis,麻栗坡三蕊兰,,,,,,,no_image
78675,Nezumia spinosa,长棘奈氏鳕,,,,,,,no_image
7536,Nidalia sp,巢软珊瑚A,,,,,,,no_image
78698,Nidirana yeae,叶氏琴蛙,,,,,,,no_image
13120,Nigorella mengla,勐腊尼格蛛,,,,,,,no_image
4265,Nihonia santosi,萨氏尼奥螺,,,,,,,no_image
1681,Nihonotrypaea thermophila,热泉和美虾,,,,,,,no_image
52901,Niphanda cymbia,小黑灰蝶,,,,,,,no_image
52872,Nilobezzia curvopennis,曲茎尼蠓,,,,,,,no_image
78699,Niltava davidi,棕腹大仙鹟,,,,,,,no_image
52919,Niphona parallela,,,,,,,,no_image
52947,Nipponeurorthus tianmushanus,天目汉泽蛉,,,,,,,no_image
3036,Nipponomysis quadrispinosa,四刺和糠虾,,,,,,,no_image
52936,Niposoma taiwanum,台湾近方阎甲,,,,,,,no_image
112242,Nitraria roborowskii,大白刺,,,,,,,no_image
52964,Nishada rotundipennis,圆翼奋苔蛾,,,,,,,no_image
112247,Noccaea ferganensis,新疆山菥蓂,,,,,,,no_image
78733,Niviventer fengi,冯氏白腹鼠,,,,,,,no_image
53011,Noeetomima jinpingensis,金平辐斑缟蝇,,,,,,,no_image
52994,Nodina liui,刘氏球肖叶甲,,,,,,,no_image
53039,Nondenticentrus gyirongensis,吉隆无齿角蝉,,,,,,,no_image
78748,Nomascus leucogenys,北白颊长臂猿,,,,,,,no_image
53055,Norbanus cerasiops,矛宽胸金小蜂,,,,,,,no_image
53076,Norellisoma striolatum,小纹诺粪蝇,,,,,,,no_image
53093,Nosopsyllus chayuensis,察隅病蚤,,,,,,,no_image
10572,Notacaphylla chinensiae,,,,,,,,no_image
18574,Notholca acuminata,尖削叶轮虫,,,,,,,no_image
12206,Notiocoelotes maoganensis,毛感南隙蛛,,,,,,,no_image
10607,Nothopoda wendlandiae,,,,,,,,no_image
112267,Nothosmyrnium japonicum,白苞芹,,,,,,,no_image
78756,Notolychnus valdiviae,瓦氏尖吻背灯鱼,,,,,,,no_image
53178,Notiphila uliginosa,黑须刺角水蝇,,,,,,,no_image
9358,Notophthiracarus tohivea,,,,,,,,no_image
53214,Notosacantha sauteri,缺窗瘤龟甲,,,,,,,no_image
53227,Novorondonia antennata,,,,,,,,no_image
53220,Notostira elongata,长伸额盲蝽,,,,,,,no_image
2614,Nuciops modesta,和顺仿核果蟹,,,,,,,no_image
4591,Nuculana scalata,细吻状蛤,,,,,,,no_image
53256,Nupserha brevior,,,,,,,,no_image
53281,Nupserha tatsienlui,,,,,,,,no_image
53244,Numata muiri,瓶额飞虱,,,,,,,no_image
53291,Nurudea yanoniella,红倍花蚜,,,,,,,no_image
78785,Nyctalus plancyi,中华山蝠,,,,,,,no_image
53323,Nycteridopsylla galba,小夜蝠蚤,,,,,,,no_image
112307,Nymphaea candida,雪白睡莲,,,,,,,no_image
53350,Nysina sauteri,,,,,,,,no_image
7996,Obelia dichotoma,双叉薮枝螅,,,,,,,no_image
112324,Nymphanthus ruber,红叶下珠,,,,,,,no_image
53392,Oberea holatripennoides,,,,,,,,no_image
53372,Oberea coxalis,,,,,,,,no_image
53432,Oberea uninotaticollis,,,,,,,,no_image
53412,Oberea pupillatoides,,,,,,,,no_image
112348,Oberonia cathayana,中华鸢尾兰,,,,,,,no_image
112369,Oberonia mannii,小花鸢尾兰,,,,,,,no_image
3759,Obrussena moeshimaensis,母岛炼螺,,,,,,,no_image
152753,Occultifur externus,,,,,,,,no_image
53451,Obrium anmashanum,,,,,,,,no_image
8255,Ochetostoma erythrogrammon,绛体管口螠,,,,,,,no_image
137398,Ochrolechia africana,非洲肉疣衣,,,,,,,no_image
78812,Ochotona gloveri,川西鼠兔,,,,,,,no_image
137418,Ochrolechia pseudopallescens,拟苍白肉疣衣,,,,,,,no_image
53536,Ochthephilum formosae,,,,,,,,no_image
53502,Ochropleura eremopsis,漠狼夜蛾,,,,,,,no_image
53522,Ochropleura plumbea,铅色狼夜蛾,,,,,,,no_image
112394,Ocimum americanum,灰罗勒,,,,,,,no_image
149203,Octaviania asterosperma,星孢奥腹菌,,,,,,,no_image
53556,Ochthephilus ritae,,,,,,,,no_image
15298,Octonoba varians,变异涡蛛,,,,,,,no_image
4897,Octolasmis warwickii,斧板茗荷,,,,,,,no_image
140611,Octospora fusispora,,,,,,,,no_image
16377,Ocyale qiongzhongensis,琼中迅蛛,,,,,,,no_image
3127,Ocypode sinensis,中国沙蟹,,,,,,,no_image
53621,Ocypus fuscatus,,,,,,,,no_image
53642,Ocypus neocles,,,,,,,,no_image
53682,Odnarda subserena,颂舟蛾,,,,,,,no_image
53664,Ocypus semenowi,,,,,,,,no_image
152665,Odontia arguta,尖裂齿菌,,,,,,,no_image
112415,Odontochilus inabae,台湾齿唇兰,,,,,,,no_image
53722,Odontomyia fangchengensis,防城短角水虻,,,,,,,no_image
53702,Odontoedon globosus,球齿猿叶甲,,,,,,,no_image
53740,Odontorhoe fidonaria,黄涣尺蛾,,,,,,,no_image
112480,Odontostemma quadridentatum,四齿齿缀草,,,,,,,no_image
112454,Odontostemma longipes,长梗无心菜,,,,,,,no_image
112430,Odontostemma barbatum,髯毛齿缀草,,,,,,,no_image
78842,Odontostomops normalops,细眼拟强牙巨口鱼,,,,,,,no_image
53766,Odontotermes parallelus,平行土白蚁,,,,,,,no_image
78844,Odorrana anlungensis,安龙臭蛙,,,,,,,no_image
78864,Odorrana ichangensis,宜昌臭蛙,,,,,,,no_image
78884,Odorrana yentuensis,安子山臭蛙,,,,,,,no_image
53815,Oedichirus abbreviatus,,,,,,,,no_image
53794,Oedaleus abruptus,隆叉小车蝗,,,,,,,no_image
143243,Oedocephalum glomerulosum,,,,,,,,no_image
78895,Oenanthe picata,东方斑䳭,,,,,,,no_image
112534,Oenothera villosa,长毛月见草,,,,,,,no_image
138806,Oidiodendron chlamydosporicum,,,,,,,,no_image
53851,Ogcodes taiwanensis,台湾澳小头虻,,,,,,,no_image
78897,Okamejei acutispina,尖棘瓮鳐,,,,,,,no_image
112569,Oleandra neriiformis,轮叶蓧蕨,,,,,,,no_image
112546,Olax austrosinensis,疏花铁青树,,,,,,,no_image
112573,Olgaea leucophylla,火媒草,,,,,,,no_image
53883,Olenecamptus superbus,,,,,,,,no_image
53907,Oligia niveiplagoides,白点禾夜蛾,,,,,,,no_image
78915,Oligodon nagao,方斑小头蛇,,,,,,,no_image
53925,Oligoneurus songyangensis,松阳寡脉茧蜂,,,,,,,no_image
9635,Oligonychus modestus,,,,,,,,no_image
53929,Oligosita brevicornis,短角寡索赤眼蜂,,,,,,,no_image
112581,Oligostachyum exauriculatum,无耳少穗竹,,,,,,,no_image
112602,Oligotrichum falcatum,镰叶小赤藓,,,,,,,no_image
53955,Olophrum scheerpeltzi,,,,,,,,no_image
5461,Omala hyaline,透明肩樱蛤,,,,,,,no_image
53990,Ommatius torulosus,瘤羽芒食虫虻,,,,,,,no_image
53970,Ommatidiotus pseudolongiceps,拟长透翅杯瓢蜡蝉,,,,,,,no_image
53997,Omocestus megaoculus,大眼牧草蝗,,,,,,,no_image
54017,Omphale xanthosoma,黄躯脐姬小蜂,,,,,,,no_image
112612,Omphalogramma elegans,丽花独花报春,,,,,,,no_image
148577,Omphalina gracillima,小白脐菇,,,,,,,no_image
6314,Oncholaimus oxyuris,尖瘤线虫,,,,,,,no_image
112627,Oncophorus wahlenbergii,曲背藓,,,,,,,no_image
78935,Oneirodes pietschi,皮氏梦鮟鱇,,,,,,,no_image
54048,Onesia pterygoides,翼尾蚓蝇,,,,,,,no_image
150337,Onnia leporina,鳞片昂尼孔菌,,,,,,,no_image
112636,Ononis natrix,黄芒柄花,,,,,,,no_image
54068,Ontholestes callistus,,,,,,,,no_image
112659,Onosma lijiangense,丽江滇紫草,,,,,,,no_image
54088,Onthophilus silvae,席氏脊阎甲,,,,,,,no_image
112685,Onychium moupinense,穆坪金粉蕨,,,,,,,no_image
78951,Onychostoma barbata,粗须白甲鱼,,,,,,,no_image
5072,Onycocaris aualitica,双爪虾,,,,,,,no_image
54138,Oomyzus spiraculus,气门脊粗脉啮小蜂,,,,,,,no_image
54120,Ooencyrtus hercle,,,,,,,,no_image
131584,Opegrapha calcarea,,,,,,,,no_image
78987,Ophichthus urolophus,裙鳍蛇鳗,,,,,,,no_image
54158,Ophelosia crawfordi,克氏澳金小蜂,,,,,,,no_image
4447,Ophiarachna planispina,扁棘蛛蛇尾,,,,,,,no_image
142190,Ophiocordyceps communis,,,,,,,,no_image
54161,Ophiogomphus tibeticus,西藏蛇纹春蜓,,,,,,,no_image
143760,Ophioceras guttulatum,,,,,,,,no_image
144276,Ophiodothella cyclobalanopsidis,,,,,,,,no_image
112712,Ophiopogon corifolius,厚叶沿阶草,,,,,,,no_image
5745,Ophiomusium longispinum,长棘瓷蛇尾,,,,,,,no_image
4450,Ophiopeza spinosum,棘步蛇尾,,,,,,,no_image
54176,Ophiomyia setituberosa,毛疣蛇潜蝇,,,,,,,no_image
112732,Ophiopogon motouensis,墨脱沿阶草,,,,,,,no_image
112768,Ophiorrhiza carnosicaulis,肉茎蛇根草,,,,,,,no_image
112752,Ophiopogon tonkinensis,多花沿阶草,,,,,,,no_image
112790,Ophiorrhiza hispidula,版纳蛇根草,,,,,,,no_image
144178,Ophiostoma setosum,,,,,,,,no_image
112830,Ophiorrhiza ripicola,中泰蛇根草,,,,,,,no_image
112810,Ophiorrhiza mungos,蛇根草,,,,,,,no_image
16920,Ophiotreminoides orientalis,东方蛇孔吸虫,,,,,,,no_image
54187,Ophiusa coronata,枯安钮夜蛾,,,,,,,no_image
54212,Ophyra aenescens,古铜黑蝇,,,,,,,no_image
16935,Opisthioglyphe orientalis,东方后穴吸虫,,,,,,,no_image
79003,Opisthotropis jacobi,沙坝后棱蛇,,,,,,,no_image
15315,Opopaea conujaingensis,牯牛降埃蛛,,,,,,,no_image
79018,Oplegnathus fasciatus,条石鲷,,,,,,,no_image
9141,Oppiella nova,新小奥甲螨,,,,,,,no_image
17478,Orania pacifica,太平洋奥兰螺,,,,,,,no_image
139542,Orbilia alnea,,,,,,,,no_image
139582,Orbilia vermiformis,蠕虫孢圆盘菌,,,,,,,no_image
15353,Orchestina yinggezui,鹦哥嘴奥蛛,,,,,,,no_image
139562,Orbilia fimicoloides,类粪生圆盘菌,,,,,,,no_image
112951,Oreocharis giraldii,毛蕊金盏苣苔,,,,,,,no_image
112907,Oreocharis bodinieri,毛药马铃苣苔,,,,,,,no_image
54251,Oreasiobia forcipina,近铗山球螋,,,,,,,no_image
112929,Oreocharis dasyantha,毛花马铃苣苔,,,,,,,no_image
112975,Oreocharis mairei,东川短檐苣苔,,,,,,,no_image
113001,Oreocharis pilosopetiolata,毛梗马铃苣苔,,,,,,,no_image
113047,Oreocharis wanshanensis,万山金盏苣苔,,,,,,,no_image
113025,Oreocharis sichuanensis,全唇苣苔,,,,,,,no_image
54270,Oreomela korolkovi,狭胸高山叶甲,,,,,,,no_image
113085,Oreogrammitis dorsipila,短柄滨禾蕨,,,,,,,no_image
79051,Oreolalax rugosus,疣刺齿蟾,,,,,,,no_image
113071,Oreocnide serrulata,细齿紫麻,,,,,,,no_image
54290,Oreomela shnitnikovi,施氏高山叶甲,,,,,,,no_image
54296,Oreoptygonotus brachypterus,短翅屹蝗,,,,,,,no_image
113111,Oreosalsola laricifolia,松叶猪毛菜,,,,,,,no_image
54304,Oreta ankyra,锚山钩蛾,,,,,,,no_image
54327,Oreta vatama,,,,,,,,no_image
79067,Orientocoluber spinalis,黄脊东方蛇（黄脊游蛇）,,,,,,,no_image
54348,Orgilus planus,光怒茧蜂,,,,,,,no_image
54360,Oriens gola,偶侣弄蝶,,,,,,,no_image
3008,Orientomysis rotundicauda,圆尾东刺糠虾,,,,,,,no_image
54399,Orimarga streptocerca,扭角缘大蚊,,,,,,,no_image
54404,Orius agilis,黑翅小花蝽,,,,,,,no_image
54421,Ormosia arisanensis,阿里索大蚊,,,,,,,no_image
54433,Ormosia grahami,细钩索大蚊,,,,,,,no_image
113177,Ornithoboea calcicola,灰岩喜鹊苣苔,,,,,,,no_image
113161,Ormosia pachyptera,菱荚红豆,,,,,,,no_image
113184,Orobanche alba,白花列当,,,,,,,no_image
54461,Oroekklina excaecata,,,,,,,,no_image
136141,Oropogon maurus,,,,,,,,no_image
113218,Orostachys minuta,小瓦松,,,,,,,no_image
136121,Oropogon atranorinus,,,,,,,,no_image
54492,Orphnebius hauseri,,,,,,,,no_image
14915,Orsinome daiqin,代芹波斑蛛,,,,,,,no_image
54524,Ortalotrypeta ziae,谢氏川实蝇,,,,,,,no_image
54554,Orthocladius intectus,光裸直突摇蚊,,,,,,,no_image
15492,Orthobula crucifera,十字盾球蛛,,,,,,,no_image
54599,Orthops ferrugineus,黄褐奥盲蝽,,,,,,,no_image
54573,Orthogonia canimacula,白斑胖夜蛾,,,,,,,no_image
16011,Orthomorpha endeusa,,,,,,,,no_image
54615,Orthosia songi,杜仲梦尼夜蛾,,,,,,,no_image
113251,Orthotrichum erubescens,红叶木灵藓,,,,,,,no_image
113272,Orthotrichum urnigerum,蒴壶木灵藓,,,,,,,no_image
54640,Orthotylus riparius,溪地合垫盲蝽,,,,,,,no_image
54654,Oruza lacteicosta,乳缘巧夜蛾,,,,,,,no_image
113290,Oryza sativa,稻,,,,,,,no_image
113308,Osmanthus cooperi,宁波木犀,,,,,,,no_image
79092,Osmerus mordax,胡瓜鱼,,,,,,,no_image
54683,Osmia nigroscopula,黑毛刷壁蜂,,,,,,,no_image
54715,Osorius chinensis,,,,,,,,no_image
113335,Osmoxylon pectinatum,兰屿加,,,,,,,no_image
113348,Ostericum grosseserratum,大齿山芹,,,,,,,no_image
54736,Osorius trichinosis,,,,,,,,no_image
79126,Ostracion meleagris,白点箱鲀,,,,,,,no_image
79106,Ostorhinchus cyanosoma,金带鹦天竺鲷,,,,,,,no_image
54752,Oswaldia illiberis,毛虫奥斯寄蝇,,,,,,,no_image
11889,Otacilia leibo,雷波奥塔蛛,,,,,,,no_image
11829,Otacilia paracymbium,伪舟奥塔蛛,,,,,,,no_image
11844,Otacilia daweishan,大围山奥塔蛛,,,,,,,no_image
11837,Otacilia validus,状奥塔蛛,,,,,,,no_image
54761,Othius collapsus,,,,,,,,no_image
54786,Othius parvipennis,,,,,,,,no_image
54806,Othius vetitus,,,,,,,,no_image
139929,Otidea luteonitens,,,,,,,,no_image
113372,Otochilus albus,白花耳唇兰,,,,,,,no_image
113398,Ottochloa nodosa,露籽草,,,,,,,no_image
54810,Oupyrrhidium cinnaberinum,,,,,,,,no_image
147732,Oudemansiella hongoi,长根奥德蘑,,,,,,,no_image
79162,Ovophis zhaoermii,观音山烙铁头蛇,,,,,,,no_image
113417,Oxalis pes-caprae,黄花酢浆草,,,,,,,no_image
54831,Oxya tinkhami,丁氏稻蝗,,,,,,,no_image
54852,Oxyartes lamellatus,优刺异䗛,,,,,,,no_image
79167,Oxycheilinus celebicus,西里伯斯唇鱼,,,,,,,no_image
54867,Oxycera flavimaculata,黄斑盾刺水虻,,,,,,,no_image
144660,Oxydothis manokwariensis,,,,,,,,no_image
54887,Oxymirus cursor,,,,,,,,no_image
54899,Oxyodes scrobiculata,佩夜蛾,,,,,,,no_image
11353,Oxyopes javanus,爪哇猫蛛,,,,,,,no_image
54916,Oxypoda chinensis,,,,,,,,no_image
11328,Oxyopes xinjiangensis,新疆猫蛛,,,,,,,no_image
54936,Oxypoda guangxiensis,,,,,,,,no_image
54956,Oxypoda maculiventris,,,,,,,,no_image
54976,Oxypoda precaria,,,,,,,,no_image
54996,Oxypoda sinopusilla,,,,,,,,no_image
55016,Oxypoda xiahensis,,,,,,,,no_image
55035,Oxyporus bifasciarius,,,,,,,,no_image
150674,Oxyporus latemarginatus,宽边锐孔菌,,,,,,,no_image
55062,Oxyporus riparius,,,,,,,,no_image
55080,Oxypsila nigricorpa,黑体尖茎蝇,,,,,,,no_image
113443,Oxystophyllum changjiangense,拟石斛,,,,,,,no_image
55113,Oxytelus punctipennis,,,,,,,,no_image
113458,Oxytropis banmaensis,班玛棘豆,,,,,,,no_image
14694,Oxytate placentiformis,饼绿蟹蛛,,,,,,,no_image
113481,Oxytropis cinerascens,灰叶棘豆,,,,,,,no_image
113527,Oxytropis lanata,绵毛棘豆,,,,,,,no_image
113507,Oxytropis glabra,小花棘豆,,,,,,,no_image
113573,Oxytropis penduliflora,蓝垂花棘豆,,,,,,,no_image
113553,Oxytropis melanocalyx,黑萼棘豆,,,,,,,no_image
113639,Oxytropis yanchiensis,盐池棘豆,,,,,,,no_image
113617,Oxytropis songarica,准噶尔棘豆,,,,,,,no_image
113593,Oxytropis qitaiensis,奇台棘豆,,,,,,,no_image
55125,Ozarba bipars,分色弱夜蛾,,,,,,,no_image
14659,Ozyptila wuchangensis,武昌羽蛛,,,,,,,no_image
6520,Pachychalina punctata,斑点厚指海绵,,,,,,,no_image
15002,Pachygnatha fengzhen,凤振粗螯蛛,,,,,,,no_image
6180,Pachylasma scutistriana,楯纹厚板藤壶,,,,,,,no_image
55173,Pachyneuron emersoni,艾姆楔缘金小蜂,,,,,,,no_image
18842,Pachyotoma dabeiensis,,,,,,,,no_image
55222,Pachyscia dilatata,膨股薇䗛,,,,,,,no_image
55213,Pachypasoides yunnanensis,云南云枯叶蛾,,,,,,,no_image
55235,Pachyta quadrimaculata,四斑厚花天牛,,,,,,,no_image
15843,Pacidesmus armatus,,,,,,,,no_image
134434,Paecilomyces griseiviridis,,,,,,,,no_image
55244,Padenia transversa,横斑潘苔蛾,,,,,,,no_image
134454,Paecilomyces verrucosus,,,,,,,,no_image
55271,Paederus cultellatus,,,,,,,,no_image
55293,Paederus konfuzius,,,,,,,,no_image
55251,Paederus aequilobatus,,,,,,,,no_image
55313,Paederus solodovnikovi,,,,,,,,no_image
113695,Paeonia ludlowii,大花黄牡丹,,,,,,,no_image
5268,Paguristes acanthomerus,突腕长眼寄居蟹,,,,,,,no_image
1725,Pagurus brachiomastus,长毛寄居蟹,,,,,,,no_image
11720,Paidiscura subpallens,亚苍白盘蛛,,,,,,,no_image
5000,Palaemon yamashitai,低角长臂虾,,,,,,,no_image
55350,Palaeopsylla dunqingi,敦清古蚤，新种,,,,,,,no_image
55372,Palaeopsylla wushanensis,巫山古蚤,,,,,,,no_image
79209,Palea steindachneri,山瑞鳖,,,,,,,no_image
113713,Palhinhaea cernua,垂穗石松,,,,,,,no_image
113722,Pallavicinia ambigua,多形带叶苔,,,,,,,no_image
113728,Palmatiboea gamosepalus,合萼掌脉苣苔,,,,,,,no_image
55420,Palpomyia abrupta,裂茎须蠓,,,,,,,no_image
55440,Palpomyia nemorosa,森林林蠓,,,,,,,no_image
55455,Pambolus ruficeps,红头角腰茧蜂,,,,,,,no_image
13238,Pancorius latus,广盘蛛,,,,,,,no_image
55469,Panacra variolosa,鸟嘴黄天蛾,,,,,,,no_image
55482,Pandelleana struthioides,鸵潘麻蝇,,,,,,,no_image
55501,Pandesma quenavadi,蟠夜蛾,,,,,,,no_image
6732,Pandora otukai,燕形帮斗蛤,,,,,,,no_image
147512,Panellus rupicola,,,,,,,,no_image
55511,Pangrapta flavomacula,黄斑眉夜蛾,,,,,,,no_image
113782,Panisea cavaleriei,平卧曲唇兰,,,,,,,no_image
113762,Panicum brevifolium,短叶黍,,,,,,,no_image
55528,Panolis exquisita,东小眼夜蛾,,,,,,,no_image
79227,Panurus biarmicus,文须雀,,,,,,,no_image
55559,Panthea hoenei,盗毛夜蛾,,,,,,,no_image
55541,Pantaleon bufo,蟾锯角蝉,,,,,,,no_image
55603,Panzeria trichocalyptera,毛瓣阳寄蝇,,,,,,,no_image
55583,Panzeria heilongjiana,黑龙江阳寄蝇,,,,,,,no_image
314,Paphia euglypta,真曲巴非哈,,,,,,,no_image
113820,Paphiopedilum erythroanthum,红花兜兰,,,,,,,no_image
113850,Paphiopedilum wenshanense,文山兜兰,,,,,,,no_image
55654,Papilio noblei,衲补美凤蝶,,,,,,,no_image
143781,Papulaspora equi,,,,,,,,no_image
8941,Papillacarus hirsutus,密丛疹丘甲螨,,,,,,,no_image
113876,Paraboea guilinensis,桂林蛛毛苣苔,,,,,,,no_image
79234,Parablarinella latimaxillata,安徽短尾鼩,,,,,,,no_image
113896,Paraboea velutina,密叶蛛毛苣苔,,,,,,,no_image
8347,Parabopyrella distincta,显著仿真虾鳃虱,,,,,,,no_image
17159,Parabucephalopsis prosthorchis,前睾近似牛首吸虫,,,,,,,no_image
4813,Paracaprella crassa,混拟麦杆虫,,,,,,,no_image
55716,Paraceras laxisinus,宽窦副角蚤,,,,,,,no_image
79258,Parachaeturichthys polynema,多须拟矛尾鰕虎,,,,,,,no_image
55759,Paracladura omeiensis,峨眉跗毫蚊,,,,,,,no_image
55739,Paracladius alpicola,高山拟突摇蚊,,,,,,,no_image
55774,Paraclius limitatus,缘弓脉长足虻,,,,,,,no_image
55794,Paraclytus albiventris,,,,,,,,no_image
16230,Paracortina thallina,,,,,,,,no_image
55814,Paracolax contigua,邻奴夜蛾,,,,,,,no_image
3774,Paracyclois milnendwardsii,米氏拟圆壳蟹,,,,,,,no_image
8480,Paradella diana,戴安拟显水虱,,,,,,,no_image
4765,Paradexamine pacifica,太平洋近长足钩虾,,,,,,,no_image
55886,Paradoxopsyllus calceiforma,履形怪蚤,,,,,,,no_image
55875,Paradichosia zhaoi,赵氏变丽蝇,,,,,,,no_image
55908,Paradoxopsyllus scorodumovi,齐缘怪蚤,,,,,,,no_image
55946,Paraglenea virides,,,,,,,,no_image
55919,Paraentoria bannaensis,版纳无肛䗛,,,,,,,no_image
55964,Paragnetina schenklingi,盛氏纯(虫责),,,,,,,no_image
55933,Paragaurotes ussuriensis,,,,,,,,no_image
55977,Paragongylopus cheni,陈氏仿圆足䗛,,,,,,,no_image
55992,Paragus crenulatus,锯盾小蚜蝇,,,,,,,no_image
56012,Paragus stackelbergi,史氏小蚜蝇,,,,,,,no_image
56021,Parahercostomus triseta,三鬃准寡长足虻,,,,,,,no_image
7061,Parahydractinia sanshaensis,三沙拟介螅水母,,,,,,,no_image
56053,Parakiefferiella tipuliformis,昏形拟开氏摇蚊,,,,,,,no_image
56064,Paralebeda crinodes,冠栎枯叶蛾,,,,,,,no_image
991,Paralepidonotus ampulliferus,瓶形拟背鳞虫,,,,,,,no_image
56102,Paralimna concors,白颜沼刺水蝇,,,,,,,no_image
56133,Paraloconota shalulimontis,,,,,,,,no_image
56144,Paramaxates taiwana,台湾副锯翅青尺蛾,,,,,,,no_image
79283,Paraleucogobio strigatus,条纹似白&#x0000E068;,,,,,,,no_image
56120,Parallelomma melanothorax,黑胸齐粪蝇,,,,,,,no_image
79320,Paramegophrys shiwandashanensis,十万大山掌突蟾,,,,,,,no_image
79300,Paramegophrys eos,拂晓掌突蟾,,,,,,,no_image
56153,Paramenexenus congnatus,,,,,,,,no_image
79345,Paramesotriton wulingensis,武陵瘰螈,,,,,,,no_image
113928,Paramignya confertifolia,单叶藤橘,,,,,,,no_image
4129,Paranamixis boeck,博氏少足钩虾,,,,,,,no_image
3836,Paramphimonhystrella elegans,秀丽拟双单宫线虫,,,,,,,no_image
56230,Parapachymorpha parvicorne,,,,,,,,no_image
1555,Paranemertes sinensis,中华拟纽虫,,,,,,,no_image
56208,Parantica sita,大绢斑蝶,,,,,,,no_image
8326,Parapenaeonella lamellata,板仿拟对虾鳃虱,,,,,,,no_image
79364,Parapercis filamentosa,长鳍拟鲈,,,,,,,no_image
113939,Paraphlomis albotomentosa,绒毛假糙苏,,,,,,,no_image
79384,Parapercis somaliensis,索马里拟鲈,,,,,,,no_image
1180,Parapholas quadrizonata,四带拟海笋,,,,,,,no_image
113966,Paraphlomis lancidentata,云和假糙苏,,,,,,,no_image
889,Parapleustes filialis,子异肋钩虾,,,,,,,no_image
56257,Paraprosceles micropterus,小翅仿原异䗛,,,,,,,no_image
56271,Paraputo porosus,革白粉蚧,,,,,,,no_image
56286,Pararhinoleucophenga setifrons,毛额鼻果蝇,,,,,,,no_image
56316,Parasa oryzae,稻绿刺蛾,,,,,,,no_image
56296,Parasa convexa,卵斑绿刺蛾,,,,,,,no_image
56336,Parasa zhenxiongica,镇雄绿刺蛾,,,,,,,no_image
56354,Parasarpa albomaculata,白斑俳蛱蝶,,,,,,,no_image
114012,Parasenecio ambiguus,两似蟹甲草,,,,,,,no_image
114060,Parasenecio roborowskii,蛛毛蟹甲草,,,,,,,no_image
114036,Parasenecio komarovianus,星叶蟹甲草,,,,,,,no_image
56366,Parasetigena takaoi,高野毒蛾寄蝇,,,,,,,no_image
1101,Parasphaerosyllis ezoensis,夏夷拟球须裂虫,,,,,,,no_image
56379,Parasinophasma luchunense,绿春副华枝䗛,,,,,,,no_image
11700,Parasteatoda palmata,掌叶拟肥腹蛛,,,,,,,no_image
56400,Parastrangalis bisbidentata,,,,,,,,no_image
56420,Parastrangalis munda,华美异花天牛,,,,,,,no_image
13685,Parasyrisca helanshan,贺兰拟赛蛛,,,,,,,no_image
56464,Paratettix alatus,翼长背蚱,,,,,,,no_image
56450,Paratanytarsus tenuis,细拟长跗摇蚊,,,,,,,no_image
114098,Parathelypteris pauciloba,阔片金星蕨,,,,,,,no_image
56480,Paratonkinacris jinggangshanensis,井冈山佯越蝗,,,,,,,no_image
56495,Paratrirhithrum nitobei,四纹瓜蒂实蝇,,,,,,,no_image
15446,Paratus sinensis,中华备蛛,,,,,,,no_image
56519,Paraxarnuta bambusae,黑毛缘腹实蝇,,,,,,,no_image
16482,Pardosa lapponica,拉普豹蛛,,,,,,,no_image
16422,Pardosa astrigera,星豹珠,,,,,,,no_image
16321,Pardosa ferruginea,锈豹蛛,,,,,,,no_image
16298,Pardosa nigra,暗豹蛛,,,,,,,no_image
16445,Pardosa tesquorum,荒漠豹蛛,,,,,,,no_image
16529,Pardosa sangzhiensis,桑植豹蛛,,,,,,,no_image
79440,Pareas baiseensis,百色钝头蛇,,,,,,,no_image
79460,Pareas vindumi,维氏钝头蛇（贡山钝头蛇）,,,,,,,no_image
56535,Parerigone aurea,金黄俏饰寄蝇,,,,,,,no_image
79474,Pareuchiloglanis prolixdorsalis,长背&#x0000E065;,,,,,,,no_image
56558,Pareustroma fissisignis,网斑叉突尺蛾,,,,,,,no_image
56577,Parhamaxia discalis,心鬃旁寄蝇,,,,,,,no_image
114122,Paris liana,李氏重楼,,,,,,,no_image
79484,Parioglossus sinensis,中华舌塘鳢,,,,,,,no_image
114156,Paris xuefengshanensis,雪峰山重楼,,,,,,,no_image
136183,Parmelia homogenes,黄髓梅衣,,,,,,,no_image
136203,Parmelia masonii,暗点衣,,,,,,,no_image
136223,Parmelia scortea,,,,,,,,no_image
136163,Parmelia camtschadalis,,,,,,,,no_image
136243,Parmelia subtinctoria,,,,,,,,no_image
136261,Parmelina gyrophorica,三苔酸缘毛梅,,,,,,,no_image
114161,Parmentiera cereifera,蜡烛树,,,,,,,no_image
114223,Parnassia pusilla,类三脉梅花草,,,,,,,no_image
136297,Parmotrema laeve,光滑大叶梅,,,,,,,no_image
114191,Parnassia kangdingensis,康定梅花草,,,,,,,no_image
136317,Parmotrema subcorallinum,亚珊瑚大叶梅,,,,,,,no_image
114166,Parnassia cacuminum,高山梅花草,,,,,,,no_image
114244,Parnassia zhengyuana,正宇梅花草,,,,,,,no_image
15578,Parobisium wangae,王氏等伪蝎,,,,,,,no_image
56683,Parnassius loxias,孔雀绢蝶,,,,,,,no_image
56759,Parorthocladius concretus,骨拟直突摇蚊,,,,,,,no_image
56743,Paroeneis sikkimensis,锡金拟酒眼蝶,,,,,,,no_image
114255,Parrya stenocarpa,狭条果芥,,,,,,,no_image
56778,Parthenocodrus tumidiflagellum,鼓鞭中沟细蜂,,,,,,,no_image
79501,Parupeneus trifasciatus,三带副绯鲤,,,,,,,no_image
56789,Parydra aquila,鬃瘤滨水蝇,,,,,,,no_image
114281,Paspalum fimbriatum,裂颖雀稗,,,,,,,no_image
132766,Passalora cyperi,,,,,,,,no_image
132786,Passalora papayae,,,,,,,,no_image
114297,Passiflora alato-caerulea,蓝翅西番莲,,,,,,,no_image
140640,Patella lusatiae,,,,,,,,no_image
114317,Passiflora tonkinensis,长叶蛇王藤,,,,,,,no_image
56810,Pathysa aristea,芒绿凤蝶,,,,,,,no_image
284,Patro australis,碟蛤,,,,,,,no_image
114346,Pavetta arenosa,大沙叶,,,,,,,no_image
139859,Paxina semitosta,,,,,,,,no_image
149488,Paxillus corrugatus,无柄桩菇,,,,,,,no_image
6371,Pecten excavatus,凹顶扇贝,,,,,,,no_image
114370,Pedicularis altifrontalis,高额马先蒿,,,,,,,no_image
114461,Pedicularis daochengensis,稻城马先蒿,,,,,,,no_image
114403,Pedicularis bietii,铺地马先蒿,,,,,,,no_image
114430,Pedicularis confertiflora,聚花马先蒿,,,,,,,no_image
114491,Pedicularis dolichorrhiza,长根马先蒿,,,,,,,no_image
114516,Pedicularis flexuosa,曲茎马先蒿,,,,,,,no_image
114544,Pedicularis gruina,鹤首马先蒿,,,,,,,no_image
114571,Pedicularis kansuensis,甘肃马先蒿,,,,,,,no_image
114599,Pedicularis laxispica,疏穗马先蒿,,,,,,,no_image
114679,Pedicularis odontochila,齿唇马先蒿,,,,,,,no_image
114652,Pedicularis microchila,小唇马先蒿,,,,,,,no_image
114625,Pedicularis lutescens,浅黄马先蒿,,,,,,,no_image
114714,Pedicularis physocalyx,臌萼马先蒿,,,,,,,no_image
114744,Pedicularis pubiflora,毛花马先蒿,,,,,,,no_image
114781,Pedicularis rizhaoensis,日照马先蒿,,,,,,,no_image
114811,Pedicularis sima,扁鼻马先蒿,,,,,,,no_image
114841,Pedicularis superba,华丽马先蒿,,,,,,,no_image
114891,Pedicularis venusta,秀丽马先蒿,,,,,,,no_image
114866,Pedicularis tomentosa,绒毛马先蒿,,,,,,,no_image
114916,Pedinophyllum interruptum,平叶苔,,,,,,,no_image
6357,Pedum spondyloideum,拟海菊足扇贝,,,,,,,no_image
56851,Pediobius tortricida,卷蛾柄腹姬小蜂,,,,,,,no_image
56878,Pegomya aurapicalis,金叶泉蝇,,,,,,,no_image
56898,Pegomya dentella,小齿泉蝇,,,,,,,no_image
56918,Pegomya kiangsuensis,江苏泉蝇,,,,,,,no_image
56938,Pegomya nigra,黑泉蝇,,,,,,,no_image
56958,Pegomya semicircula,半圆泉蝇,,,,,,,no_image
56978,Pegoplata annulata,环形须泉蝇,,,,,,,no_image
114929,Pelatantheria bicuspidata,尾丝钻柱兰,,,,,,,no_image
56996,Pelagodes cancriformis,螯海绿尺蛾,,,,,,,no_image
57029,Peleteria riwogeensis,类乌齐长须寄蝇,,,,,,,no_image
57009,Peleteria bidentata,双齿长须寄蝇,,,,,,,no_image
57047,Pelioptera martensi,,,,,,,,no_image
114948,Peliosanthes macrostegia,大盖球子草,,,,,,,no_image
12885,Pellenes tripunctatus,三斑蝇犬蛛,,,,,,,no_image
57065,Pella jureceki,,,,,,,,no_image
79551,Pellorneum albiventre,白腹幽鹛,,,,,,,no_image
114982,Pellionia laibinensis,来宾赤车,,,,,,,no_image
79569,Pelophylax fukienensis,福建侧褶蛙,,,,,,,no_image
137277,Peltigera aphthosa,绿皮地卷,,,,,,,no_image
8976,Peloribates pakistanensis,巴圆单翼甲螨,,,,,,,no_image
137297,Peltigera meridiana,南方地卷,,,,,,,no_image
139450,Peltula impressula,凹盾衣,,,,,,,no_image
137317,Peltigera variolosa,,,,,,,,no_image
57113,Pemphigus dorocola,袋居瘿绵蚜,,,,,,,no_image
57127,Pengzhongiella daicongchaoi,,,,,,,,no_image
134471,Penicillium chermesinum,,,,,,,,no_image
134491,Penicillium exiguum,,,,,,,,no_image
134511,Penicillium jiangxiense,,,,,,,,no_image
152072,Peniophora polygonia,枝丝隔孢伏革菌,,,,,,,no_image
134551,Penicillium velutinum,,,,,,,,no_image
134531,Penicillium purpurogenum,,,,,,,,no_image
9941,Pentamerismus oregonensis,,,,,,,,no_image
115023,Pennisetum sichuanense,四川狼尾草,,,,,,,no_image
7369,Pennaria grandis,粗笔螅水母,,,,,,,no_image
115038,Pentasachme malipoensis,麻栗坡石萝藦,,,,,,,no_image
57163,Penthetria pilosa,绒毛叉毛蚊,,,,,,,no_image
151607,Perenniporia decurrata,下延多年卧孔菌,,,,,,,no_image
115047,Peperomia nakaharae,山椒草,,,,,,,no_image
628,Percnon abbreviatum,短身盾牌蟹,,,,,,,no_image
57184,Pergesa porcellus,,,,,,,,no_image
57206,Peribaea trifurcata,三叶等鬃寄蝇,,,,,,,no_image
151627,Perenniporia rhizomorpha,菌索多年卧孔菌,,,,,,,no_image
5089,Periclimenaeus arabicus,阿拉伯小岩虾,,,,,,,no_image
5052,Periclimenes inornatus,无刺岩虾,,,,,,,no_image
143267,Periconia cookei,,,,,,,,no_image
57227,Pericyma albidentaria,同纹夜蛾,,,,,,,no_image
153180,Peridermium keteleeriae-evelynianae,油杉被孢锈,,,,,,,no_image
57257,Periergos genitale,绅纡舟蛾,,,,,,,no_image
57284,Perilitus nigriscutum,黑盾缘茧蜂,,,,,,,no_image
337,Periglypta puerpera,皱纹蛤,,,,,,,no_image
3949,Perinereis vancaurica,扁齿围沙蚕,,,,,,,no_image
115076,Periploca floribunda,多花青蛇藤,,,,,,,no_image
57321,Perissus clavicornis,,,,,,,,no_image
3198,Perisesarma maipoensis,米埔近相手蟹,,,,,,,no_image
57342,Perissus luteonotatus,,,,,,,,no_image
57359,Peristenus nitidoides,泽常室茧蜂,,,,,,,no_image
115092,Peristylus calcaratus,长须阔蕊兰,,,,,,,no_image
57369,Peritropis poppiana,傍佩盲蝽,,,,,,,no_image
57392,Perizoma promptata,显周尺蛾,,,,,,,no_image
57413,Perlodinella fuliginosa,深褐罗(虫责),,,,,,,no_image
57431,Peromyscopsylla scalifroma,梯形二刺蚤,,,,,,,no_image
115118,Perrottetia taronensis,独龙江核子木,,,,,,,no_image
115141,Persicaria greuteriana,球序蓼,,,,,,,no_image
115168,Persicaria opaca,暗果春蓼,,,,,,,no_image
137462,Pertusaria leiocarpella,平滑果鸡皮衣,,,,,,,no_image
115194,Persicaria taquetii,细叶蓼,,,,,,,no_image
137442,Pertusaria chinensis,中国鸡皮衣,,,,,,,no_image
137482,Pertusaria pulvinata,凸鸡皮衣,,,,,,,no_image
141048,Pestalosphaeria accidenta,,,,,,,,no_image
137502,Pertusaria thiospoda,硫点鸡皮衣,,,,,,,no_image
141068,Pestalotiopsis antiaris,,,,,,,,no_image
115217,Pertya markamensis,芒康帚菊,,,,,,,no_image
141088,Pestalotiopsis cibotii,,,,,,,,no_image
141108,Pestalotiopsis flavidula,,,,,,,,no_image
141128,Pestalotiopsis leprogena,,,,,,,,no_image
141148,Pestalotiopsis neglecta,,,,,,,,no_image
141188,Pestalotiopsis zahlbruckneriana,,,,,,,,no_image
141168,Pestalotiopsis scirpina,,,,,,,,no_image
5822,Petricola divergens,分枝住石蛤,,,,,,,no_image
79671,Petaurista marica,斑点鼯鼠,,,,,,,no_image
115243,Petrocodon chongqingensis,重庆石山苣苔,,,,,,,no_image
115265,Petrocodon laxicymosus,疏花石山苣苔,,,,,,,no_image
115285,Petrocodon scopulorum,世纬苣苔,,,,,,,no_image
115306,Petrocosmea crinita,绵毛石蝴蝶,,,,,,,no_image
115327,Petrocosmea longituba,长筒石蝴蝶,,,,,,,no_image
115351,Petrocosmea rotundifolia,圆叶石蝴蝶,,,,,,,no_image
57443,Petromorphus yunnanus,,,,,,,,no_image
2948,Petrolisthes coccineus,红褐岩瓷蟹,,,,,,,no_image
115399,Peucedanum morisonii,疆前胡,,,,,,,no_image
115374,Petrosimonia sibirica,叉毛蓬,,,,,,,no_image
57457,Pexopsis aprica,日梳寄蝇,,,,,,,no_image
57477,Peyerimhoffia shennongjiana,神农架配眼蕈蚊,,,,,,,no_image
140002,Peziza agassizii,,,,,,,,no_image
115413,Peyssonnelia squamaria,耳壳藻,,,,,,,no_image
140022,Peziza atrata,,,,,,,,no_image
140082,Peziza coprinaria,,,,,,,,no_image
140042,Peziza bulbosa,,,,,,,,no_image
140062,Peziza chlora,,,,,,,,no_image
140122,Peziza furfuracea,,,,,,,,no_image
140102,Peziza drummondii,,,,,,,,no_image
140162,Peziza lutescens,,,,,,,,no_image
140142,Peziza humosoides,,,,,,,,no_image
140182,Peziza nudipes,,,,,,,,no_image
140202,Peziza praetervisa,紫褐盘菌,,,,,,,no_image
140222,Peziza rutilans,,,,,,,,no_image
140242,Peziza speciosa,,,,,,,,no_image
140262,Peziza theleboloides,,,,,,,,no_image
140282,Peziza violacea,紫盘菌,,,,,,,no_image
139110,Phacidium radians,,,,,,,,no_image
115416,Phacellaria compressa,扁序重寄生,,,,,,,no_image
57497,Phaedon concinnus,齐猿叶甲,,,,,,,no_image
57517,Phaenobezzia chonganensis,崇安显蠓,,,,,,,no_image
57537,Phaenoserphus ocellus,离眼光胸细蜂,,,,,,,no_image
115425,Phaeoceros carolinianus,高领黄角苔,,,,,,,no_image
145990,Phaeocollybia similis,相似金钱菌,,,,,,,no_image
136993,Phaeographina valida,,,,,,,,no_image
137013,Phaeographis sericea,绢黑文衣,,,,,,,no_image
146886,Phaeomarasmius erinaceus,,,,,,,,no_image
135314,Phaeophyscia exornatula,裂芽黑蜈蚣衣,,,,,,,no_image
79689,Phaethon lepturus,白尾鹲,,,,,,,no_image
132801,Phaeoramularia punctiformis,,,,,,,,no_image
153310,Phakopsora desmium,,,,,,,,no_image
153330,Phakopsora pachyrhizi,豆薯层锈,,,,,,,no_image
115460,Phalaenopsis mirabilis,袋距兰,,,,,,,no_image
57561,Phalacrosoma zhenzhuristi,壮白长足虻,,,,,,,no_image
115477,Phalaris minor,细虉草,,,,,,,no_image
57590,Phalera goniophora,继掌舟蛾,,,,,,,no_image
57613,Phalera zi,仔掌舟蛾,,,,,,,no_image
57624,Phallosphaera amica,友谊球麻蝇,,,,,,,no_image
150810,Phallus indusiatus,长裙竹荪,,,,,,,no_image
150830,Phallus vitellinus,,,,,,,,no_image
57645,Phalonidia zygota,黑缘褐纹卷蛾,,,,,,,no_image
151092,Phanerochaete carnosa,肉原毛平革菌,,,,,,,no_image
115498,Phanera japonica,日本火索藤,,,,,,,no_image
57651,Phaneroptera nana,小露螽,,,,,,,no_image
57671,Phaneroserphus triangularis,三角脊额细蜂,,,,,,,no_image
57727,Phaonia cercoechinatoida,类叉尾刺棘蝇,,,,,,,no_image
57687,Phaonia angustipalpata,瘦须棘蝇,,,,,,,no_image
57707,Phaonia baolini,宝麟棘蝇,,,,,,,no_image
57748,Phaonia daliensis,大理棘蝇,,,,,,,no_image
57808,Phaonia hainanensis,海南棘蝇,,,,,,,no_image
57768,Phaonia emeishanensis,峨眉山棘蝇,,,,,,,no_image
57788,Phaonia fugax,迅棘蝇,,,,,,,no_image
57830,Phaonia imitenuiseta,次细鬃棘蝇,,,,,,,no_image
57850,Phaonia lamellata,薄尾棘蝇,,,,,,,no_image
57911,Phaonia mysticoides,类秘棘蝇,,,,,,,no_image
57890,Phaonia megastigma,大孔棘蝇,,,,,,,no_image
57870,Phaonia longirostris,长喙棘蝇,,,,,,,no_image
57971,Phaonia qinshuiensis,沁水棘蝇,,,,,,,no_image
57951,Phaonia parahebeta,副钝棘蝇,,,,,,,no_image
57931,Phaonia nigrivillana,黑毛背棘蝇,,,,,,,no_image
57991,Phaonia setisternita,鬃板棘蝇,,,,,,,no_image
58011,Phaonia subconsobrina,亚关联棘蝇,,,,,,,no_image
58031,Phaonia subommatina,亚巨眼棘蝇,,,,,,,no_image
58072,Phaonia vulpinus,狸棘蝇,,,,,,,no_image
58051,Phaonia tenuirostris,细喙棘蝇,,,,,,,no_image
58092,Phaonia yuishanensis,玉山棘蝇,,,,,,,no_image
14836,Pharta tangi,唐氏范蟹蛛,,,,,,,no_image
79703,Phasianus colchicus,环颈雉,,,,,,,no_image
115524,Phaseolus vulgaris,菜豆,,,,,,,no_image
58140,Phaulula apicalis,特板异螽,,,,,,,no_image
115530,Phedimus middendorffianus,吉林费菜,,,,,,,no_image
150369,Phellinus carteri,,,,,,,,no_image
150349,Phellinidium fragrans,芳香小木层孔菌,,,,,,,no_image
150389,Phellinus ferrugineofuscus,,,,,,,,no_image
150429,Phellinus nigrolimitatus,,,,,,,,no_image
150409,Phellinus kanehirae,金平木层孔菌,,,,,,,no_image
150449,Phellinus rhabarbarinus,,,,,,,,no_image
150469,Phellinus tuberculosus,,,,,,,,no_image
145501,Phellorinia herculeana,,,,,,,,no_image
58194,Pheosiopsis niveipicta,雪花夙舟蛾,,,,,,,no_image
58167,Pheosia albivertex,白顶剑舟蛾,,,,,,,no_image
58216,Pherbellia obscura,阴暗负菊沼蝇,,,,,,,no_image
12757,Philaeus daoxianensis,道县蝇狼,,,,,,,no_image
4299,Philbertia pygoidea,尾板菲螺,,,,,,,no_image
141277,Phialogeniculata guadalcanalensis,,,,,,,,no_image
115552,Philadelphus dasycalyx,毛萼山梅花,,,,,,,no_image
6616,Philine vitrea,玻璃壳蛞蝓,,,,,,,no_image
58242,Philomina chinensis,,,,,,,,no_image
14751,Philodamia tongmian,桐棉喜蟹蛛,,,,,,,no_image
12569,Philodromus aureolus,金黄逍遥蛛,,,,,,,no_image
115603,Philonotis mollis,柔叶泽藓,,,,,,,no_image
58263,Philonthus brevithorax,,,,,,,,no_image
58284,Philonthus emdeni,,,,,,,,no_image
58324,Philonthus minimus,,,,,,,,no_image
58304,Philonthus jeholensis,,,,,,,,no_image
58345,Philonthus rotundicollis,,,,,,,,no_image
58367,Philonthus transbaicalia,,,,,,,,no_image
58387,Philophylla nigrofasciata,黑带叶实蝇,,,,,,,no_image
58399,Philorinum chinense,,,,,,,,no_image
2623,Philyra acutidens,尖齿拳蟹,,,,,,,no_image
12820,Phintella bifurcilinea,花腹金蝉蛛,,,,,,,no_image
151055,Phlebia dictyophoroides,网柄射脉菌,,,,,,,no_image
13215,Phintella tengchongensis,腾冲金蝉蛛,,,,,,,no_image
58436,Phlebotomus kiangsuensis,江苏白蛉,,,,,,,no_image
115622,Phlegmariurus henryi,椭圆叶马尾杉,,,,,,,no_image
152748,Phleogena faginea,仙锤,,,,,,,no_image
115650,Phlogacanthus yangtsekiangensis,金江鳔冠花,,,,,,,no_image
115682,Phlomoides liangwangshanensis,梁王山糙苏,,,,,,,no_image
115660,Phlomoides betonicoides,假秦艽,,,,,,,no_image
115706,Phlomoides pygmaea,矮糙苏,,,,,,,no_image
115752,Phoebe legendrei,雅砻江楠,,,,,,,no_image
58461,Phlugiolopsis tuberculata,瘤突吟螽,,,,,,,no_image
115731,Phoebe angustifolia,沼楠,,,,,,,no_image
79743,Phoenicurus erythronotus,红背红尾鸲,,,,,,,no_image
15218,Pholcus alpinus,高山幽灵蛛,,,,,,,no_image
15048,Pholcus imbricatus,覆瓦幽灵蛛,,,,,,,no_image
15219,Pholcus datan,大滩幽灵蛛,,,,,,,no_image
15110,Pholcus tongi,佟氏幽灵蛛,,,,,,,no_image
15128,Pholcus longus,长幽灵蛛,,,,,,,no_image
15105,Pholcus phalangioides,家幽灵蛛,,,,,,,no_image
115788,Pholidota protracta,尾尖石仙桃,,,,,,,no_image
15179,Pholcus yuantu,圆突幽灵蛛,,,,,,,no_image
148259,Pholiota brevipes,短柄鳞伞,,,,,,,no_image
148279,Pholiota filamentosa,丝鳞伞,,,,,,,no_image
148299,Pholiota lignicola,,,,,,,,no_image
148339,Pholiota squarrosoides,尖鳞伞,,,,,,,no_image
148319,Pholiota piceina,,,,,,,,no_image
133621,Phoma glycines,,,,,,,,no_image
133641,Phoma pomorum,,,,,,,,no_image
58470,Pholioxenus orion,多纹阎甲,,,,,,,no_image
141370,Phomopsis anonacearum,,,,,,,,no_image
141390,Phomopsis diospyri,,,,,,,,no_image
141410,Phomopsis hydnocarpi,,,,,,,,no_image
141430,Phomopsis micheliae,,,,,,,,no_image
141450,Phomopsis rhododendri,,,,,,,,no_image
141470,Phomopsis viticis,,,,,,,,no_image
58488,Phora rostrata,喙尾蚤蝇,,,,,,,no_image
58529,Phorinia minuta,小蚤寄蝇,,,,,,,no_image
11682,Phoroncidia floripara,带花锥蛛,,,,,,,no_image
58508,Phorbia nepalensis,尼泊尔草种绳,,,,,,,no_image
58577,Phortica kukuanensis,谷关伏果蝇,,,,,,,no_image
58597,Phortica pinguiseta,壮鬃伏果蝇,,,,,,,no_image
58557,Phortica fangae,方氏伏果蝇,,,,,,,no_image
58617,Phortica watanabei,渡边伏果蝇,,,,,,,no_image
115804,Photinia davidiana,红豆果树,,,,,,,no_image
58638,Photoscotosia atrophicata,缺角幅尺蛾,,,,,,,no_image
6253,Photis hawaiensis,夏威夷亮钩虾,,,,,,,no_image
58681,Photoscotosia undulosa,中齿幅尺蛾,,,,,,,no_image
58660,Photoscotosia mimetica,仿斑幅尺蛾,,,,,,,no_image
153386,Phragmidium brevipedicellatum,短柄多胞锈菌,,,,,,,no_image
153426,Phragmidium rubi-oldhami,香莓多胞锈菌,,,,,,,no_image
153406,Phragmidium miyakeanum,,,,,,,,no_image
115836,Phragmites karka,卡开芦,,,,,,,no_image
58697,Phraortes confucius,细长皮䗛,,,,,,,no_image
58717,Phraortes moganshanensis,莫干山皮䗛,,,,,,,no_image
58737,Phratora deqinensis,德钦弗叶甲,,,,,,,no_image
58754,Phrixolepia luoi,罗氏冠刺蛾,,,,,,,no_image
58774,Phronia phasgana,剑状巧菌蚊,,,,,,,no_image
58793,Phryno brevicornis,宽角芙寄蝇,,,,,,,no_image
58789,Phryganogryllacris sheni,申氏杆蟋螽,,,,,,,no_image
79787,Phrynocephalus przewalskii,荒漠沙蜥,,,,,,,no_image
9363,Phthiracarus crispus,,,,,,,,no_image
11713,Phycosoma hainanensis,海南藻蛛,,,,,,,no_image
58826,Phthonoloba olivacea,暗绿妒尺蛾,,,,,,,no_image
144281,Phyllachora angelicae,,,,,,,,no_image
144301,Phyllachora cynodontis,,,,,,,,no_image
144341,Phyllachora megastroma,,,,,,,,no_image
144361,Phyllachora sacchari-spontanei,,,,,,,,no_image
144321,Phyllachora glycosmidis,,,,,,,,no_image
138095,Phyllactinia actinidiae-formosanae,,,,,,,,no_image
138135,Phyllactinia sapii,,,,,,,,no_image
138115,Phyllactinia fraxini,,,,,,,,no_image
115874,Phyllanthodendron lativenium,宽脉珠子木,,,,,,,no_image
115898,Phyllanthus myrtifolius,瘤腺叶下珠,,,,,,,no_image
10223,Phyllocoptes solani,,,,,,,,no_image
58842,Phylloclusia steleocera,柄角真腐木蝇,,,,,,,no_image
10489,Phyllocoptes gansuensis,,,,,,,,no_image
10468,Phyllocoptruta peregi,,,,,,,,no_image
115910,Phyllodesmis delavayi,柳叶寄生,,,,,,,no_image
115936,Phyllolobium sanbilingense,乡城蔓黄芪,,,,,,,no_image
58856,Phyllodromia fusca,暗色叶螳舞虻,,,,,,,no_image
58872,Phyllomya rufiventris,红腹驼寄蝇,,,,,,,no_image
149224,Phylloporus rhodophaeus,玫红褶孔菌,,,,,,,no_image
150484,Phylloporia fruticum,,,,,,,,no_image
58892,Phyllomyza planipalpis,扁须真叶蝇,,,,,,,no_image
79808,Phylloscopus castaniceps,栗头鹟莺,,,,,,,no_image
79845,Phylloscopus magnirostris,乌嘴柳莺,,,,,,,no_image
79877,Phylloscopus whistleri,韦氏鹟莺,,,,,,,no_image
115957,Phyllostachys corrugata,广德芽竹,,,,,,,no_image
115982,Phyllostachys mannii,美竹,,,,,,,no_image
116004,Phyllostachys sulphurea,金竹,,,,,,,no_image
131878,Phyllosticta amaryllidicola,,,,,,,,no_image
131898,Phyllosticta buxina,,,,,,,,no_image
131918,Phyllosticta citriasiana,,,,,,,,no_image
131938,Phyllosticta dalbergiicola,,,,,,,,no_image
131958,Phyllosticta fragaricola,,,,,,,,no_image
131978,Phyllosticta humuli,,,,,,,,no_image
131998,Phyllosticta macleayae,,,,,,,,no_image
132018,Phyllosticta oleae,,,,,,,,no_image
132038,Phyllosticta plectranthi,,,,,,,,no_image
132058,Phyllosticta sanguisorbae,,,,,,,,no_image
7639,Phymanthus strandesi,柱瘤海葵,,,,,,,no_image
132078,Phyllosticta translucens,,,,,,,,no_image
116023,Physaliastrum echinatum,日本散血丹,,,,,,,no_image
135331,Physcia aipolia,斑面蜈蚣衣,,,,,,,no_image
116020,Phymatopteris similis,相似假瘤蕨,,,,,,,no_image
135351,Physcia muscigena,伴藓蜈蚣衣,,,,,,,no_image
135381,Physconia venusta,雅致大孢衣,,,,,,,no_image
116043,Physcomitrium readeri,加州小立碗藓,,,,,,,no_image
58953,Physocephala gigas,大叉芒眼蝇,,,,,,,no_image
58940,Physiphora chalybea,亮菲思斑蝇,,,,,,,no_image
116057,Physochlaina praealta,西藏脬囊草,,,,,,,no_image
8159,Phytocoetes sinensis,中华植形海葵,,,,,,,no_image
153345,Physopella zeae,玉米壳锈菌,,,,,,,no_image
58994,Phytocoris nigritus,褐植盲蝽,,,,,,,no_image
59014,Phytoecia albosuturalis,,,,,,,,no_image
116072,Phytolacca japonica,日本商陆,,,,,,,no_image
59068,Phytosciara bispori,双孢植眼蕈蚊,,,,,,,no_image
59051,Phytomyza quadrispinosa,四棘植潜蝇,,,,,,,no_image
135455,Piccolia conspersa,散沥青衣,,,,,,,no_image
8787,Pictodentalium formosum,美丽角贝,,,,,,,no_image
116107,Picea torano,日本云杉,,,,,,,no_image
59097,Pidonia amurensis,黑角驼花天牛,,,,,,,no_image
59117,Pidonia debilis,,,,,,,,no_image
59137,Pidonia ignobilis,肖蜀驼花天牛,,,,,,,no_image
59157,Pidonia palleola,苍白驼花天牛,,,,,,,no_image
59177,Pidonia striolata,,,,,,,,no_image
59204,Pieris davidis,大卫粉蝶,,,,,,,no_image
59234,Piestoneus reitteri,,,,,,,,no_image
116139,Pilea basicordata,基心叶冷水花,,,,,,,no_image
116164,Pilea hexagona,六棱茎冷水花,,,,,,,no_image
116191,Pilea melastomoides,长序冷水花,,,,,,,no_image
116215,Pilea pumila,透茎冷水花,,,,,,,no_image
116238,Pilea ternifolia,羽脉冷水花,,,,,,,no_image
137766,Pilidium acerinum,,,,,,,,no_image
148811,Piloderma lanatum,,,,,,,,no_image
116257,Pilotrichopsis robusta,粗毛枝藓,,,,,,,no_image
2309,Pilumnus trispinosus,三刺毛刺蟹,,,,,,,no_image
116258,Pimpinella acuminata,尖叶茴芹,,,,,,,no_image
116303,Pinalia conferta,密苞苹兰,,,,,,,no_image
59247,Pinalitus taishanensis,泰山松盲蝽,,,,,,,no_image
116281,Pimpinella pimpinellisimulacrum,喜马拉雅茴芹,,,,,,,no_image
11286,Pinelema breviseta,短刺平莱蛛,,,,,,,no_image
11304,Pinelema pedati,足形平莱蛛,,,,,,,no_image
116323,Pinellia calcicola,灰岩半夏,,,,,,,no_image
116335,Pinguicula alpina,高山捕虫堇,,,,,,,no_image
4610,Pinnaxodes major,大拟豆蟹,,,,,,,no_image
4606,Pinnotheres tsingtaoensis,青岛豆蟹,,,,,,,no_image
116357,Pinus densiflora,赤松,,,,,,,no_image
1108,Pionosyllis homocrrata,长须裸裂虫,,,,,,,no_image
116386,Pinus pumila,偃松,,,,,,,no_image
116433,Piper hochiense,河池胡椒,,,,,,,no_image
116455,Piper mutabile,变叶胡椒,,,,,,,no_image
116475,Piper submultinerve,多脉胡椒,,,,,,,no_image
59295,Pipizella virens,金绿斜额蚜蝇,,,,,,,no_image
79949,Pipistrellus tenuis,侏伏翼,,,,,,,no_image
156079,Piptocephalis lepidula,,,,,,,,no_image
12085,Pireneitega taiwanensis,台湾拟隙蛛,,,,,,,no_image
16524,Piratula procurva,前凹小水狼蛛,,,,,,,no_image
2954,Pisidia variabilis,变化豆瓷蟹,,,,,,,no_image
148747,Pistillaria petasitidis,蜂斗叶杵瑚菌,,,,,,,no_image
309,Pitar manillae,马尼拉条纹卵蛤,,,,,,,no_image
133358,Pithomyces cateniformis,,,,,,,,no_image
140831,Pithya cupressi,,,,,,,,no_image
116552,Pittosporum kunmingense,昆明海桐,,,,,,,no_image
116584,Pittosporum pulchrum,秀丽海桐,,,,,,,no_image
134766,Placidiopsis poronioides,岬类盾鳞衣,,,,,,,no_image
59334,Plagideicta leprosa,斑夕夜蛾,,,,,,,no_image
855,Placuna ephippium,鞍海月,,,,,,,no_image
116619,Plagiochila assamica,阿萨羽苔,,,,,,,no_image
116642,Plagiochila elegans,大叶羽苔,,,,,,,no_image
116662,Plagiochila magna,粗壮羽苔,,,,,,,no_image
116682,Plagiochila retusa,微凹羽苔,,,,,,,no_image
59339,Plagiodera bicolor,双色圆叶甲,,,,,,,no_image
116729,Plagiopetalum esquirolii,偏瓣花,,,,,,,no_image
116712,Plagiomnium confertidens,密集匐灯藓,,,,,,,no_image
116735,Plagiopteron suaveolens,斜翼,,,,,,,no_image
116762,Plagiothecium piliferum,毛尖棉藓,,,,,,,no_image
59361,Plagiostenopterina formosana,台湾狭翅广口蝇,,,,,,,no_image
59377,Plagiozopelma pubescens,长毛基刺长足虻,,,,,,,no_image
116771,Planicladium semperianum,舌叶光平藓,,,,,,,no_image
59402,Planososibia platycerca,扁尾平健䗛,,,,,,,no_image
116790,Plantago maxima,巨车前,,,,,,,no_image
59418,Plastus menglaius,,,,,,,,no_image
116808,Platanthera clavigera,藏南舌唇兰,,,,,,,no_image
116828,Platanthera komarovii,东北舌唇兰,,,,,,,no_image
116869,Platanus ×,二球悬铃木,,,,,,,no_image
116851,Platanthera peichatieniana,北插天山舌唇兰,,,,,,,no_image
11740,Platnickina fritilla,骰斑普克蛛,,,,,,,no_image
59438,Platorischna vietnamensis,,,,,,,,no_image
12087,Platocoelotes qinglinensis,箐林宽隙蛛,,,,,,,no_image
59448,Platycephala maculata,斑翅宽头秆蝇,,,,,,,no_image
59464,Platycheirus asioambiguus,亚洲卷毛宽跗蚜蝇,,,,,,,no_image
59483,Platycleis intermedia,居中灰翅螽,,,,,,,no_image
59502,Platycorynus davidi,红背扁角肖叶甲,,,,,,,no_image
116889,Platycrater arguta,蛛网萼,,,,,,,no_image
59542,Platydracus maculipennis,,,,,,,,no_image
137020,Platygramme muelleri,米勒凸唇衣,,,,,,,no_image
59562,Platyja ciacula,灰线宽夜蛾,,,,,,,no_image
59578,Platylomalus inflexus,折平阎甲,,,,,,,no_image
59603,Platypalpus candidiseta,白平须舞虻,,,,,,,no_image
9053,Platynothrus peltifer,盾平懒甲螨,,,,,,,no_image
59644,Platypalpus yuhuangshanus,玉皇山平须舞虻,,,,,,,no_image
59623,Platypalpus hui,胡氏平须舞虻,,,,,,,no_image
59653,Platypria alces,狭叶掌铁甲,,,,,,,no_image
59682,Platystethus cornutus,,,,,,,,no_image
59667,Platysoma beybienkoi,贝氏方阎甲,,,,,,,no_image
59699,Plaxomicrus ellipticus,,,,,,,,no_image
59711,Plecia curvatineura,曲脉襀毛蚊,,,,,,,no_image
59730,Plecoptera bilinealis,双线卷裙夜蛾,,,,,,,no_image
116901,Plectocomia himalayana,高地钩叶藤,,,,,,,no_image
80031,Plectrogenium nanum,太平洋平头鲉,,,,,,,no_image
17563,Plectotropis barbosella,刚毛环肋螺,,,,,,,no_image
116933,Pleioblastus wuyishanensis,武夷山苦竹,,,,,,,no_image
116910,Pleioblastus chino,青苦竹,,,,,,,no_image
116960,Pleione praecox,疣鞘独蒜兰,,,,,,,no_image
138143,Pleochaeta shiraiana,,,,,,,,no_image
59745,Plethosmylus atomatus,细点丰溪蛉,,,,,,,no_image
80048,Plesiomyzon baotingensis,保亭近腹吸鳅,,,,,,,no_image
116979,Pleuropterus multiflorus,何首乌,,,,,,,no_image
146897,Pleuroflammula praestans,豆孢侧火菇,,,,,,,no_image
147824,Pleurotus australis,褐侧耳,,,,,,,no_image
116994,Pleurostylia opposita,盾柱榄,,,,,,,no_image
147844,Pleurotus fluxilis,,,,,,,,no_image
147864,Pleurotus portegnus,冷菌,,,,,,,no_image
13231,Plexippoides tangi,唐氏拟蝇虎,,,,,,,no_image
18455,Ploesoma truncatum,截头皱甲轮虫,,,,,,,no_image
116998,Pleurozia purpurea,紫叶苔,,,,,,,no_image
1601,Plicatula australis,澳洲襞蛤,,,,,,,no_image
117018,Plumeria obtusa,钝叶鸡蛋花,,,,,,,no_image
143306,Pluricellaesporites maximus,,,,,,,,no_image
147895,Pluteus cinereofuscus,,,,,,,,no_image
147915,Pluteus murinus,鼠灰光柄菇,,,,,,,no_image
117033,Poa annua,早熟禾,,,,,,,no_image
147935,Pluteus tomentosulus,,,,,,,,no_image
117103,Poa nepalensis,尼泊尔早熟禾,,,,,,,no_image
117075,Poa grandis,阔叶早熟禾,,,,,,,no_image
117142,Poa stapfiana,斯塔夫早熟禾,,,,,,,no_image
8184,Pocillopora meandrina,多曲杯形珊瑚,,,,,,,no_image
59779,Podismopsis humengensis,呼盟跃度蝗,,,,,,,no_image
5536,Podocerus inconspicuus,泥地钩虾,,,,,,,no_image
151118,Podoscypha involuta,内卷柄杯菌,,,,,,,no_image
138156,Podosphaera minor,,,,,,,,no_image
4898,Poecilasma oblique,歪花茗荷,,,,,,,no_image
144484,Podospora prethopodalis,,,,,,,,no_image
59815,Poecilosomella ronkayi,罗氏星小粪蝇,,,,,,,no_image
59795,Poecilosomella affinis,仿星小粪蝇,,,,,,,no_image
117202,Pogonatum neesii,硬叶小金发藓,,,,,,,no_image
80120,Pogonoperca punctata,斑点须鮨,,,,,,,no_image
117232,Pogostemon henanensis,河南水蜡烛,,,,,,,no_image
117254,Pohlia drummondii,林地丝瓜藓,,,,,,,no_image
117274,Pohlia tibetana,西藏丝瓜藓,,,,,,,no_image
59835,Polia fasciata,中黑灰夜蛾,,,,,,,no_image
153488,Poliotelium hyalospora,,,,,,,,no_image
59883,Polleniopsis fukiensis,福建拟粉蝇,,,,,,,no_image
59854,Polietes nigrolimbatoides,类黑缘直脉蝇,,,,,,,no_image
117293,Pollia macrobracteata,大苞杜若,,,,,,,no_image
18456,Polyarthra dolichoptera,长肢多肢轮虫,,,,,,,no_image
80124,Polydactylus plebeius,五指多指马鲅,,,,,,,no_image
117307,Polycarpon prostratum,多荚草,,,,,,,no_image
117322,Polygala crotalarioides,西南远志,,,,,,,no_image
117350,Polygala oligosperma,少籽远志,,,,,,,no_image
117392,Polygonatum inflatum,毛筒玉竹,,,,,,,no_image
117372,Polygonatum alternicirrhosum,互卷黄精,,,,,,,no_image
117414,Polygonatum stenophyllum,狭叶黄精,,,,,,,no_image
117431,Polygonum humifusum,普通萹蓄,,,,,,,no_image
80132,Polyipnus stereope,闪电烛光鱼,,,,,,,no_image
80138,Polymixia japonica,日本须鳂,,,,,,,no_image
59952,Polypedilum bicrenatum,双锯齿多足摇蚊,,,,,,,no_image
2936,Polyonyx plumatus,绒毛多指瓷蟹,,,,,,,no_image
59972,Polypedilum exilicaudatum,细尾多足摇蚊,,,,,,,no_image
59992,Polypedilum nubeculosum,小云多足摇蚊,,,,,,,no_image
60012,Polypedilum trapezium,近梯形三突多足摇蚊,,,,,,,no_image
151665,Polyporus curtisii,,,,,,,,no_image
117457,Polypodiodes paramoena,如反水龙骨,,,,,,,no_image
151645,Polyporus badius,,,,,,,,no_image
151685,Polyporus intactilis,,,,,,,,no_image
151705,Polyporus mikadoi,,,,,,,,no_image
151725,Polyporus perturbatus,,,,,,,,no_image
151765,Polyporus tenuissimus,极薄多孔菌,,,,,,,no_image
151745,Polyporus salebrosus,,,,,,,,no_image
117481,Polyspora speciosa,四川大头茶,,,,,,,no_image
117500,Polystichum auriculum,滇东南耳蕨,,,,,,,no_image
60022,Polyptychus trilineatus,三线天蛾,,,,,,,no_image
117520,Polystichum conjunctum,卵状鞭叶蕨,,,,,,,no_image
117560,Polystichum gonggashanense,贡嘎山耳蕨,,,,,,,no_image
117540,Polystichum dongchuanense,东川耳蕨,,,,,,,no_image
117600,Polystichum longiaristatum,长芒耳蕨,,,,,,,no_image
117580,Polystichum jinfoshanense,金佛山耳蕨,,,,,,,no_image
117620,Polystichum minimum,斜基柳叶蕨,,,,,,,no_image
117660,Polystichum pingbianense,屏边耳蕨,,,,,,,no_image
117640,Polystichum oblongum,镇康耳蕨,,,,,,,no_image
117720,Polystichum tibeticum,西藏耳蕨,,,,,,,no_image
117700,Polystichum speluncicola,岩穴耳蕨,,,,,,,no_image
117680,Polystichum rhombiforme,斜方刺叶耳蕨,,,,,,,no_image
117741,Polystichum zayuense,察隅耳蕨,,,,,,,no_image
150505,Polystictus phaeus,,,,,,,,no_image
60030,Polytremis eltola,台湾孔弄蝶,,,,,,,no_image
117757,Polytrichum commune,金发藓,,,,,,,no_image
80150,Pomacanthus annularis,环纹刺盖鱼,,,,,,,no_image
80170,Pomacentrus stigma,斑点雀鲷,,,,,,,no_image
60076,Polyzonus bizonatus,,,,,,,,no_image
80190,Pomatorhinus ruficollis,棕颈钩嘴鹛,,,,,,,no_image
117801,Ponerorchis pulchella,齿片无柱兰,,,,,,,no_image
117781,Ponerorchis dolichocentra,长距无柱兰,,,,,,,no_image
18053,Pontodrilus sinensis,中华泮蚓,,,,,,,no_image
117821,Pongamia puerarioides,葛叶水黄皮,,,,,,,no_image
117859,Populus ciliata,缘毛杨,,,,,,,no_image
117922,Populus talassica,密叶杨,,,,,,,no_image
117889,Populus nakaii,玉泉杨,,,,,,,no_image
118000,Porella plumosa,小瓣光萼苔,,,,,,,no_image
117946,Poranopsis paniculata,圆锥白花叶,,,,,,,no_image
117974,Porella gracillima,细光萼苔,,,,,,,no_image
137521,Porina formosana,台湾污核衣,,,,,,,no_image
151794,Poria phlebiaeformis,,,,,,,,no_image
137541,Porina virescens,,,,,,,,no_image
60119,Porocallus wrasei,,,,,,,,no_image
1430,Poromya sumatrana,苏岛孔螂,,,,,,,no_image
80225,Poropuntius rhomboides,鲂形吻孔鲃,,,,,,,no_image
118029,Porphyra ramosissima,多枝紫菜,,,,,,,no_image
136747,Porpidia cinereoatra,黑白假网衣,,,,,,,no_image
118042,Portulaca quadrifida,四瓣马齿苋,,,,,,,no_image
60128,Porsica curvaria,曲波舟蛾,,,,,,,no_image
12985,Portia heteroidea,异形孔蛛,,,,,,,no_image
77,Portunus tuberculosus,疣突梭子蟹,,,,,,,no_image
118053,Potamogeton maackianus,微齿眼子菜,,,,,,,no_image
17260,Postorchigenes zhoushanensis,舟山亚睾吸虫,,,,,,,no_image
60167,Potanthus rectifasciatus,直纹黄室弄蝶,,,,,,,no_image
118192,Pothoidium lobbianum,假石柑,,,,,,,no_image
118129,Potentilla lancinata,条裂委陵菜,,,,,,,no_image
118098,Potentilla delavayi,滇西委陵菜,,,,,,,no_image
60188,Pothyne rugifrons,,,,,,,,no_image
118159,Potentilla reptans,匍匐委陵菜,,,,,,,no_image
118204,Pourthiaea blinii,短叶石楠,,,,,,,no_image
118234,Pourthiaea zhijiangensis,芷江石楠,,,,,,,no_image
2620,Praebebalia nanhaiensis,南海拟坚壳蟹,,,,,,,no_image
60217,Praspedomyza brunnifrons,棕额眶潜蝇,,,,,,,no_image
118268,Premna glandulosa,腺叶豆腐柴,,,,,,,no_image
134154,Preussia flanaganii,,,,,,,,no_image
118292,Premna serratifolia,伞序臭黄荆,,,,,,,no_image
60233,Primnoa ningana,宁安翘尾蝗,,,,,,,no_image
118316,Primula anisodora,茴香灯台报春,,,,,,,no_image
118336,Primula bracteata,小苞报春,,,,,,,no_image
118361,Primula chamaedoron,单花脆蒴报春,,,,,,,no_image
118382,Primula concinna,雅洁粉报春,,,,,,,no_image
118405,Primula effusa,散花报春,,,,,,,no_image
118428,Primula firmipes,亭立钟报春,,,,,,,no_image
118451,Primula helodoxa,泽地灯台报春,,,,,,,no_image
118496,Primula lilacina,紫丁香穗花报春,,,,,,,no_image
118473,Primula jiangyouensis,江油报春,,,,,,,no_image
118520,Primula megalocarpa,大果报春,,,,,,,no_image
118542,Primula ninguida,林芝报春,,,,,,,no_image
118569,Primula pengzhouensis,彭州报春,,,,,,,no_image
118591,Primula pycnoloba,密裂报春,,,,,,,no_image
118635,Primula smithiana,亚东灯台报春,,,,,,,no_image
118612,Primula sapphirina,小垂花报春,,,,,,,no_image
118659,Primula tenuiloba,细裂小报春,,,,,,,no_image
118683,Primula vilmoriniana,毛叶鄂报春,,,,,,,no_image
118703,Primula xingshanensis,兴山报春,,,,,,,no_image
118725,Primulina bicolor,二色报春苣苔,,,,,,,no_image
118749,Primulina cordistigma,心柱报春苣苔,,,,,,,no_image
118769,Primulina fengshanensis,凤山报春苣苔,,,,,,,no_image
118818,Primulina jiuyishanica,九嶷山报春苣苔,,,,,,,no_image
118794,Primulina hedyotidea,肥牛草,,,,,,,no_image
118838,Primulina linearifolia,线叶报春苣苔,,,,,,,no_image
118883,Primulina napoensis,那坡报春苣苔,,,,,,,no_image
118905,Primulina pseudoglandulosa,阳朔小花苣苔,,,,,,,no_image
118863,Primulina maciejewskii,广东报春苣苔,,,,,,,no_image
118926,Primulina rubribracteata,红苞报春苣苔,,,,,,,no_image
118954,Primulina swinglei,钟冠报春苣苔,,,,,,,no_image
118976,Primulina xiuningensis,休宁小花苣苔,,,,,,,no_image
80259,Prinia striata,山鹪莺,,,,,,,no_image
60254,Priochirus trifurcus,,,,,,,,no_image
15832,Prionobelum joliveti,,,,,,,,no_image
60280,Prionota kwangtungensis,广东短栉大蚊,,,,,,,no_image
60298,Prionus siskai,,,,,,,,no_image
80283,Pristiophorus japonicus,日本锯鲨,,,,,,,no_image
60316,Probezzia baptosmixa,杂色前蠓,,,,,,,no_image
18521,Proales parasita,寄生前翼轮虫,,,,,,,no_image
60325,Processina dashahensis,大沙河干大叶蝉,,,,,,,no_image
60362,Procladius lacteiclava,岩前突摇蚊,,,,,,,no_image
60342,Prociphilus emeiensis,峨眉卷叶绵蚜,,,,,,,no_image
16962,Proctoeces orientalis,东方肛居吸虫,,,,,,,no_image
60396,Prodegeeria chaetopygialis,鬃尾纤芒寄蝇,,,,,,,no_image
60409,Prohimerta dispar,岐安螽,,,,,,,no_image
60421,Prolygus tainanensis,台南始丽盲蝽,,,,,,,no_image
119006,Pronephrium medogensis,墨脱新月蕨,,,,,,,no_image
60441,Promachus tastaceipes,黄褐叉胫食虫虻,,,,,,,no_image
60452,Prooppia latipalpis,宽须熟寄蝇,,,,,,,no_image
60469,Prosciara anfracta,曲尾首眼蕈蚊,,,,,,,no_image
60460,Proreus inermia,简首垫跗螋,,,,,,,no_image
60507,Prosheliomyia formosensis,台湾前寄蝇,,,,,,,no_image
60489,Prosciara longispina,长刺首眼蕈蚊,,,,,,,no_image
60529,Prosopaspis rougemonti,,,,,,,,no_image
17106,Prosorhynchus crucibulum,钵形前吻吸虫,,,,,,,no_image
1541,Prosphorachaeus suluensis,苏禄似英雄蟹,,,,,,,no_image
17265,Prosthodendrium hepaticum,肝副前腺吸虫,,,,,,,no_image
17250,Prosthopycoides lynchi,林氏拟前盘吸虫,,,,,,,no_image
19346,Protaphorura khanka,,,,,,,,no_image
60591,Protidricerus japonicus,日原完眼蝶角蛉,,,,,,,no_image
60567,Proterops decoloratus,褪色前眼茧蜂,,,,,,,no_image
80318,Protobothrops maolanensis,茂兰原矛头蝮,,,,,,,no_image
60607,Protocypus latro,,,,,,,,no_image
60624,Protohermes changninganus,昌宁星齿蛉,,,,,,,no_image
80325,Protohynobius puxiongensis,普雄原鲵,,,,,,,no_image
60644,Protohermes infectus,污星齿蛉,,,,,,,no_image
144915,Protomyces paridis,,,,,,,,no_image
60678,Protopulvinaria fukayai,浙原绵蜡蚧,,,,,,,no_image
139435,Protothelenella sphinctrinoidella,原乳衣,,,,,,,no_image
119045,Prunus brachypoda,短梗稠李,,,,,,,no_image
60710,Proxylocopa sinensis,中华突眼木蜂,,,,,,,no_image
119075,Prunus dolichadenia,长腺樱桃,,,,,,,no_image
119096,Prunus hypotrichodes,背毛杏,,,,,,,no_image
119153,Prunus serrula,细齿樱桃,,,,,,,no_image
119126,Prunus napaulensis,粗梗稠李,,,,,,,no_image
119034,Prunus ×,紫杏,,,,,,,no_image
119183,Prunus transarisanensis,阿里山樱桃,,,,,,,no_image
145508,Psalliota silvatica,,,,,,,,no_image
7257,Psammocora nierstraszi,不等脊塍沙珊瑚,,,,,,,no_image
148021,Psathyra candolleana,、黄盖小脆柄菇,,,,,,,no_image
148041,Psathyrella conopilus,锥盖小脆柄菇,,,,,,,no_image
148081,Psathyrella pratensis,草原小脆柄菇,,,,,,,no_image
148061,Psathyrella leucotephra,白小脆柄菇,,,,,,,no_image
148101,Psathyrella subnuda,褐黄小脆柄菇,,,,,,,no_image
60746,Psectrosema barbatum,毛尾柽瘿蚊,,,,,,,no_image
13637,Psechrus kenting,垦丁褛网蛛,,,,,,,no_image
60765,Pselaphodes daii,,,,,,,,no_image
60805,Pselaphodes tianmuensis,,,,,,,,no_image
60824,Pselliophora ardens,印尼比栉大蚊,,,,,,,no_image
60785,Pselaphodes latilobus,,,,,,,,no_image
60844,Pselliophora pallitibia,白胫比栉大蚊,,,,,,,no_image
80372,Psettina tosana,土佐鳒鲆,,,,,,,no_image
60862,Pseudagrion daponshanensis,大盘山斑蟌,,,,,,,no_image
60881,Pseudalosterna gorodinskii,,,,,,,,no_image
12520,Pseudanapis serica,丝伪安蛛,,,,,,,no_image
60910,Pseudatheta baomontis,,,,,,,,no_image
80403,Pseudecheneis sulcatoides,似黄斑褶&#x0000E065;,,,,,,,no_image
16960,Pseudantorchis thalassomae,绿鱼伪对睾吸虫,,,,,,,no_image
60932,Pseuderiopus albiscripta,毛足夜蛾,,,,,,,no_image
80428,Pseudobagrus trilineatus,三线拟鲿,,,,,,,no_image
13133,Pseudicius yunnanensis,云南拟伊蛛,,,,,,,no_image
60950,Pseudoasonus yushuensis,玉树拟无声蝗,,,,,,,no_image
60961,Pseudobironium merkli,,,,,,,,no_image
60987,Pseudocallidium violaceum,,,,,,,,no_image
119237,Pseudobryum cinclidioides,拟真藓,,,,,,,no_image
119243,Pseudocayratia oligocarpa,华中拟乌蔹莓,,,,,,,no_image
132818,Pseudocercospora alangii,,,,,,,,no_image
132838,Pseudocercospora artanthes,,,,,,,,no_image
132858,Pseudocercospora bradburyae,,,,,,,,no_image
132878,Pseudocercospora cephalanthi,,,,,,,,no_image
132898,Pseudocercospora conyzae,,,,,,,,no_image
132938,Pseudocercospora eriobotryae,,,,,,,,no_image
132918,Pseudocercospora dalbergiae,,,,,,,,no_image
132958,Pseudocercospora fraxinites,,,,,,,,no_image
132998,Pseudocercospora justiciae,,,,,,,,no_image
132978,Pseudocercospora hibiscina,,,,,,,,no_image
133018,Pseudocercospora lythracearum,,,,,,,,no_image
133038,Pseudocercospora mitteriana,车桑仔假尾孢,,,,,,,no_image
133058,Pseudocercospora nymphaeacea,,,,,,,,no_image
133078,Pseudocercospora phrymae,透骨草假尾孢,,,,,,,no_image
133118,Pseudocercospora rubicola,,,,,,,,no_image
133098,Pseudocercospora pteridophytophila,毛蕨假尾孢,,,,,,,no_image
133138,Pseudocercospora sphendamnophila,,,,,,,,no_image
133158,Pseudocercospora tetrapanacis,,,,,,,,no_image
133178,Pseudocercospora violamaculans,,,,,,,,no_image
1497,Pseudochama retroversa,反转猿头蛤,,,,,,,no_image
80452,Pseudochromis luteus,灰黄拟雀鲷,,,,,,,no_image
148107,Pseudocoprinus crenatus,齿缘假鬼伞,,,,,,,no_image
61007,Pseudococcus maritimus,海粉蚧,,,,,,,no_image
17234,Pseudocryptotropa taiwanensis,台湾假隐弯吸虫,,,,,,,no_image
119291,Pseudocyclosorus lushanensis,庐山假毛蕨,,,,,,,no_image
61026,Pseudodendrothrips puerariae,葛藤伪棍蓟马,,,,,,,no_image
119311,Pseudocydonia sinensis,木瓜,,,,,,,no_image
61039,Pseudoechthistatus granulatus,,,,,,,,no_image
61065,Pseudofentonia nigrofasciata,黑纹拟纷舟蛾,,,,,,,no_image
80471,Pseudogastromyzon cheni,圆斑拟腹吸鳅,,,,,,,no_image
61077,Pseudognaptorina flata,扁平伪琵甲,,,,,,,no_image
143741,Pseudohalonectria miscanthicola,,,,,,,,no_image
140654,Pseudohydnotrya nigra,,,,,,,,no_image
61114,Pseudoligosita stenostigma,窄痣伪寡赤眼蜂,,,,,,,no_image
61126,Pseudoloxops imperatorius,楔红突额盲蝽,,,,,,,no_image
80497,Pseudois nayaur,岩羊,,,,,,,no_image
61102,Pseudolathra transversiceps,,,,,,,,no_image
119353,Pseudolysimachion spurium,轮叶穗花,,,,,,,no_image
61196,Pseudomallada sana,康叉草蛉,,,,,,,no_image
61176,Pseudomallada hubeiana,鄂叉草蛉,,,,,,,no_image
61156,Pseudomallada cognatella,鲁叉草蛉,,,,,,,no_image
61209,Pseudomeges varioti,,,,,,,,no_image
3037,Pseudomysidetes cochinesis,印度假小糠虾,,,,,,,no_image
61236,Pseudoperichaeta palesioidea,帕莱赛寄蝇,,,,,,,no_image
148605,Pseudoomphalina lignicola,,,,,,,,no_image
119369,Pseudophegopteris tibetana,西藏紫柄蕨,,,,,,,no_image
13474,Pseudopoda breviducta,短管伪遁蛛,,,,,,,no_image
61251,Pseudoplandria curticornis,,,,,,,,no_image
61271,Pseudoplandria schuelkei,,,,,,,,no_image
13471,Pseudopoda mediana,居中伪遁蛛,,,,,,,no_image
13371,Pseudopoda sicyoidea,葫芦伪遁蛛,,,,,,,no_image
119377,Pseudopodospermum pubescens,基枝假柄果菊,,,,,,,no_image
61292,Pseudopsis yunnanensis,,,,,,,,no_image
119387,Pseudoraphis balansae,长稃伪针茅,,,,,,,no_image
80514,Pseudorhombus cinnamoneus,桂皮斑鲆,,,,,,,no_image
2647,Pseudoringicula sinensis,中华伪露齿螺,,,,,,,no_image
119398,Pseudosasa cantorii,托竹,,,,,,,no_image
7256,Pseudosiderastrea tayamai,假铁星珊瑚,,,,,,,no_image
61332,Pseudosmittia longicornia,长角伪施密摇蚊,,,,,,,no_image
61361,Pseudostegania defectata,掩尺蛾,,,,,,,no_image
143329,Pseudospiropes ximeniae,,,,,,,,no_image
16941,Pseudosteringophorus holognathi,石鲷伪支孔吸虫,,,,,,,no_image
61371,Pseudothemis zonata,玉带蜻,,,,,,,no_image
119449,Pseudotsuga macrocarpa,大果黄杉,,,,,,,no_image
61391,Pseudoxyporus xiaoae,,,,,,,,no_image
61407,Psila szechuana,巴蜀茎蝇,,,,,,,no_image
146714,Psilocybe semilanceata,,,,,,,,no_image
146694,Psilocybe cyanescens,暗蓝光盖伞,,,,,,,no_image
61422,Psilonyx annuliventris,牯岭缺突食虫虻,,,,,,,no_image
61442,Psilopa singaporensis,新加坡凸额水蝇,,,,,,,no_image
61451,Psilotarsus hirticollis,,,,,,,,no_image
80563,Psittacula himalayana,青头鹦鹉,,,,,,,no_image
136487,Psora tenuifolia,,,,,,,,no_image
61481,Psychoda formosiensis,南台蛾蠓,,,,,,,no_image
61496,Psyllaephagus stenopsyllae,,,,,,,,no_image
119478,Psychotria laui,头九节,,,,,,,no_image
61514,Ptecticus vulpianus,狡猾指突水虻,,,,,,,no_image
80585,Ptereleotris grammica,纵带鳍塘鳢,,,,,,,no_image
119522,Pteris biaurita,狭眼凤尾蕨,,,,,,,no_image
119494,Pteridium aquilinum,欧洲蕨,,,,,,,no_image
119556,Pteris gallinopes,鸡爪凤尾蕨,,,,,,,no_image
119582,Pteris maclurioides,岭南凤尾蕨,,,,,,,no_image
119652,Pternopetalum nudicaule,裸茎囊瓣芹,,,,,,,no_image
119602,Pteris puberula,柔毛凤尾蕨,,,,,,,no_image
119624,Pteris venusta,爪哇凤尾蕨,,,,,,,no_image
119672,Pterobryopsis acuminata,尖叶拟蕨藓,,,,,,,no_image
119684,Pterocarya hupehensis,湖北枫杨,,,,,,,no_image
61530,Pterogenia luctuosa,忧郁美翅广口蝇,,,,,,,no_image
80601,Pterocryptis gilberti,糙隐鳍鲇,,,,,,,no_image
61583,Pterolophia Lama,,,,,,,,no_image
61601,Pterolophia persimilis,,,,,,,,no_image
61557,Pterolophia chinensis,,,,,,,,no_image
61621,Pterolophia suisapana,,,,,,,,no_image
61580,Pterolophia kanoi,,,,,,,,no_image
61644,Pterostoma gigantina,山羽舟蛾,,,,,,,no_image
61638,Pteronemobius pilicornis,毛角异针蟋,,,,,,,no_image
80647,Pterorhinus pectoralis,黑领噪鹛,,,,,,,no_image
148130,Pterula nivea,,,,,,,,no_image
61655,Pterygida ornaticapitata,妆翅球螋,,,,,,,no_image
61670,Ptilodon hoegei,侯羽齿舟蛾,,,,,,,no_image
119737,Pterygota alata,翅苹婆,,,,,,,no_image
119745,Ptilagrostis glabrifolia,光叶细柄茅,,,,,,,no_image
13166,Ptocasius bilaguncula,双屏兜跳蛛,,,,,,,no_image
4871,Ptychodera flava,黄殖翼柱头虫,,,,,,,no_image
119767,Ptychomitrium yulongshanum,玉龙缩叶藓,,,,,,,no_image
61689,Ptochomyza asparagi,天门冬简潜蝇,,,,,,,no_image
61711,Ptygonotus gurneyi,戈氏凹背蝗,,,,,,,no_image
119812,Puccinellia subspicata,穗序碱茅,,,,,,,no_image
119772,Puccinellia degeensis,德格碱茅,,,,,,,no_image
119792,Puccinellia leiolepis,光稃碱茅,,,,,,,no_image
153504,Puccinia aecidii-leucanthemi,菊苔柄锈菌,,,,,,,no_image
153524,Puccinia angelicae-edulis,,,,,,,,no_image
153564,Puccinia atragenes,赛铁线莲柄锈菌,,,,,,,no_image
153584,Puccinia brachybotrydis,山茄子柄锈菌,,,,,,,no_image
153544,Puccinia artemisiella,,,,,,,,no_image
153604,Puccinia cannae,,,,,,,,no_image
153644,Puccinia chrysanthemi,堀氏柄锈菌,,,,,,,no_image
153624,Puccinia caricis-nubigenae,云雾苔草柄锈菌,,,,,,,no_image
153664,Puccinia colquhouniae,火把花柄锈菌,,,,,,,no_image
153704,Puccinia drabae,葶苈柄锈,,,,,,,no_image
153684,Puccinia curcumae,姜黄柄锈菌,,,,,,,no_image
153724,Puccinia eremuri,独尾草柄锈菌,,,,,,,no_image
153744,Puccinia festucae,狐茅柄锈菌,,,,,,,no_image
153784,Puccinia harryana,哈里柄锈菌,,,,,,,no_image
153764,Puccinia gigantea,巨堆柄锈菌,,,,,,,no_image
153804,Puccinia hordei,大麦柄锈菌,,,,,,,no_image
153824,Puccinia ishikawai,,,,,,,,no_image
153864,Puccinia lemanensis,,,,,,,,no_image
153844,Puccinia kweichowana,贵州柄锈菌,,,,,,,no_image
153904,Puccinia marisci-sieberiani,,,,,,,,no_image
153884,Puccinia litseae,木姜子柄锈菌,,,,,,,no_image
153924,Puccinia moiwensis,藻岩山柄锈菌,,,,,,,no_image
153944,Puccinia nigroconoidea,黑锥柄锈菌,,,,,,,no_image
153984,Puccinia patriniae,败酱柄锈菌,,,,,,,no_image
153964,Puccinia operta,隐生柄锈菌,,,,,,,no_image
154004,Puccinia pimpinellae-brachycarpae,短果茴芹柄锈菌,,,,,,,no_image
154024,Puccinia polygoni-sachalinensis,,,,,,,,no_image
154044,Puccinia pseudostriiformis,,,,,,,,no_image
154064,Puccinia romagnoliana,,,,,,,,no_image
154084,Puccinia scabrida,糙壁柄锈菌,,,,,,,no_image
154124,Puccinia solmsii,,,,,,,,no_image
154104,Puccinia setariae-viridis,狗尾草柄锈菌,,,,,,,no_image
154144,Puccinia substriata,寡纹柄锈,,,,,,,no_image
154164,Puccinia themedae,,,,,,,,no_image
154184,Puccinia trifolii,,,,,,,,no_image
154204,Puccinia veronicae,婆婆纳柄锈菌,,,,,,,no_image
154224,Puccinia yaramesuga,隐果苔草柄锈菌,,,,,,,no_image
119818,Puchiumazus lanceifolius,补求草,,,,,,,no_image
154488,Pucciniastrum gentianae,龙胆膨痂锈菌,,,,,,,no_image
119832,Pugionium cornutum,沙芥,,,,,,,no_image
61726,Puliciphora kertezsi,克氏虼蚤蝇,,,,,,,no_image
119867,Pulsatilla tenuiloba,细裂白头翁,,,,,,,no_image
61738,Pulvinaria populeti,杨绵蜡蚧,,,,,,,no_image
80718,Puntius paucimaculatus,疏斑小鲃,,,,,,,no_image
3752,Punctacteon virgatus,肥胖斑捻螺,,,,,,,no_image
17658,Pupopsis gansuicus,光泽蛹螺,,,,,,,no_image
61760,Purpuricenus subnotatus,,,,,,,,no_image
12057,Putaoa megacantha,大刺葡萄蛛,,,,,,,no_image
17213,Pycnoporus parallelrchis,平睾坚盘吸虫,,,,,,,no_image
80732,Pycnonotus finlaysoni,纹喉鹎,,,,,,,no_image
119899,Pygeum henryi,云南臀果木,,,,,,,no_image
61797,Pygostolus falcatus,弯毡腹茧蜂,,,,,,,no_image
61778,Pygophora lepidofera,鳞尾秽蝇,,,,,,,no_image
119917,Pylaisia speciosa,拟金灰藓,,,,,,,no_image
119949,Pyrenaria rostrata,尖喙石笔木,,,,,,,no_image
134696,Pyrenula nitidula,,,,,,,,no_image
134676,Pyrenula complanata,,,,,,,,no_image
143331,Pyramidospora fluminea,,,,,,,,no_image
61815,Pyrestes festus,,,,,,,,no_image
119959,Pyrola atropurpurea,紫背鹿蹄草,,,,,,,no_image
119955,Pyrgophyllum yunnanense,苞叶姜,,,,,,,no_image
119979,Pyrola sororia,珍珠鹿蹄草,,,,,,,no_image
150533,Pyropolyporus rimosus,裂蹄菌,,,,,,,no_image
119986,Pyrrhobryum spiniforme,刺叶桧藓,,,,,,,no_image
120009,Pyrrosia nummulariifolia,钱币石韦,,,,,,,no_image
119989,Pyrrosia annamensis,越南石韦,,,,,,,no_image
120022,Pyrus betulifolia,杜梨,,,,,,,no_image
135224,Pyxine cocois,,,,,,,,no_image
61865,Qinlingacris choui,周氏秦岭蝗,,,,,,,no_image
61878,Qisciara bellula,丽奇眼蕈蚊,,,,,,,no_image
80786,Quasipaa boulengeri,棘腹蛙,,,,,,,no_image
61892,Quedius acco,,,,,,,,no_image
61912,Quedius biann,,,,,,,,no_image
61952,Quedius elpenor,,,,,,,,no_image
61932,Quedius chongqingensis,,,,,,,,no_image
61972,Quedius freyanus,,,,,,,,no_image
61992,Quedius holzschuhi,,,,,,,,no_image
62012,Quedius kiangsiensis,,,,,,,,no_image
62032,Quedius leeng,,,,,,,,no_image
62052,Quedius menippus,,,,,,,,no_image
62072,Quedius noboruitoi,,,,,,,,no_image
62092,Quedius pretiosus,,,,,,,,no_image
62152,Quedius viridicans,,,,,,,,no_image
62132,Quedius taiwanensis,,,,,,,,no_image
62172,Quedius zheduo,,,,,,,,no_image
62112,Quedius sagittalis,,,,,,,,no_image
120069,Quercus bawanglingensis,霸王栎,,,,,,,no_image
120089,Quercus edithiae,华南青冈,,,,,,,no_image
120109,Quercus kerrii,毛叶青冈,,,,,,,no_image
120129,Quercus neglecta,竹叶青冈,,,,,,,no_image
948,Quollastria gonypetes,屈足东方虾蛄,,,,,,,no_image
120149,Quercus senescens,灰背栎,,,,,,,no_image
120171,Quercus yanqianii,燕千青冈,,,,,,,no_image
62206,Rabigus inconstans,,,,,,,,no_image
62229,Rachispoda filiforceps,蹑刺足小粪蝇,,,,,,,no_image
120183,Racomitrium nitidulum,阔叶砂藓,,,,,,,no_image
62244,Radhica elisabethae,绿角枯叶蛾,,,,,,,no_image
120213,Radula complanata,扁萼苔,,,,,,,no_image
136537,Ramalina calicaris,杯树花,,,,,,,no_image
120233,Radula perrottetii,直瓣扁萼苔,,,,,,,no_image
144260,Raffaelea subfusca,,,,,,,,no_image
136557,Ramalina nervulosa,细脉树花,,,,,,,no_image
149956,Ramaria capitata,皱褶罗鳞伞,,,,,,,no_image
136577,Ramalina terebrata,孔树花,,,,,,,no_image
149996,Ramaria invalii,长茎黄枝瑚菌,,,,,,,no_image
149976,Ramaria flavescens,黄枝瑚菌,,,,,,,no_image
145724,Ramariopsis laeticolor,,,,,,,,no_image
150036,Ramaria secunda,白丛枝菌,,,,,,,no_image
150016,Ramaria neoformosa,拟美丽枝瑚菌,,,,,,,no_image
133209,Ramularia atropae,,,,,,,,no_image
133229,Ramularia decipiens,,,,,,,,no_image
155838,Ramicandelaber brevisporus,,,,,,,,no_image
133249,Ramularia lobeliae,,,,,,,,no_image
133269,Ramularia primulae,,,,,,,,no_image
62267,Ramulus acutus,尖突短角棒䗛,,,,,,,no_image
62287,Ramulus ecarinatus,缺隆线短角棒䗛,,,,,,,no_image
62307,Ramulus jianfenglingense,尖峰短角棒䗛,,,,,,,no_image
62347,Ramulus wenxianense,文县短角棒䗛,,,,,,,no_image
62327,Ramulus perfidus,基氏短角棒䗛,,,,,,,no_image
80818,Rana hanluica,寒露林蛙,,,,,,,no_image
120262,Ranunculus borealis,北毛茛,,,,,,,no_image
120249,Ranalisma rostratum,毛茛泽泻,,,,,,,no_image
120288,Ranunculus divaricatus,歧裂水毛茛,,,,,,,no_image
120316,Ranunculus hejingensis,和静毛茛,,,,,,,no_image
120349,Ranunculus longziensis,隆子毛茛,,,,,,,no_image
120372,Ranunculus napahaiensis,纳帕海毛茛,,,,,,,no_image
120400,Ranunculus potaninii,川滇毛茛,,,,,,,no_image
120422,Ranunculus songoricus,新疆毛茛,,,,,,,no_image
120449,Ranunculus xinningensis,新宁毛茛,,,,,,,no_image
6127,Raoulserenea ornate,双斑希伦虾蛄,,,,,,,no_image
120457,Raphanus raphanistrum,野萝卜,,,,,,,no_image
62387,Rauserodes epiproctalis,肛突饶(虫责),,,,,,,no_image
80853,Rasbora steineri,南方波鱼,,,,,,,no_image
11983,Raveniola yajiangensis,雅江雷文蛛,,,,,,,no_image
154563,Ravenelia laevis,,,,,,,,no_image
62398,Rectimarginalis profunda,深裂直缘螽,,,,,,,no_image
62410,Redoa sordida,污点足毒蛾,,,,,,,no_image
120500,Reevesia shangszeensis,上思梭罗树,,,,,,,no_image
120514,Rehderodendron microcarpum,小果木瓜红,,,,,,,no_image
120534,Remusatia hookeriana,早花岩芋,,,,,,,no_image
136343,Relicina abstrusa,玄球针黄叶,,,,,,,no_image
148612,Resupinatus unguicularis,,,,,,,,no_image
120543,Reseda lutea,黄木犀草,,,,,,,no_image
62440,Reticulitermes angustatus,狭胸散白蚁,,,,,,,no_image
62460,Reticulitermes cymbidii,幽兰散白蚁,,,,,,,no_image
62480,Reticulitermes huapingensis,花坪散白蚁,,,,,,,no_image
62501,Reticulitermes maopingensis,毛坪散白蚁,,,,,,,no_image
62541,Reticulitermes yinae,尹氏散白蚁,,,,,,,no_image
62521,Reticulitermes rectis,直缘散白蚁,,,,,,,no_image
120546,Reynoutria forbesii,蔓虎杖,,,,,,,no_image
62557,Retipenna guangdongana,广东罗草蛉,,,,,,,no_image
120551,Rhabdoweisia crenulata,阔叶粗石藓,,,,,,,no_image
62577,Rhabdomiris striatellus,纹盾杆盲蝽,,,,,,,no_image
62588,Rhadinopsylla dahurica,五侧纤蚤,,,,,,,no_image
80922,Rhacophorus kio,黑蹼树蛙,,,,,,,no_image
62616,Rhadinosa lebongensis,疏毛准铁甲,,,,,,,no_image
62641,Rhagio formosus,台湾鹬虻,,,,,,,no_image
120578,Rhamnus bodinieri,陷脉鼠李,,,,,,,no_image
120563,Rhamnella brachycarpa,短果猫乳,,,,,,,no_image
62661,Rhagio sheni,申氏鹬虻,,,,,,,no_image
120606,Rhamnus hainanensis,海南鼠李,,,,,,,no_image
62705,Rhamphomyia spinulosa,小刺猎舞虻,,,,,,,no_image
120630,Rhamnus nigricans,黑背鼠李,,,,,,,no_image
120673,Rhaphidophora laichauensis,莱州崖角藤,,,,,,,no_image
120663,Rhamnus xizangensis,西藏鼠李,,,,,,,no_image
62779,Rhaphuma horsfieldi,,,,,,,,no_image
62739,Rhaphium riparium,腹鬃锥长足虻,,,,,,,no_image
62759,Rhaphuma caraganicola,,,,,,,,no_image
62719,Rhaphipodus fatalis,,,,,,,,no_image
62799,Rhaphuma obscurata,,,,,,,,no_image
120708,Rhaponticum uniflorum,漏芦,,,,,,,no_image
62821,Rhaphuma tenerrima,,,,,,,,no_image
62836,Rheocricotopus calviculus,光裸趋流摇蚊,,,,,,,no_image
62856,Rheopelopia maculipennis,马流粗腹摇蚊,,,,,,,no_image
120712,Rheum altaicum,阿尔泰大黄,,,,,,,no_image
120732,Rheum przewalskyi,歧穗大黄,,,,,,,no_image
62876,Rheumaptera albidia,洁斑汝尺蛾,,,,,,,no_image
62907,Rheumaptera multilinearia,复线汝尺蛾,,,,,,,no_image
62937,Rhingia sexmaculata,六斑鼻颜蚜蝇,,,,,,,no_image
120753,Rhinanthus glaber,鼻花,,,,,,,no_image
62943,Rhinocypha huai,华氏鼻蟌,,,,,,,no_image
80950,Rhinogobius changtinensis,长汀吻鰕虎,,,,,,,no_image
80970,Rhinogobius lindbergi,林氏吻鰕虎,,,,,,,no_image
81004,Rhinolophus formosae,台湾菊头蝠,,,,,,,no_image
80990,Rhinogobius rubspilus,红点吻虾虎鱼,,,,,,,no_image
81022,Rhinomuraena quaesita,大口管鼻鳝,,,,,,,no_image
62962,Rhipidia garruloides,拟响栉形大蚊,,,,,,,no_image
81030,Rhinoptera hainanica,海南牛鼻鲼,,,,,,,no_image
17102,Rhipidocotyle coiliae,鲚扇盘吸虫,,,,,,,no_image
13440,Rhitymna tangi,唐氏莱提蛛,,,,,,,no_image
62989,Rhipidolestes nectans,水鬼扇山蟌,,,,,,,no_image
137555,Rhizocarpon grande,巨地图衣,,,,,,,no_image
137575,Rhizocarpon umbilicatum,,,,,,,,no_image
155303,Rhizophydium haynaldii,,,,,,,,no_image
149679,Rhizoctonia oryzae-sativae,,,,,,,,no_image
155936,Rhizomucor tauricus,,,,,,,,no_image
135784,Rhizoplaca huashanensis,华脐鳞,,,,,,,no_image
156045,Rhizopus stolonifer,葡枝根霉,,,,,,,no_image
63025,Rhodesiella fujianensis,福建锥秆蝇,,,,,,,no_image
149515,Rhizopogon salebrosus,,,,,,,,no_image
81046,Rhodeus atremius,暗色鳑鲏,,,,,,,no_image
120781,Rhodiola bupleuroides,柴胡红景天,,,,,,,no_image
120807,Rhodiola kashgarica,喀什红景天,,,,,,,no_image
120837,Rhodiola sexifolia,六叶红景天,,,,,,,no_image
63047,Rhodococcus sariuoni,樱桃朝球蜡蚧,,,,,,,no_image
120871,Rhododendron adenopodum,弯尖杜鹃,,,,,,,no_image
120903,Rhododendron arizelum,夺目杜鹃,,,,,,,no_image
120927,Rhododendron beesianum,宽钟杜鹃,,,,,,,no_image
121008,Rhododendron dalhousieae,长药杜鹃,,,,,,,no_image
120954,Rhododendron camelliiflorum,茶花杜鹃,,,,,,,no_image
120981,Rhododendron ciliatum,睫毛杜鹃,,,,,,,no_image
121036,Rhododendron detersile,干净杜鹃,,,,,,,no_image
121086,Rhododendron fortunei,云锦杜鹃,,,,,,,no_image
121063,Rhododendron exasperatum,粗糙叶杜鹃,,,,,,,no_image
121108,Rhododendron guangnanense,广南杜鹃,,,,,,,no_image
121136,Rhododendron hoi,川北杜鹃,,,,,,,no_image
121158,Rhododendron irroratum,露珠杜鹃,,,,,,,no_image
121180,Rhododendron lanatum,黄钟杜鹃,,,,,,,no_image
121223,Rhododendron maculatum,小白杜鹃,,,,,,,no_image
121201,Rhododendron lilacinum,丁香紫杜鹃,,,,,,,no_image
121251,Rhododendron micranthum,照山白,,,,,,,no_image
121304,Rhododendron oreogenum,藏东杜鹃,,,,,,,no_image
121272,Rhododendron naamkwanense,南昆杜鹃,,,,,,,no_image
121328,Rhododendron platyphyllum,阔叶杜鹃,,,,,,,no_image
121438,Rhododendron shimenense,石门杜鹃,,,,,,,no_image
121377,Rhododendron ramsdenianum,长轴杜鹃,,,,,,,no_image
121353,Rhododendron pruniflorum,桃花杜鹃,,,,,,,no_image
121409,Rhododendron rushforthii,滇越杜鹃,,,,,,,no_image
121468,Rhododendron stamineum,长蕊杜鹃,,,,,,,no_image
121493,Rhododendron temenium,滇藏杜鹃,,,,,,,no_image
121522,Rhododendron tsariense,白钟杜鹃,,,,,,,no_image
121551,Rhododendron viscidifolium,铜色杜鹃,,,,,,,no_image
63061,Rhodoneura curvita,五弧网蛾,,,,,,,no_image
121574,Rhododendron xiaoxidongense,小溪洞杜鹃,,,,,,,no_image
121595,Rhododendron zhongdianense,中甸杜鹃,,,,,,,no_image
63082,Rhodoneura reticulalis,银网蛾,,,,,,,no_image
146290,Rhodophyllus apiculatus,,,,,,,,no_image
146310,Rhodophyllus murrayi,黄色赤褶菇,,,,,,,no_image
146330,Rhodophyllus staurosporus,栗红粉褶菌,,,,,,,no_image
81060,Rhodostethia rosea,楔尾鸥,,,,,,,no_image
63125,Rhopalicus tutela,长痣罗葩金小蜂,,,,,,,no_image
11684,Rhomphaea labiata,唇形菱球蛛,,,,,,,no_image
63136,Rhopalopsole dentata,锐刺诺(虫责),,,,,,,no_image
63156,Rhopalopsole memorabilis,追忆卷(虫责),,,,,,,no_image
63176,Rhopalopsole yangdingi,杨氏诺(虫责),,,,,,,no_image
63198,Rhyacia mirabilis,异沁夜蛾,,,,,,,no_image
81063,Rhopophilus pekinensis,山鹛,,,,,,,no_image
9703,Rhyncaphytoptus cryptomerus,,,,,,,,no_image
9777,Rhyncaphytoptus potentillae,,,,,,,,no_image
63211,Rhynchocheilus monstrosipes,,,,,,,,no_image
121643,Rhynchosia viscosa,黏鹿藿,,,,,,,no_image
134935,Rhynchophoromyces denticulatus,,,,,,,,no_image
121662,Rhynchostegium acicula,短尖长喙藓,,,,,,,no_image
63233,Rhyothemis phyllis,臀斑丽翅蜻,,,,,,,no_image
121681,Rhynchotechum brevipedunculatum,短梗线柱苣苔,,,,,,,no_image
12540,Rhysodromus leucomarginatus,白缘皱逍遥蛛,,,,,,,no_image
7217,Rhytisma fulvum,金色斑点软珊瑚,,,,,,,no_image
63260,Ribautodelphax tuvinus,叉刺黎氏飞虱,,,,,,,no_image
121731,Ribes gyirongense,吉隆茶藨子,,,,,,,no_image
121773,Ribes multiflorum,多花茶藨子,,,,,,,no_image
121800,Ribes tianquanense,天全茶藨子,,,,,,,no_image
121824,Riccardia plumosa,具羽片叶苔,,,,,,,no_image
135082,Rickia episcaphae,,,,,,,,no_image
121846,Riccia satoi,佐藤钱苔,,,,,,,no_image
151022,Rigidoporus sanguinolentus,血红硬孔菌,,,,,,,no_image
2649,Ringicula pilula,小球露齿螺,,,,,,,no_image
135417,Rinodina zwackhiana,堇紫饼干衣,,,,,,,no_image
135397,Rinodina oxydata,黑色饼干衣,,,,,,,no_image
121862,Risleya atropurpurea,紫茎兰,,,,,,,no_image
63295,Robackia parallela,平行罗摇蚊,,,,,,,no_image
63279,Rivellia alini,连带广口蝇,,,,,,,no_image
12250,Robusticoelotes sanmenensis,三门壮隙蛛,,,,,,,no_image
63305,Roederiodes chvalai,库氏细吻溪舞虻,,,,,,,no_image
63309,Rogas nigristigma,黑痣内茧蜂,,,,,,,no_image
121907,Rohdea jinshanensis,金山开口箭,,,,,,,no_image
3081,Romaleon nadaense,奈田体壮蟹,,,,,,,no_image
63351,Ropica variabilis,,,,,,,,no_image
63334,Ropalophorus polygraphus,四眼小蠹绕茧蜂,,,,,,,no_image
63371,Ropronia pectipes,斑足窄腹细蜂,,,,,,,no_image
121932,Rorippa elata,高蔊菜,,,,,,,no_image
121963,Rosa centifolia,百叶蔷薇,,,,,,,no_image
122001,Rosa glomerata,绣球蔷薇,,,,,,,no_image
122067,Rosa pricei,太鲁阁蔷薇,,,,,,,no_image
122031,Rosa luciae,光叶蔷薇,,,,,,,no_image
122103,Rosa taronensis,独龙江蔷薇,,,,,,,no_image
63387,Rosalia formosa,,,,,,,,no_image
122119,Roscoea alpina,高山象牙参,,,,,,,no_image
144743,Rosellinia caudata,,,,,,,,no_image
81099,Rostrogobio amurensis,突吻&#x0000E068;,,,,,,,no_image
122160,Rotala wallichii,瓦氏节节菜,,,,,,,no_image
6896,Roxasia pentagona,五角散枝软珊瑚,,,,,,,no_image
122170,Roureopsis emarginata,朱果藤,,,,,,,no_image
122178,Rubia austrozhejiangensis,浙南茜草,,,,,,,no_image
122202,Rubia pallida,浅色茜草,,,,,,,no_image
81105,Rubicundus rubicundus,红尾盲鳗,,,,,,,no_image
122242,Rubus arcticus,北悬钩子,,,,,,,no_image
122275,Rubus cinclidodictyus,网纹悬钩子,,,,,,,no_image
122317,Rubus evadens,荚蒾叶悬钩子,,,,,,,no_image
122347,Rubus grayanus,中南悬钩子,,,,,,,no_image
122454,Rubus neofuscifolius,锈叶悬钩子,,,,,,,no_image
122385,Rubus inopertus,红花悬钩子,,,,,,,no_image
122422,Rubus lineatus,绢毛悬钩子,,,,,,,no_image
122483,Rubus peltatus,盾叶莓,,,,,,,no_image
122565,Rubus stipulosus,巨托悬钩子,,,,,,,no_image
122527,Rubus raopingensis,饶平悬钩子,,,,,,,no_image
122597,Rubus tsangiorum,东南悬钩子,,,,,,,no_image
81113,Rucervus eldii,坡鹿,,,,,,,no_image
122625,Ruellia tuberosa,芦莉草,,,,,,,no_image
63464,Rugilus simlaensis,,,,,,,,no_image
63444,Rugilus emeiensis,,,,,,,,no_image
122638,Rumex japonicus,羊蹄,,,,,,,no_image
14574,Runcinia caudata,具尾锯足蛛,,,,,,,no_image
122674,Rungia taiwanensis,台湾明萼草,,,,,,,no_image
152325,Russula aeruginea,铜绿红菇,,,,,,,no_image
152345,Russula betularum,桦红菇,,,,,,,no_image
152365,Russula corallina,珊状红菇,,,,,,,no_image
152385,Russula farinipes,粉柄红菇,,,,,,,no_image
152405,Russula ilicis,,,,,,,,no_image
152425,Russula maculata,斑点红菇,,,,,,,no_image
152445,Russula orinocensis,奥地红菇,,,,,,,no_image
152465,Russula pulchralis,绚丽红菇,,,,,,,no_image
152485,Russula sardonia,辣红菇,,,,,,,no_image
152505,Russula vinacea,葡萄酒色红菇,,,,,,,no_image
138891,Rutstroemia macrospora,,,,,,,,no_image
63481,Rypellia malaise,中缅璃蝇,,,,,,,no_image
6648,Sabatieria pulchra,美丽萨巴线虫,,,,,,,no_image
122708,Sabia wardii,皱叶清风藤,,,,,,,no_image
4589,Saccella gordonis,密纹小囊蛤,,,,,,,no_image
122729,Saccharum sinense,竹蔗,,,,,,,no_image
139663,Saccobolus truncatus,平截集孢粪盘菌,,,,,,,no_image
63492,Sagittalata asiatica,亚矢螳蛉,,,,,,,no_image
122742,Sadiria aberrans,狗骨头,,,,,,,no_image
122757,Sageretia laxiflora,疏花雀梅藤,,,,,,,no_image
63503,Saissetia oleae,榄珠蜡蚧,,,,,,,no_image
122800,Salacia menglaensis,勐腊五层龙,,,,,,,no_image
122808,Salicornia europaea,盐角草,,,,,,,no_image
63526,Saliocleta longipennis,长茎箩舟蛾,,,,,,,no_image
122816,Salix annulifera,环纹矮柳,,,,,,,no_image
122872,Salix chingiana,秦柳,,,,,,,no_image
122925,Salix glauca,灰蓝柳,,,,,,,no_image
122897,Salix doii,台湾柳,,,,,,,no_image
122843,Salix blakii,黄线柳,,,,,,,no_image
122949,Salix inamoena,丑柳,,,,,,,no_image
122974,Salix laishuiensis,涞水柳,,,,,,,no_image
123023,Salix nujiangensis,怒江柳,,,,,,,no_image
122999,Salix maximowiczii,大白柳,,,,,,,no_image
123052,Salix permollis,山毛柳,,,,,,,no_image
123106,Salix schugnanica,阿克苏柳,,,,,,,no_image
123077,Salix pyrolifolia,鹿蹄柳,,,,,,,no_image
123133,Salix sphaeronymphe,巴朗柳,,,,,,,no_image
123165,Salix trichocarpa,毛果柳,,,,,,,no_image
123188,Salix zangica,藏柳,,,,,,,no_image
63541,Saltella orientalis,东方盐生鼓翅蝇,,,,,,,no_image
81133,Salpingotus crassicauda,肥尾心颅跳鼠,,,,,,,no_image
123225,Salvia brachyloma,短冠鼠尾草,,,,,,,no_image
123288,Salvia mairei,东川鼠尾草,,,,,,,no_image
123262,Salvia filicifolia,蕨叶鼠尾草,,,,,,,no_image
123349,Salvia umbratica,荫生鼠尾草,,,,,,,no_image
123317,Salvia prionitis,红根草,,,,,,,no_image
81139,Samariscus huysmani,胡氏沙鲽,,,,,,,no_image
123402,Sanicula petagnioides,台湾变豆菜,,,,,,,no_image
10747,Sanderia malayensis,马来沙氏水母,,,,,,,no_image
63562,Saperda interrupta,,,,,,,,no_image
63579,Sapporia repetita,萨夜蛾,,,,,,,no_image
63601,Saprinus pharao,法老腐阎甲,,,,,,,no_image
63633,Sarasaeschna kaoi,曹氏沼蜓,,,,,,,no_image
63622,Sapromyza septemnotata,七带双鬃缟蝇,,,,,,,no_image
81147,Sarcocheilichthys davidi,川西鳈,,,,,,,no_image
152654,Sarcodon atroviridis,黑绿肉齿菌,,,,,,,no_image
137034,Sarcographa tricosa,丝肉果衣,,,,,,,no_image
7207,Sarcophyton buitendijki,比特肉芝软珊瑚,,,,,,,no_image
123456,Sarcopyramis napalensis,楮头红,,,,,,,no_image
140891,Sarcosoma javanicum,爪哇肉盘菌,,,,,,,no_image
140846,Sarcoscypha mesocyatha,平盘肉杯菌,,,,,,,no_image
81163,Sardinella hualiensis,花莲小沙丁鱼,,,,,,,no_image
63708,Sarisophora serena,丝槐祝蛾,,,,,,,no_image
63688,Sargus sichuanensis,四川瘦腹水虻,,,,,,,no_image
81181,Sargocentron rubrum,点带棘鳞鱼,,,,,,,no_image
81187,Saroglossa spilopterus,斑翅椋鸟,,,,,,,no_image
123475,Sassafras randaiense,台湾檫木,,,,,,,no_image
63787,Satyrium watarii,武大洒灰蝶,,,,,,,no_image
81194,Satyrichthys laticeps,阔头红鲂鮄,,,,,,,no_image
63744,Satarupa nymphalis,蛱型飒弄蝶,,,,,,,no_image
81200,Saurenchelys fierasfer,线尾蜥鳗,,,,,,,no_image
81216,Saurogobio immaculatus,无斑蛇&#x0000E068;,,,,,,,no_image
123514,Sauropus similis,短尖守宫木,,,,,,,no_image
123536,Saussurea andersonii,卵苞风毛菊,,,,,,,no_image
123556,Saussurea brunneopilosa,异色风毛菊,,,,,,,no_image
123577,Saussurea cochleariifolia,匙叶风毛菊,,,,,,,no_image
123619,Saussurea glacialis,冰川雪兔子,,,,,,,no_image
123599,Saussurea dulongjiangensis,独龙江风毛菊,,,,,,,no_image
123663,Saussurea katochaete,重齿风毛菊,,,,,,,no_image
123683,Saussurea leontodontoides,狮牙草状风毛菊,,,,,,,no_image
123641,Saussurea hieracioides,长毛风毛菊,,,,,,,no_image
123703,Saussurea maximowiczii,羽叶风毛菊,,,,,,,no_image
123723,Saussurea neofranchetii,耳叶风毛菊,,,,,,,no_image
123743,Saussurea parviflora,小花风毛菊,,,,,,,no_image
123763,Saussurea pratensis,草原风毛菊,,,,,,,no_image
123785,Saussurea pulchella,美花风毛菊,,,,,,,no_image
123807,Saussurea saligna,尾尖风毛菊,,,,,,,no_image
123827,Saussurea sobarocephaloides,拟昂头风毛菊,,,,,,,no_image
123893,Saussurea zogangensis,左贡雪兔子,,,,,,,no_image
123847,Saussurea thoroldii,草甸雪兔子,,,,,,,no_image
123873,Saussurea vestitiformis,河谷风毛菊,,,,,,,no_image
123901,Saxifraga aristulata,小芒虎耳草,,,,,,,no_image
144394,Savoryella lignicola,,,,,,,,no_image
123925,Saxifraga cardiophylla,心叶虎耳草,,,,,,,no_image
124000,Saxifraga giraldiana,秦岭虎耳草,,,,,,,no_image
123971,Saxifraga egregia,优越虎耳草,,,,,,,no_image
124028,Saxifraga hookeri,近优越虎耳草,,,,,,,no_image
123947,Saxifraga damingshanensis,大明山虎耳草,,,,,,,no_image
124077,Saxifraga mucronulatoides,痂虎耳草,,,,,,,no_image
124051,Saxifraga llonakhensis,近加拉虎耳草,,,,,,,no_image
124128,Saxifraga saxicola,岩生虎耳草,,,,,,,no_image
124102,Saxifraga pellucida,透明虎耳草,,,,,,,no_image
124156,Saxifraga subomphalodifolia,川西南虎耳草,,,,,,,no_image
124202,Scabridens sinensis,疣齿藓,,,,,,,no_image
63820,Scalenus hemipterus,,,,,,,,no_image
124183,Saxifraga versicallosa,多痂虎耳草,,,,,,,no_image
124207,Scapania apiculata,多胞合叶苔,,,,,,,no_image
1045,Scaphechinus mirabilis,紫掘足海胆,,,,,,,no_image
124251,Scapania sinikkae,香格里拉合叶苔,,,,,,,no_image
124227,Scapania irrigua,湿生合叶苔,,,,,,,no_image
63839,Scaphidium delatouchei,,,,,,,,no_image
63881,Scaphidium varifasciatum,,,,,,,,no_image
63899,Scaphisoma brunneonotatum,,,,,,,,no_image
63859,Scaphidium liui,,,,,,,,no_image
63920,Scaphisoma japonicum,,,,,,,,no_image
63940,Scaphisoma portevini,,,,,,,,no_image
63978,Scaphobaeocera japonica,,,,,,,,no_image
63960,Scaphisoma taiwanum,,,,,,,,no_image
63995,Scaptodrosophila compressiceps,扁头花果蝇,,,,,,,no_image
81249,Scarus frenatus,网纹鹦嘴鱼,,,,,,,no_image
64035,Scaptomyza substrigata,亚纹姬果蝇,,,,,,,no_image
64015,Scaptodrosophila setaria,刚毛花果蝇,,,,,,,no_image
64042,Scatella stagnalis,静水温泉水蝇,,,,,,,no_image
64081,Scatopse notata,显著粪蚊,,,,,,,no_image
64061,Scatophila caviceps,凹颜白斑水蝇,,,,,,,no_image
124263,Sceptridium japonicum,华东阴地蕨,,,,,,,no_image
64104,Schema minutum,小型隐鬃水蝇,,,,,,,no_image
124301,Schisandra incarnata,兴山五味子,,,,,,,no_image
124282,Schima parviflora,小花木荷,,,,,,,no_image
124324,Schismatoglottis neoguineensis,巴布亚落檐,,,,,,,no_image
81276,Schistura bucculenta,鼓颊南鳅,,,,,,,no_image
124340,Schistochila macrodonta,粗齿狭瓣苔,,,,,,,no_image
124364,Schizopepon bomiensis,喙裂瓜,,,,,,,no_image
81298,Schistura meridionalis,南方南鳅,,,,,,,no_image
124354,Schizachyrium sanguineum,红裂稃草,,,,,,,no_image
9646,Schizotetranychus bambusae,,,,,,,,no_image
148142,Schizophyllum amplum,,,,,,,,no_image
141005,Schizosaccharomyces octosporus,,,,,,,,no_image
9664,Schizotetranychus zhangi,,,,,,,,no_image
81348,Schizothorax integrilabiata,全唇裂腹鱼,,,,,,,no_image
81368,Schizothorax plagiostomus,横口裂腹鱼,,,,,,,no_image
64125,Schmidtiana violaceothoracica,,,,,,,,no_image
124419,Schoenoplectiella juncoides,萤蔺,,,,,,,no_image
124440,Schoenoplectus schoofii,滇水葱,,,,,,,no_image
124472,Schwetschkeopsis formosana,台湾拟附干藓,,,,,,,no_image
64128,Schroederella pectinulata,梳双日蝇,,,,,,,no_image
81401,Scincella formosensis,台湾滑蜥,,,,,,,no_image
64148,Sciara xizangana,西藏眼蕈蚊,,,,,,,no_image
150547,Scindalma coffeatum,,,,,,,,no_image
150587,Scindalma weberianum,,,,,,,,no_image
150567,Scindalma pfeifferi,,,,,,,,no_image
64171,Sciophila lobula,开叉粘菌蚊,,,,,,,no_image
124499,Scirpus wichurae,球穗藨草,,,,,,,no_image
124505,Scleria harlandii,圆秆珍珠茅,,,,,,,no_image
155784,Sclerocystis taiwanensis,台湾硬囊霉,,,,,,,no_image
138994,Sclerotinia draytonii,,,,,,,,no_image
7863,Sclerobelemnon burgeri,伯氏硬枪海鳃,,,,,,,no_image
138221,Scleroderris majuscula,,,,,,,,no_image
64199,Sclerophaedon kabaki,卡巴克固猿叶甲,,,,,,,no_image
139014,Sclerotinia pseudotuberosa,,,,,,,,no_image
81418,Scolecenchelys macroptera,大鳍蠕蛇鳗,,,,,,,no_image
64209,Scoliocentra obscuriventris,暗毛日蝇,,,,,,,no_image
81423,Scolopsis ciliata,齿颌眶棘鲈,,,,,,,no_image
81455,Scorpaena izensis,伊豆鲉,,,,,,,no_image
81453,Scophthalmus maximus,大菱鲆,,,,,,,no_image
124545,Scoparia dulcis,野甘草,,,,,,,no_image
81437,Scomberoides tol,革似鲹,,,,,,,no_image
81475,Scorpaenopsis obtusa,钝吻拟鲉,,,,,,,no_image
124561,Scorzonera parviflora,光鸦葱,,,,,,,no_image
64249,Scotopteryx chenopodiata,柴掷尺蛾,,,,,,,no_image
124600,Scrophularia ningpoensis,玄参,,,,,,,no_image
124580,Scrophularia diplodonta,重齿玄参,,,,,,,no_image
1802,Scrupocellaria obtecta,盾粗胞苔虫,,,,,,,no_image
124654,Scutellaria discolor,异色黄芩,,,,,,,no_image
124627,Scutellaria adenotricha,腺毛黄芩,,,,,,,no_image
124711,Scutellaria pekinensis,京黄芩,,,,,,,no_image
124684,Scutellaria linarioides,长叶并头草,,,,,,,no_image
124747,Scutellaria sieversii,宽苞黄芩,,,,,,,no_image
124770,Scutellaria violacea,堇花黄芩,,,,,,,no_image
140715,Scutellinia pennsylvanica,宾州盾盘菌,,,,,,,no_image
140695,Scutellinia colensoi,假网孢盾盘菌,,,,,,,no_image
81485,Scuticaria tigrina,虎斑鞭尾鳝,,,,,,,no_image
155622,Scutellospora cerradensis,西瑞达盾巨抱囊霉,,,,,,,no_image
64275,Scydmaenus hainanensis,,,,,,,,no_image
81505,Scutiger pardalotus,豹斑齿突蟾,,,,,,,no_image
140857,Scypharia rutilans,,,,,,,,no_image
11932,Scytodes florifera,花腹花皮蛛,,,,,,,no_image
64294,Scythropiodes jiulianae,九连绢祝蛾,,,,,,,no_image
81515,Sebastapistes cyanostigma,黄斑鳞头鲉,,,,,,,no_image
81537,Secutor ruconius,鹿斑仰口鲾(鹿斑鲾),,,,,,,no_image
124824,Sedum daigremontianum,啮瓣景天,,,,,,,no_image
124849,Sedum formosanum,台湾佛甲草,,,,,,,no_image
124791,Sebdenia flabellata,叉分粘滑藻,,,,,,,no_image
124870,Sedum kiangnanense,江南景天,,,,,,,no_image
124892,Sedum multicaule,多茎景天,,,,,,,no_image
124914,Sedum planifolium,平叶景天,,,,,,,no_image
124935,Sedum shunhuangense,舜皇景天,,,,,,,no_image
124963,Sedum ulricae,甘南景天,,,,,,,no_image
64313,Seioptera demonstrans,多曲森斑蝇,,,,,,,no_image
64321,Seladerma politum,亮塞拉金小蜂,,,,,,,no_image
125015,Selaginella iridescens,彩虹卷柏,,,,,,,no_image
124994,Selaginella commutata,长芒卷柏,,,,,,,no_image
125058,Selaginella sibirica,西伯利亚卷柏,,,,,,,no_image
125078,Selaginella willdenowii,藤卷柏,,,,,,,no_image
125036,Selaginella orientalichinensis,东方卷柏,,,,,,,no_image
64323,Selenothrips rubrocinctus,红带滑胸针蓟马,,,,,,,no_image
125097,Selliguea dactylina,指叶假瘤蕨,,,,,,,no_image
125119,Selliguea likiangensis,丽江假瘤蕨,,,,,,,no_image
125139,Selliguea stewartii,尾尖假瘤蕨,,,,,,,no_image
64329,Semachrysa phanera,显脉饰草蛉,,,,,,,no_image
876,Semela scabra,粗纹双带蛤,,,,,,,no_image
64354,Semiotellus longispinus,长距糙刻金小蜂,,,,,,,no_image
64340,Semidalis anchoroides,锚突重粉蛉,,,,,,,no_image
125189,Senecio changii,肇骞千里光,,,,,,,no_image
125255,Senegalia kerrii,版纳藤儿茶,,,,,,,no_image
125211,Senecio kumaonensis,须弥千里光,,,,,,,no_image
125233,Senecio scandens,千里光,,,,,,,no_image
125276,Senna alata,翅荚决明,,,,,,,no_image
125274,Senna ×,多花决明,,,,,,,no_image
64401,Senotainia sibirica,西伯利亚赛蜂麻蝇,,,,,,,no_image
64381,Senometopia quarta,四斑裸基寄蝇,,,,,,,no_image
64413,Sepedon sphegea,伪铜色长角沼蝇,,,,,,,no_image
64433,Sepedophilus varicornis,,,,,,,,no_image
154612,Septobasidium carbonaceum,,,,,,,,no_image
154632,Septobasidium polygoni,,,,,,,,no_image
64458,Sepsis nitens,亮鼓翅蝇,,,,,,,no_image
143387,Septoria amomi,,,,,,,,no_image
143407,Septoria bupleuricola,,,,,,,,no_image
143427,Septoria cornicola,,,,,,,,no_image
143447,Septoria euonymi,,,,,,,,no_image
143467,Septoria jenissensis,,,,,,,,no_image
143527,Septoria syringae,,,,,,,,no_image
143507,Septoria polygonina,,,,,,,,no_image
143487,Septoria oenotherae,,,,,,,,no_image
143547,Septoria zeae,,,,,,,,no_image
64471,Sergentomyia fanglianensis,方亮司蛉,,,,,,,no_image
6494,Sergestes seminudus,淡彩霞虾,,,,,,,no_image
64491,Sergentomyia sintoni,辛东司蛉,,,,,,,no_image
64510,Sericomyia completa,全态丝蚜蝇,,,,,,,no_image
7697,Sertularella robusta,强壮小桧叶螅,,,,,,,no_image
64523,Serixia Kisana,,,,,,,,no_image
64543,Sesamia inferens,稻蛙茎夜蛾,,,,,,,no_image
125305,Serraticardia maxima,大齿心藻,,,,,,,no_image
125323,Seseli junatovii,硬枝西风芹,,,,,,,no_image
81558,Setarches longimanus,长臂囊头鲉,,,,,,,no_image
81560,Setipinna melanochir,黑鳍黄鲫,,,,,,,no_image
2638,Seulocia pulchra,美丽化玉蟹,,,,,,,no_image
125368,Shehbazia tibetica,高山芥,,,,,,,no_image
14214,Shaanxinus shoukaensis,寿卡陕蛛,,,,,,,no_image
125377,Shibataea kumasaca,倭竹,,,,,,,no_image
125384,Shivparvatia ciliolata,缘毛独缀草,,,,,,,no_image
125397,Shuteria vestita,西南宿苞豆,,,,,,,no_image
10320,Siamina cruminae,,,,,,,,no_image
64626,Siccia taprobanis,齿纹干苔蛾,,,,,,,no_image
13190,Sibianor pullus,暗色西菱头蛛,,,,,,,no_image
64642,Sidyma vittata,条锡苔蛾,,,,,,,no_image
125433,Sida mysorensis,黏毛黄花棯,,,,,,,no_image
759,Sicyonia inflexa,弯体单肢虾,,,,,,,no_image
15973,Sigipinius grahami,,,,,,,,no_image
81579,Siganus canaliculatus,长鳍篮子鱼,,,,,,,no_image
125455,Silene atrocastanea,栗色蝇子草,,,,,,,no_image
125477,Silene cyri,长果蝇子草,,,,,,,no_image
64662,Silba excisa,离双鬃尖尾蝇,,,,,,,no_image
125499,Silene himalayensis,喜马拉雅蝇子草,,,,,,,no_image
125551,Silene ningxiaensis,宁夏蝇子草,,,,,,,no_image
125527,Silene lhassana,拉萨蝇子草,,,,,,,no_image
125571,Silene repens,蔓茎蝇子草,,,,,,,no_image
125593,Silene viscidula,黏萼蝇子草,,,,,,,no_image
4788,Siliqua pulchella,薄莢蛏,,,,,,,no_image
81610,Silurus exophthalmus,凸眼鲇,,,,,,,no_image
64690,Silusa smetanai,,,,,,,,no_image
64712,Simulium alajense,巨特蚋,,,,,,,no_image
81618,Simenchelys parasitica,寄生鳗,,,,,,,no_image
64732,Simulium beiwanense,北湾真蚋,,,,,,,no_image
64752,Simulium cognatum,同源蚋,,,,,,,no_image
64772,Simulium eurybrachium,宽臂维蚋,,,,,,,no_image
64792,Simulium hailuogouense,海螺沟山蚋,,,,,,,no_image
64832,Simulium liaodongense,辽东纺蚋,,,,,,,no_image
64812,Simulium jianfenegense,尖峰绳蚋,,,,,,,no_image
64892,Simulium pingtungense,屏东蚋,,,,,,,no_image
64872,Simulium nigrum,尼格逊蚋,,,,,,,no_image
64912,Simulium qiongzhouense,琼州纺蚋,,,,,,,no_image
64852,Simulium meadow,草地绳蚋,,,,,,,no_image
64992,Simulium xiaodaoense,小岛特蚋,,,,,,,no_image
64952,Simulium taipokauense,香港蚋,,,,,,,no_image
64932,Simulium serenum,淡白蚋,,,,,,,no_image
64972,Simulium tumulosum,山状蚋,,,,,,,no_image
65027,Sinadelius guangxiensis,广西华缝茧蜂,,,,,,,no_image
65012,Simyra nervosa,刀夜蛾,,,,,,,no_image
125614,Sinapis alba,白芥,,,,,,,no_image
19104,Sinella gei,,,,,,,,no_image
65040,Sinesarima caduca,喀华萨瓢蜡蝉,,,,,,,no_image
19045,Sinella sacellum,,,,,,,,no_image
11419,Singaporemma bifurcatum,叉突加坡蛛,,,,,,,no_image
65062,Siniconops maculifrons,斑额唐眼蝇,,,,,,,no_image
81634,Siniperca roulei,长身鳜,,,,,,,no_image
125625,Sinobambusa incana,毛环唐竹,,,,,,,no_image
9663,Sinobryobia chinensis,,,,,,,,no_image
65102,Sinochlora nonspinosa,广西华绿螽,,,,,,,no_image
125641,Sinocarum dolichopodum,长柄小芹,,,,,,,no_image
13550,Sinoctenus zhui,朱氏华栉蛛,,,,,,,no_image
12178,Sinocoelotes subguangxian,近光先华隙蛛,,,,,,,no_image
65114,Sinoclytus emarginatus,,,,,,,,no_image
81659,Sinocyclocheilus gracilis,细身金线鲃,,,,,,,no_image
81679,Sinocyclocheilus macrolepis,大鳞金线鲃,,,,,,,no_image
81699,Sinocyclocheilus tianlinensis,田林金线鲃,,,,,,,no_image
18769,Sinodicranocentrus gaoligongensis,,,,,,,,no_image
65123,Sinodorcadion punctulatum,,,,,,,,no_image
81713,Sinogastromyzon macrostoma,大口华吸鳅,,,,,,,no_image
125691,Sinojackia xylocarpa,秤锤树,,,,,,,no_image
65135,Sinogomphus telamon,双纹华春蜓,,,,,,,no_image
81727,Sinomicrurus swinhoei,斯文豪氏华珊瑚蛇,,,,,,,no_image
65157,Sinonipponaphis formosana,台湾中日扁蚜,,,,,,,no_image
65172,Sinophasma daoyingi,道英华枝䗛,,,,,,,no_image
5737,Sinophiura multispina,多棘中华真蛇尾,,,,,,,no_image
13346,Sinopoda dashahe,大沙河华遁蛛,,,,,,,no_image
13383,Sinopoda triangula,三角华遁蛛,,,,,,,no_image
65207,Sinopodisma pieli,比氏蹦蝗,,,,,,,no_image
13348,Sinopoda liui,刘氏华遁蛛,,,,,,,no_image
125746,Sinosenecio minshanicus,岷山蒲儿根,,,,,,,no_image
125707,Sinosasa damingshanensis,大明山华赤竹,,,,,,,no_image
125766,Sinosenecio villifer,紫毛蒲儿根,,,,,,,no_image
125724,Sinosenecio denticulatus,齿裂蒲儿根,,,,,,,no_image
65229,Sinosticta sylvatica,深林华扁蟌,,,,,,,no_image
14704,Sinothomisus liae,李氏华蟹蛛,,,,,,,no_image
65249,Sinthusa chandrana,生灰蝶,,,,,,,no_image
7204,Sinularia inexplicita,混淆指软珊瑚,,,,,,,no_image
7131,Sinularia querciformis,栎叶指软珊瑚,,,,,,,no_image
3333,Sinuolinea platycephali,鲬弯缝虫,,,,,,,no_image
65273,Sipyloidea wuzhishanensis,五指山管䗛,,,,,,,no_image
17452,Siphonochelus japonicus,日本虹管骨螺,,,,,,,no_image
137343,Siphula ceratites,白角衣,,,,,,,no_image
3071,Siriella trispina,三刺节糠虾,,,,,,,no_image
152708,Sistotremastrum suecicum,,,,,,,,no_image
65279,Sisyra hainana,海南水蛉,,,,,,,no_image
81760,Sitta europaea,普通䴓,,,,,,,no_image
125839,Sloanea changii,樟叶猴欢喜,,,,,,,no_image
65293,Skeloceras novickyi,毛肘虞索金小蜂,,,,,,,no_image
125827,Sixalix atropurpurea,紫盆花,,,,,,,no_image
140741,Smardaea verrucispora,疣孢紫盘菌,,,,,,,no_image
65306,Smetanaetha chinensis,,,,,,,,no_image
125896,Smilax elegans,西藏菝葜,,,,,,,no_image
125918,Smilax ligneoriparia,木本牛尾菜,,,,,,,no_image
125874,Smilax astrosperma,灰叶菝葜,,,,,,,no_image
125963,Smilax synandra,简被菝葜,,,,,,,no_image
125940,Smilax ocreata,抱茎菝葜,,,,,,,no_image
19198,Sminthurinus orientalis,,,,,,,,no_image
65327,Smittia edwardsi,爱氏施密摇蚊,,,,,,,no_image
125978,Smythea oblongifolia,矩叶扁果藤,,,,,,,no_image
126020,Solanum peikuoense,白狗大山茄,,,,,,,no_image
125983,Sohmaea diffusa,单序拿身草,,,,,,,no_image
126000,Solanum elaeagnifolium,银叶茄,,,,,,,no_image
126040,Solanum wendlandii,天堂花,,,,,,,no_image
81793,Soleichthys heterorhinos,异吻长鼻鳎,,,,,,,no_image
126047,Solenanthus hupehensis,湖北长蕊琉璃草,,,,,,,no_image
4851,Solenocera zarenkovi,萨兰管鞭虾,,,,,,,no_image
126066,Solenostoma gongshanense,贡山管口苔,,,,,,,no_image
126086,Solenostoma pseudocyclops,拟圆柱萼管口苔,,,,,,,no_image
3886,Soletellina diphos,双线紫蛤,,,,,,,no_image
126109,Solenostoma zangmui,臧氏管口苔,,,,,,,no_image
65349,Solieria munda,洁索寄蝇,,,,,,,no_image
126133,Solms-laubachia himalayensis,须弥扇叶芥,,,,,,,no_image
65358,Solva flavipilosa,黄毛粗腿木虻,,,,,,,no_image
126153,Solms-laubachia villosa,柔毛藏芥,,,,,,,no_image
65379,Somatochlora alpestris,高地金光伪蜻,,,,,,,no_image
65400,Sophiothrips nigrus,黑瘤眼管蓟马,,,,,,,no_image
126162,Sonchus wightianus,苣荬菜,,,,,,,no_image
16739,Songthela huangyang,黄阳宋蛛,,,,,,,no_image
65420,Sophonia nigrifrons,黑面拟隐脉叶蝉,,,,,,,no_image
126190,Sophora dunnii,柳叶槐,,,,,,,no_image
126245,Sorbus caloneura,美脉花楸,,,,,,,no_image
126272,Sorbus frutescens,灌状花楸,,,,,,,no_image
65438,Sophronica tonkinensis,,,,,,,,no_image
126298,Sorbus lanpingensis,兰坪花楸,,,,,,,no_image
126320,Sorbus poteriifolia,侏儒花楸,,,,,,,no_image
126351,Sorbus subochracea,尾叶花楸,,,,,,,no_image
126373,Sorella repens,匍匐顶枝藻,,,,,,,no_image
126379,Sorghum halepense,石茅,,,,,,,no_image
154751,Sorosporium flagellatum,鸭嘴草团黑粉菌,,,,,,,no_image
65449,Sorolopha tenuirurus,细尾小卷蛾,,,,,,,no_image
13676,Sosticus loricatus,铠螋蛛,,,,,,,no_image
144465,Spadicoides xylogena,,,,,,,,no_image
65476,Spallanzania hebes,梳飞跃寄蝇,,,,,,,no_image
65499,Spaniocentra lyra,环斑绿尺蛾,,,,,,,no_image
126408,Spartium junceum,鹰爪豆,,,,,,,no_image
126404,Sparganium subglobosum,狭叶黑三棱,,,,,,,no_image
126412,Spathoglottis ixioides,少花苞舌兰,,,,,,,no_image
139129,Spathularia velutipes,,,,,,,,no_image
65542,Spectoreta hyalodisca,透窗山钩蛾,,,,,,,no_image
65549,Spelobia rufilabris,红唇刺尾小粪蝇,,,,,,,no_image
126432,Speranskia tuberculata,地构叶,,,,,,,no_image
15191,Spermophora domestica,家六眼幽灵蛛,,,,,,,no_image
153008,Sphacelotheca pekingensis,,,,,,,,no_image
152988,Sphacelotheca fagopyri,荞麦轴黑粉菌,,,,,,,no_image
137887,Sphaerangium pruni,李褐孢盘,,,,,,,no_image
15828,Sphaerobelum hirsutum,毛圆刺圆马陆,,,,,,,no_image
8474,Sphaeroma walkeri,瓦氏团水虱,,,,,,,no_image
126450,Sphaerocarpos siguniangensis,四姑娘囊果苔,,,,,,,no_image
65600,Sphaerophoria bengalensis,孟加拉细腹蚜蝇,,,,,,,no_image
65620,Sphaerophoria tsaii,蔡氏细腹蚜蝇,,,,,,,no_image
1055,Sphaerosyllis hystrix,猬球裂虫,,,,,,,no_image
138187,Sphaerotheca humuli,葎草单囊壳,,,,,,,no_image
126456,Sphaeropteris lepifera,笔筒树,,,,,,,no_image
133288,Sphaerulina rhodeae,,,,,,,,no_image
126477,Sphagnum falcatulum,长叶泥炭藓,,,,,,,no_image
126499,Sphagnum platyphylloides,拟宽叶泥炭藓,,,,,,,no_image
65665,Sphenella sinensis,中华花带实蝇,,,,,,,no_image
65627,Sphecodina caudata,葡萄昼天蛾,,,,,,,no_image
65646,Sphegina fasciata,黑条棒腹蚜蝇,,,,,,,no_image
15465,Sphingius gracilis,纤细斯芬蛛,,,,,,,no_image
81852,Sphenomorphus incognitus,股鳞蜓蜥,,,,,,,no_image
65723,Sphiximorpha brevilimbata,短腰角蚜蝇,,,,,,,no_image
65701,Sphingonotus nigrifemoratus,黑股束颈蝗,,,,,,,no_image
81867,Sphyraena pinguis,油魣,,,,,,,no_image
65763,Spilarctia seriatopunctata,连星污灯蛾,,,,,,,no_image
65783,Spilogona capaciatrata,大黑点池蝇,,,,,,,no_image
65738,Spilarctia casigneta,黑须污灯蛾,,,,,,,no_image
65824,Spilogona subdepressiuscula,亚沉点池蝇,,,,,,,no_image
65804,Spilogona longilabella,长唇点池蝇,,,,,,,no_image
65844,Spilomyia panfilovi,连斑斑胸蚜蝇,,,,,,,no_image
65870,Spinaria albiventris,白腹刺茧蜂,,,,,,,no_image
65858,Spilosmylus tubersulatus,瘤斑瑕溪蛉,,,,,,,no_image
65892,Spinimegopis huai,,,,,,,,no_image
14466,Spinirta jinyunshanensis,缙云山刺突蛛,,,,,,,no_image
126528,Spinulum lioui,慎谔单穗石松,,,,,,,no_image
126565,Spiradiclis luochengensis,桂北螺序草,,,,,,,no_image
126543,Spiradiclis elliptica,椭圆叶螺序草,,,,,,,no_image
126585,Spiradiclis umbelliformis,伞花螺序草,,,,,,,no_image
126661,Spiraea lanatissima,绵毛绣线菊,,,,,,,no_image
126618,Spiraea chinensis,中华绣线菊,,,,,,,no_image
126700,Spiraea pubescens,,,,,,,,no_image
126733,Spiraea velutina,绒毛绣线菊,,,,,,,no_image
81895,Spizixos canifrons,凤头雀嘴鹎,,,,,,,no_image
12438,Spiricoelotes xianheensis,先河旋隙蛛,,,,,,,no_image
81901,Spodiopsar sericeus,丝光椋鸟,,,,,,,no_image
3388,Spondylus butleri,巴氏海菊蛤,,,,,,,no_image
1622,Spongia zimoca,,,,,,,,no_image
137578,Sporastatia testudinea,龟甲多孢衣,,,,,,,no_image
143600,Sporidesmium macrotrichum,,,,,,,,no_image
143580,Sporidesmium australiense,,,,,,,,no_image
143620,Sporidesmium tengii,,,,,,,,no_image
155022,Sporisorium ischaemi-anthephoroides,,,,,,,,no_image
155002,Sporisorium benguetense,本格特孢堆黑粉菌,,,,,,,no_image
155042,Sporisorium ranunculi,,,,,,,,no_image
141282,Sporoschisma uniseptatum,,,,,,,,no_image
126780,Sporobolus tenuissimus,热带鼠尾粟,,,,,,,no_image
81909,Squalidus chankaensis,兴凯银&#x0000E068;,,,,,,,no_image
81903,Spratelloides gracilis,银带小体鲱,,,,,,,no_image
142229,Stachybotrys nielamuensis,,,,,,,,no_image
136618,Squamarina gypsacea,石膏鳞茶渍,,,,,,,no_image
65942,Srilankamyia guizhouensis,贵州长腹节长足虻,,,,,,,no_image
126837,Stachys sieboldii,甘露子,,,,,,,no_image
133824,Stagonospora theae,,,,,,,,no_image
126811,Stachyphrynium sinense,穗花柊叶,,,,,,,no_image
65961,Stamnodes squalidus,污四斑尺蛾,,,,,,,no_image
126858,Stapelia grandiflora,大花犀角,,,,,,,no_image
65976,Statherotis leucaspis,三角巨小卷蛾,,,,,,,no_image
126885,Staurochilus dawsonianus,掌唇兰,,,,,,,no_image
126902,Staurogyne sinica,中华叉柱花,,,,,,,no_image
134777,Staurothele clopima,矮疣衣,,,,,,,no_image
11495,Steatoda grossa,粗肥腹蛛,,,,,,,no_image
151908,Steccherinum reniforme,,,,,,,,no_image
11494,Steatoda wangi,王氏肥腹蛛,,,,,,,no_image
66008,Stegana acantha,刺叶冠果蝇,,,,,,,no_image
66048,Stegana hirsutina,密毛冠果蝇,,,,,,,no_image
66028,Stegana clavispinutaChen,棒刺冠果蝇,,,,,,,no_image
66068,Stegana masanoritodai,户田冠果蝇,,,,,,,no_image
66088,Stegana oligochaeta,寡毛冠果蝇,,,,,,,no_image
126907,Stegnogramma dictyoclinoides,屏边溪边蕨,,,,,,,no_image
66108,Stegana setifrons,毛额冠果蝇,,,,,,,no_image
66128,Stegana xipengi,夕鹏冠果蝇,,,,,,,no_image
66139,Steleocerellus ensifer,中黄剑芒秆蝇,,,,,,,no_image
126979,Stellaria radians,繸瓣繁缕,,,,,,,no_image
126922,Stellaria bungeana,长瓣繁缕,,,,,,,no_image
126956,Stellaria longifolia,长叶繁缕,,,,,,,no_image
126997,Stelmacrypton khasianum,须药藤,,,,,,,no_image
134127,Stemphylium majusculum,,,,,,,,no_image
14346,Stemonyphantes menyuanensis,门源冠蛛,,,,,,,no_image
10344,Stenacis lanzhouensis,,,,,,,,no_image
1365,Stenalpheops crangonus,半螯鞭尾虾,,,,,,,no_image
133312,Stenella citri-grisea,,,,,,,,no_image
66229,Stenischia liui,柳氏狭臀蚤,,,,,,,no_image
66207,Stenhomalus ruficollis,,,,,,,,no_image
66249,Stenocatantops splendens,长角直斑腿蝗,,,,,,,no_image
66266,Stenocorus gorodinskii,,,,,,,,no_image
66305,Stenodema laevigata,光滑狭盲蝽,,,,,,,no_image
66286,Stenocranus planus,平长突飞虱,,,,,,,no_image
81959,Stenogobius ophthalmoporus,眼带狭鰕虎,,,,,,,no_image
66325,Stenodes gracilens,西藏窄纹卷蛾,,,,,,,no_image
66353,Stenoloba oculata,灰兰纹夜蛾,,,,,,,no_image
66373,Stenomastax opaca,,,,,,,,no_image
66393,Stenonabis tibialis,胫狭姬蝽,,,,,,,no_image
66412,Stenoponia ivanovi,双凹狭蚤,,,,,,,no_image
127010,Stenotaphrum helferi,钝叶草,,,,,,,no_image
66443,Stenus ageus,,,,,,,,no_image
66487,Stenus bivulneratus,,,,,,,,no_image
66508,Stenus circumflexus,,,,,,,,no_image
66463,Stenus asprohumilis,,,,,,,,no_image
66528,Stenus clavicornis,,,,,,,,no_image
66570,Stenus electrigemmatus,,,,,,,,no_image
66550,Stenus dabashanus,,,,,,,,no_image
66590,Stenus flammeus,,,,,,,,no_image
66612,Stenus grebennikovi,,,,,,,,no_image
66632,Stenus huabeiensis,,,,,,,,no_image
66672,Stenus lanicutis,,,,,,,,no_image
66652,Stenus insulanus,,,,,,,,no_image
66694,Stenus luoleeorum,,,,,,,,no_image
66718,Stenus monticolens,,,,,,,,no_image
66738,Stenus nigritus,,,,,,,,no_image
66761,Stenus perfectus,,,,,,,,no_image
66802,Stenus pseudomicuba,,,,,,,,no_image
66781,Stenus persimplex,,,,,,,,no_image
66824,Stenus ruginosipennis,,,,,,,,no_image
66884,Stenus tianmushanus,,,,,,,,no_image
66844,Stenus sedatus,,,,,,,,no_image
66864,Stenus stigmosus,,,,,,,,no_image
66904,Stenus veselovae,,,,,,,,no_image
66924,Stenus xilingmontis,,,,,,,,no_image
127030,Stephania excentrica,江南地不容,,,,,,,no_image
66944,Stenus zhulilongi,,,,,,,,no_image
127053,Stephania sasakii,台湾千金藤,,,,,,,no_image
7941,Stephanoscyphistoma sp,冠杯钵螅 B,,,,,,,no_image
127073,Sterculia kingtungensis,大叶苹婆,,,,,,,no_image
136628,Stereocaulon arbuscula,树癞屑衣,,,,,,,no_image
127089,Stereochilus brevirachis,短轴坚唇兰,,,,,,,no_image
136648,Stereocaulon nigrum,黑珊瑚枝,,,,,,,no_image
127097,Stereospermum strigillosum,伏毛萼羽叶楸,,,,,,,no_image
152594,Stereum nitidum,红斗韧革菌,,,,,,,no_image
152614,Stereum taxodii,毛韧革菌,,,,,,,no_image
66952,Sternoplatys clementzi,蓝黑窄翅叶甲,,,,,,,no_image
81987,Stethojulis terina,断纹紫胸鱼,,,,,,,no_image
1250,Sthenolepis mitsuii,线镰毛鳞虫,,,,,,,no_image
127122,Stewartia rostrata,长喙紫茎,,,,,,,no_image
66989,Stichoglossa pekinensis,,,,,,,,no_image
137063,Stictis conigena,,,,,,,,no_image
67000,Stichophthalma louisa,白袖箭环蝶,,,,,,,no_image
137206,Sticta formosana,台湾牛皮叶,,,,,,,no_image
67028,Stictomischus alveolus,糙刻柄金小蜂,,,,,,,no_image
127137,Stictosiphonia intricata,缠结斑管藻,,,,,,,no_image
67058,Stigmatophora rubivena,红脉痣苔蛾,,,,,,,no_image
67062,Stilicoderus aquilinus,,,,,,,,no_image
67082,Stilicoderus kuani,,,,,,,,no_image
67101,Stilobezzia ani,安氏柱蠓,,,,,,,no_image
4073,Stimdromia longipedalis,长足斯绵蟹,,,,,,,no_image
67121,Stilobezzia jinggangshana,井冈山柱蠓,,,,,,,no_image
127169,Stipa mongolorum,蒙古针茅,,,,,,,no_image
14853,Stiphropus falciformus,镰形壮蟹蛛,,,,,,,no_image
82002,Stolephorus tri,印度尼西亚侧带小公鱼,,,,,,,no_image
67148,Stomina tachinoides,迅喙寄蝇,,,,,,,no_image
67175,Strangalomorpha platyfasciata,,,,,,,,no_image
67210,Streblocera cornis,角长柄茧蜂,,,,,,,no_image
67191,Stratiomys laetimaculata,杏斑水虻,,,,,,,no_image
13503,Storenomorpha falcata,镰状斯托蛛,,,,,,,no_image
67230,Streblocera latibrocha,阔齿长柄茧蜂,,,,,,,no_image
67250,Streblocera tachulaniana,大竹岚长柄茧蜂,,,,,,,no_image
67263,Strepterothrips orientalis,东方俊翅管蓟马,,,,,,,no_image
67264,Striatanus curvatanus,曲突皱背叶蝉,,,,,,,no_image
67283,Striglin stricta,直斜线网蛾,,,,,,,no_image
134207,Strigula schizospora,裂孢叶上衣,,,,,,,no_image
127220,Striga angustifolia,狭叶独脚金,,,,,,,no_image
127233,Strobilanthes aprica,山一笼鸡,,,,,,,no_image
127257,Strobilanthes cyclus,环毛马蓝,,,,,,,no_image
127280,Strobilanthes forrestii,腺毛马蓝,,,,,,,no_image
127303,Strobilanthes lanyuensis,兰屿马蓝,,,,,,,no_image
127323,Strobilanthes oligocephala,菱叶马蓝,,,,,,,no_image
127363,Strobilanthes tenuiflora,纤序马蓝,,,,,,,no_image
149275,Strobilomyces floccopus,线柄松塔牛肝菌,,,,,,,no_image
127343,Strobilanthes retusa,凹苞马蓝,,,,,,,no_image
67289,Strobilomyia anthracinum,炭色球果花蝇,,,,,,,no_image
147764,Strobilurus wyomingensis,,,,,,,,no_image
10820,Strombus sinuatus,紫袖凤螺,,,,,,,no_image
10816,Strombus canarium,水晶凤螺,,,,,,,no_image
67309,Strongylophthalmyia bifasciata,双带圆目蝇,,,,,,,no_image
127390,Strophanthus wallichii,云南羊角拗,,,,,,,no_image
127397,Struckia argentata,牛尾藓,,,,,,,no_image
148377,Stropharia pseudocyanea,,,,,,,,no_image
67326,Strysopha lucida,光颚苔蛾,,,,,,,no_image
8119,Stylaster gracilis,细巧柱星螅,,,,,,,no_image
67346,Styloperla wui,胡氏刺(虫责),,,,,,,no_image
67335,Stylogomphus chunliuae,纯鎏尖尾春蜓,,,,,,,no_image
67359,Stylotermes hanyuanicus,汉源杆白蚁,,,,,,,no_image
67379,Stylotermes valvulus,短盖杆白蚁,,,,,,,no_image
127436,Styrax argentifolius,银叶安息香,,,,,,,no_image
127462,Styrax limprichtii,楚雄安息香,,,,,,,no_image
67401,Styringomyia formosana,蓬莱香大蚊,,,,,,,no_image
67427,Subhylemyia dorsilinea,背条次种蝇,,,,,,,no_image
127492,Suaeda kossinskyi,肥叶碱蓬,,,,,,,no_image
67417,Suarius nanchanicus,南昌俗草蛉,,,,,,,no_image
152710,Subulicystidium longisporum,长锥囊菌,,,,,,,no_image
9307,Suctobelbella laiae,赖氏小盾蛛甲螨,,,,,,,no_image
149295,Suillellus luridus,,,,,,,,no_image
149585,Suillus cavipes,空柄乳牛肝菌,,,,,,,no_image
149605,Suillus lutescens,变黄乳牛肝菌,,,,,,,no_image
67466,Suinzona menetriesi,筒茎梭形叶甲,,,,,,,no_image
149625,Suillus subluteus,亚褐环乳牛肝菌,,,,,,,no_image
67481,Sulcicnephia jingpengensis,经棚畦克蚋,,,,,,,no_image
67490,Sumpigaster equatorialis,赤道瘦腹寄蝇,,,,,,,no_image
127522,Sunipia cirrhata,长序大苞兰,,,,,,,no_image
67516,Susica himalayana,喜马素刺蛾,,,,,,,no_image
127535,Swertia alba,白花獐牙菜,,,,,,,no_image
67505,Suphalomitus formosanus,台斑苏蝶角蛉,,,,,,,no_image
127586,Swertia lihengiana,李恒獐牙菜,,,,,,,no_image
127633,Swertia wardii,苇叶獐牙菜,,,,,,,no_image
127562,Swertia divaricata,叉序獐牙菜,,,,,,,no_image
127610,Swertia pubescens,毛獐牙菜,,,,,,,no_image
67565,Sybra botelensis,,,,,,,,no_image
67542,Sybistroma dorsalis,背芒粗柄长足虻,,,,,,,no_image
67587,Sybrocentrura obscura,,,,,,,,no_image
1130,Syllis longissima,长半裂虫,,,,,,,no_image
127649,Symblepharis vaginata,合睫藓,,,,,,,no_image
67619,Sympecma paedisca,三叶黄丝蟌,,,,,,,no_image
67641,Sympetrum nomurai,牧赤蜻,,,,,,,no_image
127652,Symphorema involucratum,六苞藤,,,,,,,no_image
67673,Sympiesis hyblaeae,全须夜蛾羽角姬小蜂,,,,,,,no_image
127656,Symphyocladia marchantioides,苔状鸭毛藻,,,,,,,no_image
127688,Symplocos congesta,密花山矾,,,,,,,no_image
127712,Symplocos ovatilobata,单花山矾,,,,,,,no_image
67693,Symplecta luliana,八仙滨合大蚊,,,,,,,no_image
127734,Symplocos viridissima,绿枝山矾,,,,,,,no_image
13093,Synagelides jingzhao,敬钊合跳蛛,,,,,,,no_image
67711,Sympycnus nudus,赤裸合长足虻,,,,,,,no_image
82112,Synagrops analis,多棘尖牙鲈,,,,,,,no_image
1416,Synalpheus pescadorensis,澎湖合鼓虾,,,,,,,no_image
82123,Synaptura marginata,暗斑箬鳎,,,,,,,no_image
82129,Synchiropus laddi,莱氏连鳍[鱼衔],,,,,,,no_image
156094,Syncephalis tenuis,,,,,,,,no_image
67736,Syndyas nigripes,黑色隐脉驼舞虻,,,,,,,no_image
67756,Syneches guizhouensis,贵州柄驼舞虻,,,,,,,no_image
67725,Syndiamesa alica,阿里同寡角摇蚊,,,,,,,no_image
67776,Syneches xiaohuangshanensis,小黄山柄驼舞虻,,,,,,,no_image
82139,Synodus binotatus,双斑狗母鱼,,,,,,,no_image
67794,Synorbitomyia linearis,台湾合眶蜂麻蝇,,,,,,,no_image
67780,Synesarga pseudocathara,共褶祝蛾,,,,,,,no_image
127774,Synotis erythropappa,红缨合耳菊,,,,,,,no_image
127794,Synotis pseudoalata,紫背合耳菊,,,,,,,no_image
127820,Syntrichia norvegica,疏齿赤藓,,,,,,,no_image
67814,Syntormon luishuiense,泸水嵌长足虻,,,,,,,no_image
7280,Synthecium patulum,展连荚螅,,,,,,,no_image
67846,Syntypistis praeclara,陪胯舟蛾,,,,,,,no_image
67867,Sypnoides fumosa,异纹析夜蛾,,,,,,,no_image
67889,Syrichtus staudingeri,稀点弄蝶,,,,,,,no_image
82160,Syrmaticus ellioti,白颈长尾雉,,,,,,,no_image
67913,Syrphus torvus,野蚜蝇,,,,,,,no_image
67928,Systolederus fujianensis,福建狭顶蚱,,,,,,,no_image
127873,Syrrhopodon tjibodensis,暖地网藓,,,,,,,no_image
67948,Systropus denticulatus,锯齿姬蜂虻,,,,,,,no_image
127879,Syzygium acuminatissimum,肖蒲桃,,,,,,,no_image
127900,Syzygium cumini,乌墨,,,,,,,no_image
67988,Systropus shennonganus,神农姬蜂虻,,,,,,,no_image
67968,Systropus indagatus,黄柄姬蜂虻,,,,,,,no_image
127924,Syzygium jienfunicum,尖峰蒲桃,,,,,,,no_image
127946,Syzygium rysopodum,皱萼蒲桃,,,,,,,no_image
127966,Syzygium yunnanense,云南蒲桃,,,,,,,no_image
68014,Tabanus aurotestaceus,金条虻,,,,,,,no_image
68036,Tabanus chenfui,经甫虻,,,,,,,no_image
68056,Tabanus furvicaudus,暗尾虻,,,,,,,no_image
68116,Tabanus monilifer,链珠虻,,,,,,,no_image
68096,Tabanus lineataenia,线带虻,,,,,,,no_image
68076,Tabanus ichiokai,市岗虻,,,,,,,no_image
68136,Tabanus omeishanensis,峨嵋山虻,,,,,,,no_image
68176,Tabanus sabuletorum,多砂虻,,,,,,,no_image
68156,Tabanus pengquensis,朋曲虻,,,,,,,no_image
68196,Tabanus taipingensis,太平虻,,,,,,,no_image
68216,Tabanus zayuensis,察隅虻,,,,,,,no_image
68225,Tachina anguisipennis,蛇肛寄蝇,,,,,,,no_image
68245,Tachina grossa,大黑寄蝇,,,,,,,no_image
68265,Tachina persica,波斯寄蝇,,,,,,,no_image
68326,Tachinus iriomotensis,,,,,,,,no_image
68285,Tachina ursinoidea,蜂寄蝇,,,,,,,no_image
68306,Tachinus cavazzutii,,,,,,,,no_image
68346,Tachinus mengdaensis,,,,,,,,no_image
68386,Tachydromia henanensis,河南合室舞虻,,,,,,,no_image
68367,Tachinus schilowi,,,,,,,,no_image
68404,Tachyporus lohsei,,,,,,,,no_image
68422,Tachyusa schillhammeri,,,,,,,,no_image
127987,Taeniophyllum glandulosum,带叶兰,,,,,,,no_image
68461,Tagosodes pusanus,丽中带飞虱,,,,,,,no_image
128009,Tainia longiscapa,卵叶带唇兰,,,,,,,no_image
68436,Tagasta rufomaculata,红点橄蝗,,,,,,,no_image
68472,Taiwanajinga albofasciata,,,,,,,,no_image
68491,Taiwania discalis,盘示台龟甲,,,,,,,no_image
68511,Taiwania obtusata,柑桔台龟甲,,,,,,,no_image
68534,Taiwania truncatipennis,前臂台龟甲,,,,,,,no_image
68548,Tajuria caerulea,天蓝双尾灰蝶,,,,,,,no_image
68575,Takecallis arundicolens,黑尾凸唇斑蚜,,,,,,,no_image
68571,Takaomyia formosana,台湾小瓣蚜蝇,,,,,,,no_image
82192,Takifugu niphobles,黑点多纪鲀,,,,,,,no_image
82212,Takydromus guilinensis,桂林草蜥,,,,,,,no_image
14829,Talaus dulongjiang,独龙江塔拉蛛,,,,,,,no_image
2450,Talparia argus,蛇目鼹贝,,,,,,,no_image
128048,Tamarix taklamakanensis,沙生柽柳,,,,,,,no_image
128061,Tanacetum petraeum,岩匹菊,,,,,,,no_image
12169,Tamgrinia tibetana,西藏塔姆蛛,,,,,,,no_image
68607,Tanaorhinus tibeta,藏镰翅绿尺蛾,,,,,,,no_image
82243,Tanichthys huidongensis,惠东唐鱼,,,,,,,no_image
68630,Tanytarsus brundini,布氏长跗摇蚊,,,,,,,no_image
68648,Taperus albivittatus,白带角突叶蝉,,,,,,,no_image
18279,Taphrocampa annulosa,环形沟栖轮虫,,,,,,,no_image
128088,Taraxacum armeriifolium,全叶蒲公英,,,,,,,no_image
14034,Tapinopa undata,波状苔蛛,,,,,,,no_image
128108,Taraxacum delicatum,柔弱蒲公英,,,,,,,no_image
128128,Taraxacum koksaghyz,橡胶草,,,,,,,no_image
128148,Taraxacum nutans,垂头蒲公英,,,,,,,no_image
128168,Taraxacum roborovskyi,黑柱蒲公英,,,,,,,no_image
128207,Tarenna gracilipes,薄叶玉心花,,,,,,,no_image
128188,Taraxacum suberiopodum,滇北蒲公英,,,,,,,no_image
155500,Tarichium atrospermum,黑孢干尸霉,,,,,,,no_image
68682,Tarsolepis malayana,红褐银斑舟蛾,,,,,,,no_image
128229,Tashiroea nudipes,秃柄鸭脚茶,,,,,,,no_image
68706,Taxigramma heteroneura,异聚蜂麻蝇,,,,,,,no_image
14150,Tchatkalophantes bonneti,波氏柴蛛,,,,,,,no_image
128265,Taxiphyllum arcuatum,钝头鳞叶藓,,,,,,,no_image
128314,Tectaria devexa,毛叶轴脉蕨,,,,,,,no_image
128283,Taxotrophis taxoides,叶被木,,,,,,,no_image
128348,Tectona grandis,柚木,,,,,,,no_image
128334,Tectaria phaeocaulis,条裂三叉蕨,,,,,,,no_image
10028,Tegolophus carmonae,,,,,,,,no_image
10640,Tegolophus nerii,,,,,,,,no_image
10063,Tegonotus caryophyllatus,,,,,,,,no_image
68732,Teia prisca,沙枣台毒蛾,,,,,,,no_image
68755,Telenomeuta punctimarginaria,星缘扇尺蛾,,,,,,,no_image
68744,Teladum angustior,,,,,,,,no_image
7643,Telesto tubulosa,筒石花软珊瑚,,,,,,,no_image
5482,Tellinella staurella,十字小樱蛤,,,,,,,no_image
17030,Telorchis corti,带形端睾吸虫,,,,,,,no_image
4883,Temnaspis kilepoae,沟盾茗荷,,,,,,,no_image
4943,Temnotrema sculptum,刻孔海胆,,,,,,,no_image
9918,Tenuipalpus anoplus,,,,,,,,no_image
68819,Tephritis consimilis,浪花翅实蝇,,,,,,,no_image
9938,Tenuipalpus taonicus,,,,,,,,no_image
68839,Tephritis postica,大翅蓟花翅实蝇,,,,,,,no_image
128358,Tephroseris adenolepis,腺苞狗舌草,,,,,,,no_image
128381,Tephrosia noctiflora,长序灰毛豆,,,,,,,no_image
68857,Teratomyza chinica,中国奇蝇,,,,,,,no_image
68869,Terauchiana singularis,浅色长头飞虱,,,,,,,no_image
68870,Teredorus bashanensis,巴山尖顶蚱,,,,,,,no_image
140315,Terfezia oligosperma,,,,,,,,no_image
128397,Terminalia franchetii,滇榄仁,,,,,,,no_image
82286,Terpsiphone incei,寿带,,,,,,,no_image
128403,Terniopsis chanthaburiensis,尖竹汶川藻,,,,,,,no_image
147064,Termitomyces lanatus,绵毛鸡枞菌,,,,,,,no_image
68912,Terthreutis sphaerocosma,球斑卷蛾,,,,,,,no_image
8522,Testudovolva nipponensis,日本龟梭螺,,,,,,,no_image
68967,Tethina orientalis,东方岸蝇,,,,,,,no_image
10302,Tetra guangxiensis,,,,,,,,no_image
10110,Tetra shiheziensis,,,,,,,,no_image
68974,Tetrabothrus inflexus,,,,,,,,no_image
14976,Tetragnatha pseudonitens,伪华丽肖蛸,,,,,,,no_image
143677,Tetracladium palmatum,,,,,,,,no_image
14951,Tetragnatha filipes,线形肖蛸,,,,,,,no_image
128431,Tetradium fraxinifolium,无腺吴萸,,,,,,,no_image
10170,Tetrameracarus taiwanensis,,,,,,,,no_image
68984,Tetralaucopora hebeiensis,,,,,,,,no_image
69021,Tetraneura yezoensis,瑕夷四脉绵蚜,,,,,,,no_image
9551,Tetranychus mexicanus,,,,,,,,no_image
69036,Tetraphleps aterrimus,黑色肩花蝽,,,,,,,no_image
82292,Tetrao urogalloides,黑嘴松鸡,,,,,,,no_image
147322,Tetrapyrgos atrocyanea,,,,,,,,no_image
128457,Tetrastigma delavayi,七小叶崖爬藤,,,,,,,no_image
69050,Tetrastichus decrescens,28星瓢虫啮小蜂,,,,,,,no_image
128481,Tetrastigma pachyphyllum,厚叶崖爬藤,,,,,,,no_image
128512,Tetrataenium nepalense,尼泊尔四带芹,,,,,,,no_image
69077,Tetrix ceperoi,,,,,,,,no_image
69117,Tetroxyrhina sauteri,索氏四带缟蝇,,,,,,,no_image
69100,Tetrix yunnanensis,云南蚱,,,,,,,no_image
69125,Teucholabis kiangsiensis,江西甲大蚊,,,,,,,no_image
128520,Teucrium anlungense,安龙香科科,,,,,,,no_image
128547,Teucrium taiwanianum,台湾香科科,,,,,,,no_image
69156,Thabena biplaga,双瓣众瓢蜡蝉,,,,,,,no_image
17488,Thais mancinella,红豆荔枝螺,,,,,,,no_image
57,Thalamita gloriensis,格洛里短桨蟹,,,,,,,no_image
37,Thalamita sima,双额短桨蟹,,,,,,,no_image
19415,Thalassaphorura bisetosa,,,,,,,,no_image
19351,Thalassaphorura reducta,,,,,,,,no_image
69164,Thalassodes opalina,篷樟翠尺蛾,,,,,,,no_image
69173,Thalera fimbrialis,波翅青尺蛾,,,,,,,no_image
128588,Thalictrum cuonaense,错那唐松草,,,,,,,no_image
128618,Thalictrum hengduanshanense,横断山唐松草,,,,,,,no_image
128645,Thalictrum myriophyllum,密叶唐松草,,,,,,,no_image
128669,Thalictrum rubescens,淡红唐松草,,,,,,,no_image
69182,Thambemyia hui,胡氏长喙长足虻,,,,,,,no_image
128693,Thalictrum tsawarungense,察瓦龙唐松草,,,,,,,no_image
128715,Thamnobryum incurvum,兜叶木藓,,,,,,,no_image
3172,Thaumastocheles japonicus,日本锯指螯虾,,,,,,,no_image
12566,Thanatus damingus,大明狼逍遥蛛,,,,,,,no_image
69219,Thecabius beijingensis,北京伪卷叶绵蚜,,,,,,,no_image
154774,Thecaphora sphaerophysae,苦马豆楔孢黑粉菌,,,,,,,no_image
69248,Thecophora testaceipes,壳微蜂眼蝇,,,,,,,no_image
69250,Thektogaster accrescens,粗梗尖腹金小蜂,,,,,,,no_image
13409,Thelcticopis dahanensis,大汉塞蛛,,,,,,,no_image
152690,Thelephora multifida,多瓣裂革菌,,,,,,,no_image
82346,Theloderma albopunctatum,白斑棱皮树蛙,,,,,,,no_image
137071,Thelopsis isiaca,等乳果衣,,,,,,,no_image
69273,Themara hirtipes,四纹宽头实蝇,,,,,,,no_image
128749,Thepparatia scandens,藤芙蓉,,,,,,,no_image
69278,Themira putris,朽木温热鼓翅蝇,,,,,,,no_image
11679,Theridion hainenense,海南球蛛,,,,,,,no_image
69311,Thereva suifenensis,绥芬剑虻,,,,,,,no_image
11486,Theridion nojimai,野岛球蛛,,,,,,,no_image
11616,Theridion yunnanense,云南球蛛,,,,,,,no_image
3817,Theristus littoralis,滨棘刺线虫,,,,,,,no_image
69328,Thermonotus nigripes,,,,,,,,no_image
128791,Thespesia populnea,桐棉,,,,,,,no_image
69342,Thienemanniella acuticornis,尖角提尼曼摇蚊,,,,,,,no_image
8233,Thesea mitsukurii,花草柳珊瑚,,,,,,,no_image
69382,Thinodromus deceptor,,,,,,,,no_image
69362,Thienemannimyia dimorpha,二型特长足摇蚊,,,,,,,no_image
128832,Thladiantha pustulata,云南赤瓟,,,,,,,no_image
128804,Thladiantha capitata,头花赤瓟,,,,,,,no_image
69402,Thinophilus nitens,光亮滨长足虻,,,,,,,no_image
14841,Thomisus eminulus,略突蟹蛛,,,,,,,no_image
69443,Thoracostrongylus diaoluoensis,,,,,,,,no_image
1032,Thormora jukesii,繁毛鳞虫,,,,,,,no_image
6787,Thracia hainanensis,海南色雷西蛤,,,,,,,no_image
69424,Thoracaphis kashifoliae,克什胸蚜,,,,,,,no_image
69498,Thricops coquilletti,拉普兰毛基蝇,,,,,,,no_image
69519,Thrips brevicornis,短角蓟马,,,,,,,no_image
69539,Thripsaphis cyperi,,,,,,,,no_image
69551,Thubana albisignis,台白祝蛾,,,,,,,no_image
128863,Thrixspermum tsii,吉氏白点兰,,,,,,,no_image
128876,Thuidium subglaucinum,亚灰羽藓,,,,,,,no_image
69571,Thyestilla coerulea,,,,,,,,no_image
82373,Thunnus obesus,大眼金枪鱼,,,,,,,no_image
69601,Thyreocephalus jocheni,,,,,,,,no_image
69593,Thymistida nigritincta,尾钩蛾,,,,,,,no_image
128907,Thymus quinquecostatus,地椒,,,,,,,no_image
69619,Thyridosmylus paralangii,近朗氏窗溪蛉,,,,,,,no_image
128915,Thyrsostachys siamensis,泰竹,,,,,,,no_image
69635,Thysia wallichii,,,,,,,,no_image
15237,Tibetia everesti,珠峰藏幽蛛,,,,,,,no_image
128938,Ticanto magnifoliolata,大叶南天藤,,,,,,,no_image
128951,Tilia callidonta,美齿椴,,,,,,,no_image
152902,Tilletia caries,小麦网腥黑粉菌,,,,,,,no_image
69649,Tiliaphis coreanus,朝鲜半岛椴斑蚜,,,,,,,no_image
152922,Tilletia makutensis,,,,,,,,no_image
82392,Timalia pileata,红顶鹛,,,,,,,no_image
69672,Timia xanthostoma,黄口誉斑蝇,,,,,,,no_image
69693,Tinginotum formosanum,台湾猬盲蝽,,,,,,,no_image
69680,Timomenus morsus,摩乔球螋,,,,,,,no_image
69748,Tipula bodpa,博巴华大蚊,,,,,,,no_image
69728,Tipula argentea,银背丽大蚊,,,,,,,no_image
129003,Tinomiscium petiolare,大叶藤,,,,,,,no_image
69770,Tipula cylindrostylata,棍突阔大蚊,,,,,,,no_image
69810,Tipula guizhouensis,贵州尖大蚊,,,,,,,no_image
69830,Tipula incisurata,劈背大蚊,,,,,,,no_image
69790,Tipula famula,三齿普大蚊,,,,,,,no_image
69850,Tipula laetissima,石纹普大蚊,,,,,,,no_image
69870,Tipula maofai,茂发蜚大蚊,,,,,,,no_image
69930,Tipula postposita,鸥喙萨大蚊,,,,,,,no_image
69890,Tipula nicothoe,隆脊阔大蚊,,,,,,,no_image
69910,Tipula parvauricula,耳突长角大蚊,,,,,,,no_image
69950,Tipula sessilis,无柄阔大蚊,,,,,,,no_image
69970,Tipula subbifida,黑端蜚大蚊,,,,,,,no_image
70012,Tipula yunnanensis,云南蜚大蚊,,,,,,,no_image
69990,Tipula tridentata,三凸普大蚊,,,,,,,no_image
70024,Tirumala gautama,骈纹青斑蝶,,,,,,,no_image
70034,Tlephusa cincinna,双带四鬃寄蝇,,,,,,,no_image
14600,Tmarus spinosus,多刺峭腹蛛,,,,,,,no_image
70041,Togeciphus katoi,棘鬃秆蝇,,,,,,,no_image
70068,Tolmerus rufescens,红蛮食虫虻,,,,,,,no_image
132309,Tomasellia eschweileri,,,,,,,,no_image
70060,Tokunagaia rectangularis,矩形雅明摇蚊,,,,,,,no_image
19196,Tomocerus folsomi,,,,,,,,no_image
19135,Tomocerina minuta,,,,,,,,no_image
3738,Tomopteris rolasi,无针浮蚕,,,,,,,no_image
19124,Tomocerus yueluensis,,,,,,,,no_image
19141,Tomocerus nigrofasciatus,,,,,,,,no_image
129051,Tongpeia fungosa,棉花竹,,,,,,,no_image
8553,Tonna allium,葫鹑螺,,,,,,,no_image
129031,Tongoloa arguta,尖叶东俄芹,,,,,,,no_image
12377,Tonsilla yanlingensis,炎陵扁桃蛛,,,,,,,no_image
70116,Topomyia nemorosa,林野局限蚊,,,,,,,no_image
70133,Torodora digna,中瘤祝蛾,,,,,,,no_image
129062,Torenia biniflora,二花蝴蝶草,,,,,,,no_image
70153,Torodora oncisacca,指腹瘤祝蛾,,,,,,,no_image
129084,Torricellia angulata,角叶鞘柄木,,,,,,,no_image
82417,Torquigener hypselogeneion,头纹窄额鲀,,,,,,,no_image
129101,Tortula modica,短齿丛藓,,,,,,,no_image
129121,Toxicodendron calcicola,石山漆,,,,,,,no_image
14316,Toschia celans,隐藏平胸蛛,,,,,,,no_image
70176,Toxidium villosum,,,,,,,,no_image
70202,Toya attenuata,黑胸托亚飞虱,,,,,,,no_image
7490,Toxorchis polynema,多手毒水母,,,,,,,no_image
70222,Trachusa barkamensis,马尔康准黄斑蜂,,,,,,,no_image
70221,Trachea tokiensis,纷陌夜蛾,,,,,,,no_image
2146,Trachycardium compunctum,隐斑糙鸟蛤,,,,,,,no_image
82433,Trachicephalus uranoscopus,瞻星粗头鲉,,,,,,,no_image
137273,Trachyderma subresinosum,,,,,,,,no_image
82455,Trachypithecus pileatus,戴帽叶猴,,,,,,,no_image
129211,Trachyspermum triradiatum,马尔康糙果芹,,,,,,,no_image
82467,Tragopan satyra,红胸角雉,,,,,,,no_image
151821,Trametes gibbosa,偏肿栓菌,,,,,,,no_image
129236,Tragopogon verrucosobracteatus,瘤苞婆罗门参,,,,,,,no_image
151841,Trametes pubescens,柔毛栓菌,,,,,,,no_image
70261,Transtympanacris ya.,雅江横鼓蝗,,,,,,,no_image
155060,Tranzscheliella williamsii,威廉斯特氏黑粉菌,,,,,,,no_image
4056,Trapezia formosa,美丽梯形蟹,,,,,,,no_image
152715,Trechispora hymenocystis,袋囊糙孢孔菌,,,,,,,no_image
70272,Traulia angustipennis,狭翅凸额蝗,,,,,,,no_image
154701,Tremella fibulifera,大锁银耳,,,,,,,no_image
154721,Tremella pulvinalis,垫状银耳,,,,,,,no_image
129256,Trematodon ambiguus,北方长蒴藓,,,,,,,no_image
149838,Tretopileus sphaerophorus,,,,,,,,no_image
70293,Trentepohlia hainanica,海南弯脉大蚊,,,,,,,no_image
70311,Tribalus colombius,鸽小阎甲,,,,,,,no_image
129263,Triadica cochinchinensis,山乌桕,,,,,,,no_image
70331,Tribasodites xingyiensis,,,,,,,,no_image
15437,Tricalamus tetragonius,方斑三栉蛛,,,,,,,no_image
70341,Tricentrus assamensis,阿萨姆三刺角蝉,,,,,,,no_image
70361,Tricentrus depressicornis,扁三刺角蝉,,,,,,,no_image
70401,Tricentrus nigriapiculus,端黑三刺角蝉,,,,,,,no_image
70381,Tricentrus gargaraformae,圆耀三刺角蝉,,,,,,,no_image
70421,Tricentrus tubulaticornis,板三刺角蝉,,,,,,,no_image
70436,Trichocera arisanensis,阿里山毫蚊,,,,,,,no_image
4776,Trichaster flagellifer,鞭枝蛇尾,,,,,,,no_image
18379,Trichocerca intermedia,中型异尾轮虫,,,,,,,no_image
18364,Trichocerca weberi,韦氏异尾轮虫,,,,,,,no_image
70459,Trichochrysea sericea,青铜毛肖叶甲,,,,,,,no_image
70471,Trichoclinocera yixianensis,易县毛脉溪舞虻,,,,,,,no_image
141920,Trichoderma fomiticola,,,,,,,,no_image
141900,Trichoderma brevicompactum,,,,,,,,no_image
141940,Trichoderma parceramosum,,,,,,,,no_image
141960,Trichoderma stramineum,,,,,,,,no_image
137889,Trichodiscus cerinus,,,,,,,,no_image
70492,Trichoglossina bifida,,,,,,,,no_image
70512,Trichoglossina yunnanensis,,,,,,,,no_image
134913,Trichoglossum yunnanense,云南毛舌菌,,,,,,,no_image
70531,Trichogramma longxishanense,龙栖山赤眼蜂,,,,,,,no_image
148636,Tricholoma boudieri,布氏口蘑,,,,,,,no_image
70551,Trichogyia circulifera,环纹小刺蛾,,,,,,,no_image
148656,Tricholoma frondosae,,,,,,,,no_image
148676,Tricholoma matsutake,松茸,,,,,,,no_image
148696,Tricholoma resplendens,闪光口蘑,,,,,,,no_image
148716,Tricholoma truncatum,,,,,,,,no_image
148735,Tricholomopsis shulanensis,舒兰拟口蘑,,,,,,,no_image
70590,Trichomalopsis shirakii,素木克氏金小蜂,,,,,,,no_image
70570,Trichomalopsis acarinata,脊克氏金小蜂,,,,,,,no_image
70600,Trichonta aureola,华丽毛菌蚊,,,,,,,no_image
140766,Trichophaea abundans,茂长毛盘菌,,,,,,,no_image
129300,Trichophorum schansiense,太行山蔺藨草,,,,,,,no_image
70612,Trichoplites intermedia,间脊尺蛾,,,,,,,no_image
70632,Trichopteryx fusconotata,明毛翅尺蛾,,,,,,,no_image
129304,Trichosanthes cordata,心叶栝楼,,,,,,,no_image
138763,Trichoscypha tricholoma,,,,,,,,no_image
129328,Trichosanthes quinquangulata,五角栝楼,,,,,,,no_image
70667,Trichospilus lutelineatus,黄纹毛斑姬小蜂,,,,,,,no_image
129350,Trichosteleum saproxylophilum,小蒴刺疣藓,,,,,,,no_image
18530,Trichotria truncata,截头鬼轮虫,,,,,,,no_image
70676,Trichotheca fuscicornis,褐角齿股肖叶甲,,,,,,,no_image
129379,Tricyrtis pilosa,黄花油点草,,,,,,,no_image
139043,Tricladium splendens,,,,,,,,no_image
129397,Trifolium eximium,大花车轴草,,,,,,,no_image
82516,Tridentiger trigonocephalus,纹缟鰕虎,,,,,,,no_image
70723,Trigomphus citimus,吉林棘尾春蜓,,,,,,,no_image
70753,Trigonodemus puetzi,,,,,,,,no_image
129418,Trigonella foenum-graecum,胡卢巴,,,,,,,no_image
129426,Trigonostemon fragilis,黄花三宝木,,,,,,,no_image
129448,Trigonotis giraldii,秦岭附地菜,,,,,,,no_image
129476,Trigonotis omeiensis,峨眉附地菜,,,,,,,no_image
129491,Trikeraia hookeri,三角草,,,,,,,no_image
129499,Trillium tschonoskii,延龄草,,,,,,,no_image
82525,Trimeresurus medoensis,墨脱竹叶青蛇,,,,,,,no_image
82552,Tringa brevipes,灰尾漂鹬,,,,,,,no_image
9754,Trimeroptes quercus,,,,,,,,no_image
70787,Triomicrus cavus,,,,,,,,no_image
70807,Triomicrus secutor,,,,,,,,no_image
70823,Triphaenopsis pulcherrima,美带夜蛾,,,,,,,no_image
70845,Triphosa vashti,波纹光尺蛾,,,,,,,no_image
129509,Tripidium procerum,狭叶斑茅,,,,,,,no_image
82578,Triplophysa bombifrons,隆额高原鳅,,,,,,,no_image
82598,Triplophysa heyangensis,郃阳高原鳅,,,,,,,no_image
82638,Triplophysa polyfasciata,多带高原鳅,,,,,,,no_image
82680,Triplophysa zhenfengensis,贞丰高原鳅,,,,,,,no_image
82658,Triplophysa tenuicauda,窄尾高原鳅,,,,,,,no_image
82618,Triplophysa macromaculata,大斑高原鳅,,,,,,,no_image
70856,Tripteroides longsiphonus,长管杵蚊,,,,,,,no_image
129532,Tripolium pannonicum,碱菀,,,,,,,no_image
129551,Tripterospermum pallidum,白花双蝴蝶,,,,,,,no_image
70875,Triraogus rectus,直三缝茧蜂,,,,,,,no_image
129571,Tristichium sinense,中华立毛藓,,,,,,,no_image
129559,Trisetum kangdingense,康定三毛草,,,,,,,no_image
70910,Trisunius rastratus,,,,,,,,no_image
4035,Tritodynamia dilatalum,宽身三强蟹,,,,,,,no_image
129599,Trochophyllohypnum circinale,拳叶灰藓,,,,,,,no_image
129594,Triumfetta rhomboidea,刺蒴麻,,,,,,,no_image
82719,Trochalopteron Variegatum,杂色噪鹛,,,,,,,no_image
4528,Trochus maculantus,马蹄螺,,,,,,,no_image
82730,Troglonectes barbatus,弱须洞鳅,,,,,,,no_image
70946,Tropicomyza yunnanensis,云南热潜蝇,,,,,,,no_image
129606,Trollius farreri,矮金莲花,,,,,,,no_image
70959,Tropidocephala russa,锈色匙顶飞虱,,,,,,,no_image
70971,Tropimenelytron formosae,,,,,,,,no_image
71011,Trypeta mainlingensis,小斑实蝇,,,,,,,no_image
70985,Truncatocornum parvum,小截角蝉,,,,,,,no_image
70996,Trupanea tianmushana,天目山星斑实蝇,,,,,,,no_image
71021,Trypeticus fissirostrum,裂吻柱阎甲,,,,,,,no_image
82749,Tscherskia ningshaanensis,秦岭大仓鼠,,,,,,,no_image
140913,Tuber aestivum,夏块菌,,,,,,,no_image
140933,Tuber melanosporum,黑孢块菌,,,,,,,no_image
71042,Tuberaphis dendrotrophe,寄生藤管扁蚜,,,,,,,no_image
71078,Tuberomembrana xizangensis,西藏疣麻蝇,,,,,,,no_image
71061,Tuberculatus japonicus,日本侧棘斑蚜,,,,,,,no_image
150591,Tubulicrinis chaetophorus,,,,,,,,no_image
154791,Tuburcinia clintoniae,,,,,,,,no_image
154811,Tuburcinia tritici,,,,,,,,no_image
129649,Tuerckheimia svihlae,线叶托氏藓,,,,,,,no_image
129671,Tulipa uniflora,单花郁金香,,,,,,,no_image
145538,Tulostoma obesum,,,,,,,,no_image
71085,Tumeochrysa sinica,华多阶草蛉,,,,,,,no_image
129674,Tupistra grandistigma,长柱开口箭,,,,,,,no_image
7111,Turbinaria reniformis,肾形陀螺珊瑚,,,,,,,no_image
129681,Turgenia latifolia,刺果芹,,,,,,,no_image
82758,Turdus dissimilis,黑胸鸫,,,,,,,no_image
129692,Turpinia robusta,粗壮山香圆,,,,,,,no_image
10713,Turritopsis lata,短炳灯塔水母,,,,,,,no_image
186,Tweedieia brevidactyla,短指威迪蟹,,,,,,,no_image
4646,Tylocarcinus styx,瘤结蟹,,,,,,,no_image
129710,Tylophora brownii,光叶娃儿藤,,,,,,,no_image
129730,Tylophora oshimae,少花娃儿藤,,,,,,,no_image
149303,Tylopilus badiceps,褐盖粉孢牛肝菌,,,,,,,no_image
16015,Tylopus deharvengi,德氏瘤马陆,,,,,,,no_image
149323,Tylopilus nigropurpureus,黑紫粉孢牛肝菌,,,,,,,no_image
4394,Tylotiella pusilla,弱小瘤螺,,,,,,,no_image
71149,Tylotrypes fura,浅黑突蜣蝇,,,,,,,no_image
71154,Tympanistes pallida,素膜夜蛾,,,,,,,no_image
82823,Typhlomys fengjiensis,白帝猪尾鼠,,,,,,,no_image
17342,Typhis ramosus,分枝管骨螺,,,,,,,no_image
148756,Typhula subsclerotioides,,,,,,,,no_image
1068,Typosyllis monilata,圆模裂虫,,,,,,,no_image
71172,Tyrinasius sexpunctatus,,,,,,,,no_image
71177,Tyrus sichuanicus,,,,,,,,no_image
3136,Uca triangularis,三角招潮,,,,,,,no_image
71193,Uenobrium piceorubrum,,,,,,,,no_image
71213,Ula provecta,峨眉胶大蚊,,,,,,,no_image
129794,Ulmus glaucescens,旱榆,,,,,,,no_image
15287,Uloborus penicillatoides,类细毛妩蛛,,,,,,,no_image
156058,Umbelopsis dimorpha,,,,,,,,no_image
129829,Ulota robusta,大卷叶藓,,,,,,,no_image
137717,Umbilicaria esculenta,庐山石耳,,,,,,,no_image
137757,Umbilicaria subumbilicarioides,栅栏皮石耳,,,,,,,no_image
137737,Umbilicaria minuta,微石耳,,,,,,,no_image
129843,Uncaria lanosa,,,,,,,,no_image
138212,Uncinula salici-gracilistylae,,,,,,,,no_image
82840,Upeneus subvittatus,纵带绯鲤,,,,,,,no_image
71231,Uraecha angusta,,,,,,,,no_image
71244,Uranotaenia hebes,罕培蓝带蚊,,,,,,,no_image
71264,Uranotaenia yaeyamana,八重山蓝带蚊,,,,,,,no_image
129872,Urceola micrantha,杜仲藤,,,,,,,no_image
129886,Urobotrya latisquama,尾球木,,,,,,,no_image
13657,Uroctea yunlingensis,云岭壁钱,,,,,,,no_image
154245,Uredo vetus,,,,,,,,no_image
154830,Urocystis clintoniae,七筋菇条黑粉菌,,,,,,,no_image
154850,Urocystis melicae,臭草条黑粉菌,,,,,,,no_image
154870,Urocystis sichuanensis,四川条黑粉菌,,,,,,,no_image
154249,Uromyces achrous,,,,,,,,no_image
154289,Uromyces cucubali,狗筋蔓单胞锈菌,,,,,,,no_image
154269,Uromyces atrofuscus,,,,,,,,no_image
154329,Uromyces hyalosporus,,,,,,,,no_image
154309,Uromyces flectens,歪单胞锈菌,,,,,,,no_image
154349,Uromyces laburni,毒豆单胞锈菌,,,,,,,no_image
154389,Uromyces sakawensis,,,,,,,,no_image
154369,Uromyces mucunae,黧豆单胞锈菌,,,,,,,no_image
154409,Uromyces sporoboloides,,,,,,,,no_image
71278,Urophora tenuis,风毛菊筒尾实蝇,,,,,,,no_image
154429,Uromyces tulipae,,,,,,,,no_image
71279,Uropyia melli,梅氏美舟蛾,,,,,,,no_image
82887,Uropterygius oligospondylus,少椎尾鳝,,,,,,,no_image
82889,Ursus arctos,棕熊,,,,,,,no_image
71285,Uscana callosobruchi,豆象尤氏赤眼蜂,,,,,,,no_image
136380,Usnea dorogawensis,小塔松萝,,,,,,,no_image
136400,Usnea kansuensis,甘肃松萝,,,,,,,no_image
136420,Usnea pseudorubescens,,,,,,,,no_image
136440,Usnea wirthii,毛状松萝,,,,,,,no_image
155092,Ustilago cordae,科尔达黑粉菌,,,,,,,no_image
155112,Ustilago eragrostidis-japonicana,,,,,,,,no_image
155072,Ustilago arthraxonis,,,,,,,,no_image
155152,Ustilago microstegii,,,,,,,,no_image
155132,Ustilago iranica,伊朗黑粉菌,,,,,,,no_image
155172,Ustilago paspali-thunbergii,,,,,,,,no_image
155192,Ustilago scrobiculata,蜂窝状黑粉菌,,,,,,,no_image
155212,Ustilago subinclusa,,,,,,,,no_image
155232,Ustilago williamsii,威廉斯黑粉菌,,,,,,,no_image
1162,Utolineus uberis,多睾近纵沟纽虫,,,,,,,no_image
129946,Utricularia minutissima,斜果挖耳草,,,,,,,no_image
129993,Vaccinium conchophyllum,贝叶越橘,,,,,,,no_image
129970,Uvaria tonkinensis,东京紫玉盘,,,,,,,no_image
130023,Vaccinium guangdongense,广东乌饭,,,,,,,no_image
130049,Vaccinium microcarpum,小果红莓苔子,,,,,,,no_image
130069,Vaccinium pubicalyx,毛萼越橘,,,,,,,no_image
130093,Vaccinium usneoides,松萝越橘,,,,,,,no_image
82895,Valenciennea puellaris,大鳞凡塘鳢,,,,,,,no_image
130116,Valeriana hardwickei,长序缬草,,,,,,,no_image
2040,Valettiposis dentatus,齿拟强钩虾,,,,,,,no_image
130139,Valonia fastigiata,帚状法囊藻,,,,,,,no_image
82906,Vanellus duvaucelii,距翅麦鸡,,,,,,,no_image
71323,Vamuna fusca,褐瓦苔蛾,,,,,,,no_image
130150,Vanda fuscoviridis,广东万代兰,,,,,,,no_image
82917,Vanmanenia lineata,线纹原缨口鳅,,,,,,,no_image
152091,Vararia minispora,微孢叉丝革菌,,,,,,,no_image
9954,Vasates scandensi,,,,,,,,no_image
138425,Velutarina rufo-olivacea,丝绒盘菌,,,,,,,no_image
82937,Ventrifossa longibarbata,长须凹腹鳕,,,,,,,no_image
134282,Venturia muelleri,,,,,,,,no_image
4165,Veprecula sculpta,雕刻刺桂螺,,,,,,,no_image
71354,Venusia lilacina,丽维尺蛾,,,,,,,no_image
130196,Veratrum grandiflorum,毛叶藜芦,,,,,,,no_image
71398,Vermitigris sinensis,中国印穴虻,,,,,,,no_image
130219,Verbena officinalis,马鞭草,,,,,,,no_image
130234,Veronica biloba,两裂婆婆纳,,,,,,,no_image
130259,Veronica lanosa,长梗婆婆纳,,,,,,,no_image
130284,Veronica sutchuenensis,川西婆婆纳,,,,,,,no_image
130309,Veronicastrum robustum,粗壮腹水草,,,,,,,no_image
134801,Verrucaria aucklandica,,,,,,,,no_image
134821,Verrucaria hydrela,噬水瓶口衣,,,,,,,no_image
134841,Verrucaria rugosa,,,,,,,,no_image
141662,Verticillium longisporum,,,,,,,,no_image
130334,Vesicularia stillicidiorum,短叶明叶藓,,,,,,,no_image
130344,Viburnum burejaeticum,修枝荚蒾,,,,,,,no_image
82953,Vibrissaphora ailaonica,哀牢髭蟾,,,,,,,no_image
130374,Viburnum formosanum,台中荚蒾,,,,,,,no_image
130438,Viburnum subalpinum,亚高山荚蒾,,,,,,,no_image
130403,Viburnum luzonicum,吕宋荚蒾,,,,,,,no_image
130468,Vicia chianschanensis,千山野豌豆,,,,,,,no_image
130492,Vicia multijuga,多叶野豌豆,,,,,,,no_image
8826,Vigilomicrozetes puchellus,,,,,,,,no_image
8993,Vilhenabates hyalinus,明威单翼甲螨,,,,,,,no_image
130529,Vicia wushanica,武山野豌豆,,,,,,,no_image
82960,Vinciguerria lucetia,荧串光鱼,,,,,,,no_image
130564,Villosocallerya bonatiana,毛血藤,,,,,,,no_image
130580,Vincetoxicum hydrophilum,水白前,,,,,,,no_image
130615,Viola betonicifolia,戟叶堇菜,,,,,,,no_image
130641,Viola evoluta,罗霄堇菜,,,,,,,no_image
130682,Viola nagasawae,台北堇菜,,,,,,,no_image
130662,Viola japonica,犁头草,,,,,,,no_image
130705,Viola rossii,辽宁堇菜,,,,,,,no_image
130729,Viola triangulifolia,三角叶堇菜,,,,,,,no_image
8108,Virgularia gustaviana,古斯塔沙箸海鳃,,,,,,,no_image
143722,Vismaya chaturbeeja,,,,,,,,no_image
130791,Vitis amoena,秀丽葡萄,,,,,,,no_image
130846,Vitis wenxianensis,文县蘡薁,,,,,,,no_image
10176,Vittacus fissistigmae,,,,,,,,no_image
130823,Vitis jinzhainensis,金寨山葡萄,,,,,,,no_image
130854,Voitia nivalis,隐壶藓,,,,,,,no_image
71450,Volucella inanoides,凹角蜂蚜蝇,,,,,,,no_image
71471,Volucella vespimima,胡蜂蚜蝇,,,,,,,no_image
147950,Volvariella diplasia,双体草菇,,,,,,,no_image
147970,Volvariella volvacea,草菇,,,,,,,no_image
136441,Vulpicida juniperinus,桧黄髓衣,,,,,,,no_image
155242,Wallemia sebi,,,,,,,,no_image
71493,Waigara boninensis,博宁瓦叶蝉,,,,,,,no_image
12048,Weintrauboa pollex,拇指文蛛,,,,,,,no_image
144248,Wardomyces anomalus,,,,,,,,no_image
71514,Wesmaelius asiaticus,亚洲丛褐蛉,,,,,,,no_image
130921,Wendlandia parviflora,小花水锦树,,,,,,,no_image
130897,Wendlandia acaulis,桂海木,,,,,,,no_image
130963,Wiesnerella denudata,柑皮苔,,,,,,,no_image
130982,Wikstroemia fargesii,城口荛花,,,,,,,no_image
71533,Westwood davidi,大卫长阎甲,,,,,,,no_image
131028,Wikstroemia zhejiangensis,浙江荛花,,,,,,,no_image
131003,Wikstroemia lungtzeensis,隆子荛花,,,,,,,no_image
71562,Winthemia sturmioides,丛毛寄蝇,,,,,,,no_image
19095,Willowsia guangxiensis,,,,,,,,no_image
71542,Winthemia aurea,黄粉温寄蝇,,,,,,,no_image
150901,Wolfiporia curvispora,弯孢沃菲卧孔菌,,,,,,,no_image
71568,Witteia tensa,,,,,,,,no_image
131051,Woodfordia fruticosa,虾子花,,,,,,,no_image
131057,Woodsia glabella,光岩蕨,,,,,,,no_image
131076,Woodwardia japonica,狗脊,,,,,,,no_image
15604,Wyochernes asiaticus,,,,,,,,no_image
131093,Wuacanthus microdontus,小齿爵床,,,,,,,no_image
151991,Wrightoporia africana,非洲赖特卧孔菌,,,,,,,no_image
149342,Xanthoconium affine,褐金孢牛肝菌,,,,,,,no_image
200,Xanthias punctatus,斑点近扇蟹,,,,,,,no_image
71637,Xanthonia foveata,额窝黄肖叶甲,,,,,,,no_image
136451,Xanthoparmelia coreana,朝鲜黄梅,,,,,,,no_image
136471,Xanthoparmelia tinctina,暗腹黄梅,,,,,,,no_image
71655,Xanthorhoe biriviata,双流潢尺蛾,,,,,,,no_image
137670,Xanthoria ectaneoides,,,,,,,,no_image
71683,Xanthotryxus pseudomelanurus,伪黑尾金粉蝇,,,,,,,no_image
71691,Xenasteia chinensis,中华萤蝇,,,,,,,no_image
131119,Xenochila integrifolia,黄羽苔,,,,,,,no_image
71722,Xenolispa kowarzi,黄蹠客溜蝇,,,,,,,no_image
153446,Xenodochus carbonarius,煤色拟多胞锈菌,,,,,,,no_image
83015,Xenophrys yingjiangensis,盈江角蟾,,,,,,,no_image
71775,Xenozancla versicolor,赞青尺蛾,,,,,,,no_image
71755,Xenotachina bicoloridorsalis,彩背客夜蝇,,,,,,,no_image
71741,Xenortholitha euthygramma,直线黑点尺蛾,,,,,,,no_image
149357,Xerocomus cuneipes,,,,,,,,no_image
147530,Xeromphalina tenuipes,细柄干脐菇,,,,,,,no_image
149377,Xerocomus puniceus,紫红绒盖牛肝菌,,,,,,,no_image
15335,Xestaspis rostrata,喙状希塔蛛,,,,,,,no_image
71799,Xestia draesekei,拙鲁夜蛾,,,,,,,no_image
71819,Xestia propitia,和鲁夜蛾,,,,,,,no_image
71838,Xestomyia fimbrunana,缨跗亮黑蝇,,,,,,,no_image
71869,Xiphozele sangangensis,三港刀腹茧蜂,,,,,,,no_image
71852,Xiphidiopsis cheni,陈氏剑螽,,,,,,,no_image
144781,Xylaria bambusicola,竹生炭角菌,,,,,,,no_image
71883,Xuella lageniharpes,葫突薛麻蝇,,,,,,,no_image
144821,Xylaria gigantea,大炭角菌,,,,,,,no_image
144801,Xylaria cranioides,瘿状炭角菌,,,,,,,no_image
144841,Xylaria kedahae,皱柄炭角菌,,,,,,,no_image
144861,Xylaria nigrescens,黑炭角菌,,,,,,,no_image
152624,Xylobolus subpileatus,密绒趋木菌,,,,,,,no_image
144881,Xylaria regalis,庄严炭角菌,,,,,,,no_image
71887,Xylariopsis albofasciata,,,,,,,,no_image
71916,Xylocopa ruficeps,朱胸木蜂,,,,,,,no_image
150718,Xylodon hallenbergii,,,,,,,,no_image
139389,Xyloma salicinum,,,,,,,,no_image
71944,Xylophagus cinctus,普通食木虻,,,,,,,no_image
71959,Xylota coquilletti,黑腹木蚜蝇,,,,,,,no_image
71979,Xylota tarda,懒木蚜蝇,,,,,,,no_image
72003,Xylotrechus cuneipennis,,,,,,,,no_image
72030,Xylotrechus lateralis,,,,,,,,no_image
72054,Xylotrechus rusticus,,,,,,,,no_image
72073,Xyphosia miliaria,黄彩实蝇,,,,,,,no_image
14627,Xysticus concretus,合生花蟹蛛,,,,,,,no_image
14717,Xysticus kansuensis,甘肃花蟹蛛,,,,,,,no_image
14776,Xysticus sjostedti,舍氏花蟹蛛,,,,,,,no_image
72097,Yelicones nipponensis,日本阔跗茧蜂,,,,,,,no_image
13274,Yaginumanis wanlessi,沃氏后雅蛛,,,,,,,no_image
131149,Yinshania furcatopilosa,叉毛阴山荠,,,,,,,no_image
72086,Yanunka incerta,拟锥翅飞虱,,,,,,,no_image
19157,Yoshiicerus persimilis,,,,,,,,no_image
131166,Youngia henryi,长裂黄鹌菜,,,,,,,no_image
131190,Youngia szechuanica,少花黄鹌菜,,,,,,,no_image
72129,Ypthima formosana,台湾矍眼蝶,,,,,,,no_image
14275,Yuelushannus alatus,翼岳麓蛛,,,,,,,no_image
131217,Yulania kobus,日本辛夷,,,,,,,no_image
72159,Yunleon longicorpus,长腹云蚁蛉,,,,,,,no_image
83062,Yunnanilus jinxiensis,靖西云南鳅,,,,,,,no_image
83082,Yunnanilus spanisbripes,横斑云南鳅,,,,,,,no_image
131257,Yushania falcatiaurita,粉竹,,,,,,,no_image
131237,Yushania basihirsuta,毛玉山竹,,,,,,,no_image
131277,Yushania maculata,斑壳玉山竹,,,,,,,no_image
131300,Yushania varians,庐山玉山竹,,,,,,,no_image
72192,Zanchius mosaicus,碎斑平盲蝽,,,,,,,no_image
1762,Zachsiella nigromaculata,黑斑沙蠕虫,,,,,,,no_image
72209,Zanclognatha nakatomi,灰褐镰须夜蛾,,,,,,,no_image
131344,Zanthoxylum integrifolium,兰屿花椒,,,,,,,no_image
131311,Zannichellia palustris,角果藻,,,,,,,no_image
131366,Zanthoxylum simulans,野花椒,,,,,,,no_image
72233,Zaphne melaena,暗胸鞭隰蝇,,,,,,,no_image
72247,Zaprionus pyinoolwinensis,平奥温线果蝇,,,,,,,no_image
72256,Zavreliella marmorata,纹理刷毛摇蚊,,,,,,,no_image
131380,Zelkova schneideriana,大叶榉树,,,,,,,no_image
131379,Zehneria wallichii,锤果马瓟儿,,,,,,,no_image
13765,Zelotes helsdingeni,赫尔斯狂蛛,,,,,,,no_image
13843,Zelotes zhaoi,赵氏狂蛛,,,,,,,no_image
72290,Zeros maculosus,多斑等脉水蝇,,,,,,,no_image
131396,Zeuxine hainanensis,海南线柱兰,,,,,,,no_image
83118,Zhangixalus daweishanensis,大围山树蛙,,,,,,,no_image
83138,Zhangixalus puerensis,普洱树蛙,,,,,,,no_image
2753,Ziba colveri,三叶草笔螺,,,,,,,no_image
131424,Zingiber flavomaculosum,黄斑姜,,,,,,,no_image
131444,Zingiber nanlingensis,南岭姜,,,,,,,no_image
131465,Zingiber tuanjuum,团聚姜,,,,,,,no_image
72324,Zolotarewskya longicostalia,桑消颊齿腿金小蜂,,,,,,,no_image
131477,Ziziphora clinopodioides,风轮新塔花,,,,,,,no_image
83148,Zoarchias major,壮体小绵鳚,,,,,,,no_image
155515,Zoophthora creatonoti,,,,,,,,no_image
83165,Zoothera salimalii,喜山淡背地鸫,,,,,,,no_image
131499,Zostera asiatica,宽叶大叶藻,,,,,,,no_image
131507,Zoysia pacifica,细叶结缕草,,,,,,,no_image
7301,Zygophylax rufa,淡红合螅,,,,,,,no_image
132260,Zwackhiomyces dispersus,,,,,,,,no_image
131535,Zygophyllum sinkiangense,新疆驼蹄瓣,,,,,,,no_image
72361,Zygoneura disparilis,异轭眼蕈蚊,,,,,,,no_image
144492,Zygospermella insignis,,,,,,,,no_image
72414,Zyras granapicalis,,,,,,,,no_image
72394,Zyras caloderoides,,,,,,,,no_image
72434,Zyras particornis,,,,,,,,no_image
5725,petrosum haematraga,紫底星螺,,,,,,,no_image
72454,Zyras subobsoletus,,,,,,,,no_image
