taxon_id,sci_name,cn_name,image_path,image_url,author,license,license_url,page_url,status
871,Abrina sibogai,西伯格阿布蛤,,,,,,,no_image
19441,Abaxisotima multipunctata,多点远素螽,,,,,,,no_image
10311,Abacarus romentosus,,,,,,,,no_image
10642,Abacarus adinandrae,,,,,,,,no_image
19490,Absala dorcada,羚尺蛾,,,,,,,no_image
7911,Abyla brownia,小双翼多面水母,,,,,,,no_image
19504,Acalolepta elongata,,,,,,,,no_image
19532,Acalolepta sericeomicans,,,,,,,,no_image
19546,Acanthaclisis pallida,尾棘蚁蛉,,,,,,,no_image
17221,Acanthatrium taiwanensis,台湾刺囊吸虫,,,,,,,no_image
83190,Abelmoschus manihot,黄蜀葵,,https://upload.wikimedia.org/wikipedia/commons/6/6b/Abelmoschus_manihot_ssp_tetraphyllus_W_IMG_2157.jpg?utm_source=en.wikipedia.org&utm_campaign=api&utm_content=thumbnail_unscaled,J.M.Garg,CC BY 3.0,https://creativecommons.org/licenses/by/3.0,https://en.wikipedia.org/wiki/File:Abelmoschus_manihot_ssp_tetraphyllus_W_IMG_2157.jpg,download_failed
72477,Ablepharus eremchenkoi,叶氏泛蜥,,https://upload.wikimedia.org/wikipedia/commons/6/6a/Stamp_of_Kyrgyzstan_113.jpg?utm_source=en.wikipedia.org&utm_campaign=api&utm_content=thumbnail_unscaled,Post of Kyrgyzstan,Public domain,,https://en.wikipedia.org/wiki/File:Stamp_of_Kyrgyzstan_113.jpg,download_failed
152520,Acanthofungus rimosus,裂纹刺囊革菌,,,,,,,no_image
83315,Acantholimon lycopodioides,石松彩花,,,,,,,no_image
72494,Abudefduf notatus,黄尾豆娘鱼,,https://upload.wikimedia.org/wikipedia/commons/3/3a/Abudefduf_notatus.JPG?utm_source=en.wikipedia.org&utm_campaign=api&utm_content=thumbnail_unscaled,Roberto Pillon (Fishbase),CC BY 3.0,https://creativecommons.org/licenses/by/3.0,https://en.wikipedia.org/wiki/File:Abudefduf_notatus.JPG,download_failed
19574,Acanthonevra trigona,东亚刺脉实蝇,,,,,,,no_image
152521,Acanthophysellum canadense,加拿大小棘囊菌,,,,,,,no_image
19584,Acanthoptura sericeicollis,丝光刺尾花天牛,,,,,,,no_image
83272,Acacia podalyriifolia,珍珠相思,images/00/08/00083272.webp,https://thumb.wikimedia.org/wikipedia/commons/thumb/f/f1/Acacia_podalyriifolia.jpg/960px-Acacia_podalyriifolia.jpg?utm_source=en.wikipedia.org&utm_campaign=api&utm_content=thumbnail,Bidgee,CC BY-SA 3.0,https://creativecommons.org/licenses/by-sa/3.0,https://en.wikipedia.org/wiki/File:Acacia_podalyriifolia.jpg,ok
19448,Abisara abnormis,曲带褐蚬蝶,images/00/01/00019448.webp,https://thumb.wikimedia.org/wikipedia/commons/thumb/d/d4/Abisara_abnormis_403.png/960px-Abisara_abnormis_403.png?utm_source=en.wikipedia.org&utm_campaign=api&utm_content=thumbnail,J N Fitch (art); Frederic C Moore (text),Public domain,,https://en.wikipedia.org/wiki/File:Abisara_abnormis_403.png,ok
10290,Acaphyllisa communiae,,,,,,,,no_image
83225,Abies holophylla,杉松,images/00/08/00083225.webp,https://thumb.wikimedia.org/wikipedia/commons/thumb/9/9a/Abies_holophylla.jpg/960px-Abies_holophylla.jpg?utm_source=en.wikipedia.org&utm_campaign=api&utm_content=thumbnail,No machine-readable author provided. MPF assumed (based on copyright claims).,CC BY 2.5,https://creativecommons.org/licenses/by/2.5,https://en.wikipedia.org/wiki/File:Abies_holophylla.jpg,ok
19603,Acasis viretata,沼尺蛾,,,,,,,no_image
135114,Acarospora oligospora,寡微孢衣,,,,,,,no_image
155546,Acaulospora excavata,凹坑无梗囊霉,,,,,,,no_image
135094,Acarospora admissa,微孢衣,,,,,,,no_image
155566,Acaulospora taiwania,,,,,,,,no_image
72582,Acentronura breviperula,短身细尾海龙,,,,,,,no_image
83283,Acalypha hispida,红穗铁苋菜,images/00/08/00083283.webp,https://thumb.wikimedia.org/wikipedia/commons/thumb/7/7b/Acalypha_Hispida_DS.jpg/960px-Acalypha_Hispida_DS.jpg?utm_source=en.wikipedia.org&utm_campaign=api&utm_content=thumbnail,Augustus Binu/ facebook,CC BY-SA 3.0,https://creativecommons.org/licenses/by-sa/3.0,https://en.wikipedia.org/wiki/File:Acalypha_Hispida_DS.jpg,ok
83362,Acer crassum,厚叶槭,,,,,,,no_image
83385,Acer laevigatum,光叶槭,,,,,,,no_image
83407,Acer paihengii,富宁槭,,,,,,,no_image
72508,Acanthocepola limbata,背点棘赤刀鱼,,https://upload.wikimedia.org/wikipedia/commons/8/85/IttenAT.jpg?utm_source=en.wikipedia.org&utm_campaign=api&utm_content=thumbnail_unscaled,Izuzuki,CC BY 3.0,https://creativecommons.org/licenses/by/3.0,https://en.wikipedia.org/wiki/File:IttenAT.jpg,download_failed
83462,Acer yangbiense,漾濞槭,,,,,,,no_image
83435,Acer sino-oblongum,滨海槭,,,,,,,no_image
10007,Aceria gallae,,,,,,,,no_image
10041,Aceria meliae,,,,,,,,no_image
139729,Acetabula helvellula,,,,,,,,no_image
10147,Aceria quadrimarginis,,,,,,,,no_image
10304,Aceria yushania,,,,,,,,no_image
19616,Achaea janata,飞扬阿夜蛾,,,,,,,no_image
72529,Acanthosaura lepidogaster,丽棘蜥,,https://thumb.wikimedia.org/wikipedia/commons/thumb/5/5b/Acanthosaura_lepidogaster_by_Rushen_%28cropped%29.jpg/960px-Acanthosaura_lepidogaster_by_Rushen_%28cropped%29.jpg?utm_source=en.wikipedia.org&utm_campaign=api&utm_content=thumbnail,,,,https://en.wikipedia.org/wiki/Acanthosaura_lepidogaster,license_rejected
72606,Achalinus yangdatongi,杨氏脊蛇,,,,,,,no_image
72586,Achalinus dabieshanensis,大别山脊蛇,,,,,,,no_image
72624,Acheilognathus tonkinensis,越南&#x0000E05E;,,,,,,,no_image
83479,Achillea salicifolia,柳叶蓍,,,,,,,no_image
72543,Acanthurus lineatus,纵带刺尾鱼,,https://upload.wikimedia.org/wikipedia/commons/6/66/Acanthurus_lineatus_Reunion.jpg?utm_source=en.wikipedia.org&utm_campaign=api&utm_content=thumbnail_unscaled,,,,https://en.wikipedia.org/wiki/Acanthurus_lineatus,license_rejected
83491,Achnatherum inaequiglume,异颖芨芨草,,,,,,,no_image
19645,Aciagrion huaanensis,华安狭翅蟌,,,,,,,no_image
19665,Acidiella rioxaeformis,眉平脉实蝇,,,,,,,no_image
83525,Acilepis divergens,叉枝尖鸠菊,,,,,,,no_image
83513,Acidosasa chienouensis,粉酸竹,,,,,,,no_image
19715,Aclerls ferrugana,山毛榉长翅卷蛾,,,,,,,no_image
19735,Aclerls placata,圆扁长翅卷蛾,,,,,,,no_image
149642,Acladium curtisii,,,,,,,,no_image
83570,Aconitum brunneum,褐紫乌头,,,,,,,no_image
83537,Acmella paniculata,金纽扣,,,,,,,no_image
19758,Acomocera longiconea,长尖瘦盲蝽,,,,,,,no_image
83632,Aconitum geniculatum,膝瓣乌头,,,,,,,no_image
83601,Aconitum diqingense,迪庆乌头,,,,,,,no_image
83702,Aconitum lycoctonifolium,牛扁叶乌头,,,,,,,no_image
83666,Aconitum kirinense,吉林乌头,,,,,,,no_image
83729,Aconitum piepunense,中甸乌头,,,,,,,no_image
83757,Aconitum rilongense,邛崃山乌头,,,,,,,no_image
83782,Aconitum stylosoides,拟显柱乌头,,,,,,,no_image
83811,Aconitum wumengense,乌蒙乌头,,,,,,,no_image
19774,Acosmeryx cinerea,斜带缺角天蛾,,,,,,,no_image
72630,Acreichthys tomentosus,白线鬃尾鲀,,,,,,,no_image
19796,Acricotopus longipalpus,长须异环足摇蚊,,,,,,,no_image
19832,Acroceratitis incompleta,黄肩刺角实蝇,,,,,,,no_image
72634,Acridotheres cristatellus,八哥,,,,,,,no_image
72644,Acrocephalus arundinaceus,大苇莺,,,,,,,no_image
19842,Acrocormus ulmi,榆痣斑金小蜂,,,,,,,no_image
141320,Acrodictys micheliae,,,,,,,,no_image
83844,Acrolejeunea polymorphus,多形顶鳞苔,,,,,,,no_image
83860,Acronema chinense,尖瓣芹,,,,,,,no_image
19860,Acroneuria hainana,海南钮(虫责),,,,,,,no_image
6954,Acropora azurea,天蓝鹿角珊瑚,,,,,,,no_image
19880,Acronicta hercules,榆剑纹夜蛾,,,,,,,no_image
19900,Acronicta rumicis,梨剑纹夜蛾,,,,,,,no_image
6958,Acropora sarmentosa,多枝鹿角珊瑚,,,,,,,no_image
6969,Acropora horrida,丑鹿角珊瑚,,,,,,,no_image
83890,Acroporium strepsiphyllum,疣柄顶胞藓,,,,,,,no_image
142270,Acrospeira mirabilis,,,,,,,,no_image
19956,Acrotona haniensis,,,,,,,,no_image
141861,Acrostalagmus aphidum,,,,,,,,no_image
5961,Acrotocepheus emeiensis,峨嵋顶头甲螨,,,,,,,no_image
19976,Acrotona qinlingicola,,,,,,,,no_image
20012,Actias kongjiaria,贡戛绿尾大蚕蛾,,,,,,,no_image
83906,Actaea nanchuanensis,南川升麻,,,,,,,no_image
9073,Acrotritia peniciltata,,,,,,,,no_image
3894,Acteocina nanshanensis,南沙拟捻螺,,,,,,,no_image
20034,Actina spatulata,匙突星水虻,,,,,,,no_image
83934,Actinidia fortunatii,条叶猕猴桃,,,,,,,no_image
83961,Actinidia obovata,倒卵叶猕猴桃,,,,,,,no_image
83997,Actinodaphne menghaiensis,勐海黄肉楠,,,,,,,no_image
83985,Actinidia venosa,显脉猕猴桃,,,,,,,no_image
20051,Actinotia intermediata,间敏炫夜蛾,,,,,,,no_image
10181,Aculodes bambusae,,,,,,,,no_image
136786,Actinoplaca strigulacea,,,,,,,,no_image
10617,Aculops lysimachiae,,,,,,,,no_image
10113,Aculus ablopurpurascus,,,,,,,,no_image
10026,Aculus sorbariae,,,,,,,,no_image
6165,Adamnestia protracta,长柱核螺,,,,,,,no_image
10486,Aculus jingbois,,,,,,,,no_image
20083,Adelencyrtus aulacaspidis,轮盾蚧阿德跳小蜂,,,,,,,no_image
20102,Adelphococris obliquefasciatus,斜斑苜蓿盲蝽,,,,,,,no_image
20122,Adelphomyia reductana,瑞盲大蚊,,,,,,,no_image
84079,Adenophora rupincola,多毛沙参,,,,,,,no_image
84047,Adenophora himalayana,喜马拉雅沙参,,,,,,,no_image
20125,Adia alatavensis,天山粪种蝇,,,,,,,no_image
84128,Adiantum gravesii,白垩铁线蕨,,,,,,,no_image
84151,Adiantum subpedatum,昌化铁线蕨,,,,,,,no_image
84178,Adinandra integerrima,全缘叶杨桐,,,,,,,no_image
20141,Admontia grandicornis,巨角毛颜寄蝇,,,,,,,no_image
20189,Aedes chungi,钟氏伊蚊,,,,,,,no_image
20169,Aedes albineus,白色伊蚊,,,,,,,no_image
20148,Adoxomyia lugubris,泸沽隐水虻,,,,,,,no_image
20273,Aedes punctor,刺螫伊蚊,,,,,,,no_image
20210,Aedes flavescens,黄色伊蚊,,,,,,,no_image
20253,Aedes niveoides,类雪伊蚊,,,,,,,no_image
20231,Aedes kasachstanicus,哈萨克伊蚊,,,,,,,no_image
20293,Aedes tonkinensis,北部伊蚊,,,,,,,no_image
84214,Aegopodium latifolium,宽叶羊角芹,,,,,,,no_image
17600,Aegista furtira,扶提拉大脐蜗牛,,,,,,,no_image
84218,Aeluropus pungens,小獐毛,,,,,,,no_image
84223,Aerides flabellata,扇唇指甲兰,,,,,,,no_image
20363,Aeropedellus reuteri,蛛蝗,,,,,,,no_image
20332,Aeolothrips melaleucus,黑白纹蓟马,,,,,,,no_image
20340,Aeromachus dubius,疑锷弄蝶,,,,,,,no_image
20385,Aeschnophlebia owadai,褐面黑额蜓,,,,,,,no_image
84259,Aeschynanthus gracilis,细芒毛苣苔,,,,,,,no_image
20393,Aeshna affinis,硕斑蜓,,,,,,,no_image
20413,Aethes hoenei,多齿双纹卷蛾,,,,,,,no_image
84279,Aeschynanthus planipetiolatus,扁柄芒毛苣苔,,,,,,,no_image
72760,Aetomylaeus milvus,鹰状无刺鲼,,,,,,,no_image
11034,Agalenatea redii,雷氏柔蛛,,,,,,,no_image
84336,Agapetes hyalocheilos,透明边树萝卜,,,,,,,no_image
84314,Agapetes angulata,棱枝树萝卜,,,,,,,no_image
84359,Agapetes mitrarioides,亮红树萝卜,,,,,,,no_image
84379,Agapetes wenpeiana,文培树萝卜,,,,,,,no_image
144936,Agaricus armeniacus,,,,,,,,no_image
144956,Agaricus brunnescens,变褐蘑菇,,,,,,,no_image
144976,Agaricus comtulus,小白菇,,,,,,,no_image
144996,Agaricus fabaceus,,,,,,,,no_image
145016,Agaricus latus,,,,,,,,no_image
145036,Agaricus niveobrunneus,黄白蘑菇,,,,,,,no_image
145076,Agaricus semotellus,长脚小林蘑菇,,,,,,,no_image
145096,Agaricus trepidus,,,,,,,,no_image
145056,Agaricus praecox,田头菇,,,,,,,no_image
20442,Agasta formosa,黄丽斑叶甲,,,,,,,no_image
84384,Agathis dammara,贝壳杉,,,,,,,no_image
84389,Agelaea trinervis,栗豆藤,,,,,,,no_image
20509,Agelosus fushunicus,,,,,,,,no_image
20505,Agelasta yunnanensis,,,,,,,,no_image
84400,Aglaia testicularis,马肾果,,,,,,,no_image
5772,Aglaophamus tepens,暖湿内卷齿蚕,,,,,,,no_image
20557,Agnaptoria ruida,粗贞琵甲,,,,,,,no_image
20537,Agnaptoria danbaensis,丹巴贞琵甲,,,,,,,no_image
20605,Agnidra tigrina,虎纹距钩蛾,,,,,,,no_image
20579,Agnetina spinata,有刺剑(虫责),,,,,,,no_image
20620,Agonita indenticalata,无齿三脊甲,,,,,,,no_image
20646,Agriomorpha fusca,白尾野蟌,,,,,,,no_image
605,Agononida rubrizonata,红斑斗铠虾,,,,,,,no_image
20666,Agromyza plebeia,银白捕潜蝇,,,,,,,no_image
15470,Agroeca dentigera,细齿田野蛛,,,,,,,no_image
148161,Agrocybe firma,,,,,,,,no_image
84445,Agrostis kunmingensis,昆明剪股颖,,,,,,,no_image
20679,Agrosteella violaceicollis,紫胸平胸叶甲,,,,,,,no_image
20690,Agrotis exclamationis,警纹地夜蛾,,,,,,,no_image
20709,Ahlbergia frivaldszkyi,东北梳灰蝶,,,,,,,no_image
84462,Ahnfeltia yinggehaiensis,莺歌海伊谷藻,,,,,,,no_image
14400,Agyneta dactylis,指丘皿蛛,,,,,,,no_image
84506,Ainsliaea elegans,秀丽兔儿风,,,,,,,no_image
84482,Ailanthus guangxiensis,广西臭椿,,,,,,,no_image
20732,Aischrocrania aldrichi,散带偶角实蝇,,,,,,,no_image
84531,Ainsliaea paucicapitata,花莲兔儿风,,,,,,,no_image
84562,Ajania khartensis,铺散亚菊,,,,,,,no_image
84582,Ajania trilobata,矮亚菊,,,,,,,no_image
72774,Akysis sinensis,中华粒鲇,,,,,,,no_image
84608,Ajuga macrosperma,大籽筋骨草,,,,,,,no_image
84664,Albizia corniculata,天香藤,,,,,,,no_image
142277,Alatospora pulchella,,,,,,,,no_image
151924,Albatrellus henanensis,河南地花菌,,,,,,,no_image
138432,Albotricha hainesii,汉斯白毛盘菌,,,,,,,no_image
72805,Alcedo hercules,斑头大翠鸟,,,,,,,no_image
72812,Alcippe fratercula,云南雀鹛,,,,,,,no_image
20754,Aleiodes albigenus,白颊脊茧蜂,,,,,,,no_image
135790,Alectoria americana,美洲树菱,,,,,,,no_image
20774,Aleiodes fahringeri,法氏脊茧蜂,,,,,,,no_image
20810,Aleochara beijingensis,,,,,,,,no_image
20794,Aleiodes petalus,侧扁脊茧蜂,,,,,,,no_image
20830,Aleochara globicollis,,,,,,,,no_image
20850,Aleochara puberula,,,,,,,,no_image
20898,Aletia subplacida,润研夜蛾,,,,,,,no_image
20870,Aleochara viatica,,,,,,,,no_image
20878,Aletia fasciata,黑纹研夜蛾,,,,,,,no_image
140344,Aleurina atra,,,,,,,,no_image
140364,Aleurina stipitata,,,,,,,,no_image
140324,Aleuria aurantia,橙黄网孢盘菌,,,,,,,no_image
84735,Aleuritopteris grisea,阔盖粉背蕨,,,,,,,no_image
20902,Aleurodaphis mikaniae,米甘草粉虱蚜,,,,,,,no_image
20924,Algon holzschuhi,,,,,,,,no_image
72855,Alexandromys kikuchii,台湾田鼠,,,,,,,no_image
152547,Aleurodiscus parvisporus,微孢盘革菌,,,,,,,no_image
84775,Allardia huegelii,多毛扁芒菊,,,,,,,no_image
2927,Aliaporcellana pygmaea,微异瓷蟹,,,,,,,no_image
20955,Alliopsis aertaica,阿尔泰毛眼花蝇,,,,,,,no_image
9299,Alismobates reticulatus,网丰甲螨,,,,,,,no_image
20975,Alliopsis magnilamella,大板毛眼花蝇,,,,,,,no_image
84793,Allium atrosanguineum,蓝苞葱,,,,,,,no_image
84819,Allium clathratum,细叶北韭,,,,,,,no_image
84840,Allium galanthum,实莛葱,,,,,,,no_image
84864,Allium kurssanovii,条叶长喙韭,,,,,,,no_image
20993,Allobaccha nigricosta,黑缘异巴蚜蝇,,,,,,,no_image
84886,Allium obliquum,高莛韭,,,,,,,no_image
84913,Allium ramosum,野韭,,,,,,,no_image
84935,Allium siphonanthum,管花葱,,,,,,,no_image
21005,Allodahlia bispina,双刺异螋,,,,,,,no_image
84955,Allium tsinlingense,秦岭韭,,,,,,,no_image
15532,Allochthonius wui,吴氏异伪蝎,,,,,,,no_image
21022,Alloeorhynchus vinulus,黑头异姬蝽,,,,,,,no_image
21041,Allognosta fuscipennis,污翅距水虻,,,,,,,no_image
21061,Allognosta vagans,奇距水虻,,,,,,,no_image
84976,Allomorphia howellii,腾冲异形木,,,,,,,no_image
21080,Allohelea zhuhaiensis,珠海埃蠓,,,,,,,no_image
21092,Allophorocera pachystyla,肥异寄蝇,,,,,,,no_image
19387,Allonychiurus shandongensis,,,,,,,,no_image
21098,Alloprosopaea algerica,阿尔阿洛寄蝇,,,,,,,no_image
21106,Allothrips bicolor,二色奇管蓟马,,,,,,,no_image
21134,Alluaudomyia fregata,船舶阿蠓,,,,,,,no_image
21119,Alloxiphidiopsis cyclolamina,环板异剑螽,,,,,,,no_image
84995,Alniphyllum eberhardtii,滇赤杨叶,,,,,,,no_image
85016,Alocasia macrorrhizos,热亚海芋,,,,,,,no_image
6229,Aloiloi nenue,新阿洛钩虾,,,,,,,no_image
16453,Alopecosa disca,盘形舞蛛,,,,,,,no_image
21169,Aloconota longwangensis,,,,,,,,no_image
1331,Alpheus audouini,奥多鼓虾,,,,,,,no_image
72866,Alophoixus flaveolus,黄腹冠鹎,,,,,,,no_image
16289,Alopecosa passibilis,苦舞蛛,,,,,,,no_image
1364,Alpheus sibogae,东方鼓虾,,,,,,,no_image
1370,Alpheus malleodigitus,锤指鼓虾,,,,,,,no_image
1376,Alpheus edwardsii,艾德华鼓虾,,,,,,,no_image
85069,Alpinia intermedia,光叶山姜,,,,,,,no_image
85045,Alpinia austrosinense,三叶山姜,,,,,,,no_image
85127,Alsophila loheri,南洋桫椤,,,,,,,no_image
149462,Alpova piceus,光黑须腹菌,,,,,,,no_image
85090,Alpinia pinnanensis,柱穗山姜,,,,,,,no_image
85141,Alternanthera sessilis,莲子草,,,,,,,no_image
133870,Alternaria catalpae,,,,,,,,no_image
133850,Alternaria basellae,,,,,,,,no_image
133910,Alternaria gomphrenae,,,,,,,,no_image
133890,Alternaria cucurbitae,,,,,,,,no_image
133930,Alternaria longissima,,,,,,,,no_image
133950,Alternaria papaveris-somniferi,,,,,,,,no_image
133990,Alternaria suffruticosicola,,,,,,,,no_image
134010,Alternaria zhengzhouensis,,,,,,,,no_image
133970,Alternaria quercus,栎链格孢,,,,,,,no_image
85143,Altingia chinensis,蕈树,,,,,,,no_image
72885,Aluterus monoceros,单角革鲀,,,,,,,no_image
85161,Alyssum lenense,北方庭荠,,,,,,,no_image
21230,Amamiclytus nubilus,,,,,,,,no_image
142297,Amanita berkeleyi,毛柄鹅膏菌,,,,,,,no_image
135158,Amandinea extenuata,,,,,,,,no_image
142337,Amanita fuliginea,灰花纹鹅膏,,,,,,,no_image
142317,Amanita clarisquamosa,,,,,,,,no_image
142357,Amanita japonica,日本鹅膏,,,,,,,no_image
142377,Amanita neo-ovoidea,新卵托鹅膏,,,,,,,no_image
142437,Amanita vaginata,,,,,,,,no_image
142417,Amanita smithiana,史米斯鹅膏菌,,,,,,,no_image
142397,Amanita pilosella,暗鱗隐丝鹅膏,,,,,,,no_image
145559,Amanitopsis strangulata,灰圈托柄菇,,,,,,,no_image
1812,Amastigia tricervicornis,三茸无鞭苔虫,,,,,,,no_image
85205,Amaranthus standleyanus,菱叶苋,,,,,,,no_image
151139,Amauroderma coffeatum,,,,,,,,no_image
151159,Amauroderma longipes,长柄假芝,,,,,,,no_image
21261,Ambadra modesta,中伟舟蛾,,,,,,,no_image
72922,Amblygaster clupeoides,短颌钝腹鲱,,,,,,,no_image
151179,Amauroderma rugosum,,,,,,,,no_image
21286,Amblypsilopus guangxiensis,广西雅长足虻,,,,,,,no_image
85213,Amblyanthus chenii,墨脱锥药金牛,,,,,,,no_image
21306,Amblypsilopus setosus,多鬃雅长足虻,,,,,,,no_image
21266,Amblypsilopus abruptus,截形雅长足虻,,,,,,,no_image
21336,Amegilla jacobi,雅无垫蜂,,,,,,,no_image
141000,Ambrosiozyma platypodis,,,,,,,,no_image
21362,Amiota aculeata,微刺阿果蝇,,,,,,,no_image
21402,Amiota fuscata,褐腿阿果蝇,,,,,,,no_image
85231,Amentotaxus hekouensis,河口穗花杉,,,,,,,no_image
21382,Amiota brevipartita,短板阿果蝇,,,,,,,no_image
21442,Amiota spinata,具刺阿果蝇,,,,,,,no_image
21422,Amiota nagatai,长田阿果蝇,,,,,,,no_image
72949,Amolops binchachaensis,丙察察湍蛙,,,,,,,no_image
21462,Amischa sichuanensis,,,,,,,,no_image
72970,Amolops jinjiangensis,金江湍蛙,,,,,,,no_image
21468,Amnesicoma entephraria,石帷尺蛾,,,,,,,no_image
85251,Amomum coriandriodorum,荽味砂仁,,,,,,,no_image
72991,Amolops tawang,达旺湍蛙,,,,,,,no_image
85271,Amomum pauciflorum,少花豆蔻,,,,,,,no_image
21481,Amorpha amurensis,黄脉天蛾,,,,,,,no_image
85310,Amorphophallus xiei,谢君魔芋,,,,,,,no_image
85315,Ampelocalamus hirsutissimus,多毛悬竹,,,,,,,no_image
6050,Ampelisca chinensis,华双眼钩虾,,,,,,,no_image
21483,Ampelophaga dolichoides,灰褐葡萄天蛾,,,,,,,no_image
21501,Amphiallagma parvum,天蓝安蟌,,,,,,,no_image
7375,Amphicaryon peltifera,盾状双钟水母,,,,,,,no_image
3229,Amphilochus menehune,短板矛钩虾,,,,,,,no_image
21517,Amphinemura annulata,环叶倍叉(虫责),,,,,,,no_image
21537,Amphinemura falciloba,镰叶倍叉(虫责),,,,,,,no_image
1197,Amphiodia orientalis,东方三齿蛇尾,,,,,,,no_image
21577,Amphinemura pterygoidea,翅突倍叉(虫责),,,,,,,no_image
21557,Amphinemura latifollicula,侧囊倍叉(虫责),,,,,,,no_image
1202,Amphipholis kochii,柯氏双鳞蛇尾,,,,,,,no_image
21600,Amphipsylla apiciflata,端平双蚤,,,,,,,no_image
21626,Amphipsylla quadratoides,似方双蚤,,,,,,,no_image
21655,Amphipyra sergei,丝杂夜蛾,,,,,,,no_image
21660,Ampittia dioscorides,黄斑弄蝶,,,,,,,no_image
1218,Amphiura divaricata,分歧阳遂足,,,,,,,no_image
17786,Amynthas cruratus,疣突远盲蚓,,,,,,,no_image
21676,Amurrhyparia leopardinula,黑纹北灯蛾,,,,,,,no_image
148766,Amyloxenasma allantosporum,,,,,,,,no_image
151964,Amylaria himalayensis,喜马拉雅疣孢珊瑚菌,,,,,,,no_image
17980,Amynthas benigmus,慈竹远盲蚓,,,,,,,no_image
18020,Amynthas dyeri,戴尔远盲蚓,,,,,,,no_image
17994,Amynthas glabrus,平滑远盲蚓,,,,,,,no_image
17773,Amynthas infantilis,婴孩远盲蚓,,,,,,,no_image
17800,Amynthas lini,林氏远盲蚓,,,,,,,no_image
17956,Amynthas monsoonus,季风远盲蚓,,,,,,,no_image
17803,Amynthas rimosus,多裂远盲蚓,,,,,,,no_image
17961,Amynthas papilio,蝴蝶远盲蚓,,,,,,,no_image
17971,Amynthas tayalis,泰雅远盲蚓,,,,,,,no_image
21692,Anacanthaspis bifasciata,双斑凹盾臭虻,,,,,,,no_image
17945,Amynthas wuzhimontis,五指山远盲蚓,,,,,,,no_image
85387,Anacolosa griffithii,云南迦楼果,,,,,,,no_image
73046,Anabarilius polylepis,多鳞白鱼,,,,,,,no_image
21734,Anaglyptus nokosanus,,,,,,,,no_image
21716,Anaesthetobrium pallidipes,,,,,,,,no_image
21754,Anagyrus californicus,加州长索跳小蜂,,,,,,,no_image
4126,Anamixis dentatus,齿越南钩虾,,,,,,,no_image
85467,Anaphalis transnokoensis,能高香青,,,,,,,no_image
21774,Anagyrus ranchiensis,,,,,,,,no_image
85410,Anaphalis chungtienensis,中甸香青,,,,,,,no_image
85440,Anaphalis morrisonicola,玉山香青,,,,,,,no_image
135258,Anaptychia ophioglossa,,,,,,,,no_image
21797,Anarete iridis,鸢尾短角瘿蚊,,,,,,,no_image
135238,Anaptychia boryi,卷梢雪花衣,,,,,,,no_image
73072,Anas poecilorhyncha,南亚斑嘴鸭,,,,,,,no_image
73075,Anastomus oscitans,钳嘴鹳,,,,,,,no_image
21875,Anatkina zhangi,张氏斑大叶蝉,,,,,,,no_image
21905,Anchocerus yunnanensis,,,,,,,,no_image
21839,Anatatha lignea,黑斑曼夜蛾,,,,,,,no_image
21855,Anatkina infecta,印斑大叶蝉,,,,,,,no_image
15807,Anaulaciulus simplex,简少纹姬马陆,,,,,,,no_image
73078,Ancherythroculter nigrocauda,黑尾近红鲌,,,,,,,no_image
21937,Andropromachus guangxiense,广西粗棘䗛,,,,,,,no_image
85497,Andreaea rupestris,欧黑藓,,,,,,,no_image
21921,Ancylis geminana,柳镰翅小卷蛾,,,,,,,no_image
85532,Androsace dissecta,裂叶点地梅,,,,,,,no_image
21940,Androthrips guiyangensis,贵阳棘腿管蓟马,,,,,,,no_image
85574,Androsace robusta,雪球点地梅,,,,,,,no_image
85554,Androsace kouytchensis,贵州点地梅,,,,,,,no_image
11602,Anelosimus chonganicus,崇安粗脚蛛,,,,,,,no_image
85616,Anemone delavayi,滇川银莲花,,,,,,,no_image
85688,Anemone sylvestris,大花银莲花,,,,,,,no_image
85707,Anethum graveolens,莳萝,,,,,,,no_image
85654,Anemone obtusiloba,钝裂银莲花,,,,,,,no_image
21978,Angelogelasinus amuricola,阿穆尔安吉实蝇,,,,,,,no_image
85750,Angelica muliensis,木里当归,,,,,,,no_image
85728,Angelica danxiacola,丹霞当归,,,,,,,no_image
21972,Angarotipula aspina,缺刺裸大蚊,,,,,,,no_image
16223,Angulifemur tridigitis,三趾角股马陆,,,,,,,no_image
85782,Angiopteris esculenta,食用观音座莲,,,,,,,no_image
21996,Angustuma nigricauda,黑尾狭顶叶蝉,,,,,,,no_image
85802,Angiopteris sugongii,素功观音座莲,,,,,,,no_image
144186,Aniptodera megalospora,,,,,,,,no_image
22034,Anisolabis dubronii,杜肥螋,,,,,,,no_image
22010,Anicetus deltoideus,三角扁角跳小蜂,,,,,,,no_image
22018,Anisodera guerinii,隆额潜甲,,,,,,,no_image
22053,Ankylopteryx exquisita,缺室蜃草蛉,,,,,,,no_image
85836,Annona glabra,圆滑番荔枝,,,,,,,no_image
132360,Anisomeridium terminatum,顶生异形菌,,,,,,,no_image
22067,Annamanum lunulatum,,,,,,,,no_image
85843,Anodendron affine,鳝藤,,,,,,,no_image
85860,Anoectochilus griffithii,中红金线兰,,,,,,,no_image
338,Anomalodiscus squamosus,鳞杓拿蛤,,,,,,,no_image
144572,Annulohypoxylon leptascum,,,,,,,,no_image
85883,Anomodon flagelliformis,鞭枝多枝藓,,,,,,,no_image
22100,Anomoia cornuta,瘤额斜脉实蝇,,,,,,,no_image
22116,Anomophysis katoi,,,,,,,,no_image
22152,Anopheles maculatus,多斑按蚊,,,,,,,no_image
22131,Anopheles dravidicus,达罗毗按蚊,,,,,,,no_image
15966,Anoplodesmus aspinosus,,,,,,,,no_image
22195,Anoplodera excavata,,,,,,,,no_image
22172,Anopheles stephensi,斯氏按蚊,,,,,,,no_image
22265,Anotogaster kuchenbeiseri,双斑圆臀大蜓,,,,,,,no_image
22254,Anoplophora wusheana,,,,,,,,no_image
22232,Anoplophora fruhstorferi,,,,,,,,no_image
22305,Anotylus linaxi,,,,,,,,no_image
22283,Anotylus complanatoides,,,,,,,,no_image
73129,Antennatus nummifer,康氏躄鱼,,,,,,,no_image
22325,Anotylus subsericeus,,,,,,,,no_image
73114,Anser fabalis,豆雁,,,,,,,no_image
22344,Anteon chonganense,崇安单爪螯蜂,,,,,,,no_image
22364,Anteon jurineanum,久单爪螯蜂,,,,,,,no_image
22404,Anteon wangi,汪氏单爪螯蜂,,,,,,,no_image
2374,Anthenea chinensis,中华五角海星,,,,,,,no_image
22384,Anteon priscum,旧单爪螯蜂,,,,,,,no_image
22430,Anthidium florentinum,花黄斑蜂,,,,,,,no_image
22475,Anthocharis scolymus,黄尖襟粉蝶,,,,,,,no_image
22491,Anthocoris kerzhneri,克氏原花蝽,,,,,,,no_image
22455,Anthobium confucii,,,,,,,,no_image
7519,Anthogorgia bocki,块花柳珊瑚,,,,,,,no_image
22564,Anthophora fulvitarsis,黄跗条蜂,,,,,,,no_image
22526,Anthomyia psilommata,裸目花蝇,,,,,,,no_image
22544,Anthophora auripes,黑足条蜂,,,,,,,no_image
22586,Anthophora nigrocaudata,黑尾条蜂,,,,,,,no_image
85915,Anthoxanthum horsfieldii,台湾黄花茅,,,,,,,no_image
144689,Anthostomella livistonae,,,,,,,,no_image
22606,Anthophora spinitarsis,刺跗条蜂,,,,,,,no_image
7974,Anthopleura qingdaoensis,青岛侧花海葵,,,,,,,no_image
154908,Anthracoidea sempervirentis,常绿炭黑粉菌,,,,,,,no_image
134654,Anthracothecium nanum,,,,,,,,no_image
154888,Anthracoidea filifoliae,细叶嵩草炭黑粉菌,,,,,,,no_image
4496,Antisolarium castigatum,卡斯异轮螺,,,,,,,no_image
22641,Antigius attilia,青灰蝶,,,,,,,no_image
22636,Antialcidas rectus,竖结角蝉,,,,,,,no_image
85929,Anthurium pedatoradiatum,掌叶花烛,,,,,,,no_image
7781,Antipathes ceylonensis,斯里兰卡黑珊瑚,,,,,,,no_image
22667,Antocha fuscolineata,棕纹安大蚊,,,,,,,no_image
151869,Antrodiella brunneimontana,褐山小薄孔菌,,,,,,,no_image
22687,Antocha yatungensis,亚东安大蚊,,,,,,,no_image
135812,Anzia cristulata,小鸡冠绵腹衣,,,,,,,no_image
18578,Anuraeopsis fissa,裂痕龟纹轮虫,,,,,,,no_image
85969,Antrophyum wallichianum,革叶车前蕨,,,,,,,no_image
22750,Apamea ophiogramma,褐斑秀夜蛾,,,,,,,no_image
22712,Aoria cyanea,蓝厚缘肖叶甲,,,,,,,no_image
22730,Apalacris varicornis,异角胸斑蝗,,,,,,,no_image
22770,Apatophysis serricornis,,,,,,,,no_image
22818,Aphelia fuscialis,棕光卷蛾,,,,,,,no_image
148115,Aphanobasidium pseudotsugae,,,,,,,,no_image
22799,Apenthecia foliolataToda,叶鳞眶鬃果蝇,,,,,,,no_image
22838,Aphelopus montanus,山地常足螯蜂,,,,,,,no_image
22858,Aphendala furcillata,叉茎润刺蛾,,,,,,,no_image
22894,Aphrodisium robustum,,,,,,,,no_image
22870,Aphria longirostris,长喙埃蜉寄蝇,,,,,,,no_image
85990,Aphyllodium biarticulatum,两节豆,,,,,,,no_image
22913,Apimela consors,,,,,,,,no_image
73186,Aploactis aspera,相模湾疣鲉,,,,,,,no_image
86006,Apios delavayi,云南土圞儿,,,,,,,no_image
2804,Aplysina aerophoba,惊慌秽色海绵,,,,,,,no_image
73190,Apodemus agrarius,黑线姬鼠,,,,,,,no_image
23008,Apomecyna saltator,,,,,,,,no_image
73221,Apogonichthyoides melas,黑身似天竺鱼,,,,,,,no_image
73201,Apogon amboinensis,弓线天竺鲷,,,,,,,no_image
22969,Apolygus castaneus,褐后丽盲蝽,,,,,,,no_image
22989,Apolygus spinolae,斯氏后丽盲蝽,,,,,,,no_image
9333,Apoplophora heterotricha,,,,,,,,no_image
86031,Aporosa yunnanensis,云南银柴,,,,,,,no_image
23076,Aporia lemoulti,黄翅绢粉蝶,,,,,,,no_image
23117,Apotrechus fallax,近似疾蟋螽,,,,,,,no_image
143815,Appendiculella sinsuiensis,,,,,,,,no_image
143795,Appendiculella calostroma,,,,,,,,no_image
141214,Aqualignicola hyalina,,,,,,,,no_image
23151,Apriona cinerea,,,,,,,,no_image
23183,Apsilocera brevivena,短缘脉高角金小蜂,,,,,,,no_image
73244,Apristurus sinensis,中华光尾鲨,,,,,,,no_image
86057,Aquilegia japonica,白山耧斗菜,,,,,,,no_image
86083,Arabis flagellosa,匍匐南芥,,,,,,,no_image
86104,Arachniodes gigantea,高大复叶耳蕨,,,,,,,no_image
86124,Arachniodes simplicior,长尾复叶耳蕨,,,,,,,no_image
137783,Arachnopeziza hiemalis,冬蛛盘菌,,,,,,,no_image
23197,Aragara flavaristata,黄芒螳秆蝇,,,,,,,no_image
86175,Aralia subcordata,心叶羽叶参,,,,,,,no_image
86155,Aralia fargesii,龙眼独活,,,,,,,no_image
10992,Araneus colubrinus,蛇园蛛,,,,,,,no_image
11205,Araneus ancurus,锚突园蛛,,,,,,,no_image
10911,Araneus paitaensis,白塔园蛛,,,,,,,no_image
11135,Araneus hui,胡氏园蛛,,,,,,,no_image
10876,Araneus shunhuangensis,舜皇园蛛,,,,,,,no_image
10913,Araneus xizangensis,西藏园蛛,,,,,,,no_image
23214,Araschnia burejana,布网蜘蛱蝶,,,,,,,no_image
23233,Arbolygus longustus,狭长树丽盲蝽,,,,,,,no_image
86189,Arceuthobium oxycedri,圆柏寄生,,,,,,,no_image
2259,Arca boucardia,布氏蚶,,,,,,,no_image
86195,Archangelica decurrens,下延叶球序当归,,,,,,,no_image
86204,Archidendron cordifolium,心叶猴耳环,,,,,,,no_image
23256,Archineura incarnata,赤基色蟌,,,,,,,no_image
23274,Archips issikii,落黄卷蛾,,,,,,,no_image
1150,Arcopsi minabensis,网纹拟蚶,,,,,,,no_image
23294,Archips tharsaleopus,,,,,,,,no_image
86228,Arctoa fulvella,极地藓,,,,,,,no_image
23316,Arctornis alba,茶白毒蛾,,,,,,,no_image
86253,Ardisia carnosicaulis,肉茎紫金牛,,,,,,,no_image
73300,Ardea cinerea,苍鹭,,,,,,,no_image
16568,Arctosa zhaojingzhaoi,敬钊熊蛛,,,,,,,no_image
16510,Arctosa khudiensis,库定熊蛛,,,,,,,no_image
86317,Ardisia violacea,锦花紫金牛,,,,,,,no_image
86295,Ardisia pingbienensis,长穗紫金牛,,,,,,,no_image
86273,Ardisia hanceana,大罗伞树,,,,,,,no_image
86325,Arenaria orbiculata,圆叶无心菜,,,,,,,no_image
8357,Argeia pugettensis,普吉特褐虾鳃虱,,,,,,,no_image
86385,Argentina wenchuensis,汶川蕨麻,,,,,,,no_image
86354,Argentina leuconota,银叶蕨麻,,,,,,,no_image
23350,Arguda tayana,曲线枯叶蛾,,,,,,,no_image
11039,Argiope perforata,孔金蛛,,,,,,,no_image
11441,Argyrodes argentatus,雪银斑蛛,,,,,,,no_image
86400,Argyreia fulvocymosa,黄伞白鹤藤,,,,,,,no_image
73325,Argyrophis diardii,大盲蛇,,,,,,,no_image
23393,Arhopala hellenore,海蓝娆灰蝶,,,,,,,no_image
12674,Ariadna daweiensis,大围垣蛛,,,,,,,no_image
23432,Aridelus longius,长蝽茧蜂,,,,,,,no_image
73336,Ariosoma emmae,黑美体鰻,,,,,,,no_image
86440,Arisaema ciliatum,缘毛南星,,,,,,,no_image
86482,Arisaema matsudai,线花南星,,,,,,,no_image
86462,Arisaema guangxiense,广西南星,,,,,,,no_image
86502,Arisaema ringens,普陀南星,,,,,,,no_image
23447,Aristina dolichoptera,长足芒鼓翅蝇,,,,,,,no_image
86544,Aristolochia delavayi,贯叶马兜铃,,,,,,,no_image
86524,Arisaema wilsonii,川中南星,,,,,,,no_image
86564,Aristolochia zhuhaiensis,珠海关木通,,,,,,,no_image
147682,Armillaria decorosa,,,,,,,,no_image
23466,Armigeres digitatus,五指阿蚊,,,,,,,no_image
147702,Armillariella mellea,蜜环菌,,,,,,,no_image
73358,Arothron mappa,辐纹叉鼻鲀,,,,,,,no_image
148398,Arrhenia spathulata,,,,,,,,no_image
73348,Arnoglossus macrolophus,长冠羊舌鲆,,,,,,,no_image
86615,Artemisia baxoiensis,八宿蒿,,,,,,,no_image
15061,Artema atlanta,热带巨幽蛛,,,,,,,no_image
86637,Artemisia depauperata,中亚草原蒿,,,,,,,no_image
86676,Artemisia fukudo,滨艾,,,,,,,no_image
86705,Artemisia integrifolia,柳叶蒿,,,,,,,no_image
86780,Artemisia persica,伊朗蒿,,,,,,,no_image
86756,Artemisia nanschanica,昆仑蒿,,,,,,,no_image
86866,Artemisia verbenacea,辽东蒿,,,,,,,no_image
86730,Artemisia littoricola,滨海牡蒿,,,,,,,no_image
86836,Artemisia stracheyi,冻原白蒿,,,,,,,no_image
86810,Artemisia saposhnikovii,昆仑沙蒿,,,,,,,no_image
86892,Artemisia zhongdianensis,中甸艾,,,,,,,no_image
131556,Arthonia palmulacea,,,,,,,,no_image
139467,Arthrobotrys conoides,,,,,,,,no_image
86894,Arthraxon echinatus,粗刺荩草,,,,,,,no_image
139487,Arthrobotrys thaumasia,,,,,,,,no_image
16579,Artoria parvula,小阿狼蛛,,,,,,,no_image
86955,Arundinella nodosa,多节野古草,,,,,,,no_image
135430,Arthrorhaphis citrinella,柠檬珠节衣,,,,,,,no_image
86920,Artocarpus chama,野树波罗,,,,,,,no_image
23529,Asaperda agapanthina,,,,,,,,no_image
23547,Asarkina fumipennis,烟翅狭口食蚜蝇,,,,,,,no_image
86985,Asarum fukienense,福建细辛,,,,,,,no_image
87010,Asarum senkakuinsulare,钓鱼岛细辛,,,,,,,no_image
13541,Asceua similis,相似阿斯蛛,,,,,,,no_image
23560,Ascaphium ingentis,,,,,,,,no_image
139614,Ascobolus inquinans,,,,,,,,no_image
139594,Ascobolus carneus,,,,,,,,no_image
139634,Ascobolus psittacinus,,,,,,,,no_image
133502,Ascochyta cirsii,,,,,,,,no_image
133522,Ascochyta hyoscyamicola,,,,,,,,no_image
133482,Ascochyta aquilariae,,,,,,,,no_image
133542,Ascochyta nicandrae,,,,,,,,no_image
133562,Ascochyta rosicola,,,,,,,,no_image
142465,Ascominuta lignicola,,,,,,,,no_image
139408,Ascophanus violascens,,,,,,,,no_image
133582,Ascochyta zanthoxyli,,,,,,,,no_image
23577,Asecodes delucchii,德卢截脉姬小蜂,,,,,,,no_image
23595,Asiagomphus giza,短角亚春蜓,,,,,,,no_image
9872,Asetacus obscurus,,,,,,,,no_image
23646,Asidoblaps mesa,腹突亚琵甲,,,,,,,no_image
16796,Asianopis wangi,王氏亚妖蛛,,,,,,,no_image
23626,Asidoblaps elongata,长亚琵甲,,,,,,,no_image
23679,Asiotmethis jubatus,蓝胫波腿蝗,,,,,,,no_image
87045,Asparagus lycopodineus,短梗天门冬,,,,,,,no_image
23693,Asota heliconia,圆端拟灯蛾,,,,,,,no_image
23666,Asidoblaps yuana,侧凹亚琵甲,,,,,,,no_image
87065,Asparagus yanyuanensis,盐源天门冬,,,,,,,no_image
134366,Aspergillus granulosus,,,,,,,,no_image
134326,Aspergillus awamori,,,,,,,,no_image
134346,Aspergillus echinulatus,,,,,,,,no_image
134386,Aspergillus proliferans,,,,,,,,no_image
134406,Aspergillus tuberculatus,,,,,,,,no_image
137370,Aspicilia hedinii,海登氏平茶渍,,,,,,,no_image
137350,Aspicilia annulata,环状平茶渍,,,,,,,no_image
137390,Aspicilia vagans,风滚平茶渍,,,,,,,no_image
87085,Aspidistra brachypetala,短瓣蜘蛛抱蛋,,,,,,,no_image
87147,Aspidistra longiconnectiva,长药隔蜘蛛抱蛋,,,,,,,no_image
87127,Aspidistra hainanensis,海南蜘蛛抱蛋,,,,,,,no_image
87107,Aspidistra depingiana,德平蜘蛛抱蛋,,,,,,,no_image
87187,Aspidistra quadripartita,裂柱蜘蛛抱蛋,,,,,,,no_image
87167,Aspidistra nankunshanensis,南昆山蜘蛛抱蛋,,,,,,,no_image
23708,Aspidomorpha dorsata,阔边梳龟甲,,,,,,,no_image
87209,Aspidistra triloba,湖南蜘蛛抱蛋,,,,,,,no_image
87270,Asplenium delinghaense,德令哈铁角蕨,,,,,,,no_image
87237,Aspidopterys nutans,毛叶盾翅藤,,,,,,,no_image
87250,Asplenium aitchisonii,高山铁角蕨,,,,,,,no_image
87334,Asplenium scortechinii,狭叶铁角蕨,,,,,,,no_image
87291,Asplenium jiulianshanense,九连山铁角蕨,,,,,,,no_image
87314,Asplenium oblanceolatum,黑鳞巢蕨,,,,,,,no_image
23734,Asteia megalophthalma,大眼寡脉蝇,,,,,,,no_image
23717,Aspoeckiana uralensis,乌拉尔阿氏蚁蛉,,,,,,,no_image
23755,Astenus flavescens,,,,,,,,no_image
87359,Aster ageratoides,三脉紫菀,,,,,,,no_image
87428,Aster heterolepis,异苞紫菀,,,,,,,no_image
87403,Aster chingshuiensis,清水马兰,,,,,,,no_image
87453,Aster limosus,湿生紫菀,,,,,,,no_image
87473,Aster nigromontanus,黑山紫菀,,,,,,,no_image
87493,Aster sampsonii,短舌紫菀,,,,,,,no_image
87517,Aster taoyuenensis,桃园马兰,,,,,,,no_image
143821,Asteridiella acronychia,,,,,,,,no_image
87539,Aster yunnanensis,云南紫菀,,,,,,,no_image
143881,Asteridiella thunbergiae,,,,,,,,no_image
143861,Asteridiella melastomatacearum,,,,,,,,no_image
143841,Asteridiella engelhardtiicola,,,,,,,,no_image
131674,Asterina castanopsidis,,,,,,,,no_image
131693,Asterina elaeocarpi,,,,,,,,no_image
131732,Asterina malloti-apelti,,,,,,,,no_image
131713,Asterina jambolanae,,,,,,,,no_image
131750,Asterina ramuligera,,,,,,,,no_image
23778,Asterococcus atratus,黑链壶蚧,,,,,,,no_image
152043,Asterostroma ochroleucum,赭星座革菌,,,,,,,no_image
131768,Asterolibertia hiiranensis,,,,,,,,no_image
17190,Astiotrema orientale,东方细孔吸虫,,,,,,,no_image
668,Asthenognathus gallardoi,宽身倒颚蟹,,,,,,,no_image
87580,Astragalus aksaricus,阿克萨黄芪,,,,,,,no_image
87602,Astragalus arpilobus,镰荚黄芪,,,,,,,no_image
87622,Astragalus brachytrichus,短毛黄芪,,,,,,,no_image
87644,Astragalus chengkangensis,镇康黄芪,,,,,,,no_image
87668,Astragalus cruciatus,十字形黄芪,,,,,,,no_image
87697,Astragalus dingjiensis,定结黄芪,,,,,,,no_image
87743,Astragalus gregorii,格热高尔黄芪,,,,,,,no_image
87719,Astragalus filidens,丝齿黄芪,,,,,,,no_image
87767,Astragalus hoantchy,乌拉特黄芪,,,,,,,no_image
87790,Astragalus kongrensis,深紫萼黄芪,,,,,,,no_image
87859,Astragalus melanostachys,黑穗黄芪,,,,,,,no_image
87833,Astragalus lustricola,荒野黄芪,,,,,,,no_image
87884,Astragalus nanfengensis,南峰黄芪,,,,,,,no_image
87811,Astragalus leansanicus,莲山黄芪,,,,,,,no_image
87904,Astragalus ochrias,中宁黄芪,,,,,,,no_image
87949,Astragalus pseudobrachytropis,类短肋黄芪,,,,,,,no_image
87971,Astragalus sabuletorum,粗沙黄芪,,,,,,,no_image
87925,Astragalus perbrevis,紫色黄芪,,,,,,,no_image
87994,Astragalus sichuanensis,蜀黄芪,,,,,,,no_image
88041,Astragalus toksunensis,托克逊黄芪,,,,,,,no_image
88066,Astragalus vicarius,替代黄芪,,,,,,,no_image
88015,Astragalus suidunensis,水定黄芪,,,,,,,no_image
88086,Astragalus yangtzeanus,扬子黄芪,,,,,,,no_image
88104,Astronia ferruginea,褐鳞木,,,,,,,no_image
6999,Astreopora myriophthalma,多星孔珊瑚,,,,,,,no_image
23836,Asura melanoleuca,黑白艳苔蛾,,,,,,,no_image
3557,Astrothauma euphylacteum,坚棘奇海星,,,,,,,no_image
23858,Asuridia nigriradiata,射绣苔蛾,,,,,,,no_image
188,Atergatis dilatatus,宽身爱洁蟹,,,,,,,no_image
23881,Atanygnathus pictus,,,,,,,,no_image
88105,Asyneuma chinense,球果牧根草,,,,,,,no_image
1358,Athanas japonicus,日本角鼓虾,,,,,,,no_image
23912,Atherigona laeta,扁蹠芒蝇,,,,,,,no_image
73406,Athene brama,横斑腹小鸮,,,,,,,no_image
23932,Atherigona simplex,双疣芒蝇,,,,,,,no_image
23967,Atheta chinensis,,,,,,,,no_image
23947,Atheta altincisa,,,,,,,,no_image
23987,Atheta deuvei,,,,,,,,no_image
24008,Atheta fuscoterminalis,,,,,,,,no_image
24028,Atheta hongkongiphila,,,,,,,,no_image
24048,Atheta kaohsiungensis,,,,,,,,no_image
24088,Atheta mixtior,,,,,,,,no_image
24068,Atheta longearmata,,,,,,,,no_image
24108,Atheta ogivalis,,,,,,,,no_image
24128,Atheta pseudoelongatula,,,,,,,,no_image
24148,Atheta sanctides,,,,,,,,no_image
24168,Atheta sinoarmata,,,,,,,,no_image
24190,Atheta speculiventris,,,,,,,,no_image
24210,Atheta taiwafallax,,,,,,,,no_image
24250,Athetis cinerescens,灰委夜蛾,,,,,,,no_image
24230,Atheta vomerum,,,,,,,,no_image
24270,Athetis stellata,倭委夜蛾,,,,,,,no_image
24301,Athyma nefte,相思带蛱蝶,,,,,,,no_image
88137,Athyrium atuntzeense,阿墩子假冷蕨,,,,,,,no_image
88184,Athyrium excelsius,高超蹄盖蕨,,,,,,,no_image
88159,Athyrium criticum,蒿坪蹄盖蕨,,,,,,,no_image
88208,Athyrium kuratae,仓田蹄盖蕨,,,,,,,no_image
88255,Athyrium strigillosum,软刺蹄盖蕨,,,,,,,no_image
88233,Athyrium omeiense,峨眉蹄盖蕨,,,,,,,no_image
88280,Athyrium yui,俞氏蹄盖蕨,,,,,,,no_image
24361,Atkinsoniella divaricata,叉突条大叶蝉，新种,,,,,,,no_image
24381,Atkinsoniella latior,黄带条大叶蝉,,,,,,,no_image
24341,Atimura formosana,,,,,,,,no_image
24401,Atkinsoniella nigrosteaka,黑带条大叶蝉,,,,,,,no_image
24457,Atopolinus insulanus,,,,,,,,no_image
24421,Atkinsoniella warpa,翘尾条大叶蝉，新种,,,,,,,no_image
24441,Atlanticus robustus,粗壮寰螽,,,,,,,no_image
24477,Atopolinus silvanus,,,,,,,,no_image
88285,Atractylodes carlinoides,鄂西苍术,,,,,,,no_image
6912,Atorella arcturi,阿氏六手水母,,,,,,,no_image
24536,Atrichopogon costatus,隆突裸蠓,,,,,,,no_image
24516,Atriadops javana,爪哇盲网翅虻,,,,,,,no_image
24596,Atrichopogon scutatis,盾形裸蠓,,,,,,,no_image
24576,Atrichopogon oedemerarum,稀瘤裸蠓,,,,,,,no_image
24556,Atrichopogon isolatus,异位裸蠓,,,,,,,no_image
88318,Atriplex dimorphostegia,犁苞滨藜,,,,,,,no_image
24616,Atrichopogon yongxinensis,永新裸蠓,,,,,,,no_image
24623,Atrocalopteryx melli,,,,,,,,no_image
24639,Attatha regalis,颠夜蛾,,,,,,,no_image
24645,Atylotus fulvus,宽角黄虻,,,,,,,no_image
1940,Atyopsis spinipes,刺足仿匙虾,,,,,,,no_image
11949,Atypus ledongensis,乐东地蛛,,,,,,,no_image
24678,Auchmis peterseni,匹杰夜蛾,,,,,,,no_image
88366,Audouinella emergens,半露旋体藻,,,,,,,no_image
24695,Aulaconotus gracilicornis,,,,,,,,no_image
24685,Aulacocentrum philippiense,菲岛腔室茧蜂,,,,,,,no_image
24707,Aulexis gracilicornis,细角齿胸肖叶甲,,,,,,,no_image
24726,Aulosaphes chinensis,中华犁沟茧蜂,,,,,,,no_image
148819,Auricularia fibrillifera,,,,,,,,no_image
73433,Aurigequula fasciata,条纹金鲾,,,,,,,no_image
24732,Austrapoda beijingensis,北京岐刺蛾,,,,,,,no_image
24742,Austrohancockia gibba,隆背澳汉蚱,,,,,,,no_image
24782,Auzata semipavonaria,半豆斑钩蛾,,,,,,,no_image
24756,Austrozele nigricans,黑澳赛茧蜂,,,,,,,no_image
1071,Autolytus okadai,大田自裂虫,,,,,,,no_image
24802,Awas gigas,,,,,,,,no_image
24793,Avetianella xystrocerae,双条天牛跳小蜂,,,,,,,no_image
24818,Azaleothrips siamensis,暹罗焦管蓟马,,,,,,,no_image
24813,Axylia sicca,干朽木夜蛾,,,,,,,no_image
73461,Aёretes melanopterus,沟牙鼯鼠,,,,,,,no_image
17345,Babelomurex latipinnatus,展翼塔肩棘螺,,,,,,,no_image
16959,Bacciger leptobotiae,薄鳅浆果吸虫,,,,,,,no_image
24834,Baccha maculata,纤细巴蚜蝇,,,,,,,no_image
24885,Bactrocera garciniae,山竹果实蝇,,,,,,,no_image
136507,Bacidina mirabilis,,,,,,,,no_image
24905,Bactrocera nadanus,那大果实蝇,,,,,,,no_image
142482,Bactrodesmium betulicola,,,,,,,,no_image
24864,Bactrocera apicinigra,端黑果实蝇,,,,,,,no_image
24925,Bactrocera rubzovi,鲁布卓夫华实蝇,,,,,,,no_image
24956,Baeocera anchorifera,,,,,,,,no_image
24976,Baeocera proseminata,,,,,,,,no_image
135153,Baeomyces roseus,,,,,,,,no_image
73462,Bagarius rutilus,红&#x0000E094;,,,,,,,no_image
73469,Balaenoptera musculus,蓝鲸,,,,,,,no_image
7109,Balanophyllia imperialis,强壮锥形珊瑚,,,,,,,no_image
132306,Balladyna velutina,,,,,,,,no_image
88449,Balanophora involucrata,筒鞘蛇菰,,,,,,,no_image
88463,Baliospermum bilobatum,西藏斑籽木,,,,,,,no_image
88486,Bambusa cornigera,牛角竹,,,,,,,no_image
88513,Bambusa intermedia,绵竹,,,,,,,no_image
73488,Bamburana nasuta,鸭嘴竹叶蛙,,,,,,,no_image
88548,Bambusa polymorpha,灰竿竹,,,,,,,no_image
88573,Bambusa tuldoides,青竿竹,,,,,,,no_image
25066,Bambusiphaga similis,类竹飞虱,,,,,,,no_image
25049,Bambusaspis notabile,绿竹斑链蚧,,,,,,,no_image
73505,Bangana tonkinensis,河口孟加拉鲮,,,,,,,no_image
88589,Baolia bracteata,苞藜,,,,,,,no_image
88594,Barbarea taiwaniana,台湾山芥,,,,,,,no_image
2272,Bankia philippinensis,菲律宾节鎧船蛆,,,,,,,no_image
73518,Barbatula gibba,弓背须鳅,,,,,,,no_image
88608,Barbula aquatica,水生扭口藓,,,,,,,no_image
88628,Barbula yunnanensis,云南扭口藓,,,,,,,no_image
140384,Barlaea planchonis,,,,,,,,no_image
1178,Barnea manilensis,马尼拉海笋,,,,,,,no_image
1670,Barun sinensis,中华巴隆蟹,,,,,,,no_image
25125,Basilepta elegans,丽角胸肖叶甲,,,,,,,no_image
25145,Basilepta melanopus,黑足角胸肖叶甲,,,,,,,no_image
150697,Basidioradulum crustosum,,,,,,,,no_image
25165,Basilepta rugipennis,瘤脊角胸肖叶甲,,,,,,,no_image
25183,Basiprionota bisignata,北锯龟甲,,,,,,,no_image
7920,Bassia bassensis,巴斯水母,,,,,,,no_image
25224,Bassus rudimentarius,原基闭腔茧蜂,,,,,,,no_image
25204,Bassus cancellatus,网皱闭腔茧蜂,,,,,,,no_image
73555,Bathycongrus wallacei,瓦氏深海康吉鳗,,,,,,,no_image
73540,Bathophilus longipinnis,长羽深巨口鱼,,,,,,,no_image
73570,Bathymyrus simus,锉吻渊油鳗(锉吻海康吉鳗),,,,,,,no_image
25257,Batracharta irrorata,雀斑巴夜蛾,,,,,,,no_image
2304,Bathypilumnus sinensis,中华深毛剌蟹,,,,,,,no_image
5592,Batillaria cumingii,古氏滩栖螺,,,,,,,no_image
25266,Batraxis minor,,,,,,,,no_image
25286,Batriscenellus hongkongensis,,,,,,,,no_image
25306,Batrisodes linyejiei,,,,,,,,no_image
88669,Bauhinia brachycarpa,鞍叶羊蹄甲,,,,,,,no_image
88715,Bazzania yoshinagana,卷叶鞭苔,,,,,,,no_image
88695,Bazzania imbricata,瓦叶鞭苔,,,,,,,no_image
25328,Bayadera hyalina,透翅尾溪蟌,,,,,,,no_image
73603,Beaufortia liui,侧沟爬岩鳅,,,,,,,no_image
141766,Beauveria vermiconia,,,,,,,,no_image
17845,Begemius yuhsi,友燮毕格蚓,,,,,,,no_image
88759,Begonia bambusetorum,竹林秋海棠,,,,,,,no_image
88779,Begonia circumlobata,周裂秋海棠,,,,,,,no_image
88799,Begonia difformis,刺毛红孩儿,,,,,,,no_image
88873,Begonia labordei,心叶秋海棠,,,,,,,no_image
88819,Begonia fimbristipula,紫背天葵,,,,,,,no_image
88848,Begonia gulongshanensis,古龙山秋海棠,,,,,,,no_image
88893,Begonia longlingensis,龙陵秋海棠,,,,,,,no_image
88913,Begonia morsei,龙州秋海棠,,,,,,,no_image
88963,Begonia pulchrifolia,美叶秋海棠,,,,,,,no_image
88983,Begonia ruchengensis,汝城秋海棠,,,,,,,no_image
88943,Begonia pedatifida,掌裂叶秋海棠,,,,,,,no_image
89004,Begonia subfiliformis,拟丝形秋海棠,,,,,,,no_image
89024,Begonia wangii,少瓣秋海棠,,,,,,,no_image
4575,Beguina semiorbiculata,粗衣蛤,,,,,,,no_image
89063,Beilschmiedia macropoda,肉柄琼楠,,,,,,,no_image
25343,Belida angelicae,天使尖寄蝇,,,,,,,no_image
89085,Beilschmiedia wangii,海南琼楠,,,,,,,no_image
142489,Belizeana tuberculata,,,,,,,,no_image
89091,Bellibarbula kurziana,美叶藓,,,,,,,no_image
25366,Bellatheta amota,,,,,,,,no_image
15141,Belisana galeiformis,帽形贝尔蛛,,,,,,,no_image
15182,Belisana nujiang,怒江贝尔蛛,,,,,,,no_image
138532,Belonidium lasiopodium,,,,,,,,no_image
25404,Benbowia virescens,良舟蛾,,,,,,,no_image
144398,Beltrania africana,,,,,,,,no_image
89104,Benkara hainanensis,海南鸡爪簕,,,,,,,no_image
73622,Benthobatis moresbyi,莫氏深海电鳐,,,,,,,no_image
89118,Berberis anhweiensis,安徽小檗,,,,,,,no_image
89140,Berberis candidula,单花小檗,,,,,,,no_image
89162,Berberis degexianensis,德格县小檗,,,,,,,no_image
89212,Berberis holocraspedon,凤庆小檗,,,,,,,no_image
89235,Berberis jinwu,金乌小檗,,,,,,,no_image
89186,Berberis ferdinandi-coburgii,大叶小檗,,,,,,,no_image
89277,Berberis myriovula,多珠秋海棠,,,,,,,no_image
89255,Berberis litangensis,理塘小檗,,,,,,,no_image
89322,Berberis sargentiana,刺黑珠,,,,,,,no_image
89297,Berberis polyantha,刺黄花,,,,,,,no_image
89342,Berberis tianshuiensis,天水小檗,,,,,,,no_image
89362,Berberis wangi,西山小檗,,,,,,,no_image
89410,Berchemia omeiensis,峨眉勾儿茶,,,,,,,no_image
25429,Beris concava,凹缘柱角水虻,,,,,,,no_image
89384,Berberis ziyunensis,紫云小檗,,,,,,,no_image
142494,Berkleasmium corticola,,,,,,,,no_image
73630,Berylmys bowersi,青毛巨鼠,,,,,,,no_image
25454,Berta annulifera,突尾丽斑尺蛾,,,,,,,no_image
25485,Besaia frugalis,枯舟蛾,,,,,,,no_image
25509,Besaia rubiginea,锈篦舟蛾,,,,,,,no_image
25527,Betalbara furca,叉线卑钩蛾,,,,,,,no_image
89479,Betula mcallisteri,陕南桦,,,,,,,no_image
89449,Betula calcicola,岩桦,,,,,,,no_image
25564,Bezzia fuscifemoris,棕股贝蠓,,,,,,,no_image
25544,Beybienkia Barbara,荒漠贝蝗,,,,,,,no_image
25605,Bhatia biconjugara,双突沟顶叶蝉,,,,,,,no_image
25584,Bezzia raoheensis,饶河贝蠓,,,,,,,no_image
13372,Bhutaniella scharffi,斯氏不丹蛛,,,,,,,no_image
6676,Biarctus vitiensis,斐济双齿蝉虾,,,,,,,no_image
25668,Bibio furcillatus,宽叉毛蚊,,,,,,,no_image
25648,Bibio beijingensis,北京毛蚊,,,,,,,no_image
25709,Bibio yuanus,豫毛蚊,,,,,,,no_image
89525,Biebersteinia multifida,多裂熏倒牛,,,,,,,no_image
25688,Bibio nigriventris,黑腹毛蚊,,,,,,,no_image
89530,Binghamia californica,蛙掌藻,,,,,,,no_image
25719,Bilia japonica,日本圆花蝽,,,,,,,no_image
1653,Biflustra paragrandicella,假大室别藻苔虫,,,,,,,no_image
141669,Bionectria kowhai,,,,,,,,no_image
8556,Biplex pulchra,小鳍螺,,,,,,,no_image
134032,Bipolaris papendorfii,,,,,,,,no_image
25747,Bireta beta,伸角瓣舟蛾,,,,,,,no_image
25770,Bireta theodosius,舍角瓣舟蛾,,,,,,,no_image
15554,Bisetocreagris baozinensis,豹子双毛肉伪蝎,,,,,,,no_image
138234,Bisporella sulfurina,鲜黄小双孢盘菌,,,,,,,no_image
89574,Bistorta sinomontana,翅柄蓼,,,,,,,no_image
25778,Bisnius fimetarius,,,,,,,,no_image
25829,Blaps aspericollis,粗颈琵甲,,,,,,,no_image
73639,Blachea xenobranchialis,外鳃懒康吉鳗,,,,,,,no_image
25811,Blaesoxipha migratoriae,流浪折麻蝇,,,,,,,no_image
25850,Blaps femoralis,弯齿琵甲,,,,,,,no_image
73641,Blarinella wardi,狭颅黑齿鼩鼱,,,,,,,no_image
25896,Blaps strandi,斯氏琵甲,,,,,,,no_image
7846,Blastomussa merleti,梅氏棘菊珊瑚,,,,,,,no_image
25875,Blaps lucidula,光泽琵甲,,,,,,,no_image
89596,Blastus pauciflorus,少花柏拉木,,,,,,,no_image
25938,Bledius fragilis,,,,,,,,no_image
25958,Bledius porcellus,,,,,,,,no_image
25971,Blepephaeus infelix,,,,,,,,no_image
26011,Blepharipa latigena,宽颊饰腹寄蝇,,,,,,,no_image
26030,Blepharita niveiplaga,白斑毛眼夜蛾,,,,,,,no_image
25991,Blepharhymenus zhejiangensis,,,,,,,,no_image
26043,Bleptina albolinealis,白线尖须夜蛾,,,,,,,no_image
89630,Blumea fistulosa,节节红,,,,,,,no_image
89617,Blindia campylopodioides,短胞小穗藓,,,,,,,no_image
89650,Blumea sinuata,六耳铃,,,,,,,no_image
26063,Bocula microscala,角斑畸夜蛾,,,,,,,no_image
73669,Bodianus tanyokidus,无纹普提鱼,,,,,,,no_image
89686,Boehmeria lohuiensis,琼海苎麻,,,,,,,no_image
89716,Boeica yunnanensis,翼柱短筒苣苔,,,,,,,no_image
89736,Bolbitis appendiculata,刺蕨,,,,,,,no_image
26070,Boettcherisca septentrionalis,北方别麻蝇,,,,,,,no_image
89756,Bolbitis tonkinensis,镰裂刺蕨,,,,,,,no_image
73680,Boleophthalmus pectinirostris,大弹涂鱼,,,,,,,no_image
148916,Boletellus obscurococcineus,,,,,,,,no_image
26074,Boletina hei,何氏布菌蚊,,,,,,,no_image
149559,Boletinus grisellus,淡灰小牛肝菌,,,,,,,no_image
149001,Boletus griseus,浅灰色牛肝菌,,,,,,,no_image
148941,Boletus aokii,青木氏牛肝菌,,,,,,,no_image
148961,Boletus carpini,,,,,,,,no_image
148981,Boletus felleus,苦牛肝菌,,,,,,,no_image
149041,Boletus peckii,彼氏牛肝菌,,,,,,,no_image
149021,Boletus magnificus,华丽牛肝菌,,,,,,,no_image
149061,Boletus purpureus,紫红牛肝菌,,,,,,,no_image
149081,Boletus rufoaureus,,,,,,,,no_image
149101,Boletus subclavatosporus,亚棒孢牛肝菌,,,,,,,no_image
26086,Bolitobius emeishanus,,,,,,,,no_image
149121,Boletus umbrinus,全褐牛肝菌,,,,,,,no_image
26126,Bolivaritettix sculptus,长翅波蚱,,,,,,,no_image
26147,Bombylius lejostomus,乐居蜂虻,,,,,,,no_image
26167,Bomolocha semialbata,锯卜夜蛾,,,,,,,no_image
26106,Bolitogyrus nigerrimus,,,,,,,,no_image
73688,Bombina orientalis,东方铃蟾,,,,,,,no_image
89783,Boodlea montagnei,蒙氏布多藻,,,,,,,no_image
26186,Borneogryllacris melanocrania,黑颅婆蟋螽,,,,,,,no_image
14652,Borboropactus longidens,长齿泥蟹蛛,,,,,,,no_image
11863,Bosselaerius daoxianensis,道县博蛛,,,,,,,no_image
26207,Botanophila argyrometopa,银额植种蝇,,,,,,,no_image
26247,Botanophila genitianaella,拟龙胆草植种蝇,,,,,,,no_image
26227,Botanophila costispinata,棘缘植种蝇,,,,,,,no_image
26307,Botanophila rubrigena,红膝植种蝇,,,,,,,no_image
26267,Botanophila longifurca,长叉植种蝇,,,,,,,no_image
26287,Botanophila pamirensis,帕米尔植种蝇,,,,,,,no_image
26327,Botanophila subquadrata,亚方植种蝇,,,,,,,no_image
26347,Botanophila zhuoniensis,卓尼植种蝇,,,,,,,no_image
73699,Bothrocara molle,宽头长孔绵鳚,,,,,,,no_image
26373,Bothrogonia mecota,长凹大叶蝉,,,,,,,no_image
15659,Bothropolys imaharensis,少皱石蜈蚣,,,,,,,no_image
73711,Botia robusta,壮体沙鳅,,,,,,,no_image
149655,Botryobasidium pruinatum,粉霜串担革菌,,,,,,,no_image
131793,Botryosphaeria dothidea,,,,,,,,no_image
138911,Botrytis densa,,,,,,,,no_image
139946,Boudiera claussenii,,,,,,,,no_image
7434,Bougainvillia reticulata,网状鲍螅水母,,,,,,,no_image
73751,Boulenophrys liboensis,荔波角蟾,,,,,,,no_image
73731,Boulenophrys daweimontis,大围角蟾,,,,,,,no_image
73771,Boulenophrys sangzhiensis,桑植角蟾,,,,,,,no_image
73791,Boulenophrys yunkaiensis,云开角蟾,,,,,,,no_image
145124,Bovista flaccida,,,,,,,,no_image
26403,Brabira artemidora,广卜尺蛾,,,,,,,no_image
18559,Brachionus caudatus,尾突臂尾轮虫,,,,,,,no_image
26410,Brachicoma devia,寂短野蝇,,,,,,,no_image
73794,Brachirus orientalis,东方宽箬鳎,,,,,,,no_image
26427,Brachydeutera pleuralis,异色短脉水蝇,,,,,,,no_image
26440,Brachyneurina rhombica,菱拟短脉瘿蚊,,,,,,,no_image
26437,Brachylomia viminalis,维柳冬夜蛾,,,,,,,no_image
26452,Brachypogon citrithecus,桔囊短蠓,,,,,,,no_image
73818,Brachytarsophrys chuannanensis,川南短腿蟾,,,,,,,no_image
26483,Brachyserphus brevicarinatus,短脊短细蜂,,,,,,,no_image
26472,Brachypogon sociabilis,共处短蠓,,,,,,,no_image
142511,Brachysporiella setosa,,,,,,,,no_image
89892,Brachythecium fasciculirameum,多枝青藓,,,,,,,no_image
17583,Bradybaena kiangsinensis,江西巴蜗牛,,,,,,,no_image
4253,Brachytoma tawamurai,台湾短口螺,,,,,,,no_image
89912,Brachythecium plumosum,羽枝青藓,,,,,,,no_image
26550,Bradysia defossa,深居迟眼蕈蚊,,,,,,,no_image
26610,Bradysia quadrata,方尾迟眼蕈蚊,,,,,,,no_image
26590,Bradysia melanota,,,,,,,,no_image
26530,Bradysia brachytoma,短鞭迟眼蕈蚊,,,,,,,no_image
26570,Bradysia hupleuroti,沪菇迟眼蕈蚊,,,,,,,no_image
89945,Brandisia racemosa,总花来江藤,,,,,,,no_image
26630,Bradysia trigonospina,鼎刺迟眼蕈蚊,,,,,,,no_image
26650,Bradythrips zhangi,张氏瘤突管蓟马,,,,,,,no_image
89960,Brassaiopsis gracilis,细梗罗伞,,,,,,,no_image
90010,Braya stigmatosa,宽柱蚓果芥,,,,,,,no_image
90032,Bredia micrantha,小花叶底红,,,,,,,no_image
26652,Brathinus satoi,,,,,,,,no_image
26659,Bregmatothrips dimorphus,二型前囟蓟马,,,,,,,no_image
137581,Brigantiaea phaeomma,,,,,,,,no_image
9883,Brevulacus reticulatus,,,,,,,,no_image
9893,Brevipalpus californicus,,,,,,,,no_image
26687,Britha inambitiosa,隐箭夜蛾,,,,,,,no_image
13609,Brommella baiseensis,百色布朗蛛,,,,,,,no_image
90073,Bromus cappadocicus,卡帕雀麦,,,,,,,no_image
90093,Bromus madritensis,马德雀麦,,,,,,,no_image
90113,Bromus secalinus,黑麦状雀麦,,,,,,,no_image
26711,Brontaea sichuanensis,四川裸圆蝇,,,,,,,no_image
73858,Bryaninops loki,罗氏珊瑚鰕虎,,,,,,,no_image
90146,Brucea javanica,鸦胆子,,,,,,,no_image
26736,Bryaxis mendax,,,,,,,,no_image
9564,Bryobia qilianensis,,,,,,,,no_image
90160,Bryhnia brachycladula,短枝燕尾藓,,,,,,,no_image
26768,Bryocoris lii,李氏蕨盲蝽,,,,,,,no_image
26791,Bryodema ochropenna,黄翅痂蝗,,,,,,,no_image
26805,Bryomyia gibbosa,肿藓瘿蚊,,,,,,,no_image
26822,Bryoporus friebi,,,,,,,,no_image
90194,Bryoxiphium norvegicum,虾藓,,,,,,,no_image
135839,Bryoria himalayensis,喜马拉雅小孢发,,,,,,,no_image
90216,Bryum dichotomum,双色真藓,,,,,,,no_image
90240,Bryum pseudotriquetrum,拟三列真藓,,,,,,,no_image
17086,Bucephalus binidentacularis,双齿牛首吸虫,,,,,,,no_image
73876,Bucephala clangula,鹊鸭,,,,,,,no_image
90284,Buddleja colvilei,大花醉鱼草,,,,,,,no_image
90261,Buckia vaucheri,直叶灰藓,,,,,,,no_image
73887,Bufo bankorensis,盘谷蟾蜍,,,,,,,no_image
135162,Buellia aethalea,烟黑瘤衣,,,,,,,no_image
135182,Buellia saxorum,石黑瘤衣,,,,,,,no_image
73899,Bufotes pewzowi,塔里木蟾蜍,,,,,,,no_image
90325,Bulbophyllum chondriophorum,城口卷瓣兰,,,,,,,no_image
26833,Bulbistridulous simplicis,简尾鼓鸣螽,,,,,,,no_image
90345,Bulbophyllum fordii,狭唇卷瓣兰,,,,,,,no_image
90365,Bulbophyllum jingdongense,景东石豆兰,,,,,,,no_image
90386,Bulbophyllum menglaense,勐腊石豆兰,,,,,,,no_image
90406,Bulbophyllum pingtungense,屏东卷瓣兰,,,,,,,no_image
90426,Bulbophyllum shanicum,二叶石豆兰,,,,,,,no_image
90446,Bulbophyllum tseanum,香港卷瓣兰,,,,,,,no_image
135853,Bulbothrix isidiza,裂芽球针叶,,,,,,,no_image
26850,Bundera rufistriana,红条斜脊叶蝉,,,,,,,no_image
5290,Bulla orientalis,东方枣螺,,,,,,,no_image
90464,Bulleyia yunnanensis,蜂腰兰,,,,,,,no_image
90496,Bupleurum hamiltonii,小柴胡,,,,,,,no_image
90468,Bupleurum angustissimum,线叶柴胡,,,,,,,no_image
90527,Bupleurum sikangense,西康柴胡,,,,,,,no_image
26865,Burmagomphus arvalis,双纹缅春蜓,,,,,,,no_image
90546,Burmannia nepalensis,宽翅水玉簪,,,,,,,no_image
26880,Busseola submarginalis,暗缘干夜蛾,,,,,,,no_image
90560,Buxus bodinieri,雀舌黄杨,,,,,,,no_image
6058,Byblis japonicus,日本沙钩虾,,,,,,,no_image
26885,Byasa daemonius,达摩麝凤蝶,,,,,,,no_image
26913,Cacia cephalotes,,,,,,,,no_image
1563,Byssobornia yamakawai,山川黄蛤,,,,,,,no_image
133773,Byssosphaeria schiedermayeriana,,,,,,,,no_image
5509,Cadella smithi,史氏楔樱蛤,,,,,,,no_image
26951,Caissa staurognatha,岔颚凯刺蛾,,,,,,,no_image
26937,Caenurgia fortalitium,楔斑启夜蛾,,,,,,,no_image
90645,Calamus thysanolepis,毛鳞省藤,,,,,,,no_image
90625,Calamus compsostachys,短轴省藤,,,,,,,no_image
90686,Calanthe metoensis,墨脱虾脊兰,,,,,,,no_image
90614,Calamagrostis hedinii,短芒拂子茅,,,,,,,no_image
90665,Calanthe delavayi,少花虾脊兰,,,,,,,no_image
90710,Calanthe wenshanensis,文山虾脊兰,,,,,,,no_image
3783,Calappa pustulosa,泡突馒头蟹,,,,,,,no_image
141706,Calcarisporium arbuscula,,,,,,,,no_image
90725,Calendula officinalis,金盏花,,,,,,,no_image
10090,Calepitrimerus linderanis,,,,,,,,no_image
26973,Calicnemia haksik,黑丽扇蟌,,,,,,,no_image
6181,Caleschara minuta,微型丽壳苔虫,,,,,,,no_image
27001,Caliphaea confusa,绿闪色蟌,,,,,,,no_image
73986,Callechelys catostoma,下口丽蛇鳗,,,,,,,no_image
90750,Callianthemum angustifolium,薄叶美花草,,,,,,,no_image
73975,Calidris ptilocnemis,岩滨鹬,,,,,,,no_image
8129,Calliactis argentacoloratus,银色美丽海葵,,,,,,,no_image
27031,Callicera rufa,锈毛丽角蚜蝇,,,,,,,no_image
90772,Callicarpa dolichophylla,尖尾枫,,,,,,,no_image
90803,Callicarpa minutiflora,细花紫珠,,,,,,,no_image
90846,Calligonum gobicum,戈壁沙拐枣,,,,,,,no_image
27049,Callidrepana gemmna,豆点丽钩蛾,,,,,,,no_image
27059,Callimenellus fumidus,烟云彩螽,,,,,,,no_image
73997,Callionymus hainanensis,海南[鱼衔],,,,,,,no_image
4486,Calliostoma aculeatum,丽口螺,,,,,,,no_image
27080,Calliphora tianshanica,天山丽蝇,,,,,,,no_image
27127,Callispa nigripennis,黑鞘丽甲,,,,,,,no_image
27101,Callispa amabilis,栗缘丽甲,,,,,,,no_image
27156,Calliteara oxygnatha,晰结丽毒蛾,,,,,,,no_image
27167,Callitula bicolor,双色尖角金小蜂,,,,,,,no_image
74027,Callogobius okinawae,冲绳美鰕虎,,,,,,,no_image
90866,Callistopteris apiifolia,毛秆蕨,,,,,,,no_image
27189,Callopistria exotica,客散纹夜蛾,,,,,,,no_image
27203,Callopsylla caspius,里海盖蚤,,,,,,,no_image
27223,Callopsylla zhangi,张氏盖蚤,,,,,,,no_image
27225,Callyna contracta,白纹顶夜蛾,,,,,,,no_image
141990,Calonectria dicephalospora,,,,,,,,no_image
27233,Calodera freyi,,,,,,,,no_image
152763,Calocera cornea,胶角耳,,,,,,,no_image
142010,Calonectria spathulata,,,,,,,,no_image
137624,Caloplaca gambiensis,果橙衣,,,,,,,no_image
137604,Caloplaca bicolor,双色橙衣,,,,,,,no_image
137644,Caloplaca tianshanensis,天山橙衣,,,,,,,no_image
74051,Calotomus japonicus,日本绚鹦嘴鱼,,,,,,,no_image
149409,Calostoma pengii,彭氏丽口包,,,,,,,no_image
158,Calvactaea tumida,肥胖秃头蟹,,,,,,,no_image
10721,Calycopsis bigelowi,多手萼水母,,,,,,,no_image
145157,Calvatiella sinensis,中华小马勃,,,,,,,no_image
138441,Calycina citrina,,,,,,,,no_image
90957,Calyptothecium ramosii,尾枝耳平藓,,,,,,,no_image
90938,Calypogeia azurea,三角护蒴苔,,,,,,,no_image
27264,Calythea bidentata,双齿拟花蝇,,,,,,,no_image
1041,Cambaroides dauricus,东北蝲蛄,,,,,,,no_image
90996,Camellia costei,贵州连蕊茶,,,,,,,no_image
91029,Camellia gilbertii,中越短蕊茶,,,,,,,no_image
91057,Camellia lawii,四川毛蕊茶,,,,,,,no_image
91085,Camellia parvimuricata,小瘤果茶,,,,,,,no_image
91145,Camellia viridicalyx,绿萼连蕊茶,,,,,,,no_image
91115,Camellia rostrata,喙果金花茶,,,,,,,no_image
91161,Campanula chrysospleniifolia,丝茎风铃草,,,,,,,no_image
9051,Camisia spinifer,棘洼甲螨,,,,,,,no_image
91184,Campanula yunnanensis,云南风铃草,,,,,,,no_image
27289,Campiglossa exigua,小斑翅实蝇,,,,,,,no_image
91201,Camphora philippinensis,菲律宾樟,,,,,,,no_image
27329,Campiglossa wolongensis,卧龙斑翅实蝇,,,,,,,no_image
27309,Campiglossa messalina,散点斑翅实蝇,,,,,,,no_image
27342,Camptochilus aurea,树形拱肩网蛾,,,,,,,no_image
27356,Camptothlipsis tonghuaensis,通化愈室茧蜂,,,,,,,no_image
27362,Campylocheta latifrons,宽额噪寄蝇,,,,,,,no_image
91292,Campylotropis pauciflora,少花笐子梢,,,,,,,no_image
91246,Campylopus schimperi,辛氏曲柄藓,,,,,,,no_image
91264,Campylotropis argentea,银叶笐子梢,,,,,,,no_image
131630,Candelariella efflorescens,粉黄茶渍,,,,,,,no_image
2731,Cancilla carnicolor,肤色笔螺,,,,,,,no_image
142536,Canalisporium pallidum,,,,,,,,no_image
74060,Cansumys canus,甘肃仓鼠,,,,,,,no_image
142550,Candida hainanensis,,,,,,,,no_image
142570,Candida tibetensis,,,,,,,,no_image
149695,Cantharellus cerinoalbus,,,,,,,,no_image
91341,Canna indica,美人蕉,,,,,,,no_image
149715,Cantharellus odoratus,芳香鸡油菌,,,,,,,no_image
74061,Cantherhines dumerilii,棘尾前孔鲀,,,,,,,no_image
15166,Cantikus exceptus,奇异俏蛛,,,,,,,no_image
91357,Capillipedium spicigerum,多节细柄草,,,,,,,no_image
14053,Capsulia tianmushana,天目山裹蛛,,,,,,,no_image
91391,Capparis versicolor,屈头鸡,,,,,,,no_image
132106,Capnodium pini,,,,,,,,no_image
74078,Capricornis milneedwardsii,中华鬣羚,,,,,,,no_image
91371,Capparis khuamak,屏边山柑,,,,,,,no_image
27423,Caradrina albina,白点逸夜蛾,,,,,,,no_image
91415,Caragana changduensis,昌都锦鸡儿,,,,,,,no_image
91449,Caragana kirghisorum,囊萼锦鸡儿,,,,,,,no_image
74124,Carassioides cantonensis,须鲫,,,,,,,no_image
74110,Carangoides humerosus,大眼若鲹,,,,,,,no_image
91498,Caragana turfanensis,吐鲁番锦鸡儿,,,,,,,no_image
91472,Caragana potaninii,五台锦鸡儿,,,,,,,no_image
27468,Carcelia flava,黄腹狭颊寄蝇,,,,,,,no_image
4861,Carbasea orientalis,东方准藻苔虫,,,,,,,no_image
27488,Carcelia rasoides,拉狭颊寄蝇,,,,,,,no_image
74130,Carcharhinus altimus,大鼻真鲨,,,,,,,no_image
91511,Cardamine calthifolia,驴蹄碎米荠,,,,,,,no_image
6400,Carcinoplax cracens,轻盈隆背蟹,,,,,,,no_image
91531,Cardamine impatiens,弹裂碎米荠,,,,,,,no_image
91552,Cardamine pseudotrifoliolata,假三小叶碎米荠,,,,,,,no_image
91570,Cardiandra formosana,台湾草绣球,,,,,,,no_image
27527,Carea fasciata,波赭夜蛾,,,,,,,no_image
91624,Carex atrofuscoides,类黑褐穗薹草,,,,,,,no_image
2069,Cardiomya gouldiana,帚形蛤,,,,,,,no_image
91594,Carex angarae,圆穗薹草,,,,,,,no_image
91644,Carex bodinieri,滨海薹草,,,,,,,no_image
91668,Carex canina,戟叶薹草,,,,,,,no_image
91696,Carex chungii,仲氏薹草,,,,,,,no_image
91720,Carex curaica,库地薹草,,,,,,,no_image
91744,Carex diandra,圆锥薹草,,,,,,,no_image
91773,Carex eminens,显异薹草,,,,,,,no_image
91797,Carex fluviatilis,溪生薹草,,,,,,,no_image
91866,Carex inanis,毛囊薹草,,,,,,,no_image
91823,Carex gotoi,叉齿薹草,,,,,,,no_image
91889,Carex karoi,小粒薹草,,,,,,,no_image
91844,Carex heterostachya,异穗薹草,,,,,,,no_image
91912,Carex laricetorum,落叶松薹草,,,,,,,no_image
91934,Carex lithophila,二柱薹草,,,,,,,no_image
91961,Carex makuensis,马库薹草,,,,,,,no_image
92035,Carex obtusata,北薹草,,,,,,,no_image
91986,Carex minxianensis,陇南薹草,,,,,,,no_image
92083,Carex pisiformis,豌豆形薹草,,,,,,,no_image
92009,Carex nanchuanensis,南川薹草,,,,,,,no_image
92128,Carex pycnostachya,密穗薹草,,,,,,,no_image
92059,Carex paracuraica,陇县薹草,,,,,,,no_image
92106,Carex pseudofoetida,无味薹草,,,,,,,no_image
92148,Carex rhizopoda,根足薹草,,,,,,,no_image
92174,Carex scabrirostris,糙喙薹草,,,,,,,no_image
92205,Carex shuchengensis,舒城薹草,,,,,,,no_image
92247,Carex tenuiflora,细花薹草,,,,,,,no_image
92317,Carex yuexiensis,岳西薹草,,,,,,,no_image
92227,Carex subebracteata,小苞叶薹草,,,,,,,no_image
92296,Carex vulpina,狐狸薹草,,,,,,,no_image
92274,Carex tsiangii,三念薹草,,,,,,,no_image
2001,Caridina lufengensis,禄丰米虾,,,,,,,no_image
1935,Caridina feixiana,飞霞米虾,,,,,,,no_image
1950,Caridina breviata,短额米虾,,,,,,,no_image
1973,Caridina yunnanensis,云南米虾,,,,,,,no_image
1995,Caridina semiablepsia,半瞎米虾,,,,,,,no_image
27553,Carilia spinipennis,,,,,,,,no_image
27574,Carinata dushanensis,独山脊额叶蝉,,,,,,,no_image
27594,Carinata torta,扭突脊额叶蝉,,,,,,,no_image
92334,Carlesia sinensis,山茴香,,,,,,,no_image
92341,Caroxylon orientale,东方珍珠柴,,,,,,,no_image
27629,Carpelimus manchuricus,,,,,,,,no_image
92360,Carpesium velutinum,绒毛天名精,,,,,,,no_image
27651,Carpelimus sichuanensis,,,,,,,,no_image
92378,Carpinus insularis,香港鹅耳枥,,,,,,,no_image
92406,Carpinus sungpanensis,松潘鹅耳枥,,,,,,,no_image
27685,Caryanda albufurcula,白尾卵翅蝗,,,,,,,no_image
27664,Carpophthorella nigrifascia,二纹额鬃实蝇,,,,,,,no_image
27673,Carterocephalus christophi,克理银弄蝶,,,,,,,no_image
27705,Caryanda methiola,四川卵翅蝗,,,,,,,no_image
74182,Carpodacus roborowskii,藏雀,,,,,,,no_image
92440,Caryodaphnopsis henryi,小花檬果樟,,,,,,,no_image
92449,Caryopteris glutinosa,黏叶莸,,,,,,,no_image
27719,Casiphia inopinata,,,,,,,,no_image
27734,Cassida klapperichi,一色龟甲,,,,,,,no_image
27764,Cassitettix longiptera,长翅胄蚱,,,,,,,no_image
27756,Cassida velaris,黑股小龟甲,,,,,,,no_image
92497,Castanopsis carlesii,米槠,,,,,,,no_image
92521,Castanopsis fleuryi,小果锥,,,,,,,no_image
92541,Castanopsis mekongensis,湄公锥,,,,,,,no_image
92561,Castanopsis trichocarpa,软刺锥,,,,,,,no_image
142248,Catabotrys deciduum,,,,,,,,no_image
27787,Catantops pinguis,,,,,,,,no_image
134724,Catapyrenium kansuense,甘肃鳞核衣,,,,,,,no_image
92580,Catenella impudica,节附链藻,,,,,,,no_image
17597,Cathaica semenowi,斯式华蜗牛,,,,,,,no_image
27854,Catopsilia pyranthe,梨花迁粉蝶,,,,,,,no_image
136512,Catinaria kelungana,台湾托盘衣,,,,,,,no_image
92597,Caulerpa cupressoides,柏叶蕨藻,,,,,,,no_image
27830,Catocala obscena,奥裳夜蛾,,,,,,,no_image
92626,Causonis ciliifera,节毛乌蔹莓,,,,,,,no_image
853,Caulibugula hainanica,海南茎苔虫,,,,,,,no_image
27866,Caveana senuri,新穴祝蛾,,,,,,,no_image
74218,Cecropis striolata,斑腰燕,,,,,,,no_image
92651,Cayratia menglaensis,勐腊大麻藤,,,,,,,no_image
3652,Cellaria boninensis,小笠原胞苔虫,,,,,,,no_image
27905,Celastrina lavendularis,薰衣琉璃灰蝶,,,,,,,no_image
92675,Celastrus orbiculatus,南蛇藤,,,,,,,no_image
92705,Celtis timorensis,假玉桂,,,,,,,no_image
27944,Celyphus maculis,斑甲蝇,,,,,,,no_image
27964,Cemus nigromaculosus,黑点纹翅飞虱,,,,,,,no_image
138258,Cenangium quercinum,,,,,,,,no_image
92719,Centaurea iberica,针刺矢车菊,,,,,,,no_image
27985,Centistes punctatus,刻宽鞘茧蜂,,,,,,,no_image
92730,Centotheca lappacea,酸模芒,,,,,,,no_image
74229,Centrodraco acanthopoma,短鳍粗棘蜥[鱼衔],,,,,,,no_image
74241,Centropus bengalensis,小鸦鹃,,,,,,,no_image
28051,Cephalaeschna xixiangensis,西乡头蜓,,,,,,,no_image
28031,Centrotypus chrysopterus,金翅巨刺角蝉,,,,,,,no_image
28055,Cephaleta australiensis,澳宽头金小蜂,,,,,,,no_image
28011,Centrotoscelus arcifrontclypei,弧唇秃角蝉,,,,,,,no_image
11543,Cephalobares globiceps,球头巨头蛛,,,,,,,no_image
18243,Cephalodella forficula,剪形巨头轮虫,,,,,,,no_image
18245,Cephalodella reimanni,双眼巨头轮虫,,,,,,,no_image
74266,Cephalopholis igarashiensis,七带九棘鲈,,,,,,,no_image
92771,Cephalostachyum scandens,真麻竹,,,,,,,no_image
92805,Cephaloziella rubella,红色拟大萼苔,,,,,,,no_image
28089,Cephalops orbiculatus,圆膜光头蝇,,,,,,,no_image
144223,Cephalotrichum stemonitis,,,,,,,,no_image
28112,Cephennodes carinifrons,,,,,,,,no_image
28132,Cephennodes hystrix,,,,,,,,no_image
28152,Cephennodes parabdominalis,,,,,,,,no_image
28192,Cephennomicrus tsurui,,,,,,,,no_image
28172,Cephennodes taurus,,,,,,,,no_image
28233,Cerapteroceroides zhengzhouensis,郑州纹翅跳小蜂,,,,,,,no_image
148778,Ceraceomyces tessulatus,,,,,,,,no_image
92810,Ceramium affine,窄皮小仙菜,,,,,,,no_image
92837,Cerastium glomeratum,球序卷耳,,,,,,,no_image
2310,Ceratocarcinus frontodentata,额齿角蟹,,,,,,,no_image
28246,Cerataphis jamuritsu,钟型坚蚜,,,,,,,no_image
28265,Ceratina kosemponis,花革芦蜂,,,,,,,no_image
28280,Ceratoglyphina populisucta,杨坚角蚜,,,,,,,no_image
28309,Ceratophyllus sclerapicalis,甲端角叶蚤,,,,,,,no_image
6709,Ceratomyxa triacanthi,三刺鲀角形虫,,,,,,,no_image
92867,Ceratophyllum demersum,金鱼藻,,,,,,,no_image
18708,Ceratophysella zhangi,,,,,,,,no_image
142578,Ceratosporella compacta,,,,,,,,no_image
8459,Ceratothoa oxyrrhynchaena,尖吻角水虱,,,,,,,no_image
28342,Cerconychia brunnea,褐色爪(虫责),,,,,,,no_image
9291,Ceratozetes imperatoria,傲尖棱甲螨,,,,,,,no_image
132384,Cercospora alpinicola,,,,,,,,no_image
132444,Cercospora cardaminae,,,,,,,,no_image
132404,Cercospora arcti-ambrosiae,,,,,,,,no_image
132424,Cercospora bombacis,,,,,,,,no_image
132464,Cercospora corchori,,,,,,,,no_image
132524,Cercospora hemerocallidis,,,,,,,,no_image
132504,Cercospora flagellaris,,,,,,,,no_image
132484,Cercospora dispori,,,,,,,,no_image
132584,Cercospora narthecii,,,,,,,,no_image
132564,Cercospora malvarum,,,,,,,,no_image
132544,Cercospora kikuchii,,,,,,,,no_image
132604,Cercospora patriniae,,,,,,,,no_image
132624,Cercospora populina,,,,,,,,no_image
132664,Cercospora sorghi,,,,,,,,no_image
132684,Cercospora verbascicola,,,,,,,,no_image
132644,Cercospora sancti-marini,,,,,,,,no_image
28379,Ceriagrion auranticum,,,,,,,,no_image
132704,Cercosporella virgaureae,,,,,,,,no_image
28356,Ceresium elongatum,,,,,,,,no_image
7636,Cerianthus filiformis,蕨形角海葵,,,,,,,no_image
150981,Ceriporia viridans,,,,,,,,no_image
28415,Cerodontha fulvipes,黄腿角潜蝇,,,,,,,no_image
3323,Cerithium alutaceum,皱纹蟹守螺,,,,,,,no_image
3314,Cerithium variegatum,多变蟹守螺,,,,,,,no_image
92917,Ceropegia salicifolia,柳叶吊灯花,,,,,,,no_image
28435,Ceromya punctum,刺毛脉寄蝇,,,,,,,no_image
74289,Cerorhinca monocerata,角嘴海雀,,,,,,,no_image
74298,Certhia hodgsoni,霍氏旋木雀,,,,,,,no_image
155581,Cetraspora helvetica,,,,,,,,no_image
15503,Cetonana shaanxiensis,陕西彩蛛,,,,,,,no_image
1714,Cestopagurus puniceus,微红杂色寄居蟹,,,,,,,no_image
135882,Cetraria lacunosa,,,,,,,,no_image
74314,Cettia castaneocoronata,栗头树莺,,,,,,,no_image
153049,Chaconia butleri,巴氏查科锈菌,,,,,,,no_image
131649,Chaenotheca laevigata,,,,,,,,no_image
134595,Chaenothecopsis pusilla,,,,,,,,no_image
5582,Chaetodiadema japonicum,日本毛冠海胆,,,,,,,no_image
28516,Chaetabraeus orientalis,东方刺球阎甲,,,,,,,no_image
74349,Chaetodon miliaris,粟点蝴蝶鱼,,,,,,,no_image
28532,Chaetexorista pavlovskyi,帕夫刺蛾寄蝇,,,,,,,no_image
74369,Chaetodontoplus cephalareticulatus,网纹头荷包鱼,,,,,,,no_image
28557,Chaetogonopteron dayaoshanum,大瑶山短跗长足虻,,,,,,,no_image
92943,Chaetomitrium papillifolium,疣叶刺柄藓,,,,,,,no_image
28577,Chaetogonopteron rutilum,鲜红短跗长足虻,,,,,,,no_image
92950,Chaetomorpha spiralis,螺旋硬毛藻,,,,,,,no_image
144422,Chaetomium nozdrenkoae,,,,,,,,no_image
28617,Chaetosciara camara,室刺眼蕈蚊,,,,,,,no_image
142014,Chaetopsinectria chaetopsinae-catenulatae,,,,,,,,no_image
28626,Chaetostomella nigripunctata,黑斑鬃实蝇,,,,,,,no_image
138819,Chalara affinis,,,,,,,,no_image
28641,Chalarus latifrons,宽额隐脉头蝇,,,,,,,no_image
28660,Chalcolema glabrata,光樟肖叶甲,,,,,,,no_image
92985,Chamaelirium viridiflorum,绿花白丝草,,,,,,,no_image
28673,Chalcosyrphus curvipes,弯足桐木蚜蝇,,,,,,,no_image
1500,Chama asperella,糙猿头蛤,,,,,,,no_image
92961,Chamaecrista nictitans,山扁豆,,,,,,,no_image
92998,Chamaesium wolffianum,细叶矮泽芹,,,,,,,no_image
28707,Chamaepsila pallida,浅顶茎蝇,,,,,,,no_image
74388,Channa maculata,斑鳢,,,,,,,no_image
74383,Champsodon snyderi,短鳄齿鱼,,,,,,,no_image
74401,Charadrius alexandrinus,环颈鸻,,,,,,,no_image
28764,Chartographa nigritella,乌洄纹尺蛾,,,,,,,no_image
28743,Charaxes kahruba,花斑螯蛱蝶,,,,,,,no_image
28776,Chasminodes niveus,雪白夜蛾,,,,,,,no_image
84,Charybdis obtusifrons,钝额蟳,,,,,,,no_image
93040,Cheilolejeunea kitagawae,异苞白鳞苔,,,,,,,no_image
93021,Cheilanthes christii,凤尾旱蕨,,,,,,,no_image
3935,Cheilonereis cyclurus,环唇沙蚕,,,,,,,no_image
28783,Cheilocapsidea pura,台湾耳盲蝽,,,,,,,no_image
28817,Cheilosia difficilis,无锡黑蚜蝇,,,,,,,no_image
74457,Cheiloprion labiatus,锯唇鱼,,,,,,,no_image
28837,Cheilosia kozlovi,科氏黑蚜蝇,,,,,,,no_image
28857,Cheilosia nuda,裸芒黑蚜蝇,,,,,,,no_image
28877,Cheilosia senia,弱鬃黑蚜蝇,,,,,,,no_image
28897,Cheilosia yoshinoi,褐跗黑蚜蝇,,,,,,,no_image
9783,Cheiracus lanceolatus,,,,,,,,no_image
140399,Cheilymenia ciliata,毛缘刺盘菌,,,,,,,no_image
12602,Cheiracanthium liuyangense,浏阳红螯蛛,,,,,,,no_image
9412,Cheiroseius changlingensis,,,,,,,,no_image
12585,Cheiracanthium chayuense,察隅红螯蛛,,,,,,,no_image
93075,Cheirostylis malipoensis,麻栗坡叉柱兰,,,,,,,no_image
74461,Chelidonichthys spinosus,棘绿鳍鱼,,,,,,,no_image
74465,Chelidoperca margaritifera,珠赤鮨,,,,,,,no_image
28948,Chelipoda forcipata,钩突鬃螳舞虻,,,,,,,no_image
28968,Chelis mannerheimer,斑裂灯蛾,,,,,,,no_image
93101,Chelonopsis giraldii,小叶铃子香,,,,,,,no_image
74477,Chelydra serpentina,蛇鳄龟,,,,,,,no_image
93150,Chenopodium stenophyllum,细叶藜,,,,,,,no_image
28998,Chersotis ononensis,漫卡夜蛾,,,,,,,no_image
93128,Cheniella quinnanensis,黔南首冠藤,,,,,,,no_image
29009,Chetostoma continuans,黄背颊鬃实蝇,,,,,,,no_image
17553,Chicoreus torrefactus,焦棘螺,,,,,,,no_image
17361,Chicomurex gloriosus,荣耀拟棘螺,,,,,,,no_image
16235,Chilobrachys guangxiensis,广西缨毛蛛,,,,,,,no_image
74484,Chiloscyllium punctatum,点纹斑竹鲨,,,,,,,no_image
93205,Chiloscyphus sinensis,中华裂萼苔,,,,,,,no_image
93241,Chimonobambusa pachystachys,刺竹子,,,,,,,no_image
93219,Chimonobambusa basisolida,小刺竹,,,,,,,no_image
93265,Chimonocalamus fimbriatus,流苏香竹,,,,,,,no_image
13162,Chinattus wengnanensis,瓮囡华蛛,,,,,,,no_image
29069,Chinius junlianensis,筠连白蛉,,,,,,,no_image
93280,Chionanthus henryi,李榄,,,,,,,no_image
29081,Chiridopsis bistrimaculata,六点沟龟甲,,,,,,,no_image
29131,Chirosia rametoka,锡蕨蝇,,,,,,,no_image
29092,Chironomus circumdatus,台南摇蚊,,,,,,,no_image
29112,Chironomus sinuosus,窦摇蚊,,,,,,,no_image
134981,Chitonomyces psittacopsis,,,,,,,,no_image
134961,Chitonomyces australasiae,,,,,,,,no_image
93315,Chloranthus spicatus,金粟兰,,,,,,,no_image
6362,Chlamys irregularis,异纹栉孔扇贝,,,,,,,no_image
29168,Chloridolum lameeri,,,,,,,,no_image
93321,Chloris virgata,虎尾草,,,,,,,no_image
29188,Chloridolum thomsoni,,,,,,,,no_image
29217,Chlorocytus circumcinctus,围唇茎生金小蜂,,,,,,,no_image
29309,Chlorophorus probsti,,,,,,,,no_image
173,Chlorodiella xishaensis,西沙绿蟹,,,,,,,no_image
29288,Chlorophorus inhumeralis,,,,,,,,no_image
29267,Chlorophorus caragana,,,,,,,,no_image
93326,Chlorophytum chinense,狭叶吊兰,,,,,,,no_image
29247,Chlorogomphus usudai,斑翅裂唇蜓,,,,,,,no_image
29329,Chlorophorus vageapicatus,,,,,,,,no_image
29351,Chlorops internus,内突秆蝇,,,,,,,no_image
29371,Chlorops stigmatella,褐端秆蝇,,,,,,,no_image
74555,Choerodon jordani,乔氏猪齿鱼,,,,,,,no_image
93334,Chondracanthus tenellus,线形软刺藻,,,,,,,no_image
29395,Choaspes benjaminii,绿弄蝶,,,,,,,no_image
29415,Chonocephalus fletcheri,弗氏细蚤蝇,,,,,,,no_image
29387,Chloropulvinaria taiwana,台湾绿绵蜡蚧,,,,,,,no_image
74534,Chlorurus bowersi,鲍氏绿鹦嘴鱼,,,,,,,no_image
93353,Chondrilla piptocoma,粉苞菊,,,,,,,no_image
93374,Chorispora sibirica,西伯利亚离子芥,,,,,,,no_image
10901,Chorizopes shimenensis,石门壮头蛛,,,,,,,no_image
29444,Chorthippus biguttulus,异色雏蝗,,,,,,,no_image
29466,Chorthippus fuscipennis,鹤立雏蝗,,,,,,,no_image
29506,Chorthippus unicubitus,并脉雏蝗,,,,,,,no_image
93381,Christia hainanensis,海南蝙蝠草,,,,,,,no_image
29486,Chorthippus minutus,小黑雏蝗,,,,,,,no_image
1461,Chromadorella duopapillata,双乳突小色矛线虫,,,,,,,no_image
74583,Chromis dimidiata,双色光鳃鱼,,,,,,,no_image
149436,Chroogomphus vinicolor,酒色色钉菇,,,,,,,no_image
29528,Chromocallis pumili,榆绿斑蚜,,,,,,,no_image
29544,Chrysaeglia magnifica,闪光苔蛾,,,,,,,no_image
93418,Chrysanthemum oreastrum,小山菊,,,,,,,no_image
29545,Chrysocerca formosana,红肩尾草蛉,,,,,,,no_image
29601,Chrysolina convexicollis,隆胸金叶甲,,,,,,,no_image
29623,Chrysolina hohxilensis,可可西里金叶甲,,,,,,,no_image
29575,Chrysolina aeruginosa,漠金叶甲,,,,,,,no_image
29562,Chrysogaster chalybeata,暗晕金蚜蝇,,,,,,,no_image
29704,Chrysomela vigintipunctata,柳二十斑叶甲,,,,,,,no_image
29663,Chrysolina pseudolaeviguttata,拟粗点薄荷金叶甲,,,,,,,no_image
29643,Chrysolina liqingzhaoae,李清照金叶甲,,,,,,,no_image
29686,Chrysolina tianshanica,天山金叶甲,,,,,,,no_image
153064,Chrysomyxa dietelii,迪特尔金锈菌,,,,,,,no_image
29720,Chrysonotomyia reticulata,网腹克诺姬小蜂,,,,,,,no_image
29759,Chrysoperla annae,小齿通草蛉,,,,,,,no_image
29740,Chrysopa infulata,饰带草蛉,,,,,,,no_image
29795,Chrysopilus fenestratus,窗点金鹬虻,,,,,,,no_image
93437,Chrysophyllum cainito,星苹果,,,,,,,no_image
29815,Chrysopilus obscuralatus,灰翅金鹬虻,,,,,,,no_image
29850,Chrysops paradesignata,副三角斑虻,,,,,,,no_image
29830,Chrysops abavius,先父斑虻,,,,,,,no_image
29890,Chrysosoma hangzhouense,杭州金长足虻,,,,,,,no_image
29870,Chrysorabdia equivitta,均带金苔蛾,,,,,,,no_image
29910,Chrysosoma zengchengense,增城金长足虻,,,,,,,no_image
29935,Chrysotimus linzhiensis,林芝黄鬃长足虻,,,,,,,no_image
29955,Chrysotoxum caeleste,雕长角蚜蝇,,,,,,,no_image
93487,Chrysosplenium qinlingense,陕甘金腰,,,,,,,no_image
93453,Chrysosplenium fuscopuncticulosum,褐点金腰,,,,,,,no_image
138458,Chrysothallus spiralis,,,,,,,,no_image
29995,Chrysotoxum zibaiensis,紫柏长角蚜蝇,,,,,,,no_image
29975,Chrysotoxum mongol,蒙古长角蚜蝇,,,,,,,no_image
30015,Chrysotus flavipedus,黄足小异长足虻,,,,,,,no_image
30035,Chrysotus obscuripes,暗小异长足虻,,,,,,,no_image
11640,Chrysso dentaria,齿丽蛛,,,,,,,no_image
30121,Chyliza zangana,藏绒茎蝇,,,,,,,no_image
30055,Chrysotus zhuae,朱氏小异长足虻,,,,,,,no_image
30088,Chudania jinpinga,金平消室叶蝉,,,,,,,no_image
93498,Chrysymenia procumbens,仰卧金膜藻,,,,,,,no_image
30101,Churinga virago,橙褐丘苔蛾,,,,,,,no_image
138942,Ciboria pygmaea,,,,,,,,no_image
155265,Chytridium chaetophilum,,,,,,,,no_image
30156,Cidariplura signata,徽胸须夜蛾,,,,,,,no_image
140412,Ciliaria bicuspis,,,,,,,,no_image
5201,Ciliopagurus strigatus,沟纹纤毛寄居蟹,,,,,,,no_image
93513,Cicerbita neglecta,光苞岩参,,,,,,,no_image
12015,Cicurina lichuanensis,利川洞叶蛛,,,,,,,no_image
30190,Cimidaeorus nigrorufus,黑红棒角盲蝽,,,,,,,no_image
93556,Cinnamomum reticulatum,网脉桂,,,,,,,no_image
93536,Cinnamomum cassia,肉桂,,,,,,,no_image
154927,Cintractia chinensis,,,,,,,,no_image
2508,Ciocalipta foetida,怪味柱萼海绵,,,,,,,no_image
156048,Circinella angarensis,安地卷霉,,,,,,,no_image
74664,Cirrhilabrus melanomarginatus,黑缘丝隆头鱼,,,,,,,no_image
74655,Circus macrourus,草原鹞,,,,,,,no_image
7796,Cirripathes anguina,蛇鞭黑珊瑚,,,,,,,no_image
93629,Cirsium nishiokae,黄苞蓟,,,,,,,no_image
30197,Cirrospilus diallus,斑盾瑟姬小蜂,,,,,,,no_image
93609,Cirsium esculentum,莲座蓟,,,,,,,no_image
93649,Cirsium verutum,苞叶蓟,,,,,,,no_image
93662,Cissampelos pareira,,,,,,,,no_image
93685,Cistanche sinensis,沙苁蓉,,,,,,,no_image
30221,Citrogramma citrinoides,黑腿裸眼蚜蝇,,,,,,,no_image
93705,Citrus microcarpa,四季橘,,,,,,,no_image
7215,Cladiella humesi,胡氏小枝软珊瑚,,,,,,,no_image
135524,Cladonia borealis,北方石蕊,,,,,,,no_image
93709,Cladium mariscus,华一本芒,,,,,,,no_image
135544,Cladonia cyanipes,黄粉石蕊,,,,,,,no_image
135584,Cladonia major,,,,,,,,no_image
135564,Cladonia gracilis,细石蕊,,,,,,,no_image
135604,Cladonia polydactyla,,,,,,,,no_image
132135,Cladosporium acaciicola,,,,,,,,no_image
135624,Cladonia subincrassata,亚厚叶石蕊,,,,,,,no_image
134300,Cladophialophora carrionii,,,,,,,,no_image
132155,Cladosporium citri,,,,,,,,no_image
93731,Cladophora saviniana,长节刚毛藻,,,,,,,no_image
132215,Cladosporium paracladosporioides,,,,,,,,no_image
132195,Cladosporium lycoperdinum,,,,,,,,no_image
132175,Cladosporium entoxylinum,,,,,,,,no_image
30249,Cladotanytarsus conversus,逆枝长跗摇蚊,,,,,,,no_image
132235,Cladosporium sphaerospermum,,,,,,,,no_image
93749,Cladrastis delavayi,小花香槐,,,,,,,no_image
30272,Clanis undulosa,灰斑豆天蛾,,,,,,,no_image
145169,Clarkeinda pequinii,包脚黑洁皮伞,,,,,,,no_image
7064,Clava multicornis,多角棒螅,,,,,,,no_image
4403,Clathrodrillia tasconium,长格纹棒螺,,,,,,,no_image
145647,Clavaria flava,黄珊瑚菌,,,,,,,no_image
93781,Clausena inolida,丽达黄皮,,,,,,,no_image
145687,Clavaria vermiculata,豆芽菌,,,,,,,no_image
145667,Clavaria miyabeana,红豆芽菌,,,,,,,no_image
151951,Clavicorona cristata,冠锁瑚菌,,,,,,,no_image
145708,Clavulinopsis luteotenerrima,黄娇拟锁瑚菌,,,,,,,no_image
149738,Clavulina ornatipes,饰柄锁瑚菌,,,,,,,no_image
93791,Claytosmunda claytoniana,绒紫萁,,,,,,,no_image
93828,Cleistoblechnum eburneum,荚囊蕨,,,,,,,no_image
93808,Cleisostoma paniculatum,大序隔距兰,,,,,,,no_image
93853,Clematis alopecuros,狐尾铁线莲,,,,,,,no_image
93884,Clematis chrysocoma,金毛铁线莲,,,,,,,no_image
93950,Clematis huangjingensis,黄荆铁线莲,,,,,,,no_image
93916,Clematis formosana,台湾铁线莲,,,,,,,no_image
94050,Clematis psilandra,光蕊铁线莲,,,,,,,no_image
94010,Clematis napoensis,那坡铁线莲,,,,,,,no_image
93977,Clematis leschenaultiana,锈毛铁线莲,,,,,,,no_image
94085,Clematis tangutica,甘青铁线莲,,,,,,,no_image
30297,Cleomenes longipennis,,,,,,,,no_image
94123,Clematis wenxianensis,文县铁线莲,,,,,,,no_image
30319,Cleorina aeneomicans,光彩突肩肖叶甲,,,,,,,no_image
30338,Cleptometopus orientalis,,,,,,,,no_image
94189,Clethra bodinieri,单毛桤叶树,,,,,,,no_image
94161,Clerodendrum indicum,长管大青,,,,,,,no_image
94211,Cleyera parvifolia,小叶红淡比,,,,,,,no_image
30352,Clinocera linzhouensis,林州溪舞虻,,,,,,,no_image
5233,Clibanarius virescens,兰绿细螯寄居蟹,,,,,,,no_image
94237,Clinopodium shaofengkouensis,小风口风轮菜,,,,,,,no_image
30372,Clisitherella suturalis,黑缘粗角肖叶甲,,,,,,,no_image
30390,Clitelloxenia assmuthi,缺鬃鞍蚤蝇,,,,,,,no_image
142635,Clitocybe ditopa,,,,,,,,no_image
142615,Clitocybe bresadoliana,赭黄杯伞,,,,,,,no_image
142655,Clitocybe griseifolia,灰褶杯伞,,,,,,,no_image
142695,Clitocybe sinopica,赭杯伞,,,,,,,no_image
142675,Clitocybe nana,,,,,,,,no_image
146072,Clitopilus geminus,,,,,,,,no_image
142715,Clitocybe trullaeformis,铲状杯伞,,,,,,,no_image
16967,Clonorchis sinensis,华支睾吸虫,,,,,,,no_image
30399,Clossiana gong,珍蛱蝶,,,,,,,no_image
30422,Closterocerus shaanxiensis,陕曲纹姬小蜂,,,,,,,no_image
13872,Clubiona hooda,垂兜管巢蛛,,,,,,,no_image
13986,Clubiona drassodes,德拉管巢蛛,,,,,,,no_image
13898,Clubiona bomiensis,波密管巢蛛,,,,,,,no_image
13877,Clubiona ovalis,卵管巢蛛,,,,,,,no_image
13961,Clubiona lamina,板管巢蛛,,,,,,,no_image
13890,Clubiona subcylindrata,近筒管巢蛛,,,,,,,no_image
13954,Clubiona venusta,风雅管巢蛛,,,,,,,no_image
74713,Clupea pallasii,,,,,,,,no_image
30456,Clytus rufoapicalis,,,,,,,,no_image
8008,Clytia edwardsi,艾氏美螅,,,,,,,no_image
10894,Cnodalia flavescens,淡黄科达蛛,,,,,,,no_image
30436,Clytobius davidis,,,,,,,,no_image
94254,Cnidium monnieri,蛇床,,,,,,,no_image
74732,Cobitis zhejiangensis,浙江花鳅,,,,,,,no_image
139158,Coccomyces mussaendae,玉叶金花齿裂菌,,,,,,,no_image
139138,Coccomyces coronatus,冠状齿裂菌,,,,,,,no_image
17677,Cochlicopa lubrica,滑槲果螺,,,,,,,no_image
30501,Coccus discrepans,偏软蜡蚧,,,,,,,no_image
94306,Codonopsis bulleyana,管钟党参,,,,,,,no_image
94285,Codium fragile,刺松藻,,,,,,,no_image
969,Codakia golikovi,强肋厚大蛤,,,,,,,no_image
94332,Codonopsis lixianica,理县党参,,,,,,,no_image
30531,Codrus caii,蔡氏肿额细蜂,,,,,,,no_image
30551,Codrus zhangae,张氏肿额细蜂,,,,,,,no_image
19020,Coecobrya sanmingensis,,,,,,,,no_image
30565,Coeliccia sexmaculata,六斑长腹扇蟌,,,,,,,no_image
94358,Coelogyne calcicola,滇西贝母兰,,,,,,,no_image
94378,Coelogyne pulchella,美丽贝母兰,,,,,,,no_image
30585,Coelioxys dentigera,六齿尖腹蜂,,,,,,,no_image
30605,Coelioxys sauteri,萨氏尖腹蜂,,,,,,,no_image
30623,Coelopisthia areolata,网颈长环金小蜂,,,,,,,no_image
12456,Coelotes fanjingensis,梵净山隙蛛,,,,,,,no_image
74773,Coelorinchus sparsilepis,散鳞腔吻鳕,,,,,,,no_image
74753,Coelorinchus formosanus,台湾腔吻鳕,,,,,,,no_image
12284,Coelotes pedodentalis,足齿隙蛛,,,,,,,no_image
12236,Coelotes xinjiangensis,新疆隙蛛,,,,,,,no_image
30662,Coenonica rugosissima,,,,,,,,no_image
30731,Coenosia erdosica,鄂尔多斯秽蝇,,,,,,,no_image
5564,Coenobita violascens,紫堇陆寄居蟹,,,,,,,no_image
136781,Coenogonium zonatum,,,,,,,,no_image
30711,Coenosia brevispinula,短刺秽蝇,,,,,,,no_image
30690,Coenonympha tydeus,狄泰珍眼蝶,,,,,,,no_image
30751,Coenosia hamaticauda,钩尾秽蝇,,,,,,,no_image
30771,Coenosia monticola,山栖秽蝇,,,,,,,no_image
30791,Coenosia pumilio,矮秽蝇,,,,,,,no_image
30812,Coenosia subsponsa,拟束秽蝇,,,,,,,no_image
152954,Colacogloea peniophorae,,,,,,,,no_image
30833,Cofana cheni,陈氏可大叶蝉,,,,,,,no_image
30860,Colaspoides okumai,奥氏沟臀肖叶甲,,,,,,,no_image
153085,Coleosporium brevius,乔松鞘锈菌,,,,,,,no_image
30882,Colastes effectus,效异茧蜂,,,,,,,no_image
153105,Coleosporium euphrasiae,马先蒿鞘锈菌,,,,,,,no_image
153145,Coleosporium sinicum,中国鞘锈菌,,,,,,,no_image
153125,Coleosporium pedicularidis,马先蒿鞘锈菌,,,,,,,no_image
30913,Colias fieldii,橙黄豆粉蝶,,,,,,,no_image
94408,Coleus bracteatus,光萼鞘蕊花,,,,,,,no_image
137089,Collema fuscovirens,,,,,,,,no_image
30963,Colias viluiensis,北黎豆粉蝶,,,,,,,no_image
141573,Colletotrichum chrysanthemi,,,,,,,,no_image
137109,Collema sichuanense,四川胶衣,,,,,,,no_image
141613,Colletotrichum malvarum,,,,,,,,no_image
141633,Colletotrichum sophorae-japonicae,,,,,,,,no_image
141593,Colletotrichum hibisci,,,,,,,,no_image
94422,Collinsiella tuberculata,科氏藻,,,,,,,no_image
148411,Collybia albuminosa,鸡枞,,,,,,,no_image
148431,Collybia lanipes,尖柄金钱菌,,,,,,,no_image
148451,Collybia radicata,长根菇,,,,,,,no_image
18861,Coloburella sheshanica,,,,,,,,no_image
30985,Colocasiomyia rhaphidophorae,崖角藤芋果蝇,,,,,,,no_image
94467,Cololejeunea latilobula,阔瓣疣鳞苔,,,,,,,no_image
94487,Cololejeunea raduliloba,拟疣鳞苔,,,,,,,no_image
94447,Cololejeunea desciscens,线瓣疣鳞苔,,,,,,,no_image
10071,Colopodacus millettiae,,,,,,,,no_image
94507,Cololejeunea verdoornii,佛氏疣鳞苔,,,,,,,no_image
139172,Colpoma quercinum,栎弯壳菌,,,,,,,no_image
150077,Coltricia oblectans,粗腿钹孔菌,,,,,,,no_image
94533,Colubrina asiatica,蛇藤,,,,,,,no_image
94540,Colura inuii,印氏管叶苔,,,,,,,no_image
94565,Comastoma henryi,鄂西喉毛花,,,,,,,no_image
94585,Combretum sundaicum,榄形风车子,,,,,,,no_image
31039,Comostola meritaria,灵亚四目绿尺蛾,,,,,,,no_image
2898,Comantheria delicata,细栉羽花,,,,,,,no_image
94590,Commelina communis,鸭跖草,,,,,,,no_image
31013,Comibaena ornataria,饰纹绿尺蛾,,,,,,,no_image
31058,Compsobata cibaria,食秀瘦足蝇,,,,,,,no_image
31076,Comusia wui,,,,,,,,no_image
31094,Concaveplana ventriprocessa,腹突凹片叶蝉,,,,,,,no_image
5136,Conchodytes nipponensis,日本江瑶虾,,,,,,,no_image
31114,Condylostylus damingshanshanus,大明山毛瘤长足虻,,,,,,,no_image
31143,Conicera longicilia,长毛锥蚤蝇,,,,,,,no_image
31134,Condylostylus xixianus,西峡毛瘤长足虻,,,,,,,no_image
155334,Conidiobolus major,大孢耳霉,,,,,,,no_image
131655,Coniocybe furfuracea,,,,,,,,no_image
141509,Coniella hibisci,,,,,,,,no_image
94633,Coniogramme suprapilosa,上毛凤了蕨,,,,,,,no_image
31174,Coniopteryx insularis,岛粉蛉,,,,,,,no_image
31194,Conioscinella maculata,具斑圆锥秆蝇,,,,,,,no_image
31216,Conocephalus liangi,梁氏草螽,,,,,,,no_image
133393,Coniothyrium piricola,,,,,,,,no_image
94648,Conioselinum tenuisectum,细裂藁本,,,,,,,no_image
145584,Conocybe antipus,草生锥盖伞,,,,,,,no_image
145604,Conocybe percincta,,,,,,,,no_image
6089,Conopea calceola,陀螺舟藤壶,,,,,,,no_image
31244,Conophymacris viridis,绿拟裸蝗,,,,,,,no_image
31264,Conops rubricornis,红角眼蝇,,,,,,,no_image
8067,Conotrochus brunneus,棕色锥轮珊瑚,,,,,,,no_image
31296,Conwentzia fraternalis,中越啮粉蛉,,,,,,,no_image
31287,Convexana furcella,刺突凸冠叶蝉,,,,,,,no_image
148004,Coprinopsis phlyctidospora,,,,,,,,no_image
147984,Coprinellus marculentus,,,,,,,,no_image
31328,Copidosoma sosares,卷蛾多胚跳小蜂,,,,,,,no_image
31308,Copidosoma agrotis,地老虎多胚跳小蜂,,,,,,,no_image
145186,Coprinus flocculosus,,,,,,,,no_image
31353,Coprophilus difformis,,,,,,,,no_image
145206,Coprinus niveus,雪白鬼伞,,,,,,,no_image
140422,Coprobia elaphorum,,,,,,,,no_image
31373,Coproporus micropennis,,,,,,,,no_image
74819,Copsychus malabaricus,白腰鹊鸲,,,,,,,no_image
31392,Coptops leucosticticus,,,,,,,,no_image
31436,Coquillettomyia bidenticulata,双齿舌板瘿蚊,,,,,,,no_image
31416,Coptotermes gulangyuensis,鼓浪屿乳白蚁,,,,,,,no_image
5088,Coralliocaris superba,褐点珊瑚虾,,,,,,,no_image
17400,Coralliophila solutistoma,宽口珊瑚螺,,,,,,,no_image
31442,Corcobara angulipennis,脊胸夜蛾,,,,,,,no_image
94698,Cordia cochinchinensis,越南破布木,,,,,,,no_image
141774,Cordyceps bifusispora,双梭孢虫草,,,,,,,no_image
94706,Cordyloblaste pendula,吊钟革瓣山矾,,,,,,,no_image
141814,Cordyceps pruinosa,粉被虫草,,,,,,,no_image
141794,Cordyceps imagamiana,成虫虫草,,,,,,,no_image
13861,Coreodrassus lancearius,矛韩掠蛛,,,,,,,no_image
94714,Corethrodendron lignosum,木羊柴,,,,,,,no_image
94725,Coriaria terminalis,草马桑,,,,,,,no_image
151203,Coriolus brevidens,,,,,,,,no_image
94760,Corispermum tylocarpum,毛果绳虫实,,,,,,,no_image
94734,Corispermum elongatum,长穗虫实,,,,,,,no_image
94778,Cornus canadensis,草茱萸,,,,,,,no_image
94808,Cornus sunhangii,墨脱四照花,,,,,,,no_image
6232,Corophium mortonii,莫顿蜾蠃蜚,,,,,,,no_image
148117,Coronicium proximum,,,,,,,,no_image
149797,Corticium confluens,,,,,,,,no_image
149817,Corticium sasakii,笹木伏革菌,,,,,,,no_image
145741,Cortinarius armeniacus,亚美尼亚丝膜菌,,,,,,,no_image
145801,Cortinarius decoloratus,褐色丝膜菌,,,,,,,no_image
145761,Cortinarius bulliardii,比氏丝膜菌,,,,,,,no_image
145781,Cortinarius cinnamomeus,黄丝膜菌,,,,,,,no_image
145841,Cortinarius infractus,矮丝膜菌,,,,,,,no_image
145821,Cortinarius fulmineus,黄肉丝膜菌,,,,,,,no_image
145861,Cortinarius miltinus,,,,,,,,no_image
145881,Cortinarius patibilis,,,,,,,,no_image
145901,Cortinarius purpurascens,紫丝膜菌,,,,,,,no_image
145921,Cortinarius saturninus,,,,,,,,no_image
145941,Cortinarius subpurpurascens,亚紫色丝膜菌,,,,,,,no_image
94869,Corydalis bulleyana,滇西紫堇,,,,,,,no_image
12947,Corusca gracilis,纤细华美蛛,,,,,,,no_image
145961,Cortinarius venetus,,,,,,,,no_image
94827,Corybas taliensis,大理铠兰,,,,,,,no_image
94847,Corydalis aquilegioides,假漏斗菜紫堇,,,,,,,no_image
94896,Corydalis cheirifolia,掌叶紫堇,,,,,,,no_image
94945,Corydalis fedtschenkoana,天山囊果紫堇,,,,,,,no_image
94925,Corydalis densispica,密穗黄堇,,,,,,,no_image
95034,Corydalis liana,绕曲黄堇,,,,,,,no_image
94967,Corydalis gymnopoda,寡叶裸茎紫堇,,,,,,,no_image
95009,Corydalis kingdonis,多雄黄堇,,,,,,,no_image
94989,Corydalis hualongshanensis,化龙山紫堇,,,,,,,no_image
95059,Corydalis mairei,会泽紫堇,,,,,,,no_image
95079,Corydalis nana,矬紫堇,,,,,,,no_image
95102,Corydalis pachypoda,粗梗黄堇,,,,,,,no_image
95122,Corydalis pseudoadoxa,波密紫堇,,,,,,,no_image
95218,Corydalis ternata,三裂延胡索,,,,,,,no_image
95142,Corydalis pseudorupestris,短莛黄堇,,,,,,,no_image
95169,Corydalis rubrisepala,,,,,,,,no_image
95190,Corydalis smithiana,箐边紫堇,,,,,,,no_image
95240,Corydalis vaginans,鞘黄堇,,,,,,,no_image
95283,Corylus ferox,刺榛,,,,,,,no_image
95259,Corylopsis glandulifera,腺蜡瓣花,,,,,,,no_image
133400,Corynespora cassiicola,,,,,,,,no_image
133440,Corynespora viticus,,,,,,,,no_image
133420,Corynespora merremiae,,,,,,,,no_image
31525,Corynoneura ferelobata,伴叶状棒脉摇蚊,,,,,,,no_image
31545,Corynoptera circumplexa,环翼眼蕈蚊,,,,,,,no_image
11789,Coscinida hunanensis,湖南格蛛,,,,,,,no_image
31578,Coryphium taibaiense,,,,,,,,no_image
31565,Corynoptera praegladiota,,,,,,,,no_image
10051,Cosella symplocoae,,,,,,,,no_image
95305,Cosmostigma hainanense,荟蔓藤,,,,,,,no_image
31612,Cosmococcus erythrinae,雕盘蚧,,,,,,,no_image
31600,Cosmia trapezina,亮兜夜蛾,,,,,,,no_image
95326,Cotoneaster atuntzensis,阿墩子栒子,,,,,,,no_image
31641,Cothornobata ingensfurca,巨叉云瘦足蝇,,,,,,,no_image
95411,Cotoneaster leveillei,西山栒子,,,,,,,no_image
95356,Cotoneaster declinatus,弯枝栒子,,,,,,,no_image
95384,Cotoneaster harrysmithii,丹巴栒子,,,,,,,no_image
95489,Cotoneaster zabelii,西北栒子,,,,,,,no_image
95443,Cotoneaster poluninii,绒毛细叶栒子,,,,,,,no_image
95469,Cotoneaster svenhedinii,迭部栒子,,,,,,,no_image
95512,Craigia yunnanensis,滇桐,,,,,,,no_image
74893,Cranoglanis bouderius,长臀&#x0000E067;,,,,,,,no_image
95495,Cousinia affinis,刺头菊,,,,,,,no_image
12733,Crassignatha bangbie,邦别糙胸蛛,,,,,,,no_image
2486,Crassimarginatella crassimarginata,厚缘苔虫,,,,,,,no_image
31675,Craspedomerus beckeri,,,,,,,,no_image
95529,Crataegus dahurica,光叶山楂,,,,,,,no_image
149743,Craterellus borealis,,,,,,,,no_image
135203,Cratiria obscurior,,,,,,,,no_image
95573,Crawfurdia puberula,毛叶蔓龙胆,,,,,,,no_image
95595,Cremanthodium campanulatum,钟花垂头菊,,,,,,,no_image
95667,Cremanthodium smithianum,紫茎垂头菊,,,,,,,no_image
95621,Cremanthodium helianthus,向日垂头菊,,,,,,,no_image
95646,Cremanthodium oblanciligulatum,藏南垂头菊,,,,,,,no_image
31721,Creontiades bipunctatus,赣棉淡盲蝽,,,,,,,no_image
31709,Cremnops hongpingensis,红坪长喙茧蜂,,,,,,,no_image
95703,Crepidium calophyllum,美叶沼兰,,,,,,,no_image
146013,Crepidotus cesatii,,,,,,,,no_image
95722,Crepidomanes latealatum,翅柄假脉蕨,,,,,,,no_image
146033,Crepidotus occidentalis,南方靴耳,,,,,,,no_image
95755,Crescentia cujete,葫芦树,,,,,,,no_image
95736,Crepis crocea,北方还阳参,,,,,,,no_image
74905,Cricetulus longicaudatus,长尾仓鼠,,,,,,,no_image
147102,Crinipellis iopus,毛皮伞,,,,,,,no_image
31749,Cricotopus reversus,前侧环足摇蚊,,,,,,,no_image
31771,Criorhina rubripes,红足皮毛蚜蝇,,,,,,,no_image
142738,Crocicreas fuscum,,,,,,,,no_image
95762,Crocosmia ×,雄黄兰,,,,,,,no_image
31799,Croesia rosella,蔷薇弧翅卷蛾,,,,,,,no_image
31807,Crosita kowalewskyi,脊翅秃跗叶甲,,,,,,,no_image
19208,Crossodonthina langshanensis,,,,,,,,no_image
74941,Crossorhombus valderostratus,宽额青缨鲆,,,,,,,no_image
95841,Croton hirtus,硬毛巴豆,,,,,,,no_image
95819,Crotalaria tetragona,四棱猪屎豆,,,,,,,no_image
95789,Crotalaria jianfengensis,尖峰猪屎豆,,,,,,,no_image
31821,Crovettia tianmushanensis,西天目山直脉螯蜂,,,,,,,no_image
31826,Crumomyia pedestris,脊硕小粪蝇,,,,,,,no_image
31839,Cryphia orthogramma,纹藓夜蛾,,,,,,,no_image
31850,Crypteria spectralis,杂谱隐大蚊,,,,,,,no_image
95893,Cryptocarya metcalfiana,长序厚壳桂,,,,,,,no_image
31873,Cryptochironomus supplicans,皱隐摇蚊,,,,,,,no_image
31856,Cryptochetum fanjingshanum,梵净山隐芒蝇,,,,,,,no_image
16145,Cryptocorypha spinicoronatus,,,,,,,,no_image
5668,Cryptonatica janthostoma,紫口隐玉螺,,,,,,,no_image
4833,Cryptopenaeus sinensis,中华粗对虾,,,,,,,no_image
4094,Cryptodromiopsis unidentata,单齿仿隐绵蟹,,,,,,,no_image
31892,Cryptophleps kerteszi,克氏伪隐脉长足虻,,,,,,,no_image
151211,Cryptoporus volvatus,,,,,,,,no_image
31930,Cryptotermes dudleyi,长颚堆砂白蚁,,,,,,,no_image
31918,Cryptoserphus nigristigmatus,黑痣隐颚细蜂,,,,,,,no_image
7619,Ctenactis crassa,厚栉珊瑚,,,,,,,no_image
95946,Ctenitis jinfoshanensis,金佛山肋毛蕨,,,,,,,no_image
31948,Ctenochauliodes nigrovenosus,属模栉鱼蛉,,,,,,,no_image
74962,Ctenopharyngodon idella,草鱼,,,,,,,no_image
32003,Ctenophyllus conothoae,圆囊栉叶蚤,,,,,,,no_image
31977,Ctenophthalmus exiensis,鄂西栉眼蚤,,,,,,,no_image
32053,Cucullia nitida,银白冬夜蛾,,,,,,,no_image
32033,Cucullia asteris,黑纹冬夜蛾,,,,,,,no_image
32022,Ctenothrips leionotus,滑背梳蓟马,,,,,,,no_image
32066,Cueta lineosa,线斑多脉蚁蛉,,,,,,,no_image
32104,Culex hutchinsoni,角管库蚊,,,,,,,no_image
95959,Cucumis sativus,黄瓜,,,,,,,no_image
32084,Culex bicornutus,须喙库蚊,,,,,,,no_image
32145,Culex spiculosus,细刺库蚊,,,,,,,no_image
32124,Culex oresbius,山栖库蚊,,,,,,,no_image
32178,Culicoides baisasi,巴沙库蠓,,,,,,,no_image
32218,Culicoides desertorum,沙库蠓,,,,,,,no_image
32198,Culicoides cheni,陈氏库蠓,,,,,,,no_image
155354,Culicicola papillata,,,,,,,,no_image
32278,Culicoides impunctatus,光胸库蠓,,,,,,,no_image
32258,Culicoides halonostictus,圆斑库蠓,,,,,,,no_image
32238,Culicoides flaviscutatus,黄盾库蠓,,,,,,,no_image
32298,Culicoides koreensis,朝鲜库蠓,,,,,,,no_image
32318,Culicoides longiporus,长囊库蠓,,,,,,,no_image
32358,Culicoides nagarzensis,浪卡库蠓,,,,,,,no_image
32378,Culicoides orientalis,东方库蠓,,,,,,,no_image
32418,Culicoides reconditus,隐匿库蠓,,,,,,,no_image
32398,Culicoides pingtanensis,平坛库蠓,,,,,,,no_image
32338,Culicoides maritimus,婚飞库蠓,,,,,,,no_image
32438,Culicoides sinanoensis,兴安库蠓,,,,,,,no_image
32458,Culicoides suzukii,铃库蠓,,,,,,,no_image
32478,Culicoides trimaculatus,三斑库蠓,,,,,,,no_image
32498,Culicoides yanbianensis,延边库蠓,,,,,,,no_image
4786,Cultellus cultellus,花刀蛏,,,,,,,no_image
155922,Cunninghamella multiverticillata,,,,,,,,no_image
32521,Cunedda brownfronsa,褐额楔叶蝉,,,,,,,no_image
74997,Cuora zhoui,周氏闭壳龟,,,,,,,no_image
96001,Curcuma kwangsiensis,广西莪术,,,,,,,no_image
95983,Cupressus funebris,柏木,,,,,,,no_image
134056,Curvularia curculiginis,,,,,,,,no_image
75005,Curruca minula,漠白喉林莺,,,,,,,no_image
134076,Curvularia trachycarpi,,,,,,,,no_image
2047,Cuspidaria dubia,杜边杓蛤,,,,,,,no_image
96033,Cyananthus cordifolius,心叶蓝钟花,,,,,,,no_image
32550,Cyana arama,秧雪苔蛾,,,,,,,no_image
7648,Cyanea nozakii,白色霞水母,,,,,,,no_image
32571,Cyana gracilis,细纹雪苔蛾,,,,,,,no_image
145229,Cyathia intermedia,,,,,,,,no_image
142763,Cyathus costatus,浅棱黑蛋巢菌,,,,,,,no_image
96074,Cyathopus sikkimensis,锡金杯禾,,,,,,,no_image
142783,Cyathus neimonggolensis,内蒙黑蛋巢菌,,,,,,,no_image
142803,Cyathus wutaishanensis,五台山黑蛋巢菌,,,,,,,no_image
96127,Cyclocodon lancifolius,轮钟草,,,,,,,no_image
96092,Cycas multiovula,多胚苏铁,,,,,,,no_image
3810,Cycladicama oblonga,长圆蛤,,,,,,,no_image
96121,Cyclea wattii,西南轮环藤,,,,,,,no_image
150111,Cyclomyces xeranticus,,,,,,,,no_image
96131,Cyclogramma chunii,焕镛钩毛蕨,,,,,,,no_image
11129,Cyclosa damingensis,大明艾蛛,,,,,,,no_image
11145,Cyclosa pseudoculata,伪岛艾蛛,,,,,,,no_image
96172,Cyclosorus longqishanensis,龙栖山毛蕨,,,,,,,no_image
96152,Cyclosorus calvescens,光羽毛蕨,,,,,,,no_image
75052,Cygnus olor,疣鼻天鹅,,,,,,,no_image
96192,Cyclosorus shimenensis,石门毛蕨,,,,,,,no_image
147707,Cylindrobasidium evolvens,,,,,,,,no_image
75047,Cyclothone pallida,苍圆罩鱼,,,,,,,no_image
75053,Cylindrophis jodiae,乔迪氏筒蛇,,,,,,,no_image
96211,Cylindrolobus gaoligongensis,高黎贡柱兰,,,,,,,no_image
32661,Cyllecoris badius,棕胝突盲蝽,,,,,,,no_image
8602,Cymatium comptus,多彩嵌线螺,,,,,,,no_image
8565,Cymatium pyrum,梨形嵌线螺,,,,,,,no_image
96264,Cymbidium motuoense,墨脱虎头兰,,,,,,,no_image
96218,Cymbalaria muralis,蔓柳穿鱼,,,,,,,no_image
96244,Cymbidium ensifolium,建兰,,,,,,,no_image
96285,Cymbilabia undulata,船唇兰,,,,,,,no_image
96308,Cymbopogon tortilis,扭鞘香茅,,,,,,,no_image
96314,Cynanchum acidum,肉珊瑚,,,,,,,no_image
96338,Cynanchum gracillimum,乳突果,,,,,,,no_image
96384,Cynoglossum furcatum,琉璃草,,,,,,,no_image
96360,Cynanchum sinoracemosum,尖叶杯冠藤,,,,,,,no_image
75069,Cynoglossus melampetalus,黑尾舌鳎,,,,,,,no_image
75086,Cynops cyanurus,蓝尾蝾螈,,,,,,,no_image
96435,Cyperus javanicus,羽状穗砖子苗,,,,,,,no_image
96459,Cyperus procerus,拟毛轴莎草,,,,,,,no_image
96408,Cyperus difformis,异型莎草,,,,,,,no_image
75111,Cyornis unicolor,纯蓝仙鹟,,,,,,,no_image
32689,Cyphanta xanthochlora,褐带绿舟蛾,,,,,,,no_image
32693,Cyphomyia chinensis,中华长鞭水虻,,,,,,,no_image
75118,Cyprinus bajiangensis,巴江鲤,,,,,,,no_image
96508,Cypripedium micranthum,小花杓兰,,,,,,,no_image
96488,Cypripedium daweishanense,大围山杓兰,,,,,,,no_image
75138,Cypselurus opisthopus,黑鳍燕鳐鱼,,,,,,,no_image
75144,Cyrtodactylus cayuensis,察隅裸趾虎,,,,,,,no_image
32711,Cyrestis thyodamas,网丝蛱蝶,,,,,,,no_image
96522,Cyrtandra umbellifera,浆果苣苔,,,,,,,no_image
9234,Cyrthermannia bicornicula,双角短汉甲螨,,,,,,,no_image
32753,Cyrtogaster simplex,简茜金小蜂,,,,,,,no_image
96545,Cyrtomium grossum,惠水贯众,,,,,,,no_image
96565,Cyrtomium urophyllum,线羽贯众,,,,,,,no_image
32773,Cyrtostola limbata,四条细尾实蝇,,,,,,,no_image
10973,Cyrtophora guangxiensis,广西云斑蛛,,,,,,,no_image
145241,Cystoderma terrei,,,,,,,,no_image
96578,Cystopteris guizhouensis,贵州冷蕨,,,,,,,no_image
152771,Dacrymyces aurantiacus,黄花耳,,,,,,,no_image
141541,Cytospora schulzeri,,,,,,,,no_image
141521,Cytospora horrida,,,,,,,,no_image
4412,Cytharopsis cancellata,格纹胞螺,,,,,,,no_image
152788,Dacryomyces australis,,,,,,,,no_image
142817,Dactylaria parvispora,,,,,,,,no_image
139505,Dactylella yunnanensis,,,,,,,,no_image
32799,Dactylispa confluens,柄刺叉趾铁甲,,,,,,,no_image
32843,Dactylispa parva,小趾铁甲,,,,,,,no_image
96601,Dactylicapnos torulosa,扭果紫金龙,,,,,,,no_image
32823,Dactylispa klapperichi,缝刺叉趾铁甲,,,,,,,no_image
32865,Dactylispa spectabilis,黑胸叉趾铁甲,,,,,,,no_image
8401,Dactylokepon holthuisi,侯氏指突鳃虱,,,,,,,no_image
150874,Daedalea dickinsii,肉色迷孔菌,,,,,,,no_image
32886,Dactylothyrea spinipes,刺鬃腿秆蝇,,,,,,,no_image
96618,Dalbergia cultrata,黑黄檀,,,,,,,no_image
96638,Dalbergia sissoo,印度黄檀,,,,,,,no_image
6761,Daldorfia leprosa,齿锐蚀菱蟹,,,,,,,no_image
32912,Damalis andron,雄籽角食虫虻,,,,,,,no_image
75167,Danio albolineatus,珍珠&#x0000E000;,,,,,,,no_image
96650,Damnacanthus angustifolius,台湾虎刺,,,,,,,no_image
96700,Daphne limprichtii,铁牛皮,,,,,,,no_image
96675,Daphne brevituba,短管瑞香,,,,,,,no_image
96723,Daphne tangutica,唐古特瑞香,,,,,,,no_image
4210,Daphnella varicosa,脊桂螺,,,,,,,no_image
96742,Daphniphyllum subverticillatum,假轮叶虎皮楠,,,,,,,no_image
5237,Dardanus megistos,斑点真寄居蟹,,,,,,,no_image
32966,Dasineura citrigemina,桔孪叶瘿蚊,,,,,,,no_image
153300,Dasturella divina,垫锈菌,,,,,,,no_image
33013,Dasyhelea aurosa,金色毛蠓,,,,,,,no_image
32994,Dasydorylas eucalypti,桉树毛头蝇,,,,,,,no_image
5051,Dasycaris zanzibarica,桑给巴尔尖腹虾,,,,,,,no_image
33033,Dasyhelea communis,共同毛蠓,,,,,,,no_image
33073,Dasyhelea forsteri,弗氏毛蠓,,,,,,,no_image
33053,Dasyhelea dujanga,都江毛蠓,,,,,,,no_image
33093,Dasyhelea insperata,意外毛蠓,,,,,,,no_image
33113,Dasyhelea microsporea,小孢毛蠓,,,,,,,no_image
33173,Dasyhelea turanicola,旋纽毛蠓,,,,,,,no_image
96762,Dasymaschalon trichophorum,皂帽花,,,,,,,no_image
33153,Dasyhelea shuaoensis,树澳毛蠓,,,,,,,no_image
33133,Dasyhelea paludicola,卑湿毛蠓,,,,,,,no_image
33204,Dasypogon purpuripenne,紫翅钩胫食虫虻,,,,,,,no_image
138585,Dasyscyphus pritzelianus,,,,,,,,no_image
138545,Dasyscyphus albidulus,,,,,,,,no_image
138565,Dasyscyphus foliicola,叶生毛钉菌,,,,,,,no_image
96774,Davallia griffithiana,杯盖阴石蕨,,,,,,,no_image
33239,Davidius fruhstorferi,弗鲁戴春蜓,,,,,,,no_image
33220,Dasysyrphus lunulatus,新月毛蚜蝇,,,,,,,no_image
96791,Debregeasia hekouensis,河口水麻,,,,,,,no_image
15765,Decapauropus cultratus,刀十别少足,,,,,,,no_image
148120,Deflexula nivea,龙爪菌,,,,,,,no_image
75195,Decapterus tabl,泰勃圆鲹,,,,,,,no_image
75196,Decodon pacificus,太平洋裸齿隆头鱼,,,,,,,no_image
33273,Deinopteroloma bisbisinuatum,,,,,,,,no_image
33302,Delia bipartita,分爿地种蝇,,,,,,,no_image
140907,Delastreopsis oligosperma,,,,,,,,no_image
33322,Delia fimbrifascia,缨簇地种蝇,,,,,,,no_image
33342,Delia lavata,沐地种蝇,,,,,,,no_image
33410,Delias berinda,倍林斑粉蝶,,,,,,,no_image
33362,Delia parafrontella,三棒地种蝇,,,,,,,no_image
33382,Delia sinuiforcipis,波叶地种蝇,,,,,,,no_image
8526,Delonovolva Formosa,矛梭螺,,,,,,,no_image
96852,Delphinium bulleyanum,拟螺距翠雀花,,,,,,,no_image
96886,Delphinium davidii,谷地翠雀花,,,,,,,no_image
96919,Delphinium grandiflorum,翠雀,,,,,,,no_image
96981,Delphinium lingbaoense,灵宝翠雀花,,,,,,,no_image
96951,Delphinium kamaonense,光序翠雀花,,,,,,,no_image
97004,Delphinium neowentsaii,文采新翠雀花,,,,,,,no_image
97036,Delphinium pseudoglaciale,拟冰川翠雀花,,,,,,,no_image
97063,Delphinium shuichengense,水城翠雀花,,,,,,,no_image
97091,Delphinium thibeticum,澜沧翠雀花,,,,,,,no_image
97123,Delphinium xanthanthum,黄花翠雀花,,,,,,,no_image
8089,Deltocyathus philippinensis,菲律宾角杯珊瑚,,,,,,,no_image
146,Demania toxica,毒鳞斑蟹,,,,,,,no_image
33512,Demonax luridicornis,,,,,,,,no_image
33469,Demonax angulifascia,,,,,,,,no_image
33532,Demonax proculscuti,,,,,,,,no_image
33572,Demoticus plebejus,普通解寄蝇,,,,,,,no_image
33552,Demonax sikangensis,,,,,,,,no_image
33489,Demonax gemellus,,,,,,,,no_image
33592,Demotina thei,油茶肖叶甲,,,,,,,no_image
97141,Dendrobium aphyllum,兜唇石斛,,,,,,,no_image
97161,Dendrobium densiflorum,密花石斛,,,,,,,no_image
97181,Dendrobium henryi,疏花石斛,,,,,,,no_image
97202,Dendrobium luzonense,吕宋石斛,,,,,,,no_image
97224,Dendrobium sinominutiflorum,勐海石斛,,,,,,,no_image
97268,Dendrocalamus minor,吊丝竹,,,,,,,no_image
97244,Dendrobium zhenyuanense,镇源石斛,,,,,,,no_image
97291,Dendroceros japonicus,日本树角苔,,,,,,,no_image
75231,Dendrocopos hyperythrus,棕腹啄木鸟,,,,,,,no_image
33627,Dendrolimus sericus,天目松毛虫,,,,,,,no_image
33602,Dendroleon pantherinus,褐纹树蚁蛉,,,,,,,no_image
75253,Dendronanthus indicus,山鹡鸰,,,,,,,no_image
33652,Dentaphila mirabilis,,,,,,,,no_image
134185,Dendryphiella arenaria,,,,,,,,no_image
97330,Dendrophthoe pentandra,五蕊寄生,,,,,,,no_image
33641,Dendrothrips guttatus,斑棍蓟马,,,,,,,no_image
155584,Dentiscutata biornata,,,,,,,,no_image
97389,Deparia longipes,昆明假蹄盖蕨,,,,,,,no_image
97361,Deparia conilii,钝羽假蹄盖蕨,,,,,,,no_image
97416,Deparia unifurcata,峨眉介蕨,,,,,,,no_image
33670,Deraeocoris apicatus,端齿爪盲蝽,,,,,,,no_image
33690,Deraeocoris nigropectus,黑胸齿爪盲蝽,,,,,,,no_image
33710,Deraeocoris ventralis,艳盾齿爪盲蝽,,,,,,,no_image
33752,Derops coreanus,,,,,,,,no_image
154947,Dermatosorus eleocharidis,荸荠皮堆黑粉菌,,,,,,,no_image
33736,Dericorys tibialis,蓝翅瘤蝗,,,,,,,no_image
6146,Desmodora pontica,小桥链环线虫,,,,,,,no_image
97440,Derris ferruginea,锈毛鱼藤,,,,,,,no_image
145620,Descolea pretiosa,,,,,,,,no_image
18880,Desoria tianshanica,,,,,,,,no_image
97495,Deutzia compacta,密序溲疏,,,,,,,no_image
97523,Deutzia monbeigii,维西溲疏,,,,,,,no_image
97550,Deutzia wardiana,宽萼溲疏,,,,,,,no_image
33796,Dexia extendens,巨长足寄蝇,,,,,,,no_image
12763,Dexippus pengi,彭氏右蛛,,,,,,,no_image
97581,Deyeuxia scabrescens,糙野青茅,,,,,,,no_image
33831,Diadocidia sinica,中华张翅菌蚊,,,,,,,no_image
97561,Deyeuxia flavens,黄花野青茅,,,,,,,no_image
33845,Dialysis sinensis,中华芒角臭虻,,,,,,,no_image
97594,Dianella ensifolia,山菅兰,,,,,,,no_image
33884,Dianous bashanensis,,,,,,,,no_image
33904,Dianous cyaneocupreus,,,,,,,,no_image
33947,Dianous nigrocyaneus,,,,,,,,no_image
33967,Dianous senex,,,,,,,,no_image
33924,Dianous grandistigma,,,,,,,,no_image
33987,Dianous versicolorus,,,,,,,,no_image
97599,Dianthus caryophyllus,香石竹,,,,,,,no_image
97622,Diapensia purpurea,红花岩梅,,,,,,,no_image
34020,Diaphorus elongatus,长须异长足虻,,,,,,,no_image
75296,Diaphus similis,高位眶灯鱼,,,,,,,no_image
34040,Diaphorus nigricans,黑色异长足虻,,,,,,,no_image
75276,Diaphus diadematus,冠眶灯鱼,,,,,,,no_image
34086,Diarsia macrodactyla,广歹夜蛾,,,,,,,no_image
97631,Diarthron vesiculosum,囊管草瑞香,,,,,,,no_image
141355,Diaporthe perjuncta,,,,,,,,no_image
34063,Diarsia brunnea,棕色歹夜蛾,,,,,,,no_image
34122,Dibrachys qinghaiensis,青海黑青金小蜂,,,,,,,no_image
144526,Diatrypella verrucaeformis,,,,,,,,no_image
142837,Dicellaesporites elongatus,,,,,,,,no_image
139115,Dichaena rugosa,,,,,,,,no_image
34148,Dichaetomyia keiseri,三条重毫蝇,,,,,,,no_image
97633,Dichanthelium acuminatum,渐尖莲座黍,,,,,,,no_image
34168,Dichaetophora bicornis,角双鬃果蝇,,,,,,,no_image
97652,Dichocarpum trifoliolatum,三小叶人字果,,,,,,,no_image
34191,Dichorragia nesimachus,电蛱蝶,,,,,,,no_image
3604,Dichrometra doederleini,杜氏双列羽枝,,,,,,,no_image
97695,Dicranella rotundata,圆叶小曲尾藓,,,,,,,no_image
97679,Dicliptera chinensis,狗肝菜,,,,,,,no_image
3420,Dicranodromia doderleini,道氏双齿绵蟹,,,,,,,no_image
34249,Dicranomyia lassa,拉沙细大蚊,,,,,,,no_image
34229,Dicranomyia depauperata,矮细大蚊,,,,,,,no_image
34269,Dicranomyia reductissima,短细大蚊,,,,,,,no_image
34289,Dicranomyia unicinctifera,单环细大蚊,,,,,,,no_image
97717,Dicranopteris austrosinensis,华南芒萁,,,,,,,no_image
34312,Dicranosepsis javanica,爪哇二叉鼓翅蝇,,,,,,,no_image
97737,Dicranum fragilifolium,折叶直毛藓,,,,,,,no_image
97757,Dicranum psathyrum,脆叶锦叶藓,,,,,,,no_image
34328,Dicranota gibbera,驼背叉大蚊,,,,,,,no_image
34345,Dicrotendipes pelochloris,暗绿二叉摇蚊,,,,,,,no_image
34358,Dictenidia partialis,黄肩偶栉大蚊,,,,,,,no_image
145256,Dictyocephalos attenuatus,网格歧裂灰包,,,,,,,no_image
150759,Dictyophallus aurantiacus,,,,,,,,no_image
133451,Dictyosporium biseriale,,,,,,,,no_image
34378,Dicyphus nigrifrons,黑额显胝盲蝽,,,,,,,no_image
133471,Dictyosporium tetrasporum,,,,,,,,no_image
34394,Didymana ancepsa,黄钳钩蛾,,,,,,,no_image
97786,Didymocarpus leiboensis,雷波长蒴苣苔,,,,,,,no_image
97830,Didymodon kunlunensis,芽胞对齿藓,,,,,,,no_image
97808,Didymochlaena sinuosa,翼囊蕨,,,,,,,no_image
97852,Didymoglossum tahitense,盾形单叶假脉蕨,,,,,,,no_image
133657,Didymosphaeria atrogrisea,,,,,,,,no_image
97869,Dienia ophrydis,无耳沼兰,,,,,,,no_image
97874,Digitalis purpurea,毛地黄,,,,,,,no_image
34422,Diglyphus bimaculatus,双斑潜蝇姬小蜂,,,,,,,no_image
97896,Digitaria stricta,竖毛马唐,,,,,,,no_image
34462,Dilar yangi,杨氏栉角蛉,,,,,,,no_image
34442,Dilar insularis,海岛栉角蛉,,,,,,,no_image
97921,Dimeria sinensis,华雁茅,,,,,,,no_image
34475,Dilophus plagiospinae,斜刺棘毛蚊,,,,,,,no_image
142876,Dinemasporium sinense,,,,,,,,no_image
7756,Dimophyes arctica,北极单板水母,,,,,,,no_image
34497,Dindica tienmuensis,天目峰尺蛾,,,,,,,no_image
34530,Dinera takanoi,高野迪内寄蝇,,,,,,,no_image
34540,Dinoptera collaris,,,,,,,,no_image
34581,Dioctria linearis,线突额食虫虻,,,,,,,no_image
34561,Dinotiscus armandi,松小蠹狄金小蜂,,,,,,,no_image
5260,Diogener spinifrons,棘刺活额寄居蟹,,,,,,,no_image
97947,Dioscorea biformifolia,异叶薯蓣,,,,,,,no_image
34597,Diopsis indica,印度突眼蝇,,,,,,,no_image
97977,Dioscorea japonica,日本薯蓣,,,,,,,no_image
98007,Dioscorea tokoro,山萆薢,,,,,,,no_image
98027,Diospyros diversilimba,光叶柿,,,,,,,no_image
34601,Diostracus brevicercus,短须巨口长足虻,,,,,,,no_image
98071,Diospyros saxicola,石生柿,,,,,,,no_image
98049,Diospyros longibracteata,长苞柿,,,,,,,no_image
14995,Diphya qianica,黔双胜蛛,,,,,,,no_image
154656,Dioszegia athyri,,,,,,,,no_image
34637,Diplacodes nebulosa,斑蓝小蜻,,,,,,,no_image
34648,Diplatys shirakii,锐丝尾螋,,,,,,,no_image
7718,Diphasia heurteli,厄氏双唇,,,,,,,no_image
98183,Diplazium nigrosquamosum,乌鳞短肠蕨,,,,,,,no_image
98132,Diplazium dilatatum,毛柄短肠蕨,,,,,,,no_image
98157,Diplazium jinpingense,金平短肠蕨,,,,,,,no_image
98207,Diplazium splendens,大叶双盖蕨,,,,,,,no_image
18502,Dipleuchlanis propatula,豁背迭须足轮虫,,,,,,,no_image
75381,Diploderma kangdingense,康定攀蜥,,,,,,,no_image
75361,Diploderma angustelinea,细纹攀蜥（细纹龙蜥）,,,,,,,no_image
75401,Diploderma vela,帆背攀蜥,,,,,,,no_image
75412,Diplophos taenia,带纹双光鱼,,,,,,,no_image
131809,Diplodia tumefaciens,,,,,,,,no_image
34654,Diplonevra abbreviata,黑腹栅蚤蝇,,,,,,,no_image
98256,Diplopterygium rufum,厚毛里白,,,,,,,no_image
34673,Diplothorax brevis,,,,,,,,no_image
11451,Dipoena crescenta,新月圆腹蛛,,,,,,,no_image
11439,Dipoenura fimbriata,流苏后丘蛛,,,,,,,no_image
98280,Dipteronia dyeriana,云南金钱槭,,,,,,,no_image
142900,Diporisporites maximus,,,,,,,,no_image
9822,Diptacus castaneae,,,,,,,,no_image
9854,Diptacus platyphyllae,,,,,,,,no_image
9823,Diptilomiopus decem,,,,,,,,no_image
135215,Dirinaria aegialita,海滩黑囊基衣,,,,,,,no_image
9789,Diptilomiopus stephanus,,,,,,,,no_image
8798,Dischides belcheri,二刺裂角贝,,,,,,,no_image
139867,Disciotis venosa,肋状皱盘菌,,,,,,,no_image
75437,Discogobio antethoracalis,前胸盘&#x0000E068;,,,,,,,no_image
3731,Discoplax rotundum,圆形扁盘蟹,,,,,,,no_image
98305,Disporum bodinieri,短蕊万寿竹,,,,,,,no_image
10121,Disella planicaule,,,,,,,,no_image
34740,Distenia stenola,,,,,,,,no_image
34722,Dissoptera heterothrix,异毛异管蚜蝇,,,,,,,no_image
34751,Distoleon formosanus,毛距蚁蛉,,,,,,,no_image
98358,Distyliopsis yunnanensis,滇假蚊母,,,,,,,no_image
98347,Distichophyllum osterwaldii,大型黄藓,,,,,,,no_image
34765,Ditrichophora pernigra,贝克寡毛水蝇,,,,,,,no_image
34798,Ditrigona quinaria,五纹白钩蛾,,,,,,,no_image
34772,Ditrigona cirruncata,镰茎白钩蛾,,,,,,,no_image
155578,Diversispora spurca,沾屑多孢囊霉,,,,,,,no_image
34841,Docirava affinis,粉红盗尺蛾,,,,,,,no_image
34830,Djalmabatista sinica,中华虹彩摇蚊,,,,,,,no_image
34873,Dohrniphora carinata,横脊栓蚤蝇,,,,,,,no_image
98393,Docynia longiunguis,长爪多依,,,,,,,no_image
34893,Dohrniphora separata,穿越栓蚤蝇,,,,,,,no_image
34926,Dolichocoxys wangi,王氏长腹寄蝇,,,,,,,no_image
5941,Dolicheremaeus taidinchani,太氏隐甲螨,,,,,,,no_image
34938,Dolichopeza fokiensis,福建山纤足大蚊,,,,,,,no_image
34958,Dolichopeza sparsihirta,散多毛纤足大蚊,,,,,,,no_image
34977,Dolichopus basisetus,基鬃长足虻,,,,,,,no_image
34997,Dolichopus jilinensis,吉林长足虻,,,,,,,no_image
35037,Dolichopus yangi,杨氏长足虻,,,,,,,no_image
35017,Dolichopus ringdahli,芮氏长足虻,,,,,,,no_image
35060,Dolichothrips macarangai,血桐修管蓟马,,,,,,,no_image
35065,Dolophrades terrenus,,,,,,,,no_image
12663,Dolomedes raptor,掠狡蛛,,,,,,,no_image
16921,Dolichosaccus taiwanensis,台湾长囊吸虫,,,,,,,no_image
2763,Domiporta granatina,虚线笔螺,,,,,,,no_image
35079,Domene hei,,,,,,,,no_image
98437,Dontostemon perennis,多年生花旗杆,,,,,,,no_image
35105,Dorcadia ioffi,羊长喙蚤,,,,,,,no_image
98443,Dorcoceras hygrometricum,旋蒴苣苔,,,,,,,no_image
35154,Dorysthenes florentinii,,,,,,,,no_image
75460,Doryichthys boaja,宝珈枪吻海龙,,,,,,,no_image
637,Dotilla wichmanni,韦氏毛带蟹,,,,,,,no_image
394,Dosinia cumingii,突角镜蛤,,,,,,,no_image
98491,Draba melanopus,天山葶苈,,,,,,,no_image
35183,Downesia strigicollis,脊胸平脊甲,,,,,,,no_image
98511,Draba sunhangiana,孙航葶苈,,,,,,,no_image
98471,Draba ellipsoidea,椭圆果葶苈,,,,,,,no_image
35197,Drabescus convolutus,卷曲胫槽叶蝉,,,,,,,no_image
98528,Dracocephalum bipinnatum,羽叶枝子花,,,,,,,no_image
35217,Drabescus ogumae,宽胫槽叶蝉,,,,,,,no_image
98549,Dracocephalum paulsenii,宽齿青兰,,,,,,,no_image
12183,Draconarius agrestis,宽龙隙蛛,,,,,,,no_image
12426,Draconarius jiafu,家福龙隙蛛,,,,,,,no_image
12077,Draconarius cavus,腔龙隙蛛,,,,,,,no_image
12500,Draconarius molluscus,柔软龙隙蛛,,,,,,,no_image
12468,Draconarius duplus,双倍龙隙蛛,,,,,,,no_image
12232,Draconarius peregrinus,奇异龙隙蛛,,,,,,,no_image
12509,Draconarius tianlin,田林龙隙蛛,,,,,,,no_image
12391,Draconarius xuae,徐氏龙隙蛛,,,,,,,no_image
12067,Draconarius simplicidens,简龙隙蛛,,,,,,,no_image
35237,Drasteria caucasica,寒妃夜蛾,,,,,,,no_image
13707,Drassodes pectinifer,梳齿掠蛛,,,,,,,no_image
16571,Draposa burasantiensis,布拉桑龙狼蛛,,,,,,,no_image
18076,Drawida dongyinica,东引杜拉蚓,,,,,,,no_image
134084,Drechslera sivanesanii,,,,,,,,no_image
98600,Drepanolejeunea ternatensis,单齿角鳞苔,,,,,,,no_image
35264,Drepanephora reticulata,网状凹盾缟蝇,,,,,,,no_image
19059,Drepanura sexmaculata,,,,,,,,no_image
98624,Drosera spatulata,匙叶茅膏菜,,,,,,,no_image
35309,Drino pollinosa,厚粉赘寄蝇,,,,,,,no_image
35289,Drino facialis,狭颜赘寄蝇,,,,,,,no_image
35356,Drosophila curvispina,弯刺果蝇,,,,,,,no_image
35336,Drosophila barutani,手磨型果蝇,,,,,,,no_image
35396,Drosophila kurseongensis,库森果蝇,,,,,,,no_image
35376,Drosophila guangdongensis,广东果蝇,,,,,,,no_image
35416,Drosophila lutescens,土黄果蝇,,,,,,,no_image
35437,Drosophila nigrodigita,黑趾果蝇,,,,,,,no_image
35457,Drosophila phalerata,亮果蝇,,,,,,,no_image
35498,Drosophila sulfurigaster,,,,,,,,no_image
35478,Drosophila rufa,胸带果蝇,,,,,,,no_image
35520,Drosophila unipectinata,单栉果蝇,,,,,,,no_image
35548,Drusilla watanabei,,,,,,,,no_image
17546,Drupella fragum,莓实小核果螺,,,,,,,no_image
35563,Drymeia breviprobosca,短喙胡蝇,,,,,,,no_image
35583,Drymeia kekexiliensis,可可西里胡蝇,,,,,,,no_image
35624,Drymeia xinjiangensis,新疆胡蝇,,,,,,,no_image
35604,Drymeia pectinitibia,栉胫胡蝇,,,,,,,no_image
75475,Dryobates cathpharius,赤胸啄木鸟,,,,,,,no_image
98686,Dryopteris coreano-montana,东北亚鳞毛蕨,,,,,,,no_image
98662,Dryopteris annamensis,圆头红腺蕨,,,,,,,no_image
98710,Dryopteris filix-mas,欧洲鳞毛蕨,,,,,,,no_image
98730,Dryopteris hikonensis,彦根鳞毛蕨,,,,,,,no_image
98750,Dryopteris lachoongensis,脉纹鳞毛蕨,,,,,,,no_image
98772,Dryopteris nodosa,节毛鱼鳞蕨,,,,,,,no_image
98792,Dryopteris reflexosquamata,倒鳞鳞毛蕨,,,,,,,no_image
98814,Dryopteris sparsa,稀羽鳞毛蕨,,,,,,,no_image
98834,Dryopteris tingiensis,定结鳞毛蕨,,,,,,,no_image
98872,Duabanga taylorii,细花八宝树,,,,,,,no_image
98856,Dryopteris zhuweimingii,东亚柄盖蕨,,,,,,,no_image
35648,Ducetia furcata,叉径条螽,,,,,,,no_image
137650,Dufourea madreporiformis,黄绿小管衣,,,,,,,no_image
98906,Dumasia truncata,山黑豆,,,,,,,no_image
75497,Dunckerocampus dactyliophorus,带纹斑节海龙,,,,,,,no_image
35682,Dyrzela tumidimacula,大斑迪夜蛾,,,,,,,no_image
98935,Duthiella declinata,斜枝绿锯藓,,,,,,,no_image
35676,Dymasius querceus,,,,,,,,no_image
35699,Dysgonia praetermissa,肾巾夜蛾,,,,,,,no_image
98952,Dysoxylum arborescens,高大樫木,,,,,,,no_image
35716,Dysodia magnifica,橙黄后窗网蛾,,,,,,,no_image
98968,Dysphania pumilio,铺地藜,,,,,,,no_image
35767,Eakingdonella changtunica,昌都原金蝗,,,,,,,no_image
35746,Dysstroma subapicaria,双月涤尺蛾,,,,,,,no_image
35786,Earophila correlata,蓓尺蛾,,,,,,,no_image
35795,Eboda dissimilis,针圆角卷蛾,,,,,,,no_image
35805,Eccoptolonthus luteus,,,,,,,,no_image
35818,Echidnophaga ochotona,鼠兔角头蚤,,,,,,,no_image
7320,Echinopora gemmacea,宝石刺孔珊瑚,,,,,,,no_image
98978,Echinochloa colona,光头稗,,,,,,,no_image
8235,Echinogorgia aurantiaca,橘色刺柳珊瑚,,,,,,,no_image
35829,Echo candens,白背亮翅色蟌,,,,,,,no_image
99010,Echinops tricholepis,薄叶蓝刺头,,,,,,,no_image
75533,Ecsenius oculus,眼斑异齿鳚,,,,,,,no_image
35883,Ectophasia platymesa,扁异颜寄蝇,,,,,,,no_image
35851,Ecliptopera haplocrossa,隐折线尺蛾,,,,,,,no_image
99016,Ectropothecium dealbatum,淡叶偏蒴藓,,,,,,,no_image
35933,Edaphus formosanus,,,,,,,,no_image
35913,Edaphus annamensis,,,,,,,,no_image
35893,Edaphosoma kurbatovi,,,,,,,,no_image
35953,Edaphus mimulus,,,,,,,,no_image
99030,Edgaria darjeelingensis,三棱瓜,,,,,,,no_image
36020,Egle asiatica,亚洲柳花蝇,,,,,,,no_image
36001,Egesina cleroides,,,,,,,,no_image
35973,Edaphus semipunctatus,,,,,,,,no_image
36046,Eilema cribrata,筛土苔蛾,,,,,,,no_image
7126,Eguchipsammia fistula,管状江口沙珊瑚,,,,,,,no_image
99046,Ehretia longiflora,长花厚壳树,,,,,,,no_image
36069,Eilema suffusa,荫土苔蛾,,,,,,,no_image
99093,Elaeagnus lipoensis,荔波胡颓子,,,,,,,no_image
36088,Elachiptera tuberculifera,瘤秆蝇,,,,,,,no_image
18104,Eisenia harbinensis,哈尔滨爱胜蚓,,,,,,,no_image
99068,Elaeagnus courtoisii,毛木半夏,,,,,,,no_image
99140,Elaeis guineensis,油棕,,,,,,,no_image
99169,Elaeocarpus hainanensis,水石榕,,,,,,,no_image
75557,Elaphe taeniura,黑眉锦蛇,,,,,,,no_image
99120,Elaeagnus pungens,胡颓子,,,,,,,no_image
99194,Elaeocarpus sphaerocarpus,阔叶杜英,,,,,,,no_image
36137,Elaphropeza nanlingensis,南岭黄隐肩舞虻,,,,,,,no_image
36117,Elaphropeza guiensis,贵州黄隐肩舞虻,,,,,,,no_image
134572,Elaphomyces tuberculatus,,,,,,,,no_image
99224,Elatostema albopilosum,疏毛楼梯草,,,,,,,no_image
36166,Elasmus nephantidis,椰蛾扁股小蜂,,,,,,,no_image
75561,Elaphurus davidianus,麋鹿,,,,,,,no_image
99250,Elatostema baiseense,百色楼梯草,,,,,,,no_image
99275,Elatostema brunneostriolatum,褐纹楼梯草,,,,,,,no_image
99297,Elatostema cuneiforme,楔苞楼梯草,,,,,,,no_image
99333,Elatostema filipes,丝梗楼梯草,,,,,,,no_image
99357,Elatostema heterogrammicum,异晶楼梯草,,,,,,,no_image
99379,Elatostema latistipulum,宽托叶楼梯草,,,,,,,no_image
99400,Elatostema lui,黑翅楼梯草,,,,,,,no_image
99424,Elatostema menghaiense,勐海楼梯草,,,,,,,no_image
99456,Elatostema obtusidentatum,钝齿楼梯草,,,,,,,no_image
99501,Elatostema pseudonasutum,拟托叶楼梯草,,,,,,,no_image
99480,Elatostema pergameneum,坚纸楼梯草,,,,,,,no_image
99525,Elatostema scaposum,花莛楼梯草,,,,,,,no_image
99548,Elatostema subpenninerve,近羽脉楼梯草,,,,,,,no_image
99572,Elatostema tritepalum,三被楼梯草,,,,,,,no_image
99592,Elatostema yongtianianum,永田楼梯草,,,,,,,no_image
36195,Electrophaes zaphenges,中齿焰尺蛾,,,,,,,no_image
99618,Eleocharis ovata,卵穗荸荠,,,,,,,no_image
4464,Electroma ovata,鸦翅电光贝,,,,,,,no_image
36210,Eleusis humilis,,,,,,,,no_image
36198,Eleonoria hei,何氏埃利茧蜂,,,,,,,no_image
99668,Eleutherococcus scandens,匍匐五加,,,,,,,no_image
36235,Elimaea curvicerciata,弯尾掩耳螽,,,,,,,no_image
151233,Elfvingia tsunodae,,,,,,,,no_image
36255,Elimaea quadrangulata,四角掩耳螽,,,,,,,no_image
36274,Ellida arcuata,卵斑娓舟蛾,,,,,,,no_image
142927,Ellisembia macrotricha,,,,,,,,no_image
99680,Elodea densa,水蕴草,,,,,,,no_image
10766,Ellisella laevis,滑鞭柳珊瑚,,,,,,,no_image
99685,Elsholtzia capituligera,头花香薷,,,,,,,no_image
99726,Elymus abolinii,异芒鹅观草,,,,,,,no_image
99713,Elsholtzia oldhamii,台湾香薷,,,,,,,no_image
99758,Elymus canaliculatus,沟槽鹅观草,,,,,,,no_image
99849,Elymus sylvaticus,林地鹅观草,,,,,,,no_image
99795,Elymus hongyuanensis,红原鹅观草,,,,,,,no_image
99825,Elymus platyphyllus,宽叶鹅观草,,,,,,,no_image
99885,Embelia scandens,瘤皮孔酸藤子,,,,,,,no_image
36313,Elytrobium gongganum,,,,,,,,no_image
75610,Emberiza lathami,凤头鹀,,,,,,,no_image
75647,Emmelichthys struhsakeri,史氏谐鱼,,,,,,,no_image
36320,Embrikstrandia vivesi,,,,,,,,no_image
36385,Empis shennongana,神农架平舞虻,,,,,,,no_image
36365,Empis longispina,长刺缺脉舞虻,,,,,,,no_image
36345,Empis apiciseta,端鬃缺脉脉舞虻,,,,,,,no_image
99908,Encalypta rhaptocarpa,尖叶大帽藓,,,,,,,no_image
155363,Empusa muscae,蝇单枝虫霉,,,,,,,no_image
75661,Enchelyurus kraussii,克氏连鳍鳚,,,,,,,no_image
36400,Encephalus appendicis,,,,,,,,no_image
36414,Encyclops viridipennis,,,,,,,,no_image
134751,Endocarpon pallidulum,,,,,,,,no_image
155795,Endogone fulva,,,,,,,,no_image
36432,Endrosa roscida,恩苔蛾,,,,,,,no_image
142966,Endophragmiella oblonga,,,,,,,,no_image
142946,Endophragmiella albiziae,,,,,,,,no_image
153476,Endophyllum formosanum,台湾内锈菌,,,,,,,no_image
75676,Engyprosopon parvipectorale,小鳍短额鲆,,,,,,,no_image
99941,Enkianthus quinqueflorus,吊钟花,,,,,,,no_image
75698,Enneapterygius nigricauda,黑尾双线鳚,,,,,,,no_image
11757,Enoplognatha diodonta,双尖齿螯蛛,,,,,,,no_image
5567,Enoplus communis,普通嘴刺线虫,,,,,,,no_image
99950,Entada phaseoloides,榼藤,,,,,,,no_image
36467,Entedon zanara,赞纳灿姬小蜂,,,,,,,no_image
99960,Enteromorpha compressa,扁浒苔,,,,,,,no_image
99997,Entodon smaragdinus,中华绢藓,,,,,,,no_image
99977,Entodon flavescens,广叶绢藓,,,,,,,no_image
146112,Entoloma caesiellum,,,,,,,,no_image
146092,Entoloma altissimum,最髙粉褶蕈,,,,,,,no_image
146132,Entoloma cuspidiferum,,,,,,,,no_image
146152,Entoloma gentile,同族粉褶蕈,,,,,,,no_image
146172,Entoloma leucaspis,白盾粉褶蕈,,,,,,,no_image
146192,Entoloma nidorosum,臭粉褶菌,,,,,,,no_image
146232,Entoloma speculum,银色红褶伞,,,,,,,no_image
75711,Entomacrodus lighti,赖氏犁齿鳚,,,,,,,no_image
146252,Entoloma tenuiculum,纤细粉褶蕈,,,,,,,no_image
146212,Entoloma pseudocoelestinum,,,,,,,,no_image
155394,Entomophthora curvispora,,,,,,,,no_image
18943,Entomobrya marginata,,,,,,,,no_image
155414,Entomophthora muscae,蝇虫生霉,,,,,,,no_image
155374,Entomophaga obscura,,,,,,,,no_image
36490,Entomoscelis orientalis,东方油菜叶甲,,,,,,,no_image
152833,Entyloma ungerianum,,,,,,,,no_image
36507,Entoria kiirunensis,基隆长肛䗛,,,,,,,no_image
100013,Entosthodon poeltii,棒壶藓,,,,,,,no_image
36532,Eodorcadion glaucopterum,,,,,,,,no_image
36561,Eodorcadion virgatum,,,,,,,,no_image
36587,Eosiopsis sinensis,中国华突眼蝇,,,,,,,no_image
1556,Eonemertes xiamenensis,厦门曙纽虫,,,,,,,no_image
9638,Eotetranychus kankitus,,,,,,,,no_image
75733,Eothenomys cachinus,克钦绒鼠,,,,,,,no_image
36597,Eotmethis nasutus,突颜蝗,,,,,,,no_image
9614,Eotetranychus albus,,,,,,,,no_image
36616,Eoxizicus sinuatus,波缘原栖螽,,,,,,,no_image
15870,Epanerchodus belousovi,,,,,,,,no_image
36647,Eparchus simplex,简慈螋,,,,,,,no_image
36721,Epichlorops puncticollis,钩突刻点秆蝇,,,,,,,no_image
12975,Epeus glorius,荣艾普蛛,,,,,,,no_image
36685,Ephesia jonasii,雍光裳夜蛾,,,,,,,no_image
15879,Epanerchodus potanini,,,,,,,,no_image
100042,Ephedra sinica,草麻黄,,,,,,,no_image
36736,Epicypta cheni,陈氏埃菌蚊,,,,,,,no_image
36705,Ephydra afghanica,阿富汗水蝇,,,,,,,no_image
36756,Epicypta xiphothorna,剑刺埃菌蚊,,,,,,,no_image
100068,Epilobium hirsutum,柳叶菜,,,,,,,no_image
100052,Epigeneium treutleri,长爪厚唇兰,,,,,,,no_image
36765,Epidiplosis simulifilifera,拟丝端突瘿蚊,,,,,,,no_image
100089,Epilobium tianschanicum,天山柳叶菜,,,,,,,no_image
100094,Epimedium borealiguizhouense,黔北淫羊藿,,,,,,,no_image
100136,Epimedium qingchengshanense,青城山淫羊霍,,,,,,,no_image
100114,Epimedium jinchengshanense,金城山淫羊藿,,,,,,,no_image
75756,Epinephelus amblycephalus,镶点石斑鱼,,,,,,,no_image
75796,Epinephelus tauvina,巨石斑鱼,,,,,,,no_image
75776,Epinephelus latifasciatus,宽带石斑鱼,,,,,,,no_image
36815,Epipedocera vitalisi,,,,,,,,no_image
36827,Epiphragma kempi,肯氏艾大蚊,,,,,,,no_image
36881,Episcaphium zhuxiaoyui,,,,,,,,no_image
100167,Epipogium japonicum,日本虎舌兰,,,,,,,no_image
100155,Epipactis alata,短苞火烧兰,,,,,,,no_image
8753,Episiphon subrectum,近直管角贝,,,,,,,no_image
36896,Episteme japana,龟虎蛾,,,,,,,no_image
36923,Epistrophe nankinensis,南京垂边蚜蝇,,,,,,,no_image
36857,Epipsestis perornata,围平波纹蛾,,,,,,,no_image
36943,Episyrphus viridaureus,绿色黑带蚜蝇,,,,,,,no_image
100180,Equisetum arvense,问荆,,,,,,,no_image
36960,Epoligosita longiclavata,长棒爱波赤眼蜂,,,,,,,no_image
9950,Epitrimerus coroneasteri,,,,,,,,no_image
36972,Erax ochreiventrus,台湾隆额食虫虻,,,,,,,no_image
10581,Epitrimerus spirae,,,,,,,,no_image
100198,Eragrostis atrovirens,鼠妇草,,,,,,,no_image
100218,Eragrostis nigra,黑穗画眉草,,,,,,,no_image
36998,Erebus caprimulgus,羊目夜蛾,,,,,,,no_image
37017,Eremippus miramae,玛蚍蝗,,,,,,,no_image
75825,Eremias argus,丽斑麻蜥,,,,,,,no_image
100246,Eremochloa zeylanica,马陆草,,,,,,,no_image
100283,Eremurus altaicus,阿尔泰独尾草,,,,,,,no_image
100313,Erigeron eriocalyx,棉苞飞蓬,,,,,,,no_image
37046,Erichsonius nishikawai,,,,,,,,no_image
100292,Eria lanigera,绿花毛兰,,,,,,,no_image
100270,Eremogone potaninii,五蕊老牛筋,,,,,,,no_image
100333,Erigeron porphyrolepis,紫苞飞蓬,,,,,,,no_image
100354,Eriobotrya henryi,窄叶枇杷,,,,,,,no_image
138611,Erinella pritzeliana,,,,,,,,no_image
100399,Eriocaulon sexangulare,华南谷精草,,,,,,,no_image
14147,Erigone lata,宽微蛛,,,,,,,no_image
100373,Eriocaulon echinulatum,尖苞谷精草,,,,,,,no_image
37062,Eriococcus kaki,柿绒蚧,,,,,,,no_image
137236,Erioderma tomentosum,卷曲毛面衣,,,,,,,no_image
100424,Eriophorum gracile,细秆羊胡子草,,,,,,,no_image
37103,Erioptera subsessilis,短柄绵大蚊,,,,,,,no_image
2119,Eriopisa elongata,长毛钩虾,,,,,,,no_image
37135,Eristalis angustimarginalis,狭缘管蚜蝇,,,,,,,no_image
11132,Eriovixia laglaizei,拖尾毛园蛛,,,,,,,no_image
37117,Eriosoma usuense,乌苏绵蚜,,,,,,,no_image
100445,Eritrichium echinocaryum,云南齿缘草,,,,,,,no_image
100465,Eritrichium pectinatociliatum,篦毛齿缘草,,,,,,,no_image
37155,Eristalis pratorum,草地管蚜蝇,,,,,,,no_image
37170,Ernothrips lobatus,裂片膜蓟马,,,,,,,no_image
2451,Erosaria guttata,金星眼球贝,,,,,,,no_image
155458,Erynia occidentalis,西方虫疫霉,,,,,,,no_image
2391,Erronea errones,拟枣贝,,,,,,,no_image
100497,Erycibe oligantha,疏花丁公藤,,,,,,,no_image
155438,Erynia canadensis,加拿大虫疫霉,,,,,,,no_image
137950,Erysiphe betulina,,,,,,,,no_image
100511,Erysimum czernjajevii,沙漠糖芥,,,,,,,no_image
100533,Erysimum vassilczenkoi,大果棱果芥,,,,,,,no_image
137970,Erysiphe erigerontis-canadensis,,,,,,,,no_image
138010,Erysiphe plectranthi,,,,,,,,no_image
137990,Erysiphe lagerstroemiae,,,,,,,,no_image
100542,Erythranthe tenella,沟酸浆,,,,,,,no_image
37211,Erythrus fortunei,,,,,,,,no_image
138030,Erysiphe thuemenii,,,,,,,,no_image
100567,Erythropalum scandens,赤苍藤,,,,,,,no_image
100556,Erythrocladia irregularis,不规则红枝藻,,,,,,,no_image
37228,Estheria nigripes,黑依寄蝇,,,,,,,no_image
100583,Eschenbachia stricta,劲直白酒草,,,,,,,no_image
75893,Etelis coruscans,丝尾红钻鱼,,,,,,,no_image
4231,Etrema subauriformis,亚纺锤腹螺,,,,,,,no_image
5904,Ethusa quadrata,方形四额齿蟹,,,,,,,no_image
37266,Euagathis lorensis,突脸真径茧蜂,,,,,,,no_image
75895,Etmopterus bigelowi,比氏乌鲨,,,,,,,no_image
1750,Euarche chinensis,中华三手鳞虫,,,,,,,no_image
37291,Eublemma purpurina,紫猎夜蛾,,,,,,,no_image
100623,Eucalyptus torelliana,毛叶桉,,,,,,,no_image
100602,Eucalyptus citriodora,柠檬桉,,,,,,,no_image
3052,Euchaetomeropsis merolepis,光臂拟双眼糠虾,,,,,,,no_image
100625,Eucheuma denticulatum,麒麟菜,,,,,,,no_image
37341,Eucibdelus freyi,,,,,,,,no_image
75912,Euchoreutes naso,长耳跳鼠,,,,,,,no_image
100636,Eucladium verticillatum,艳枝藓,,,,,,,no_image
37365,Euconnus chinensis,,,,,,,,no_image
37385,Euconocephalus rosaceus,玫色优草螽,,,,,,,no_image
37402,Eucosmabraxas impleta,弥斑祉尺蛾,,,,,,,no_image
37417,Eucyclodes difficta,枯斑翠尺蛾,,,,,,,no_image
4192,Eucyclotoma tricarinata,金氏盘肋螺,,,,,,,no_image
37445,Eudemopsis flexis,曲茎圆斑小卷蛾,,,,,,,no_image
16052,Eudigraphis xishuangbanna,西双版纳五尖毛马陆,,,,,,,no_image
37491,Eudorylas nudus,少毛优头蝇,,,,,,,no_image
37471,Eudorylas atrigonius,反角优头蝇,,,,,,,no_image
37500,Eugahania fumipennis,,,,,,,,no_image
37560,Euhampsonia splendida,银二星舟蛾,,,,,,,no_image
37579,Eukiefferiella camuralobra,弯叶真开氏摇蚊,,,,,,,no_image
37519,Eugoa cyclota,圆点良苔蛾,,,,,,,no_image
37538,Eugymnopeza imparilis,伊姆美裸寄蝇,,,,,,,no_image
100652,Eulalia siamensis,二色金茅,,,,,,,no_image
37607,Euleechia poultoni,钩新丽灯蛾,,,,,,,no_image
2334,Eumedonus vicinus,近邻真护蟹,,,,,,,no_image
100677,Eulophia zollingeri,无叶美冠兰,,,,,,,no_image
37627,Eulomalus pupulus,普普简额阎甲,,,,,,,no_image
37681,Eumerus xiaohe,小河平颜蚜蝇,,,,,,,no_image
37661,Eumerus ehimensis,四国平颜蚜蝇,,,,,,,no_image
37684,Eunidia atripes,,,,,,,,no_image
100682,Euonymus actinocarpus,星刺卫矛,,,,,,,no_image
100724,Euonymus kengmaensis,耿马卫矛,,,,,,,no_image
100704,Euonymus echinatus,棘刺卫矛,,,,,,,no_image
100744,Euonymus pittosporoides,海桐卫矛,,,,,,,no_image
100766,Euonymus tonkinensis,北部湾卫矛,,,,,,,no_image
37705,Euparyphasma cinereofusca,褐影波纹蛾,,,,,,,no_image
13279,Euophrys petrensis,彼得斑蛛,,,,,,,no_image
37709,Eupeodes angustus,狭优蚜蝇,,,,,,,no_image
17617,Euphaedusa loczyi,洛氏真管螺,,,,,,,no_image
37729,Eupeodes nuba,云优蚜蝇,,,,,,,no_image
100813,Euphorbia garanbiensis,鹅銮鼻大戟,,,,,,,no_image
100833,Euphorbia kansui,甘遂,,,,,,,no_image
100853,Euphorbia oblongata,巴尔干大戟,,,,,,,no_image
100873,Euphorbia thomsoniana,天山大戟,,,,,,,no_image
100900,Euphrasia tarokoana,太鲁阁小米草,,,,,,,no_image
8082,Euphyllia ancora,锚状真叶珊瑚,,,,,,,no_image
37755,Euphranta hainanensis,海南光沟实蝇,,,,,,,no_image
37794,Euplectrus brevisetulosus,短毛距小蜂,,,,,,,no_image
7466,Euphysora taiwanensis,台湾真囊水母,,,,,,,no_image
37814,Euplectrus parvulus,小距小蜂,,,,,,,no_image
8244,Euplexuaura attenuata,狭细真丛柳珊瑚,,,,,,,no_image
37877,Euproctis albovenosa,脉黄毒蛾,,,,,,,no_image
37897,Euproctis cryptosticta,蓖麻黄毒蛾,,,,,,,no_image
12946,Eupoa hainanensis,海南尤波蛛,,,,,,,no_image
37917,Euproctis heptamaculata,七点黄毒蛾,,,,,,,no_image
37937,Euproctis monomaculata,一点黄毒蛾,,,,,,,no_image
37957,Euproctis schaliphora,洒黄毒蛾,,,,,,,no_image
37977,Euproctis yunnana,宽带黄毒蛾,,,,,,,no_image
37994,Eupyrgota maculiala,斑翅真蜣蝇,,,,,,,no_image
1046,Euretaster insignis,奇异真网海星,,,,,,,no_image
38029,Eurina rotunda,圆角颜脊秆蝇,,,,,,,no_image
134423,Eurotium repens,,,,,,,,no_image
100967,Eurya luchunensis,绿春柃,,,,,,,no_image
100943,Eurya emarginata,滨柃,,,,,,,no_image
101015,Eurya tsaii,怒江柃,,,,,,,no_image
38049,Eurydiopsis pachya,粗腿宽突眼蝇,,,,,,,no_image
100991,Eurya polyneura,多脉柃,,,,,,,no_image
38074,Eurystylus coelestialium,眼斑厚盲蝽,,,,,,,no_image
38058,Euryphagus lundii,,,,,,,,no_image
38083,Eusarima ascetica,升美萨瓢蜡蝉,,,,,,,no_image
38103,Eusarima logica,罗美萨瓢蜡蝉,,,,,,,no_image
38120,Euscelidia gutianensis,古田钉突食虫虻,,,,,,,no_image
101030,Eustigma balansae,褐毛秀柱花,,,,,,,no_image
38160,Eusphalerum malaisei,,,,,,,,no_image
38207,Eustroma melancholica,褐褥尺蛾,,,,,,,no_image
38180,Eusphalerum taiwanense,,,,,,,,no_image
1251,Euthalenessa oculata,眼真三指鳞虫,,,,,,,no_image
38140,Eusphalerum alticola,,,,,,,,no_image
9565,Eutetranychus xianensis,,,,,,,,no_image
1061,Eusyllis inflata,胖真裂虫,,,,,,,no_image
38304,Euthalia niepelti,绿裙边翠蛱蝶,,,,,,,no_image
38336,Euthoracaphis oligostricha,寡毛真胸蚜,,,,,,,no_image
7402,Eutima gentiana,真瘤水母,,,,,,,no_image
38361,Euthrix tsini,白纹枯叶蛾,,,,,,,no_image
101059,Eutrema thibeticum,缺柱山萮菜,,,,,,,no_image
101037,Eutrema bulbiferum,珠芽山萮菜,,,,,,,no_image
16129,Eutrichodesmus latus,,,,,,,,no_image
38386,Eutrichota gigas,硕大叉泉蝇,,,,,,,no_image
38409,Euxenistis amicina,友冬夜蛾,,,,,,,no_image
38406,Eutropha nigroscutellata,黑盾聚鬃秆蝇,,,,,,,no_image
38449,Evacanthus bihookus,双钩横脊叶蝉,,,,,,,no_image
38469,Evacanthus longispinosus,长刺横脊叶蝉,,,,,,,no_image
38429,Euxoa inexpectata,内切夜蛾,,,,,,,no_image
13012,Evarcha arcuata,弓拱猎蛛,,,,,,,no_image
135922,Evernia mesomorpha,扁枝衣,,,,,,,no_image
38492,Evaza formosana,台湾寡毛水虻,,,,,,,no_image
75962,Eviota latifasciata,侧带矶塘鳢,,,,,,,no_image
16576,Evippa soderbomi,索迪艾狼蛛,,,,,,,no_image
38518,Exallonyx arciclypeatus,拱唇叉齿细蜂,,,,,,,no_image
38578,Exallonyx heilongjiangensis,黑龙江叉齿细蜂,,,,,,,no_image
38558,Exallonyx exfoveatus,无凹叉齿细蜂,,,,,,,no_image
38538,Exallonyx changchunensis,长春叉齿细蜂,,,,,,,no_image
38618,Exallonyx nigritibialis,黑胫叉齿细蜂,,,,,,,no_image
38598,Exallonyx liui,柳氏叉齿细蜂,,,,,,,no_image
38638,Exallonyx polyptychus,多皱叉齿细蜂,,,,,,,no_image
38678,Exallonyx transireticulum,横网叉齿细蜂,,,,,,,no_image
38658,Exallonyx sinensis,中华叉齿细蜂,,,,,,,no_image
148842,Exidia japonica,日本黑耳,,,,,,,no_image
38703,Exechia accisa,缺凹伊菌蚊,,,,,,,no_image
152838,Exobasidium canadense,,,,,,,,no_image
38698,Exallonyx zhejiangensis,浙江叉齿细蜂,,,,,,,no_image
38732,Exocentrus constricticollis,,,,,,,,no_image
152858,Exobasidium racemosum,腋花杜鹃外担菌,,,,,,,no_image
38754,Exocentrus longipennis,,,,,,,,no_image
38774,Exocentrus trifasciellus,,,,,,,,no_image
4320,Exomilus parangulata,对角獭螺,,,,,,,no_image
38806,Exorista fuscihirta,褐毛追寄蝇,,,,,,,no_image
38786,Exoprosopa gutta,瓶茎庸蜂虻,,,,,,,no_image
38826,Exorista spina,缘刺追寄蝇,,,,,,,no_image
134088,Exserohilum frumentacei,,,,,,,,no_image
101121,Fagopyrum caudatum,疏穗野荞麦,,,,,,,no_image
38838,Extenda centriganga,中带端突叶蝉,,,,,,,no_image
101109,Faberia thibetica,光滑花佩菊,,,,,,,no_image
75993,Falco amurensis,红脚隼,,,,,,,no_image
101148,Fallopia dumetorum,篱蓼,,,,,,,no_image
38859,Falagria caesa,,,,,,,,no_image
38912,Fannia cinerea,灰厕蝇,,,,,,,no_image
38892,Falsotrachystola asidiformis,,,,,,,,no_image
38932,Fannia fani,范氏厕蝇,,,,,,,no_image
38952,Fannia latistylata,宽叶厕蝇,,,,,,,no_image
38972,Fannia nigriclara,亮黑厕蝇,,,,,,,no_image
39012,Fannia submonilis,类项圈厕蝇,,,,,,,no_image
38992,Fannia pterylitibia,羽胫厕蝇,,,,,,,no_image
101153,Fargesia acuticontracta,尖鞘箭竹,,,,,,,no_image
101193,Fargesia longiuscula,长节箭竹,,,,,,,no_image
101213,Fargesia qinlingensis,秦岭箭竹,,,,,,,no_image
101173,Fargesia dulcicula,清甜箭竹,,,,,,,no_image
101233,Fargesia yajiangensis,扭马,,,,,,,no_image
101241,Fatsia japonica,八角金盘,,,,,,,no_image
17521,Favartia rosamiae,粗布蜂巢螺,,,,,,,no_image
76020,Favonigobius gymnauchen,裸项蜂巢鰕虎,,,,,,,no_image
7342,Favites pentagona,五边角蜂巢珊瑚,,,,,,,no_image
39073,Feriola insularis,岛凶寄蝇,,,,,,,no_image
707,Fenneropenaeus merguiensis,墨吉明对虾,,,,,,,no_image
39044,Felderimyia fuscipennis,黑翅凤实蝇,,,,,,,no_image
135474,Fellhanera viridisorediata,绿粉芽肉盘衣,,,,,,,no_image
101264,Ferula karataviensis,短柄阿魏,,,,,,,no_image
101327,Festuca nitidula,微药羊茅,,,,,,,no_image
101286,Ferulopsis hystrix,鞘颈芹,,,,,,,no_image
101307,Festuca fascinata,蛊羊茅,,,,,,,no_image
101420,Ficus irisana,糙叶榕,,,,,,,no_image
101371,Ficus beipeiensis,北碚榕,,,,,,,no_image
76039,Ficedula hodgsoni,侏蓝姬鹟,,,,,,,no_image
101397,Ficus filicauda,线尾榕,,,,,,,no_image
101358,Festuca vierhapperi,藏滇羊茅,,,,,,,no_image
101480,Ficus stricta,劲直榕,,,,,,,no_image
101442,Ficus praetermissa,钩毛榕,,,,,,,no_image
101504,Ficus yunnanensis,云南榕,,,,,,,no_image
7302,Filellum serratum,锯纹丝管螅,,,,,,,no_image
101508,Filipendula ×,翻白蚊子草,,,,,,,no_image
101539,Fimbristylis disticha,红鳞飘拂草,,,,,,,no_image
101586,Fimbristylis umbellaris,伞形飘拂草,,,,,,,no_image
101561,Fimbristylis pierotii,东南飘拂草,,,,,,,no_image
101614,Fissidens crispulus,黄叶凤尾藓,,,,,,,no_image
101594,Firmiana pulcherrima,美丽火桐,,,,,,,no_image
101636,Fissidens jungermannioides,暗边凤尾藓,,,,,,,no_image
101659,Fissidens subbryoides,细尖凤尾藓,,,,,,,no_image
101675,Fissistigma maclurei,毛瓜馥木,,,,,,,no_image
136850,Fissurina glauca,,,,,,,,no_image
39112,Fixsenia pruni,苹果乌灰蝶,,,,,,,no_image
148201,Flammula vinosa,,,,,,,,no_image
142999,Flagellospora curvula,,,,,,,,no_image
39118,Flatocerus nankunshanensis,南昆山扁角蚱,,,,,,,no_image
135934,Flavoparmelia baltimorensis,巴尔迪莫皱衣,,,,,,,no_image
101713,Flemingia macrophylla,大叶千斤拔,,,,,,,no_image
16768,Flexicrurum minutum,小曲胫蛛,,,,,,,no_image
10564,Floracarus biserratae,,,,,,,,no_image
39142,Flos chinensis,中华花灰蝶,,,,,,,no_image
18856,Folsomia cephalota,,,,,,,,no_image
76071,Foetorepus masudai,益田氏棘红[鱼衔],,,,,,,no_image
18879,Folsomia pseudovtorovi,,,,,,,,no_image
151247,Fomes areolatus,,,,,,,,no_image
151287,Fomes multiplicatus,,,,,,,,no_image
151267,Fomes gelsicola,,,,,,,,no_image
151327,Fomes tsugae,,,,,,,,no_image
150127,Fomitiporia pusilla,,,,,,,,no_image
151307,Fomes pullatus,,,,,,,,no_image
150892,Fomitopsis sanmingensis,三明拟层孔菌,,,,,,,no_image
39156,Forcipomyia appendicular,附突铗蠓,,,,,,,no_image
39176,Forcipomyia centrosus,中部铗蠓,,,,,,,no_image
39196,Forcipomyia dirina,山脊铗蠓,,,,,,,no_image
39216,Forcipomyia hengqinensis,横琴铗蠓,,,,,,,no_image
39236,Forcipomyia lingnanensis,岭南铗蠓,,,,,,,no_image
39256,Forcipomyia murina,成熟铗蠓,,,,,,,no_image
39296,Forcipomyia solutus,松懈铗蠓,,,,,,,no_image
39276,Forcipomyia pipiens,淡色铗蠓,,,,,,,no_image
101767,Fordiophyton chenii,陈氏异药花,,,,,,,no_image
39316,Forcipomyia xiphoidea,剑形铗蠓,,,,,,,no_image
39338,Forficula bhutanensis,高球螋,,,,,,,no_image
39357,Forficula rubicapitis,矢球螋,,,,,,,no_image
39389,Formosatettix formosanus,台湾台蚱,,,,,,,no_image
39377,Formodelphax formodus,福摩飞虱,,,,,,,no_image
39409,Formosopyrrhona hozanensis,,,,,,,,no_image
101795,Forsythia mandschurica,东北连翘,,,,,,,no_image
76089,Fowlea yunnanensis,滇西渔游蛇（滇西蛇）,,,,,,,no_image
101820,Fragaria viridis,绿草莓,,,,,,,no_image
101844,Fraxinus insularis,苦枥木,,,,,,,no_image
39424,Frankliniella intonsa,花蓟马,,,,,,,no_image
76103,Fregata minor,黑腹军舰鸟,,,,,,,no_image
2177,Frigicardium exasperatum,多刺棘鸟蛤,,,,,,,no_image
39472,Frontopsylla nakagawai,窄板额蚤,,,,,,,no_image
101880,Fritillaria monantha,天目贝母,,,,,,,no_image
39500,Fruhstorferiola xuefengshana,雪峰山腹露蝗,,,,,,,no_image
101923,Frullania diversitexta,筒瓣耳叶苔,,,,,,,no_image
39440,Frontina femorata,黑股宽额寄蝇,,,,,,,no_image
101950,Frullania inflata,石生耳叶苔,,,,,,,no_image
101972,Frullania obovata,卵圆耳叶苔,,,,,,,no_image
101993,Frullania sinensis,中华耳叶苔,,,,,,,no_image
39503,Fucellia chinensis,中华海花蝇,,,,,,,no_image
39511,Fulmekiola serrata,蔗腹齿蓟马,,,,,,,no_image
150140,Fulvifomes fastuosus,,,,,,,,no_image
102024,Fumaria vaillantii,短梗烟堇,,,,,,,no_image
7625,Fungia fragilis,脆石芝珊瑚,,,,,,,no_image
142037,Fusarium asiaticum,,,,,,,,no_image
155473,Furia ithacensis,伊萨卡虫瘴霉,,,,,,,no_image
39518,Funkhouserella bituberculata,双瘤球冠角蝉,,,,,,,no_image
142057,Fusarium heterosporum,,,,,,,,no_image
142077,Fusarium redolens,,,,,,,,no_image
149571,Fuscoboletinus ochraceoroseus,赭黄褐小牛肝菌,,,,,,,no_image
150174,Fuscoporia torulosa,,,,,,,,no_image
150154,Fuscoporia carteri,,,,,,,,no_image
39584,Gabrius septempunctatus,,,,,,,,no_image
131817,Fusicoccum persicae,,,,,,,,no_image
39543,Gabaza tibialis,胫伽巴水虻,,,,,,,no_image
39563,Gabrius hong,,,,,,,,no_image
39604,Gabronthus pygmaeus,,,,,,,,no_image
102054,Gagea nana,矮洼瓣花,,,,,,,no_image
76148,Gagata dolichonema,长丝黑&#x0000E065;,,,,,,,no_image
16872,Gagrella auromaculata,黄斑盾刺盲蛛,,,,,,,no_image
39615,Gahanaspia miniacea,,,,,,,,no_image
102079,Galatella chromopappa,紫缨乳菀,,,,,,,no_image
139957,Galactinia cerea,,,,,,,,no_image
102099,Galearis cyclochila,卵唇盔花兰,,,,,,,no_image
514,Galathea spinosorostris,刺额铠甲虾,,,,,,,no_image
145971,Galera campanulata,,,,,,,,no_image
102120,Galium asperifolium,楔叶葎,,,,,,,no_image
146564,Galerina unicolor,单色盔孢伞,,,,,,,no_image
146544,Galerina marginata,纹缘盔孢菌,,,,,,,no_image
102191,Galium pusillosetosum,细毛拉拉藤,,,,,,,no_image
102169,Galium hoffmeisteri,六叶葎,,,,,,,no_image
9243,Galumna granalata,粒大翼甲螨,,,,,,,no_image
102211,Galium verum,蓬子菜,,,,,,,no_image
10104,Gammaphytoptus commune,,,,,,,,no_image
39657,Gandaritis tricedista,三分枯叶尺蛾,,,,,,,no_image
39634,Gampsocera mutata,变异曲角秆蝇,,,,,,,no_image
102228,Gammiella pterogonioides,厚角藓,,,,,,,no_image
151345,Ganoderma amboinense,,,,,,,,no_image
151365,Ganoderma buissonii,,,,,,,,no_image
151385,Ganoderma dahlii,小孔栗褐灵芝,,,,,,,no_image
151425,Ganoderma mediosinense,华中灵芝,,,,,,,no_image
151405,Ganoderma hollidayi,,,,,,,,no_image
151445,Ganoderma ostracodes,壳状灵芝,,,,,,,no_image
151465,Ganoderma rivulosum,,,,,,,,no_image
151485,Ganoderma subfornicatum,,,,,,,,no_image
102239,Gaoligongshania megalothyrsa,贡山竹,,,,,,,no_image
151505,Ganoderma weberianum,韦伯灵芝,,,,,,,no_image
102253,Garcinia pedunculata,大果藤黄,,,,,,,no_image
102275,Gardneria nutans,线叶蓬莱葛,,,,,,,no_image
102289,Garovaglia powellii,背刺绳藓,,,,,,,no_image
3875,Gari maculosa,斑纹紫云蛤,,,,,,,no_image
11063,Gasteracantha aureola,华丽棘腹蛛,,,,,,,no_image
76198,Garra yajiangensis,雅江墨头鱼,,,,,,,no_image
102308,Gastrochilus deltoglossus,三角唇盆距兰,,,,,,,no_image
39696,Gastrimargus nubilus,黑股车蝗,,,,,,,no_image
102328,Gastrochilus malipoensis,麻栗坡盆距兰,,,,,,,no_image
102348,Gastrochilus tianbaoensis,天保盆距兰,,,,,,,no_image
102365,Gastrodia bawanglingensis,霸王岭天麻,,,,,,,no_image
102386,Gastrodia menghaiensis,勐海天麻,,,,,,,no_image
39701,Gastrolina peltoidea,赤杨扁叶甲,,,,,,,no_image
39745,Gastrozona parviseta,两带羽角实蝇,,,,,,,no_image
39733,Gastrophysa mannerheimi,黑缝齿胫叶甲,,,,,,,no_image
102433,Gaultheria marronina,褐红白珠树,,,,,,,no_image
102404,Gaultheria cardiosepala,苍山白珠,,,,,,,no_image
102455,Gaultheria wardii,西藏白珠,,,,,,,no_image
149918,Gautieria morchelliformis,,,,,,,,no_image
39778,Gaurena pretiosa,云篝波纹蛾,,,,,,,no_image
149844,Geastrum bryantii,,,,,,,,no_image
149864,Geastrum morganii,摩根地星,,,,,,,no_image
76260,Gekko melli,梅氏壁虎,,,,,,,no_image
9356,Gehypochthonius rhadamanthus,瘦地缝甲螨,,,,,,,no_image
39797,Gelastocera exusta,霜夜蛾,,,,,,,no_image
6513,Gelliodes gracilis,细网结海绵,,,,,,,no_image
102473,Gelidium masudai,马氏石花菜,,,,,,,no_image
140435,Genea sinensis,中国囊被块菌,,,,,,,no_image
9067,Gemmazetes tianshanensis,天山蕾甲螨,,,,,,,no_image
6420,Gennadas parvus,小屈腕虾,,,,,,,no_image
102564,Gentiana decumbens,斜升秦艽,,,,,,,no_image
102512,Gentiana aperta,开张龙胆,,,,,,,no_image
102536,Gentiana capitata,头状龙胆,,,,,,,no_image
102584,Gentiana flavomaculata,黄花龙胆,,,,,,,no_image
102606,Gentiana hirsuta,硬毛龙胆,,,,,,,no_image
102628,Gentiana liangshanensis,凉山龙胆,,,,,,,no_image
102650,Gentiana myrioclada,多枝龙胆,,,,,,,no_image
102676,Gentiana pedicellata,糙毛龙胆,,,,,,,no_image
102702,Gentiana radiata,辐射龙胆,,,,,,,no_image
102732,Gentiana stellata,珠峰龙胆,,,,,,,no_image
102812,Gentianella macrosperma,大籽假龙胆,,,,,,,no_image
102759,Gentiana tenuicaulis,纤茎秦艽,,,,,,,no_image
102785,Gentiana waltonii,长梗秦艽,,,,,,,no_image
102833,Geodorum pulchellum,美丽地宝兰,,,,,,,no_image
39836,Geogepa promiscua,贵痣卷蛾,,,,,,,no_image
39841,Geometra albovenaria,白脉青尺蛾,,,,,,,no_image
134866,Geoglossum olivaceum,,,,,,,,no_image
76292,Geopelia striata,斑姬地鸠,,,,,,,no_image
140456,Geopyxis bufonia,,,,,,,,no_image
39864,Geostiba pervolans,,,,,,,,no_image
102847,Geranium erianthum,东北老鹳草,,,,,,,no_image
102867,Geranium pratense,草地老鹳草,,,,,,,no_image
39900,Germaria expectata,盼德尔寄蝇,,,,,,,no_image
39885,Geranomyia spectata,视长唇大蚊,,,,,,,no_image
102887,Geranium wilfordii,老鹳草,,,,,,,no_image
76304,Gerres shima,志摩银鲈,,,,,,,no_image
39915,Gesonula szemaoensis,思茅芋蝗,,,,,,,no_image
39936,Gibbitergum qingchengshanensis,青城山隆背蝗,,,,,,,no_image
39927,Giardomyia indica,印度贾瘿蚊,,,,,,,no_image
39947,Gibosia bispinata,二刺偻(虫责),,,,,,,no_image
102917,Gironniera subaequalis,白颜树,,,,,,,no_image
155610,Gigaspora rosea,玫瑰红巨孢囊霉,,,,,,,no_image
102909,Gigantochloa parviflora,南峤滇竹,,,,,,,no_image
102954,Gleditsia australis,小果皂荚,,,,,,,no_image
102924,Glandularia ×,美女樱,,,,,,,no_image
17300,Glaphyrostomum capellae,沙锥滑口吸虫,,,,,,,no_image
4751,Glauconome corrugata,皱纹绿螂,,,,,,,no_image
39980,Glenea cantor,,,,,,,,no_image
40002,Glenea hauseri,,,,,,,,no_image
40025,Glenea mouhotii,,,,,,,,no_image
40072,Glenea vaga,,,,,,,,no_image
143017,Gliomastix cerealis,,,,,,,,no_image
40050,Glenea regularis,,,,,,,,no_image
102982,Glochidion arborescens,白毛算盘子,,,,,,,no_image
40087,Globimesosoma yaoarum,圆胸金小蜂,,,,,,,no_image
152561,Gloeocystidiellum convolvens,共托胶囊伏革菌,,,,,,,no_image
149895,Gloeophyllum ungulatum,爪粘褶菌,,,,,,,no_image
103002,Glochidion oblatum,宽果算盘子,,,,,,,no_image
103018,Gloiopeltis complanata,小海萝,,,,,,,no_image
155655,Glomus botryoides,总序球囊霉,,,,,,,no_image
155695,Glomus fuegianum,,,,,,,,no_image
155675,Glomus delhiense,德里球囊霉,,,,,,,no_image
155715,Glomus liquidambaris,,,,,,,,no_image
133319,Glonium lineare,,,,,,,,no_image
155735,Glomus multiforum,凹坑球囊霉,,,,,,,no_image
155755,Glomus taiwanense,,,,,,,,no_image
4870,Glossobalanus polybranchioporus,多鳃孔舌形虫,,,,,,,no_image
76353,Gloydius lateralis,九寨蝮,,,,,,,no_image
3585,Glycera lancadivae,单叶吻沙蚕,,,,,,,no_image
103032,Glyceria leptorhiza,细根茎甜茅,,,,,,,no_image
16062,Glyphiulus echinoides,刺雕马陆,,,,,,,no_image
103067,Glycyrrhiza pallidiflora,刺果甘草,,,,,,,no_image
103054,Glycosmis longifolia,长叶山小橘,,,,,,,no_image
16061,Glyphiulus pergranulatus,亲粒雕马陆,,,,,,,no_image
135133,Glypholecia scabra,糙聚盘衣,,,,,,,no_image
17042,Glypthelmins microrchium,小睾刻体吸虫,,,,,,,no_image
76370,Glyptophidium lucidum,光曲鼬鳚,,,,,,,no_image
40122,Glyptotermes ficus,榕树白蚁,,,,,,,no_image
103101,Gnaphalium involucratum,星芒湿鼠曲草,,,,,,,no_image
40142,Glyptotermes succineus,琥珀树白蚁,,,,,,,no_image
76386,Glyptothorax longinema,长须纹胸&#x0000E065;,,,,,,,no_image
13683,Gnaphosa moerens,悲平腹蛛,,,,,,,no_image
40154,Gnaptorina curvatibia,弯胫小琵甲，新种,,,,,,,no_image
40176,Gnaptorina rufipes,红足小琵甲，新种,,,,,,,no_image
40188,Gnathoncus nidorum,烟秃额阎甲,,,,,,,no_image
40201,Gnezdilovius chelatus,螯突格氏瓢蜡蝉,,,,,,,no_image
40236,Gnophomyia similis,长尾木大蚊,,,,,,,no_image
40221,Gnezdilovius rosticus,皱额格氏瓢蜡蝉,,,,,,,no_image
40192,Gnathostrangalia aurivillei,,,,,,,,no_image
40255,Gnypeta yunnanensis,,,,,,,,no_image
76428,Gobiobotia kolleri,海南鳅,,,,,,,no_image
76448,Gobiopterus macrolepis,大鳞鳍鰕虎,,,,,,,no_image
103130,Gollania neckerella,平肋粗枝藓,,,,,,,no_image
138048,Golovinomyces sonchicola,,,,,,,,no_image
149440,Gomphidius rutilus,血红铆钉菇,,,,,,,no_image
103159,Gomphostemma latifolium,宽叶锥花,,,,,,,no_image
103177,Gongylanthus himalayensis,喜马拉雅对叶苔,,,,,,,no_image
40302,Gonia desertorum,荒漠膝芒寄蝇,,,,,,,no_image
149932,Gomphus pallidus,白陀螺菌,,,,,,,no_image
40323,Gonioctena fortunei,密点角胫叶甲,,,,,,,no_image
7325,Goniastrea edwardsi,艾氏菊花珊瑚,,,,,,,no_image
40343,Gonioctena trilochana,三眼角胫叶甲,,,,,,,no_image
40361,Goniogryllus sexflorus,六孔哑蟋,,,,,,,no_image
103197,Goniophlebium microrhizoma,栗柄篦齿蕨,,,,,,,no_image
10701,Goniopora stutchburyi,斯氏角孔珊瑚,,,,,,,no_image
15936,Gonobelus pentaspinus,,,,,,,,no_image
40371,Gonista chinensis,中华戛蝗,,,,,,,no_image
40377,Gonolabis cavaleriei,卡殖肥螋,,,,,,,no_image
40397,Gonomyia justifica,圣祖大蚊,,,,,,,no_image
76466,Gonorynchus abbreviatus,鼠鱚,,,,,,,no_image
103256,Goodyera yunnanensis,川滇斑叶兰,,,,,,,no_image
103234,Goodyera hachijoensis,白网脉斑叶兰,,,,,,,no_image
76475,Gorsachius goisagi,栗头鳽,,,,,,,no_image
103277,Gracilaria blodgettii,芋根江蓠,,,,,,,no_image
76510,Grammistes sexlineatus,六带线纹鱼,,,,,,,no_image
40454,Grammoptera matsudai,,,,,,,,no_image
103297,Gracilaria spinulosa,刺边江蓠,,,,,,,no_image
76489,Gracixalus weii,魏氏纤树蛙,,,,,,,no_image
136874,Graphina subpulicaris,,,,,,,,no_image
40458,Granimedon anguliceps,,,,,,,,no_image
136892,Graphis cognata,钝盘文字衣,,,,,,,no_image
136912,Graphis gonimica,层藻文字衣,,,,,,,no_image
136952,Graphis turgidula,肿胀文字衣,,,,,,,no_image
136932,Graphis oxyclada,骨针文字衣,,,,,,,no_image
40488,Grapholita globovalva,球瓣小食心虫,,,,,,,no_image
103313,Grateloupia constricata,缢基蜈蚣藻,,,,,,,no_image
103333,Grateloupia ramosissima,繁枝蜈蚣藻,,,,,,,no_image
40501,Graptomyza completa,全带缺伪蚜蝇,,,,,,,no_image
103343,Grevillea robusta,银桦,,,,,,,no_image
103365,Grewia multiflora,光叶扁担杆,,,,,,,no_image
103384,Grimmia crinita,长毛紫萼藓,,,,,,,no_image
103404,Grimmia reflexidens,厚壁紫萼藓,,,,,,,no_image
103422,Grubovia dasyphylla,雾冰藜,,,,,,,no_image
143023,Guedea novae-zelandiae,,,,,,,,no_image
16219,Guizhousoma latellai,,,,,,,,no_image
40556,Gunungidia strumifera,瘤茎突额叶蝉,,,,,,,no_image
103433,Guettarda speciosa,海岸桐,,,,,,,no_image
131865,Guignardia punctoidea,,,,,,,,no_image
136809,Gyalideopsis rostrata,喙亚星盘衣,,,,,,,no_image
8044,Gymnangium expansum,膨大裸果羽螅,,,,,,,no_image
103452,Gymnema hainanense,海南匙羹藤,,,,,,,no_image
103466,Gymnocladus dioica,北美肥皂荚,,,,,,,no_image
8930,Gymnodamaeus adpressus,扁裸珠甲螨,,,,,,,no_image
40591,Gymnophryxe theodori,西氏金怯寄蝇,,,,,,,no_image
76563,Gymnogobius urotaenia,条尾裸身鰕虎,,,,,,,no_image
146606,Gymnopilus tonkinensis,走马菌,,,,,,,no_image
146586,Gymnopilus junonius,,,,,,,,no_image
40610,Gymnopternus labilis,滑行脉长足虻,,,,,,,no_image
40630,Gymnopternus tenuilobus,细叶行脉长足虻,,,,,,,no_image
147575,Gymnopus impudicus,,,,,,,,no_image
103475,Gymnosiphon aphyllus,腐草,,,,,,,no_image
153209,Gymnosporangium juniperinum,,,,,,,,no_image
103485,Gymnosphaera metteniana,小黑桫椤,,,,,,,no_image
103489,Gymnosporia austroyunnanensis,滇南美登木,,,,,,,no_image
76598,Gymnothorax pseudokidako,伪蠕纹裸胸鳝,,,,,,,no_image
76578,Gymnothorax hepaticus,白边裸胸鳝,,,,,,,no_image
40645,Gymnusa brevicollis,,,,,,,,no_image
103509,Gymnostachyum subrosulatum,矮裸柱草,,,,,,,no_image
103557,Gypsophila davurica,草原石头花,,,,,,,no_image
103546,Gynura divaricata,白子菜,,,,,,,no_image
103520,Gynocardia odorata,马蛋果,,,,,,,no_image
8581,Gyrineum bitubercularis,双节蝌蚪螺,,,,,,,no_image
40693,Gyrophaena bilimbisublata,,,,,,,,no_image
149470,Gyrodon tennesseensis,,,,,,,,no_image
139709,Gyromitrodes sphaerospora,,,,,,,,no_image
40733,Gyrophaena lateappendiculata,,,,,,,,no_image
40753,Gyrophaena paula,,,,,,,,no_image
40713,Gyrophaena erosa,,,,,,,,no_image
40773,Gyrophaena sentiens,,,,,,,,no_image
40793,Gyrophaena taiwanova,,,,,,,,no_image
40811,Gyrtona ochreographa,黑褐窄蕊夜蛾,,,,,,,no_image
137690,Gyrophora proboscidea,,,,,,,,no_image
103600,Habenaria diplonema,小巧玉凤花,,,,,,,no_image
103620,Habenaria malintana,南方玉凤花,,,,,,,no_image
40823,Habrophorula rubigolabralis,锈唇细条蜂,,,,,,,no_image
103640,Habenaria szechuanica,四川玉凤花,,,,,,,no_image
103650,Hackelia deflexa,反折假鹤虱,,,,,,,no_image
40845,Habrosyne conscripta,阔华波纹蛾,,,,,,,no_image
11767,Hadrotarsus yamius,亚米哈多蛛,,,,,,,no_image
40883,Hadennia prunosa,赭肾厚角夜蛾,,,,,,,no_image
135648,Haematomma caperaticum,,,,,,,,no_image
40925,Haematopota desertorum,脱粉麻虻,,,,,,,no_image
135221,Hafellia bahiana,贝哈氏衣,,,,,,,no_image
40985,Haematopota yungani,永安麻虻,,,,,,,no_image
40945,Haematopota mangkamensis,芒康麻虻,,,,,,,no_image
40965,Haematopota qilianshanensis,祁连山麻虻,,,,,,,no_image
11993,Hahnia tortuosa,弯栅蛛,,,,,,,no_image
41011,Hagenomyia micans,闪烁哈蚁蛉,,,,,,,no_image
2674,Halalaimus longiamphids,长化感器吸咽线虫,,,,,,,no_image
6558,Halicarcinus hondai,琉球滨蟹,,,,,,,no_image
103661,Halenia corniculata,花锚,,,,,,,no_image
76676,Halichoeres orientalis,东方海猪鱼,,,,,,,no_image
3532,Haliclona fibulata,带扣蜂海绵,,,,,,,no_image
76687,Halicmetus ruber,红牙棘茄鱼,,,,,,,no_image
103686,Halimeda renschii,莱氏仙掌藻,,,,,,,no_image
7554,Haliscera racovitzae,深水海棘水母,,,,,,,no_image
6526,Haloa ovalis,卵圆月华螺,,,,,,,no_image
41033,Haloscatella dichaeta,双鬃横眼水蝇,,,,,,,no_image
141686,Halonectria milfordensis,,,,,,,,no_image
11354,Hamadruas sikkimensis,锡金钩猫蛛,,,,,,,no_image
41046,Halticoptera letitiae,微隆赘须金小蜂,,,,,,,no_image
11342,Hamataliwa pentagona,五角哈猫蛛,,,,,,,no_image
103746,Hansenia phaea,单球芹,,,,,,,no_image
9131,Hammerabates elongatus,长哈菌甲螨,,,,,,,no_image
103730,Hanceola flexuosa,曲折四轮香,,,,,,,no_image
154533,Hapalophragmium derridis,,,,,,,,no_image
131608,Haplodina microcarpa,,,,,,,,no_image
103758,Haplomitrium blumei,爪哇裸蒴苔,,,,,,,no_image
13737,Haplodrassus huarong,华容单蛛,,,,,,,no_image
103770,Haplopteris elongata,唇边书带蕨,,,,,,,no_image
1126,Haplosyllis hainanensis,海南单裂虫,,,,,,,no_image
2538,Haptosquilla glyptocercus,雕尾定虾蛄,,,,,,,no_image
13105,Harmochirus insulanus,孤哈莫蛛,,,,,,,no_image
41139,Harnischia japonica,截铗哈摇蚊,,,,,,,no_image
155812,Harpella melusinae,,,,,,,,no_image
103790,Harrysmithia franchetii,云南细裂芹,,,,,,,no_image
141722,Harposporium crassum,,,,,,,,no_image
41181,Hastatomyia hastiphalla,阳茎戟瘿蚊,,,,,,,no_image
7299,Hebellopsis benthophila,深适拟杯螅,,,,,,,no_image
146626,Hebeloma nudipes,光柄滑锈伞,,,,,,,no_image
41191,Hayatia euthypenis,直茎环索赤眼蜂,,,,,,,no_image
41207,Hebia flavipes,黄娇寄蝇,,,,,,,no_image
103801,Hedera rhombea,菱叶常春藤,,,,,,,no_image
76743,Hebius popei,坡普腹链蛇,,,,,,,no_image
41219,Hedotettix cristitergus,冠庭蚱,,,,,,,no_image
103813,Hedychium coccineum,红姜花,,,,,,,no_image
103862,Hedyotis austroguangxiensis,桂南耳草,,,,,,,no_image
103885,Hedyotis exserta,长花轴耳草,,,,,,,no_image
103835,Hedychium pauciflorum,少花姜花,,,,,,,no_image
103905,Hedyotis ovata,卵叶耳草,,,,,,,no_image
103946,Hedysarum dahuricum,刺岩黄芪,,,,,,,no_image
103925,Hedyotis vachellii,香港耳草,,,,,,,no_image
103970,Hedysarum nagarzense,浪卡子岩黄芪,,,,,,,no_image
103997,Hedysarum vicioides,拟蚕豆岩黄芪,,,,,,,no_image
41230,Heizmannia achaetae,无鬃领蚊,,,,,,,no_image
41265,Heleodromia didyma,双突长喙舞虻,,,,,,,no_image
41250,Heizmannia taiwanensis,台湾领蚊,,,,,,,no_image
104029,Helicia tibetensis,西藏山龙眼,,,,,,,no_image
687,Helice tientsinensis,天津厚蟹,,,,,,,no_image
134234,Helicoma ambiens,,,,,,,,no_image
41293,Helina antilodactyla,羚指阳蝇,,,,,,,no_image
104058,Helictotrichon potaninii,短药山燕麦,,,,,,,no_image
41313,Helina blaesonerva,折脉阳蝇,,,,,,,no_image
41276,Helicoverpa armigera,棉铃虫,,,,,,,no_image
41333,Helina confinis,双头阳蝇,,,,,,,no_image
41353,Helina dibrachiata,异尾阳蝇,,,,,,,no_image
41373,Helina floscula,花阳蝇,,,,,,,no_image
41393,Helina hunyuanensis,浑源阳蝇,,,,,,,no_image
41413,Helina latitarsis,宽跗阳蝇,,,,,,,no_image
41433,Helina mesolobata,中叶阳蝇,,,,,,,no_image
41473,Helina pyriforma,梨阳蝇,,,,,,,no_image
41453,Helina ningxiaensis,宁夏阳蝇,,,,,,,no_image
41493,Helina sinoccidentala,华西阳蝇,,,,,,,no_image
41513,Helina subhirtisurstyla,次毛叶阳蝇,,,,,,,no_image
41533,Helina xianggelilaensis,香格里拉阳蝇,,,,,,,no_image
41579,Heliophorus moorei,摩来彩灰蝶,,,,,,,no_image
41552,Heliocypha perforata,三斑阳鼻蟌,,,,,,,no_image
41570,Helionothrips shennongjiaensis,神农架领针蓟马,,,,,,,no_image
104068,Heliotropium arguzioides,新疆天芥菜,,,,,,,no_image
133743,Helminthosporium multiseptatum,,,,,,,,no_image
41612,Helius nigriceps,黑光大蚊,,,,,,,no_image
41624,Helleia li,丽罕莱灰蝶,,,,,,,no_image
104094,Heloniopsis umbellata,胡麻花,,,,,,,no_image
138284,Helotium caudatum,,,,,,,,no_image
138304,Helotium ilicis,,,,,,,,no_image
76763,Helopsaltes certhiola,小蝗莺,,,,,,,no_image
139752,Helvella albipes,白柄马鞍菌,,,,,,,no_image
138324,Helotium repandum,,,,,,,,no_image
139812,Helvella rivularis,灰黑马鞍菌,,,,,,,no_image
139792,Helvella lacunosa,多洼马鞍菌,,,,,,,no_image
139772,Helvella esculenta,可食马鞍菌,,,,,,,no_image
104125,Hemerocallis minor,小黄花菜,,,,,,,no_image
41668,Hemerobius humuli,全北褐蛉,,,,,,,no_image
41654,Hemadius oenochrous,,,,,,,,no_image
41697,Hemerodromia oratoria,古北螳舞虻,,,,,,,no_image
76783,Hemibarbus qianjiangensis,钱江&#x0000E04F;,,,,,,,no_image
104153,Hemiboea longzhouensis,龙州半蒴苣苔,,,,,,,no_image
76790,Hemiculter warpachovskii,蒙古&#x0000E070;,,,,,,,no_image
104175,Hemiboea subcapitata,半蒴苣苔,,,,,,,no_image
41733,Hemilea longistigma,长痣半实蝇,,,,,,,no_image
41722,Hemielimaea omeishanica,峨眉半掩螽,,,,,,,no_image
147351,Hemimycena lactea,小白菇,,,,,,,no_image
41742,Hemipenthes beijingensis,北京斑翅蜂虻,,,,,,,no_image
41762,Hemipenthes velutina,浅斑翅蜂虻,,,,,,,no_image
76834,Hemiphyllodactylus menglianensis,孟连半叶趾虎,,,,,,,no_image
41771,Hemisaprinus subvirescens,墨半腐阎甲,,,,,,,no_image
104205,Hemipilia purpureopunctata,紫斑兰,,,,,,,no_image
41806,Hemistola orbiculosoides,类四圈无缰青尺蛾,,,,,,,no_image
41786,Hemisphaerius trilobulus,三瓣球瓢蜡蝉,,,,,,,no_image
41823,Hemithea krakenaria,奇锈腰尺蛾,,,,,,,no_image
104211,Hemsleya carnosiflora,肉花雪胆,,,,,,,no_image
104244,Hemsleya panacis-scandens,藤三七雪胆,,,,,,,no_image
104286,Henckelia multinervia,多脉汉克苣苔,,,,,,,no_image
133802,Hendersonia piricola,,,,,,,,no_image
104266,Henckelia ceratoscyphus,鹿角苣苔,,,,,,,no_image
76870,Heniochus acuminatus,马夫鱼,,,,,,,no_image
41881,Hepialus menyuanicus,门源蝠蛾,,,,,,,no_image
6324,Hephthopelta pubescens,柔毛熟盾蟹,,,,,,,no_image
41861,Hepialus ferugineus,锈色蝠蛾,,,,,,,no_image
41901,Hepialus zhayuensis,察隅蝠蛾,,,,,,,no_image
104316,Heptapleurum fengii,文山鹅掌柴,,,,,,,no_image
104361,Heracleum nyalamense,聂拉木独活,,,,,,,no_image
104336,Heptapleurum pes-avis,樟叶鹅掌柴,,,,,,,no_image
104378,Herbertus armitanus,钝角剪叶苔,,,,,,,no_image
41912,Hercostomus acutus,尖腹寡长足虻,,,,,,,no_image
41972,Hercostomus effugius,避寡长足虻,,,,,,,no_image
41932,Hercostomus brevicercus,短须寡长足虻,,,,,,,no_image
41952,Hercostomus curviphallus,弯茎寡长足虻,,,,,,,no_image
41992,Hercostomus frondosus,叶寡长足虻,,,,,,,no_image
42032,Hercostomus longicercus,长须寡长足虻,,,,,,,no_image
42052,Hercostomus mentougouensis,门头沟寡长足虻,,,,,,,no_image
42012,Hercostomus ignarus,纯寡长足虻,,,,,,,no_image
42072,Hercostomus plumiger,羽毛寡长足虻,,,,,,,no_image
42112,Hercostomus taitungensis,台东寡长足虻,,,,,,,no_image
42092,Hercostomus shennongjiensis,神农架寡长足虻,,,,,,,no_image
42132,Hercostomus xixianus,西峡寡长足虻,,,,,,,no_image
14743,Heriaeus mellotteei,梅氏毛蟹蛛,,,,,,,no_image
104392,Herissantia crispa,脬果苘,,,,,,,no_image
42152,Hermetia flavimaculata,黄斑扁角水虻,,,,,,,no_image
104407,Herminium humidicola,冷兰,,,,,,,no_image
12913,Hermosa volatilis,伏合美蛛,,,,,,,no_image
42169,Hermonassa cyanerythra,青狭翅夜蛾,,,,,,,no_image
42189,Hermonassa megaspila,缘狭翅夜蛾,,,,,,,no_image
42223,Herochroma rosulata,玫始青尺蛾,,,,,,,no_image
42233,Hesperia comma,弄蝶,,,,,,,no_image
104429,Herpochondria dentata,齿边爬软藻,,,,,,,no_image
16267,Hersilia caudata,具尾长纺蛛,,,,,,,no_image
42250,Hesperosoma miwai,,,,,,,,no_image
15670,Hessebius luquensis,碌曲石蜈蚣,,,,,,,no_image
151977,Heterobasidion insulare,岛生异担子菌,,,,,,,no_image
1031,Heteralentia ptychelepis,异希鳞虫,,,,,,,no_image
148871,Heterochaete microspora,,,,,,,,no_image
42296,Heteroconis tricornis,三突异粉蛉,,,,,,,no_image
135285,Heterodermia hypochraea,黄腹哑铃孢,,,,,,,no_image
42323,Heteronychia depressifrons,郭氏欧麻蝇,,,,,,,no_image
42316,Heterolygus trivittulatus,三纹异草盲蝽,,,,,,,no_image
42299,Heterogenea obliqua,斜纹希刺蛾,,,,,,,no_image
76905,Heterophotus ophistoma,蛇口异星杉鱼,,,,,,,no_image
76896,Heterophasia capistrata,黑顶奇鹛,,,,,,,no_image
13336,Heteropoda helge,赫氏巨蟹蛛,,,,,,,no_image
104484,Heteropolygonatum hainanense,海南异黄精,,,,,,,no_image
104491,Heteroscyphus acutangulus,锐齿异萼苔,,,,,,,no_image
42371,Heterothera postalbida,奇带尺蛾,,,,,,,no_image
42364,Heterosmylus limulus,斜纹异溪蛉,,,,,,,no_image
76908,Heteroxenicus stellatus,栗背短翅鸫,,,,,,,no_image
42411,Hexatoma absona,异锦大蚊,,,,,,,no_image
151522,Hexagonia subtenuis,,,,,,,,no_image
42433,Hexatoma grahami,雷锦大蚊,,,,,,,no_image
42453,Hexatoma minensis,岷江锦大蚊,,,,,,,no_image
76916,Hexatrygon bickelli,比氏六鳃魟,,,,,,,no_image
42475,Hexatoma rubriceps,红躯锦大蚊,,,,,,,no_image
104549,Hibiscus syriacus,木槿,,,,,,,no_image
42539,Hilara obtusa,钝突喜舞虻,,,,,,,no_image
104526,Hibiscus cannabinus,大麻槿,,,,,,,no_image
42519,Hilara dalongtana,大龙潭喜舞虻,,,,,,,no_image
42503,Hieroglyphus banian,等岐蔗蝗,,,,,,,no_image
104577,Hilliella rupicola,石生脬果荠,,,,,,,no_image
16878,Himalphalangium spinulatum,刺喜盲蛛,,,,,,,no_image
104587,Himalaiella auriculata,白背须弥菊,,,,,,,no_image
76937,Hippichthys spicifer,带纹多环海龙,,,,,,,no_image
42571,Hingstoniella lata,,,,,,,,no_image
104617,Hippophae gyantsensis,江孜沙棘,,,,,,,no_image
42580,Hippocephala suturalis,,,,,,,,no_image
42583,Hippotion echeclus,浅斑斜线天蛾,,,,,,,no_image
104651,Hiptage tianyangensis,田阳风筝果,,,,,,,no_image
42602,Hirtodrosophila fascipennis,斑翅毛果蝇,,,,,,,no_image
142177,Hirsutella heteropoda,,,,,,,,no_image
42623,Hirtodrosophila seminigra,黑毛果蝇,,,,,,,no_image
76968,Hirundo rustica,家燕,,,,,,,no_image
42646,Hister distans,遥阎甲,,,,,,,no_image
13675,Hitobia cancellata,格状希托蛛,,,,,,,no_image
42665,Hodotermopsiphila sugayai,,,,,,,,no_image
104661,Holboellia angustifolia,五月瓜藤,,,,,,,no_image
147788,Hohenbuehelia ingentimetuloidea,巨囊亚侧耳,,,,,,,no_image
104687,Holcoglossum quasipinifolium,槽舌兰,,,,,,,no_image
104697,Hololeion maximowiczii,全光菊,,,,,,,no_image
104696,Holocheila longipedunculata,全唇花,,,,,,,no_image
42705,Holorusia brobdignagia,变色棘膝大蚊,,,,,,,no_image
104701,Holosteum umbellatum,硬骨草,,,,,,,no_image
154642,Holtermannia corniformis,角状胶珊瑚,,,,,,,no_image
3269,Holothuria gracilis,细海参,,,,,,,no_image
42753,Homalotylus yunnanensis,云南瓢虫跳小蜂,,,,,,,no_image
104714,Homaliodendron opacum,台湾树平藓,,,,,,,no_image
104732,Homalomena occulta,千年健,,,,,,,no_image
76990,Homatula anteridorsalis,前背副鳅,,,,,,,no_image
18941,Homidia acuta,,,,,,,,no_image
18954,Homidia leniseta,,,,,,,,no_image
18937,Homidia socia,,,,,,,,no_image
42775,Homoeotricha atrata,拱痣叶喙实蝇,,,,,,,no_image
4916,Homolomannia sibogae,西伯嘎类人面蟹,,,,,,,no_image
42813,Homona nakaoi,保长卷蛾,,,,,,,no_image
42793,Homolobus bohemani,波氏滑茧蜂,,,,,,,no_image
42853,Homoneura denticulata,细齿同脉缟蝇,,,,,,,no_image
42873,Homoneura formosae,台湾同脉缟蝇,,,,,,,no_image
42833,Homoneura cangshanensis,苍山同脉缟蝇,,,,,,,no_image
42913,Homoneura longinotata,长膜同脉缟蝇,,,,,,,no_image
42893,Homoneura indica,缅甸新同脉缟蝇,,,,,,,no_image
42953,Homoneura serrata,齿状同脉缟蝇,,,,,,,no_image
42933,Homoneura ornatifrons,饰额同脉缟蝇,,,,,,,no_image
42973,Homoneura tricuspidata,三尖新同脉缟蝇,,,,,,,no_image
42993,Homoneura zhangjiajiensis,张家界同脉缟蝇,,,,,,,no_image
77018,Hoolock tianxing,高黎贡白眉长臂猿,,,,,,,no_image
104766,Homostylium motuoense,墨脱紫菀,,,,,,,no_image
43041,Hoplitis scita,聪拟孔蜂,,,,,,,no_image
43021,Hoplitis albopilosa,白毛拟孔蜂,,,,,,,no_image
77027,Hoplolatilus fronticinctus,叉尾似弱棘鱼,,,,,,,no_image
43067,Hoplothrips corticis,皮器管蓟马,,,,,,,no_image
4399,Horaiclavus splendidus,丽钟螺,,,,,,,no_image
43130,Horniella hongkongensis,,,,,,,,no_image
104802,Horikawaea dubia,平尖兜叶藓,,,,,,,no_image
43116,Horithyatra hoenei,华边波纹蛾,,,,,,,no_image
104820,Houpoea rostrata,长喙厚朴,,,,,,,no_image
104841,Hoya dawodiensis,,,,,,,,no_image
104811,Horsfieldia tetratepala,滇南风吹楠,,,,,,,no_image
104894,Huberantha cerasoides,细基丸,,,,,,,no_image
104861,Hoya manipurensis,扇叶藤,,,,,,,no_image
104901,Hultholia mimosoides,含羞云实,,,,,,,no_image
104881,Hoya silvatica,山球兰,,,,,,,no_image
140494,Humaria leucoloma,白边土盘菌,,,,,,,no_image
144439,Humicola fuscogrisea,,,,,,,,no_image
140514,Humaria umbilicata,,,,,,,,no_image
104906,Huodendron biaristatum,双齿山茉莉,,,,,,,no_image
104928,Huperzia lajouensis,拉觉石杉,,,,,,,no_image
43164,Hupodonta uniformis,匀霭舟蛾,,,,,,,no_image
139519,Hyalinia rectispora,,,,,,,,no_image
43177,Hyalopeplus spinosus,刺角透翅盲蝽,,,,,,,no_image
43178,Hyalorrhipis clausi,沙蝗,,,,,,,no_image
1621,Hyattella fistularis,管状格形海绵,,,,,,,no_image
43184,Hyalurgus flavipes,黄腿透翅寄蝇,,,,,,,no_image
43207,Hybomitra baphoscata,釉黑瘤虻,,,,,,,no_image
43227,Hybomitra gramina,草生瘤虻,,,,,,,no_image
43247,Hybomitra mai,马氏瘤虻,,,,,,,no_image
43267,Hybomitra qiliangensis,祁连瘤虻,,,,,,,no_image
43287,Hybomitra yaojiani,姚建瘤虻,,,,,,,no_image
43347,Hybos henanensis,河南驼舞虻,,,,,,,no_image
43307,Hybos bicoloripes,双色驼舞虻,,,,,,,no_image
43327,Hybos elongatus,长突驼舞虻,,,,,,,no_image
43387,Hybos plumicornis,羽角驼舞虻,,,,,,,no_image
43367,Hybos longwanganus,龙王驼舞虻,,,,,,,no_image
43407,Hybos trispinatus,三刺驼舞虻,,,,,,,no_image
43427,Hybridolinus hesperoides,,,,,,,,no_image
146339,Hydnangium carneum,轴腹菌,,,,,,,no_image
150182,Hydnochaete japonica,日本毛齿菌,,,,,,,no_image
139717,Hydnotrya tulasnei,涂氏腔块菌,,,,,,,no_image
104965,Hydrangea coenobialis,酥醪绣球,,,,,,,no_image
104989,Hydrangea sargentiana,紫彩绣球,,,,,,,no_image
7059,Hydractinia dongshanensis,东山介螅水母,,,,,,,no_image
43460,Hydrelia microptera,小翅水尺蛾,,,,,,,no_image
43500,Hydriomena promulgata,羌涅尺蛾,,,,,,,no_image
43481,Hydrellia griseola,小灰毛眼水蝇,,,,,,,no_image
105006,Hydrocotyle changanensis,长安天胡荽,,,,,,,no_image
7087,Hydrodendron gracilis,细枝碟螅,,,,,,,no_image
43510,Hydrophoria albiceps,白头隰蝇,,,,,,,no_image
142096,Hydropisphaera erubescens,,,,,,,,no_image
43553,Hydrotaea dentipes,常齿股蝇,,,,,,,no_image
43533,Hydrosmecta sinensis,,,,,,,,no_image
43573,Hydrotaea nepalensis,尼泊尔齿股蝇,,,,,,,no_image
105031,Hygroamblystegium tenax,湿柳藓,,,,,,,no_image
43594,Hydrotaea spinosa,刺齿股蝇,,,,,,,no_image
146418,Hygrocybe persoonii,,,,,,,,no_image
146398,Hygrocybe firma,,,,,,,,no_image
146440,Hygrophorus aureus,金蜡伞,,,,,,,no_image
105039,Hygrohypnum luridum,水灰藓,,,,,,,no_image
146460,Hygrophorus eburneus,白蜡伞,,,,,,,no_image
146480,Hygrophorus limacinus,黏盖蜡伞,,,,,,,no_image
146500,Hygrophorus pratensis,草地蜡伞,,,,,,,no_image
146520,Hygrophorus unguinosus,,,,,,,,no_image
77108,Hyla zhaopingensis,昭平雨蛙,,,,,,,no_image
43632,Hyllisia rufipes,,,,,,,,no_image
16157,Hyleoglomeris aschnae,阿希娜木球马陆,,,,,,,no_image
16165,Hyleoglomeris qiyi,奇艺木球马陆,,,,,,,no_image
105073,Hylodesmum repandum,浅波叶长柄山蚂蟥,,,,,,,no_image
15939,Hylomus similis,,,,,,,,no_image
105122,Hymenasplenium obliquissimum,阴湿膜叶铁角蕨,,,,,,,no_image
105089,Hylotelephium mingjinianum,紫花八宝,,,,,,,no_image
105107,Hymenandra wallichii,聚药金牛,,,,,,,no_image
150202,Hymenochaete dissimilis,相异刺革菌,,,,,,,no_image
77122,Hymenocephalus longiceps,长头膜首鳕,,,,,,,no_image
2511,Hymeniacidon perleve,繁茂膜海绵,,,,,,,no_image
105156,Hymenidium lhasanum,拉萨滇藁本,,,,,,,no_image
146667,Hymenogaster reticulatus,,,,,,,,no_image
150222,Hymenochaete mougeotii,,,,,,,,no_image
150242,Hymenochaete sphaericola,,,,,,,,no_image
146647,Hymenogaster atratus,黑层腹菌,,,,,,,no_image
138341,Hymenoscyphus bolaris,,,,,,,,no_image
138361,Hymenoscyphus immutabilis,难变膜盘菌,,,,,,,no_image
138381,Hymenoscyphus sclerotiorum,,,,,,,,no_image
105187,Hymenophyllum exsertum,毛蕗蕨,,,,,,,no_image
77132,Hynobius formosanus,台湾小鲵,,,,,,,no_image
43658,Hypena incisa,紫灰髯须夜蛾,,,,,,,no_image
105220,Hyoscyamus pusillus,中亚天仙子,,,,,,,no_image
43680,Hypena taenialoides,小髯须夜蛾,,,,,,,no_image
105250,Hypericum erectum,小连翘,,,,,,,no_image
3054,Hypererythrops semispinosa,半刺超红糠虾,,,,,,,no_image
105274,Hypericum liboense,荔波金丝桃,,,,,,,no_image
135303,Hyperphyscia syncolla,颈外蜈蚣叶,,,,,,,no_image
105299,Hypericum sampsonii,元宝草,,,,,,,no_image
150931,Hyphoderma subsetigerum,亚刚毛丝皮菌,,,,,,,no_image
150911,Hyphoderma amoenum,怡丝皮菌,,,,,,,no_image
150643,Hyphodontia pallidula,丝齿菌,,,,,,,no_image
150623,Hyphodontia crustosa,薄脆丝齿菌,,,,,,,no_image
150663,Hyphodontia syringae,丁香丝齿菌,,,,,,,no_image
148219,Hypholoma subericaeum,,,,,,,,no_image
43724,Hypnogyra henanica,,,,,,,,no_image
105334,Hypochaeris ciliata,猫耳菊,,,,,,,no_image
43735,Hypocaccus dauricus,多芮皱额阎甲,,,,,,,no_image
141869,Hypocrea argillacea,土色肉座菌,,,,,,,no_image
139183,Hypoderma caricis,苔草皮下盘菌,,,,,,,no_image
105348,Hypodematium gracile,修株肿足蕨,,,,,,,no_image
139218,Hypodermella nervisequa,,,,,,,,no_image
105365,Hypoglossum attenuatum,渐狭下舌藻,,,,,,,no_image
139201,Hypoderma pinastri,,,,,,,,no_image
135976,Hypogymnia sinica,,,,,,,,no_image
105377,Hypolepis tenera,狭叶姬蕨,,,,,,,no_image
135956,Hypogymnia hypotrypa,黄袋衣,,,,,,,no_image
43778,Hypopygiopsis infumata,瘦突巨尾蝇,,,,,,,no_image
141882,Hypomyces lateritius,,,,,,,,no_image
77162,Hypothymis azurea,黑枕王鹟,,,,,,,no_image
136007,Hypotrachyna pseudosinuosa,灰条双歧根,,,,,,,no_image
43788,Hyporites pilipes,毛足山花蝇,,,,,,,no_image
144615,Hypoxylon karii,卡尔炭团菌,,,,,,,no_image
77187,Hypsugo savii,萨氏伏翼,,,,,,,no_image
147000,Hypsizygus ulmarius,榆干离褶伞,,,,,,,no_image
43806,Hyppa rectilinea,回夜蛾,,,,,,,no_image
150727,Hysterangium cinereum,灰辐片包,,,,,,,no_image
132290,Hysterium limitatum,,,,,,,,no_image
43834,Hysterura literataria,秃杯尺蛾,,,,,,,no_image
43860,Hystriomyia pallida,淡豪寄蝇,,,,,,,no_image
77197,Ianthocincla maxima,大噪鹛,,,,,,,no_image
77220,Idiacanthus fasciola,奇棘鱼,,,,,,,no_image
43877,Icteracantha chalybeiventris,斑翅刺股广口蝇,,,,,,,no_image
43915,Idiocera teranishii,泰奇角大蚊,,,,,,,no_image
105405,Ichnocarpus malipoensis,麻栗坡小花藤,,,,,,,no_image
43937,Idiostrangalia atrocincta,,,,,,,,no_image
144646,Idriella lunata,,,,,,,,no_image
43958,Ilema caperata,皱棕毒蛾,,,,,,,no_image
105437,Ilex chengbuensis,城步冬青,,,,,,,no_image
150768,Ileodictyon gracile,白网球菌,,,,,,,no_image
105500,Ilex georgei,长叶枸骨,,,,,,,no_image
105573,Ilex micropyrena,小核冬青,,,,,,,no_image
105469,Ilex dianguiensis,滇贵冬青,,,,,,,no_image
105544,Ilex litseifolia,木姜冬青,,,,,,,no_image
105522,Ilex jiangmenensis,江门冬青,,,,,,,no_image
105596,Ilex pingnanensis,平南冬青,,,,,,,no_image
105639,Ilex synpyrena,合核冬青,,,,,,,no_image
105619,Ilex saxicola,石生冬青,,,,,,,no_image
105672,Ilex viridis,绿冬青,,,,,,,no_image
43980,Ilisia tenuisentis,细刺伊大蚊,,,,,,,no_image
105714,Illicium oligandrum,少药八角,,,,,,,no_image
639,Ilyoplax tansuiensis,淡水泥蟹,,,,,,,no_image
105756,Impatiens anhuiensis,安徽凤仙花,,,,,,,no_image
105733,Illigera henryi,蒙自青藤,,,,,,,no_image
105776,Impatiens bicornuta,双角凤仙花,,,,,,,no_image
105796,Impatiens chloroxantha,淡黄绿凤仙花,,,,,,,no_image
105817,Impatiens daguanensis,大关凤仙花,,,,,,,no_image
105837,Impatiens epilobioides,柳叶菜状凤仙花,,,,,,,no_image
105857,Impatiens gongshanensis,贡山凤仙花,,,,,,,no_image
105879,Impatiens kuntsunii,坤俊凤仙花,,,,,,,no_image
105919,Impatiens macrovexilla,大旗瓣凤仙花,,,,,,,no_image
105899,Impatiens linearisepala,线萼凤仙花,,,,,,,no_image
105984,Impatiens porrecta,伸展凤仙花,,,,,,,no_image
106025,Impatiens shennongensis,神农架凤仙花,,,,,,,no_image
105942,Impatiens muliensis,木里凤仙花,,,,,,,no_image
105962,Impatiens oligoneura,少脉凤仙花,,,,,,,no_image
106005,Impatiens rectangula,直角凤仙花,,,,,,,no_image
106048,Impatiens taronensis,独龙凤仙花,,,,,,,no_image
106069,Impatiens tuberculata,瘤果凤仙花,,,,,,,no_image
106090,Impatiens xanthocephala,黄头凤仙花,,,,,,,no_image
43993,Impatiophila chiasmosternata,叉形凤仙花果蝇,,,,,,,no_image
44028,Inachis io,孔雀蛱蝶,,,,,,,no_image
44013,Impatiophila pipa,琵琶凤仙花果蝇,,,,,,,no_image
106126,Incarvillea potaninii,聚叶角蒿,,,,,,,no_image
106161,Indigofera dichroa,川西木蓝,,,,,,,no_image
106135,Indigofera argutidens,尖齿木蓝,,,,,,,no_image
106183,Indigofera jintongpenensis,金铜盆木蓝,,,,,,,no_image
106208,Indigofera pendula,垂序木蓝,,,,,,,no_image
106234,Indigofera szechuensis,四川木蓝,,,,,,,no_image
106254,Indocalamus hispidus,硬毛箬竹,,,,,,,no_image
44043,Indocypha silbergliedi,红尾印鼻蟌,,,,,,,no_image
44060,Indomorphus schuelkei,,,,,,,,no_image
44079,Indonemoura trichotoma,三叉印叉(虫责),,,,,,,no_image
44093,Indoquedius filicornis,,,,,,,,no_image
106284,Indosasa hispida,浦竹仔,,,,,,,no_image
44111,Indothemis limbata,蓝黑印蜻,,,,,,,no_image
77257,Inimicus didactylus,双指鬼鲉,,,,,,,no_image
150259,Inocutis levis,光核纤孔菌,,,,,,,no_image
146745,Inocybe boltoni,波氏丝盖伞,,,,,,,no_image
146765,Inocybe dulcamara,甜苦丝盖伞,,,,,,,no_image
148479,Infundibulicybe altaica,,,,,,,,no_image
146785,Inocybe glabripes,,,,,,,,no_image
146805,Inocybe lilacina,淡紫丝盖伞,,,,,,,no_image
146825,Inocybe obscurobadia,,,,,,,,no_image
146845,Inocybe prominens,突起丝盖伞,,,,,,,no_image
150304,Inonotus perchocolatus,,,,,,,,no_image
150324,Inonotus tenuicarnis,薄肉纤孔菌,,,,,,,no_image
150264,Inodermus leporinus,,,,,,,,no_image
150284,Inonotus henanensis,河南纤孔菌,,,,,,,no_image
146865,Inocybe splendens,,,,,,,,no_image
44144,Interphasma indistinctum,,,,,,,,no_image
4409,Inquisitor nudivaricosus,弱肋裁判螺,,,,,,,no_image
106302,Inula helenium,土木香,,,,,,,no_image
44161,Iontha umbrina,妖夜蛾,,,,,,,no_image
106329,Ipomoea batatas,番薯,,,,,,,no_image
134758,Involucropyrenium waltheri,,,,,,,,no_image
106353,Ipomoea pileata,帽苞薯藤,,,,,,,no_image
44177,Iproca flavolineata,,,,,,,,no_image
77265,Irena puella,和平鸟,,,,,,,no_image
106391,Iris flavissima,黄金鸢尾,,,,,,,no_image
106367,Iris barbatula,小髯鸢尾,,,,,,,no_image
106419,Iris milesii,红花鸢尾,,,,,,,no_image
106451,Iris tigridia,粗根鸢尾,,,,,,,no_image
148779,Irpicodon pendulus,,,,,,,,no_image
141836,Isaria amoene-rosea,鲜红棒束孢,,,,,,,no_image
44200,Irwiniella sinensis,中华欧文剑虻,,,,,,,no_image
141856,Isaria xylariiformis,炭角棒束孢,,,,,,,no_image
44213,Ischnodora sanci,,,,,,,,no_image
106496,Ischaemum muticum,无芒鸭嘴草,,,,,,,no_image
44231,Ischnopsyllus plumatus,翼状蝠蚤,,,,,,,no_image
44276,Ischnostrangalis rhododendri,,,,,,,,no_image
44253,Ischnosoma hieroboam,,,,,,,,no_image
15383,Ischnothyreus zhoujiayan,周家堰弱斑蛛,,,,,,,no_image
44313,Isodemis stenotera,景同卷蛾,,,,,,,no_image
8162,Isis reticulata,网枝竹节柳珊瑚,,,,,,,no_image
106529,Isodon enanderianus,紫毛香茶菜,,,,,,,no_image
106551,Isodon irroratus,露珠香茶菜,,,,,,,no_image
106579,Isodon oresbius,山地香茶菜,,,,,,,no_image
106601,Isodon smithianus,马尔康香茶菜,,,,,,,no_image
106616,Isoetes changleensis,长乐水韭,,,,,,,no_image
106631,Isolepis setacea,细莞,,,,,,,no_image
44376,Isoperla bimaculata,双斑同(虫责),,,,,,,no_image
44357,Isomyia recurvata,反曲等彩蝇,,,,,,,no_image
44337,Isomyia complantenna,扁角等彩蝇,,,,,,,no_image
44401,Isoscelipteron pectinatum,栉形等鳞蛉,,,,,,,no_image
106633,Isopterygiopsis muelleriana,北地拟同叶藓,,,,,,,no_image
18882,Isotogastrura trichaetosa,,,,,,,,no_image
18852,Isotomurus palustroides,,,,,,,,no_image
106670,Isotrema feddei,滇东关木通,,,,,,,no_image
106692,Isotrema leyeense,乐业关木通,,,,,,,no_image
106732,Isotrema yunnanense,云南关木通,,,,,,,no_image
106712,Isotrema pseudoutriforme,拟囊花关木通,,,,,,,no_image
44445,Istocheta luteipes,黄裸背寄蝇,,,,,,,no_image
77273,Istiblennius muelleri,穆氏动齿鳚,,,,,,,no_image
44483,Italochrysa modesta,横纹意草蛉,,,,,,,no_image
44463,Itagonia quadratus,方胸齿琵甲，新组合,,,,,,,no_image
106743,Itea kiukiangensis,独龙江鼠刺,,,,,,,no_image
12072,Iwogumoa dalianensis,大连亚隙蛛,,,,,,,no_image
106759,Ixeridium calcicola,喜钙小苦荬,,,,,,,no_image
150773,Ithyphallus costatus,,,,,,,,no_image
106799,Ixora philippinensis,小仙龙船花,,,,,,,no_image
44514,Jaeobson vaillanti,威氏杨梢肖叶甲,,,,,,,no_image
77298,Ixobrychus cinnamomeus,栗苇鳽,,,,,,,no_image
44520,Jamides bochus,雅灰蝶,,,,,,,no_image
106805,Jacaranda cuspidifolia,尖叶蓝花楹,,,,,,,no_image
77310,Japalura austeniana,混鳞龙蜥（混鳞蜥）,,,,,,,no_image
106833,Jasminanthes chunii,假木通,,,,,,,no_image
106854,Jasminum hongshuihoense,绒毛素馨,,,,,,,no_image
8937,Javacarus porosus,孔爪哇甲螨,,,,,,,no_image
44560,Jingkara hyalipunctata,犀角蝉,,,,,,,no_image
106880,Jasminum seguinii,亮叶素馨,,,,,,,no_image
44563,Jodis argentilineata,银线突尾尺蛾,,,,,,,no_image
106901,Juncus alatus,翅茎灯芯草,,,,,,,no_image
44586,Johannsenomyia uncinata,钩刺约蠓,,,,,,,no_image
1176,Jouannetia glabulosa,球形铃海笋,,,,,,,no_image
106926,Juncus dongchuanensis,东川灯芯草,,,,,,,no_image
106968,Juncus perparvus,单花灯芯草,,,,,,,no_image
106948,Juncus leptospermus,细子灯芯草,,,,,,,no_image
151887,Junghuhnia pseudominuta,假小孢容氏孔菌,,,,,,,no_image
106995,Juncus turczaninowii,尖被灯芯草,,,,,,,no_image
107039,Juniperus pseudosabina,新疆方枝柏,,,,,,,no_image
107100,Justicia poilanei,毛萼爵床,,,,,,,no_image
107129,Kaempferia marginata,苦山柰,,,,,,,no_image
107080,Justicia damingensis,大明爵床,,,,,,,no_image
10408,Jutarus pasanus,,,,,,,,no_image
107060,Jurinea chaetocarpa,刺果苓菊,,,,,,,no_image
44617,Kalocyrma decurtata,短角苍祝蛾,,,,,,,no_image
107139,Kalanchoe spathulata,,,,,,,,no_image
44628,Kamimuria amoena,可爱钩(虫责),,,,,,,no_image
77347,Kaupichthys diodontus,双齿眶鼻鳗,,,,,,,no_image
44685,Kanekoa aerifera,,,,,,,,no_image
44668,Kamimuria simplex,简单钩(虫责),,,,,,,no_image
44648,Kamimuria integra,完整钩(虫责),,,,,,,no_image
44702,Karnyothrips melaleucus,白千层长鬃管蓟马,,,,,,,no_image
44719,Keilbachia oligonema,少毛凯眼蕈蚊,,,,,,,no_image
923,Kempina mikado,尖刺糙虾蛄,,,,,,,no_image
107190,Kengyilia pamirica,帕米尔仲彬草,,,,,,,no_image
18572,Keratella hiemalis,冷淡龟甲轮虫,,,,,,,no_image
4335,Kermia bifasciata,长卵棋盘螺,,,,,,,no_image
15071,Khorata diaoluoshanensis,吊罗山呵叻蛛,,,,,,,no_image
15213,Khorata robertmurphyi,罗伯特呵叻蛛,,,,,,,no_image
153482,Kernella lauricola,樟生小克恩锈菌,,,,,,,no_image
44743,Kieffer niger,黑矛螯蜂,,,,,,,no_image
44756,Kingdonella magna,大金蝗,,,,,,,no_image
44772,Kiotina collaris,黄缘扣(虫责),,,,,,,no_image
107236,Klasea cardunculus,分枝麻花头,,,,,,,no_image
7442,Koellikerina fasciculata,八束水母,,,,,,,no_image
133679,Kirschsteiniothelia smilacis,,,,,,,,no_image
3398,Koleolepas avis,鸡冠鞘茗荷,,,,,,,no_image
107254,Knema linifolia,大叶红光树,,,,,,,no_image
107287,Koenigia hedbergii,神农架蓼,,,,,,,no_image
44819,Kolla rhabdoma,棒突边大叶蝉,,,,,,,no_image
107315,Kopsia hainanensis,海南蕊木,,,,,,,no_image
143073,Kramasamuha sibika,,,,,,,,no_image
44842,Koruthaialos sindu,新红标弄蝶,,,,,,,no_image
138850,Kriegeria eriophori,,,,,,,,no_image
3856,Kulgaphoxus hainanensis,海南富尖钩虾,,,,,,,no_image
153371,Kuehneola gossypii,,,,,,,,no_image
107339,Kuhlhasseltia yakushimensis,旗唇兰,,,,,,,no_image
107345,Kungia schoenlandii,弯毛孔岩草,,,,,,,no_image
44921,Kunugia yamadai,双斑杂枯叶蛾,,,,,,,no_image
44937,Kuwanimyia conspersa,斑库寄蝇,,,,,,,no_image
77386,Kurixalus yangi,杨氏原指树蛙,,,,,,,no_image
141271,Kylindria embeliae,酸藤子柱形孢,,,,,,,no_image
44978,Labomimus tibialis,,,,,,,,no_image
77393,Labeo pierrei,皮氏野鲮,,,,,,,no_image
135026,Laboulbenia exigua,,,,,,,,no_image
77398,Labroides bicolor,双色裂唇鱼,,,,,,,no_image
135046,Laboulbenia pheropsophi,,,,,,,,no_image
146343,Laccaria amethystea,紫晶蜡蘑,,,,,,,no_image
151525,Laccocephalum hartmannii,哈氏雷丸菌,,,,,,,no_image
140545,Lachnea coprinaria,,,,,,,,no_image
140565,Lachnea setosa,,,,,,,,no_image
147549,Lachnella rufoolivacea,,,,,,,,no_image
152055,Lachnocladium tonkinense,南亚茸瑚菌,,,,,,,no_image
138651,Lachnum bambusae,,,,,,,,no_image
138671,Lachnum difficillimum,,,,,,,,no_image
138691,Lachnum lanyuense,兰屿粒毛盘菌,,,,,,,no_image
138731,Lachnum sichuanense,四川粒毛盘菌,,,,,,,no_image
138711,Lachnum palearum,,,,,,,,no_image
152129,Lactarius blennius,粘乳菇,,,,,,,no_image
152109,Lactarius akahatsu,橙红乳菇,,,,,,,no_image
152149,Lactarius cocosmus,,,,,,,,no_image
45018,Laciniodes stenorhabda,匀网尺蛾,,,,,,,no_image
152169,Lactarius friabilis,脆乳菇,,,,,,,no_image
152208,Lactarius minimus,,,,,,,,no_image
152189,Lactarius insulsus,劣味乳菇,,,,,,,no_image
152268,Lactarius scrobiculatus,黄乳菇,,,,,,,no_image
152248,Lactarius pumilus,,,,,,,,no_image
152308,Lactifluus hygrophoroides,,,,,,,,no_image
152288,Lactarius thyinos,粘柄乳菇,,,,,,,no_image
152228,Lactarius paleus,,,,,,,,no_image
8789,Laevidentalium eburneum,象牙光角贝,,,,,,,no_image
107384,Lactuca undulata,飘带果,,,,,,,no_image
17555,Laeocathaica prionotropis,锯齿射带蜗牛,,,,,,,no_image
107428,Lagochilus xinjiangensis,新疆兔唇花,,,,,,,no_image
107414,Laggera crispata,翼齿六棱菊,,,,,,,no_image
107394,Lagerstroemia balansae,毛萼紫薇,,,,,,,no_image
107449,Lagotis pharica,裂叶兔耳草,,,,,,,no_image
45042,Lagynogaster inscriptus,台湾棒腹食虫虻,,,,,,,no_image
6760,Lambrachaeus ramifer,枝叉岩紧握蟹,,,,,,,no_image
138859,Lambertella himalayensis,喜马兰伯盘菌,,,,,,,no_image
77443,Lampanyctus festivus,杂色珍灯鱼,,,,,,,no_image
45069,Lamennaisia ambigua,混淆莱曼跳小蜂,,,,,,,no_image
45080,Lamproptera curia,燕凤蝶,,,,,,,no_image
140573,Lamprospora planchonis,,,,,,,,no_image
77464,Lanius cristatus,红尾伯劳,,,,,,,no_image
107461,Lancea hirsuta,粗毛肉果草,,,,,,,no_image
138874,Lanzia glandicola,栎实兰斯盘菌,,,,,,,no_image
45120,Laosaphrodisium subplicatum,,,,,,,,no_image
45140,Laphria vulpina,狐毛食虫虻,,,,,,,no_image
107487,Lappula duplicicarpa,两形果鹤虱,,,,,,,no_image
107510,Lappula pratensis,草地鹤虱,,,,,,,no_image
10857,Larinia astrigera,星突肥蛛,,,,,,,no_image
107534,Larix decidua,欧洲落叶松,,,,,,,no_image
137699,Lasallia pustulata,,,,,,,,no_image
107566,Lasianthus formosensis,台湾粗叶木,,,,,,,no_image
77510,Larus vegae,西伯利亚银鸥,,,,,,,no_image
45146,Lasiestra deliciosa,霉灰绒夜蛾,,,,,,,no_image
45151,Lasiocampa trifolii,三叶枯叶蛾,,,,,,,no_image
45202,Lasiohelea homaliae,扁藓蠛蠓,,,,,,,no_image
45167,Lasiochila estigmenoides,云南毛唇潜甲,,,,,,,no_image
45222,Lasiohelea nanjingensis,南京蠛蠓,,,,,,,no_image
45182,Lasiohelea boophila,好牛蠛蠓,,,,,,,no_image
45242,Lasiohelea tibetana,西藏蠛蠓,,,,,,,no_image
45261,Lasiomma dasyommatum,密毛纤目花蝇,,,,,,,no_image
45283,Lasionycta orientalis,寒茸夜蛾,,,,,,,no_image
9381,Lasioseius jilinensis,,,,,,,,no_image
9409,Lasioseius scilliticus,,,,,,,,no_image
45319,Lathrobium aspinosum,,,,,,,,no_image
45298,Lasiplexia cupreomicans,铜光毡夜蛾,,,,,,,no_image
6425,Laternula truncata,截形鸭嘴蛤,,,,,,,no_image
45339,Lathrobium bispinigerum,,,,,,,,no_image
45359,Lathrobium curvatissimum,,,,,,,,no_image
45399,Lathrobium guangdongense,,,,,,,,no_image
45379,Lathrobium exspoliatum,,,,,,,,no_image
45419,Lathrobium involutum,,,,,,,,no_image
45459,Lathrobium ningxiaense,,,,,,,,no_image
45479,Lathrobium sanqingense,,,,,,,,no_image
45439,Lathrobium lineatocolle,,,,,,,,no_image
45539,Lathrobium zhaotiexiongi,,,,,,,,no_image
45499,Lathrobium squamosum,,,,,,,,no_image
45559,Lathyrophthalmus quinquelineatus,黑跗斑目蚜蝇,,,,,,,no_image
45519,Lathrobium watanabei,,,,,,,,no_image
107630,Lathyrus pratensis,牧地山黧豆,,,,,,,no_image
77531,Laticauda colubrina,蓝灰扁尾海蛇,,,,,,,no_image
10832,Latouchia formosensis,台湾垃土蛛,,,,,,,no_image
45589,Latreille sinicus,中华螯蜂,,,,,,,no_image
13049,Laufeia aenea,埃氏劳弗蛛,,,,,,,no_image
45594,Layahima elegans,美雅蚁蛉,,,,,,,no_image
18145,Lecane arcuata,弓形腔轮虫,,,,,,,no_image
107652,Laurencia subsimplex,单叉凹顶藻,,,,,,,no_image
18151,Lecane gwileti,古维腔轮虫,,,,,,,no_image
18191,Lecane punctata,斑纹腔轮虫,,,,,,,no_image
136519,Lecania rabenhorstii,,,,,,,,no_image
135668,Lecanora argentea,银白茶渍,,,,,,,no_image
135688,Lecanora cinereofusca,棕灰茶渍,,,,,,,no_image
135728,Lecanora orosthea,口茶渍,,,,,,,no_image
135708,Lecanora horiza,平线茶渍,,,,,,,no_image
149170,Leccinum cartagoense,,,,,,,,no_image
107662,Lecanorchis latens,屏东盂兰,,,,,,,no_image
135748,Lecanora setschwana,四川茶渍,,,,,,,no_image
149190,Leccinum roseofractum,破红色疣柄牛肝菌,,,,,,,no_image
136686,Lecidea atrobrunnea,黑棕网衣,,,,,,,no_image
136706,Lecidea hypomela,,,,,,,,no_image
135769,Lecidella carpathica,破小网衣,,,,,,,no_image
136726,Lecidea petraea,,,,,,,,no_image
45641,Lecithocera heconoma,台祝蛾,,,,,,,no_image
45661,Lecithocera morphna,暗平祝蛾,,,,,,,no_image
45621,Lecithocera aulicousta,雅平祝蛾,,,,,,,no_image
16753,Leclercera maochong,毛虫利克蛛,,,,,,,no_image
45708,Leia ravida,黄褐滑菌蚊,,,,,,,no_image
107682,Leea guineensis,台湾火筒树,,,,,,,no_image
45695,Leeuwenia taiwanensis,台湾毛管蓟马,,,,,,,no_image
45681,Lecithocera sigillata,徽平祝蛾,,,,,,,no_image
45720,Leiopus albivittis,,,,,,,,no_image
77546,Leiocassis virgatus,条纹&#x0000E067;,,,,,,,no_image
77555,Leiothrix argentauris,银耳相思鸟,,,,,,,no_image
107715,Lejeunea convexiloba,凹瓣细鳞苔,,,,,,,no_image
107735,Lejeunea otiana,角齿细鳞苔,,,,,,,no_image
45742,Lemba sichuanensis,四川舟形蝗,,,,,,,no_image
107755,Lemna trisulca,品藻,,,,,,,no_image
45758,Lemula lata,,,,,,,,no_image
45781,Lemyra infernalis,漆黑望灯蛾,,,,,,,no_image
45805,Lemyra stigmata,点望灯蛾,,,,,,,no_image
151961,Lentinellus sinensis,中华螺壳菌,,,,,,,no_image
7748,Lensia meteori,高悬浅室水母,,,,,,,no_image
151538,Lentinus mellianus,梅尔香菇,,,,,,,no_image
151553,Lenzites acuta,灰盖褶孔,,,,,,,no_image
432,Leocrates chinensis,海结虫,,,,,,,no_image
107767,Leontopodium conglobatum,团球火绒草,,,,,,,no_image
107790,Leontopodium ochroleucum,黄白火绒草,,,,,,,no_image
107810,Leonurus turkestanicus,突厥益母草,,,,,,,no_image
139062,Leotia marcida,凋萎锤舌菌,,,,,,,no_image
107820,Lepidagathis incurva,鳞花草,,,,,,,no_image
18667,Lepadella pumilo,矮小鞍甲轮虫,,,,,,,no_image
107831,Lepidium cartilagineum,碱独行菜,,,,,,,no_image
8712,Lepidozona albrechtii,奥氏鳞带石鳖,,,,,,,no_image
1005,Lepidonotus helotypus,软背鳞虫,,,,,,,no_image
77571,Lepidoblepharon ophthalmolepis,鳞眼鲆,,,,,,,no_image
77587,Lepidotrigla longimana,长指红娘鱼,,,,,,,no_image
145313,Lepiota clypeolaria,细环柄菇,,,,,,,no_image
145293,Lepiota augustana,,,,,,,,no_image
145353,Lepiota infelix,,,,,,,,no_image
145333,Lepiota friesii,红环柄菇,,,,,,,no_image
145413,Lepiota subrufa,,,,,,,,no_image
145373,Lepiota metulispora,长孢环柄菇,,,,,,,no_image
145393,Lepiota purpureorubra,紫红环柄菇,,,,,,,no_image
107876,Lepisanthes oligophylla,赛木患,,,,,,,no_image
107896,Lepisorus fortunei,江南星蕨,,,,,,,no_image
107918,Lepisorus mucronatus,尖嘴蕨,,,,,,,no_image
107938,Lepisorus sublinearis,滇瓦韦,,,,,,,no_image
148487,Lepista glaucocana,灰紫香蘑,,,,,,,no_image
45835,Leptepania japonica,,,,,,,,no_image
45867,Leptobelus phorapicis,显顶矛角蝉,,,,,,,no_image
45821,Leptacris liyang,溧阳长腹蝗,,,,,,,no_image
45843,Leptidea serrata,锯纹小粉蝶,,,,,,,no_image
77610,Leptobotia zebra,斑纹薄鳅,,,,,,,no_image
136602,Lepraria atlantica,,,,,,,,no_image
45874,Leptocentrus formosanus,台湾弧角蝉,,,,,,,no_image
107967,Leptochilus brevipes,短柄薄唇蕨,,,,,,,no_image
107963,Leptochilus ×,异叶线蕨,,,,,,,no_image
45940,Leptoconops yixini,以新细蠓,,,,,,,no_image
45900,Leptoconops beidaiheensis,北戴河细蠓,,,,,,,no_image
108015,Leptodermis lanata,绵毛野丁香,,,,,,,no_image
108045,Leptodermis wilsoni,大果野丁香,,,,,,,no_image
45920,Leptoconops lucidus,明背细蠓,,,,,,,no_image
45948,Leptogaster bilobata,二叶细腹食虫虻,,,,,,,no_image
137142,Leptogium javanicum,爪哇猫耳衣,,,,,,,no_image
45968,Leptogomphus elegans,优美纤春蜓,,,,,,,no_image
137122,Leptogium askotense,,,,,,,,no_image
139421,Leptokalpion albicans,白瘦盘菌,,,,,,,no_image
108068,Leptogramma pozoi,西欧茯蕨,,,,,,,no_image
45980,Leptomastix histrio,,,,,,,,no_image
16650,Leptonetela anshun,安顺小弱蛛,,,,,,,no_image
16636,Leptonetela liping,黎平小弱蛛,,,,,,,no_image
16690,Leptonetela geminispina,并刺小弱蛛,,,,,,,no_image
16587,Leptonetela suae,苏氏小弱蛛,,,,,,,no_image
16594,Leptonetela oktocantha,八刺小弱蛛,,,,,,,no_image
16680,Leptonetela zhai,査氏小弱蛛,,,,,,,no_image
139832,Leptopodia murina,,,,,,,,no_image
108103,Leptopterigynandrum stricticaule,直茎叉羽藓,,,,,,,no_image
108115,Leptorhabdos parviflora,方茎草,,,,,,,no_image
46011,Leptosia nina,纤粉蝶,,,,,,,no_image
133699,Leptosphaeria herpotrichioides,,,,,,,,no_image
133719,Leptosphaeria zingiberis,,,,,,,,no_image
143086,Leptothyrium coronatum,,,,,,,,no_image
77639,Leptostomias robustus,强壮纤巨口鱼,,,,,,,no_image
46047,Leptura aurosericans,金丝花天牛,,,,,,,no_image
46027,Leptotarsus rubriceps,红头龙大蚊,,,,,,,no_image
46122,Leptusa peinantamontis,,,,,,,,no_image
46067,Leptura ochraceofasciata,黄纹花天牛,,,,,,,no_image
9428,Leptus coloanensis,,,,,,,,no_image
46102,Leptusa emplenotoides,,,,,,,,no_image
46142,Leptusa tectusoides,,,,,,,,no_image
77650,Lepus timidus,雪兔,,,,,,,no_image
108164,Lespedeza hispida,粗硬毛胡枝子,,,,,,,no_image
108139,Leskea subacuminata,短肋薄罗藓,,,,,,,no_image
46176,Lesteva davidiana,,,,,,,,no_image
46211,Letana gracilis,瘦环螽,,,,,,,no_image
46156,Lestes barbarus,刀尾丝蟌,,,,,,,no_image
46196,Lesteva rufimarginata,,,,,,,,no_image
46266,Lethe mekara,三楔黛眼蝶,,,,,,,no_image
77677,Lethrinus reticulatus,网纹裸颊鲷,,,,,,,no_image
46297,Lethe vindhya,文娣黛眼蝶,,,,,,,no_image
46232,Lethe confusa,白带黛眼蝶,,,,,,,no_image
46317,Leucania fraterna,胞粘夜蛾,,,,,,,no_image
46337,Leucania putrescens,朽粘夜蛾,,,,,,,no_image
14941,Leucauge taiwanica,台湾银鳞蛛,,,,,,,no_image
46355,Leucantigius atayalicus,璐灰蝶,,,,,,,no_image
7890,Leuckartiara octonema,八手隔膜水母,,,,,,,no_image
145443,Leucoagaricus rubrotinctus,红盖环蘑,,,,,,,no_image
17010,Leucochloridium mniotiltae,苔莺彩蚴吸虫,,,,,,,no_image
145458,Leucocoprinus fragilissimus,脆弱白鬼伞,,,,,,,no_image
46370,Leucocraspedum sinofestivum,,,,,,,,no_image
46378,Leucoma chrysoscela,带跗雪毒蛾,,,,,,,no_image
108237,Leucodon subulatus,长叶白齿藓,,,,,,,no_image
46396,Leuconemacris xiangchengensis,乡城白纹蝗,,,,,,,no_image
108248,Leucophanes glaucum,刺肋白睫藓,,,,,,,no_image
46433,Leucophenga hirudinis,蟥叶白果蝇,,,,,,,no_image
46413,Leucophenga bifasciata,双条白果蝇,,,,,,,no_image
46473,Leucophenga sinupenis,弯茎白果蝇,,,,,,,no_image
46453,Leucophenga pentapunctata,五斑白果蝇,,,,,,,no_image
46491,Leucophora aurantifrons,橙额植蝇,,,,,,,no_image
46511,Leucophora xizangensis,西藏植蝇,,,,,,,no_image
108252,Leucosyke quadrinervia,四脉麻,,,,,,,no_image
2562,Leucosia compressa,扁掌玉蟹,,,,,,,no_image
46530,Leurophasma dolichocercum,墨脱光䗛,,,,,,,no_image
138070,Leveillula umbelliferarum,,,,,,,,no_image
108287,Leymus mollis,滨麦,,,,,,,no_image
108272,Lewinskya striata,显孔藓,,,,,,,no_image
108324,Liagora papenfusii,帕氏粉枝藻,,,,,,,no_image
9024,Liacarus latiusculus,宽突丽甲螨,,,,,,,no_image
108355,Libanotis laticalycina,宽萼岩风,,,,,,,no_image
46542,Liancalus maculosus,多斑联长足虻,,,,,,,no_image
46578,Libnotes transversalis,横亮大蚊,,,,,,,no_image
46558,Libnotes aptata,广亮大蚊,,,,,,,no_image
136043,Lichen swartzii,,,,,,,,no_image
136023,Lichen corallinus,,,,,,,,no_image
9203,Licnodamaeus undulatus,波纹扇珠甲螨,,,,,,,no_image
4327,Lienardia planilabrum,栗色狭口螺,,,,,,,no_image
108369,Ligularia atkinsonii,亚东橐吾,,,,,,,no_image
108413,Ligularia kanaitzensis,干崖子橐吾,,,,,,,no_image
108389,Ligularia discoidea,盘状橐吾,,,,,,,no_image
108437,Ligularia macrophylla,大叶橐吾,,,,,,,no_image
108459,Ligularia pleurocaulis,侧茎橐吾,,,,,,,no_image
108505,Ligusticopsis acaulis,会泽拟藁本,,,,,,,no_image
108547,Ligustrum confusum,散生女贞,,,,,,,no_image
108483,Ligularia subspicata,穗序橐吾,,,,,,,no_image
108576,Ligustrum sinense,小蜡,,,,,,,no_image
108525,Ligusticopsis shaniana,红拟藁本,,,,,,,no_image
46617,Ligyra tantalus,坦塔罗斯丽蜂虻,,,,,,,no_image
108613,Lilium davidii,川百合,,,,,,,no_image
108642,Lilium liangiae,松筠豹子花,,,,,,,no_image
108672,Lilium punctulatum,斑点豹子花,,,,,,,no_image
108693,Lilium xanthellum,乡城百合,,,,,,,no_image
145567,Limacella illinita,白黏伞,,,,,,,no_image
5864,Limatula bullata,泡状平锉蛤,,,,,,,no_image
46647,Limenitis sydyi,折线蛱蝶,,,,,,,no_image
77723,Limnonectes taylori,泰诺大头娃,,,,,,,no_image
46661,Limnophora argentitriangula,银三角池蝇,,,,,,,no_image
46681,Limnophora formosa,台湾池蝇,,,,,,,no_image
46722,Limnophora spoliata,掠池蝇,,,,,,,no_image
46701,Limnophora nigriscrupulosa,黑锐池蝇,,,,,,,no_image
46758,Limonia hostilis,敌沼大蚊,,,,,,,no_image
46743,Limnophyes orbicristatus,圆脊沼摇蚊,,,,,,,no_image
46785,Linan geneolatus,,,,,,,,no_image
3556,Limopsis tajimae,大拟锉蛤,,,,,,,no_image
108716,Limonium congestum,密花补血草,,,,,,,no_image
108746,Linaria thibetica,宽叶柳穿鱼,,,,,,,no_image
108771,Lindera chienii,江浙山胡椒,,,,,,,no_image
46815,Linda semivittata,,,,,,,,no_image
108793,Lindera motuoensis,西藏山胡椒,,,,,,,no_image
108824,Lindernia brevipedunculata,短梗母草,,,,,,,no_image
108844,Lindernia ruellioides,旱田草,,,,,,,no_image
46851,Linnaemya picta,钩肛短须寄蝇,,,,,,,no_image
46831,Linnaemya altaica,阿尔泰短须寄蝇,,,,,,,no_image
108854,Lindsaea cultrata,鳞始蕨,,,,,,,no_image
1156,Lineopselloides albilineus,白纹似线纽虫,,,,,,,no_image
141290,Linocarpon pandanicola,,,,,,,,no_image
6464,Linuparus sordidus,泥污脊龙虾,,,,,,,no_image
77755,Liobagrus nantoensis,南投&#x0000E056;,,,,,,,no_image
77758,Liocichla bugunorum,黑冠薮鹛,,,,,,,no_image
46883,Liodrosophila iophacanthusa,簇刺曙果蝇,,,,,,,no_image
46962,Liosarcophaga kawayuensis,拟野醬麻蝇,,,,,,,no_image
46923,Liogluta shaluliensis,,,,,,,,no_image
206,Liomera rubra,红色花瓣蟹,,,,,,,no_image
46903,Liogluta ignorata,,,,,,,,no_image
46942,Liopygia argyrostoma,黑口利麻蝇,,,,,,,no_image
46982,Liotesba dayiensis,,,,,,,,no_image
47002,Liothrips kuwayamai,荚蒾滑管蓟马,,,,,,,no_image
108882,Liparis assamica,扁茎羊耳蒜,,,,,,,no_image
47026,Lipsothrix pluto,普鲁托脂大蚊,,,,,,,no_image
108938,Liparis rockii,若氏羊耳蒜,,,,,,,no_image
108901,Liparis elliptica,扁球羊耳蒜,,,,,,,no_image
108954,Lipocarpha microcephala,湖瓜草,,,,,,,no_image
108920,Liparis maguanensis,马关羊耳蒜,,,,,,,no_image
47029,Liriomyza brassicae,菜斑潜蝇,,,,,,,no_image
108978,Liriope minor,矮小山麦冬,,,,,,,no_image
47053,Lispe brunnicosa,棕蛛溜蝇,,,,,,,no_image
47074,Lispe loewi,缺髭溜蝇,,,,,,,no_image
47094,Lispinus bistriatus,,,,,,,,no_image
47150,Lissocephala sabroskyi,萨氏头滑果蝇,,,,,,,no_image
47114,Lispocephala incisicauda,截尾溜头秽蝇,,,,,,,no_image
47134,Lispocephala pilimutinus,毛阳溜头秽蝇,,,,,,,no_image
47154,Lithacodia albiclava,白斑俚夜蛾,,,,,,,no_image
15709,Lithobius anasulcifemoralis,拟股沟石蜈蚣,,,,,,,no_image
15702,Lithobius insolitus,异股石蜈蚣,,,,,,,no_image
15649,Lithobius qingquanensis,清泉石蜈蚣,,,,,,,no_image
108986,Lithocarpus amoenus,愉柯,,,,,,,no_image
109006,Lithocarpus cleistocarpus,包果柯,,,,,,,no_image
109057,Lithocarpus howii,梨果柯,,,,,,,no_image
109037,Lithocarpus eriobotryoides,枇杷叶柯,,,,,,,no_image
47179,Lithomoia solidaginis,珂冬夜蛾,,,,,,,no_image
109079,Lithocarpus magneinii,黑家柯,,,,,,,no_image
109101,Lithocarpus phansipanensis,桂南柯,,,,,,,no_image
109122,Lithocarpus triqueter,棱果柯,,,,,,,no_image
47183,Lithophane socia,石冬夜蛾,,,,,,,no_image
109144,Litostigma napoense,那坡凹柱苣苔,,,,,,,no_image
134664,Lithothelium obtectum,,,,,,,,no_image
109167,Litsea cubeba,山鸡椒,,,,,,,no_image
77793,Liuixalus ocellatus,眼斑刘树蛙,,,,,,,no_image
109251,Litsea viridis,干香柴,,,,,,,no_image
109194,Litsea kwangtungensis,广东木姜子,,,,,,,no_image
47214,Lixophaga latigena,宽颊利索寄蝇,,,,,,,no_image
109221,Litsea pungens,木姜子,,,,,,,no_image
137167,Lobaria chinensis,中华肺衣,,,,,,,no_image
137187,Lobaria quercizans,栎肺衣,,,,,,,no_image
47232,Ljungh lini,林氏双距螯蜂,,,,,,,no_image
19293,Lobellina fusa,,,,,,,,no_image
109278,Lobelia erectiuscula,直立山梗菜,,,,,,,no_image
47258,Lobesia sutteri,印花翅小卷蛾,,,,,,,no_image
7848,Lobophyllia corymbosa,伞房叶状珊瑚,,,,,,,no_image
7242,Lobophytum irregulare,特异叶软珊瑚,,,,,,,no_image
47275,Lobosmittia takahashii,高桥洛施密摇蚊,,,,,,,no_image
47310,Lobrathium jianqingi,,,,,,,,no_image
47290,Lobrathium dabaicum,,,,,,,,no_image
77806,Locustella chengi,四川短翅蝗莺,,,,,,,no_image
47330,Lobrathium sororium,,,,,,,,no_image
109301,Loeseneriella yunnanensis,云南翅子藤,,,,,,,no_image
109315,Lomariopsis chinensis,中华藤蕨,,,,,,,no_image
109337,Lomatogonium oreocharis,圆叶肋柱花,,,,,,,no_image
47369,Lomechusoides strumosus,,,,,,,,no_image
47384,Lonchodes hainanensis,海南长足异䗛,,,,,,,no_image
47404,Lonchoptera pinlongshanesis,平龙山尖翅蝇,,,,,,,no_image
47423,Longtania picea,黑龙潭飞虱,,,,,,,no_image
17165,Longigula papillus,乳突长管吸虫,,,,,,,no_image
109369,Lonicera ferruginea,锈毛忍冬,,,,,,,no_image
109400,Lonicera maximowiczii,紫花忍冬,,,,,,,no_image
109424,Lonicera subaequalis,川黔忍冬,,,,,,,no_image
47432,Lopaphus albopunctatus,白斑股䗛,,,,,,,no_image
4179,Lophiotoma indica,,,,,,,,no_image
47447,Lophocosma nigrilinea,弯臂冠舟蛾,,,,,,,no_image
139255,Lophodermium camelliae,山茶散斑壳,,,,,,,no_image
109446,Lophatherum sinense,中华淡竹叶,,,,,,,no_image
1630,Lophomastix jaonica,日本冠鞭蟹,,,,,,,no_image
139315,Lophodermium seditiosum,扰乱散斑壳,,,,,,,no_image
139275,Lophodermium indianum,印度散斑壳,,,,,,,no_image
139295,Lophodermium orientale,,,,,,,,no_image
47468,Lophophelma iterans,江浙冠尺蛾,,,,,,,no_image
47485,Lophoptera tenuis,波纹脊蕊夜蛾,,,,,,,no_image
109457,Lophozia ascendens,倾立裂叶苔,,,,,,,no_image
47505,Lophosia lophosioides,双重罗佛寄蝇,,,,,,,no_image
141314,Loranitschkia viticola,,,,,,,,no_image
47574,Loristes decoratus,遮颜盲蝽,,,,,,,no_image
109486,Lotus praetermissus,短果百脉根,,,,,,,no_image
47536,Lordiphosa eminens,突拱背果蝇,,,,,,,no_image
47587,Loxerebia pratorum,草原舜眼蝶,,,,,,,no_image
47556,Lordiphosa ramosissimus,多枝拱背果蝇,,,,,,,no_image
109502,Loxogramme formosana,台湾剑蕨,,,,,,,no_image
47600,Loxocera maculipennis,斑翅长角茎蝇,,,,,,,no_image
2775,Loxosomella circulare,圆萼小曲体虫,,,,,,,no_image
4998,Lucifer intermedius,间型莹虾,,,,,,,no_image
47640,Lucilia sericata,丝光绿蝇,,,,,,,no_image
109516,Luculia gratissima,馥郁滇丁香,,,,,,,no_image
77912,Lutjanus boutton,蓝带笛鲷,,,,,,,no_image
109560,Lupinus luteus,黄羽扇豆,,,,,,,no_image
109549,Luisia teres,叉唇钗子股,,,,,,,no_image
77932,Lutjanus russellii,勒氏笛鲷,,,,,,,no_image
109535,Luffa aegyptiaca,丝瓜,,,,,,,no_image
109604,Lycianthes marlipoensis,麻栗坡红丝线,,,,,,,no_image
234,Lybia caestifer,纯洁细螯蟹,,,,,,,no_image
47666,Luzonomyza gaimarii,盖氏颊鬃缟蝇,,,,,,,no_image
77940,Lycodon cathaya,花坪链蛇（花坪白环蛇）,,,,,,,no_image
77960,Lycodon yunnanensis,云南链蛇,,,,,,,no_image
146962,Lycoperdon pisiforme,,,,,,,,no_image
146922,Lycoperdon excipuliforme,长柄梨形马勃,,,,,,,no_image
146942,Lycoperdon lilacinum,紫色秃马勃,,,,,,,no_image
146982,Lycoperdon wrightii,白刺马勃,,,,,,,no_image
109658,Lycoris insularis,海滨石蒜,,,,,,,no_image
47717,Lycoriella longwangshana,龙王山厉眼蕈蚊,,,,,,,no_image
47697,Lycoriella antrocola,洞居厉眼蕈蚊,,,,,,,no_image
16434,Lycosa gobiensis,戈壁狼蛛,,,,,,,no_image
47732,Lyctocoris beneficus,东方细角花蝽,,,,,,,no_image
47749,Lygephila vulcanea,焚影夜蛾,,,,,,,no_image
47768,Lygocoris rufiscutellatus,红盾丽盲蝽,,,,,,,no_image
47797,Lymantria dissoluta,条毒蛾,,,,,,,no_image
47778,Lygus hsiaoi,萧氏草盲蝽,,,,,,,no_image
47817,Lymantria tortivalvula,扭瓣毒蛾,,,,,,,no_image
109683,Lyonia doyonensis,圆叶珍珠花,,,,,,,no_image
147015,Lyophyllum langei,,,,,,,,no_image
47835,Lypesthes gracilicornis,细角筒胸肖叶甲,,,,,,,no_image
109707,Lysimachia brevianthera,短药香草,,,,,,,no_image
77967,Lyroderma lyra,印度假吸血蝠,,,,,,,no_image
109750,Lysimachia fanii,樊氏香草,,,,,,,no_image
109728,Lysimachia cordifolia,心叶香草,,,,,,,no_image
109819,Lysimachia peduncularis,假过路黄,,,,,,,no_image
109773,Lysimachia huchimingii,启明过路黄,,,,,,,no_image
109794,Lysimachia lychnoides,假琴叶过路黄,,,,,,,no_image
109840,Lysimachia remota,疏节过路黄,,,,,,,no_image
109864,Lysimachia taiwaniana,台湾珍珠菜,,,,,,,no_image
109916,Lysionotus pterocaulis,翅茎吊石苣苔,,,,,,,no_image
109886,Lysionotus chatungii,藏南吊石苣苔,,,,,,,no_image
14577,Lysiteles clavellatus,小棒微蟹蛛,,,,,,,no_image
47858,Lyubana liaoi,廖氏连褶金小蜂,,,,,,,no_image
14716,Lysiteles maius,梅微蟹蛛,,,,,,,no_image
5177,Lysmata vittata,红条双鞭虾,,,,,,,no_image
47870,Maaserphus guangxiensis,广西马氏细蜂,,,,,,,no_image
109936,Macadamia integrifolia,澳洲坚果,,,,,,,no_image
47883,Macellina nigriseta,黑毛瘦䗛,,,,,,,no_image
109964,Machilus cicatricosa,刻节润楠,,,,,,,no_image
47898,Machaerotypus semirubronigris,半红脊角蝉,,,,,,,no_image
109988,Machilus konishii,台湾润楠,,,,,,,no_image
110010,Machilus nakao,纳槁润楠,,,,,,,no_image
110031,Machilus salicoides,华蓥润楠,,,,,,,no_image
47907,Machimus aurimystax,金鬃圆突食虫虻,,,,,,,no_image
110063,Maclura pubescens,毛柘藤,,,,,,,no_image
47918,Macotasa tortricoides,卷玛苔蛾,,,,,,,no_image
5043,Macrobrachium equidens,等齿沼虾,,,,,,,no_image
5133,Macrobrachium mammillodactylus,乳指沼虾,,,,,,,no_image
47961,Macrocentrus dushanensis,独山长体茧蜂,,,,,,,no_image
47941,Macrocentrus amploventra1is,阔腹长体茧蜂,,,,,,,no_image
47981,Macrocentrus mainlingensis,米林长距茧蜂,,,,,,,no_image
48019,Macrocera neobrunnea,新长角菌蚊,,,,,,,no_image
48002,Macrocentrus tianmushanus,天目山长体茧蜂,,,,,,,no_image
145626,Macrocybe crassa,,,,,,,,no_image
17685,Macrochlamys davidi,达式巨楯蛞蝓,,,,,,,no_image
48055,Macroglossum hunanensis,湖南长喙天蛾,,,,,,,no_image
48093,Macromia moorei,,,,,,,,no_image
145469,Macrolepiota excoriata,裂皮环柄菇,,,,,,,no_image
48073,Macrometopia atra,黑色大木蚜蝇,,,,,,,no_image
110075,Macromitrium formosae,长枝蓑藓,,,,,,,no_image
131830,Macrophoma ilicis-cornutae,,,,,,,,no_image
110096,Macromitrium tuberculatum,香港蓑藓,,,,,,,no_image
48118,Macropelopia paranebulosa,似奈大粗腹摇蚊,,,,,,,no_image
4041,Macrophthalmus latreillei,拉氏大眼蟹,,,,,,,no_image
78005,Macropygia unchall,斑尾鹃鸠,,,,,,,no_image
48131,Macropodaphis paradoxa,奇异粗腿蚜,,,,,,,no_image
134101,Macrosporium concinnum,,,,,,,,no_image
48157,Macrostylophora hebeiensis,河北大锥蚤,,,,,,,no_image
13482,Macrothele yongshengensis,永胜大疣蛛,,,,,,,no_image
13476,Macrothele arcuata,弓大疣蛛,,,,,,,no_image
18471,Macrotrachela ehrenbergii,欧氏粗颈轮虫,,,,,,,no_image
3089,Mactra cuneata,楔蛤蜊,,,,,,,no_image
48177,Macrotermes hainanensis,海南大白蚁,,,,,,,no_image
2123,Maera hamigera,钩细身钩虾,,,,,,,no_image
78014,Maculopaa conaensis,错那棘蛙,,,,,,,no_image
110163,Maesa tenera,软弱杜茎山,,,,,,,no_image
110142,Maesa indica,包疮叶,,,,,,,no_image
110185,Mahonia fordii,北江十大功劳,,,,,,,no_image
151581,Magoderna vansteenisii,,,,,,,,no_image
110228,Maianthemum oleraceum,长柱鹿药,,,,,,,no_image
48248,Mahavana lijiangana,,,,,,,,no_image
78021,Makaira nigricans,大西洋蓝枪鱼,,,,,,,no_image
110205,Mahonia setosa,刺齿十大功劳,,,,,,,no_image
48268,Malacosoma indica,印度幕枯叶蛾,,,,,,,no_image
78031,Malakichthys wakiyae,胁谷软鱼,,,,,,,no_image
48281,Malaya genurostris,肘喙钩蚊,,,,,,,no_image
2086,Mallacoota insignis,唯细小钩虾,,,,,,,no_image
2532,Malletia sumatrensis,苏岛马雷蛤,,,,,,,no_image
13522,Mallinella maolanensis,茂兰马利蛛,,,,,,,no_image
48321,Mallota hysopia,亮黄毛管蚜蝇,,,,,,,no_image
110257,Mallotus garrettii,粉叶野桐,,,,,,,no_image
110340,Malva cathayensis,锦葵,,,,,,,no_image
110290,Mallotus thorelii,灰叶野桐,,,,,,,no_image
110310,Malus jinxianensis,金县山荆子,,,,,,,no_image
16016,Mandarinopus corticinus,,,,,,,,no_image
11176,Mangora songyangensis,松阳芒果蛛,,,,,,,no_image
110407,Mannia subpilosa,拟毛柄疣冠苔,,,,,,,no_image
110365,Manglietia crassipes,粗梗木莲,,,,,,,no_image
147625,Marasmiellus gossypinulus,棉羽微皮伞,,,,,,,no_image
110386,Manglietia oblonga,椭圆叶木莲,,,,,,,no_image
48378,Mantitheus pekinensis,,,,,,,,no_image
48359,Mansoniella rubistrigata,红带曼盲蝽,,,,,,,no_image
147605,Marasmiellus alneus,桤木微皮伞,,,,,,,no_image
147645,Marasmiellus scandens,,,,,,,,no_image
147144,Marasmius alliaceus,蒜叶小皮伞,,,,,,,no_image
147184,Marasmius curreyi,早生小皮伞,,,,,,,no_image
147204,Marasmius fuscopurpureus,,,,,,,,no_image
147164,Marasmius bulliardii,,,,,,,,no_image
147224,Marasmius languidus,微弱小皮伞,,,,,,,no_image
147244,Marasmius ochroleucus,,,,,,,,no_image
147264,Marasmius pseudoeuosmus,拟花味小皮伞,,,,,,,no_image
147284,Marasmius sessiliaffinis,,,,,,,,no_image
110419,Marchantia emarginata,楔瓣地钱,,,,,,,no_image
147304,Marasmius undatus,皱盖小皮伞,,,,,,,no_image
48405,Margarinotus multidens,多齿歧阎甲,,,,,,,no_image
78046,Mareca penelope,赤颈鸭,,,,,,,no_image
110465,Marsdenia roylei,吉隆牛奶菜,,,,,,,no_image
110440,Markhamia stipulata,猫尾木,,,,,,,no_image
12886,Marpissa nitida,藏西蝇狮蛛,,,,,,,no_image
48423,Margites fulvidus,,,,,,,,no_image
137917,Marssonina coronaria,,,,,,,,no_image
13237,Marusyllus bajan,巴彦马树蛛,,,,,,,no_image
133762,Massarina phragmiticola,,,,,,,,no_image
152316,Martellia nanjingensis,南京无索腹菌,,,,,,,no_image
8026,Mastigias papua,巴布亚硝水母,,,,,,,no_image
110519,Matthiola incana,紫罗兰,,,,,,,no_image
48465,Matrona mazu,妈祖单脉色蟌,,,,,,,no_image
48451,Masuria appendiculata,,,,,,,,no_image
48493,Maxates acutigoniata,庐山尖尾尺蛾,,,,,,,no_image
48530,Mayridia parva,微小玛丽跳小蜂,,,,,,,no_image
48482,Maurilia iconica,栗摩夜蛾,,,,,,,no_image
48514,Maxates macariata,悦尖尾尺蛾,,,,,,,no_image
110536,Mazus japonicus,,,,,,,,no_image
48548,Mecomma ambulans,广昧盲蝽,,,,,,,no_image
110561,Mazus surculosus,西藏通泉草,,,,,,,no_image
110579,Meconopsis bijiangensis,碧江绿绒蒿,,,,,,,no_image
110601,Meconopsis huanglongensis,黄龙绿绒蒿,,,,,,,no_image
110628,Meconopsis punicea,红花绿绒蒿,,,,,,,no_image
110656,Meconopsis zangnanensis,藏南绿绒蒿,,,,,,,no_image
48573,Medauroidea nyalamensis,聂拉木莫䗛,,,,,,,no_image
48593,Medetera vivida,茎刺聚脉长足虻,,,,,,,no_image
48613,Medhiama tibetana,,,,,,,,no_image
110677,Medicago ruthenica,花苜蓿,,,,,,,no_image
48639,Megabatrus caviceps,,,,,,,,no_image
14450,Medmassa torta,扭介蛛,,,,,,,no_image
110696,Meehania fargesii,华西龙头草,,,,,,,no_image
15599,Megachernes glandulosus,多腺巨伪蝎,,,,,,,no_image
48718,Megachile ligniseca,木巢切叶蜂,,,,,,,no_image
48694,Megachile flavipes,黄足切叶蜂,,,,,,,no_image
48670,Megachile centuncularis,圆切叶蜂,,,,,,,no_image
48761,Megachile strupigera,白斑切叶蜂,,,,,,,no_image
48739,Megachile pseudomonticola,拟丘切叶蜂,,,,,,,no_image
48781,Megacoelum formosanum,大黑沟顶盲蝽,,,,,,,no_image
133446,Megaloseptoria mirabilis,,,,,,,,no_image
14037,Megalepthyphantes kronebergi,新疆巨斑皿蛛,,,,,,,no_image
48861,Megalurothrips haopingensis,蒿坪大蓟马,,,,,,,no_image
48803,Megalinus flavus,,,,,,,,no_image
48897,Megarthrus splendidus,,,,,,,,no_image
48838,Megaloctena mandarina,硕夜蛾,,,,,,,no_image
48823,Megalinus punctatissimus,,,,,,,,no_image
48877,Megarhogas perinae,榕透翅毒蛾大内茧蜂,,,,,,,no_image
48917,Megaselia curtifrons,短额异蚤蝇,,,,,,,no_image
48937,Megaselia meijerei,迈耶异蚤蝇,,,,,,,no_image
48957,Megaselia simplicior,简约异蚤蝇,,,,,,,no_image
48974,Megasyrphus alashanicus,阿拉善硕蚜蝇,,,,,,,no_image
48990,Megophyra mimimultisetosa,拟多毛巨黑蝇,,,,,,,no_image
49018,Mekongiana gregoryi,戈弓湄公蝗,,,,,,,no_image
49007,Meigenia velutina,丝绒美根寄蝇,,,,,,,no_image
153251,Melampsora humilis,低矮栅锈菌,,,,,,,no_image
153231,Melampsora aecidioides,,,,,,,,no_image
153271,Melampsora occidentalis,,,,,,,,no_image
49029,Melanagromyza boehmeriae,苎麻黑潜蝇,,,,,,,no_image
153291,Melampsora yezoensis,北海道栅锈菌,,,,,,,no_image
49049,Melanagromyza subpubescens,亚微毛黑潜蝇,,,,,,,no_image
136048,Melanelia exasperata,乳突黑尔衣,,,,,,,no_image
136068,Melanelixia glabra,,,,,,,,no_image
136082,Melanohalea olivaceoides,拟橄榄黑尔衣,,,,,,,no_image
49079,Melanitis zitenius,黄带暮眼蝶,,,,,,,no_image
149477,Melanogaster natsii,北美黑腹菌,,,,,,,no_image
16823,Melanopa zhui,朱氏黑盲蛛,,,,,,,no_image
142151,Melanopsamma interlamellaris,,,,,,,,no_image
148533,Melanoleuca melaleuca,,,,,,,,no_image
110758,Melanoseris leptantha,景东细莴苣,,,,,,,no_image
154982,Melanopsichium esculentum,,,,,,,,no_image
49100,Melanthia postalbaria,平纹黑岛尺蛾,,,,,,,no_image
132275,Melaspilea diplasiospora,黑斑衣,,,,,,,no_image
110773,Melastoma ×,细叶野牡丹,,,,,,,no_image
49086,Melanostoma abdominale,无斑墨蚜蝇,,,,,,,no_image
110799,Melica przewalskyi,甘肃臭草,,,,,,,no_image
78121,Melichthys niger,角鳞鲀,,,,,,,no_image
110825,Melilotus suaveolens,草木犀,,,,,,,no_image
143912,Meliola alangii,,,,,,,,no_image
143952,Meliola callicarpae,,,,,,,,no_image
143932,Meliola bangalorensis,,,,,,,,no_image
143992,Meliola erioglossi,,,,,,,,no_image
143972,Meliola cookeana,,,,,,,,no_image
144032,Meliola jasminicola,,,,,,,,no_image
144012,Meliola glochidii,,,,,,,,no_image
144052,Meliola littoralis,,,,,,,,no_image
144092,Meliola panici,,,,,,,,no_image
144112,Meliola rhodoleiicola,,,,,,,,no_image
144072,Meliola micheliae,,,,,,,,no_image
144132,Meliola styracearum,,,,,,,,no_image
144152,Meliola toddaliicola,,,,,,,,no_image
110832,Meliosma cuneifolia,泡花树,,,,,,,no_image
2106,Melita hainanensis,海南马尔他钩虾,,,,,,,no_image
110865,Meliosma thorelii,山檨叶泡花树,,,,,,,no_image
49168,Melliacris sinensis,中华梅荔蝗,,,,,,,no_image
49151,Melitaea scotosia,大网蛱蝶,,,,,,,no_image
110884,Melocalamus yunnanensis,高肩梨藤竹,,,,,,,no_image
5882,Melphidippa sinuata,弯曲颚肢钩虾,,,,,,,no_image
8237,Menella rubescens,红小月柳珊瑚,,,,,,,no_image
110904,Memecylon pauciflorum,少花谷木,,,,,,,no_image
110908,Mengzia foliosa,蒙自兰,,,,,,,no_image
110923,Mentha vagans,灰薄荷,,,,,,,no_image
49206,Merionoeda caldwelli,,,,,,,,no_image
331,Meretrix lamarckii,斧文蛤,,,,,,,no_image
5489,Merisca capsoides,拟箱美丽蛤,,,,,,,no_image
16773,Merizocera wenshan,文山梅斑蛛,,,,,,,no_image
110966,Mertensia davurica,长筒滨紫草,,,,,,,no_image
3107,Meropesta pellucida,透明立蛤,,,,,,,no_image
49246,Merogomphus pavici,帕维长足春蜓,,,,,,,no_image
110935,Merremia dissecta,多裂鱼黄草,,,,,,,no_image
49282,Mesembrina intermedia,介墨蝇,,,,,,,no_image
7967,Mesactinia ganensis,华美中海葵,,,,,,,no_image
49306,Mesembrius pseudiflaviceps,拟黄颜墨管蚜蝇,,,,,,,no_image
78158,Mesogobio lachneri,中&#x0000E068;,,,,,,,no_image
49338,Mesonemoura tibetensis,西藏中叉(虫责),,,,,,,no_image
49392,Mesopsylla sagitta,三趾跳鼠中蚤,,,,,,,no_image
49355,Mesophalera speratus,理想间掌舟蛾,,,,,,,no_image
49407,Mesorhaga xizangensis,西藏孤脉长足虻,,,,,,,no_image
49428,Mesosa mediofasciata,,,,,,,,no_image
110985,Mesostemma dichotomum,叉歧繁缕,,,,,,,no_image
49372,Mesopolobus minutus,微小迈金小蜂,,,,,,,no_image
14924,Meta nigridorsalis,黑背后蛛,,,,,,,no_image
141734,Metacordyceps taii,戴氏绿僵虫草,,,,,,,no_image
16857,Metagagrella roeweri,偌氏后盾盲蛛,,,,,,,no_image
49470,Metalimnobia improvisa,无预次沼大蚊,,,,,,,no_image
49488,Metallolophia flavomaculata,黄斑豆纹尺蛾,,,,,,,no_image
49497,Metanipponaphis lithocarpicola,石柯后扁蚜,,,,,,,no_image
708,Metapenaeopsis sinica,中国赤虾,,,,,,,no_image
17836,Metaphire anomala,不规腔蚓,,,,,,,no_image
17767,Metaphire flavarundoida,黄竹腔蚓,,,,,,,no_image
17753,Metaphire multitheca,多囊腔蚓,,,,,,,no_image
17929,Metaphire trutina,天平腔蚓,,,,,,,no_image
49507,Metaphycus flavus,黄色阔柄跳小蜂,,,,,,,no_image
141735,Metarhizium acridum,,,,,,,,no_image
111037,Meteorium atrovariegatum,东亚蔓藓,,,,,,,no_image
49523,Metastenus concinnus,规则瓢虫金小蜂,,,,,,,no_image
2845,Metaverruca defayae,狄法叶拟花笼,,,,,,,no_image
49553,Meteorus versicolor,虹彩悬茧蜂,,,,,,,no_image
49581,Metopia italiana,意大利突额蜂麻蝇,,,,,,,no_image
17565,Metodontia yantaiensis,烟台间齿螺,,,,,,,no_image
10726,Metridium sensile,,,,,,,,no_image
49625,Metrioptera bicolor,双色姬螽,,,,,,,no_image
2827,Metopograpsus messor,平分大额蟹,,,,,,,no_image
111050,Metzgeria formosana,台湾叉苔,,,,,,,no_image
49651,Micadina reni,任氏小异䗛,,,,,,,no_image
49636,Miaenia fasciatus,,,,,,,,no_image
49661,Miccolamia castaneoverrucosa,,,,,,,,no_image
13693,Micaria albovittata,白纹小蚁蛛,,,,,,,no_image
111075,Michelia doltsopa,南亚含笑,,,,,,,no_image
111126,Micranthes parvula,微亭阁草,,,,,,,no_image
3454,Micippa philyra,拳折额蟹,,,,,,,no_image
111139,Microcaryum pygmaeum,微果草,,,,,,,no_image
111095,Michelia mediocris,白花含笑,,,,,,,no_image
152964,Microbotryum nepalense,,,,,,,,no_image
49709,Microctonus cretus,冠食甲茧蜂,,,,,,,no_image
49698,Microchironomus trisetifer,三毛小摇蚊,,,,,,,no_image
49727,Microdebilissa simplicicollis,,,,,,,,no_image
49735,Microdon caeruleus,小巢穴蚜蝇,,,,,,,no_image
49755,Microdrosophila conda,穗微果蝇,,,,,,,no_image
78192,Microhyla mukhlesuri,穆氏姬蛙,,,,,,,no_image
49775,Microdrosophila pseudopleurolineata,拟二线微果蝇,,,,,,,no_image
134888,Microglossum rufum,红棕小舌菌,,,,,,,no_image
111172,Microlepia krameri,克氏鳞盖蕨,,,,,,,no_image
111197,Microlepia trapeziformis,针毛鳞盖蕨,,,,,,,no_image
49805,Micromelalopha megaera,美小舟蛾,,,,,,,no_image
49819,Micromus densimaculosus,密斑脉褐蛉,,,,,,,no_image
111209,Microphysa elongata,脬果茜草,,,,,,,no_image
49839,Micromus zhaoi,赵氏脉褐蛉,,,,,,,no_image
49872,Micropeplus yunnanus,,,,,,,,no_image
49850,Micropeplus fulvus,,,,,,,,no_image
435,Micropodarke dubia,双小健足虫,,,,,,,no_image
145486,Micropsalliota globocystis,,,,,,,,no_image
143115,Microsphaeropsis onychiuri,,,,,,,,no_image
49897,Microscydmus nasutus,,,,,,,,no_image
49938,Microterys gansuensis,甘肃花翅跳小蜂,,,,,,,no_image
49904,Microstylum sordidum,污微芒食虫虻,,,,,,,no_image
49918,Microtendipes yaanensis,雅安倒毛摇蚊,,,,,,,no_image
111250,Microtoena insuavis,冠唇花,,,,,,,no_image
111234,Microstegium petiolare,柄莠竹,,,,,,,no_image
111268,Microtropis chaffanjonii,贵州假卫矛,,,,,,,no_image
49958,Microterys sinicus,中华花翅跳小蜂,,,,,,,no_image
111288,Microtropis petelotii,广序假卫矛,,,,,,,no_image
111301,Microula bhutanica,大孔微孔草,,,,,,,no_image
111325,Microula pentagona,五角微孔草,,,,,,,no_image
1163,Micrura achrostocephala,亮额小尾纽虫,,,,,,,no_image
49993,Mileewa damingana,大明窗翅叶蝉，新种,,,,,,,no_image
111354,Mikania cordata,假泽兰,,,,,,,no_image
50033,Mileewa zhangi,张氏窗翅叶蝉,,,,,,,no_image
154467,Milesina exigua,小迈氏锈菌,,,,,,,no_image
50013,Mileewa margheritae,窗翅叶蝉,,,,,,,no_image
111359,Miliusa chantaburiana,盈江野独活,,,,,,,no_image
111369,Millettia pachyloba,海南崖豆藤,,,,,,,no_image
50079,Miltochrista fasciata,带美苔蛾,,,,,,,no_image
50099,Miltochrista nigralba,暗白美苔蛾,,,,,,,no_image
50121,Miltochrista striata,优美苔,,,,,,,no_image
11394,Mimetus echinatus,刺拟态蛛,,,,,,,no_image
50141,Miltogrammidium indigenum,本地狄蜂麻蝇,,,,,,,no_image
111377,Mimosa pudica,含羞草,,,,,,,no_image
50190,Mimomyia chamberlaini,詹氏小蚊,,,,,,,no_image
50157,Mimathyma nycteis,夜迷蛱蝶,,,,,,,no_image
50233,Mimozotale longipennis,,,,,,,,no_image
50252,Minettia longipennis,长羽瘤黑缟蝇,,,,,,,no_image
50269,Minilimosina alloneura,,,,,,,,no_image
143120,Minimelanolocus hughesii,,,,,,,,no_image
50290,Mintho rufiventris,红腹敏寄蝇,,,,,,,no_image
50310,Miobdelus insularis,,,,,,,,no_image
50346,Mireditha nigra,黑平肩肖叶甲,,,,,,,no_image
50364,Mirollia bispina,双刺奇螽,,,,,,,no_image
17509,Mipus vicdani,宏凯肋肩棘螺,,,,,,,no_image
50384,Mironasutitermes xingshanensis,兴山奇象白蚁,,,,,,,no_image
111387,Miscanthus sinensis,芒,,,,,,,no_image
50405,Mispila tholana,,,,,,,,no_image
16841,Mitopus morio,绣色线脚,,,,,,,no_image
2705,Mitra hayashii,林氏笔螺,,,,,,,no_image
2713,Mitra suturata,线缝笔螺,,,,,,,no_image
111409,Mitreola liui,正宇度量草,,,,,,,no_image
138766,Mitrula bicolor,二色地杖菌,,,,,,,no_image
8952,Mixacarus sublestus,棕混居甲螨,,,,,,,no_image
50420,Mnais gregoryi,黑带绿色蟌,,,,,,,no_image
111444,Mnium marginatum,具缘提灯藓,,,,,,,no_image
5313,Modiolus flavidus,短偏顶蛤,,,,,,,no_image
50440,Moechotypa paraformosana,,,,,,,,no_image
78276,Mogera hainana,海南缺齿鼹,,,,,,,no_image
50455,Mokrzeckia pini,绒茧金小蜂,,,,,,,no_image
138789,Mollisia ligni,,,,,,,,no_image
50468,Molophilus cygnus,天鹅磨大蚊,,,,,,,no_image
50508,Molorchus grandinotatus,,,,,,,,no_image
50546,Moma tsushimana,广缤夜蛾,,,,,,,no_image
50488,Molophilus velvetus,浙江磨大蚊,,,,,,,no_image
50528,Molorchus rufosternalis,,,,,,,,no_image
134575,Monascus fuliginosus,,,,,,,,no_image
139538,Monacrosporium globosporum,,,,,,,,no_image
50583,Mongoliana serrata,锯缘蒙瓢蜡蝉,,,,,,,no_image
11663,Moneta subspinigera,亚刺短跗蛛,,,,,,,no_image
50601,Mongolotmethis kozlovi,科蒙癞蝗,,,,,,,no_image
50608,Monoceromyia fenestrata,细小柄角蚜蝇,,,,,,,no_image
138973,Monilinia fructigena,果生链核盘菌,,,,,,,no_image
141025,Monochaetia hirta,,,,,,,,no_image
50638,Monochamus guerryi,,,,,,,,no_image
143134,Monodictys fluctuata,,,,,,,,no_image
111471,Monochasma savatieri,绵毛鹿茸草,,,,,,,no_image
111475,Monomeria barbata,短瓣兰,,,,,,,no_image
143154,Monodidymaria chenopodii,,,,,,,,no_image
143160,Monoporisporites grymaeformis,,,,,,,,no_image
8051,Monoserius fasciculatus,束茎单列羽螅,,,,,,,no_image
111492,Monotropastrum sciaphilum,沙晶兰,,,,,,,no_image
78302,Montifringilla adamsi,褐翅雪雀,,,,,,,no_image
6989,Montipora solanderi,平展蔷薇珊瑚,,,,,,,no_image
7034,Mopsella rubeola,红叠叶柳珊瑚,,,,,,,no_image
139883,Morchella elata,高羊肚菌,,,,,,,no_image
154957,Moreaua kungii,,,,,,,,no_image
139903,Morchella umbrina,茶褐羊肚菌,,,,,,,no_image
150787,Morellus esculentus,,,,,,,,no_image
50732,Mormonia abamita,晦刺裳夜蛾,,,,,,,no_image
111507,Morinda badia,栗色巴戟,,,,,,,no_image
111536,Morinda rugulosa,皱面鸡眼藤,,,,,,,no_image
155853,Mortierella humicola,土生被孢霉,,,,,,,no_image
15406,Mosu dayan,大岩摩梭蛛,,,,,,,no_image
19224,Morulina mackenziana,,,,,,,,no_image
78321,Moschus fuscus,黑麝,,,,,,,no_image
155873,Mortierella vinacea,葡酒色被孢霉,,,,,,,no_image
147720,Mucidula mucida,黏小奥德蘑,,,,,,,no_image
155960,Mucor globosus,球形毛霉,,,,,,,no_image
156000,Mucor spinosus,刺囊毛霉,,,,,,,no_image
155980,Mucor parvisporus,小孢毛霉,,,,,,,no_image
111589,Mucuna gigantea,巨油麻藤,,,,,,,no_image
7742,Muggiaea atlantica,五角水母,,,,,,,no_image
50749,Muirodelphax atratus,亮黑缪氏飞虱,,,,,,,no_image
143174,Multicellaesporites desmodes,,,,,,,,no_image
143194,Multicellaesporites mustus,,,,,,,,no_image
149775,Multiclavula vernalis,春藻瑚菌,,,,,,,no_image
516,Munida rupicola,嗜石刺铠虾,,,,,,,no_image
590,Munida babai,马场刺铠虾,,,,,,,no_image
594,Munidopsis echinata,多刺拟刺铠虾,,,,,,,no_image
111625,Murdannia bracteata,大苞水竹叶,,,,,,,no_image
557,Munidopsis tafrii,水试拟刺铠虾,,,,,,,no_image
17356,Murex aduncospinosus,钩棘骨螺,,,,,,,no_image
78394,Murina yushuensis,玉树管鼻蝠,,,,,,,no_image
78374,Murina chrysochaetes,金毛管鼻蝠,,,,,,,no_image
111688,Musa textilis,蕉麻,,,,,,,no_image
78399,Mus pahari,锡金小鼠,,,,,,,no_image
50773,Musca illingworthi,异列家蝇,,,,,,,no_image
78406,Muscicapa sibirica,乌鹟,,,,,,,no_image
111699,Mussaenda antiloga,壮丽玉叶金花,,,,,,,no_image
3570,Mya arenaria,砂海螂,,,,,,,no_image
111721,Mussaenda longipetala,长瓣玉叶金花,,,,,,,no_image
78418,Mustela sibirica,黄鼬,,,,,,,no_image
147407,Mycena galopus,乳足小菇,,,,,,,no_image
50822,Mycalesis misenus,密纱眉眼蝶,,,,,,,no_image
147367,Mycena anoectochili,开唇兰小菇,,,,,,,no_image
147427,Mycena longiseta,长刺毛小茹,,,,,,,no_image
147387,Mycena corynephora,,,,,,,,no_image
147447,Mycena pelianthina,,,,,,,,no_image
147467,Mycena rosea,粉色小菇,,,,,,,no_image
147487,Mycena tintinnabulum,,,,,,,,no_image
78423,Mycerobas carnipes,白斑翅拟蜡嘴雀,,,,,,,no_image
147665,Mycetinis scorodonius,蒜头状微菇,,,,,,,no_image
50856,Mycetophila glabra,光滑菌蚊,,,,,,,no_image
50876,Mycetophila sheni,申氏菌蚊,,,,,,,no_image
50889,Mycodiplosis hemileiae,咖啡锈菌瘿蚊,,,,,,,no_image
50917,Mycomya danielae,丹尼真菌蚊,,,,,,,no_image
50957,Mycophila longispina,长刺菌瘿蚊,,,,,,,no_image
50909,Mycodrosophila subgratiosa,亚腹纹菇果蝇,,,,,,,no_image
50937,Mycomya paradisa,极乐真菌蚊,,,,,,,no_image
50986,Mydaea minor,小圆蝇,,,,,,,no_image
132752,Mycovellosiella myrtacearum,,,,,,,,no_image
78431,Myctophum nitidulum,闪光灯笼鱼,,,,,,,no_image
132732,Mycosphaerella garciniae,,,,,,,,no_image
155479,Myiophyton culicis,,,,,,,,no_image
51019,Myllaena kunmingensis,,,,,,,,no_image
136102,Myelochroa rhytidodes,多皱黄缘毛梅衣,,,,,,,no_image
51039,Myllaena taiwaminima,,,,,,,,no_image
51054,Myopa picta,绣虻眼蝇,,,,,,,no_image
51071,Myorhina villeneuvei,单疣锉麻蝇,,,,,,,no_image
51082,Myospila breviscutellata,短盾妙蝇,,,,,,,no_image
51102,Myospila fuscicoxoides,拟暗基妙蝇,,,,,,,no_image
51122,Myospila ponti,庞特妙蝇,,,,,,,no_image
111774,Myrialepis paradoxa,多鳞藤,,,,,,,no_image
78475,Myotis montivagus,山地鼠耳蝠,,,,,,,no_image
111787,Myrioneuron nutans,垂花密脉木,,,,,,,no_image
78455,Myotis annectans,缺齿鼠耳蝠,,,,,,,no_image
136969,Myriotrema minutum,小多网衣,,,,,,,no_image
13218,Myrmarachne brevis,短螯蚁蛛,,,,,,,no_image
13143,Myrmarachne tamsuiensis,淡水蚁蛛,,,,,,,no_image
51154,Myrmecocephalus magnificus,,,,,,,,no_image
51176,Myrmecoris gracilis,蚁盲蝽,,,,,,,no_image
111818,Myrsine kwangsiensis,广西密花树,,,,,,,no_image
51196,Myrmeleotettix angustiseptus,狭隔蚁蝗,,,,,,,no_image
15393,Mysmena furca,叉突密蛛,,,,,,,no_image
51223,Nabepselaphus yunnanicus,,,,,,,,no_image
78502,Myxine formosana,台湾盲鳗,,,,,,,no_image
133320,Mytilidion oblongisporum,,,,,,,,no_image
51272,Naddia malaisei,,,,,,,,no_image
51245,Nabis remanei,雷氏姬蝽,,,,,,,no_image
148233,Naematoloma epixanthum,黄褐沿丝伞(黄褐韧伞),,,,,,,no_image
51286,Nala nepalensis,尼纳蠼螋,,,,,,,no_image
51282,Nagodopsis shirakiana,拉刺蛾,,,,,,,no_image
51301,Nanatka nigrilinea,黑条透大叶蝉,,,,,,,no_image
51308,Nannoarctia tripartita,拟斜带南灯蛾,,,,,,,no_image
51334,Nanostrangalia comis,,,,,,,,no_image
51328,Nanoplagia sinaica,西奈小斑寄蝇,,,,,,,no_image
51317,Nanocladius calvatus,秃矮突摇蚊,,,,,,,no_image
111883,Nardia compressa,被蒴苔,,,,,,,no_image
78523,Napothera epilepidota,纹胸鹪鹛,,,,,,,no_image
51365,Narosoideus fuscicostalis,黄娜刺蛾,,,,,,,no_image
8697,Nassarius barsdelli,巴氏织纹螺,,,,,,,no_image
78549,Naso reticulatus,网纹鼻鱼,,,,,,,no_image
8698,Nassarius variciferus,纵肋织纹螺,,,,,,,no_image
8695,Nassarius gaudiosa,网纹织纹螺,,,,,,,no_image
8668,Nassarius oberwimmei,奥氏织纹螺,,,,,,,no_image
51390,Nasutitermes hejiangensis,合江象白蚁,,,,,,,no_image
78555,Nasutixalus medogensis,墨脱棱鼻树蛙,,,,,,,no_image
5628,Natica simplex,简易玉螺,,,,,,,no_image
111894,Natsiatum herpeticum,薄核藤,,,,,,,no_image
133732,Navicella diabola,,,,,,,,no_image
51472,Nazeris emeianus,,,,,,,,no_image
51432,Nazeris appendiculatus,,,,,,,,no_image
51452,Nazeris circumclusus,,,,,,,,no_image
51492,Nazeris hamulatus,,,,,,,,no_image
51512,Nazeris longilobatus,,,,,,,,no_image
51532,Nazeris obtortus,,,,,,,,no_image
51574,Nazeris truncatus,,,,,,,,no_image
51552,Nazeris rugosus,,,,,,,,no_image
51594,Nazeris zhangsujiongi,,,,,,,,no_image
19291,Neanura tumulosa,,,,,,,,no_image
78561,Neamia octospina,八棘扁天竺鲷,,,,,,,no_image
111913,Neckera enrothiana,无肋平藓,,,,,,,no_image
51625,Necroscia inflexipes,弯足角臀䗛,,,,,,,no_image
141698,Nectriopsis mindoensis,,,,,,,,no_image
142106,Nectria aurantiaca,,,,,,,,no_image
51650,Necydalis sericella,,,,,,,,no_image
78571,Neenchelys daedalus,新几内亚新蛇鳗,,,,,,,no_image
111963,Nekemias megalophylla,大叶牛果藤,,,,,,,no_image
111942,Neillia jinggangshanensis,井冈山绣线梅,,,,,,,no_image
144736,Nemania minutula,,,,,,,,no_image
147814,Nematoctonus pachysporus,厚壁毒虫霉,,,,,,,no_image
51678,Nemestrinus roseus,瑞丽网翅虻,,,,,,,no_image
1710,Nematopagurus sculellichelis,纹螯线寄居蟹,,,,,,,no_image
51687,Nemopoda pectinulata,亮丝鼓翅蝇,,,,,,,no_image
51720,Nemotelus svenhedini,斯氏线角水虻,,,,,,,no_image
51705,Nemorimyza posticata,紫苑墨潜蝇,,,,,,,no_image
51760,Nemoura wangi,王氏叉(虫责),,,,,,,no_image
51740,Nemoura klapperichi,凯氏叉(虫责),,,,,,,no_image
51771,Neoasterodiaspis skanianae,贵新链蚧,,,,,,,no_image
111981,Neobotrydium foetidum,异味香藜,,,,,,,no_image
78598,Neobythites stigmosus,多斑新鼬鳚,,,,,,,no_image
51800,Neocerambyx vitalisi,,,,,,,,no_image
51843,Neodecusa formosae,,,,,,,,no_image
51819,Neochauliodes nigris,黑头斑鱼蛉,,,,,,,no_image
1876,Neocaridina homospina,同刺新米虾,,,,,,,no_image
78608,Neodon fuscus,青海松田鼠,,,,,,,no_image
111988,Neocinnamomum delavayi,新樟,,,,,,,no_image
51855,Neodrymonia basalis,基新林舟蛾,,,,,,,no_image
51875,Neodrymonia terminalis,端白新林舟蛾,,,,,,,no_image
51897,Neoempheria mirabila,奇异新菌蚊,,,,,,,no_image
138081,Neoerysiphe galeopsidis,,,,,,,,no_image
51927,Neohirasea guangdongensis,,,,,,,,no_image
51915,Neogergithoides tubercularis,瘤新瓢蜡蝉,,,,,,,no_image
51969,Neokodaiana chihpenensis,台湾梯额瓢蜡蝉,,,,,,,no_image
51973,Neoleptusa schuelkei,,,,,,,,no_image
111998,Neohymenopogon oligocarpus,疏果石丁香,,,,,,,no_image
112028,Neolitsea konishii,五掌楠,,,,,,,no_image
3473,Neolithodes nipponensis,日本新石蟹,,,,,,,no_image
51992,Neolygus bipuncticollis,条斑新丽盲蝽,,,,,,,no_image
112050,Neolitsea tomentosa,绒毛新木姜子,,,,,,,no_image
52012,Neolygus pictus,花斑新丽盲蝽,,,,,,,no_image
78632,Neomerinthe procurva,曲背新棘鲉,,,,,,,no_image
52039,Neomyia claripennis,明翅翠蝇,,,,,,,no_image
6559,Neomynchoplar sinensis,中华新尖额蟹,,,,,,,no_image
52064,Neope agrestis,田园荫眼蝶,,,,,,,no_image
142125,Neonectria neomacrospora,,,,,,,,no_image
52095,Neoperla banksi,庞氏新(虫责),,,,,,,no_image
52115,Neoperla flavescens,浅褐新(虫责),,,,,,,no_image
52135,Neoperla leigongshana,雷公山新(虫责),,,,,,,no_image
52155,Neoperla quadrata,方形新(虫责),,,,,,,no_image
52175,Neoperla yao,瑶族新(虫责),,,,,,,no_image
78646,Neopomacentrus azysron,黄尾新雀鲷,,,,,,,no_image
52224,Neopsylla fimbrita,穗状新蚤,,,,,,,no_image
52187,Neophryganistria guangxiensis,,,,,,,,no_image
6778,Neopycnodonte cochlear,新硬牡蛎,,,,,,,no_image
52271,Neoripersia yunnanensis,云南禾粉蚧,,,,,,,no_image
52279,Neosclerus barbatulus,,,,,,,,no_image
112079,Neoshirakia atrobadiomaculata,斑子乌桕,,,,,,,no_image
11033,Neoscona chongzuoensis,崇左新园蛛,,,,,,,no_image
10991,Neoscona shillongensis,西隆新园蛛,,,,,,,no_image
11469,Neospintharus fur,叉新刺胸蛛,,,,,,,no_image
52341,Neotetricodes kuankuoshuiensis,宽阔水拟瘤额瓢蜡蝉,,,,,,,no_image
52325,Neotermes dolichognathus,长颚新白蚁,,,,,,,no_image
112090,Neottia biflora,二花对叶兰,,,,,,,no_image
52354,Neotogaria anguliera,角网波纹蛾,,,,,,,no_image
112132,Neottia suzukii,无毛对叶兰,,,,,,,no_image
112110,Neottia longicaulis,毛脉对叶兰,,,,,,,no_image
7904,Neoturris papua,顶突尖塔水母,,,,,,,no_image
16042,Nepalella griswoldi,,,,,,,,no_image
52392,Nepalomyia dentata,齿突跗距长足虻,,,,,,,no_image
52367,Neoxizicus longipennis,长翅新栖螽,,,,,,,no_image
15790,Nepalmatoiulus fraterdraconis,,,,,,,,no_image
52432,Nepalomyia zengchengensis,增城跗距长足虻,,,,,,,no_image
52412,Nepalomyia luteipleurata,黄侧跗距长足虻,,,,,,,no_image
1271,Nepanthia briareus,粗尼斑海星,,,,,,,no_image
52452,Nepalota globifera,,,,,,,,no_image
112159,Nepeta manchuriensis,黑龙江荆芥,,,,,,,no_image
112182,Nepeta wuana,征镒荆芥,,,,,,,no_image
136113,Nephromopsis ornata,丽肾岛衣,,,,,,,no_image
112195,Nephrolepis duffii,圆叶肾蕨,,,,,,,no_image
52488,Nephrotoma catenata,,,,,,,,no_image
52511,Nephrotoma hubeiensis,湖北短柄大蚊,,,,,,,no_image
52532,Nephrotoma nigrostylata,黑突短柄大蚊,,,,,,,no_image
52554,Nephrotoma ruiliensis,瑞丽短柄大蚊,,,,,,,no_image
6904,Nephthea capnelliformis,粒状柔荑软珊瑚,,,,,,,no_image
52636,Neptis namba,娜巴环蛱蝶,,,,,,,no_image
52693,Neptis themis,黄环蛱蝶,,,,,,,no_image
52588,Neptis arachne,蛛环蛱蝶,,,,,,,no_image
3924,Nereis jacksoni,疏毛沙蚕,,,,,,,no_image
14296,Neriene albolimbata,白缘盖蛛,,,,,,,no_image
14071,Neriene lushanensis,六盘盖蛛,,,,,,,no_image
112201,Nertera sinensis,薄柱草,,,,,,,no_image
14496,Nesticella hongheensis,红河小类球蛛,,,,,,,no_image
52717,Nesidiocoris poppiusi,波氏烟盲蝽,,,,,,,no_image
14513,Nesticella verticalis,垂直小类球蛛,,,,,,,no_image
78667,Nettastoma solitarium,前鼻丝鳗,,,,,,,no_image
52749,Neurigona composita,安稳脉长足虻,,,,,,,no_image
52769,Neurigona xizangensis,西藏脉长足虻,,,,,,,no_image
52789,Neuronema huangi,黄氏脉线蛉,,,,,,,no_image
144485,Neurospora crassa,,,,,,,,no_image
52819,Nevskyella similifungifera,拟蘑菇聂跳蚜,,,,,,,no_image
112230,Nicandra physalodes,假酸浆,,,,,,,no_image
145497,Nidularia farcta,实心鸟巢菌,,,,,,,no_image
52842,Nihonogomphus huangshaensis,黄沙日春蜓,,,,,,,no_image
78684,Nidirana guangdongensis,粤琴蛙,,,,,,,no_image
52858,Nilaparvata castanea,栗褐飞虱,,,,,,,no_image
150668,Nigrofomes melanoporus,黑层孔菌,,,,,,,no_image
12635,Nilus paralbocinctus,拟白斑尼蛛,,,,,,,no_image
52878,Nilobezzia nipponensis,日本尼蠓,,,,,,,no_image
52905,Niphona belligerans,,,,,,,,no_image
112235,Niphotrichum barbuloides,硬叶长齿藓,,,,,,,no_image
52951,Nipponobythus grandis,,,,,,,,no_image
8909,Nippobodes tamlaensis,,,,,,,,no_image
52970,Nitidotachinus capillosus,,,,,,,,no_image
6166,Nipponoscaphander cumingii,古式日本泊螺,,,,,,,no_image
52977,Nivellia sanguinosa,红翅裸花天牛,,,,,,,no_image
78739,Niviventer niviventer,喜马拉雅社鼠,,,,,,,no_image
52980,Nocticanace litoralis,光夜滨蝇,,,,,,,no_image
53017,Noemia submetallica,,,,,,,,no_image
53000,Nodina striopunctata,皱基球肖叶甲,,,,,,,no_image
53025,Nomuraius sinicus,,,,,,,,no_image
53061,Nordstroemia bicostata,,,,,,,,no_image
53045,Nondenticentrus paramelanicus,拟黑无齿角蝉,,,,,,,no_image
78753,Norops sagrei,沙氏蛇鳞蜥,,,,,,,no_image
112259,Nothapodytes nimmoniana,臭味假柴龙树,,,,,,,no_image
53107,Nosopsyllus nicanus,适存病蚤,,,,,,,no_image
18576,Notholca squamula,鳞状叶轮虫,,,,,,,no_image
53141,Nothoserphus debilis,浅沟前沟细蜂,,,,,,,no_image
12159,Notiocoelotes spirellus,旋南隙蛛,,,,,,,no_image
1289,Notopus dorsipes,背足蛙蟹,,,,,,,no_image
53186,Notocrypta paralysos,窄纹袖弄蝶,,,,,,,no_image
8828,Nothrus praeoccupatus,,,,,,,,no_image
18252,Notommata cyrtopus,弯趾椎轮虫,,,,,,,no_image
78760,Notoscopelus resplendens,闪光背灯鱼,,,,,,,no_image
53225,Notothecta trienshiensis,,,,,,,,no_image
53232,Nudina xizangensis,藏云彩苔蛾,,,,,,,no_image
4948,Nucula cumingii,铲形胡桃蛤,,,,,,,no_image
143240,Novozymia elegans,,,,,,,,no_image
53264,Nupserha infuscata,,,,,,,,no_image
53250,Numenes separata,叉斜带毒蛾,,,,,,,no_image
53287,Nupserha yunnana,,,,,,,,no_image
53308,Nyctemera lacticinia,蝶灯蛾,,,,,,,no_image
3871,Nuttallia olivacea,紫彩血蛤,,,,,,,no_image
112313,Nymphaea pygmaea,矮睡莲,,,,,,,no_image
53329,Nycterimyia fenestroinornata,平淡晦网翅虻,,,,,,,no_image
112330,Nymphoides cristata,水皮莲,,,,,,,no_image
53354,Oberea acuta,,,,,,,,no_image
53378,Oberea diversipes,,,,,,,,no_image
112339,Nyssa sinensis,蓝果树,,,,,,,no_image
53398,Oberea japanica,,,,,,,,no_image
53418,Oberea rufosternalis,,,,,,,,no_image
53438,Oberea yunnanensis,,,,,,,,no_image
112354,Oberonia falcata,镰叶鸢尾兰,,,,,,,no_image
53457,Obrium fumigatum,,,,,,,,no_image
112375,Oberonia pachyrachis,扁莛鸢尾兰,,,,,,,no_image
53473,Ocalea erlangensis,,,,,,,,no_image
137860,Ocellaria aurea,,,,,,,,no_image
78818,Ochotona mantchurica,满洲里鼠兔,,,,,,,no_image
137404,Ochrolechia frigida,寒生肉疣衣,,,,,,,no_image
53486,Ochlodes siva,雪山赭弄蝶,,,,,,,no_image
137424,Ochrolechia tararea,酒石肉疣衣,,,,,,,no_image
53508,Ochropleura improba,胡狼夜蛾,,,,,,,no_image
53528,Ochropleura triangularis,基角狼夜蛾,,,,,,,no_image
53542,Ochthephilus assingi,,,,,,,,no_image
53562,Ochthephilus vulgaris,,,,,,,,no_image
53574,Ocinara bipuncta,拟双点白蚕蛾,,,,,,,no_image
7019,Octophialucium medium,中型八拟杯水母,,,,,,,no_image
15294,Octonoba biforata,双孔涡蛛,,,,,,,no_image
53582,Octavius flavescens,,,,,,,,no_image
53592,Ocychinus frater,,,,,,,,no_image
140617,Octospora pallida,,,,,,,,no_image
53607,Ocypus anguliculminis,,,,,,,,no_image
53628,Ocypus hecato,,,,,,,,no_image
53670,Ocypus vindex,,,,,,,,no_image
53649,Ocypus palamedes,,,,,,,,no_image
152671,Odontia subspathulata,,,,,,,,no_image
78832,Odontamblyopus lacepedii,拉氏狼牙鰕虎,,,,,,,no_image
112421,Odontochilus tortus,一柱齿唇兰,,,,,,,no_image
112422,Odontoschisma denudatum,裂齿苔,,,,,,,no_image
53708,Odontoedon potentillae,腊梅齿猿叶甲,,,,,,,no_image
53728,Odontomyia inanimis,双带短角水虻,,,,,,,no_image
112438,Odontostemma dsharaense,察龙无心菜,,,,,,,no_image
112462,Odontostemma melandryiforme,女娄无心菜,,,,,,,no_image
112486,Odontostemma schneiderianum,雪山无心菜,,,,,,,no_image
53752,Odontotermes angustignathus,细颚土白蚁,,,,,,,no_image
78850,Odorrana chloronota,大吉岭臭蛙,,,,,,,no_image
53786,Oebalia pedicella,细柄折蜂麻蝇,,,,,,,no_image
78870,Odorrana leporipes,龙头山臭蛙,,,,,,,no_image
53772,Odontotermes shixingensis,始兴土白蚁,,,,,,,no_image
53802,Oedaspis chinensis,中华鼓盾实蝇,,,,,,,no_image
14264,Oedothorax biantu,边凸瘤胸蛛,,,,,,,no_image
53835,Oenospila flavifusata,月青尺蛾,,,,,,,no_image
53821,Oedichirus latexciscus,,,,,,,,no_image
53840,Oestroderma qinghaiense,青海狂皮蝇,,,,,,,no_image
138812,Oidiodendron scytaloides,,,,,,,,no_image
2384,Ogyrides orientalis,东方长眼虾,,,,,,,no_image
112539,Okamuraea brachydictyon,短枝褶藓,,,,,,,no_image
53865,Olenecamptus bilobus,,,,,,,,no_image
112553,Olea caudatilimba,尾叶木犀榄,,,,,,,no_image
53889,Olethreutes dolosana,梅花新小卷蛾,,,,,,,no_image
19359,Oligaphorura chankaensis,,,,,,,,no_image
53913,Oligoaeschna petalura,海南似沼蜓,,,,,,,no_image
78919,Oligolepis stomias,大口寡鳞鰕虎,,,,,,,no_image
9651,Oligonychus pustulosus,,,,,,,,no_image
9607,Oligonychus coffeae,,,,,,,,no_image
53935,Oligosita flavoflagella,黄角寡索赤眼蜂,,,,,,,no_image
53966,Omanellinus populus,杨长索叶蝉,,,,,,,no_image
112608,Olimarabidopsis pumila,无苞芥,,,,,,,no_image
112587,Oligostachyum lubricum,四季竹,,,,,,,no_image
155278,Olpidium brassicae,甘蓝油壶菌,,,,,,,no_image
141033,Ommatomyces terrestris,,,,,,,,no_image
53976,Ommatius flavipyga,黄臀羽芒食虫虻,,,,,,,no_image
54004,Omoplandria fuscipennis,,,,,,,,no_image
148563,Omphalia rustica,村小脐伞,,,,,,,no_image
148583,Omphalina luteovitellina,,,,,,,,no_image
112618,Omphalogramma vinciflorum,独花报春,,,,,,,no_image
54018,Oncocephala atratangula,黑角瘤铁甲,,,,,,,no_image
143249,Oncopodiella trigonella,,,,,,,,no_image
54034,Onesia dynatophallus,壮阳蚓蝇,,,,,,,no_image
54054,Onesiomima pamirica,帕米尔拟蚓蝇,,,,,,,no_image
112642,Onosma apiculatum,细尖滇紫草,,,,,,,no_image
112628,Onobrychis micrantha,小花驴食豆,,,,,,,no_image
54094,Onukia pitchara,乌黑锥头叶蝉,,,,,,,no_image
112665,Onosma nangqenense,囊谦滇紫草,,,,,,,no_image
54074,Ontholestes napoensis,,,,,,,,no_image
78957,Onychostoma gerlachi,南方白甲鱼,,,,,,,no_image
19388,Onychiurus heilongjiangensis,,,,,,,,no_image
54108,Oocelyphus coniferis,锥卵甲蝇,,,,,,,no_image
54126,Ooencyrtus obscurus,,,,,,,,no_image
78973,Ophichthus asakusae,浅草蛇鳗,,,,,,,no_image
54142,Opacifrons pseudimpudica,螺欧小粪蝇,,,,,,,no_image
131590,Opegrapha subclausa,,,,,,,,no_image
4719,Ophiacantha vorax,贪婪棘蛇尾,,,,,,,no_image
4449,Ophiochasma stellata,星形分盾蛇尾,,,,,,,no_image
78989,Ophidion muraenolepis,黑边鼬鳚,,,,,,,no_image
142196,Ophiocordyceps longissima,极长座线虫草,,,,,,,no_image
434,Ophiodromus pugettensis,泥蛇潜虫,,,,,,,no_image
142127,Ophionectria tetraspora,,,,,,,,no_image
54162,Ophiomyia anguliceps,角额蛇潜蝇,,,,,,,no_image
5765,Ophiolepis cincta,围带鳞蛇尾,,,,,,,no_image
4723,Ophiophthalmus normani,诺曼裸盾蛇尾,,,,,,,no_image
112718,Ophiopogon guangzhouensis,广州沿阶草,,,,,,,no_image
112738,Ophiopogon platyphyllus,宽叶沿阶草,,,,,,,no_image
112776,Ophiorrhiza dianguiensis,滇桂蛇根草,,,,,,,no_image
112758,Ophiopogon yunnanensis,滇西沿阶草,,,,,,,no_image
112796,Ophiorrhiza kwangsiensis,广西蛇根草,,,,,,,no_image
112836,Ophiorrhiza salicifolia,柳叶蛇根草,,,,,,,no_image
112816,Ophiorrhiza ochroleuca,黄花蛇根草,,,,,,,no_image
453,Ophiothrix hybrida,混血刺蛇尾,,,,,,,no_image
5749,Ophiozonoida brevipes,短腕仿带蛇尾,,,,,,,no_image
16966,Opisthorchis anatinus,鸭后睾吸虫,,,,,,,no_image
54192,Ophryomedon crenatus,,,,,,,,no_image
54218,Ophyra obscurifrons,暗额黑蝇,,,,,,,no_image
79009,Opisthotropis shenzhenensis,深圳后棱蛇,,,,,,,no_image
54232,Oplodontha elongata,长纹脉水虻,,,,,,,no_image
15365,Opopaea gibbifera,瘤巨膝蛛,,,,,,,no_image
54239,Opsomeigenia orientalis,东方单寄蝇,,,,,,,no_image
945,Oratosquilla oratoria,口虾蛄,,,,,,,no_image
139548,Orbilia brevicauda,,,,,,,,no_image
13210,Orcevia proszynskii,普氏奥西蛛,,,,,,,no_image
139568,Orbilia limoniformis,柠檬孢圆盘菌,,,,,,,no_image
112881,Orchidantha yunnanensis,云南兰花蕉,,,,,,,no_image
112885,Oreocharis acaulis,小花后蕊苣苔,,,,,,,no_image
112937,Oreocharis duyunensis,都匀佛肚苣苔,,,,,,,no_image
112913,Oreocharis chenzhouensis,郴州马铃苣苔,,,,,,,no_image
112957,Oreocharis henryana,川滇马铃苣苔,,,,,,,no_image
112985,Oreocharis ninglangensis,宁蒗马铃苣苔,,,,,,,no_image
113007,Oreocharis purpurata,紫纹马铃苣苔,,,,,,,no_image
113053,Oreocharis xiangguiensis,湘桂马铃苣苔,,,,,,,no_image
113031,Oreocharis striata,条纹马铃苣苔,,,,,,,no_image
113077,Oreocomopsis aromatica,芳香羽苞芹,,,,,,,no_image
79037,Oreolalax chuanbeiensis,川北齿蟾,,,,,,,no_image
54256,Oreomela andreevi,安氏高山叶甲,,,,,,,no_image
54276,Oreomela nigerrima,黑高山叶甲,,,,,,,no_image
113096,Oreorchis bilamellata,大霸山兰,,,,,,,no_image
79056,Oreonectes anophthalmus,无眼岭鳅,,,,,,,no_image
113117,Oreoseris nivea,白背火石花,,,,,,,no_image
54354,Orgyia thyellina,旋古毒蛾,,,,,,,no_image
54310,Oreta eminens,荚蒾山钩蛾,,,,,,,no_image
54334,Orgilus amplissimus,巨怒茧蜂,,,,,,,no_image
54379,Orientomiris rubripedus,红足东盲蝽,,,,,,,no_image
54385,Orimarga aequivena,等腹缘大蚊,,,,,,,no_image
12889,Orientattus minutus,小东跳蛛,,,,,,,no_image
113127,Orinus anomala,四川固沙草,,,,,,,no_image
54410,Orius nagaii,明小花蝽,,,,,,,no_image
54425,Ormosia curvispina,弯刺索大蚊,,,,,,,no_image
113147,Ormosia indurata,韧荚红豆,,,,,,,no_image
113165,Ormosia purpureiflora,紫花红豆,,,,,,,no_image
113183,Ornithochilus yingjiangensis,盈江羽唇兰,,,,,,,no_image
136127,Oropogon cinereus,,,,,,,,no_image
113211,Orophea laui,蚁花,,,,,,,no_image
113193,Orobanche coerulescens,列当,,,,,,,no_image
136147,Oropogon satoanus,,,,,,,,no_image
54480,Orothalassodes floccosa,丛斑翠尺蛾,,,,,,,no_image
54498,Orphnebius parvilobus,,,,,,,,no_image
54510,Orsunius affimbriatus,,,,,,,,no_image
54530,Orthetrum glaucum,黑尾灰蜻,,,,,,,no_image
54579,Orthogonia wolonga,卧龙胖夜蛾,,,,,,,no_image
15491,Orthobula zhangmuensis,樟木盾球蛛,,,,,,,no_image
54560,Orthocladius nitidoscutellatus,隆脊直突摇蚊,,,,,,,no_image
54588,Orthonevra himalayensis,喜马拉雅闪光蚜蝇,,,,,,,no_image
54617,Orthostheneboea foliculata,,,,,,,,no_image
7985,Orthopyxis integra,舌状直果螅,,,,,,,no_image
113258,Orthotrichum jetteae,疣孢木灵藓,,,,,,,no_image
54623,Orthotylus elegantulus,雅合垫盲蝽,,,,,,,no_image
113274,Orychophragmus diffusus,铺散诸葛菜,,,,,,,no_image
54646,Orthotylus sophorae,斑膜合垫盲蝽,,,,,,,no_image
54669,Osmia cornifrons,角额壁蜂,,,,,,,no_image
113314,Osmanthus gracilinervis,细脉木犀,,,,,,,no_image
113294,Osbeckia chinensis,金锦香,,,,,,,no_image
54721,Osorius hauseri,,,,,,,,no_image
54702,Osmylus conanus,错那溪蛉,,,,,,,no_image
54689,Osmia rubripes,黄足壁蜂,,,,,,,no_image
54739,Ostedes binodosa,,,,,,,,no_image
4109,Ostrea circumpicta,疏鳞牡蛎,,,,,,,no_image
79112,Ostorhinchus holotaenia,全纹鹦天竺鲷,,,,,,,no_image
11849,Otacilia acutangula,锐角奥塔蛛,,,,,,,no_image
113360,Osterwaldiella monostricta,山地藓,,,,,,,no_image
11869,Otacilia flexa,曲奥塔蛛,,,,,,,no_image
11830,Otacilia lynx,山猫奥塔蛛,,,,,,,no_image
11842,Otacilia rulinensis,儒林奥塔蛛,,,,,,,no_image
11921,Otacilia yangmingensis,阳明奥塔蛛,,,,,,,no_image
54770,Othius fortepunctatus,,,,,,,,no_image
139915,Otidea aurantia,,,,,,,,no_image
54792,Othius reticulatus,,,,,,,,no_image
139935,Otidea purpurea,紫侧盘菌,,,,,,,no_image
147738,Oudemansiella orientalis,东方小奥德蘑,,,,,,,no_image
79148,Otus spilocephalus,黄嘴角鸮,,,,,,,no_image
79134,Otolithes ruber,红牙[鱼或],,,,,,,no_image
7,Ovalipes iridescens,虹色圆趾蟹,,,,,,,no_image
54816,Oxacme dissimilis,翅尖苔蛾,,,,,,,no_image
113422,Oxybaphus himalaicus,山紫茉莉,,,,,,,no_image
54818,Oxoia smaragdiplena,宝石敏舟蛾,,,,,,,no_image
54837,Oxyaciura xanthotricha,后三奥楔实蝇,,,,,,,no_image
54873,Oxycera meigenii,梅氏盾刺水虻,,,,,,,no_image
144666,Oxydothis pandani,,,,,,,,no_image
11356,Oxyopes bicorneus,双角猫蛛,,,,,,,no_image
79173,Oxyconger leptognathus,细颌鳗,,,,,,,no_image
54892,Oxyna fusca,褐基灿翅实蝇,,,,,,,no_image
11365,Oxyopes mirabilis,奇异猫蛛,,,,,,,no_image
3093,Oxyperas lentiginosa,雀斑尖蛤蜊,,,,,,,no_image
54922,Oxypoda dabamontis,,,,,,,,no_image
54982,Oxypoda rhododendricola,,,,,,,,no_image
54962,Oxypoda microlutea,,,,,,,,no_image
54942,Oxypoda hsuehmontis,,,,,,,,no_image
55022,Oxypoda yunnanensis,,,,,,,,no_image
55002,Oxypoda subneglecta,,,,,,,,no_image
55037,Oxyporus erlangshanus,,,,,,,,no_image
55054,Oxyporus maxillosus,,,,,,,,no_image
55068,Oxyporus sinicus,,,,,,,,no_image
55092,Oxysychus pini,樟子松奥金小蜂,,,,,,,no_image
55099,Oxytelus ailaoshanicus,,,,,,,,no_image
113467,Oxytropis biflora,二花棘豆,,,,,,,no_image
55083,Oxyria xui,徐氏锐蠓,,,,,,,no_image
113489,Oxytropis densa,密丛棘豆,,,,,,,no_image
55119,Oxytelus varipennis,,,,,,,,no_image
113533,Oxytropis latialata,宽翼棘豆,,,,,,,no_image
113513,Oxytropis heiheensis,黑河棘豆,,,,,,,no_image
113559,Oxytropis monophylla,单叶棘豆,,,,,,,no_image
113623,Oxytropis tashkurensis,塔什库尔干棘豆,,,,,,,no_image
113579,Oxytropis porphyrocalyx,紫萼棘豆,,,,,,,no_image
79181,Oxyurichthys cornutus,角质沟鰕虎,,,,,,,no_image
113601,Oxytropis sacciformis,囊萼棘豆,,,,,,,no_image
5844,Ozius tuberculosus,疣突团扇蟹,,,,,,,no_image
113647,Pachira aquatica,瓜栗,,,,,,,no_image
55148,Pachycorynus niger,,,,,,,,no_image
113650,Pachygone valida,肾子藤,,,,,,,no_image
55159,Pachylomalus musculus,肌厚阎甲,,,,,,,no_image
135421,Pachyphiale fagicola,山毛榉厚瓶衣,,,,,,,no_image
55179,Pachyneuron maoi,毛氏楔缘金小蜂,,,,,,,no_image
55197,Pachypappa populi,杨粗毛绵蚜,,,,,,,no_image
8139,Pachyseris rugosa,皱纹厚丝珊瑚,,,,,,,no_image
55241,Pachytodes erraticus,三带拟厚花天牛,,,,,,,no_image
15877,Pacidesmus superdraco,,,,,,,,no_image
2935,Padrycheles pisoides,豌豆厚螯瓷蟹,,,,,,,no_image
134440,Paecilomyces loushanensis,,,,,,,,no_image
113669,Paederia cavaleriei,耳叶鸡屎藤,,,,,,,no_image
55257,Paederus antennocinctus,,,,,,,,no_image
55277,Paederus edentulus,,,,,,,,no_image
113706,Paeonia rotundiloba,圆裂牡丹,,,,,,,no_image
55299,Paederus minicus,,,,,,,,no_image
5212,Paguristes doederleini,杜氏长眼寄居蟹,,,,,,,no_image
55319,Paederus virgifer,,,,,,,,no_image
1718,Pagurus imafukui,今福寄居蟹,,,,,,,no_image
55356,Palaeopsylla laxiprocera,宽突古蚤，新种,,,,,,,no_image
15127,Paiwana pingtung,屏东排湾蛛,,,,,,,no_image
55330,Palaeoagraecia platynota,宽背古禾螽,,,,,,,no_image
136980,Pallidogramme chrysenteron,金色灰线衣,,,,,,,no_image
55378,Palaminus formosae,,,,,,,,no_image
55401,Palimna fukiena,,,,,,,,no_image
55387,Palego simulator,刺披突飞虱,,,,,,,no_image
113734,Palmatiboea sinoprimulina,报春掌脉苣苔,,,,,,,no_image
55426,Palpomyia curtata,剪短须蠓,,,,,,,no_image
55446,Palpomyia rufipes,褐足须蠓,,,,,,,no_image
55460,Pammene ginkgoicola,银杏超小卷蛾,,,,,,,no_image
113745,Panax quinquefolius,西洋参,,,,,,,no_image
55502,Pandoriana pandora,潘豹蛱蝶,,,,,,,no_image
79216,Pandaka bipunctata,双斑矮鰕虎,,,,,,,no_image
155485,Pandora brahminae,金龟虫疠霉,,,,,,,no_image
55488,Pandemis corylana,榛褐卷蛾,,,,,,,no_image
113768,Panicum elegantissimum,旱黍草,,,,,,,no_image
147518,Panellus vulpinus,复瓦扇菇,,,,,,,no_image
55517,Pangrapta pulverea,紫褐眉夜蛾,,,,,,,no_image
113788,Pankycodon purpureus,山南参,,,,,,,no_image
9633,Panonychus globosus,,,,,,,,no_image
151078,Panus similis,绒柄革耳,,,,,,,no_image
55547,Pantana bicolor,黄腹竹毒蛾,,,,,,,no_image
55589,Panzeria melanopyga,黑尾阳寄蝇,,,,,,,no_image
113828,Paphiopedilum hirsutissimum,带叶兜兰,,,,,,,no_image
55561,Pantilius tunicatus,直缘延额盲蝽,,,,,,,no_image
319,Paphia semirugata,半皱纹巴非蛤,,,,,,,no_image
113790,Panzerina lanata,绒毛脓疮草,,,,,,,no_image
55620,Papilio butlerianus,红肩美凤蝶,,,,,,,no_image
55673,Papilio syfanius,西番翠凤蝶,,,,,,,no_image
55679,Parabaculum laevigatum,光亮拟短肛䗛,,,,,,,no_image
113859,Papillidiopsis complanata,疣柄拟刺疣藓,,,,,,,no_image
113882,Paraboea myriantha,千花蛛毛苣苔,,,,,,,no_image
55688,Parablatticida terebrata,,,,,,,,no_image
79236,Parabothus coarctatus,短腹拟鲆,,,,,,,no_image
55690,Parabolitobius yezoensis,,,,,,,,no_image
79250,Paracaesio stonei,横带若梅鲷,,,,,,,no_image
55707,Paracarinata crocicrowna,黄冠拟脊额叶蝉,,,,,,,no_image
55721,Paracercion barbatum,挫齿尾蟌,,,,,,,no_image
55745,Paracladopelma bui,卜氏拟枝角摇蚊,,,,,,,no_image
55732,Parachironomus frequens,习见拟摇蚊,,,,,,,no_image
55780,Paraclius mecynus,伸弓脉长足虻,,,,,,,no_image
55823,Paracosmetura henanensis,河南副异饰肛螽,,,,,,,no_image
10079,Paracolopodacus camelliae,,,,,,,,no_image
55761,Paracletus cimiciformis,麦拟根蚜,,,,,,,no_image
55800,Paraclytus intermedius,,,,,,,,no_image
55852,Paradelphomyia crossospila,螺纹索大蚊,,,,,,,no_image
16947,Paradiscogaster arabi,阿拉伯类腹盘吸虫,,,,,,,no_image
55861,Paradichosia brachyphalla,短阳变丽蝇,,,,,,,no_image
55834,Paracyrta dentata,尖齿异弓背叶蝉,,,,,,,no_image
55892,Paradoxopsyllus integer,长指怪蚤,,,,,,,no_image
55925,Paraepepeotes szetschuanicus,,,,,,,,no_image
79263,Paradoxornis flavirostris,斑胸鸦雀,,,,,,,no_image
3680,Paragebicula edentata,无刺异蝼蛄虾,,,,,,,no_image
79274,Paragobiodon melanosomus,黑副叶鰕虎,,,,,,,no_image
55985,Paragonista fastigiata,长顶小戛蝗,,,,,,,no_image
155785,Paraglomus brasilianum,巴西类球囊霉,,,,,,,no_image
55998,Paragus haemorrhous,暗红小蚜蝇,,,,,,,no_image
56018,Paragusia multipunctata,多斑小蚜蜂麻蝇,,,,,,,no_image
56044,Parahypotermes ruiliensis,瑞丽壤白蚁,,,,,,,no_image
56026,Parahybos chaetoproctus,毛尾准驼舞虻,,,,,,,no_image
56054,Paralabella curvicauda,异姬苔螋,,,,,,,no_image
56073,Paralecanium quadratum,格扇蜡蚧,,,,,,,no_image
56079,Paraleprodera diophthalma,,,,,,,,no_image
56092,Paraleucophenga javana,爪哇扁腹果蝇,,,,,,,no_image
3478,Paralomis dofleini,多突仿石蟹,,,,,,,no_image
19230,Paralobella sabahna,,,,,,,,no_image
56108,Paralimna quadrifascia,四列沼刺水蝇,,,,,,,no_image
79326,Paramegophrys wulingensis,武陵掌突蟾,,,,,,,no_image
56147,Paramedetera elongata,长突直脉长足虻,,,,,,,no_image
79306,Paramegophrys laui,刘氏掌突蟾/香港掌突蟾,,,,,,,no_image
56170,Paramiridius tigrinus,虎斑棱缘盲蝽,,,,,,,no_image
56157,Paramesosella medioalba,,,,,,,,no_image
610,Paramunida scabra,粗糙仿刺铠虾,,,,,,,no_image
56187,Paranaspia reductipennis,,,,,,,,no_image
4746,Parametra orion,青足侧羽枝,,,,,,,no_image
56197,Paraneosybra fulvofasciata,,,,,,,,no_image
1580,Parapagurus richeri,瑞氏拟寄居蟹,,,,,,,no_image
56218,Paranticopsis phidias,尾纹凤蝶,,,,,,,no_image
79370,Parapercis maculata,中斑拟鲈,,,,,,,no_image
719,Parapenaeopsis venusta,维纳斯仿对虾,,,,,,,no_image
113972,Paraphlomis pagantha,奇异假糙苏,,,,,,,no_image
56240,Paraphaenocladius nasthecus,异色拟矩摇蚊,,,,,,,no_image
113945,Paraphlomis coronata,小叶假糙苏,,,,,,,no_image
3847,Paraphoxus oculatus,眼仿尖头钩虾,,,,,,,no_image
56256,Parapolytretus rugosus,,,,,,,,no_image
56259,Parapsestis argenteopicta,异波纹蛾,,,,,,,no_image
114003,Paraquilegia microphylla,拟耧斗菜,,,,,,,no_image
15890,Parariukiaria korolevi,,,,,,,,no_image
56302,Parasa grandis,大绿刺蛾,,,,,,,no_image
56322,Parasa pseudostia,肖漫绿刺蛾,,,,,,,no_image
56360,Parascela cribrata,粗刻似角胸肖叶甲,,,,,,,no_image
56340,Parasalpinia kojimai,,,,,,,,no_image
114020,Parasenecio chola,藏南蟹甲草,,,,,,,no_image
114042,Parasenecio lidjiangensis,丽江蟹甲草,,,,,,,no_image
56371,Parasiccia mokanshanensis,莫干斑苔蛾,,,,,,,no_image
56385,Parasipyloidea emeiensis,峨眉无齿股䗛,,,,,,,no_image
114066,Parasenecio taliensis,大理蟹甲草,,,,,,,no_image
11518,Parasteatoda tabulata,模板拟肥腹蛛,,,,,,,no_image
11586,Parasteatoda asiatica,亚洲拟肥腹蛛,,,,,,,no_image
56406,Parastrangalis denticulata,,,,,,,,no_image
56426,Parastrangalis potanini,,,,,,,,no_image
56437,Parasyrphus kirgizorum,黑角拟蚜蝇,,,,,,,no_image
114077,Parathelypteris borealis,狭脚金星蕨,,,,,,,no_image
56453,Paratendipes basilaristorus,基突间摇蚊,,,,,,,no_image
56469,Parathoracaphis setigera,粗毛副胸蚜,,,,,,,no_image
79424,Paratrypauchen microcephalus,小头副孔鰕虎,,,,,,,no_image
14033,Parbatthorax proiectus,突帕胸蛛,,,,,,,no_image
56485,Paratorna dorcas,湘褐环翅卷蛾,,,,,,,no_image
16455,Pardosa bifasciata,双带豹蛛,,,,,,,no_image
2032,Paravijaya apiculata,尖顶拟鞭长钩虾,,,,,,,no_image
16528,Pardosa paralapponica,拟拉普豹蛛,,,,,,,no_image
16301,Pardosa longionycha,长爪豹蛛,,,,,,,no_image
16391,Pardosa haupti,豪氏豹蛛,,,,,,,no_image
16329,Pardosa sibiniformis,矛状豹蛛,,,,,,,no_image
79446,Pareas formosensis,台湾钝头蛇,,,,,,,no_image
16338,Pardosa unciferodies,类钩豹蛛,,,,,,,no_image
56541,Parerigone nigrocauda,黑尾俏饰寄蝇,,,,,,,no_image
56527,Paregle densibarbata,密胡邻种蝇,,,,,,,no_image
3722,Parhyale barbicornis,胡须明钩虾,,,,,,,no_image
1796,Pareulepis malayana,马来缘刻鳞虫,,,,,,,no_image
56566,Pareutetrapha magnifica,,,,,,,,no_image
8393,Parioninella astridae,星状似旁鳃虱,,,,,,,no_image
136169,Parmelia conspersa,菊叶梅衣,,,,,,,no_image
114128,Paris polyandra,多蕊重楼,,,,,,,no_image
136189,Parmelia irrugans,黄果梅衣,,,,,,,no_image
114159,Parkinsonia aculeata,扁轴木,,,,,,,no_image
136229,Parmelia sinuosa,,,,,,,,no_image
136249,Parmelia tasmanica,,,,,,,,no_image
136209,Parmelia nanfongensis,,,,,,,,no_image
136267,Parmelinella wallichiana,小裂芽甲衣,,,,,,,no_image
136283,Parmotrema chinense,中华裸缘衣,,,,,,,no_image
136323,Parmotrema subtinctorium,亚大叶梅,,,,,,,no_image
136303,Parmotrema nilgherrense,尼尔山大叶梅,,,,,,,no_image
114175,Parnassia davidii,大卫梅花草,,,,,,,no_image
114229,Parnassia submysorensis,近凹瓣梅花草,,,,,,,no_image
114199,Parnassia longipetala,长瓣梅花草,,,,,,,no_image
56625,Parnassius ariadne,爱侣绢蝶,,,,,,,no_image
56701,Parnassius przewalskii,普氏绢蝶,,,,,,,no_image
56735,Parochthiphila trjapitzini,特里准斑腹蝇,,,,,,,no_image
56765,Parosmylus tibetanus,西藏近溪蛉,,,,,,,no_image
114261,Parthenocissus dalzielii,异叶地锦,,,,,,,no_image
56748,Paromalus tibetanus,西藏丽尾阎甲,,,,,,,no_image
79487,Parupeneus barberinoides,似条斑副绯鲤,,,,,,,no_image
56795,Parydra pacifica,黄胫滨水蝇,,,,,,,no_image
79505,Parus minor,大山雀,,,,,,,no_image
132772,Passalora eitenii,,,,,,,,no_image
114287,Paspalum plicatulum,皱稃雀稗,,,,,,,no_image
132792,Passalora sequoiae,,,,,,,,no_image
114303,Passiflora edulis,鸡蛋果,,,,,,,no_image
56800,Patanga apicerca,尖须黄脊蝗,,,,,,,no_image
140646,Patella theleboloides,,,,,,,,no_image
6369,Patinopecten yessoensis,虾夷盘扇贝,,,,,,,no_image
12742,Patu xiaoxiao,小小帕图蛛,,,,,,,no_image
149494,Paxillus rhodoxanthus,红黄褶孔菌,,,,,,,no_image
114352,Pavieasia kwangsiensis,广西檀栗,,,,,,,no_image
56824,Pazala tamerlana,乌克兰剑凤蝶,,,,,,,no_image
56830,Pectiniseta pectinata,突额栉芒秽蝇,,,,,,,no_image
114379,Pedicularis anomala,奇异马先蒿,,,,,,,no_image
114409,Pedicularis cephalantha,头花马先蒿,,,,,,,no_image
114472,Pedicularis decorissima,极丽马先蒿,,,,,,,no_image
114438,Pedicularis corymbifera,伞房马先蒿,,,,,,,no_image
114497,Pedicularis elliotii,柔茎马先蒿,,,,,,,no_image
114555,Pedicularis hirtella,粗毛马先蒿,,,,,,,no_image
114524,Pedicularis gagnepainiana,黔西马先蒿,,,,,,,no_image
114636,Pedicularis mandshurica,鸡冠子花,,,,,,,no_image
114581,Pedicularis kiangsiensis,江西马先蒿,,,,,,,no_image
114605,Pedicularis likiangensis,丽江马先蒿,,,,,,,no_image
114658,Pedicularis moupinensis,穆坪马先蒿,,,,,,,no_image
114723,Pedicularis potaninii,少裂马先蒿,,,,,,,no_image
114691,Pedicularis omiiana,峨眉马先蒿,,,,,,,no_image
114791,Pedicularis rudis,粗野马先蒿,,,,,,,no_image
114819,Pedicularis sparsiflora,散花马先蒿,,,,,,,no_image
114752,Pedicularis recurva,反曲马先蒿,,,,,,,no_image
114850,Pedicularis tamurensis,陈塘马先蒿,,,,,,,no_image
114900,Pedicularis wallichii,短喙马先蒿,,,,,,,no_image
56837,Pediobius bisulcatus,双沟柄腹姬小蜂,,,,,,,no_image
114875,Pedicularis trichoglossa,毛盔马先蒿,,,,,,,no_image
56856,Pedopodisma funiushana,伏牛山小蹦蝗,,,,,,,no_image
56904,Pegomya exilis,藜泉蝇,,,,,,,no_image
56924,Pegomya lurida,灰黄泉蝇,,,,,,,no_image
114921,Peganum nigellastrum,骆驼蒿,,,,,,,no_image
56884,Pegomya biniprojiciens,双突泉蝇,,,,,,,no_image
56944,Pegomya pachura,厚尾泉蝇,,,,,,,no_image
56964,Pegomya subapicalis,亚端泉蝇,,,,,,,no_image
57002,Pelagodes sinuspinae,钩海绿尺蛾,,,,,,,no_image
56984,Pegoplata linotaenia,丁斑须泉蝇,,,,,,,no_image
57053,Pelioptera shaanxiensis,,,,,,,,no_image
79549,Pelecanus philippensis,斑嘴鹈鹕,,,,,,,no_image
57015,Peleteria fuscata,褐色长须寄蝇,,,,,,,no_image
114954,Peliosanthes pseudoreflexa,拟卷瓣球子草,,,,,,,no_image
57035,Peleteria trifurca,三叉长须寄蝇,,,,,,,no_image
57071,Pella schillhammeri,,,,,,,,no_image
149673,Pellicularia rolfsii,罗尔薄膜革菌,,,,,,,no_image
79560,Pelochelys cantorii,鼋,,,,,,,no_image
114988,Pellionia mollissima,柔毛赤车,,,,,,,no_image
137283,Peltigera didactyla,分指地卷,,,,,,,no_image
115004,Peltolepis japonica,日本月鳞苔,,,,,,,no_image
79575,Pelophylax terentievi,中亚侧褶蛙,,,,,,,no_image
57094,Pelosia angust,小泥苔蛾,,,,,,,no_image
137303,Peltigera polydactyloides,厚多指地卷,,,,,,,no_image
139456,Peltula zabolotnoji,匝氏盾衣,,,,,,,no_image
57134,Penicillidia indica,印度笔蛛蝇,,,,,,,no_image
57119,Pemphigus protospirae,早螺瘿绵蚜,,,,,,,no_image
134477,Penicillium commune,,,,,,,,no_image
134497,Penicillium griseoatrum,,,,,,,,no_image
134517,Penicillium montanense,,,,,,,,no_image
134537,Penicillium rubens,,,,,,,,no_image
2372,Pentaceraster alveolatus,疣海星,,,,,,,no_image
152078,Peniophora taiwanensis,台湾隔孢伏革菌,,,,,,,no_image
10676,Pennatula phosphorea,磷海鳃,,,,,,,no_image
152058,Peniophora albobadia,白褐隔孢伏革菌,,,,,,,no_image
57147,Pentelicus similis,,,,,,,,no_image
115031,Pentaphragma sinense,五膜草,,,,,,,no_image
57169,Penthetria yunnanica,云南叉毛蚊,,,,,,,no_image
79606,Percocypris tchangi,张氏鲈鲤,,,,,,,no_image
9254,Pergalumna akitaensis,秋田全大翼甲螨,,,,,,,no_image
79598,Peponocephala electra,瓜头鲸,,,,,,,no_image
151613,Perenniporia fraxinophila,白蜡多年卧孔菌,,,,,,,no_image
57192,Periaeschna mira,奇异佩蜓,,,,,,,no_image
115054,Pericallis ×,瓜叶菊,,,,,,,no_image
5029,Periclimenaeus stylirostris,细角小岩虾,,,,,,,no_image
5078,Periclimenes sinensis,中华岩虾,,,,,,,no_image
57233,Peridea elzet,厄内斑舟蛾,,,,,,,no_image
143273,Periconia lateralis,,,,,,,,no_image
153186,Peridermium pini-densiflorae,,,,,,,,no_image
57263,Periergos orpheus,琴纡舟蛾,,,,,,,no_image
57278,Perigymnosoma globulum,球围寄蝇,,,,,,,no_image
57289,Perinaenia accipiter,闩夜蛾,,,,,,,no_image
2793,Perioculodes meridichinensis,中国周眼钩虾,,,,,,,no_image
57305,Perissandria argillacea,罕夜蛾,,,,,,,no_image
784,Periploma multigranosum,多粒短吻蛤,,,,,,,no_image
57328,Perissus divinus,,,,,,,,no_image
57348,Perissus rayus,,,,,,,,no_image
57365,Peristenus spretus,红颈常室茧蜂,,,,,,,no_image
115098,Peristylus fasciculatus,宿茎阔蕊兰,,,,,,,no_image
115115,Perotis rara,大花茅根,,,,,,,no_image
57400,Perkinsiella sinensis,中华扁角飞虱,,,,,,,no_image
57375,Perizoma albofasciata,白带周尺蛾,,,,,,,no_image
57418,Perlomyia angulata,角状皮(虫责),,,,,,,no_image
115123,Persicaria barbata,毛蓼,,,,,,,no_image
115147,Persicaria jucunda,愉悦蓼,,,,,,,no_image
115174,Persicaria pilushanensis,毕禄山蓼,,,,,,,no_image
115200,Persicaria viscosa,香蓼,,,,,,,no_image
137448,Pertusaria copiosa,丰鸡皮衣,,,,,,,no_image
137468,Pertusaria monogona,四川鸡皮衣,,,,,,,no_image
137488,Pertusaria scaberula,,,,,,,,no_image
137508,Pertusaria wulingensis,武陵鸡皮衣,,,,,,,no_image
115223,Pertya scandens,长花帚菊,,,,,,,no_image
141074,Pestalotiopsis besseyi,,,,,,,,no_image
141054,Pestalotia guepinii,,,,,,,,no_image
141094,Pestalotiopsis conigena,,,,,,,,no_image
141174,Pestalotiopsis sphaerelloides,,,,,,,,no_image
141134,Pestalotiopsis maculans,,,,,,,,no_image
141114,Pestalotiopsis guepinii,,,,,,,,no_image
141154,Pestalotiopsis paeoniicola,,,,,,,,no_image
4082,Petalomera granulata,颗粒板蟹,,,,,,,no_image
57437,Peteina erinaceus,刺拍寄蝇,,,,,,,no_image
115251,Petrocodon fangianus,方鼎苣苔,,,,,,,no_image
9601,Petrobia harti,,,,,,,,no_image
115271,Petrocodon luteoflorus,小黄花石山苣苔,,,,,,,no_image
115335,Petrocosmea miechangensis,篾厂石蝴蝶,,,,,,,no_image
115291,Petrocodon villosus,长毛石山苣苔,,,,,,,no_image
115312,Petrocosmea forrestii,大理石蝴蝶,,,,,,,no_image
2912,Petrolisthes heterochrous,异色岩瓷蟹,,,,,,,no_image
115359,Petrocosmea tsaii,蔡氏石蝴蝶,,,,,,,no_image
57449,Petrorossia sceliphronina,蓬越蜂虻,,,,,,,no_image
115380,Peucedanum chinense,林地前胡,,,,,,,no_image
115405,Peucedanum veitchii,华西前胡,,,,,,,no_image
57463,Pexopsis flavipsis,黄足梳寄蝇,,,,,,,no_image
135068,Peyritschiella formosana,,,,,,,,no_image
137868,Pezicula phyllophila,,,,,,,,no_image
140008,Peziza alni,,,,,,,,no_image
140028,Peziza aurea,,,,,,,,no_image
140068,Peziza cinerea,,,,,,,,no_image
140048,Peziza campylospora,,,,,,,,no_image
140128,Peziza granulata,,,,,,,,no_image
140108,Peziza epiphylla,,,,,,,,no_image
140148,Peziza inflatula,,,,,,,,no_image
140088,Peziza craterium,,,,,,,,no_image
140188,Peziza onotica,,,,,,,,no_image
140228,Peziza sclerogena,,,,,,,,no_image
140168,Peziza melastoma,,,,,,,,no_image
140208,Peziza psittacina,,,,,,,,no_image
140248,Peziza stipitata,,,,,,,,no_image
140288,Peziza vulgaris,,,,,,,,no_image
140268,Peziza tuberosa,,,,,,,,no_image
115421,Phacelurus latifolius,束尾草,,,,,,,no_image
57503,Phaedon insolitus,异猿叶甲,,,,,,,no_image
13132,Phaeacius malayensis,马来昏蛛,,,,,,,no_image
57523,Phaenoserphus brevipetiolatus,短柄光胸细蜂,,,,,,,no_image
57543,Phaenoserphus tenuicornis,瘦角光胸细蜂,,,,,,,no_image
115431,Phaeoceros subalpinus,亚高山黄角苔,,,,,,,no_image
145992,Phaeogalera medullosa,,,,,,,,no_image
149396,Phaeogyroporus tropicus,,,,,,,,no_image
136999,Phaeographis gracilenta,细黑文衣,,,,,,,no_image
135320,Phaeophyscia insignis,,,,,,,,no_image
57551,Phaeosoma griseicolle,灰暗斑蝇,,,,,,,no_image
115437,Phaius hekouensis,河口鹤顶兰,,,,,,,no_image
153316,Phakopsora fici-erectae,天仙果层锈菌,,,,,,,no_image
140291,Phaeopezia atrospora,,,,,,,,no_image
115468,Phalaenopsis tsii,吉氏萼脊兰,,,,,,,no_image
153336,Phakopsora zizyphi-vulgaris,枣层锈,,,,,,,no_image
57567,Phalacrotophora quadrimaculata,四斑伐蚤蝇,,,,,,,no_image
57572,Phalera albizziae,白斑掌舟蛾,,,,,,,no_image
57621,Phalga sinuosa,波尾夜蛾,,,,,,,no_image
57598,Phalera obscura,昏掌舟蛾,,,,,,,no_image
150796,Phallus conicus,,,,,,,,no_image
150816,Phallus multicolor,黄裙竹荪,,,,,,,no_image
57631,Phalonidia dysodona,半带褐纹卷蛾,,,,,,,no_image
115483,Phanera carcinophylla,蟹钳叶火索藤,,,,,,,no_image
115507,Phanera ornata,缅甸火索藤,,,,,,,no_image
151098,Phanerochaete martelliana,玛梯里原毛平革菌,,,,,,,no_image
57657,Phaneroserphus carinatus,竖脊脊额细蜂,,,,,,,no_image
6122,Phanoderma cocksi,库氏光皮线虫,,,,,,,no_image
57713,Phaonia biauriculata,双耳棘蝇,,,,,,,no_image
57774,Phaonia fanjingshana,梵净山棘蝇,,,,,,,no_image
57754,Phaonia debiliaureola,残金棘蝇,,,,,,,no_image
57733,Phaonia chuanxiensis,川西棘蝇,,,,,,,no_image
57693,Phaonia argentifrons,银额棘蝇,,,,,,,no_image
57794,Phaonia fusciapicalis,褐端棘蝇,,,,,,,no_image
57814,Phaonia heilongshanensis,黑龙山棘蝇,,,,,,,no_image
57836,Phaonia jilinensis,吉林棘蝇,,,,,,,no_image
57876,Phaonia luteovittata,黄腰棘蝇,,,,,,,no_image
57856,Phaonia latilamella,宽板棘蝇,,,,,,,no_image
57896,Phaonia mimoaureola,拟金棘蝇,,,,,,,no_image
57917,Phaonia nigribasalis,黑基棘蝇,,,,,,,no_image
57937,Phaonia nudiseta,裸鬃棘蝇,,,,,,,no_image
57977,Phaonia reniformis,肾叶棘蝇,,,,,,,no_image
57997,Phaonia sichuanna,蜀棘蝇,,,,,,,no_image
57957,Phaonia pilipes,毛足棘蝇,,,,,,,no_image
58017,Phaonia subfuscibasicosta,亚棕鳞棘蝇,,,,,,,no_image
58037,Phaonia subscutellata,肖盾棘蝇,,,,,,,no_image
58058,Phaonia trisetiacerba,三鬃酸棘蝇,,,,,,,no_image
58098,Phaonia zhougongshana,周公山棘蝇,,,,,,,no_image
58078,Phaonia xiangningensis,乡宁棘蝇,,,,,,,no_image
58129,Phassus excrescens,柳蝙蛾,,,,,,,no_image
58111,Phasia hemiptera,半球突颜寄蝇,,,,,,,no_image
8274,Phascolosoma formosense,台湾革囊星虫,,,,,,,no_image
58146,Phebellia clavellariae,叶蜂菲寄蝇,,,,,,,no_image
115536,Phegopteris taiwaniana,台湾卵果蕨,,,,,,,no_image
150375,Phellinus cinchonensis,,,,,,,,no_image
150355,Phellinidium rufitinctum,,,,,,,,no_image
150415,Phellinus longisetulosus,,,,,,,,no_image
150395,Phellinus gilvus,淡黄木层孔菌,,,,,,,no_image
150435,Phellinus pectinatus,,,,,,,,no_image
150455,Phellinus scleropileatus,硬盖针层孔,,,,,,,no_image
58175,Pheosiopsis alboaccentuata,心白夙舟蛾,,,,,,,no_image
150475,Phellinus xeranticus,褐黄层孔菌,,,,,,,no_image
58161,Phenacoccus pergandei,柿绵粉蚧,,,,,,,no_image
58222,Pherbina testacea,有壳缘鬃沼蝇,,,,,,,no_image
58202,Pheosiopsis ronbrechlini,荣夙舟蛾,,,,,,,no_image
134310,Phialophora geniculata,,,,,,,,no_image
4187,Philbertia euzonata,美束菲螺,,,,,,,no_image
115565,Philadelphus laxiflorus,疏花山梅花,,,,,,,no_image
115591,Philodendron tripartitum,三裂喜林芋,,,,,,,no_image
140817,Phillipsia carnicolor,肉色歪盘菌,,,,,,,no_image
4244,Philbertia tippetti,苔氏菲螺,,,,,,,no_image
12550,Philodromus emarginatus,凹缘逍遥蛛,,,,,,,no_image
115609,Philonotis turneriana,东亚泽藓,,,,,,,no_image
58248,Philonicus albiceps,白齿铗食虫虻,,,,,,,no_image
58290,Philonthus flavipes,,,,,,,,no_image
58269,Philonthus convalescens,,,,,,,,no_image
58330,Philonthus numata,,,,,,,,no_image
58310,Philonthus latiusculus,,,,,,,,no_image
58351,Philonthus simpliciventris,,,,,,,,no_image
58373,Philonthus zhangi,,,,,,,,no_image
58393,Philophylla setigera,黄足叶实蝇,,,,,,,no_image
13245,Phintella levii,列维金蝉蛛,,,,,,,no_image
58405,Philosindia longicornis,,,,,,,,no_image
2568,Philyra malefactrix,果拳蟹,,,,,,,no_image
58442,Phlebotomus stantoni,施氏白蛉,,,,,,,no_image
58420,Phlaeoba angustidorsis,短翅佛蝗,,,,,,,no_image
151061,Phlebia tremellosa,胶质射脉菌,,,,,,,no_image
115628,Phlegmariurus pulcherrimus,美丽马尾杉,,,,,,,no_image
115666,Phlomoides dentosa,尖齿糙苏,,,,,,,no_image
58448,Phloeopora teres,,,,,,,,no_image
115688,Phlomoides medicinalis,萝卜秦艽,,,,,,,no_image
58452,Phlogophora costalis,竺衫夜蛾,,,,,,,no_image
115712,Phlomoides szechuanensis,柴续断,,,,,,,no_image
58462,Phobeticomyia digitiformis,指形凸颜缟蝇,,,,,,,no_image
115738,Phoebe chekiangensis,浙江楠,,,,,,,no_image
115762,Phoebe neuranthoides,光枝楠,,,,,,,no_image
15159,Pholcus beijingensis,北京幽灵蛛,,,,,,,no_image
79755,Phoenicurus phoenicurus,欧亚红尾鸲,,,,,,,no_image
15153,Pholcus foliaceus,叶状幽灵蛛,,,,,,,no_image
15176,Pholcus jiuwei,久伟幽灵蛛,,,,,,,no_image
15230,Pholcus mengla,勐腊幽灵蛛,,,,,,,no_image
15007,Pholcus saaristoi,萨氏幽灵蛛,,,,,,,no_image
15010,Pholcus wangi,王氏幽灵蛛,,,,,,,no_image
148265,Pholiota confragosa,粗糙鳞伞,,,,,,,no_image
15060,Pholcus zhongdongensis,中洞幽灵蛛,,,,,,,no_image
148245,Pholiota abietis,冷杉鳞伞,,,,,,,no_image
148305,Pholiota lutescens,变土黄鳞伞暗色变种,,,,,,,no_image
148325,Pholiota pseudosiparia,暗黄鳞伞,,,,,,,no_image
148285,Pholiota fusa,,,,,,,,no_image
148345,Pholiota sublutea,近乳白鳞伞,,,,,,,no_image
133607,Phoma adonidicola,,,,,,,,no_image
133647,Phoma sterculiae,,,,,,,,no_image
141416,Phomopsis juniperovora,,,,,,,,no_image
133627,Phoma leguminum,,,,,,,,no_image
141376,Phomopsis bauhiniae,,,,,,,,no_image
141396,Phomopsis dysoxyli,,,,,,,,no_image
141436,Phomopsis osmanthi,,,,,,,,no_image
141456,Phomopsis schefflerae,,,,,,,,no_image
58474,Phonomyia atypica,鹊声寄蝇,,,,,,,no_image
622,Phoronis mülleri,缪氏帚虫,,,,,,,no_image
58494,Phorbia asiatica,亚洲草种绳,,,,,,,no_image
58515,Phorbia simplisternita,简腹草种蝇,,,,,,,no_image
58583,Phortica longipenis,长茎伏果蝇,,,,,,,no_image
58535,Phorocera grandis,锥肛蜉寄蝇,,,,,,,no_image
58563,Phortica foliisetoides,似叶伏果蝇,,,,,,,no_image
58603,Phortica qingsongi,青松伏果蝇,,,,,,,no_image
58623,Phorticella nullistriata,无条条果蝇,,,,,,,no_image
115814,Photinia lanuginosa,绵毛石楠,,,,,,,no_image
6263,Photis zhujiangensis,珠江亮钩虾,,,,,,,no_image
58644,Photoscotosia dipegaea,坚幅尺蛾,,,,,,,no_image
58667,Photoscotosia penguionaria,黎幅尺蛾,,,,,,,no_image
153392,Phragmidium disciflorum,,,,,,,,no_image
79768,Phoxinus phoxinus,,,,,,,,no_image
141501,Phragmodiaporthe padi,,,,,,,,no_image
153432,Phragmidium sikangense,西康多胞锈菌,,,,,,,no_image
58703,Phraortes gibba,囊突皮䗛,,,,,,,no_image
153412,Phragmidium papillatum,乳突多胞锈菌,,,,,,,no_image
58723,Phraortes stomphax,双角皮䗛,,,,,,,no_image
58743,Phratora multipunctata,多点弗叶甲,,,,,,,no_image
58760,Phronia anjiana,安吉巧菌蚊,,,,,,,no_image
58780,Phrosia albilabris,白毛长角粪蝇,,,,,,,no_image
14746,Phrynarachne brevis,短瘤蟹蛛,,,,,,,no_image
79793,Phrynoglossus martensii,圆舌浮蛙/圆蟾舌蛙,,,,,,,no_image
58799,Phryno yichengica,宜城芙寄蝇,,,,,,,no_image
58811,Phthiridium hindlei,后冠虱蛛蝇,,,,,,,no_image
58832,Phumosia hunanensis,湖南阜蝇,,,,,,,no_image
11453,Phycosoma nigromaculatum,黑斑藻蛛,,,,,,,no_image
144307,Phyllachora ehrhartae,,,,,,,,no_image
144287,Phyllachora bambusina,,,,,,,,no_image
144327,Phyllachora japonica,,,,,,,,no_image
144367,Phyllachora shiraiana,,,,,,,,no_image
144347,Phyllachora orbicula,,,,,,,,no_image
138121,Phyllactinia lianyungangensis,,,,,,,,no_image
138101,Phyllactinia alni,,,,,,,,no_image
58839,Phylladothrips pictus,异色叶管蓟马,,,,,,,no_image
115904,Phyllanthus rheophyticus,水油甘,,,,,,,no_image
115880,Phyllanthus amarus,苦味叶下珠,,,,,,,no_image
10119,Phyllocoptes adinae,,,,,,,,no_image
10580,Phyllocoptes machilus,,,,,,,,no_image
10282,Phyllocoptes taihuaiensis,,,,,,,,no_image
10153,Phyllocoptruta spiraeanis,,,,,,,,no_image
115942,Phyllolobium turgidocarpum,膨果蔓黄芪,,,,,,,no_image
115922,Phyllolobium camptodontum,弯齿蔓黄芪,,,,,,,no_image
115916,Phyllodoce caerulea,松毛翠,,,,,,,no_image
149210,Phylloporus arenicola,,,,,,,,no_image
58878,Phyllomyza claviconis,锤角真叶蝇,,,,,,,no_image
58895,Phyllophila obliterata,姫夜蛾,,,,,,,no_image
136523,Phyllopsora buettneri,布特氏树痂衣,,,,,,,no_image
79819,Phylloscopus examinandus,堪察加柳莺,,,,,,,no_image
79853,Phylloscopus proregulus,黄腰柳莺,,,,,,,no_image
115963,Phyllostachys flexuosa,曲竿竹,,,,,,,no_image
58896,Phyllosphingia dissimilis,,,,,,,,no_image
115990,Phyllostachys nuda,灰竹,,,,,,,no_image
116012,Phyllostachys virella,东阳青皮竹,,,,,,,no_image
131884,Phyllosticta araliae,,,,,,,,no_image
131904,Phyllosticta caraganae,,,,,,,,no_image
131924,Phyllosticta concava,,,,,,,,no_image
131964,Phyllosticta ghaesembillae,,,,,,,,no_image
131944,Phyllosticta dimocarpi,,,,,,,,no_image
131984,Phyllosticta kuwaecola,,,,,,,,no_image
132004,Phyllosticta menthae,,,,,,,,no_image
132024,Phyllosticta palmicola,,,,,,,,no_image
132044,Phyllosticta psidii,,,,,,,,no_image
132084,Phyllosticta vogelii,,,,,,,,no_image
132064,Phyllosticta smilacina,,,,,,,,no_image
58908,Phymatodes hauseri,,,,,,,,no_image
58923,Phymatura chinensis,,,,,,,,no_image
116030,Physalis angulata,苦蘵,,,,,,,no_image
135337,Physcia clementei,珊瑚芽蜈蚣衣,,,,,,,no_image
135357,Physcia stellaris,蜈蚣衣,,,,,,,no_image
79884,Physeter macrocephalus,抹香鲸,,,,,,,no_image
135367,Physconia detersa,变色大孢衣,,,,,,,no_image
137158,Physma byrsinum,皮胶囊衣,,,,,,,no_image
8076,Physogyra lichtensteini,李氏泡纹珊瑚,,,,,,,no_image
116059,Physospermopsis cuneata,楔叶滇芎,,,,,,,no_image
58959,Physocephala pusilla,徽叉芒眼蝇,,,,,,,no_image
59000,Phytocoris nowickyi,诺植盲蝽,,,,,,,no_image
58980,Phytocoris exohataensis,角斑植盲蝽,,,,,,,no_image
59037,Phytomia errans,裸芒宽盾蚜蝇,,,,,,,no_image
59020,Phytoecia cylaindrica,,,,,,,,no_image
59057,Phytomyza tamui,黄连植潜蝇,,,,,,,no_image
59074,Phytosciara fanjingana,梵净植眼蕈蚊,,,,,,,no_image
79911,Picoides tridactylus,三趾啄木鸟,,,,,,,no_image
116084,Picea crassifolia,青海云杉,,,,,,,no_image
59103,Pidonia balteata,,,,,,,,no_image
79934,Picus squamatus,鳞腹绿啄木鸟,,,,,,,no_image
59123,Pidonia exilis,小驼花天牛,,,,,,,no_image
59143,Pidonia luna,,,,,,,,no_image
59212,Pieris kozlovi,库茨粉蝶,,,,,,,no_image
156012,Pilaira praeampla,,,,,,,,no_image
59163,Pidonia pilushana,,,,,,,,no_image
59183,Pidonia takakuwai,,,,,,,,no_image
116147,Pilea cavernicola,岩洞冷水花,,,,,,,no_image
116174,Pilea lageensis,拉格冷水花,,,,,,,no_image
116197,Pilea multicellularis,串珠毛冷水花,,,,,,,no_image
116224,Pilea rubriflora,红花冷水花,,,,,,,no_image
156025,Pilobolus crystallinus,晶澈水玉霉,,,,,,,no_image
116246,Pilea wightii,生根冷水花,,,,,,,no_image
168,Pilodius pilumnoides,毛刺毛壳蟹,,,,,,,no_image
2357,Pilumnus chani,陈氏毛刺蟹,,,,,,,no_image
12055,Pimoa cona,错那派模蛛,,,,,,,no_image
116264,Pimpinella chungdienensis,中甸茴芹,,,,,,,no_image
116309,Pinalia obvia,长苞苹兰,,,,,,,no_image
116289,Pimpinella rockii,丽江茴芹,,,,,,,no_image
11300,Pinelema cucurbitina,葫芦平莱蛛,,,,,,,no_image
11308,Pinelema spinafemora,刺腿平莱蛛,,,,,,,no_image
4467,Pinctada albina,白珠母贝,,,,,,,no_image
116329,Pinellia pedatisecta,虎掌,,,,,,,no_image
116366,Pinus henryi,巴山松,,,,,,,no_image
79938,Pinicola enucleator,松雀,,,,,,,no_image
59268,Pinophilus lini,,,,,,,,no_image
4612,Pinnotheres dilatus,宽豆蟹,,,,,,,no_image
116392,Pinus strobus,北美乔松,,,,,,,no_image
116415,Piper attenuatum,卵叶胡椒,,,,,,,no_image
116441,Piper jianfenglingense,尖峰岭胡椒,,,,,,,no_image
59281,Pipiza flavimaculata,黄斑缩颜蚜蝇,,,,,,,no_image
116461,Piper pleiocarpum,线梗胡椒,,,,,,,no_image
16448,Pirata catindigae,卡丁水狼蛛,,,,,,,no_image
116485,Piper tsangyuanense,粗穗胡椒,,,,,,,no_image
116503,Piptatherum grandispiculum,大穗落芒草,,,,,,,no_image
149522,Pisolithus albus,白豆马勃,,,,,,,no_image
12146,Pireneitega yaoi,姚氏拟隙蛛,,,,,,,no_image
12274,Pireneitega burqinensis,布尔津拟隙蛛,,,,,,,no_image
14852,Pistius undulatus,波状截腹蛛,,,,,,,no_image
59303,Pithauria murdava,琵弄蝶,,,,,,,no_image
133364,Pithomyces funiculosa,,,,,,,,no_image
116525,Pittosporopsis kerrii,假海桐,,,,,,,no_image
116561,Pittosporum merrillianum,滇越海桐,,,,,,,no_image
116592,Pittosporum tenuivalvatum,薄片海桐,,,,,,,no_image
151633,Placodes applanatus,,,,,,,,no_image
59324,Placusa longipennis,,,,,,,,no_image
116648,Plagiochila fruticosa,羽枝羽苔,,,,,,,no_image
116625,Plagiochila carringtonii,加氏羽苔,,,,,,,no_image
116605,Plagiobryum demissum,尖叶平蒴藓,,,,,,,no_image
116668,Plagiochila obtusa,钝叶羽苔,,,,,,,no_image
116702,Plagiogyria adnata,瘤足蕨,,,,,,,no_image
116718,Plagiomnium japonicum,日本匐灯藓,,,,,,,no_image
79960,Plagiopholis acuta,湖南颈斑蛇,,,,,,,no_image
116688,Plagiochila sichuanensis,四川羽苔,,,,,,,no_image
17175,Plagiorchis koreanus,朝鲜斜睾吸虫,,,,,,,no_image
141489,Plagiostoma devexum,,,,,,,,no_image
79967,Plagiotremus laudandus,云雀短带鳚,,,,,,,no_image
59388,Planococcoides macarangae,血桐牦粉蚧,,,,,,,no_image
629,Plagusia speciosa,华丽斜纹蟹,,,,,,,no_image
116796,Plantago salsa,盐生车前,,,,,,,no_image
116814,Platanthera densa,多叶舌唇兰,,,,,,,no_image
59407,Planotetrastichus scolyti,小蠹扁体啮小蜂,,,,,,,no_image
59424,Plastus tonkinensis,,,,,,,,no_image
116834,Platanthera linzhiensis,林芝舌唇兰,,,,,,,no_image
116857,Platanthera souliei,蜻蜓兰,,,,,,,no_image
116873,Platea parvifolia,东方肖榄,,,,,,,no_image
79979,Platybelone argalus,,,,,,,,no_image
13643,Plator bowo,波密扁蛛,,,,,,,no_image
12125,Platocoelotes brevis,短宽隙蛛,,,,,,,no_image
116888,Platycodon grandiflorus,桔梗,,,,,,,no_image
59454,Platycephala xui,许氏宽头秆蝇,,,,,,,no_image
59470,Platycheirus immarginatus,无缘宽跗蚜蝇,,,,,,,no_image
59508,Platycorynus micans,绿泽扁角肖叶甲,,,,,,,no_image
59528,Platydracus becquarti,,,,,,,,no_image
1471,Platylepas ophiophila,海蛇扁藤壶,,,,,,,no_image
59550,Platydracus reitterianus,,,,,,,,no_image
7312,Platygyra daedalea,精巧扁脑珊瑚,,,,,,,no_image
59609,Platypalpus dalongtanus,大龙潭平须舞虻,,,,,,,no_image
59589,Platypalpus acuminatus,侧突平须舞虻,,,,,,,no_image
59584,Platylomalus tonkinensis,东京湾平阎甲,,,,,,,no_image
59630,Platypalpus neixiangensis,内乡平须舞虻,,,,,,,no_image
17598,Platypetasus zenonis,齐纳平瓣蜗牛,,,,,,,no_image
59691,Platystethus spectabilis,,,,,,,,no_image
59673,Platysoma gemellun,重方阎甲,,,,,,,no_image
59659,Platypria paracanthion,短刺掌铁甲,,,,,,,no_image
59705,Plebejus argus,豆灰蝶,,,,,,,no_image
80002,Plectorhinchus chaetodonoides,斑胡椒鲷,,,,,,,no_image
59717,Plecia gressitti,格氏襀毛蚊,,,,,,,no_image
80000,Plecotus taivanus,台湾长耳蝠,,,,,,,no_image
80037,Plectroglyphidodon phoenixensis,凤凰椒雀鲷,,,,,,,no_image
116919,Pleioblastus incarnatus,绿苦竹,,,,,,,no_image
80017,Plectranthias japonicus,日本棘花鮨,,,,,,,no_image
116944,Pleione autumnalis,长颈独蒜兰,,,,,,,no_image
1547,Pleistacantha cervicornis,突颚密刺蟹,,,,,,,no_image
134105,Pleospora obtusispora,,,,,,,,no_image
80053,Plesiops verecundus,羞鮗,,,,,,,no_image
138835,Pleuroascus nicholsonii,,,,,,,,no_image
144387,Pleurothecium pulneyense,,,,,,,,no_image
17211,Pleurogenoides stomi,斯氏拟侧殖吸虫,,,,,,,no_image
116980,Pleurosoriopsis makinoi,睫毛蕨,,,,,,,no_image
147830,Pleurotus columbinus,鸽形侧耳,,,,,,,no_image
147850,Pleurotus limpidus,温和侧耳,,,,,,,no_image
147870,Pleurotus rhodophyllus,桃红平菇,,,,,,,no_image
12915,Plexippoides cornutus,角拟蝇虎蛛,,,,,,,no_image
12968,Plexippus petersi,沟渠蝇虎,,,,,,,no_image
59753,Pliomelaena assimilis,黑腹缘斑实蝇,,,,,,,no_image
8210,Plumularia habereri,赫氏羽螅,,,,,,,no_image
6187,Plotohelmis alata,翼突泳蚕,,,,,,,no_image
59767,Plusiodonta coelonota,肖金夜蛾,,,,,,,no_image
147921,Pluteus petasatus,帽盖光柄菇,,,,,,,no_image
147901,Pluteus fayodii,,,,,,,,no_image
117083,Poa imperialis,茁壮早熟禾,,,,,,,no_image
80081,Pluvialis fulva,金鸻,,,,,,,no_image
117049,Poa binodis,双节早熟禾,,,,,,,no_image
117151,Poa tenuicula,细秆早熟禾,,,,,,,no_image
117111,Poa polycolea,多鞘早熟禾,,,,,,,no_image
117183,Podochilus khasianus,柄唇兰,,,,,,,no_image
7621,Podabacia crustacea,壳形足柄珊瑚,,,,,,,no_image
59785,Podismopsis ussuriensis,乌苏里跃度蝗,,,,,,,no_image
138162,Podosphaera sparsa,,,,,,,,no_image
59788,Podothrips lucasseni,卢卡斯肢管蓟马,,,,,,,no_image
9474,Podosmaridia longipes,,,,,,,,no_image
59801,Poecilosomella cryptica,幽星小粪蝇,,,,,,,no_image
80114,Poecile weigoldicus,四川褐头山雀,,,,,,,no_image
80119,Pogobrama barbatula,须鳊,,,,,,,no_image
117208,Pogonatum spinulosum,苞叶小金发藓,,,,,,,no_image
117216,Pogostemon auricularius,水珍珠菜,,,,,,,no_image
117260,Pohlia hyaloperistoma,明齿丝瓜藓,,,,,,,no_image
117238,Pogostemon pentagonus,五棱水蜡烛,,,,,,,no_image
117280,Poikilospermum suaveolens,锥头麻,,,,,,,no_image
59841,Polia mortua,冥灰夜蛾,,,,,,,no_image
5683,Polinices aurantius,桔色乳玉螺,,,,,,,no_image
59869,Pollenia huangshanensis,黄山粉蝇,,,,,,,no_image
80121,Pollichthys mauli,莫氏轴光鱼,,,,,,,no_image
59889,Polleniopsis mongolica,蒙古拟粉蝇,,,,,,,no_image
134771,Polyblastia kansuensis,甘肃多囊衣,,,,,,,no_image
6206,Polychelidae aculeatus,锐甲多螯虾,,,,,,,no_image
138509,Polydesmia pteridicola,蕨叶多丝盘菌,,,,,,,no_image
117356,Polygala saxicola,岩生远志,,,,,,,no_image
117378,Polygonatum curvistylum,垂叶黄精,,,,,,,no_image
117328,Polygala globulifera,球冠远志,,,,,,,no_image
117398,Polygonatum longistylum,百色黄精,,,,,,,no_image
3649,Polymastia granulosa,颗粒多鞭海绵,,,,,,,no_image
117437,Polygonum plebeium,习见萹蓄,,,,,,,no_image
117420,Polygonatum zanlanscianense,湖北黄精,,,,,,,no_image
59930,Polymixis shensiana,太白展冬夜蛾,,,,,,,no_image
59958,Polypedilum coalitum,愈合多足摇蚊,,,,,,,no_image
152677,Polyozellus multiplex,簇扇菌,,,,,,,no_image
59978,Polypedilum henicurum,独毛多足摇蚊,,,,,,,no_image
59998,Polypedilum paraviceps,拟踵突多足摇蚊,,,,,,,no_image
60018,Polypedilum yammounei,亚姆多足摇蚊,,,,,,,no_image
151651,Polyporus capensis,,,,,,,,no_image
117463,Polypogon ivanovae,伊凡棒头草,,,,,,,no_image
151691,Polyporus leprieurii,理坡瑞多孔菌,,,,,,,no_image
151671,Polyporus ealaensis,,,,,,,,no_image
151711,Polyporus niger,,,,,,,,no_image
151731,Polyporus pullatus,,,,,,,,no_image
151751,Polyporus sector,,,,,,,,no_image
117468,Polyscias fruticosa,南洋参,,,,,,,no_image
151771,Polyporus tropicus,,,,,,,,no_image
117526,Polystichum cretaceum,白垩柳叶蕨,,,,,,,no_image
117486,Polystichum aculeatum,欧洲耳蕨,,,,,,,no_image
117546,Polystichum exauriforme,缺耳耳蕨,,,,,,,no_image
117506,Polystichum bifidum,钳形耳蕨,,,,,,,no_image
117566,Polystichum hancockii,小戟叶耳蕨,,,,,,,no_image
117586,Polystichum kuankuoshuiense,宽阔水耳蕨,,,,,,,no_image
117626,Polystichum muscicola,伴藓耳蕨,,,,,,,no_image
117606,Polystichum loratum,线叶耳蕨,,,,,,,no_image
117646,Polystichum otophorum,高山耳蕨,,,,,,,no_image
117666,Polystichum pseudodeltodon,拟对生耳蕨,,,,,,,no_image
117727,Polystichum venosum,脆叶耳蕨,,,,,,,no_image
117686,Polystichum salwinense,怒江耳蕨,,,,,,,no_image
117706,Polystichum subfimbriatum,拟流苏耳蕨,,,,,,,no_image
150491,Polystictus cinnamomeus,,,,,,,,no_image
150511,Polystictus setulosus,,,,,,,,no_image
60046,Polytremis zina,刺纹孔弄蝶,,,,,,,no_image
60052,Polyura arja,凤尾蛱蝶,,,,,,,no_image
60082,Polyzonus laurae,,,,,,,,no_image
80176,Pomadasys furcatus,赤笔石鲈,,,,,,,no_image
80156,Pomacentrus albimaculus,白斑雀鲷,,,,,,,no_image
117807,Ponerorchis tetraloba,滇蜀无柱兰,,,,,,,no_image
117787,Ponerorchis gongshanensis,贡山小红门兰,,,,,,,no_image
18314,Pompholyx acutangula,锐角泡轮虫,,,,,,,no_image
117828,Pontederia crassipes,凤眼莲,,,,,,,no_image
117870,Populus haoana,德钦杨,,,,,,,no_image
117898,Populus pruinosa,灰胡杨,,,,,,,no_image
5093,Pontonides unciger,钩指拟隐虾,,,,,,,no_image
117930,Populus wenxianica,文县杨,,,,,,,no_image
117982,Porella javanica,全缘光萼苔,,,,,,,no_image
118008,Porella truncata,截叶光萼苔,,,,,,,no_image
151800,Poria versipora,绵腐卧孔菌,,,,,,,no_image
150518,Porodaedalea niemelaei,,,,,,,,no_image
2951,Porcellana habei,哈比瓷蟹,,,,,,,no_image
137527,Porina leptalea,纤污核衣,,,,,,,no_image
10698,Porites lichen,地衣滨珊瑚,,,,,,,no_image
149229,Porphyrellus atrafuscus,,,,,,,,no_image
60122,Poropoea coryli,榛卷象圆翅赤眼蜂,,,,,,,no_image
118014,Porpax spirodela,浮萍盾柄兰,,,,,,,no_image
13167,Portia taiwanica,台湾孔蛛,,,,,,,no_image
136753,Porpidia platycarpoides,宽果假网衣,,,,,,,no_image
60134,Portevinia dispar,异斑颜突蚜蝇,,,,,,,no_image
17002,Posthovitellum komarovi,柯氏后腺吸虫,,,,,,,no_image
62,Portunus granulatus,颗粒梭子蟹,,,,,,,no_image
118059,Potamogeton oxyphyllus,尖叶眼子菜,,,,,,,no_image
3693,Potamocorbula amurensis,黑龙江河篮蛤,,,,,,,no_image
118072,Potentilla articulata,,,,,,,,no_image
118173,Potentilla sischanensis,西山委陵菜,,,,,,,no_image
118106,Potentilla flagellaris,匍枝委陵菜,,,,,,,no_image
118138,Potentilla multiceps,多头委陵菜,,,,,,,no_image
60171,Pothyne albolineata,,,,,,,,no_image
60194,Pothyne thibetana,,,,,,,,no_image
118212,Pourthiaea hirsuta,,,,,,,,no_image
118242,Pouzolzia taiwaniana,台湾雾水葛,,,,,,,no_image
14439,Pranburia mahannopi,马氏班布蛛,,,,,,,no_image
118255,Praxelis clematidea,假臭草,,,,,,,no_image
118274,Premna mekongensis,澜沧豆腐柴,,,,,,,no_image
118298,Premna tenii,圆叶豆腐柴,,,,,,,no_image
118322,Primula aurantiaca,橙红灯台报春,,,,,,,no_image
134160,Preussia terricola,,,,,,,,no_image
60239,Primocerioides petri,属模首角蚜蝇,,,,,,,no_image
118367,Primula chionantha,紫花雪山报春,,,,,,,no_image
118412,Primula erythrocarpa,黄心球花报春,,,,,,,no_image
118343,Primula caldaria,匍枝粉报春,,,,,,,no_image
118388,Primula deflexa,穗花报春,,,,,,,no_image
118435,Primula forbesii,小报春,,,,,,,no_image
118457,Primula homogama,峨眉缺裂报春,,,,,,,no_image
118480,Primula klattii,单朵垂花报春,,,,,,,no_image
118502,Primula longipilosa,长毛报春,,,,,,,no_image
118526,Primula membranifolia,薄叶粉报春,,,,,,,no_image
118554,Primula obsessa,肥满报春,,,,,,,no_image
118576,Primula poissonii,海仙报春,,,,,,,no_image
118597,Primula reticulata,网叶钟报春,,,,,,,no_image
118618,Primula secundiflora,偏花报春,,,,,,,no_image
118642,Primula stenocalyx,狭萼报春,,,,,,,no_image
118689,Primula waltonii,紫钟报春,,,,,,,no_image
118709,Primula zhengyii,征镒报春,,,,,,,no_image
118665,Primula triloba,三裂叶报春,,,,,,,no_image
118735,Primulina bullata,泡叶报春苣苔,,,,,,,no_image
118779,Primulina gemella,匐枝报春苣苔,,,,,,,no_image
118800,Primulina hochiensis,河池报春苣苔,,,,,,,no_image
118755,Primulina davidioides,珙桐状报春苣苔,,,,,,,no_image
118824,Primulina leeii,李氏报春苣苔,,,,,,,no_image
118846,Primulina longgangensis,弄岗报春苣苔,,,,,,,no_image
118891,Primulina orthandra,直蕊报春苣苔,,,,,,,no_image
118869,Primulina malingheensis,马岭河报春苣苔,,,,,,,no_image
118932,Primulina shaowuensis,邵武报春苣苔,,,,,,,no_image
118911,Primulina pteropoda,翅柄报春苣苔,,,,,,,no_image
118982,Primulina yangshuoensis,阳朔报春苣苔,,,,,,,no_image
60240,Priochirus amblyodontus,,,,,,,,no_image
118960,Primulina tribracteata,三苞报春苣苔,,,,,,,no_image
80275,Prionodon pardicolor,斑林狸,,,,,,,no_image
80271,Priolepis latifascima,侧带锯鳞鰕虎,,,,,,,no_image
80276,Prionurus scalprum,三棘多板盾尾鱼,,,,,,,no_image
3441,Prismatopus aculeatus,尖刺棱蛛蟹,,,,,,,no_image
80289,Pristipomoides sieboldii,西氏紫鱼,,,,,,,no_image
18514,Proales wesenbergi,韦氏前翼轮虫,,,,,,,no_image
7036,Proboscidactyla ornata,芽口枝管水母,,,,,,,no_image
60348,Prociphilus trinus,三卷叶绵蚜,,,,,,,no_image
60368,Procladius sagittalis,撒前突摇蚊,,,,,,,no_image
60331,Processus bistigmanus,叉突长突叶蝉,,,,,,,no_image
60401,Prodiamesa levidanovae,列维多瓦原寡角摇蚊,,,,,,,no_image
60384,Procyclotelus sinensis,中华环剑虻,,,,,,,no_image
10029,Proiectus tabulaeformis,,,,,,,,no_image
60446,Prometopus flavicollis,原井夜蛾,,,,,,,no_image
60427,Promachus formosanus,台湾叉胫食虫虻,,,,,,,no_image
3357,Propeamussium stella,星斑拟日月贝,,,,,,,no_image
119012,Pronephrium simplex,单叶新月蕨,,,,,,,no_image
60466,Prorhinotermes japonicus,东洋原鼻白蚁,,,,,,,no_image
60495,Prosciara pentadactyla,五刺首眼蕈蚊,,,,,,,no_image
60475,Prosciara duplicidens,双簇首眼蕈蚊,,,,,,,no_image
60534,Prosopochrysa sinensis,中华丽额水虻,,,,,,,no_image
17099,Prosorhynchus kahala,鰤前吻吸虫,,,,,,,no_image
60512,Prosodes costifera,显肋侧琵甲,,,,,,,no_image
60552,Prosthecarthron sauteri,,,,,,,,no_image
3153,Protankyra magnihamula,巨钩刺锚参,,,,,,,no_image
17212,Prosthodendrium ovidichotomum,双巢副前腺吸虫,,,,,,,no_image
19400,Protaphorura uniseta,,,,,,,,no_image
60573,Protexarnis obumbrata,索异夜蛾,,,,,,,no_image
60613,Protocypus vulpes,,,,,,,,no_image
136476,Protoblastenia amagiensis,阿曼原胚衣,,,,,,,no_image
60597,Protocalliphora maruyamensis,钝叶原丽蝇,,,,,,,no_image
60630,Protohermes differentialis,异角星齿蛉,,,,,,,no_image
60650,Protohermes parcus,寡斑星齿蛉,,,,,,,no_image
60667,Protomiltogramma stackelbergi,斯氏盾斑蜂麻蝇,,,,,,,no_image
60671,Protonemura bidigitata,双突原叉(虫责),,,,,,,no_image
60681,Protoschinia scutatus,盾宽胫夜蛾,,,,,,,no_image
60694,Protuliocnemis castalaria,泉丝尺蛾,,,,,,,no_image
80340,Prunella fulvescens,褐岩鹨,,,,,,,no_image
119055,Prunus cerasifera,樱桃李,,,,,,,no_image
119105,Prunus kansuensis,甘肃桃,,,,,,,no_image
119081,Prunus fordiana,华南桂樱,,,,,,,no_image
119167,Prunus spinulosa,刺叶桂樱,,,,,,,no_image
119135,Prunus pedunculata,长梗扁桃,,,,,,,no_image
60730,Psallops leeae,李氏撒盲蝽,,,,,,,no_image
119189,Prunus ussuriensis,东北李,,,,,,,no_image
60714,Psacothea hilaris,,,,,,,,no_image
1257,Psammolyce flava,黄褐砂鳞虫,,,,,,,no_image
148047,Psathyrella debilis,软弱小脆柄菇,,,,,,,no_image
148027,Psathyrella appendiculata,,,,,,,,no_image
148067,Psathyrella microspora,,,,,,,,no_image
148087,Psathyrella rudericola,荒草生小脆柄菇,,,,,,,no_image
13625,Psechrus taiwanensis,台湾褛网蛛,,,,,,,no_image
60752,Psectrotanypus lateralis,竖伪长足摇蚊,,,,,,,no_image
119209,Psathyrostachys huashanica,华山新麦草,,,,,,,no_image
60811,Pselaphodes zhongdianus,,,,,,,,no_image
60771,Pselaphodes erlangshanus,,,,,,,,no_image
60791,Pselaphodes miraculum,,,,,,,,no_image
60830,Pselliophora flavibasis,基黄比栉大蚊,,,,,,,no_image
80363,Psenes arafurensis,水母玉鲳,,,,,,,no_image
19226,Pseudachorutes lishanensis,,,,,,,,no_image
60868,Pseudalbara hscifascia,月三线钩蛾,,,,,,,no_image
60887,Pseudalosterna obliquata,,,,,,,,no_image
80382,Pseudanthias cooperi,锯鳃拟花鮨,,,,,,,no_image
119221,Pseudelephantopus spicatus,假地胆草,,,,,,,no_image
60917,Pseudatheta meorum,,,,,,,,no_image
60902,Pseudaphycus utilis,,,,,,,,no_image
60944,Pseudiragoides florianii,妃拟焰刺蛾,,,,,,,no_image
80414,Pseudobagrus brevianalis,短臀拟鲿,,,,,,,no_image
119231,Pseudobarbella attenuata,短尖假悬藓,,,,,,,no_image
60937,Pseudeulia vermicularis,赭灰卷蛾,,,,,,,no_image
60967,Pseudobironium spinipes,,,,,,,,no_image
60973,Pseudocalamobius filiformis,,,,,,,,no_image
80440,Pseudocalotes kakhienensis,蚌西拟树蜥,,,,,,,no_image
80444,Pseudocepola taeniosoma,带状拟赤刀鱼,,,,,,,no_image
132824,Pseudocercospora alpinicola,,,,,,,,no_image
132864,Pseudocercospora caesalpiniae,,,,,,,,no_image
132844,Pseudocercospora athyrii,蹄盖蕨假尾孢,,,,,,,no_image
132884,Pseudocercospora chrysanthemicola,,,,,,,,no_image
132904,Pseudocercospora costi,,,,,,,,no_image
132944,Pseudocercospora eupatorii,,,,,,,,no_image
132924,Pseudocercospora didymochetonis,,,,,,,,no_image
132984,Pseudocercospora ilicis-micrococcae,,,,,,,,no_image
132964,Pseudocercospora geicola,,,,,,,,no_image
133004,Pseudocercospora lagerstroemiigena,,,,,,,,no_image
133044,Pseudocercospora musae,,,,,,,,no_image
133064,Pseudocercospora osmanthicola,,,,,,,,no_image
133104,Pseudocercospora punctiformis,,,,,,,,no_image
133084,Pseudocercospora piricola,,,,,,,,no_image
133024,Pseudocercospora macleyae,,,,,,,,no_image
133164,Pseudocercospora tinea,欧洲荚蒾假尾孢,,,,,,,no_image
133124,Pseudocercospora sapindi-emarginati,,,,,,,,no_image
133144,Pseudocercospora stereospermicola,,,,,,,,no_image
133184,Pseudocercospora wellesiana,,,,,,,,no_image
80449,Pseudocheilinus octotaenia,八带拟唇鱼,,,,,,,no_image
119265,Pseudocodon petiolatus,长柄辐冠参,,,,,,,no_image
150833,Pseudoclathrus cylindrosporus,柱孢假笼头菌,,,,,,,no_image
80460,Pseudocoris yamashiroi,山下氏拟盔鱼,,,,,,,no_image
119277,Pseudocyclosorus dehuaensis,德化假毛蕨,,,,,,,no_image
119297,Pseudocyclosorus pseudorepens,毛脉假毛蕨,,,,,,,no_image
2453,Pseudocypraea adamsonii,拟宝贝,,,,,,,no_image
61045,Pseudoeoscyllina rufitibialis,红胫拟埃蝗,,,,,,,no_image
61031,Pseudodiopsis detrahens,寡拟突眼蝇,,,,,,,no_image
80479,Pseudogastromyzon myersi,花斑拟腹吸鳅,,,,,,,no_image
80485,Pseudogobius masago,小口拟鰕虎,,,,,,,no_image
16866,Pseudogagrella andoi,安腾伪盾刺盲蛛,,,,,,,no_image
80501,Pseudolabrus sieboldi,西氏拟隆头鱼,,,,,,,no_image
119322,Pseudohandelia umbellifera,拟天山蓍,,,,,,,no_image
119328,Pseudohygrohypnum purpurascens,紫色假水灰藓,,,,,,,no_image
119339,Pseudolycopodiella caroliniana,拟小石松,,,,,,,no_image
119334,Pseudoleskeella papillosa,疣叶假细罗藓,,,,,,,no_image
61120,Pseudolimnophila descripta,峦山准拟大蚊,,,,,,,no_image
61142,Pseudomacrochenus spinicollis,,,,,,,,no_image
61162,Pseudomallada estriata,粗脉叉草蛉,,,,,,,no_image
61213,Pseudomeromacrus setipenitus,刺茎艳管蚜蝇,,,,,,,no_image
61182,Pseudomallada lii,李氏叉草蛉,,,,,,,no_image
137878,Pseudopeziza komarovii,茜草假盘菌,,,,,,,no_image
61202,Pseudomallada wangi,王氏叉草蛉,,,,,,,no_image
61227,Pseudopanolis kansuensis,甘伪小眼夜蛾,,,,,,,no_image
2050,Pseudoneaera semipellucida,三角拟杓蛤,,,,,,,no_image
2544,Pseudophilyra nanshaensis,南沙假拳蟹,,,,,,,no_image
61277,Pseudoplandria tronqueti,,,,,,,,no_image
61257,Pseudoplandria formosensis,,,,,,,,no_image
13325,Pseudopoda peronata,靴伪遁蛛,,,,,,,no_image
13430,Pseudopoda contraria,对立伪遁蛛,,,,,,,no_image
17145,Pseudoprosorhynchus cylindrium,柱形伪前吻吸虫,,,,,,,no_image
13337,Pseudopoda tiantangensis,天堂伪遁蛛,,,,,,,no_image
134221,Pseudopyrenula bicincta,双围拟核衣,,,,,,,no_image
80510,Pseudorasbora interrupta,断线麦穗鱼,,,,,,,no_image
80520,Pseudorhombus malayanus,马来斑鲆,,,,,,,no_image
61314,Pseudorthocladius curtistylus,短铗伪直突摇蚊,,,,,,,no_image
119404,Pseudosasa maculifera,鸡公山茶竿竹,,,,,,,no_image
8504,Pseudosimnia whitworthi,白氏拟鼻螺,,,,,,,no_image
61338,Pseudosogata vatrenus,伪长唇基飞虱,,,,,,,no_image
61347,Pseudostegana bifasciata,双带斑翅果蝇,,,,,,,no_image
119438,Pseudosymblepharis duriuscula,细拟合睫藓,,,,,,,no_image
119422,Pseudostellaria helanshanensis,贺兰山孩儿参,,,,,,,no_image
140659,Pseudotis radiculata,,,,,,,,no_image
61396,Pseuduraecha sulcaticeps,,,,,,,,no_image
61382,Pseudovolucella mimica,拟蜂蚜蝇,,,,,,,no_image
138518,Psilachnum microallantosporum,小蕉孢短毛盘菌,,,,,,,no_image
146700,Psilocybe magnispora,,,,,,,,no_image
146720,Psilocybe venenata,毒光盖伞,,,,,,,no_image
61428,Psilonyx nigricoxa,台湾缺突食虫虻,,,,,,,no_image
119468,Psilotum nudum,松叶蕨,,,,,,,no_image
61446,Psilophrys tenuicornis,红蚧细柄跳小蜂,,,,,,,no_image
80575,Psittiparus ruficeps,白胸鸦雀,,,,,,,no_image
137272,Psoroma sphinctrinum,粉苔鳞藓衣,,,,,,,no_image
61487,Psychoda pseudobrevicornis,平叶蛾蠓,,,,,,,no_image
119484,Psychotria straminea,黄脉九节,,,,,,,no_image
61500,Ptecticus aurifer,金黄指突水虻,,,,,,,no_image
19312,Ptenothrix huangshanensis,,,,,,,,no_image
61517,Pterella asiatica,亚洲小翅蜂麻蝇,,,,,,,no_image
119530,Pteris crassiuscula,厚叶凤尾蕨,,,,,,,no_image
119564,Pteris hirsutissima,微毛凤尾蕨,,,,,,,no_image
119503,Pteridrys australis,毛轴牙蕨,,,,,,,no_image
119588,Pteris multifida,井栏边草,,,,,,,no_image
119608,Pteris sanduensis,三都凤尾蕨,,,,,,,no_image
119632,Pternopetalum bipinnatum,羽裂囊瓣芹,,,,,,,no_image
119658,Pternopetalum subalpinum,高山囊瓣芹,,,,,,,no_image
119678,Pterobryopsis setschwanica,四川拟蕨藓,,,,,,,no_image
119706,Pterocymbium macranthum,大花舟翅桐,,,,,,,no_image
119693,Pteroceltis tatarinowii,青檀,,,,,,,no_image
61534,Pterogonia aurigutta,点肾裁夜蛾,,,,,,,no_image
61542,Pterolophia annulata,,,,,,,,no_image
61563,Pterolophia dorsotuberculare,,,,,,,,no_image
61587,Pterolophia leiopodina,,,,,,,,no_image
61607,Pterolophia quadrigibbosa,,,,,,,,no_image
61627,Pterolophia trilineicollis,,,,,,,,no_image
80618,Pteropsaron evolans,帆鳍鲈鰧,,,,,,,no_image
119719,Pterostyrax corymbosus,小叶白辛树,,,,,,,no_image
80668,Pteruthius intermedius,栗额鵙鹛,,,,,,,no_image
80659,Pterorhinus waddelli,大草鹛,,,,,,,no_image
119728,Pterygiella suffruticosa,川滇翅茎木,,,,,,,no_image
17523,Pterymarchia bipinnata,小犁芭蕉螺,,,,,,,no_image
119751,Ptilagrostis yadongensis,大穗细柄茅,,,,,,,no_image
61676,Ptilodon severin,严羽齿舟蛾,,,,,,,no_image
12905,Ptocasius linzhiensis,林芝兜跳蛛,,,,,,,no_image
61690,Ptycholoma imitator,樱桃铅卷蛾,,,,,,,no_image
80690,Ptyas mucosa,滑鼠蛇,,,,,,,no_image
18350,Ptygura elsteri,泰国鹿角细簇轮虫,,,,,,,no_image
61700,Ptychoptera lii,李氏褶蚊,,,,,,,no_image
119798,Puccinellia multiflora,多花碱茅,,,,,,,no_image
153490,Puccinia abei,阿部柄锈菌,,,,,,,no_image
119778,Puccinellia gigantea,大碱茅,,,,,,,no_image
153530,Puccinia aomoriensis,青森柄锈菌,,,,,,,no_image
153510,Puccinia agropyri-ciliaris,纤毛鹅观草柄锈菌,,,,,,,no_image
153590,Puccinia brunoniae,,,,,,,,no_image
153570,Puccinia baicalensis,贝加尔柄锈菌,,,,,,,no_image
153550,Puccinia arundinariae,青篱竹柄锈,,,,,,,no_image
153610,Puccinia caricina,薹草柄锈菌,,,,,,,no_image
153650,Puccinia circaeae,露珠草柄锈菌,,,,,,,no_image
153630,Puccinia caricis-strictae,宽叶苔草柄锈菌,,,,,,,no_image
153690,Puccinia delavayana,德拉瓦柄锈菌,,,,,,,no_image
153670,Puccinia constata,山稗柄锈菌,,,,,,,no_image
153710,Puccinia echinopsis,,,,,,,,no_image
153770,Puccinia glycyrrhizae,甘草柄锈菌,,,,,,,no_image
153750,Puccinia flavipes,黄柄柄锈菌,,,,,,,no_image
153730,Puccinia erythropus,红柄锈菌,,,,,,,no_image
153790,Puccinia helictotrichi,异燕麦柄锈菌,,,,,,,no_image
153850,Puccinia lactucae-denticulatae,苦荬菜柄锈菌,,,,,,,no_image
153810,Puccinia humilis,,,,,,,,no_image
153830,Puccinia joerstadii,,,,,,,,no_image
153870,Puccinia leveillei,勒韦耶柄锈菌,,,,,,,no_image
153890,Puccinia longinqua,长柄柄锈菌,,,,,,,no_image
153910,Puccinia menthae,薄荷柄锈菌,,,,,,,no_image
153930,Puccinia moriokaensis,狭甚柄锈菌,,,,,,,no_image
153970,Puccinia orientalis,东方柄锈菌,,,,,,,no_image
153950,Puccinia nolitangeris,,,,,,,,no_image
154030,Puccinia polystegia,多顶柄锈菌,,,,,,,no_image
153990,Puccinia phaenospermae,显子草柄锈菌,,,,,,,no_image
154010,Puccinia poarum,,,,,,,,no_image
154070,Puccinia ruelliae,芦莉草柄锈菌,,,,,,,no_image
154090,Puccinia scirpi,蔗草属柄锈菌,,,,,,,no_image
154050,Puccinia pulverulenta,粉状柄锈菌,,,,,,,no_image
154110,Puccinia simplex,,,,,,,,no_image
154130,Puccinia spegazzinii,,,,,,,,no_image
154170,Puccinia thunbergiae,,,,,,,,no_image
154150,Puccinia taibaiana,太白柄锈菌,,,,,,,no_image
154190,Puccinia undulitunicata,金线草柄锈,,,,,,,no_image
154210,Puccinia violae,堇菜柄锈菌,,,,,,,no_image
154474,Pucciniastrum aceris,槭膨痂锈,,,,,,,no_image
154494,Pucciniastrum magnisporum,,,,,,,,no_image
151106,Pulcherricium caeruleum,,,,,,,,no_image
61732,Pullimosina vulgesta,叉方小粪蝇,,,,,,,no_image
119823,Pueraria edulis,食用葛,,,,,,,no_image
149243,Pulveroboletus brunneoscabrosus,,,,,,,,no_image
140664,Pulvinula cinnabarina,大孢垫盘菌,,,,,,,no_image
136342,Punctelia subrudecta,亚粗星点梅,,,,,,,no_image
3754,Pupa alveola,凹穴蛹螺,,,,,,,no_image
61745,Purohita taiwanensis,台湾叶角飞虱,,,,,,,no_image
140673,Pustularia cerea,,,,,,,,no_image
119877,Pyankovia roborowskii,紫翅散枝蓬,,,,,,,no_image
80746,Pycnonotus taivanus,台湾鹎,,,,,,,no_image
7071,Pycnotheca mirabilis,奇异坚鞘羽螅,,,,,,,no_image
61803,Pygostrangalia tienmushana,天目长尾花天牛,,,,,,,no_image
61809,Pyrellia rapax,粉被碧蝇,,,,,,,no_image
3657,Pylocheles incisus,缺刻门螯寄居蟹,,,,,,,no_image
19326,Pygmarrhopalites alticolus,,,,,,,,no_image
61784,Pygophora nigromaculata,黑斑尾秽蝇,,,,,,,no_image
137883,Pyrenopeziza medicaginis,苜蓿埋核盘菌,,,,,,,no_image
134702,Pyrenula punctella,,,,,,,,no_image
134682,Pyrenula falsaria,拟小核衣,,,,,,,no_image
119965,Pyrola decorata,普通鹿蹄草,,,,,,,no_image
61821,Pyrestes quinquesignatus,,,,,,,,no_image
140682,Pyronema melaloma,,,,,,,,no_image
143767,Pyricularia cannicola,,,,,,,,no_image
61849,Pyrosis idiota,杨黑枯叶蛾,,,,,,,no_image
150539,Pyrrhoderma scaurum,肿红皮孔菌,,,,,,,no_image
119995,Pyrrosia davidii,华北石韦,,,,,,,no_image
120015,Pyrrosia similis,相似石韦,,,,,,,no_image
120038,Pyrus phaeocarpa,褐梨,,,,,,,no_image
135230,Pyxine margaritacea,,,,,,,,no_image
16761,Qiongocera luoxuan,螺旋琼斑蛛,,,,,,,no_image
61879,Quadrastichus citrella,潜叶蛾胯姬小蜂,,,,,,,no_image
61898,Quedius altus,,,,,,,,no_image
61938,Quedius cupreogutta,,,,,,,,no_image
61918,Quedius bito,,,,,,,,no_image
80792,Quasipaa shini,棘侧蛙,,,,,,,no_image
61958,Quedius erl,,,,,,,,no_image
61978,Quedius goong,,,,,,,,no_image
61998,Quedius impressiventris,,,,,,,,no_image
62058,Quedius moeris,,,,,,,,no_image
62038,Quedius liau,,,,,,,,no_image
62018,Quedius kozlovi,,,,,,,,no_image
62118,Quedius shibatai,,,,,,,,no_image
62078,Quedius orestes,,,,,,,,no_image
62098,Quedius pyn,,,,,,,,no_image
62138,Quedius tergimpressus,,,,,,,,no_image
120075,Quercus chapensis,扁果青冈,,,,,,,no_image
62177,Quentinius lameerei,,,,,,,,no_image
62158,Quedius weii,,,,,,,,no_image
120115,Quercus lobbii,滇西青冈,,,,,,,no_image
120095,Quercus fleuryi,饭甑青冈,,,,,,,no_image
120135,Quercus pannosa,黄背栎,,,,,,,no_image
120157,Quercus spinosa,刺叶高山栎,,,,,,,no_image
62178,Quernaphis chui,朱栎扁蚜,,,,,,,no_image
62191,Quwatanabius dayaoensis,,,,,,,,no_image
62212,Rachia striata,纹峭舟蛾,,,,,,,no_image
62235,Rachispoda sauteri,索刺足小粪蝇,,,,,,,no_image
120219,Radula javanica,爪哇扁萼苔,,,,,,,no_image
120199,Radiogrammitis subnervosa,亚显脉辐禾蕨,,,,,,,no_image
62237,Raddea alpina,高山瑞夜蛾,,,,,,,no_image
120241,Radula sumatrana,大扁萼苔,,,,,,,no_image
80799,Raja chinensis,华鳐,,,,,,,no_image
136543,Ramalina dendriscoides,,,,,,,,no_image
136563,Ramalina pollinaria,粉粒树花,,,,,,,no_image
149942,Ramaria apiculata,尖顶枝瑚菌,,,,,,,no_image
149982,Ramaria foetida,,,,,,,,no_image
149962,Ramaria corniculata,,,,,,,,no_image
150002,Ramaria linearioides,拟细丛枝瑚,,,,,,,no_image
150022,Ramaria polypus,小木瑚,,,,,,,no_image
150042,Ramaria stricta,密枝瑚菌,,,,,,,no_image
145730,Ramariopsis tenuiramosa,,,,,,,,no_image
62264,Rammeacris kiangsu,黄脊雷篦蝗,,,,,,,no_image
133215,Ramularia brunnea,,,,,,,,no_image
133235,Ramularia filaris,,,,,,,,no_image
133255,Ramularia menthicola,,,,,,,,no_image
62273,Ramulus artemis,艾短角棒䗛,,,,,,,no_image
62293,Ramulus fuscothoracicus,棕胸短角棒䗛,,,,,,,no_image
133275,Ramularia rufomaculans,,,,,,,,no_image
62333,Ramulus rotundus,圆粒短角棒䗛,,,,,,,no_image
62313,Ramulus lianxianense,连县短角棒䗛,,,,,,,no_image
62353,Ramulus yongrenense,永仁短角棒䗛,,,,,,,no_image
80824,Rana longicus,长肢林蛙,,,,,,,no_image
120268,Ranunculus cheirophyllus,掌叶毛茛,,,,,,,no_image
120298,Ranunculus foeniculaceus,硬叶水毛茛,,,,,,,no_image
1285,Raninoides intermedius,中型仿蛙蟹,,,,,,,no_image
120406,Ranunculus repens,匍枝毛茛,,,,,,,no_image
120327,Ranunculus intramongolicus,内蒙古毛茛,,,,,,,no_image
120455,Ranunculus zhouquensis,舟曲毛茛,,,,,,,no_image
120383,Ranunculus paishanensis,白山毛茛,,,,,,,no_image
120428,Ranunculus tanguticus,高原毛茛,,,,,,,no_image
120355,Ranunculus matsudai,疏花毛茛,,,,,,,no_image
62358,Rapala nissa,霓纱燕灰蝶,,,,,,,no_image
120461,Raphiocarpus discolor,化州漏斗苣苔,,,,,,,no_image
62385,Rastrococcus spinosus,蛛丝平刺粉蚧,,,,,,,no_image
120473,Rauvolfia verticillata,萝芙木,,,,,,,no_image
17024,Reesella ratta,鼠丽色吸虫,,,,,,,no_image
62392,Raymondia pseudopagodarum,拟雷蝠蝇,,,,,,,no_image
120523,Rehmannia solanifolia,茄叶地黄,,,,,,,no_image
141750,Regiocrella sinensis,,,,,,,,no_image
80868,Rectoris luxiensis,泸溪直口鲮,,,,,,,no_image
154569,Ravenelia tephrosiicola,灰毛豆生伞锈菌,,,,,,,no_image
62416,Remelana jangala,莱灰蝶,,,,,,,no_image
62466,Reticulitermes emei,蛾嵋散白蚁,,,,,,,no_image
120540,Renanthera imschootiana,云南火焰兰,,,,,,,no_image
62422,Resseliella citrifrugis,桔实雷瘿蚊,,,,,,,no_image
62446,Reticulitermes brachygnathus,短颚散白蚁,,,,,,,no_image
62427,Reticulaphis asymmetrica,腔网扁蚜,,,,,,,no_image
62487,Reticulitermes latilabrum,宽唇散白蚁,,,,,,,no_image
62527,Reticulitermes sylvestris,林海散白蚁,,,,,,,no_image
62507,Reticulitermes neochinensis,新中华散白蚁,,,,,,,no_image
4858,Retiflustra reticulum,网形网藻苔虫,,,,,,,no_image
62563,Retipenna sichuanica,四川罗草蛉,,,,,,,no_image
80907,Rhabdophis helleri,北方颈槽蛇,,,,,,,no_image
62565,Rhabdochaeta ampla,斑平裂翅实蝇,,,,,,,no_image
120556,Rhachidosorus consimilis,喜钙轴果蕨,,,,,,,no_image
62600,Rhadinopsylla jaonis,吻长纤蚤,,,,,,,no_image
80928,Rhacophorus rhodopus,红蹼树蛙,,,,,,,no_image
62623,Rhagastis lunata,,,,,,,,no_image
62667,Rhagio tuberculatus,斑腹鹬虻,,,,,,,no_image
62647,Rhagio henanensis,河南鹬虻,,,,,,,no_image
120569,Rhamnella julianae,毛背猫乳,,,,,,,no_image
120588,Rhamnus dalianensis,大连鼠李,,,,,,,no_image
120614,Rhamnus koraiensis,朝鲜鼠李,,,,,,,no_image
62711,Rhamphophasma serratum,细齿喙尾䗛,,,,,,,no_image
120636,Rhamnus rugulosa,皱叶鼠李,,,,,,,no_image
62691,Rhamphocoris tibialis,黑胫光姬蝽,,,,,,,no_image
62765,Rhaphuma delicata,,,,,,,,no_image
62745,Rhaphuma aequalis,,,,,,,,no_image
120678,Rhaphidophora peepla,大叶南苏,,,,,,,no_image
62725,Rhaphium apicinigrum,端黑锥长足虻,,,,,,,no_image
62785,Rhaphuma jianfenglingensis,,,,,,,,no_image
62805,Rhaphuma pieli,,,,,,,,no_image
12869,Rhene digitata,指状宽胸蝇虎,,,,,,,no_image
62827,Rhaphuma virens,,,,,,,,no_image
62842,Rheocricotopus glabricollis,光亮趋流摇蚊,,,,,,,no_image
120718,Rheum glabricaule,光茎大黄,,,,,,,no_image
62861,Rheotanytarsus apiculus,刺状流长跗摇蚊,,,,,,,no_image
120738,Rheum rhomboideum,菱叶大黄,,,,,,,no_image
62887,Rheumaptera empodia,乌斑汝尺蛾,,,,,,,no_image
62913,Rheumaptera sideritaria,铁缨汝尺蛾,,,,,,,no_image
80938,Rhinobatos schlegelii,许氏犁头鳐,,,,,,,no_image
62923,Rhineimegopis cordieri,,,,,,,,no_image
62948,Rhinoestrus purpureus,紫鼻狂蝇,,,,,,,no_image
80956,Rhinogobius filamentosus,丝鳍吻虾 虎鱼,,,,,,,no_image
80976,Rhinogobius lungwoensis,龙吴吻鰕虎,,,,,,,no_image
81010,Rhinolophus pearsonii,皮氏菊头蝠,,,,,,,no_image
80996,Rhinogobius wuyanlingensis,乌岩岭吻鰕虎,,,,,,,no_image
9797,Rhinophytoptus plagiogyrus,,,,,,,,no_image
9781,Rhinotergum shaoguanense,,,,,,,,no_image
62968,Rhipidia pulchra,丽栉形大蚊,,,,,,,no_image
17143,Rhipidocotyle xishaensis,西沙扇盘吸虫,,,,,,,no_image
62995,Rhipidoxylomyia elongata,长铗扇瘿蚊,,,,,,,no_image
140788,Rhizina inflata,凸面根盘菌,,,,,,,no_image
120759,Rhizomnium hattorii,扇叶毛灯藓,,,,,,,no_image
120756,Rhizoclonium implexum,错综根枝藻,,,,,,,no_image
137561,Rhizocarpon lavatum,池地图衣,,,,,,,no_image
81042,Rhizomys sumatrensis,大竹鼠,,,,,,,no_image
155309,Rhizophydium macrosporum,大孢根生壶菌,,,,,,,no_image
4148,Rhizorus tokunagai,德永尖卷螺,,,,,,,no_image
81044,Rhizoprionodon oligolinx,短鳍斜锯牙鲨(短鳍尖吻鲨),,,,,,,no_image
149501,Rhizopogon fabri,截孢须腹菌,,,,,,,no_image
63031,Rhodesiella latizona,宽带锥秆蝇,,,,,,,no_image
120791,Rhodiola discolor,异色红景天,,,,,,,no_image
81052,Rhodeus ocellatus,高体鳑鲏,,,,,,,no_image
120843,Rhodiola subopposita,对叶红景天,,,,,,,no_image
120813,Rhodiola ovatisepala,卵萼红景天,,,,,,,no_image
147676,Rhodocollybia prolixa,,,,,,,,no_image
120912,Rhododendron aureum,牛皮杜鹃,,,,,,,no_image
120880,Rhododendron alutaceum,棕背杜鹃,,,,,,,no_image
120933,Rhododendron brachyanthum,短花杜鹃,,,,,,,no_image
120962,Rhododendron cavaleriei,多花杜鹃,,,,,,,no_image
121015,Rhododendron dauricum,兴安杜鹃,,,,,,,no_image
120991,Rhododendron clementinae,麻点杜鹃,,,,,,,no_image
121045,Rhododendron ebianense,峨边杜鹃,,,,,,,no_image
121070,Rhododendron fangchengense,防城杜鹃,,,,,,,no_image
121093,Rhododendron fuyuanense,富源杜鹃,,,,,,,no_image
121165,Rhododendron jiulongshanense,九龙山杜鹃,,,,,,,no_image
121142,Rhododendron huguangense,大鳞杜鹃,,,,,,,no_image
121115,Rhododendron hanceanum,疏叶杜鹃,,,,,,,no_image
121186,Rhododendron laudandum,毛冠杜鹃,,,,,,,no_image
121231,Rhododendron mainlingense,米林杜鹃,,,,,,,no_image
121257,Rhododendron minyaense,黄褐杜鹃,,,,,,,no_image
121207,Rhododendron longicalyx,长萼杜鹃,,,,,,,no_image
121335,Rhododendron polylepis,多鳞杜鹃,,,,,,,no_image
121311,Rhododendron pachysanthum,台湾山地杜鹃,,,,,,,no_image
121362,Rhododendron pudiense,普底杜鹃,,,,,,,no_image
121280,Rhododendron nitidulum,光亮杜鹃,,,,,,,no_image
121385,Rhododendron riparioides,雪龙美被杜鹃,,,,,,,no_image
121421,Rhododendron scabrifolium,糙叶杜鹃,,,,,,,no_image
121445,Rhododendron sikayotaizanense,志佳阳杜鹃,,,,,,,no_image
121477,Rhododendron subroseum,泛红杜鹃,,,,,,,no_image
121535,Rhododendron uniflorum,单花杜鹃,,,,,,,no_image
121502,Rhododendron thymifolium,千里香杜鹃,,,,,,,no_image
121580,Rhododendron yaoshanense,药山杜鹃,,,,,,,no_image
121559,Rhododendron watsonii,无柄杜鹃,,,,,,,no_image
63067,Rhodoneura grisa,灰棕网蛾,,,,,,,no_image
121599,Rhodoleia henryi,显脉红花荷,,,,,,,no_image
63088,Rhodoneura sublucens,中丫网蛾,,,,,,,no_image
146296,Rhodophyllus chamaecyparis,矮生粉褶菌,,,,,,,no_image
146336,Rhodophyllus undatus,,,,,,,,no_image
121607,Rhodymenia intricata,错综红皮藻,,,,,,,no_image
146316,Rhodophyllus pleopodius,,,,,,,,no_image
63112,Rhondia bispinosa,,,,,,,,no_image
156069,Rhopalomyces elegans,,,,,,,,no_image
63142,Rhopalopsole flata,扁突诺(虫责),,,,,,,no_image
63162,Rhopalopsole shaanxiensis,陕西诺(虫责),,,,,,,no_image
144638,Rhopalostroma lekae,,,,,,,,no_image
63192,Rhopus flavus,黄色裂脖跳小蜂,,,,,,,no_image
63203,Rhyacionia insulariana,云南松梢小卷蛾,,,,,,,no_image
9721,Rhyncaphytoptus ulmi,,,,,,,,no_image
9856,Rhyncaphytoptus funali,,,,,,,,no_image
63212,Rhynchodontodes mandarinalis,中齿口夜蛾,,,,,,,no_image
63220,Rhynchopsilopa longicornis,长角裸喙水蝇,,,,,,,no_image
121649,Rhynchospora faberi,细叶刺子莞,,,,,,,no_image
121668,Rhynchostegium hunanense,湖南长喙藓,,,,,,,no_image
121689,Rhynchotechum obovatum,线柱苣苔,,,,,,,no_image
63241,Rhyparia purpurata,黄灯蛾,,,,,,,no_image
139360,Rhytisma placenta,,,,,,,,no_image
133336,Rhytidhysteron rufulum,微红皱裂菌,,,,,,,no_image
121830,Riccia convexa,凸面钱苔,,,,,,,no_image
121704,Ribes burejense,刺果茶藨子,,,,,,,no_image
121742,Ribes hunanense,湖南茶藨子,,,,,,,no_image
121779,Ribes procumbens,水葡萄茶藨子,,,,,,,no_image
121857,Ridsdalea daweishanensis,大围山石榴茜,,,,,,,no_image
121852,Richardia scabra,墨苜蓿,,,,,,,no_image
121810,Riccardia chamaedryfolia,多枝片叶苔,,,,,,,no_image
136348,Rimelia clavulifera,,,,,,,,no_image
135403,Rinodina pyrina,坚果饼干衣,,,,,,,no_image
135383,Rinodina ascociscana,,,,,,,,no_image
63266,Rioxa sexmaculata,缘斑脉实蝇,,,,,,,no_image
63285,Rivellia depicta,绘带广口蝇,,,,,,,no_image
121874,Rochelia bungei,孪果鹤虱,,,,,,,no_image
11614,Robertus ungulatus,爪罗伯蛛,,,,,,,no_image
81088,Rissa tridactyla,三趾鸥,,,,,,,no_image
154231,Roestelia echinulata,刺孢角春孢锈菌,,,,,,,no_image
81096,Rohanixalus wuguanfui,吴氏侧条树蛙,,,,,,,no_image
63318,Rondibilis femorata,,,,,,,,no_image
121913,Rohdea maoershanensis,猫儿山开口箭,,,,,,,no_image
137580,Ropalospora phaeoplaca,黑锥形孢,,,,,,,no_image
63357,Ropronia fanjingshanensis,梵净山窄腹细蜂,,,,,,,no_image
121939,Rosa acicularis,刺蔷薇,,,,,,,no_image
63377,Ropronia undaclypeus,浪唇窄腹细蜂,,,,,,,no_image
121975,Rosa davidii,西北蔷薇,,,,,,,no_image
122007,Rosa hugonis,黄蔷薇,,,,,,,no_image
122073,Rosa rugosa,玫瑰,,,,,,,no_image
122111,Rosa webbiana,藏边蔷薇,,,,,,,no_image
122041,Rosa miyiensis,米易蔷薇,,,,,,,no_image
63397,Rosalia pachycornis,,,,,,,,no_image
122125,Roscoea cautleoides,早花象牙参,,,,,,,no_image
144749,Rosellinia herpotrichioides,,,,,,,,no_image
154241,Rostrupia elymi,,,,,,,,no_image
18477,Rotaria tridens,三齿轮虫,,,,,,,no_image
122208,Rubia rezniczenkoana,小叶茜草,,,,,,,no_image
122174,Rozea fulva,小蒴小绢藓,,,,,,,no_image
122188,Rubia dolichophylla,长叶茜草,,,,,,,no_image
122285,Rubus coreanus,插田藨,,,,,,,no_image
63412,Rowleyella nujiangensis,怒江罗氏蚤,,,,,,,no_image
122253,Rubus bonatianus,滇北悬钩子,,,,,,,no_image
149258,Rubinoboletus ballouii,玉红牛肝菌,,,,,,,no_image
122325,Rubus fockeanus,凉山悬钩子,,,,,,,no_image
122357,Rubus henryi,鸡爪茶,,,,,,,no_image
122460,Rubus ovatisepalus,卵萼悬钩子,,,,,,,no_image
122395,Rubus jingningensis,景宁悬钩子,,,,,,,no_image
122431,Rubus lohfauensis,罗浮山悬钩子,,,,,,,no_image
122543,Rubus rubrisetulosus,红刺悬钩子,,,,,,,no_image
122493,Rubus pinnatisepalus,羽萼悬钩子,,,,,,,no_image
63417,Rudicollaris apennis,近凸糙颈螽,,,,,,,no_image
122577,Rubus swinhoei,木莓,,,,,,,no_image
122603,Rubus wuchuanensis,务川悬钩子,,,,,,,no_image
63430,Rugilus atronitidus,,,,,,,,no_image
63450,Rugilus huanghaoi,,,,,,,,no_image
147034,Rugosomyces persicolor,,,,,,,,no_image
122646,Rumex obtusifolius,钝叶酸模,,,,,,,no_image
122660,Rungia densiflora,密花孩儿草,,,,,,,no_image
152351,Russula castanopsis,烤裂皮红菇,,,,,,,no_image
122678,Ruppia mongolica,内蒙古川蔓藻,,,,,,,no_image
152331,Russula albonigra,黑白红菇,,,,,,,no_image
152371,Russula decipiens,拟土黄红菇,,,,,,,no_image
152391,Russula fragilis,脆红菇,,,,,,,no_image
152411,Russula ionochlora,堇菜色红菇,,,,,,,no_image
152431,Russula minutula,小红菇,,,,,,,no_image
152511,Russula viridirubrolimbata,红边绿菇,,,,,,,no_image
152451,Russula pectinatoides,拟蓖形红菇,,,,,,,no_image
152491,Russula steinbachii,斯氏红菇,,,,,,,no_image
63483,Sabactiopus sauteri,邵氏萨盲蝽,,,,,,,no_image
152471,Russula queletii,凯莱红菇,,,,,,,no_image
122689,Sabia dielsii,平伐清风藤,,,,,,,no_image
122715,Sabulina kryloviana,新疆山漆姑,,,,,,,no_image
9279,Rykella asiatica,亚洲达甲螨,,,,,,,no_image
63484,Saccharicoccus penium,旧北糖粉蚧,,,,,,,no_image
139649,Saccobolus citrinus,黄集孢粪盘菌,,,,,,,no_image
63489,Saetheria glabra,裸叶萨特摇蚊,,,,,,,no_image
63505,Sakencyrtus mirus,,,,,,,,no_image
122763,Sageretia paucicostata,少脉雀梅藤,,,,,,,no_image
122737,Saccogynidium irregularispinosum,刺叶拟囊萼苔,,,,,,,no_image
122804,Salacistis fumata,烟色足宝兰,,,,,,,no_image
122782,Sagittaria potamogetonifolia,小慈姑,,,,,,,no_image
63532,Saliocleta obliqua,斜箩舟蛾,,,,,,,no_image
19065,Salina auriculae,,,,,,,,no_image
122825,Salix argyrophegga,银光柳,,,,,,,no_image
122851,Salix calyculata,长柄垫柳,,,,,,,no_image
122955,Salix juparica,贵南柳,,,,,,,no_image
122904,Salix eriostachya,绵穗柳,,,,,,,no_image
122931,Salix gyirongensis,吉隆垫柳,,,,,,,no_image
122878,Salix cupularis,杯腺柳,,,,,,,no_image
122980,Salix lindleyana,青藏垫柳,,,,,,,no_image
123005,Salix microstachya,小穗柳,,,,,,,no_image
123029,Salix omeiensis,峨眉柳,,,,,,,no_image
123059,Salix piptotricha,毛果垫柳,,,,,,,no_image
123114,Salix serpyllum,多花小垫柳,,,,,,,no_image
123086,Salix rectijulis,欧越橘柳,,,,,,,no_image
123171,Salix wallichiana,皂柳,,,,,,,no_image
63544,Salvazaon saginatum,,,,,,,,no_image
123143,Salix taipaiensis,太白柳,,,,,,,no_image
4944,Salmacis sphaeroides,杂色角孔海胆,,,,,,,no_image
123198,Salsola ikonnikovii,蒙古猪毛菜,,,,,,,no_image
123270,Salvia handelii,木里鼠尾草,,,,,,,no_image
123235,Salvia cavaleriei,贵州鼠尾草,,,,,,,no_image
123300,Salvia nipponica,琴柱草,,,,,,,no_image
123331,Salvia schizocalyx,裂萼鼠尾草,,,,,,,no_image
123357,Salvia yunnanensis,云南鼠尾草,,,,,,,no_image
123408,Saniculiphyllum guangxiense,变豆叶草,,,,,,,no_image
123377,Sanguisorba filiformis,矮地榆,,,,,,,no_image
63586,Saprinus centralis,中央腐阎甲,,,,,,,no_image
81145,Samariscus xenicus,高知沙鲽,,,,,,,no_image
63568,Saperda populnea,,,,,,,,no_image
63607,Saprinus splendens,灿腐阎甲,,,,,,,no_image
63639,Sarasaeschna tsaopiensis,锋刀沼蜓,,,,,,,no_image
123420,Saprosma crassipes,厚梗染木树,,,,,,,no_image
152660,Sarcodon squamosus,暗鳞肉齿菌,,,,,,,no_image
81155,Sarcocheilichthys vittatus,条纹鳈,,,,,,,no_image
135142,Sarcogyne sinensis,,,,,,,,no_image
63662,Sarcorohdendorfia pudongensis,浦东鬃麻蝇,,,,,,,no_image
7233,Sarcophyton glaucum,乳白肉芝软珊瑚,,,,,,,no_image
140852,Sarcoscypha rhenana,,,,,,,,no_image
123459,Sarcosperma kachinense,绒毛肉实树,,,,,,,no_image
81169,Sardinella zunasi,锤氏小沙丁鱼,,,,,,,no_image
63694,Sarima tappana,条萨瓢蜡蝉,,,,,,,no_image
63674,Sargus flavipes,黄足瘦腹水虻,,,,,,,no_image
63712,Sarmydus dulongensis,,,,,,,,no_image
81188,Sarritor frenatus,锯鼻柄八角鱼,,,,,,,no_image
63730,Sasunaga leucorina,霉幻夜蛾,,,,,,,no_image
63756,Sathytes longitrabis,,,,,,,,no_image
81206,Saurida tumbil,多齿蛇鲻,,,,,,,no_image
81199,Saundersilarus saundersi,黑嘴鸥,,,,,,,no_image
123500,Sauromatum giganteum,独角莲,,,,,,,no_image
63770,Satyrium eximium,优秀洒灰蝶,,,,,,,no_image
123520,Saussurea acromelaena,肾叶风毛菊,,,,,,,no_image
123542,Saussurea baicalensis,大头风毛菊,,,,,,,no_image
123562,Saussurea carduiformis,蓟状风毛菊,,,,,,,no_image
123605,Saussurea eriocephala,棉头风毛菊,,,,,,,no_image
123647,Saussurea hylophila,林地风毛菊,,,,,,,no_image
123583,Saussurea cordifolia,心叶风毛菊,,,,,,,no_image
123625,Saussurea gossipiphora,雪兔子,,,,,,,no_image
123689,Saussurea lhunzhubensis,林周风毛菊,,,,,,,no_image
123709,Saussurea micradenia,滇风毛菊,,,,,,,no_image
123669,Saussurea krylovii,阿尔泰风毛菊,,,,,,,no_image
123729,Saussurea nyalamensis,聂拉木风毛菊,,,,,,,no_image
123769,Saussurea pseudograminea,拟禾叶风毛菊,,,,,,,no_image
123749,Saussurea phaeantha,褐花雪莲,,,,,,,no_image
123791,Saussurea qamdoensis,昌都风毛菊,,,,,,,no_image
123833,Saussurea subtriangulata,吉林风毛菊,,,,,,,no_image
123813,Saussurea schultzii,克什米尔雪莲,,,,,,,no_image
123855,Saussurea triangulata,毛苞风毛菊,,,,,,,no_image
123879,Saussurea wettsteiniana,垂头雪莲,,,,,,,no_image
123895,Sauteria inflata,膨柄星孔苔,,,,,,,no_image
123911,Saxifraga banmaensis,班玛虎耳草,,,,,,,no_image
138168,Sawadaea bomiensis,,,,,,,,no_image
123933,Saxifraga chionophila,雪地虎耳草,,,,,,,no_image
123955,Saxifraga deqenensis,德钦虎耳草,,,,,,,no_image
123980,Saxifraga epiphylla,卵心叶虎耳草,,,,,,,no_image
124006,Saxifraga gouldii,顶腺虎耳草,,,,,,,no_image
124057,Saxifraga lychnitis,燃灯虎耳草,,,,,,,no_image
124085,Saxifraga nangqenica,囊谦虎耳草,,,,,,,no_image
124037,Saxifraga jacquemontiana,隐茎虎耳草,,,,,,,no_image
124135,Saxifraga sibirica,球茎虎耳草,,,,,,,no_image
124110,Saxifraga przewalskii,青藏虎耳草,,,,,,,no_image
124162,Saxifraga sunhangiana,文县虎耳草,,,,,,,no_image
1028,Scalisetosus longicirrus,长须梯毛虫,,,,,,,no_image
63808,Scaeva dignota,壮月鼓额蚜蝇,,,,,,,no_image
124191,Saxifraga xiaozhongdianensis,小中甸虎耳草,,,,,,,no_image
124213,Scapania curta,短合叶苔,,,,,,,no_image
124235,Scapania massalongoi,腐木合叶苔,,,,,,,no_image
9041,Scapheremaeus uncinatus,钩角船甲螨,,,,,,,no_image
124257,Scapania verrucosa,粗疣合叶苔,,,,,,,no_image
63845,Scaphidium flavomaculatum,,,,,,,,no_image
63906,Scaphisoma dumosum,,,,,,,,no_image
63887,Scaphidium yuzhizhoui,,,,,,,,no_image
63867,Scaphidium pallidum,,,,,,,,no_image
63946,Scaphisoma pseudosolutum,,,,,,,,no_image
63966,Scaphisoma volitatum,,,,,,,,no_image
63926,Scaphisoma maindroni,,,,,,,,no_image
64001,Scaptodrosophila lebanonensis,黎巴嫩花果蝇,,,,,,,no_image
63984,Scaphobaeocera spinigera,,,,,,,,no_image
18649,Scaridium bostjani,伯氏高跷轮虫,,,,,,,no_image
64021,Scaptomyza clavata,锤状姬果蝇,,,,,,,no_image
81255,Scarus oviceps,黄鞍鹦嘴鱼,,,,,,,no_image
64048,Scathophaga flavihirta,黄毛粪蝇,,,,,,,no_image
64067,Scatopsciara curvatibia,弯胫粪眼蕈蚊,,,,,,,no_image
64100,Schedorhinotermes ganlanbaensis,橄榄坝长鼻白蚁,,,,,,,no_image
124272,Schiffneriolejeunea pulopenangensis,马来尼鳞苔,,,,,,,no_image
64086,Sceiodonta lewisii,葡萄沟顶肖叶甲,,,,,,,no_image
124307,Schisandra parapropinqua,拟铁箍散,,,,,,,no_image
124289,Schima wallichii,西南木荷,,,,,,,no_image
124327,Schistidium agassizii,高山连轴藓,,,,,,,no_image
124346,Schistochilopsis nakanishii,仲西拟歧舌苔,,,,,,,no_image
81284,Schistura disparizona,异斑南鳅,,,,,,,no_image
81304,Schistura polytaenia,多纹南鳅,,,,,,,no_image
16381,Schizocosa hebes,草裂狼蛛,,,,,,,no_image
124373,Schizopepon xizangensis,西藏裂瓜,,,,,,,no_image
124392,Schizostachyum hainanense,山骨罗竹,,,,,,,no_image
9583,Schizotetranychus kaspari,,,,,,,,no_image
150711,Schizopora flavipora,淡黄裂孔菌,,,,,,,no_image
81334,Schizothorax crytolepis,隐鳞裂腹鱼,,,,,,,no_image
81354,Schizothorax lissolabiatus,光唇裂腹鱼,,,,,,,no_image
81374,Schizothorax waltoni,拉萨裂腹鱼,,,,,,,no_image
124446,Schoenorchis gemmata,匙唇兰,,,,,,,no_image
124411,Schnabelia oligophylla,四棱草,,,,,,,no_image
124425,Schoenoplectiella wallichii,猪毛草,,,,,,,no_image
124465,Schulzia prostrata,天山苞裂芹,,,,,,,no_image
124477,Sciaphila ramosa,多枝霉草,,,,,,,no_image
64154,Sciasmomyia lui,卢影缟蝇,,,,,,,no_image
150553,Scindalma heteromorphum,,,,,,,,no_image
81407,Scincella przewalskii,西域滑蜥,,,,,,,no_image
150573,Scindalma regulicolor,,,,,,,,no_image
64177,Sciophila qingyuanensis,庆元粘菌蚊,,,,,,,no_image
6802,Scintilla opalinus,玛璃红蛤,,,,,,,no_image
64185,Scirtothrips asinus,红桧硬蓟马,,,,,,,no_image
124513,Scleria neesii,柄果珍珠茅,,,,,,,no_image
149530,Scleroderma cepa,光硬皮马勃,,,,,,,no_image
64194,Sclerochiton maculosus,,,,,,,,no_image
64196,Sclerogryllus tympanalis,单耳铁蟋,,,,,,,no_image
131656,Sclerophora amabilis,,,,,,,,no_image
139000,Sclerotinia graminearum,禾核盘菌,,,,,,,no_image
143355,Scolecobasidium humicola,,,,,,,,no_image
139020,Sclerotinia trifoliorum,三叶草核盘菌,,,,,,,no_image
81429,Scolopsis trilineata,三带眶棘鲈,,,,,,,no_image
64213,Scoliopteryx libatrix,棘翅夜蛾,,,,,,,no_image
81443,Scombrops boops,牛眼青鯥,,,,,,,no_image
81448,Scopeloberyx opisthopterus,后鳍灯孔鲷,,,,,,,no_image
81481,Scorpaenopsis vittapinna,纹鳍拟鲉,,,,,,,no_image
13701,Scopoides wanglangensis,王朗寻蛛,,,,,,,no_image
81461,Scorpaenodes crossotus,皮须小鲉,,,,,,,no_image
64245,Scotiomyia opercula,盖沼长足虻,,,,,,,no_image
124586,Scrophularia hypsophila,高山玄参,,,,,,,no_image
64258,Scotopteryx scotophasgania,黑剑掷尺蛾,,,,,,,no_image
124606,Scrophularia taihangshanensis,太行山玄参,,,,,,,no_image
124635,Scutellaria axilliflora,腋花黄芩,,,,,,,no_image
124691,Scutellaria mairei,毛茎黄芩,,,,,,,no_image
124664,Scutellaria guilielmii,连钱黄芩,,,,,,,no_image
1835,Scrupocellaria uniseriata,单列粗胞苔虫,,,,,,,no_image
124724,Scutellaria pseudotenax,假韧黄芩,,,,,,,no_image
124753,Scutellaria taipeiensis,台北黄芩,,,,,,,no_image
140701,Scutellinia fujianensis,福建盾盘菌,,,,,,,no_image
124777,Scutellaria wushanensis,巫山黄芩,,,,,,,no_image
140721,Scutellinia sinensis,中国盾盘菌,,,,,,,no_image
81491,Scutiger chintingensis,金顶齿突蟾,,,,,,,no_image
155628,Scutellospora erythropus,,,,,,,,no_image
81510,Scutiger tuberculatus,圆疣猫眼蟾,,,,,,,no_image
64281,Scydmaenus szechuanensis,,,,,,,,no_image
143368,Scytalidium japonicum,,,,,,,,no_image
64300,Scythropochroa exposita,暴露塞眼蕈蚊,,,,,,,no_image
124797,Secamone ferruginea,锈毛鲫鱼藤,,,,,,,no_image
11948,Scytodes thoracica,胸纹花皮蛛,,,,,,,no_image
124810,Sedum baiwanense,白湾景天,,,,,,,no_image
81521,Sebastes hubbsi,铠平鲉,,,,,,,no_image
124876,Sedum leucocarpum,白果景天,,,,,,,no_image
124856,Sedum glaebosum,道孚景天,,,,,,,no_image
124832,Sedum drymarioides,大叶火焰草,,,,,,,no_image
124900,Sedum nothodugueyi,距萼景天,,,,,,,no_image
124921,Sedum pratoalpinum,牧山景天,,,,,,,no_image
124941,Sedum stimulosum,刺毛景天,,,,,,,no_image
124971,Sedum xunvense,须女景天,,,,,,,no_image
141190,Seiridium cardinale,,,,,,,,no_image
125021,Selaginella kurzii,缅甸卷柏,,,,,,,no_image
125000,Selaginella devolii,棣氏卷柏,,,,,,,no_image
124980,Selaginella amblyphylla,钝叶卷柏,,,,,,,no_image
125042,Selaginella prostrata,地卷柏,,,,,,,no_image
125064,Selaginella subeffusa,近疏松卷柏,,,,,,,no_image
125105,Selliguea elegans,美丽节肢蕨,,,,,,,no_image
15956,Sellanucheza jaegeri,,,,,,,,no_image
7708,Selaginopsis triserialis,三行柏叶螅,,,,,,,no_image
125145,Selliguea tenuipes,细柄假瘤蕨,,,,,,,no_image
64335,Semanotus sinoauster,,,,,,,,no_image
125125,Selliguea nigropaleacea,乌鳞假瘤蕨,,,,,,,no_image
125166,Semenovia malcolmii,裂叶大瓣芹,,,,,,,no_image
64346,Semidalis sanxiana,三峡重粉蛉,,,,,,,no_image
6346,Semipallium wardiana,黄拟套扇贝,,,,,,,no_image
125217,Senecio morrisonensis,玉山千里光,,,,,,,no_image
125195,Senecio diversipinnus,异羽千里光,,,,,,,no_image
125242,Senecio tricuspis,三尖千里光,,,,,,,no_image
125282,Senna fruticosa,大叶决明,,,,,,,no_image
125262,Senegalia pennata,印度藤儿茶,,,,,,,no_image
64387,Senometopia shimai,嶌洪裸基寄蝇,,,,,,,no_image
19338,Sensillonychiurus pseudoreducta,,,,,,,,no_image
64419,Sepedophilus attenuatus,,,,,,,,no_image
64367,Senometopia excisa,隔离裸基寄蝇,,,,,,,no_image
154618,Septobasidium hainanense,,,,,,,,no_image
64444,Sepsidoscinis maculipennis,鼓翅秆蝇,,,,,,,no_image
154638,Septobasidium sinense,中国隔担耳,,,,,,,no_image
5309,Septifer bilocularis,隔贻贝,,,,,,,no_image
143413,Septoria carthamicola,,,,,,,,no_image
143433,Septoria dianthi,,,,,,,,no_image
143453,Septoria galiorum,,,,,,,,no_image
143393,Septoria argyraea,,,,,,,,no_image
143473,Septoria lonicerae-maackii,,,,,,,,no_image
143513,Septoria rhamni-catharticae,,,,,,,,no_image
143533,Septoria tiliae,,,,,,,,no_image
143493,Septoria phalaridis,,,,,,,,no_image
140733,Sepultaria foliacea,,,,,,,,no_image
64477,Sergentomyia kachekensis,嘉吉司蛉,,,,,,,no_image
6495,Sergia japonica,日本(大和)樱虾,,,,,,,no_image
64497,Sergentomyia turfanensis,吐鲁番司蛉,,,,,,,no_image
64516,Sericozenillia albipila,白毛蚕寄蝇,,,,,,,no_image
64522,Serixia juisuiensis,,,,,,,,no_image
64532,Serrodes campana,铃斑翅夜蛾,,,,,,,no_image
3192,Sesarmops sinensis,中华中相手蟹,,,,,,,no_image
7709,Sertularia ligulata,舌状桧叶螅,,,,,,,no_image
125347,Setaria intermedia,间序狗尾草,,,,,,,no_image
125331,Seseli squarrulosum,粗糙西风芹,,,,,,,no_image
9467,Setoptus jonesi,,,,,,,,no_image
9860,Shaanxicarus glaucaer,,,,,,,,no_image
125362,Shangrilaia nana,香格里拉荠,,,,,,,no_image
141751,Shimizuomyces paradoxus,,,,,,,,no_image
125371,Shevockia inunctocarpa,亮蒴藓,,,,,,,no_image
125390,Shizhenia pinguicula,时珍兰,,,,,,,no_image
64602,Sialis australis,南方泥蛉,,,,,,,no_image
125400,Sibbaldia omeiensis,峨眉山莓草,,,,,,,no_image
125416,Sibirotrisetum bifidum,三毛草,,,,,,,no_image
81571,Sicista pseudonapaea,灰蹶鼠,,,,,,,no_image
732,Sicyonia parajaponica,副日单肢虾,,,,,,,no_image
64648,Sieboldius nigricolor,黑纹施春蜓,,,,,,,no_image
125440,Sida szechuensis,拔毒散,,,,,,,no_image
81585,Siganus punctatissimus,黑身篮子鱼,,,,,,,no_image
64654,Siglophora bella,洁血斑夜蛾,,,,,,,no_image
64668,Silba schachti,沙赫双鬃尖尾蝇,,,,,,,no_image
125461,Silene birgittae,错那蝇子草,,,,,,,no_image
125483,Silene esquamata,无鳞蝇子草,,,,,,,no_image
125509,Silene incisa,齿瓣蝇子草,,,,,,,no_image
125533,Silene macrostyla,长柱蝇子草,,,,,,,no_image
125557,Silene orientalimongolica,内蒙古女娄菜,,,,,,,no_image
125599,Silene yunnanensis,云南蝇子草,,,,,,,no_image
125579,Silene songarica,准噶尔蝇子草,,,,,,,no_image
81599,Sillago chondropus,砂鱚,,,,,,,no_image
4671,Simocarcinus camelus,骆驼鼻额蟹,,,,,,,no_image
81616,Silurus microdorsalis,小背鳍鲇,,,,,,,no_image
64694,Silvius cordicallus,心胛林虻,,,,,,,no_image
64718,Simulium angustipes,窄足真蚋,,,,,,,no_image
64758,Simulium decimatum,十分蚋,,,,,,,no_image
64738,Simulium cangshanense,苍山纺蚋,,,,,,,no_image
64778,Simulium fluviatile,河流纺蚋,,,,,,,no_image
64798,Simulium heteroparum,异枝绳蚋,,,,,,,no_image
64818,Simulium jiulianshanense,九连山绳蚋,,,,,,,no_image
64878,Simulium novigracile,新纤细纺蚋,,,,,,,no_image
64838,Simulium liupanshanense,六盘山真蚋,,,,,,,no_image
64858,Simulium miaolingense,苗岭绳蚋,,,,,,,no_image
64938,Simulium shirakii,素木蚋,,,,,,,no_image
64918,Simulium remotum,远蚋,,,,,,,no_image
64958,Simulium tashikulganense,塔什库尔干绳蚋,,,,,,,no_image
64898,Simulium prominentum,显著蚋,,,,,,,no_image
64978,Simulium vernum,宽足纺蚋,,,,,,,no_image
65015,Sinacidia flexuosa,连曲带实蝇,,,,,,,no_image
65030,Sinagonia foveicollis,洼胸断脊甲,,,,,,,no_image
64998,Simulium xizangense,西藏绳蚋,,,,,,,no_image
18915,Sinhomidia bicolor,,,,,,,,no_image
18996,Sinella tigris,,,,,,,,no_image
19044,Sinella liuae,,,,,,,,no_image
65047,Sineugraphe rhytidoprocta,夹扇夜蛾,,,,,,,no_image
65038,Sindiola hospita,淡腹双梳龟甲,,,,,,,no_image
81626,Sinilabeo hummeli,胡氏华鲮,,,,,,,no_image
125635,Sinobambusa yixingensis,宜兴唐竹,,,,,,,no_image
65071,Sinlathrobium iniquum,,,,,,,,no_image
125649,Sinocarum vaginatum,阔鞘小芹,,,,,,,no_image
65108,Sinochlora tibetensis,西藏华绿螽,,,,,,,no_image
12278,Sinocoelotes forficatus,剪华隙蛛,,,,,,,no_image
65079,Sinocapritermes guangxiensis,桂华扭白蚁,,,,,,,no_image
125661,Sinocrassula cuonaensis,错那石莲,,,,,,,no_image
81685,Sinocyclocheilus mashanensis,马山金线鲃,,,,,,,no_image
81665,Sinocyclocheilus huanjiangensis,环江金线鲃,,,,,,,no_image
81645,Sinocyclocheilus angustiporus,狭孔金线鲃,,,,,,,no_image
81705,Sinocyclocheilus yangzongensis,阳宗金线鲃,,,,,,,no_image
2011,Sinodina angulata,角肢华米虾,,,,,,,no_image
12112,Sinodraconarius yui,喻氏华龙隙蛛,,,,,,,no_image
81719,Sinogastromyzon szechuanensis,四川华吸鳅,,,,,,,no_image
65145,Sinonasutitermes erectinasus,翘鼻华象白蚁,,,,,,,no_image
13275,Sinoinsula maculata,斑华岛蛛,,,,,,,no_image
65138,Sinolacme tortuosa,扭曲茎刺飞虱,,,,,,,no_image
65161,Sinopelta latifrons,宽额华圆蝇,,,,,,,no_image
13426,Sinopoda afflata,膨大华遁蛛,,,,,,,no_image
65180,Sinophasma klapperichi,克氏华枝䗛,,,,,,,no_image
13473,Sinopoda fasciculata,簇华遁蛛,,,,,,,no_image
13437,Sinopoda minschana,岷山华遁蛛,,,,,,,no_image
125752,Sinosenecio phalacrocarpoides,假光果蒲儿根,,,,,,,no_image
125713,Sinosasa magninoda,大节华赤竹,,,,,,,no_image
125730,Sinosenecio globiger,匍枝蒲儿根,,,,,,,no_image
13314,Sinopoda yaanensis,雅安华遁蛛,,,,,,,no_image
65213,Sinopodisma tsaii,蔡氏蹦蝗,,,,,,,no_image
125772,Sinoseris muliensis,木里中国苣,,,,,,,no_image
65239,Sinotrisus kishimotoi,,,,,,,,no_image
81742,Sinosuthora webbiana,棕头鸦雀,,,,,,,no_image
7193,Sinularia densa,密指软珊瑚,,,,,,,no_image
7141,Sinularia mayi,梅氏指软珊瑚,,,,,,,no_image
7247,Sinularia triangula,三角指软珊瑚,,,,,,,no_image
125789,Siphonodon celastrineus,木瓜桐,,,,,,,no_image
81754,Siphamia tubifer,汤加管天竺鲷,,,,,,,no_image
125794,Siraitia sikkimensis,锡金罗汉果,,,,,,,no_image
65264,Siphunculina striolata,网纹短脉秆蝇,,,,,,,no_image
143551,Sirococcus magnoliae,,,,,,,,no_image
125801,Sisymbrium altissimum,大蒜芥,,,,,,,no_image
125828,Skimmia arborescens,乔木茵芋,,,,,,,no_image
81775,Sitta przewalskii,白脸䴓,,,,,,,no_image
65283,Sisyropa formosa,台湾皮寄蝇,,,,,,,no_image
150941,Skeletocutis kuehneri,薄干皮孔菌,,,,,,,no_image
125864,Smelowskia furcata,叉华羽芥,,,,,,,no_image
125880,Smilax biumbellata,西南菝葜,,,,,,,no_image
65312,Smidtia antennalis,触角锥腹寄蝇,,,,,,,no_image
125845,Sloanea leptocarpa,薄果猴欢喜,,,,,,,no_image
125902,Smilax gagnepainii,四翅菝葜,,,,,,,no_image
125924,Smilax mairei,无刺菝葜,,,,,,,no_image
125946,Smilax planipes,扁柄菝葜,,,,,,,no_image
125969,Smilax weniae,盾叶菝葜,,,,,,,no_image
1484,Smittipora cordiformis,心形斯密苔虫,,,,,,,no_image
8195,Smithea apicigastrica,顶胃穴水母,,,,,,,no_image
65345,Soikiella asiatica,亚洲斯赤眼蜂,,,,,,,no_image
126006,Solanum laxum,素馨叶白英,,,,,,,no_image
2038,Socarnes illudens,伪肉钩虾,,,,,,,no_image
126026,Solanum scabrum,木龙葵,,,,,,,no_image
3632,Solecurtus consimilis,拟截蛏,,,,,,,no_image
5544,Solen gordonis,赤竹蛏,,,,,,,no_image
4838,Solenocera bedokensis,百陶管鞭虾,,,,,,,no_image
126052,Solenostoma bengalense,细茎管口苔,,,,,,,no_image
65348,Solenura ania,安管腹金小蜂,,,,,,,no_image
126072,Solenostoma horikawanum,崛川管口苔,,,,,,,no_image
126095,Solenostoma rubripunctatum,红丛管口苔,,,,,,,no_image
143557,Solicorynespora melicopes,蜜茱萸异棒孢,,,,,,,no_image
126139,Solms-laubachia linearis,线果扇叶芥,,,,,,,no_image
126122,Soliva pterosperma,翼子裸柱菊,,,,,,,no_image
137321,Solorina bispora,双孢散盘衣,,,,,,,no_image
65364,Solva mera,中突粗腿木虻,,,,,,,no_image
65385,Somatochlora metallica,凝翠金光伪蜻,,,,,,,no_image
126167,Sonerila maculata,溪边蜂斗草,,,,,,,no_image
16747,Songthela shuyuan,书苑宋蛛,,,,,,,no_image
65405,Sophonia arcuata,弧纹拟隐脉叶蝉,,,,,,,no_image
126199,Sophora moorcroftiana,砂生槐,,,,,,,no_image
65426,Sophonia spinula,端刺拟隐脉叶蝉,,,,,,,no_image
126223,Sorbaria arborea,高丛珍珠梅,,,,,,,no_image
126256,Sorbus discolor,北京花楸,,,,,,,no_image
126278,Sorbus griffithii,云南花楸,,,,,,,no_image
126306,Sorbus microphylla,小叶花楸,,,,,,,no_image
126359,Sorbus tiantangensis,天堂花楸,,,,,,,no_image
126330,Sorbus randaiensis,台湾花楸,,,,,,,no_image
81805,Sorex daphaenodon,大齿鼩鼱,,,,,,,no_image
81817,Soriculus beibengensis,背崩长尾鼩鼱,,,,,,,no_image
126390,Soroseris teres,柱序绢毛苣,,,,,,,no_image
154757,Sorosporium paridis,,,,,,,,no_image
65459,Spalangia cameroni,皱肩俑小蜂,,,,,,,no_image
140745,Sowerbyella kaushalii,,,,,,,,no_image
65482,Spaniocelyphus dentatus,齿突狭须甲蝇,,,,,,,no_image
65511,Spatalia procne,顶斑金舟蛾,,,,,,,no_image
126418,Spatholobus discolor,变色密花豆,,,,,,,no_image
151864,Sparassis cystidiosa,囊状体绣球菌,,,,,,,no_image
65529,Spatulignatha chrysopteryx,金翅匙唇祝蛾,,,,,,,no_image
12942,Spartaeus forcipiformis,钳散蛛,,,,,,,no_image
12700,Speocera dongjing,洞靖角洞蛛,,,,,,,no_image
126438,Spergularia rubra,田野牛漆姑,,,,,,,no_image
81826,Spelaeornis badeigularis,锈喉鹩鹛,,,,,,,no_image
152974,Sphacelotheca anthistiriae,菅轴黑粉菌,,,,,,,no_image
152994,Sphacelotheca ischaemi,,,,,,,,no_image
153014,Sphacelotheca schweinfurthiana,,,,,,,,no_image
65566,Sphaerobulbus bisinuatus,,,,,,,,no_image
144758,Sphaeria pithya,,,,,,,,no_image
6328,Sphaeromyxa balbianii,波比弧形虫,,,,,,,no_image
136599,Sphaerophorus melanocarpus,黑果球粉衣,,,,,,,no_image
65606,Sphaerophoria flavescentis,黄色细腹蚜蝇,,,,,,,no_image
4088,Sphaerodromia kendalli,肯德尔圆绵蟹,,,,,,,no_image
3271,Sphaerospora sebastis,平鲉球孢虫,,,,,,,no_image
138173,Sphaerotheca astragali,,,,,,,,no_image
138193,Sphaerotheca microcarpa,,,,,,,,no_image
126466,Sphagneticola trilobata,南美蟛蜞菊,,,,,,,no_image
126483,Sphagnum jensenii,垂枝泥炭藓,,,,,,,no_image
126505,Sphagnum riparium,岸生泥炭藓,,,,,,,no_image
65652,Sphegina orientalis,东方棒腹蚜蝇,,,,,,,no_image
65632,Sphegigaster cuspidata,尖斯夫金小蜂,,,,,,,no_image
126522,Sphenolobopsis pearsonii,拟折瓣苔,,,,,,,no_image
65708,Sphingonotus rubescen,如红束颈蝗,,,,,,,no_image
7802,Sphenotrohus hancocki,汉氏揳轮珊瑚,,,,,,,no_image
65684,Sphingonotus bey-bienkoi,贝束颈蝗,,,,,,,no_image
65747,Spilarctia gianelli,淡红污灯蛾,,,,,,,no_image
65728,Sphragifera maculata,斑明夜蛾,,,,,,,no_image
18755,Sphyrotheca dawydoffi,,,,,,,,no_image
65769,Spilarctia zhongtiao,纵条污灯蛾,,,,,,,no_image
65810,Spilogona pacifica,和平点池蝇,,,,,,,no_image
65789,Spilogona depressiuscula,小沉点池蝇,,,,,,,no_image
65830,Spilogona tianchia,天池点池蝇,,,,,,,no_image
65864,Spilosoma mienshanica,绵山雪灯蛾,,,,,,,no_image
65850,Spilonota lechriaspis,芽白小卷蛾,,,,,,,no_image
65876,Spindasis lohita,银线灰蝶,,,,,,,no_image
14442,Spinirta sparsula,疏刺突蛛,,,,,,,no_image
65900,Spinimegopis tibialis,,,,,,,,no_image
126529,Spiradiclis arunachalensis,藏南螺序草,,,,,,,no_image
126571,Spiradiclis pengshuiensis,彭水螺序草,,,,,,,no_image
126551,Spiradiclis guangdongensis,广东螺序草,,,,,,,no_image
126593,Spiraea adiantoides,蕨叶绣线菊,,,,,,,no_image
126627,Spiraea fangii,文培绣线菊,,,,,,,no_image
126713,Spiraea schochiana,滇中绣线菊,,,,,,,no_image
126669,Spiraea martini,毛枝绣线菊,,,,,,,no_image
65918,Spirama retorta,环夜蛾,,,,,,,no_image
126754,Splachnum rubrum,红壶藓,,,,,,,no_image
15789,Spirobolus cincinnalis,卷山蛩,,,,,,,no_image
65925,Spodoptera mauritia,灰翅夜蛾,,,,,,,no_image
143586,Sporidesmium deightonii,,,,,,,,no_image
3393,Spondylus gussoni,古氏海菊蛤,,,,,,,no_image
133782,Sporidesmiella fusiformis,,,,,,,,no_image
155008,Sporisorium cruentum,高粱散孢堆黑粉菌,,,,,,,no_image
5619,Spongionella gracilis,细薄小针海绵,,,,,,,no_image
143606,Sporidesmium ningxiaense,,,,,,,,no_image
155028,Sporisorium microstegii,莠竹孢堆黑粉菌,,,,,,,no_image
153029,Sporidiobolus salmonicolor,,,,,,,,no_image
155048,Sporisorium spinulosum,小刺孢堆黑粉菌,,,,,,,no_image
135488,Sporopodium flavescens,,,,,,,,no_image
151107,Sporotrichum formosanum,,,,,,,,no_image
65936,Squamosa brevisunca,短爪鳞刺蛾,,,,,,,no_image
81915,Squaliobarbus curriculus,赤眼鳟,,,,,,,no_image
126797,Spruceanthus planiusculus,平叶多褶苔,,,,,,,no_image
19206,Stachorutes jizuensis,,,,,,,,no_image
142235,Stachybotrys zeae,,,,,,,,no_image
81935,Stachyris strialata,斑颈穗鹛,,,,,,,no_image
133654,Stagonosporopsis cucurbitacearum,,,,,,,,no_image
126848,Stachytarpheta jamaicensis,假马鞭,,,,,,,no_image
143634,Stanjehughesia nigroaca,,,,,,,,no_image
126869,Stauntonia conspicua,显脉野木瓜,,,,,,,no_image
126888,Staurogyne arunachalensis,藏南叉柱花,,,,,,,no_image
126860,Staphylea bumalda,省沽油,,,,,,,no_image
143640,Staurophoma calami,,,,,,,,no_image
134783,Staurothele ochroplaca,,,,,,,,no_image
151988,Stecchericium ochraceocroceum,绒盖齿耳,,,,,,,no_image
11945,Stedocys ludiyanensis,陆地岩胸蛛,,,,,,,no_image
11817,Steatoda mainlingoides,类米林肥腹蛛,,,,,,,no_image
66034,Stegana curvinervis,弯脉冠果蝇,,,,,,,no_image
66014,Stegana angusigena,狭颊冠果蝇,,,,,,,no_image
66054,Stegana jiajinshanensis,夹金山冠果蝇,,,,,,,no_image
66074,Stegana mengla,勐腊冠果蝇,,,,,,,no_image
66114,Stegana sphaerica,球叶冠果蝇,,,,,,,no_image
66094,Stegana pilosella,稀毛冠果蝇,,,,,,,no_image
12515,Stegodyphus tibialis,胫穹蛛,,,,,,,no_image
66134,Stegana zhaofengi,赵锋冠果蝇,,,,,,,no_image
66144,Stelis aculeata,尖腹暗蜂,,,,,,,no_image
126938,Stellaria depressa,矮陷繁缕,,,,,,,no_image
126965,Stellaria neglecta,鸡肠繁缕,,,,,,,no_image
127000,Stemona kerrii,克氏百部,,,,,,,no_image
126985,Stellaria subumbellata,亚伞花繁缕,,,,,,,no_image
134113,Stemphylium allii-cepae,,,,,,,,no_image
134133,Stemphylium phaseolina,,,,,,,,no_image
66178,Stenatkina longi,龙氏长冠叶蝉，新种,,,,,,,no_image
66161,Stenaesthetus brevisulcatus,,,,,,,,no_image
66192,Stenhomalus cephalotes,,,,,,,,no_image
66255,Stenochironomus koreanus,朝鲜狭摇蚊,,,,,,,no_image
66235,Stenischia xiei,解氏狭臀蚤,,,,,,,no_image
66215,Stenichnus dabanus,,,,,,,,no_image
66292,Stenocranus yuanmaonus,缘毛长突飞虱,,,,,,,no_image
66311,Stenodema pilosa,多毛狭盲蝽,,,,,,,no_image
66331,Stenodes nomadana,赭翅窄纹卷蛾,,,,,,,no_image
66272,Stenocorus schizotarsus,,,,,,,,no_image
15569,Stenohya hainanensis,海南狭伪蝎,,,,,,,no_image
66379,Stenomastax sinensis,,,,,,,,no_image
66359,Stenomalina laticeps,拉纤金小蜂,,,,,,,no_image
66398,Stenopogon coracinus,江苏瘦芒食虫虻,,,,,,,no_image
66449,Stenus amurensis,,,,,,,,no_image
66418,Stenoponia suknevi,短指狭蚤,,,,,,,no_image
66427,Stenotortor subhimalaya,红纹薄扁叶蝉,,,,,,,no_image
66470,Stenus basicornis,,,,,,,,no_image
66494,Stenus brancuccii,,,,,,,,no_image
66514,Stenus cirricinctus,,,,,,,,no_image
66556,Stenus deceptiosus,,,,,,,,no_image
66535,Stenus concinnus,,,,,,,,no_image
66576,Stenus erlanganus,,,,,,,,no_image
66618,Stenus hainanensis,,,,,,,,no_image
66598,Stenus frater,,,,,,,,no_image
66638,Stenus ignobilis,,,,,,,,no_image
66658,Stenus jindingianus,,,,,,,,no_image
66746,Stenus oculifer,,,,,,,,no_image
66702,Stenus maoershanus,,,,,,,,no_image
66679,Stenus lewisius,,,,,,,,no_image
66724,Stenus montisedens,,,,,,,,no_image
66767,Stenus perparvus,,,,,,,,no_image
66809,Stenus puthzianus,,,,,,,,no_image
66787,Stenus pervenustus,,,,,,,,no_image
66830,Stenus rugositogatus,,,,,,,,no_image
66910,Stenus viridivestis,,,,,,,,no_image
66850,Stenus shibatai,,,,,,,,no_image
66870,Stenus sucinigutta,,,,,,,,no_image
66890,Stenus trifurcatus,,,,,,,,no_image
66930,Stenus yaoluopingus,,,,,,,,no_image
127036,Stephania intermedia,河谷地不容,,,,,,,no_image
127059,Stephania yunnanensis,云南地不容,,,,,,,no_image
127016,Stephanandra chinensis,野珠兰,,,,,,,no_image
127080,Sterculia pinbienensis,屏边苹婆,,,,,,,no_image
81962,Stercorarius longicaudus,长尾贼鸥,,,,,,,no_image
136654,Stereocaulon plicatile,,,,,,,,no_image
136634,Stereocaulon dactylophyllum,指叶珊瑚枝,,,,,,,no_image
6898,Stereonephthya inordinata,无序硬荑软珊瑚,,,,,,,no_image
152600,Stereum pubescens,细绒韧革菌,,,,,,,no_image
152580,Stereum cacao,,,,,,,,no_image
152732,Sterigmatomyces halophilus,,,,,,,,no_image
66955,Sternotropa erlangensis,,,,,,,,no_image
7770,Stichopathes filiformis,线纵列黑珊瑚,,,,,,,no_image
127108,Stevenia canescens,燥原荠,,,,,,,no_image
66977,Stibochiona nicea,素饰蛱蝶,,,,,,,no_image
1238,Sthenelais fusca,褐色镰毛鳞虫,,,,,,,no_image
67012,Stichopogon elegantulus,华丽微食虫虻,,,,,,,no_image
67034,Stictomischus longipetiolus,长柄刻柄金小蜂,,,,,,,no_image
137069,Stictis radiata,放射点盘菌,,,,,,,no_image
137212,Sticta mougeotiana,假黄牛皮叶,,,,,,,no_image
143642,Stigmateacites polymorphus,,,,,,,,no_image
133293,Stigmidium epiphyllum,,,,,,,,no_image
67068,Stilicoderus daweianus,,,,,,,,no_image
67088,Stilicoderus sarahae,,,,,,,,no_image
67107,Stilobezzia clavella,小棘柱蠓,,,,,,,no_image
127151,Stipa baicalensis,狼针草,,,,,,,no_image
127177,Stipa roborowskyi,昆仑针茅,,,,,,,no_image
67127,Stilobezzia pallidicollis,淡色柱蠓,,,,,,,no_image
67142,Stivalius aporus,无孔微棒蚤,,,,,,,no_image
67152,Stomorhina obsoleta,不显口鼻蝇,,,,,,,no_image
127198,Stranvaesia amphidoxa,,,,,,,,no_image
13546,Storenomorpha yunnan,云南斯托蛛,,,,,,,no_image
5997,Stolus crassus,粗壮囊皮参,,,,,,,no_image
67197,Stratiomys nobilis,高贵水虻,,,,,,,no_image
67216,Streblocera ekphora,钩长柄茧蜂,,,,,,,no_image
67236,Streblocera nantouensis,南投长柄茧蜂,,,,,,,no_image
67256,Streblocera villosa,绒脸长柄茧蜂,,,,,,,no_image
82014,Streptopelia tranquebarica,火斑鸠,,,,,,,no_image
6095,Striatobalanus cristatus,高脊条藤壶,,,,,,,no_image
67269,Striglin alineola,缺线网蛾,,,,,,,no_image
127227,Strigosella hispida,刚毛涩芥,,,,,,,no_image
8781,Striodentalium polycostatum,多肋沟角贝,,,,,,,no_image
127243,Strobilanthes bantonensis,桂越马蓝,,,,,,,no_image
127266,Strobilanthes discolor,异色马蓝,,,,,,,no_image
127309,Strobilanthes longiflora,长花黄猄草,,,,,,,no_image
127286,Strobilanthes helicta,曲序马蓝,,,,,,,no_image
127329,Strobilanthes parvifolia,小叶马蓝,,,,,,,no_image
149281,Strobilomyces mollis,软松塔牛肝菌,,,,,,,no_image
127349,Strobilanthes serrata,齿叶马蓝,,,,,,,no_image
127369,Strobilanthes torrentium,急流紫云菜,,,,,,,no_image
127383,Strobocalyx sylvatica,林生斑鸠菊,,,,,,,no_image
67295,Strobilomyia melaniola,黑胸球果花蝇,,,,,,,no_image
10813,Strombus gibberulus,驼背凤螺,,,,,,,no_image
10812,Strombus vomer,皱唇凤螺,,,,,,,no_image
67315,Strongylophthalmyia punctata,斑点圆目蝇,,,,,,,no_image
127401,Struvea okamurae,冈村网叶藻,,,,,,,no_image
148383,Stropharia stercoraria,,,,,,,,no_image
148363,Stropharia coranilla,,,,,,,,no_image
127417,Stuckenia pamirica,长鞘菹草,,,,,,,no_image
127423,Stylonema alsidii,茎丝藻,,,,,,,no_image
152871,Stylina disticha,,,,,,,,no_image
67347,Styloptera formosae,丽尖翅果蝇,,,,,,,no_image
67365,Stylotermes latipedunculus,阔颏杆白蚁,,,,,,,no_image
67385,Stylurus erectocornus,竖角扩腹春蜓,,,,,,,no_image
127442,Styrax chinensis,中华安息香,,,,,,,no_image
127468,Styrax rhytidocarpus,皱果安息香,,,,,,,no_image
127498,Suaeda pterantha,纵翅碱蓬,,,,,,,no_image
67407,Styringomyia sinensis,中华香大蚊,,,,,,,no_image
67424,Suastus minutus,小素弄蝶,,,,,,,no_image
67431,Submicroterys cerococci,壶蚧亚翅跳小蜂,,,,,,,no_image
17637,Subzebrinus ottonis,耳杂斑螺,,,,,,,no_image
13610,Sudesna flavipes,黄足苏蛛,,,,,,,no_image
67451,Suillia takasagomontana,高山舒日蝇,,,,,,,no_image
149591,Suillus flavidus,淡色乳牛肝菌,,,,,,,no_image
149611,Suillus pictus,松乳牛肝菌,,,,,,,no_image
149631,Suillus viscidipes,粘盖乳牛肝菌,,,,,,,no_image
67472,Suinzona parva,乱点梭形叶甲,,,,,,,no_image
7754,Sulculeolaria biloba,双叶无棱水母,,,,,,,no_image
82066,Suncus etruscus,小臭鼩,,,,,,,no_image
127528,Sunipia soidaoensis,苏瓣大苞兰,,,,,,,no_image
67521,Suwaia longicornis,长谷诹访粪蝇,,,,,,,no_image
67510,Suragina fujianensis,福建平颊伪鹬虻,,,,,,,no_image
127543,Swertia binchuanensis,宾川獐牙菜,,,,,,,no_image
127570,Swertia forrestii,紫萼獐牙菜,,,,,,,no_image
127618,Swertia shintenensis,新店獐牙菜,,,,,,,no_image
127641,Syagrus romanzoffiana,女王椰子,,,,,,,no_image
67548,Sybistroma incisus,凹缺粗柄长足虻,,,,,,,no_image
127592,Swertia mileensis,弥勒獐牙菜,,,,,,,no_image
67571,Sybra mimobaculina,,,,,,,,no_image
67603,Sylvicola zhejianganus,浙江殊蠓,,,,,,,no_image
67610,Symbrenthia leoparda,斑豹盛蛱蝶,,,,,,,no_image
67593,Sycacantha inodes,勐维小卷蛾,,,,,,,no_image
67648,Sympetrum sanguineum,血红赤蜻,,,,,,,no_image
82102,Symphorus nematophorus,丝条长鳍笛鲷,,,,,,,no_image
127662,Symphyodon yuennanensis,云南刺果藓,,,,,,,no_image
67625,Sympetrum croceolum,半黄赤蜻,,,,,,,no_image
7700,Symplectoscyphus tricuspidatus,三齿辫螅,,,,,,,no_image
67679,Sympistis nigrita,玄集冬夜蛾,,,,,,,no_image
127694,Symplocos fordii,三裂山矾,,,,,,,no_image
127718,Symplocos prunifolia,黑山山矾,,,,,,,no_image
67717,Symydobius kabae,黑桦毛斑蚜,,,,,,,no_image
67697,Sympotthastia fulva,黄褐同波摇蚊,,,,,,,no_image
1325,Synalpheus bispinosus,双刺合鼓虾,,,,,,,no_image
12950,Synagelides palpaloides,类长触合跳蛛,,,,,,,no_image
1316,Synalpheus tumidomanus,瘤掌合鼓虾,,,,,,,no_image
18452,Synchaeta oblonga,长圆疣毛轮虫,,,,,,,no_image
156055,Syncephalastrum monosporum,,,,,,,,no_image
127746,Syndiclis furfuracea,鳞秕油果樟,,,,,,,no_image
127755,Syneilesis hayatae,台湾兔儿伞,,,,,,,no_image
6821,Synchthonius elegans,美合缝甲螨,,,,,,,no_image
67762,Syneches maoershanensis,猫儿山柄驼舞虻,,,,,,,no_image
67742,Syneches ancistroides,钩突柄驼舞虻,,,,,,,no_image
82145,Synodus indicus,印度狗母鱼,,,,,,,no_image
67786,Syngamoptera flavipes,黄足合夜蝇,,,,,,,no_image
127760,Synotis alata,翅柄合耳菊,,,,,,,no_image
127780,Synotis jinpingensis,金平合耳菊,,,,,,,no_image
82159,Synthliboramphus wumizusume,冠海雀,,,,,,,no_image
127800,Synotis sinica,华合耳菊,,,,,,,no_image
67820,Syntormon zhengi,郑氏嵌长足虻,,,,,,,no_image
67828,Syntypistis acula,尖胯舟蛾,,,,,,,no_image
67873,Sypnoides missionaria,层析夜蛾,,,,,,,no_image
127838,Syringa pinnatifolia,羽叶丁香,,,,,,,no_image
67854,Syntypistis subgriseoviridis,微灰胯舟蛾,,,,,,,no_image
67899,Syrphophagus chinensis,中华食蚜蝇跳小蜂,,,,,,,no_image
127857,Syrrhopodon chenii,陈氏网藓,,,,,,,no_image
67916,Systasis encyrtoides,拟跳毛链金小蜂,,,,,,,no_image
67954,Systropus flavalatus,黄翅姬蜂虻,,,,,,,no_image
67934,Systropus aurantispinus,金刺姬蜂虻,,,,,,,no_image
127885,Syzygium baviense,短棒蒲桃,,,,,,,no_image
67994,Systropus xingshanus,兴山姬蜂虻,,,,,,,no_image
67974,Systropus limbatus,棕腿姬蜂虻,,,,,,,no_image
127931,Syzygium lineatum,长花蒲桃,,,,,,,no_image
127908,Syzygium forrestii,滇边蒲桃,,,,,,,no_image
127952,Syzygium stenocladum,纤枝蒲桃,,,,,,,no_image
82167,Taaningichthys bathyphilus,前臀月灯鱼,,,,,,,no_image
68020,Tabanus borealoriens,亲北虻,,,,,,,no_image
68042,Tabanus crassus,红腹虻,,,,,,,no_image
68062,Tabanus glaucopis,银灰虻,,,,,,,no_image
68102,Tabanus lucifer,光亮虻,,,,,,,no_image
68082,Tabanus jucundus,适中虻,,,,,,,no_image
68122,Tabanus mutatus,革新虻,,,,,,,no_image
68142,Tabanus paganus,乡村虻,,,,,,,no_image
68162,Tabanus pseudoliviventris,伪青腹虻,,,,,,,no_image
68182,Tabanus signatipennis,重脉虻,,,,,,,no_image
127970,Tabernaemontana corymbosa,伞房狗牙花,,,,,,,no_image
68202,Tabanus tieshengi,铁生虻,,,,,,,no_image
68271,Tachina punctocincta,栗黑寄蝇,,,,,,,no_image
68231,Tachina breviala,短翅寄蝇,,,,,,,no_image
68251,Tachina laterolinea,侧条寄蝇,,,,,,,no_image
68332,Tachinus laticollis,,,,,,,,no_image
68312,Tachinus extensiventris,,,,,,,,no_image
68291,Tachinomorphus fulvipes,,,,,,,,no_image
68353,Tachinus oblongoelytratus,,,,,,,,no_image
68373,Tachinus taichii,,,,,,,,no_image
68392,Tachydromia yunnanensis,云南合室舞虻,,,,,,,no_image
82176,Tachysurus zhangfei,张飞疯鲿,,,,,,,no_image
127979,Tadehagi triquetrum,葫芦茶,,,,,,,no_image
68440,Tagiades cohaerens,滚边裙弄蝶,,,,,,,no_image
10081,Taijutarus triangulus,,,,,,,,no_image
68468,Taipinus convexus,凸背圆胸叶甲,,,,,,,no_image
68478,Taiwania amurensis,兴安台龟甲,,,,,,,no_image
82185,Taeniopsetta ocellata,眼斑线鳍鲆,,,,,,,no_image
68519,Taiwania purpuricollis,胭胸台龟甲,,,,,,,no_image
68497,Taiwania fumida,烟斑台龟甲,,,,,,,no_image
68540,Taiwania vitalisi,眉纹台龟甲,,,,,,,no_image
68559,Tajuria maculata,豹斑双尾灰蝶,,,,,,,no_image
11677,Takayus huanrenensis,桓仁高蛛,,,,,,,no_image
82218,Takydromus septentrionalis,北草蜥,,,,,,,no_image
13135,Talavera trivittata,三带怜蛛,,,,,,,no_image
82198,Takifugu poecilonotus,斑点多纪鲀,,,,,,,no_image
16270,Takeoa huangshan,黄山塔克蛛,,,,,,,no_image
82233,Tamiops swinhoei,隐纹花鼠,,,,,,,no_image
128032,Tamarix arceuthoides,密花柽柳,,,,,,,no_image
68588,Tamba gensanalis,暗斑坦夜蛾,,,,,,,no_image
128067,Tanacetum tatsienense,川西小黄菊,,,,,,,no_image
5640,Tanea lineata,线纹玉螺,,,,,,,no_image
68616,Tanyptera digitata,指突奇栉大蚊,,,,,,,no_image
68636,Tanytarsus motosuensis,运动长跗摇蚊,,,,,,,no_image
68654,Taperus fugongensis,福贡角突叶蝉,,,,,,,no_image
128094,Taraxacum bicorne,双角蒲公英,,,,,,,no_image
68661,Tapiena parapentagona,副七角麻螽,,,,,,,no_image
68667,Taractrocera flavoides,黄弄蝶,,,,,,,no_image
128134,Taraxacum lilacinum,紫花蒲公英,,,,,,,no_image
128114,Taraxacum formosanum,台湾蒲公英,,,,,,,no_image
128154,Taraxacum perplexans,困惑蒲公英,,,,,,,no_image
128194,Taraxacum tubulosum,近管花蒲公英,,,,,,,no_image
128174,Taraxacum sikkimense,锡金蒲公英,,,,,,,no_image
128224,Tarlmounia elliptica,光耀藤,,,,,,,no_image
128213,Tarenna pendula,垂序乌口树,,,,,,,no_image
140763,Tarzetta rapulum,,,,,,,,no_image
128245,Taxillus limprichtii,木兰寄生,,,,,,,no_image
68693,Tasiocera jubata,毛尾大蚊,,,,,,,no_image
128291,Taxus qinlingensis,秦岭红豆杉,,,,,,,no_image
128271,Taxiphyllum taiwanense,台湾鳞叶藓,,,,,,,no_image
68714,Teanocera ferruginea,锈色基芒沼蝇,,,,,,,no_image
128340,Tectaria setulosa,棕毛轴脉蕨,,,,,,,no_image
6121,Tedania anhelans,喘水苔海绵,,,,,,,no_image
128320,Tectaria fuscipes,黑鳞轴脉蕨,,,,,,,no_image
10374,Tegolophus randiae,,,,,,,,no_image
10286,Tegolophus dirotuadus,,,,,,,,no_image
134174,Teichospora oxythele,,,,,,,,no_image
9975,Tegonotus hispidae,,,,,,,,no_image
12988,Telamonia vlijmi,弗氏纽蛛,,,,,,,no_image
68761,Teleopsis fujianensis,福建泰突眼蝇,,,,,,,no_image
68781,Telicota ohara,黄纹长标弄蝶,,,,,,,no_image
5488,Tellinides valtonis,脆壳仿樱蛤,,,,,,,no_image
128356,Tenacistachya minor,小坚轴草,,,,,,,no_image
4940,Temnopleurus toreumatica,细雕刻肋海胆,,,,,,,no_image
9935,Tenuipalpus filicicola,,,,,,,,no_image
14321,Tenuiphantes tenebricola,喜暗细蛛,,,,,,,no_image
137663,Teloschistes brevior,短黄枝衣,,,,,,,no_image
68845,Tephritis sonchina,苦苣菜花翅实蝇,,,,,,,no_image
68825,Tephritis hendelina,亨氏花翅实蝇,,,,,,,no_image
128364,Tephroseris pierotii,江浙狗舌草,,,,,,,no_image
82278,Teratoscincus roborowskii,吐鲁番沙虎,,,,,,,no_image
128391,Teramnus labialis,软荚豆,,,,,,,no_image
2277,Teredo bitubula,双管船蛆,,,,,,,no_image
68876,Teredorus prominemarginis,突缘尖顶蚱,,,,,,,no_image
147050,Termitomyces albus,鸡枞菌,,,,,,,no_image
147070,Termitomyces rabuorii,暗色鸡枞菌,,,,,,,no_image
16938,Tergestia laticollis,扁颈颈褶吸虫,,,,,,,no_image
128409,Ternstroemia gymnanthera,厚皮香,,,,,,,no_image
68901,Terrilimosina capricornis,羊角陆小粪蝇,,,,,,,no_image
68918,Terthrothrips palmatus,掌状胫管蓟马,,,,,,,no_image
68925,Tethea albicosta,白缘太波纹蛾,,,,,,,no_image
10535,Tetra lobatae,,,,,,,,no_image
475,Tethyaster aulophorus,海神海星,,,,,,,no_image
18860,Tetracanthella dorsoduplex,,,,,,,,no_image
10301,Tetra superbae,,,,,,,,no_image
5973,Tetraclitella costata,十肋小笠藤壶,,,,,,,no_image
68982,Tetraglenes bacillarius,,,,,,,,no_image
14921,Tetragnatha hiroshii,牧原肖蛸,,,,,,,no_image
14891,Tetragnatha sociella,伴侣肖蛸,,,,,,,no_image
69005,Tetraneura brachytricha,短毛四脉绵蚜,,,,,,,no_image
68988,Tetralonia acutangula,六齿四条蜂,,,,,,,no_image
9506,Tetranychus evansi,,,,,,,,no_image
69023,Tetraommatus taiwanus,,,,,,,,no_image
9689,Tetranychus shanghaiensis,,,,,,,,no_image
10200,Tetraspinus litchi,,,,,,,,no_image
7861,Tetraplatia volitans,四脊翼水母,,,,,,,no_image
69056,Tetrastichus piceae,云杉小蠹灿姬小蜂,,,,,,,no_image
128465,Tetrastigma henryi,蒙自崖爬藤,,,,,,,no_image
128488,Tetrastigma rumicispermum,喜马拉雅崖爬藤,,,,,,,no_image
69065,Tetrathemis platyptera,宽翅方蜻,,,,,,,no_image
69084,Tetrix kunmingensis,昆明蚱,,,,,,,no_image
69104,Tetropium gracilicorne,,,,,,,,no_image
134942,Tettigomyces confusus,,,,,,,,no_image
69131,Teuchophorus fluvius,溪脉胝长足虻,,,,,,,no_image
128526,Teucrium japonicum,穗花香科科,,,,,,,no_image
69145,Teulisna maculata,斑图苔蛾,,,,,,,no_image
128562,Thaia saprophytica,泰兰,,,,,,,no_image
17419,Thais tuberosa,瘤角荔枝螺,,,,,,,no_image
89,Thalamita macropus,大足短桨蟹,,,,,,,no_image
108,Thalamita tenuipes,细足短桨蟹,,,,,,,no_image
82334,Thalassoma jansenii,詹氏锦鱼,,,,,,,no_image
19394,Thalassaphorura yodai,,,,,,,,no_image
19429,Thalassaphorura guangdongensis,,,,,,,,no_image
128566,Thalictrum alpinum,高山唐松草,,,,,,,no_image
128599,Thalictrum faberi,大叶唐松草,,,,,,,no_image
128626,Thalictrum jiulongense,九龙唐松草,,,,,,,no_image
128651,Thalictrum osmundifolium,川鄂唐松草,,,,,,,no_image
128675,Thalictrum shensiense,陕西唐松草,,,,,,,no_image
128701,Thalictrum virgatum,帚枝唐松草,,,,,,,no_image
69188,Thamiaraea japonica,,,,,,,,no_image
128723,Thamnocalamus unispiculatus,单穗筱竹,,,,,,,no_image
12535,Thanatus neimongol,内蒙狼逍遥蛛,,,,,,,no_image
69205,Thaumatodryinus moganensis,莫干山毛角螯蜂,,,,,,,no_image
139671,Thecotheus formosanus,台湾锥盘菌,,,,,,,no_image
69226,Thecabius populi,杨伪卷叶绵蚜,,,,,,,no_image
69234,Thecla betulina,桦小线灰蝶,,,,,,,no_image
152696,Thelephora vialis,莲座革菌,,,,,,,no_image
82352,Theloderma khoii,河江棱皮树蛙,,,,,,,no_image
69256,Thektogaster rubens,微红尖腹金小蜂,,,,,,,no_image
137074,Thelenella luridella,棕色头衣,,,,,,,no_image
137043,Thelotrema lepadinum,帽贝疣孔衣,,,,,,,no_image
128737,Themeda hookeri,西南菅草,,,,,,,no_image
69291,Thera variata,黑带尺蛾,,,,,,,no_image
8297,Themiste spinulum,棘管枝触星虫,,,,,,,no_image
11807,Theridion inquinatum,大陆污球蛛,,,,,,,no_image
11558,Theridion poecilum,杂色球蛛,,,,,,,no_image
14471,Theridiosoma plumarium,羽球体蛛,,,,,,,no_image
11733,Theridion cheni,陈氏球蛛,,,,,,,no_image
128754,Thermopsis barbata,紫花野决明,,,,,,,no_image
69318,Thermistis conjunctesignata,,,,,,,,no_image
128777,Thesium emodi,藏南百蕊草,,,,,,,no_image
69337,Thetidia kansuensis,甘肃二线绿尺蛾,,,,,,,no_image
69388,Thinodromus schuelkei,,,,,,,,no_image
69348,Thienemanniella ginzanquinta,银塔提尼曼摇蚊,,,,,,,no_image
69368,Thienemannimyia triangular,三角特长足摇蚊,,,,,,,no_image
128844,Thlaspi arvense,菥蓂,,,,,,,no_image
69408,Thinophilus spinitarsis,刺跗滨长足虻,,,,,,,no_image
14630,Thomisus magaspangus,糙胸蟹蛛,,,,,,,no_image
128810,Thladiantha dubia,赤瓟,,,,,,,no_image
69430,Thoracochaeta seticosta,异缘胸刺小粪蝇,,,,,,,no_image
69467,Thosea plethoneura,丰扁刺蛾,,,,,,,no_image
69449,Thoracostrongylus velutinus,,,,,,,,no_image
69482,Thranius rufescens,,,,,,,,no_image
69504,Thricops genarum,毛脉毛基蝇,,,,,,,no_image
69525,Thrips hawaiiensis,黄胸蓟马,,,,,,,no_image
128849,Thrixspermum eximium,异色白点兰,,,,,,,no_image
69546,Thrypticus abditus,隐潜长足虻,,,,,,,no_image
69557,Thubana xanthoteles,黄白祝蛾,,,,,,,no_image
128882,Thuja plicata,北美乔柏,,,,,,,no_image
11520,Thwaitesia nigrimaculata,黑斑银板蛛,,,,,,,no_image
69576,Thylactus dentipennis,,,,,,,,no_image
6015,Thyone loui,陆氏花海参,,,,,,,no_image
11652,Thymoites trisetaceus,三毛灵蛛,,,,,,,no_image
69607,Thyreocephalus shimianicus,,,,,,,,no_image
69625,Thyridosmylus trimaculatus,三斑窗溪蛉,,,,,,,no_image
128920,Thysananthus spathulistipus,棕红毛鳞苔,,,,,,,no_image
3465,Tiarinia depressa,扁平并额蟹,,,,,,,no_image
128931,Tibetia yadongensis,亚东高山豆,,,,,,,no_image
128944,Ticanto yunnanensis,云南南天藤,,,,,,,no_image
128961,Tilia jiaodongensis,胶东椴,,,,,,,no_image
128987,Tillaea mongolica,承德东爪草,,,,,,,no_image
152928,Tilletia patagonica,,,,,,,,no_image
69656,Timelaea albescens,白裳猫蛱蝶,,,,,,,no_image
152908,Tilletia foetens,,,,,,,,no_image
69686,Timomenus unidentatus,齿乔球螋,,,,,,,no_image
128998,Timmiella diminuta,小反纽藓,,,,,,,no_image
129010,Tipuana tipu,金蝶木,,,,,,,no_image
69699,Tinocallis microtylodes,短节长斑蚜,,,,,,,no_image
69776,Tipula dicladura,双钩尖大蚊,,,,,,,no_image
69734,Tipula baileyi,贝氏大蚊,,,,,,,no_image
69756,Tipula cladomera,丫字大蚊,,,,,,,no_image
69796,Tipula friedichi,弗氏丽大蚊,,,,,,,no_image
69856,Tipula leucoprocta,天山蜚大蚊,,,,,,,no_image
69836,Tipula jedoensis,折多普大蚊,,,,,,,no_image
69816,Tipula himalayensis,喜马拉雅蜚大蚊,,,,,,,no_image
69876,Tipula megaleuca,联斑尖大蚊,,,,,,,no_image
69896,Tipula nubila,分水蜚大蚊,,,,,,,no_image
69916,Tipula persegnis,安宁尖大蚊,,,,,,,no_image
69956,Tipula sichuanensis,四川尖大蚊,,,,,,,no_image
69936,Tipula quadrifulva,雾社尖大蚊,,,,,,,no_image
69996,Tipula verecunda,长毛蜚大蚊,,,,,,,no_image
129013,Tipularia odorata,台湾筒距兰,,,,,,,no_image
69976,Tipula subscripta,黑齿蜚大蚊,,,,,,,no_image
11264,Titanoeca asimilis,异隐石蛛,,,,,,,no_image
14660,Tmarus koreanus,朝鲜峭腹蛛,,,,,,,no_image
14622,Tmarus yiminhensis,伊敏峭腹蛛,,,,,,,no_image
70064,Tokyobrillia tamamegaseta,多摩长棘东京布摇蚊,,,,,,,no_image
70047,Togepteryx velutina,土舟蛾,,,,,,,no_image
19152,Tomocerus asoka,,,,,,,,no_image
19119,Tomocerus jilinensis,,,,,,,,no_image
142210,Tolypocladium cylindrosporum,,,,,,,,no_image
143684,Tomenticola trematis,,,,,,,,no_image
19138,Tomocerus pseudocreatus,,,,,,,,no_image
70080,Tomosvaryella forter,状管佗头蝇,,,,,,,no_image
129037,Tongoloa napifera,裂苞东俄芹,,,,,,,no_image
129030,Tomophyllum donianum,裂禾蕨,,,,,,,no_image
136584,Toninia coeruleonigricans,蓝黑泡鳞衣,,,,,,,no_image
70102,Topomyia apsarae,埃普局限蚊,,,,,,,no_image
70122,Topomyia yanbarensis,细竹局限蚊,,,,,,,no_image
8555,Tonna perdix,鹧鸪鹑螺,,,,,,,no_image
129068,Torenia kinmenensis,金门母草,,,,,,,no_image
70139,Torodora granata,粒瘤祝蛾,,,,,,,no_image
70159,Torodora phoberopis,恐瘤祝蛾,,,,,,,no_image
82419,Torrentophryne ailaoanus,哀牢溪蟾,,,,,,,no_image
129109,Tortula subulata,墙藓,,,,,,,no_image
129088,Tortella humilis,纽藓,,,,,,,no_image
129115,Tournefortia montana,紫丹,,,,,,,no_image
129132,Toxicodendron hookeri,,,,,,,,no_image
129159,Toxocarpus paucinervius,凌云弓果藤,,,,,,,no_image
70189,Toxorhina tinctipennis,棕翅箭大蚊,,,,,,,no_image
5184,Tozeuma lanceolatum,多齿船形虾,,,,,,,no_image
15508,Trachelas gigapophysis,巨突管蛛,,,,,,,no_image
2148,Trachycardium rubicundum,红糙鸟蛤,,,,,,,no_image
82439,Trachinotus botla,大斑鲳鲹,,,,,,,no_image
70228,Trachusa kashgarense,中亚准黄斑蜂,,,,,,,no_image
129201,Trachypus bicolor,扭叶藓,,,,,,,no_image
129187,Trachydium subnudum,密瘤瘤果芹,,,,,,,no_image
70241,Trachythorax chinensis,中华瘤胸䗛,,,,,,,no_image
129221,Tragopogon gracilis,纤细婆罗门参,,,,,,,no_image
151827,Trametes manilaensis,马尼拉栓菌,,,,,,,no_image
151847,Trametes suberosa,玫色栓菌,,,,,,,no_image
70252,Tramea limbata,,,,,,,,no_image
154594,Tranzschelia anemones,银莲花疣双胞锈菌,,,,,,,no_image
135445,Trapelia placodioides,叶状褐边衣,,,,,,,no_image
4057,Trapezia serènei,塞氏梯形蟹,,,,,,,no_image
70278,Traulia minuta,小凸额蝗,,,,,,,no_image
152721,Trechispora rigida,硬糙孢孔菌,,,,,,,no_image
154707,Tremella glandulosa,,,,,,,,no_image
154727,Tremella sarcoides,,,,,,,,no_image
70299,Trentepohlia pulchripennis,丽弯脉大蚊,,,,,,,no_image
154687,Tremella aurantialba,金耳,,,,,,,no_image
129268,Triaenophora shennongjiaensis,神农架崖白菜,,,,,,,no_image
70307,Tretoserphus tianmushanensis,天目山洼缝细蜂,,,,,,,no_image
70317,Tribasodites bama,,,,,,,,no_image
1806,Tricellaria longispinosa,长刺三胞苔虫,,,,,,,no_image
70332,Tribulocentrus zhenbaensis,镇巴蒺刺角蝉,,,,,,,no_image
70427,Tricentrus yunnanensis,云南三刺角蝉,,,,,,,no_image
70347,Tricentrus bicolor,色三刺角蝉,,,,,,,no_image
70367,Tricentrus eolligatoclypeides,肖融瓣三刺角蝉,,,,,,,no_image
70407,Tricentrus projectus,前三刺角蝉,,,,,,,no_image
70387,Tricentrus lanpingensis,兰坪三刺角蝉,,,,,,,no_image
131782,Trichasterina goniothalami,,,,,,,,no_image
18389,Trichocerca bidens,双齿异尾轮虫,,,,,,,no_image
18394,Trichocerca pygocera,臀棘异尾轮虫,,,,,,,no_image
70445,Trichochrysea chihtuana,台北毛肖叶甲,,,,,,,no_image
141926,Trichoderma harzianum,,,,,,,,no_image
141946,Trichoderma pleuroticola,,,,,,,,no_image
70465,Trichochrysea viridilabris,绿唇毛肖叶甲,,,,,,,no_image
134580,Trichocoma paradoxa,,,,,,,,no_image
141906,Trichoderma cerinum,,,,,,,,no_image
141966,Trichoderma tawa,,,,,,,,no_image
70486,Trichoferus robustipes,,,,,,,,no_image
134899,Trichoglossum gracile,细柄毛舌菌,,,,,,,no_image
70498,Trichoglossina erlangensis,,,,,,,,no_image
70537,Trichogramma polychrosis,杉卷蛾赤眼蜂,,,,,,,no_image
148642,Tricholoma colossus,密环口蘑,,,,,,,no_image
70517,Trichogramma artonae,斑蛾赤眼蜂,,,,,,,no_image
148622,Tricholoma acerbum,苦口蘑,,,,,,,no_image
148662,Tricholoma imbricatum,鳞盖口蘑,,,,,,,no_image
148682,Tricholoma oreinum,,,,,,,,no_image
148702,Tricholoma sejunctum,黄绿口蘑,,,,,,,no_image
148722,Tricholoma zhangii,青冈口蘑,,,,,,,no_image
70556,Trichomachimus conjugus,联三叉食虫虻,,,,,,,no_image
70576,Trichomalopsis dubia,伊克氏金小蜂,,,,,,,no_image
70596,Trichomasthus cyanifrons,,,,,,,,no_image
140772,Trichophaea erinaceus,,,,,,,,no_image
16193,Trichopeltis intricatus,,,,,,,,no_image
129314,Trichosanthes fissibracteata,裂苞栝楼,,,,,,,no_image
134625,Trichophyton cerebriforme,,,,,,,,no_image
70639,Trichopteryx terranea,陆毛翅尺蛾,,,,,,,no_image
70617,Trichopterigia cerinaria,蜡黄洱尺蛾,,,,,,,no_image
129338,Trichosanthes scabra,凤瓜,,,,,,,no_image
140962,Trichosporon dermatis,,,,,,,,no_image
129356,Trichostomum planifolium,平叶毛口藓,,,,,,,no_image
70653,Trichoserphus sinensis,中华毛眼细蜂,,,,,,,no_image
70698,Tricycleopsis paradoxa,投撞鬃腹丽蝇,,,,,,,no_image
70682,Trichotheca unicolor,—色齿股肖叶甲,,,,,,,no_image
129366,Trichsolen hainanensis,海南毛管藻,,,,,,,no_image
129385,Tricyrtis xianjuensis,仙居油点草,,,,,,,no_image
70711,Tridrepana hypha,波纹黄钩蛾,,,,,,,no_image
70739,Trigonocera lucidiventris,晶莹三角长足虻,,,,,,,no_image
129405,Trifolium medium,中间车轴草,,,,,,,no_image
70729,Trigomphus yunnanensis,云南棘尾春蜓,,,,,,,no_image
15337,Trilacuna datang,大塘三窝蛛,,,,,,,no_image
70759,Trigonomima argentea,银三管食虫虻,,,,,,,no_image
129454,Trigonotis laxa,南川附地菜,,,,,,,no_image
6790,Trigonothracia pusilla,小蝶铰蛤,,,,,,,no_image
9099,Trimalaconothrus granulatus,粒三盲甲螨,,,,,,,no_image
129486,Trigonotis rotundata,圆叶附地菜,,,,,,,no_image
82531,Trimeresurus stejnegeri,福建竹叶青蛇,,,,,,,no_image
82545,Trimma grammistes,纵带磨塘鳢,,,,,,,no_image
70812,Trionymus circulus,白草葵粉蚧,,,,,,,no_image
70793,Triomicrus gutianensis,,,,,,,,no_image
82558,Tringa nebularia,青脚鹬,,,,,,,no_image
154574,Triphragmium acaciae,,,,,,,,no_image
129514,Tripleurospermum homogamum,无舌三肋果,,,,,,,no_image
70829,Triphosa dubitata,双齿光尺蛾,,,,,,,no_image
82604,Triplophysa jiarongensis,佳荣盲高原鳅,,,,,,,no_image
82584,Triplophysa cuneicephala,尖头高原鳅,,,,,,,no_image
82644,Triplophysa robusta,粗壮高原鳅,,,,,,,no_image
82624,Triplophysa minuta,小体高原鳅,,,,,,,no_image
82664,Triplophysa waisihani,歪思汗高原鳅,,,,,,,no_image
129520,Triplostegia grandiflora,大花双参,,,,,,,no_image
129537,Tripterospermum brevilobum,短裂双蝴蝶,,,,,,,no_image
70861,Trirachys indutus,,,,,,,,no_image
132132,Tripospermum juglandis,,,,,,,,no_image
143705,Triscelophorus magnificus,,,,,,,,no_image
70895,Trisuloides caerulea,黑后夜蛾,,,,,,,no_image
70916,Tritaxys braueri,长芒三鬃寄蝇,,,,,,,no_image
2267,Trisidos semitorta,半扭蚶,,,,,,,no_image
4046,Tritodynamia rathbunae,兰氏三强蟹,,,,,,,no_image
16492,Trochosa longa,长獾蛛,,,,,,,no_image
82702,Trochalopteron henrici,灰腹噪鹛,,,,,,,no_image
6633,Trivirostra hordacea,麦喙猎女神螺,,,,,,,no_image
147324,Trogia buccinalis,沟褶菌,,,,,,,no_image
82736,Troglonectes translucens,透明洞鳅,,,,,,,no_image
129614,Trollius pumilus,小金莲花,,,,,,,no_image
129632,Tropidia nipponica,竹茎兰,,,,,,,no_image
70965,Tropidocephala touchi,透翅匙顶飞虱,,,,,,,no_image
70977,Tropimenelytron sinuosum,,,,,,,,no_image
7569,Truncatoflabellum spheniscus,楔截形扇珊瑚,,,,,,,no_image
1116,Trypanosyllis taeniaformis,带形条钻穿裂虫,,,,,,,no_image
71017,Trypeta xingshana,宽条实蝇,,,,,,,no_image
129638,Tsuga chinensis,铁杉,,,,,,,no_image
140919,Tuber dryophilum,喜栎块菌,,,,,,,no_image
71027,Trypogeus aureopubens,,,,,,,,no_image
140939,Tuber pseudohimalayense,假喜马拉雅块菌,,,,,,,no_image
71048,Tuberaphis xinglongensis,兴隆管扁蚜,,,,,,,no_image
71067,Tuberculatus pappus,柔毛侧棘斑蚜,,,,,,,no_image
134248,Tubeufia paludosa,,,,,,,,no_image
150597,Tubulicrinis gracillimus,,,,,,,,no_image
129654,Tulipa altaica,阿尔泰郁金香,,,,,,,no_image
154797,Tuburcinia hierochloae,,,,,,,,no_image
1848,Tucetonella munda,洁小圆扇蚶蜊,,,,,,,no_image
145544,Tulostoma sinense,,,,,,,,no_image
145524,Tulostoma brumale,,,,,,,,no_image
71090,Tumidiclava simplicis,简基肿棒赤眼蜂,,,,,,,no_image
17641,Turanena vincentii,魏氏小柱螺,,,,,,,no_image
82765,Turdus mandarinus,乌鸫,,,,,,,no_image
5709,Turbo cornutus,角蝾螺,,,,,,,no_image
4435,Turricula spurius,假奈拟塔螺,,,,,,,no_image
71113,Turnaca indica,印度拓舟蛾,,,,,,,no_image
71126,Tyana maculata,大斑角翅夜蛾,,,,,,,no_image
129698,Tussilago farfara,款冬,,,,,,,no_image
129736,Tylophora silvestrii,湖北娃儿藤,,,,,,,no_image
82798,Tylonycteris pygmaea,小扁颅蝠,,,,,,,no_image
129716,Tylophora forrestii,大花娃儿藤,,,,,,,no_image
149309,Tylopilus chromapes,粉褐粉抱牛肝菌,,,,,,,no_image
16002,Tylopus sinensis,,,,,,,,no_image
82808,Tylototriton kweichowensis,贵州疣螈,,,,,,,no_image
149329,Tylopilus propriorichromapes,,,,,,,,no_image
2297,Typhlocarcinops yui,游氏拟盲蟹,,,,,,,no_image
5604,Tymolus japonicus,日本鬼蟹,,,,,,,no_image
129761,Typhonium blumei,犁头尖,,,,,,,no_image
71162,Tyndarichus scaurus,山槐卷蛾跳小蜂,,,,,,,no_image
1079,Typosyllis aciculata,东方足刺模裂虫,,,,,,,no_image
150954,Tyromyces chioneus,薄皮干酪菌,,,,,,,no_image
1080,Typosyllis variegata,杂色模裂虫,,,,,,,no_image
143710,Uberispora heteroseptata,,,,,,,,no_image
71188,Udaspes stellata,小星姜弄蝶,,,,,,,no_image
71199,Ufens rimatus,折脉宽翅赤眼蜂,,,,,,,no_image
71217,Ulidia kandybinae,蒙古金斑蝇,,,,,,,no_image
71224,Ulodemis trigrapha,多齿卷蛾,,,,,,,no_image
129832,Ulva conglobata,蛎菜,,,,,,,no_image
129802,Ulmus macrocarpa,大果榆,,,,,,,no_image
137703,Umbilicaria africana,,,,,,,,no_image
137763,Umbilicaria vellea,毛根石耳,,,,,,,no_image
137723,Umbilicaria havaasii,,,,,,,,no_image
137743,Umbilicaria nepalensis,尼泊尔石耳,,,,,,,no_image
3685,Upogebia carinicauda,脊尾蝼蛄虾,,,,,,,no_image
129850,Uncaria sinensis,华钩藤,,,,,,,no_image
138421,Unguiculariopsis changbaiensis,长白拟爪毛盘菌,,,,,,,no_image
71237,Uraechoides taomeiae,,,,,,,,no_image
138523,Urceolella crispula,毛瓶菌,,,,,,,no_image
71250,Uranotaenia lutescens,贫毛蓝带蚊,,,,,,,no_image
129861,Uraria lacei,滇南狸尾豆,,,,,,,no_image
16142,Uriunceustreptus afemorispinus,少刺尾草马陆,,,,,,,no_image
129889,Urochloa plantaginea,车前手号草,,,,,,,no_image
154816,Urocystis allii,,,,,,,,no_image
154836,Urocystis festucae,,,,,,,,no_image
154856,Urocystis pacifica,,,,,,,,no_image
154275,Uromyces bothriochloae-intermediae,臭根子草单胞锈菌,,,,,,,no_image
154876,Urocystis ulei,羊茅条黑粉菌,,,,,,,no_image
154255,Uromyces alchemillae,,,,,,,,no_image
154315,Uromyces giganteus,,,,,,,,no_image
154295,Uromyces dianthi,石竹单胞锈菌,,,,,,,no_image
154335,Uromyces indigoferae,木蓝单胞锈菌,,,,,,,no_image
154375,Uromyces orobi,歪头菜单胞锈菌,,,,,,,no_image
154355,Uromyces lespedezae-macrocarpae,杭子梢单胞锈菌,,,,,,,no_image
154415,Uromyces strobilanthis,,,,,,,,no_image
154395,Uromyces setariae-italicae,粟单胞锈菌,,,,,,,no_image
154435,Uromyces viciae-craccae,广布野豌豆单胞锈菌,,,,,,,no_image
82873,Uropsilus aequodonenia,等齿鼩鼹,,,,,,,no_image
806,Uroptychus anatonus,前延折尾虾,,,,,,,no_image
129906,Urtica dioica,异株荨麻,,,,,,,no_image
129901,Urospora peniciliiformis,羽状尾孢藻,,,,,,,no_image
136386,Usnea florida,松萝,,,,,,,no_image
136366,Usnea alisani,,,,,,,,no_image
136426,Usnea scabrata,疣松萝,,,,,,,no_image
136406,Usnea macrocarpa,大盘果松萝,,,,,,,no_image
141752,Ustilaginoidea albicans,,,,,,,,no_image
155078,Ustilago bosniaca,波斯尼亚黑粉菌,,,,,,,no_image
155098,Ustilago cynodontis,散黑穗病,,,,,,,no_image
155118,Ustilago foetens,,,,,,,,no_image
155138,Ustilago koenigiae,冰岛蓼黑粉菌,,,,,,,no_image
155158,Ustilago neglecta,狗尾草黑粉菌,,,,,,,no_image
155218,Ustilago tonglinensis,,,,,,,,no_image
155178,Ustilago piperi,派珀黑粉菌,,,,,,,no_image
155198,Ustilago sorghi,,,,,,,,no_image
144765,Ustulina deusta,,,,,,,,no_image
129954,Utricularia smithiana,尖膨挖耳草,,,,,,,no_image
129932,Utricularia christopheri,垂珠挖耳草,,,,,,,no_image
129974,Vaccinium bangliangense,邦亮越橘,,,,,,,no_image
130000,Vaccinium dendrocharis,树生越橘,,,,,,,no_image
130030,Vaccinium impressinerve,凹脉越橘,,,,,,,no_image
130055,Vaccinium nummularia,抱石越橘,,,,,,,no_image
130077,Vaccinium scopulorum,岩生越橘,,,,,,,no_image
130102,Vaccinium yaoshanicum,瑶山越橘,,,,,,,no_image
71306,Valeria anais,青粉蝶,,,,,,,no_image
130122,Valeriana lancifolia,披针叶缬草,,,,,,,no_image
15682,Validifemur digitatus,指突石蜈蚣,,,,,,,no_image
141556,Valsa mali,,,,,,,,no_image
6193,Vanadis crystallina,晶明蚕,,,,,,,no_image
82901,Vandeleuria oleracea,长尾攀鼠,,,,,,,no_image
71332,Vanessa indica,大红蛱蝶,,,,,,,no_image
3703,Varicobula yokoyamai,稹山变异篮蛤,,,,,,,no_image
71336,Vecella guadunana,挂墩缺室菌蚊,,,,,,,no_image
82923,Vanmanenia stenosoma,原缨口鳅,,,,,,,no_image
3573,Venatomya truncata,截形脉海螂,,,,,,,no_image
134288,Venturia tremulae,,,,,,,,no_image
82943,Ventrifossa saikaiensis,西海凹腹鳕,,,,,,,no_image
71362,Venusia paradoxa,奇维尺蛾,,,,,,,no_image
71380,Vermiophis taihangensis,太行潜穴虻,,,,,,,no_image
2183,Vepricadium sinense,中华鸟蛤,,,,,,,no_image
130202,Veratrum nigrum,藜芦,,,,,,,no_image
130222,Vernicia fordii,油桐,,,,,,,no_image
130240,Veronica chayuensis,察隅婆婆纳,,,,,,,no_image
130265,Veronica morrisonicola,匍茎婆婆纳,,,,,,,no_image
130324,Veronicastrum yunnanense,云南腹水草,,,,,,,no_image
130293,Veronica tsinglingensis,陕川婆婆纳,,,,,,,no_image
134807,Verrucaria contraria,反向瓶口衣,,,,,,,no_image
145554,Verrucospora flavofusca,,,,,,,,no_image
134827,Verrucaria macrostoma,,,,,,,,no_image
3705,Verticordia deshayesiana,德氏旋心蛤,,,,,,,no_image
130353,Viburnum congestum,密花荚蒾,,,,,,,no_image
139046,Vibrissea lutea,,,,,,,,no_image
82952,Vespicula trachinoides,粗高鳍鲉,,,,,,,no_image
130386,Viburnum henryi,巴东荚蒾,,,,,,,no_image
130447,Viburnum trabeculosum,横脉荚蒾,,,,,,,no_image
130501,Vicia ramuliflora,北野豌豆,,,,,,,no_image
130413,Viburnum oliganthum,少花荚蒾,,,,,,,no_image
130476,Vicia faba,蚕豆,,,,,,,no_image
130543,Vigna hosei,短果豇豆,,,,,,,no_image
130535,Vickifunkia tianschanica,天山无鞘橐吾,,,,,,,no_image
71424,Villa cingulata,有带绒蜂虻,,,,,,,no_image
130566,Vinca minor,小蔓长春花,,,,,,,no_image
130586,Vincetoxicum pingshanicum,平山白前,,,,,,,no_image
130600,Vinealobryum luridum,棕色密疣藓,,,,,,,no_image
130648,Viola grandisepala,阔萼堇菜,,,,,,,no_image
130624,Viola changii,张氏堇菜,,,,,,,no_image
130743,Viscum album,白果槲寄生,,,,,,,no_image
130668,Viola longissima,长茎堇菜,,,,,,,no_image
130713,Viola shaoyoukengensis,小油坑堇菜,,,,,,,no_image
130690,Viola orientalis,东方堇菜,,,,,,,no_image
130764,Vitex canescens,灰毛牡荆,,,,,,,no_image
130736,Viola wallichiana,西藏细距堇菜,,,,,,,no_image
130802,Vitis bellula,美丽葡萄,,,,,,,no_image
130832,Vitis mengziensis,蒙自葡萄,,,,,,,no_image
19211,Vitronura acuta,,,,,,,,no_image
71442,Vituratella termitophilum,,,,,,,,no_image
17432,Vokesimurex rectirostris,直吻沃骨螺,,,,,,,no_image
147956,Volvariella murinella,,,,,,,,no_image
142137,Volutella gilva,,,,,,,,no_image
71456,Volucella liupanshanensis,六盘山蜂蚜蝇,,,,,,,no_image
71476,Voria micronychia,短爪蜗寄蝇,,,,,,,no_image
16337,Wadicosa fidelis,忠娲蛛,,,,,,,no_image
14285,Walckenaeria ferruginea,锈瓦蛛,,,,,,,no_image
141206,Wallrothiella congregata,,,,,,,,no_image
130887,Weissia breviseta,短柄小石藓,,,,,,,no_image
130878,Washingtonia robusta,大丝葵,,,,,,,no_image
130903,Wendlandia erythroxylon,红木水锦树,,,,,,,no_image
71520,Wesmaelius navasi,那氏齐褐蛉,,,,,,,no_image
130930,Wendlandia subalpina,高山水锦树,,,,,,,no_image
144767,Whalleya microplaca,,,,,,,,no_image
130988,Wikstroemia guanxianensis,龙池荛花,,,,,,,no_image
130968,Wijkia tanytricha,毛尖刺枝藓,,,,,,,no_image
18733,Willemia antennomonstrum,,,,,,,,no_image
131012,Wikstroemia pampaninii,鄂北荛花,,,,,,,no_image
18982,Willowsia pseudoshiae,,,,,,,,no_image
131031,Wissadula periplocifolia,隔蒴苘,,,,,,,no_image
71548,Winthemia emeiensis,峨嵋温寄蝇,,,,,,,no_image
71582,Wollastoniella brunnea,褐乌花蝽,,,,,,,no_image
71572,Wohlfahrtia cheni,陈氏污蝇,,,,,,,no_image
71590,Woodiphora grandipalpis,巨须乌蚤蝇,,,,,,,no_image
131063,Woodsia lanosa,毛盖岩蕨,,,,,,,no_image
151997,Wrightoporia gillesii,吉氏赖特孔菌,,,,,,,no_image
131082,Woonyoungia septentrionalis,焕镛木,,,,,,,no_image
131095,Wurdemannia miniata,朱红层孢藻,,,,,,,no_image
71606,Xanthandrus comtus,圆斑宽扁蚜蝇,,,,,,,no_image
131097,Xanthium strumarium,苍耳,,,,,,,no_image
71623,Xanthodes albago,黄夜蛾,,,,,,,no_image
71643,Xanthonia striatipennis,行刻黄肖叶甲,,,,,,,no_image
136457,Xanthoparmelia incurva,曲黄梅,,,,,,,no_image
71661,Xanthorhoe hortensiaria,花园潢尺蛾,,,,,,,no_image
71650,Xanthophius gutianshanensis,,,,,,,,no_image
137676,Xanthoria parietina,石黄衣,,,,,,,no_image
71701,Xenococcus annandalei,印度宾粉蚧,,,,,,,no_image
131118,Xantolis weimingii,维明刺榄,,,,,,,no_image
71708,Xenohammus albomaculatus,,,,,,,,no_image
7598,Xenia spicata,穗状异花软珊瑚,,,,,,,no_image
71725,Xenophasmina fimbriatum,,,,,,,,no_image
71726,Xenoplatyura bifida,二裂栖菌蚊,,,,,,,no_image
71761,Xenotachina flaviventris,黄腹客夜蝇,,,,,,,no_image
134249,Xenosporium africanum,,,,,,,,no_image
149383,Xerocomus subtomentosus,绒盖牛肝菌,,,,,,,no_image
18736,Xenylla weinerae,,,,,,,,no_image
149363,Xerocomus junghuhnii,容氏绒盖牛肝菌,,,,,,,no_image
143727,Xerotus fuliginosus,烟煤干菌,,,,,,,no_image
71784,Xestia bdelygma,丑鲁夜蛾,,,,,,,no_image
71805,Xestia hoenei,盗鲁夜蛾,,,,,,,no_image
71825,Xestia tabida,消鲁夜蛾,,,,,,,no_image
71842,Xiaitermes tiantaiensis,天台夏氏白蚁,,,,,,,no_image
71858,Xiphidiopsis quadrinotata,四点剑螽,,,,,,,no_image
71886,Xylaplothrips pictipes,绣纹木管蓟马,,,,,,,no_image
71875,Xistrella motuoensis,墨脱希蚱,,,,,,,no_image
144787,Xylaria brevipes,,,,,,,,no_image
144827,Xylaria guazumae,,,,,,,,no_image
144807,Xylaria diminuta,,,,,,,,no_image
144867,Xylaria palmicola,,,,,,,,no_image
144847,Xylaria liquidambaris,枫果炭角菌,,,,,,,no_image
71893,Xylena formosa,丽木冬夜蛾,,,,,,,no_image
144887,Xylaria scopiformis,细枝炭角菌,,,,,,,no_image
71898,Xylocopa bomboides,台湾绒木蜂,,,,,,,no_image
71922,Xylocopa tranquabarorum,长木蜂,,,,,,,no_image
71948,Xylosciara lignicola,嗜木眼蕈蚊,,,,,,,no_image
150724,Xylodon syringae,,,,,,,,no_image
71965,Xylota formosana,台湾木蚜蝇,,,,,,,no_image
71935,Xylomya decora,褐颜木虻,,,,,,,no_image
71985,Xylotachina vicinalis,邻寄蝇,,,,,,,no_image
72009,Xylotrechus emaciatus,,,,,,,,no_image
72037,Xylotrechus multinotatus,,,,,,,,no_image
131139,Xyris formosana,台湾黄眼草,,,,,,,no_image
72060,Xylotrechus subscalaris,,,,,,,,no_image
14556,Xysticus dali,大理花蟹蛛,,,,,,,no_image
14658,Xysticus wunderlichi,冯氏花蟹蛛,,,,,,,no_image
72076,Yalia jiangxiensis,江西雅丽飞虱,,,,,,,no_image
14570,Xysticus manas,玛纳斯花蟹蛛,,,,,,,no_image
83033,Yaotriton hainanensis,海南瑶螈,,,,,,,no_image
4595,Yoldia serotina,凸云母蛤,,,,,,,no_image
155238,Yenia longissima,,,,,,,,no_image
8960,Yoshiobodes nakatamarii,中溜吉步甲螨,,,,,,,no_image
131176,Youngia kangdingensis,康定黄鹌菜,,,,,,,no_image
72118,Ypogymnadichosia yunnanesis,云南拟裸变丽蝇,,,,,,,no_image
72136,Ypthima motschulskyi,东亚矍眼蝶,,,,,,,no_image
131223,Yulania shizhenii,时珍玉兰,,,,,,,no_image
83040,Yuhina flavicollis,黄颈凤鹛,,,,,,,no_image
72168,Yunnanosticta cyaneocollaris,蓝颈云扁蟌,,,,,,,no_image
131243,Yushania cartilaginea,硬壳玉山竹,,,,,,,no_image
72165,Yunnanacris yunnaneus,云南云秃蝗,,,,,,,no_image
83068,Yunnanilus macroistanus,大斑云南鳅,,,,,,,no_image
131263,Yushania glauca,白背玉山竹,,,,,,,no_image
131283,Yushania pachyclada,粗枝玉山竹,,,,,,,no_image
131306,Yushania yadongensis,亚东玉山竹,,,,,,,no_image
72183,Zagrammosoma dulanense,都兰顶姬小蜂,,,,,,,no_image
72198,Zanchius tristripeus,三纹平盲蝽,,,,,,,no_image
16551,Zantheres gracillimus,纤细宝狼蛛,,,,,,,no_image
72215,Zanclognatha subgriselda,叔灰镰须夜蛾,,,,,,,no_image
72239,Zaphne wierzejskii,瘦足鞭隰蝇,,,,,,,no_image
13137,Zebraplatys bulbus,球斑马蛛,,,,,,,no_image
131372,Zanthoxylum xichouense,西畴花椒,,,,,,,no_image
131350,Zanthoxylum macranthum,大花花椒,,,,,,,no_image
133300,Zasmidium anthuriicola,,,,,,,,no_image
72268,Zeiraphera griseana,松线小卷蛾,,,,,,,no_image
13691,Zelotes mundus,洁狂蛛,,,,,,,no_image
152518,Zelleromyces sinensis,中国乳腹菌,,,,,,,no_image
83108,Zenarchopterus dunckeri,董氏异鳞鱵,,,,,,,no_image
9201,Zetorchella orbiculatus,,,,,,,,no_image
131402,Zeuxine odorata,香线柱兰,,,,,,,no_image
83144,Zhangixalus yunnanensis,云南树蛙,,,,,,,no_image
83124,Zhangixalus franki,法兰克张树蛙,,,,,,,no_image
131430,Zingiber integrilabrum,全唇姜,,,,,,,no_image
72305,Zigzagicentrus bannaensis,褶角蝉,,,,,,,no_image
131450,Zingiber orbiculatum,圆瓣姜,,,,,,,no_image
131471,Zingiber zerumbet,红球姜,,,,,,,no_image
13501,Zodarion ovatum,卵形拟平腹蛛,,,,,,,no_image
131483,Ziziphus incurva,印度枣,,,,,,,no_image
155521,Zoophthora occidentalis,,,,,,,,no_image
83150,Zonotrichia leucophrys,白冠带鹀,,,,,,,no_image
72343,Zubovskia dolichocercata,长尾无翅蝗,,,,,,,no_image
16250,Zora acuminata,渐尖佐蛛,,,,,,,no_image
83169,Zosterops japonicus,日本绣眼鸟,,,,,,,no_image
131511,Zygodon reinwardtii,南亚变齿藓,,,,,,,no_image
131519,Zygophyllum iliense,伊犁驼蹄瓣,,,,,,,no_image
72367,Zygoneura occidens,西轭眼蕈蚊,,,,,,,no_image
72380,Zyras abbreviatus,,,,,,,,no_image
72400,Zyras dabanicus,,,,,,,,no_image
72420,Zyras inexcisus,,,,,,,,no_image
156020,Zygorhynchus macrocarpus,大囊接霉,,,,,,,no_image
72440,Zyras pygmaeus,,,,,,,,no_image
72460,Zyras wei,,,,,,,,no_image
