taxon_id,sci_name,cn_name,image_path,image_url,author,license,license_url,page_url,status
10395,Abacarus inversus,,,,,,,,no_image
72467,Abalistes stellaris,星点宽尾鳞鲀,,https://upload.wikimedia.org/wikipedia/commons/1/11/Abalistes_stellatus.jpg?utm_source=en.wikipedia.org&utm_campaign=api&utm_content=thumbnail_unscaled,Jean-Lou Justine,CC BY-SA 3.0,https://creativecommons.org/licenses/by-sa/3.0,https://en.wikipedia.org/wiki/File:Abalistes_stellatus.jpg,download_failed
1511,Abelbolla warwicki,瓦氏无管球线虫,,,,,,,no_image
83207,Abies fabri,冷杉,images/00/08/00083207.webp,https://thumb.wikimedia.org/wikipedia/commons/thumb/7/79/Abies_fabri_trunk.jpg/960px-Abies_fabri_trunk.jpg?utm_source=en.wikipedia.org&utm_campaign=api&utm_content=thumbnail,Lukas on Flickr,CC BY 2.0,https://creativecommons.org/licenses/by/2.0,https://en.wikipedia.org/wiki/File:Abies_fabri_trunk.jpg,ok
83238,Abildgaardia longistipitata,长柄果棒拂草,,,,,,,no_image
19469,Ablabesmyia phatta,法无突摇蚊,,,,,,,no_image
872,Abra maxima,大团结蛤,,,,,,,no_image
19483,Abrosiomyia minuta,小华美水虻,,,,,,,no_image
155906,Absidia pseudocylindrospora,,,,,,,,no_image
83255,Abutilon hirtum,恶味苘麻,,,,,,,no_image
83264,Acacia auriculiformis,大叶相思,,https://upload.wikimedia.org/wikipedia/commons/1/17/Acacia_auriculiformis_flowers.jpg?utm_source=en.wikipedia.org&utm_campaign=api&utm_content=thumbnail_unscaled,Murray Fagg,CC BY-SA 4.0,https://creativecommons.org/licenses/by-sa/4.0,https://en.wikipedia.org/wiki/File:Acacia_auriculiformis_flowers.jpg,download_failed
19496,Acallurothrips tubullatus,短鬃宽管蓟马,,,,,,,no_image
19518,Acalolepta mutans,,,,,,,,no_image
83275,Acalypha akoensis,屏东铁苋菜,,,,,,,no_image
83295,Acampe ochracea,窄果脆兰,,,,,,,no_image
7841,Acanthastrea hillae,丘形棘星珊瑚,,,,,,,no_image
19553,Acanthiophilus helianthi,向日葵棘实蝇,,https://upload.wikimedia.org/wikipedia/commons/c/c3/Acanthiophilus_helianthi.jpg?utm_source=en.wikipedia.org&utm_campaign=api&utm_content=thumbnail_unscaled,"This image is created by user Dick Belgers at Waarneming.nl, a source of nature observations in the Netherlands.",CC BY 3.0,https://creativecommons.org/licenses/by/3.0,https://en.wikipedia.org/wiki/File:Acanthiophilus_helianthi.jpg,download_failed
19559,Acanthocinus guttatus,,,,,,,,no_image
19564,Acantholeria czernyi,契棘日蝇,,,,,,,no_image
14237,Acanthoneta dokutchaevi,杜克刺皿蛛,,,,,,,no_image
19578,Acanthophasma brevicercum,短肢棘䗛,,,,,,,no_image
8736,Acanthopleura loochooana,琉球花棘石鳖,,,,,,,no_image
19596,Acanthormius testaceus,黄褐齿腹茧蜂,,,,,,,no_image
72535,Acanthurus bariene,鳃斑刺尾鱼,images/00/07/00072535.webp,https://thumb.wikimedia.org/wikipedia/commons/thumb/1/1d/Acanthurus_bariene.jpg/960px-Acanthurus_bariene.jpg?utm_source=en.wikipedia.org&utm_campaign=api&utm_content=thumbnail,desertnaturalist,CC BY 4.0,https://creativecommons.org/licenses/by/4.0,https://en.wikipedia.org/wiki/File:Acanthurus_bariene.jpg,ok
83326,Acanthus ebracteatus,小花老鼠簕,images/00/08/00083326.webp,https://thumb.wikimedia.org/wikipedia/commons/thumb/7/7f/Acanthus_ebracteatus.jpg/960px-Acanthus_ebracteatus.jpg?utm_source=en.wikipedia.org&utm_campaign=api&utm_content=thumbnail,Raffi Kojian,CC BY-SA 3.0,https://creativecommons.org/licenses/by-sa/3.0,https://en.wikipedia.org/wiki/File:Acanthus_ebracteatus.jpg,ok
9949,Acaralox bambusae,,,,,,,,no_image
135106,Acarospora heufleriana,,,,,,,,no_image
135126,Acarospora tominiana,托敏氏微孢衣,,,,,,,no_image
155538,Acaulospora bireticulata,双网无梗孢囊霉,,,,,,,no_image
155558,Acaulospora nicolsonii,尼氏无梗囊霉,,,,,,,no_image
19605,Acemya acuticornis,尖角刺寄蝇,,,,,,,no_image
83352,Acer caudatum,长尾槭,,https://upload.wikimedia.org/wikipedia/commons/a/a8/Acer_ukurunduense_%28200707%29.jpg?utm_source=en.wikipedia.org&utm_campaign=api&utm_content=thumbnail_unscaled,E-190,CC BY-SA 3.0,http://creativecommons.org/licenses/by-sa/3.0/,https://en.wikipedia.org/wiki/File:Acer_ukurunduense_(200707).jpg,download_failed
83377,Acer henryi,建始槭,images/00/08/00083377.webp,https://thumb.wikimedia.org/wikipedia/commons/thumb/b/b0/Acer_henryi%2C_Arnold_Arboretum_-_IMG_6042.JPG/960px-Acer_henryi%2C_Arnold_Arboretum_-_IMG_6042.JPG?utm_source=en.wikipedia.org&utm_campaign=api&utm_content=thumbnail,Daderot,Public domain,,"https://en.wikipedia.org/wiki/File:Acer_henryi,_Arnold_Arboretum_-_IMG_6042.JPG",ok
83398,Acer miaoshanicum,苗山槭,,,,,,,no_image
83426,Acer pubipetiolatum,毛柄槭,images/00/08/00083426.webp,https://thumb.wikimedia.org/wikipedia/commons/thumb/5/55/Acer_pseudoplatanus_002.jpg/960px-Acer_pseudoplatanus_002.jpg?utm_source=en.wikipedia.org&utm_campaign=api&utm_content=thumbnail,Willow,CC BY-SA 2.5,https://creativecommons.org/licenses/by-sa/2.5,https://en.wikipedia.org/wiki/File:Acer_pseudoplatanus_002.jpg,ok
83453,Acer triflorum,三花槭,images/00/08/00083453.webp,https://thumb.wikimedia.org/wikipedia/commons/thumb/3/34/Acer_triflorum.jpg/960px-Acer_triflorum.jpg?utm_source=en.wikipedia.org&utm_campaign=api&utm_content=thumbnail,Abrahami,CC BY-SA 3.0,https://creativecommons.org/licenses/by-sa/3.0,https://en.wikipedia.org/wiki/File:Acer_triflorum.jpg,ok
10387,Aceria changjiensis,,,,,,,,no_image
10576,Aceria kunminensis,,,,,,,,no_image
10284,Aceria paramacrodonis,,,,,,,,no_image
10469,Aceria taiwanensis,,,,,,,,no_image
140320,Acervus epispartius,小孢盘菌,,,,,,,no_image
83469,Acetabularia tsengiana,梨形伞藻,,,,,,,no_image
1531,Achaeus lacertosus,强壮英雄蟹,,,,,,,no_image
72598,Achalinus nanshanensis,南山脊蛇,,,,,,,no_image
72616,Acheilognathus imberbis,缺须&#x0000E05E;,,,,,,,no_image
83471,Achillea alpina,高山蓍,images/00/08/00083471.webp,https://thumb.wikimedia.org/wikipedia/commons/thumb/d/df/Achillea_sibirica_flowers_001.jpg/960px-Achillea_sibirica_flowers_001.jpg?utm_source=en.wikipedia.org&utm_campaign=api&utm_content=thumbnail,User:SB_Johnny,CC BY-SA 3.0,http://creativecommons.org/licenses/by-sa/3.0/,https://en.wikipedia.org/wiki/File:Achillea_sibirica_flowers_001.jpg,ok
19638,Achmonia yunnana,,,,,,,,no_image
83509,Achyranthes longifolia,柳叶牛膝,,,,,,,no_image
19657,Acidiella fuscibasis,褐基平脉实蝇,,,,,,,no_image
19677,Acidiostigma postsignatum,秀长痣实蝇,,,,,,,no_image
19687,Acidoxantha quadrivittata,四条黄鬃实蝇,,,,,,,no_image
72627,Acipenser ruthenus,小体鲟,images/00/07/00072627.webp,https://thumb.wikimedia.org/wikipedia/commons/thumb/3/3d/Acipenser_ruthenus_Prague_Vltava_1.jpg/960px-Acipenser_ruthenus_Prague_Vltava_1.jpg?utm_source=en.wikipedia.org&utm_campaign=api&utm_content=thumbnail,Karelj,Public domain,,https://en.wikipedia.org/wiki/File:Acipenser_ruthenus_Prague_Vltava_1.jpg,ok
19706,Aclerls confjrerarum,云杉长翅卷蛾,,,,,,,no_image
19727,Aclerls lucipeta,尖峰长翅卷蛾,,,,,,,no_image
19747,Aclinocera sinica,中华近溪舞虻,,,,,,,no_image
83540,Acokanthera oblongifolia,长圆叶长药花,images/00/08/00083540.webp,https://thumb.wikimedia.org/wikipedia/commons/thumb/4/4d/Acokanthera_oblongifolia_%28fruits%29_01.JPG/960px-Acokanthera_oblongifolia_%28fruits%29_01.JPG?utm_source=en.wikipedia.org&utm_campaign=api&utm_content=thumbnail,Kor!An (Корзун Андрей),CC BY-SA 3.0,https://creativecommons.org/licenses/by-sa/3.0,https://en.wikipedia.org/wiki/File:Acokanthera_oblongifolia_(fruits)_01.JPG,ok
83555,Aconitum bailangense,白狼乌头,,,,,,,no_image
83593,Aconitum chrysotrichum,黄毛乌头,,,,,,,no_image
83620,Aconitum flavum,伏毛铁棒锤,,,,,,,no_image
83650,Aconitum ichangense,巴东乌头,,,,,,,no_image
83694,Aconitum longecassidatum,高帽乌头,,,,,,,no_image
83717,Aconitum novoluridum,展喙乌头,,,,,,,no_image
83745,Aconitum qianxiense,迁西乌头,,,,,,,no_image
83772,Aconitum smirnovii,阿尔泰乌头,,,,,,,no_image
83797,Aconitum tschangbaischanense,长白乌头,,,,,,,no_image
19769,Acontia olivacea,斜带绮夜蛾,,,,,,,no_image
19786,Acosmetura nigrogeniculata,黑膝异饰肛螽,,,,,,,no_image
142260,Acremonium persicinum,,,,,,,,no_image
19808,Acrida oxycephala,荒地剑角蝗,,,,,,,no_image
19821,Acritus pascuarum,嗜草异跗阎甲,,,,,,,no_image
19826,Acrocera orbicula,缆车小头虻,images/00/01/00019826.webp,https://thumb.wikimedia.org/wikipedia/commons/thumb/a/a7/Acrocera_orbiculus_424088552.jpg/960px-Acrocera_orbiculus_424088552.jpg?utm_source=en.wikipedia.org&utm_campaign=api&utm_content=thumbnail,Emanuele Santarelli,CC BY-SA 4.0,https://creativecommons.org/licenses/by-sa/4.0,https://en.wikipedia.org/wiki/File:Acrocera_orbiculus_424088552.jpg,ok
19835,Acroclisoides bicolor,双色蝽卵金小蜂,,,,,,,no_image
18963,Acrocyrtus finis,,,,,,,,no_image
132346,Acrogenospora sphaerocephala,,,,,,,,no_image
19858,Acrometopia reicherti,环尖斑腹蝇,,,,,,,no_image
83874,Acronema paniculatum,圆锥丝瓣芹,,,,,,,no_image
19872,Acronicta cavillatrix,谐剑纹夜蛾,,,,,,,no_image
19892,Acronicta niveosparsa,缀白剑纹夜蛾,,,,,,,no_image
72662,Acropoma boholensis,大头发光鲷,,,,,,,no_image
6935,Acropora echinata,棘鹿角珊瑚,images/00/00/00006935.webp,https://thumb.wikimedia.org/wikipedia/commons/thumb/f/fa/Acropora_echinata_Maldives.JPG/960px-Acropora_echinata_Maldives.JPG?utm_source=en.wikipedia.org&utm_campaign=api&utm_content=thumbnail,MDC Seamarc Maldives,CC BY-SA 4.0,https://creativecommons.org/licenses/by-sa/4.0,https://en.wikipedia.org/wiki/File:Acropora_echinata_Maldives.JPG,ok
6996,Acropora nasuta,鼻形鹿角珊瑚,,https://upload.wikimedia.org/wikipedia/commons/8/83/Acropora_nasuta_by_Ewa_Barska_-_no_watermark.jpg?utm_source=en.wikipedia.org&utm_campaign=api&utm_content=thumbnail_unscaled,Ewa Barska,CC BY-SA 3.0,http://creativecommons.org/licenses/by-sa/3.0/,https://en.wikipedia.org/wiki/File:Acropora_nasuta_by_Ewa_Barska_-_no_watermark.jpg,download_failed
6988,Acropora verweyi,维氏鹿角珊瑚,images/00/00/00006988.webp,https://thumb.wikimedia.org/wikipedia/commons/thumb/f/fe/Acropora_verweyi%2C_coralitos_2.JPG/960px-Acropora_verweyi%2C_coralitos_2.JPG?utm_source=en.wikipedia.org&utm_campaign=api&utm_content=thumbnail,Paul Muir,CC BY 4.0,https://creativecommons.org/licenses/by/4.0,"https://en.wikipedia.org/wiki/File:Acropora_verweyi,_coralitos_2.JPG",ok
19920,Acrosathe obsoleta,过时裸颜剑虻,,,,,,,no_image
72680,Acrossocheilus monticola,宽口光唇鱼,,,,,,,no_image
19932,Acrotaeniostola spiralis,钩纹短羽实蝇,,https://upload.wikimedia.org/wikipedia/commons/3/37/Acrotaeniostola_spiralis.jpg?utm_source=en.wikipedia.org&utm_campaign=api&utm_content=thumbnail_unscaled,Cheryl Stinchcomb,CC BY 4.0,https://creativecommons.org/licenses/by/4.0,https://en.wikipedia.org/wiki/File:Acrotaeniostola_spiralis.jpg,download_failed
19948,Acrotona exsuperans,,,,,,,,no_image
19968,Acrotona mutans,,,,,,,,no_image
19989,Acrotona vicaria,,,,,,,,no_image
187,Actaea calculosa,钙银杏蟹,,,,,,,no_image
3902,Acteocina biplex,织拟捻螺,,,,,,,no_image
20002,Actia nigroscutellata,黑盾阿寄蝇,,,,,,,no_image
20026,Actina dulongjiangana,独龙江星水虻,,,,,,,no_image
83916,Actinidia callosa,硬齿猕猴桃,images/00/08/00083916.webp,https://thumb.wikimedia.org/wikipedia/commons/thumb/f/fc/Actinidia_callosa_discolor_30592860.jpg/960px-Actinidia_callosa_discolor_30592860.jpg?utm_source=en.wikipedia.org&utm_campaign=api&utm_content=thumbnail,fagushayata,CC BY-SA 4.0,https://creativecommons.org/licenses/by-sa/4.0,https://en.wikipedia.org/wiki/File:Actinidia_callosa_discolor_30592860.jpg,ok
83950,Actinidia latifolia,阔叶猕猴桃,images/00/08/00083950.webp,https://thumb.wikimedia.org/wikipedia/commons/thumb/1/1f/Actinidiaceae-_Actinidia_latifolia_%28wild_kiwi_fruit%29.jpg/960px-Actinidiaceae-_Actinidia_latifolia_%28wild_kiwi_fruit%29.jpg?utm_source=en.wikipedia.org&utm_campaign=api&utm_content=thumbnail,Kristof Zyskowski &amp; Yulia Bereshpolova,CC BY 2.0,https://creativecommons.org/licenses/by/2.0,https://en.wikipedia.org/wiki/File:Actinidiaceae-_Actinidia_latifolia_(wild_kiwi_fruit).jpg,ok
83976,Actinidia stellatopilosa,星毛猕猴桃,,,,,,,no_image
83989,Actinodaphne acuminata,南投黄肉楠,,,,,,,no_image
72692,Actinodura morrisoniana,台湾斑翅鹛,images/00/07/00072692.webp,https://thumb.wikimedia.org/wikipedia/commons/thumb/1/1d/Actinodure_de_Ta%C3%AFwan.jpg/960px-Actinodure_de_Ta%C3%AFwan.jpg?utm_source=en.wikipedia.org&utm_campaign=api&utm_content=thumbnail,longan Jiang,CC0,http://creativecommons.org/publicdomain/zero/1.0/deed.en,https://en.wikipedia.org/wiki/File:Actinodure_de_Taïwan.jpg,ok
84007,Actinoschoenus thouarsii,星穗莎,,,,,,,no_image
10962,Aculepeira armida,东方阿米尖蛛,images/00/01/00010962.webp,https://thumb.wikimedia.org/wikipedia/commons/thumb/c/ce/Aculepeira_armida_Eggi_01.jpg/960px-Aculepeira_armida_Eggi_01.jpg?utm_source=en.wikipedia.org&utm_campaign=api&utm_content=thumbnail,Syrio,CC BY-SA 4.0,https://creativecommons.org/licenses/by-sa/4.0,https://en.wikipedia.org/wiki/File:Aculepeira_armida_Eggi_01.jpg,ok
10235,Aculops coryli,,,,,,,,no_image
10194,Aculops taihangensis,,,,,,,,no_image
10037,Aculus daibuensis,,,,,,,,no_image
10001,Aculus populi,,,,,,,,no_image
20060,Acylophorus sexualis,,,,,,,,no_image
20076,Adapsilia microcera,小适蜣蝇,,,,,,,no_image
20094,Adelphococris funestus,横断苜蓿盲蝽,,,,,,,no_image
20114,Adelphococris torquatus,黑胝苜蓿盲蝽,,,,,,,no_image
84036,Adenophora coelestis,天蓝沙参,,,,,,,no_image
84063,Adenophora ningxianica,宁夏沙参,,,,,,,no_image
84101,Adenophora xiaoxiensis,小溪沙参,,,,,,,no_image
84120,Adiantum dentatum,具齿铁线蕨,,,,,,,no_image
84140,Adiantum nelumboides,荷叶铁线蕨,,,,,,,no_image
84163,Adinandra epunctata,无腺杨桐,,,,,,,no_image
20134,Adisura atkinsoni,曙夜蛾,,,,,,,no_image
84199,Adonis sibirica,北侧金盏花,,,,,,,no_image
20162,Adrapsa notigera,点疖夜蛾,,,,,,,no_image
20181,Aedes assamensis,阿萨姆伊蚊,,,,,,,no_image
20201,Aedes dorsalis,背点伊蚊,,,,,,,no_image
20223,Aedes helenae,海伦伊蚊,,,,,,,no_image
20245,Aedes mediolineatus,中线伊蚊,,,,,,,no_image
20265,Aedes pingpaensis,平坝伊蚊,,,,,,,no_image
20285,Aedes sibiricus,西伯利亚伊蚊,,,,,,,no_image
20301,Aegilia describens,叶蕊夜蛾,images/00/02/00020301.webp,https://thumb.wikimedia.org/wikipedia/commons/thumb/3/30/Noctuid_Moth_%28Aegilia_describens%29_%2815858952286%29.jpg/960px-Noctuid_Moth_%28Aegilia_describens%29_%2815858952286%29.jpg?utm_source=en.wikipedia.org&utm_campaign=api&utm_content=thumbnail,Bernard DUPONT from FRANCE,CC BY-SA 2.0,https://creativecommons.org/licenses/by-sa/2.0,https://en.wikipedia.org/wiki/File:Noctuid_Moth_(Aegilia_describens)_(15858952286).jpg,ok
20303,Aegolipton meiyingae,,,,,,,,no_image
9913,Aegyptobia hefeiensis,,,,,,,,no_image
20324,Aeolothrips albicinctus,白腰纹蓟马,,,,,,,no_image
7451,Aequorea nanhainensis,南海多管水母,,,,,,,no_image
84235,Aerobryopsis parisii,扭叶灰气藓,,,,,,,no_image
20355,Aeropedellus liupanshanensis,六盘山蛛蝗,,,,,,,no_image
20376,Aeschnophlebia ishigakiana,,,,,,,,no_image
84247,Aeschynanthus angustissimus,狭叶芒毛苣苔,,,,,,,no_image
84271,Aeschynanthus maculatus,具斑芒毛苣苔,,,,,,,no_image
84293,Aeschynomene americana,敏感合萌,,https://upload.wikimedia.org/wikipedia/commons/b/b4/Aeschynomene_americana.jpg?utm_source=en.wikipedia.org&utm_campaign=api&utm_content=thumbnail_unscaled,"Robert H. Mohlenbrock. USDA SCS. 1991. Southern wetland flora: Field office guide to plant species. South National Technical Center, Fort Worth. Courtesy of USDA NRCS Wetland Science Institute",Public domain,,https://en.wikipedia.org/wiki/File:Aeschynomene_americana.jpg,download_failed
20404,Aethalodes verrucosus,,images/00/02/00020404.webp,https://thumb.wikimedia.org/wikipedia/commons/thumb/c/c5/Aethalodes_verrucosus_formosanus_%2834687503800%29.jpg/960px-Aethalodes_verrucosus_formosanus_%2834687503800%29.jpg?utm_source=en.wikipedia.org&utm_campaign=api&utm_content=thumbnail,LiCheng Shih,CC BY 2.0,https://creativecommons.org/licenses/by/2.0,https://en.wikipedia.org/wiki/File:Aethalodes_verrucosus_formosanus_(34687503800).jpg,ok
72752,Aethopyga siparaja,黄腰太阳鸟,images/00/07/00072752.webp,https://thumb.wikimedia.org/wikipedia/commons/thumb/8/87/0A2A6965_Crimson_Sunbird.jpg/960px-0A2A6965_Crimson_Sunbird.jpg?utm_source=en.wikipedia.org&utm_campaign=api&utm_content=thumbnail,JJ Harrison,CC BY-SA 3.0,https://creativecommons.org/licenses/by-sa/3.0,https://en.wikipedia.org/wiki/File:0A2A6965_Crimson_Sunbird.jpg,ok
2998,Afromysis dentsimus,齿窦非糠虾,,,,,,,no_image
20431,Agapanthia amurensis,,images/00/02/00020431.webp,https://thumb.wikimedia.org/wikipedia/commons/thumb/7/77/Agapanthia_amurensis.jpg/960px-Agapanthia_amurensis.jpg?utm_source=en.wikipedia.org&utm_campaign=api&utm_content=thumbnail,"Kim, Hyun-tae",CC BY 4.0,https://creativecommons.org/licenses/by/4.0,https://en.wikipedia.org/wiki/File:Agapanthia_amurensis.jpg,ok
84327,Agapetes flava,黄花树萝卜,,,,,,,no_image
84351,Agapetes malipoensis,麻栗坡树萝卜,,,,,,,no_image
84371,Agapetes refracta,折瓣树萝卜,,,,,,,no_image
144928,Agaricus altipes,高柄蘑菇,,,,,,,no_image
144948,Agaricus bitorquis,大肥菇,images/00/14/00144948.webp,https://thumb.wikimedia.org/wikipedia/commons/thumb/a/a9/Agaricus.bitorquis.nathan.jpg/960px-Agaricus.bitorquis.nathan.jpg?utm_source=en.wikipedia.org&utm_campaign=api&utm_content=thumbnail,Nathan Wilson,CC BY-SA 3.0,https://creativecommons.org/licenses/by-sa/3.0,https://en.wikipedia.org/wiki/File:Agaricus.bitorquis.nathan.jpg,ok
144968,Agaricus chaetodes,,,,,,,,no_image
144988,Agaricus devoniensis,,,,,,,,no_image
145008,Agaricus hercynicus,,,,,,,,no_image
145028,Agaricus maleolens,,,,,,,,no_image
145048,Agaricus placomyces,,images/00/14/00145048.webp,https://thumb.wikimedia.org/wikipedia/commons/thumb/6/6e/Agaricus_placomyces.jpg/960px-Agaricus_placomyces.jpg?utm_source=en.wikipedia.org&utm_campaign=api&utm_content=thumbnail,weiliiiiiii,CC BY-SA 3.0,https://creativecommons.org/licenses/by-sa/3.0,https://en.wikipedia.org/wiki/File:Agaricus_placomyces.jpg,ok
145068,Agaricus rodmani,罗德曼蘑菇,images/00/14/00145068.webp,https://thumb.wikimedia.org/wikipedia/commons/thumb/a/a9/Agaricus.bitorquis.nathan.jpg/960px-Agaricus.bitorquis.nathan.jpg?utm_source=en.wikipedia.org&utm_campaign=api&utm_content=thumbnail,Nathan Wilson,CC BY-SA 3.0,https://creativecommons.org/licenses/by-sa/3.0,https://en.wikipedia.org/wiki/File:Agaricus.bitorquis.nathan.jpg,ok
145088,Agaricus subedulis,亚食蘑菇,,,,,,,no_image
145108,Agaricus vinaceovirens,酒红(带绿)蘑菇,,,,,,,no_image
20456,Agathia laetata,简艳青尺蛾,images/00/02/00020456.webp,https://thumb.wikimedia.org/wikipedia/commons/thumb/a/ac/Agathia_laetata_%287211424074%29.jpg/960px-Agathia_laetata_%287211424074%29.jpg?utm_source=en.wikipedia.org&utm_campaign=api&utm_content=thumbnail,goldentakin,CC BY 2.0,https://creativecommons.org/licenses/by/2.0,https://en.wikipedia.org/wiki/File:Agathia_laetata_(7211424074).jpg,ok
20477,Agathomyia thoracica,甲仙粗腿扁足蝇,,,,,,,no_image
20494,Agelasta marmorata,,,,,,,,no_image
12492,Ageleradix otiforma,耳形盾漏蛛,,,,,,,no_image
20517,Agiommatus erionotus,弄蝶偏眼金小蜂,,,,,,,no_image
5781,Aglaophamus jeffreysii,杰氏内卷齿蚕,,,,,,,no_image
20525,Aglia tau,,images/00/02/00020525.webp,https://thumb.wikimedia.org/wikipedia/commons/thumb/1/17/Aglia_tau_-_male_2_%28HS%29.jpg/960px-Aglia_tau_-_male_2_%28HS%29.jpg?utm_source=en.wikipedia.org&utm_campaign=api&utm_content=thumbnail,Harald Süpfle,CC BY-SA 3.0,https://creativecommons.org/licenses/by-sa/3.0,https://en.wikipedia.org/wiki/File:Aglia_tau_-_male_2_(HS).jpg,ok
20549,Agnaptoria minuta,小型贞琵甲,,,,,,,no_image
20571,Agnetina extrema,扁脊剑(虫责),,,,,,,no_image
20595,Agnidra discrspilaria,丫纹距钩蛾,,,,,,,no_image
134716,Agonimia tristicula,,,,,,,,no_image
20632,Agonita seminigra,大三脊甲,,,,,,,no_image
20639,Agriocnemis dabreui,眼斑小蟌,,,,,,,no_image
148153,Agrocybe arvalis,,images/00/14/00148153.webp,https://thumb.wikimedia.org/wikipedia/commons/thumb/f/fb/Agrocybe_arvalis_%28Fr.%29_Heim_%26_Romagn_552681.jpg/960px-Agrocybe_arvalis_%28Fr.%29_Heim_%26_Romagn_552681.jpg?utm_source=en.wikipedia.org&utm_campaign=api&utm_content=thumbnail,"This image was created by user walt sturgeon (Mycowalt) at Mushroom Observer, a source for mycological images.You can contact this user here.",CC BY-SA 3.0,https://creativecommons.org/licenses/by-sa/3.0,https://en.wikipedia.org/wiki/File:Agrocybe_arvalis_(Fr.)_Heim_&_Romagn_552681.jpg,ok
148173,Agrocybe temulenta,根癌菌,,,,,,,no_image
20658,Agromyza cinerascens,麦叶灰潜蝇,,,,,,,no_image
84426,Agropyron mongolicum,沙芦草,,,,,,,no_image
84437,Agrostis divaricatissima,歧序剪股颖,,,,,,,no_image
84457,Agrostophyllum callosum,禾叶兰,,,,,,,no_image
20702,Agrotis subcorticea,元地夜蛾,,,,,,,no_image
14239,Agyneta unicornis,单角丘皿蛛,,,,,,,no_image
20720,Ahmaditermes pyricephlus,梨头钝颚白蚁,,,,,,,no_image
84473,Aidia pycnantha,多毛茜树,,,,,,,no_image
84496,Ainsliaea apteroides,狭翅兔儿风,,,,,,,no_image
84523,Ainsliaea latifolia,宽叶兔儿风,,,,,,,no_image
84545,Ainsliaea walkeri,华南兔儿风,,,,,,,no_image
84554,Ajania brachyantha,短冠亚菊,,,,,,,no_image
84574,Ajania ramosa,分枝亚菊,,,,,,,no_image
84589,Ajuga campylanthoides,康定筋骨草,,,,,,,no_image
5988,Akatopora leucocypha,白色舟苔虫,,,,,,,no_image
84651,Alangium kwangsiense,广西八角枫,,,,,,,no_image
151916,Albatrellus cantharellus,鸡油地花菌,,,,,,,no_image
151936,Albatrellus zhuangii,庄氏地花菌,,,,,,,no_image
84678,Albizia sherriffii,藏合欢,,,,,,,no_image
8343,Albunione yoda,长耳管须蟹鳃虱,,,,,,,no_image
84692,Alchornea tiliifolia,椴叶山麻秆,,,,,,,no_image
20750,Aldrichina grahami,巨尾阿丽蝇,,,,,,,no_image
72832,Alectoris chukar,石鸡,images/00/07/00072832.webp,https://thumb.wikimedia.org/wikipedia/commons/thumb/b/b2/Chukarhuhn_Weltvogelpark_Walsrode_2010.jpg/960px-Chukarhuhn_Weltvogelpark_Walsrode_2010.jpg?utm_source=en.wikipedia.org&utm_campaign=api&utm_content=thumbnail,Olaf Oliviero Riemer,CC BY-SA 3.0,https://creativecommons.org/licenses/by-sa/3.0,https://en.wikipedia.org/wiki/File:Chukarhuhn_Weltvogelpark_Walsrode_2010.jpg,ok
20766,Aleiodes dispar,异脊茧蜂,,,,,,,no_image
20786,Aleiodes mythimnae,粘虫脊茧蜂,,,,,,,no_image
20806,Aleiodes unipunctator,单点脊茧蜂,,,,,,,no_image
20822,Aleochara digitulata,,,,,,,,no_image
20842,Aleochara mimonigra,,,,,,,,no_image
20862,Aleochara smilinsularis,,,,,,,,no_image
72852,Alepocephalus triangularis,尖吻平头鱼,,,,,,,no_image
20890,Aletia pallens,苍研夜蛾,,,,,,,no_image
84709,Aletris pauciflora,少花肺筋草,,,,,,,no_image
140336,Aleuria splendens,光亮网孢盘菌,,,,,,,no_image
140356,Aleurina magnicellula,,,,,,,,no_image
84725,Aleuritopteris dealbata,无盖粉背蕨,,,,,,,no_image
84747,Aleuritopteris squamosa,毛叶粉背蕨,,,,,,,no_image
152539,Aleurodiscus grantii,大盘革菌,images/00/15/00152539.webp,https://thumb.wikimedia.org/wikipedia/commons/thumb/6/66/Aleurodiscus_grantii_594420.jpg/960px-Aleurodiscus_grantii_594420.jpg?utm_source=en.wikipedia.org&utm_campaign=api&utm_content=thumbnail,Sava Krstic (sava),CC BY-SA 3.0,https://creativecommons.org/licenses/by-sa/3.0,https://en.wikipedia.org/wiki/File:Aleurodiscus_grantii_594420.jpg,ok
20907,Alevonota laevigata,,,,,,,,no_image
20916,Algon atroviridis,,,,,,,,no_image
20936,Algon subtilis,,,,,,,,no_image
20945,Alisarcophaga gressitti,匙形海麻蝇,,,,,,,no_image
12323,Allagelena difficilis,机敏异漏蛛,,,,,,,no_image
20951,Allata laticostalis,伪奇舟蛾,,,,,,,no_image
20967,Alliopsis fruticosa,丛毛毛眼花蝇,,,,,,,no_image
20987,Alliopsis varicilia,异纤毛眼花蝇,,,,,,,no_image
84808,Allium cepa,洋葱,images/00/08/00084808.webp,https://thumb.wikimedia.org/wikipedia/commons/thumb/a/a2/Mixed_onions.jpg/960px-Mixed_onions.jpg?utm_source=en.wikipedia.org&utm_campaign=api&utm_content=thumbnail,Colin,CC BY-SA 3.0,https://creativecommons.org/licenses/by-sa/3.0,https://en.wikipedia.org/wiki/File:Mixed_onions.jpg,ok
84832,Allium farreri,川甘韭,images/00/08/00084832.webp,https://thumb.wikimedia.org/wikipedia/commons/thumb/c/c9/Ursa_ajlo_1.jpg/960px-Ursa_ajlo_1.jpg?utm_source=en.wikipedia.org&utm_campaign=api&utm_content=thumbnail,Thomas Pusch,CC BY-SA 4.0,https://creativecommons.org/licenses/by-sa/4.0,https://en.wikipedia.org/wiki/File:Ursa_ajlo_1.jpg,ok
84856,Allium jacquemontii,高原韭,,,,,,,no_image
84876,Allium megalobulbon,大鳞韭,,,,,,,no_image
84901,Allium platyspathum,宽苞韭,,,,,,,no_image
84925,Allium schoenoprasoides,类北葱,,,,,,,no_image
84947,Allium tekesicola,荒漠韭,,,,,,,no_image
84969,Allium yongdengense,永登韭,,,,,,,no_image
15537,Allochthonius brevitus,短尤异伪蝎,,,,,,,no_image
12239,Alloclubionoides trisaccatus,三囊满蛛,,,,,,,no_image
9111,Allodamaeus transitus,井纹细珠甲螨,,,,,,,no_image
21033,Allognosta basinigra,基黑距水虻,,,,,,,no_image
21053,Allognosta nigrifemur,黑腿距水虻,,,,,,,no_image
21072,Allohelea fruticosa,丛林埃蠓,,,,,,,no_image
14443,Allomedmassa mae,母异介蛛,,,,,,,no_image
19420,Allonychiurus antennalis,,,,,,,,no_image
15749,Allopauropus tristylus,三叉别少足,,,,,,,no_image
84983,Allophylus hirsutus,云南异木患,,,,,,,no_image
84990,Allostigma guangxiense,异片苣苔,,,,,,,no_image
21111,Allotrichoma biroi,双鬃矮颊水蝇,,,,,,,no_image
21126,Alluaudomyia candidata,白袍阿蠓,,,,,,,no_image
21146,Alluaudomyia subflexuosa,亚弯阿蠓,,,,,,,no_image
85009,Alnus trabeculosa,江南桤木,,,,,,,no_image
21161,Aloconota houzhenziensis,,,,,,,,no_image
21182,Aloconota taipingicola,,,,,,,,no_image
16331,Alopecosa alpicola,高山舞蛛,,,,,,,no_image
16494,Alopecosa lessertiana,莱塞舞蛛,,,,,,,no_image
85026,Alopecurus aequalis,看麦娘,images/00/08/00085026.webp,https://thumb.wikimedia.org/wikipedia/commons/thumb/1/1b/AlopecurusAequalis1.JPG/960px-AlopecurusAequalis1.JPG?utm_source=en.wikipedia.org&utm_campaign=api&utm_content=thumbnail,No machine-readable author provided. Thommybe assumed (based on copyright claims).,CC BY-SA 3.0,http://creativecommons.org/licenses/by-sa/3.0/,https://en.wikipedia.org/wiki/File:AlopecurusAequalis1.JPG,ok
21201,Alphaea imbuta,桔脉粉灯蛾,,,,,,,no_image
1362,Alpheus crinitus,海百合鼓虾,,,,,,,no_image
1417,Alpheus inopinatus,偶见鼓虾,,,,,,,no_image
1406,Alpheus polyxo,双爪鼓虾,,,,,,,no_image
85036,Alphonsea glandulosa,具腺藤春,,,,,,,no_image
85059,Alpinia flabellata,扇状山姜,,,,,,,no_image
85082,Alpinia napoensis,那坡山姜,,,,,,,no_image
85104,Alpinia strobiliformis,球穗山姜,,,,,,,no_image
85120,Alseodaphnopsis rugosa,皱皮北油丹,,,,,,,no_image
21205,Altekon chishanensis,旗山小黑飞虱,,,,,,,no_image
133842,Alternaria amphicarpaeae,,,,,,,,no_image
133862,Alternaria calycanthi,,,,,,,,no_image
133882,Alternaria citrimacularis,,,,,,,,no_image
133902,Alternaria ellisii,,,,,,,,no_image
133922,Alternaria lactucae,,,,,,,,no_image
133942,Alternaria nelumbii,,,,,,,,no_image
133962,Alternaria polygoni,,,,,,,,no_image
133982,Alternaria sesamicola,,,,,,,,no_image
134002,Alternaria tropaeolicola,,,,,,,,no_image
72877,Alticola albicauda,白尾高山䶄,,,,,,,no_image
2850,Altiverruca nitida,光洁高花笼,,,,,,,no_image
85153,Alysicarpus rugosus,皱缩链荚豆,images/00/08/00085153.webp,https://thumb.wikimedia.org/wikipedia/commons/thumb/a/a0/Alysicarpus_rugosus_subsp._perennirufus_1DS-II_1-1680-01.jpg/960px-Alysicarpus_rugosus_subsp._perennirufus_1DS-II_1-1680-01.jpg?utm_source=en.wikipedia.org&utm_campaign=api&utm_content=thumbnail,SAplants,CC BY-SA 4.0,https://creativecommons.org/licenses/by-sa/4.0,https://en.wikipedia.org/wiki/File:Alysicarpus_rugosus_subsp._perennirufus_1DS-II_1-1680-01.jpg,ok
21216,Amalaraeus andersoni,安氏同捧蚤,,,,,,,no_image
85180,Amana nanyueensis,南岳老鸦瓣,,,,,,,no_image
142289,Amanita arenaria,,images/00/14/00142289.webp,https://thumb.wikimedia.org/wikipedia/commons/thumb/5/51/Amanita_arenaria_%28O.K._Mill._%26_E._Horak%29_Justo_1046438.jpg/960px-Amanita_arenaria_%28O.K._Mill._%26_E._Horak%29_Justo_1046438.jpg?utm_source=en.wikipedia.org&utm_campaign=api&utm_content=thumbnail,"This image was created by user Richard Hartland (zeke1944) at Mushroom Observer, a source for mycological images.You can contact this user here.",CC BY-SA 3.0,https://creativecommons.org/licenses/by-sa/3.0,https://en.wikipedia.org/wiki/File:Amanita_arenaria_(O.K._Mill._&_E._Horak)_Justo_1046438.jpg,ok
142309,Amanita ceciliae,圈托鳞鹅膏菌,images/00/14/00142309.webp,https://thumb.wikimedia.org/wikipedia/commons/thumb/b/b6/2009-10-24_Amanita_ceciliae_group_62030_crop.jpg/960px-2009-10-24_Amanita_ceciliae_group_62030_crop.jpg?utm_source=en.wikipedia.org&utm_campaign=api&utm_content=thumbnail,"This image was created by user John Carl Jacobs (JCJacobs) at Mushroom Observer, a source for mycological images.You can contact this user here.",CC BY-SA 3.0,https://creativecommons.org/licenses/by-sa/3.0,https://en.wikipedia.org/wiki/File:2009-10-24_Amanita_ceciliae_group_62030_crop.jpg,ok
142329,Amanita farinacea,小托柄菇,,,,,,,no_image
142349,Amanita hongoi,本乡鹅膏,,,,,,,no_image
142369,Amanita manginiana,草鸡枞,,,,,,,no_image
142389,Amanita ovoidea,卵盖鹅膏菌,images/00/14/00142389.webp,https://thumb.wikimedia.org/wikipedia/commons/thumb/9/90/Amanita_ovoidea_1.jpg/960px-Amanita_ovoidea_1.jpg?utm_source=en.wikipedia.org&utm_campaign=api&utm_content=thumbnail,No machine-readable author provided. Archenzo assumed (based on copyright claims).,CC BY-SA 3.0,http://creativecommons.org/licenses/by-sa/3.0/,https://en.wikipedia.org/wiki/File:Amanita_ovoidea_1.jpg,ok
142409,Amanita rubrovolvata,红托鹅膏,images/00/14/00142409.webp,https://thumb.wikimedia.org/wikipedia/commons/thumb/b/bc/Amanita_rubrovolvata_97093.jpg/960px-Amanita_rubrovolvata_97093.jpg?utm_source=en.wikipedia.org&utm_campaign=api&utm_content=thumbnail,"This image was created by user Ryane Snow (snowman) at Mushroom Observer, a source for mycological images.You can contact this user here.",CC BY-SA 3.0,https://creativecommons.org/licenses/by-sa/3.0,https://en.wikipedia.org/wiki/File:Amanita_rubrovolvata_97093.jpg,ok
142429,Amanita subglobosa,球基鹅膏,,,,,,,no_image
142449,Amanita yenii,,,,,,,,no_image
85195,Amaranthus hybridus,绿穗苋,,https://upload.wikimedia.org/wikipedia/commons/1/10/Amarant_gr%C3%BCn.jpg?utm_source=en.wikipedia.org&utm_campaign=api&utm_content=thumbnail_unscaled,User:MarkusHagenlocher,CC BY-SA 3.0,http://creativecommons.org/licenses/by-sa/3.0/,https://en.wikipedia.org/wiki/File:Amarant_grün.jpg,download_failed
21243,Amarochara sororcula,,,,,,,,no_image
151131,Amauroderma atrum,,,,,,,,no_image
151151,Amauroderma gusmanianum,,,,,,,,no_image
151171,Amauroderma pullatum,,,,,,,,no_image
21258,Amauromyza acuta,斧角暗潜蝇,,,,,,,no_image
4926,Ambiaxius foveolatus,凹痕近阿蛄虾,,,,,,,no_image
72914,Amblyeleotris ogasawarensis,小笠原钝塘鳢,,,,,,,no_image
72934,Amblygobius sphynx,红海钝鰕虎,,https://upload.wikimedia.org/wikipedia/commons/9/9e/Amblygobius_sphynx.jpg?utm_source=en.wikipedia.org&utm_campaign=api&utm_content=thumbnail_unscaled,Unspecified,Copyrighted free use,,https://en.wikipedia.org/wiki/File:Amblygobius_sphynx.jpg,license_rejected
21278,Amblypsilopus crassatus,粗须雅长足虻,,,,,,,no_image
21298,Amblypsilopus mutatus,变异雅长足虻,,,,,,,no_image
85217,Amblystegium serpens,柳叶藓,,https://upload.wikimedia.org/wikipedia/commons/c/ca/Amblystegium_serpens_resize.jpg?utm_source=en.wikipedia.org&utm_campaign=api&utm_content=thumbnail_unscaled,"Algirdas, Lietuva",CC BY-SA 3.0,http://creativecommons.org/licenses/by-sa/3.0/,https://en.wikipedia.org/wiki/File:Amblystegium_serpens_resize.jpg,download_failed
21328,Amegilla camwelli,考氏无垫蜂,,,,,,,no_image
21348,Amegilla velocissima,捷无垫蜂,,,,,,,no_image
21357,Amichrotus watanabei,,,,,,,,no_image
21374,Amiota aristata,芒突阿果蝇,,,,,,,no_image
21394,Amiota dilatifemorata,肿腿阿果蝇,,,,,,,no_image
21414,Amiota lipingae,丽萍阿果蝇,,,,,,,no_image
21434,Amiota protuberantis,隆胫阿果蝇,,,,,,,no_image
21454,Amiota wuyishanensis,武夷阿果蝇,,,,,,,no_image
21463,Ammophilomima trifida,台湾大眼食虫虻,,,,,,,no_image
72941,Amolops adicola,珞巴湍蛙,,,,,,,no_image
72962,Amolops granulosus,棘皮湍蛙,,,,,,,no_image
72983,Amolops pallasitatus,陈塘湍蛙,,,,,,,no_image
73003,Amolops xinduqiao,新都桥湍蛙,,,,,,,no_image
85263,Amomum maximum,九翅豆蔻,images/00/08/00085263.webp,https://thumb.wikimedia.org/wikipedia/commons/thumb/5/55/Amomum_maximum-1-JNTBGRI-palode-Kerala.jpg/960px-Amomum_maximum-1-JNTBGRI-palode-Kerala.jpg?utm_source=en.wikipedia.org&utm_campaign=api&utm_content=thumbnail,Yercaud-elango,CC BY-SA 4.0,https://creativecommons.org/licenses/by-sa/4.0,https://en.wikipedia.org/wiki/File:Amomum_maximum-1-JNTBGRI-palode-Kerala.jpg,ok
85283,Amomum tsaoko,草果,images/00/08/00085283.webp,https://thumb.wikimedia.org/wikipedia/commons/thumb/6/60/Lanxangia_tsao-ko_imported_from_iNaturalist_photo_111001922_on_29_January_2024.jpg/960px-Lanxangia_tsao-ko_imported_from_iNaturalist_photo_111001922_on_29_January_2024.jpg?utm_source=en.wikipedia.org&utm_campaign=api&utm_content=thumbnail,"(c) Jan Vršovský, some rights reserved (CC BY-SA)",CC BY-SA 4.0,https://creativecommons.org/licenses/by-sa/4.0,https://en.wikipedia.org/wiki/File:Lanxangia_tsao-ko_imported_from_iNaturalist_photo_111001922_on_29_January_2024.jpg,ok
85302,Amorphophallus hirtus,硬毛魔芋,,,,,,,no_image
73016,Amoya pflaumi,普氏缰鰕虎,,,,,,,no_image
6033,Ampelisca nanhaiensis,南海双眼钩虾,,,,,,,no_image
85327,Ampelocissus butoensis,四川酸蔹藤,,,,,,,no_image
85353,Ampelopsis mollifolia,毛叶蛇葡萄,,,,,,,no_image
6440,Amphibalanus zhujiangensis,珠江藤壶,,,,,,,no_image
21513,Amphigomphus somnuki,索氏安春蜓,,,,,,,no_image
148781,Amphinema byssoides,,images/00/14/00148781.webp,https://thumb.wikimedia.org/wikipedia/commons/thumb/3/31/Amphinema_byssoides_202959.jpg/960px-Amphinema_byssoides_202959.jpg?utm_source=en.wikipedia.org&utm_campaign=api&utm_content=thumbnail,Gerhard Koller (Gerhard),CC BY-SA 3.0,https://creativecommons.org/licenses/by-sa/3.0,https://en.wikipedia.org/wiki/File:Amphinema_byssoides_202959.jpg,ok
21529,Amphinemura ctenospina,栉刺倍叉(虫责),,,,,,,no_image
21549,Amphinemura gyracantha,环刺倍叉(虫责),,,,,,,no_image
21569,Amphinemura mokanshanensis,莫干山倍叉(虫责),,,,,,,no_image
21589,Amphinemura tricintusidens,三刺倍叉(虫责),,,,,,,no_image
1209,Amphioplus intermedia,中间倍棘蛇尾,,,,,,,no_image
73022,Amphiprion clarkii,克氏双锯鱼,,https://thumb.wikimedia.org/wikipedia/commons/thumb/b/b3/Pez_payaso_de_cola_amarilla_%28Amphiprion_clarkii%29_en_una_an%C3%A9mona_magn%C3%ADfica_%28Heteractis_magnifica%29%2C_islas_Ad_Dimaniyat%2C_Om%C3%A1n%2C_2024-08-16%2C_DD_76.jpg/960px-Pez_payaso_de_cola_amarilla_%28Amphiprion_clarkii%29_en_una_an%C3%A9mona_magn%C3%ADfica_%28Heteractis_magnifica%29%2C_islas_Ad_Dimaniyat%2C_Om%C3%A1n%2C_2024-08-16%2C_DD_76.jpg?utm_source=en.wikipedia.org&utm_campaign=api&utm_content=thumbnail,,,,https://en.wikipedia.org/wiki/Amphiprion_clarkii,license_rejected
21612,Amphipsylla marikovskii,长方双蚤,,,,,,,no_image
21647,Amphipyra cancellata,阴杂夜蛾,,,,,,,no_image
141010,Amphisphaeria umbrina,,,,,,,,no_image
1232,Amphiura velox,六腕阳遂足,,,,,,,no_image
21667,Amsactoides solitaria,阳异灯蛾,images/00/02/00021667.webp,https://thumb.wikimedia.org/wikipedia/commons/thumb/1/13/Amsactoides_solitaria_%2826832392696%29.jpg/960px-Amsactoides_solitaria_%2826832392696%29.jpg?utm_source=en.wikipedia.org&utm_campaign=api&utm_content=thumbnail,LiCheng Shih,CC BY 2.0,https://creativecommons.org/licenses/by/2.0,https://en.wikipedia.org/wiki/File:Amsactoides_solitaria_(26832392696).jpg,ok
136670,Amygdalaria consentiens,,,,,,,,no_image
151943,Amylonotus tenuis,薄淀粉孔菌,,,,,,,no_image
17988,Amynthas antefixus,前定远盲蚓,,,,,,,no_image
17913,Amynthas chaishanensis,柴山远盲蚓,,,,,,,no_image
17780,Amynthas divergens,,,,,,,,no_image
17828,Amynthas fokiensis,福建远盲蚓,,,,,,,no_image
17998,Amynthas hongkongensis,香港远盲蚓,,,,,,,no_image
17815,Amynthas leshanensis,乐山远盲蚓,,,,,,,no_image
18021,Amynthas megapapillatus,大突远盲蚓,,,,,,,no_image
17910,Amynthas obscuritoporus,暗孔远盲蚓,,,,,,,no_image
17812,Amynthas proasacceus,残囊远盲蚓,,,,,,,no_image
17852,Amynthas stricosus,条纹远盲蚓,,,,,,,no_image
17819,Amynthas uvaglandularis,葡腺远盲蚓,,,,,,,no_image
73034,Anabarilius duoyiheensis,多衣河白鱼,,,,,,,no_image
85377,Anabasis eriopoda,毛足假木贼,,,,,,,no_image
21698,Anachrostis nigripunctalis,凡夜蛾,,,,,,,no_image
85390,Anadyomene wrightii,肋叶藻,,,,,,,no_image
21726,Anaglyptus elegantulus,,,,,,,,no_image
21746,Anagyrietta pantherina,豹纹阿纳跳小蜂,,,,,,,no_image
21766,Anagyrus kamali,,,,,,,,no_image
13553,Anahita jinsi,近似阿纳蛛,,,,,,,no_image
2877,Anapella retroconerxa,反凸息蛤,,,,,,,no_image
85429,Anaphalis hondae,多茎香青,,,,,,,no_image
85459,Anaphalis souliei,蜀西香青,,,,,,,no_image
12718,Anapistula panensis,盘县安皮图蛛,,,,,,,no_image
135250,Anaptychia hypocaesia,,,,,,,,no_image
135270,Anaptychia szechuensis,,,,,,,,no_image
21806,Anartomorpha albistigma,白点风夜蛾,,,,,,,no_image
21820,Anastoechus chinensis,中华雏蜂虻,,,,,,,no_image
85480,Anastrophyllum hellerianum,深绿挺叶苔,images/00/08/00085480.webp,https://thumb.wikimedia.org/wikipedia/commons/thumb/d/d5/Anastrophyllum_hellerianum.jpg/960px-Anastrophyllum_hellerianum.jpg?utm_source=en.wikipedia.org&utm_campaign=api&utm_content=thumbnail,Des_Callaghan,CC BY-SA 4.0,https://creativecommons.org/licenses/by-sa/4.0,https://en.wikipedia.org/wiki/File:Anastrophyllum_hellerianum.jpg,ok
21847,Anatkina bistriata,双条斑大叶蝉,,,,,,,no_image
21867,Anatkina rubipennis,红翅斑大叶蝉,,,,,,,no_image
15797,Anaulaciulus enghoffi,英氏少纹姬马陆,,,,,,,no_image
21892,Anax panybeus,东亚伟蜓,,,,,,,no_image
5071,Anchistus demani,德曼贝隐虾,,,,,,,no_image
21913,Ancistrotermes dimorphus,小头钩白蚁,,,,,,,no_image
73081,Andamia tetradactylus,四指唇盘鳚,,https://thumb.wikimedia.org/wikipedia/commons/thumb/0/0d/%E5%9B%9B%E6%8C%87%E5%94%87%E7%9B%A4%E9%B3%9A_%2830155991864%29.jpg/960px-%E5%9B%9B%E6%8C%87%E5%94%87%E7%9B%A4%E9%B3%9A_%2830155991864%29.jpg?utm_source=en.wikipedia.org&utm_campaign=api&utm_content=thumbnail,,,,https://en.wikipedia.org/wiki/Andamia_tetradactylus,license_rejected
85505,Androcorys pusillus,小兜蕊兰,,,,,,,no_image
85524,Androsace chimingiana,启明点地梅,,,,,,,no_image
85544,Androsace gmelinii,小点地梅,,,,,,,no_image
85566,Androsace mirabilis,大叶点地梅,,,,,,,no_image
85589,Androsace tanggulashanensis,唐古拉点地梅,,,,,,,no_image
21952,Anechura rectiforcipata,直铗张球螋,,,,,,,no_image
85600,Anemone amurensis,黑水银莲花,,,,,,,no_image
85642,Anemone hokouensis,河口银莲花,,,,,,,no_image
85678,Anemone rupestris,湿地银莲花,,,,,,,no_image
85703,Anemone yulongshanica,玉龙银莲花,,,,,,,no_image
21965,Angaracris acrohylins,端亮皱膝蝗,,,,,,,no_image
85715,Angelica balangshanensis,巴朗山当归,,,,,,,no_image
85740,Angelica likiangensis,丽江当归,,,,,,,no_image
85764,Angelica songpanensis,松潘当归,,,,,,,no_image
85774,Angiopteris caudatiformis,披针观音座莲,,,,,,,no_image
85794,Angiopteris nodosipetiolata,瘤柄观音座莲,,,,,,,no_image
73090,Anguilla nebulosa,云纹鳗鲡,images/00/07/00073090.webp,https://thumb.wikimedia.org/wikipedia/commons/thumb/f/fc/Anguilla_bengalensis_bengalensis.jpg/960px-Anguilla_bengalensis_bengalensis.jpg?utm_source=en.wikipedia.org&utm_campaign=api&utm_content=thumbnail,Nandini Velho at Pakke Tiger Reserve,CC BY-SA 3.0,https://creativecommons.org/licenses/by-sa/3.0,https://en.wikipedia.org/wiki/File:Anguilla_bengalensis_bengalensis.jpg,ok
5429,Angulus vestalis,衣角蛤,,,,,,,no_image
85811,Ania ruybarrettoi,南方安兰,,,,,,,no_image
8460,Anilocra alloceraea,异角狭长水虱,,,,,,,no_image
3692,Anisocorbula crassa,厚异篮蛤,,,,,,,no_image
22026,Anisogomphus fujianensis,福建异春蜓,,,,,,,no_image
132352,Anisomeridium biforme,,,,,,,,no_image
22045,Anisopleura furcata,蓝斑异翅溪蟌,,,,,,,no_image
85833,Anna submontana,大苞苣苔,,,,,,,no_image
5883,Annanogammarus annandalei,安氏钩虾,,,,,,,no_image
141213,Annulatascus velatispora,,,,,,,,no_image
144584,Annulohypoxylon thouarsianum,,images/00/14/00144584.webp,https://thumb.wikimedia.org/wikipedia/commons/thumb/4/42/Annulohypoxylon_thouarsianum.jpg/960px-Annulohypoxylon_thouarsianum.jpg?utm_source=en.wikipedia.org&utm_campaign=api&utm_content=thumbnail,Franco Folini,CC BY-SA 2.0,https://creativecommons.org/licenses/by-sa/2.0,https://en.wikipedia.org/wiki/File:Annulohypoxylon_thouarsianum.jpg,ok
85851,Anoectangium stracheyanum,扭叶丛本藓,,,,,,,no_image
85872,Anoectochilus zhejiangensis,浙江金线兰,,,,,,,no_image
22091,Anomis metaxantha,暗桥夜蛾,,,,,,,no_image
22092,Anomognathus armatus,,,,,,,,no_image
22112,Anomoia zoseana,佘山斜脉实蝇,,,,,,,no_image
22123,Anopheles barbirostris,须喙按蚊,images/00/02/00022123.webp,https://thumb.wikimedia.org/wikipedia/commons/thumb/b/b9/Anopheles_barbirostris.jpg/960px-Anopheles_barbirostris.jpg?utm_source=en.wikipedia.org&utm_campaign=api&utm_content=thumbnail,Dr D.A. Turkhud (1863-?),Public domain,,https://en.wikipedia.org/wiki/File:Anopheles_barbirostris.jpg,ok
22144,Anopheles karwari,卡瓦按蚊,,,,,,,no_image
22164,Anopheles pseudowillmori,伪威氏按蚊,,,,,,,no_image
22185,Anoplistes mongolicus,,,,,,,,no_image
22207,Anoplodera rufihumeralis,,,,,,,,no_image
22223,Anoplophora chiangi,,,,,,,,no_image
22246,Anoplophora multimaculata,,,,,,,,no_image
10446,Anothopoda ichangensis,,,,,,,,no_image
22275,Anotylus armifrons,,,,,,,,no_image
22295,Anotylus gregarius,,,,,,,,no_image
22317,Anotylus opaciceps,,,,,,,,no_image
73104,Anoxypristis cuspidata,钝锯鳐(尖齿锯鳐),,,,,,,no_image
73121,Antennarius biocellatus,双斑躄鱼,images/00/07/00073121.webp,https://thumb.wikimedia.org/wikipedia/commons/thumb/f/fb/Antennarius_biocellatus.png/960px-Antennarius_biocellatus.png?utm_source=en.wikipedia.org&utm_campaign=api&utm_content=thumbnail,,Public domain,,https://en.wikipedia.org/wiki/File:Antennarius_biocellatus.png,ok
22336,Anteon bauense,石龙门单爪螯蜂,,,,,,,no_image
22356,Anteon guangxiense,广西单爪螯蜂,,,,,,,no_image
22376,Anteon mixtum,懵单爪螯蜂,,,,,,,no_image
22396,Anteon spenceri,斯氏单爪螯蜂,,,,,,,no_image
85900,Anthelia julacea,兔耳苔,,,,,,,no_image
85904,Antheroporum harmandii,肿荚豆,,,,,,,no_image
22448,Anthidium rasorium,弹黄斑蜂,,,,,,,no_image
85905,Anthoceros angustus,台湾角苔,images/00/08/00085905.webp,https://thumb.wikimedia.org/wikipedia/commons/thumb/9/95/Anthoceros_angustus.jpg/960px-Anthoceros_angustus.jpg?utm_source=en.wikipedia.org&utm_campaign=api&utm_content=thumbnail,Manju C.Nair,CC BY 4.0,https://creativecommons.org/licenses/by/4.0,https://en.wikipedia.org/wiki/File:Anthoceros_angustus.jpg,ok
22483,Anthocoris confusus,混色原花蝽,,https://upload.wikimedia.org/wikipedia/commons/4/45/Anthocoris_confusus_%28Anthocoridae%29_-_%28imago%29%2C_Elst_%28Gld%29%2C_the_Netherlands_-_3.jpg?utm_source=en.wikipedia.org&utm_campaign=api&utm_content=thumbnail_unscaled,"This image is created by user B. Schoenmakers at Waarneming.nl, a source of nature observations in the Netherlands.",CC BY 3.0,https://creativecommons.org/licenses/by/3.0,"https://en.wikipedia.org/wiki/File:Anthocoris_confusus_(Anthocoridae)_-_(imago),_Elst_(Gld),_the_Netherlands_-_3.jpg",download_failed
22503,Anthocoris qinlingensis,秦岭原花蝽,,,,,,,no_image
22518,Anthomyia latifasciata,宽颜花蝇,,,,,,,no_image
22536,Anthophora albomaculata,白斑条蜂,,,,,,,no_image
22556,Anthophora erschowi,黑白条蜂,,,,,,,no_image
22577,Anthophora maculilabralis,斑唇条蜂,,,,,,,no_image
22598,Anthophora quadrimaculata,狐条蜂,,,,,,,no_image
7976,Anthopleura handi,汉氏侧花海葵,,,,,,,no_image
144681,Anthostomella clypeoides,,,,,,,,no_image
144701,Anthostomella taiwaniana,,,,,,,,no_image
154880,Anthracoidea angulata,角孢炭黑粉菌,,,,,,,no_image
154900,Anthracoidea misandrae,米萨苔炭黑粉菌,,,,,,,no_image
22617,Anthracophagella albovariegata,杂色粉秆蝇,,,,,,,no_image
22626,Anthrax latifascia,宽带岩蜂虻,,,,,,,no_image
73159,Anthus sylvanus,山鹨,images/00/07/00073159.webp,https://thumb.wikimedia.org/wikipedia/commons/thumb/9/9c/Upland_Pipit_Anthus_sylvanus.jpg/960px-Upland_Pipit_Anthus_sylvanus.jpg?utm_source=en.wikipedia.org&utm_campaign=api&utm_content=thumbnail,Pkspks,CC BY-SA 4.0,https://creativecommons.org/licenses/by-sa/4.0,https://en.wikipedia.org/wiki/File:Upland_Pipit_Anthus_sylvanus.jpg,ok
85937,Antidesma ghaesembilla,方叶五月茶,images/00/08/00085937.webp,https://thumb.wikimedia.org/wikipedia/commons/thumb/7/7d/Antidesma_sp_Blanco1.26.jpg/960px-Antidesma_sp_Blanco1.26.jpg?utm_source=en.wikipedia.org&utm_campaign=api&utm_content=thumbnail,Francisco Manuel Blanco (O.S.A.),Public domain,,https://en.wikipedia.org/wiki/File:Antidesma_sp_Blanco1.26.jpg,ok
22646,Antillocladius zhengi,郑氏安的列摇蚊,,,,,,,no_image
22653,Antiphalera bilineata,双线反掌舟蛾,,,,,,,no_image
22659,Antocha bifida,双裂安大蚊,,,,,,,no_image
22679,Antocha pterographa,翼安大蚊,,,,,,,no_image
150864,Antrodia heteromorpha,异形薄孔菌,,,,,,,no_image
85961,Antrophyum callifolium,美叶车前蕨,,,,,,,no_image
22699,Anuga lunnulata,月殿尾夜蛾,,,,,,,no_image
15250,Anyphaena bivalva,双瓣近管蛛,,,,,,,no_image
85973,Aongstroemiopsis julacea,石松藓,,,,,,,no_image
22722,Aoyuanus furcatus,叉茎凹缘飞虱,,,,,,,no_image
22742,Apamea furva,异秀夜蛾,,https://thumb.wikimedia.org/wikipedia/commons/thumb/0/0d/Apamea_furva.jpg/960px-Apamea_furva.jpg?utm_source=en.wikipedia.org&utm_campaign=api&utm_content=thumbnail,M. Virtala,Copyrighted free use,,https://en.wikipedia.org/wiki/File:Apamea_furva.jpg,license_rejected
22762,Apatetica gibba,,,,,,,,no_image
22791,Apelaunothrips bicolor,两色网管蓟马,,,,,,,no_image
85974,Aphanamixis polystachya,山楝,images/00/08/00085974.webp,https://thumb.wikimedia.org/wikipedia/commons/thumb/f/f7/Aphanamixis_polystachya.JPG/960px-Aphanamixis_polystachya.JPG?utm_source=en.wikipedia.org&utm_campaign=api&utm_content=thumbnail,Prenn,CC BY-SA 3.0,https://creativecommons.org/licenses/by-sa/3.0,https://en.wikipedia.org/wiki/File:Aphanamixis_polystachya.JPG,ok
22814,Apharitis acamas,富丽灰蝶,images/00/02/00022814.webp,https://thumb.wikimedia.org/wikipedia/commons/thumb/2/2e/Cigaritis_acamas_1.jpg/960px-Cigaritis_acamas_1.jpg?utm_source=en.wikipedia.org&utm_campaign=api&utm_content=thumbnail,Gideon Pisanty (Gidip),CC BY-SA 3.0,https://creativecommons.org/licenses/by-sa/3.0,https://en.wikipedia.org/wiki/File:Cigaritis_acamas_1.jpg,ok
22830,Aphelopus exnotaulices,缺沟常足螯蜂,,,,,,,no_image
22850,Aphelopus spadiceus,褐唇常足螯蜂,,,,,,,no_image
85982,Aphragmus hobsonii,弯梗芥,,,,,,,no_image
22886,Aphrodisium gibbicolle,,,,,,,,no_image
5839,Aphrodita australis,澳洲鳞沙蚕,,,,,,,no_image
73181,Aphyocypris normalis,拟细鲫,,,,,,,no_image
8272,Apionsoma misakiana,三崎梨体星虫,,,,,,,no_image
22928,Apis mellifera,西方蜜蜂,images/00/02/00022928.webp,https://thumb.wikimedia.org/wikipedia/commons/thumb/4/4d/Apis_mellifera_Western_honey_bee.jpg/960px-Apis_mellifera_Western_honey_bee.jpg?utm_source=en.wikipedia.org&utm_campaign=api&utm_content=thumbnail,Andreas Trepte,CC BY-SA 2.5,https://creativecommons.org/licenses/by-sa/2.5,https://en.wikipedia.org/wiki/File:Apis_mellifera_Western_honey_bee.jpg,ok
22949,Aploneura lentisci,乳香平翅绵蚜,,,,,,,no_image
73188,Apocryptodon madurensis,马都拉叉牙鰕虎,,,,,,,no_image
9772,Apodiptacus archiboehmerus,,,,,,,,no_image
73213,Apogon nitidus,褐条天竺鲷,,,,,,,no_image
22961,Apolygopsis elegans,秀异丽盲蝽,,,,,,,no_image
22981,Apolygus medionigritus,中黑后丽盲蝽,,,,,,,no_image
22997,Apomecyna cretacea,,,,,,,,no_image
9502,Aponychus firmianae,,,,,,,,no_image
23054,Aporia harrietae,利箭绢粉蝶,images/00/02/00023054.webp,https://thumb.wikimedia.org/wikipedia/commons/thumb/5/5c/Aporia_harrietae_524.png/960px-Aporia_harrietae_524.png?utm_source=en.wikipedia.org&utm_campaign=api&utm_content=thumbnail,J N Fitch (art); Frederic C. Moore (text),Public domain,,https://en.wikipedia.org/wiki/File:Aporia_harrietae_524.png,ok
8391,Aporobopyrus enosteoidis,晃似蜂鳃虱,,,,,,,no_image
23109,Apostenolinus cariniceps,,,,,,,,no_image
86039,Appendicula annamensis,小花牛齿兰,,,,,,,no_image
143807,Appendiculella malaisiae,牛筋藤附丝壳,,,,,,,no_image
23138,Appias lyncida,灵奇尖粉蝶,images/00/02/00023138.webp,https://thumb.wikimedia.org/wikipedia/commons/thumb/f/f8/Close_wing_position_of_Appias_lyncida%2C_Cramer%2C_1777_%E2%80%93_Chocolate_Albatross_WLB.jpg/960px-Close_wing_position_of_Appias_lyncida%2C_Cramer%2C_1777_%E2%80%93_Chocolate_Albatross_WLB.jpg?utm_source=en.wikipedia.org&utm_campaign=api&utm_content=thumbnail,Sayan Sanyal,CC BY-SA 4.0,https://creativecommons.org/licenses/by-sa/4.0,"https://en.wikipedia.org/wiki/File:Close_wing_position_of_Appias_lyncida,_Cramer,_1777_–_Chocolate_Albatross_WLB.jpg",ok
73236,Apristurus japonicus,日本光尾鲨,,https://upload.wikimedia.org/wikipedia/commons/f/ff/Apristurus_japonicus_distmap.png?utm_source=en.wikipedia.org&utm_campaign=api&utm_content=thumbnail_unscaled,Chris_huh,CC BY-SA 3.0,http://creativecommons.org/licenses/by-sa/3.0/,https://en.wikipedia.org/wiki/File:Apristurus_japonicus_distmap.png,download_failed
23175,Aprostocetus holoxanthus,纯黄长尾啮小蜂,,,,,,,no_image
23193,Aptinothrips stylifer,芒缺翅蓟马,,,,,,,no_image
86049,Aquilegia amurensis,长白耧斗菜,,https://upload.wikimedia.org/wikipedia/commons/e/e4/Aquilegia_amurensis.jpg?utm_source=en.wikipedia.org&utm_campaign=api&utm_content=thumbnail_unscaled,Royal Botanic Garden Edinburgh,CC0,http://creativecommons.org/publicdomain/zero/1.0/deed.en,https://en.wikipedia.org/wiki/File:Aquilegia_amurensis.jpg,download_failed
86073,Aquilegia yangii,长果耧斗菜,,,,,,,no_image
86096,Arachniodes assamica,阔羽复叶耳蕨,,,,,,,no_image
86116,Arachniodes miqueliana,毛枝蕨,,,,,,,no_image
86091,Arachniodes ×,似斜方复叶耳蕨,,,,,,,no_image
11182,Arachnura melanura,黄尾园蛛,,https://upload.wikimedia.org/wikipedia/commons/6/6e/Arachnura.melanura.female.1.-.tanikawa.jpg?utm_source=en.wikipedia.org&utm_campaign=api&utm_content=thumbnail_unscaled,Akio Tanikawa,CC BY-SA 2.5,https://creativecommons.org/licenses/by-sa/2.5,https://en.wikipedia.org/wiki/File:Arachnura.melanura.female.1.-.tanikawa.jpg,download_failed
86145,Aralia continentalis,东北土当归,,,,,,,no_image
86167,Aralia officinalis,陕鄂楤木,,,,,,,no_image
23205,Araneibatrus gracilipes,,,,,,,,no_image
11083,Araneus biprominens,双隆园蛛,,,,,,,no_image
11051,Araneus falcatus,镰状园蛛,images/00/01/00011051.webp,https://thumb.wikimedia.org/wikipedia/commons/thumb/5/50/Evarcha.falcata.7328.jpg/960px-Evarcha.falcata.7328.jpg?utm_source=en.wikipedia.org&utm_campaign=api&utm_content=thumbnail,Please report references to olei@despammed.com.,CC BY-SA 2.5,https://creativecommons.org/licenses/by-sa/2.5,https://en.wikipedia.org/wiki/File:Evarcha.falcata.7328.jpg,ok
10917,Araneus miquanensis,米泉园蛛,,,,,,,no_image
10928,Araneus pseudoconicus,伪锥园蛛,,,,,,,no_image
11070,Araneus variegatus,杂黑斑园蛛,,,,,,,no_image
11021,Araniella inconspicua,暗痣蛛,,,,,,,no_image
23225,Arbela simplicipes,简足棒姬蝽,,,,,,,no_image
73272,Arborophila brunneopectus,褐胸山鹧鸪,images/00/07/00073272.webp,https://thumb.wikimedia.org/wikipedia/commons/thumb/a/a9/Arborophila_brunneopectus_male_-_Kaeng_Krachan.jpg/960px-Arborophila_brunneopectus_male_-_Kaeng_Krachan.jpg?utm_source=en.wikipedia.org&utm_campaign=api&utm_content=thumbnail,JJ Harrison (https://www.jjharrison.com.au/),CC BY-SA 3.0,https://creativecommons.org/licenses/by-sa/3.0,https://en.wikipedia.org/wiki/File:Arborophila_brunneopectus_male_-_Kaeng_Krachan.jpg,ok
2631,Arcania gracilis,纤细栗壳蟹,,,,,,,no_image
73289,Archamia buruensis,横带长鳍天竺鲷,,,,,,,no_image
86197,Archiboehmeria atrata,舌柱麻,,,,,,,no_image
86216,Archidendron utile,薄叶猴耳环,,,,,,,no_image
23265,Archips decretanus,,,,,,,,no_image
23286,Archips semistructus,蒿黄卷蛾,,,,,,,no_image
5472,Arcopaginula inflata,蚶叶蛤,,,,,,,no_image
4616,Arcotheres spinidactylus,棘指蚶豆蟹,,,,,,,no_image
73295,Arctonyx collaris,猪獾,images/00/07/00073295.webp,https://thumb.wikimedia.org/wikipedia/commons/thumb/9/9c/Arctonyx-collaris-hog-badger.jpg/960px-Arctonyx-collaris-hog-badger.jpg?utm_source=en.wikipedia.org&utm_campaign=api&utm_content=thumbnail,Rushenb,CC BY-SA 4.0,https://creativecommons.org/licenses/by-sa/4.0,https://en.wikipedia.org/wiki/File:Arctonyx-collaris-hog-badger.jpg,ok
16437,Arctosa danzhounensis,儋州熊蛛,,,,,,,no_image
16442,Arctosa serrulata,锯齿熊蛛,,,,,,,no_image
23330,Arcuator filia,丝弓秆蝇,,,,,,,no_image
86245,Ardisia alutacea,显脉紫金牛,,,,,,,no_image
86265,Ardisia densilepidotula,密鳞紫金牛,,,,,,,no_image
86286,Ardisia merrillii,白花紫金牛,,,,,,,no_image
86308,Ardisia scalarinervis,梯脉紫金牛,,,,,,,no_image
144499,Arecophila notabilis,,,,,,,,no_image
1302,Arete borradailei,波氏阿莱鼓虾,,,,,,,no_image
86345,Argentina curta,少齿蕨麻,,,,,,,no_image
86373,Argentina songzhuensis,松竹蕨麻,,,,,,,no_image
11116,Argiope caesarea,凯撒金蛛,,https://thumb.wikimedia.org/wikipedia/commons/thumb/f/f2/Argiope_caesarea.jpg/960px-Argiope_caesarea.jpg?utm_source=en.wikipedia.org&utm_campaign=api&utm_content=thumbnail,,,,https://en.wikipedia.org/wiki/Argiope_caesarea,license_rejected
86391,Argostemma solaniflorum,水冠草,,,,,,,no_image
23365,Argyra vanoyei,范氏银长足虻,,,,,,,no_image
86418,Argyreia splendens,亮叶银背藤,,,,,,,no_image
23370,Argyronome kuniga,融斑老豹蛱蝶,,,,,,,no_image
23381,Argyrotaenia congruentana,庐山卷蛾,,,,,,,no_image
23409,Arhopalus coreanus,,,,,,,,no_image
23424,Aricia mandschurica,中华爱灰蝶,,,,,,,no_image
23444,Aridelus ziyangensis,紫阳蝽茧蜂,,,,,,,no_image
86432,Arisaema bockii,灯台莲,,,,,,,no_image
86452,Arisaema exappendiculatum,圈药南星,,,,,,,no_image
86474,Arisaema lichiangense,丽江南星,,,,,,,no_image
86494,Arisaema petelotii,紫根南星,,,,,,,no_image
86516,Arisaema thunbergii,鞭序南星,images/00/08/00086516.webp,https://thumb.wikimedia.org/wikipedia/commons/thumb/4/42/Arisaema_thunbergii_ssp._urashima-IMG_6580.JPG/960px-Arisaema_thunbergii_ssp._urashima-IMG_6580.JPG?utm_source=en.wikipedia.org&utm_campaign=api&utm_content=thumbnail,C T Johansson,CC BY-SA 3.0,https://creativecommons.org/licenses/by-sa/3.0,https://en.wikipedia.org/wiki/File:Arisaema_thunbergii_ssp._urashima-IMG_6580.JPG,ok
86530,Aristida batangensis,巴塘三芒草,,,,,,,no_image
23459,Aristocypha iridea,蓝纹圣鼻蟌,,,,,,,no_image
86556,Aristolochia rethyae,雷西亚氏马兜铃,,,,,,,no_image
143787,Armatella litseae,,,,,,,,no_image
23478,Armigeres subalbatus,骚扰阿蚊,,https://upload.wikimedia.org/wikipedia/commons/d/d8/Armigeres_subalbatus_mosquito.jpg?utm_source=en.wikipedia.org&utm_campaign=api&utm_content=thumbnail_unscaled,"CDC/ Frank Collins, PhD",Public domain,,https://en.wikipedia.org/wiki/File:Armigeres_subalbatus_mosquito.jpg,download_failed
147694,Armillaria polymyces,红褐蜜环菌,,,,,,,no_image
86575,Arnebia tschimganica,天山软紫草,,,,,,,no_image
23492,Aromiella fruhstorferi,,,,,,,,no_image
148390,Arrhenia epichysium,,images/00/14/00148390.webp,https://thumb.wikimedia.org/wikipedia/commons/thumb/3/34/Holz-Nabeling_Arrhenia_epichysium_1.jpg/960px-Holz-Nabeling_Arrhenia_epichysium_1.jpg?utm_source=en.wikipedia.org&utm_campaign=api&utm_content=thumbnail,Holger Krisp,CC BY 3.0,https://creativecommons.org/licenses/by/3.0,https://en.wikipedia.org/wiki/File:Holz-Nabeling_Arrhenia_epichysium_1.jpg,ok
86584,Artabotrys hongkongensis,香港鹰爪花,,,,,,,no_image
86607,Artemisia aschurbajewii,褐头蒿,,,,,,,no_image
86629,Artemisia chienshanica,千山蒿,,,,,,,no_image
86664,Artemisia fauriei,海州蒿,,,,,,,no_image
86695,Artemisia halodendron,盐蒿,,,,,,,no_image
86719,Artemisia lactiflora,白苞蒿,images/00/08/00086719.webp,https://thumb.wikimedia.org/wikipedia/commons/thumb/4/47/Gardenology.org-IMG_7952_qsbg11mar.jpg/960px-Gardenology.org-IMG_7952_qsbg11mar.jpg?utm_source=en.wikipedia.org&utm_campaign=api&utm_content=thumbnail,Raffi Kojian,CC BY-SA 3.0,https://creativecommons.org/licenses/by-sa/3.0,https://en.wikipedia.org/wiki/File:Gardenology.org-IMG_7952_qsbg11mar.jpg,ok
86746,Artemisia mongolica,蒙古蒿,,,,,,,no_image
86772,Artemisia ordosica,黑沙蒿,,,,,,,no_image
86797,Artemisia rhodantha,高山绢蒿,,,,,,,no_image
86826,Artemisia simulans,中南蒿,,,,,,,no_image
86856,Artemisia terrae-albae,白茎绢蒿,,,,,,,no_image
86882,Artemisia xanthochroa,黄绿蒿,,,,,,,no_image
131548,Arthonia complanata,扁平斑衣,,,,,,,no_image
134215,Arthopyrenia extensa,,,,,,,,no_image
142243,Arthrinium macrosporum,,,,,,,,no_image
139479,Arthrobotrys obovata,,,,,,,,no_image
86913,Arthromeris salicifolia,柳叶节肢蕨,,,,,,,no_image
23514,Artimpaza mimetica,,,,,,,,no_image
86932,Artocarpus tonkinensis,胭脂,,,,,,,no_image
86945,Arundinella grandiflora,大花野古草,,,,,,,no_image
86968,Arytera littoralis,滨木患,,,,,,,no_image
23541,Asaphes siciformis,长梗脊柄金小蜂,,,,,,,no_image
86977,Asarum chinense,川北细辛,,,,,,,no_image
87000,Asarum maximum,大叶细辛,,https://thumb.wikimedia.org/wikipedia/commons/thumb/2/2d/Asarum_maximum2.jpg/960px-Asarum_maximum2.jpg?utm_source=en.wikipedia.org&utm_campaign=api&utm_content=thumbnail,,,,https://en.wikipedia.org/wiki/Asarum_maximum,license_rejected
23552,Ascalaphus placidus,胸突蝶角蛉,,,,,,,no_image
23572,Asceloctella ugamskii,上海杯麻蝇,,,,,,,no_image
139586,Ascobolus aglaosporus,,,,,,,,no_image
139606,Ascobolus fushanus,福山粪盘菌,,,,,,,no_image
139626,Ascobolus megalospermus,,,,,,,,no_image
138218,Ascocalyx abietis,,,,,,,,no_image
133494,Ascochyta calystegiae,,,,,,,,no_image
133514,Ascochyta ficus,,,,,,,,no_image
133534,Ascochyta magnoliae,,,,,,,,no_image
133554,Ascochyta polygonicola,,,,,,,,no_image
133574,Ascochyta tamaricis,,,,,,,,no_image
139676,Ascodesmis nigricans,黑瓶束霉,,,,,,,no_image
139400,Ascophanus granulatus,粒艳盘菌,,,,,,,no_image
138226,Ascotremella faginea,山毛榉胶盘菌,,,,,,,no_image
23585,Asemum striatum,,images/00/02/00023585.webp,https://thumb.wikimedia.org/wikipedia/commons/thumb/3/3e/Cerambycidae_-_Asemum_striatum-1.JPG/960px-Cerambycidae_-_Asemum_striatum-1.JPG?utm_source=en.wikipedia.org&utm_campaign=api&utm_content=thumbnail,Hectonichus,CC BY-SA 3.0,https://creativecommons.org/licenses/by-sa/3.0,https://en.wikipedia.org/wiki/File:Cerambycidae_-_Asemum_striatum-1.JPG,ok
1606,Ashtoret lunaris,红点月神蟹,,https://upload.wikimedia.org/wikipedia/commons/a/a1/Ashtoret_lunaris.jpg?utm_source=en.wikipedia.org&utm_campaign=api&utm_content=thumbnail_unscaled,Palmfly,CC BY-SA 3.0,https://creativecommons.org/licenses/by-sa/3.0,https://en.wikipedia.org/wiki/File:Ashtoret_lunaris.jpg,download_failed
23607,Asiagomphus superciliaris,白眉亚春蜓,,,,,,,no_image
23618,Asidoblaps bianera,比安亚琵甲,,,,,,,no_image
23638,Asidoblaps igori,心形亚琵甲,,,,,,,no_image
23658,Asidoblaps rilonga,瑞龙亚琵甲,,,,,,,no_image
23675,Asiodidea nikkoensis,日本弯脉食蚜蝇,,,,,,,no_image
87031,Askellia pygmaea,假苦菜,images/00/08/00087031.webp,https://thumb.wikimedia.org/wikipedia/commons/thumb/3/31/Crepis_nana.jpg/960px-Crepis_nana.jpg?utm_source=en.wikipedia.org&utm_campaign=api&utm_content=thumbnail,Denali National Park and Preserve,Public domain,,https://en.wikipedia.org/wiki/File:Crepis_nana.jpg,ok
87037,Asparagus cochinchinensis,天门冬,images/00/08/00087037.webp,https://thumb.wikimedia.org/wikipedia/commons/thumb/c/c9/%E5%A4%A9%E9%96%80%E5%86%AC.jpg/960px-%E5%A4%A9%E9%96%80%E5%86%AC.jpg?utm_source=en.wikipedia.org&utm_campaign=api&utm_content=thumbnail,Shih-Shiuan Kao,CC BY-SA 2.0,https://creativecommons.org/licenses/by-sa/2.0,https://en.wikipedia.org/wiki/File:天門冬.jpg,ok
87057,Asparagus setaceus,文竹,images/00/08/00087057.webp,https://thumb.wikimedia.org/wikipedia/commons/thumb/e/e8/Asparagus_setaceus_Leaves_2760px.jpg/960px-Asparagus_setaceus_Leaves_2760px.jpg?utm_source=en.wikipedia.org&utm_campaign=api&utm_content=thumbnail,Photo by and (c)2006 Derek Ramsey (Ram-Man).  Location credit to the Chanticleer Garden.,CC BY-SA 3.0,http://creativecommons.org/licenses/by-sa/3.0/,https://en.wikipedia.org/wiki/File:Asparagus_setaceus_Leaves_2760px.jpg,ok
4197,Asperdaphne subzonata,沟糙桂螺,images/00/00/00004197.webp,https://thumb.wikimedia.org/wikipedia/commons/thumb/9/91/Asperdaphne_subzonata_002.jpg/960px-Asperdaphne_subzonata_002.jpg?utm_source=en.wikipedia.org&utm_campaign=api&utm_content=thumbnail,"Natural History Museum, London",CC BY 4.0,https://creativecommons.org/licenses/by/4.0,https://en.wikipedia.org/wiki/File:Asperdaphne_subzonata_002.jpg,ok
134338,Aspergillus clavatonanicus,,,,,,,,no_image
134358,Aspergillus fumigatus,,,https://upload.wikimedia.org/wikipedia/commons/4/4f/Aspergillus.jpg?utm_source=en.wikipedia.org&utm_campaign=api&utm_content=thumbnail_unscaled,US Department of Health and Human Services.,Public domain,,https://en.wikipedia.org/wiki/File:Aspergillus.jpg,download_failed
134378,Aspergillus niger,,images/00/13/00134378.webp,https://thumb.wikimedia.org/wikipedia/commons/thumb/7/74/Aspergillus_niger_01.jpg/960px-Aspergillus_niger_01.jpg?utm_source=en.wikipedia.org&utm_campaign=api&utm_content=thumbnail,,Public domain,,https://en.wikipedia.org/wiki/File:Aspergillus_niger_01.jpg,ok
134398,Aspergillus sepultus,,,,,,,,no_image
14135,Asperthorax granularis,粒突皱胸蛛,,,,,,,no_image
137362,Aspicilia decorticata,脱皮平茶渍,,,,,,,no_image
137382,Aspicilia subalbicans,亚白平茶渍,,,,,,,no_image
87077,Aspidistra attenuata,薄叶蜘蛛抱蛋,,,,,,,no_image
87097,Aspidistra crassifila,粗丝蜘蛛抱蛋,,,,,,,no_image
87119,Aspidistra fenghuangensis,凤凰蜘蛛抱蛋,,,,,,,no_image
87139,Aspidistra liboensis,荔波蜘蛛抱蛋,,,,,,,no_image
87159,Aspidistra lutea,黄瓣蜘蛛抱蛋,,,,,,,no_image
87179,Aspidistra pileata,帽状蜘蛛抱蛋,,,,,,,no_image
87199,Aspidistra sichuanensis,四川蜘蛛抱蛋,,,,,,,no_image
87222,Aspidistra yuelushanensis,岳麓山蜘蛛抱蛋,,,,,,,no_image
1187,Aspidopholas yoshimurai,吉村马特海笋,,,,,,,no_image
18552,Asplanchna priodonta,前节晶囊轮虫,,,,,,,no_image
87262,Asplenium coenobiale,线裂铁角蕨,,,,,,,no_image
87283,Asplenium guodanum,国达铁角蕨,,,,,,,no_image
87304,Asplenium matsumurae,兰屿铁角蕨,,,,,,,no_image
87326,Asplenium quadrivalens,四倍体铁角蕨,,,,,,,no_image
87352,Asplenium trigonopterum,台南铁角蕨,,,,,,,no_image
23726,Astegopteryx formosana,台湾舞蚜,,,,,,,no_image
23746,Asteia tibetan,西藏寡脉蝇,,,,,,,no_image
23769,Astenus sauteri,,,,,,,,no_image
87393,Aster batangensis,巴塘紫菀,,,,,,,no_image
87415,Aster flaccidus,萎软紫菀,,,,,,,no_image
87443,Aster jeffreyanus,滇西北紫菀,,,,,,,no_image
87465,Aster meyendorffii,砂狗娃花,,,,,,,no_image
87485,Aster procerus,高茎紫菀,,,,,,,no_image
87507,Aster sinoangustifolius,狭叶裸菀,,,,,,,no_image
87529,Aster turbinatus,陀螺紫菀,,,,,,,no_image
87553,Asterella sanguinea,矮网花萼苔,,,,,,,no_image
143833,Asteridiella craibiodendri,,,,,,,,no_image
143853,Asteridiella illicii,,,,,,,,no_image
143873,Asteridiella sapotacearum,,,,,,,,no_image
131666,Asterina aucubae,,,,,,,,no_image
131685,Asterina daphniphylli,,,,,,,,no_image
131705,Asterina heliciae,,,,,,,,no_image
131724,Asterina loranthi-rhododendricolae,,,,,,,,no_image
131744,Asterina olacis,,,,,,,,no_image
131762,Asterina toddalae,,,,,,,,no_image
23789,Asterodiaspis szetshuanensis,峨眉斑链蚧,,,,,,,no_image
87558,Asteropyrum peltatum,星果草,,,,,,,no_image
23797,Asthena anseraria,四星白尺蛾,,https://upload.wikimedia.org/wikipedia/commons/6/6b/Asthena_anseraria.jpg?utm_source=en.wikipedia.org&utm_campaign=api&utm_content=thumbnail_unscaled,"Marko Mutanen, University of Oulu",Copyrighted free use,,https://en.wikipedia.org/wiki/File:Asthena_anseraria.jpg,license_rejected
87569,Astilbe macroflora,阿里山落新妇,,,,,,,no_image
87576,Astomiopsis julacea,中华高地藓,,,,,,,no_image
87592,Astragalus anfractuosus,曲之黄芪,,,,,,,no_image
87614,Astragalus beitashanensis,北塔山黄芪,,,,,,,no_image
87636,Astragalus capillipes,草珠黄芪,,,,,,,no_image
87656,Astragalus compressus,扁序黄芪,,,,,,,no_image
87684,Astragalus dendroides,树黄芪,,,,,,,no_image
87711,Astragalus ellipsoideus,胀萼黄芪,,,,,,,no_image
87735,Astragalus golubojensis,果洛宝洁黄芪,,,,,,,no_image
87759,Astragalus hebecarpus,茸毛果黄芪,,,,,,,no_image
87782,Astragalus josephi,沙基黄芪,,,,,,,no_image
87803,Astragalus lang-ranii,盐生黄芪,,,,,,,no_image
87824,Astragalus limprichtii,长管萼黄芪,,,,,,,no_image
87849,Astragalus malcolmii,短茎黄芪,,,,,,,no_image
87876,Astragalus monophyllus,长毛荚黄芪,,,,,,,no_image
87896,Astragalus ningxiaensis,宁夏黄芪,,,,,,,no_image
87916,Astragalus oxyodon,尖齿黄芪,,,,,,,no_image
87937,Astragalus polycladus,多枝黄芪,,,,,,,no_image
87961,Astragalus qingheensis,青河黄芪,,,,,,,no_image
87986,Astragalus scoparius,帚黄芪,,,,,,,no_image
88006,Astragalus steinbergianus,蒙西黄芪,,,,,,,no_image
88033,Astragalus tekesensis,特克斯黄芪,,,,,,,no_image
88058,Astragalus unijugus,对叶黄芪,,,,,,,no_image
88078,Astragalus wushanicus,巫山黄芪,,,,,,,no_image
88100,Astragalus zayuensis,察隅黄芪,,,,,,,no_image
6738,Astrogymnotes catasticta,细点星裸蛇尾,,,,,,,no_image
133349,Astrosphaeriella linguiformis,,,,,,,,no_image
23827,Asura dasara,粗艳苔蛾,,,,,,,no_image
23848,Asura strigipennis,条纹艳苔蛾,,,,,,,no_image
23868,Asyndetus lii,李氏隐脉长足虻,,,,,,,no_image
88118,Atalantia dasycarpa,厚皮酒饼簕,,,,,,,no_image
153449,Atelocauda hyalospora,,,,,,,,no_image
73405,Ateuchosaurus chinensis,中国光蜥,images/00/07/00073405.webp,https://thumb.wikimedia.org/wikipedia/commons/thumb/8/82/Ateuchosaurus_chinensis.jpg/960px-Ateuchosaurus_chinensis.jpg?utm_source=en.wikipedia.org&utm_campaign=api&utm_content=thumbnail,Thomas Brown,CC BY 2.0,https://creativecommons.org/licenses/by/2.0,https://en.wikipedia.org/wiki/File:Ateuchosaurus_chinensis.jpg,ok
148787,Athelia epiphylla,,,https://upload.wikimedia.org/wikipedia/commons/e/e4/Athelia_arachnoidea_%28Berk.%29_J%C3%BClich_402467.jpg?utm_source=en.wikipedia.org&utm_campaign=api&utm_content=thumbnail_unscaled,,,,https://en.wikipedia.org/wiki/Athelia_epiphylla,license_rejected
23904,Atherigona enterona,肠芒蝇,,,,,,,no_image
23924,Atherigona ponti,庞特芒蝇,,,,,,,no_image
23940,Atherix ibis,斑翅伪鹬虻,images/00/02/00023940.webp,https://thumb.wikimedia.org/wikipedia/commons/thumb/0/08/Athericidae_-_Atherix_ibis.jpg/960px-Athericidae_-_Atherix_ibis.jpg?utm_source=en.wikipedia.org&utm_campaign=api&utm_content=thumbnail,Hectonichus,CC BY-SA 3.0,https://creativecommons.org/licenses/by-sa/3.0,https://en.wikipedia.org/wiki/File:Athericidae_-_Atherix_ibis.jpg,ok
23959,Atheta atramentaria,,,,,,,,no_image
23979,Atheta dalibaiensis,,,,,,,,no_image
23999,Atheta fengicola,,,,,,,,no_image
24020,Atheta guizhouensis,,,,,,,,no_image
24040,Atheta insinuata,,,,,,,,no_image
24060,Atheta lativagans,,,,,,,,no_image
24080,Atheta melanaria,,,,,,,,no_image
24100,Atheta nigrosplendens,,,,,,,,no_image
24120,Atheta permimetica,,,,,,,,no_image
24140,Atheta resumpta,,,,,,,,no_image
24160,Atheta serrulata,,,,,,,,no_image
24180,Atheta sinorelicta,,,,,,,,no_image
24202,Atheta subsericans,,,,,,,,no_image
24222,Atheta transcripta,,,,,,,,no_image
24242,Atheta yonghaicola,,,,,,,,no_image
24262,Athetis nonagrica,农委夜蛾,,https://upload.wikimedia.org/wikipedia/commons/9/9d/Athetis_nonagrica.jpg?utm_source=en.wikipedia.org&utm_campaign=api&utm_content=thumbnail_unscaled,Centre for Biodiversity Genomics Henry Barlow,CC BY 4.0,https://creativecommons.org/licenses/by/4.0,https://en.wikipedia.org/wiki/File:Athetis_nonagrica.jpg,download_failed
24282,Athrycia impressa,伊姆短芒寄蝇,,https://upload.wikimedia.org/wikipedia/commons/9/94/Athrycia_impressa_01.jpg?utm_source=en.wikipedia.org&utm_campaign=api&utm_content=thumbnail_unscaled,J. Pohjoismäki,Copyrighted free use,,https://en.wikipedia.org/wiki/File:Athrycia_impressa_01.jpg,license_rejected
88129,Athyrium aberrans,奇异蹄盖蕨,,,,,,,no_image
88149,Athyrium chingianum,秦氏蹄盖蕨,,,,,,,no_image
88173,Athyrium dissitifolium,疏叶蹄盖蕨,,,,,,,no_image
88196,Athyrium hirtirachis,毛轴蹄盖蕨,,,,,,,no_image
88223,Athyrium multipinnum,多羽蹄盖蕨,,,,,,,no_image
88247,Athyrium ruilicola,瑞丽蹄盖蕨,,,,,,,no_image
88269,Athyrium viviparum,胎生蹄盖蕨,,,,,,,no_image
24333,Athysanopsis katoi,卡氏肖顶带叶蝉,,,,,,,no_image
24353,Atkinsoniella bowa,弓突条大叶蝉，新种,,,,,,,no_image
24373,Atkinsoniella grahami,格氏条大叶蝉,,,,,,,no_image
24393,Atkinsoniella nigra,黑体条大叶蝉,,,,,,,no_image
24413,Atkinsoniella thaloidea,拟隐条大叶蝉,,,,,,,no_image
24433,Atlanticus brunneri,布氏寰螽,,,,,,,no_image
24449,Atopolinus diaphanus,,,,,,,,no_image
24469,Atopolinus regalis,,,,,,,,no_image
24489,Atopolinus uncinatus,,,,,,,,no_image
24506,Atractomorpha peregrina,奇异负蝗,,,,,,,no_image
88299,Atraphaxis pungens,锐枝木蓼,,,,,,,no_image
24528,Atrichopogon brevicercus,短尾裸蠓,,,,,,,no_image
24548,Atrichopogon gracilis,细瘦裸蠓,,,,,,,no_image
24568,Atrichopogon lyratus,琴形裸蠓,,,,,,,no_image
24588,Atrichopogon pterygospinous,翼棘裸蠓,,,,,,,no_image
24608,Atrichopogon tutatus,护卫裸蠓,,,,,,,no_image
73420,Atrilinea roulei,黑线&#x0000E070;,,,,,,,no_image
88330,Atriplex sibirica,西伯利亚滨藜,,,,,,,no_image
24632,Atrophaneura nox,玛曙凤蝶,images/00/02/00024632.webp,https://thumb.wikimedia.org/wikipedia/commons/thumb/2/26/Nox_P3060010.jpg/960px-Nox_P3060010.jpg?utm_source=en.wikipedia.org&utm_campaign=api&utm_content=thumbnail,Robert Nash Curator of Entomology Ulster Museum,CC BY 2.5,https://creativecommons.org/licenses/by/2.5,https://en.wikipedia.org/wiki/File:Nox_P3060010.jpg,ok
12911,Attulus sinensis,中华艾图蛛,,,,,,,no_image
24657,Atylotus sublunaticornis,亚角黄虻,,,,,,,no_image
11962,Atypus baotianmanensis,宝天曼地蛛,,,,,,,no_image
24670,Aucha tienmushani,天目灿夜蛾,,,,,,,no_image
88358,Aucuba obcordata,倒心叶珊瑚,,,,,,,no_image
88378,Audouinella secundata,偏枝旋体藻,,,,,,,no_image
6750,Aulacolambrus granulosus,颗粒凹唇紧握蟹,,,,,,,no_image
7957,Aulactinia sinensis,中华管海葵,,,,,,,no_image
24719,Aulocera brahminoides,喜马林眼蝶,,,,,,,no_image
148888,Aureoboletus gentilis,氏族金牛肝菌,images/00/14/00148888.webp,https://thumb.wikimedia.org/wikipedia/commons/thumb/f/fe/Vrbensk%C3%A9_rybn%C3%ADky_-_Aureoboletus_gentilis_02.jpg/960px-Vrbensk%C3%A9_rybn%C3%ADky_-_Aureoboletus_gentilis_02.jpg?utm_source=en.wikipedia.org&utm_campaign=api&utm_content=thumbnail,Xth-Floor,CC BY-SA 3.0,https://creativecommons.org/licenses/by-sa/3.0,https://en.wikipedia.org/wiki/File:Vrbenské_rybníky_-_Aureoboletus_gentilis_02.jpg,ok
148831,Auricularia reticulata,网脉木耳,,,,,,,no_image
15642,Australobius cangshanensis,苍山石蜈蚣,,,,,,,no_image
24735,Austroclimaciella lacolombierei,拉氏澳蜂螳蛉,,,,,,,no_image
24752,Austrophasiopsis formosensis,台湾奥寄蝇,,,,,,,no_image
24768,Autalia yunnanica,,,,,,,,no_image
24773,Autophila simplex,简隘夜蛾,,,,,,,no_image
88398,Avena sativa,燕麦,images/00/08/00088398.webp,https://thumb.wikimedia.org/wikipedia/commons/thumb/f/f0/AvenaSativa3.jpg/960px-AvenaSativa3.jpg?utm_source=en.wikipedia.org&utm_campaign=api&utm_content=thumbnail,Christian Fischer,CC BY-SA 4.0,https://creativecommons.org/licenses/by-sa/4.0,https://en.wikipedia.org/wiki/File:AvenaSativa3.jpg,ok
88406,Avrainvillea erecta,直立绒扇藻,,,,,,,no_image
6141,Axiopsis consobrina,近拟阿蛄虾,,,,,,,no_image
73453,Aythya ferina,红头潜鸭,images/00/07/00073453.webp,https://thumb.wikimedia.org/wikipedia/commons/thumb/e/e5/Common_Pochard_2025_11_15_04.jpg/960px-Common_Pochard_2025_11_15_04.jpg?utm_source=en.wikipedia.org&utm_campaign=api&utm_content=thumbnail,Alexis Lours,CC BY 4.0,https://creativecommons.org/licenses/by/4.0,https://en.wikipedia.org/wiki/File:Common_Pochard_2025_11_15_04.jpg,ok
88421,Azima sarmentosa,刺茉莉,,,,,,,no_image
17468,Babelomurex habui,小玉塔肩棘螺,,,,,,,no_image
17464,Babelomurex tuberosus,管棘塔肩棘螺,,,,,,,no_image
24848,Bacchisa guerryi,,,,,,,,no_image
136499,Bacidia impura,污杆孢衣,,,,,,,no_image
24858,Bactra venosana,脉尖翅小卷蛾,,https://upload.wikimedia.org/wikipedia/commons/1/1c/Die_palaearktischen_tortriciden_TafelXVIII.jpg?utm_source=en.wikipedia.org&utm_campaign=api&utm_content=thumbnail_unscaled,Julius Kennel,Public domain,,https://en.wikipedia.org/wiki/File:Die_palaearktischen_tortriciden_TafelXVIII.jpg,download_failed
24876,Bactrocera diaphora,黑颜果实蝇,,,,,,,no_image
24897,Bactrocera laterum,侧条华实蝇,,,,,,,no_image
24917,Bactrocera proprediaphora,拟黑颜果实蝇,,,,,,,no_image
24937,Bactrocera tsuneonis,蜜柑大实蝇,,,,,,,no_image
24950,Baculonistria magna,大短肛佛䗛,,,,,,,no_image
24968,Baeocera kubani,,,,,,,,no_image
154523,Baeodromus tranzschelii,堆串孢锈菌,,,,,,,no_image
24995,Baeoura dicladura,多枝燥大蚊,,,,,,,no_image
88437,Baimashania wangii,青海白马芥,,,,,,,no_image
88440,Balanophora appressa,粤西蛇菰,,,,,,,no_image
88461,Balanophora yakushimensis,屋久岛蛇菰,,,,,,,no_image
9448,Balaustium innocentae,,,,,,,,no_image
73480,Balitora ludongensis,禄洞爬鳅,,,,,,,no_image
139737,Balsamia platyspora,阔孢胶枞块菌,,,,,,,no_image
88478,Bambusa blumeana,簕竹,images/00/08/00088478.webp,https://thumb.wikimedia.org/wikipedia/commons/thumb/f/fb/Bambus_blumean_160603-59102_ponr.JPG/960px-Bambus_blumean_160603-59102_ponr.JPG?utm_source=en.wikipedia.org&utm_campaign=api&utm_content=thumbnail,Wibowo Djatmiko (Wie146),CC BY-SA 4.0,https://creativecommons.org/licenses/by-sa/4.0,https://en.wikipedia.org/wiki/File:Bambus_blumean_160603-59102_ponr.JPG,ok
88505,Bambusa gibba,泥竹,,,,,,,no_image
88535,Bambusa oldhamii,绿竹,images/00/08/00088535.webp,https://thumb.wikimedia.org/wikipedia/commons/thumb/a/aa/Bambusa_oldhamii_form.jpg/960px-Bambusa_oldhamii_form.jpg?utm_source=en.wikipedia.org&utm_campaign=api&utm_content=thumbnail,Stan Shebs,CC BY-SA 3.0,https://creativecommons.org/licenses/by-sa/3.0,https://en.wikipedia.org/wiki/File:Bambusa_oldhamii_form.jpg,ok
88560,Bambusa stenoaurita,黄麻竹,,,,,,,no_image
25041,Bambusaspis caudatum,巴西竹斑链蚧,,,,,,,no_image
25058,Bambusiphaga fascia,带纹竹飞虱,,,,,,,no_image
73497,Bangana brevirostris,短吻孟加拉鲮,,,,,,,no_image
25076,Banisia iota,小星网蛾,,,,,,,no_image
15357,Bannana parvula,小版蛛,,https://upload.wikimedia.org/wikipedia/commons/6/65/Bannana_crassispina_male_dorsal.jpg?utm_source=en.wikipedia.org&utm_campaign=api&utm_content=thumbnail_unscaled,"Yanfeng Tong, Shuqiang Li",CC BY 3.0,https://creativecommons.org/licenses/by/3.0,https://en.wikipedia.org/wiki/File:Bannana_crassispina_male_dorsal.jpg,download_failed
25096,Barasa acronyctoides,玉夜蛾,,,,,,,no_image
2222,Barbatia obliquata,青蚶,images/00/00/00002222.webp,https://thumb.wikimedia.org/wikipedia/commons/thumb/9/98/Barbatia_obliquata_01.jpg/960px-Barbatia_obliquata_01.jpg?utm_source=en.wikipedia.org&utm_campaign=api&utm_content=thumbnail,H. Zell,CC BY-SA 3.0,https://creativecommons.org/licenses/by-sa/3.0,https://en.wikipedia.org/wiki/File:Barbatia_obliquata_01.jpg,ok
88603,Barbilophozia barbata,细裂瓣苔,,https://thumb.wikimedia.org/wikipedia/commons/thumb/8/82/Barbilophozia_barbata_%28c%2C_144809-474702%29_8656.JPG/960px-Barbilophozia_barbata_%28c%2C_144809-474702%29_8656.JPG?utm_source=en.wikipedia.org&utm_campaign=api&utm_content=thumbnail,,,,https://en.wikipedia.org/wiki/Barbilophozia_barbata,license_rejected
88620,Barbula majuscula,大叶石灰藓,,,,,,,no_image
140376,Barlaea arenaria,,,,,,,,no_image
88631,Barleria lupulina,花叶假杜鹃,images/00/08/00088631.webp,https://thumb.wikimedia.org/wikipedia/commons/thumb/8/81/Barleria_lupulina_-_Alipore_-_Kolkata_2013-02-10_4615.JPG/960px-Barleria_lupulina_-_Alipore_-_Kolkata_2013-02-10_4615.JPG?utm_source=en.wikipedia.org&utm_campaign=api&utm_content=thumbnail,Biswarup Ganguly,CC BY 3.0,https://creativecommons.org/licenses/by/3.0,https://en.wikipedia.org/wiki/File:Barleria_lupulina_-_Alipore_-_Kolkata_2013-02-10_4615.JPG,ok
141038,Bartalinia robillardoides,,,,,,,,no_image
3522,Baseodiscus curtus,短无沟纽虫,,,,,,,no_image
25117,Basilepta cornuta,角基角胸肖叶甲,,,,,,,no_image
25137,Basilepta issikii,黑缘角胸肖叶甲,,,,,,,no_image
25157,Basilepta pretiosa,粗刻角胸肖叶甲,,,,,,,no_image
25177,Basilepta yangsoensis,阳朔角胸肖叶甲,,,,,,,no_image
25198,Basiprionota westermanni,拱边锯龟甲,,,,,,,no_image
73535,Bassozetus glutinosus,黏身索深鼬鳚,,,,,,,no_image
25216,Bassus helvenacus,黄足闭腔茧蜂,,,,,,,no_image
25236,Bassus wufengensis,雾峰闭腔茧蜂,,,,,,,no_image
73547,Bathycongrus bimaculatus,双斑深海康吉鳗,,,,,,,no_image
73567,Bathygobius meggitti,梅氏深鰕虎,images/00/07/00073567.webp,https://thumb.wikimedia.org/wikipedia/commons/thumb/2/2c/Bathygobius_meggitti.jpg/960px-Bathygobius_meggitti.jpg?utm_source=en.wikipedia.org&utm_campaign=api&utm_content=thumbnail,AravindManoj,CC BY-SA 4.0,https://creativecommons.org/licenses/by-sa/4.0,https://en.wikipedia.org/wiki/File:Bathygobius_meggitti.jpg,ok
14067,Bathyphantes gracilis,柔弱指蛛,,,,,,,no_image
4130,Bathysquilla microps,小眼深虾蛄,,,,,,,no_image
25249,Batocera punctata,,,,,,,,no_image
25258,Batraxis antennata,,,,,,,,no_image
25278,Batricavus hainanensis,,,,,,,,no_image
25298,Batrisocenus sauteri,,,,,,,,no_image
25318,Batrisodes zhouchaoi,,,,,,,,no_image
13225,Bavia capistrata,首巴瓦蛛,,https://upload.wikimedia.org/wikipedia/commons/7/7d/1331_Maevia_capistrata.jpg?utm_source=en.wikipedia.org&utm_campaign=api&utm_content=thumbnail_unscaled,Carl Ludwig Koch,Public domain,,https://en.wikipedia.org/wiki/File:1331_Maevia_capistrata.jpg,download_failed
88687,Bazzania calypogeoides,护蒴鞭苔,,,,,,,no_image
88707,Bazzania sikkimensis,锡金鞭苔,,,,,,,no_image
25334,Beara nubiferella,云贝夜蛾,,,,,,,no_image
141758,Beauveria arenaria,,,,,,,,no_image
17460,Bedevina birileffi,双比德螺,,,,,,,no_image
88751,Begonia aurantiflora,橙花侧膜秋海棠,,,,,,,no_image
88771,Begonia cehengensis,册亨秋海棠,,,,,,,no_image
88791,Begonia danxiaensis,丹霞秋海棠,,,,,,,no_image
88811,Begonia fagopyrofolia,荞麦叶秋海棠,,,,,,,no_image
88834,Begonia glechomifolia,金秀秋海棠,,,,,,,no_image
88865,Begonia huangii,黄氏秋海棠,,,,,,,no_image
88885,Begonia liuyanii,刘演秋海棠,,,,,,,no_image
88905,Begonia masoniana,铁甲秋海棠,images/00/08/00088905.webp,https://thumb.wikimedia.org/wikipedia/commons/thumb/f/f0/Begonia_masoniana-Auteuil_02.JPG/960px-Begonia_masoniana-Auteuil_02.JPG?utm_source=en.wikipedia.org&utm_campaign=api&utm_content=thumbnail,Salix,CC BY-SA 3.0,https://creativecommons.org/licenses/by-sa/3.0,https://en.wikipedia.org/wiki/File:Begonia_masoniana-Auteuil_02.JPG,ok
88929,Begonia ornithophylla,鸟叶秋海棠,,,,,,,no_image
88955,Begonia prolifera,独叶秋海棠,,,,,,,no_image
88975,Begonia rhynchocarpa,喙果秋海棠,,,,,,,no_image
88995,Begonia siamensis,泰国秋海棠,,,,,,,no_image
89016,Begonia tianbaoensis,天保秋海棠,,,,,,,no_image
89036,Begonia yui,宿苞秋海棠,,,,,,,no_image
89053,Beilschmiedia glandulosa,香港琼楠,,,,,,,no_image
89077,Beilschmiedia robusta,粗壮琼楠,,,,,,,no_image
8872,Belba verrucosa,疣珠足甲螨,,,,,,,no_image
15233,Belisana daji,打鸡贝尔蛛,,,,,,,no_image
15227,Belisana maogan,毛感贝尔蛛,,,,,,,no_image
15017,Belisana yalong,亚龙贝尔蛛,,,,,,,no_image
25358,Bellardia notomenechma,南新月陪丽蝇,,,,,,,no_image
25378,Bellatheta yunnanensis,,,,,,,,no_image
7161,Bellonella rigida,硬小铃软珊瑚,,,,,,,no_image
25396,Belonuchus punctifrons,,,,,,,,no_image
6272,Bemlos aequimanus,等肢舟钩虾,,,,,,,no_image
25416,Bengalia torosa,侧线孟蝇,,,,,,,no_image
152729,Bensingtonia sorbi,,,,,,,,no_image
89110,Berberis aemulans,峨眉小檗,,,,,,,no_image
89130,Berberis bergmanniae,汉源小檗,,,,,,,no_image
89154,Berberis cooperi,亚东小檗,,,,,,,no_image
89176,Berberis epedicellata,无梗小檗,,,,,,,no_image
89204,Berberis gyalaica,波密小檗,,,,,,,no_image
89225,Berberis integripetala,甘南小檗,,,,,,,no_image
89247,Berberis laojunshanensis,老君山小檗,,,,,,,no_image
89267,Berberis minutiflora,小花小檗,,,,,,,no_image
89289,Berberis pectinocraspedon,疏齿小檗,,,,,,,no_image
89311,Berberis replicata,卷叶小檗,,,,,,,no_image
89334,Berberis sublevis,近光滑小檗,,,,,,,no_image
89354,Berberis veitchii,巴东小檗,images/00/08/00089354.webp,https://thumb.wikimedia.org/wikipedia/commons/thumb/5/57/Berberis_veitchii_2016-04-19_7680.JPG/960px-Berberis_veitchii_2016-04-19_7680.JPG?utm_source=en.wikipedia.org&utm_campaign=api&utm_content=thumbnail,Salicyna,CC BY-SA 4.0,https://creativecommons.org/licenses/by-sa/4.0,https://en.wikipedia.org/wiki/File:Berberis_veitchii_2016-04-19_7680.JPG,ok
89376,Berberis xiaozhongdianensis,小中甸小檗,,,,,,,no_image
89396,Berchemia hirtella,大果勾儿茶,,,,,,,no_image
89429,Bergenia tianquanensis,天全岩白菜,,,,,,,no_image
25441,Beris shennongana,神农柱角水虻,,,,,,,no_image
25447,Berotha baminana,八闽鳞蛉,,,,,,,no_image
25465,Bertula abjudicalis,黑带拟胸须夜蛾,images/00/02/00025465.webp,https://thumb.wikimedia.org/wikipedia/commons/thumb/8/8a/Bertula_abjudicalis.jpg/960px-Bertula_abjudicalis.jpg?utm_source=en.wikipedia.org&utm_campaign=api&utm_content=thumbnail,jnbhushan014,CC BY 4.0,https://creativecommons.org/licenses/by/4.0,https://en.wikipedia.org/wiki/File:Bertula_abjudicalis.jpg,ok
25477,Besaia aurantiistriga,橙篦舟蛾,,,,,,,no_image
25499,Besaia nigrofasciata,黑带篦舟蛾,,,,,,,no_image
25520,Betacallis alnicolens,桤木桦斑蚜,,,,,,,no_image
25540,Betashachia substyxana,修昏舟蛾,,,,,,,no_image
89471,Betula hainanensis,海南桦,,,,,,,no_image
89500,Betula tianschanica,天山桦,,,,,,,no_image
25556,Bezzia chrysolopha,金毛贝蠓,,,,,,,no_image
25576,Bezzia micronyx,小刺贝蠓,,,,,,,no_image
25596,Bezzia yigonga,易贡贝蠓,,,,,,,no_image
25617,Bhatiahamus sinuatus,曲茎肛突叶蝉,,,,,,,no_image
89510,Biancaea millettii,小叶云实,,,,,,,no_image
25639,Bibasis sena,钩纹伞弄蝶,images/00/02/00025639.webp,https://thumb.wikimedia.org/wikipedia/commons/thumb/a/a7/Bibasis_sena_2_by_V_K_Chandrasekharan.jpg/960px-Bibasis_sena_2_by_V_K_Chandrasekharan.jpg?utm_source=en.wikipedia.org&utm_campaign=api&utm_content=thumbnail,Vkchandrasekharanlic,CC BY-SA 4.0,https://creativecommons.org/licenses/by-sa/4.0,https://en.wikipedia.org/wiki/File:Bibasis_sena_2_by_V_K_Chandrasekharan.jpg,ok
25660,Bibio emphysetarsus,膨跗毛蚊,,,,,,,no_image
25680,Bibio johannis,约毛蚊,,https://upload.wikimedia.org/wikipedia/commons/4/48/Bibio_johannis.jpg?utm_source=en.wikipedia.org&utm_campaign=api&utm_content=thumbnail_unscaled,Pierre Duhem,CC BY 2.5,https://creativecommons.org/licenses/by/2.5,https://en.wikipedia.org/wiki/File:Bibio_johannis.jpg,download_failed
25701,Bibio tancrei,谭氏毛蚊,,,,,,,no_image
89518,Bidens maximowicziana,羽叶鬼针草,,,,,,,no_image
1655,Biflustra conjunctiva,连壁别藻苔虫,,,,,,,no_image
139131,Bifusella anomala,异常小双梭孢盘菌,,,,,,,no_image
25729,Billaea morosa,暗篦寄蝇,,,,,,,no_image
89539,Biondia parviurnula,小花秦岭藤,,,,,,,no_image
19368,Bionychiurus qinglongensis,,,,,,,,no_image
134024,Bipolaris halepensis,,,,,,,,no_image
25738,Biprocessa jiaoi,焦氏双突叶蝉,,,,,,,no_image
25762,Bireta ortharga,匀纹角瓣舟蛾,,,,,,,no_image
89550,Bischofia racemosa,总序重阳木,,,,,,,no_image
15563,Bisetocreagris shunhuangensis,舜皇双毛肉伪蝎,,,,,,,no_image
25790,Bisnius xuae,,,,,,,,no_image
89564,Bistorta macrophylla,圆穗蓼,images/00/08/00089564.webp,https://thumb.wikimedia.org/wikipedia/commons/thumb/a/ad/Gartenflora_%2815872626959%29.jpg/960px-Gartenflora_%2815872626959%29.jpg?utm_source=en.wikipedia.org&utm_campaign=api&utm_content=thumbnail,Deutsche Gartenbau-Gesellschaft.; Kaiserliche Russischer Gartenbau-Verein in St. Petersburg.; Russischer Gartenbau-Verein in St. Petersburg.; Verein zur Beförderung des Gartenbaues in den Königlich Preussischen Staaten.,Public domain,,https://en.wikipedia.org/wiki/File:Gartenflora_(15872626959).jpg,ok
25795,Bittacomorphella gongshana,贡山幻褶蚊,,,,,,,no_image
25803,Blaesoxipha grylloctona,长白山折麻蝇,,,,,,,no_image
155880,Blakeslea sinensis,,,,,,,,no_image
25842,Blaps contractus,"缢股琵甲, 新种",,,,,,,no_image
25866,Blaps indicola,印度琵甲,,,,,,,no_image
25887,Blaps potanini,条纹琵甲,,,,,,,no_image
25909,Blaps varicosa,长尾琵甲,,,,,,,no_image
25918,Blasticorhinus ussuriensis,寒锉夜蛾,,https://thumb.wikimedia.org/wikipedia/commons/thumb/c/c2/Blasticorhinus_ussuriensis.jpg/960px-Blasticorhinus_ussuriensis.jpg?utm_source=en.wikipedia.org&utm_campaign=api&utm_content=thumbnail,,,,https://en.wikipedia.org/wiki/Blasticorhinus_ussuriensis,license_rejected
25926,Blastothrix orientalis,东方花角跳小蜂,,,,,,,no_image
25929,Bledius akinini,,,,,,,,no_image
25950,Bledius lucens,,,,,,,,no_image
73644,Blenniella bilitonensis,对斑真动齿鳚,images/00/07/00073644.webp,https://thumb.wikimedia.org/wikipedia/commons/thumb/d/d9/Salarias_bilitonensis_Ford_71.jpg/960px-Salarias_bilitonensis_Ford_71.jpg?utm_source=en.wikipedia.org&utm_campaign=api&utm_content=thumbnail,George Henry Ford,Public domain,,https://en.wikipedia.org/wiki/File:Salarias_bilitonensis_Ford_71.jpg,ok
25983,Blepharella lateralis,拉特睫寄蝇,,,,,,,no_image
26003,Blepharidopterus mixtus,杂毛毛翅盲蝽,,,,,,,no_image
26021,Blepharita amica,毛眼夜蛾,,https://thumb.wikimedia.org/wikipedia/commons/thumb/4/49/Blepharita_amica.jpg/960px-Blepharita_amica.jpg?utm_source=en.wikipedia.org&utm_campaign=api&utm_content=thumbnail,M. Virtala,Copyrighted free use,,https://en.wikipedia.org/wiki/File:Blepharita_amica.jpg,license_rejected
26037,Blepharosis griseirufa,辉睫冬夜蛾,,,,,,,no_image
26055,Blera violovitshi,维氏短毛蚜蝇,,,,,,,no_image
89622,Blumea adenophora,具腺艾纳香,,,,,,,no_image
89642,Blumea napifolia,芜菁叶艾纳香,,,,,,,no_image
89660,Blyxa aubertii,无尾水筛,images/00/08/00089660.webp,https://thumb.wikimedia.org/wikipedia/commons/thumb/7/7c/Blyxa_aubertii_18393352.jpg/960px-Blyxa_aubertii_18393352.jpg?utm_source=en.wikipedia.org&utm_campaign=api&utm_content=thumbnail,coenobita,CC BY 4.0,https://creativecommons.org/licenses/by/4.0,https://en.wikipedia.org/wiki/File:Blyxa_aubertii_18393352.jpg,ok
73661,Bodianus leucosticticus,点带普提鱼,,,,,,,no_image
89676,Boehmeria formosana,海岛苎麻,,,,,,,no_image
89705,Boehmeria zollingeriana,帚序苎麻,,,,,,,no_image
89726,Boesenbergia kingii,北碧凹唇姜,,,,,,,no_image
73672,Boiga gocool,东伽马林蛇,images/00/07/00073672.webp,https://thumb.wikimedia.org/wikipedia/commons/thumb/1/17/Boiga_gokool_Hardwicke.jpg/960px-Boiga_gokool_Hardwicke.jpg?utm_source=en.wikipedia.org&utm_campaign=api&utm_content=thumbnail,Thomas Hardwicke,Public domain,,https://en.wikipedia.org/wiki/File:Boiga_gokool_Hardwicke.jpg,ok
89748,Bolbitis longiaurita,长耳刺蕨,,,,,,,no_image
3374,Bolbolaimus denticulatus,细齿球咽线虫,,,,,,,no_image
148908,Boletellus fujianensis,福建条孢牛肝菌,,,,,,,no_image
148928,Boletellus violaceus,暗红条孢牛肝菌,,,,,,,no_image
149551,Boletinus amabilis,可爱小牛肝菌,,,,,,,no_image
152642,Boletopsis grisea,灰黑拟牛肝菌,images/00/15/00152642.webp,https://thumb.wikimedia.org/wikipedia/commons/thumb/b/b2/Boletopsis_grisea_171255.jpg/960px-Boletopsis_grisea_171255.jpg?utm_source=en.wikipedia.org&utm_campaign=api&utm_content=thumbnail,Ron Pastorino,CC BY-SA 3.0,https://creativecommons.org/licenses/by-sa/3.0,https://en.wikipedia.org/wiki/File:Boletopsis_grisea_171255.jpg,ok
148953,Boletus brevipes,短柄牛肝菌,images/00/14/00148953.webp,https://thumb.wikimedia.org/wikipedia/commons/thumb/9/9e/Suillus_brevipes_98931.jpg/960px-Suillus_brevipes_98931.jpg?utm_source=en.wikipedia.org&utm_campaign=api&utm_content=thumbnail,Ron Pastorino (Ronpast),CC BY-SA 3.0,https://creativecommons.org/licenses/by-sa/3.0,https://en.wikipedia.org/wiki/File:Suillus_brevipes_98931.jpg,ok
148973,Boletus dictyocephalus,网顶牛肝菌,,,,,,,no_image
148993,Boletus fuscimicroporus,褐小孔牛肝菌,,,,,,,no_image
149013,Boletus leucophaeus,,,,,,,,no_image
149033,Boletus obscuratus,,,,,,,,no_image
149053,Boletus pseudocalopus,假美柄牛肝菌,,,,,,,no_image
149073,Boletus rhodopurpureus,粉紫牛肝菌,images/00/14/00149073.webp,https://thumb.wikimedia.org/wikipedia/commons/thumb/5/55/2008-08-04_Boletus_rhodopurpureus_1_18733.jpg/960px-2008-08-04_Boletus_rhodopurpureus_1_18733.jpg?utm_source=en.wikipedia.org&utm_campaign=api&utm_content=thumbnail,"This image was created by user (Gerhard Koller) at Mushroom Observer, a source for mycological images.You can contact this user here.",CC BY-SA 3.0,https://creativecommons.org/licenses/by-sa/3.0,https://en.wikipedia.org/wiki/File:2008-08-04_Boletus_rhodopurpureus_1_18733.jpg,ok
149093,Boletus sinensis,中华绒盖牛肝菌,,,,,,,no_image
149113,Boletus taienus,灰柄牛肝菌,,,,,,,no_image
149133,Boletus viscidus,粘牛肝菌,,,,,,,no_image
26098,Bolitogyrus flavus,,,,,,,,no_image
26118,Bolivaritettix circocephalus,圆头波蚱,,,,,,,no_image
144401,Bombardia phaeocaudata,,,,,,,,no_image
26139,Bombylius analis,岔蜂虻,,,,,,,no_image
26159,Bombylius watanabei,渡边蜂虻,,,,,,,no_image
89772,Bonia amplexicaulis,芸香竹,,,,,,,no_image
89788,Borassus flabellifer,糖棕,,https://upload.wikimedia.org/wikipedia/commons/0/01/Borassus_flabellifer.jpg?utm_source=en.wikipedia.org&utm_campaign=api&utm_content=thumbnail_unscaled,Franz Xaver,CC BY-SA 3.0,http://creativecommons.org/licenses/by-sa/3.0/,https://en.wikipedia.org/wiki/File:Borassus_flabellifer.jpg,download_failed
3064,Boreomysis orientalis,东方北糠虾,,,,,,,no_image
73692,Borostomias elucens,掠食巨口鱼,,,,,,,no_image
26199,Botanophila alcaecerca,巨板植种蝇,,,,,,,no_image
26219,Botanophila chelonocerca,龟叶植种蝇,,,,,,,no_image
26239,Botanophila emeisencio,峨泽菊植种蝇,,,,,,,no_image
26259,Botanophila koreacula,朝鲜植种蝇,,,,,,,no_image
26279,Botanophila monoconica,单锥植种蝇,,,,,,,no_image
26299,Botanophila prenochirella,垂叉植种蝇,,,,,,,no_image
26319,Botanophila spinisternatodea,类棘腹植种蝇,,,,,,,no_image
26339,Botanophila trisetigonita,三毛植种蝇,,,,,,,no_image
89807,Bothriospermum hispidissimum,云南斑种草,,,,,,,no_image
26365,Bothrogonia guiana,桂凹大叶蝉,,,,,,,no_image
26385,Bothrogonia tianzhuensis,柱凹大叶蝉,,,,,,,no_image
26391,Bothynotus pilosus,沟盲蝽,,https://upload.wikimedia.org/wikipedia/commons/4/45/SaundersHemipteraHeteropteraBritishIslesPlate24.jpg?utm_source=en.wikipedia.org&utm_campaign=api&utm_content=thumbnail_unscaled,Edward Saunders,Public domain,,https://en.wikipedia.org/wiki/File:SaundersHemipteraHeteropteraBritishIslesPlate24.jpg,download_failed
149647,Botryobasidium conspersum,皱串担革菌,,,,,,,no_image
142503,Botryodiplodia populea,,,,,,,,no_image
138904,Botryotinia squamosa,鳞状葡萄孢盘菌,,,,,,,no_image
138923,Botrytis sonchina,,,,,,,,no_image
7444,Bougainvillia lamellate,瓣鲍螅水母,,,,,,,no_image
73723,Boulenophrys caudoprocta,尾突角蟾,,,,,,,no_image
73743,Boulenophrys hungtai,揭阳角蟾,,,,,,,no_image
73763,Boulenophrys nebulosa,云雾角蟾,,,,,,,no_image
73783,Boulenophrys xiangnanensis,湘南角蟾,,,,,,,no_image
89827,Bousigonia mekongensis,奶子藤,,,,,,,no_image
145136,Bovistella radicata,长根静灰球,,,,,,,no_image
89839,Brachiaria kurzii,无名臂形草,,,,,,,no_image
5363,Brachidontes striatulus,条纹短齿蛤,,,,,,,no_image
18588,Brachionus quadridentatus,方形臂尾轮,,,,,,,no_image
89852,Brachycorythis henryi,长叶苞叶兰,,,,,,,no_image
17292,Brachylaima crispocoelium,皱肠短咽吸虫,,,,,,,no_image
89867,Brachymenium pendulum,丛生短月藓,,,,,,,no_image
89871,Brachypodium distachyon,二穗短柄草,images/00/08/00089871.webp,https://thumb.wikimedia.org/wikipedia/commons/thumb/0/01/Brachypodium_distachyon_Bd21-3.jpg/960px-Brachypodium_distachyon_Bd21-3.jpg?utm_source=en.wikipedia.org&utm_campaign=api&utm_content=thumbnail,"Neil Harris, University of Alberta",CC BY-SA 4.0,https://creativecommons.org/licenses/by-sa/4.0,https://en.wikipedia.org/wiki/File:Brachypodium_distachyon_Bd21-3.jpg,ok
26464,Brachypogon maitangensis,迈汤短蠓,,,,,,,no_image
89877,Brachypterum robustum,大鱼藤树,,,,,,,no_image
73813,Brachysomophis cirrocheilos,须唇短体蛇鳗,images/00/07/00073813.webp,https://thumb.wikimedia.org/wikipedia/commons/thumb/6/6c/Stargazer_snake_eel_%28Brachysomophis_cirrocheilos%29_%2814419490013%29.jpg/960px-Stargazer_snake_eel_%28Brachysomophis_cirrocheilos%29_%2814419490013%29.jpg?utm_source=en.wikipedia.org&utm_campaign=api&utm_content=thumbnail,Rickard Zerpe,CC BY-SA 2.0,https://creativecommons.org/licenses/by-sa/2.0,https://en.wikipedia.org/wiki/File:Stargazer_snake_eel_(Brachysomophis_cirrocheilos)_(14419490013).jpg,ok
26495,Brachysybra elliptica,,,,,,,,no_image
89884,Brachythecium brotheri,勃氏青藓,,,,,,,no_image
89904,Brachythecium oedipodium,宽叶青藓,,,,,,,no_image
89924,Brachythecium starkei,林地青藓,,,,,,,no_image
17560,Bradybaena acustina,锥尖巴蜗牛,,,,,,,no_image
26522,Bradysia auriculata,耳尾迟眼蕈蚊,,,,,,,no_image
26542,Bradysia conicopalpi,锥须迟眼蕈蚊,,,,,,,no_image
26562,Bradysia gonata,膝尾迟眼蕈蚊,,,,,,,no_image
26582,Bradysia longimedia,长中迟眼蕈蚊,,,,,,,no_image
26602,Bradysia palpiclavata,棒须迟眼蕈蚊,,,,,,,no_image
26622,Bradysia spinellosa,密刺迟眼蕈蚊,,,,,,,no_image
26642,Bradysia xianyingi,仙盈迟眼蕈蚊,,,,,,,no_image
73835,Branchiostoma japonicus,日本文昌鱼,,,,,,,no_image
89952,Brassaiopsis bodinieri,直序掌叶树,,,,,,,no_image
89972,Brassaiopsis tibetana,西藏掌叶树,,,,,,,no_image
90002,Braya pamirica,帕米尔肉叶荠,,,,,,,no_image
90022,Bredia gracilis,细梗野海棠,,,,,,,no_image
73846,Bregmaceros atlanticus,大西洋犀鳕,images/00/07/00073846.webp,https://thumb.wikimedia.org/wikipedia/commons/thumb/c/c5/Antenna_codlet_%28_Bregmaceros_atlanticus_%29.jpg/960px-Antenna_codlet_%28_Bregmaceros_atlanticus_%29.jpg?utm_source=en.wikipedia.org&utm_campaign=api&utm_content=thumbnail,"SEFSC Pascagoula Laboratory; Collection of Brandi Noble, NOAA/NMFS/SEFSC.",Public domain,,https://en.wikipedia.org/wiki/File:Antenna_codlet_(_Bregmaceros_atlanticus_).jpg,ok
90048,Breutelia yunnanensis,云南热泽藓,,,,,,,no_image
9888,Brevipalpus qianniunis,,,,,,,,no_image
10673,Briareum violacea,紫色强壮柳珊瑚,,https://upload.wikimedia.org/wikipedia/commons/8/86/Briareum_violacea.jpg?utm_source=en.wikipedia.org&utm_campaign=api&utm_content=thumbnail_unscaled,Heike Wägele &amp; Annette Klussmann-Kolb,CC BY 2.0,https://creativecommons.org/licenses/by/2.0,https://en.wikipedia.org/wiki/File:Briareum_violacea.jpg,download_failed
26682,Brinckochrysa qiongana,琼边草蛉,,,,,,,no_image
26699,Brithura stigmosa,多斑尖头大蚊,,,,,,,no_image
13597,Brommella spirula,旋布朗蛛,,,,,,,no_image
90085,Bromus himalaicus,喜马拉雅雀麦,,,,,,,no_image
90105,Bromus pumpellianus,耐酸草,,,,,,,no_image
26703,Brontaea ascendens,升斑裸圆蝇,,,,,,,no_image
90139,Brotherella nictans,垂蒴小锦藓,,,,,,,no_image
26716,Brunettia rotundior,圆眼黑蛾蠓,,,,,,,no_image
26728,Bryaxis fictor,,,,,,,,no_image
26748,Bryaxis smetanai,,,,,,,,no_image
9518,Bryobia hengduanensis,,,,,,,,no_image
26760,Bryocoris convexicollis,隆背蕨盲蝽,,,,,,,no_image
26779,Bryodema gebleri,朱腿痂蝗,,,,,,,no_image
90173,Bryoerythrophyllum inaequalifolium,单胞红叶藓,,,,,,,no_image
26815,Bryophaenocladius vernalis,侧苔摇蚊,,,,,,,no_image
135831,Bryoria chalybeiformis,钢灰小孢发,,,,,,,no_image
135851,Bryoria variabilis,多形小孢发,,,,,,,no_image
90208,Bryum bornholmense,瘤根真藓,,,,,,,no_image
90228,Bryum moravicum,摩拉维亚真藓,,,,,,,no_image
90254,Bryum yuennanense,云南真藓,,,,,,,no_image
17160,Bucephalopsis percocypri,鲈鲤似牛首吸虫,,,,,,,no_image
90256,Buchanania latifolia,豆腐果,images/00/09/00090256.webp,https://thumb.wikimedia.org/wikipedia/commons/thumb/e/ea/%E0%A4%9A%E0%A4%BE%E0%A4%B0%E0%A5%8B%E0%A4%B3%E0%A5%80%2C_%E0%A4%B5%E0%A5%80%E0%A4%B0%E0%A4%AA%E0%A5%81%E0%A4%B0%2C_%E0%A4%B6%E0%A4%B9%E0%A4%BE%E0%A4%A6%E0%A4%BE%2C_%E0%A4%A8%E0%A4%82%E0%A4%A6%E0%A5%81%E0%A4%B0%E0%A4%AC%E0%A4%BE%E0%A4%B0_Tendu%2C_Veerpur%2C_Shahada%2C_Nandurbar_%28Buchanania_lanzan%29.jpg/960px-%E0%A4%9A%E0%A4%BE%E0%A4%B0%E0%A5%8B%E0%A4%B3%E0%A5%80%2C_%E0%A4%B5%E0%A5%80%E0%A4%B0%E0%A4%AA%E0%A5%81%E0%A4%B0%2C_%E0%A4%B6%E0%A4%B9%E0%A4%BE%E0%A4%A6%E0%A4%BE%2C_%E0%A4%A8%E0%A4%82%E0%A4%A6%E0%A5%81%E0%A4%B0%E0%A4%AC%E0%A4%BE%E0%A4%B0_Tendu%2C_Veerpur%2C_Shahada%2C_Nandurbar_%28Buchanania_lanzan%29.jpg?utm_source=en.wikipedia.org&utm_campaign=api&utm_content=thumbnail,MGB CEE,CC BY-SA 4.0,https://creativecommons.org/licenses/by-sa/4.0,"https://en.wikipedia.org/wiki/File:चारोळी,_वीरपुर,_शहादा,_नंदुरबार_Tendu,_Veerpur,_Shahada,_Nandurbar_(Buchanania_lanzan).jpg",ok
90274,Buddleja albiflora,巴东醉鱼草,images/00/09/00090274.webp,https://thumb.wikimedia.org/wikipedia/commons/thumb/c/c3/Budd._albiflora.jpg/960px-Budd._albiflora.jpg?utm_source=en.wikipedia.org&utm_campaign=api&utm_content=thumbnail,Ptelea,CC0,http://creativecommons.org/publicdomain/zero/1.0/deed.en,https://en.wikipedia.org/wiki/File:Budd._albiflora.jpg,ok
90296,Buddleja myriantha,酒药花醉鱼草,images/00/09/00090296.webp,https://thumb.wikimedia.org/wikipedia/commons/thumb/7/7a/Buddleja_myr.jpg/960px-Buddleja_myr.jpg?utm_source=en.wikipedia.org&utm_campaign=api&utm_content=thumbnail,Buddlejagarden,CC BY-SA 4.0,https://creativecommons.org/licenses/by-sa/4.0,https://en.wikipedia.org/wiki/File:Buddleja_myr.jpg,ok
135174,Buellia lauricassiaeoides,,,,,,,,no_image
135194,Buellia zahlbruckneri,,,,,,,,no_image
8606,Bufonaria crumena,朱唇赤蛙螺,images/00/00/00008606.webp,https://thumb.wikimedia.org/wikipedia/commons/thumb/c/c7/Bufonaria_crumena_01.JPG/960px-Bufonaria_crumena_01.JPG?utm_source=en.wikipedia.org&utm_campaign=api&utm_content=thumbnail,H. Zell,CC BY-SA 3.0,https://creativecommons.org/licenses/by-sa/3.0,https://en.wikipedia.org/wiki/File:Bufonaria_crumena_01.JPG,ok
825,Bugula scaphoides,舟形草苔虫,,,,,,,no_image
90317,Bulbophyllum bomiense,波密卷瓣兰,,,,,,,no_image
90337,Bulbophyllum dresslerianum,斯勒卷瓣兰,,,,,,,no_image
90357,Bulbophyllum haniffii,飘带石豆兰,,,,,,,no_image
90378,Bulbophyllum lingii,凌氏石豆兰,,,,,,,no_image
90398,Bulbophyllum ovalifolium,卵叶石豆兰,images/00/09/00090398.webp,https://thumb.wikimedia.org/wikipedia/commons/thumb/a/a4/Bulbophyllum_ovalifolium_%28wild_Sabah_Borneo%29_%28Blume%29_Lindl.%2C_Gen._Sp._Orchid._Pl.-_49_%281830%29_%2832399387305%29.jpg/960px-Bulbophyllum_ovalifolium_%28wild_Sabah_Borneo%29_%28Blume%29_Lindl.%2C_Gen._Sp._Orchid._Pl.-_49_%281830%29_%2832399387305%29.jpg?utm_source=en.wikipedia.org&utm_campaign=api&utm_content=thumbnail,"snotch from Sapporo, Hokkaido, Japan",CC BY 2.0,https://creativecommons.org/licenses/by/2.0,"https://en.wikipedia.org/wiki/File:Bulbophyllum_ovalifolium_(wild_Sabah_Borneo)_(Blume)_Lindl.,_Gen._Sp._Orchid._Pl.-_49_(1830)_(32399387305).jpg",ok
90418,Bulbophyllum rothschildianum,美花卷瓣兰,,https://thumb.wikimedia.org/wikipedia/commons/thumb/7/71/Bulbophyllum_rothschildianum%2C_bloeiwyse%2C_Safari-uitstalling.jpg/960px-Bulbophyllum_rothschildianum%2C_bloeiwyse%2C_Safari-uitstalling.jpg?utm_source=en.wikipedia.org&utm_campaign=api&utm_content=thumbnail,,,,https://en.wikipedia.org/wiki/Bulbophyllum_rothschildianum,license_rejected
90438,Bulbophyllum tangerinum,丹华卷瓣兰,,,,,,,no_image
90458,Bulbophyllum yongtaiense,永泰卷瓣兰,,,,,,,no_image
139096,Bulgaria thwaitesii,,,,,,,,no_image
154648,Bullera formosana,,,,,,,,no_image
26842,Bundera bambusana,竹子斜脊叶蝉,,,,,,,no_image
73910,Bungarus wanghaotingi,云南环蛇,,,,,,,no_image
90488,Bupleurum dracaenoides,龙血树柴胡,,,,,,,no_image
90518,Bupleurum parvifolium,小叶柴胡,,,,,,,no_image
149686,Burgoa pisi,豌豆布尔喀霉,,,,,,,no_image
26877,Burmagomphus williamsoni,威廉缅春蜓,,,,,,,no_image
8615,Bursa granularis,粒蛙螺,images/00/00/00008615.webp,https://thumb.wikimedia.org/wikipedia/commons/thumb/a/a2/Bursa_granularis_01.JPG/960px-Bursa_granularis_01.JPG?utm_source=en.wikipedia.org&utm_campaign=api&utm_content=thumbnail,H. Zell,CC BY-SA 3.0,https://creativecommons.org/licenses/by-sa/3.0,https://en.wikipedia.org/wiki/File:Bursa_granularis_01.JPG,ok
90553,Butia capitata,果冻椰子,images/00/09/00090553.webp,https://thumb.wikimedia.org/wikipedia/commons/thumb/2/2e/Cocos_capitata_%2B_Diplothemium_campestre_%283768428135%29.jpg/960px-Cocos_capitata_%2B_Diplothemium_campestre_%283768428135%29.jpg?utm_source=en.wikipedia.org&utm_campaign=api&utm_content=thumbnail,"Paul K from Sydney, Australia",CC BY 2.0,https://creativecommons.org/licenses/by/2.0,https://en.wikipedia.org/wiki/File:Cocos_capitata_+_Diplothemium_campestre_(3768428135).jpg,ok
90576,Buxus myrica,杨梅黄杨,,,,,,,no_image
6053,Byblis bandasetus,带毛沙钩虾,,,,,,,no_image
6076,Byblis plumosa,毛沙钩虾,,,,,,,no_image
140397,Byssonectria fusispora,梭孢毡盘菌,images/00/14/00140397.webp,https://thumb.wikimedia.org/wikipedia/commons/thumb/6/62/Byssonectria_fusispora.jpg/960px-Byssonectria_fusispora.jpg?utm_source=en.wikipedia.org&utm_campaign=api&utm_content=thumbnail,"This image was created by user Jason Hollinger (jason) at Mushroom Observer, a source for mycological images.You can contact this user here.",CC BY-SA 3.0,https://creativecommons.org/licenses/by-sa/3.0,https://en.wikipedia.org/wiki/File:Byssonectria_fusispora.jpg,ok
1827,Caberea symmetrica,对称松苔虫,,,,,,,no_image
26925,Cacoxenus gani,甘氏异果蝇,,,,,,,no_image
73936,Caecula pterygera,小鳍盲蛇鳗,,,,,,,no_image
26943,Cafius rufescens,,,,,,,,no_image
90607,Cajanus scarabaeoides,蔓草虫豆,images/00/09/00090607.webp,https://thumb.wikimedia.org/wikipedia/commons/thumb/4/42/Cajanus_scarabaeoides_%284533174025%29.jpg/960px-Cajanus_scarabaeoides_%284533174025%29.jpg?utm_source=en.wikipedia.org&utm_campaign=api&utm_content=thumbnail,"Dinesh Valke from Thane, India",CC BY-SA 2.0,https://creativecommons.org/licenses/by-sa/2.0,https://en.wikipedia.org/wiki/File:Cajanus_scarabaeoides_(4533174025).jpg,ok
73947,Calamaria synergis,基诺两头蛇,,,,,,,no_image
90637,Calamus melanochrous,瑶山省藤,,,,,,,no_image
90657,Calanthe argenteostriata,银带虾脊兰,,,,,,,no_image
90678,Calanthe herbacea,西南虾脊兰,,,,,,,no_image
90700,Calanthe sinica,中华虾脊兰,,,,,,,no_image
3788,Calappa calappa,馒头蟹,images/00/00/00003788.webp,https://thumb.wikimedia.org/wikipedia/commons/thumb/6/6e/Calappidae_-_Calappa_calappa.JPG/960px-Calappidae_-_Calappa_calappa.JPG?utm_source=en.wikipedia.org&utm_campaign=api&utm_content=thumbnail,Hectonichus,CC BY-SA 3.0,https://creativecommons.org/licenses/by-sa/3.0,https://en.wikipedia.org/wiki/File:Calappidae_-_Calappa_calappa.JPG,ok
4921,Calaxiopsis mclauglinae,麦劳林木阿蛄虾,,,,,,,no_image
5255,Calcinus minutus,红指硬壳寄居蟹,,,,,,,no_image
10236,Calepitrimerus clematisis,,,,,,,,no_image
10379,Calepitrimerus rosarum,,,,,,,,no_image
135199,Calicium lenticulare,凸镜粉衣,,,,,,,no_image
73963,Calidris canutus,红腹滨鹬,images/00/07/00073963.webp,https://thumb.wikimedia.org/wikipedia/commons/thumb/0/03/Rufa_red_knot_%28Calidris_canutus_rufa%29_in_Delaware_Bay%2C_New_Jersey.jpg/960px-Rufa_red_knot_%28Calidris_canutus_rufa%29_in_Delaware_Bay%2C_New_Jersey.jpg?utm_source=en.wikipedia.org&utm_campaign=api&utm_content=thumbnail,Chuck Homler d/b/a Focus On Wildlife,CC BY-SA 4.0,https://creativecommons.org/licenses/by-sa/4.0,"https://en.wikipedia.org/wiki/File:Rufa_red_knot_(Calidris_canutus_rufa)_in_Delaware_Bay,_New_Jersey.jpg",ok
26987,Caligula thibeta,闭目大蚕蛾,,,,,,,no_image
90726,Calla palustris,水芋,,https://upload.wikimedia.org/wikipedia/commons/9/9b/Calla_palustris2.jpg?utm_source=en.wikipedia.org&utm_campaign=api&utm_content=thumbnail_unscaled,Kurt Stüber [1],CC BY-SA 3.0,http://creativecommons.org/licenses/by-sa/3.0/,https://en.wikipedia.org/wiki/File:Calla_palustris2.jpg,download_failed
90733,Callerya dorwardii,滇缅鸡血藤,,,,,,,no_image
1690,Callianassa tonkinae,北部湾美人虾,,,,,,,no_image
90759,Callicarpa basitruncata,平基紫珠,,,,,,,no_image
90793,Callicarpa liuliana,琉璃紫珠,,,,,,,no_image
90817,Callicarpa rubella,红紫珠,images/00/09/00090817.webp,https://thumb.wikimedia.org/wikipedia/commons/thumb/4/41/Callicarpa_rubella_Lindl._%28AM_AK361278-3%29.jpg/960px-Callicarpa_rubella_Lindl._%28AM_AK361278-3%29.jpg?utm_source=en.wikipedia.org&utm_campaign=api&utm_content=thumbnail,"Wilcox, Mike",CC BY 4.0,https://creativecommons.org/licenses/by/4.0,https://en.wikipedia.org/wiki/File:Callicarpa_rubella_Lindl._(AM_AK361278-3).jpg,ok
27042,Callidium flavosignatum,,,https://upload.wikimedia.org/wikipedia/commons/f/f8/Callidium_flavosignatum.jpg?utm_source=en.wikipedia.org&utm_campaign=api&utm_content=thumbnail_unscaled,"Nai-Yu PAN, Ming-Yue SUN Ting-Hong ZHOU &amp; Ping WANG",CC BY 4.0,https://creativecommons.org/licenses/by/4.0,https://en.wikipedia.org/wiki/File:Callidium_flavosignatum.jpg,download_failed
90838,Calligonum alaschanicum,阿拉善沙拐枣,,,,,,,no_image
90858,Calligonum trifarium,三列沙拐枣,,,,,,,no_image
8754,Calliodentalium crocinum,蕃红花丽角贝,,,,,,,no_image
74009,Callionymus schaapii,沙氏[鱼衔],,,,,,,no_image
27072,Calliphora echinosa,棘叶丽蝇,,,,,,,no_image
27093,Callipterinella calliptera,带斑蚜,,,,,,,no_image
27117,Callispa elliptica,椭形丽甲,,,,,,,no_image
375,Callista phasianella,雉仙女蛤,,,,,,,no_image
27148,Calliteara grotei,线丽毒蛾,images/00/02/00027148.webp,https://thumb.wikimedia.org/wikipedia/commons/thumb/0/0b/Calliteara_grotei.jpg/960px-Calliteara_grotei.jpg?utm_source=en.wikipedia.org&utm_campaign=api&utm_content=thumbnail,L. Shyamal,CC BY-SA 3.0,https://creativecommons.org/licenses/by-sa/3.0,https://en.wikipedia.org/wiki/File:Calliteara_grotei.jpg,ok
90868,Callitriche fehmedianii,西南水马齿,,,,,,,no_image
27175,Callocleonymus ianthinus,紫色小蠹刺角金小蜂,,,,,,,no_image
90882,Callophyllis adnata,贴生美叶藻,,,,,,,no_image
2480,Callopora corniculifera,小角丽苔虫,,,,,,,no_image
27215,Callopsylla oreinus,山燕盖蚤,,,,,,,no_image
74034,Callosciurus erythraeus,赤腹松鼠,images/00/07/00074034.webp,https://thumb.wikimedia.org/wikipedia/commons/thumb/e/ea/Pallas%27s_squirrel_%28Callosciurus_erythraeus_thaiwanensis%29_Qianshan.jpg/960px-Pallas%27s_squirrel_%28Callosciurus_erythraeus_thaiwanensis%29_Qianshan.jpg?utm_source=en.wikipedia.org&utm_campaign=api&utm_content=thumbnail,Charles J. Sharp,CC BY-SA 4.0,https://creativecommons.org/licenses/by-sa/4.0,https://en.wikipedia.org/wiki/File:Pallas's_squirrel_(Callosciurus_erythraeus_thaiwanensis)_Qianshan.jpg,ok
27230,Calobata nigrolamellata,尼雅瘦足蝇,,,,,,,no_image
146990,Calocybe gambosa,香杏丽蘑,images/00/14/00146990.webp,https://thumb.wikimedia.org/wikipedia/commons/thumb/0/0c/Calocybe_gambosa_080420wa.jpg/960px-Calocybe_gambosa_080420wa.jpg?utm_source=en.wikipedia.org&utm_campaign=api&utm_content=thumbnail,User:Strobilomyces,CC BY-SA 4.0,https://creativecommons.org/licenses/by-sa/4.0,https://en.wikipedia.org/wiki/File:Calocybe_gambosa_080420wa.jpg,ok
141982,Calonectria angustata,,,,,,,,no_image
142002,Calonectria ovata,,,,,,,,no_image
137596,Caloplaca albovariegata,白斑橙衣,,,,,,,no_image
137616,Caloplaca dalmatica,,,,,,,,no_image
137636,Caloplaca miniatula,,,,,,,,no_image
149401,Calostoma cinnabarinum,红皮丽口包,images/00/14/00149401.webp,https://thumb.wikimedia.org/wikipedia/commons/thumb/b/b3/Calostoma_cinnabarina3.jpg/960px-Calostoma_cinnabarina3.jpg?utm_source=en.wikipedia.org&utm_campaign=api&utm_content=thumbnail,Dan Molter (Shroomydan),CC BY-SA 3.0,https://creativecommons.org/licenses/by-sa/3.0,https://en.wikipedia.org/wiki/File:Calostoma_cinnabarina3.jpg,ok
74048,Calotes yunnanensis,云南树蜥,,,,,,,no_image
90905,Caltha dysosmoides,北川驴蹄草,,,,,,,no_image
145149,Calvatia lepidophora,,,,,,,,no_image
138240,Calycella hariotii,,,,,,,,no_image
138453,Calycina pallescens,,,,,,,,no_image
90930,Calymperes lonchophyllum,花叶藓,,,,,,,no_image
147085,Calyptella capula,,,,,,,,no_image
27262,Calyptromyia barbata,须巨瓣寄蝇,,,,,,,no_image
146366,Camarophyllus niveus,雪白拱顶菇,,,,,,,no_image
90986,Camellia brevistyla,短柱茶,,,,,,,no_image
91013,Camellia fangchengensis,防城茶,,,,,,,no_image
91042,Camellia hsinpeiensis,小花山茶,,,,,,,no_image
91074,Camellia melliana,广东毛蕊茶,,,,,,,no_image
91105,Camellia pubipetala,毛瓣金花茶,,,,,,,no_image
91134,Camellia taliensis,大理茶,images/00/09/00091134.webp,https://thumb.wikimedia.org/wikipedia/commons/thumb/e/e4/Gardenology.org-IMG_2309_rbgs11jan.jpg/960px-Gardenology.org-IMG_2309_rbgs11jan.jpg?utm_source=en.wikipedia.org&utm_campaign=api&utm_content=thumbnail,Raffi Kojian,CC BY-SA 3.0,https://creativecommons.org/licenses/by-sa/3.0,https://en.wikipedia.org/wiki/File:Gardenology.org-IMG_2309_rbgs11jan.jpg,ok
27275,Camilla orientalis,东方卡密蝇,,,,,,,no_image
11780,Campanicola chitouensis,溪头钟纺蛛,,,,,,,no_image
91176,Campanula microphylloidea,洛扎风铃草,,,,,,,no_image
91191,Camphora illicioides,八角樟,,,,,,,no_image
27281,Campiglossa basalis,明基斑翅实蝇,,,,,,,no_image
27301,Campiglossa longicauda,长尾斑翅实蝇,,,,,,,no_image
27321,Campiglossa sinensis,中华斑翅实蝇,,,,,,,no_image
1675,Camptandrium sexdentatum,六齿猴面蟹,,,,,,,no_image
27354,Camptopteromyia nigriflagella,黑角折翅水虻,,,,,,,no_image
91226,Campylium protensum,多态拟细湿藓,,,,,,,no_image
91236,Campylopus durelii,直叶曲柄藓,,,,,,,no_image
91258,Campylospermum serratum,齿叶赛金莲木,images/00/09/00091258.webp,https://thumb.wikimedia.org/wikipedia/commons/thumb/7/7b/%E0%B4%B5%E0%B4%B3%E0%B5%BC%E0%B4%AE%E0%B4%A3%E0%B4%BF-Gomphia_serrata_at_Neeliyarkottam_01.jpg/960px-%E0%B4%B5%E0%B4%B3%E0%B5%BC%E0%B4%AE%E0%B4%A3%E0%B4%BF-Gomphia_serrata_at_Neeliyarkottam_01.jpg?utm_source=en.wikipedia.org&utm_campaign=api&utm_content=thumbnail,FarEnd2018,CC BY-SA 4.0,https://creativecommons.org/licenses/by-sa/4.0,https://en.wikipedia.org/wiki/File:വളർമണി-Gomphia_serrata_at_Neeliyarkottam_01.jpg,ok
91281,Campylotropis hirtella,毛笐子梢,,,,,,,no_image
91314,Campylotropis xinfeniae,信芬笐子梢,,,,,,,no_image
91328,Canavalia ensiformis,直生刀豆,,https://upload.wikimedia.org/wikipedia/commons/1/16/Canava1.jpg?utm_source=en.wikipedia.org&utm_campaign=api&utm_content=thumbnail_unscaled,Lígia Prado,Public domain,,https://en.wikipedia.org/wiki/File:Canava1.jpg,download_failed
1825,Canda pecten,扇环管苔虫,,,,,,,no_image
142542,Candida asparagi,,,,,,,,no_image
142562,Candida parapsilosis,,,,,,,,no_image
27377,Cania pseudorobusta,拟灰线刺蛾,,,,,,,no_image
135863,Canoparmelia ecaperata,松萝酸灰叶,,,,,,,no_image
149687,Cantharellus albidus,白鸡油菌,,,,,,,no_image
149707,Cantharellus infundibuliformis,漏斗鸡油菌,,,,,,,no_image
149727,Cantharellus vaginatus,鞘状鸡油菌,,,,,,,no_image
74073,Canthigaster rivulata,水纹扁背鲀,,https://upload.wikimedia.org/wikipedia/commons/6/63/KitamakuraWM.jpg?utm_source=en.wikipedia.org&utm_campaign=api&utm_content=thumbnail_unscaled,Izuzuki,CC BY-SA 2.1 jp,https://creativecommons.org/licenses/by-sa/2.1/jp/deed.en,https://en.wikipedia.org/wiki/File:KitamakuraWM.jpg,download_failed
27395,Capila pieridoides,白粉大弄蝶,,https://upload.wikimedia.org/wikipedia/commons/0/0a/CapilaPieridoidesSeitz.png?utm_source=en.wikipedia.org&utm_campaign=api&utm_content=thumbnail_unscaled,"Text by Adalbert Seitz (d 1938) , artist unknown.",Public domain,,https://en.wikipedia.org/wiki/File:CapilaPieridoidesSeitz.png,download_failed
27406,Capnia tibetana,西藏黑(虫责),,,,,,,no_image
91363,Capparis dasyphylla,多毛山柑,,,,,,,no_image
91383,Capparis sepiaria,青皮刺,images/00/09/00091383.webp,https://thumb.wikimedia.org/wikipedia/commons/thumb/3/30/Capparis_sepiaria_%282443381430%29.jpg/960px-Capparis_sepiaria_%282443381430%29.jpg?utm_source=en.wikipedia.org&utm_campaign=api&utm_content=thumbnail,"Dinesh Valke from Thane, India",CC BY-SA 2.0,https://creativecommons.org/licenses/by-sa/2.0,https://en.wikipedia.org/wiki/File:Capparis_sepiaria_(2443381430).jpg,ok
4810,Caprella kr&#246;yeri,凯氏麦杆虫,,,,,,,no_image
91397,Capsella bursa-pastoris,荠,images/00/09/00091397.webp,https://thumb.wikimedia.org/wikipedia/commons/thumb/e/e2/A_Field_of_Shepherd%E2%80%99s-purse.jpg/960px-A_Field_of_Shepherd%E2%80%99s-purse.jpg?utm_source=en.wikipedia.org&utm_campaign=api&utm_content=thumbnail,SaltySemanticSchmuck,CC BY-SA 4.0,https://creativecommons.org/licenses/by-sa/4.0,https://en.wikipedia.org/wiki/File:A_Field_of_Shepherd’s-purse.jpg,ok
8963,Carabodes femoralis,股步甲螨,,,,,,,no_image
91407,Caragana arborescens,树锦鸡儿,images/00/09/00091407.webp,https://thumb.wikimedia.org/wikipedia/commons/thumb/b/ba/Caragana_arborescens.jpg/960px-Caragana_arborescens.jpg?utm_source=en.wikipedia.org&utm_campaign=api&utm_content=thumbnail,A. Barra,CC BY 3.0,https://creativecommons.org/licenses/by/3.0,https://en.wikipedia.org/wiki/File:Caragana_arborescens.jpg,ok
91435,Caragana gerardiana,印度锦鸡儿,,,,,,,no_image
91463,Caragana manshurica,东北锦鸡儿,,,,,,,no_image
91490,Caragana spinosa,多刺锦鸡儿,,,,,,,no_image
74102,Carangoides chrysophrys,长吻若鲹,,https://upload.wikimedia.org/wikipedia/commons/d/d4/Longnose_trevally_Weipa.JPG?utm_source=en.wikipedia.org&utm_campaign=api&utm_content=thumbnail_unscaled,Kare Kare,CC BY-SA 3.0,https://creativecommons.org/licenses/by-sa/3.0,https://en.wikipedia.org/wiki/File:Longnose_trevally_Weipa.JPG,download_failed
74122,Caranx tille,泰勒鲹,,https://upload.wikimedia.org/wikipedia/commons/1/19/Tille_trevally_Honiara.jpeg?utm_source=en.wikipedia.org&utm_campaign=api&utm_content=thumbnail_unscaled,Kare Kare,CC BY-SA 3.0,https://creativecommons.org/licenses/by-sa/3.0,https://en.wikipedia.org/wiki/File:Tille_trevally_Honiara.jpeg,download_failed
27446,Carausius novus,新竹异䗛,,,,,,,no_image
27460,Carcelia brevipilosa,短毛狭颊寄蝇,,,,,,,no_image
27480,Carcelia matsukarehae,松毛虫狭颊寄蝇,,,,,,,no_image
27500,Carcelia yongshunensis,永顺狭颊寄蝇,,,,,,,no_image
74142,Carcharhinus melanopterus,污翅真鲨,,https://thumb.wikimedia.org/wikipedia/commons/thumb/9/9f/Blacktip_reef_shark_%28Carcharhinus_melanopterus%29_Moorea.jpg/960px-Blacktip_reef_shark_%28Carcharhinus_melanopterus%29_Moorea.jpg?utm_source=en.wikipedia.org&utm_campaign=api&utm_content=thumbnail,,,,https://en.wikipedia.org/wiki/Carcharhinus_melanopterus,license_rejected
27509,Carcinops pumilio,小匀点阎甲,images/00/02/00027509.webp,https://thumb.wikimedia.org/wikipedia/commons/thumb/5/5c/Carcinops_pumilio_%28Erichson%2C_1834%29_%283232044984%29.jpg/960px-Carcinops_pumilio_%28Erichson%2C_1834%29_%283232044984%29.jpg?utm_source=en.wikipedia.org&utm_campaign=api&utm_content=thumbnail,Udo Schmidt from Deutschland,CC BY-SA 2.0,https://creativecommons.org/licenses/by-sa/2.0,"https://en.wikipedia.org/wiki/File:Carcinops_pumilio_(Erichson,_1834)_(3232044984).jpg",ok
91523,Cardamine granulifera,三叶弯蕊芥,,,,,,,no_image
91544,Cardamine multiflora,多花碎米荠,,,,,,,no_image
91564,Cardamine trifida,细叶碎米荠,,,,,,,no_image
27523,Cardiocladius fuscus,暗褐心突摇蚊,,,,,,,no_image
4571,Carditella hanzawai,丰泽小心蛤,,,,,,,no_image
91586,Carex alajica,葱岭薹草,,,,,,,no_image
91610,Carex aristata,,,,,,,,no_image
91636,Carex basiflora,基花薹草,,,,,,,no_image
91658,Carex brunnea,褐果薹草,images/00/09/00091658.webp,https://thumb.wikimedia.org/wikipedia/commons/thumb/4/4b/Carex_brunnea_LHI.jpg/960px-Carex_brunnea_LHI.jpg?utm_source=en.wikipedia.org&utm_campaign=api&utm_content=thumbnail,"Poyt448, Peter Woodard",CC BY-SA 4.0,https://creativecommons.org/licenses/by-sa/4.0,https://en.wikipedia.org/wiki/File:Carex_brunnea_LHI.jpg,ok
91684,Carex chikungana,鸡公山薹草,,,,,,,no_image
91712,Carex cranaocarpa,鹤果薹草,,,,,,,no_image
91734,Carex dayuongensis,大庸薹草,,,,,,,no_image
91758,Carex drepanorhyncha,镰喙薹草,,,,,,,no_image
91785,Carex fatsuaniana,发缵薹草,,,,,,,no_image
91815,Carex glauciformis,米柱薹草,,,,,,,no_image
91836,Carex harrysmithii,大相岭薹草,,,,,,,no_image
91856,Carex huashanica,华山薹草,,,,,,,no_image
91881,Carex jiaodongensis,胶东薹草,,,,,,,no_image
91901,Carex kwangtoushanica,光头山薹草,,,,,,,no_image
91924,Carex liangshanensis,宁远嵩草,,,,,,,no_image
91953,Carex luctuosa,城口薹草,,,,,,,no_image
91976,Carex melanocephala,黑鳞薹草,,,,,,,no_image
92001,Carex moupinensis,宝兴薹草,,https://thumb.wikimedia.org/wikipedia/commons/thumb/2/2b/Nouvelles_archives_du_Mus%C3%A9um_d%27histoire_naturelle_%281896%29_%2814595382100%29.jpg/960px-Nouvelles_archives_du_Mus%C3%A9um_d%27histoire_naturelle_%281896%29_%2814595382100%29.jpg?utm_source=en.wikipedia.org&utm_campaign=api&utm_content=thumbnail,Muséum national d'histoire naturelle (France),No restrictions,https://www.flickr.com/commons/usage/,https://en.wikipedia.org/wiki/File:Nouvelles_archives_du_Muséum_d'histoire_naturelle_(1896)_(14595382100).jpg,license_rejected
92023,Carex nubigena,云雾薹草,,,,,,,no_image
92049,Carex otaruensis,鹞落薹草,,,,,,,no_image
92073,Carex pergracilis,纤细薹草,,,,,,,no_image
92098,Carex prainii,大序薹草,,,,,,,no_image
92120,Carex psychrophila,黄绿薹草,,,,,,,no_image
92140,Carex rafflesiana,红头薹草,,,,,,,no_image
92166,Carex sadoensis,美丽薹草,,,,,,,no_image
92194,Carex setigera,长茎薹草,,,,,,,no_image
92219,Carex squamiformis,夏河嵩草,,,,,,,no_image
92239,Carex tangiana,唐进薹草,,,,,,,no_image
92262,Carex tingnungii,廷农薹草,,,,,,,no_image
92286,Carex ussuriensis,乌苏里薹草,,,,,,,no_image
92309,Carex yamatsutana,山林薹草,,,,,,,no_image
1989,Caridina ablepsia,瞎米虾,,,,,,,no_image
1913,Caridina curta,短棍米虾,,,,,,,no_image
1971,Caridina kunmingensis,昆明米虾,,,,,,,no_image
1961,Caridina pancidentata,贫齿米虾,,,,,,,no_image
1981,Caridina tumida,肥螯米虾,,,,,,,no_image
27545,Carilia filiola,,,,,,,,no_image
27566,Carinata biforka,双叉脊额叶蝉,,,,,,,no_image
27586,Carinata nigricauda,黑尾脊额叶蝉,,,,,,,no_image
929,Carinosquilla carinata,复脊虾蛄,,,,,,,no_image
27608,Carodista liui,刘氏顶祝蛾,,,,,,,no_image
27621,Carpelimus elegantus,,,,,,,,no_image
27643,Carpelimus praelongus,,,,,,,,no_image
92350,Carpesium longifolium,长叶天名精,,,,,,,no_image
92368,Carpinus fangiana,川黔千金榆,images/00/09/00092368.webp,https://thumb.wikimedia.org/wikipedia/commons/thumb/8/87/%E5%B7%9D%E9%BB%94%E5%8D%83%E9%87%91%E6%A6%86_Carpinus_fangiana_-%E6%BA%AB%E5%93%A5%E8%8F%AF%E5%93%A5%E5%80%AB%E6%AF%94%E4%BA%9E%E5%A4%A7%E5%AD%B8%E6%A4%8D%E7%89%A9%E5%9C%92_UBC_Botanical_Garden%2C_Vancouver-_%289252383245%29.jpg/960px-%E5%B7%9D%E9%BB%94%E5%8D%83%E9%87%91%E6%A6%86_Carpinus_fangiana_-%E6%BA%AB%E5%93%A5%E8%8F%AF%E5%93%A5%E5%80%AB%E6%AF%94%E4%BA%9E%E5%A4%A7%E5%AD%B8%E6%A4%8D%E7%89%A9%E5%9C%92_UBC_Botanical_Garden%2C_Vancouver-_%289252383245%29.jpg?utm_source=en.wikipedia.org&utm_campaign=api&utm_content=thumbnail,阿橋 HQ,CC BY-SA 2.0,https://creativecommons.org/licenses/by-sa/2.0,"https://en.wikipedia.org/wiki/File:川黔千金榆_Carpinus_fangiana_-溫哥華哥倫比亞大學植物園_UBC_Botanical_Garden,_Vancouver-_(9252383245).jpg",ok
92394,Carpinus polyneura,多脉鹅耳枥,,,,,,,no_image
74159,Carpodacus edwardsii,棕朱雀,images/00/07/00074159.webp,https://thumb.wikimedia.org/wikipedia/commons/thumb/0/0b/Dark-rumped_Rosefinch_East_Sikkim_India_12.05.2014.jpg/960px-Dark-rumped_Rosefinch_East_Sikkim_India_12.05.2014.jpg?utm_source=en.wikipedia.org&utm_campaign=api&utm_content=thumbnail,Dibyendu Ash,CC BY-SA 3.0,https://creativecommons.org/licenses/by-sa/3.0,https://en.wikipedia.org/wiki/File:Dark-rumped_Rosefinch_East_Sikkim_India_12.05.2014.jpg,ok
74203,Carpodacus trifasciatus,斑翅朱雀,images/00/07/00074203.webp,https://thumb.wikimedia.org/wikipedia/commons/thumb/d/db/Carpodacus_trifasciatus.jpg/960px-Carpodacus_trifasciatus.jpg?utm_source=en.wikipedia.org&utm_campaign=api&utm_content=thumbnail,Josephe Huët,Public domain,,https://en.wikipedia.org/wiki/File:Carpodacus_trifasciatus.jpg,ok
27667,Carriola saturnioides,天窗毒蛾,,,,,,,no_image
27684,Carvaka formosana,台湾卡叶蝉,,,,,,,no_image
27697,Caryanda gulinensis,古蔺卵翅蝗,,,,,,,no_image
27717,Caryanda yuanbaoshanensis,元宝山卵翅蝗,,,,,,,no_image
8091,Caryophyllia quadragenaria,四颊丁香珊瑚,,,,,,,no_image
92462,Casearia flexuosa,曲枝脚骨脆,,,,,,,no_image
27724,Cassida berollnensis,双行小龟甲,,,,,,,no_image
27748,Cassida semipunctata,稀点蚌龟甲,,,,,,,no_image
92480,Cassiope membranifolia,膜叶岩须,,,,,,,no_image
27771,Castanopsides potanini,波氏木盲蝽,,,,,,,no_image
92513,Castanopsis densispinosa,密刺锥,,,,,,,no_image
92533,Castanopsis jucunda,秀丽锥,,,,,,,no_image
92553,Castanopsis sclerophylla,苦槠,,,,,,,no_image
14460,Castianeira tinae,马黄纯蛛,,,,,,,no_image
27784,Catallagia fetisovi,指高无栉蚤,,,,,,,no_image
27799,Catapicephala sinica,中华扁头蝇,,,,,,,no_image
9841,Catarhinus palmifolies,,,,,,,,no_image
17608,Cathaica placenta,扁平华蜗牛,,,,,,,no_image
135496,Catillaria hospitans,寄生腊肠衣,,,,,,,no_image
27817,Catocala fraxinii,缟裳夜蛾,,,,,,,no_image
27843,Catochrysops strabo,咖灰蝶,images/00/02/00027843.webp,https://thumb.wikimedia.org/wikipedia/commons/thumb/d/d9/Forget-me-not_%28Catochrysops_strabo%29_female_Nepalgunj.jpg/960px-Forget-me-not_%28Catochrysops_strabo%29_female_Nepalgunj.jpg?utm_source=en.wikipedia.org&utm_campaign=api&utm_content=thumbnail,Charles J. Sharp,CC BY-SA 4.0,https://creativecommons.org/licenses/by-sa/4.0,https://en.wikipedia.org/wiki/File:Forget-me-not_(Catochrysops_strabo)_female_Nepalgunj.jpg,ok
3623,Caudina atacta,多变尻参,,,,,,,no_image
92620,Caulerpa verticillata,轮生蕨藻,images/00/09/00092620.webp,https://thumb.wikimedia.org/wikipedia/commons/thumb/5/56/Caulerpa_verticillata.jpg/960px-Caulerpa_verticillata.jpg?utm_source=en.wikipedia.org&utm_campaign=api&utm_content=thumbnail,Internet Archive Book Images,Public domain,,https://en.wikipedia.org/wiki/File:Caulerpa_verticillata.jpg,ok
27862,Caulococcus poriferus,远东丝粉蚧,,,,,,,no_image
92642,Causonis trifolia,三叶乌蔹莓,images/00/09/00092642.webp,https://thumb.wikimedia.org/wikipedia/commons/thumb/2/29/Causonis_trifolia_%28L.%29_Mabb._%26_J.Wen_%2853231557411%29.jpg/960px-Causonis_trifolia_%28L.%29_Mabb._%26_J.Wen_%2853231557411%29.jpg?utm_source=en.wikipedia.org&utm_campaign=api&utm_content=thumbnail,"Dinesh Valke from Thane, India",CC BY-SA 2.0,https://creativecommons.org/licenses/by-sa/2.0,https://en.wikipedia.org/wiki/File:Causonis_trifolia_(L.)_Mabb._&_J.Wen_(53231557411).jpg,ok
16023,Cawjeekelia kanoi,,,,,,,,no_image
10399,Cecidophyes bambusae,,,,,,,,no_image
27888,Celaenorrhinus maculosus,斑星弄蝶,,,,,,,no_image
92667,Celastrus hookeri,滇边南蛇藤,,,,,,,no_image
27914,Celerio euphorbiae,猫儿眼白眉天蛾,images/00/02/00027914.webp,https://thumb.wikimedia.org/wikipedia/commons/thumb/1/1d/Hyles_euphorbiae_02.jpg/960px-Hyles_euphorbiae_02.jpg?utm_source=en.wikipedia.org&utm_campaign=api&utm_content=thumbnail,jean-pierre Hamon,CC BY-SA 3.0,https://creativecommons.org/licenses/by-sa/3.0,https://en.wikipedia.org/wiki/File:Hyles_euphorbiae_02.jpg,ok
92695,Celtis chekiangensis,天目朴树,,,,,,,no_image
27936,Celyphus collaris,领甲蝇,,,,,,,no_image
27956,Celyphus reticulatus,网纹甲蝇,,,,,,,no_image
138250,Cenangium craterium,,,,,,,,no_image
92713,Cenolophium denudatum,空棱芹,images/00/09/00092713.webp,https://thumb.wikimedia.org/wikipedia/commons/thumb/a/ac/Cenolophium_denudatum02.jpg/960px-Cenolophium_denudatum02.jpg?utm_source=en.wikipedia.org&utm_campaign=api&utm_content=thumbnail,Meneerke bloem,CC BY-SA 3.0,https://creativecommons.org/licenses/by-sa/3.0,https://en.wikipedia.org/wiki/File:Cenolophium_denudatum02.jpg,ok
27977,Centistes convexitemporalis,凸颊宽鞘茧蜂,,,,,,,no_image
27997,Centorisoma helanshanensis,贺兰山隆盾秆蝇,,,,,,,no_image
74228,Centrobranchus nigroocellatus,黑鳃锦灯鱼,images/00/07/00074228.webp,https://thumb.wikimedia.org/wikipedia/commons/thumb/1/11/Centrobranchus_choerocephalus.jpg/960px-Centrobranchus_choerocephalus.jpg?utm_source=en.wikipedia.org&utm_campaign=api&utm_content=thumbnail,Unknown authorUnknown author,Public domain,,https://en.wikipedia.org/wiki/File:Centrobranchus_choerocephalus.jpg,ok
74235,Centrophorus moluccensis,皱皮刺鲨,images/00/07/00074235.webp,https://thumb.wikimedia.org/wikipedia/commons/thumb/4/46/Centrophorus_moluccensis_distmap.png/960px-Centrophorus_moluccensis_distmap.png?utm_source=en.wikipedia.org&utm_campaign=api&utm_content=thumbnail,Chris_huh,CC BY-SA 3.0,http://creativecommons.org/licenses/by-sa/3.0/,https://en.wikipedia.org/wiki/File:Centrophorus_moluccensis_distmap.png,ok
74256,Centropyge vrolikii,福氏刺尻鱼,,https://upload.wikimedia.org/wikipedia/commons/a/ae/Centropyge_vrolikii_332458558.jpg?utm_source=en.wikipedia.org&utm_campaign=api&utm_content=thumbnail_unscaled,Georgina Jones,CC BY-SA 4.0,https://creativecommons.org/licenses/by-sa/4.0,https://en.wikipedia.org/wiki/File:Centropyge_vrolikii_332458558.jpg,download_failed
28023,Centrotoscelus meilingensis,梅岭秃角蝉,,,,,,,no_image
28043,Cephalaeschna mattii,马蒂头蜓,,,,,,,no_image
92756,Cephalanthera nanchuanica,金佛山兰,,,,,,,no_image
28066,Cephalispa hamata,钩溜秽蝇,,,,,,,no_image
18283,Cephalodella deformis,畸形巨头轮虫,,,,,,,no_image
18299,Cephalodella minora,较小巨头轮虫,,,,,,,no_image
17058,Cephalogonimus manchuricus,满洲头殖吸虫,,,,,,,no_image
28081,Cephalops excellens,倩光头蝇,,,,,,,no_image
142576,Cephalosporium album,,,,,,,,no_image
28095,Cephalothrips brachychaitus,短鬃头管蓟马,,,,,,,no_image
92796,Cephalozia pleniceps,细瓣大萼苔,,,,,,,no_image
28104,Cephennodes baculifer,,,,,,,,no_image
28124,Cephennodes gaozhaianus,,,,,,,,no_image
28144,Cephennodes medusa,,,,,,,,no_image
28164,Cephennodes setifer,,,,,,,,no_image
28184,Cephennomicrus delicatissimus,,,,,,,,no_image
28206,Cerace stipatana,龙眼裳卷蛾,,https://upload.wikimedia.org/wikipedia/commons/7/70/AB096_Cerace_stipatana_3.JPG?utm_source=en.wikipedia.org&utm_campaign=api&utm_content=thumbnail_unscaled,No machine-readable author provided. AshLin assumed (based on copyright claims).,CC BY-SA 2.5,https://creativecommons.org/licenses/by-sa/2.5,https://en.wikipedia.org/wiki/File:AB096_Cerace_stipatana_3.JPG,download_failed
2104,Ceradocus hawaiensis,夏威夷角钩虾,,,,,,,no_image
92822,Ceramium serpens,伏枝仙菜,,,,,,,no_image
92825,Cerastium arvense,原野卷耳,images/00/09/00092825.webp,https://thumb.wikimedia.org/wikipedia/commons/thumb/5/5d/Cerastium_arvense_5618.JPG/960px-Cerastium_arvense_5618.JPG?utm_source=en.wikipedia.org&utm_campaign=api&utm_content=thumbnail,Walter Siegmund (talk),CC BY-SA 3.0,https://creativecommons.org/licenses/by-sa/3.0,https://en.wikipedia.org/wiki/File:Cerastium_arvense_5618.JPG,ok
92853,Cerastium takasagomontanum,高山卷耳,,,,,,,no_image
28257,Ceratina dentipes,齿胫芦蜂,,,,,,,no_image
14260,Ceratinella plancyi,普氏角微蛛,,,,,,,no_image
144172,Ceratocystis paradoxa,,,,,,,,no_image
6698,Ceratomyxa lateolabracis,鲈鱼角形虫,,,,,,,no_image
3941,Ceratonereis japonica,日本角沙蚕,,,,,,,no_image
28301,Ceratophyllus guinanensis,贵南角叶蚤,,,,,,,no_image
18743,Ceratophysella flectoseta,,,,,,,,no_image
92874,Ceratopteris chunii,焕镛水蕨,,,,,,,no_image
17327,Ceratostoma rorifluum,润泽角口螺,images/00/01/00017327.webp,https://thumb.wikimedia.org/wikipedia/commons/thumb/b/be/Naturalis_Biodiversity_Center_-_ZMA.MOLL.28453_-_Ceratostoma_rorifluum_%28Adams_%26_Reeve%2C_1849%29_-_Muricidae_-_Mollusc_shell.jpeg/960px-Naturalis_Biodiversity_Center_-_ZMA.MOLL.28453_-_Ceratostoma_rorifluum_%28Adams_%26_Reeve%2C_1849%29_-_Muricidae_-_Mollusc_shell.jpeg?utm_source=en.wikipedia.org&utm_campaign=api&utm_content=thumbnail,"Adams &amp; Reeve, 1849",CC0,http://creativecommons.org/publicdomain/zero/1.0/deed.en,"https://en.wikipedia.org/wiki/File:Naturalis_Biodiversity_Center_-_ZMA.MOLL.28453_-_Ceratostoma_rorifluum_(Adams_&_Reeve,_1849)_-_Muricidae_-_Mollusc_shell.jpeg",ok
28328,Ceratovacuna oplismeni,竹叶草粉角蚜,,,,,,,no_image
28341,Cerchysius subplanus,,,,,,,,no_image
132376,Cercospora ageraticola,,,,,,,,no_image
132396,Cercospora angulata,,,,,,,,no_image
132416,Cercospora aurantia,,,,,,,,no_image
132436,Cercospora callae,,,,,,,,no_image
132456,Cercospora chevalieri,,,,,,,,no_image
132476,Cercospora dahliae,,,,,,,,no_image
132496,Cercospora euodiae-rutaecarpae,,,,,,,,no_image
132516,Cercospora golaghati,,,,,,,,no_image
132536,Cercospora ipomoeae,,,,,,,,no_image
132556,Cercospora liquidambaris,,,,,,,,no_image
132576,Cercospora menthicola,,,,,,,,no_image
132596,Cercospora paeoniae,,,,,,,,no_image
132616,Cercospora plantaginis,,,,,,,,no_image
132636,Cercospora ricinella,,,,,,,,no_image
132656,Cercospora siegesbeckiae,,,,,,,,no_image
132676,Cercospora traversiana,,,,,,,,no_image
132696,Cercospora zingiberis,,,,,,,,no_image
28351,Cerdistus manni,曼氏低颜食虫虻,,,,,,,no_image
28369,Ceresium particulare,,,,,,,,no_image
28393,Ceriana chiefengensis,赤峰突角蚜蝇,,,,,,,no_image
150973,Ceriporia excelsa,浅褐蜡卧孔菌,images/00/15/00150973.webp,https://thumb.wikimedia.org/wikipedia/commons/thumb/0/0a/Ceriporia_excelsa_%2838711180742%29.jpg/960px-Ceriporia_excelsa_%2838711180742%29.jpg?utm_source=en.wikipedia.org&utm_campaign=api&utm_content=thumbnail,Björn S...,CC BY-SA 2.0,https://creativecommons.org/licenses/by-sa/2.0,https://en.wikipedia.org/wiki/File:Ceriporia_excelsa_(38711180742).jpg,ok
6293,Cerithidea cingulata,珠带拟蟹守螺,images/00/00/00006293.webp,https://thumb.wikimedia.org/wikipedia/commons/thumb/a/a3/Cerithidea_cingulata_01.JPG/960px-Cerithidea_cingulata_01.JPG?utm_source=en.wikipedia.org&utm_campaign=api&utm_content=thumbnail,H. Zell,CC BY-SA 3.0,https://creativecommons.org/licenses/by-sa/3.0,https://en.wikipedia.org/wiki/File:Cerithidea_cingulata_01.JPG,ok
3298,Cerithium nodulosum,结节蟹守螺,images/00/00/00003298.webp,https://thumb.wikimedia.org/wikipedia/commons/thumb/f/fe/Cerithium_nodulosum_01.jpg/960px-Cerithium_nodulosum_01.jpg?utm_source=en.wikipedia.org&utm_campaign=api&utm_content=thumbnail,H. Zell,CC BY-SA 3.0,https://creativecommons.org/licenses/by-sa/3.0,https://en.wikipedia.org/wiki/File:Cerithium_nodulosum_01.jpg,ok
148116,Cerocorticium molle,莫尔蜡伏革菌,,,,,,,no_image
28427,Cerodontha setariae,狗尾草禾角潜蝇,,,,,,,no_image
92909,Ceropegia kerrii,长节润肺草,,,,,,,no_image
28441,Ceroplastes pseudoceriferus,伪角蜡蚧,,,,,,,no_image
28458,Ceroxys robusta,壮角斑蝇,,,,,,,no_image
28469,Cerylambus fikaceki,,,,,,,,no_image
28480,Cetema shanxiensis,山西中距秆蝇,,,,,,,no_image
135874,Cetraria delavayi,,,,,,,,no_image
135894,Cetraria togashii,,,,,,,,no_image
135909,Cetrelia olivetorum,橄榄斑叶,images/00/13/00135909.webp,https://thumb.wikimedia.org/wikipedia/commons/thumb/9/9f/Cetrelia_olivetorum_%288059365759%29.jpg/960px-Cetrelia_olivetorum_%288059365759%29.jpg?utm_source=en.wikipedia.org&utm_campaign=api&utm_content=thumbnail,Udo Schmidt from Deutschland,CC BY-SA 2.0,https://creativecommons.org/licenses/by-sa/2.0,https://en.wikipedia.org/wiki/File:Cetrelia_olivetorum_(8059365759).jpg,ok
28505,Ceusibia torosa,结实茸足蚤,,,,,,,no_image
131641,Chaenotheca brunneola,淡棕口果粉衣,images/00/13/00131641.webp,https://thumb.wikimedia.org/wikipedia/commons/thumb/1/1c/Chaenotheca_brunneola_14458312.jpg/960px-Chaenotheca_brunneola_14458312.jpg?utm_source=en.wikipedia.org&utm_campaign=api&utm_content=thumbnail,Garrett Taylor,CC0,http://creativecommons.org/publicdomain/zero/1.0/deed.en,https://en.wikipedia.org/wiki/File:Chaenotheca_brunneola_14458312.jpg,ok
134587,Chaenothecopsis heterospora,,,,,,,,no_image
28512,Chaeridiona cupreoviridis,铜绿残铁甲,,,,,,,no_image
142585,Chaetendophragmia triangularia,,,,,,,,no_image
28538,Chaetocladius oyabevenustus,小矢部毛突摇蚊,,,,,,,no_image
74341,Chaetodon guentheri,贡氏蝴蝶鱼,images/00/07/00074341.webp,https://thumb.wikimedia.org/wikipedia/commons/thumb/d/db/ChaetodonGuentheriRLS.jpg/960px-ChaetodonGuentheriRLS.jpg?utm_source=en.wikipedia.org&utm_campaign=api&utm_content=thumbnail,Andrew J. Green / Reef Life Survey,CC BY 3.0,https://creativecommons.org/licenses/by/3.0,https://en.wikipedia.org/wiki/File:ChaetodonGuentheriRLS.jpg,ok
74361,Chaetodon speculum,镜斑蝴蝶鱼,,https://thumb.wikimedia.org/wikipedia/commons/thumb/4/46/Bep_chaetodon_speculum.jpg/960px-Bep_chaetodon_speculum.jpg?utm_source=en.wikipedia.org&utm_campaign=api&utm_content=thumbnail,,,,https://en.wikipedia.org/wiki/Chaetodon_speculum,license_rejected
28549,Chaetogonopteron anae,安氏短跗长足虻,,,,,,,no_image
28569,Chaetogonopteron longum,长角短跗长足虻,,,,,,,no_image
28589,Chaetolauxania sternopleuralis,克氏毛缟蝇,,,,,,,no_image
144414,Chaetomium gangligerum,,,,,,,,no_image
144434,Chaetomium umbonatum,,,,,,,,no_image
28597,Chaetopleurophora asiatica,亚洲毛蚤蝇,,,,,,,no_image
28610,Chaetopsylla trichosa,粗鬃蚤,,,,,,,no_image
141241,Chaetosphaeria hongkongensis,,,,,,,,no_image
134292,Chaetothyrium sawadai,,,,,,,,no_image
138831,Chalara terrestris,,,,,,,,no_image
28652,Chalcocelis albor,白翅姹刺蛾,,,,,,,no_image
12794,Chalcoscirtus yinae,尹氏铜蛛,,,,,,,no_image
12978,Chalcovietnamicus tengchongensis,腾冲铜越蛛,,,,,,,no_image
1492,Chama semipurpurata,半紫猿头蛤,,,,,,,no_image
92977,Chamaegastrodia inverta,川滇叠鞘兰,,,,,,,no_image
28699,Chamaepsila gracilis,细顶茎蝇,,,,,,,no_image
92990,Chamaerhodos trifida,三裂地蔷薇,,,,,,,no_image
93005,Chamerion speciosum,喜马拉雅柳兰,,,,,,,no_image
93010,Changiostyrax dolichocarpus,长果安息香,,,,,,,no_image
2383,Chaperiopsis boninensis,小笠原拟槲苔虫,,,,,,,no_image
28730,Charagochilus longicornis,长角纹唇盲蝽,,,,,,,no_image
8557,Charonia lampas,白法螺,images/00/00/00008557.webp,https://thumb.wikimedia.org/wikipedia/commons/thumb/0/0d/Charonia_lampas_nodifera_20_a.jpg/960px-Charonia_lampas_nodifera_20_a.jpg?utm_source=en.wikipedia.org&utm_campaign=api&utm_content=thumbnail,MerlinCharon,Public domain,,https://en.wikipedia.org/wiki/File:Charonia_lampas_nodifera_20_a.jpg,ok
90,Charybdis feriatus,锈斑蟳,,,,,,,no_image
28768,Chasmina candida,曲缘皙夜蛾,images/00/02/00028768.webp,https://thumb.wikimedia.org/wikipedia/commons/thumb/9/9d/Chasmina_candida_Noctuidae_by_Dr._Raju_Kasambe_DSCN0312_%284%29.jpg/960px-Chasmina_candida_Noctuidae_by_Dr._Raju_Kasambe_DSCN0312_%284%29.jpg?utm_source=en.wikipedia.org&utm_campaign=api&utm_content=thumbnail,Dr. Raju Kasambe,CC BY-SA 4.0,https://creativecommons.org/licenses/by-sa/4.0,https://en.wikipedia.org/wiki/File:Chasmina_candida_Noctuidae_by_Dr._Raju_Kasambe_DSCN0312_(4).jpg,ok
28777,Chazara anthe,花岩眼蝶,,,,,,,no_image
93033,Cheilanthes tibetica,禾秆旱蕨,,,,,,,no_image
74442,Cheilodipterus macrodon,巨牙天竺鲷,,https://upload.wikimedia.org/wikipedia/commons/5/51/Tiger_Cardinalfish.jpg?utm_source=en.wikipedia.org&utm_campaign=api&utm_content=thumbnail_unscaled,{{{1}}},CC BY 2.0,https://creativecommons.org/licenses/by/2.0,https://en.wikipedia.org/wiki/File:Tiger_Cardinalfish.jpg,download_failed
93052,Cheilolejeunea trapezia,粗茎唇鳞苔,,,,,,,no_image
74448,Cheilopogon atrisignis,红斑须唇飞鱼,images/00/07/00074448.webp,https://thumb.wikimedia.org/wikipedia/commons/thumb/7/71/FMIB_41029_Cypsilurus_atrisignis_Jenkins%2C_new_species_Type.jpeg/960px-FMIB_41029_Cypsilurus_atrisignis_Jenkins%2C_new_species_Type.jpeg?utm_source=en.wikipedia.org&utm_campaign=api&utm_content=thumbnail,Oliver Peebles Jenkins,Public domain,,"https://en.wikipedia.org/wiki/File:FMIB_41029_Cypsilurus_atrisignis_Jenkins,_new_species_Type.jpeg",ok
28809,Cheilosia bashanensis,巴山黑蚜蝇,,,,,,,no_image
28829,Cheilosia grummi,丘黑蚜蝇,,,,,,,no_image
28849,Cheilosia mutini,细小条黑蚜蝇,,,,,,,no_image
28869,Cheilosia proxima,等长毛黑蚜蝇,images/00/02/00028869.webp,https://thumb.wikimedia.org/wikipedia/commons/thumb/c/c8/Cheil.proxima.fem.jpg/960px-Cheil.proxima.fem.jpg?utm_source=en.wikipedia.org&utm_campaign=api&utm_content=thumbnail,Sandy Rae,CC BY-SA 3.0,https://creativecommons.org/licenses/by-sa/3.0,https://en.wikipedia.org/wiki/File:Cheil.proxima.fem.jpg,ok
28889,Cheilosia thompsoni,汤普森黑蚜蝇,,,,,,,no_image
28907,Cheilotrichia microdonta,细齿唇大蚊,,,,,,,no_image
140411,Cheilymenia vitellina,蛋黄缘刺盘菌,,,,,,,no_image
12627,Cheiracanthium gobi,戈壁红螯蛛,,,,,,,no_image
12628,Cheiracanthium taegense,不规则红螯蛛,,,,,,,no_image
28917,Cheiropachus mai,马氏四斑金小蜂,,,,,,,no_image
93065,Cheirostylis barbata,流苏叉柱兰,,,,,,,no_image
93089,Cheirostylis tortilacinia,和社叉柱兰,,,,,,,no_image
28930,Chelidonium zaitzevi,,,,,,,,no_image
28940,Chelifera liuae,刘氏裸螳舞虻,,,,,,,no_image
28960,Chelipoda shennongana,神农鬃螳舞虻,,,,,,,no_image
6200,Chelonibia testudinaria,龟藤壶,images/00/00/00006200.webp,https://thumb.wikimedia.org/wikipedia/commons/thumb/b/bc/Chelonibia_testudinaria.jpg/960px-Chelonibia_testudinaria.jpg?utm_source=en.wikipedia.org&utm_campaign=api&utm_content=thumbnail,DinaKuzia,CC BY-SA 4.0,https://creativecommons.org/licenses/by-sa/4.0,https://en.wikipedia.org/wiki/File:Chelonibia_testudinaria.jpg,ok
28973,Chelostoma carinocaudata,脊臀裂爪蜂,,,,,,,no_image
93120,Cheniella didyma,孪叶首冠藤,,,,,,,no_image
93142,Chenopodium berlandieri,麻籽藜,images/00/09/00093142.webp,https://thumb.wikimedia.org/wikipedia/commons/thumb/7/77/Chenopodium_berlandieri_NPS-1.jpg/960px-Chenopodium_berlandieri_NPS-1.jpg?utm_source=en.wikipedia.org&utm_campaign=api&utm_content=thumbnail,Jim Pisarowicz,Public domain,,https://en.wikipedia.org/wiki/File:Chenopodium_berlandieri_NPS-1.jpg,ok
28990,Chersotis albifurca,白叉卡夜蛾,,,,,,,no_image
29001,Chetogena gynaephorae,草毒蛾鬃堤寄蝇,,,,,,,no_image
93169,Chiastocaulon oppositum,对羽苔,,,,,,,no_image
17420,Chicoreus microphyllus,小叶棘螺,images/00/01/00017420.webp,https://thumb.wikimedia.org/wikipedia/commons/thumb/3/36/Chicoreus_microphyllus_%28MNHN-IM-2000-862%29_001.jpeg/960px-Chicoreus_microphyllus_%28MNHN-IM-2000-862%29_001.jpeg?utm_source=en.wikipedia.org&utm_campaign=api&utm_content=thumbnail,Manuel CABALLER,CC BY 4.0,https://creativecommons.org/licenses/by/4.0,https://en.wikipedia.org/wiki/File:Chicoreus_microphyllus_(MNHN-IM-2000-862)_001.jpeg,ok
29033,Chilasa paradoxa,翠蓝斑凤蝶,,https://upload.wikimedia.org/wikipedia/commons/e/e0/PapilioParadoxusBingham.jpg?utm_source=en.wikipedia.org&utm_campaign=api&utm_content=thumbnail_unscaled,C.T. Bingham,Public domain,,https://en.wikipedia.org/wiki/File:PapilioParadoxusBingham.jpg,download_failed
93176,Chiloschista exuperei,白花异型兰,,,,,,,no_image
93192,Chiloscyphus latifolius,双齿裂萼苔,,,,,,,no_image
93211,Chimonanthus campanulatus,西南蜡梅,,,,,,,no_image
93231,Chimonobambusa macrophylla,大叶筇竹,,,,,,,no_image
93255,Chimonobambusa tumidissinoda,筇竹,,https://thumb.wikimedia.org/wikipedia/commons/thumb/b/b8/Qiongzhuea_tumidissinoda_-_Kunming_Botanical_Garden_-_DSC03058.JPG/960px-Qiongzhuea_tumidissinoda_-_Kunming_Botanical_Garden_-_DSC03058.JPG?utm_source=en.wikipedia.org&utm_campaign=api&utm_content=thumbnail,,,,https://en.wikipedia.org/wiki/Chimonobambusa_tumidissinoda,license_rejected
12962,Chinattus furcatus,叉状华蛛,,,,,,,no_image
29061,Chinecallicerus subater,,,,,,,,no_image
131595,Chiodecton butyraceum,,,,,,,,no_image
93287,Chionocharis hookeri,垫紫草,,,,,,,no_image
3206,Chiromantes dehaani,无齿螳臂相手蟹,,https://upload.wikimedia.org/wikipedia/commons/f/fe/Kurobenkeigani_07i0156q.jpg?utm_source=en.wikipedia.org&utm_campaign=api&utm_content=thumbnail_unscaled,ISAKA Yoji ( cory )[ Recent works / Other works ],CC BY-SA 3.0,http://creativecommons.org/licenses/by-sa/3.0/,https://en.wikipedia.org/wiki/File:Kurobenkeigani_07i0156q.jpg,download_failed
29104,Chironomus nipponicus,日本摇蚊,,,,,,,no_image
29123,Chirosia grossicauda,厚尾蕨蝇,images/00/02/00029123.webp,https://thumb.wikimedia.org/wikipedia/commons/thumb/d/db/Chirosia_grossicauda_02.jpg/960px-Chirosia_grossicauda_02.jpg?utm_source=en.wikipedia.org&utm_campaign=api&utm_content=thumbnail,Jowaninpensans,CC BY-SA 4.0,https://creativecommons.org/licenses/by-sa/4.0,https://en.wikipedia.org/wiki/File:Chirosia_grossicauda_02.jpg,ok
93290,Chisocheton cumingianus,马来溪桫,images/00/09/00093290.webp,https://thumb.wikimedia.org/wikipedia/commons/thumb/8/89/Fruits_of_Chisocheton_paniculatus.JPG/960px-Fruits_of_Chisocheton_paniculatus.JPG?utm_source=en.wikipedia.org&utm_campaign=api&utm_content=thumbnail,Nandini Velho,CC BY-SA 3.0,https://creativecommons.org/licenses/by-sa/3.0,https://en.wikipedia.org/wiki/File:Fruits_of_Chisocheton_paniculatus.JPG,ok
134973,Chitonomyces japanensis,,,,,,,,no_image
29145,Chitoria sordida,斜带铠蛱蝶,,https://upload.wikimedia.org/wikipedia/commons/5/59/ChitoriaSordidaSeitz.jpg?utm_source=en.wikipedia.org&utm_campaign=api&utm_content=thumbnail_unscaled,Adalbert Seitz (ed). Artist unknown,Public domain,,https://en.wikipedia.org/wiki/File:ChitoriaSordidaSeitz.jpg,download_failed
93298,Chloranthus fortunei,丝穗金粟兰,,,,,,,no_image
29158,Chloridolum cinnyris,,,,,,,,no_image
29180,Chloridolum scutellatum,,,,,,,,no_image
74509,Chloris ambigua,黑头金翅雀,,https://upload.wikimedia.org/wikipedia/commons/0/0c/Chloris_ambigua%2C_captive.jpg?utm_source=en.wikipedia.org&utm_campaign=api&utm_content=thumbnail_unscaled,Esmetanin,CC BY-SA 4.0,https://creativecommons.org/licenses/by-sa/4.0,"https://en.wikipedia.org/wiki/File:Chloris_ambigua,_captive.jpg",download_failed
137808,Chlorociboria aeruginosa,铜绿绿杯盘菌,images/00/13/00137808.webp,https://thumb.wikimedia.org/wikipedia/commons/thumb/6/64/Chlorociboria_aeruginosa_%28Oeder%29_Seaver_ex_C.S._Ramamurthi%2C_Korf_%26_L.R._Batra_435438.jpg/960px-Chlorociboria_aeruginosa_%28Oeder%29_Seaver_ex_C.S._Ramamurthi%2C_Korf_%26_L.R._Batra_435438.jpg?utm_source=en.wikipedia.org&utm_campaign=api&utm_content=thumbnail,"This image was created by user Sava Krstic (sava) at Mushroom Observer, a source for mycological images.You can contact this user here.",CC BY-SA 3.0,https://creativecommons.org/licenses/by-sa/3.0,"https://en.wikipedia.org/wiki/File:Chlorociboria_aeruginosa_(Oeder)_Seaver_ex_C.S._Ramamurthi,_Korf_&_L.R._Batra_435438.jpg",ok
93325,Chlorodesmis sinensis,中华绿毛藻,,,,,,,no_image
29237,Chlorogomphus kitawakii,长腹裂唇蜓,,,,,,,no_image
29259,Chlorophorus annularoides,,,,,,,,no_image
29280,Chlorophorus figuratus,,images/00/02/00029280.webp,https://thumb.wikimedia.org/wikipedia/commons/thumb/b/b7/Cerambycidae_-_Chlorophorus_figuratus.JPG/960px-Cerambycidae_-_Chlorophorus_figuratus.JPG?utm_source=en.wikipedia.org&utm_campaign=api&utm_content=thumbnail,Hectonichus,CC BY-SA 4.0,https://creativecommons.org/licenses/by-sa/4.0,https://en.wikipedia.org/wiki/File:Cerambycidae_-_Chlorophorus_figuratus.JPG,ok
29301,Chlorophorus miwai,,,,,,,,no_image
29321,Chlorophorus simillimus,,,,,,,,no_image
145161,Chlorophyllum agaricoides,陀螺青褶伞,images/00/14/00145161.webp,https://thumb.wikimedia.org/wikipedia/commons/thumb/e/e1/Chlorophyllum_agaricoides_%28Denver_Botanic_Gardens_Herbarium_of_Fungi%29.png/960px-Chlorophyllum_agaricoides_%28Denver_Botanic_Gardens_Herbarium_of_Fungi%29.png?utm_source=en.wikipedia.org&utm_campaign=api&utm_content=thumbnail,Jan Wingate,CC0,http://creativecommons.org/publicdomain/zero/1.0/deed.en,https://en.wikipedia.org/wiki/File:Chlorophyllum_agaricoides_(Denver_Botanic_Gardens_Herbarium_of_Fungi).png,ok
29343,Chlorops extraneus,黑芒秆蝇,,,,,,,no_image
29363,Chlorops oralis,黑缘秆蝇,,,,,,,no_image
74529,Chloropsis hardwickii,西南橙腹叶鹎,images/00/07/00074529.webp,https://thumb.wikimedia.org/wikipedia/commons/thumb/e/e8/Orange-bellied_Leafbird_%2825901270754%29.jpg/960px-Orange-bellied_Leafbird_%2825901270754%29.jpg?utm_source=en.wikipedia.org&utm_campaign=api&utm_content=thumbnail,"Koshy Koshy from Faridabad, Haryana, India",CC BY 2.0,https://creativecommons.org/licenses/by/2.0,https://en.wikipedia.org/wiki/File:Orange-bellied_Leafbird_(25901270754).jpg,ok
137832,Chlorosplenium fusisporum,梭孢绿盘菌,,,,,,,no_image
155884,Choanephora conjuncta,,,,,,,,no_image
74550,Chodsigoa sodalis,细尾缺齿鼩,,https://upload.wikimedia.org/wikipedia/commons/1/1c/Lesser_Taiwanese_Shrew_area.png?utm_source=en.wikipedia.org&utm_campaign=api&utm_content=thumbnail_unscaled,Chermundy,CC BY-SA 3.0,https://creativecommons.org/licenses/by-sa/3.0,https://en.wikipedia.org/wiki/File:Lesser_Taiwanese_Shrew_area.png,download_failed
140905,Choiromyces terfezioides,,,,,,,,no_image
93345,Chondrilla ambigua,沙地粉苞菊,,,,,,,no_image
93364,Chonemorpha fragrans,大叶鹿角藤,,https://thumb.wikimedia.org/wikipedia/commons/thumb/b/bc/Chonemorpha_fragrans%2C_bloeiwyse%2C_Manie_van_der_Schijff_BT%2C_c.jpg/960px-Chonemorpha_fragrans%2C_bloeiwyse%2C_Manie_van_der_Schijff_BT%2C_c.jpg?utm_source=en.wikipedia.org&utm_campaign=api&utm_content=thumbnail,,,,https://en.wikipedia.org/wiki/Chonemorpha_fragrans,license_rejected
29423,Chorisops striata,条斑离眼水虻,,,,,,,no_image
11152,Chorizopes albus,白壮头蛛,,,,,,,no_image
29436,Chorthippus albomarginatus,白边雏蝗,images/00/02/00029436.webp,https://thumb.wikimedia.org/wikipedia/commons/thumb/a/ac/Chorthippus_albomarginatus_m1.JPG/960px-Chorthippus_albomarginatus_m1.JPG?utm_source=en.wikipedia.org&utm_campaign=api&utm_content=thumbnail,Aiwok,CC BY-SA 3.0,https://creativecommons.org/licenses/by-sa/3.0,https://en.wikipedia.org/wiki/File:Chorthippus_albomarginatus_m1.JPG,ok
29458,Chorthippus deqinensis,德钦雏蝗,,,,,,,no_image
29478,Chorthippus latipennis,侧翅雏蝗,,,,,,,no_image
29498,Chorthippus rufiremurus,红股雏蝗,,,,,,,no_image
29518,Chrioloba cinerea,灰隐叶尺蛾,,,,,,,no_image
74570,Chroicocephalus genei,细嘴鸥,images/00/07/00074570.webp,https://thumb.wikimedia.org/wikipedia/commons/thumb/7/7b/Slender-billed_gull_%28Chroicocephalus_genei%29_Bahrain.jpg/960px-Slender-billed_gull_%28Chroicocephalus_genei%29_Bahrain.jpg?utm_source=en.wikipedia.org&utm_campaign=api&utm_content=thumbnail,Charles J. Sharp,CC BY-SA 4.0,https://creativecommons.org/licenses/by-sa/4.0,https://en.wikipedia.org/wiki/File:Slender-billed_gull_(Chroicocephalus_genei)_Bahrain.jpg,ok
74575,Chromis alleni,艾伦光鳃鱼,,,,,,,no_image
74595,Chromis retrofasciata,黑带光鳃鱼,images/00/07/00074595.webp,https://thumb.wikimedia.org/wikipedia/commons/thumb/c/c0/Blackbar_chromis_%28Chromis_retrofasciata%29.jpg/960px-Blackbar_chromis_%28Chromis_retrofasciata%29.jpg?utm_source=en.wikipedia.org&utm_campaign=api&utm_content=thumbnail,Rickard Zerpe,CC BY 2.0,https://creativecommons.org/licenses/by/2.0,https://en.wikipedia.org/wiki/File:Blackbar_chromis_(Chromis_retrofasciata).jpg,ok
149428,Chroogomphus ochraceus,松乳牛肝菌,images/00/14/00149428.webp,https://thumb.wikimedia.org/wikipedia/commons/thumb/6/6e/Chroogomphus_ochraceus_%2832044787992%29.jpg/960px-Chroogomphus_ochraceus_%2832044787992%29.jpg?utm_source=en.wikipedia.org&utm_campaign=api&utm_content=thumbnail,"Dick Culbert from Gibsons, B.C., Canada",CC BY 2.0,https://creativecommons.org/licenses/by/2.0,https://en.wikipedia.org/wiki/File:Chroogomphus_ochraceus_(32044787992).jpg,ok
29536,Chrysacris liaoningensis,辽宁金色蝗,,,,,,,no_image
93407,Chrysanthemum indicum,野菊,images/00/09/00093407.webp,https://thumb.wikimedia.org/wikipedia/commons/thumb/d/d6/Chrysanthemum_indicum1.jpg/960px-Chrysanthemum_indicum1.jpg?utm_source=en.wikipedia.org&utm_campaign=api&utm_content=thumbnail,KENPEI,CC BY-SA 3.0,http://creativecommons.org/licenses/by-sa/3.0/,https://en.wikipedia.org/wiki/File:Chrysanthemum_indicum1.jpg,ok
74604,Chrysiptera brownriggii,勃氏金翅雀鲷,,https://upload.wikimedia.org/wikipedia/commons/e/e4/Chrysiptera_brownriggii_%28Bennett%2C_1828%29.jpg?utm_source=en.wikipedia.org&utm_campaign=api&utm_content=thumbnail_unscaled,BEDO (Thailand),CC BY-SA 4.0,https://creativecommons.org/licenses/by-sa/4.0,"https://en.wikipedia.org/wiki/File:Chrysiptera_brownriggii_(Bennett,_1828).jpg",download_failed
29558,Chrysochus brevefasciatus,短纹萝藦肖叶甲,,,,,,,no_image
29567,Chrysolampra longitarsis,长跗亮肖叶甲,,,,,,,no_image
29592,Chrysolina boreosinica,华北金叶甲,,,,,,,no_image
29613,Chrysolina fricata,尖角金叶甲,,,,,,,no_image
29635,Chrysolina kozlovi,客氏金叶甲,,,,,,,no_image
29655,Chrysolina nigrovittata,黑带金叶甲,,,,,,,no_image
29676,Chrysolina sicieni,彩金叶甲,,,,,,,no_image
29696,Chrysomela alticola,高原叶甲,,,,,,,no_image
29712,Chrysomya phaonis,广额金蝇,,,,,,,no_image
153076,Chrysomyxa succinea,琥珀金锈菌,,,,,,,no_image
29732,Chrysopa feana,红缘草蛉,,,,,,,no_image
29752,Chrysopa strumata,突瘤草蛉,,,,,,,no_image
29772,Chrysoperla thelephora,突通草蛉,,,,,,,no_image
29787,Chrysopidia xiangana,湘三阶草蛉,,,,,,,no_image
29807,Chrysopilus mojiangensis,墨江金鹬虻,,,,,,,no_image
29827,Chrysopilus xizangensis,西藏金鹬虻,,,,,,,no_image
29842,Chrysops flaviscutellatus,黄胸斑虻,,,,,,,no_image
29862,Chrysops tarimi,塔里木斑虻,,,,,,,no_image
29882,Chrysosoma dashahensis,大沙河金长足虻,,,,,,,no_image
29902,Chrysosoma serratum,细齿金长足虻,,,,,,,no_image
93445,Chrysosplenium carnosum,肉质金腰,,,,,,,no_image
93476,Chrysosplenium lixianense,理县金腰,,,,,,,no_image
134638,Chrysosporium lucknowense,,,,,,,,no_image
29927,Chrysotimus digitatus,指突黄鬃长足虻,,,,,,,no_image
29947,Chrysotimus xuae,徐氏黄鬃长足虻,,,,,,,no_image
29967,Chrysotoxum grande,大长角蚜蝇,,,,,,,no_image
29987,Chrysotoxum similifestivum,拟黄股长角蚜蝇,,,,,,,no_image
30007,Chrysotus chinensis,中华小异长足虻,,,,,,,no_image
30027,Chrysotus largipalpus,巨须小异长足虻,,,,,,,no_image
30047,Chrysotus subguanlingus,近关岭小异长足虻,,,,,,,no_image
30074,Chrysozephyrus scintillans,闪光金灰蝶,,,,,,,no_image
11590,Chrysso subrapula,副多色丽蛛,,,,,,,no_image
30080,Chudania delecta,印度消室叶蝉,,,,,,,no_image
93504,Chuniophoenix humilis,矮琼棕,,,,,,,no_image
30113,Chyliza limpidipennis,明翅绒茎蝇,,,,,,,no_image
30133,Chymomyza procnemis,白斑吸汁果蝇,,,,,,,no_image
138934,Ciboria ciliatospora,,,,,,,,no_image
30141,Cibotogaster auricollis,金领箱腹水虻,,,,,,,no_image
11992,Cicurina calyciforma,萼洞叶蛛,,,,,,,no_image
30148,Cidariplura brevivittalis,双带胸须夜蛾,,,,,,,no_image
30167,Ciinocentrus politus,光头横纹茧蜂,,,,,,,no_image
8479,Cilicaea crassicaudata,厚尾粗毛水虱,,,,,,,no_image
30183,Cimicicapsus parviceps,小头环盲蝽,,,,,,,no_image
30191,Cingola ceratodicrata,叉角绕瘿蚊,,,,,,,no_image
93548,Cinnamomum kwangtungense,红辣槁树,,,,,,,no_image
74648,Cinnyris jugularis,黄腹花蜜鸟,images/00/07/00074648.webp,https://thumb.wikimedia.org/wikipedia/commons/thumb/3/3c/Olive-backed_Sunbird_male%2C_Misamis_Oriental%2C_Philippines_1.jpg/960px-Olive-backed_Sunbird_male%2C_Misamis_Oriental%2C_Philippines_1.jpg?utm_source=en.wikipedia.org&utm_campaign=api&utm_content=thumbnail,Domzjuniorwildlife,CC BY-SA 4.0,https://creativecommons.org/licenses/by-sa/4.0,"https://en.wikipedia.org/wiki/File:Olive-backed_Sunbird_male,_Misamis_Oriental,_Philippines_1.jpg",ok
154939,Cintractia peribebuyensis,,,,,,,,no_image
93586,Circaeaster agrestis,星叶草,images/00/09/00093586.webp,https://thumb.wikimedia.org/wikipedia/commons/thumb/f/fc/Circaeaster_agrestis_7_Yunnan%2C_China_Photo_Magnus_Lid%C3%A9n.jpg/960px-Circaeaster_agrestis_7_Yunnan%2C_China_Photo_Magnus_Lid%C3%A9n.jpg?utm_source=en.wikipedia.org&utm_campaign=api&utm_content=thumbnail,"http://angio.bergianska.se/Bilder/Ranunculales/Circaeasteraceae/Circaeaster/Circaeaster%20agrestis%207%20Yunnan,%20China%20Photo:%20Magnus%20Lid%C3%A9n.jpg",CC BY-SA 4.0,https://creativecommons.org/licenses/by-sa/4.0,"https://en.wikipedia.org/wiki/File:Circaeaster_agrestis_7_Yunnan,_China_Photo_Magnus_Lidén.jpg",ok
2685,Circlotoma transculpta,横突圆盘螺,,,,,,,no_image
144194,Cirrenalia nigrospora,,,,,,,,no_image
74675,Cirrhitus pinnulatus,翼[鱼翁],images/00/07/00074675.webp,https://thumb.wikimedia.org/wikipedia/commons/thumb/b/bd/Stocky_hawkfish_Sri_Lanka.jpg/960px-Stocky_hawkfish_Sri_Lanka.jpg?utm_source=en.wikipedia.org&utm_campaign=api&utm_content=thumbnail,Theo Modder,CC BY 3.0,https://creativecommons.org/licenses/by/3.0,https://en.wikipedia.org/wiki/File:Stocky_hawkfish_Sri_Lanka.jpg,ok
74687,Cirripectes quagga,斑穗肩鳚,,,,,,,no_image
93596,Cirsium arvense,丝路蓟,images/00/09/00093596.webp,https://thumb.wikimedia.org/wikipedia/commons/thumb/1/1f/Cirsium_arvense_with_Bees_Richard_Bartz.jpg/960px-Cirsium_arvense_with_Bees_Richard_Bartz.jpg?utm_source=en.wikipedia.org&utm_campaign=api&utm_content=thumbnail,"Richard Bartz, Munich aka Makro Freak",CC BY-SA 2.5,https://creativecommons.org/licenses/by-sa/2.5,https://en.wikipedia.org/wiki/File:Cirsium_arvense_with_Bees_Richard_Bartz.jpg,ok
93621,Cirsium leducii,覆瓦蓟,,,,,,,no_image
93641,Cirsium sieboldii,日本烟管蓟,,,,,,,no_image
74691,Cissa hypoleuca,黄胸绿鹊,images/00/07/00074691.webp,https://thumb.wikimedia.org/wikipedia/commons/thumb/1/10/Indochinese_Green-Magpie_%28ssp._hypoleuca%29_0A2A5802.jpg/960px-Indochinese_Green-Magpie_%28ssp._hypoleuca%29_0A2A5802.jpg?utm_source=en.wikipedia.org&utm_campaign=api&utm_content=thumbnail,JJ Harrison,CC BY-SA 4.0,https://creativecommons.org/licenses/by-sa/4.0,https://en.wikipedia.org/wiki/File:Indochinese_Green-Magpie_(ssp._hypoleuca)_0A2A5802.jpg,ok
93677,Cissus repens,白粉藤,images/00/09/00093677.webp,https://thumb.wikimedia.org/wikipedia/commons/thumb/0/0f/Cissus_repens.jpg/960px-Cissus_repens.jpg?utm_source=en.wikipedia.org&utm_campaign=api&utm_content=thumbnail,呂一起(Lu i-chi),CC BY 4.0,https://creativecommons.org/licenses/by/4.0,https://en.wikipedia.org/wiki/File:Cissus_repens.jpg,ok
30217,Citellophilus trispinus,三鬃黄鼠蚤,,,,,,,no_image
93695,Citrus daoxianensis,道县野橘,,,,,,,no_image
30237,Claassenia radiata,黑亮锤(虫责),,,,,,,no_image
135511,Cladina pseudoevansii,拟雀鹿蕊,,,,,,,no_image
135516,Cladonia acuminata,尖石蕊,,,,,,,no_image
135536,Cladonia confusa,,images/00/13/00135536.webp,https://thumb.wikimedia.org/wikipedia/commons/thumb/3/38/Cladonia_confusa_-_Richard_Littauer_-_465851841.jpeg/960px-Cladonia_confusa_-_Richard_Littauer_-_465851841.jpeg?utm_source=en.wikipedia.org&utm_campaign=api&utm_content=thumbnail,Richard Littauer,CC BY 4.0,https://creativecommons.org/licenses/by/4.0,https://en.wikipedia.org/wiki/File:Cladonia_confusa_-_Richard_Littauer_-_465851841.jpeg,ok
135556,Cladonia fenestralis,繁鳞石蕊,,,,,,,no_image
135576,Cladonia libifera,带饼石蕊,,,,,,,no_image
135596,Cladonia parasitica,寄生石蕊,,https://upload.wikimedia.org/wikipedia/commons/2/25/Cladonia_parasitica-2.jpg?utm_source=en.wikipedia.org&utm_campaign=api&utm_content=thumbnail_unscaled,Ed Uebel,CC BY-SA 3.0,http://creativecommons.org/licenses/by-sa/3.0/,https://en.wikipedia.org/wiki/File:Cladonia_parasitica-2.jpg,download_failed
135616,Cladonia sinensis,中华石蕊,,,,,,,no_image
135636,Cladonia verticillata,多层石蕊,,,,,,,no_image
93723,Cladophora gracilis,细弱刚毛藻,,,,,,,no_image
93742,Cladopus austrosinensis,华南飞瀑草,,,,,,,no_image
132147,Cladosporium astroideum,,,,,,,,no_image
132167,Cladosporium densum,,,,,,,,no_image
132187,Cladosporium hibisci,,,,,,,,no_image
132207,Cladosporium nodulosum,,,,,,,,no_image
132227,Cladosporium sambuci,,,,,,,,no_image
132247,Cladosporium variabile,,,,,,,,no_image
30261,Cladotanytarsus yunnanensis,云南枝长跗摇蚊,,,,,,,no_image
4527,Clanculus margaritarius,镶珠隐螺,,https://upload.wikimedia.org/wikipedia/commons/f/f6/Clanculus_margaritarius_001.jpg?utm_source=en.wikipedia.org&utm_campaign=api&utm_content=thumbnail_unscaled,H. Pilsbry,Public domain,,https://en.wikipedia.org/wiki/File:Clanculus_margaritarius_001.jpg,download_failed
93763,Claoxylon khasianum,膜叶白桐树,,,,,,,no_image
30285,Claspettomyia serrata,锯齿钩瘿蚊,,,,,,,no_image
5819,Claudiconcha japonica,日本闭壳蛤,,,,,,,no_image
396,Clausinella calophylla,美叶雪蛤,,,,,,,no_image
145639,Clavaria botrytis,,,,,,,,no_image
145659,Clavaria kunzei,小白珊瑚菌,images/00/14/00145659.webp,https://thumb.wikimedia.org/wikipedia/commons/thumb/5/5a/Ramariopsis_kunzei_Kaldari_01.jpg/960px-Ramariopsis_kunzei_Kaldari_01.jpg?utm_source=en.wikipedia.org&utm_campaign=api&utm_content=thumbnail,Ryan Kaldari,Public domain,,https://en.wikipedia.org/wiki/File:Ramariopsis_kunzei_Kaldari_01.jpg,ok
145679,Clavaria rufescens,皱珊瑚菌,,,,,,,no_image
149912,Clavariadelphus yunnanensis,,,,,,,,no_image
149730,Clavulina amethystina,晶紫锁瑚菌,,https://upload.wikimedia.org/wikipedia/commons/9/9c/2007-08-04_Clavulina_amethystina_1010103377.jpg?utm_source=en.wikipedia.org&utm_campaign=api&utm_content=thumbnail_unscaled,Jason Hollinger,CC BY 2.0,https://creativecommons.org/licenses/by/2.0,https://en.wikipedia.org/wiki/File:2007-08-04_Clavulina_amethystina_1010103377.jpg,download_failed
145700,Clavulinopsis flavella,黄色拟锁瑚菌,,,,,,,no_image
4392,Clavus clarus,光亮棒螺,,,,,,,no_image
93800,Cleisostoma hainanense,海南隔距兰,,,,,,,no_image
93822,Cleistanthus macrophyllus,大叶闭花木,,,,,,,no_image
93843,Cleistogenes squarrosa,糙隐子草,,,,,,,no_image
93872,Clematis cadmia,短柱铁线莲,,,,,,,no_image
93903,Clematis dingjunshanica,定军山铁线莲,,,,,,,no_image
93938,Clematis gulinensis,古蔺铁线莲,,,,,,,no_image
93965,Clematis kirilowii,太行铁线莲,,,,,,,no_image
93990,Clematis menglaensis,勐腊铁线莲,,,,,,,no_image
94034,Clematis peterae,钝萼铁线莲,,,,,,,no_image
94068,Clematis shensiensis,陕西铁线莲,,,,,,,no_image
94110,Clematis tsugetorum,台中铁线莲,,,,,,,no_image
94135,Clematoclethra scandens,藤山柳,,,,,,,no_image
30311,Cleonymus laticornis,长体短颊金小蜂,,,,,,,no_image
30330,Clepsis leptograpta,波密双斜卷蛾,,,,,,,no_image
94151,Clerodendrum confine,川黔大青,,,,,,,no_image
94173,Clerodendrum serratum,,,,,,,,no_image
94197,Clevea pusilla,小克氏苔,,,,,,,no_image
5263,Clibanarius japonicus,日本细螯寄居蟹,,,,,,,no_image
94220,Climacoptera subcrassa,粗枝梯翅蓬,,,,,,,no_image
94229,Clinopodium gracile,细风轮菜,images/00/09/00094229.webp,https://thumb.wikimedia.org/wikipedia/commons/thumb/9/92/Clinopodium_gracile_391570012.jpg/960px-Clinopodium_gracile_391570012.jpg?utm_source=en.wikipedia.org&utm_campaign=api&utm_content=thumbnail,Alex Abair,CC BY 4.0,https://creativecommons.org/licenses/by/4.0,https://en.wikipedia.org/wiki/File:Clinopodium_gracile_391570012.jpg,ok
30367,Clinotanypus sugiyamai,杉氏菱跗摇蚊,,,,,,,no_image
30382,Clitellaria kunmingana,昆明鞍腹水虻,,,,,,,no_image
142607,Clitocybe alexandri,亚历山大杯伞,images/00/14/00142607.webp,https://thumb.wikimedia.org/wikipedia/commons/thumb/7/76/Clitocybe_alexandrii.jpg/960px-Clitocybe_alexandrii.jpg?utm_source=en.wikipedia.org&utm_campaign=api&utm_content=thumbnail,Pau Cabot,CC BY-SA 3.0,http://creativecommons.org/licenses/by-sa/3.0/,https://en.wikipedia.org/wiki/File:Clitocybe_alexandrii.jpg,ok
142627,Clitocybe costata,,,,,,,,no_image
142647,Clitocybe fuligineipes,,,,,,,,no_image
142667,Clitocybe irina,肉色香蘑,,,,,,,no_image
142687,Clitocybe pithyophila,,,,,,,,no_image
142707,Clitocybe sublutea,亚黄杯伞,,,,,,,no_image
146064,Clitopilopsis hirneola,,,,,,,,no_image
94244,Clitoria mariana,三叶蝶豆,images/00/09/00094244.webp,https://thumb.wikimedia.org/wikipedia/commons/thumb/a/a5/Clitoria_Mariana_-_Atlantic_Pigeon_Wings.jpg/960px-Clitoria_Mariana_-_Atlantic_Pigeon_Wings.jpg?utm_source=en.wikipedia.org&utm_campaign=api&utm_content=thumbnail,Fritzflohrreynolds,CC BY-SA 3.0,https://creativecommons.org/licenses/by-sa/3.0,https://en.wikipedia.org/wiki/File:Clitoria_Mariana_-_Atlantic_Pigeon_Wings.jpg,ok
919,Cloridina chlorida,小绿虾蛄,,,,,,,no_image
30414,Clostera obscurior,中亚扇舟蛾,,,,,,,no_image
13979,Clubiona baishishan,白石山管巢蛛,,,,,,,no_image
13928,Clubiona coreana,韩国管巢蛛,,,,,,,no_image
13975,Clubiona gongi,龚氏管巢蛛,,,,,,,no_image
13908,Clubiona kai,卵管巢蛛,,,,,,,no_image
14008,Clubiona milingae,米琳管巢蛛,,,,,,,no_image
14019,Clubiona qini,钦氏管巢蛛,,,,,,,no_image
13921,Clubiona tengchong,腾冲管巢蛛,,,,,,,no_image
13906,Clubiona zhangmuensis,樟木管巢蛛,,,,,,,no_image
3293,Clypeomorus petrosa,粒楯桑葚螺,,,,,,,no_image
8014,Clytia paulensis,保罗美螅,,,,,,,no_image
30448,Clytus larvatus,,,,,,,,no_image
94250,Cnesmone tonkinensis,灰岩粗毛藤,,,,,,,no_image
30482,Cnipsomorpha maoershanensis,猫儿山拟刺䗛,,,,,,,no_image
74724,Cobitis macrostigma,大斑花鳅,,,,,,,no_image
137077,Coccocarpia palmicola,粗瓦衣,,,,,,,no_image
139150,Coccomyces keteleeriae,油杉齿裂菌,,,,,,,no_image
74733,Coccorella atrata,阿氏谷口鱼,,https://upload.wikimedia.org/wikipedia/commons/7/77/Coccorella_atrata.png?utm_source=en.wikipedia.org&utm_campaign=api&utm_content=thumbnail_unscaled,A. Brauer,Public domain,,https://en.wikipedia.org/wiki/File:Coccorella_atrata.png,download_failed
30513,Coccygidium nigra,黑足褐径茧蜂,,,,,,,no_image
30523,Cochylis hybridella,黑顶纹卷蛾,images/00/03/00030523.webp,https://thumb.wikimedia.org/wikipedia/commons/thumb/5/56/Tortricidae_-_Cochylis_hybridella.jpg/960px-Tortricidae_-_Cochylis_hybridella.jpg?utm_source=en.wikipedia.org&utm_campaign=api&utm_content=thumbnail,Hectonichus,CC BY-SA 3.0,https://creativecommons.org/licenses/by-sa/3.0,https://en.wikipedia.org/wiki/File:Tortricidae_-_Cochylis_hybridella.jpg,ok
94277,Codium barbatum,髯毛松藻,,,,,,,no_image
94298,Codonacanthus pauciflorus,钟花草,images/00/09/00094298.webp,https://thumb.wikimedia.org/wikipedia/commons/thumb/b/b6/Codonacanthus_pauciflorus_in_Banna_Park%2C_Ishigaki%2C_Okinawa.jpg/960px-Codonacanthus_pauciflorus_in_Banna_Park%2C_Ishigaki%2C_Okinawa.jpg?utm_source=en.wikipedia.org&utm_campaign=api&utm_content=thumbnail,M108t,CC BY 4.0,https://creativecommons.org/licenses/by/4.0,"https://en.wikipedia.org/wiki/File:Codonacanthus_pauciflorus_in_Banna_Park,_Ishigaki,_Okinawa.jpg",ok
94322,Codonopsis gracilis,细钟花,,,,,,,no_image
94349,Codonopsis viridiflora,绿花党参,,,,,,,no_image
30543,Codrus rugulosus,满皱肿额细蜂,,,,,,,no_image
19042,Coecobrya islandica,,,,,,,,no_image
30557,Coeliccia galbina,黄绿长腹扇蟌,,,,,,,no_image
30577,Coelioxys brevicaudata,短尾尖腹蜂,,,,,,,no_image
30597,Coelioxys pieliana,宽颚尖腹蜂,,,,,,,no_image
30617,Coelocnemodes aspericollis,粗糙乾琵甲,,,,,,,no_image
94370,Coelogyne malipoensis,麻栗坡贝母兰,,,,,,,no_image
3120,Coelomactra antiquata,西施舌,,,,,,,no_image
74745,Coelorinchus argentatus,银腔吻鳕,,,,,,,no_image
74765,Coelorinchus macrorhynchus,大吻腔吻鳕,,,,,,,no_image
12175,Coelotes chenzhou,郴州隙蛛,,,,,,,no_image
12234,Coelotes maculatus,斑点隙蛛,,,,,,,no_image
12182,Coelotes tegenarioides,隅类隙蛛,,,,,,,no_image
30637,Coenagrion holdereri,叶纹蟌,,,,,,,no_image
136773,Coenogonium luteum,金黄绒衣,,,,,,,no_image
30654,Coenonica formosae,,,,,,,,no_image
30676,Coenonympha arcania,隐藏珍眼蝶,images/00/03/00030676.webp,https://thumb.wikimedia.org/wikipedia/commons/thumb/a/a0/Coenonympha_arcania_LC0349.jpg/960px-Coenonympha_arcania_LC0349.jpg?utm_source=en.wikipedia.org&utm_campaign=api&utm_content=thumbnail,Jörg Hempel,CC BY-SA 3.0 de,https://creativecommons.org/licenses/by-sa/3.0/de/deed.en,https://en.wikipedia.org/wiki/File:Coenonympha_arcania_LC0349.jpg,ok
30702,Coenosia appendimembrana,附膜秽蝇,,,,,,,no_image
30723,Coenosia copulatusa,交秽蝇,,,,,,,no_image
30743,Coenosia flavipes,黄足秽蝇,,,,,,,no_image
30763,Coenosia longicrina,长缨秽蝇,,,,,,,no_image
30783,Coenosia parallelosa,并秽蝇,,,,,,,no_image
30803,Coenosia sponsa,束秽蝇,,,,,,,no_image
30824,Coenosia yulongxueshanensis,玉龙雪山秽蝇,,,,,,,no_image
94394,Coffea liberica,大粒咖啡,images/00/09/00094394.webp,https://thumb.wikimedia.org/wikipedia/commons/thumb/4/40/Coffee_tree_chary.jpg/960px-Coffee_tree_chary.jpg?utm_source=en.wikipedia.org&utm_campaign=api&utm_content=thumbnail,DXLINH,CC BY-SA 3.0,https://creativecommons.org/licenses/by-sa/3.0,https://en.wikipedia.org/wiki/File:Coffee_tree_chary.jpg,ok
30852,Colaspoides crassifemur,粗腿沟臀肖叶甲,,,,,,,no_image
30872,Colasposoma dauricum,甘薯肖叶甲,,https://upload.wikimedia.org/wikipedia/commons/f/fc/Colasposoma_dauricum_87990012.jpg?utm_source=en.wikipedia.org&utm_campaign=api&utm_content=thumbnail_unscaled,들꽃ㅅr랑,CC BY 4.0,https://creativecommons.org/licenses/by/4.0,https://en.wikipedia.org/wiki/File:Colasposoma_dauricum_87990012.jpg,download_failed
153465,Coleopucciniella simplex,,,,,,,,no_image
153097,Coleosporium complanatum,长叶松鞘锈菌,,,,,,,no_image
153117,Coleosporium lonicerae,忍冬鞘锈,,,,,,,no_image
153137,Coleosporium pulsatillae,白头翁鞘锈菌,,,,,,,no_image
153157,Coleosporium xanthoxyli,花椒鞘锈,,,,,,,no_image
30899,Colias chrysotheme,镏金豆粉蝶,images/00/03/00030899.webp,https://thumb.wikimedia.org/wikipedia/commons/thumb/2/28/%28MHNT%29_Colias_chrysotheme_chrysotheme_-_%C3%89rd_Hongrie_-_male.jpg/960px-%28MHNT%29_Colias_chrysotheme_chrysotheme_-_%C3%89rd_Hongrie_-_male.jpg?utm_source=en.wikipedia.org&utm_campaign=api&utm_content=thumbnail,Didier Descouens,CC BY-SA 4.0,https://creativecommons.org/licenses/by-sa/4.0,https://en.wikipedia.org/wiki/File:(MHNT)_Colias_chrysotheme_chrysotheme_-_Érd_Hongrie_-_male.jpg,ok
30949,Colias sifanica,西番豆粉蝶,images/00/03/00030949.webp,https://thumb.wikimedia.org/wikipedia/commons/thumb/2/29/Macrolepidoptera01seitz_0057.jpg/960px-Macrolepidoptera01seitz_0057.jpg?utm_source=en.wikipedia.org&utm_campaign=api&utm_content=thumbnail,Adalbert Seitz,Public domain,,https://en.wikipedia.org/wiki/File:Macrolepidoptera01seitz_0057.jpg,ok
137081,Collema coccophorum,胶衣,images/00/13/00137081.webp,https://thumb.wikimedia.org/wikipedia/commons/thumb/e/e7/Collema_coccophorum_-_Mushroom_Observer.jpg/960px-Collema_coccophorum_-_Mushroom_Observer.jpg?utm_source=en.wikipedia.org&utm_campaign=api&utm_content=thumbnail,"This image was created by user Jason Hollinger (jason) at Mushroom Observer, a source for mycological images.You can contact this user here.",CC BY-SA 3.0,https://creativecommons.org/licenses/by-sa/3.0,https://en.wikipedia.org/wiki/File:Collema_coccophorum_-_Mushroom_Observer.jpg,ok
137101,Collema peregrinum,台湾胶衣,,,,,,,no_image
141565,Colletotrichum acutatum,,images/00/14/00141565.webp,https://thumb.wikimedia.org/wikipedia/commons/thumb/5/55/Colletotrichum_acutatum_1.jpg/960px-Colletotrichum_acutatum_1.jpg?utm_source=en.wikipedia.org&utm_campaign=api&utm_content=thumbnail,"Robert L. Anderson, USDA Forest Service, Bugwood.org",CC BY 3.0,https://creativecommons.org/licenses/by/3.0,https://en.wikipedia.org/wiki/File:Colletotrichum_acutatum_1.jpg,ok
141585,Colletotrichum fioriniae,,,https://upload.wikimedia.org/wikipedia/commons/9/9c/Culture_of_Colletotrichum_fioriniae.jpg?utm_source=en.wikipedia.org&utm_campaign=api&utm_content=thumbnail_unscaled,Pemusa,CC BY-SA 4.0,https://creativecommons.org/licenses/by-sa/4.0,https://en.wikipedia.org/wiki/File:Culture_of_Colletotrichum_fioriniae.jpg,download_failed
141605,Colletotrichum lineola,,,,,,,,no_image
141625,Colletotrichum panacicola,,,,,,,,no_image
141645,Colletotrichum variegatum,,,,,,,,no_image
18122,Collotheca libera,球茎胶鞘轮虫,,,,,,,no_image
148423,Collybia erythropus,赤柄金钱菌,,,,,,,no_image
148443,Collybia nivea,,,,,,,,no_image
148463,Collybia ventricosa,腹鼓状金钱菌,,,,,,,no_image
94435,Colocasia menglaensis,勐腊芋,,,,,,,no_image
94439,Cololejeunea angustifolia,狭叶疣鳞苔,,,,,,,no_image
94459,Cololejeunea haskarliana,密刺硬鳞苔,,,,,,,no_image
94479,Cololejeunea peraffinis,粗疣鳞苔,,,,,,,no_image
94499,Cololejeunea stylosa,副体疣鳞苔,,,,,,,no_image
11262,Colopea lehtineni,莱氏科罗蛛,,,,,,,no_image
30994,Colostygia pendearia,暗旋尺蛾,,,,,,,no_image
150069,Coltricia dependens,,,,,,,,no_image
150089,Coltricia weberiana,,,,,,,,no_image
74803,Columba rupestris,岩鸽,images/00/07/00074803.webp,https://thumb.wikimedia.org/wikipedia/commons/thumb/f/f1/Hill_Pigeon_%28Columba_rupestris%29_-_48728993017.jpg/960px-Hill_Pigeon_%28Columba_rupestris%29_-_48728993017.jpg?utm_source=en.wikipedia.org&utm_campaign=api&utm_content=thumbnail,gilgit2,CC BY-SA 2.0,https://creativecommons.org/licenses/by-sa/2.0,https://en.wikipedia.org/wiki/File:Hill_Pigeon_(Columba_rupestris)_-_48728993017.jpg,ok
94545,Coluria oligocarpa,汶川无尾果,,,,,,,no_image
12516,Comaroma tongjunca,桐君科马蛛,,,,,,,no_image
2885,Comatula solaris,日轮毛头星,,https://upload.wikimedia.org/wikipedia/commons/c/cf/Comatula_pectinata%2C_cirri.jpeg?utm_source=en.wikipedia.org&utm_campaign=api&utm_content=thumbnail_unscaled,Anne Hoggett,CC BY 3.0,https://creativecommons.org/licenses/by/3.0,"https://en.wikipedia.org/wiki/File:Comatula_pectinata,_cirri.jpeg",download_failed
31005,Comibaena decora,丽绿尺蛾,,,,,,,no_image
31027,Comibaena tancrei,双弧绿尺蛾,,,,,,,no_image
31031,Comostola chlorargyra,银亚四目绿尺蛾,images/00/03/00031031.webp,https://thumb.wikimedia.org/wikipedia/commons/thumb/7/7c/Comostola_chlorargyra_261562150.jpg/960px-Comostola_chlorargyra_261562150.jpg?utm_source=en.wikipedia.org&utm_campaign=api&utm_content=thumbnail,portioid,CC BY-SA 4.0,https://creativecommons.org/licenses/by-sa/4.0,https://en.wikipedia.org/wiki/File:Comostola_chlorargyra_261562150.jpg,ok
31053,Comperiella unifasciata,单带巨角跳小蜂,,,,,,,no_image
31068,Compterosmittia nerius,内里毛施密摇蚊,,,,,,,no_image
31086,Concaveplana hamulusa,钩茎凹片叶蝉,,,,,,,no_image
94605,Conchidium pusillum,蛤兰,,,,,,,no_image
31108,Condica illustrata,明点夜蛾,,,,,,,no_image
31126,Condylostylus longicornis,长角毛瘤长足虻,images/00/03/00031126.webp,https://thumb.wikimedia.org/wikipedia/commons/thumb/7/78/Condylostylus_longicornis.jpg/960px-Condylostylus_longicornis.jpg?utm_source=en.wikipedia.org&utm_campaign=api&utm_content=thumbnail,Sanjay Acharya,CC BY-SA 4.0,https://creativecommons.org/licenses/by-sa/4.0,https://en.wikipedia.org/wiki/File:Condylostylus_longicornis.jpg,ok
74810,Congresox talabon,原鹤海鳗,,,,,,,no_image
155326,Conidiobolus coronatus,冠耳霉,images/00/15/00155326.webp,https://thumb.wikimedia.org/wikipedia/commons/thumb/9/95/Conidiobolus_coronatus_%2810.3897-mycokeys.66.46575%29_Figure_4.jpg/960px-Conidiobolus_coronatus_%2810.3897-mycokeys.66.46575%29_Figure_4.jpg?utm_source=en.wikipedia.org&utm_campaign=api&utm_content=thumbnail,"Nie Y, Yu D-S, Wang C-F, Liu X-Y, Huang B (2020) A taxonomic revision of the genus Conidiobolus (Ancylistaceae, Entomophthorales): four clades including three new genera. MycoKeys 66: 55-81. https://doi.org/10.3897/mycokeys.66.46575",CC BY 4.0,https://creativecommons.org/licenses/by/4.0,https://en.wikipedia.org/wiki/File:Conidiobolus_coronatus_(10.3897-mycokeys.66.46575)_Figure_4.jpg,ok
155346,Conidiobolus thromboides,块状耳霉,,,,,,,no_image
31154,Coniocompsa fujianana,福建曲粉蛉,,,,,,,no_image
94622,Coniogramme petelotii,心基凤了蕨,,,,,,,no_image
31166,Coniopteryx aspoecki,阿氏粉蛉,,,,,,,no_image
31186,Coniopteryx unguigonarcuata,爪干粉蛉,,,,,,,no_image
94637,Conioselinum anthriscoides,藁本,images/00/09/00094637.webp,https://thumb.wikimedia.org/wikipedia/commons/thumb/0/09/Ligusticum_sinense_%27Chuanxiong%27_slices.jpg/960px-Ligusticum_sinense_%27Chuanxiong%27_slices.jpg?utm_source=en.wikipedia.org&utm_campaign=api&utm_content=thumbnail,Fumikas Sagisavas,CC0,http://creativecommons.org/publicdomain/zero/1.0/deed.en,https://en.wikipedia.org/wiki/File:Ligusticum_sinense_'Chuanxiong'_slices.jpg,ok
133385,Coniothyrium fuckelii,,,,,,,,no_image
74815,Conocara kreffti,克氏锥首鱼,,,,,,,no_image
18217,Conochilus unicornis,独角聚花轮虫,,,,,,,no_image
145596,Conocybe incarnata,,,,,,,,no_image
145616,Conocybe subpubescens,,,,,,,,no_image
31236,Conophyma oliva,褐橄裸蝗,,,,,,,no_image
31256,Conops flavipes,黄带眼蝇,images/00/03/00031256.webp,https://thumb.wikimedia.org/wikipedia/commons/thumb/2/27/Conops-flavipes-13-VII-2007-344.jpg/960px-Conops-flavipes-13-VII-2007-344.jpg?utm_source=en.wikipedia.org&utm_campaign=api&utm_content=thumbnail,Botaurus,Public domain,,https://en.wikipedia.org/wiki/File:Conops-flavipes-13-VII-2007-344.jpg,ok
10836,Conothele cangshan,苍山科诺蛛,,,,,,,no_image
94659,Convallaria keiskei,铃兰,images/00/09/00094659.webp,https://thumb.wikimedia.org/wikipedia/commons/thumb/f/fa/Suzuran-shiminkaikan01.jpg/960px-Suzuran-shiminkaikan01.jpg?utm_source=en.wikipedia.org&utm_campaign=api&utm_content=thumbnail,Prosperosity,CC BY-SA 3.0,https://creativecommons.org/licenses/by-sa/3.0,https://en.wikipedia.org/wiki/File:Suzuran-shiminkaikan01.jpg,ok
94663,Convolvulus fruticosus,灌木旋花,,,,,,,no_image
31301,Coomanum singulare,,,,,,,,no_image
31320,Copidosoma floridanum,,images/00/03/00031320.webp,https://thumb.wikimedia.org/wikipedia/commons/thumb/d/dd/202112_Copidosoma_floridanum.svg/960px-202112_Copidosoma_floridanum.svg.png?utm_source=en.wikipedia.org&utm_campaign=api&utm_content=thumbnail,DataBase Center for Life Science (DBCLS),CC BY 4.0,https://creativecommons.org/licenses/by/4.0,https://en.wikipedia.org/wiki/File:202112_Copidosoma_floridanum.svg,ok
147976,Coprinellus aureogranulatus,,images/00/14/00147976.webp,https://thumb.wikimedia.org/wikipedia/commons/thumb/2/2b/Coprinellus_aureogranulatus.jpg/960px-Coprinellus_aureogranulatus.jpg?utm_source=en.wikipedia.org&utm_campaign=api&utm_content=thumbnail,Chandu Bandi,CC BY 4.0,https://creativecommons.org/licenses/by/4.0,https://en.wikipedia.org/wiki/File:Coprinellus_aureogranulatus.jpg,ok
147996,Coprinopsis lagopides,,,,,,,,no_image
145178,Coprinus congregatus,赭黄鬼伞,,,,,,,no_image
145198,Coprinus lagopus,白绒鬼伞,,,,,,,no_image
145218,Coprinus silvaticus,野生鬼伞,,,,,,,no_image
31345,Coproica rohaceki,诺氏角脉小粪蝇,,,,,,,no_image
31365,Coproporus evanescens,,,,,,,,no_image
139413,Coprotus granuliformis,颗粒状粪裸盘菌,,,,,,,no_image
94678,Coptis quinquesecta,五裂黄连,,,,,,,no_image
31408,Coptotermes chaoxianensis,巢县乳白蚁,,,,,,,no_image
31428,Coptotermes yaxianensis,崖县乳白蚁,,,,,,,no_image
6335,Coralichlamys larvatus,虫斑珊瑚扇贝,,,,,,,no_image
17524,Coralliophila fimbriata,扁圆珊瑚螺,images/00/01/00017524.webp,https://thumb.wikimedia.org/wikipedia/commons/thumb/6/68/Naturalis_Biodiversity_Center_-_RMNH.MOL.200181_-_Coralliophila_fimbriata_%28Adams%2C_1854%29_-_Coralliophilidae_-_Mollusc_shell.jpeg/960px-Naturalis_Biodiversity_Center_-_RMNH.MOL.200181_-_Coralliophila_fimbriata_%28Adams%2C_1854%29_-_Coralliophilidae_-_Mollusc_shell.jpeg?utm_source=en.wikipedia.org&utm_campaign=api&utm_content=thumbnail,"Adams, 1854",CC0,http://creativecommons.org/publicdomain/zero/1.0/deed.en,"https://en.wikipedia.org/wiki/File:Naturalis_Biodiversity_Center_-_RMNH.MOL.200181_-_Coralliophila_fimbriata_(Adams,_1854)_-_Coralliophilidae_-_Mollusc_shell.jpeg",ok
94689,Corallorhiza trifida,珊瑚兰,,https://upload.wikimedia.org/wikipedia/commons/9/9e/Corallorrhiza_trifida_05_mg-k.jpg?utm_source=en.wikipedia.org&utm_campaign=api&utm_content=thumbnail_unscaled,,,,https://en.wikipedia.org/wiki/Corallorhiza_trifida,license_rejected
141305,Cordana ellipsoidea,,,,,,,,no_image
31460,Cordulia amurensis,青铜伪蜻,,,,,,,no_image
141786,Cordyceps dermapteoigena,,,,,,,,no_image
141806,Cordyceps nakazawai,,,,,,,,no_image
141826,Cordyceps suoluoensis,桫椤虫草,,,,,,,no_image
31469,Corennys cardinalis,,,,,,,,no_image
94708,Coreopsis lanceolata,剑叶金鸡菊,images/00/09/00094708.webp,https://thumb.wikimedia.org/wikipedia/commons/thumb/b/bf/Coreopsis_lanceolata_Sterntaler.JPG/960px-Coreopsis_lanceolata_Sterntaler.JPG?utm_source=en.wikipedia.org&utm_campaign=api&utm_content=thumbnail,User:Qwertzy2,CC BY-SA 3.0,http://creativecommons.org/licenses/by-sa/3.0/,https://en.wikipedia.org/wiki/File:Coreopsis_lanceolata_Sterntaler.JPG,ok
31486,Corgatha diplochorda,双线孔夜蛾,,,,,,,no_image
151195,Coriolopsis crocata,,,,,,,,no_image
74845,Coris musume,黑带盔鱼,,,,,,,no_image
94750,Corispermum platypterum,宽翅虫实,,,,,,,no_image
94769,Cornopteris major,大叶角蕨,,,,,,,no_image
94797,Cornus oblonga,长圆叶梾木,,,,,,,no_image
31505,Cornutrypeta spinifrons,刺脊额实蝇,,,,,,,no_image
6236,Corophium heteroceratum,异角蜾蠃蜚,,,,,,,no_image
94814,Corsiopsis chinensis,白玉簪,,,,,,,no_image
149809,Corticium porosum,茧皮伏革菌,,,,,,,no_image
145733,Cortinarius allutus,多型丝膜菌,,,,,,,no_image
145753,Cortinarius borealis,污褐丝膜菌,,,,,,,no_image
145773,Cortinarius casimiri,卡西米尔丝膜菌,,,,,,,no_image
145793,Cortinarius croceofulvus,土褐丝膜菌,,,,,,,no_image
145813,Cortinarius erythrinus,,,,,,,,no_image
145833,Cortinarius helvolus,,,,,,,,no_image
145853,Cortinarius livor,,,,,,,,no_image
145873,Cortinarius ochraceus,赭丝膜菌,,,,,,,no_image
145893,Cortinarius praestigiosus,,,,,,,,no_image
145913,Cortinarius rufoolivaceus,,,,,,,,no_image
145933,Cortinarius subargentatus,类银白紫丝膜菌,,,,,,,no_image
145953,Cortinarius turmalis,黄丝膜菌,,,,,,,no_image
31514,Cortodera baltea,,,,,,,,no_image
74858,Corvus macrorhynchos,大嘴乌鸦,images/00/07/00074858.webp,https://thumb.wikimedia.org/wikipedia/commons/thumb/3/3a/Jungle_crow_%28Close-up_of_the_head_area%29%2C_Tenn%C5%8Dji_Park%2C_Osaka_II.jpg/960px-Jungle_crow_%28Close-up_of_the_head_area%29%2C_Tenn%C5%8Dji_Park%2C_Osaka_II.jpg?utm_source=en.wikipedia.org&utm_campaign=api&utm_content=thumbnail,Laitche,CC BY-SA 4.0,https://creativecommons.org/licenses/by-sa/4.0,"https://en.wikipedia.org/wiki/File:Jungle_crow_(Close-up_of_the_head_area),_Tennōji_Park,_Osaka_II.jpg",ok
94839,Corydalis amplisepala,圆萼紫堇,,,,,,,no_image
94859,Corydalis bimaculata,双斑黄堇,,,,,,,no_image
94886,Corydalis cataractarum,飞流紫堇,,,,,,,no_image
94916,Corydalis dajingensis,大金紫堇,,,,,,,no_image
94937,Corydalis elegans,幽雅黄堇,,,,,,,no_image
94959,Corydalis giraldii,小花宽瓣黄堇,,,,,,,no_image
94981,Corydalis heterocarpa,异果黄堇,,,,,,,no_image
95001,Corydalis jigmei,藏南紫堇,,,,,,,no_image
95023,Corydalis latiloba,宽裂黄堇,,,,,,,no_image
95051,Corydalis longkiensis,龙溪紫堇,,,,,,,no_image
95071,Corydalis mira,疆堇,,,,,,,no_image
95092,Corydalis omeiana,金顶紫堇,,,,,,,no_image
95114,Corydalis pinnatibracteata,羽苞黄堇,,,,,,,no_image
95134,Corydalis pseudohemsleyana,假巴东紫堇,,,,,,,no_image
95159,Corydalis raddeana,小黄紫堇,,,,,,,no_image
95182,Corydalis sheareri,地锦苗,,,,,,,no_image
95206,Corydalis susannae,幽溪紫堇,,,,,,,no_image
95230,Corydalis trisecta,秦岭黄堇,,,,,,,no_image
95252,Corydalis yargongensis,雅江紫堇,,,,,,,no_image
95275,Corylopsis trabeculosa,独龙江蜡瓣花,,,,,,,no_image
7361,Coryne pusilla,小棍螅,,,,,,,no_image
133412,Corynespora gigaspora,,,,,,,,no_image
133432,Corynespora saccharume,,,,,,,,no_image
152770,Corynoides byssoides,,,,,,,,no_image
31537,Corynoneura yoshimurai,吉村棒脉摇蚊,,,,,,,no_image
31557,Corynoptera modulata,组合翼眼蕈蚊,,,,,,,no_image
31577,Corynoptera vigila,警戒翼眼蕈蚊,,,,,,,no_image
7260,Coscinaraea exesa,吞蚀筛珊瑚,,,,,,,no_image
10322,Cosella hedyotis,,,,,,,,no_image
31592,Cosmia affinis,联兜夜蛾,images/00/03/00031592.webp,https://thumb.wikimedia.org/wikipedia/commons/thumb/c/c9/Cosmia_affinis.jpg/960px-Cosmia_affinis.jpg?utm_source=en.wikipedia.org&utm_campaign=api&utm_content=thumbnail,Dumi,CC BY-SA 3.0,https://creativecommons.org/licenses/by-sa/3.0,https://en.wikipedia.org/wiki/File:Cosmia_affinis.jpg,ok
31609,Cosmina pinangiana,双色彩蝇,,,,,,,no_image
31621,Cosmophorus taiwanensis,台湾大颚茧蜂,,,,,,,no_image
139739,Costapeda lacunosa,,,,,,,,no_image
95314,Cotoneaster acutifolius,灰栒子,,https://thumb.wikimedia.org/wikipedia/commons/thumb/8/8a/Korina_2016-05-01_Cotoneaster_acutifolius_4.jpg/960px-Korina_2016-05-01_Cotoneaster_acutifolius_4.jpg?utm_source=en.wikipedia.org&utm_campaign=api&utm_content=thumbnail,,,,https://en.wikipedia.org/wiki/Cotoneaster_acutifolius,license_rejected
95346,Cotoneaster chulingensis,德钦栒子,,,,,,,no_image
95370,Cotoneaster frigidus,耐寒栒子,images/00/09/00095370.webp,https://thumb.wikimedia.org/wikipedia/commons/thumb/3/34/Cotoneaster_frigidus_berries_1.jpg/960px-Cotoneaster_frigidus_berries_1.jpg?utm_source=en.wikipedia.org&utm_campaign=api&utm_content=thumbnail,MPF,CC BY-SA 3.0,https://creativecommons.org/licenses/by-sa/3.0,https://en.wikipedia.org/wiki/File:Cotoneaster_frigidus_berries_1.jpg,ok
95403,Cotoneaster kansuensis,甘肃栒子,images/00/09/00095403.webp,https://thumb.wikimedia.org/wikipedia/commons/thumb/4/4a/Cotoneaster_apiculatus_kz2.jpg/960px-Cotoneaster_apiculatus_kz2.jpg?utm_source=en.wikipedia.org&utm_campaign=api&utm_content=thumbnail,"Krzysztof Ziarnek, Kenraiz",CC BY-SA 4.0,https://creativecommons.org/licenses/by-sa/4.0,https://en.wikipedia.org/wiki/File:Cotoneaster_apiculatus_kz2.jpg,ok
95430,Cotoneaster nitidifolius,亮叶栒子,,,,,,,no_image
95459,Cotoneaster schantungensis,山东栒子,,,,,,,no_image
95481,Cotoneaster vandelaarii,昆明栒子,,,,,,,no_image
74892,Coturnix japonica,鹌鹑,images/00/07/00074892.webp,https://thumb.wikimedia.org/wikipedia/commons/thumb/d/db/Japanese_Quail.jpg/960px-Japanese_Quail.jpg?utm_source=en.wikipedia.org&utm_campaign=api&utm_content=thumbnail,Ingrid Taylar,CC BY 2.0,https://creativecommons.org/licenses/by/2.0,https://en.wikipedia.org/wiki/File:Japanese_Quail.jpg,ok
139740,Cowlesia bulbosa,,,,,,,,no_image
31662,Craniophora oda,瓯首夜蛾,,,,,,,no_image
2491,Cranosina philippinensis,菲律宾盔苔虫,,,,,,,no_image
31687,Craspedometopon tibetense,西藏等额水虻,,,,,,,no_image
12732,Crassignatha quanqu,蜷曲糙胸蛛,,,,,,,no_image
4120,Crassostrea gigas,长牡蛎,images/00/00/00004120.webp,https://thumb.wikimedia.org/wikipedia/commons/thumb/8/8c/Crassostrea_gigas_p1040847.jpg/960px-Crassostrea_gigas_p1040847.jpg?utm_source=en.wikipedia.org&utm_campaign=api&utm_content=thumbnail,No machine-readable author provided. BetacommandBot assumed (based on copyright claims).,CC BY-SA 3.0,http://creativecommons.org/licenses/by-sa/3.0/,https://en.wikipedia.org/wiki/File:Crassostrea_gigas_p1040847.jpg,ok
95546,Crataegus wilsonii,华中山楂,,,,,,,no_image
3417,Crateromorha meyeri,梅氏碗钵海绵,,,,,,,no_image
95565,Crawfurdia delavayi,披针叶蔓龙胆,,,,,,,no_image
95585,Cremanthodium bhutanicum,不丹垂头菊,,,,,,,no_image
95609,Cremanthodium discoideum,盘花垂头菊,,,,,,,no_image
95636,Cremanthodium medogense,墨脱垂头菊,,,,,,,no_image
95658,Cremanthodium pseudo-oblongatum,无毛垂头菊,,,,,,,no_image
95679,Cremastra appendiculata,杜鹃兰,images/00/09/00095679.webp,https://thumb.wikimedia.org/wikipedia/commons/thumb/3/35/Cremastra_appendiculata_1.JPG/960px-Cremastra_appendiculata_1.JPG?utm_source=en.wikipedia.org&utm_campaign=api&utm_content=thumbnail,Qwert1234,Public domain,,https://en.wikipedia.org/wiki/File:Cremastra_appendiculata_1.JPG,ok
8533,Crenavolva striatula,齿纹凹梭螺,images/00/00/00008533.webp,https://thumb.wikimedia.org/wikipedia/commons/thumb/e/eb/Crenavolva_striatula_01.jpg/960px-Crenavolva_striatula_01.jpg?utm_source=en.wikipedia.org&utm_campaign=api&utm_content=thumbnail,H. Zell,CC BY-SA 3.0,https://creativecommons.org/licenses/by-sa/3.0,https://en.wikipedia.org/wiki/File:Crenavolva_striatula_01.jpg,ok
95692,Crepidiastrum sonchifolium,尖裂假还阳参,images/00/09/00095692.webp,https://thumb.wikimedia.org/wikipedia/commons/thumb/c/c0/Crepidiastrum_sonchifolium_3.JPG/960px-Crepidiastrum_sonchifolium_3.JPG?utm_source=en.wikipedia.org&utm_campaign=api&utm_content=thumbnail,Dalgial,CC BY 3.0,https://creativecommons.org/licenses/by/3.0,https://en.wikipedia.org/wiki/File:Crepidiastrum_sonchifolium_3.JPG,ok
95715,Crepidium purpureum,深裂沼兰,,,,,,,no_image
146005,Crepidotus applanatus,平盖锈耳,images/00/14/00146005.webp,https://thumb.wikimedia.org/wikipedia/commons/thumb/1/17/Crepidotus_applanatus_1395479.jpg/960px-Crepidotus_applanatus_1395479.jpg?utm_source=en.wikipedia.org&utm_campaign=api&utm_content=thumbnail,"This image was created by user Richard Daniel (RichardDaniel) at Mushroom Observer, a source for mycological images.You can contact this user here.",CC BY-SA 3.0,https://creativecommons.org/licenses/by-sa/3.0,https://en.wikipedia.org/wiki/File:Crepidotus_applanatus_1395479.jpg,ok
146025,Crepidotus kauffmanii,考氏靴耳,,,,,,,no_image
146045,Crepidotus uber,潮湿靴耳,,,,,,,no_image
95747,Crepis phoenix,万丈深,,,,,,,no_image
6518,Cribochalina chinensis,中华染指海绵,,,,,,,no_image
31741,Cricotopus hamatus,钩环足摇蚊,,,,,,,no_image
31761,Cricotopus tristis,黑尖环足摇蚊,,,,,,,no_image
95757,Crinitina villosa,灰毛麻菀,,,,,,,no_image
74908,Cristatogobius nonatoae,浅色项冠鰕虎,,,,,,,no_image
74918,Crocidura sibirica,西伯利亚麝鼩,,https://upload.wikimedia.org/wikipedia/commons/6/68/Siberian_Shrew_area.png?utm_source=en.wikipedia.org&utm_campaign=api&utm_content=thumbnail_unscaled,Chermundy,CC BY-SA 3.0,https://creativecommons.org/licenses/by-sa/3.0,https://en.wikipedia.org/wiki/File:Siberian_Shrew_area.png,download_failed
31791,Croesia dentata,齿弧翅卷蛾,,,,,,,no_image
153172,Cronartium premnae,,,,,,,,no_image
74927,Crossocheilus burmanicus,缅甸穗唇鲃,,,,,,,no_image
74929,Crossoptilon auritum,蓝马鸡,images/00/07/00074929.webp,https://thumb.wikimedia.org/wikipedia/commons/thumb/c/c2/Blue_Eared_Pheasant_%28Crossoptilon_auritum%29%2C_Songpan_County%2C_Sichuan_1.jpg/960px-Blue_Eared_Pheasant_%28Crossoptilon_auritum%29%2C_Songpan_County%2C_Sichuan_1.jpg?utm_source=en.wikipedia.org&utm_campaign=api&utm_content=thumbnail,wangqg,CC BY 4.0,https://creativecommons.org/licenses/by/4.0,"https://en.wikipedia.org/wiki/File:Blue_Eared_Pheasant_(Crossoptilon_auritum),_Songpan_County,_Sichuan_1.jpg",ok
95781,Crotalaria chiayiana,红花假地蓝,,,,,,,no_image
95806,Crotalaria ochroleuca,狭叶猪屎豆,,,,,,,no_image
95833,Croton caudatus,卵叶巴豆,,,,,,,no_image
95853,Croton tiglium,巴豆,,https://upload.wikimedia.org/wikipedia/commons/e/ea/Croton_tiglium_-_K%C3%B6hler%E2%80%93s_Medizinal-Pflanzen-197.jpg?utm_source=en.wikipedia.org&utm_campaign=api&utm_content=thumbnail_unscaled,"Franz Eugen Köhler, Köhler's Medizinal-Pflanzen",Public domain,,https://en.wikipedia.org/wiki/File:Croton_tiglium_-_Köhler–s_Medizinal-Pflanzen-197.jpg,download_failed
95864,Crucihimalaya wallichii,卵叶须弥芥,,,,,,,no_image
31829,Cryphia deceptura,虚藓夜蛾,,,,,,,no_image
11637,Cryptachaea rostra,喙突希蛛,,,,,,,no_image
95885,Cryptocarya elliptifolia,菲岛厚壳桂,images/00/09/00095885.webp,https://thumb.wikimedia.org/wikipedia/commons/thumb/a/a8/Cryptocarya_elliptifolia_Merr_nmnhbotany_2153088_NMNH-00099490-000001.jpg/960px-Cryptocarya_elliptifolia_Merr_nmnhbotany_2153088_NMNH-00099490-000001.jpg?utm_source=en.wikipedia.org&utm_campaign=api&utm_content=thumbnail,National Museum of Natural History,CC0,http://creativecommons.org/publicdomain/zero/1.0/deed.en,https://en.wikipedia.org/wiki/File:Cryptocarya_elliptifolia_Merr_nmnhbotany_2153088_NMNH-00099490-000001.jpg,ok
74950,Cryptocentrus strigilliceps,纹斑丝鰕虎,images/00/07/00074950.webp,https://thumb.wikimedia.org/wikipedia/commons/thumb/5/5c/Cryptocentrus_strigilliceps_%28Target_shrimpgoby%29_and_Alpheus_rapacida_%28Snapping_shrimp%29.jpg/960px-Cryptocentrus_strigilliceps_%28Target_shrimpgoby%29_and_Alpheus_rapacida_%28Snapping_shrimp%29.jpg?utm_source=en.wikipedia.org&utm_campaign=api&utm_content=thumbnail,Nhobgood Nick Hobgood,CC BY-SA 3.0,https://creativecommons.org/licenses/by-sa/3.0,https://en.wikipedia.org/wiki/File:Cryptocentrus_strigilliceps_(Target_shrimpgoby)_and_Alpheus_rapacida_(Snapping_shrimp).jpg,ok
95898,Cryptochilus roseus,玫瑰宿苞兰,,https://upload.wikimedia.org/wikipedia/commons/2/2a/Cryptochilus_roseus.jpg?utm_source=en.wikipedia.org&utm_campaign=api&utm_content=thumbnail_unscaled,Dalton Holland Baptista,CC BY-SA 3.0,https://creativecommons.org/licenses/by-sa/3.0,https://en.wikipedia.org/wiki/File:Cryptochilus_roseus.jpg,download_failed
154678,Cryptococcus neoformans,新型隐球酵母,images/00/15/00154678.webp,https://thumb.wikimedia.org/wikipedia/commons/thumb/6/6f/Cryptococcus_neoformans_using_a_light_India_ink_staining_preparation_PHIL_3771_lores.jpg/960px-Cryptococcus_neoformans_using_a_light_India_ink_staining_preparation_PHIL_3771_lores.jpg?utm_source=en.wikipedia.org&utm_campaign=api&utm_content=thumbnail,"Photo Credit:
Content Providers(s): CDC/Dr. Leanor Haley",Public domain,,https://en.wikipedia.org/wiki/File:Cryptococcus_neoformans_using_a_light_India_ink_staining_preparation_PHIL_3771_lores.jpg,ok
4085,Cryptodromia coronata,王冠隐绵蟹,,,,,,,no_image
95911,Cryptomeria japonica,日本柳杉,images/00/09/00095911.webp,https://thumb.wikimedia.org/wikipedia/commons/thumb/9/9c/Cryptomeria_japonica_SZ124.png/960px-Cryptomeria_japonica_SZ124.png?utm_source=en.wikipedia.org&utm_campaign=api&utm_content=thumbnail,Philipp Franz von Siebold and Joseph Gerhard Zuccarini,Public domain,,https://en.wikipedia.org/wiki/File:Cryptomeria_japonica_SZ124.png,ok
31876,Cryptonevra diadema,王冠隐脉秆蝇,,,,,,,no_image
31889,Cryptophaea vietnamensis,越南隐溪蟌,,,,,,,no_image
8740,Cryptoplax oculata,眼形隐板石鳖,,,,,,,no_image
31910,Cryptoserphus henanensis,河南隐颚细蜂,,,,,,,no_image
95928,Cryptotaenia japonica,鸭儿芹,,https://upload.wikimedia.org/wikipedia/commons/9/90/Cryptotaenia_japonica1.jpg?utm_source=en.wikipedia.org&utm_campaign=api&utm_content=thumbnail_unscaled,,CC BY-SA 3.0,http://creativecommons.org/licenses/by-sa/3.0/,https://en.wikipedia.org/wiki/File:Cryptotaenia_japonica1.jpg,download_failed
144509,Cryptovalsa extorris,,,,,,,,no_image
95938,Ctenidium pinnatum,羽枝梳藓,,,,,,,no_image
74953,Ctenochaetus binotatus,双斑栉齿刺尾鱼,images/00/07/00074953.webp,https://thumb.wikimedia.org/wikipedia/commons/thumb/a/a1/Twospot_bristletooth_%28Ctenochaetus_binotatus%29_%2836604859314%29.jpg/960px-Twospot_bristletooth_%28Ctenochaetus_binotatus%29_%2836604859314%29.jpg?utm_source=en.wikipedia.org&utm_campaign=api&utm_content=thumbnail,Rickard Zerpe,CC BY 2.0,https://creativecommons.org/licenses/by/2.0,https://en.wikipedia.org/wiki/File:Twospot_bristletooth_(Ctenochaetus_binotatus)_(36604859314).jpg,ok
74959,Ctenogobiops mitodes,丝背栉眼鰕虎,,,,,,,no_image
31964,Ctenophthalmus assimilis,相似栉眼蚤,,,,,,,no_image
31990,Ctenophthalmus reductus,弱栉眼蚤,,,,,,,no_image
32014,Ctenosciara japonica,细栉眼蕈蚊,,,,,,,no_image
32026,Cubitomoris aechmobola,肘部祝蛾,,,,,,,no_image
32045,Cucullia lampra,明冬夜蛾,,,,,,,no_image
74972,Cuculus micropterus,四声杜鹃,,https://upload.wikimedia.org/wikipedia/commons/2/23/Indian_cuckoo_%28Cuculus_micropterus%29_46_%28cropped%29.jpg?utm_source=en.wikipedia.org&utm_campaign=api&utm_content=thumbnail_unscaled,Creepanta,CC BY-SA 4.0,https://creativecommons.org/licenses/by-sa/4.0,https://en.wikipedia.org/wiki/File:Indian_cuckoo_(Cuculus_micropterus)_46_(cropped).jpg,download_failed
139120,Cudonia helvelloides,马鞍菌状地锤菌,,,,,,,no_image
32076,Culcua simulans,同库水虻,,,,,,,no_image
32096,Culex hainanensis,海南库蚊,,,,,,,no_image
32116,Culex miaolingensis,苗岭库蚊,,,,,,,no_image
32137,Culex rubithoracis,红胸库蚊,,,,,,,no_image
32157,Culex variatus,变异库蚊,,,,,,,no_image
32170,Culicoides alishanensis,阿里库蠓,,,,,,,no_image
32190,Culicoides bubalus,野牛库蠓,,,,,,,no_image
32210,Culicoides concatervans,链接库蠓,,,,,,,no_image
32230,Culicoides erairai,端斑库蠓,,,,,,,no_image
32250,Culicoides gewertzi,吉氏库蠓,,,,,,,no_image
32270,Culicoides huayingensis,华蓥库蠓,,,,,,,no_image
32290,Culicoides kangdingensis,康定库蠓,,,,,,,no_image
32310,Culicoides lieni,连氏库蠓,,,,,,,no_image
32330,Culicoides malayae,马来库蠓,,,,,,,no_image
32350,Culicoides minutunculus,小钩库蠓,,,,,,,no_image
32370,Culicoides obsoletus,不显库蠓,images/00/03/00032370.webp,https://thumb.wikimedia.org/wikipedia/commons/thumb/c/c5/Parasite160094-fig2_Molecular_phylogeny_of_Culicoides_Figure_2.png/960px-Parasite160094-fig2_Molecular_phylogeny_of_Culicoides_Figure_2.png?utm_source=en.wikipedia.org&utm_campaign=api&utm_content=thumbnail,"Denis Augot, Bruno Mathieu, Leila Hadj-Henni, Véronique Barriel, Sonia Zapata Mena, Sylvia Smolis, Darine Slama, Fano José Randrianambinintsoa, Gabriel Trueba, Matthieu Kaltenbach, Nil Rahola and Jérôme Depaquit",CC BY 4.0,https://creativecommons.org/licenses/by/4.0,https://en.wikipedia.org/wiki/File:Parasite160094-fig2_Molecular_phylogeny_of_Culicoides_Figure_2.png,ok
32390,Culicoides pastus,牧场库蠓,,,,,,,no_image
32410,Culicoides qinghaiensis,青海库蠓,,,,,,,no_image
32430,Culicoides sejfadinei,三袋库蠓,,,,,,,no_image
32450,Culicoides sublint,类林氏库蠓,,,,,,,no_image
32470,Culicoides thurmanae,塔氏库蠓,,,,,,,no_image
32490,Culicoides wushenensis,乌审库蠓,,,,,,,no_image
32510,Culiseta annulata,环跗脉毛蚊,images/00/03/00032510.webp,https://thumb.wikimedia.org/wikipedia/commons/thumb/3/39/Culiseta_annulata%2C_Trawscoed%2C_North_Wales%2C_Oct_2015_3_-_Flickr_-_janetgraham84.jpg/960px-Culiseta_annulata%2C_Trawscoed%2C_North_Wales%2C_Oct_2015_3_-_Flickr_-_janetgraham84.jpg?utm_source=en.wikipedia.org&utm_campaign=api&utm_content=thumbnail,Janet Graham,CC BY 2.0,https://creativecommons.org/licenses/by/2.0,"https://en.wikipedia.org/wiki/File:Culiseta_annulata,_Trawscoed,_North_Wales,_Oct_2015_3_-_Flickr_-_janetgraham84.jpg",ok
95967,Cuminum borszczowii,长毛孜然芹,,,,,,,no_image
155914,Cunninghamella blakesleeana,短刺小克银汉霉,,,,,,,no_image
74989,Cuora flavomarginata,黄缘闭壳龟,,https://upload.wikimedia.org/wikipedia/commons/2/25/Evelynae.jpg?utm_source=en.wikipedia.org&utm_campaign=api&utm_content=thumbnail_unscaled,Cuora at English Wikipedia,CC BY-SA 3.0,https://creativecommons.org/licenses/by-sa/3.0,https://en.wikipedia.org/wiki/File:Evelynae.jpg,download_failed
146376,Cuphophyllus lacmus,,images/00/14/00146376.webp,https://thumb.wikimedia.org/wikipedia/commons/thumb/6/6d/2012-10-14_Hygrocybe_lacmus_%28Schumach.%29_P.D._Orton_%26_Watling_272584.jpg/960px-2012-10-14_Hygrocybe_lacmus_%28Schumach.%29_P.D._Orton_%26_Watling_272584.jpg?utm_source=en.wikipedia.org&utm_campaign=api&utm_content=thumbnail,"This image was created by user Bill (boletebill) at Mushroom Observer, a source for mycological images.You can contact this user here.",CC BY-SA 3.0,https://creativecommons.org/licenses/by-sa/3.0,https://en.wikipedia.org/wiki/File:2012-10-14_Hygrocybe_lacmus_(Schumach.)_P.D._Orton_&_Watling_272584.jpg,ok
95993,Curculigo gracilis,疏花仙茅,,,,,,,no_image
32531,Curetis acuta,尖翅银灰蝶,,https://upload.wikimedia.org/wikipedia/commons/8/8e/Angled_Sunbeam_%283076133242%29.jpg?utm_source=en.wikipedia.org&utm_campaign=api&utm_content=thumbnail_unscaled,Balakrishnan Valappil,CC BY-SA 2.0,https://creativecommons.org/licenses/by-sa/2.0,https://en.wikipedia.org/wiki/File:Angled_Sunbeam_(3076133242).jpg,download_failed
134048,Curvularia andropogonis,,,,,,,,no_image
134068,Curvularia oryzae,,,,,,,,no_image
96026,Cuscuta lupuliformis,啤酒花菟丝子,,,,,,,no_image
32543,Cyaforma macula,四斑墨实蝇,,,,,,,no_image
32562,Cyana detriata,雪苔蛾,,,,,,,no_image
32583,Cyana sanguinea,血红雪苔蛾,images/00/03/00032583.webp,https://thumb.wikimedia.org/wikipedia/commons/thumb/f/fe/Cyana_sanguinea.jpg/960px-Cyana_sanguinea.jpg?utm_source=en.wikipedia.org&utm_campaign=api&utm_content=thumbnail,Hsu Hong Lin,CC BY-SA 2.0,https://creativecommons.org/licenses/by-sa/2.0,https://en.wikipedia.org/wiki/File:Cyana_sanguinea.jpg,ok
96047,Cyananthus macrocalyx,大萼蓝钟花,,,,,,,no_image
96056,Cyanotis axillaris,鞘苞花,images/00/09/00096056.webp,https://thumb.wikimedia.org/wikipedia/commons/thumb/6/62/Cyanotis_axillaris.jpg/960px-Cyanotis_axillaris.jpg?utm_source=en.wikipedia.org&utm_campaign=api&utm_content=thumbnail,AntanO,CC BY 4.0,https://creativecommons.org/licenses/by/4.0,https://en.wikipedia.org/wiki/File:Cyanotis_axillaris.jpg,ok
96067,Cyathodium smaragdinum,艳绿光苔,,,,,,,no_image
142755,Cyathus badius,栗褐黑蛋巢菌,,,,,,,no_image
142775,Cyathus jiayuguanensis,嘉峪关黑蛋巢,,,,,,,no_image
142795,Cyathus sichuanensis,四川黑蛋巢菌,,,,,,,no_image
96084,Cycas debaoensis,德保苏铁,images/00/09/00096084.webp,https://thumb.wikimedia.org/wikipedia/commons/thumb/7/70/Cycas_debaoensis_01.jpg/960px-Cycas_debaoensis_01.jpg?utm_source=en.wikipedia.org&utm_campaign=api&utm_content=thumbnail,KATHERINE WAGNER-REISS,CC BY-SA 4.0,https://creativecommons.org/licenses/by-sa/4.0,https://en.wikipedia.org/wiki/File:Cycas_debaoensis_01.jpg,ok
96104,Cycas tanqingii,绿春苏铁,,,,,,,no_image
96111,Cyclea insularis,海岛轮环藤,,,,,,,no_image
376,Cyclina sinensis,青蛤,images/00/00/00000376.webp,https://thumb.wikimedia.org/wikipedia/commons/thumb/3/3e/Cyclina_sinensis.jpg/960px-Cyclina_sinensis.jpg?utm_source=en.wikipedia.org&utm_campaign=api&utm_content=thumbnail,국립국어원,CC BY-SA 2.0 kr,https://creativecommons.org/licenses/by-sa/2.0/kr/deed.en,https://en.wikipedia.org/wiki/File:Cyclina_sinensis.jpg,ok
277,Cyclodius granulosus,小疣圆瘤蟹,,,,,,,no_image
667,Cyclograpsus lucidus,光滑圆方蟹,,,,,,,no_image
11151,Cyclosa atrata,黑尾艾蛛,,,,,,,no_image
11059,Cyclosa nigra,黑腹艾蛛,,,,,,,no_image
32604,Cyclosiella dulcicula,环苔蛾,,,,,,,no_image
96164,Cyclosorus hirtipes,毛脚毛蕨,,,,,,,no_image
96184,Cyclosorus parvilobus,龙胜毛蕨,,,,,,,no_image
411,Cyclosunetta menstrualis,汛潮环楔形蛤,,,,,,,no_image
32616,Cydia pomonella,苹果小卷蛾,,https://upload.wikimedia.org/wikipedia/commons/8/85/Cydia_pomonella_male_dorsal.jpg?utm_source=en.wikipedia.org&utm_campaign=api&utm_content=thumbnail_unscaled,"Simon Winkley &amp; Ken Walker, Museum Victoria",CC BY 3.0 au,https://creativecommons.org/licenses/by/3.0/au/deed.en,https://en.wikipedia.org/wiki/File:Cydia_pomonella_male_dorsal.jpg,download_failed
32625,Cylindilla inornata,,,,,,,,no_image
142028,Cylindrocladium clavatum,,,,,,,,no_image
32641,Cylindromyia intermedia,中介筒腹寄蝇,images/00/03/00032641.webp,https://thumb.wikimedia.org/wikipedia/commons/thumb/7/7d/Cylindromyia_intermedia_01.JPG/960px-Cylindromyia_intermedia_01.JPG?utm_source=en.wikipedia.org&utm_campaign=api&utm_content=thumbnail,AfroBrazilian,CC BY-SA 4.0,https://creativecommons.org/licenses/by-sa/4.0,https://en.wikipedia.org/wiki/File:Cylindromyia_intermedia_01.JPG,ok
32653,Cylindrotoma angustipennis,窄尾烛大蚊,,,,,,,no_image
3510,Cymadusa microphthalma,小叶浪钩虾,,,,,,,no_image
8564,Cymatium labiosum,厚唇嵌线螺,images/00/00/00008564.webp,https://thumb.wikimedia.org/wikipedia/commons/thumb/7/7d/Turritriton_labiosus_%28MNHN-IM-2000-4111%29_001.jpeg/960px-Turritriton_labiosus_%28MNHN-IM-2000-4111%29_001.jpeg?utm_source=en.wikipedia.org&utm_campaign=api&utm_content=thumbnail,Manuel CABALLER,CC BY 4.0,https://creativecommons.org/licenses/by/4.0,https://en.wikipedia.org/wiki/File:Turritriton_labiosus_(MNHN-IM-2000-4111)_001.jpeg,ok
151071,Cymatoderma infundibuliforme,漏斗波边革菌,,,,,,,no_image
96234,Cymbidium cyperifolium,莎叶兰,,,,,,,no_image
96256,Cymbidium lancifolium,兔耳兰,images/00/09/00096256.webp,https://thumb.wikimedia.org/wikipedia/commons/thumb/4/4e/Cymbidium_lancifolium_Hook.%2C_Exot._Fl._1_t._51_%281823%29_%2848547511721%29.jpg/960px-Cymbidium_lancifolium_Hook.%2C_Exot._Fl._1_t._51_%281823%29_%2848547511721%29.jpg?utm_source=en.wikipedia.org&utm_campaign=api&utm_content=thumbnail,"sunoochi from Sapporo, Hokkaido, Japan",CC BY 2.0,https://creativecommons.org/licenses/by/2.0,"https://en.wikipedia.org/wiki/File:Cymbidium_lancifolium_Hook.,_Exot._Fl._1_t._51_(1823)_(48547511721).jpg",ok
96276,Cymbidium teretipetiolatum,奇瓣红春素,,,,,,,no_image
96300,Cymbopogon martini,鲁沙香茅,images/00/09/00096300.webp,https://thumb.wikimedia.org/wikipedia/commons/thumb/f/f1/Cymbopogon_martinii_Image.jpg/960px-Cymbopogon_martinii_Image.jpg?utm_source=en.wikipedia.org&utm_campaign=api&utm_content=thumbnail,Agasthiar1,CC BY-SA 4.0,https://creativecommons.org/licenses/by-sa/4.0,https://en.wikipedia.org/wiki/File:Cymbopogon_martinii_Image.jpg,ok
8468,Cymodoce longistylis,长管突尾水虱,,,,,,,no_image
96329,Cynanchum callialatum,美翼杯冠藤,,,,,,,no_image
96352,Cynanchum lysimachioides,白牛皮消,,,,,,,no_image
96372,Cynodontium gracilescens,狗牙藓,,,,,,,no_image
75061,Cynoglossus interruptus,断线舌鳎,,,,,,,no_image
75081,Cynoglossus suyeni,书颜舌鳎,,,,,,,no_image
75098,Cynopterus sphinx,犬蝠,,https://upload.wikimedia.org/wikipedia/commons/6/66/Short-nosed_Fruit_Bat_%28Cynopterus_sphinx%29_Photograph_By_Shantanu_Kuveskar.jpg?utm_source=en.wikipedia.org&utm_campaign=api&utm_content=thumbnail_unscaled,Shantanu Kuveskar,CC BY-SA 4.0,https://creativecommons.org/licenses/by-sa/4.0,https://en.wikipedia.org/wiki/File:Short-nosed_Fruit_Bat_(Cynopterus_sphinx)_Photograph_By_Shantanu_Kuveskar.jpg,download_failed
96400,Cyperus babakan,刺鳞莎草,,,,,,,no_image
96427,Cyperus glomeratus,头状穗莎草,images/00/09/00096427.webp,https://thumb.wikimedia.org/wikipedia/commons/thumb/8/85/Illustration_Cyperus_fuscus0.jpg/960px-Illustration_Cyperus_fuscus0.jpg?utm_source=en.wikipedia.org&utm_campaign=api&utm_content=thumbnail,,Public domain,,https://en.wikipedia.org/wiki/File:Illustration_Cyperus_fuscus0.jpg,ok
96449,Cyperus nutans,垂穗莎草,,,,,,,no_image
96474,Cyperus trialatus,三翅秆砖子苗,,,,,,,no_image
18960,Cyphoderopsis sexocellata,,,,,,,,no_image
2403,Cypraea porteri,波塔宝贝,,,,,,,no_image
75130,Cyprinus pellegrini,大头鲤,,,,,,,no_image
96500,Cypripedium himalaicum,高山杓兰,,,,,,,no_image
96520,Cypripedium yunnanense,云南杓兰,,,,,,,no_image
147711,Cyptotrama chrysopeplum,金黄鳞盖菇,images/00/14/00147711.webp,https://thumb.wikimedia.org/wikipedia/commons/thumb/b/b3/Cyptotrama_chrysopepla_%2829672%29.jpg/960px-Cyptotrama_chrysopepla_%2829672%29.jpg?utm_source=en.wikipedia.org&utm_campaign=api&utm_content=thumbnail,"This image was created by user Dan Molter (shroomydan) at Mushroom Observer, a source for mycological images.You can contact this user here.",CC BY-SA 3.0,https://creativecommons.org/licenses/by-sa/3.0,https://en.wikipedia.org/wiki/File:Cyptotrama_chrysopepla_(29672).jpg,ok
32723,Cyrta longwanshensis,龙王山弓背叶蝉,,,,,,,no_image
10947,Cyrtarachne menghaiensis,勐海曲腹蛛,,,,,,,no_image
32739,Cyrtoclytus monticallisus,,,,,,,,no_image
32745,Cyrtodiopsis dalmanni,达氏曲突眼蝇,images/00/03/00032745.webp,https://thumb.wikimedia.org/wikipedia/commons/thumb/9/90/Teleopsis_dalmanni.jpg/960px-Teleopsis_dalmanni.jpg?utm_source=en.wikipedia.org&utm_campaign=api&utm_content=thumbnail,Rob Knell,CC BY-SA 2.5,https://creativecommons.org/licenses/by-sa/2.5,https://en.wikipedia.org/wiki/File:Teleopsis_dalmanni.jpg,ok
96537,Cyrtomium calcis,石山贯众,,,,,,,no_image
96557,Cyrtomium remotipinnum,疏羽贯众,,,,,,,no_image
32763,Cyrtophleba ruricola,茹芮瑟寄蝇,,,,,,,no_image
32770,Cyrtoptyx lichtensteini,丽躯赛阿金小蜂,,,,,,,no_image
145233,Cystoderma fallax,囊皮伞,,https://upload.wikimedia.org/wikipedia/commons/8/8c/Cystoderma_fallax_p2283_v1.jpg?utm_source=en.wikipedia.org&utm_campaign=api&utm_content=thumbnail_unscaled,Doug Murphy,CC BY-SA 3.0,https://creativecommons.org/licenses/by-sa/3.0,https://en.wikipedia.org/wiki/File:Cystoderma_fallax_p2283_v1.jpg,download_failed
145253,Cystolepiota pseudogranulosa,小白鳞囊环菇,,,,,,,no_image
137933,Cystotheca wrightii,,,https://upload.wikimedia.org/wikipedia/commons/8/80/Cystotheca-wrightii-a-nakajima.jpg?utm_source=en.wikipedia.org&utm_campaign=api&utm_content=thumbnail_unscaled,Atsushi Nakajima,CC BY 4.0,https://creativecommons.org/licenses/by/4.0,https://en.wikipedia.org/wiki/File:Cystotheca-wrightii-a-nakajima.jpg,download_failed
141513,Cytospora atrocirrhata,,,,,,,,no_image
141533,Cytospora oxyacanthae,,,,,,,,no_image
32778,Czernyola biseta,双毛采尼尔腐木蝇,,,,,,,no_image
152783,Dacrymyces stillatus,花耳,,,,,,,no_image
142809,Dactylaria fecundissima,,,,,,,,no_image
139497,Dactylella intermedia,,,,,,,,no_image
96593,Dactylicapnos gaoligongshanensis,滇西紫金龙,,,,,,,no_image
32789,Dactylispa brevispina,短刺叉趾铁甲,,,,,,,no_image
32813,Dactylispa fumida,烟色叉趾铁甲,,,,,,,no_image
32835,Dactylispa mendica,棘刺趾铁甲,,,,,,,no_image
32855,Dactylispa ramuligera,鹿角叉趾铁甲,,,,,,,no_image
32881,Dactylispa xanthospila,黄黑趾铁甲,,https://upload.wikimedia.org/wikipedia/commons/7/7c/Dactylispa_xanthospila_-_inat_417107361.jpg?utm_source=en.wikipedia.org&utm_campaign=api&utm_content=thumbnail_unscaled,"no rights reserved

Depicted place:  香港大帽山  (22°25′17″N 114°08′31″E﻿ / ﻿22.4213406055°N 114.1419722512°E﻿ / 22.4213406055; 114.1419722512)",CC0,http://creativecommons.org/publicdomain/zero/1.0/deed.en,https://en.wikipedia.org/wiki/File:Dactylispa_xanthospila_-_inat_417107361.jpg,download_failed
96605,Dactylorhiza aristata,芒尖掌裂兰,images/00/09/00096605.webp,https://thumb.wikimedia.org/wikipedia/commons/thumb/2/29/Orchis_aristata_02.jpg/960px-Orchis_aristata_02.jpg?utm_source=en.wikipedia.org&utm_campaign=api&utm_content=thumbnail,Σ64 (talk),CC BY-SA 3.0,http://creativecommons.org/licenses/by-sa/3.0/,https://en.wikipedia.org/wiki/File:Orchis_aristata_02.jpg,ok
32897,Dacus satanas,越南棍腹实蝇,,,,,,,no_image
32904,Daimio tethys,黑弄蝶,images/00/03/00032904.webp,https://thumb.wikimedia.org/wikipedia/commons/thumb/8/82/Daimio_tethys_1.jpg/960px-Daimio_tethys_1.jpg?utm_source=en.wikipedia.org&utm_campaign=api&utm_content=thumbnail,Albert,CC BY-SA 3.0,http://creativecommons.org/licenses/by-sa/3.0/,https://en.wikipedia.org/wiki/File:Daimio_tethys_1.jpg,ok
96630,Dalbergia obtusifolia,钝叶黄檀,,,,,,,no_image
144591,Daldinia concentrica,黑轮层炭壳,images/00/14/00144591.webp,https://thumb.wikimedia.org/wikipedia/commons/thumb/8/89/Collection_of_cramp_balls.JPG/960px-Collection_of_cramp_balls.JPG?utm_source=en.wikipedia.org&utm_campaign=api&utm_content=thumbnail,J Milburn,CC BY-SA 3.0,https://creativecommons.org/licenses/by-sa/3.0,https://en.wikipedia.org/wiki/File:Collection_of_cramp_balls.JPG,ok
8880,Damaeus cuii,崔氏珠甲螨,,,,,,,no_image
32924,Damalis nigripalpis,黑须籽角食虫虻,,,,,,,no_image
96661,Damrongia clarkeana,大花套唇苣苔,,,,,,,no_image
32949,Daochia reticulata,网脉刀翅叶蝉,,,,,,,no_image
96688,Daphne grueningiana,倒卵叶瑞香,,,,,,,no_image
96715,Daphne pedunculata,长梗瑞香,,,,,,,no_image
4289,Daphnella louisae,洛氏桂螺,,,,,,,no_image
96734,Daphniphyllum chartaceum,纸叶虎皮楠,,,,,,,no_image
5277,Dardanus aspersus,红星真寄居蟹,,,,,,,no_image
75170,Dascyllus aruanus,宅泥鱼,images/00/07/00075170.webp,https://thumb.wikimedia.org/wikipedia/commons/thumb/6/6a/Humbug_dascyllus_%28Dascyllus_aruanus%29_%2848652156722%29.jpg/960px-Humbug_dascyllus_%28Dascyllus_aruanus%29_%2848652156722%29.jpg?utm_source=en.wikipedia.org&utm_campaign=api&utm_content=thumbnail,Rickard Zerpe,CC BY 2.0,https://creativecommons.org/licenses/by/2.0,https://en.wikipedia.org/wiki/File:Humbug_dascyllus_(Dascyllus_aruanus)_(48652156722).jpg,ok
96748,Dasiphora glabra,银露梅,,,,,,,no_image
75181,Dasyatis lata,鬼魟,images/00/07/00075181.webp,https://thumb.wikimedia.org/wikipedia/commons/thumb/3/35/Broad_stingray_OdySea_Aquarium.jpg/960px-Broad_stingray_OdySea_Aquarium.jpg?utm_source=en.wikipedia.org&utm_campaign=api&utm_content=thumbnail,RatioTile,CC BY-SA 4.0,https://creativecommons.org/licenses/by-sa/4.0,https://en.wikipedia.org/wiki/File:Broad_stingray_OdySea_Aquarium.jpg,ok
32987,Dasychira olga,白齿茸毒蛾,,,,,,,no_image
33005,Dasyhelea ampelis,藤蔓毛蠓,,,,,,,no_image
33025,Dasyhelea caelata,浮雕毛蠓,,,,,,,no_image
33045,Dasyhelea dentiforceps,铗齿毛蠓,,,,,,,no_image
33065,Dasyhelea flava,黄色毛蠓,,,,,,,no_image
33085,Dasyhelea hesperos,西方毛蠓,,,,,,,no_image
33105,Dasyhelea longquana,龙泉毛蠓,,,,,,,no_image
33125,Dasyhelea nitida,闪烁毛蠓,,,,,,,no_image
33145,Dasyhelea ravida,暗灰毛蠓,,,,,,,no_image
33165,Dasyhelea surrecta,直立毛蠓,,,,,,,no_image
33185,Dasymallomyia clausa,棒毛大蚊,,,,,,,no_image
33196,Dasyphora quadrisetosa,四鬃毛蝇,,,,,,,no_image
138460,Dasyscyphella acutipilosa,,,,,,,,no_image
138557,Dasyscyphus ciliaris,,,,,,,,no_image
138577,Dasyscyphus mapirianus,,,,,,,,no_image
138597,Dasyscyphus willisii,,,,,,,,no_image
151217,Datronia stereoides,,,,,,,,no_image
96786,Davallia trichomanoides,骨碎补,images/00/09/00096786.webp,https://thumb.wikimedia.org/wikipedia/commons/thumb/9/9d/Davallia_trichomanoides_kz1.jpg/960px-Davallia_trichomanoides_kz1.jpg?utm_source=en.wikipedia.org&utm_campaign=api&utm_content=thumbnail,"Krzysztof Ziarnek, Kenraiz",CC BY-SA 4.0,https://creativecommons.org/licenses/by-sa/4.0,https://en.wikipedia.org/wiki/File:Davallia_trichomanoides_kz1.jpg,ok
3332,Davisia hexagrammi,六线鱼戴维虫,,,,,,,no_image
96801,Decaneuropsis gratiosa,台湾蔓斑鸠菊,,,,,,,no_image
15741,Decapauropus tribulosus,三尖十别少足,,,,,,,no_image
6377,Decatoecten radula,齿舌纹肋扇贝,,,,,,,no_image
33260,Decticus verrucivorus,疣谷盾螽,images/00/03/00033260.webp,https://thumb.wikimedia.org/wikipedia/commons/thumb/3/3b/Decticus_verrucivorus_%2842083043185%29.jpg/960px-Decticus_verrucivorus_%2842083043185%29.jpg?utm_source=en.wikipedia.org&utm_campaign=api&utm_content=thumbnail,xulescu_g,CC BY-SA 2.0,https://creativecommons.org/licenses/by-sa/2.0,https://en.wikipedia.org/wiki/File:Decticus_verrucivorus_(42083043185).jpg,ok
143754,Deightoniella bhopalensis,,,,,,,,no_image
33285,Deinopteroloma yinyang,,,,,,,,no_image
33294,Delia ancylosurstyla,曲叶地种蝇,,,,,,,no_image
33314,Delia dentiaedeagus,齿阳地种蝇,,,,,,,no_image
33334,Delia gracilis,瘦喙地种蝇,,,,,,,no_image
33354,Delia mastigophalla,鞭阳地种蝇,,,,,,,no_image
33374,Delia platura,灰地种蝇,images/00/03/00033374.webp,https://thumb.wikimedia.org/wikipedia/commons/thumb/7/72/Delia_platura%2C_Nebo%2C_North_Wales%2C_July_2012_%2817810923320%29.jpg/960px-Delia_platura%2C_Nebo%2C_North_Wales%2C_July_2012_%2817810923320%29.jpg?utm_source=en.wikipedia.org&utm_campaign=api&utm_content=thumbnail,Janet Graham,CC BY 2.0,https://creativecommons.org/licenses/by/2.0,"https://en.wikipedia.org/wiki/File:Delia_platura,_Nebo,_North_Wales,_July_2012_(17810923320).jpg",ok
33394,Delia trispinosa,长刺跗地种蝇,,,,,,,no_image
75205,Delichon urbicum,毛脚燕,images/00/07/00075205.webp,https://thumb.wikimedia.org/wikipedia/commons/thumb/2/2e/Mehlschwalbe_Delichon_urbicum.jpg/960px-Mehlschwalbe_Delichon_urbicum.jpg?utm_source=en.wikipedia.org&utm_campaign=api&utm_content=thumbnail,Andreas Trepte,CC BY-SA 2.5,https://creativecommons.org/licenses/by-sa/2.5,https://en.wikipedia.org/wiki/File:Mehlschwalbe_Delichon_urbicum.jpg,ok
96841,Delphinium autumnale,秋翠雀花,,,,,,,no_image
96874,Delphinium cheilanthum,唇花翠雀花,,,,,,,no_image
96907,Delphinium filibracteolum,丝苞翠雀花,,,,,,,no_image
96942,Delphinium hsinganense,兴安翠雀花,,,,,,,no_image
96971,Delphinium latilimbum,宽片翠雀花,,,,,,,no_image
96993,Delphinium micropetalum,小瓣翠雀花,,,,,,,no_image
97023,Delphinium pergameneum,纸叶翠雀花,,,,,,,no_image
97050,Delphinium pylzowii,大通翠雀花,,,,,,,no_image
97077,Delphinium taliense,大理翠雀花,,,,,,,no_image
97112,Delphinium wangii,秀丽翠雀花,,,,,,,no_image
97135,Delphinium zhanangense,扎囊翠雀花,,,,,,,no_image
274,Demania baccalipes,桨果鳞斑蟹,,,,,,,no_image
33463,Demicryptochironomus spatulatus,宽尖拟隐摇蚊,,,,,,,no_image
33481,Demonax diversefasciatus,,,,,,,,no_image
33501,Demonax kheoae,,,,,,,,no_image
33524,Demonax occultus,,,,,,,,no_image
33544,Demonax rufus,,,,,,,,no_image
33564,Demonax tsitoensis,,,,,,,,no_image
33584,Demotina inaequalis,驼茶肖叶甲,,,,,,,no_image
137163,Dendriscocaulon bolacinum,,,,,,,,no_image
97153,Dendrobium chrysocrepis,勐腊石斛,,,,,,,no_image
97173,Dendrobium gibsonii,曲轴石斛,,https://upload.wikimedia.org/wikipedia/commons/a/a6/Dendrobium_gibsonii.jpg?utm_source=en.wikipedia.org&utm_campaign=api&utm_content=thumbnail_unscaled,,CC BY-SA 3.0,http://creativecommons.org/licenses/by-sa/3.0/,https://en.wikipedia.org/wiki/File:Dendrobium_gibsonii.jpg,download_failed
97193,Dendrobium libingtaoi,秉滔石斛,,,,,,,no_image
97216,Dendrobium polyanthum,报春石斛,,,,,,,no_image
97236,Dendrobium wardianum,大苞鞘石斛,images/00/09/00097236.webp,https://thumb.wikimedia.org/wikipedia/commons/thumb/b/b4/%E5%A4%A7%E8%8B%9E%E9%9E%98%E7%9F%B3%E6%96%9B_Dendrobium_wardianum_-%E9%A6%99%E6%B8%AF%E9%9D%92%E6%9D%BE%E8%A7%80%E8%98%AD%E8%8A%B1%E5%B1%95_Tuen_Mun%2C_Hong_Kong-_%289255176140%29.jpg/960px-%E5%A4%A7%E8%8B%9E%E9%9E%98%E7%9F%B3%E6%96%9B_Dendrobium_wardianum_-%E9%A6%99%E6%B8%AF%E9%9D%92%E6%9D%BE%E8%A7%80%E8%98%AD%E8%8A%B1%E5%B1%95_Tuen_Mun%2C_Hong_Kong-_%289255176140%29.jpg?utm_source=en.wikipedia.org&utm_campaign=api&utm_content=thumbnail,阿橋 HQ,CC BY-SA 2.0,https://creativecommons.org/licenses/by-sa/2.0,"https://en.wikipedia.org/wiki/File:大苞鞘石斛_Dendrobium_wardianum_-香港青松觀蘭花展_Tuen_Mun,_Hong_Kong-_(9255176140).jpg",ok
97258,Dendrocalamus jianshuiensis,建水龙竹,,,,,,,no_image
97282,Dendrocalamus strictus,牡竹,images/00/09/00097282.webp,https://thumb.wikimedia.org/wikipedia/commons/thumb/5/52/Bamboo_leaves1.JPG/960px-Bamboo_leaves1.JPG?utm_source=en.wikipedia.org&utm_campaign=api&utm_content=thumbnail,LRBurdak,CC BY-SA 3.0,https://creativecommons.org/licenses/by-sa/3.0,https://en.wikipedia.org/wiki/File:Bamboo_leaves1.JPG,ok
97295,Dendrocnide basirotunda,圆基火麻树,,,,,,,no_image
33594,Dendrolasiophilus monstrotibialis,,,,,,,,no_image
33616,Dendrolimus liui,玉树松毛虫,,,,,,,no_image
97308,Dendrolobium lanceolatum,单节假木豆,,,,,,,no_image
97326,Dendropanax productus,长萼树参,,,,,,,no_image
142827,Dendrothele alliacea,,,,,,,,no_image
97338,Dendrotrophe varians,寄生藤,,,,,,,no_image
8774,Dentalium aprinum,青角贝,,,,,,,no_image
5782,Dentinephtys glabra,圆锯齿吻沙蚕,,,,,,,no_image
97351,Deparia auriculata,大耳蛾眉蕨,,,,,,,no_image
97375,Deparia heterophlebia,网蕨,,,,,,,no_image
97405,Deparia setigera,刺毛介蕨,,,,,,,no_image
33662,Deraeocoris albidus,白盾齿爪盲蝽,,,,,,,no_image
33682,Deraeocoris horvathi,南齿爪盲蝽,,,,,,,no_image
33702,Deraeocoris ruber,红齿爪盲蝽,images/00/03/00033702.webp,https://thumb.wikimedia.org/wikipedia/commons/thumb/f/ff/Deraeocoris_ruber_MHNT_Type.jpg/960px-Deraeocoris_ruber_MHNT_Type.jpg?utm_source=en.wikipedia.org&utm_campaign=api&utm_content=thumbnail,Didier Descouens,CC BY-SA 3.0,https://creativecommons.org/licenses/by-sa/3.0,https://en.wikipedia.org/wiki/File:Deraeocoris_ruber_MHNT_Type.jpg,ok
33728,Dere nigripennis,,,,,,,,no_image
134737,Dermatocarpon miniatum,皮果衣,images/00/13/00134737.webp,https://thumb.wikimedia.org/wikipedia/commons/thumb/4/44/Dermatocarpon_miniatum_Jymm.jpg/960px-Dermatocarpon_miniatum_Jymm.jpg?utm_source=en.wikipedia.org&utm_campaign=api&utm_content=thumbnail,Jymm,CC BY-SA 4.0,https://creativecommons.org/licenses/by-sa/4.0,https://en.wikipedia.org/wiki/File:Dermatocarpon_miniatum_Jymm.jpg,ok
33739,Dermorhytis yunnanensis,云南皱皮肖叶甲,,,,,,,no_image
33764,Derops yunnanus,,,,,,,,no_image
97454,Derris scabricaulis,粗茎鱼藤,,,,,,,no_image
75259,Desmodema polystictum,多斑扇尾鱼,images/00/07/00075259.webp,https://thumb.wikimedia.org/wikipedia/commons/thumb/7/76/Dealfish.jpg/960px-Dealfish.jpg?utm_source=en.wikipedia.org&utm_campaign=api&utm_content=thumbnail,Personnel of NOAA Ship DELAWARE II,Public domain,,https://en.wikipedia.org/wiki/File:Dealfish.jpg,ok
97482,Desmos grandifolius,大叶假鹰爪,,,,,,,no_image
33787,Deutoleon turanicus,图兰次蚁蛉,,,,,,,no_image
97511,Deutzia glomeruliflora,球花溲疏,,,,,,,no_image
97538,Deutzia schneideriana,长江溲疏,images/00/09/00097538.webp,https://thumb.wikimedia.org/wikipedia/commons/thumb/3/39/Deutzia_schneideriana_-_Botanischer_Garten%2C_Frankfurt_am_Main_-_DSC02512.JPG/960px-Deutzia_schneideriana_-_Botanischer_Garten%2C_Frankfurt_am_Main_-_DSC02512.JPG?utm_source=en.wikipedia.org&utm_campaign=api&utm_content=thumbnail,Daderot,CC0,http://creativecommons.org/publicdomain/zero/1.0/deed.en,"https://en.wikipedia.org/wiki/File:Deutzia_schneideriana_-_Botanischer_Garten,_Frankfurt_am_Main_-_DSC02512.JPG",ok
6805,Devonia semperi,内壳德文蛤,,,,,,,no_image
33808,Dexiomimops curtipes,残邻寄蝇,,,,,,,no_image
152558,Dextrinocystidium sacratum,,,,,,,,no_image
97573,Deyeuxia nepalensis,顶芒野青茅,,,,,,,no_image
33826,Diacrisia sannio,排点灯蛾,,https://thumb.wikimedia.org/wikipedia/commons/thumb/7/76/Diacrisia_sannio-06.jpg/960px-Diacrisia_sannio-06.jpg?utm_source=en.wikipedia.org&utm_campaign=api&utm_content=thumbnail,,,,https://en.wikipedia.org/wiki/Diacrisia_sannio,license_rejected
33837,Dialineura gorodkovi,高氏粗柄剑虻,,,,,,,no_image
33857,Diamesa steinboecki,史坦贝克氏寡角摇蚊,,,,,,,no_image
33874,Dianous angulifer,,,,,,,,no_image
33896,Dianous coeruleomicans,,,,,,,,no_image
33916,Dianous farkaci,,,,,,,,no_image
33939,Dianous lilizheni,,,,,,,,no_image
33959,Dianous rimosipennis,,,,,,,,no_image
33979,Dianous suciniguttatus,,,,,,,,no_image
33999,Dianphasma cheni,陈氏滇䗛,,,,,,,no_image
97611,Dianthus repens,簇茎石竹,images/00/09/00097611.webp,https://thumb.wikimedia.org/wikipedia/commons/thumb/b/bf/Dianthus_repens_33526433.jpg/960px-Dianthus_repens_33526433.jpg?utm_source=en.wikipedia.org&utm_campaign=api&utm_content=thumbnail,Ilya Filippov,CC BY 4.0,https://creativecommons.org/licenses/by/4.0,https://en.wikipedia.org/wiki/File:Dianthus_repens_33526433.jpg,ok
34012,Diaphorus biprojicientis,双突异长足虻,,,,,,,no_image
34032,Diaphorus lividus,黄腰异长足虻,,,,,,,no_image
34052,Diaphorus tridentatus,三齿异长足虻,,,,,,,no_image
75288,Diaphus parri,帕尔眶灯鱼,,,,,,,no_image
141347,Diaporthe juglandina,,,,,,,,no_image
97626,Diarrhena japonica,日本龙常草,,,,,,,no_image
34078,Diarsia fannyi,范歹夜蛾,,,,,,,no_image
34098,Diarsia sciera,阴歹夜蛾,,,,,,,no_image
144518,Diatrype enteroxantha,,,,,,,,no_image
34114,Dibrachys golmudica,格尔木黑青金小蜂,,,,,,,no_image
75314,Dicaeum melanozanthum,黄腹啄花鸟,images/00/07/00075314.webp,https://thumb.wikimedia.org/wikipedia/commons/thumb/7/70/Yellow-bellied_flowerpecker_%28Dicaeum_melanoxanthum%29_01.jpg/960px-Yellow-bellied_flowerpecker_%28Dicaeum_melanoxanthum%29_01.jpg?utm_source=en.wikipedia.org&utm_campaign=api&utm_content=thumbnail,Creepanta,CC BY-SA 4.0,https://creativecommons.org/licenses/by-sa/4.0,https://en.wikipedia.org/wiki/File:Yellow-bellied_flowerpecker_(Dicaeum_melanoxanthum)_01.jpg,ok
34127,Dicelosternus corallinus,,,,,,,,no_image
34140,Dichaetomyia declivityata,毛坡重毫蝇,,,,,,,no_image
34160,Dichaetomyia scabipollinosa,鳞被重毫蝇,,,,,,,no_image
34180,Dichaetophora raridentata,辐齿双鬃果蝇,,,,,,,no_image
97644,Dichocarpum basilare,基叶人字果,,,,,,,no_image
151219,Dichomitus leucoplacus,白扁叉丝孔菌,,,,,,,no_image
97666,Dichroa fistulosa,广东常山,,,,,,,no_image
97675,Dickinsia hydrocotyloides,马蹄芹,,,,,,,no_image
97685,Dicranella coarctata,南亚小曲尾藓,,,,,,,no_image
97701,Dicranodontium caespitosum,丛叶青毛藓,,,,,,,no_image
34221,Dicranomyia baileyi,贝利细大蚊,,,,,,,no_image
34241,Dicranomyia incisurata,锐裂细大蚊,,,,,,,no_image
34261,Dicranomyia paramorio,平行细大蚊,,,,,,,no_image
34281,Dicranomyia subtristoides,暗细大蚊,,,,,,,no_image
34291,Dicranophragma dorsolineatum,条背篱大蚊,,,,,,,no_image
34304,Dicranoptycha pallidibasis,基白褶大蚊,,,,,,,no_image
34320,Dicranota angustistyla,细柱叉大蚊,,,,,,,no_image
97729,Dicranoweisia indica,南亚卷毛藓,,,,,,,no_image
97749,Dicranum majus,多蒴曲尾藓,,https://upload.wikimedia.org/wikipedia/commons/9/90/Dicranum.majus.jpg?utm_source=en.wikipedia.org&utm_campaign=api&utm_content=thumbnail_unscaled,James K. Lindsey,CC BY-SA 3.0,https://creativecommons.org/licenses/by-sa/3.0,https://en.wikipedia.org/wiki/File:Dicranum.majus.jpg,download_failed
75321,Dicrolene quinquarius,五指丝指鼬鳚,,,,,,,no_image
10292,Dicruvasates chitoeniae,,,,,,,,no_image
13595,Dictyna foliicola,黑斑卷叶蛛,,,,,,,no_image
131787,Dictyocyclus hydrangeae,,,,,,,,no_image
97768,Dictyospermum conspicuum,网籽草,,,,,,,no_image
133463,Dictyosporium oblongum,,,,,,,,no_image
34370,Dicyphococcus bigibbus,滇双角蜡蚧,,,,,,,no_image
34388,Dideoides latus,侧斑直脉蚜蝇,,,,,,,no_image
97775,Didymocarpus adenocalyx,腺萼长蒴苣苔,,,,,,,no_image
97798,Didymocarpus sinoindicus,中印长蒴苣苔,,,,,,,no_image
97822,Didymodon ferrugineus,反叶对齿藓,,,,,,,no_image
97844,Didymodon rufidulus,剑叶对齿藓,,,,,,,no_image
142856,Didymoporisporonites ovatus,,,,,,,,no_image
141685,Didymostilbe coffeae,,,,,,,,no_image
34407,Diestrammena caverna,洞穴裸灶螽,,,,,,,no_image
97888,Digitaria jubata,棒毛马唐,,,,,,,no_image
34415,Diglyphomorphomyia hainana,海南雕姬小蜂,,,,,,,no_image
34434,Dilar cornutus,角突栉角蛉,,,,,,,no_image
34454,Dilar spectabilis,深斑栉角蛉,,,,,,,no_image
34467,Dilophus dangchanganus,宕昌棘毛蚊,,,,,,,no_image
34479,Dimeracris prasina,草绿异色蝗,,,,,,,no_image
97923,Dimetia brevipetiolata,短柄藤耳草,,,,,,,no_image
34488,Dindica kishidai,克峰尺蛾,,https://thumb.wikimedia.org/wikipedia/commons/thumb/6/65/A37-20150213-021_%2816727211207%29.jpg/960px-A37-20150213-021_%2816727211207%29.jpg?utm_source=en.wikipedia.org&utm_campaign=api&utm_content=thumbnail,,,,https://en.wikipedia.org/wiki/Dindica_kishidai,license_rejected
97933,Dinebra retroflexa,弯穗草,,,,,,,no_image
34522,Dinera longirostris,长喙迪内寄蝇,,,,,,,no_image
34535,Dinocarsis hemiptera,,,,,,,,no_image
34553,Dinothenarus sagaris,,,,,,,,no_image
34573,Diochus bisegmentatus,,,,,,,,no_image
5217,Diogener gardineri,单脊活额寄居蟹,,,,,,,no_image
34589,Dioides minutus,微突异缟蝇,,,,,,,no_image
136831,Diorygma pruinosum,粉霜盘衣,,,,,,,no_image
97969,Dioscorea exalata,无翅参薯,,,,,,,no_image
97996,Dioscorea polystachya,薯蓣,,https://upload.wikimedia.org/wikipedia/commons/3/3b/Dioscorea_polystachya_%28batatas%29.jpg?utm_source=en.wikipedia.org&utm_campaign=api&utm_content=thumbnail_unscaled,,Public domain,,https://en.wikipedia.org/wiki/File:Dioscorea_polystachya_(batatas).jpg,download_failed
98019,Diospyros caloneura,美脉柿,,,,,,,no_image
98039,Diospyros hexamera,六花柿,,,,,,,no_image
98062,Diospyros oleifera,油柿,images/00/09/00098062.webp,https://thumb.wikimedia.org/wikipedia/commons/thumb/3/3d/Diospyros_oleifera%2C_Hangzhou_Botanical_Garden_2018.06.03_15-50-53.jpg/960px-Diospyros_oleifera%2C_Hangzhou_Botanical_Garden_2018.06.03_15-50-53.jpg?utm_source=en.wikipedia.org&utm_campaign=api&utm_content=thumbnail,Zhangzhugang,CC BY-SA 4.0,https://creativecommons.org/licenses/by-sa/4.0,"https://en.wikipedia.org/wiki/File:Diospyros_oleifera,_Hangzhou_Botanical_Garden_2018.06.03_15-50-53.jpg",ok
98083,Diospyros xishuangbannaensis,版纳柿,,,,,,,no_image
34613,Diostracus longicercus,长尾巨口长足虻,,,,,,,no_image
34625,Dioxyna sororcula,莴苣长唇实蝇,images/00/03/00034625.webp,https://thumb.wikimedia.org/wikipedia/commons/thumb/3/3d/Dioxyna_sororcula_03.JPG/960px-Dioxyna_sororcula_03.JPG?utm_source=en.wikipedia.org&utm_campaign=api&utm_content=thumbnail,AfroBrazilian,CC BY-SA 4.0,https://creativecommons.org/licenses/by-sa/4.0,https://en.wikipedia.org/wiki/File:Dioxyna_sororcula_03.JPG,ok
34629,Diphtherocome fasciata,条青夜蛾,,,,,,,no_image
98101,Diphyscium fulvifolium,东亚短颈藓,,,,,,,no_image
34640,Diplatys dolens,刀丝尾螋,,,,,,,no_image
98124,Diplazium calogrammoides,拟长果短肠蕨,,,,,,,no_image
98149,Diplazium hainanense,海南双盖蕨,,,,,,,no_image
98173,Diplazium maximum,大叶短肠蕨,,,,,,,no_image
98195,Diplazium pullingeri,毛轴线盖蕨,,,,,,,no_image
98222,Diplazium viridissimum,深绿短肠蕨,,,,,,,no_image
34652,Diplochasma monochaeta,单鬃颜脊缟蝇,,,,,,,no_image
75373,Diploderma drukdaypo,侏攀蜥,,,,,,,no_image
75393,Diploderma qilin,麒麟攀蜥（麒麟龙蜥）,,,,,,,no_image
131801,Diplodia mori,,,,,,,,no_image
98237,Diplomeris hirsuta,毛叶合柱兰,,,,,,,no_image
34666,Diplonevra spinibotra,蔟刺栅蚤蝇,,,,,,,no_image
98248,Diplopterygium blotianum,阔片里白,,,,,,,no_image
75415,Diplospinus multistriatus,双棘蛇鲭,,,,,,,no_image
142881,Diplozythiella bambusina,,,,,,,,no_image
11661,Dipoena submustelina,拟黄圆腹蛛,,,,,,,no_image
142892,Diporicellaesporites minutus,,,,,,,,no_image
9824,Diptacus abelis,,,,,,,,no_image
9808,Diptacus lonicerae,,,,,,,,no_image
9881,Diptacus zhouzhisis,,,,,,,,no_image
9815,Diptilomiopus buxusis,,,,,,,,no_image
9774,Diptilomiopus lithocarpr,,,,,,,,no_image
7359,Dipurena ophiogaster,拟长管水母,,,,,,,no_image
34690,Disasuridia virgula,枝角苔蛾,,,,,,,no_image
139687,Discina ancilis,平盘菌,images/00/13/00139687.webp,https://thumb.wikimedia.org/wikipedia/commons/thumb/0/07/Discina_perlata_95195.jpg/960px-Discina_perlata_95195.jpg?utm_source=en.wikipedia.org&utm_campaign=api&utm_content=thumbnail,Alan Rockefeller,CC BY-SA 3.0,https://creativecommons.org/licenses/by-sa/3.0,https://en.wikipedia.org/wiki/File:Discina_perlata_95195.jpg,ok
34704,Discocerina obscurella,暗毛颜水蝇,,https://upload.wikimedia.org/wikipedia/commons/9/90/Discocerina_obscurella_from_ZSM.jpg?utm_source=en.wikipedia.org&utm_campaign=api&utm_content=thumbnail_unscaled,Zoologische Staatssammlung Munchen,CC BY-SA 3.0,https://creativecommons.org/licenses/by-sa/3.0,https://en.wikipedia.org/wiki/File:Discocerina_obscurella_from_ZSM.jpg,download_failed
75449,Discogobio yunnanensis,云南盘&#x0000E068;,,,,,,,no_image
10635,Disella baisensis,,,,,,,,no_image
155811,Dispira simplex,简单双卷霉,,,,,,,no_image
98317,Disporum sinovietnamicum,中越万寿竹,,,,,,,no_image
34732,Distenia nigrosparsa,,,https://thumb.wikimedia.org/wikipedia/commons/thumb/3/32/Distenia_nigrosparsa_%2851639035896%29.jpg/960px-Distenia_nigrosparsa_%2851639035896%29.jpg?utm_source=en.wikipedia.org&utm_campaign=api&utm_content=thumbnail,,,,https://en.wikipedia.org/wiki/Distenia_nigrosparsa,license_rejected
98332,Distichophyllum cirratum,卷叶黄藓,,,,,,,no_image
75453,Distoechodon macrophthalmus,大眼圆吻鲴,,,,,,,no_image
8572,Distorsio perdistorta,白扭螺,images/00/00/00008572.webp,https://thumb.wikimedia.org/wikipedia/commons/thumb/9/91/Distorsio_perdistorta_%283900036169%29.jpg/960px-Distorsio_perdistorta_%283900036169%29.jpg?utm_source=en.wikipedia.org&utm_campaign=api&utm_content=thumbnail,Richard Parker,CC BY 2.0,https://creativecommons.org/licenses/by/2.0,https://en.wikipedia.org/wiki/File:Distorsio_perdistorta_(3900036169).jpg,ok
98370,Distylium tsiangii,黔蚊母树,,,,,,,no_image
98381,Ditrichum rhynchostegium,长齿牛毛藓,,,,,,,no_image
34789,Ditrigona margarita,珠白钩蛾,,,,,,,no_image
98384,Diuranthera chinglingensis,秦岭鹭鸶草,,,,,,,no_image
34824,Dixella ganjiangana,干将长细蚊,,,,,,,no_image
154736,Doassansiopsis horiana,,,,,,,,no_image
34847,Docosia gutianshana,古田山多菌蚊,,,,,,,no_image
6284,Dodophotis digitata,指多亮钩虾,,,,,,,no_image
34885,Dohrniphora malaysiae,马来栓蚤蝇,,,,,,,no_image
34908,Dolgoma reticulata,网朵苔蛾,,,,,,,no_image
34918,Dolichocephala tibetensis,西藏长头舞虻,,,,,,,no_image
9526,Dolichonobia altaiensis,,,,,,,,no_image
34950,Dolichopeza magnisternata,腹突裸纤足大蚊,,,,,,,no_image
34970,Dolichopodomintho takanoi,高氏长爪寄蝇,,,,,,,no_image
34989,Dolichopus galeatus,毛束长足虻,,,,,,,no_image
35009,Dolichopus nitidus,长尾鬃长足虻,,,,,,,no_image
35029,Dolichopus tewoensis,迭部长足虻,,,,,,,no_image
98409,Dolichos trilobus,镰扁豆,,,,,,,no_image
35054,Dolichosciara rectospinosa,直刺突眼蕈蚊,,,,,,,no_image
12670,Dolomedes chinesus,梨形狡蛛,,,,,,,no_image
98415,Dolomiaea georgei,腺叶川木香,,,,,,,no_image
35071,Domene contiger,,,,,,,,no_image
8846,Dometorina crystallina,明庭甲螨,,,,,,,no_image
151221,Donkioporia expansa,扩展董氏孔菌,,,,,,,no_image
35096,Dophla evelina,绿蛱蝶,,https://upload.wikimedia.org/wikipedia/commons/a/a2/DophlaDerma230_1.jpg?utm_source=en.wikipedia.org&utm_campaign=api&utm_content=thumbnail_unscaled,Frederic Moore,Public domain,,https://en.wikipedia.org/wiki/File:DophlaDerma230_1.jpg,download_failed
35123,Dorcadion musarti,,,,,,,,no_image
98449,Doronicum micranthum,小花多榔菊,,,,,,,no_image
75461,Doryrhamphus excisus,蓝带矛吻海龙,,https://upload.wikimedia.org/wikipedia/commons/2/2f/Doryrhamphus_excisus.jpg?utm_source=en.wikipedia.org&utm_campaign=api&utm_content=thumbnail_unscaled,Andreas März from Flickr:[1],CC BY 2.0,https://creativecommons.org/licenses/by/2.0,https://en.wikipedia.org/wiki/File:Doryrhamphus_excisus.jpg,download_failed
35166,Dorysthenes zivetta,,,,,,,,no_image
133670,Dothidotthia aspera,,,,,,,,no_image
35175,Downesia kwangtunga,广东平脊甲,,,,,,,no_image
98463,Draba bhutanica,不丹葶苈,,,,,,,no_image
98483,Draba kongboiana,贡布葶苈,,,,,,,no_image
98503,Draba remotiflora,疏花葶苈,,,,,,,no_image
35189,Drabescoides nuchalis,阔颈叶蝉,,,,,,,no_image
35209,Drabescus lii,李氏胫槽叶蝉,,,,,,,no_image
98523,Dracaena elliptica,细枝龙血树,images/00/09/00098523.webp,https://thumb.wikimedia.org/wikipedia/commons/thumb/b/bd/Dracaena_elliptica_323192074.jpg/960px-Dracaena_elliptica_323192074.jpg?utm_source=en.wikipedia.org&utm_campaign=api&utm_content=thumbnail,Ganjar Cahyadi,CC BY 4.0,https://creativecommons.org/licenses/by/4.0,https://en.wikipedia.org/wiki/File:Dracaena_elliptica_323192074.jpg,ok
98541,Dracocephalum isabellae,白萼青兰,,,,,,,no_image
98565,Dracocephalum velutinum,绒叶毛建草,,,,,,,no_image
12321,Draconarius brachialis,臂状龙隙蛛,,,,,,,no_image
12127,Draconarius denisi,丹氏龙隙蛛,,,,,,,no_image
12246,Draconarius haopingensis,嵩坪龙隙蛛,,,,,,,no_image
12420,Draconarius longlingensis,龙陵龙隙蛛,,,,,,,no_image
12100,Draconarius paralleloides,类平行龙隙蛛,,,,,,,no_image
12220,Draconarius quattour,四龙隙蛛,,,,,,,no_image
12114,Draconarius subterebratus,近孔龙隙蛛,,,,,,,no_image
12229,Draconarius ventrifurcatus,腹叉龙隙蛛,,,,,,,no_image
35228,Drapetis apiciniger,端黑隐肩舞虻,,,,,,,no_image
13842,Drassodes jiufeng,九峰掠蛛,,,,,,,no_image
13848,Drassyllus pusillus,小近狂蛛,,,,,,,no_image
35249,Drasteria tenera,古妃夜蛾,,https://upload.wikimedia.org/wikipedia/commons/8/82/Drasteria_tenera.jpg?utm_source=en.wikipedia.org&utm_campaign=api&utm_content=thumbnail_unscaled,,,,https://en.wikipedia.org/wiki/Drasteria_tenera,license_rejected
18080,Drawida sinica,中国杜拉蚓,,,,,,,no_image
35251,Drepana dispdata,二点镰钩蛾,,,,,,,no_image
98592,Drepanolejeunea fleischeri,费氏针鳞苔,,,,,,,no_image
35266,Drepanosticta brownelli,白尾镰扁蟌,,,,,,,no_image
35281,Drino auricapita,金头赘寄蝇,,,,,,,no_image
35301,Drino longiforceps,长尾赘寄蝇,,,,,,,no_image
145260,Drosella irrorata,,,,,,,,no_image
35328,Drosophila audientis,丽果蝇,,,,,,,no_image
35348,Drosophila brevitabula,短板果蝇,,,,,,,no_image
35368,Drosophila fluvialis,溪流果蝇,,,,,,,no_image
35388,Drosophila immigrans,伊米果蝇,images/00/03/00035388.webp,https://thumb.wikimedia.org/wikipedia/commons/thumb/2/27/Drosophila_immigrans_side_on_%2814412343468%29.jpg/960px-Drosophila_immigrans_side_on_%2814412343468%29.jpg?utm_source=en.wikipedia.org&utm_campaign=api&utm_content=thumbnail,"John Tann from Sydney, Australia",CC BY 2.0,https://creativecommons.org/licenses/by/2.0,https://en.wikipedia.org/wiki/File:Drosophila_immigrans_side_on_(14412343468).jpg,ok
35408,Drosophila liui,刘氏果蝇,,,,,,,no_image
35429,Drosophila neobusckii,新巴氏果蝇,,,,,,,no_image
35449,Drosophila papilla,乳头果蝇,,,,,,,no_image
35470,Drosophila quadraria,季白颜果蝇,,,,,,,no_image
35490,Drosophila solstitialis,仲夏果蝇,,,,,,,no_image
35512,Drosophila triauraria,叔白颜果蝇,,,,,,,no_image
35529,Drumontiana francottei,,,,,,,,no_image
35540,Drusilla lativentris,,,,,,,,no_image
35555,Drymeia altica,高山胡蝇,,,,,,,no_image
35575,Drymeia ganziensis,甘孜胡蝇,,,,,,,no_image
35596,Drymeia naticerca,臀叶胡蝇,,,,,,,no_image
35616,Drymeia spinicosta,栉缘胡蝇,,,,,,,no_image
98642,Drynaria mollis,毛槲蕨,,,,,,,no_image
98654,Dryopteris acrophorus,滇缅鱼鳞蕨,,,,,,,no_image
98676,Dryopteris championii,阔鳞鳞毛蕨,,,,,,,no_image
98700,Dryopteris dulongensis,独龙江轴鳞蕨,,,,,,,no_image
98722,Dryopteris gymnosora,裸果鳞毛蕨,,,,,,,no_image
98742,Dryopteris juxtaposita,粗齿鳞毛蕨,,,,,,,no_image
98762,Dryopteris mengshanensis,蒙山鳞毛蕨,,,,,,,no_image
98784,Dryopteris pseudocaenopteris,红腺蕨,,,,,,,no_image
98804,Dryopteris shikokiana,无盖肉刺蕨,,,,,,,no_image
98826,Dryopteris subreflexipinna,微弯假复叶耳蕨,,,,,,,no_image
98848,Dryopteris wuyishanica,武夷山鳞毛蕨,,,,,,,no_image
98866,Drypetes longistipitata,细柄核果木,,,,,,,no_image
98877,Dubyaea glaucescens,光滑厚喙菊,,,,,,,no_image
9331,Dudichoplophora reticulata,,,,,,,,no_image
98897,Dumasia cordifolia,心叶山黑豆,,,,,,,no_image
98920,Dunbaria fusca,黄毛野扁豆,,,,,,,no_image
35664,Duriopsilla retarius,莲瓢蜡蝉,,,,,,,no_image
142908,Dyadosporonites stenosus,,,,,,,,no_image
2968,Dynomene praedator,捕食贝绵蟹,,,,,,,no_image
35691,Dysgonia crameri,无肾巾夜蛾,images/00/03/00035691.webp,https://thumb.wikimedia.org/wikipedia/commons/thumb/b/b8/Moth_specied_found_in_Sri_Lanka%2C_taken_from_Bakamuna.jpg/960px-Moth_specied_found_in_Sri_Lanka%2C_taken_from_Bakamuna.jpg?utm_source=en.wikipedia.org&utm_campaign=api&utm_content=thumbnail,Gihan Jayaweera,CC BY-SA 3.0,https://creativecommons.org/licenses/by-sa/3.0,"https://en.wikipedia.org/wiki/File:Moth_specied_found_in_Sri_Lanka,_taken_from_Bakamuna.jpg",ok
35708,Dysmicoccus dengwuensis,秀洁粉蚧,,,,,,,no_image
98944,Dysosma delavayi,川八角莲,,,,,,,no_image
98964,Dysoxylum parasiticum,大花樫木,images/00/09/00098964.webp,https://thumb.wikimedia.org/wikipedia/commons/thumb/e/ea/Dysoxylum_parasiticum_Mount_Hypipamee_Crater_Atherton_Tableland_Queensland_1987_IGA_29_3_2018_6_10_32_139b.tif/lossy-page1-960px-Dysoxylum_parasiticum_Mount_Hypipamee_Crater_Atherton_Tableland_Queensland_1987_IGA_29_3_2018_6_10_32_139b.tif.jpg?utm_source=en.wikipedia.org&utm_campaign=api&utm_content=thumbnail,John Robert McPherson,CC BY-SA 4.0,https://creativecommons.org/licenses/by-sa/4.0,https://en.wikipedia.org/wiki/File:Dysoxylum_parasiticum_Mount_Hypipamee_Crater_Atherton_Tableland_Queensland_1987_IGA_29_3_2018_6_10_32_139b.tif,ok
35738,Dysstroma incolorata,闲涤尺蛾,,,,,,,no_image
35759,Dzhanokmenia brevifunis,短角宽脉啮小蜂,,,,,,,no_image
35779,Earias roseifera,玫斑钻夜蛾,,,,,,,no_image
35787,Ebertidia hadenoides,松敏夜蛾,,,,,,,no_image
35799,Ecacanthothrips tibialis,胫锥管蓟马,,,,,,,no_image
35814,Echiaster maior,,,,,,,,no_image
14456,Echinax panache,羽状刺蛛,images/00/01/00014456.webp,https://thumb.wikimedia.org/wikipedia/commons/thumb/b/b1/Echinax_panache_182386980.jpg/960px-Echinax_panache_182386980.jpg?utm_source=en.wikipedia.org&utm_campaign=api&utm_content=thumbnail,Lawrence Hylton,CC BY 4.0,https://creativecommons.org/licenses/by/4.0,https://en.wikipedia.org/wiki/File:Echinax_panache_182386980.jpg,ok
145264,Echinoderma hystrix,,,,,,,,no_image
6142,Echinoneus cyclostomus,卵圆斜海胆,,,,,,,no_image
99000,Echinops przewalskyi,火烙草,,,,,,,no_image
5581,Echinothrix diadema,冠刺棘海胆,images/00/00/00005581.webp,https://thumb.wikimedia.org/wikipedia/commons/thumb/8/8e/Echinothrix_diadema_bleu.jpg/960px-Echinothrix_diadema_bleu.jpg?utm_source=en.wikipedia.org&utm_campaign=api&utm_content=thumbnail,Florence Trentin,CC BY-SA 3.0,https://creativecommons.org/licenses/by-sa/3.0,https://en.wikipedia.org/wiki/File:Echinothrix_diadema_bleu.jpg,ok
35840,Ecliptopera angustaria,狭折线尺蛾,,,,,,,no_image
35867,Ecphymacris lofaoshana,罗浮山疹蝗,,,,,,,no_image
35875,Ectmetopterus comitans,褐跃盲蝽,,,,,,,no_image
7506,Ectopleura xiamenensis,厦门外肋水母,,,,,,,no_image
99028,Ectropothecium yasudae,台湾偏蒴藓,,,,,,,no_image
35905,Edaphus acestes,,,,,,,,no_image
35925,Edaphus cribricollis,,,,,,,,no_image
35945,Edaphus klapperichianus,,,,,,,,no_image
35965,Edaphus perodibilis,,,,,,,,no_image
35985,Edaphus trilineatus,,,,,,,,no_image
16853,Egaenus asiaticus,亚洲贫盲蛛,,,,,,,no_image
36013,Egesina setosa,,,,,,,,no_image
36031,Egnatioides xinjiangensis,新疆拟皱腹蝗,,,,,,,no_image
99038,Ehretia confinis,云南粗糠树,,,,,,,no_image
36037,Eilema auriflua,耳土苔蛾,,,,,,,no_image
36059,Eilema milina,米林土苔蛾,,,,,,,no_image
7386,Eirene lacteoides,拟柄突和平水母,,,,,,,no_image
36080,Elachertus pilifer,具毛狭面姬小蜂,,,,,,,no_image
99052,Elaeagnus angustata,窄叶木半夏,,,,,,,no_image
99085,Elaeagnus guizhouensis,贵州羊奶子,,,,,,,no_image
99112,Elaeagnus obovatifolia,弄化胡颓子,,,,,,,no_image
99132,Elaeagnus tutcheri,香港胡颓子,,,,,,,no_image
99154,Elaeocarpus decipiens,杜英,images/00/09/00099154.webp,https://thumb.wikimedia.org/wikipedia/commons/thumb/4/49/Elaeocarpus_decipiens_02.jpg/960px-Elaeocarpus_decipiens_02.jpg?utm_source=en.wikipedia.org&utm_campaign=api&utm_content=thumbnail,KATHERINE WAGNER-REISS,CC BY-SA 4.0,https://creativecommons.org/licenses/by-sa/4.0,https://en.wikipedia.org/wiki/File:Elaeocarpus_decipiens_02.jpg,ok
99186,Elaeocarpus nitentifolius,绢毛杜英,,,,,,,no_image
75549,Elaphe bimaculata,双斑锦蛇,,https://upload.wikimedia.org/wikipedia/commons/c/cc/Elaphe_bimaculata.jpg?utm_source=en.wikipedia.org&utm_campaign=api&utm_content=thumbnail_unscaled,J. Polák,CC0,http://creativecommons.org/publicdomain/zero/1.0/deed.en,https://en.wikipedia.org/wiki/File:Elaphe_bimaculata.jpg,download_failed
99206,Elaphoglossum yoshinagae,华南舌蕨,,,,,,,no_image
36109,Elaphropeza centristria,中条黄隐肩舞虻,,,,,,,no_image
36129,Elaphropeza longiconica,长锥黄隐肩舞虻,,,,,,,no_image
36149,Elaphropeza trimacula,准三班黄隐肩舞虻,,,,,,,no_image
2133,Elasmopus pocillimanus,杯掌片钩虾,,,,,,,no_image
99212,Elatostema actinodromum,辐脉楼梯草,,,,,,,no_image
99238,Elatostema asterocephalum,星序楼梯草,,,,,,,no_image
99264,Elatostema bomiense,波密楼梯草,,,,,,,no_image
99289,Elatostema crassipenicillum,粗柱头毛楼梯草,,,,,,,no_image
99319,Elatostema dulongense,独龙楼梯草,,,,,,,no_image
99347,Elatostema grandidentatum,粗齿楼梯草,,,,,,,no_image
99371,Elatostema involucratum,楼梯草,,,,,,,no_image
99392,Elatostema longibracteatum,长苞楼梯草,,,,,,,no_image
99416,Elatostema manhaoense,曼耗楼梯草,,,,,,,no_image
99440,Elatostema nanxiense,南溪楼梯草,,,,,,,no_image
99470,Elatostema pachyceras,粗角楼梯草,,,,,,,no_image
99494,Elatostema prunifolium,樱叶楼梯草,,,,,,,no_image
99517,Elatostema retrostrigulosoides,拟反糙毛楼梯草,,,,,,,no_image
99540,Elatostema stewardii,庐山楼梯草,,,,,,,no_image
99564,Elatostema tianeense,天峨楼梯草,,,,,,,no_image
99584,Elatostema xanthocarpum,黄果楼梯草,,,,,,,no_image
1862,Electra inarmata,无刺琥珀苔虫,,,,,,,no_image
36186,Electrophaes fervidaria,宏焰尺蛾,,,,,,,no_image
99608,Eleocharis fennica,扁基荸荠,,,,,,,no_image
99635,Eleocharis trilateralis,三面秆荸荠,,,,,,,no_image
36208,Elephantomyia serotina,迟象大蚊,,,,,,,no_image
99652,Eleutherococcus cissifolius,乌蔹莓五加,,,,,,,no_image
36215,Elfriedella amoena,长尾埃尔寄蝇,,,,,,,no_image
36227,Elimaea bispinosa,双刺掩耳螽,,,,,,,no_image
36247,Elimaea megalopygmaea,宽肛掩耳螽,,,,,,,no_image
36267,Elimaea upcurva,弯尾狭掩耳螽,,,,,,,no_image
36285,Ellipteroides praetenuis,高地圆大蚊,,,,,,,no_image
142919,Ellisembia ellipsoidea,,,,,,,,no_image
142939,Ellisembia turcomanica,,,,,,,,no_image
36300,Eloeophila suensoni,苏氏原大蚊,,,,,,,no_image
99703,Elsholtzia heterophylla,异叶香薷,,,,,,,no_image
36302,Elthemidea picea,黑褐箬盲蝽,,,,,,,no_image
99750,Elymus breviaristatus,短芒披碱草,,,,,,,no_image
99781,Elymus elytrigioides,昌都鹅观草,,,,,,,no_image
99809,Elymus magnicaespes,大丛鹅观草,,,,,,,no_image
99837,Elymus shandongensis,山东鹅观草,,,,,,,no_image
99863,Elymus zadoiensis,杂多披碱草,,,,,,,no_image
99875,Embelia gamblei,皱叶酸藤子,,,,,,,no_image
75590,Emberiza cioides,三道眉草鹀,images/00/07/00075590.webp,https://thumb.wikimedia.org/wikipedia/commons/thumb/b/bf/Emberiza_cioides_male.JPG/960px-Emberiza_cioides_male.JPG?utm_source=en.wikipedia.org&utm_campaign=api&utm_content=thumbnail,Alpsdake,CC BY-SA 3.0,https://creativecommons.org/licenses/by-sa/3.0,https://en.wikipedia.org/wiki/File:Emberiza_cioides_male.JPG,ok
75638,Emberiza sulphurata,硫黄鹀,,https://upload.wikimedia.org/wikipedia/commons/6/6c/Emberiza_sulphurata.jpg?utm_source=en.wikipedia.org&utm_campaign=api&utm_content=thumbnail_unscaled,Koolah (talk),CC BY-SA 3.0,https://creativecommons.org/licenses/by-sa/3.0,https://en.wikipedia.org/wiki/File:Emberiza_sulphurata.jpg,download_failed
11786,Emertonella trachypa,柄埃蛛,,,,,,,no_image
36340,Emmesomyia similata,相似粪泉蝇,,,,,,,no_image
36357,Empis hystrichopyga,刺尾缺脉舞虻,,,,,,,no_image
36377,Empis postica,后鬃缺脉舞虻,,,,,,,no_image
155355,Empusa apiculata,,,,,,,,no_image
135005,Enarthromyces indicus,,,,,,,,no_image
18443,Encentrum gibbosum,弯凸中吻轮虫,,,,,,,no_image
75653,Encheliophis sagamianus,佐上细潜鱼,,,,,,,no_image
17187,Encyclometra asymmetrica,不对称环宫吸虫,,,,,,,no_image
144503,Endocalyx melanoxanthus,,,,,,,,no_image
155787,Endogone acrogena,顶生内囊霉,,,,,,,no_image
36424,Endoiasimyia plumicornis,羽里蚜蝇,,,,,,,no_image
142958,Endophragmiella eboracensis,,,,,,,,no_image
142978,Endophragmiella triseptata,,,,,,,,no_image
36425,Endothenia carbonana,草黑小卷蛾,,,,,,,no_image
75668,Engyprosopon filipennis,长鳍短额鲆,,,,,,,no_image
9085,Eniochthonius minutissimus,微短缝甲螨,,,,,,,no_image
75690,Enneapterygius etheostomus,筛口双线鳚,,https://upload.wikimedia.org/wikipedia/commons/b/bd/Enneapterygius_etheostomus.jpg?utm_source=en.wikipedia.org&utm_campaign=api&utm_content=thumbnail_unscaled,,,,https://en.wikipedia.org/wiki/Enneapterygius_etheostomus,license_rejected
17162,Enodiotrema bohaiensis,渤海无节吸虫，新种,,,,,,,no_image
11826,Enoplognatha qiuae,邱氏齿螯蛛,,,,,,,no_image
36446,Ensiferella formosa,台湾扁芒秆蝇,,,,,,,no_image
36459,Entedon methion,梅西灿姬小蜂,,,,,,,no_image
36480,Entephria ravaria,灰黄石尺蛾,,,,,,,no_image
99969,Entodon calycinus,暖地绢藓,,,,,,,no_image
99989,Entodon prorepens,横生绢藓,,,,,,,no_image
146084,Entoloma aeruginosum,,,,,,,,no_image
146104,Entoloma aurantiacum,橙黄粉褶蕈,,,,,,,no_image
146124,Entoloma coelestinum,蓝赤褶菇,,,,,,,no_image
146144,Entoloma ferrugineobrunneum,锈褐粉摺蕈,,,,,,,no_image
146164,Entoloma incongruum,不当粉褶蕈,,,,,,,no_image
146184,Entoloma melleum,蜡黄粉褶蕈,,,,,,,no_image
146204,Entoloma petchii,佩奇粉褶蕈,,,,,,,no_image
146224,Entoloma sarcopum,粗柄粉褶菌,,,,,,,no_image
146244,Entoloma sublucidum,近白粉褶蕈,,,,,,,no_image
146264,Entoloma violascens,,,,,,,,no_image
18903,Entomobrya griseoolivata,,,,,,,,no_image
36485,Entomogramma torsa,梳角眯目夜蛾,images/00/03/00036485.webp,https://thumb.wikimedia.org/wikipedia/commons/thumb/9/95/Entomogramma_torsa_%28Guen%C3%A9e%2C_1852%29_Catocalinae%29_%2816105062889%29.jpg/960px-Entomogramma_torsa_%28Guen%C3%A9e%2C_1852%29_Catocalinae%29_%2816105062889%29.jpg?utm_source=en.wikipedia.org&utm_campaign=api&utm_content=thumbnail,Len Worthington,CC BY-SA 2.0,https://creativecommons.org/licenses/by-sa/2.0,"https://en.wikipedia.org/wiki/File:Entomogramma_torsa_(Guenée,_1852)_Catocalinae)_(16105062889).jpg",ok
155386,Entomophthora chromaphidis,,,,,,,,no_image
155406,Entomophthora gammae,,,,,,,,no_image
155426,Entomophthora schizophorae,,,,,,,,no_image
36499,Entoria fuzhouensis,福州长肛䗛,,,,,,,no_image
152808,Entorrhiza casparyana,灯心草根肿黑粉菌,,,,,,,no_image
152825,Entyloma erodii,牻牛儿苗叶黑粉菌,,,,,,,no_image
6167,Eocylichna soyoae,苍鹰原盒螺,,,,,,,no_image
36552,Eodorcadion ornatum,,,https://upload.wikimedia.org/wikipedia/commons/4/4f/Eodorcadion_ornatum.jpg?utm_source=en.wikipedia.org&utm_campaign=api&utm_content=thumbnail_unscaled,Alesjif,CC BY-SA 4.0,https://creativecommons.org/licenses/by-sa/4.0,https://en.wikipedia.org/wiki/File:Eodorcadion_ornatum.jpg,download_failed
9218,Eohypochthonius parvus,纤细东缝甲螨,,,,,,,no_image
36579,Eorhyssalus aciculatus,针东方茧蜂,,,,,,,no_image
36588,Eospilarctia chuanxina,川褐带东灯蛾,,,,,,,no_image
9561,Eotetranychus firmianae,,,,,,,,no_image
9563,Eotetranychus smithi,,,,,,,,no_image
75745,Eothenomys olitor,昭通绒鼠,,,,,,,no_image
36608,Eoxizicus incisa,显凹东栖螽,,,,,,,no_image
36627,Epacanthaclisis maculosus,多斑溪蚁蛉,,,,,,,no_image
15847,Epanerchodus jiangxiensis,,,,,,,,no_image
36638,Epania discisa,,,,,,,,no_image
36658,Epeurysa maculam,斑翅短头飞虱,,,,,,,no_image
100034,Ephedra major,大麻黄,,,,,,,no_image
36674,Ephesia eminens,兴光裳夜蛾,,,,,,,no_image
36699,Ephies apicalis,,,,,,,,no_image
36715,Epiblema banghaasi,白锥小卷蛾,,,,,,,no_image
959,Epicodakia bella,美丽小厚大蛤,,,,,,,no_image
36748,Epicypta rufescena,浅黄埃菌蚊,,,,,,,no_image
134616,Epidermophyton stockdaleae,,,,,,,,no_image
3732,Epigarpsus politus,平滑上方蟹,,,,,,,no_image
100059,Epilobium blinii,长柱柳叶菜,,,,,,,no_image
100080,Epilobium platystigmatosum,阔柱柳叶菜,,,,,,,no_image
36785,Epilobophora vivida,伟后叶尺蛾,,,,,,,no_image
100106,Epimedium epsteinii,紫距淫羊藿,,,,,,,no_image
100126,Epimedium myrianthum,天平山淫羊藿,,,,,,,no_image
100150,Epimedium wushanense,巫山淫羊藿,images/00/10/00100150.webp,https://thumb.wikimedia.org/wikipedia/commons/thumb/1/17/Epimedium_wushanense_-_Savill_Garden_-_Windsor_Great_Park%2C_England_-_DSC06484.jpg/960px-Epimedium_wushanense_-_Savill_Garden_-_Windsor_Great_Park%2C_England_-_DSC06484.jpg?utm_source=en.wikipedia.org&utm_campaign=api&utm_content=thumbnail,Daderot,CC0,http://creativecommons.org/publicdomain/zero/1.0/deed.en,"https://en.wikipedia.org/wiki/File:Epimedium_wushanense_-_Savill_Garden_-_Windsor_Great_Park,_England_-_DSC06484.jpg",ok
75768,Epinephelus epistictus,小纹石斑鱼,,https://upload.wikimedia.org/wikipedia/commons/7/75/Epinephelus_episticus_HBO.jpg?utm_source=en.wikipedia.org&utm_campaign=api&utm_content=thumbnail_unscaled,Hamid Badar Osmany,CC BY 3.0,https://creativecommons.org/licenses/by/3.0,https://en.wikipedia.org/wiki/File:Epinephelus_episticus_HBO.jpg,download_failed
75788,Epinephelus radiatus,云纹石斑鱼,images/00/07/00075788.webp,https://thumb.wikimedia.org/wikipedia/commons/thumb/5/5f/Blacktip_Grouper_%28Epinephelus_fasciatus%29_%286132696543%29_%28cropped%29.jpg/960px-Blacktip_Grouper_%28Epinephelus_fasciatus%29_%286132696543%29_%28cropped%29.jpg?utm_source=en.wikipedia.org&utm_campaign=api&utm_content=thumbnail,Bernard DUPONT from FRANCE,CC BY-SA 2.0,https://creativecommons.org/licenses/by-sa/2.0,https://en.wikipedia.org/wiki/File:Blacktip_Grouper_(Epinephelus_fasciatus)_(6132696543)_(cropped).jpg,ok
36794,Epinotia rubiginosana,松叶小卷蛾,,,,,,,no_image
36806,Epipedocera atritarsis,,,,,,,,no_image
18406,Epiphanes senta,椎尾水轮虫,,,,,,,no_image
36838,Epiplema evanescens,四线白蛱蛾,,https://thumb.wikimedia.org/wikipedia/commons/thumb/d/d0/Epiplema_himala.jpg/960px-Epiplema_himala.jpg?utm_source=en.wikipedia.org&utm_campaign=api&utm_content=thumbnail,,,,https://en.wikipedia.org/wiki/Epiplema_evanescens,license_rejected
36849,Epipristis transiens,北京尺蛾,,,,,,,no_image
36872,Epirrita autumnata,秋白尺蛾,,https://upload.wikimedia.org/wikipedia/commons/1/19/Epirrita_autumnata.jpg?utm_source=en.wikipedia.org&utm_campaign=api&utm_content=thumbnail_unscaled,No machine-readable author provided. Gyllenhali assumed (based on copyright claims).,Public domain,,https://en.wikipedia.org/wiki/File:Epirrita_autumnata.jpg,download_failed
11513,Episinus nanyue,南岳丘腹蛛,,,,,,,no_image
36887,Episothalma robustaria,绿翼尺蛾,,,,,,,no_image
36915,Epistrophe grossulariae,离缘垂边蚜蝇,,https://upload.wikimedia.org/wikipedia/commons/5/51/Epistrophe.grossulariae2.-.lindsey.jpg?utm_source=en.wikipedia.org&utm_campaign=api&utm_content=thumbnail_unscaled,James K. Lindsey,CC BY-SA 3.0,https://creativecommons.org/licenses/by-sa/3.0,https://en.wikipedia.org/wiki/File:Epistrophe.grossulariae2.-.lindsey.jpg,download_failed
36935,Episyrphus arcifer,弯黑带蚜蝇,,,,,,,no_image
10460,Epitrimerus abietis,,,,,,,,no_image
10600,Epitrimerus lonicerae,,,,,,,,no_image
36952,Epodonta lineata,后齿舟蛾,,,,,,,no_image
75810,Eptatretus chinensis,中华黏盲鳗,,,,,,,no_image
75819,Equulites leuciscus,曳丝马鲾,,,,,,,no_image
100210,Eragrostis fauriei,佛欧里画眉草,,,,,,,no_image
100232,Eranthemum macrophyllum,大叶可爱花,,,,,,,no_image
36990,Erebophasma conjunctiva,连纹冥夜蛾,,,,,,,no_image
37008,Erecticornia longovipositoris,长瓣竖角蝉,,,,,,,no_image
75837,Eremias velox,快步麻蜥,images/00/07/00075837.webp,https://thumb.wikimedia.org/wikipedia/commons/thumb/e/ed/Eremias_velox%2C_Baikonur_04.jpg/960px-Eremias_velox%2C_Baikonur_04.jpg?utm_source=en.wikipedia.org&utm_campaign=api&utm_content=thumbnail,Yuriy75,CC BY-SA 3.0,https://creativecommons.org/licenses/by-sa/3.0,"https://en.wikipedia.org/wiki/File:Eremias_velox,_Baikonur_04.jpg",ok
8839,Eremobelba yunnanensis,云南沙足甲螨,,,,,,,no_image
100260,Eremogone gerzensis,改则雪灵芝,,,,,,,no_image
100281,Eremopyrum triticeum,旱麦草,,,,,,,no_image
37031,Ergatettix brachynotus,短背突眼蚱,,,,,,,no_image
37038,Ericerus pela,白蜡蚧,,,,,,,no_image
100305,Erigeron alpicola,山飞蓬,images/00/10/00100305.webp,https://thumb.wikimedia.org/wikipedia/commons/thumb/6/68/Erigeron_alpicola_var._angustifolius_%28Tatew.%29_Kadota-_J._Jap._Bot._97%281%29-_13_%282022%29._20230519_000538.jpg/960px-Erigeron_alpicola_var._angustifolius_%28Tatew.%29_Kadota-_J._Jap._Bot._97%281%29-_13_%282022%29._20230519_000538.jpg?utm_source=en.wikipedia.org&utm_campaign=api&utm_content=thumbnail,Motohiro Sunouchi,CC BY 4.0,https://creativecommons.org/licenses/by/4.0,https://en.wikipedia.org/wiki/File:Erigeron_alpicola_var._angustifolius_(Tatew.)_Kadota-_J._Jap._Bot._97(1)-_13_(2022)._20230519_000538.jpg,ok
100325,Erigeron lonchophyllus,矛叶飞蓬,images/00/10/00100325.webp,https://thumb.wikimedia.org/wikipedia/commons/thumb/a/a8/Shortray_Fleabane.jpg/960px-Shortray_Fleabane.jpg?utm_source=en.wikipedia.org&utm_campaign=api&utm_content=thumbnail,Denali National Park and Preserve,Public domain,,https://en.wikipedia.org/wiki/File:Shortray_Fleabane.jpg,ok
18427,Erignatha clastopis,前突额吻轮虫,,,,,,,no_image
138603,Erinella citrina,,,,,,,,no_image
138623,Erinellina tomentella,茸毛亚棘盘菌,,,,,,,no_image
100365,Eriocaulon acutibracteatum,双江谷精草,,,,,,,no_image
100387,Eriocaulon nepalense,尼泊尔谷精草,,,,,,,no_image
37054,Eriococcus abeliceae,黄杨绒蚧,,,,,,,no_image
37074,Eriococcus ulmarius,黑榆绒蚧,,,,,,,no_image
37084,Eriopeltis araxis,禾背刺毡蜡蚧,,,,,,,no_image
10419,Eriophyes insidiosus,,,,,,,,no_image
37095,Erioptera leucopoda,白足绵大蚊,,,,,,,no_image
37109,Eriosoma japonicum,日本绵蚜,,,,,,,no_image
37128,Eriothrix umbrinervis,暗脉缘刺寄蝇,,,,,,,no_image
3749,Eriphia sebana,光手酋妇蟹,,,,,,,no_image
37147,Eristalis horticola,花斑管蚜蝇,images/00/03/00037147.webp,https://thumb.wikimedia.org/wikipedia/commons/thumb/7/72/Eristalis.horticola_male.jpg/960px-Eristalis.horticola_male.jpg?utm_source=en.wikipedia.org&utm_campaign=api&utm_content=thumbnail,Sandy Rae,CC BY-SA 3.0,https://creativecommons.org/licenses/by-sa/3.0,https://en.wikipedia.org/wiki/File:Eristalis.horticola_male.jpg,ok
100437,Eritrichium acicularum,针刺齿缘草,,,,,,,no_image
100457,Eritrichium laxum,疏花齿缘草,,,,,,,no_image
100480,Eritrichium thymifolium,假鹤虱齿缘草,,,,,,,no_image
100486,Erodium oxyrhinchum,尖喙牻牛儿苗,,,,,,,no_image
37175,Erragonalia fucina,凹缺凸唇叶蝉,,,,,,,no_image
37178,Erycia fatua,简埃里寄蝇,,,,,,,no_image
100502,Eryngium planum,扁叶刺芹,images/00/10/00100502.webp,https://thumb.wikimedia.org/wikipedia/commons/thumb/7/7a/Eryngium_planum_bgiu.jpg/960px-Eryngium_planum_bgiu.jpg?utm_source=en.wikipedia.org&utm_campaign=api&utm_content=thumbnail,No machine-readable author provided. Bogdan assumed (based on copyright claims).,CC BY-SA 3.0,http://creativecommons.org/licenses/by-sa/3.0/,https://en.wikipedia.org/wiki/File:Eryngium_planum_bgiu.jpg,ok
155450,Erynia gammae,,,,,,,,no_image
37192,Erynnis tages,珠弄蝶,,https://thumb.wikimedia.org/wikipedia/commons/thumb/6/68/Dingy_skipper_%28Erynnis_tages%29_male.jpg/960px-Dingy_skipper_%28Erynnis_tages%29_male.jpg?utm_source=en.wikipedia.org&utm_campaign=api&utm_content=thumbnail,,,,https://en.wikipedia.org/wiki/Erynnis_tages,license_rejected
100525,Erysimum parryoides,条果芥状糖芥,,,,,,,no_image
137942,Erysiphe astragali,,,,,,,,no_image
137962,Erysiphe coriariicola,,,,,,,,no_image
137982,Erysiphe hommae,,,,,,,,no_image
138002,Erysiphe ornata,,,,,,,,no_image
138022,Erysiphe scholzii,斯氏白粉菌,,,,,,,no_image
9430,Erythraeus yangshounicus,,,,,,,,no_image
100551,Erythrina stricta,劲直刺桐,images/00/10/00100551.webp,https://thumb.wikimedia.org/wikipedia/commons/thumb/3/3a/Erythrina_stricta_flower_1.jpg/960px-Erythrina_stricta_flower_1.jpg?utm_source=en.wikipedia.org&utm_campaign=api&utm_content=thumbnail,Sailesh,CC BY-SA 3.0,https://creativecommons.org/licenses/by-sa/3.0,https://en.wikipedia.org/wiki/File:Erythrina_stricta_flower_1.jpg,ok
75878,Erythrogenys hypoleucos,长嘴钩嘴鹛,images/00/07/00075878.webp,https://thumb.wikimedia.org/wikipedia/commons/thumb/0/06/Large_Scimitar-babbler_-_Thailand.jpg/960px-Large_Scimitar-babbler_-_Thailand.jpg?utm_source=en.wikipedia.org&utm_campaign=api&utm_content=thumbnail,Francesco Veronesi from Italy,CC BY-SA 2.0,https://creativecommons.org/licenses/by-sa/2.0,https://en.wikipedia.org/wiki/File:Large_Scimitar-babbler_-_Thailand.jpg,ok
37203,Erythrus apicalis,,,,,,,,no_image
37221,Esakiozephyrus bieti,江崎灰蝶,,https://upload.wikimedia.org/wikipedia/commons/0/0c/Bieta.jpg?utm_source=en.wikipedia.org&utm_campaign=api&utm_content=thumbnail_unscaled,Of plate.Unknown,Public domain,,https://en.wikipedia.org/wiki/File:Bieta.jpg,download_failed
75890,Esox reicherti,黑斑狗鱼,,,,,,,no_image
37240,Estimata tibetophasma,藏茹夜蛾,,,,,,,no_image
37250,Ethirothrips virgulae,短翅隐管蓟马,,,,,,,no_image
210,Etisus laevimanus,光手滑面蟹,,,,,,,no_image
4252,Etrema aliciae,高塔腹螺,,,,,,,no_image
37258,Euagathis argentosa,银毛真径茧蜂,,,,,,,no_image
5194,Eualus leptognathus,狭颚安乐虾,,,,,,,no_image
37283,Eublemma amabilis,紫胶猎夜蛾,,,,,,,no_image
37303,Euborellia punctata,密点小肥螋,,,,,,,no_image
100615,Eucalyptus pellita,粗皮桉,,https://upload.wikimedia.org/wikipedia/commons/9/92/Eucalyptus_pellita_buds.jpg?utm_source=en.wikipedia.org&utm_campaign=api&utm_content=thumbnail_unscaled,uknown author,CC BY 3.0 au,https://creativecommons.org/licenses/by/3.0/au/deed.en,https://en.wikipedia.org/wiki/File:Eucalyptus_pellita_buds.jpg,download_failed
37315,Eucera pekingensis,北京长须蜂,,,,,,,no_image
7274,Eucheilota ventricularis,心形真唇水母,,,,,,,no_image
18501,Euchlanis incisa,缺刻须足轮虫,,,,,,,no_image
100629,Euchresta formosana,台湾山豆根,,,,,,,no_image
4367,Eucithara celenbensis,纵肋螺,,,,,,,no_image
37358,Eucomatocera minuta,,,,,,,,no_image
37377,Euconnus sauteri,,,,,,,,no_image
37394,Eucosma campoliliana,菊花小卷蛾,,https://upload.wikimedia.org/wikipedia/commons/4/46/Eucosma_compoliliana_FvL.jpg?utm_source=en.wikipedia.org&utm_campaign=api&utm_content=thumbnail_unscaled,Fvlamoen,CC BY-SA 4.0,https://creativecommons.org/licenses/by-sa/4.0,https://en.wikipedia.org/wiki/File:Eucosma_compoliliana_FvL.jpg,download_failed
37409,Eucriotettix hainanensis,海南优角蚱,,,,,,,no_image
4242,Eucyclotoma bicarinata,双盘肋螺,,https://upload.wikimedia.org/wikipedia/commons/f/f3/Eucyclotoma_bicarinata_001.jpg?utm_source=en.wikipedia.org&utm_campaign=api&utm_content=thumbnail_unscaled,G.W. Tryon,Public domain,,https://en.wikipedia.org/wiki/File:Eucyclotoma_bicarinata_001.jpg,download_failed
37437,Eudasyphora semilutea,半透优毛蝇,,,,,,,no_image
7533,Eudendrium ramosum,拟多枝真枝螅,,https://upload.wikimedia.org/wikipedia/commons/f/f8/Flabellina_affinis_2.jpg?utm_source=en.wikipedia.org&utm_campaign=api&utm_content=thumbnail_unscaled,Heike Wägele &amp; Annette Klussmann-Kolb,CC BY 2.0,https://creativecommons.org/licenses/by/2.0,https://en.wikipedia.org/wiki/File:Flabellina_affinis_2.jpg,download_failed
37465,Eudocima hypermnestra,斑艳叶夜蛾,images/00/03/00037465.webp,https://thumb.wikimedia.org/wikipedia/commons/thumb/6/67/RhytiaHypermnestra14-4-m.jpg/960px-RhytiaHypermnestra14-4-m.jpg?utm_source=en.wikipedia.org&utm_campaign=api&utm_content=thumbnail,"Moore, Frederic",Public domain,,https://en.wikipedia.org/wiki/File:RhytiaHypermnestra14-4-m.jpg,ok
37483,Eudorylas longicornis,长角优头蝇,,,,,,,no_image
75914,Eudromias morinellus,小嘴鸻,images/00/07/00075914.webp,https://thumb.wikimedia.org/wikipedia/commons/thumb/b/bb/Charadrius_morinellus_male.jpg/960px-Charadrius_morinellus_male.jpg?utm_source=en.wikipedia.org&utm_campaign=api&utm_content=thumbnail,,CC BY-SA 2.5,https://creativecommons.org/licenses/by-sa/2.5,https://en.wikipedia.org/wiki/File:Charadrius_morinellus_male.jpg,ok
37510,Eugnosta fenestrana,五斑银纹卷蛾,,,,,,,no_image
37531,Eugraphe sigma,烙图夜蛾,,https://upload.wikimedia.org/wikipedia/commons/6/68/Eugraphe_sigma1.jpg?utm_source=en.wikipedia.org&utm_campaign=api&utm_content=thumbnail_unscaled,,,,https://en.wikipedia.org/wiki/Eugraphe_sigma,license_rejected
37550,Euhamitermes yunnanensis,云南亮白蚁,,,,,,,no_image
37572,Euhygia robusta,强壮康寄蝇,,,,,,,no_image
100644,Eulalia leschenaultiana,龚氏金茅,,,,,,,no_image
37595,Eulecanium kostylevi,榆球蜡蚧,,,,,,,no_image
37619,Eulithis pyraliata,淡纹尺蛾,,https://upload.wikimedia.org/wikipedia/commons/e/e8/Gandaritis.pyraliata.jpg?utm_source=en.wikipedia.org&utm_campaign=api&utm_content=thumbnail_unscaled,James K. Lindsey,CC BY-SA 3.0,https://creativecommons.org/licenses/by-sa/3.0,https://en.wikipedia.org/wiki/File:Gandaritis.pyraliata.jpg,download_failed
100666,Eulophia graminea,美冠兰,images/00/10/00100666.webp,https://thumb.wikimedia.org/wikipedia/commons/thumb/d/de/%E7%BE%8E%E5%86%A0%E8%98%AD_Eulophia_graminea_-%E9%A6%99%E6%B8%AF%E9%9D%92%E6%9D%BE%E8%A7%80%E8%98%AD%E8%8A%B1%E5%B1%95_Tuen_Mun%2C_Hong_Kong-_%2833995889830%29.jpg/960px-%E7%BE%8E%E5%86%A0%E8%98%AD_Eulophia_graminea_-%E9%A6%99%E6%B8%AF%E9%9D%92%E6%9D%BE%E8%A7%80%E8%98%AD%E8%8A%B1%E5%B1%95_Tuen_Mun%2C_Hong_Kong-_%2833995889830%29.jpg?utm_source=en.wikipedia.org&utm_campaign=api&utm_content=thumbnail,阿橋 HQ,CC BY-SA 2.0,https://creativecommons.org/licenses/by-sa/2.0,"https://en.wikipedia.org/wiki/File:美冠蘭_Eulophia_graminea_-香港青松觀蘭花展_Tuen_Mun,_Hong_Kong-_(33995889830).jpg",ok
37643,Eumantispa tibetana,西藏优螳蛉,,,,,,,no_image
75920,Eumegistus illustris,真乌鲂,,,,,,,no_image
37673,Eumerus roborovskii,拉氏平颜蚜蝇,,,,,,,no_image
815,Eumunida smithii,斯氏真刺铠虾,,,,,,,no_image
37695,Eunotus strenus,强壮蚧金小蜂,,,,,,,no_image
100696,Euonymus chloranthoides,缙云卫矛,,,,,,,no_image
100716,Euonymus hainanensis,海南卫矛,,,,,,,no_image
100736,Euonymus myrianthus,大果卫矛,images/00/10/00100736.webp,https://thumb.wikimedia.org/wikipedia/commons/thumb/2/2e/Euonymus_myrianthus_-_Jardin_des_Plantes.jpg/960px-Euonymus_myrianthus_-_Jardin_des_Plantes.jpg?utm_source=en.wikipedia.org&utm_campaign=api&utm_content=thumbnail,Dinkum,CC BY-SA 3.0,https://creativecommons.org/licenses/by-sa/3.0,https://en.wikipedia.org/wiki/File:Euonymus_myrianthus_-_Jardin_des_Plantes.jpg,ok
100758,Euonymus subcordatus,近心叶卫矛,,,,,,,no_image
2034,Euonyx chelatus,螯真钳钩虾,,,,,,,no_image
1761,Eupanthalis kinbergi,真齿鳞虫,,,,,,,no_image
100787,Eupatorium lindleyanum,林泽兰,images/00/10/00100787.webp,https://thumb.wikimedia.org/wikipedia/commons/thumb/b/b4/Eupatorium_lindleyanum_%2821922425868%29.jpg/960px-Eupatorium_lindleyanum_%2821922425868%29.jpg?utm_source=en.wikipedia.org&utm_campaign=api&utm_content=thumbnail,"harum.koh from Kobe city, Japan",CC BY-SA 2.0,https://creativecommons.org/licenses/by-sa/2.0,https://en.wikipedia.org/wiki/File:Eupatorium_lindleyanum_(21922425868).jpg,ok
37721,Eupeodes lapponicus,拉优蚜蝇,images/00/03/00037721.webp,https://thumb.wikimedia.org/wikipedia/commons/thumb/b/b3/Eupeodes_lapponicus_on_jeans.jpg/960px-Eupeodes_lapponicus_on_jeans.jpg?utm_source=en.wikipedia.org&utm_campaign=api&utm_content=thumbnail,"Richard Bartz, Munich, Germany aka Makro Freak",CC BY-SA 2.5,https://creativecommons.org/licenses/by-sa/2.5,https://en.wikipedia.org/wiki/File:Eupeodes_lapponicus_on_jeans.jpg,ok
37739,Euphaea guerini,绿翅溪蟌,,,,,,,no_image
100805,Euphorbia cyathophora,猩猩草,images/00/10/00100805.webp,https://thumb.wikimedia.org/wikipedia/commons/thumb/9/9f/Euphorbia_cyathophora.jpg/960px-Euphorbia_cyathophora.jpg?utm_source=en.wikipedia.org&utm_campaign=api&utm_content=thumbnail,"Juni from Kyoto, Japan",CC BY 2.0,https://creativecommons.org/licenses/by/2.0,https://en.wikipedia.org/wiki/File:Euphorbia_cyathophora.jpg,ok
100825,Euphorbia humifusa,地锦草,,,,,,,no_image
100845,Euphorbia micractina,甘青大戟,,,,,,,no_image
100865,Euphorbia sessiliflora,百步回阳,,,,,,,no_image
37747,Euphorus expansus,肿优茧蜂,,,,,,,no_image
100887,Euphrasia himalayica,喜马拉雅小米草,,,,,,,no_image
37774,Euphyia goniodes,亚东游尺蛾,,,,,,,no_image
7465,Euphysora crassocanasis,粗管真囊水母,,,,,,,no_image
4988,Euplectella aspergillum,阿氏偕老同穴,images/00/00/00004988.webp,https://thumb.wikimedia.org/wikipedia/commons/thumb/a/a0/Euplectella_aspergillum_Okeanos.jpg/960px-Euplectella_aspergillum_Okeanos.jpg?utm_source=en.wikipedia.org&utm_campaign=api&utm_content=thumbnail,"NOAA Okeanos Explorer Program, Gulf of Mexico 2012 Expedition",Public domain,,https://en.wikipedia.org/wiki/File:Euplectella_aspergillum_Okeanos.jpg,ok
37806,Euplectrus longigaster,长腹距小蜂,,,,,,,no_image
37825,Euplexia lucipara,锦夜蛾,,https://thumb.wikimedia.org/wikipedia/commons/thumb/e/ed/Euplexia_lucipara01.jpg/960px-Euplexia_lucipara01.jpg?utm_source=en.wikipedia.org&utm_campaign=api&utm_content=thumbnail,,Attribution,,https://en.wikipedia.org/wiki/File:Euplexia_lucipara01.jpg,license_rejected
37843,Euploea klugii,默紫斑蝶,images/00/03/00037843.webp,https://thumb.wikimedia.org/wikipedia/commons/thumb/5/5e/Brown_king_crow_%28Euploea_klugii_erichsonii%29_underside_Phuket.jpg/960px-Brown_king_crow_%28Euploea_klugii_erichsonii%29_underside_Phuket.jpg?utm_source=en.wikipedia.org&utm_campaign=api&utm_content=thumbnail,Charles J. Sharp,CC BY-SA 4.0,https://creativecommons.org/licenses/by-sa/4.0,https://en.wikipedia.org/wiki/File:Brown_king_crow_(Euploea_klugii_erichsonii)_underside_Phuket.jpg,ok
37873,Eupogoniopsis caudatula,,,,,,,,no_image
37889,Euproctis catapasta,洁黄毒蛾,,,,,,,no_image
37909,Euproctis flavotriangulata,岩黄毒蛾,,,,,,,no_image
37929,Euproctis lunata,红尾黄毒蛾,images/00/03/00037929.webp,https://thumb.wikimedia.org/wikipedia/commons/thumb/3/39/Euproctis_lunata_%285046736742%29.jpg/960px-Euproctis_lunata_%285046736742%29.jpg?utm_source=en.wikipedia.org&utm_campaign=api&utm_content=thumbnail,"Dinesh Valke from Thane, India",CC BY-SA 2.0,https://creativecommons.org/licenses/by-sa/2.0,https://en.wikipedia.org/wiki/File:Euproctis_lunata_(5046736742).jpg,ok
37949,Euproctis plagiata,锈黄毒蛾,,,,,,,no_image
37969,Euproctis trisinuata,三波带黄毒蛾,,,,,,,no_image
9340,Eupterotegaeus xizangensis,西藏真翅背甲螨,,,,,,,no_image
38004,Eurema ada,么妹黄粉蝶,images/00/03/00038004.webp,https://thumb.wikimedia.org/wikipedia/commons/thumb/d/d0/Talbot%27s_Grass_Yellow_%2839539955545%29.jpg/960px-Talbot%27s_Grass_Yellow_%2839539955545%29.jpg?utm_source=en.wikipedia.org&utm_campaign=api&utm_content=thumbnail,Charlie Jackson,CC BY 2.0,https://creativecommons.org/licenses/by/2.0,https://en.wikipedia.org/wiki/File:Talbot's_Grass_Yellow_(39539955545).jpg,ok
100918,Eurhynchium longirameum,羽枝美喙藓,,,,,,,no_image
38042,Euromoia subpulchra,后黄东夜蛾,,,,,,,no_image
100933,Eurya chinensis,米碎花,,,,,,,no_image
100959,Eurya impressinervis,凹脉柃,,,,,,,no_image
100983,Eurya ovatifolia,卵叶柃,,,,,,,no_image
101005,Eurya stenophylla,窄叶柃,,,,,,,no_image
38045,Eurycardiochiles jiulong,九龙宽折茧蜂,,,,,,,no_image
11579,Euryopis deplanata,平展宽胸蛛,,,,,,,no_image
1510,Eurystomina ophthalmophra,眼状阔口线虫,,,,,,,no_image
9674,Eurytetranychus wuyishanensis,,,,,,,,no_image
38095,Eusarima formosana,台湾美萨瓢蜡蝉,,,,,,,no_image
38115,Eusarima spina,刺美萨瓢蜡蝉,,,,,,,no_image
38137,Eushachia midas,英优舟蛾,,,,,,,no_image
38152,Eusphalerum formosae,,,,,,,,no_image
38172,Eusphalerum schillhammeri,,,,,,,,no_image
101029,Eustachys tenera,真穗草,,,,,,,no_image
38198,Eustroma aurantiaria,桔翅褥尺蛾,,,,,,,no_image
38224,Eustrotia semialba,内白文夜蛾,,,,,,,no_image
38239,Eutelia diapera,异尾夜蛾,,,,,,,no_image
38256,Eutetrapha sedecimpunctata,,images/00/03/00038256.webp,https://thumb.wikimedia.org/wikipedia/commons/thumb/0/07/Eutetrapha_sedecimpunctata_-_Flickr_-_Bennyboymothman_%281%29.jpg/960px-Eutetrapha_sedecimpunctata_-_Flickr_-_Bennyboymothman_%281%29.jpg?utm_source=en.wikipedia.org&utm_campaign=api&utm_content=thumbnail,Ben Sale from UK,CC BY 2.0,https://creativecommons.org/licenses/by/2.0,https://en.wikipedia.org/wiki/File:Eutetrapha_sedecimpunctata_-_Flickr_-_Bennyboymothman_(1).jpg,ok
38284,Euthalia irrubescens,红裙边翠蛱蝶,images/00/03/00038284.webp,https://thumb.wikimedia.org/wikipedia/commons/thumb/8/86/GroseSmithKirby1891RhopExotNymphalidaeEuthaliaIV.jpg/960px-GroseSmithKirby1891RhopExotNymphalidaeEuthaliaIV.jpg?utm_source=en.wikipedia.org&utm_campaign=api&utm_content=thumbnail,Grose Smith,Public domain,,https://en.wikipedia.org/wiki/File:GroseSmithKirby1891RhopExotNymphalidaeEuthaliaIV.jpg,ok
38328,Eutheia latissima,,,,,,,,no_image
38351,Euthrix ochreipuncta,赭点纹枯叶蛾,images/00/03/00038351.webp,https://thumb.wikimedia.org/wikipedia/commons/thumb/0/0c/Euthrix_ochreipuncta1.jpg/960px-Euthrix_ochreipuncta1.jpg?utm_source=en.wikipedia.org&utm_campaign=api&utm_content=thumbnail,Hsu Hong Lin,CC BY-SA 2.0,https://creativecommons.org/licenses/by-sa/2.0,https://en.wikipedia.org/wiki/File:Euthrix_ochreipuncta1.jpg,ok
38371,Euthyplatystoma rigidum,明带美广口蝇,,,,,,,no_image
38379,Eutolmus parricida,似切突食虫虻,,,,,,,no_image
101051,Eutrema nepalense,尼泊尔单花荠,,,,,,,no_image
16127,Eutrichodesmus arcicollaris,弓领真毛带马陆,,,,,,,no_image
16133,Eutrichodesmus tenuis,,,,,,,,no_image
38398,Eutrichota shandanensis,山丹叉泉蝇,,,,,,,no_image
144532,Eutypella paliuri,,,,,,,,no_image
38421,Euxoa birivia,双轮切夜蛾,,https://upload.wikimedia.org/wikipedia/commons/3/33/Euxoa_birivia_f.jpg?utm_source=en.wikipedia.org&utm_campaign=api&utm_content=thumbnail_unscaled,Unknown. (Editor: Adalbert Seitz),Public domain,,https://en.wikipedia.org/wiki/File:Euxoa_birivia_f.jpg,download_failed
38441,Euxoa tristis,郁切夜蛾,,,,,,,no_image
38461,Evacanthus forkus,叉片横脊叶蝉,,,,,,,no_image
38481,Evacanthus splinterus,侧刺横脊叶蝉,,,,,,,no_image
12758,Evarcha paralbaria,平斑猎蛛,,,,,,,no_image
38510,Everestiomyia antennalis,斧角珠峰寄蝇,,,,,,,no_image
75954,Eviota abax,矶塘鳢,,,,,,,no_image
75974,Eviota storthynx,颞斑矶塘鳢,,,,,,,no_image
101076,Exacum teres,圆茎藻百年,,,,,,,no_image
38530,Exallonyx brevicarinus,短脊叉齿细蜂,,,,,,,no_image
38550,Exallonyx deltatiformis,三角区叉齿细蜂,,,,,,,no_image
38570,Exallonyx fuscipes,褐足叉齿细蜂,,,,,,,no_image
38590,Exallonyx laevigatus,光滑叉齿细蜂,,,,,,,no_image
38610,Exallonyx moui,牟氏叉齿细蜂,,,,,,,no_image
38630,Exallonyx parallelus,平行叉齿细蜂,,,,,,,no_image
38650,Exallonyx rugosus,皱胸叉齿细蜂,,,,,,,no_image
38670,Exallonyx tani,谭氏叉齿细蜂,,,,,,,no_image
38690,Exallonyx xanthus,黄色叉齿细蜂,,,,,,,no_image
8423,Excirolana chiltoni,企氏外浪飘水虱,,https://upload.wikimedia.org/wikipedia/commons/9/9b/Excirolana_chiltoni.jpg?utm_source=en.wikipedia.org&utm_campaign=api&utm_content=thumbnail_unscaled,University of California San Diego,CC BY-SA 3.0,https://creativecommons.org/licenses/by-sa/3.0,https://en.wikipedia.org/wiki/File:Excirolana_chiltoni.jpg,download_failed
38715,Exechiopsis leptoclada,细枝外菌蚊,,,,,,,no_image
148854,Exidiopsis fugacissima,易萎拟黑耳,,,,,,,no_image
152850,Exobasidium machili,,,,,,,,no_image
38720,Exocentrus alboguttatus,,,,,,,,no_image
38744,Exocentrus guttulatus,,,,,,,,no_image
38766,Exocentrus subbidentatus,,,,,,,,no_image
75984,Exocoetus volitans,大头飞鱼,,https://upload.wikimedia.org/wikipedia/commons/1/19/Exvol_u0.gif?utm_source=en.wikipedia.org&utm_campaign=api&utm_content=thumbnail_unscaled,,Public domain,,https://en.wikipedia.org/wiki/File:Exvol_u0.gif,download_failed
134303,Exophiala pisciphila,,,,,,,,no_image
38798,Exorista brevihirta,短毛追寄蝇,,,,,,,no_image
38818,Exorista mimula,迷追寄蝇,,,,,,,no_image
101100,Exostratum blumei,拟外网藓,,,,,,,no_image
134100,Exserohilum turcicum,,,https://upload.wikimedia.org/wikipedia/commons/3/3b/Conidia_of_Exserohilum_turcicum.jpg?utm_source=en.wikipedia.org&utm_campaign=api&utm_content=thumbnail_unscaled,"Wanich Khampanich, Department of Agriculture, Thailand",CC BY 3.0 au,https://creativecommons.org/licenses/by/3.0/au/deed.en,https://en.wikipedia.org/wiki/File:Conidia_of_Exserohilum_turcicum.jpg,download_failed
38847,Eyprepocnemis yunnanensis,云南黑背蝗,,,,,,,no_image
101116,Fabronia patentissima,展枝碎米藓,,,,,,,no_image
101137,Fagopyrum wenchuanense,汶川野荞麦,,,,,,,no_image
16608,Falcileptoneta huisunica,惠荪镰弱蛛,,,,,,,no_image
38869,Falcotoya formosana,台湾镰飞虱,,,,,,,no_image
38883,Falsomesosella minor,,,,,,,,no_image
38904,Fannia ardua,尖头厕蝇,,,,,,,no_image
38924,Fannia difficilis,毛胸厕蝇,,,,,,,no_image
38944,Fannia incisurata,截尾厕蝇,,,,,,,no_image
38964,Fannia meridionalis,南厕蝇,,,,,,,no_image
38984,Fannia polychaeta,多毛厕蝇,,,,,,,no_image
39004,Fannia setitibia,胫鬃厕蝇,,,,,,,no_image
39024,Fannia vespertilionis,黄厕蝇,,,,,,,no_image
101165,Fargesia conferta,笼笼竹,,,,,,,no_image
101185,Fargesia gongshanensis,贡山箭竹,,,,,,,no_image
101205,Fargesia papyrifera,云龙箭竹,,,,,,,no_image
101225,Fargesia sylvestris,德钦箭竹,,,,,,,no_image
154951,Farysia merrillii,丝黑粉,,,,,,,no_image
101246,Fauriella tenuis,粗疣藓,,,,,,,no_image
39037,Favintiga camphorae,索突叶蝉,,,,,,,no_image
147341,Favolaschia volkensii,黄胶孔,,,,,,,no_image
76024,Feirana quadranus,隆肛蛙,,,,,,,no_image
39053,Felisacus okinawanus,琉球菲盲蝽,,,,,,,no_image
152803,Femsjonia sinensis,中国胶杯耳,,,,,,,no_image
39066,Fer yunnanensis,云南野蝗,,,,,,,no_image
101256,Ferula dissecta,全裂叶阿魏,,,,,,,no_image
101278,Ferula paeoniifolia,芍药叶阿魏,,,,,,,no_image
101297,Festuca chumbiensis,春丕谷羊茅,,,,,,,no_image
101319,Festuca kurtschumica,三界羊茅,,,,,,,no_image
101344,Festuca stapfii,细芒羊茅,,,,,,,no_image
5963,Fibularia ovulum,卵豆海胆,,,,,,,no_image
76061,Ficedula westermanni,小斑姬鹟,images/00/07/00076061.webp,https://thumb.wikimedia.org/wikipedia/commons/thumb/3/39/Little_Pied_Flycatcher_0A2A5713.jpg/960px-Little_Pied_Flycatcher_0A2A5713.jpg?utm_source=en.wikipedia.org&utm_campaign=api&utm_content=thumbnail,JJ Harrison,CC BY-SA 3.0,https://creativecommons.org/licenses/by-sa/3.0,https://en.wikipedia.org/wiki/File:Little_Pied_Flycatcher_0A2A5713.jpg,ok
101387,Ficus curtipes,钝叶榕,,,,,,,no_image
101412,Ficus hederacea,藤榕,images/00/10/00101412.webp,https://thumb.wikimedia.org/wikipedia/commons/thumb/3/38/Ficus_hederacea_402117347.jpg/960px-Ficus_hederacea_402117347.jpg?utm_source=en.wikipedia.org&utm_campaign=api&utm_content=thumbnail,CYL,CC BY 4.0,https://creativecommons.org/licenses/by/4.0,https://en.wikipedia.org/wiki/File:Ficus_hederacea_402117347.jpg,ok
101432,Ficus oligodon,苹果榕,,,,,,,no_image
101464,Ficus sagittata,羊乳榕,images/00/10/00101464.webp,https://thumb.wikimedia.org/wikipedia/commons/thumb/d/de/Ficus_sagittata_kz2.jpg/960px-Ficus_sagittata_kz2.jpg?utm_source=en.wikipedia.org&utm_campaign=api&utm_content=thumbnail,"Krzysztof Ziarnek, Kenraiz",CC BY-SA 4.0,https://creativecommons.org/licenses/by-sa/4.0,https://en.wikipedia.org/wiki/File:Ficus_sagittata_kz2.jpg,ok
101497,Ficus undulata,波缘榕,,,,,,,no_image
39088,Filchnerella rufitibia,红胫短鼻蝗,,,,,,,no_image
18538,Filinia saltator,舞跃三肢轮虫,,,,,,,no_image
101521,Fimbristylis bisumbellata,复序飘拂草,,,,,,,no_image
101553,Fimbristylis longispica,长穗飘拂草,,,,,,,no_image
101577,Fimbristylis stauntonii,烟台飘拂草,,,,,,,no_image
39104,Fiorianteon rugosum,皱背菲氏螯蜂,,,,,,,no_image
101599,Fissidens bogoriensis,拟透明凤尾藓,,,,,,,no_image
101628,Fissidens grandifrons,大叶凤尾藓,,,,,,,no_image
101651,Fissidens polypodioides,网孔凤尾藓,,,,,,,no_image
101667,Fissistigma balansae,多脉瓜馥木,,,,,,,no_image
101687,Fissistigma uonicum,香港瓜馥木,,,,,,,no_image
39107,Fistulatus luteolus,黄脉管茎叶蝉,,,,,,,no_image
7574,Flabellum pavoninum,孔雀扇形珊瑚,,https://upload.wikimedia.org/wikipedia/commons/2/27/Flabellum_pavoninum_1831.jpg?utm_source=en.wikipedia.org&utm_campaign=api&utm_content=thumbnail_unscaled,René Lesson,Public domain,,https://en.wikipedia.org/wiki/File:Flabellum_pavoninum_1831.jpg,download_failed
148193,Flammula lubrica,粘皮菇,,,,,,,no_image
147716,Flammulina rossica,,,,,,,,no_image
39129,Flavina yunnanensis,云南黄瓢蜡蝉,,,,,,,no_image
101701,Flemingia chappar,墨江千斤拔,,,,,,,no_image
101725,Flemingia yunnanensis,茎花千斤拔,,,,,,,no_image
101734,Flickingeria fimbriata,流苏金石斛,images/00/10/00101734.webp,https://thumb.wikimedia.org/wikipedia/commons/thumb/a/ae/Flickingeria_fimbriata.jpg/960px-Flickingeria_fimbriata.jpg?utm_source=en.wikipedia.org&utm_campaign=api&utm_content=thumbnail,Dalton Holland Baptista,CC BY-SA 3.0,https://creativecommons.org/licenses/by-sa/3.0,https://en.wikipedia.org/wiki/File:Flickingeria_fimbriata.jpg,ok
101743,Floribundaria walkeri,疏叶丝带藓,,,,,,,no_image
141224,Fluminicola bipolaris,,,,,,,,no_image
17152,Folliculovarium gymnothoracis,裸胸鳝泡巢吸虫,,,,,,,no_image
18778,Folsomia minipunctata,,,,,,,,no_image
18779,Folsomina onychiurina,,,,,,,,no_image
151259,Fomes connatus,合生层孔菌,images/00/15/00151259.webp,https://thumb.wikimedia.org/wikipedia/commons/thumb/0/0d/Oxyporus_populinus01.jpg/960px-Oxyporus_populinus01.jpg?utm_source=en.wikipedia.org&utm_campaign=api&utm_content=thumbnail,"Joseph O'Brien, USDA Forest Service, Bugwood.org",Public domain,,https://en.wikipedia.org/wiki/File:Oxyporus_populinus01.jpg,ok
151279,Fomes lobatus,,images/00/15/00151279.webp,https://thumb.wikimedia.org/wikipedia/commons/thumb/c/cd/Ganoderma_lobatum_%28Schwein.%29_G.F._Atk_749455.jpg/960px-Ganoderma_lobatum_%28Schwein.%29_G.F._Atk_749455.jpg?utm_source=en.wikipedia.org&utm_campaign=api&utm_content=thumbnail,"This image was created by user Ryan Patrick (donjonson420) at Mushroom Observer, a source for mycological images.You can contact this user here.",CC BY-SA 3.0,https://creativecommons.org/licenses/by-sa/3.0,https://en.wikipedia.org/wiki/File:Ganoderma_lobatum_(Schwein.)_G.F._Atk_749455.jpg,ok
151299,Fomes populinus,杨层孔菌,images/00/15/00151299.webp,https://thumb.wikimedia.org/wikipedia/commons/thumb/0/0d/Oxyporus_populinus01.jpg/960px-Oxyporus_populinus01.jpg?utm_source=en.wikipedia.org&utm_campaign=api&utm_content=thumbnail,"Joseph O'Brien, USDA Forest Service, Bugwood.org",Public domain,,https://en.wikipedia.org/wiki/File:Oxyporus_populinus01.jpg,ok
151319,Fomes stevenii,,,,,,,,no_image
150119,Fomitiporia ellipsoidea,椭圆嗜蓝孢孔菌,images/00/15/00150119.webp,https://thumb.wikimedia.org/wikipedia/commons/thumb/f/f0/Fomitiporia_ellipsoidea.jpg/960px-Fomitiporia_ellipsoidea.jpg?utm_source=en.wikipedia.org&utm_campaign=api&utm_content=thumbnail,Dr. Bao-Kai Cui,CC BY-SA 3.0,https://creativecommons.org/licenses/by-sa/3.0,https://en.wikipedia.org/wiki/File:Fomitiporia_ellipsoidea.jpg,ok
150884,Fomitopsis lignea,木质拟层孔菌,,,,,,,no_image
39148,Forcipomyia absita,边远铗蠓,,,,,,,no_image
39168,Forcipomyia bistorymus,新双刺铗蠓,,,,,,,no_image
39188,Forcipomyia conturbatus,烦人铗蠓,,,,,,,no_image
39208,Forcipomyia fuliginosa,煤黑铗蠓,,,,,,,no_image
39228,Forcipomyia intrudens,侵袭铗蠓,,,,,,,no_image
39248,Forcipomyia martina,滨海铗蠓,,,,,,,no_image
39268,Forcipomyia perpusillus,稀有铗蠓,,,,,,,no_image
39288,Forcipomyia rugosa,粗放铗蠓,,,,,,,no_image
39308,Forcipomyia turanorustica,吐然铗蠓,,,,,,,no_image
39328,Forcipula yunnanea,云南钳螋,,,,,,,no_image
101779,Fordiophyton zhuangiae,庄氏异药花,,,,,,,no_image
39350,Forficula mandarina,中国球螋,,,,,,,no_image
101782,Formanodendron doichangensis,三棱栎,,,,,,,no_image
76086,Formosania tinkhami,廷氏台鳅,,,,,,,no_image
39401,Formosatettix yunnanensis,云南台蚱,,,,,,,no_image
101787,Forsstroemia konoi,八列残齿藓,,,,,,,no_image
9196,Fosseremus sculpturatus,刻纹窝甲螨,,,,,,,no_image
101810,Fragaria mandshurica,吉林草莓,,,,,,,no_image
101825,Frangula crenata,长叶冻绿,,,,,,,no_image
101834,Fraxinus baroniana,狭叶梣,images/00/10/00101834.webp,https://thumb.wikimedia.org/wikipedia/commons/thumb/5/5a/Fraxinus_baroniana_kz2.jpg/960px-Fraxinus_baroniana_kz2.jpg?utm_source=en.wikipedia.org&utm_campaign=api&utm_content=thumbnail,"Krzysztof Ziarnek, Kenraiz",CC BY-SA 4.0,https://creativecommons.org/licenses/by-sa/4.0,https://en.wikipedia.org/wiki/File:Fraxinus_baroniana_kz2.jpg,ok
101858,Fraxinus sogdiana,天山梣,images/00/10/00101858.webp,https://thumb.wikimedia.org/wikipedia/commons/thumb/2/25/Fraxinus_sogdiana.jpg/960px-Fraxinus_sogdiana.jpg?utm_source=en.wikipedia.org&utm_campaign=api&utm_content=thumbnail,"Arkadiusz Nowak, Marcin Nobis, Sylwia Nowak, Agnieszka Nobis,
Anna Wróbel, Sebastian Świerszcz, Ewelina Klichowska,

Iwona Dembicz &amp; Grzegorz Kusza",CC BY 4.0,https://creativecommons.org/licenses/by/4.0,https://en.wikipedia.org/wiki/File:Fraxinus_sogdiana.jpg,ok
19267,Friesea nauimetztli,,,,,,,,no_image
101872,Fritillaria dajinensis,大金贝母,,,,,,,no_image
101897,Fritillaria yuminensis,裕民贝母,,,,,,,no_image
39459,Frontopsylla exilidigita,窄指额蚤,,,,,,,no_image
39492,Fruhstorferiola brachyptera,短翅腹露蝗,,,,,,,no_image
101911,Frullania bonincola,小笠原耳叶苔,,,,,,,no_image
101940,Frullania giraldiana,心叶耳叶苔,,,,,,,no_image
101964,Frullania moniliata,列胞耳叶苔,,,,,,,no_image
101984,Frullania retusa,微凹耳叶苔,,,,,,,no_image
102011,Frullania wangii,圆基耳叶苔,,,,,,,no_image
39510,Fulcrifera tricentra,三支小卷蛾,images/00/03/00039510.webp,https://thumb.wikimedia.org/wikipedia/commons/thumb/6/6e/18-Indian-Insect-Life_-_Harold_Maxwell-Lefroy_-_Laspeyresia-pseudonectis.jpg/960px-18-Indian-Insect-Life_-_Harold_Maxwell-Lefroy_-_Laspeyresia-pseudonectis.jpg?utm_source=en.wikipedia.org&utm_campaign=api&utm_content=thumbnail,Harold Maxwell-Lefroy,CC0,http://creativecommons.org/publicdomain/zero/1.0/deed.en,https://en.wikipedia.org/wiki/File:18-Indian-Insect-Life_-_Harold_Maxwell-Lefroy_-_Laspeyresia-pseudonectis.jpg,ok
2186,Fulvia mutica,滑顶薄壳鸟蛤,,,,,,,no_image
150152,Fulvifomes umbrinellus,,,,,,,,no_image
102031,Funaria muhlenbergii,刺边葫芦藓,,,,,,,no_image
7626,Fungia tenuis,细石芝珊瑚,,,,,,,no_image
39529,Furcula furcula,燕尾舟蛾,images/00/03/00039529.webp,https://thumb.wikimedia.org/wikipedia/commons/thumb/8/84/Furcula_furcula02.jpg/960px-Furcula_furcula02.jpg?utm_source=en.wikipedia.org&utm_campaign=api&utm_content=thumbnail,,CC BY-SA 3.0,http://creativecommons.org/licenses/by-sa/3.0/,https://en.wikipedia.org/wiki/File:Furcula_furcula02.jpg,ok
143009,Fusariella sinensis,,,,,,,,no_image
142049,Fusarium crookwellense,,,,,,,,no_image
142069,Fusarium nisikadoi,,,,,,,,no_image
142089,Fusarium tricinctum,,,,,,,,no_image
137245,Fuscopannaria leucosticta,雀斑棕鳞衣,images/00/13/00137245.webp,https://thumb.wikimedia.org/wikipedia/commons/thumb/2/2f/Rimmed_Shingle_Lichen_%284503899791%29.jpg/960px-Rimmed_Shingle_Lichen_%284503899791%29.jpg?utm_source=en.wikipedia.org&utm_campaign=api&utm_content=thumbnail,Jason Hollinger,CC BY 2.0,https://creativecommons.org/licenses/by/2.0,https://en.wikipedia.org/wiki/File:Rimmed_Shingle_Lichen_(4503899791).jpg,ok
150166,Fuscoporia nothofagi,假山毛榉褐孔菌,,,,,,,no_image
134261,Fusicladium kaki,,,,,,,,no_image
8582,Fusitriton galea,头盔网目螺,,,,,,,no_image
39555,Gabrius dentatus,,,,,,,,no_image
39575,Gabrius nigritulus,,,,,,,,no_image
39596,Gabrius trossuloides,,,,,,,,no_image
76146,Gadomus multifilis,多丝鼠鳕,,,,,,,no_image
102046,Gagea flavonutans,平滑洼瓣花,,,,,,,no_image
102066,Gagea yunnanensis,云南洼瓣花,,,,,,,no_image
16811,Gagrella songi,宋氏盾刺盲蛛,,,,,,,no_image
102072,Galactia tashiroi,琉球乳豆,,,,,,,no_image
139969,Galactinia succosella,,,,,,,,no_image
576,Galathea genkai,玄海铠甲虾,,,,,,,no_image
102095,Galaxaura subfruticulosa,亚灌木状乳节藻,,,,,,,no_image
102106,Galeola cathcartii,反瓣山珊瑚,,,,,,,no_image
146536,Galerina clavata,盔抱伞,,,,,,,no_image
146556,Galerina sphagnorum,,,,,,,,no_image
140870,Galiella sinensis,中国盖尔盘菌,,,,,,,no_image
102157,Galium elegans,小红参,,,,,,,no_image
102181,Galium minutissimum,微小拉拉藤,,,,,,,no_image
102203,Galium tenuissimum,纤细拉拉藤,,,,,,,no_image
39618,Galoxestis baliocata,斑乳祝蛾,,,,,,,no_image
15318,Gamasomorpha cataphracta,甲胄加马蛛,,,,,,,no_image
6282,Gammaropsis nitida,短小拟钩虾,,,,,,,no_image
39626,Gampsocera binotata,双显曲角秆蝇,,,,,,,no_image
39642,Gandaca harina,玕粉蝶,images/00/03/00039642.webp,https://thumb.wikimedia.org/wikipedia/commons/thumb/b/b4/Close_wing_position_of_Gandaca_harina_Horsfield%2C_1829_%E2%80%93_Tree_Yellow.jpg/960px-Close_wing_position_of_Gandaca_harina_Horsfield%2C_1829_%E2%80%93_Tree_Yellow.jpg?utm_source=en.wikipedia.org&utm_campaign=api&utm_content=thumbnail,Karmakar Tarun,CC BY-SA 4.0,https://creativecommons.org/licenses/by-sa/4.0,"https://en.wikipedia.org/wiki/File:Close_wing_position_of_Gandaca_harina_Horsfield,_1829_–_Tree_Yellow.jpg",ok
39668,Gangaridopsis sinica,中华甘舟蛾,,,,,,,no_image
151357,Ganoderma bataanense,大孔假芝,,,,,,,no_image
151377,Ganoderma coffeatum,,,,,,,,no_image
151397,Ganoderma fulvellum,黄褐灵芝,,,,,,,no_image
151417,Ganoderma lobatum,裂迭灵芝,images/00/15/00151417.webp,https://thumb.wikimedia.org/wikipedia/commons/thumb/c/cd/Ganoderma_lobatum_%28Schwein.%29_G.F._Atk_749455.jpg/960px-Ganoderma_lobatum_%28Schwein.%29_G.F._Atk_749455.jpg?utm_source=en.wikipedia.org&utm_campaign=api&utm_content=thumbnail,"This image was created by user Ryan Patrick (donjonson420) at Mushroom Observer, a source for mycological images.You can contact this user here.",CC BY-SA 3.0,https://creativecommons.org/licenses/by-sa/3.0,https://en.wikipedia.org/wiki/File:Ganoderma_lobatum_(Schwein.)_G.F._Atk_749455.jpg,ok
151437,Ganoderma neojaponicum,黑紫灵芝,,,,,,,no_image
151457,Ganoderma pseudoboletus,,,,,,,,no_image
151477,Ganoderma sichuanense,四川灵芝,images/00/15/00151477.webp,https://thumb.wikimedia.org/wikipedia/commons/thumb/0/05/Ganoderma_lingzhi_Wu%2C_Cao_%26_Dai_574883.jpg/960px-Ganoderma_lingzhi_Wu%2C_Cao_%26_Dai_574883.jpg?utm_source=en.wikipedia.org&utm_campaign=api&utm_content=thumbnail,"This image was created by user TecheOldFox (Techieoldfox) at Mushroom Observer, a source for mycological images.You can contact this user here.",CC BY-SA 3.0,https://creativecommons.org/licenses/by-sa/3.0,"https://en.wikipedia.org/wiki/File:Ganoderma_lingzhi_Wu,_Cao_&_Dai_574883.jpg",ok
151497,Ganoderma triangulum,三角状树舌,,,,,,,no_image
16713,Ganthela venus,维纳斯赣蛛,,,,,,,no_image
102245,Garcinia lancilimba,长裂藤黄,,,,,,,no_image
102265,Gardenia jasminoides,栀子,images/00/10/00102265.webp,https://thumb.wikimedia.org/wikipedia/commons/thumb/5/54/Gardenia_jasminoides_flower_Argentina.jpg/960px-Gardenia_jasminoides_flower_Argentina.jpg?utm_source=en.wikipedia.org&utm_campaign=api&utm_content=thumbnail,Adriel anv00,CC BY-SA 4.0,https://creativecommons.org/licenses/by-sa/4.0,https://en.wikipedia.org/wiki/File:Gardenia_jasminoides_flower_Argentina.jpg,ok
39685,Gargetta fangi,方氏细翅舟蛾,,,,,,,no_image
102279,Garnotia ciliata,纤毛耳稃草,,,,,,,no_image
76188,Garra nujiangensis,怒江墨头鱼,,,,,,,no_image
6755,Garthambrus pteromerua,翼长节加氏紧握蟹,,,,,,,no_image
39691,Gasterophilus nasalis,鼻胃蝇,,https://upload.wikimedia.org/wikipedia/commons/c/c5/Britishentomologyvolume8Plate146%2C_crop1.jpg?utm_source=en.wikipedia.org&utm_campaign=api&utm_content=thumbnail_unscaled,John Curtis,Public domain,,"https://en.wikipedia.org/wiki/File:Britishentomologyvolume8Plate146,_crop1.jpg",download_failed
102300,Gastrochilus armeniacus,杏黄盆距兰,,,,,,,no_image
102320,Gastrochilus japonicus,黄松盆距兰,images/00/10/00102320.webp,https://thumb.wikimedia.org/wikipedia/commons/thumb/3/35/Gastrochilus_japonicus_drawing.jpg/960px-Gastrochilus_japonicus_drawing.jpg?utm_source=en.wikipedia.org&utm_campaign=api&utm_content=thumbnail,Tomitaro Makino,Public domain,,https://en.wikipedia.org/wiki/File:Gastrochilus_japonicus_drawing.jpg,ok
102340,Gastrochilus pseudodressleri,马关盆距兰,,,,,,,no_image
102359,Gastroclonium xishaensis,西沙腹枝藻,,,,,,,no_image
102378,Gastrodia flexistyla,折柱天麻,,,,,,,no_image
102398,Gastrodia tuberculata,疣天麻,,,,,,,no_image
39720,Gastropacha quercifolia,李褐枯叶蛾,,https://thumb.wikimedia.org/wikipedia/commons/thumb/6/67/Gastropacha_quercifolia01.jpg/960px-Gastropacha_quercifolia01.jpg?utm_source=en.wikipedia.org&utm_campaign=api&utm_content=thumbnail,,Attribution,,https://en.wikipedia.org/wiki/File:Gastropacha_quercifolia01.jpg,license_rejected
39737,Gastrothrips fuscatus,胫齿肚管蓟马,,,,,,,no_image
39755,Gatzara petrophila,丽纹锦蚁蛉,,,,,,,no_image
102422,Gaultheria hypochlora,绿背白珠,,,,,,,no_image
102446,Gaultheria stapfiana,剑川白珠,,,,,,,no_image
39769,Gaurena fletcheri,陕篝波纹蛾,,,,,,,no_image
39790,Gaurotina pulchra,丽黑胸瘤花天牛,,,,,,,no_image
39794,Gazalina purification,白雪舟蛾,,,,,,,no_image
149856,Geastrum javanicum,褐绒地星,,,,,,,no_image
149876,Geastrum vulgatum,普通地星,,,,,,,no_image
76252,Gekko hokouensis,铅山壁虎,images/00/07/00076252.webp,https://thumb.wikimedia.org/wikipedia/commons/thumb/1/1a/Gekko_hokouensis_on_taiwan_1.jpg/960px-Gekko_hokouensis_on_taiwan_1.jpg?utm_source=en.wikipedia.org&utm_campaign=api&utm_content=thumbnail,mutolisp,CC BY 4.0,https://creativecommons.org/licenses/by/4.0,https://en.wikipedia.org/wiki/File:Gekko_hokouensis_on_taiwan_1.jpg,ok
76272,Gekko taibaiensis,太白壁虎,,,,,,,no_image
102465,Gelidiopsi repens,匍匐拟石花,,,,,,,no_image
102488,Gelidocalamus multifolius,多叶井冈竹,,,,,,,no_image
150747,Gelopellis shanxiensis,山西胶皮菌,,,,,,,no_image
4346,Gemmula rarimaculata,稀斑蕾螺,,,,,,,no_image
15911,Geniculodesmus inexpectatus,,,,,,,,no_image
102504,Gentiana albicalyx,银萼龙胆,,,,,,,no_image
102528,Gentiana baoxingensis,宝兴龙胆,,,,,,,no_image
102552,Gentiana crenulatotruncata,圆齿褶龙胆,,,,,,,no_image
102576,Gentiana emodii,扇叶龙胆,,,,,,,no_image
102598,Gentiana gyirongensis,吉隆龙胆,,,,,,,no_image
102618,Gentiana kunmingensis,昆明小龙胆,,,,,,,no_image
102642,Gentiana melandriifolia,女娄菜叶龙胆,,,,,,,no_image
102668,Gentiana olivieri,楔湾缺秦艽,images/00/10/00102668.webp,https://thumb.wikimedia.org/wikipedia/commons/thumb/b/b3/Gentiana_olivieri_%28Gentianaceae%29_%2832369571934%29.jpg/960px-Gentiana_olivieri_%28Gentianaceae%29_%2832369571934%29.jpg?utm_source=en.wikipedia.org&utm_campaign=api&utm_content=thumbnail,"yakovlev.alexey from Moscow, Russia",CC BY-SA 2.0,https://creativecommons.org/licenses/by-sa/2.0,https://en.wikipedia.org/wiki/File:Gentiana_olivieri_(Gentianaceae)_(32369571934).jpg,ok
102690,Gentiana prostrata,匍地龙胆,,https://upload.wikimedia.org/wikipedia/commons/e/ec/Gentiana_prostrata_Atlas_Alpenflora.jpg?utm_source=en.wikipedia.org&utm_campaign=api&utm_content=thumbnail_unscaled,Anton Hartinger,Public domain,,https://en.wikipedia.org/wiki/File:Gentiana_prostrata_Atlas_Alpenflora.jpg,download_failed
102720,Gentiana shaanxiensis,陕西龙胆,,,,,,,no_image
102751,Gentiana sutchuenensis,四川龙胆,,,,,,,no_image
102775,Gentiana tubiflora,筒花龙胆,,,,,,,no_image
102804,Gentiana zekuensis,泽库秦艽,,,,,,,no_image
39818,Geococcus citrinus,橘荒粉蚧,,,,,,,no_image
39830,Geodromicus sibiricus,,,,,,,,no_image
134858,Geoglossum glabrum,平滑地舌菌,,,,,,,no_image
134878,Geoglossum walteri,,,,,,,,no_image
39855,Geometra sponsaria,白带青尺蛾,,,,,,,no_image
140450,Geopora michaelis,,,,,,,,no_image
140468,Geopyxis occidentalis,,,,,,,,no_image
102839,Geranium canopurpureum,灰紫老鹳草,,,,,,,no_image
102859,Geranium moupinense,宝兴老鹳草,,,,,,,no_image
102879,Geranium sibiricum,鼠掌老鹳草,,https://upload.wikimedia.org/wikipedia/commons/e/e5/Geranium_sibiricum_flower.jpg?utm_source=en.wikipedia.org&utm_campaign=api&utm_content=thumbnail_unscaled,W4Vdragon,CC BY 4.0,https://creativecommons.org/licenses/by/4.0,https://en.wikipedia.org/wiki/File:Geranium_sibiricum_flower.jpg,download_failed
39877,Geranomyia kiangsiana,江西长唇大蚊,,,,,,,no_image
39895,Gergithoides gibbosus,弯月脊额瓢蜡蝉,,,,,,,no_image
76296,Gerres erythrourus,红尾银鲈,,https://upload.wikimedia.org/wikipedia/commons/c/c5/Gerreserytrhrourus.jpg?utm_source=en.wikipedia.org&utm_campaign=api&utm_content=thumbnail_unscaled,Sahat Ratmuangkhwang,CC BY 3.0,https://creativecommons.org/licenses/by/3.0,https://en.wikipedia.org/wiki/File:Gerreserytrhrourus.jpg,download_failed
147124,Gerronema subchrysophyllum,,,,,,,,no_image
39919,Ghoria collitoides,头褐荷苔蛾,images/00/03/00039919.webp,https://thumb.wikimedia.org/wikipedia/commons/thumb/0/04/Ghoria_collitoides_subpurpurea1.jpg/960px-Ghoria_collitoides_subpurpurea1.jpg?utm_source=en.wikipedia.org&utm_campaign=api&utm_content=thumbnail,Hsu Hong Lin,CC BY-SA 2.0,https://creativecommons.org/licenses/by-sa/2.0,https://en.wikipedia.org/wiki/File:Ghoria_collitoides_subpurpurea1.jpg,ok
142095,Gibberella lateritium,,,,,,,,no_image
144272,Gibellina cerealis,,,,,,,,no_image
102901,Gigantochloa albociliata,白毛巨竹,,,,,,,no_image
155602,Gigaspora gigantea,巨大巨孢囊霉,,,,,,,no_image
39955,Ginshachia zhui,朱氏锦舟蛾,,,,,,,no_image
2342,Glabropilumnus laevimanus,光掌光毛蟹,,,,,,,no_image
102930,Glaphyropteridopsis jinfushanensis,金佛山方秆蕨,,,,,,,no_image
76322,Glaucidium brodiei,领鸺鹠,images/00/07/00076322.webp,https://thumb.wikimedia.org/wikipedia/commons/thumb/f/f8/Collared_Owlet_0A2A4065.jpg/960px-Collared_Owlet_0A2A4065.jpg?utm_source=en.wikipedia.org&utm_campaign=api&utm_content=thumbnail,JJ Harrison,CC BY-SA 4.0,https://creativecommons.org/licenses/by-sa/4.0,https://en.wikipedia.org/wiki/File:Collared_Owlet_0A2A4065.jpg,ok
102944,Glebionis coronaria,茼蒿,,https://thumb.wikimedia.org/wikipedia/commons/thumb/5/5d/Glebionis_February_2008-1.jpg/960px-Glebionis_February_2008-1.jpg?utm_source=en.wikipedia.org&utm_campaign=api&utm_content=thumbnail,,,,https://en.wikipedia.org/wiki/Glebionis_coronaria,license_rejected
39970,Glenea aeolis,,,,,,,,no_image
39994,Glenea fainanensis,,,,,,,,no_image
40014,Glenea lineata,,,,,,,,no_image
40038,Glenea pieliana,,,,,,,,no_image
40064,Glenea suensoni,,,,,,,,no_image
14961,Glenognatha tangi,汤氏格螯蛛,,,,,,,no_image
102975,Globba menglianensis,孟连舞花姜,,,,,,,no_image
6220,Globosolembos leapakahi,跳球舟钩虾,,,,,,,no_image
102994,Glochidion lanyuense,兰屿算盘子,,,,,,,no_image
103016,Glochidion yangchunense,阳春珠子木,,,,,,,no_image
149887,Gloeophyllum imponens,茸毛粘褶菌,,,,,,,no_image
137910,Gloeosporium pelargonii,,,,,,,,no_image
155647,Glomus albidus,,,,,,,,no_image
155667,Glomus clarum,明球囊霉,,,,,,,no_image
155687,Glomus fecundisporum,多产球囊霉,,,,,,,no_image
155707,Glomus hyderabadensis,海德拉巴球囊霉,,,,,,,no_image
155727,Glomus microcarpus,小果球囊霉,,,,,,,no_image
155747,Glomus reticulatum,网状球囊霉,,,,,,,no_image
155767,Glomus vesiculiferum,,,,,,,,no_image
5672,Glossaulax didyma,扁玉螺,images/00/00/00005672.webp,https://thumb.wikimedia.org/wikipedia/commons/thumb/9/9c/Neverita_didyma.jpg/960px-Neverita_didyma.jpg?utm_source=en.wikipedia.org&utm_campaign=api&utm_content=thumbnail,self,CC BY-SA 3.0,https://creativecommons.org/licenses/by-sa/3.0,https://en.wikipedia.org/wiki/File:Neverita_didyma.jpg,ok
155820,Glotzia ephemeridarum,,,,,,,,no_image
76365,Gloydius variegatus,卡若蝮,,,,,,,no_image
3583,Glycera subaenea,浅古铜吻沙蚕,,,,,,,no_image
103042,Glycine max,大豆,,https://upload.wikimedia.org/wikipedia/commons/8/82/Soybean.USDA.jpg?utm_source=en.wikipedia.org&utm_campaign=api&utm_content=thumbnail_unscaled,,Public domain,,https://en.wikipedia.org/wiki/File:Soybean.USDA.jpg,download_failed
1852,Glycymeris rotunda,圆蚶蜊,,,,,,,no_image
16102,Glyphiulus adeloglyphus,模糊雕马陆,,,,,,,no_image
16084,Glyphiulus melanoporus,黑孔雕马陆,,,,,,,no_image
16070,Glyphiulus subobliteratus,亚消雕马陆,,,,,,,no_image
10048,Glyptacus microcarpae,,,,,,,,no_image
103086,Glyptopetalum lancilimbum,披针叶沟瓣木,,,,,,,no_image
40114,Glyptotermes bimaculifrons,双斑树白蚁,,,,,,,no_image
40134,Glyptotermes magnioculus,大眼树白蚁,,,,,,,no_image
76378,Glyptothorax granosus,粒线纹胸&#x0000E065;,,,,,,,no_image
103094,Gmelina arborea,云南石梓,,https://upload.wikimedia.org/wikipedia/commons/1/1c/Gamhar.jpg?utm_source=en.wikipedia.org&utm_campaign=api&utm_content=thumbnail_unscaled,LRBurdak,CC BY-SA 3.0,http://creativecommons.org/licenses/by-sa/3.0/,https://en.wikipedia.org/wiki/File:Gamhar.jpg,download_failed
13798,Gnaphosa inconspecta,欠虑平腹蛛,,,,,,,no_image
13741,Gnaphosa tumd,土旗平腹蛛,,,,,,,no_image
40166,Gnaptorina miroshnikovi,米小琵甲,,,,,,,no_image
76401,Gnatholepis davaoensis,德瓦颌鳞鰕虎,,,,,,,no_image
1571,Gnathophyllum americanum,美洲叶颚虾,images/00/00/00001571.webp,https://thumb.wikimedia.org/wikipedia/commons/thumb/7/71/Bumblebee_Shrimp.jpg/960px-Bumblebee_Shrimp.jpg?utm_source=en.wikipedia.org&utm_campaign=api&utm_content=thumbnail,Chad Ordelheide,CC BY-SA 3.0,https://creativecommons.org/licenses/by-sa/3.0,https://en.wikipedia.org/wiki/File:Bumblebee_Shrimp.jpg,ok
103115,Gnetum luofuense,罗浮买麻藤,images/00/10/00103115.webp,https://thumb.wikimedia.org/wikipedia/commons/thumb/f/f8/Gnetum_luofuense_278350694.jpg/960px-Gnetum_luofuense_278350694.jpg?utm_source=en.wikipedia.org&utm_campaign=api&utm_content=thumbnail,Andrew Lai,CC BY 4.0,https://creativecommons.org/licenses/by/4.0,https://en.wikipedia.org/wiki/File:Gnetum_luofuense_278350694.jpg,ok
40213,Gnezdilovius nigrolimbatus,边格氏瓢蜡蝉,,,,,,,no_image
40233,Gnezdilovius yunnanensis,云南格氏瓢蜡蝉,,,,,,,no_image
40247,Gnypeta immodesta,,,,,,,,no_image
76420,Gobio tenuicorpus,细体&#x0000E068;,,,,,,,no_image
76440,Gobiodon oculolineatus,眼带叶鰕虎,,,,,,,no_image
8291,Golfingia elongata,长戈芬恩星虫,,,,,,,no_image
138040,Golovinomyces arabidis,,,,,,,,no_image
40265,Gomphidia fukienensis,福建小叶春蜓,,,,,,,no_image
103146,Gomphogyne cissiformis,锥形果,,,,,,,no_image
103174,Gomphrena wrightii,安旱苋,,,,,,,no_image
40292,Gonepteryx taiwana,台湾钩粉蝶,,,,,,,no_image
14188,Gongylidioides ussuricus,纵带圆胸蛛,,,,,,,no_image
3273,Goniada maculata,色斑角吻沙蚕,,,,,,,no_image
40315,Gonioctena bedzeki,异斑角胫叶甲,,,,,,,no_image
40335,Gonioctena ogloblini,欧氏角胫叶甲,,,,,,,no_image
40353,Goniogryllus emeicus,峨眉哑蟋,,,,,,,no_image
103189,Goniophlebium bourretii,滇越水龙骨,,,,,,,no_image
40367,Goniophyto shanghaiensis,上海沼野蝇,,,,,,,no_image
103214,Goniothalamus howii,海南哥纳香,,,,,,,no_image
76460,Goniurosaurus luii,凭祥睑虎,images/00/07/00076460.webp,https://thumb.wikimedia.org/wikipedia/commons/thumb/1/1f/Goniurosaurus_luii_-_Richard_Fuller_-_331773532.jpeg/960px-Goniurosaurus_luii_-_Richard_Fuller_-_331773532.jpeg?utm_source=en.wikipedia.org&utm_campaign=api&utm_content=thumbnail,Richard Fuller,CC0,http://creativecommons.org/publicdomain/zero/1.0/deed.en,https://en.wikipedia.org/wiki/File:Goniurosaurus_luii_-_Richard_Fuller_-_331773532.jpeg,ok
3353,Gonodactylellu affinis,近缘小指虾蛄,,,,,,,no_image
40389,Gonomyia bibula,双祖大蚊,,,,,,,no_image
40409,Gonomyia sauteri,苏氏祖大蚊,,,,,,,no_image
141268,Gonytrichum chlamydosporium,,,,,,,,no_image
103246,Goodyera robusta,滇藏斑叶兰,,,,,,,no_image
40418,Gorpis brevilineatus,山高姬蝽,,,,,,,no_image
103265,Gouania javanica,毛咀签,,,,,,,no_image
103289,Gracilaria hainanensis,海南江蓠,,,,,,,no_image
76481,Gracixalus huaping,花坪纤树蛙,,,,,,,no_image
40433,Graminothrips longisetosus,长鬃草蓟马,,,,,,,no_image
76513,Grammoplites scaber,横带棘线鲬,,,,,,,no_image
6235,Grandidierella megnae,巨大螯蜚,,,,,,,no_image
136866,Graphina hiascens,,,,,,,,no_image
136884,Graphis benguetensis,云杉文字衣,,,,,,,no_image
136904,Graphis filiformis,丝线文字衣,,,,,,,no_image
136924,Graphis leptocarpa,细果文字衣,,,,,,,no_image
136944,Graphis rimulosa,小隙文字衣,,,,,,,no_image
144227,Graphium pseudormiticum,,,,,,,,no_image
2844,Grapsus longitarsis,长趾方蟹,images/00/00/00002844.webp,https://thumb.wikimedia.org/wikipedia/commons/thumb/2/2b/Grapsus_longitarsis_152025260.jpg/960px-Grapsus_longitarsis_152025260.jpg?utm_source=en.wikipedia.org&utm_campaign=api&utm_content=thumbnail,Stella K.,CC BY 4.0,https://creativecommons.org/licenses/by/4.0,https://en.wikipedia.org/wiki/File:Grapsus_longitarsis_152025260.jpg,ok
40513,Graptomyza obtusa,钝斑缺伪蚜蝇,,,,,,,no_image
103325,Grateloupia imbricata,复瓦蜈蚣藻,,,,,,,no_image
5365,Gregariella coralliophaga,珊瑚绒贻贝,,,,,,,no_image
103357,Grewia henryi,黄麻叶扁担杆,,,,,,,no_image
103377,Griffithsia japonica,日本凋毛藻,,,,,,,no_image
103396,Grimmia mammosa,粗瘤紫萼藓,,,,,,,no_image
103415,Grona reticulata,显脉假地豆,,,,,,,no_image
1521,Grypacheus hyalinus,光亮钩英雄蟹,,,,,,,no_image
152806,Guepiniopsis ovispora,卵孢胶盘耳,,,,,,,no_image
131857,Guignardia fici,,,,,,,,no_image
5706,Guildafordia yoca,长刺螺,,,,,,,no_image
40548,Gunungidia aurantiifasciata,橙带突额叶蝉,,,,,,,no_image
136801,Gyalectidium caucasicum,,,,,,,,no_image
103444,Gymnadenia crassinervis,短距手参,,,,,,,no_image
76531,Gymnapogon sagittarius,箭体裸天竺鲷,,,,,,,no_image
103464,Gymnocarpos przewalskii,裸果木,,,,,,,no_image
76538,Gymnocypris chui,兰格湖裸鲤,,,,,,,no_image
76555,Gymnodiptychus integrigymnatus,全裸裸重唇鱼,,,,,,,no_image
152103,Gymnomyces lactifer,乳汁裸腹菌,,,,,,,no_image
146578,Gymnopilus dulongjiangensis,独龙江裸伞,,,,,,,no_image
146598,Gymnopilus rufopunctatus,红斑裸伞,,,,,,,no_image
40602,Gymnopternus fushanensis,福山行脉长足虻,,,,,,,no_image
40622,Gymnopternus prominulus,突行脉长足虻,,,,,,,no_image
147567,Gymnopus dryophilus,栎裸菇,images/00/14/00147567.webp,https://thumb.wikimedia.org/wikipedia/commons/thumb/2/25/Collybia_dryophila_20061001w.jpg/960px-Collybia_dryophila_20061001w.jpg?utm_source=en.wikipedia.org&utm_campaign=api&utm_content=thumbnail,User:Strobilomyces,CC BY-SA 3.0,http://creativecommons.org/licenses/by-sa/3.0/,https://en.wikipedia.org/wiki/File:Collybia_dryophila_20061001w.jpg,ok
147587,Gymnopus peronatus,盾状裸伞,images/00/14/00147587.webp,https://thumb.wikimedia.org/wikipedia/commons/thumb/4/4e/Collybia_peronata_20070812wb.JPG/960px-Collybia_peronata_20070812wb.JPG?utm_source=en.wikipedia.org&utm_campaign=api&utm_content=thumbnail,Strobilomyces,CC BY-SA 3.0,https://creativecommons.org/licenses/by-sa/3.0,https://en.wikipedia.org/wiki/File:Collybia_peronata_20070812wb.JPG,ok
103477,Gymnospermium kiangnanense,江南牡丹草,,,,,,,no_image
153201,Gymnosporangium formosanum,台湾胶锈,,,,,,,no_image
153221,Gymnosporangium tianschanicum,天山胶锈菌,,,,,,,no_image
103501,Gymnosporia rufa,淡红裸实,,,,,,,no_image
76570,Gymnothorax chilospilus,云纹裸胸鳝,,https://thumb.wikimedia.org/wikipedia/commons/thumb/3/35/GymnothoraxChilospilus2RLS.jpg/960px-GymnothoraxChilospilus2RLS.jpg?utm_source=en.wikipedia.org&utm_campaign=api&utm_content=thumbnail,,,,https://en.wikipedia.org/wiki/Gymnothorax_chilospilus,license_rejected
76590,Gymnothorax niphostigmus,雪花斑裸胸鳝,,,,,,,no_image
76610,Gymnothorax vietnamensis,越南褐裸胸鳝,,,,,,,no_image
40657,Gynaikothrips ficorum,榕母管蓟马,images/00/04/00040657.webp,https://thumb.wikimedia.org/wikipedia/commons/thumb/6/60/Gynaikothrips_ficorum_219317471.jpg/960px-Gynaikothrips_ficorum_219317471.jpg?utm_source=en.wikipedia.org&utm_campaign=api&utm_content=thumbnail,Stephen Thorpe,CC BY 4.0,https://creativecommons.org/licenses/by/4.0,https://en.wikipedia.org/wiki/File:Gynaikothrips_ficorum_219317471.jpg,ok
103534,Gynostemma pentagynum,五柱绞股蓝,,,,,,,no_image
40661,Gypsonoma minutana,杨柳小卷蛾,images/00/04/00040661.webp,https://thumb.wikimedia.org/wikipedia/commons/thumb/3/31/Gypsonoma_minutana_%2829479799850%29.jpg/960px-Gypsonoma_minutana_%2829479799850%29.jpg?utm_source=en.wikipedia.org&utm_campaign=api&utm_content=thumbnail,Ben Sale from UK,CC BY 2.0,https://creativecommons.org/licenses/by/2.0,https://en.wikipedia.org/wiki/File:Gypsonoma_minutana_(29479799850).jpg,ok
424,Gyptis capensis,南非英虫,,,,,,,no_image
40666,Gyrochus guangxiensis,广西环脊茧蜂,,,,,,,no_image
139701,Gyromitra gigas,大鹿花菌,images/00/13/00139701.webp,https://thumb.wikimedia.org/wikipedia/commons/thumb/d/dd/Gyromitra_gigas_85397.jpg/960px-Gyromitra_gigas_85397.jpg?utm_source=en.wikipedia.org&utm_campaign=api&utm_content=thumbnail,"This image was created by user Ron Pastorino (Ronpast) at Mushroom Observer, a source for mycological images.You can contact this user here.",CC BY-SA 3.0,https://creativecommons.org/licenses/by-sa/3.0,https://en.wikipedia.org/wiki/File:Gyromitra_gigas_85397.jpg,ok
40685,Gyrophaena anguinea,,,,,,,,no_image
40705,Gyrophaena daxuemontis,,,,,,,,no_image
40725,Gyrophaena herebi,,,,,,,,no_image
40745,Gyrophaena munca,,,,,,,,no_image
40765,Gyrophaena qingchengensis,,,,,,,,no_image
40785,Gyrophaena stella,,,,,,,,no_image
40805,Gyrophaena zanettii,,,,,,,,no_image
149455,Gyroporus subalbellus,白盖圆孔牛肝菌,images/00/14/00149455.webp,https://thumb.wikimedia.org/wikipedia/commons/thumb/0/04/Gyroporus_subalbellus_427925.jpg/960px-Gyroporus_subalbellus_427925.jpg?utm_source=en.wikipedia.org&utm_campaign=api&utm_content=thumbnail,Ron Pastorino (Ronpast),CC BY-SA 3.0,https://creativecommons.org/licenses/by-sa/3.0,https://en.wikipedia.org/wiki/File:Gyroporus_subalbellus_427925.jpg,ok
103592,Habenaria chlorina,缘毛玉凤花,,,,,,,no_image
103612,Habenaria iyoensis,岩坡玉凤花,,,,,,,no_image
103632,Habenaria reniformis,肾叶玉凤花,,,,,,,no_image
40817,Habrocerus splendens,,,,,,,,no_image
40835,Habropoda rufipes,红足回条蜂,,,,,,,no_image
18692,Habrotrocha elegans,华丽宿轮虫,,,,,,,no_image
40875,Hadena eximia,皎盗夜蛾,,,,,,,no_image
40895,Hadjina chinensis,中赫夜蛾,,,,,,,no_image
40907,Haematobia minuta,微小角蝇,,,,,,,no_image
40917,Haematopota bashanensis,巴山麻虻,,,,,,,no_image
40937,Haematopota johnburtoni,约翰柏通麻虻,,,,,,,no_image
40957,Haematopota personata,假面麻虻,,,,,,,no_image
40977,Haematopota tenasserimi,天纳西麻虻,,,,,,,no_image
40989,Haemorrhagia alternata,大黑边天蛾,,,,,,,no_image
103657,Hageniella sikkimensis,拟小锦藓,,,,,,,no_image
12037,Hahnia ovata,卵形栅蛛,,,,,,,no_image
103659,Hainania trichosperma,海南椴,,,,,,,no_image
135504,Halecania alpivaga,山孢壁衣,,,,,,,no_image
76652,Haliaeetus pelagicus,虎头海雕,images/00/07/00076652.webp,https://thumb.wikimedia.org/wikipedia/commons/thumb/8/85/Haliaeetus_pelagicus_%28Rausu%2C_Japan%29.jpg/960px-Haliaeetus_pelagicus_%28Rausu%2C_Japan%29.jpg?utm_source=en.wikipedia.org&utm_campaign=api&utm_content=thumbnail,Michael Pinczolits,CC BY 2.0,https://creativecommons.org/licenses/by/2.0,"https://en.wikipedia.org/wiki/File:Haliaeetus_pelagicus_(Rausu,_Japan).jpg",ok
76668,Halichoeres hortulanus,格纹海猪鱼,images/00/07/00076668.webp,https://thumb.wikimedia.org/wikipedia/commons/thumb/f/f4/L%C3%A1brido_tablero_a_cuadros_%28Halichoeres_hortulanus%29%2C_mar_Rojo%2C_Egipto%2C_2023-04-19%2C_DD_43.jpg/960px-L%C3%A1brido_tablero_a_cuadros_%28Halichoeres_hortulanus%29%2C_mar_Rojo%2C_Egipto%2C_2023-04-19%2C_DD_43.jpg?utm_source=en.wikipedia.org&utm_campaign=api&utm_content=thumbnail,Diego Delso,CC BY-SA 4.0,https://creativecommons.org/licenses/by-sa/4.0,"https://en.wikipedia.org/wiki/File:Lábrido_tablero_a_cuadros_(Halichoeres_hortulanus),_mar_Rojo,_Egipto,_2023-04-19,_DD_43.jpg",ok
2507,Halichondria leuconoides,白壳软海绵,,,,,,,no_image
3527,Haliclona tufa,有孔蜂海绵,,,,,,,no_image
103677,Halimeda cuneata,楔形仙掌藻,,,,,,,no_image
103693,Halimocnemis karelinii,短苞盐蓬,,,,,,,no_image
41022,Halme masakoae,,,,,,,,no_image
103698,Halodule uninervis,二药藻,images/00/10/00103698.webp,https://thumb.wikimedia.org/wikipedia/commons/thumb/9/96/Seagrass_Halodule_uninervis_%285777808662%29.jpg/960px-Seagrass_Halodule_uninervis_%285777808662%29.jpg?utm_source=en.wikipedia.org&utm_campaign=api&utm_content=thumbnail,Paul Asman and Jill Lenoble,CC BY 2.0,https://creativecommons.org/licenses/by/2.0,https://en.wikipedia.org/wiki/File:Seagrass_Halodule_uninervis_(5777808662).jpg,ok
144717,Halorosellinia oceanica,,,,,,,,no_image
41038,Halticoptera atherigona,芒蝇赘须金小蜂,,,,,,,no_image
41058,Halticus tibialis,黑腿跳盲蝽,,,,,,,no_image
11349,Hamataliwa cordata,心形哈猫蛛,,,,,,,no_image
41064,Hamaxas kempi,肯车垫跗螋,,,,,,,no_image
14517,Hamus bowoensis,波密钩蛛,,,,,,,no_image
145273,Handkea utriformis,龟裂秃马勃,images/00/14/00145273.webp,https://thumb.wikimedia.org/wikipedia/commons/thumb/3/3b/Hand.utri.jpg/960px-Hand.utri.jpg?utm_source=en.wikipedia.org&utm_campaign=api&utm_content=thumbnail,Luridiformis at English Wikipedia,CC BY 3.0,https://creativecommons.org/licenses/by/3.0,https://en.wikipedia.org/wiki/File:Hand.utri.jpg,ok
103750,Hapaline ellipticifolia,细柄芋,,,,,,,no_image
8800,Haplochthonius simplex,简单缝甲螨,,,,,,,no_image
41088,Haplodiplatys tibetanus,藏单突丝尾螋,,,,,,,no_image
41093,Haplofropis neimongolensis,内蒙古笨蝗,,,,,,,no_image
151515,Haploporus amarus,苦味全缘孔菌,,,,,,,no_image
154538,Haploravenelia millettiae,,,,,,,,no_image
41114,Haplothrips leucanthemi,含羞简管蓟马,,,,,,,no_image
41126,Harmalia obscura,暗黑淡肩飞虱,,,,,,,no_image
1030,Harmotho&#235; sinensis,中华哈鳞虫,,,,,,,no_image
103785,Harpalejeunea filicuspis,细枝镰叶苔,,,,,,,no_image
917,Harpiosquilla indica,印度猛虾蛄,,,,,,,no_image
41156,Harpyia tokui,小斑枝背舟蛾,,,,,,,no_image
13192,Hasarius kweilinensis,桂林哈沙蛛,,,,,,,no_image
5612,Haustorioides magnus,大泵钩虾,,,,,,,no_image
41201,Hebecnema invisifacies,隐颜毛膝蝇,,,,,,,no_image
146618,Hebeloma elatum,高滑锈伞,,,,,,,no_image
146638,Hebeloma strophosum,,,,,,,,no_image
76735,Hebius lacrima,泪纹腹链蛇,,,,,,,no_image
41212,Hecamedoides canolimbatus,黄胫鬃瘤水蝇,,,,,,,no_image
15955,Hedinomorpha jeekeli,,,,,,,,no_image
41225,Hedya ochroleucana,褐广翅小卷蛾,images/00/04/00041225.webp,https://thumb.wikimedia.org/wikipedia/commons/thumb/e/ec/Hedya_ochroleucana_-_Long-cloaked_marble_-_%D0%A0%D0%B0%D0%B7%D0%BD%D0%BE%D1%86%D0%B2%D0%B5%D1%82%D0%BD%D0%B0%D1%8F_%D0%BB%D0%B8%D1%81%D1%82%D0%BE%D0%B2%D1%91%D1%80%D1%82%D0%BA%D0%B0_%D1%88%D0%B8%D0%BF%D0%BE%D0%B2%D0%BD%D0%B8%D0%BA%D0%BE%D0%B2%D0%B0%D1%8F_%2840580621504%29.jpg/960px-Hedya_ochroleucana_-_Long-cloaked_marble_-_%D0%A0%D0%B0%D0%B7%D0%BD%D0%BE%D1%86%D0%B2%D0%B5%D1%82%D0%BD%D0%B0%D1%8F_%D0%BB%D0%B8%D1%81%D1%82%D0%BE%D0%B2%D1%91%D1%80%D1%82%D0%BA%D0%B0_%D1%88%D0%B8%D0%BF%D0%BE%D0%B2%D0%BD%D0%B8%D0%BA%D0%BE%D0%B2%D0%B0%D1%8F_%2840580621504%29.jpg?utm_source=en.wikipedia.org&utm_campaign=api&utm_content=thumbnail,Ilia Ustyantsev from Russia,CC BY-SA 2.0,https://creativecommons.org/licenses/by-sa/2.0,https://en.wikipedia.org/wiki/File:Hedya_ochroleucana_-_Long-cloaked_marble_-_Разноцветная_листовёртка_шиповниковая_(40580621504).jpg,ok
103827,Hedychium kwangsiense,广西姜花,,,,,,,no_image
103851,Hedychium yungjiangense,盈江姜花,,,,,,,no_image
103877,Hedyotis cheniana,少卿耳草,,,,,,,no_image
103897,Hedyotis longipetala,长瓣耳草,,,,,,,no_image
103917,Hedyotis taishanensis,台山耳草,,,,,,,no_image
103938,Hedysarum blepharopterum,睫毛岩黄芪,,,,,,,no_image
103962,Hedysarum kirghisorum,吉尔吉斯岩黄芪,,,,,,,no_image
103987,Hedysarum songaricum,准噶尔岩黄芪,,,,,,,no_image
147344,Heimiomyces atrofulvus,,,,,,,,no_image
41242,Heizmannia mattinglyi,白小盾领蚊,,,,,,,no_image
76760,Helcogramma striata,纵带弯线鳚,images/00/07/00076760.webp,https://thumb.wikimedia.org/wikipedia/commons/thumb/1/17/Bl%C3%A9nido_trescolas_%28Helcogramma_striata%29%2C_Anilao%2C_Filipinas%2C_2023-08-25%2C_DD_40.jpg/960px-Bl%C3%A9nido_trescolas_%28Helcogramma_striata%29%2C_Anilao%2C_Filipinas%2C_2023-08-25%2C_DD_40.jpg?utm_source=en.wikipedia.org&utm_campaign=api&utm_content=thumbnail,Diego Delso,CC BY-SA 4.0,https://creativecommons.org/licenses/by-sa/4.0,"https://en.wikipedia.org/wiki/File:Blénido_trescolas_(Helcogramma_striata),_Anilao,_Filipinas,_2023-08-25,_DD_40.jpg",ok
104005,Helianthus annuus,向日葵,,https://thumb.wikimedia.org/wikipedia/commons/thumb/4/40/Sunflower_sky_backdrop.jpg/960px-Sunflower_sky_backdrop.jpg?utm_source=en.wikipedia.org&utm_campaign=api&utm_content=thumbnail,,,,https://en.wikipedia.org/wiki/Helianthus_annuus,license_rejected
104020,Helicia longipetiolata,长柄山龙眼,,,,,,,no_image
41271,Helicoconis lutea,污褐卷粉蛉,,,,,,,no_image
41275,Helicophagella rohdendorfi,瘦叶黑麻蝇,,,,,,,no_image
104050,Helictochloa dahurica,大穗异燕麦,,,,,,,no_image
41285,Helina alternimacula,变斑阳蝇,,,,,,,no_image
41305,Helina azaleella,映山红阳蝇,,,,,,,no_image
41325,Helina celsa,高阳蝇,,,,,,,no_image
41345,Helina densihirsuta,密鬃腹阳蝇,,,,,,,no_image
41365,Helina fica,蜜阳蝇,,,,,,,no_image
41385,Helina harbinensis,哈尔滨阳蝇,,,,,,,no_image
41405,Helina langxiangi,郎乡阳蝇,,,,,,,no_image
41425,Helina maculitibia,斑胫阳蝇,,,,,,,no_image
41445,Helina nervosa,脉阳蝇,,,,,,,no_image
41465,Helina platycephala,扁头阳蝇,,,,,,,no_image
41485,Helina setosiannosa,多鬃古阳蝇,,,,,,,no_image
41505,Helina subcalceataeformis,类少毛阳蝇,,,,,,,no_image
41525,Helina tigrivestigia,虎迹阳蝇,,,,,,,no_image
41545,Heliococcus bambusae,刺竹阳腺刺粉蚧,,,,,,,no_image
41562,Helionothrips brunneipennis,赤翅领针蓟马,,,,,,,no_image
12772,Heliophanus simplex,简单闪蛛,,,,,,,no_image
41593,Heliothis maritime,苇实夜蛾,,,,,,,no_image
41604,Helius chikurinensis,齐库光大蚊,,,,,,,no_image
104076,Helixanthera guangxiensis,广西离瓣寄生,,,,,,,no_image
133735,Helminthosporium bauhiniae,,,,,,,,no_image
133755,Helminthosporium velatum,,,,,,,,no_image
41639,Helophilus pendulus,黑角条胸蚜蝇,images/00/04/00041639.webp,https://thumb.wikimedia.org/wikipedia/commons/thumb/4/42/Hoverfly_%28Helophilus_pendulus%29_male.jpg/960px-Hoverfly_%28Helophilus_pendulus%29_male.jpg?utm_source=en.wikipedia.org&utm_campaign=api&utm_content=thumbnail,Charles J. Sharp,CC BY-SA 3.0,https://creativecommons.org/licenses/by-sa/3.0,https://en.wikipedia.org/wiki/File:Hoverfly_(Helophilus_pendulus)_male.jpg,ok
41651,Helorus ruficornis,红角柄腹细蜂,,,,,,,no_image
138296,Helotium eburneum,,,,,,,,no_image
138316,Helotium menthae,,,,,,,,no_image
138336,Helotium versiformis,,,,,,,,no_image
139764,Helvella confusa,混乱马鞍菌,,,,,,,no_image
139784,Helvella hyperborea,北方马鞍菌,,,,,,,no_image
139804,Helvella nigrella,黑褐马鞍菌,,,,,,,no_image
139824,Helvella xinjiangensis,新疆马鞍菌,,,,,,,no_image
41660,Hemerobius chiangi,双芒康褐蛉,,,,,,,no_image
41680,Hemerobius ternarius,三带褐蛉,,,,,,,no_image
41689,Hemerodromia flaviventris,黄腹螳舞虻,,,,,,,no_image
76775,Hemibagrus pluriradiatus,越鳠,,,,,,,no_image
104143,Hemiboea glandulosa,腺萼半蒴苣苔,,,,,,,no_image
104165,Hemiboea purpurea,紫花半蒴苣苔,,,,,,,no_image
41712,Hemicentrus tenuis,细二刺角蝉,,,,,,,no_image
104182,Hemidiodia ocymifolia,聚角草,,,,,,,no_image
683,Hemigrapsus takanoi,竹野近方蟹,images/00/00/00000683.webp,https://thumb.wikimedia.org/wikipedia/commons/thumb/2/2e/Hemigrapsus_tokanoi_1.jpg/960px-Hemigrapsus_tokanoi_1.jpg?utm_source=en.wikipedia.org&utm_campaign=api&utm_content=thumbnail,Hans Hillewaert,CC BY-SA 4.0,https://creativecommons.org/licenses/by-sa/4.0,https://en.wikipedia.org/wiki/File:Hemigrapsus_tokanoi_1.jpg,ok
104186,Hemilophia rockii,小叶半脊荠,,,,,,,no_image
76817,Heminoemacheilus hyalinus,透明间条鳅,,,,,,,no_image
41754,Hemipenthes nitidofasciata,亮带斑翅蜂虻,,,,,,,no_image
76826,Hemiphyllodactylus huishuiensis,惠水半叶趾虎,,,,,,,no_image
104197,Hemipilia crassicalcarata,粗距舌喙兰,,,,,,,no_image
41769,Hemipyrellia ligurriens,瘦叶带绿蝇,,,,,,,no_image
41778,Hemisphaerius delectabilis,浅斑球瓢蜡蝉,,,,,,,no_image
41798,Hemistola fuscimargo,暗无缰青尺蛾,,,,,,,no_image
41818,Hemistola viridimargo,翠缘无缰青尺蛾,,,,,,,no_image
76859,Hemitriakis complicofasciata,杂纹半皱唇鲨,images/00/07/00076859.webp,https://thumb.wikimedia.org/wikipedia/commons/thumb/9/98/Hemitriakis_complicofasciata_by_OpenCage.jpg/960px-Hemitriakis_complicofasciata_by_OpenCage.jpg?utm_source=en.wikipedia.org&utm_campaign=api&utm_content=thumbnail,,CC BY-SA 2.5,https://creativecommons.org/licenses/by-sa/2.5,https://en.wikipedia.org/wiki/File:Hemitriakis_complicofasciata_by_OpenCage.jpg,ok
104229,Hemsleya graciliflora,马铜铃,,,,,,,no_image
41832,Hemyda obscuripennis,暗翅何寄蝇,,,,,,,no_image
104278,Henckelia inaequalifolia,不等叶汉克苣苔,,,,,,,no_image
104298,Henckelia urticifolia,麻叶汉克苣苔,,,,,,,no_image
12198,Hengconarius falcatus,镰刀横隙蛛,,,,,,,no_image
2666,Henricia leviuscula,刺鸡爪海星,images/00/00/00002666.webp,https://thumb.wikimedia.org/wikipedia/commons/thumb/d/d9/Henricia_leviuscula_Rialto_Beach.JPG/960px-Henricia_leviuscula_Rialto_Beach.JPG?utm_source=en.wikipedia.org&utm_campaign=api&utm_content=thumbnail,Medtrails,Public domain,,https://en.wikipedia.org/wiki/File:Henricia_leviuscula_Rialto_Beach.JPG,ok
41853,Hepialus baimaensis,白马蝠蛾,,,,,,,no_image
41873,Hepialus kangdingroides,康姬蝠蛾,,,,,,,no_image
41893,Hepialus yongshengensis,永胜蝠蛾,,,,,,,no_image
104308,Heptapleurum bodinieri,短序鹅掌柴,,,,,,,no_image
104328,Heptapleurum macrophyllum,大叶鹅掌柴,,,,,,,no_image
104349,Heracleum fargesii,城口独活,,,,,,,no_image
104373,Heracleum xiaojinense,小金独活,,,,,,,no_image
104390,Herbertus ramosus,多枝剪叶苔,,,,,,,no_image
41924,Hercostomus baishuihensis,白水河寡长足虻,,,,,,,no_image
41944,Hercostomus concavus,凹缘寡长足虻,,,,,,,no_image
41964,Hercostomus digitiformis,指叶寡长足虻,,,,,,,no_image
41984,Hercostomus flavimaculatus,黄斑寡长足虻,,,,,,,no_image
42004,Hercostomus hoplitus,武寡长足虻,,,,,,,no_image
42024,Hercostomus jiulongensis,九龙寡长足虻,,,,,,,no_image
42044,Hercostomus lucidiventris,亮腹寡长足虻,,,,,,,no_image
42064,Hercostomus ovatus,喝彩寡长足虻,,,,,,,no_image
42084,Hercostomus regularis,标准寡长足虻,,,,,,,no_image
42104,Hercostomus stigmatifer,脉痣寡长足虻,,,,,,,no_image
42124,Hercostomus wui,吴氏寡长足虻,,,,,,,no_image
10916,Herennia multipuncta,多斑裂腹蛛,images/00/01/00010916.webp,https://thumb.wikimedia.org/wikipedia/commons/thumb/a/a8/Herennia_multipuncta.jpg/960px-Herennia_multipuncta.jpg?utm_source=en.wikipedia.org&utm_campaign=api&utm_content=thumbnail,"Kuntner M, Coddington JA",CC BY 2.5,https://creativecommons.org/licenses/by/2.5,https://en.wikipedia.org/wiki/File:Herennia_multipuncta.jpg,ok
152034,Hericium flagellum,鞭毛猴头菌,images/00/15/00152034.webp,https://thumb.wikimedia.org/wikipedia/commons/thumb/9/97/Hericium_in_the_Karwendel_3.jpg/960px-Hericium_in_the_Karwendel_3.jpg?utm_source=en.wikipedia.org&utm_campaign=api&utm_content=thumbnail,Hermann Hammer,CC BY-SA 4.0,https://creativecommons.org/licenses/by-sa/4.0,https://en.wikipedia.org/wiki/File:Hericium_in_the_Karwendel_3.jpg,ok
8834,Hermanniella aristosa,芒小赫甲螨,,,,,,,no_image
104399,Herminium biporosum,孔唇兰,,,,,,,no_image
104419,Herminium yunnanense,云南角盘兰,,,,,,,no_image
42181,Hermonassa gigantea,大狭翅夜蛾,,,,,,,no_image
42201,Hermonassa roesleri,罗狭翅夜蛾,,,,,,,no_image
42214,Herochroma baibarana,巴始青尺蛾,images/00/04/00042214.webp,https://thumb.wikimedia.org/wikipedia/commons/thumb/c/cc/Herochroma_orientalis_%28Geometridae_Geometrinae%29_2.jpg/960px-Herochroma_orientalis_%28Geometridae_Geometrinae%29_2.jpg?utm_source=en.wikipedia.org&utm_campaign=api&utm_content=thumbnail,Alexey,CC BY-SA 2.0,https://creativecommons.org/licenses/by-sa/2.0,https://en.wikipedia.org/wiki/File:Herochroma_orientalis_(Geometridae_Geometrinae)_2.jpg,ok
76883,Herpetoreas burbrinki,察隅腹链蛇,,,,,,,no_image
133774,Herpotrichia macrotricha,,,,,,,,no_image
104442,Herzogiella turfacea,沼生长灰藓,,,,,,,no_image
42242,Hesperoschema sauteri,,,,,,,,no_image
42262,Hesperus pulchellus,,,,,,,,no_image
104451,Hetaeria obliqua,斜瓣翻唇兰,,,,,,,no_image
42289,Heteralonia sytshuana,柱桓陇蜂虻,,,,,,,no_image
148863,Heterochaete cretacea,色垩刺皮耳,,,,,,,no_image
104458,Heterocladium angustifolium,狭叶异枝藓,,,,,,,no_image
135277,Heterodermia boryi,卷梢哑铃孢,,,,,,,no_image
135297,Heterodermia propagulifera,,,,,,,,no_image
18832,Heteroisotoma sinorossica,,,,,,,,no_image
2611,Heteronucia laminata,薄片异核果蟹,,,,,,,no_image
104466,Heteropanax hainanensis,海南幌伞枫,,,,,,,no_image
42343,Heterophleps fusca,黄异翅尺蛾,,,,,,,no_image
104474,Heteroplexis incana,柳州异裂菊,,,,,,,no_image
416,Heteropodark heteromorpha,非洲异健足虫,,,,,,,no_image
42355,Heteropternis motuoensis,墨脱异距蝗,,,,,,,no_image
104503,Heteroscyphus tridentatus,三齿异萼苔,,,,,,,no_image
104512,Heterostemma menghaiense,勐海醉魂藤,,,,,,,no_image
42380,Heterotrissocladius flectus,弯叶异三突摇蚊,,,,,,,no_image
42403,Hexafrenum otium,耳异齿舟蛾,,,,,,,no_image
6411,Hexapus anfractus,弯六足蟹,,,,,,,no_image
42425,Hexatoma cybele,膨头锦大蚊,,,,,,,no_image
42445,Hexatoma lanigera,长毛锦大蚊,,,,,,,no_image
42465,Hexatoma platysoma,扁锦大蚊,,,,,,,no_image
42487,Hexatoma terryi,多绒锦大蚊,,,,,,,no_image
104523,Heynea velutina,茸果鹧鸪花,,,,,,,no_image
104539,Hibiscus mutabilis,木芙蓉,images/00/10/00104539.webp,https://thumb.wikimedia.org/wikipedia/commons/thumb/c/c0/Mufurong1.jpg/960px-Mufurong1.jpg?utm_source=en.wikipedia.org&utm_campaign=api&utm_content=thumbnail,User ???? on zh.wikipedia,CC BY-SA 3.0,http://creativecommons.org/licenses/by-sa/3.0/,https://en.wikipedia.org/wiki/File:Mufurong1.jpg,ok
104566,Hieracium sinoaestivum,山西山柳菊,,,,,,,no_image
42511,Hilara basiprojecta,基突喜舞虻,,,,,,,no_image
42531,Hilara latiuscula,宽须喜舞虻,,,,,,,no_image
42550,Hilethera turanica,小短腿蝗,,,,,,,no_image
42555,Himacerus mussooriensis,穆索里希姬蝽,,,,,,,no_image
12219,Himalcoelotes tortuous,曲喜隙蛛,,,,,,,no_image
76932,Hime japonica,日本姬鱼,,,,,,,no_image
16363,Hippasa lingxianensis,酃县马蛛,,,,,,,no_image
76944,Hippocampus mohnikei,莫氏海马(日本海马),,https://upload.wikimedia.org/wikipedia/commons/3/33/SangoT.jpg?utm_source=en.wikipedia.org&utm_campaign=api&utm_content=thumbnail_unscaled,Izuzuki,CC BY-SA 3.0,https://creativecommons.org/licenses/by-sa/3.0,https://en.wikipedia.org/wiki/File:SangoT.jpg,download_failed
104613,Hippolytia syncalathiformis,合头女蒿,,,,,,,no_image
76954,Hipposideros gentilis,安氏小蹄蝠,images/00/07/00076954.webp,https://thumb.wikimedia.org/wikipedia/commons/thumb/8/82/Hipposideros_gentilis_I.jpg/960px-Hipposideros_gentilis_I.jpg?utm_source=en.wikipedia.org&utm_campaign=api&utm_content=thumbnail,Lawrence Hylton,CC BY 4.0,https://creativecommons.org/licenses/by/4.0,https://en.wikipedia.org/wiki/File:Hipposideros_gentilis_I.jpg,ok
104643,Hiptage leptophylla,薄叶风筝果,,,,,,,no_image
148881,Hirneola auricula-judae,,,,,,,,no_image
2967,Hirsutodynomene spinosa,多剌粗毛贝绵蟹,,,,,,,no_image
42615,Hirtodrosophila makinoi,牧野氏毛果蝇,,,,,,,no_image
15823,Hirudicryptus taiwanensis,,,,,,,,no_image
42640,Hispidophila latimarginata,宽缘尖角赤眼蜂,,,,,,,no_image
42659,Hister thibetanus,西藏阎甲,,,,,,,no_image
13826,Hitobia yunnan,云南希托蛛,,,,,,,no_image
147780,Hohenbuehelia aurantiocystis,橙泡髓状亚侧耳,,,,,,,no_image
147800,Hohenbuehelia spathulata,,,,,,,,no_image
104679,Holcoglossum gaoligongense,悬生兰,,,,,,,no_image
104695,Holmskioldia sanguinea,冬红,,https://thumb.wikimedia.org/wikipedia/en/thumb/7/70/Chinese_hat_plant_%28Holmskioldia_ssnguinea%29.jpg/960px-Chinese_hat_plant_%28Holmskioldia_ssnguinea%29.jpg?utm_source=en.wikipedia.org&utm_campaign=api&utm_content=thumbnail,,Cc-by-sa-3.0,https://creativecommons.org/licenses/by-sa/3.0/,https://en.wikipedia.org/wiki/File:Chinese_hat_plant_(Holmskioldia_ssnguinea).jpg,license_rejected
42689,Holochlora unciformis,钩尾绿螽,,,,,,,no_image
42701,Hololepta plana,平扁阎甲,images/00/04/00042701.webp,https://thumb.wikimedia.org/wikipedia/commons/thumb/9/95/Hololepta_plana_up.JPG/960px-Hololepta_plana_up.JPG?utm_source=en.wikipedia.org&utm_campaign=api&utm_content=thumbnail,Siga,CC BY-SA 3.0,https://creativecommons.org/licenses/by-sa/3.0,https://en.wikipedia.org/wiki/File:Hololepta_plana_up.JPG,ok
42717,Holorusia liberta,离突棘膝大蚊,,,,,,,no_image
3236,Holothuria cinerascens,黑赤星海参,images/00/00/00003236.webp,https://thumb.wikimedia.org/wikipedia/commons/thumb/9/96/Holothuria_cinerascens_R%C3%A9union.jpg/960px-Holothuria_cinerascens_R%C3%A9union.jpg?utm_source=en.wikipedia.org&utm_campaign=api&utm_content=thumbnail,Philippe Bourjon,CC BY-SA 3.0,https://creativecommons.org/licenses/by-sa/3.0,https://en.wikipedia.org/wiki/File:Holothuria_cinerascens_Réunion.jpg,ok
3251,Holothuria pervicax,虎纹海参,images/00/00/00003251.webp,https://thumb.wikimedia.org/wikipedia/commons/thumb/9/9a/Holothuria_pervicax_R%C3%A9union.jpg/960px-Holothuria_pervicax_R%C3%A9union.jpg?utm_source=en.wikipedia.org&utm_campaign=api&utm_content=thumbnail,Philippe Bourjon,CC BY-SA 3.0,https://creativecommons.org/licenses/by-sa/3.0,https://en.wikipedia.org/wiki/File:Holothuria_pervicax_Réunion.jpg,ok
104703,Homalanthus fastuosus,圆叶澳杨,,,,,,,no_image
104726,Homalium phanerophlebium,显脉天料木,,,,,,,no_image
104736,Homalothecium leucodonticaule,白色同蒴藓,,,,,,,no_image
42765,Homaloxestis miscogana,柄素祝蛾,,,,,,,no_image
77002,Homatula oligolepis,寡鳞副鳅,,,,,,,no_image
19015,Homidia hangzhouensis,,,,,,,,no_image
18965,Homidia qianensis,,,,,,,,no_image
18967,Homidia ziguiensis,,,https://thumb.wikimedia.org/wikipedia/commons/thumb/c/c5/Homidia_socia.jpg/960px-Homidia_socia.jpg?utm_source=en.wikipedia.org&utm_campaign=api&utm_content=thumbnail,,,,https://en.wikipedia.org/wiki/Homidia_ziguiensis,license_rejected
42787,Homogryllacris gladiata,长瓣同蟋螽,,,,,,,no_image
42805,Homolobus truncatoides,拟截距滑茧蜂,,,,,,,no_image
104742,Homomallium japonico-adnatum,贴生毛灰藓,,,,,,,no_image
42825,Homoneura bispinalis,双刺同脉缟蝇,,,,,,,no_image
42845,Homoneura crassicauda,重尾同脉缟蝇,,,,,,,no_image
42865,Homoneura ensata,剑状同脉缟蝇,,,,,,,no_image
42885,Homoneura hamata,钩茎同脉缟蝇,,,,,,,no_image
42905,Homoneura latizona,侧带同脉缟蝇,,,,,,,no_image
42925,Homoneura nigrobasis,黑基新同脉缟蝇,,,,,,,no_image
42945,Homoneura quadristriata,四带同脉缟蝇,,,,,,,no_image
42965,Homoneura tianeensis,天峨同脉缟蝇,,,,,,,no_image
42985,Homoneura xiaolongmenensis,小龙门分鬃同脉缟蝇,,,,,,,no_image
43004,Homoporus sinensis,中国类金小蜂,,,,,,,no_image
77015,Hongshuia microstomatus,小口红水河鲮,,,,,,,no_image
43017,Hoplandrothrips bidens,鬼针跗雄管蓟马,,,,,,,no_image
43033,Hoplitis papaveris,罂粟拟孔蜂,images/00/04/00043033.webp,https://thumb.wikimedia.org/wikipedia/commons/thumb/6/62/Hoplitis_papaveris_%2810.3897-BDJ.9.e64027%29_Figure_2.jpg/960px-Hoplitis_papaveris_%2810.3897-BDJ.9.e64027%29_Figure_2.jpg?utm_source=en.wikipedia.org&utm_campaign=api&utm_content=thumbnail,"Herrera Mesías F, Weigand AM (2021) Updates to the checklist of the wild bee fauna of Luxembourg as inferred from revised natural history collection data and fieldwork. Biodiversity Data Journal 9: e64027.",CC BY 4.0,https://creativecommons.org/licenses/by/4.0,https://en.wikipedia.org/wiki/File:Hoplitis_papaveris_(10.3897-BDJ.9.e64027)_Figure_2.jpg,ok
43050,Hoplodrina blanda,顺筱夜蛾,,https://thumb.wikimedia.org/wikipedia/commons/thumb/e/e2/Hoplodrina_blanda01.jpg/960px-Hoplodrina_blanda01.jpg?utm_source=en.wikipedia.org&utm_campaign=api&utm_content=thumbnail,,Attribution,,https://en.wikipedia.org/wiki/File:Hoplodrina_blanda01.jpg,license_rejected
77031,Hoplosebastes armatus,棘鲉,,https://upload.wikimedia.org/wikipedia/commons/6/6c/Hoplosebastes_armatus.png?utm_source=en.wikipedia.org&utm_campaign=api&utm_content=thumbnail_unscaled,"Henry Watson Fowler (10 March 1858 – 26 December 1933) was an English schoolmaster, lexicographer and commentator on the usage of the English language.",Public domain,,https://en.wikipedia.org/wiki/File:Hoplosebastes_armatus.png,download_failed
43078,Horaeomorphus punctatus,,,,,,,,no_image
104789,Hordeum jubatum,芒颖大麦草,images/00/10/00104789.webp,https://thumb.wikimedia.org/wikipedia/commons/thumb/6/62/Hordeum_jubatum_-_close-up_%28aka%29.jpg/960px-Hordeum_jubatum_-_close-up_%28aka%29.jpg?utm_source=en.wikipedia.org&utm_campaign=api&utm_content=thumbnail,André Karwath aka Aka,CC BY-SA 2.5,https://creativecommons.org/licenses/by-sa/2.5,https://en.wikipedia.org/wiki/File:Hordeum_jubatum_-_close-up_(aka).jpg,ok
43102,Horisme nigrovittata,黑波界尺蛾,,,,,,,no_image
43123,Hormoserphus chinensis,中华畦颈细蜂,,,,,,,no_image
77040,Horornis brunnescens,喜山黄腹树莺,images/00/07/00077040.webp,https://thumb.wikimedia.org/wikipedia/commons/thumb/2/2b/Horornis_brunnescens.JPG/960px-Horornis_brunnescens.JPG?utm_source=en.wikipedia.org&utm_campaign=api&utm_content=thumbnail,Pkspks,CC BY-SA 4.0,https://creativecommons.org/licenses/by-sa/4.0,https://en.wikipedia.org/wiki/File:Horornis_brunnescens.JPG,ok
104813,Hosta albofarinosa,白粉玉簪,,,,,,,no_image
104831,Hoya bawanglingensis,霸王岭球兰,,,,,,,no_image
104853,Hoya liangii,崖县球兰,,https://upload.wikimedia.org/wikipedia/commons/1/10/Stamps_of_Indonesia%2C_004-04.jpg?utm_source=en.wikipedia.org&utm_campaign=api&utm_content=thumbnail_unscaled,Post of Indonesia,Public domain,,"https://en.wikipedia.org/wiki/File:Stamps_of_Indonesia,_004-04.jpg",download_failed
104873,Hoya polyneura,多脉球兰,images/00/10/00104873.webp,https://thumb.wikimedia.org/wikipedia/commons/thumb/7/7b/Hoya_polyneura_potted.jpg/960px-Hoya_polyneura_potted.jpg?utm_source=en.wikipedia.org&utm_campaign=api&utm_content=thumbnail,Steven Walling,CC BY-SA 4.0,https://creativecommons.org/licenses/by-sa/4.0,https://en.wikipedia.org/wiki/File:Hoya_polyneura_potted.jpg,ok
104891,Hsuehochloa calcarea,纪如竹,,,,,,,no_image
77059,Hucho taimen,哲罗鲑,,,,,,,no_image
140486,Humaria fimeti,,,,,,,,no_image
140506,Humaria semi-immersa,,,,,,,,no_image
140526,Humarina leucoloma,红盾盘,,,,,,,no_image
146382,Humidicutis marginata,纹缘湿菇,,https://thumb.wikimedia.org/wikipedia/commons/thumb/a/a8/Humidicutis_marginata_95664.jpg/960px-Humidicutis_marginata_95664.jpg?utm_source=en.wikipedia.org&utm_campaign=api&utm_content=thumbnail,,,,https://en.wikipedia.org/wiki/Humidicutis_marginata,license_rejected
104920,Huperzia delavayi,苍山石杉,,,,,,,no_image
104942,Huperzia shresthae,斯氏石杉,,,,,,,no_image
3718,Hyale didendactylus,双指玻璃钩虾,,,,,,,no_image
3427,Hyalonema maehrentali,美莲拂子介,,,,,,,no_image
139524,Hyalorbilia biguttulata,双油滴晶圆盘菌,,,,,,,no_image
138481,Hyaloscypha vitreola,,,,,,,,no_image
4635,Hyastenus cracentis,整洁互敬蟹,,,,,,,no_image
43199,Hybomitra aequetincta,斧角瘤虻,,,,,,,no_image
43219,Hybomitra coheri,科氏瘤虻,,,,,,,no_image
43239,Hybomitra lhasaensis,拉萨瘤虻,,,,,,,no_image
43259,Hybomitra nura,新型瘤虻,,,,,,,no_image
43279,Hybomitra tarandina,鹿角瘤虻,,,,,,,no_image
43299,Hybos apiciflavus,端黄驼舞虻,,,,,,,no_image
43319,Hybos crassatus,粗胫驼舞虻,,,,,,,no_image
43339,Hybos guangdongensis,广东驼舞虻,,,,,,,no_image
43359,Hybos lihuae,丽华驼舞虻,,,,,,,no_image
43379,Hybos obtusatus,钝板驼舞虻,,,,,,,no_image
43399,Hybos starki,斯氏驼舞虻,,,,,,,no_image
43419,Hybos zhejiangensis,浙江驼舞虻,,,,,,,no_image
43436,Hydatothrips dentatus,齿裂绢蓟马,,,,,,,no_image
104951,Hydnocarpus alpinus,高山大风子,images/00/10/00104951.webp,https://thumb.wikimedia.org/wikipedia/commons/thumb/e/ec/Hydnocarpus_alpina%282%29.jpg/960px-Hydnocarpus_alpina%282%29.jpg?utm_source=en.wikipedia.org&utm_campaign=api&utm_content=thumbnail,Vinayaraj,CC BY-SA 3.0,https://creativecommons.org/licenses/by-sa/3.0,https://en.wikipedia.org/wiki/File:Hydnocarpus_alpina(2).jpg,ok
7665,Hydnophora rigida,硬刺柄珊瑚,,https://upload.wikimedia.org/wikipedia/commons/3/34/Hydnophora_rigida%2C_Samoa.jpg?utm_source=en.wikipedia.org&utm_campaign=api&utm_content=thumbnail_unscaled,NPS photo - Bryan Harry,Public domain,,"https://en.wikipedia.org/wiki/File:Hydnophora_rigida,_Samoa.jpg",download_failed
149763,Hydnum hystrix,,,,,,,,no_image
104957,Hydrangea anomala,冠盖绣球,images/00/10/00104957.webp,https://thumb.wikimedia.org/wikipedia/commons/thumb/4/46/Hydrangea_July_2013-1.jpg/960px-Hydrangea_July_2013-1.jpg?utm_source=en.wikipedia.org&utm_campaign=api&utm_content=thumbnail,Alvesgaspar,CC BY-SA 3.0,https://creativecommons.org/licenses/by-sa/3.0,https://en.wikipedia.org/wiki/File:Hydrangea_July_2013-1.jpg,ok
104977,Hydrangea longifolia,长叶绣球,,,,,,,no_image
43452,Hydrelia conspicuaria,双弓水尺蛾,,,,,,,no_image
43472,Hydrelia sericea,直线水尺蛾,,,,,,,no_image
43494,Hydrellia warsakensis,瓦萨克毛眼水蝇,,,,,,,no_image
105001,Hydrobryum japonicum,日本水石衣,,,,,,,no_image
105021,Hydrocotyle setulosa,刺毛天胡荽,,,,,,,no_image
77076,Hydrophis jerdonii,截吻海蛇,,https://upload.wikimedia.org/wikipedia/commons/5/5c/KeriliaJerdoniSmith.jpg?utm_source=en.wikipedia.org&utm_campaign=api&utm_content=thumbnail_unscaled,M A Smith,Public domain,,https://en.wikipedia.org/wiki/File:KeriliaJerdoniSmith.jpg,download_failed
43522,Hydrophorus koznakovi,康氏水长足虻,,,,,,,no_image
77085,Hydrornis cyaneus,蓝八色鸫,images/00/07/00077085.webp,https://thumb.wikimedia.org/wikipedia/commons/thumb/5/5e/Pitta_cyanea_1_-_Khao_Yai.jpg/960px-Pitta_cyanea_1_-_Khao_Yai.jpg?utm_source=en.wikipedia.org&utm_campaign=api&utm_content=thumbnail,JJ Harrison (https://tiny.jjharrison.com.au/t/hs1ud3eNEZn0LSRD),CC BY 3.0,https://creativecommons.org/licenses/by/3.0,https://en.wikipedia.org/wiki/File:Pitta_cyanea_1_-_Khao_Yai.jpg,ok
43545,Hydrotaea bimaculoides,拟双斑齿股蝇,,,,,,,no_image
43565,Hydrotaea ludingensis,泸定齿股蝇,,,,,,,no_image
43585,Hydrotaea plumitibiata,羽胫齿股蝇,,,,,,,no_image
43606,Hygiella luteipes,黄足健寄蝇,,,,,,,no_image
146390,Hygrocybe chlorophana,,,https://upload.wikimedia.org/wikipedia/commons/2/20/Hygrocybe_chlorophana.jpg?utm_source=en.wikipedia.org&utm_campaign=api&utm_content=thumbnail_unscaled,Jymm,Public domain,,https://en.wikipedia.org/wiki/File:Hygrocybe_chlorophana.jpg,download_failed
146410,Hygrocybe mucronella,条缘橙湿伞,,https://thumb.wikimedia.org/wikipedia/commons/thumb/5/5f/Hygrocybe_mucronella.jpg/960px-Hygrocybe_mucronella.jpg?utm_source=en.wikipedia.org&utm_campaign=api&utm_content=thumbnail,,,,https://en.wikipedia.org/wiki/Hygrocybe_mucronella,license_rejected
146430,Hygrocybe turunda,小湿伞,,,,,,,no_image
149457,Hygrophoropsis albida,,,,,,,,no_image
146452,Hygrophorus coccinellus,,,,,,,,no_image
146472,Hygrophorus inocybiformis,丝盖蜡伞,,,,,,,no_image
146492,Hygrophorus olivaceoalbus,榄白蜡伞,images/00/14/00146492.webp,https://thumb.wikimedia.org/wikipedia/commons/thumb/b/b2/2010-08-11_Hygrophorus_olivaceoalbus_2.jpg/960px-2010-08-11_Hygrophorus_olivaceoalbus_2.jpg?utm_source=en.wikipedia.org&utm_campaign=api&utm_content=thumbnail,Andreas Kunze,CC BY-SA 3.0,https://creativecommons.org/licenses/by-sa/3.0,https://en.wikipedia.org/wiki/File:2010-08-11_Hygrophorus_olivaceoalbus_2.jpg,ok
146512,Hygrophorus russula,红菇蜡伞,images/00/14/00146512.webp,https://thumb.wikimedia.org/wikipedia/commons/thumb/3/39/2011-10-09_Hygrophorus_russula_%28Schaeff.%29_Kauffman_175022.jpg/960px-2011-10-09_Hygrophorus_russula_%28Schaeff.%29_Kauffman_175022.jpg?utm_source=en.wikipedia.org&utm_campaign=api&utm_content=thumbnail,"This image was created by user Matt Sherman (Shermanii) at Mushroom Observer, a source for mycological images.You can contact this user here.",CC BY-SA 3.0,https://creativecommons.org/licenses/by-sa/3.0,https://en.wikipedia.org/wiki/File:2011-10-09_Hygrophorus_russula_(Schaeff.)_Kauffman_175022.jpg,ok
43614,Hyidiothrips japonicus,日本疏缨管蓟马,,,,,,,no_image
43620,Hylemya probilis,后眶种蝇,,,,,,,no_image
16169,Hyleoglomeris kunnan,困难木球马陆,,,,,,,no_image
16166,Hyleoglomeris xuxiakei,徐霞客木球马陆,,,,,,,no_image
105056,Hylodesmum densum,密毛长柄山蚂蟥,,,,,,,no_image
15968,Hylomus longispinus,,,,,,,,no_image
43645,Hylophilodes orientalis,粉翠夜蛾,,,,,,,no_image
14050,Hylyphantes graminicola,草间钻头蛛,images/00/01/00014050.webp,https://thumb.wikimedia.org/wikipedia/commons/thumb/8/8e/Hylyphantes_graminicola_%2826164193557%29.jpg/960px-Hylyphantes_graminicola_%2826164193557%29.jpg?utm_source=en.wikipedia.org&utm_campaign=api&utm_content=thumbnail,"Donald Hobern from Copenhagen, Denmark",CC BY 2.0,https://creativecommons.org/licenses/by/2.0,https://en.wikipedia.org/wiki/File:Hylyphantes_graminicola_(26164193557).jpg,ok
105114,Hymenasplenium denticulatum,细齿膜叶铁角蕨,,,,,,,no_image
105134,Hymenasplenium wangpeishanii,培善膜叶铁角蕨,,,,,,,no_image
105148,Hymenidium foetens,丽江滇藁本,,,,,,,no_image
105168,Hymenidium tsekuense,泽库滇藁本,,,,,,,no_image
150194,Hymenochaete borealis,,,,,,,,no_image
150214,Hymenochaete intricata,缠结锈革菌,,,,,,,no_image
150234,Hymenochaete rigidula,密针硬锈革菌,,,,,,,no_image
150254,Hymenochaete vagans,,,,,,,,no_image
146659,Hymenogaster macrosporus,大孢层腹菌,,,,,,,no_image
105179,Hymenophyllum bifurcatum,叉叶蕗蕨,,,,,,,no_image
105199,Hymenophyllum productum,吊罗蕗蕨,,,,,,,no_image
138353,Hymenoscyphus fucatus,双极毛膜盘菌,,,,,,,no_image
138373,Hymenoscyphus pseudotuberosa,,,,,,,,no_image
138393,Hymenoscyphus vulgaris,,,,,,,,no_image
105212,Hyophila involuta,卷叶湿地藓,,,,,,,no_image
105231,Hypecoum zhukanum,芒康角茴香,,,,,,,no_image
43670,Hypena obesalis,赭黄髯须夜蛾,images/00/04/00043670.webp,https://thumb.wikimedia.org/wikipedia/commons/thumb/0/07/Hypena_obesalis_01.jpg/960px-Hypena_obesalis_01.jpg?utm_source=en.wikipedia.org&utm_campaign=api&utm_content=thumbnail,Syrio,CC BY-SA 4.0,https://creativecommons.org/licenses/by-sa/4.0,https://en.wikipedia.org/wiki/File:Hypena_obesalis_01.jpg,ok
43690,Hyperaeschra pallida,黄檀丑舟蛾,,,,,,,no_image
105242,Hypericum choisyanum,多蕊金丝桃,,,,,,,no_image
105265,Hypericum hookerianum,短柱金丝桃,images/00/10/00105265.webp,https://thumb.wikimedia.org/wikipedia/commons/thumb/f/f1/HypericumHookerianum.jpg/960px-HypericumHookerianum.jpg?utm_source=en.wikipedia.org&utm_campaign=api&utm_content=thumbnail,Misolonax,CC BY-SA 4.0,https://creativecommons.org/licenses/by-sa/4.0,https://en.wikipedia.org/wiki/File:HypericumHookerianum.jpg,ok
105290,Hypericum petiolulatum,短柄小连翅,,,,,,,no_image
105311,Hypericum wardianum,漾濞金丝桃,,,,,,,no_image
43713,Hypersypnoides submarginata,斑肾朋闪夜蛾,images/00/04/00043713.webp,https://thumb.wikimedia.org/wikipedia/commons/thumb/c/ca/Hypersypnoides_submarginata5.jpg/960px-Hypersypnoides_submarginata5.jpg?utm_source=en.wikipedia.org&utm_campaign=api&utm_content=thumbnail,Hsu Hong Lin,CC BY-SA 2.0,https://creativecommons.org/licenses/by-sa/2.0,https://en.wikipedia.org/wiki/File:Hypersypnoides_submarginata5.jpg,ok
150923,Hyphoderma mutatum,,,,,,,,no_image
150615,Hyphodontia arguta,,,,,,,,no_image
150635,Hyphodontia latitans,,,,,,,,no_image
150655,Hyphodontia serpentiformis,,,,,,,,no_image
148211,Hypholoma elongatum,,,,,,,,no_image
105318,Hypnea chordacea,裸干沙菜,,,,,,,no_image
77141,Hypoatherina tsurugae,后肛下银汉鱼,,,,,,,no_image
16082,Hypocambala zizhongi,自忠异角马陆,,,,,,,no_image
143047,Hypochnicium globosum,,,,,,,,no_image
105340,Hypodematium confertivillosum,密毛肿足蕨,,,,,,,no_image
105360,Hypodematium villosum,毛叶肿足蕨,,,,,,,no_image
139194,Hypoderma kerriae,,,,,,,,no_image
139211,Hypoderma strobicola,,,,,,,,no_image
18721,Hypogastrura distincta,,,,,,,,no_image
135948,Hypogymnia congesta,密叶袋衣,,,,,,,no_image
135968,Hypogymnia physodes,袋衣,,https://upload.wikimedia.org/wikipedia/commons/9/9b/Hypogymnia_physodes.jpeg?utm_source=en.wikipedia.org&utm_campaign=api&utm_content=thumbnail_unscaled,"Kristian Peters -- Fabelfroh 15:03, 2 October 2006 (UTC)",CC BY-SA 3.0,http://creativecommons.org/licenses/by-sa/3.0/,https://en.wikipedia.org/wiki/File:Hypogymnia_physodes.jpeg,download_failed
139220,Hypohelion durum,硬湿皮盘菌,,,,,,,no_image
77145,Hypomesus olidus,池沼公鱼,images/00/07/00077145.webp,https://thumb.wikimedia.org/wikipedia/commons/thumb/2/2b/Pond_smelt_illustration.jpg/960px-Pond_smelt_illustration.jpg?utm_source=en.wikipedia.org&utm_campaign=api&utm_content=thumbnail,"Surf_Smelt,_Pond_smelt.jpg: Drawing by H. L. Todd, NOAA's Historic Fisheries Collection
derivative work: ManfromButtonwillow (talk)",Public domain,,https://en.wikipedia.org/wiki/File:Pond_smelt_illustration.jpg,ok
77149,Hypophthalmichthys molitrix,鲢,images/00/07/00077149.webp,https://thumb.wikimedia.org/wikipedia/commons/thumb/1/11/Silver_Carp_Adult_%28Hypophthalmichthys_molitrix%29.jpg/960px-Silver_Carp_Adult_%28Hypophthalmichthys_molitrix%29.jpg?utm_source=en.wikipedia.org&utm_campaign=api&utm_content=thumbnail,USFWS Mountain-Prairie,Public domain,,https://en.wikipedia.org/wiki/File:Silver_Carp_Adult_(Hypophthalmichthys_molitrix).jpg,ok
77155,Hyporhamphus paucirastris,少耙下鱵鱼,,,,,,,no_image
43798,Hypospila bolinoides,沟翅夜蛾,images/00/04/00043798.webp,https://thumb.wikimedia.org/wikipedia/commons/thumb/f/f1/Hypospila_bolinoides.jpg/960px-Hypospila_bolinoides.jpg?utm_source=en.wikipedia.org&utm_campaign=api&utm_content=thumbnail,Hsu Hong Lin,CC BY-SA 2.0,https://creativecommons.org/licenses/by-sa/2.0,https://en.wikipedia.org/wiki/File:Hypospila_bolinoides.jpg,ok
135999,Hypotrachyna imbricatula,覆瓦双歧根,,,,,,,no_image
144607,Hypoxylon fragiforme,脆形炭团菌,,https://upload.wikimedia.org/wikipedia/commons/7/79/Hypoxylon_Fragiforme.jpg?utm_source=en.wikipedia.org&utm_campaign=api&utm_content=thumbnail_unscaled,de:Benutzer:Naturfotograf,CC BY 3.0 de,https://creativecommons.org/licenses/by/3.0/de/deed.en,https://en.wikipedia.org/wiki/File:Hypoxylon_Fragiforme.jpg,download_failed
144627,Hypoxylon rutilum,红棕炭团菌,,,,,,,no_image
105388,Hypserpa nitida,夜花藤,,,,,,,no_image
10983,Hypsosinga pygmaea,四点高亮腹蛛,images/00/01/00010983.webp,https://thumb.wikimedia.org/wikipedia/commons/thumb/4/47/Hypsosinga_pygmaea_298110104_536946013.jpg/960px-Hypsosinga_pygmaea_298110104_536946013.jpg?utm_source=en.wikipedia.org&utm_campaign=api&utm_content=thumbnail,Peter Webb,CC BY 4.0,https://creativecommons.org/licenses/by/4.0,https://en.wikipedia.org/wiki/File:Hypsosinga_pygmaea_298110104_536946013.jpg,ok
43825,Hyssia hadulina,哈艺夜蛾,,,,,,,no_image
150739,Hysterangium strobilus,松塔辐片包,,,,,,,no_image
132302,Hysterium thujae,,,,,,,,no_image
43848,Hystrichopsylla talpae,鼹多毛蚤,,,,,,,no_image
43866,Iambia harmonica,和雅夜蛾,,,,,,,no_image
77206,Ibidorhyncha struthersii,鹮嘴鹬,images/00/07/00077206.webp,https://thumb.wikimedia.org/wikipedia/commons/thumb/e/e0/Ibisbill_Ibidorhyncha_struthersii_by_Dr_Raju_Kasambe_%284%29.jpg/960px-Ibisbill_Ibidorhyncha_struthersii_by_Dr_Raju_Kasambe_%284%29.jpg?utm_source=en.wikipedia.org&utm_campaign=api&utm_content=thumbnail,Dr. Raju Kasambe,CC BY-SA 4.0,https://creativecommons.org/licenses/by-sa/4.0,https://en.wikipedia.org/wiki/File:Ibisbill_Ibidorhyncha_struthersii_by_Dr_Raju_Kasambe_(4).jpg,ok
77216,Ichthyscopus lebeck,披肩鰧,,,,,,,no_image
5352,Idasola japonica,日本艾达蛤,,,,,,,no_image
43907,Idiocera insidiosa,阴奇角大蚊,,,,,,,no_image
43929,Idionyx stevensi,黄面异伪蜻,,,,,,,no_image
8929,Idiozetes erectus,立隆腹甲螨,,,,,,,no_image
141687,Ijuhya hongkongensis,,,,,,,,no_image
43970,Ilema kosemponica,台棕毒蛾,images/00/04/00043970.webp,https://thumb.wikimedia.org/wikipedia/commons/thumb/d/d4/Neocifuna_kosemponica.jpg/960px-Neocifuna_kosemponica.jpg?utm_source=en.wikipedia.org&utm_campaign=api&utm_content=thumbnail,Hsu Hong Lin,CC BY-SA 2.0,https://creativecommons.org/licenses/by-sa/2.0,https://en.wikipedia.org/wiki/File:Neocifuna_kosemponica.jpg,ok
105426,Ilex calcicola,灰岩冬青,,,,,,,no_image
105456,Ilex crenata,齿叶冬青,images/00/10/00105456.webp,https://thumb.wikimedia.org/wikipedia/commons/thumb/9/97/Ilex_Crenata5.jpg/960px-Ilex_Crenata5.jpg?utm_source=en.wikipedia.org&utm_campaign=api&utm_content=thumbnail,KENPEI,CC BY-SA 3.0,http://creativecommons.org/licenses/by-sa/3.0/,https://en.wikipedia.org/wiki/File:Ilex_Crenata5.jpg,ok
105486,Ilex ferruginea,锈毛冬青,,,,,,,no_image
105512,Ilex hayatana,早田氏冬青,,,,,,,no_image
105536,Ilex kwangtungensis,广东冬青,,,,,,,no_image
105563,Ilex manneiensis,红河冬青,,,,,,,no_image
105588,Ilex omeiensis,峨眉冬青,,,,,,,no_image
105611,Ilex reticulata,网脉冬青,,,,,,,no_image
105631,Ilex subcrenata,拟钝齿冬青,,,,,,,no_image
105662,Ilex tugitakayamensis,雪山冬青,,,,,,,no_image
105688,Ilex yunnanensis,云南冬青,,,,,,,no_image
105706,Illicium jiadifengpi,假地枫皮,,,,,,,no_image
43981,Illiesonemoura bispinosa,双刺依叉(虫责),,,,,,,no_image
645,Ilyoplax delsmani,乳白泥蟹,,,,,,,no_image
105748,Impatiens aciformis,针距凤仙花,,,,,,,no_image
105768,Impatiens baishaensis,白沙凤仙花,,,,,,,no_image
105788,Impatiens chashanensis,茶山凤仙花,,,,,,,no_image
105809,Impatiens crassicaudex,粗茎凤仙花,,,,,,,no_image
105829,Impatiens dichroocarpa,色果凤仙花,,,,,,,no_image
105849,Impatiens fugongensis,福贡凤仙花,,,,,,,no_image
105869,Impatiens huangyanensis,黄岩凤仙花,,,,,,,no_image
105891,Impatiens lepida,具鳞凤仙花,,,,,,,no_image
105911,Impatiens longlinensis,隆林凤仙花,,,,,,,no_image
105934,Impatiens mengtszeana,蒙自凤仙花,,,,,,,no_image
105954,Impatiens nubigena,高山凤仙花,,,,,,,no_image
105976,Impatiens platyceras,宽距凤仙花,,,,,,,no_image
105996,Impatiens purpureifolia,紫背凤仙花,,,,,,,no_image
106017,Impatiens salwinensis,怒江凤仙花,,,,,,,no_image
106040,Impatiens subecalcarata,近无距凤仙花,,,,,,,no_image
106061,Impatiens tortisepala,扭萼凤仙花,,,,,,,no_image
106081,Impatiens weihsiensis,维西凤仙花,,,,,,,no_image
106102,Impatiens zhaojueensis,昭觉凤仙花,,,,,,,no_image
44005,Impatiophila maoershanensis,猫儿山凤仙花果蝇,,,,,,,no_image
44025,Impatiophila viasericaria,丝路凤仙花果蝇,,,,,,,no_image
106115,Incarvillea beresovskii,四川波罗花,,,,,,,no_image
77233,Indicator xanthonotus,黄腰响蜜鴷,,https://upload.wikimedia.org/wikipedia/commons/b/b5/Yellow-rumped_Honeyguide_from_Eaglenest_Wildlife_Sanctuary_in_Arunachal_Pradesh%2C_crop.jpg?utm_source=en.wikipedia.org&utm_campaign=api&utm_content=thumbnail_unscaled,Dibyendu Ash,CC BY-SA 4.0,https://creativecommons.org/licenses/by-sa/4.0,"https://en.wikipedia.org/wiki/File:Yellow-rumped_Honeyguide_from_Eaglenest_Wildlife_Sanctuary_in_Arunachal_Pradesh,_crop.jpg",download_failed
106149,Indigofera chenii,南京木蓝,,,,,,,no_image
106175,Indigofera hendecaphylla,穗序木蓝,,https://thumb.wikimedia.org/wikipedia/commons/thumb/9/90/Indigofera_hendecaphylla_from_Nilgiris_%282%29.jpg/960px-Indigofera_hendecaphylla_from_Nilgiris_%282%29.jpg?utm_source=en.wikipedia.org&utm_campaign=api&utm_content=thumbnail,,,,https://en.wikipedia.org/wiki/Indigofera_hendecaphylla,license_rejected
106197,Indigofera myosurus,华西木蓝,,,,,,,no_image
106226,Indigofera sootepensis,福建木蓝,,,,,,,no_image
106245,Indocalamus bashanensis,巴山箬竹,,,,,,,no_image
106272,Indocalamus tonchunensis,同春箬竹,,,,,,,no_image
44053,Indolestes peregrinus,奇印丝蟌,images/00/04/00044053.webp,https://thumb.wikimedia.org/wikipedia/commons/thumb/9/9b/Indolestes_peregrinus%28Male%2CJapan%2C2018.06.13%29.jpg/960px-Indolestes_peregrinus%28Male%2CJapan%2C2018.06.13%29.jpg?utm_source=en.wikipedia.org&utm_campaign=api&utm_content=thumbnail,TekuraDF,CC0,http://creativecommons.org/publicdomain/zero/1.0/deed.en,"https://en.wikipedia.org/wiki/File:Indolestes_peregrinus(Male,Japan,2018.06.13).jpg",ok
44071,Indonemoura jacobsoni,歧鞭印叉(虫责),,,,,,,no_image
4611,Indopinnixa sipunculana,星虫印度巴豆蟹,,,,,,,no_image
44105,Indoquedius sikkimensis,,,,,,,,no_image
10404,Indosetacus roxburghianus,,,,,,,,no_image
106295,Indusiella thianschanica,旱藓,,,,,,,no_image
77249,Iniistius geisha,黑背项鳍鱼,,,,,,,no_image
44127,Inocellia obtusangularis,钝角盲蛇蛉,,,,,,,no_image
146737,Inocybe ammophila,,,,,,,,no_image
146757,Inocybe chelanensis,,,,,,,,no_image
146777,Inocybe friesii,红褐丝盖伞,,,,,,,no_image
146797,Inocybe lanatodisca,蜡盖丝盖伞,,,,,,,no_image
146817,Inocybe neobrunnescens,新褐丝盖伞,,,,,,,no_image
146837,Inocybe patouillardii,变红丝盖伞,images/00/14/00146837.webp,https://thumb.wikimedia.org/wikipedia/commons/thumb/f/fc/2010-04-27_Inocybe_erubescens.jpg/960px-2010-04-27_Inocybe_erubescens.jpg?utm_source=en.wikipedia.org&utm_campaign=api&utm_content=thumbnail,Andreas Kunze,CC BY-SA 3.0,https://creativecommons.org/licenses/by-sa/3.0,https://en.wikipedia.org/wiki/File:2010-04-27_Inocybe_erubescens.jpg,ok
146857,Inocybe rufoalba,白红丝盖伞,,,,,,,no_image
146877,Inocybe umbratica,萌生丝盖伞,,,,,,,no_image
150276,Inonotus diverticuloseta,变型刚毛针孔菌,,,,,,,no_image
150296,Inonotus magnisetus,,,,,,,,no_image
150316,Inonotus sinensis,中国纤孔菌,,,,,,,no_image
4425,Inquisitor gracilispira,长尾裁判螺,,,,,,,no_image
44134,Interphasma bifidum,叉突介䗛,,,,,,,no_image
44156,Interphasma yunnanense,,,,,,,,no_image
16027,Inversispina erectispina,,,,,,,,no_image
139984,Iodophanus verrucosporus,疣孢碘光盘菌,,,,,,,no_image
978,Iphione muricata,双指鳞虫,,,,,,,no_image
106345,Ipomoea lacunosa,瘤梗番薯,images/00/10/00106345.webp,https://thumb.wikimedia.org/wikipedia/commons/thumb/0/05/Ipomoea_lacunosa1.jpg/960px-Ipomoea_lacunosa1.jpg?utm_source=en.wikipedia.org&utm_campaign=api&utm_content=thumbnail,KENPEI,CC BY-SA 3.0,http://creativecommons.org/licenses/by-sa/3.0/,https://en.wikipedia.org/wiki/File:Ipomoea_lacunosa1.jpg,ok
44169,Iporhogas flavistigma,黄痣半光茧蜂,,,,,,,no_image
1448,Ircinia pinna,羽毛羊海绵,,,,,,,no_image
143898,Irenopsis sidae,,,,,,,,no_image
106381,Iris curvifolia,弯叶鸢尾,,,,,,,no_image
106409,Iris laevigata,燕子花,images/00/10/00106409.webp,https://thumb.wikimedia.org/wikipedia/commons/thumb/3/3c/Kakitsubata1.jpg/960px-Kakitsubata1.jpg?utm_source=en.wikipedia.org&utm_campaign=api&utm_content=thumbnail,Dennis L. Lindwall,CC BY-SA 3.0,http://creativecommons.org/licenses/by-sa/3.0/,https://en.wikipedia.org/wiki/File:Kakitsubata1.jpg,ok
106437,Iris scariosa,膜苞鸢尾,images/00/10/00106437.webp,https://thumb.wikimedia.org/wikipedia/commons/thumb/1/1c/Iris_scariosa_curtis_botanical_garden_image.jpg/960px-Iris_scariosa_curtis_botanical_garden_image.jpg?utm_source=en.wikipedia.org&utm_campaign=api&utm_content=thumbnail,M. Smith,Public domain,,https://en.wikipedia.org/wiki/File:Iris_scariosa_curtis_botanical_garden_image.jpg,ok
150991,Irpex elongatus,,,,,,,,no_image
13216,Irura zhangae,张氏翘蛛,,,,,,,no_image
106473,Isachne nipponensis,日本柳叶箬,,,,,,,no_image
141848,Isaria javanica,爪哇棒束孢,,,,,,,no_image
44204,Iscadia inexacta,癞皮夜蛾,,https://thumb.wikimedia.org/wikipedia/commons/thumb/4/4b/Gadirtha_inexacta_%288708237454%29.jpg/960px-Gadirtha_inexacta_%288708237454%29.jpg?utm_source=en.wikipedia.org&utm_campaign=api&utm_content=thumbnail,,,,https://en.wikipedia.org/wiki/Iscadia_inexacta,license_rejected
8721,Ischnochiton boninensis,小笠原锉石鳖,,,,,,,no_image
44223,Ischnopsyllus hexactenus,六栉蝠蚤,,,,,,,no_image
44243,Ischnosoma discoidale,,,,,,,,no_image
44266,Ischnosoma yunnanum,,,,,,,,no_image
15374,Ischnothyreus narutomii,纳氏弱斑蛛,,,,,,,no_image
44292,Ischyrocolpura chinensis,,,,,,,,no_image
44306,Isochlora xanthisma,黄绿夜蛾,,,,,,,no_image
106517,Isodon brevifolius,短叶香茶菜,,,,,,,no_image
106541,Isodon grandifolius,大叶香茶菜,,,,,,,no_image
106567,Isodon maoershanensis,猫儿山香茶菜,,,,,,,no_image
106593,Isodon rungshiaensis,绒辖香茶菜,,,,,,,no_image
106613,Isodon xiaoluzhiensis,小绿汁香茶菜,,,,,,,no_image
106628,Isoetes yunguiensis,云贵水韭,,,,,,,no_image
44329,Isometopus nigrosignatus,黑痣树盲蝽,,,,,,,no_image
44349,Isomyia pachys,厚叶等彩蝇,,,,,,,no_image
44369,Isomyia xishuangensis,西双等彩蝇,,,,,,,no_image
44388,Isopsera denticulata,细齿平背螽,,,,,,,no_image
106645,Isopterygium subpinnatum,羽枝同叶藓,,,,,,,no_image
44413,Isosturmia spinisurstyla,刺尾异丛寄蝇,,,,,,,no_image
18784,Isotomiella minor,,images/00/01/00018784.webp,https://thumb.wikimedia.org/wikipedia/commons/thumb/c/c7/Isotomiella_minor_%287834700460%29.jpg/960px-Isotomiella_minor_%287834700460%29.jpg?utm_source=en.wikipedia.org&utm_campaign=api&utm_content=thumbnail,Andy Murray,CC BY-SA 2.0,https://creativecommons.org/licenses/by-sa/2.0,https://en.wikipedia.org/wiki/File:Isotomiella_minor_(7834700460).jpg,ok
106662,Isotrema caulialatum,翅茎关木通,,,,,,,no_image
106684,Isotrema hyperxanthum,鲜黄关木通,,,,,,,no_image
106704,Isotrema obliquum,偏花关木通,,,,,,,no_image
106724,Isotrema versicolor,变色关木通,,,,,,,no_image
44428,Issikiopteryx valvispinata,刺瓣银祝蛾,,,,,,,no_image
44437,Istocheta bicolor,双色裸背寄蝇,,,,,,,no_image
44455,Itagonia baxoica,巴宿齿琵甲,,,,,,,no_image
44475,Italochrysa deqenana,迪庆意草蛉,,,,,,,no_image
44495,Italochrysa yongshengana,永胜意草蛉,,,,,,,no_image
154640,Itersonilia perplexans,,,,,,,,no_image
18340,Itura myersi,迈由盲囊轮虫,,,,,,,no_image
12237,Iwogumoa xieae,谢氏亚隙蛛,,,,,,,no_image
106775,Ixeris japonica,剪刀股,,,,,,,no_image
106791,Ixora finlaysoniana,薄叶龙船花,images/00/10/00106791.webp,https://thumb.wikimedia.org/wikipedia/commons/thumb/7/7f/Ixora_finlaysoniana_-_Jardin_Botanique_de_Lyon_-_DSC05403.JPG/960px-Ixora_finlaysoniana_-_Jardin_Botanique_de_Lyon_-_DSC05403.JPG?utm_source=en.wikipedia.org&utm_campaign=api&utm_content=thumbnail,Daderot,Public domain,,https://en.wikipedia.org/wiki/File:Ixora_finlaysoniana_-_Jardin_Botanique_de_Lyon_-_DSC05403.JPG,ok
150746,Jaapia ochroleuca,黄白夏氏伏革菌,,,,,,,no_image
106817,Jacobaea raphanifolia,莱菔叶千里光,,,,,,,no_image
132323,Jahnula aquatica,,,,,,,,no_image
7900,Janiopsis macrobulbosa,大球珍妮水母,,,,,,,no_image
44536,Japanostrangalia basiplicata,,,,,,,,no_image
106846,Jasminum duclouxii,丛林素馨,,,,,,,no_image
106872,Jasminum parceflorum,少花素馨,,,,,,,no_image
44547,Jassidophaga guangxiensis,广西蛪头蝇,,,,,,,no_image
44556,Jendekia eduardi,,,,,,,,no_image
77318,Jingophrys yeae,叶氏靖角蟾,,,,,,,no_image
44576,Jodis praerupta,岩突尾尺蛾,,,,,,,no_image
153044,Jola hookerianum,热带木耳,,,,,,,no_image
10758,Junceella fragilis,脆灯心草柳珊瑚,,,,,,,no_image
106914,Juncus castaneus,栗花灯芯草,,https://upload.wikimedia.org/wikipedia/commons/1/19/Juncus_castaneus.jpg?utm_source=en.wikipedia.org&utm_campaign=api&utm_content=thumbnail_unscaled,"Robert H. Mohlenbrock. USDA NRCS. 1992. Western wetland flora: Field office guide to plant species. West Region, Sacramento. Courtesy of USDA NRCS Wetland Science Institute.",Public domain,,https://en.wikipedia.org/wiki/File:Juncus_castaneus.jpg,download_failed
106940,Juncus jinpingensis,金平灯芯草,,,,,,,no_image
106960,Juncus minimus,矮灯芯草,,,,,,,no_image
106987,Juncus tanguticus,陕甘灯芯草,,,,,,,no_image
107009,Jungermannia parviperiantha,小萼叶苔,,,,,,,no_image
107024,Juniperus indica,滇藏方枝柏,images/00/10/00107024.webp,https://thumb.wikimedia.org/wikipedia/commons/thumb/7/71/Juniperus_indica_58776887.jpg/960px-Juniperus_indica_58776887.jpg?utm_source=en.wikipedia.org&utm_campaign=api&utm_content=thumbnail,abogomazova,CC BY 4.0,https://creativecommons.org/licenses/by/4.0,https://en.wikipedia.org/wiki/File:Juniperus_indica_58776887.jpg,ok
44592,Junonia atlites,波纹眼蛱蝶,images/00/04/00044592.webp,https://thumb.wikimedia.org/wikipedia/commons/thumb/4/4a/MD_Grey_Pansy.jpg/960px-MD_Grey_Pansy.jpg?utm_source=en.wikipedia.org&utm_campaign=api&utm_content=thumbnail,Mike Dickison,CC BY 4.0,https://creativecommons.org/licenses/by/4.0,https://en.wikipedia.org/wiki/File:MD_Grey_Pansy.jpg,ok
107072,Justicia amblyosepala,钝萼爵床,,,,,,,no_image
107092,Justicia leptostachya,南岭爵床,,,,,,,no_image
107112,Justicia xerobatica,滇东杜根藤,,,,,,,no_image
107119,Kadsura induta,毛南五味子,,https://upload.wikimedia.org/wikipedia/commons/3/39/Kadsura_induta.jpg?utm_source=en.wikipedia.org&utm_campaign=api&utm_content=thumbnail_unscaled,Harvard University Herbaria,Public domain,,https://en.wikipedia.org/wiki/File:Kadsura_induta.jpg,download_failed
107134,Kaiyua kurzii,开玉苣苔,,,,,,,no_image
17681,Kaliella munipurensis,小丘恰里螺,,,,,,,no_image
6227,Kamaka biwae,齿掌卡马钩虾,,,,,,,no_image
44640,Kamimuria formosana,台湾钩(虫责),,,,,,,no_image
44660,Kamimuria melli,梅氏钩(虫责),,,,,,,no_image
44679,Kana lanyuensis,横带短冠叶蝉,,,,,,,no_image
77343,Karalla dussumieri,杜氏卡拉鲾,,https://upload.wikimedia.org/wikipedia/commons/e/e2/Equula_dussumieri_Ford_52.jpg?utm_source=en.wikipedia.org&utm_campaign=api&utm_content=thumbnail_unscaled,George Henry Ford,Public domain,,https://en.wikipedia.org/wiki/File:Equula_dussumieri_Ford_52.jpg,download_failed
44706,Katarinia belousovi,,,,,,,,no_image
11444,Keijiella oculiprominens,突眼圭二蛛,,,,,,,no_image
107164,Keiskea szechuanensis,香简草,,,,,,,no_image
107180,Kengyilia hirsuta,糙毛仲彬草,,,,,,,no_image
44731,Kentrochrysalis sieversi,白须天蛾,images/00/04/00044731.webp,https://thumb.wikimedia.org/wikipedia/commons/thumb/a/a5/Diegrossschmette02seit_0081.jpg/960px-Diegrossschmette02seit_0081.jpg?utm_source=en.wikipedia.org&utm_campaign=api&utm_content=thumbnail,Unknown. (Editor: Adalbert Seitz),Public domain,,https://en.wikipedia.org/wiki/File:Diegrossschmette02seit_0081.jpg,ok
77351,Kerivoula depressa,平颅彩蝠,,,,,,,no_image
4351,Kermia pumila,紫罗兰棋盘螺,,https://upload.wikimedia.org/wikipedia/commons/e/e2/Kermia_pumila_001.jpg?utm_source=en.wikipedia.org&utm_campaign=api&utm_content=thumbnail_unscaled,G.W. Tryon,Public domain,,https://en.wikipedia.org/wiki/File:Kermia_pumila_001.jpg,download_failed
107212,Keteleeria hainanensis,海南油杉,,,,,,,no_image
15103,Khorata matang,马塘呵叻蛛,,,,,,,no_image
107217,Kiaeria blyttii,白氏凯氏藓,,,,,,,no_image
844,Kinetoskias oblongata,椭圆掌苔虫,,,,,,,no_image
107228,Kingsboroughia alba,珂楠树,,,,,,,no_image
44782,Kiritshenkella fushanensis,佛山枯粉蚧,,,,,,,no_image
44788,Kitanola caii,蔡氏铃刺蛾,,,,,,,no_image
44797,Kloosia weii,韦克罗摇蚊,,,,,,,no_image
44799,Kodaianella bicinctifrons,短刺柯瓢蜡蝉,,,,,,,no_image
107279,Koenigia cathayana,华蓼,,,,,,,no_image
107304,Koenigia polystachya,多穗蓼,images/00/10/00107304.webp,https://thumb.wikimedia.org/wikipedia/commons/thumb/f/f8/Polygonum_polystachyum_pr%C3%A8s_Sizun_2010_Detail.JPG/960px-Polygonum_polystachyum_pr%C3%A8s_Sizun_2010_Detail.JPG?utm_source=en.wikipedia.org&utm_campaign=api&utm_content=thumbnail,Lamiot,CC BY-SA 3.0,https://creativecommons.org/licenses/by-sa/3.0,https://en.wikipedia.org/wiki/File:Polygonum_polystachyum_près_Sizun_2010_Detail.JPG,ok
44811,Kolla lateromacula,侧斑边大叶蝉，新种,,,,,,,no_image
77364,Konosirus punctatus,斑鰶,images/00/07/00077364.webp,https://thumb.wikimedia.org/wikipedia/commons/thumb/4/46/Konosirus_punctatus_in_store.jpg/960px-Konosirus_punctatus_in_store.jpg?utm_source=en.wikipedia.org&utm_campaign=api&utm_content=thumbnail,Jjw,CC BY-SA 4.0,https://creativecommons.org/licenses/by-sa/4.0,https://en.wikipedia.org/wiki/File:Konosirus_punctatus_in_store.jpg,ok
44836,Korinchia nova,黄缘斜环蚜蝇,,,,,,,no_image
77365,Koumansetta hectori,海氏库曼鰕虎,images/00/07/00077365.webp,https://thumb.wikimedia.org/wikipedia/commons/thumb/3/3d/Hector%27s_Goby.jpg/960px-Hector%27s_Goby.jpg?utm_source=en.wikipedia.org&utm_campaign=api&utm_content=thumbnail,Rob,CC BY 2.0,https://creativecommons.org/licenses/by/2.0,https://en.wikipedia.org/wiki/File:Hector's_Goby.jpg,ok
144721,Kretzschmaria cetrarioides,,,,,,,,no_image
44864,Kuatuniana subasperata,,,,,,,,no_image
107331,Kuepferia decorata,美龙胆,,,,,,,no_image
44872,Kuldscha lobbichleri,泽库尺蛾,,,,,,,no_image
44886,Kunbir crusator,,,,,,,,no_image
44907,Kunugia lineata,直纹杂枯叶蛾,,,,,,,no_image
77378,Kurixalus hainanus,海南原指树蛙,,,,,,,no_image
44929,Kusnezoviella chalchica,暗黑库氏飞虱,,,,,,,no_image
44949,Kuzicus cervicercus,颈尾库螽,,,,,,,no_image
77392,Kyphosus vaigiensis,低鳍[鱼舵],images/00/07/00077392.webp,https://thumb.wikimedia.org/wikipedia/commons/thumb/8/84/Kyphosus_vaigiensis.jpg/960px-Kyphosus_vaigiensis.jpg?utm_source=en.wikipedia.org&utm_campaign=api&utm_content=thumbnail,Elisabeth Morcel,CC BY-SA 4.0,https://creativecommons.org/licenses/by-sa/4.0,https://en.wikipedia.org/wiki/File:Kyphosus_vaigiensis.jpg,ok
44970,Labomimus maoershanus,,,,,,,,no_image
135018,Laboulbenia borealis,,,,,,,,no_image
135038,Laboulbenia monandra,,,,,,,,no_image
135058,Laboulbenia torta,,,,,,,,no_image
44990,Lacanobia pisi,白线安夜蛾,,,,,,,no_image
146355,Laccaria proxima,条柄蜡蘑,images/00/14/00146355.webp,https://thumb.wikimedia.org/wikipedia/commons/thumb/e/e3/2012-12-14_Laccaria_proxima_%28Boud.%29_Pat_293250.jpg/960px-2012-12-14_Laccaria_proxima_%28Boud.%29_Pat_293250.jpg?utm_source=en.wikipedia.org&utm_campaign=api&utm_content=thumbnail,"This image was created by user zaca at Mushroom Observer, a source for mycological images.You can contact this user here.",CC BY-SA 3.0,https://creativecommons.org/licenses/by-sa/3.0,https://en.wikipedia.org/wiki/File:2012-12-14_Laccaria_proxima_(Boud.)_Pat_293250.jpg,ok
140537,Lachnea abundans,,,,,,,,no_image
140557,Lachnea hirta,,,,,,,,no_image
147541,Lachnella comitissae,,,,,,,,no_image
138635,Lachnellula inspersa,,,,,,,,no_image
138643,Lachnum acutipilum,,,,,,,,no_image
138663,Lachnum ciliare,毛粒毛盘菌,,,,,,,no_image
138683,Lachnum hyalinellum,,,,,,,,no_image
138703,Lachnum meifengense,梅峰粒毛盘菌,,,,,,,no_image
138723,Lachnum pudibundum,耻粒毛盘菌,,,,,,,no_image
138743,Lachnum willisiopsis,拟威氏粒毛盘菌,,,,,,,no_image
148010,Lacrymaria lacrymabunda,毡毛小脆柄菇,,https://thumb.wikimedia.org/wikipedia/commons/thumb/a/aa/Lacrymaria_lacrymabunda_%28Bull.%29_Pat_173183_crop.jpg/960px-Lacrymaria_lacrymabunda_%28Bull.%29_Pat_173183_crop.jpg?utm_source=en.wikipedia.org&utm_campaign=api&utm_content=thumbnail,,,,https://en.wikipedia.org/wiki/Lacrymaria_lacrymabunda,license_rejected
152121,Lactarius atroviridis,暗绿乳菇,,,,,,,no_image
152141,Lactarius chelidonium,叉褶轮纹乳菇,images/00/15/00152141.webp,https://thumb.wikimedia.org/wikipedia/commons/thumb/1/17/Lactarius_chelidonium_114384.jpg/960px-Lactarius_chelidonium_114384.jpg?utm_source=en.wikipedia.org&utm_campaign=api&utm_content=thumbnail,"This image was created by user Herbert Baker (Herbert Baker) at Mushroom Observer, a source for mycological images.You can contact this user here.",CC BY-SA 3.0,https://creativecommons.org/licenses/by-sa/3.0,https://en.wikipedia.org/wiki/File:Lactarius_chelidonium_114384.jpg,ok
152161,Lactarius distantifolius,,,,,,,,no_image
152181,Lactarius helvus,亮栗色乳菇,,https://upload.wikimedia.org/wikipedia/commons/c/c7/Lactarius_helvus_-_Lindsey.jpg?utm_source=en.wikipedia.org&utm_campaign=api&utm_content=thumbnail_unscaled,James Lindsey,CC BY-SA 3.0,https://creativecommons.org/licenses/by-sa/3.0,https://en.wikipedia.org/wiki/File:Lactarius_helvus_-_Lindsey.jpg,download_failed
152200,Lactarius longisporus,,,,,,,,no_image
152220,Lactarius obnubilus,灰蓝乳菇,,,,,,,no_image
152240,Lactarius porninsis,土橙黄乳菇,images/00/15/00152240.webp,https://thumb.wikimedia.org/wikipedia/commons/thumb/6/64/2007-09-23_Lactarius_porninsis_1.jpg/960px-2007-09-23_Lactarius_porninsis_1.jpg?utm_source=en.wikipedia.org&utm_campaign=api&utm_content=thumbnail,Andreas Kunze,CC BY-SA 3.0,https://creativecommons.org/licenses/by-sa/3.0,https://en.wikipedia.org/wiki/File:2007-09-23_Lactarius_porninsis_1.jpg,ok
152260,Lactarius rubroviolascens,,,,,,,,no_image
152280,Lactarius subvellereus,亚绒盖乳菇,,,,,,,no_image
152300,Lactarius volemus,多汁乳菇,images/00/15/00152300.webp,https://thumb.wikimedia.org/wikipedia/commons/thumb/1/11/Lactarius_volemus_54887.jpg/960px-Lactarius_volemus_54887.jpg?utm_source=en.wikipedia.org&utm_campaign=api&utm_content=thumbnail,"This image was created by user Dan Molter (shroomydan) at Mushroom Observer, a source for mycological images.You can contact this user here.",CC BY-SA 3.0,https://creativecommons.org/licenses/by-sa/3.0,https://en.wikipedia.org/wiki/File:Lactarius_volemus_54887.jpg,ok
107376,Lactuca indica,翅果菊,images/00/10/00107376.webp,https://thumb.wikimedia.org/wikipedia/commons/thumb/d/d2/Akinonogeshi.JPG/960px-Akinonogeshi.JPG?utm_source=en.wikipedia.org&utm_campaign=api&utm_content=thumbnail,Σ64,CC BY-SA 3.0,http://creativecommons.org/licenses/by-sa/3.0/,https://en.wikipedia.org/wiki/File:Akinonogeshi.JPG,ok
45030,Laelia monoscola,瑕素毒蛾,,,,,,,no_image
149831,Laetisaria fuciformis,,,,,,,,no_image
107387,Lagenaria siceraria,葫芦,,https://upload.wikimedia.org/wikipedia/commons/a/a2/Courge_encore_verte.jpg?utm_source=en.wikipedia.org&utm_campaign=api&utm_content=thumbnail_unscaled,撮影者はカールおじさんです。,CC BY-SA 3.0,http://creativecommons.org/licenses/by-sa/3.0/,https://en.wikipedia.org/wiki/File:Courge_encore_verte.jpg,download_failed
107406,Lagerstroemia stenophylla,狭叶紫薇,,,,,,,no_image
107419,Lagochilus ilicifolius,冬青叶兔唇花,,,,,,,no_image
107441,Lagotis decumbens,倾卧兔耳草,,,,,,,no_image
15526,Lagynochthonius sinensis,中华拉伪蝎,,,,,,,no_image
107455,Lallemantia royleana,扁柄草,,,,,,,no_image
138871,Lambertella yunnanensis,云南兰伯盘菌,,,,,,,no_image
45062,Lamelligomphus motuoensis,墨脱环尾春蜓,,,,,,,no_image
77437,Lamnostoma mindora,明多粗犁鳗,,,,,,,no_image
15607,Lamprochernes savignyi,萨氏亮伪蝎,,,,,,,no_image
45100,Lampropteryx szechuana,四川丽翅尺蛾,,,,,,,no_image
45112,Lamprothripa orbifera,环美皮夜蛾,,,,,,,no_image
12787,Langona biangula,双角兰戈纳蛛,,,,,,,no_image
107464,Lannea coromandelica,厚皮树,,https://upload.wikimedia.org/wikipedia/commons/7/76/Lannea_coromandelica_%28Wodier_Tree%29_in_Hyderabad_W2_IMG_5634.jpg?utm_source=en.wikipedia.org&utm_campaign=api&utm_content=thumbnail_unscaled,,,,https://en.wikipedia.org/wiki/Lannea_coromandelica,license_rejected
14042,Laogone lunata,新月老微蛛,,,,,,,no_image
45132,Laphria grossa,巨毛食虫虻,images/00/04/00045132.webp,https://thumb.wikimedia.org/wikipedia/commons/thumb/4/4f/Robberfly_-_Laphria_grossa_female_%2838253783392%29.jpg/960px-Robberfly_-_Laphria_grossa_female_%2838253783392%29.jpg?utm_source=en.wikipedia.org&utm_campaign=api&utm_content=thumbnail,"gailhampshire from Cradley, Malvern, U.K",CC BY 2.0,https://creativecommons.org/licenses/by/2.0,https://en.wikipedia.org/wiki/File:Robberfly_-_Laphria_grossa_female_(38253783392).jpg,ok
45142,Lappodiamesa vidua,寡拉普摇蚊,,,,,,,no_image
107502,Lappula macra,白花鹤虱,,,,,,,no_image
107529,Lappula transalaica,隐柱鹤虱,,,,,,,no_image
11184,Larinia triprovina,三省肥蛛,,,,,,,no_image
77497,Larus cachinnans,黄腿银鸥,images/00/07/00077497.webp,https://thumb.wikimedia.org/wikipedia/commons/thumb/b/bf/Caspian_gull_%28Larus_cachinnans%29_summer_Danube_delta.jpg/960px-Caspian_gull_%28Larus_cachinnans%29_summer_Danube_delta.jpg?utm_source=en.wikipedia.org&utm_campaign=api&utm_content=thumbnail,Charles J. Sharp,CC BY-SA 4.0,https://creativecommons.org/licenses/by-sa/4.0,https://en.wikipedia.org/wiki/File:Caspian_gull_(Larus_cachinnans)_summer_Danube_delta.jpg,ok
11540,Lasaeola yoshidai,吉田拉萨蛛,,,,,,,no_image
107558,Lasianthus calycinus,黄果粗叶木,,,,,,,no_image
107585,Lasianthus rhinocerotis,犀牛粗叶木,,,,,,,no_image
139679,Lasiobolus ciliatus,毛尖毛盘菌,,,,,,,no_image
45159,Lasiochaeta separata,离斑多毛秆蝇,,,,,,,no_image
131821,Lasiodiplodia iranensis,,,,,,,,no_image
45194,Lasiohelea divergena,扩散蠛蠓,,,,,,,no_image
45214,Lasiohelea lui,陆氏蠛蠓,,,,,,,no_image
45234,Lasiohelea relicta,孤独蠛蠓,,,,,,,no_image
45254,Lasiohelea zonaphalla,带茎蠛蠓,,,,,,,no_image
45274,Lasiommata eversmanni,黄翅毛眼蝶,,,,,,,no_image
9388,Lasioseius allii,,,,,,,,no_image
9383,Lasioseius plateculus,,,,,,,,no_image
45295,Lasiosomina lii,,,,,,,,no_image
77526,Lateolabrax japonicus,日本花鲈,,https://upload.wikimedia.org/wikipedia/commons/f/f2/Suzuki201302.jpg?utm_source=en.wikipedia.org&utm_campaign=api&utm_content=thumbnail_unscaled,Izuzuki,CC BY-SA 3.0,https://creativecommons.org/licenses/by-sa/3.0,https://en.wikipedia.org/wiki/File:Suzuki201302.jpg,download_failed
45311,Lathrobium ailaoshanense,,,,,,,,no_image
45331,Lathrobium bidigitulatum,,,,,,,,no_image
45351,Lathrobium coadultum,,,,,,,,no_image
45371,Lathrobium diffissum,,,,,,,,no_image
45391,Lathrobium fujianense,,,,,,,,no_image
45411,Lathrobium hunanense,,,,,,,,no_image
45431,Lathrobium jizushanense,,,,,,,,no_image
45451,Lathrobium mawenliae,,,,,,,,no_image
45471,Lathrobium rastratum,,,,,,,,no_image
45491,Lathrobium sheni,,,,,,,,no_image
45511,Lathrobium trifidum,,,,,,,,no_image
45531,Lathrobium yinzhweii,,,,,,,,no_image
45551,Lathromeromyia dimorpha,二形多刺赤眼蜂,,,,,,,no_image
107615,Lathyrus japonicus,日本山黧豆,images/00/10/00107615.webp,https://thumb.wikimedia.org/wikipedia/commons/thumb/e/e1/Seaside_pea%2C_Pointe-Taillon%2C_Qu%C3%A9bec%2C_Canada_imported_from_iNaturalist_photo_33308085_%28cropped%29.jpg/960px-Seaside_pea%2C_Pointe-Taillon%2C_Qu%C3%A9bec%2C_Canada_imported_from_iNaturalist_photo_33308085_%28cropped%29.jpg?utm_source=en.wikipedia.org&utm_campaign=api&utm_content=thumbnail,"(c) Louis Imbeau, some rights reserved (CC BY)",CC BY 4.0,https://creativecommons.org/licenses/by/4.0,"https://en.wikipedia.org/wiki/File:Seaside_pea,_Pointe-Taillon,_Québec,_Canada_imported_from_iNaturalist_photo_33308085_(cropped).jpg",ok
13603,Lathys inaffecta,光滑隐蔽蛛,,,,,,,no_image
45572,Latizanchius viridivittatus,绿带宽平盲蝽,,,,,,,no_image
45581,Latreille indicus,褐黄螯蜂,,,,,,,no_image
11735,Latrodectus tredecimguttatus,间斑寇蛛,,https://thumb.wikimedia.org/wikipedia/commons/thumb/7/7a/Latrodectus_tredecimguttatus_female.jpg/960px-Latrodectus_tredecimguttatus_female.jpg?utm_source=en.wikipedia.org&utm_campaign=api&utm_content=thumbnail,,,,https://en.wikipedia.org/wiki/Latrodectus_tredecimguttatus,license_rejected
107644,Laurencia hongkongensis,香港凹顶藻,,,,,,,no_image
9136,Lauroppia orientalis,东方桂奥甲螨,,,,,,,no_image
45601,Lebeda trifascia,三带大枯叶蛾,,,,,,,no_image
18187,Lecane doryssa,道李沙腔轮虫,,,,,,,no_image
18157,Lecane luna,月形腔轮虫,,,,,,,no_image
18193,Lecane tethis,索纹腔轮虫,,,,,,,no_image
45610,Lecanopsis sacchari,蔗隐毡蜡蚧,,,,,,,no_image
135680,Lecanora cateilea,杜鹃茶渍,,,,,,,no_image
135700,Lecanora fulvastra,黄褐星茶渍,,,,,,,no_image
135720,Lecanora leprosa,癞屑茶渍,,,,,,,no_image
135740,Lecanora pseudistera,拟鳞茶渍,,,,,,,no_image
135760,Lecanora tropica,热带茶渍,,,,,,,no_image
149162,Leccinellum crocipodium,黄皮小疣柄牛肝菌,images/00/14/00149162.webp,https://thumb.wikimedia.org/wikipedia/commons/thumb/9/98/2012-06-24_Leccinellum_crocipodium_%28Letell.%29_Bresinsky_%26_Manfr._Binder_236436.jpg/960px-2012-06-24_Leccinellum_crocipodium_%28Letell.%29_Bresinsky_%26_Manfr._Binder_236436.jpg?utm_source=en.wikipedia.org&utm_campaign=api&utm_content=thumbnail,"This image was created by user Ron Pastorino (Ronpast) at Mushroom Observer, a source for mycological images.You can contact this user here.",CC BY-SA 3.0,https://creativecommons.org/licenses/by-sa/3.0,https://en.wikipedia.org/wiki/File:2012-06-24_Leccinellum_crocipodium_(Letell.)_Bresinsky_&_Manfr._Binder_236436.jpg,ok
149182,Leccinum leucophaeum,白疣柄牛肝菌,,,,,,,no_image
13199,Lechia squamata,鳞斑荷兰蛛,,,,,,,no_image
136698,Lecidea euphorea,优果小网衣,,,,,,,no_image
136718,Lecidea loseana,,,,,,,,no_image
136738,Lecidea subelevata,微凸网衣,,,,,,,no_image
45613,Lecithocera ambona,缘平祝蛾,,,,,,,no_image
45633,Lecithocera eligmosa,曲平祝蛾,,,,,,,no_image
45653,Lecithocera longivalva,长瓣祝蛾,,,,,,,no_image
45673,Lecithocera petalana,扁祝蛾,,,,,,,no_image
17252,Lecithodendrium spathulatum,薄形枝腺吸虫,,,,,,,no_image
16785,Leclercera zanggaensis,藏噶利克蛛,,,,,,,no_image
19341,Leeonychiurus zijinensis,,,,,,,,no_image
45700,Leia ampulliforma,长尾滑菌蚊,,,,,,,no_image
16887,Leiobunum oharai,大原平丘盲蛛,,,,,,,no_image
45714,Leiophron buonluoica,狭翅毛室茧蜂,,,,,,,no_image
136964,Leiorreuma exaltata,高举厚基衣,,,,,,,no_image
107707,Lejeunea apiculata,尖叶狭鳞苔,,,,,,,no_image
107727,Lejeunea latilobula,宽叶细鳞苔,,,,,,,no_image
45732,Lejogaster metallina,金亮腹蚜蝇,images/00/04/00045732.webp,https://thumb.wikimedia.org/wikipedia/commons/thumb/a/a9/Lejogaster_metallina3.jpg/960px-Lejogaster_metallina3.jpg?utm_source=en.wikipedia.org&utm_campaign=api&utm_content=thumbnail,Sandy Rae,CC BY 3.0,https://creativecommons.org/licenses/by/3.0,https://en.wikipedia.org/wiki/File:Lejogaster_metallina3.jpg,ok
131777,Lembosia verrucosa,,,,,,,,no_image
45748,Lemula confusa,,,,,,,,no_image
45772,Lemyra excelsa,相间望灯蛾,,,,,,,no_image
45797,Lemyra pilosa,茸望灯蛾,,https://upload.wikimedia.org/wikipedia/commons/e/ea/Lemyra_pilosa.JPG?utm_source=en.wikipedia.org&utm_campaign=api&utm_content=thumbnail_unscaled,"Original work: Horace Knight
Derivative work: Ruigeroeland (talk)",Public domain,,https://en.wikipedia.org/wiki/File:Lemyra_pilosa.JPG,download_failed
7734,Lensia cordata,心形浅室水母,,,,,,,no_image
150061,Lentaria vitellina,,,,,,,,no_image
151530,Lentinus connatus,合生韧伞,,,,,,,no_image
151550,Lentinus tuber-regium,菌核斗菇,,,,,,,no_image
151565,Lenzites styracina,,,,,,,,no_image
45816,Leontochroma aurantiacum,龙山卷蛾,,,,,,,no_image
107779,Leontopodium japonicum,薄雪火绒草,images/00/10/00107779.webp,https://thumb.wikimedia.org/wikipedia/commons/thumb/9/92/Leontopodium_japonicum_%28flower%29.JPG/960px-Leontopodium_japonicum_%28flower%29.JPG?utm_source=en.wikipedia.org&utm_campaign=api&utm_content=thumbnail,Alpsdake,CC BY-SA 4.0,https://creativecommons.org/licenses/by-sa/4.0,https://en.wikipedia.org/wiki/File:Leontopodium_japonicum_(flower).JPG,ok
107802,Leonurus chaituroides,假鬃尾草,,,,,,,no_image
139054,Leotia chlorocephala,绿头锤舌菌,,,,,,,no_image
18664,Lepadella cristata,冠突鞍甲轮虫,,,,,,,no_image
2663,Lepas testudinata,龟茗荷,images/00/00/00002663.webp,https://thumb.wikimedia.org/wikipedia/commons/thumb/0/09/Lepas_testudinata_-_inat_15121993.jpg/960px-Lepas_testudinata_-_inat_15121993.jpg?utm_source=en.wikipedia.org&utm_campaign=api&utm_content=thumbnail,"Tony Rebelo

Depicted place:  Muizenberg Beach, South Africa  (34°06′07″S 18°29′20″E﻿ / ﻿34.10198°S 18.4888°E﻿ / -34.10198; 18.4888)",CC BY-SA 4.0,https://creativecommons.org/licenses/by-sa/4.0,https://en.wikipedia.org/wiki/File:Lepas_testudinata_-_inat_15121993.jpg,ok
107823,Lepidium alashanicum,阿拉善独行菜,,,,,,,no_image
107845,Lepidium meyenii,印加萝卜,,https://upload.wikimedia.org/wikipedia/commons/e/ea/Macav.gif?utm_source=en.wikipedia.org&utm_campaign=api&utm_content=thumbnail_unscaled,Gust4vo,CC BY-SA 3.0,http://creativecommons.org/licenses/by-sa/3.0/,https://en.wikipedia.org/wiki/File:Macav.gif,download_failed
18929,Lepidodens nigrofasciatus,,,,,,,,no_image
77579,Lepidotrigla alata,翼红娘鱼,,,,,,,no_image
107861,Lepidozia reptans,指叶苔,,https://thumb.wikimedia.org/wikipedia/commons/thumb/4/48/Lepidozia_reptans_150308.jpg/960px-Lepidozia_reptans_150308.jpg?utm_source=en.wikipedia.org&utm_campaign=api&utm_content=thumbnail,,,,https://en.wikipedia.org/wiki/Lepidozia_reptans,license_rejected
145285,Lepiota alborubescens,,,,,,,,no_image
145305,Lepiota caerulescens,,,,,,,,no_image
145325,Lepiota erythrosticta,红斑环柄菇,,,,,,,no_image
145345,Lepiota hetieriana,,,,,,,,no_image
145365,Lepiota leucothites,紫褐顶环柄菇,,,,,,,no_image
145385,Lepiota prominens,褐顶环柄菇,,,,,,,no_image
145405,Lepiota spongodes,海绵环柄菇,,,,,,,no_image
145425,Lepiota xanthophylla,黄褶环柄菇,,,,,,,no_image
107888,Lepisorus cespitosus,丛生瓦韦,,,,,,,no_image
107910,Lepisorus maculosus,斑点毛鳞蕨,,,,,,,no_image
107930,Lepisorus scolopendrium,棕鳞瓦韦,,,,,,,no_image
107952,Lepisorus waltonii,宽带蕨,,,,,,,no_image
148499,Lepista sordida,花脸香菇,images/00/14/00148499.webp,https://thumb.wikimedia.org/wikipedia/commons/thumb/2/26/2008-10-11_Lepista_sordida_20505_cropped.jpg/960px-2008-10-11_Lepista_sordida_20505_cropped.jpg?utm_source=en.wikipedia.org&utm_campaign=api&utm_content=thumbnail,"This image was created by user {{{2}}} at Mushroom Observer, a source for mycological images.You can contact this user here.",CC BY-SA 3.0,https://creativecommons.org/licenses/by-sa/3.0,https://en.wikipedia.org/wiki/File:2008-10-11_Lepista_sordida_20505_cropped.jpg,ok
136614,Lepraria vouauxii,沃氏癞屑衣,,,,,,,no_image
107959,Leptaleum filifolium,丝叶芥,images/00/10/00107959.webp,https://thumb.wikimedia.org/wikipedia/commons/thumb/7/72/Leptaleum_flifolium.jpg/960px-Leptaleum_flifolium.jpg?utm_source=en.wikipedia.org&utm_campaign=api&utm_content=thumbnail,"Arkadiusz Nowak, Marcin Nobis, Sylwia Nowak, Agnieszka Nobis,
Anna Wróbel, Sebastian Świerszcz, Ewelina Klichowska,

Iwona Dembicz &amp; Grzegorz Kusza",CC BY 4.0,https://creativecommons.org/licenses/by/4.0,https://en.wikipedia.org/wiki/File:Leptaleum_flifolium.jpg,ok
14049,Lepthyphantes linzhiensis,林芝斑皿蛛,,,,,,,no_image
45858,Leptispa parallela,平行卷叶甲,,,,,,,no_image
77602,Leptobotia orientalis,东方薄鳅,,,,,,,no_image
77622,Leptobrachium huashen,华深拟髭蟾,,,,,,,no_image
45886,Leptocera nigrolimbata,黑缘后小粪蝇,,,,,,,no_image
107984,Leptochilus ovatifolius,卵叶薄唇蕨,,,,,,,no_image
12155,Leptocoelotes edentulus,无齿弱隙蛛,,,,,,,no_image
45912,Leptoconops fukangensis,阜康细蠓,,,,,,,no_image
45932,Leptoconops tetratheca,四囊细蠓,,,,,,,no_image
108003,Leptodermis diffusa,文水野丁香,,,,,,,no_image
108035,Leptodermis purdomii,甘肃野丁香,,,,,,,no_image
108052,Leptodontium chenianum,陈氏薄齿藓,,,,,,,no_image
45960,Leptogaster similis,褐肩细腹食虫虻,,,,,,,no_image
137134,Leptogium cyanescens,变兰猫耳衣,images/00/13/00137134.webp,https://thumb.wikimedia.org/wikipedia/commons/thumb/e/eb/Leptogium_cyanescens_-_Flickr_-_pellaea_%282%29.jpg/960px-Leptogium_cyanescens_-_Flickr_-_pellaea_%282%29.jpg?utm_source=en.wikipedia.org&utm_campaign=api&utm_content=thumbnail,Jason Hollinger,CC BY 2.0,https://creativecommons.org/licenses/by/2.0,https://en.wikipedia.org/wiki/File:Leptogium_cyanescens_-_Flickr_-_pellaea_(2).jpg,ok
137154,Leptogium tremelloides,园筒裂芽肺衣,,,,,,,no_image
108060,Leptogramma huishuiensis,惠水茯蕨,,,,,,,no_image
144256,Leptographium terebrantis,,,,,,,,no_image
108084,Leptolejeunea latifolia,阔叶薄鳞苔,,,,,,,no_image
108093,Leptomischus primuloides,报春茜,,,,,,,no_image
16647,Leptonetela digitata,指状小弱蛛,,,,,,,no_image
16633,Leptonetela kangsa,康沙小弱蛛,,,,,,,no_image
16631,Leptonetela mengzongensis,孟宗小弱蛛,,,,,,,no_image
16610,Leptonetela sanyan,三燕小弱蛛,,,,,,,no_image
16691,Leptonetela wuming,无名小弱蛛,,,,,,,no_image
15054,Leptopholcus tanikawai,谷川瘦幽蛛,,,,,,,no_image
45996,Leptopsylla sexdentata,六齿细蚤,,,,,,,no_image
108107,Leptopus chinensis,雀儿舌头,,https://thumb.wikimedia.org/wikipedia/commons/thumb/2/29/Leptopus_chinensis_-_Botanischer_Garten%2C_Frankfurt_am_Main_-_DSC03214.JPG/960px-Leptopus_chinensis_-_Botanischer_Garten%2C_Frankfurt_am_Main_-_DSC03214.JPG?utm_source=en.wikipedia.org&utm_campaign=api&utm_content=thumbnail,,,,https://en.wikipedia.org/wiki/Leptopus_chinensis,license_rejected
8149,Leptoseris gardineri,片柔纹珊瑚,,,,,,,no_image
133691,Leptosphaeria delavayi,,,,,,,,no_image
133711,Leptosphaeria puttemansii,,,,,,,,no_image
148804,Leptosporomyces roseus,,,,,,,,no_image
139230,Leptostroma vulgare,,,,,,,,no_image
46033,Leptothelaira latistriata,宽条瘦寄蝇,,,,,,,no_image
132112,Leptoxyphium fumago,,,,,,,,no_image
46059,Leptura guerryi,,,,,,,,no_image
46082,Leptura zonifera,带花天牛,,,,,,,no_image
46090,Leptusa calliceroides,,,,,,,,no_image
46114,Leptusa kangdingensis,,,,,,,,no_image
46134,Leptusa semivolans,,,,,,,,no_image
46154,Leptusa zhongdianensis,,,,,,,,no_image
108131,Lescuraea radicosa,密根多毛藓,,,,,,,no_image
108150,Lespedeza davurica,兴安胡枝子,,,,,,,no_image
108180,Lespedeza pseudomaximowiczii,宽叶胡枝子,,,,,,,no_image
46168,Lestes virens,蓝绿丝蟌,images/00/04/00046168.webp,https://thumb.wikimedia.org/wikipedia/commons/thumb/a/a3/Lestes_virens02.jpg/960px-Lestes_virens02.jpg?utm_source=en.wikipedia.org&utm_campaign=api&utm_content=thumbnail,"Daniel Ullrich, Threedots",CC BY-SA 3.0,http://creativecommons.org/licenses/by-sa/3.0/,https://en.wikipedia.org/wiki/File:Lestes_virens02.jpg,ok
46188,Lesteva mollis,,,,,,,,no_image
77659,Lestidium prolixum,长裸蜥鱼,,,,,,,no_image
46216,Lethe albolineata,白条黛眼蝶,,,,,,,no_image
46258,Lethe labyrinthea,蟠纹黛眼蝶,,,,,,,no_image
46283,Lethe siderea,细黛眼蝶,,https://upload.wikimedia.org/wikipedia/commons/c/c4/Lethe_siderea_88.jpg?utm_source=en.wikipedia.org&utm_campaign=api&utm_content=thumbnail_unscaled,Frederic Moore (text); F. C. Moore (art),Public domain,,https://en.wikipedia.org/wiki/File:Lethe_siderea_88.jpg,download_failed
77669,Lethrinus harak,黑点裸颊鲷,images/00/07/00077669.webp,https://thumb.wikimedia.org/wikipedia/commons/thumb/0/0c/Emperador_San_Padro_%28Lethrinus_harak%29%2C_Anilao%2C_Filipinas%2C_2023-08-23%2C_DD_117.jpg/960px-Emperador_San_Padro_%28Lethrinus_harak%29%2C_Anilao%2C_Filipinas%2C_2023-08-23%2C_DD_117.jpg?utm_source=en.wikipedia.org&utm_campaign=api&utm_content=thumbnail,Diego Delso,CC BY-SA 4.0,https://creativecommons.org/licenses/by-sa/4.0,"https://en.wikipedia.org/wiki/File:Emperador_San_Padro_(Lethrinus_harak),_Anilao,_Filipinas,_2023-08-23,_DD_117.jpg",ok
46309,Leucania comma,粘夜蛾,,https://thumb.wikimedia.org/wikipedia/commons/thumb/1/1d/Aletia_comma01.jpg/960px-Aletia_comma01.jpg?utm_source=en.wikipedia.org&utm_campaign=api&utm_content=thumbnail,,Attribution,,https://en.wikipedia.org/wiki/File:Aletia_comma01.jpg,license_rejected
46329,Leucania modesta,温粘夜蛾,,,,,,,no_image
46349,Leucania undina,波粘夜蛾,,,,,,,no_image
14864,Leucauge crucinota,十字银鳞蛛,,,,,,,no_image
77684,Leuciscus idus,高体雅罗鱼,images/00/07/00077684.webp,https://thumb.wikimedia.org/wikipedia/commons/thumb/c/cd/LeuciscusIdusWindeIde56cm_21-4-2009_16-46-58.JPG/960px-LeuciscusIdusWindeIde56cm_21-4-2009_16-46-58.JPG?utm_source=en.wikipedia.org&utm_campaign=api&utm_content=thumbnail,Viridiflavus,CC BY-SA 3.0,https://creativecommons.org/licenses/by-sa/3.0,https://en.wikipedia.org/wiki/File:LeuciscusIdusWindeIde56cm_21-4-2009_16-46-58.JPG,ok
145435,Leucoagaricus japonicus,,,,,,,,no_image
108218,Leucobryum juniperoideum,桧叶白发藓,images/00/10/00108218.webp,https://thumb.wikimedia.org/wikipedia/commons/thumb/4/47/Leucobryum_juniperoideum_%28c%2C_144527-474618%29_7464.JPG/960px-Leucobryum_juniperoideum_%28c%2C_144527-474618%29_7464.JPG?utm_source=en.wikipedia.org&utm_campaign=api&utm_content=thumbnail,HermannSchachner,CC0,http://creativecommons.org/publicdomain/zero/1.0/deed.en,"https://en.wikipedia.org/wiki/File:Leucobryum_juniperoideum_(c,_144527-474618)_7464.JPG",ok
145450,Leucocoprinus birnbaumii,纯黄白鬼伞,images/00/14/00145450.webp,https://thumb.wikimedia.org/wikipedia/commons/thumb/8/87/Leucocoprinus_birnbaumii_growing_on_potting_mix.jpg/960px-Leucocoprinus_birnbaumii_growing_on_potting_mix.jpg?utm_source=en.wikipedia.org&utm_campaign=api&utm_content=thumbnail,Impudicuss,CC0,http://creativecommons.org/publicdomain/zero/1.0/deed.en,https://en.wikipedia.org/wiki/File:Leucocoprinus_birnbaumii_growing_on_potting_mix.jpg,ok
46362,Leucocraspedum dubium,,,,,,,,no_image
108227,Leucodon jaegerinaceus,羽枝白齿藓,,,,,,,no_image
108242,Leucoloma molle,柔叶白锦藓,,,,,,,no_image
108246,Leucomium strumosum,白藓,,,,,,,no_image
148514,Leucopaxillus nauseosodulcis,,,,,,,,no_image
46405,Leucophenga arcuata,弓叶白果蝇,,,,,,,no_image
46425,Leucophenga formosa,福美白果蝇,,,,,,,no_image
46445,Leucophenga multipunctata,多斑白果蝇,,,,,,,no_image
46465,Leucophenga rimbickana,裂叶白果蝇,,,,,,,no_image
46485,Leucophenga uncinata,钩叶白果蝇,,,,,,,no_image
46503,Leucophora shanxiensis,山西植蝇,,,,,,,no_image
46522,Leucorrhinia intermedia,居间白颜蜻,,,,,,,no_image
77696,Leucosticte brandti,高山岭雀,,https://upload.wikimedia.org/wikipedia/commons/d/d9/Leucosticte_brandti.jpeg?utm_source=en.wikipedia.org&utm_campaign=api&utm_content=thumbnail_unscaled,Simon J. Tonge,CC BY 3.0,https://creativecommons.org/licenses/by/3.0,https://en.wikipedia.org/wiki/File:Leucosticte_brandti.jpeg,download_failed
3437,Leucothoe hyhelia,大掌白钩虾,,,,,,,no_image
138062,Leveillula malvacearum,,images/00/13/00138062.webp,https://thumb.wikimedia.org/wikipedia/commons/thumb/f/fc/Phyllactinia-taurica-alex.jpg/960px-Phyllactinia-taurica-alex.jpg?utm_source=en.wikipedia.org&utm_campaign=api&utm_content=thumbnail,Alexoutside,CC BY 4.0,https://creativecommons.org/licenses/by/4.0,https://en.wikipedia.org/wiki/File:Phyllactinia-taurica-alex.jpg,ok
108262,Lewinskya hookeri,中国显孔藓,,,,,,,no_image
108279,Leymus angustus,窄颖赖草,,https://upload.wikimedia.org/wikipedia/commons/b/b8/Leymus_angustus_prairieland.jpg?utm_source=en.wikipedia.org&utm_campaign=api&utm_content=thumbnail_unscaled,"Loren St John, USDA NRCS Aberdeen, ID PMC",Public domain,,https://en.wikipedia.org/wiki/File:Leymus_angustus_prairieland.jpg,download_failed
108301,Leymus ruoqiangensis,若羌赖草,,,,,,,no_image
108316,Liagora dongdaoensis,东岛粉枝藻,,,,,,,no_image
108336,Liagora valida,硬粉枝藻,,,,,,,no_image
108347,Libanotis eriocarpa,绵毛岩风,,,,,,,no_image
46552,Libellula melli,米尔蜻,,,,,,,no_image
46570,Libnotes nigriceps,黑亮大蚊,,,,,,,no_image
46594,Liccana terminicana,旋茎舟蛾,,,,,,,no_image
136035,Lichen proboscideus,,,,,,,,no_image
155929,Lichtheimia hyalospora,,,,,,,,no_image
4372,Lienardia fallaciosa,扭曲狭口螺,,,,,,,no_image
46599,Lignispalta incertissima,丁夜蛾,,,,,,,no_image
108381,Ligularia cuneata,楔舌橐吾,,,,,,,no_image
108403,Ligularia hodgsonii,鹿蹄橐吾,,,,,,,no_image
108427,Ligularia liatroides,缘毛橐吾,,,,,,,no_image
108449,Ligularia odontomanes,马蹄叶橐吾,,,,,,,no_image
108473,Ligularia rumicifolia,藏橐吾,,,,,,,no_image
108498,Ligularia wilsoniana,川鄂橐吾,,,,,,,no_image
108517,Ligusticopsis muliensis,木里拟藁本,,,,,,,no_image
108537,Ligusticum oliverianum,膜苞藁本,,,,,,,no_image
108563,Ligustrum nepalense,尼泊尔小蜡,,,,,,,no_image
46609,Ligyra leukon,白毛丽蜂虻,,,,,,,no_image
108594,Lilium bakerianum,滇百合,,https://upload.wikimedia.org/wikipedia/commons/8/86/Lilium_bakerianum.jpg?utm_source=en.wikipedia.org&utm_campaign=api&utm_content=thumbnail_unscaled,John Lykkegaard,CC BY-SA 2.5,https://creativecommons.org/licenses/by-sa/2.5,https://en.wikipedia.org/wiki/File:Lilium_bakerianum.jpg,download_failed
108631,Lilium henryi,湖北百合,images/00/10/00108631.webp,https://thumb.wikimedia.org/wikipedia/commons/thumb/1/1c/Lilium_henryi_Inflorescence_BotGardBln0806a.JPG/960px-Lilium_henryi_Inflorescence_BotGardBln0806a.JPG?utm_source=en.wikipedia.org&utm_campaign=api&utm_content=thumbnail,User:BotBln,CC BY-SA 3.0,http://creativecommons.org/licenses/by-sa/3.0/,https://en.wikipedia.org/wiki/File:Lilium_henryi_Inflorescence_BotGardBln0806a.JPG,ok
108661,Lilium paradoxum,藏百合,,,,,,,no_image
108684,Lilium speciosum,,images/00/10/00108684.webp,https://thumb.wikimedia.org/wikipedia/commons/thumb/d/dd/Lilium_speciosum_2.jpg/960px-Lilium_speciosum_2.jpg?utm_source=en.wikipedia.org&utm_campaign=api&utm_content=thumbnail,Kelvinsong,CC BY 3.0,https://creativecommons.org/licenses/by/3.0,https://en.wikipedia.org/wiki/File:Lilium_speciosum_2.jpg,ok
6537,Liloa curta,短丽罗螺,,,,,,,no_image
5878,Limaria amakusaensis,网纹雪锉蛤,,,,,,,no_image
46632,Limenitis disjucta,愁眉线蛱蝶,,,,,,,no_image
108698,Limnocharis flava,黄花蔺,,https://thumb.wikimedia.org/wikipedia/commons/thumb/4/47/Limnocharis_flava_HabitusFlower_BotGardBln0906.jpg/960px-Limnocharis_flava_HabitusFlower_BotGardBln0906.jpg?utm_source=en.wikipedia.org&utm_campaign=api&utm_content=thumbnail,,,,https://en.wikipedia.org/wiki/File:Limnocharis_flava_HabitusFlower_BotGardBln0906.jpg,license_rejected
46653,Limnophila varicornis,异角拟大蚊,,,,,,,no_image
46673,Limnophora cothurnosurstyla,靴侧叶池蝇,,,,,,,no_image
46693,Limnophora mataiosa,笨池蝇,,,,,,,no_image
46714,Limnophora purgata,净池蝇,,,,,,,no_image
46735,Limnophyes asquamatus,尖尾沼摇蚊,,,,,,,no_image
46750,Limonia amabilis,爱沼大蚊,,,,,,,no_image
46770,Limonia synempora,连沼大蚊,,,,,,,no_image
108728,Limonium potaninii,星毛补血草,,,,,,,no_image
46777,Linaeidea formosana,台湾里叶甲,,,,,,,no_image
77731,Linaria cannabina,赤胸朱顶雀,images/00/07/00077731.webp,https://thumb.wikimedia.org/wikipedia/commons/thumb/c/cf/Carduelis_cannabina_-England_-male-8.jpg/960px-Carduelis_cannabina_-England_-male-8.jpg?utm_source=en.wikipedia.org&utm_campaign=api&utm_content=thumbnail,Joe Pell,CC BY 2.0,https://creativecommons.org/licenses/by/2.0,https://en.wikipedia.org/wiki/File:Carduelis_cannabina_-England_-male-8.jpg,ok
46804,Linda femorata,,,,,,,,no_image
108759,Lindenbergia fengkaiensis,封开钟萼草,,,,,,,no_image
108783,Lindera kwangtungensis,广东山胡椒,,,,,,,no_image
108814,Lindera thomsonii,三股筋香,,,,,,,no_image
108836,Lindernia megaphylla,大叶母草,,,,,,,no_image
46821,Lindneromyia argyrogyna,弯钩林扁足蝇,,,,,,,no_image
148149,Lindtneria flava,浅黄林氏革孔菌,,,,,,,no_image
77738,Linichthys laticeps,宽头林氏鲃,,https://upload.wikimedia.org/wikipedia/commons/c/c1/Linichthy_laticeps.jpg?utm_source=en.wikipedia.org&utm_campaign=api&utm_content=thumbnail_unscaled,Zeng zhi xuan,CC BY 3.0,https://creativecommons.org/licenses/by/3.0,https://en.wikipedia.org/wiki/File:Linichthy_laticeps.jpg,download_failed
46843,Linnaemya linguicerca,舌肛短须寄蝇,,,,,,,no_image
46863,Linnaemya vulpina,舞短须寄蝇,images/00/04/00046863.webp,https://thumb.wikimedia.org/wikipedia/commons/thumb/8/84/Linnaemya_vulpina%2C_Fenn%27s_Moss%2C_North_Wales%2C_July_2010_%2817065774054%29.jpg/960px-Linnaemya_vulpina%2C_Fenn%27s_Moss%2C_North_Wales%2C_July_2010_%2817065774054%29.jpg?utm_source=en.wikipedia.org&utm_campaign=api&utm_content=thumbnail,Janet Graham,CC BY 2.0,https://creativecommons.org/licenses/by/2.0,"https://en.wikipedia.org/wiki/File:Linnaemya_vulpina,_Fenn's_Moss,_North_Wales,_July_2010_(17065774054).jpg",ok
108868,Linum amurense,黑水亚麻,,,,,,,no_image
77747,Liobagrus brevispina,短棘䱀,,,,,,,no_image
6820,Liochthonius evansi,伊氏滑缝甲螨,,,,,,,no_image
46875,Liodrosophila bicolor,双色曙果蝇,,,,,,,no_image
46895,Liogluta ceraillita,,,,,,,,no_image
46915,Liogluta philhygroides,,,,,,,,no_image
46935,Liogma pectinicornis,栉角平烛大蚊,,,,,,,no_image
77772,Liopropoma dorsoluteum,黄背长鲈,,,,,,,no_image
46954,Liosarcophaga hinglungensis,兴隆醬麻蝇,,,,,,,no_image
46974,Liosarcophaga polystylata,多突醬麻蝇,,,,,,,no_image
46994,Liothrips chinensis,中华滑管蓟马,,,,,,,no_image
2694,Liotia peronii,南岛方格螺,,,,,,,no_image
77780,Liparis chefuensis,网纹狮子鱼(烟台狮子鱼),,,,,,,no_image
108913,Liparis inaperta,长苞羊耳蒜,,,,,,,no_image
108931,Liparis petiolata,柄叶羊耳蒜,,,,,,,no_image
108949,Liparis uchiyamae,狭翅羊耳蒜,,,,,,,no_image
77787,Lipotes vexillifer,白鱀豚,,https://thumb.wikimedia.org/wikipedia/commons/thumb/1/1c/1918_Miller_A_new_river-dolphin_from_China_Fig._2a.jpg/960px-1918_Miller_A_new_river-dolphin_from_China_Fig._2a.jpg?utm_source=en.wikipedia.org&utm_campaign=api&utm_content=thumbnail,,,,https://en.wikipedia.org/wiki/Lipotes_vexillifer,license_rejected
108967,Lirianthe henryi,大叶木兰,,,,,,,no_image
47041,Liriomyza trifoliearum,黑背斑潜蝇,,,,,,,no_image
139235,Lirula nervisequia,脉生小沟盘菌,,,,,,,no_image
47066,Lispe guizhouensis,贵州溜蝇,,,,,,,no_image
47086,Lispe septentrionalis,北方溜蝇,,,,,,,no_image
47106,Lispocephala cothurnata,靴溜头秽蝇,,,,,,,no_image
47126,Lispocephala obfuscatipennis,暗翅溜头秽蝇,,,,,,,no_image
47146,Lispocephala vernalis,春溜头秽蝇,,,,,,,no_image
304,Listriella longipalmata,长掌铲钩虾,,,,,,,no_image
47166,Lithacodia numisma,串纹俚夜蛾,,,,,,,no_image
15713,Lithobius dulanensis,都兰石蜈蚣,,,,,,,no_image
15654,Lithobius minuticornis,小角石蜈蚣,,,,,,,no_image
15632,Lithobius sulcifemoralis,股沟石蜈蚣,,,,,,,no_image
108998,Lithocarpus calophyllus,美叶柯,,,,,,,no_image
109026,Lithocarpus dodonaeifolius,柳叶柯,images/00/10/00109026.webp,https://thumb.wikimedia.org/wikipedia/commons/thumb/b/b3/Lithocarpus_dodonaeifolius_180566985.jpg/960px-Lithocarpus_dodonaeifolius_180566985.jpg?utm_source=en.wikipedia.org&utm_campaign=api&utm_content=thumbnail,呂一起(Lu i-chi),CC BY 4.0,https://creativecommons.org/licenses/by/4.0,https://en.wikipedia.org/wiki/File:Lithocarpus_dodonaeifolius_180566985.jpg,ok
109049,Lithocarpus grandifolius,耳叶柯,images/00/10/00109049.webp,https://thumb.wikimedia.org/wikipedia/commons/thumb/0/08/Lithocarpus_elegans_113833736.jpg/960px-Lithocarpus_elegans_113833736.jpg?utm_source=en.wikipedia.org&utm_campaign=api&utm_content=thumbnail,T R Shankar Raman,CC BY 4.0,https://creativecommons.org/licenses/by/4.0,https://en.wikipedia.org/wiki/File:Lithocarpus_elegans_113833736.jpg,ok
109069,Lithocarpus levis,滑壳柯,,,,,,,no_image
109091,Lithocarpus oleifolius,榄叶柯,,,,,,,no_image
109114,Lithocarpus sphaerocarpus,球壳柯,,,,,,,no_image
47174,Lithocharis nigriceps,,images/00/04/00047174.webp,https://thumb.wikimedia.org/wikipedia/commons/thumb/4/46/Lithocharis_nigriceps_Kraatz%2C_1859_%2837530171470%29.png/960px-Lithocharis_nigriceps_Kraatz%2C_1859_%2837530171470%29.png?utm_source=en.wikipedia.org&utm_campaign=api&utm_content=thumbnail,Udo Schmidt from Deutschland,CC BY-SA 2.0,https://creativecommons.org/licenses/by-sa/2.0,"https://en.wikipedia.org/wiki/File:Lithocharis_nigriceps_Kraatz,_1859_(37530171470).png",ok
5348,Lithophaga mucronata,细尖石蛏,,,,,,,no_image
47187,Lithostege coassata,合爪胫尺蛾,,,,,,,no_image
762,Litopenaeus stylirostris,细角滨对虾,,,,,,,no_image
109154,Litsea beilschmiediifolia,琼楠叶木姜子,,,,,,,no_image
109186,Litsea honghoensis,红河木姜子,,,,,,,no_image
109209,Litsea moupinensis,宝兴木姜子,,,,,,,no_image
109238,Litsea tibetana,西藏木姜子,,,,,,,no_image
77788,Liua shihi,巫山巴鲵,,,,,,,no_image
47209,Liuyelis camponotophila,,,,,,,,no_image
47224,Ljungh dromedarius,奔双距螯蜂,,,,,,,no_image
151572,Lloydella bicolor,二色笋革菌,images/00/15/00151572.webp,https://thumb.wikimedia.org/wikipedia/commons/thumb/b/b4/2011-04-25_Laxitextum_bicolor_%28Pers.%29_Lentz_142910.jpg/960px-2011-04-25_Laxitextum_bicolor_%28Pers.%29_Lentz_142910.jpg?utm_source=en.wikipedia.org&utm_campaign=api&utm_content=thumbnail,"This image was created by user Glen van Niekerk (primordius) at Mushroom Observer, a source for mycological images.You can contact this user here.",CC BY-SA 3.0,https://creativecommons.org/licenses/by-sa/3.0,https://en.wikipedia.org/wiki/File:2011-04-25_Laxitextum_bicolor_(Pers.)_Lentz_142910.jpg,ok
137179,Lobaria laetevirens,鲜绿肺衣,,,,,,,no_image
109268,Lobelia alsinoides,短柄半边莲,images/00/10/00109268.webp,https://thumb.wikimedia.org/wikipedia/commons/thumb/1/15/Lobelia_alsinoides_02153.jpg/960px-Lobelia_alsinoides_02153.jpg?utm_source=en.wikipedia.org&utm_campaign=api&utm_content=thumbnail,Vengolis,CC BY-SA 4.0,https://creativecommons.org/licenses/by-sa/4.0,https://en.wikipedia.org/wiki/File:Lobelia_alsinoides_02153.jpg,ok
109290,Lobelia pyramidalis,塔花山梗菜,,,,,,,no_image
47250,Lobesia globosterigma,球花翅小卷蛾,,,,,,,no_image
47269,Lobogonia conspicuaria,显角叶尺蛾,,,,,,,no_image
7170,Lobophytum crassum,厚叶软珊瑚,,https://thumb.wikimedia.org/wikipedia/commons/thumb/d/d2/Coral_%28Lobophytum_crassum%29%2C_Zanz%C3%ADbar%2C_Tanzania%2C_2024-05-29%2C_DD_54.jpg/960px-Coral_%28Lobophytum_crassum%29%2C_Zanz%C3%ADbar%2C_Tanzania%2C_2024-05-29%2C_DD_54.jpg?utm_source=en.wikipedia.org&utm_campaign=api&utm_content=thumbnail,,,,https://en.wikipedia.org/wiki/Lobophytum_crassum,license_rejected
7224,Lobophytum sarcophytoides,拟肉芝叶软珊瑚,,,,,,,no_image
47282,Lobrathium bipeniculatum,,,,,,,,no_image
47302,Lobrathium extensum,,,,,,,,no_image
47322,Lobrathium quyuani,,,,,,,,no_image
148805,Lobulicium occultum,,,https://upload.wikimedia.org/wikipedia/commons/0/09/Lobulicium-occultum-2017-74-3-293.png?utm_source=en.wikipedia.org&utm_campaign=api&utm_content=thumbnail_unscaled,Mariya V. Shevchenko,CC BY 4.0,https://creativecommons.org/licenses/by/4.0,https://en.wikipedia.org/wiki/File:Lobulicium-occultum-2017-74-3-293.png,download_failed
47350,Loepa anthera,籐豹大蚕蛾,,,,,,,no_image
109309,Lolium temulentum,毒麦,images/00/10/00109309.webp,https://thumb.wikimedia.org/wikipedia/commons/thumb/1/16/Illustration_Leymus_arenarius_and_Lolium_temulentum0.jpg/960px-Illustration_Leymus_arenarius_and_Lolium_temulentum0.jpg?utm_source=en.wikipedia.org&utm_campaign=api&utm_content=thumbnail,,Public domain,,https://en.wikipedia.org/wiki/File:Illustration_Leymus_arenarius_and_Lolium_temulentum0.jpg,ok
109326,Lomatogonium carinthiacum,肋柱花,,,,,,,no_image
47361,Lomechusa seticornis,,,,,,,,no_image
47376,Lonchaea formosa,宝岛尖尾蝇,,,,,,,no_image
47396,Lonchoptera elinorae,膨突尖翅蝇,,,,,,,no_image
12254,Longicoelotes geei,吉氏长隙蛛,,,,,,,no_image
47420,Longipenis dentivalvus,齿瓣长茎祝蛾,,,,,,,no_image
109357,Lonicera calcarata,长距忍冬,,,,,,,no_image
109387,Lonicera lanceolata,柳叶忍冬,,,,,,,no_image
109413,Lonicera rupicola,岩生忍冬,,,,,,,no_image
136759,Lopadium disciforme,盘状锈疣衣,,,,,,,no_image
109441,Lophanthus chinensis,扭藿香,,,,,,,no_image
133723,Lophiostoma excipuliforme,,,,,,,,no_image
18304,Lophocharis oxysternon,板胸细脊轮虫,,,,,,,no_image
139247,Lophodermium abietis,冷杉散斑壳,,,,,,,no_image
139267,Lophodermium filiforme,线孢散斑壳,,,,,,,no_image
139287,Lophodermium minor,小散斑壳,,,,,,,no_image
139307,Lophodermium pinicola,,,,,,,,no_image
109448,Lopholejeunea ceylanica,锡兰冠鳞苔,,,,,,,no_image
47459,Lophontosia sinensis,中国冠齿舟蛾,,,,,,,no_image
47477,Lophoptera hypenistis,白线脊蕊夜蛾,,,,,,,no_image
47497,Lophosia caudalis,红尾罗佛寄蝇,,,,,,,no_image
47514,Lophoteles plumula,羽冠毛水虻,,,,,,,no_image
77859,Lophura leucomelanos,黑鹇,images/00/07/00077859.webp,https://thumb.wikimedia.org/wikipedia/commons/thumb/2/27/Kalij_pheasant_Prasanna_Mamidala.jpg/960px-Kalij_pheasant_Prasanna_Mamidala.jpg?utm_source=en.wikipedia.org&utm_campaign=api&utm_content=thumbnail,Mprasannak,CC BY-SA 4.0,https://creativecommons.org/licenses/by-sa/4.0,https://en.wikipedia.org/wiki/File:Kalij_pheasant_Prasanna_Mamidala.jpg,ok
47528,Lordiphosa chaolipinga,交力坪拱背果蝇,,,,,,,no_image
47548,Lordiphosa nigrovesca,黑小板拱背果蝇,,,,,,,no_image
47568,Lordithon niponensis,,,,,,,,no_image
47578,Lotongus saralus,珞弄蝶,,,,,,,no_image
7267,Lovenella corrugata,皱纹触丝水母,,,,,,,no_image
14777,Loxobates spiniformis,刺斜蟹蛛,,,,,,,no_image
5437,Loxoglypta obliquistrata,斜纹甲克蛤,,,,,,,no_image
47613,Loxoneura melliana,福建肘角广口蝇,,,,,,,no_image
47620,Lozotaenia coniferana,松点卷蛾,,,,,,,no_image
47632,Lucilia chini,秦氏绿蝇,,,,,,,no_image
77890,Luciobrama macrocephalus,&#x0000E071;,,,,,,,no_image
109530,Ludwigia peploides,荸艾状水龙,images/00/10/00109530.webp,https://thumb.wikimedia.org/wikipedia/commons/thumb/2/2a/Jussie_rampante_Montpon_Chandos_%2817%29.JPG/960px-Jussie_rampante_Montpon_Chandos_%2817%29.JPG?utm_source=en.wikipedia.org&utm_campaign=api&utm_content=thumbnail,Père Igor,CC BY-SA 3.0,https://creativecommons.org/licenses/by-sa/3.0,https://en.wikipedia.org/wiki/File:Jussie_rampante_Montpon_Chandos_(17).JPG,ok
109541,Luisia hancockii,纤叶钗子股,,,,,,,no_image
109557,Lunularia cruciata,半月苔,,https://thumb.wikimedia.org/wikipedia/commons/thumb/2/24/Lunularia_cruciata.jpg/960px-Lunularia_cruciata.jpg?utm_source=en.wikipedia.org&utm_campaign=api&utm_content=thumbnail,,,,https://en.wikipedia.org/wiki/Lunularia_cruciata,license_rejected
77898,Luscinia megarhynchos,新疆歌鸲,images/00/07/00077898.webp,https://thumb.wikimedia.org/wikipedia/commons/thumb/f/f1/Luscinia_megarhynchos_-_Common_nightingale_-_Nachtegaal_%28cropped%29.jpg/960px-Luscinia_megarhynchos_-_Common_nightingale_-_Nachtegaal_%28cropped%29.jpg?utm_source=en.wikipedia.org&utm_campaign=api&utm_content=thumbnail,Warrieboy,CC BY-SA 4.0,https://creativecommons.org/licenses/by-sa/4.0,https://en.wikipedia.org/wiki/File:Luscinia_megarhynchos_-_Common_nightingale_-_Nachtegaal_(cropped).jpg,ok
77924,Lutjanus lutjanus,正笛鲷,images/00/07/00077924.webp,https://thumb.wikimedia.org/wikipedia/commons/thumb/4/4f/Lutjanus_lutjanus.JPG/960px-Lutjanus_lutjanus.JPG?utm_source=en.wikipedia.org&utm_campaign=api&utm_content=thumbnail,Jens Petersen,CC BY-SA 3.0,http://creativecommons.org/licenses/by-sa/3.0/,https://en.wikipedia.org/wiki/File:Lutjanus_lutjanus.JPG,ok
144210,Luttrellia estuarina,,,,,,,,no_image
109583,Luzula parviflora,小花地杨梅,images/00/10/00109583.webp,https://thumb.wikimedia.org/wikipedia/commons/thumb/6/66/Luzula_parviflora_NRCS-1.jpg/960px-Luzula_parviflora_NRCS-1.jpg?utm_source=en.wikipedia.org&utm_campaign=api&utm_content=thumbnail,Robert H. Mohlenbrock,Public domain,,https://en.wikipedia.org/wiki/File:Luzula_parviflora_NRCS-1.jpg,ok
47689,Lycastris cornuta,角长吻蚜蝇,,,,,,,no_image
109620,Lycium ningxiaense,小叶黄果枸杞,,,,,,,no_image
77952,Lycodon neomaculatus,新斑链蛇,,,,,,,no_image
146914,Lycoperdon colossus,大马勃,,,,,,,no_image
146934,Lycoperdon fuscum,,,,,,,,no_image
146954,Lycoperdon nigrescens,变黑马勃,,https://upload.wikimedia.org/wikipedia/commons/7/7e/Lycoperdon_nigrescens_-_Lindsey.jpg?utm_source=en.wikipedia.org&utm_campaign=api&utm_content=thumbnail_unscaled,James Lindsey,CC BY-SA 3.0,https://creativecommons.org/licenses/by-sa/3.0,https://en.wikipedia.org/wiki/File:Lycoperdon_nigrescens_-_Lindsey.jpg,download_failed
146974,Lycoperdon spadiceum,枣红马勃,images/00/14/00146974.webp,https://thumb.wikimedia.org/wikipedia/commons/thumb/f/f0/Lycoperdon_lividum_570186.jpg/960px-Lycoperdon_lividum_570186.jpg?utm_source=en.wikipedia.org&utm_campaign=api&utm_content=thumbnail,MichelBeeckman,CC BY-SA 3.0,https://creativecommons.org/licenses/by-sa/3.0,https://en.wikipedia.org/wiki/File:Lycoperdon_lividum_570186.jpg,ok
109633,Lycopus europaeus,欧地笋,,https://upload.wikimedia.org/wikipedia/commons/6/65/Wolfspoot_R0012816.JPG?utm_source=en.wikipedia.org&utm_campaign=api&utm_content=thumbnail_unscaled,No machine-readable author provided. TeunSpaans assumed (based on copyright claims).,CC BY-SA 3.0,http://creativecommons.org/licenses/by-sa/3.0/,https://en.wikipedia.org/wiki/File:Wolfspoot_R0012816.JPG,download_failed
47709,Lycoriella hypacantha,下刺厉眼蕈蚊,,,,,,,no_image
47729,Lycoriella unispina,独刺厉眼蕈蚊,,,,,,,no_image
16464,Lycosa beihaiensis,北海狼蛛,,,,,,,no_image
16473,Lycosa shansia,山西狼蛛,,,,,,,no_image
47741,Lygephila craccae,放影夜蛾,images/00/04/00047741.webp,https://thumb.wikimedia.org/wikipedia/commons/thumb/8/81/Lygephila_craccae.jpg/960px-Lygephila_craccae.jpg?utm_source=en.wikipedia.org&utm_campaign=api&utm_content=thumbnail,Lymantria,CC BY-SA 3.0,https://creativecommons.org/licenses/by-sa/3.0,https://en.wikipedia.org/wiki/File:Lygephila_craccae.jpg,ok
47760,Lygocoris fuscoscutellatus,褐盾丽盲蝽,,,,,,,no_image
109679,Lygodium polystachyum,羽裂海金沙,,,,,,,no_image
143099,Lylea tetracoila,,,,,,,,no_image
47809,Lymantria plumbalia,铅毒蛾,,,,,,,no_image
47828,Lynchia schoutedeni,黑拟鹭虱蝇,,,,,,,no_image
147007,Lyophyllum decastes,荷叶离褶伞,,https://thumb.wikimedia.org/wikipedia/commons/thumb/2/22/Lyophyllum_decastes_071012.jpg/960px-Lyophyllum_decastes_071012.jpg?utm_source=en.wikipedia.org&utm_campaign=api&utm_content=thumbnail,,,,https://en.wikipedia.org/wiki/Lyophyllum_decastes,license_rejected
147027,Lyophyllum transforme,角孢离褶伞,,,,,,,no_image
1282,Lyreidus tridentatus,三齿额琵琶蟹,images/00/00/00001282.webp,https://thumb.wikimedia.org/wikipedia/commons/thumb/e/e8/Lyreidus_tridentatus_%28Takeshima_aquarium%29.jpg/960px-Lyreidus_tridentatus_%28Takeshima_aquarium%29.jpg?utm_source=en.wikipedia.org&utm_campaign=api&utm_content=thumbnail,雪野滾滾,CC0,http://creativecommons.org/publicdomain/zero/1.0/deed.en,https://en.wikipedia.org/wiki/File:Lyreidus_tridentatus_(Takeshima_aquarium).jpg,ok
109699,Lysimachia alpestris,香港过路黄,,,,,,,no_image
109720,Lysimachia chikungensis,长穗珍珠菜,,,,,,,no_image
109741,Lysimachia dextrosiflora,右旋过路黄,,,,,,,no_image
109764,Lysimachia grammica,金爪儿,,,,,,,no_image
109785,Lysimachia lancifolia,长叶香草,,,,,,,no_image
109809,Lysimachia nutantiflora,垂花香草,,,,,,,no_image
109832,Lysimachia pterantha,翅萼过路黄,,,,,,,no_image
109854,Lysimachia siamensis,泰国过路黄,,,,,,,no_image
109878,Lysimachia vulgaris,毛黄连花,images/00/10/00109878.webp,https://thumb.wikimedia.org/wikipedia/commons/thumb/0/01/Lysimachia_vulgaris_%28flowers%29_2.jpg/960px-Lysimachia_vulgaris_%28flowers%29_2.jpg?utm_source=en.wikipedia.org&utm_campaign=api&utm_content=thumbnail,Le.Loup.Gris,CC BY-SA 3.0,https://creativecommons.org/licenses/by-sa/3.0,https://en.wikipedia.org/wiki/File:Lysimachia_vulgaris_(flowers)_2.jpg,ok
109901,Lysionotus longipedunculatus,长梗吊石苣苔,,,,,,,no_image
14849,Lysiteles ambrosii,阿氏微蟹蛛,,,,,,,no_image
14826,Lysiteles furcatus,叉微蟹蛛,,,,,,,no_image
14639,Lysiteles torsivus,旋扭微蟹蛛,,,,,,,no_image
47857,Lythria purpuraria,双线红尺蛾,images/00/04/00047857.webp,https://thumb.wikimedia.org/wikipedia/commons/thumb/d/d4/Geometridae_-_Lythria_purpuraria-2.JPG/960px-Geometridae_-_Lythria_purpuraria-2.JPG?utm_source=en.wikipedia.org&utm_campaign=api&utm_content=thumbnail,Hectonichus,CC BY-SA 3.0,https://creativecommons.org/licenses/by-sa/3.0,https://en.wikipedia.org/wiki/File:Geometridae_-_Lythria_purpuraria-2.JPG,ok
47862,Maaserphus basalis,基沟马氏细蜂,,,,,,,no_image
77972,Macaca arctoides,红面猴,images/00/07/00077972.webp,https://thumb.wikimedia.org/wikipedia/commons/thumb/a/a3/Macaca_arctoides_624873256.jpg/960px-Macaca_arctoides_624873256.jpg?utm_source=en.wikipedia.org&utm_campaign=api&utm_content=thumbnail,Thomas Galewski,CC BY 4.0,https://creativecommons.org/licenses/by/4.0,https://en.wikipedia.org/wiki/File:Macaca_arctoides_624873256.jpg,ok
109942,Macaranga kurzii,尾叶血桐,,,,,,,no_image
109950,Machaerina myriantha,多花剑叶莎,,,,,,,no_image
109956,Machilus calcicola,灰岩润楠,,,,,,,no_image
109976,Machilus glabrophylla,光叶润楠,,,,,,,no_image
110000,Machilus microcarpa,小果润楠,,,,,,,no_image
110023,Machilus phoenicis,凤凰润楠,,,,,,,no_image
110043,Machilus versicolora,黄枝润楠,,,,,,,no_image
110055,Macleaya cordata,博落回,,https://upload.wikimedia.org/wikipedia/commons/2/24/Macleaya_cordata_2.jpg?utm_source=en.wikipedia.org&utm_campaign=api&utm_content=thumbnail_unscaled,Sphl,CC BY-SA 3.0,http://creativecommons.org/licenses/by-sa/3.0/,https://en.wikipedia.org/wiki/File:Macleaya_cordata_2.jpg,download_failed
5441,Macoma nobilis,华贵白樱蛤,,,,,,,no_image
14208,Macrargus multesimus,黑腹珍蛛,,,,,,,no_image
5061,Macrobrachium jaroense,嘉罗沼虾,,,,,,,no_image
47933,Macrobrochis bicolor,双色网苔蛾,,,,,,,no_image
47953,Macrocentrus choui,周氏长体茧蜂,,,,,,,no_image
47973,Macrocentrus hunanensis,湖南长体茧蜂,,,,,,,no_image
47994,Macrocentrus resinellae,松小卷蛾长体茧蜂,,,,,,,no_image
48011,Macrocera arcuata,弓形长角菌蚊,,,,,,,no_image
77991,Macrochelys temminckii,大鳄龟,,https://upload.wikimedia.org/wikipedia/commons/8/88/Alligator_snapping_turtle.jpg?utm_source=en.wikipedia.org&utm_campaign=api&utm_content=thumbnail_unscaled,Gary M. Stolz/U.S. Fish and Wildlife Service,Public domain,,https://en.wikipedia.org/wiki/File:Alligator_snapping_turtle.jpg,download_failed
48036,Macrocilix taiwana,台铃钩蛾,images/00/04/00048036.webp,https://thumb.wikimedia.org/wikipedia/commons/thumb/e/ef/Sewa_taiwana.jpg/960px-Sewa_taiwana.jpg?utm_source=en.wikipedia.org&utm_campaign=api&utm_content=thumbnail,Hsu Hong Lin,CC BY-SA 2.0,https://creativecommons.org/licenses/by-sa/2.0,https://en.wikipedia.org/wiki/File:Sewa_taiwana.jpg,ok
48047,Macroglenes paludum,棒角大眼金小蜂,,,,,,,no_image
48066,Macrohastina gemmifera,红带大历尺蛾,,,,,,,no_image
145481,Macrolepiota velosa,具托大环柄菇,,,,,,,no_image
48085,Macromia hamata,锤钩大伪蜻,,,,,,,no_image
110067,Macromitrium angustifolium,狭叶蓑藓,,,,,,,no_image
110087,Macromitrium ousiense,无锡蓑藓,,,,,,,no_image
110102,Macropanax rosthornii,短梗大参,,,,,,,no_image
463,Macrophiothrix robillardi,罗氏大刺蛇尾,,,,,,,no_image
4044,Macrophthalmus ceratophorus,角眼大眼蟹,,,,,,,no_image
48123,Macropis immaculam,无斑宽痣蜂,,,,,,,no_image
78000,Macropodus opercularis,叉尾斗鱼,images/00/07/00078000.webp,https://thumb.wikimedia.org/wikipedia/commons/thumb/6/66/Macropodus_opercularis_-_side_%28aka%29_edit.jpg/960px-Macropodus_opercularis_-_side_%28aka%29_edit.jpg?utm_source=en.wikipedia.org&utm_campaign=api&utm_content=thumbnail,"André Karwath aka Aka, edited by Muhammad",CC BY-SA 2.5,https://creativecommons.org/licenses/by-sa/2.5,https://en.wikipedia.org/wiki/File:Macropodus_opercularis_-_side_(aka)_edit.jpg,ok
139843,Macroscyphus macropus,,,,,,,,no_image
48148,Macrostylophora euteles,无值大锥蚤,,,,,,,no_image
48169,Macrotermes annandalei,土垅大白蚁,,,,,,,no_image
48189,Macrotermes trapezoides,梯头大白蚁,,,,,,,no_image
13495,Macrothele multispine,多刺大疣蛛,,,,,,,no_image
48195,Macrothyatira fasciata,带大波纹蛾,,,,,,,no_image
4319,Macteola interrupta,多肋马鲍螺,,https://upload.wikimedia.org/wikipedia/commons/7/79/Macteola_interrupta_001.jpg?utm_source=en.wikipedia.org&utm_campaign=api&utm_content=thumbnail_unscaled,G.W. Tryon,Public domain,,https://en.wikipedia.org/wiki/File:Macteola_interrupta_001.jpg,download_failed
48207,Maculinea arion,霾灰蝶,images/00/04/00048207.webp,https://thumb.wikimedia.org/wikipedia/commons/thumb/8/8f/Maculinea_arion_Large_Blue_Upperside_SFrance_2009-07-18.jpg/960px-Maculinea_arion_Large_Blue_Upperside_SFrance_2009-07-18.jpg?utm_source=en.wikipedia.org&utm_campaign=api&utm_content=thumbnail,PJC&amp;Co,CC BY-SA 3.0,https://creativecommons.org/licenses/by-sa/3.0,https://en.wikipedia.org/wiki/File:Maculinea_arion_Large_Blue_Upperside_SFrance_2009-07-18.jpg,ok
48220,Madiza lacteipennis,白羽平鬃叶蝇,,,,,,,no_image
110134,Maesa brevipaniculata,短序杜茎山,,,,,,,no_image
110154,Maesa perlaria,,,,,,,,no_image
48230,Magnimyiolia tengchongnica,腾冲直颜实蝇,,,,,,,no_image
110171,Maharanga microstoma,镇康胀萼紫草,,,,,,,no_image
110174,Mahonia bracteolata,鹤庆十大功劳,,,,,,,no_image
110197,Mahonia monyulensis,门隅十大功劳,,,,,,,no_image
110218,Maianthemum fusciduliflorum,褐花鹿药,,,,,,,no_image
3453,Maja compressipes,扁足蜘蛛蟹,,,,,,,no_image
48261,Malacocorisella aurea,黄碎斑柔盲蝽,,,,,,,no_image
7021,Malagazzia monocanalis,单管玛拉水母,,,,,,,no_image
152951,Malassezia slooffiae,斯洛菲马拉色菌,,,,,,,no_image
48290,Maliattha melaleuca,白斑瑙夜蛾,,,,,,,no_image
48307,Mallada nigrilabrum,乌唇玛草蛉,,,,,,,no_image
13506,Mallinella gongi,龚氏马利蛛,,,,,,,no_image
48313,Malloderma kuegleri,,,https://upload.wikimedia.org/wikipedia/commons/0/0c/Malloderma_kuegleri.jpg?utm_source=en.wikipedia.org&utm_campaign=api&utm_content=thumbnail_unscaled,"Mei-Ying Lin, Ren-Jie You and Ling-Yun Wang",CC BY 4.0,https://creativecommons.org/licenses/by/4.0,https://en.wikipedia.org/wiki/File:Malloderma_kuegleri.jpg,download_failed
110244,Mallotus anomalus,锈毛野桐,,,,,,,no_image
110273,Mallotus paniculatus,白楸,images/00/11/00110273.webp,https://thumb.wikimedia.org/wikipedia/commons/thumb/4/45/Mallo_panic_110212-12210_cmp.JPG/960px-Mallo_panic_110212-12210_cmp.JPG?utm_source=en.wikipedia.org&utm_campaign=api&utm_content=thumbnail,Wibowo Djatmiko (Wie146),CC BY-SA 4.0,https://creativecommons.org/licenses/by-sa/4.0,https://en.wikipedia.org/wiki/File:Mallo_panic_110212-12210_cmp.JPG,ok
110296,Malus baccata,山荆子,,https://upload.wikimedia.org/wikipedia/commons/f/ff/Malus-baccata.JPG?utm_source=en.wikipedia.org&utm_campaign=api&utm_content=thumbnail_unscaled,,,,https://en.wikipedia.org/wiki/Malus_baccata,license_rejected
110328,Malus toringo,三叶海棠,images/00/11/00110328.webp,https://thumb.wikimedia.org/wikipedia/commons/thumb/c/c6/Pommier_%C3%A0_fleurs.JPG/960px-Pommier_%C3%A0_fleurs.JPG?utm_source=en.wikipedia.org&utm_campaign=api&utm_content=thumbnail,Dinkum,CC0,http://creativecommons.org/publicdomain/zero/1.0/deed.en,https://en.wikipedia.org/wiki/File:Pommier_à_fleurs.JPG,ok
5676,Mammilla mammata,乳玉螺,,,,,,,no_image
110357,Mangifera persiciforma,天桃木,,,,,,,no_image
110378,Manglietia hookeri,中缅木莲,,,,,,,no_image
11211,Mangora acalypha,刺芒果蛛,images/00/01/00011211.webp,https://thumb.wikimedia.org/wikipedia/commons/thumb/b/b4/%28MHNT%29_Mangora_acalypha_dorsal_view.jpg/960px-%28MHNT%29_Mangora_acalypha_dorsal_view.jpg?utm_source=en.wikipedia.org&utm_campaign=api&utm_content=thumbnail,Didier Descouens,CC BY-SA 4.0,https://creativecommons.org/licenses/by-sa/4.0,https://en.wikipedia.org/wiki/File:(MHNT)_Mangora_acalypha_dorsal_view.jpg,ok
48339,Mannerheimia grandilobata,,,,,,,,no_image
48351,Mansoniella cristata,脊曼盲蝽,,,,,,,no_image
48370,Mantispa indica,印度螳蛉,,,,,,,no_image
110417,Maranta bicolor,花叶竹芋,,,,,,,no_image
147617,Marasmiellus dryogeton,伴栎微皮伞,,,,,,,no_image
147637,Marasmiellus phaeophyllus,,,,,,,,no_image
147657,Marasmiellus tricolor,,,,,,,,no_image
147156,Marasmius australis,硬刺小皮伞,,,,,,,no_image
147176,Marasmius collinus,,,,,,,,no_image
147196,Marasmius epiphyllus,叶生小皮伞,,,,,,,no_image
147216,Marasmius hinnuleus,,,,,,,,no_image
147236,Marasmius montagneanus,,,,,,,,no_image
147256,Marasmius pilgerodendri,毛丛树小皮伞,,,,,,,no_image
147276,Marasmius rotalis,轮小皮伞,,,,,,,no_image
147296,Marasmius sullivantii,,images/00/14/00147296.webp,https://thumb.wikimedia.org/wikipedia/commons/thumb/b/b5/Marasmius_sullivantii_146133.jpg/960px-Marasmius_sullivantii_146133.jpg?utm_source=en.wikipedia.org&utm_campaign=api&utm_content=thumbnail,Dan Molter,CC BY-SA 3.0,https://creativecommons.org/licenses/by-sa/3.0,https://en.wikipedia.org/wiki/File:Marasmius_sullivantii_146133.jpg,ok
153055,Maravalia hyalospora,,,,,,,,no_image
385,Marcia marmorata,理纹格特蛤,,,,,,,no_image
48397,Margarinotus fragosus,脆歧阎甲,,,,,,,no_image
48418,Margarinotus wenzelisnus,温氏歧阎甲,,,,,,,no_image
142104,Mariannaea superimposita,,,,,,,,no_image
78051,Marmota caudata,长尾旱獭,images/00/07/00078051.webp,https://thumb.wikimedia.org/wikipedia/commons/thumb/5/5f/Long-tailed_Marmot_-_Shreeram_M_V_-_Suru_Valley.jpg/960px-Long-tailed_Marmot_-_Shreeram_M_V_-_Suru_Valley.jpg?utm_source=en.wikipedia.org&utm_campaign=api&utm_content=thumbnail,Mvshreeram,CC BY-SA 4.0,https://creativecommons.org/licenses/by-sa/4.0,https://en.wikipedia.org/wiki/File:Long-tailed_Marmot_-_Shreeram_M_V_-_Suru_Valley.jpg,ok
110457,Marsdenia koi,大叶牛奶菜,,,,,,,no_image
48432,Marshiella binarius,双色心角茧蜂,,,,,,,no_image
110482,Marsupella condensata,簇丛钱袋苔,,,,,,,no_image
48435,Marumba dyras,椴六点天蛾,,https://upload.wikimedia.org/wikipedia/commons/2/2f/Marumba_dryas_dryas_male.jpg?utm_source=en.wikipedia.org&utm_campaign=api&utm_content=thumbnail_unscaled,(self),CC BY-SA 2.5,https://creativecommons.org/licenses/by-sa/2.5,https://en.wikipedia.org/wiki/File:Marumba_dryas_dryas_male.jpg,download_failed
14261,Maso sundevalli,小突玛索蛛,,,,,,,no_image
78058,Mastacembelus armatus,大刺鳅,,https://upload.wikimedia.org/wikipedia/commons/1/10/Tire_Track_Eel.jpg?utm_source=en.wikipedia.org&utm_campaign=api&utm_content=thumbnail_unscaled,Adolsomee,CC BY-SA 3.0,https://creativecommons.org/licenses/by-sa/3.0,https://en.wikipedia.org/wiki/File:Tire_Track_Eel.jpg,download_failed
14706,Mastira serrula,小锯乳蟹蛛,,,,,,,no_image
48459,Matileola similis,黑翅麦丽菌蚊,,,,,,,no_image
48472,Matsumyia bimaculata,双斑木村蚜蝇,,,,,,,no_image
139720,Maublancomyces fastigiatus,,images/00/13/00139720.webp,https://thumb.wikimedia.org/wikipedia/commons/thumb/9/99/2011-04-19_Gyromitra_fastigiata_%28Krombh.%29_Rehm_205091.jpg/960px-2011-04-19_Gyromitra_fastigiata_%28Krombh.%29_Rehm_205091.jpg?utm_source=en.wikipedia.org&utm_campaign=api&utm_content=thumbnail,"This image was created by user Gerhard Koller (Gerhard) at Mushroom Observer, a source for mycological images.You can contact this user here.",CC BY-SA 3.0,https://creativecommons.org/licenses/by-sa/3.0,https://en.wikipedia.org/wiki/File:2011-04-19_Gyromitra_fastigiata_(Krombh.)_Rehm_205091.jpg,ok
48486,Maurya kangdingensis,康定耳角蝉,,,,,,,no_image
48506,Maxates extrambigua,巴陵尖尾尺蛾,,,,,,,no_image
48526,Maxates versicauda,突缘尖尾尺蛾,,,,,,,no_image
110528,Mazus celsioides,琴叶通泉草,,,,,,,no_image
110549,Mazus pumilus,通泉草,images/00/11/00110549.webp,https://thumb.wikimedia.org/wikipedia/commons/thumb/1/14/Mazus_pumilus_var_pumilus.jpg/960px-Mazus_pumilus_var_pumilus.jpg?utm_source=en.wikipedia.org&utm_campaign=api&utm_content=thumbnail,Mason Brock (Masebrock),Public domain,,https://en.wikipedia.org/wiki/File:Mazus_pumilus_var_pumilus.jpg,ok
48540,Mecodina albodentata,白齿薄夜蛾,,,,,,,no_image
110569,Meconopsis angustipetala,狭瓣绿绒蒿,,,,,,,no_image
110591,Meconopsis gakyidiana,幸福绿绒蒿,,https://upload.wikimedia.org/wikipedia/commons/8/8f/Meconopsis_gakyidiana.png?utm_source=en.wikipedia.org&utm_campaign=api&utm_content=thumbnail_unscaled,"Yoshida, Toshio; Yangzom, Rinchen; Long, David.",CC BY 4.0,https://creativecommons.org/licenses/by/4.0,https://en.wikipedia.org/wiki/File:Meconopsis_gakyidiana.png,download_failed
110615,Meconopsis polygonoides,心叶绿绒蒿,,,,,,,no_image
110644,Meconopsis torquata,毛瓣绿绒蒿,,,,,,,no_image
48566,Mecynothrips pugilator,普利亚梅森管蓟马,,,,,,,no_image
48585,Medetera latipennis,斧突聚脉长足虻,,,,,,,no_image
48605,Medhiama lanzhouensis,,,,,,,,no_image
110669,Medicago lupulina,天蓝苜蓿,,https://upload.wikimedia.org/wikipedia/commons/b/b1/MedicagoLupulina02.jpg?utm_source=en.wikipedia.org&utm_campaign=api&utm_content=thumbnail_unscaled,,CC BY-SA 3.0,http://creativecommons.org/licenses/by-sa/3.0/,https://en.wikipedia.org/wiki/File:MedicagoLupulina02.jpg,download_failed
110685,Medinilla formosana,台湾美丁花,,,,,,,no_image
48636,Medon submaculatus,,,,,,,,no_image
6444,Megabalanus ajax,亚杰巨藤壶,,,,,,,no_image
110718,Megacarpaea polyandra,多蕊高河菜,,,,,,,no_image
48660,Megachile apicalis,顶切叶蜂,images/00/04/00048660.webp,https://thumb.wikimedia.org/wikipedia/commons/thumb/c/cc/Megachile_apicalis%2C_f%2C_left%2C_Yolo_Co.%2C_CA%2C_2019-03-21.jpg/960px-Megachile_apicalis%2C_f%2C_left%2C_Yolo_Co.%2C_CA%2C_2019-03-21.jpg?utm_source=en.wikipedia.org&utm_campaign=api&utm_content=thumbnail,United States Geological Survey,Public domain,,"https://en.wikipedia.org/wiki/File:Megachile_apicalis,_f,_left,_Yolo_Co.,_CA,_2019-03-21.jpg",ok
48684,Megachile disjunctiformis,拟小突切叶蜂,images/00/04/00048684.webp,https://thumb.wikimedia.org/wikipedia/commons/thumb/c/cd/Megachile_disjunctiformis_141856235.jpg/960px-Megachile_disjunctiformis_141856235.jpg?utm_source=en.wikipedia.org&utm_campaign=api&utm_content=thumbnail,Agnes Trekker,CC0,http://creativecommons.org/publicdomain/zero/1.0/deed.en,https://en.wikipedia.org/wiki/File:Megachile_disjunctiformis_141856235.jpg,ok
48707,Megachile kagiana,卡切叶蜂,,,,,,,no_image
48731,Megachile nigroscopula,黑毛刷切叶蜂,,,,,,,no_image
48751,Megachile sauteri,萨氏切叶蜂,,,,,,,no_image
48775,Megachile valdezi,长颚切叶蜂,,,,,,,no_image
78080,Megaerops ecaudatus,无尾果蝠,images/00/07/00078080.webp,https://thumb.wikimedia.org/wikipedia/commons/thumb/4/43/Pteropus_ecaudatus_-_1700-1880_-_Print_-_Iconographia_Zoologica_-_Special_Collections_University_of_Amsterdam_-_UBA01_IZ20700041.tif/lossy-page1-960px-Pteropus_ecaudatus_-_1700-1880_-_Print_-_Iconographia_Zoologica_-_Special_Collections_University_of_Amsterdam_-_UBA01_IZ20700041.tif.jpg?utm_source=en.wikipedia.org&utm_campaign=api&utm_content=thumbnail,,Public domain,,https://en.wikipedia.org/wiki/File:Pteropus_ecaudatus_-_1700-1880_-_Print_-_Iconographia_Zoologica_-_Special_Collections_University_of_Amsterdam_-_UBA01_IZ20700041.tif,ok
48795,Megalinus anhuensis,,,,,,,,no_image
48815,Megalinus nanpingensis,,,,,,,,no_image
48835,Megalinus zhenyuanensis,,,,,,,,no_image
48848,Megalopinus gracilihamus,,,,,,,,no_image
5959,Megalotocepheus latus,宽大头甲螨,,,,,,,no_image
48870,Megaphragma decochaetum,十毛缨翅赤眼蜂,,,,,,,no_image
48889,Megarthrus mirabilis,,,,,,,,no_image
48909,Megaselia bisetalis,双鬃异蚤蝇,,,,,,,no_image
48929,Megaselia grisaria,灰翅异蚤蝇,,,,,,,no_image
48949,Megaselia recta,直列异蚤蝇,,,,,,,no_image
48969,Megaselia unicolor,单色异蚤蝇,,,,,,,no_image
110724,Megistostigma yunnanense,云南大柱藤,,,,,,,no_image
48999,Meigenia dorsalis,杂色美根寄蝇,,,,,,,no_image
49011,Meiothrips menoni,长角管蓟马,,,,,,,no_image
110729,Melaleuca cajuputi,,,https://upload.wikimedia.org/wikipedia/commons/0/05/Melaleuca_cajuputi.jpg?utm_source=en.wikipedia.org&utm_campaign=api&utm_content=thumbnail_unscaled,Murray Fagg,CC BY 3.0,https://creativecommons.org/licenses/by/3.0,https://en.wikipedia.org/wiki/File:Melaleuca_cajuputi.jpg,download_failed
153243,Melampsora epiphylla,叶生栅锈菌,,,,,,,no_image
153263,Melampsora laricis-pentandrae,,,,,,,,no_image
153283,Melampsora salicis-warburgi,,,,,,,,no_image
110732,Melampyrum aphraditis,天柱山罗花,,,,,,,no_image
49041,Melanagromyza pubescens,微毛黑潜蝇,,,,,,,no_image
141494,Melanconis alni,,,,,,,,no_image
136060,Melanelia predisjuncta,异暗山褐衣,,,,,,,no_image
49067,Melangyna hwangi,黄氏美蓝蚜蝇,,,,,,,no_image
78111,Melanocorypha calandra,草原百灵,images/00/07/00078111.webp,https://thumb.wikimedia.org/wikipedia/commons/thumb/3/3a/Kalanderleeuwerik_-_calandra_lark_-_Melanocorypha_calandra.jpg/960px-Kalanderleeuwerik_-_calandra_lark_-_Melanocorypha_calandra.jpg?utm_source=en.wikipedia.org&utm_campaign=api&utm_content=thumbnail,Bouke ten Cate,CC BY 4.0,https://creativecommons.org/licenses/by/4.0,https://en.wikipedia.org/wiki/File:Kalanderleeuwerik_-_calandra_lark_-_Melanocorypha_calandra.jpg,ok
136074,Melanohalea elegantula,长芽黑尔衣,images/00/13/00136074.webp,https://thumb.wikimedia.org/wikipedia/commons/thumb/7/72/Melanohalea_elegantula_a1_%282%29.JPG/960px-Melanohalea_elegantula_a1_%282%29.JPG?utm_source=en.wikipedia.org&utm_campaign=api&utm_content=thumbnail,Selso,CC BY-SA 4.0,https://creativecommons.org/licenses/by-sa/4.0,https://en.wikipedia.org/wiki/File:Melanohalea_elegantula_a1_(2).JPG,ok
148525,Melanoleuca deserticola,沙地铦囊蘑,,,,,,,no_image
148545,Melanoleuca verrucipes,绒点柄铦囊蘑,images/00/14/00148545.webp,https://thumb.wikimedia.org/wikipedia/commons/thumb/6/6b/Melanoleuca_verrucipes_154798.jpg/960px-Melanoleuca_verrucipes_154798.jpg?utm_source=en.wikipedia.org&utm_campaign=api&utm_content=thumbnail,Tom Bruns (pogon),CC BY-SA 3.0,https://creativecommons.org/licenses/by-sa/3.0,https://en.wikipedia.org/wiki/File:Melanoleuca_verrucipes_154798.jpg,ok
142143,Melanopsamma buxiformis,,,,,,,,no_image
142163,Melanopsamma saxauli,,,,,,,,no_image
110750,Melanoseris cyanea,蓝花毛鳞菊,,,,,,,no_image
110770,Melanoseris tenuis,全叶细莴苣,,,,,,,no_image
154970,Melanotaenium endogenum,,,,,,,,no_image
139331,Melasmia ilicicola,冬青生叶痣菌,,,,,,,no_image
110776,Melastoma dodecandrum,地棯,,,,,,,no_image
110789,Melica ciliata,小穗臭草,images/00/11/00110789.webp,https://thumb.wikimedia.org/wikipedia/commons/thumb/0/00/Melica_ciliata_010707.jpg/960px-Melica_ciliata_010707.jpg?utm_source=en.wikipedia.org&utm_campaign=api&utm_content=thumbnail,Bernd Haynold,CC BY 2.5,https://creativecommons.org/licenses/by/2.5,https://en.wikipedia.org/wiki/File:Melica_ciliata_010707.jpg,ok
110811,Melica virgata,抱草,,,,,,,no_image
49114,Melieria latigenis,侧生蜜斑蝇,,,,,,,no_image
143904,Meliola acaciarum,,,,,,,,no_image
143924,Meliola araliicola,,,,,,,,no_image
143944,Meliola brachyodonta,,,,,,,,no_image
143964,Meliola ceriopsidis,,,,,,,,no_image
143984,Meliola diospyri,,,,,,,,no_image
144004,Meliola fagraeae,,,,,,,,no_image
144024,Meliola hydnocarpi,,,,,,,,no_image
144044,Meliola landolphiae-floridae,,,,,,,,no_image
144064,Meliola mangiferae,,,,,,,,no_image
144084,Meliola oleicola,,,,,,,,no_image
144104,Meliola podocarpicola,,,,,,,,no_image
144124,Meliola setariae,,,,,,,,no_image
144144,Meliola taiwaniana,,,,,,,,no_image
144164,Meliola yuanjiangensis,,,,,,,,no_image
110853,Meliosma parviflora,细花泡花树,,,,,,,no_image
110869,Melissa axillaris,蜜蜂花,,,,,,,no_image
49137,Melitaea bellona,兰网蛱蝶,,,,,,,no_image
49160,Melitta mongolica,蒙古准蜂,,,,,,,no_image
110874,Melocalamus arrectus,澜沧梨藤竹,,,,,,,no_image
78124,Melogale moschata,鼬獾,,https://upload.wikimedia.org/wikipedia/commons/b/b0/Melogale_moschata_%28male%29_Praha_zoo_02.2011_02.jpg?utm_source=en.wikipedia.org&utm_campaign=api&utm_content=thumbnail_unscaled,Николай Усик / http://paradoxusik.livejournal.com/,CC BY-SA 3.0,https://creativecommons.org/licenses/by-sa/3.0,https://en.wikipedia.org/wiki/File:Melogale_moschata_(male)_Praha_zoo_02.2011_02.jpg,download_failed
110894,Memecylon caeruleum,天蓝谷木,,,,,,,no_image
136087,Menegazzia anteforata,鼓面孔叶衣,,,,,,,no_image
49190,Menesia octoguttata,,,,,,,,no_image
110915,Mentha citrata,柠檬留兰香,images/00/11/00110915.webp,https://thumb.wikimedia.org/wikipedia/commons/thumb/7/7a/Mentha_x_piperita_var._citrata_%27Eau_de_Cologne_Mint%27_%28Labatae%29_flower.JPG/960px-Mentha_x_piperita_var._citrata_%27Eau_de_Cologne_Mint%27_%28Labatae%29_flower.JPG?utm_source=en.wikipedia.org&utm_campaign=api&utm_content=thumbnail,Magnus Manske,CC BY-SA 3.0,https://creativecommons.org/licenses/by-sa/3.0,https://en.wikipedia.org/wiki/File:Mentha_x_piperita_var._citrata_'Eau_de_Cologne_Mint'_(Labatae)_flower.JPG,ok
49199,Mepachymerus meridionalis,南方平胸秆蝇,,,,,,,no_image
78134,Mergus squamatus,中华秋沙鸭,images/00/07/00078134.webp,https://thumb.wikimedia.org/wikipedia/commons/thumb/e/e1/245_Schuppens%C3%A4ger_20091229.JPG/960px-245_Schuppens%C3%A4ger_20091229.JPG?utm_source=en.wikipedia.org&utm_campaign=api&utm_content=thumbnail,BS Thurner Hof,CC BY-SA 3.0,https://creativecommons.org/licenses/by-sa/3.0,https://en.wikipedia.org/wiki/File:245_Schuppensäger_20091229.JPG,ok
49222,Merionoeda nigroapicalis,,,,,,,,no_image
17161,Meristocotyle provitellaria,前黄分杯吸虫,,,,,,,no_image
49238,Merodon micromegas,小齿腿蚜蝇,,,,,,,no_image
49258,Meromyza ningxiaensis,宁夏麦秆蝇,,,,,,,no_image
78148,Merops philippinus,栗喉蜂虎,images/00/07/00078148.webp,https://thumb.wikimedia.org/wikipedia/commons/thumb/b/b2/Blue-tailed_Bee-eater_in_Sundarbans_National_Park_July_2025_by_Tisha_Mukherjee_03.jpg/960px-Blue-tailed_Bee-eater_in_Sundarbans_National_Park_July_2025_by_Tisha_Mukherjee_03.jpg?utm_source=en.wikipedia.org&utm_campaign=api&utm_content=thumbnail,Tisha Mukherjee,CC BY-SA 4.0,https://creativecommons.org/licenses/by-sa/4.0,https://en.wikipedia.org/wiki/File:Blue-tailed_Bee-eater_in_Sundarbans_National_Park_July_2025_by_Tisha_Mukherjee_03.jpg,ok
110954,Merremia umbellata,,images/00/11/00110954.webp,https://thumb.wikimedia.org/wikipedia/commons/thumb/7/76/Merremia_umbellata.jpg/960px-Merremia_umbellata.jpg?utm_source=en.wikipedia.org&utm_campaign=api&utm_content=thumbnail,Vinayaraj,CC BY-SA 3.0,https://creativecommons.org/licenses/by-sa/3.0,https://en.wikipedia.org/wiki/File:Merremia_umbellata.jpg,ok
151043,Merulius lacrymans,干朽皱孔菌,,,,,,,no_image
78152,Mesechinus dauuricus,达乌尔猬,images/00/07/00078152.webp,https://thumb.wikimedia.org/wikipedia/commons/thumb/f/fa/Daurian_Hedgehog_%28Mesechinus_dauuricus%29.tif/lossy-page1-960px-Daurian_Hedgehog_%28Mesechinus_dauuricus%29.tif.jpg?utm_source=en.wikipedia.org&utm_campaign=api&utm_content=thumbnail,"Kai He, Jian-Hai Chen, Gina C. Gould, Nobuyuki Yamaguchi, Huai-Sen Ai, Ying-Xiang Wang, Ya-Ping Zhang, Xue-Long Jiang",CC0,http://creativecommons.org/publicdomain/zero/1.0/deed.en,https://en.wikipedia.org/wiki/File:Daurian_Hedgehog_(Mesechinus_dauuricus).tif,ok
49298,Mesembrius gracilifolius,细叶墨管蚜蝇,,,,,,,no_image
9667,Mesobryobia terpoghossiani,,,,,,,,no_image
49330,Mesonemoura aberransterga,奇背中叉(虫责),,,,,,,no_image
49347,Mesophalera bruno,步间掌舟蛾,,,,,,,no_image
49364,Mesopolobus anogmoides,毛翅迈金小蜂,,,,,,,no_image
49384,Mesopolobus typographi,六齿小蠹迈金小蜂,,,,,,,no_image
49399,Mesorhaga gracilis,纤细孤脉长足虻,,,,,,,no_image
49419,Mesosa guttigera,,,,,,,,no_image
49440,Mesosa yunnana,,,,,,,,no_image
4931,Mespilia globulus,高腰海胆,,https://upload.wikimedia.org/wikipedia/commons/f/f1/Sea_Urchin_2.jpg?utm_source=en.wikipedia.org&utm_campaign=api&utm_content=thumbnail_unscaled,Ishtaure Dawn,CC BY-SA 2.0,https://creativecommons.org/licenses/by-sa/2.0,https://en.wikipedia.org/wiki/File:Sea_Urchin_2.jpg,download_failed
6147,Metachromadora complexi,复杂后菱光线虫,,,,,,,no_image
49467,Metadon spuribifasciatus,拟二带类巢穴蚜蝇,,,,,,,no_image
111005,Metagentiana serra,锯齿龙胆,,,,,,,no_image
49480,Metalliopsis inflata,胖角拟金彩蝇,,,,,,,no_image
3177,Metanephrops armatus,胄甲后海螯虾,,,,,,,no_image
726,Metapenaeopsis dura,硬壳赤虾,,,,,,,no_image
702,Metapenaeus tenuipes,细足新对虾,,,,,,,no_image
17986,Metaphire coacervata,聚腺腔蚓,,,,,,,no_image
17813,Metaphire jianfengensis,尖峰腔蚓,,,,,,,no_image
17722,Metaphire puyuma,卑南腔蚓,,,,,,,no_image
49499,Metaphycus alberti,,,,,,,,no_image
111015,Metapilea jingxiensis,头序冷水花,,,,,,,no_image
111016,Metasequoia glyptostroboides,水杉,images/00/11/00111016.webp,https://thumb.wikimedia.org/wikipedia/commons/thumb/4/47/Metasequoia_glyptostroboides_in_Forest_park_of_Aichi_Prefecture.jpg/960px-Metasequoia_glyptostroboides_in_Forest_park_of_Aichi_Prefecture.jpg?utm_source=en.wikipedia.org&utm_campaign=api&utm_content=thumbnail,Alpsdake,CC BY-SA 3.0,https://creativecommons.org/licenses/by-sa/3.0,https://en.wikipedia.org/wiki/File:Metasequoia_glyptostroboides_in_Forest_park_of_Aichi_Prefecture.jpg,ok
111023,Metathelypteris glandulosa,具腺凸轴蕨,,,,,,,no_image
49536,Meteoridea hunanensis,湖南鳞跨茧蜂,,,,,,,no_image
49545,Meteorus heliophilus,食夜蛾悬茧蜂,,,,,,,no_image
14913,Metleucauge chikunii,千国后鳞蛛,,,,,,,no_image
49574,Metolinus shanicus,,,,,,,,no_image
49592,Metopina grandimitralis,高帽裂蚤蝇,,,,,,,no_image
16977,Metorchis orientalis,东方次睾吸虫,,,,,,,no_image
49617,Metriocnemus intergerivus,中间中足摇蚊,,,,,,,no_image
140979,Metschnikowia zizyphicola,,,,,,,,no_image
140952,Meyerozyma guilliermondii,,,,,,,,no_image
49643,Micadina brachyptera,短翅小异䗛,,,,,,,no_image
135481,Micarea lignaria,木亚网衣,,,,,,,no_image
13833,Micaria pulcherrima,山区小蚁蛛,,,,,,,no_image
111063,Michelia balansae,苦梓含笑,,,,,,,no_image
111087,Michelia jianfenglingensis,尖峰岭含笑,,,,,,,no_image
111109,Michelia wuzhishangensis,五指山含笑,,,,,,,no_image
111118,Micranthes divaricata,叉枝亭阁草,,,,,,,no_image
18857,Micrisotoma achromata,,,,,,,,no_image
137396,Microcalicium ahlneri,,,,,,,,no_image
111141,Microchirita hamosa,钩序苣苔,,,,,,,no_image
111150,Microcos stauntoniana,毛破布叶,,,,,,,no_image
49719,Microdebilissa atricornis,,,,,,,,no_image
141018,Microdochium bolleyi,,,,,,,,no_image
49747,Microdon simplex,简巢穴蚜蝇,,,,,,,no_image
49767,Microdrosophila latifrons,额微果蝇,,,,,,,no_image
134880,Microglossum atropurpureum,紫黑小舌菌,images/00/13/00134880.webp,https://thumb.wikimedia.org/wikipedia/commons/thumb/d/d3/Geoglossum_atropurpureum_399563.jpg/960px-Geoglossum_atropurpureum_399563.jpg?utm_source=en.wikipedia.org&utm_campaign=api&utm_content=thumbnail,zaca,CC BY-SA 3.0,https://creativecommons.org/licenses/by-sa/3.0,https://en.wikipedia.org/wiki/File:Geoglossum_atropurpureum_399563.jpg,ok
78184,Microhyla berdmorei,缅甸姬蛙,images/00/07/00078184.webp,https://thumb.wikimedia.org/wikipedia/commons/thumb/5/57/Microhyla_berdmorei%2C_Khao_Luang_National_Park2.jpg/960px-Microhyla_berdmorei%2C_Khao_Luang_National_Park2.jpg?utm_source=en.wikipedia.org&utm_campaign=api&utm_content=thumbnail,Rushenb,CC BY-SA 4.0,https://creativecommons.org/licenses/by-sa/4.0,"https://en.wikipedia.org/wiki/File:Microhyla_berdmorei,_Khao_Luang_National_Park2.jpg",ok
111164,Microlepia boluoensis,博罗鳞盖蕨,,,,,,,no_image
111189,Microlepia speluncae,热带鳞盖蕨,,,,,,,no_image
49796,Microlygris complicata,合小纹尺蛾,,,,,,,no_image
111204,Micromitrium tenerum,细蓑藓,,,,,,,no_image
49831,Micromus pumilus,小脉褐蛉,,,,,,,no_image
78199,Micronemacheilus zispi,海南小条鳅,,,,,,,no_image
49864,Micropeplus sinensis,,,,,,,,no_image
49880,Microphalera grisea,灰小掌舟蛾,,https://thumb.wikimedia.org/wikipedia/commons/thumb/5/5f/Microphalera_grisea_yoshimotoi.jpg/960px-Microphalera_grisea_yoshimotoi.jpg?utm_source=en.wikipedia.org&utm_campaign=api&utm_content=thumbnail,,,,https://en.wikipedia.org/wiki/Microphalera_grisea,license_rejected
78216,Microphysogobio oujiangensis,瓯江小鳔鮈,,,,,,,no_image
151593,Microporus nipponicus,东洋小孔菌,,,,,,,no_image
78228,Micropterus salmoides,大口黑鲈,images/00/07/00078228.webp,https://thumb.wikimedia.org/wikipedia/commons/thumb/f/fb/Largemouth_Bass_%28Micropterus_salmoides%29_June_2023_%28cropped%29.jpg/960px-Largemouth_Bass_%28Micropterus_salmoides%29_June_2023_%28cropped%29.jpg?utm_source=en.wikipedia.org&utm_campaign=api&utm_content=thumbnail,USFWS Mountain Prairie,Public domain,,https://en.wikipedia.org/wiki/File:Largemouth_Bass_(Micropterus_salmoides)_June_2023_(cropped).jpg,ok
138074,Microsphaera caraganae,,,,,,,,no_image
111224,Microstegium ciliatum,刚莠竹,,,,,,,no_image
78230,Microstomus achne,亚洲油鲽,,https://upload.wikimedia.org/wikipedia/commons/9/91/Microstomus_achne_%D1%8E%D0%B6%D0%BD%D1%8B%D1%85_%D0%9A%D1%83%D1%80%D0%B8%D0%BB%D1%8C%D1%81%D0%BA%D0%B8%D1%85_%D0%BE%D1%81%D1%82%D1%80%D0%BE%D0%B2%D0%BE%D0%B2.JPG?utm_source=en.wikipedia.org&utm_campaign=api&utm_content=thumbnail_unscaled,Баранчук-Червонный Лев,CC BY-SA 3.0,https://creativecommons.org/licenses/by-sa/3.0,https://en.wikipedia.org/wiki/File:Microstomus_achne_южных_Курильских_островов.JPG,download_failed
49910,Microtendipes britteni,黄绿倒毛摇蚊,,,,,,,no_image
49930,Microterys crescocci,盘蚧花翅跳小蜂,,,,,,,no_image
49950,Microterys okitsuensis,冲津花翅跳小蜂,,,,,,,no_image
132364,Microthelia ambigua,,,,,,,,no_image
111262,Microtoena stenocalyx,狭萼冠唇花,,,,,,,no_image
111280,Microtropis macrocarpa,大果假卫矛,,,,,,,no_image
111300,Microtropis yunnanensis,云南假卫矛,,,,,,,no_image
111313,Microula leiocarpa,光果微孔草,,,,,,,no_image
111347,Microula turbinata,长果微孔草,,,,,,,no_image
139845,Midotis gigantea,,,,,,,,no_image
49985,Mileewa alara,翼枝窗翅叶蝉,,,,,,,no_image
50005,Mileewa jinpingana,金平窗翅叶蝉，新种,,,,,,,no_image
50025,Mileewa snakecephala,蛇头窗翅叶蝉，新种,,,,,,,no_image
50045,Milesia sinensis,中华迷蚜蝇,,,,,,,no_image
50058,Milichia argyrata,圆叶蝇,,,,,,,no_image
7056,Millepora intricata,错综多孔螅,,,,,,,no_image
50071,Miltochrista cruciata,十字美苔蛾,,,,,,,no_image
50091,Miltochrista kuatunensis,挂墩美苔蛾,,,,,,,no_image
50112,Miltochrista radians,射美苔蛾,,,,,,,no_image
50133,Miltogramma major,首蜂麻蝇,,,,,,,no_image
50147,Mimacrotona orousseti,,,,,,,,no_image
50173,Mimegralla choui,周氏缟瘦足蝇,,,,,,,no_image
78246,Mimoblennius atrocinctus,黑点仿鳚,,https://upload.wikimedia.org/wikipedia/commons/e/e7/MatsubaGPall.jpg?utm_source=en.wikipedia.org&utm_campaign=api&utm_content=thumbnail_unscaled,Izuzuki,CC BY-SA 2.5,https://creativecommons.org/licenses/by-sa/2.5,https://en.wikipedia.org/wiki/File:MatsubaGPall.jpg,download_failed
50205,Mimopydna magna,玛拟皮舟蛾,,,,,,,no_image
50225,Mimothestus atricornis,,,,,,,,no_image
50244,Minettia crassulata,厚近黑缟蝇,,,,,,,no_image
50264,Minettia tianmushanensis,天目山亮黑缟蝇,,,,,,,no_image
50281,Minilimosina parafanta,伪翼索小粪蝇,,,,,,,no_image
4538,Minolia chinensis,中国小铃螺,,,,,,,no_image
50302,Miobdelus egregius,,,,,,,,no_image
50327,Miobdelus wolongensis,,,,,,,,no_image
50339,Miranus varians,片刺奇臀飞虱,,,,,,,no_image
135778,Miriquidica complanata,奇果衣,,,,,,,no_image
50376,Mironasutitermes changningensis,长宁奇象白蚁,,,,,,,no_image
50392,Miscana biangula,双突柄大叶蝉,,,,,,,no_image
78266,Misgurnus anguillicaudatus,泥鳅,,https://upload.wikimedia.org/wikipedia/commons/8/86/Misgurnus_anguillicaudatus.jpg?utm_source=en.wikipedia.org&utm_campaign=api&utm_content=thumbnail_unscaled,,Public domain,,https://en.wikipedia.org/wiki/File:Misgurnus_anguillicaudatus.jpg,download_failed
111392,Mitchella undulata,蔓虎刺,,,,,,,no_image
2752,Mitra coronata,王冠笔螺,,https://upload.wikimedia.org/wikipedia/commons/e/ee/Mitra_coronata_001.jpg?utm_source=en.wikipedia.org&utm_campaign=api&utm_content=thumbnail_unscaled,Richard Parker,CC BY 2.0,https://creativecommons.org/licenses/by/2.0,https://en.wikipedia.org/wiki/File:Mitra_coronata_001.jpg,download_failed
2726,Mitra pica,细焰笔螺,,https://thumb.wikimedia.org/wikipedia/commons/thumb/e/e5/Strigatella_pica_01.jpg/960px-Strigatella_pica_01.jpg?utm_source=en.wikipedia.org&utm_campaign=api&utm_content=thumbnail,,,,https://en.wikipedia.org/wiki/Mitra_pica,license_rejected
111399,Mitrasacme pygmaea,水田白,,,,,,,no_image
111421,Mitreola yangchunensis,阳春度量草,,,,,,,no_image
138778,Mitrula spathulata,,,,,,,,no_image
698,Miyadiella podophthalmus,长眼对虾,,,,,,,no_image
148548,Mniopetalum flabelliforme,扇状藓瓣菌,,,,,,,no_image
50427,Mocis dolosa,奸毛胫夜蛾,,,,,,,no_image
14116,Moebelia rectangula,方胫莫蛛,,,,,,,no_image
5475,Moerella iridescens,彩虹明樱蛤,,,,,,,no_image
50449,Mohrigia megalocornuta,长角摩眼蕈蚊,,,,,,,no_image
140811,Molliardiomyces domingensis,,,,,,,,no_image
50460,Molophilus antares,峨眉磨大蚊,,,,,,,no_image
50480,Molophilus nigropolitus,亮黑磨大蚊,,,,,,,no_image
50500,Molorchus contristatus,,,,,,,,no_image
50520,Molorchus modestus,,,,,,,,no_image
50541,Molorchus unanimis,,,,,,,,no_image
111464,Monachosorum henryi,稀子蕨,,,,,,,no_image
50560,Monaphis antennata,触角单斑蚜,,,,,,,no_image
111468,Moneses uniflora,独丽花,images/00/11/00111468.webp,https://thumb.wikimedia.org/wikipedia/commons/thumb/f/fd/Moneses_uniflora_1437.JPG/960px-Moneses_uniflora_1437.JPG?utm_source=en.wikipedia.org&utm_campaign=api&utm_content=thumbnail,Walter Siegmund (talk),CC BY-SA 3.0,https://creativecommons.org/licenses/by-sa/3.0,https://en.wikipedia.org/wiki/File:Moneses_uniflora_1437.JPG,ok
50575,Mongoliana bistriata,双带蒙瓢蜡蝉,,,,,,,no_image
50593,Mongoloraphidia liupanshanica,六盘山蒙蛇蛉,,,,,,,no_image
153033,Moniliella madida,,,,,,,,no_image
155293,Monoblepharis polymorpha,多形单毛孢,,,,,,,no_image
50620,Monoceromyia wiedemanni,黄肩柄角蚜蝇,,,,,,,no_image
50629,Monochamus bimaculatus,,images/00/05/00050629.webp,https://thumb.wikimedia.org/wikipedia/commons/thumb/0/0b/Monochamus_bimaculatus_%2822817536030%29.jpg/960px-Monochamus_bimaculatus_%2822817536030%29.jpg?utm_source=en.wikipedia.org&utm_campaign=api&utm_content=thumbnail,Ben Sale from UK,CC BY 2.0,https://creativecommons.org/licenses/by/2.0,https://en.wikipedia.org/wiki/File:Monochamus_bimaculatus_(22817536030).jpg,ok
50650,Monochamus subfasciatus,,images/00/05/00050650.webp,https://thumb.wikimedia.org/wikipedia/commons/thumb/6/60/Monochamus_subfasciatus_-_Institute_for_Nature_Study%2C_Tokyo.JPG/960px-Monochamus_subfasciatus_-_Institute_for_Nature_Study%2C_Tokyo.JPG?utm_source=en.wikipedia.org&utm_campaign=api&utm_content=thumbnail,Piropiro77,CC BY-SA 4.0,https://creativecommons.org/licenses/by-sa/4.0,"https://en.wikipedia.org/wiki/File:Monochamus_subfasciatus_-_Institute_for_Nature_Study,_Tokyo.JPG",ok
143126,Monodictys abuensis,,,,,,,,no_image
143146,Monodictys putredinis,,,,,,,,no_image
50665,Monohelea hainanensis,海南单蠓,,,,,,,no_image
111479,Monoon longifolium,长叶单籽暗罗,,https://upload.wikimedia.org/wikipedia/commons/9/98/Polyalthia_longifolia.jpg?utm_source=en.wikipedia.org&utm_campaign=api&utm_content=thumbnail_unscaled,Original uploader was Omoo at en.wikipedia,Public domain,,https://en.wikipedia.org/wiki/File:Polyalthia_longifolia.jpg,download_failed
50676,Monopsyllus scaloni,新月单蚤,,,,,,,no_image
111486,Monostroma arcticum,北极礁膜,,,,,,,no_image
50686,Montagona pustulosa,疹突单琵甲,,,,,,,no_image
6976,Montipora foveolata,浅窝蔷薇珊瑚,,,,,,,no_image
78311,Moolgarda perusii,佩氏莫鲻,,,,,,,no_image
139875,Morchella canina,尖羊肚菌,,,,,,,no_image
139895,Morchella rotunda,圆羊肚菌,,,,,,,no_image
6855,Morchellana multispinosa,多刺编笠软珊瑚,,,,,,,no_image
50707,Morellia nigridorsata,黑背莫蝇,,,,,,,no_image
111499,Morina chinensis,圆萼刺参,,,,,,,no_image
111523,Morinda litseifolia,木姜叶巴戟,,,,,,,no_image
50724,Morinia proceripenisa,长阳墨粉蝇,,,,,,,no_image
155845,Mortierella candelabrum,烛台被孢霉,,,,,,,no_image
155865,Mortierella pusilla,,,,,,,,no_image
17484,Morula lepida,石优美结螺,images/00/01/00017484.webp,https://thumb.wikimedia.org/wikipedia/commons/thumb/b/b4/Morula_lepida_%28MNHN-IM-2000-1607%29.jpeg/960px-Morula_lepida_%28MNHN-IM-2000-1607%29.jpeg?utm_source=en.wikipedia.org&utm_campaign=api&utm_content=thumbnail,Manuel CABALLER,CC BY 4.0,https://creativecommons.org/licenses/by/4.0,https://en.wikipedia.org/wiki/File:Morula_lepida_(MNHN-IM-2000-1607).jpeg,ok
111559,Morus notabilis,川桑,,,,,,,no_image
111569,Mosla formosana,台湾荠苧,,,,,,,no_image
8449,Mothocya sajori,针良弯体水虱,,,,,,,no_image
155952,Mucor falcatus,镰毛霉,,,,,,,no_image
155972,Mucor lycogala,,,,,,,,no_image
155992,Mucor recurvus,下弯毛霉,,,,,,,no_image
150333,Mucronoporus circinatus,,,,,,,,no_image
111605,Mucuna pruriens,刺毛黧豆,images/00/11/00111605.webp,https://thumb.wikimedia.org/wikipedia/commons/thumb/4/44/Mucuna_pruriens_flower.jpg/960px-Mucuna_pruriens_flower.jpg?utm_source=en.wikipedia.org&utm_campaign=api&utm_content=thumbnail,Agong1,CC BY-SA 3.0,https://creativecommons.org/licenses/by-sa/3.0,https://en.wikipedia.org/wiki/File:Mucuna_pruriens_flower.jpg,ok
78355,Mugilogobius fontinalis,泉鲻鰕虎,,,,,,,no_image
78360,Mulloidichthys pfluegeri,红背拟羊鱼,,,,,,,no_image
143186,Multicellaesporites longovatus,,,,,,,,no_image
143206,Multicellaesporites vermiculatus,,,,,,,,no_image
18888,Multivesicula zhengi,,,,,,,,no_image
540,Munida oritea,长额刺铠虾,,,,,,,no_image
579,Munidopsis arietina,白羊拟刺铠虾,,,,,,,no_image
544,Munidopsis panamae,巴拿马拟刺铠虾,,,,,,,no_image
78364,Muntiacus gongshanensis,贡山麂,,https://upload.wikimedia.org/wikipedia/commons/4/46/Muntiacus_gongshanensis.png?utm_source=en.wikipedia.org&utm_campaign=api&utm_content=thumbnail_unscaled,User:מנחם.אל,CC BY 4.0,https://creativecommons.org/licenses/by/4.0,https://en.wikipedia.org/wiki/File:Muntiacus_gongshanensis.png,download_failed
111637,Murdannia simplex,细竹篙草,,,,,,,no_image
7521,Muricella grandis,紫小尖柳珊瑚,,,,,,,no_image
78386,Murina liboensis,荔波管鼻蝠,,,,,,,no_image
3782,Mursia custispina,短剌筐形蟹,,,,,,,no_image
111678,Musa nagensium,勒加卜蕉,,https://upload.wikimedia.org/wikipedia/commons/a/a0/Musa_nagensium.jpg?utm_source=en.wikipedia.org&utm_campaign=api&utm_content=thumbnail_unscaled,Prashanthns,CC BY-SA 3.0,https://creativecommons.org/licenses/by-sa/3.0,https://en.wikipedia.org/wiki/File:Musa_nagensium.jpg,download_failed
50765,Musca confiscata,带纹家蝇,,,,,,,no_image
50785,Musca tibetana,西藏家蝇,,,,,,,no_image
5349,Musculus cupreus,云石肌蛤,,,,,,,no_image
111713,Mussaenda frondosa,洋玉叶金花,images/00/11/00111713.webp,https://thumb.wikimedia.org/wikipedia/commons/thumb/2/28/Mussaenda_frondosa.jpg/960px-Mussaenda_frondosa.jpg?utm_source=en.wikipedia.org&utm_campaign=api&utm_content=thumbnail,Vinayaraj,CC BY-SA 3.0,https://creativecommons.org/licenses/by-sa/3.0,https://en.wikipedia.org/wiki/File:Mussaenda_frondosa.jpg,ok
111735,Mussaenda treutleri,贡山玉叶金花,,,,,,,no_image
149835,Mutatoderma mutatum,,,,,,,,no_image
4695,Mycale plumose,羽毛山海绵,,,,,,,no_image
147359,Mycena aetites,,images/00/14/00147359.webp,https://thumb.wikimedia.org/wikipedia/commons/thumb/f/f4/Mycena_aetites.png/960px-Mycena_aetites.png?utm_source=en.wikipedia.org&utm_campaign=api&utm_content=thumbnail,"Arne Aronsen, Naturhistorisk museum, Universitetet i Oslo",CC BY-SA 3.0,https://creativecommons.org/licenses/by-sa/3.0,https://en.wikipedia.org/wiki/File:Mycena_aetites.png,ok
147379,Mycena cineraria,灰小菇,,,,,,,no_image
147399,Mycena epipterygia,黄柄小菇,images/00/14/00147399.webp,https://thumb.wikimedia.org/wikipedia/commons/thumb/1/1e/Dehnbare_Helmling_Mycena_epipterygia.jpg/960px-Dehnbare_Helmling_Mycena_epipterygia.jpg?utm_source=en.wikipedia.org&utm_campaign=api&utm_content=thumbnail,Holger Krisp,CC BY 3.0,https://creativecommons.org/licenses/by/3.0,https://en.wikipedia.org/wiki/File:Dehnbare_Helmling_Mycena_epipterygia.jpg,ok
147419,Mycena lamprospora,,,,,,,,no_image
147439,Mycena nucleata,具核小菇,,,,,,,no_image
147459,Mycena pterigena,,,,,,,,no_image
147479,Mycena subaquosa,浅白小菇,,,,,,,no_image
145490,Mycenastrum corium,拴皮马勃,images/00/14/00145490.webp,https://thumb.wikimedia.org/wikipedia/commons/thumb/e/e0/Mycenastrum_corium_164174.jpg/960px-Mycenastrum_corium_164174.jpg?utm_source=en.wikipedia.org&utm_campaign=api&utm_content=thumbnail,Iv Merlu (Merlu),CC BY-SA 3.0,https://creativecommons.org/licenses/by-sa/3.0,https://en.wikipedia.org/wiki/File:Mycenastrum_corium_164174.jpg,ok
111752,Mycetia longifolia,长叶腺萼木,,,,,,,no_image
50848,Mycetophila curvicaudata,弯尾菌蚊,,,,,,,no_image
50868,Mycetophila philomycesa,喜菇菌蚊,,,,,,,no_image
50888,Mycetoporus pachyraphis,,,,,,,,no_image
50901,Mycodrosophila koreana,朝鲜菇果蝇,,,,,,,no_image
143215,Mycoleptodonoides vassiljevae,娃氏类小齿菌,,,,,,,no_image
50929,Mycomya lateriramata,侧枝真菌蚊,,,,,,,no_image
50949,Mycomya terana,奇真菌蚊,,,,,,,no_image
132724,Mycosphaerella caryophyllata,,,,,,,,no_image
132744,Mycosphaerella pueraricola,,,,,,,,no_image
50966,Mycterothrips glycines,豆喙蓟马,,,,,,,no_image
50978,Mydaea franzosternita,缨板圆蝇,,,,,,,no_image
136094,Myelochroa aurulenta,金色黄髓叶,,,,,,,no_image
78439,Myiomela leucura,白尾蓝地鸲,images/00/07/00078439.webp,https://thumb.wikimedia.org/wikipedia/commons/thumb/7/7f/Myiomela_leucura_-_Mae_Wong.jpg/960px-Myiomela_leucura_-_Mae_Wong.jpg?utm_source=en.wikipedia.org&utm_campaign=api&utm_content=thumbnail,JJ Harrison (https://www.jjharrison.com.au/),CC BY-SA 3.0,https://creativecommons.org/licenses/by-sa/3.0,https://en.wikipedia.org/wiki/File:Myiomela_leucura_-_Mae_Wong.jpg,ok
51011,Myllaena erlangensis,,,,,,,,no_image
51031,Myllaena reelsi,,,,,,,,no_image
51048,Myolepta sinica,中华瘦黑蚜蝇,,,,,,,no_image
51063,Myorhina baoxingensis,宝兴锉麻蝇,,,,,,,no_image
51074,Myospila apicaliciliola,端毛妙蝇,,,,,,,no_image
51094,Myospila flavihumera,黄肩妙蝇,,,,,,,no_image
51114,Myospila meditabunda,欧妙蝇,,https://upload.wikimedia.org/wikipedia/commons/5/5e/Myospila.meditabunda.-.lindsey.jpg?utm_source=en.wikipedia.org&utm_campaign=api&utm_content=thumbnail_unscaled,James K. Lindsey,CC BY-SA 3.0,https://creativecommons.org/licenses/by-sa/3.0,https://en.wikipedia.org/wiki/File:Myospila.meditabunda.-.lindsey.jpg,download_failed
51134,Myospila tenax,束带妙蝇,,,,,,,no_image
78467,Myotis frater,长尾鼠耳蝠,,https://upload.wikimedia.org/wikipedia/commons/b/bd/Myotis_frater_2001_stamp_of_Uzbekistan.jpg?utm_source=en.wikipedia.org&utm_campaign=api&utm_content=thumbnail_unscaled,Unknown authorUnknown author,Public domain,,https://en.wikipedia.org/wiki/File:Myotis_frater_2001_stamp_of_Uzbekistan.jpg,download_failed
2610,Myra fugax,遁行长臂蟹,,https://thumb.wikimedia.org/wikipedia/commons/thumb/8/8a/Leucosiidae_-_Myra_fugax.jpg/960px-Leucosiidae_-_Myra_fugax.jpg?utm_source=en.wikipedia.org&utm_campaign=api&utm_content=thumbnail,,,,https://en.wikipedia.org/wiki/File:Leucosiidae_-_Myra_fugax.jpg,license_rejected
111784,Myricaria wardii,小花水柏枝,,,,,,,no_image
111798,Myriophyllum spicatum,穗状狐尾藻,,https://upload.wikimedia.org/wikipedia/commons/b/b8/Cleaned-Illustration_Myriophyllum_spicatum.jpg?utm_source=en.wikipedia.org&utm_campaign=api&utm_content=thumbnail_unscaled,,CC BY-SA 3.0,http://creativecommons.org/licenses/by-sa/3.0/,https://en.wikipedia.org/wiki/File:Cleaned-Illustration_Myriophyllum_spicatum.jpg,download_failed
78495,Myripristis violacea,紫红锯鳞鱼,images/00/07/00078495.webp,https://thumb.wikimedia.org/wikipedia/commons/thumb/e/ed/Pez_soldado_%28Myripristis_violacea%29%2C_Zanz%C3%ADbar%2C_Tanzania%2C_2024-05-29%2C_DD_41.jpg/960px-Pez_soldado_%28Myripristis_violacea%29%2C_Zanz%C3%ADbar%2C_Tanzania%2C_2024-05-29%2C_DD_41.jpg?utm_source=en.wikipedia.org&utm_campaign=api&utm_content=thumbnail,Diego Delso,CC BY-SA 4.0,https://creativecommons.org/licenses/by-sa/4.0,"https://en.wikipedia.org/wiki/File:Pez_soldado_(Myripristis_violacea),_Zanzíbar,_Tanzania,_2024-05-29,_DD_41.jpg",ok
13128,Myrmarachne kiboschensis,褶腹蚁蛛,,,,,,,no_image
51146,Myrmecocephalus brevisulcus,,,,,,,,no_image
51168,Myrmecocephalus xishanensis,,,,,,,,no_image
51188,Myrmeleon nekkacus,内卡蚁蛉,,,,,,,no_image
143220,Myrothecium inundatum,,,,,,,,no_image
3075,Mysidopsis indica,印度拟糠虾,,,,,,,no_image
78501,Mystacoleucus marginatus,长臀鲃,,,,,,,no_image
111830,Myuroclada maximowiczii,鼠尾藓,,,,,,,no_image
78505,Myzornis pyrrhoura,火尾绿鹛,,https://upload.wikimedia.org/wikipedia/commons/9/97/Fire-tailed_Myzornis_Old_Silk_Route%2C_Sikkim%2C_India_17_April_2015.jpg?utm_source=en.wikipedia.org&utm_campaign=api&utm_content=thumbnail_unscaled,Dibyendu Ash,CC BY-SA 3.0,https://creativecommons.org/licenses/by-sa/3.0,"https://en.wikipedia.org/wiki/File:Fire-tailed_Myzornis_Old_Silk_Route,_Sikkim,_India_17_April_2015.jpg",download_failed
51235,Nabis himalayensis,喜马拉雅姬蝽,,,,,,,no_image
51259,Nacaeus robusticollis,,,,,,,,no_image
137774,Naemacyclus minor,,,,,,,,no_image
78507,Naemorhedus caudatus,长尾斑羚,,https://upload.wikimedia.org/wikipedia/commons/4/4c/Nemorhaedus_caudatus.jpg?utm_source=en.wikipedia.org&utm_campaign=api&utm_content=thumbnail_unscaled,,,,https://en.wikipedia.org/wiki/Naemorhedus_caudatus,license_rejected
111848,Najas marina,大茨藻,images/00/11/00111848.webp,https://thumb.wikimedia.org/wikipedia/commons/thumb/7/79/Najas_marina_060628_Korea.jpg/960px-Najas_marina_060628_Korea.jpg?utm_source=en.wikipedia.org&utm_campaign=api&utm_content=thumbnail,Ruppia2000,CC BY-SA 3.0,https://creativecommons.org/licenses/by-sa/3.0,https://en.wikipedia.org/wiki/File:Najas_marina_060628_Korea.jpg,ok
51293,Nanaguna breviuscula,侏皮夜蛾,images/00/05/00051293.webp,https://thumb.wikimedia.org/wikipedia/commons/thumb/3/31/Nanaguna_breviuscula.jpg/960px-Nanaguna_breviuscula.jpg?utm_source=en.wikipedia.org&utm_campaign=api&utm_content=thumbnail,Donald Hobern,CC BY 2.0,https://creativecommons.org/licenses/by/2.0,https://en.wikipedia.org/wiki/File:Nanaguna_breviuscula.jpg,ok
9233,Nanhermannia comitalis,伴毛矮汉甲螨,,,,,,,no_image
51310,Nannophyopsis clara,膨腹斑小蜻,,,,,,,no_image
51325,Nanohammus sinicus,,,,,,,,no_image
3214,Nanosesarma batavicum,印尼豆相手蟹,,,,,,,no_image
51343,Napialus hunanensis,湖南棒蝠蛾,,,,,,,no_image
78534,Narcine lingula,舌形双鳍电鳐,,,,,,,no_image
51357,Narosa edoensis,白眉刺蛾,,,,,,,no_image
78541,Naso brevirostris,短吻鼻鱼,images/00/07/00078541.webp,https://thumb.wikimedia.org/wikipedia/commons/thumb/f/fd/Pez_unicornio_de_nariz_corta_%28Naso_brevirostris%29%2C_mar_Rojo%2C_Egipto%2C_2023-04-15%2C_DD_61.jpg/960px-Pez_unicornio_de_nariz_corta_%28Naso_brevirostris%29%2C_mar_Rojo%2C_Egipto%2C_2023-04-15%2C_DD_61.jpg?utm_source=en.wikipedia.org&utm_campaign=api&utm_content=thumbnail,Diego Delso,CC BY-SA 4.0,https://creativecommons.org/licenses/by-sa/4.0,"https://en.wikipedia.org/wiki/File:Pez_unicornio_de_nariz_corta_(Naso_brevirostris),_mar_Rojo,_Egipto,_2023-04-15,_DD_61.jpg",ok
17434,Nassa serta,鹧鸪蓝螺,images/00/01/00017434.webp,https://thumb.wikimedia.org/wikipedia/commons/thumb/2/22/Nassa_serta_01.jpg/960px-Nassa_serta_01.jpg?utm_source=en.wikipedia.org&utm_campaign=api&utm_content=thumbnail,H. Zell,CC BY-SA 3.0,https://creativecommons.org/licenses/by-sa/3.0,https://en.wikipedia.org/wiki/File:Nassa_serta_01.jpg,ok
8676,Nassarius dorsatus,光织纹螺,images/00/00/00008676.webp,https://thumb.wikimedia.org/wikipedia/commons/thumb/b/b8/Nassarius_dorsatus_01.JPG/960px-Nassarius_dorsatus_01.JPG?utm_source=en.wikipedia.org&utm_campaign=api&utm_content=thumbnail,H. Zell,CC BY-SA 3.0,https://creativecommons.org/licenses/by-sa/3.0,https://en.wikipedia.org/wiki/File:Nassarius_dorsatus_01.JPG,ok
8624,Nassarius limnaeformis,沼泽织纹螺,,,,,,,no_image
8671,Nassarius sinarus,半褶织纹螺,,,,,,,no_image
51382,Nasutitermes falciformis,鹰鼻象白蚁,,,,,,,no_image
51402,Nasutitermes sinensis,中华象白蚁,,,,,,,no_image
5657,Natica buriasiensis,异纹玉螺,,,,,,,no_image
5653,Naticarius manceli,疏玉螺,,,,,,,no_image
146680,Naucoria sideroides,,,,,,,,no_image
51424,Nazeris aestivalis,,,,,,,,no_image
51444,Nazeris brunneus,,,,,,,,no_image
51464,Nazeris custoditus,,,,,,,,no_image
51484,Nazeris fujianensis,,,,,,,,no_image
51504,Nazeris jizushanensis,,,,,,,,no_image
51524,Nazeris monticola,,,,,,,,no_image
51544,Nazeris qini,,,,,,,,no_image
51564,Nazeris spiculatus,,,,,,,,no_image
51586,Nazeris yanyingae,,,,,,,,no_image
51606,Neallogaster choui,周氏角臀大蜓,,,,,,,no_image
4010,Neanthes glandicincta,腺带刺沙蚕,,,,,,,no_image
78562,Nebrius ferrugineus,长尾光鳞鲨,,https://thumb.wikimedia.org/wikipedia/commons/thumb/f/f1/Ginglymostoma_cirratum_Maldives.JPG/960px-Ginglymostoma_cirratum_Maldives.JPG?utm_source=en.wikipedia.org&utm_campaign=api&utm_content=thumbnail,,,,https://en.wikipedia.org/wiki/Nebrius_ferrugineus,license_rejected
111927,Neckera yunnanensis,云南平藓,,,,,,,no_image
78569,Nectogale sikkimensis,锡金蹼足鼩,,,,,,,no_image
142118,Nectria rishbethii,,,,,,,,no_image
51642,Necydalis marginipennis,,,,,,,,no_image
15977,Nedyopus latus,,,,,,,,no_image
17076,Neidhartia pseudorasbora,麦穗鱼涅哈吸虫,,,,,,,no_image
2528,Neilonella dubia,半纹小尼罗蛤,,,,,,,no_image
2673,Nemanema cylindraticaudatum,柱状尾线形线虫,,,,,,,no_image
147806,Nematoctonus concurrens,,,,,,,,no_image
1743,Nematopaguroides reconditus,隐形似线寄居蟹,,,,,,,no_image
1557,Nemertopsis tetraclitophila,笠藤壶线纽虫,,,,,,,no_image
78589,Nemipterus peronii,裴氏金线鱼,,https://upload.wikimedia.org/wikipedia/commons/f/f6/Nemipterus_peronii_Philippines.png?utm_source=en.wikipedia.org&utm_campaign=api&utm_content=thumbnail_unscaled,Landro M. Guiamel,CC BY-SA 3.0,https://creativecommons.org/licenses/by-sa/3.0,https://en.wikipedia.org/wiki/File:Nemipterus_peronii_Philippines.png,download_failed
51697,Nemoraea metallica,金亮毛瓣寄蝇,,,,,,,no_image
51712,Nemotelus gobiensis,戈壁线角水虻,,,,,,,no_image
51732,Nemoura formosana,台湾叉(虫责),,,,,,,no_image
51752,Nemoura perforata,多孔叉(虫责),,,,,,,no_image
12025,Neoantistea quelpartensis,济州新安蛛,,,,,,,no_image
51781,Neobisnius chengkouensis,,,,,,,,no_image
17129,Neobucephalopsis pseudobagri,黄颡新似牛首吸虫,,,,,,,no_image
1939,Neocaridina brevidactyla,短指新米虾,,,,,,,no_image
10430,Neocecidophyes reticulatus,,,,,,,,no_image
51811,Neochauliodes fuscus,褐翅斑鱼蛉,,,,,,,no_image
51831,Neochauliodes wuminganus,武鸣斑鱼蛉,,,,,,,no_image
10040,Neocosella aquilariae,,,,,,,,no_image
17139,Neodollfustrema hefeiensis,合肥新道弗吸虫,,,,,,,no_image
5902,Neodorippe callida,熟练新关公蟹,,,,,,,no_image
51867,Neodrymonia moorei,莫新林舟蛾,,,,,,,no_image
51889,Neoempheria bimaculata,双点新菌蚊,,,,,,,no_image
51909,Neoempheria triloba,三叶新菌蚊,,,,,,,no_image
131838,Neofusicoccum arbuti,,,,,,,,no_image
51919,Neohemisphaerius wugangensis,武冈新球瓢蜡蝉,,,,,,,no_image
51944,Neohydatothrips medius,棕色新绢蓟马,,,,,,,no_image
51961,Neoitamus fertilis,胖弯顶毛食虫虻,,,,,,,no_image
10204,Neoleipothrix minutae,,,,,,,,no_image
9083,Neoliodes kornhuberi,,,,,,,,no_image
112020,Neolitsea daibuensis,大武山新木姜子,,,,,,,no_image
112042,Neolitsea pingbienensis,屏边新木姜子,,,,,,,no_image
51985,Neolosus sparsipennis,,,,,,,,no_image
52004,Neolygus juglandis,胡桃新丽盲蝽,,,,,,,no_image
52024,Neolygus xizangensis,西藏新丽盲蝽,,,,,,,no_image
52031,Neomochtherus flavicornis,黄角平胛食虫虻,,,,,,,no_image
52051,Neomyia nitelivirida,亮绿翠蝇,,,,,,,no_image
112065,Neonauclea sessilifolia,无柄新乌檀,,,,,,,no_image
78639,Neonoemacheilus mengdingensis,孟定新条鳅,,,,,,,no_image
52089,Neope yama,丝链荫眼蝶,images/00/05/00052089.webp,https://thumb.wikimedia.org/wikipedia/commons/thumb/3/3f/Bhutanese_Dusky_Labyrinth_EaglenestWLS_Arunachal.jpg/960px-Bhutanese_Dusky_Labyrinth_EaglenestWLS_Arunachal.jpg?utm_source=en.wikipedia.org&utm_campaign=api&utm_content=thumbnail,Uajith,CC BY-SA 3.0,https://creativecommons.org/licenses/by-sa/3.0,https://en.wikipedia.org/wiki/File:Bhutanese_Dusky_Labyrinth_EaglenestWLS_Arunachal.jpg,ok
52107,Neoperla chui,朱氏新(虫责),,,,,,,no_image
52127,Neoperla henana,河南新(虫责),,,,,,,no_image
52147,Neoperla microtumida,小瘤新(虫责),,,,,,,no_image
52167,Neoperla tingwushanensis,定武山新(虫责),,,,,,,no_image
9443,Neophanolophus liui,,,,,,,,no_image
112075,Neopicrorhiza scrophulariiflora,胡黄连,,,,,,,no_image
52214,Neopsylla anoma,无规新蚤,,,,,,,no_image
52239,Neopsylla sellaris,鞍新蚤,,,,,,,no_image
52265,Neorhodesiella guangxiensis,广西新锥秆蝇,,,,,,,no_image
3199,Neosarmatium rotundifrons,圆额新胀蟹,,,,,,,no_image
52291,Neosclerus praeacutus,,,,,,,,no_image
11042,Neoscona pavida,畏新园蛛,,,,,,,no_image
78654,Neoscopelus microchir,小鳍新灯鱼,images/00/07/00078654.webp,https://thumb.wikimedia.org/wikipedia/commons/thumb/2/20/Large-scaled_lanternfish_%28Neoscopelus_macrolepidotus%29.jpg/960px-Large-scaled_lanternfish_%28Neoscopelus_macrolepidotus%29.jpg?utm_source=en.wikipedia.org&utm_campaign=api&utm_content=thumbnail,"NOAA's Fisheries Collection ,SEFSC Pascagoula Laboratory; Collection of Brandi Noble, NOAA/NMFS/SEFSC  / NOAA Photo Library",Public domain,,https://en.wikipedia.org/wiki/File:Large-scaled_lanternfish_(Neoscopelus_macrolepidotus).jpg,ok
18762,Neosminthurus amabilis,,,,,,,,no_image
52318,Neosybra rotundipennis,,,,,,,,no_image
52337,Neotermes undulatus,波颚新白蚁,,,,,,,no_image
52353,Neothosea trigramma,三纹新扁刺蛾,,,,,,,no_image
52362,Neotrichoporoides cavigena,凹颊四环长角啮小蜂,,,,,,,no_image
112102,Neottia hohuanshanensis,合欢山对叶兰,,,,,,,no_image
112122,Neottia oblata,圆唇对叶兰,,,,,,,no_image
140598,Neottiella rutilans,红鸟巢盘菌,images/00/14/00140598.webp,https://thumb.wikimedia.org/wikipedia/commons/thumb/7/70/Neottiella_rutilans_Jymm.jpg/960px-Neottiella_rutilans_Jymm.jpg?utm_source=en.wikipedia.org&utm_campaign=api&utm_content=thumbnail,Jymm,CC BY-SA 4.0,https://creativecommons.org/licenses/by-sa/4.0,https://en.wikipedia.org/wiki/File:Neottiella_rutilans_Jymm.jpg,ok
152889,Neovossia pulcherrima,,,,,,,,no_image
52378,Neozephyrus taiwanus,台湾翠灰蝶,,,,,,,no_image
52381,Nepalinus parcipennis,,,,,,,,no_image
52384,Nepalomyia beijingensis,北京跗距长足虻,,,,,,,no_image
52404,Nepalomyia hiantula,开跗距长足虻,,,,,,,no_image
52424,Nepalomyia tianlinensis,田林跗距长足虻,,,,,,,no_image
52444,Nepalota crocea,,,,,,,,no_image
52464,Nepalota smetanai,,,,,,,,no_image
112151,Nepeta henanensis,河南荆芥,,,,,,,no_image
112172,Nepeta sungpanensis,松潘荆芥,,,,,,,no_image
52473,Nephodonta dubiosa,游雾舟蛾,,,,,,,no_image
137231,Nephroma subparile,光腹肾盘衣,,,,,,,no_image
52480,Nephrotoma atrolatera,暗边短柄大蚊,,,,,,,no_image
52503,Nephrotoma drakanae,黄缘短柄大蚊,,,,,,,no_image
52524,Nephrotoma liankangensis,连康山短柄大蚊,,,,,,,no_image
52544,Nephrotoma pullata,微暗短柄大蚊,,,,,,,no_image
52567,Nephrotoma villosa,长毛短柄大蚊,,,,,,,no_image
5775,Nephtys tulearensis,屠地卷吻沙蚕,,,,,,,no_image
52610,Neptis hesione,莲花环蛱蝶,,,,,,,no_image
52671,Neptis rivularis,单环蛱蝶,images/00/05/00052671.webp,https://thumb.wikimedia.org/wikipedia/commons/thumb/6/68/%28MHNT%29_Neptis_rivularis_-_Horyniec-Zdr%C3%B3j_%28gmina%29_-_Pologne_-_male_dorsal.jpg/960px-%28MHNT%29_Neptis_rivularis_-_Horyniec-Zdr%C3%B3j_%28gmina%29_-_Pologne_-_male_dorsal.jpg?utm_source=en.wikipedia.org&utm_campaign=api&utm_content=thumbnail,Didier Descouens,CC BY-SA 4.0,https://creativecommons.org/licenses/by-sa/4.0,https://en.wikipedia.org/wiki/File:(MHNT)_Neptis_rivularis_-_Horyniec-Zdrój_(gmina)_-_Pologne_-_male_dorsal.jpg,ok
4002,Nereis donghaiensis,东海沙蚕,,,,,,,no_image
3954,Nereis zonata,环带沙蚕,,,,,,,no_image
14424,Neriene gyirongana,吉隆盖蛛,,,,,,,no_image
8462,Nerocila donghaiensis,东海尖甲水虱,,,,,,,no_image
112213,Nervilia taitoensis,台东芋兰,,,,,,,no_image
14521,Nesticella caeca,盲小类球蛛,,,,,,,no_image
14499,Nesticella qiongensis,琼小类球蛛,,,,,,,no_image
52725,Netria livoris,丽梭舟蛾,,,,,,,no_image
52741,Neuraphes xilingensis,,,,,,,,no_image
52761,Neurigona pectinata,栉比脉长足虻,,,,,,,no_image
52781,Neurolyga semicircula,半圆脉瘿蚊,,,,,,,no_image
52801,Neuronema sinense,中华脉线蛉,,,,,,,no_image
52813,Neuterthron hamuliferum,钩突淡脊飞虱,,,,,,,no_image
78673,Nezumia loricata,锉鳞奈氏鳕,,,,,,,no_image
112234,Nicotiana tabacum,烟草,,https://thumb.wikimedia.org/wikipedia/commons/thumb/2/29/Tabak_P9290021.JPG/960px-Tabak_P9290021.JPG?utm_source=en.wikipedia.org&utm_campaign=api&utm_content=thumbnail,,,,https://en.wikipedia.org/wiki/Nicotiana_tabacum,license_rejected
78696,Nidirana xiangica,湘琴蛙,,,,,,,no_image
13227,Nigorella hirticeps,毛首尼格蛛,,,,,,,no_image
4379,Nihonia australis,南方尼奥螺,,https://upload.wikimedia.org/wikipedia/commons/2/29/Nihonia_australis_001.jpg?utm_source=en.wikipedia.org&utm_campaign=api&utm_content=thumbnail_unscaled,Naturalis Biodiversity Center,CC0,http://creativecommons.org/publicdomain/zero/1.0/deed.en,https://en.wikipedia.org/wiki/File:Nihonia_australis_001.jpg,download_failed
1683,Nihonotrypaea japonica,日本和美虾,,,,,,,no_image
52870,Nilobezzia atoporna,异状尼蠓,,,,,,,no_image
52890,Nilothauma pandum,弯尼罗摇蚊,,,,,,,no_image
52899,Nipaecoccus nipae,鳞粉蚧,,,,,,,no_image
52917,Niphona lutea,,,,,,,,no_image
52934,Niposoma schenklingi,申氏近方阎甲,,,,,,,no_image
52945,Nipponeurorthus multilineatus,美脉汉泽蛉,,,,,,,no_image
4556,Nipponomysella obesa,宽拟斧蛤,,,,,,,no_image
78719,Nisaetus cirrhatus,凤头鹰雕,images/00/07/00078719.webp,https://thumb.wikimedia.org/wikipedia/commons/thumb/d/d2/Crested_hawk-eagle_%28Nisaetus_cirrhatus%29.jpg/960px-Crested_hawk-eagle_%28Nisaetus_cirrhatus%29.jpg?utm_source=en.wikipedia.org&utm_campaign=api&utm_content=thumbnail,Charles J. Sharp,CC BY-SA 4.0,https://creativecommons.org/licenses/by-sa/4.0,https://en.wikipedia.org/wiki/File:Crested_hawk-eagle_(Nisaetus_cirrhatus).jpg,ok
52976,Nitobeia formosana,台湾尼实蝇,,,,,,,no_image
78731,Niviventer eha,灰腹鼠,images/00/07/00078731.webp,https://thumb.wikimedia.org/wikipedia/commons/thumb/9/91/Range_Niviventer_eha.png/960px-Range_Niviventer_eha.png?utm_source=en.wikipedia.org&utm_campaign=api&utm_content=thumbnail,PhnomPencil,CC BY-SA 4.0,https://creativecommons.org/licenses/by-sa/4.0,https://en.wikipedia.org/wiki/File:Range_Niviventer_eha.png,ok
5891,Nobilum histrio,三叶诺关公蟹,,,,,,,no_image
52992,Nodina hongshana,赣球肖叶甲,,,,,,,no_image
53009,Noeeta sinica,黑头鬃实蝇,,,,,,,no_image
78746,Nomascus concolor,西黑冠长臂猿,,https://upload.wikimedia.org/wikipedia/commons/8/86/Nomascus_concolor.jpg?utm_source=en.wikipedia.org&utm_campaign=api&utm_content=thumbnail_unscaled,James Eaton,CC0,http://creativecommons.org/publicdomain/zero/1.0/deed.en,https://en.wikipedia.org/wiki/File:Nomascus_concolor.jpg,download_failed
53037,Nondenticentrus flavipes,黄胫无齿角蝉,,,,,,,no_image
53053,Norbanus aiolomorphi,壮体宽胸金小蜂,,,,,,,no_image
53074,Nordstroemia vira,星线钩蛾,,,,,,,no_image
53091,Noserius simplex,,,,,,,,no_image
3047,Notacanthomysis laticauda,宽尾瘤刺糠虾,,,,,,,no_image
53134,Nothochrysa sinica,中华幻草蛉,,,,,,,no_image
10019,Nothopoda mytibariae,,,,,,,,no_image
53153,Nothoserphus thyridium,窗疤前沟细蜂,,,,,,,no_image
53165,Notiobiella unipuncta,单点绿褐蛉,,,,,,,no_image
53176,Notiphila similis,相似刺角水蝇,,,,,,,no_image
53199,Notoglyptus scutellaris,凹金小蜂,,,,,,,no_image
53202,Notomulciber quadrisignatus,,,,,,,,no_image
53212,Notosacantha nigrodorsata,乌背瘤龟甲,,,,,,,no_image
1164,Notospermus geniculatus,环纹背睾纽虫,,,,,,,no_image
78762,Novaculoides macrolepidotus,大鳞似美鳍鱼,images/00/07/00078762.webp,https://thumb.wikimedia.org/wikipedia/commons/thumb/0/0c/Seagrass_Wrasse%2C_Novaculoides_macrolepidotus%2C_Emily_Bay%2C_Kingston_2899%2C_Norfolk_Island_imported_from_iNaturalist_photo_120523955.jpg/960px-Seagrass_Wrasse%2C_Novaculoides_macrolepidotus%2C_Emily_Bay%2C_Kingston_2899%2C_Norfolk_Island_imported_from_iNaturalist_photo_120523955.jpg?utm_source=en.wikipedia.org&utm_campaign=api&utm_content=thumbnail,"(c) Susan Prior, some rights reserved (CC BY)",CC BY 4.0,https://creativecommons.org/licenses/by/4.0,"https://en.wikipedia.org/wiki/File:Seagrass_Wrasse,_Novaculoides_macrolepidotus,_Emily_Bay,_Kingston_2899,_Norfolk_Island_imported_from_iNaturalist_photo_120523955.jpg",ok
2617,Nucia speciosa,美丽核果蟹,,,,,,,no_image
4594,Nuculana forticostata,四肋吻状蛤,,,,,,,no_image
15603,Nudochernes troglobius,洞穴裸伪蝎,,,,,,,no_image
53254,Nupserha atriceps,,,,,,,,no_image
53279,Nupserha szetschuanica,,,,,,,,no_image
53289,Nurudea ibofushi,圆角倍蚜,,,,,,,no_image
78783,Nyctalus aviator,大山蝠,images/00/07/00078783.webp,https://thumb.wikimedia.org/wikipedia/commons/thumb/b/be/Nyctalus_aviator_distribution_map.png/960px-Nyctalus_aviator_distribution_map.png?utm_source=en.wikipedia.org&utm_campaign=api&utm_content=thumbnail,"East_Asia_topographic_map.png: Ksiom
derivative work: NordNordWest",CC BY-SA 3.0,https://creativecommons.org/licenses/by-sa/3.0,https://en.wikipedia.org/wiki/File:Nyctalus_aviator_distribution_map.png,ok
53321,Nycteridopsylla dicondylata,双髁夜蝠蚤,,,,,,,no_image
78793,Nyctyornis athertoni,蓝须夜蜂虎,images/00/07/00078793.webp,https://thumb.wikimedia.org/wikipedia/commons/thumb/d/da/Nyctyornis_athertoni_-_Khao_Yai.jpg/960px-Nyctyornis_athertoni_-_Khao_Yai.jpg?utm_source=en.wikipedia.org&utm_campaign=api&utm_content=thumbnail,JJ Harrison (https://www.jjharrison.com.au/),CC BY-SA 3.0,https://creativecommons.org/licenses/by-sa/3.0,https://en.wikipedia.org/wiki/File:Nyctyornis_athertoni_-_Khao_Yai.jpg,ok
112322,Nymphanthus hainanensis,海南叶下珠,,,,,,,no_image
53348,Nysina rubriventris,,,,,,,,no_image
112873,OPUNTIA monacantha,单刺仙人掌,,,,,,,no_image
53370,Oberea clara,,,,,,,,no_image
53390,Oberea herzi,,,,,,,,no_image
53410,Oberea posticata,,,,,,,,no_image
53430,Oberea toi,,,,,,,,no_image
112346,Oberonia arisanensis,阿里山鸢尾兰,,,,,,,no_image
112367,Oberonia linguae,圆唇鸢尾兰,,,,,,,no_image
3555,Oblimopa japonica,日本格拟锉蛤,,,,,,,no_image
53470,Obrium yamasakoi,,,,,,,,no_image
78799,Occidozyga shiwandashanensis,十万大山浮蛙,,,,,,,no_image
17369,Ocenebra lumaria,雕刻刍秣螺,,,,,,,no_image
78810,Ochotona flatcalvariam,扁颅鼠兔,,,,,,,no_image
138746,Ochroglossum longisporum,,,,,,,,no_image
137416,Ochrolechia pallescens,苍白肉疣衣,,,,,,,no_image
53500,Ochropleura draesekei,黑剑狼夜蛾,,,,,,,no_image
53520,Ochropleura perturbans,摄狼夜蛾,,,,,,,no_image
53534,Ochthephilum cuneatum,,,,,,,,no_image
53554,Ochthephilus nepalensis,,,,,,,,no_image
112392,Ochyraea montana,山地冰溪藓,,,,,,,no_image
13085,Ocrisiona frenata,弗勒脊跳蛛,,,,,,,no_image
4894,Octolasmis orthogonia,直板茗荷,,,,,,,no_image
15252,Octonoba sybotides,类矛涡蛛,,,,,,,no_image
140609,Octospora crechqueraultii,,,,,,,,no_image
53585,Oculolabrus chinensis,,,,,,,,no_image
3122,Ocypode cordimana,平掌沙蟹,images/00/00/00003122.webp,https://thumb.wikimedia.org/wikipedia/commons/thumb/2/2a/BBayCrab.jpg/960px-BBayCrab.jpg?utm_source=en.wikipedia.org&utm_campaign=api&utm_content=thumbnail,AYArktos,Public domain,,https://en.wikipedia.org/wiki/File:BBayCrab.jpg,ok
53619,Ocypus dryas,,,,,,,,no_image
53640,Ocypus miwai,,,,,,,,no_image
53662,Ocypus sarpedon,,,,,,,,no_image
53680,Odites continua,续木祝蛾,,,,,,,no_image
53693,Odontestra roseomarginata,红缘矢夜蛾,,,,,,,no_image
112413,Odontochilus elwesii,西南齿唇兰,,,,,,,no_image
53700,Odontoedon chinensis,中华齿猿叶甲,,,,,,,no_image
53720,Odontomyia bimaculata,双斑短角水虻,,,,,,,no_image
53737,Odontoptilum angulatum,角翅弄蝶,images/00/05/00053737.webp,https://thumb.wikimedia.org/wikipedia/commons/thumb/5/5f/Open_wing_basking_position_of_Odontoptilum_angulata_%28C._Felder%2C_1862%29_-_Chestnut_Angle.jpg/960px-Open_wing_basking_position_of_Odontoptilum_angulata_%28C._Felder%2C_1862%29_-_Chestnut_Angle.jpg?utm_source=en.wikipedia.org&utm_campaign=api&utm_content=thumbnail,ManaskaMukhopadhyay,CC BY-SA 4.0,https://creativecommons.org/licenses/by-sa/4.0,"https://en.wikipedia.org/wiki/File:Open_wing_basking_position_of_Odontoptilum_angulata_(C._Felder,_1862)_-_Chestnut_Angle.jpg",ok
112428,Odontostemma amdoense,安多无心菜,,,,,,,no_image
112452,Odontostemma littledalei,古临无心菜,,,,,,,no_image
112478,Odontostemma polyspermum,多子齿缀草,,,,,,,no_image
112505,Odontostemma zhongdianense,中甸无心菜,,,,,,,no_image
53764,Odontotermes hainanensis,海南土白蚁,,,,,,,no_image
53784,Odontoxenus taiwanus,,,,,,,,no_image
78862,Odorrana hejiangensis,合江臭蛙,,,,,,,no_image
78882,Odorrana tiannanensis,滇南臭蛙,,,,,,,no_image
53793,Oedalea nanlingensis,南岭长角舞虻,,,,,,,no_image
53814,Oederemia nanata,小雍夜蛾,,,,,,,no_image
53826,Oedipoda miniata,红斑翅蝗,images/00/05/00053826.webp,https://thumb.wikimedia.org/wikipedia/commons/thumb/0/01/Oedipoda_miniata_%28Red-winged_Grasshopper%29%2C_Skala_Kalloni%2C_Lesbos%2C_Greece.jpg/960px-Oedipoda_miniata_%28Red-winged_Grasshopper%29%2C_Skala_Kalloni%2C_Lesbos%2C_Greece.jpg?utm_source=en.wikipedia.org&utm_campaign=api&utm_content=thumbnail,Bj.schoenmakers,CC0,http://creativecommons.org/publicdomain/zero/1.0/deed.en,"https://en.wikipedia.org/wiki/File:Oedipoda_miniata_(Red-winged_Grasshopper),_Skala_Kalloni,_Lesbos,_Greece.jpg",ok
112516,Oenanthe linearis,线叶水芹,,,,,,,no_image
112532,Oenothera stricta,待宵草,images/00/11/00112532.webp,https://thumb.wikimedia.org/wikipedia/commons/thumb/a/ab/Oenothera_stricta_%28d.j.b.%29_02.jpg/960px-Oenothera_stricta_%28d.j.b.%29_02.jpg?utm_source=en.wikipedia.org&utm_campaign=api&utm_content=thumbnail,Dominicus Johannes Bergsma,CC BY-SA 4.0,https://creativecommons.org/licenses/by-sa/4.0,https://en.wikipedia.org/wiki/File:Oenothera_stricta_(d.j.b.)_02.jpg,ok
53849,Ogcodes obusensis,日本澳小头虻,,,,,,,no_image
53857,Oidanothrips taiwanus,台湾脊背管蓟马,,,,,,,no_image
53859,Oikacrotona taiwaptera,,,,,,,,no_image
53860,Oknosacris gyirongensis,吉隆悖蝗,,,,,,,no_image
112567,Oleandra cumingii,华南蓧蕨,,,,,,,no_image
53881,Olenecamptus siamensis,,images/00/05/00053881.webp,https://thumb.wikimedia.org/wikipedia/commons/thumb/d/d2/Olenecamptus_siamensis_%28Breuning%2C1936%29_22_mm_%2816222020529%29.jpg/960px-Olenecamptus_siamensis_%28Breuning%2C1936%29_22_mm_%2816222020529%29.jpg?utm_source=en.wikipedia.org&utm_campaign=api&utm_content=thumbnail,Len Worthington,CC BY-SA 2.0,https://creativecommons.org/licenses/by-sa/2.0,"https://en.wikipedia.org/wiki/File:Olenecamptus_siamensis_(Breuning,1936)_22_mm_(16222020529).jpg",ok
53901,Olethreutes tephrea,冷杉新小卷蛾,,,,,,,no_image
53905,Oligia mediofasciata,中纹禾夜蛾,,,,,,,no_image
78913,Oligodon lungshenensis,龙胜小头蛇,,,,,,,no_image
53923,Oligoneurus flavifacialis,黄脸寡脉茧蜂,,,,,,,no_image
9608,Oligonychus meifengensis,,,,,,,,no_image
53927,Oligosita aequilonga,等腹寡索赤眼蜂,,,,,,,no_image
53947,Oligosita sparsiciliata,稀毛寡索赤眼蜂,,,,,,,no_image
112600,Oligotrichum aligerum,高栉小赤藓,,,,,,,no_image
53953,Olophrum laxum,,,,,,,,no_image
15542,Olpium jacobsoni,佳氏奥伪蝎,,,,,,,no_image
53968,Ommatidiotus acutus,尖刺透翅杯瓢蜡蝉,,,,,,,no_image
53988,Ommatius suffusus,纺锤羽芒食虫虻,,,,,,,no_image
53995,Omocestus haemorrhoidalis,红腹牧草蝗,images/00/05/00053995.webp,https://thumb.wikimedia.org/wikipedia/commons/thumb/e/ea/Mombach_fg34.jpg/960px-Mombach_fg34.jpg?utm_source=en.wikipedia.org&utm_campaign=api&utm_content=thumbnail,Fritz Geller-Grimm,CC BY-SA 3.0,https://creativecommons.org/licenses/by-sa/3.0,https://en.wikipedia.org/wiki/File:Mombach_fg34.jpg,ok
54015,Omphale stelteri,斯特宽唇姬小蜂,,,,,,,no_image
148575,Omphalina fulvopallens,,,,,,,,no_image
112610,Omphalogramma brachysiphon,钟状独花报春,,,,,,,no_image
6318,Oncholaimus dujardini,杜氏瘤线虫,,,,,,,no_image
112625,Oncophorus gracilentus,细曲背藓,,,,,,,no_image
78933,Oneirodes carlsbergi,卡氏梦鮟鱇,,,,,,,no_image
54046,Onesia megaloba,大叶蚓蝇,,,,,,,no_image
150335,Onnia cumingii,,,,,,,,no_image
112634,Ononis antiquorum,伊犁芒柄花,,,,,,,no_image
112657,Onosma irritans,过敏滇紫草,,,,,,,no_image
54066,Ontholestes asiaticus,,,,,,,,no_image
54086,Onthophilus ordinarius,原脊阎甲,,,,,,,no_image
112681,Onychium cryptogrammoides,黑足金粉蕨,,,,,,,no_image
78949,Onychostoma alticorpus,高体白甲鱼,images/00/07/00078949.webp,https://thumb.wikimedia.org/wikipedia/commons/thumb/a/a4/Sinwulyu_Gordon_03.jpg/960px-Sinwulyu_Gordon_03.jpg?utm_source=en.wikipedia.org&utm_campaign=api&utm_content=thumbnail,S9425027,CC BY-SA 4.0,https://creativecommons.org/licenses/by-sa/4.0,https://en.wikipedia.org/wiki/File:Sinwulyu_Gordon_03.jpg,ok
54106,Onychothemis tonkinensis,海湾爪蜻,,,,,,,no_image
54118,Ooencyrtus flavipes,,,,,,,,no_image
140910,Oogaster rufus,,,,,,,,no_image
17712,Opeas gracile,细钻螺,,,,,,,no_image
54156,Opesia grandis,巨形欧佩寄蝇,,,,,,,no_image
4448,Ophiarachna ohshimai,大岛蜘蛇尾,,,,,,,no_image
78985,Ophichthus tchangi,张氏蛇鳗,,,,,,,no_image
143758,Ophioceras dolichostomum,,,,,,,,no_image
4451,Ophioconis grandisquama,大鳞锥粒蛇尾,,,,,,,no_image
112693,Ophioderma pendulum,带状瓶尔小草,images/00/11/00112693.webp,https://thumb.wikimedia.org/wikipedia/commons/thumb/7/72/Starr_040713-0097_Ophioderma_pendulum_subsp._falcatum.jpg/960px-Starr_040713-0097_Ophioderma_pendulum_subsp._falcatum.jpg?utm_source=en.wikipedia.org&utm_campaign=api&utm_content=thumbnail,Forest &amp; Kim Starr,CC BY 3.0,https://creativecommons.org/licenses/by/3.0,https://en.wikipedia.org/wiki/File:Starr_040713-0097_Ophioderma_pendulum_subsp._falcatum.jpg,ok
54159,Ophiogomphus obscurus,暗色蛇纹春蜓,,,,,,,no_image
1614,Ophiomoeris projecta,突出古湖蛇尾,,,,,,,no_image
54174,Ophiomyia pulicaria,蒲公英蛇潜蝇,,,,,,,no_image
6741,Ophiopallas paradoxa,奇星蛇尾,,,,,,,no_image
112710,Ophiopogon clarkei,长丝沿阶草,,,,,,,no_image
112730,Ophiopogon megalanthus,大花沿阶草,,,,,,,no_image
112750,Ophiopogon tiandengensis,天等沿阶草,,,,,,,no_image
112766,Ophiorrhiza cana,灰叶蛇根草,,,,,,,no_image
112788,Ophiorrhiza hayatana,瘤果蛇根草,,,,,,,no_image
112808,Ophiorrhiza medogensis,长萼蛇根草,,,,,,,no_image
112828,Ophiorrhiza repandicalyx,大叶蛇根草,,,,,,,no_image
144176,Ophiostoma distortum,,,,,,,,no_image
470,Ophiothrix viridialbavon,绿条刺蛇尾,,,,,,,no_image
112847,Ophiuros exaltatus,蛇尾草,,,,,,,no_image
54210,Ophthalmothrips tenebronus,暗角眼管蓟马,,,,,,,no_image
16936,Opisthioglyphe dinodontis,链蛇后穴吸虫,,,,,,,no_image
79001,Opisthotropis haihaensis,海河后棱蛇,images/00/07/00079001.webp,https://thumb.wikimedia.org/wikipedia/commons/thumb/a/a0/Opisthotropis_haihaensis_%2810.3897-zookeys.913.48622%29_Figure_3.jpg/960px-Opisthotropis_haihaensis_%2810.3897-zookeys.913.48622%29_Figure_3.jpg?utm_source=en.wikipedia.org&utm_campaign=api&utm_content=thumbnail,"Wang J, Lyu Z-T, Zeng Z-C, Lin C-Y, Yang J-H, Nguyen TQ, Le MD, Ziegler T, Wang Y-Y (2020) Re-examination of the Chinese record of Opisthotropis maculosa (Squamata, Natricidae), resulting in the first national record of O. haihaensis and description of a new species. ZooKeys 913: 141-159. https://doi.org/10.3897/zookeys.913.48622",CC BY 4.0,https://creativecommons.org/licenses/by/4.0,https://en.wikipedia.org/wiki/File:Opisthotropis_haihaensis_(10.3897-zookeys.913.48622)_Figure_3.jpg,ok
54230,Oplatocera mitonoi,,,,,,,,no_image
15356,Opopaea auriforma,耳状巨膝蛛,,,,,,,no_image
9171,Oppia flagellifera,鞭毛奥甲螨,,,,,,,no_image
17377,Orania livida,铅色奥兰螺,,,,,,,no_image
139540,Orbilia acicularis,针孢圆盘菌,,,,,,,no_image
139560,Orbilia falciformis,,,,,,,,no_image
139580,Orbilia tenuissima,细圆盘菌,,,,,,,no_image
15350,Orchestina truncatula,截形奥蛛,,,,,,,no_image
54249,Oreasiobia chinensis,中华山球螋,,,,,,,no_image
112903,Oreocharis benthamii,大叶石上莲,,,,,,,no_image
112927,Oreocharis curvituba,弯管马铃苣苔,,,,,,,no_image
112949,Oreocharis gamosepala,黄花直瓣苣苔,,,,,,,no_image
112973,Oreocharis lungshengensis,龙胜金盏苣苔,,,,,,,no_image
112999,Oreocharis parviflora,小花马铃苣苔,,,,,,,no_image
113023,Oreocharis scutifolia,盾叶马铃苣苔,,,,,,,no_image
113043,Oreocharis vulpina,狐毛直瓣苣苔,,,,,,,no_image
113069,Oreocnide pedunculata,长梗紫麻,images/00/11/00113069.webp,https://thumb.wikimedia.org/wikipedia/commons/thumb/8/8c/Oreocnide_pedunculata%E9%95%B7%E6%A2%97%E7%B4%AB%E9%BA%BB_001.jpg/960px-Oreocnide_pedunculata%E9%95%B7%E6%A2%97%E7%B4%AB%E9%BA%BB_001.jpg?utm_source=en.wikipedia.org&utm_campaign=api&utm_content=thumbnail,"Shih-Shiuan Kao from Taipei, Taiwan",CC BY-SA 2.0,https://creativecommons.org/licenses/by-sa/2.0,https://en.wikipedia.org/wiki/File:Oreocnide_pedunculata長梗紫麻_001.jpg,ok
113081,Oreogrammitis adspersa,无毛滨禾蕨,,,,,,,no_image
79049,Oreolalax puxiongensis,普雄齿蟾,,,,,,,no_image
54268,Oreomela kaznakovi,窄翅高山叶甲,,,,,,,no_image
54288,Oreomela scutellaris,盾胸高山叶甲,,,,,,,no_image
113092,Oreopteris elwesii,锡金假鳞毛蕨,,,,,,,no_image
113109,Oreosalsola abrotanoides,蒿叶猪毛菜,,,,,,,no_image
54302,Orestes shirakii,得一奥䗛,images/00/05/00054302.webp,https://thumb.wikimedia.org/wikipedia/commons/thumb/f/f5/Orestes_shirakii-female.jpg/960px-Orestes_shirakii-female.jpg?utm_source=en.wikipedia.org&utm_campaign=api&utm_content=thumbnail,Drägü,CC BY-SA 4.0,https://creativecommons.org/licenses/by-sa/4.0,https://en.wikipedia.org/wiki/File:Orestes_shirakii-female.jpg,ok
54325,Oreta unichroma,一色山钩蛾,,https://thumb.wikimedia.org/wikipedia/commons/thumb/4/4d/Oreta_vatama.jpg/960px-Oreta_vatama.jpg?utm_source=en.wikipedia.org&utm_campaign=api&utm_content=thumbnail,,,,https://en.wikipedia.org/wiki/Oreta_unichroma,license_rejected
54346,Orgilus nigromaculatus,黑斑怒茧蜂,,,,,,,no_image
54358,Oriencyrtus beybienkoi,贝氏东方跳小蜂,,,,,,,no_image
54372,Orientispa semifurva,半黑东螳蛉,,,,,,,no_image
3034,Orientomysis meridionalis,南方东刺糠虾,,,,,,,no_image
54397,Orimarga omeina,峨眉缘大蚊,,,,,,,no_image
9191,Oripoda pinicola,松山足甲螨,,,,,,,no_image
54419,Ormosia angustaurata,狭黄索大蚊,,,,,,,no_image
54432,Ormosia fugitiva,敏索大蚊,,,,,,,no_image
113157,Ormosia olivacea,榄绿红豆,,,,,,,no_image
113175,Ormosia yunnanensis,云南红豆,,,,,,,no_image
54458,Ornithospila lineata,点绿萍尺蛾,,,,,,,no_image
15600,Orochernes ganziensis,甘孜墨伪蝎,,,,,,,no_image
136119,Oropogon americanus,,,,,,,,no_image
136139,Oropogon loxensis,,,,,,,,no_image
113216,Orostachys fimbriata,瓦松,,,,,,,no_image
54490,Orphnebius fugangensis,,,,,,,,no_image
4247,Orrmaesia ancilla,女仆欧曼螺,,,,,,,no_image
54522,Ortalotrypeta tibeta,西藏川实蝇,,,,,,,no_image
113224,Orthoamblystegium spuriosubtile,拟柳叶藓,,,,,,,no_image
54552,Orthocladius glabripennis,光铗直突摇蚊,,,,,,,no_image
113226,Orthodontopsis lignicola,具边拟直齿藓,,,,,,,no_image
113233,Orthomnion yunnanense,云南立灯藓,,,,,,,no_image
54597,Orthopodomyia lanyuensis,兰屿直脚蚊,,,,,,,no_image
54613,Orthosia nigromaculata,黑斑梦尼夜蛾,,,,,,,no_image
113249,Orthotrichum crispifolium,皱叶木灵藓,,,,,,,no_image
113270,Orthotrichum taiwanense,台湾木灵藓,,,,,,,no_image
54635,Orthotylus parvulus,小合垫盲蝽,,,,,,,no_image
54652,Oruza divisa,粉条巧夜蛾,images/00/05/00054652.webp,https://thumb.wikimedia.org/wikipedia/commons/thumb/9/9a/Moth1Mudigere.jpg/960px-Moth1Mudigere.jpg?utm_source=en.wikipedia.org&utm_campaign=api&utm_content=thumbnail,L. Shyamal,CC BY-SA 3.0,https://creativecommons.org/licenses/by-sa/3.0,https://en.wikipedia.org/wiki/File:Moth1Mudigere.jpg,ok
113288,Oryza officinalis,药用稻,,,,,,,no_image
113306,Osmanthus attenuatus,狭叶木犀,,,,,,,no_image
113328,Osmanthus venosus,毛木犀,,,,,,,no_image
54681,Osmia mongolica,蒙古壁蜂,,,,,,,no_image
113331,Osmolindsaea odorata,香鳞始蕨,,,,,,,no_image
54713,Osorius aspericeps,,,,,,,,no_image
54733,Osorius taurus,,,,,,,,no_image
113346,Ostericum atropurpureum,紫花山芹,,,,,,,no_image
79104,Ostorhinchus compressus,裂带鹦天竺鲷,images/00/07/00079104.webp,https://thumb.wikimedia.org/wikipedia/commons/thumb/5/57/Ostorhinchus_compressus_01343.jpg/960px-Ostorhinchus_compressus_01343.jpg?utm_source=en.wikipedia.org&utm_campaign=api&utm_content=thumbnail,Ditch Townsend,CC BY-SA 4.0,https://creativecommons.org/licenses/by-sa/4.0,https://en.wikipedia.org/wiki/File:Ostorhinchus_compressus_01343.jpg,ok
79124,Ostracion cubicus,粒突箱鲀,images/00/07/00079124.webp,https://thumb.wikimedia.org/wikipedia/commons/thumb/c/cc/Ostracion_cubicum_400115646.jpg/960px-Ostracion_cubicum_400115646.jpg?utm_source=en.wikipedia.org&utm_campaign=api&utm_content=thumbnail,portioid,CC BY-SA 4.0,https://creativecommons.org/licenses/by-sa/4.0,https://en.wikipedia.org/wiki/File:Ostracion_cubicum_400115646.jpg,ok
54750,Oswaldia glauca,银奥斯寄蝇,,,,,,,no_image
11843,Otacilia clavata,棒奥塔蛛,,,,,,,no_image
11890,Otacilia komurai,加村奥塔蛛,,,,,,,no_image
11885,Otacilia palmata,掌奥塔蛛,,,,,,,no_image
11879,Otacilia taiwanica,台湾奥塔蛛,,,,,,,no_image
54759,Othius badius,,,,,,,,no_image
54784,Othius mirus,,,,,,,,no_image
54804,Othius taiwanus,,,,,,,,no_image
139927,Otidea lactea,乳白侧盘菌,,,,,,,no_image
79130,Otis tarda,大鸨,,https://upload.wikimedia.org/wikipedia/commons/9/90/Drop_f%C3%BAzat%C3%BD_%28Otis_tarda%29_%282416576086%29.jpg?utm_source=en.wikipedia.org&utm_campaign=api&utm_content=thumbnail_unscaled,Andrej Chudý from Slovakia,CC BY-SA 2.0,https://creativecommons.org/licenses/by-sa/2.0,https://en.wikipedia.org/wiki/File:Drop_fúzatý_(Otis_tarda)_(2416576086).jpg,download_failed
113396,Ottelia guanyangensis,灌阳水车前,,,,,,,no_image
147730,Oudemansiella furfuracea,,,https://thumb.wikimedia.org/wikipedia/commons/thumb/8/86/Beech_rooter_%28Oudemansiella_furfuracea%29.jpg/960px-Beech_rooter_%28Oudemansiella_furfuracea%29.jpg?utm_source=en.wikipedia.org&utm_campaign=api&utm_content=thumbnail,,,,https://en.wikipedia.org/wiki/Oudemansiella_furfuracea,license_rejected
7341,Oulastrea crispata,皱齿星珊瑚,,,,,,,no_image
79160,Ovophis tonkinensis,越南烙铁头蛇,images/00/07/00079160.webp,https://thumb.wikimedia.org/wikipedia/commons/thumb/b/b2/Indo-malayan_Mountain_Pitviper_%28Ovophis_monticola_convictus%29_%2818085351724%29.jpg/960px-Indo-malayan_Mountain_Pitviper_%28Ovophis_monticola_convictus%29_%2818085351724%29.jpg?utm_source=en.wikipedia.org&utm_campaign=api&utm_content=thumbnail,Bernard DUPONT from FRANCE,CC BY-SA 2.0,https://creativecommons.org/licenses/by-sa/2.0,https://en.wikipedia.org/wiki/File:Indo-malayan_Mountain_Pitviper_(Ovophis_monticola_convictus)_(18085351724).jpg,ok
113415,Oxalis leucolepis,白鳞酢浆草,,,,,,,no_image
54829,Oxya japonica,日本稻蝗,images/00/05/00054829.webp,https://thumb.wikimedia.org/wikipedia/commons/thumb/f/f5/Japanese_rice_grasshopper_%28Oxya_japonica%29.jpg/960px-Japanese_rice_grasshopper_%28Oxya_japonica%29.jpg?utm_source=en.wikipedia.org&utm_campaign=api&utm_content=thumbnail,Charles J. Sharp,CC BY-SA 4.0,https://creativecommons.org/licenses/by-sa/4.0,https://en.wikipedia.org/wiki/File:Japanese_rice_grasshopper_(Oxya_japonica).jpg,ok
54850,Oxyartes guangdongensis,广东刺异䗛,,,,,,,no_image
54865,Oxycera excellens,好盾刺水虻,,,,,,,no_image
79165,Oxycheilinus arenatus,斑点尖唇鱼,,,,,,,no_image
144658,Oxydothis licualae,,,,,,,,no_image
54886,Oxyina sinobidentata,二齿籼蝗,,,,,,,no_image
4549,Oxynaspis reducens,原刺茗荷,,,,,,,no_image
11376,Oxyopes hupingensis,壶瓶猫蛛,,,,,,,no_image
11333,Oxyopes takobius,塔口猫蛛,,,,,,,no_image
54914,Oxypoda bissica,,,,,,,,no_image
54934,Oxypoda gaoligongensis,,,,,,,,no_image
54954,Oxypoda lisuconnexa,,,,,,,,no_image
54974,Oxypoda peinantamontis,,,,,,,,no_image
54994,Oxypoda sinolaminifera,,,,,,,,no_image
55014,Oxypoda uncinata,,,,,,,,no_image
55033,Oxyporus basiventris,,,,,,,,no_image
55048,Oxyporus japonicus,,,,,,,,no_image
55061,Oxyporus puerius,,,,,,,,no_image
55078,Oxypsila facivittata,纹面尖茎蝇,,,,,,,no_image
2681,Oxystomina elongata,伸长尖口线虫,,,,,,,no_image
14596,Oxytate palmata,掌形绿蟹蛛,,,,,,,no_image
55111,Oxytelus piceus,,,,,,,,no_image
113456,Oxytropis auriculata,耳瓣棘豆,,,,,,,no_image
113479,Oxytropis chorgossica,霍城棘豆,,,,,,,no_image
113505,Oxytropis gerzeensis,改则棘豆,,,,,,,no_image
113525,Oxytropis krylovii,克氏棘豆,,,,,,,no_image
113549,Oxytropis maqinensis,玛沁棘豆,,,,,,,no_image
113571,Oxytropis pauciflora,少花棘豆,,,,,,,no_image
113591,Oxytropis qinghaiensis,青海棘豆,,,,,,,no_image
113613,Oxytropis sitaipaiensis,西太白棘豆,,,,,,,no_image
113635,Oxytropis wutaiensis,五台山棘豆,,,,,,,no_image
113646,Oyama wilsonii,西康天女花,,,,,,,no_image
14578,Ozyptila scabricula,糙羽蛛,,,,,,,no_image
6517,Pachychalina fragilis,脆骨厚指海绵,,,,,,,no_image
14943,Pachygnatha clercki,克氏粗螯蛛,images/00/01/00014943.webp,https://thumb.wikimedia.org/wikipedia/commons/thumb/8/86/Pachygnatha_clercki_%2818754491359%29.jpg/960px-Pachygnatha_clercki_%2818754491359%29.jpg?utm_source=en.wikipedia.org&utm_campaign=api&utm_content=thumbnail,AJC1 from UK,CC BY-SA 2.0,https://creativecommons.org/licenses/by-sa/2.0,https://en.wikipedia.org/wiki/File:Pachygnatha_clercki_(18754491359).jpg,ok
6178,Pachylasma chinense,中华厚板藤壶,,,,,,,no_image
55171,Pachyneuron aciliatum,裸缘楔缘金小蜂,,,,,,,no_image
55190,Pachyosa guanyin,,,,,,,,no_image
55209,Pachypasoides roesleri,柳杉云枯叶蛾,,,,,,,no_image
113659,Pachysandra axillaris,板凳果,images/00/11/00113659.webp,https://thumb.wikimedia.org/wikipedia/commons/thumb/9/99/Pachysandra_axillaris_kz07.jpg/960px-Pachysandra_axillaris_kz07.jpg?utm_source=en.wikipedia.org&utm_campaign=api&utm_content=thumbnail,"Krzysztof Ziarnek, Kenraiz",CC BY-SA 4.0,https://creativecommons.org/licenses/by-sa/4.0,https://en.wikipedia.org/wiki/File:Pachysandra_axillaris_kz07.jpg,ok
55232,Pachyta lamed,松厚花天牛,,https://upload.wikimedia.org/wikipedia/commons/b/bb/Pachyta_lamed.png?utm_source=en.wikipedia.org&utm_campaign=api&utm_content=thumbnail_unscaled,Edmund Reitter,Public domain,,https://en.wikipedia.org/wiki/File:Pachyta_lamed.png,download_failed
79205,Pachytriton wuguanfui,贺州肥螈/吴氏肥螈,,,,,,,no_image
113666,Padbruggea filipes,猪腰豆,,,,,,,no_image
134432,Paecilomyces fulvus,,,,,,,,no_image
134452,Paecilomyces tenuis,,,,,,,,no_image
55249,Paederomimus chinensis,,,,,,,,no_image
55269,Paederus chinensis,,,,,,,,no_image
55291,Paederus jianyueae,,,,,,,,no_image
55311,Paederus sinisterobliquus,,,,,,,,no_image
113693,Paeonia jishanensis,矮牡丹,,,,,,,no_image
79208,Paguma larvata,花面狸,images/00/07/00079208.webp,https://thumb.wikimedia.org/wikipedia/commons/thumb/2/2a/Palm_civet_on_tree_%28detail%29.jpg/960px-Palm_civet_on_tree_%28detail%29.jpg?utm_source=en.wikipedia.org&utm_campaign=api&utm_content=thumbnail,"Denise Chan from Hong Kong, China",CC BY-SA 2.0,https://creativecommons.org/licenses/by-sa/2.0,https://en.wikipedia.org/wiki/File:Palm_civet_on_tree_(detail).jpg,ok
1734,Pagurodofleinia doederleini,道氏寄居蟹,images/00/00/00001734.webp,https://thumb.wikimedia.org/wikipedia/commons/thumb/2/2b/Pagurodofleinia_doederleini_%28Takeshima_aquarium%29.jpg/960px-Pagurodofleinia_doederleini_%28Takeshima_aquarium%29.jpg?utm_source=en.wikipedia.org&utm_campaign=api&utm_content=thumbnail,雪野滾滾,CC0,http://creativecommons.org/publicdomain/zero/1.0/deed.en,https://en.wikipedia.org/wiki/File:Pagurodofleinia_doederleini_(Takeshima_aquarium).jpg,ok
1737,Pagurus sagamiensis,相模寄居蟹,,,,,,,no_image
5086,Palaemon sewelli,白背长臂虾,,,,,,,no_image
55348,Palaeopsylla chiyingi,支英古蚤,,,,,,,no_image
55369,Palaeopsylla talpae,鼹古蚤,,,,,,,no_image
8183,Palaustrea ramosa,多枝帕劳珊瑚,,,,,,,no_image
55397,Palesisa maculosa,黑斑帕丽寄蝇,,,,,,,no_image
113720,Paliurus ramosissimus,马甲子,,,,,,,no_image
113726,Palmatiboea cortusifolia,温州掌脉苣苔,,,,,,,no_image
55417,Palpoctenidia phoenicosoma,紫红泯尺蛾,,,,,,,no_image
55438,Palpomyia longtana,龙潭须蠓,,,,,,,no_image
7255,Palythoa tuberculosa,疣沙群海葵,images/00/00/00007255.webp,https://thumb.wikimedia.org/wikipedia/commons/thumb/7/76/Sea_Mat_imported_from_iNaturalist_photo_257386635_on_3_March_2024.jpg/960px-Sea_Mat_imported_from_iNaturalist_photo_257386635_on_3_March_2024.jpg?utm_source=en.wikipedia.org&utm_campaign=api&utm_content=thumbnail,"(c) Susan Prior, some rights reserved (CC BY)",CC BY 4.0,https://creativecommons.org/licenses/by/4.0,https://en.wikipedia.org/wiki/File:Sea_Mat_imported_from_iNaturalist_photo_257386635_on_3_March_2024.jpg,ok
55466,Panacra mydon,,images/00/05/00055466.webp,https://thumb.wikimedia.org/wikipedia/commons/thumb/c/c1/Eupanacra_mydon_%2829129621536%29.jpg/960px-Eupanacra_mydon_%2829129621536%29.jpg?utm_source=en.wikipedia.org&utm_campaign=api&utm_content=thumbnail,"Pavel Kirillov from St.Petersburg, Russia",CC BY-SA 2.0,https://creativecommons.org/licenses/by-sa/2.0,https://en.wikipedia.org/wiki/File:Eupanacra_mydon_(29129621536).jpg,ok
12858,Pancorius goulufengensis,岣嵝峰盘蛛,,,,,,,no_image
55480,Pandelleana protuberans,肿额潘麻蝇,,,,,,,no_image
55500,Pandemis striata,条褐卷蛾,,,,,,,no_image
155495,Pandora neoaphidis,新蚜虫疠霉,,,,,,,no_image
147510,Panellus pusillus,小孔菌,images/00/14/00147510.webp,https://thumb.wikimedia.org/wikipedia/commons/thumb/4/4a/Panellus_pusillus_333133.jpg/960px-Panellus_pusillus_333133.jpg?utm_source=en.wikipedia.org&utm_campaign=api&utm_content=thumbnail,Ian Dodd (kk) (www.kundabungkid.com) Australia (kundabungkid),CC BY-SA 3.0,https://creativecommons.org/licenses/by-sa/3.0,https://en.wikipedia.org/wiki/File:Panellus_pusillus_333133.jpg,ok
55509,Pangrapta dentilineata,齿线眉夜蛾,,,,,,,no_image
113760,Panicum auritum,紧序黍,,,,,,,no_image
113780,Panicum trichoides,发枝稷,,,,,,,no_image
137266,Pannaria rubiginosa,锈红鳞叶衣,,,,,,,no_image
55539,Pantala flavescens,黄蜻,images/00/05/00055539.webp,https://thumb.wikimedia.org/wikipedia/commons/thumb/b/bd/Pantala_flavescens-Kadavoor-2017-05-04-002.jpg/960px-Pantala_flavescens-Kadavoor-2017-05-04-002.jpg?utm_source=en.wikipedia.org&utm_campaign=api&utm_content=thumbnail,"Jeevan Jose, Kerala, India",CC BY-SA 4.0,https://creativecommons.org/licenses/by-sa/4.0,https://en.wikipedia.org/wiki/File:Pantala_flavescens-Kadavoor-2017-05-04-002.jpg,ok
55556,Panthea coenobita,毛夜蛾,images/00/05/00055556.webp,https://thumb.wikimedia.org/wikipedia/commons/thumb/1/14/Unknown_sp.4234.JPG/960px-Unknown_sp.4234.JPG?utm_source=en.wikipedia.org&utm_campaign=api&utm_content=thumbnail,Algirdas,CC BY-SA 3.0,http://creativecommons.org/licenses/by-sa/3.0/,https://en.wikipedia.org/wiki/File:Unknown_sp.4234.JPG,ok
6462,Panulirus versicolor,杂色龙虾,images/00/00/00006462.webp,https://thumb.wikimedia.org/wikipedia/commons/thumb/e/e2/Panulirus_versicolor.jpg/960px-Panulirus_versicolor.jpg?utm_source=en.wikipedia.org&utm_campaign=api&utm_content=thumbnail,,CC BY-SA 2.5,https://creativecommons.org/licenses/by-sa/2.5,https://en.wikipedia.org/wiki/File:Panulirus_versicolor.jpg,ok
55581,Panzeria flavovillosa,黄毛阳寄蝇,,,,,,,no_image
55601,Panzeria suspecta,疑阳寄蝇,,,,,,,no_image
321,Paphia amabilis,和蔼巴非蛤,,,,,,,no_image
113818,Paphiopedilum dianthum,长瓣兜兰,images/00/11/00113818.webp,https://thumb.wikimedia.org/wikipedia/commons/thumb/1/1b/Paphiopedilum_dianthum_Orchi_10.jpg/960px-Paphiopedilum_dianthum_Orchi_10.jpg?utm_source=en.wikipedia.org&utm_campaign=api&utm_content=thumbnail,Orchi,CC BY-SA 3.0,http://creativecommons.org/licenses/by-sa/3.0/,https://en.wikipedia.org/wiki/File:Paphiopedilum_dianthum_Orchi_10.jpg,ok
113844,Paphiopedilum villosum,紫毛兜兰,images/00/11/00113844.webp,https://thumb.wikimedia.org/wikipedia/commons/thumb/0/01/Paphiopedilum_villosum.jpg/960px-Paphiopedilum_villosum.jpg?utm_source=en.wikipedia.org&utm_campaign=api&utm_content=thumbnail,L. Shyamal,CC BY-SA 3.0,https://creativecommons.org/licenses/by-sa/3.0,https://en.wikipedia.org/wiki/File:Paphiopedilum_villosum.jpg,ok
55648,Papilio memnon,美凤蝶,images/00/05/00055648.webp,https://thumb.wikimedia.org/wikipedia/commons/thumb/9/9f/Papilio-pjt1.jpg/960px-Papilio-pjt1.jpg?utm_source=en.wikipedia.org&utm_campaign=api&utm_content=thumbnail,pjt56 --- If you use the picture outside Wikipedia I would appreciate a short e-mail to pjt56@gmx.net,CC BY 3.0,https://creativecommons.org/licenses/by/3.0,https://en.wikipedia.org/wiki/File:Papilio-pjt1.jpg,ok
113855,Papilionanthe vandarum,万代凤蝶兰,images/00/11/00113855.webp,https://thumb.wikimedia.org/wikipedia/commons/thumb/3/3c/Papilionanthe_vandarum_-_cropped.jpg/960px-Papilionanthe_vandarum_-_cropped.jpg?utm_source=en.wikipedia.org&utm_campaign=api&utm_content=thumbnail,Dalton Holland Baptista,CC BY-SA 3.0,https://creativecommons.org/licenses/by-sa/3.0,https://en.wikipedia.org/wiki/File:Papilionanthe_vandarum_-_cropped.jpg,ok
143779,Papulaspora brachiata,,,,,,,,no_image
55682,Parabitecta flava,顶弯苔蛾,,,,,,,no_image
113874,Paraboea glanduliflora,腺花蛛毛苣苔,,,,,,,no_image
113894,Paraboea trisepala,三萼蛛毛苣苔,,,,,,,no_image
8342,Parabopyrella banardi,,,,,,,,no_image
17083,Parabucephalopsis macrorchis,巨睾近似牛首吸虫,,,,,,,no_image
79253,Paracanthurus hepatus,黄尾副刺尾鱼,images/00/07/00079253.webp,https://thumb.wikimedia.org/wikipedia/commons/thumb/1/13/Paletten-Doktorfisch_M%C3%BCnster.JPG/960px-Paletten-Doktorfisch_M%C3%BCnster.JPG?utm_source=en.wikipedia.org&utm_campaign=api&utm_content=thumbnail,DerHans04,CC BY-SA 3.0,https://creativecommons.org/licenses/by-sa/3.0,https://en.wikipedia.org/wiki/File:Paletten-Doktorfisch_Münster.JPG,ok
55714,Paraceras brevimanubrium,短柄副角蚤,,,,,,,no_image
55729,Parachaetocladius akanoctavus,北海道拟毛突摇蚊,,,,,,,no_image
79262,Paracirrhites forsteri,福氏副[鱼翁],images/00/07/00079262.webp,https://thumb.wikimedia.org/wikipedia/commons/thumb/b/b8/Pez_halc%C3%B3n_de_cabeza_moteada_%28Paracirrhites_forsteri%29%2C_parque_nacional_Ras_Muhammad%2C_Egipto%2C_2022-03-28%2C_DD_107.jpg/960px-Pez_halc%C3%B3n_de_cabeza_moteada_%28Paracirrhites_forsteri%29%2C_parque_nacional_Ras_Muhammad%2C_Egipto%2C_2022-03-28%2C_DD_107.jpg?utm_source=en.wikipedia.org&utm_campaign=api&utm_content=thumbnail,Diego Delso,CC BY-SA 4.0,https://creativecommons.org/licenses/by-sa/4.0,"https://en.wikipedia.org/wiki/File:Pez_halcón_de_cabeza_moteada_(Paracirrhites_forsteri),_parque_nacional_Ras_Muhammad,_Egipto,_2022-03-28,_DD_107.jpg",ok
55757,Paracladura gracilis,纤细跗毫蚊,,,,,,,no_image
55772,Paraclius interductus,标点弓脉长足虻,,,,,,,no_image
55792,Paraclius yongpinganus,永平弓脉长足虻,,,,,,,no_image
55812,Paracolax angulata,乐奴夜蛾,,,,,,,no_image
16222,Paracortina serrata,,,,,,,,no_image
254,Paractaea tumulosa,隆块拟银杏蟹,,,,,,,no_image
55845,Paradelia trigonalis,三角邻泉蝇,,,,,,,no_image
4756,Paradexamine latifolia,侧叶近长足钩虾,,,,,,,no_image
55873,Paradichosia vanemdeni,长簇变丽蝇,,,,,,,no_image
55884,Paradoxopsyllus alatau,阿拉套怪蚤,,,,,,,no_image
55906,Paradoxopsyllus phaeopis,昏暗怪蚤,,,,,,,no_image
55918,Paradystus infrarufus,,,,,,,,no_image
55931,Paragaurotes doris,,,,,,,,no_image
55944,Paraglenea soluta,,,,,,,,no_image
55962,Paragnetina pieli,皮氏纯(虫责),,,,,,,no_image
55975,Paragongylopus abramovi,,,,,,,,no_image
55990,Paragus clausseni,克劳氏小蚜蝇,,,,,,,no_image
56010,Paragus serratus,锯齿小蚜蝇,,,,,,,no_image
56019,Parahercostomus kaulbacki,考氏准寡长足虻,,,,,,,no_image
56040,Parahybos sinensis,中华准驼舞虻,,,,,,,no_image
56051,Parakiefferiella liupanensis,六盘拟开氏摇蚊,,,,,,,no_image
56063,Paralbara spicula,净赭钩蛾,,,,,,,no_image
79280,Paralepidocephalus guishanensis,圭山细头鳅,,,,,,,no_image
113923,Paraleucobryum schwarzii,疣肋拟白发藓,,,,,,,no_image
79286,Paralichthys olivaceus,牙鲆,images/00/07/00079286.webp,https://thumb.wikimedia.org/wikipedia/commons/thumb/8/8c/Paralichthys-olivaceus-Federal-Way-3583.jpg/960px-Paralichthys-olivaceus-Federal-Way-3583.jpg?utm_source=en.wikipedia.org&utm_campaign=api&utm_content=thumbnail,User:Vmenkov,CC BY-SA 3.0,http://creativecommons.org/licenses/by-sa/3.0/,https://en.wikipedia.org/wiki/File:Paralichthys-olivaceus-Federal-Way-3583.jpg,ok
56118,Parallelomma kabaki,卡巴克齐粪蝇,,,,,,,no_image
56131,Paraloconota montium,,,,,,,,no_image
56142,Paramaxates khasiana,克什副锯翅青尺蛾,,,,,,,no_image
79298,Paramegophrys dorsospina,水城掌突蟾,,,,,,,no_image
79318,Paramegophrys shangsiensis,上思掌突蟾,,,,,,,no_image
56151,Paramenesia kasugensis,,,,,,,,no_image
79343,Paramesotriton maolanensis,茂兰瘰螈,,,,,,,no_image
1165,Paramicrura borborophila,泥生拟小尾纽虫,,,,,,,no_image
3828,Paramonohystera riemanni,瑞氏拟单宫线虫,,,,,,,no_image
79354,Paramyxine wisneri,怀氏副盲鳗,,,,,,,no_image
1550,Paranemertes katoi,加藤拟纽虫,,,,,,,no_image
56205,Parantica melanea,黑绢斑蝶,,,,,,,no_image
56228,Parapachymorpha dentata,密齿副厚䗛,,,,,,,no_image
8339,Parapenaeon japonica,日本拟对虾鳃虱,,,,,,,no_image
79362,Parapercis cylindrica,圆拟鲈,images/00/07/00079362.webp,https://thumb.wikimedia.org/wikipedia/commons/thumb/3/31/Pinguipedidae_-_Parapercis_cylindrica.jpg/960px-Pinguipedidae_-_Parapercis_cylindrica.jpg?utm_source=en.wikipedia.org&utm_campaign=api&utm_content=thumbnail,Hectonichus,CC BY-SA 3.0,https://creativecommons.org/licenses/by-sa/3.0,https://en.wikipedia.org/wiki/File:Pinguipedidae_-_Parapercis_cylindrica.jpg,ok
79382,Parapercis shaoi,邵氏拟鲈,,,,,,,no_image
113933,Paraphlomis albida,白毛假糙苏,,,,,,,no_image
113961,Paraphlomis kwangtungensis,八角花,,,,,,,no_image
113986,Paraphlomis yingdeensis,英德假糙苏,,,,,,,no_image
56253,Parapleurodes chinensis,中华绿肋蝗,,,,,,,no_image
79396,Parapriacanthus ransonneti,红海副单鳍鱼,images/00/07/00079396.webp,https://thumb.wikimedia.org/wikipedia/commons/thumb/7/7e/Pigmy_sweeper_Parapriacanthus_ransonneti_%28Steindachner_1870%29.jpg/960px-Pigmy_sweeper_Parapriacanthus_ransonneti_%28Steindachner_1870%29.jpg?utm_source=en.wikipedia.org&utm_campaign=api&utm_content=thumbnail,Unknown authorUnknown author,CC BY-SA 2.5,https://creativecommons.org/licenses/by-sa/2.5,https://en.wikipedia.org/wiki/File:Pigmy_sweeper_Parapriacanthus_ransonneti_(Steindachner_1870).jpg,ok
79402,Parapterois heterura,异尾拟蓑鲉,,https://upload.wikimedia.org/wikipedia/commons/7/74/SetoMKhire.jpg?utm_source=en.wikipedia.org&utm_campaign=api&utm_content=thumbnail_unscaled,Izuzuki,CC BY 2.5,https://creativecommons.org/licenses/by/2.5,https://en.wikipedia.org/wiki/File:SetoMKhire.jpg,download_failed
56284,Pararhinoleucophenga minutobscura,小暗鼻果蝇,,,,,,,no_image
56294,Parasa canangae,宽边绿刺蛾,,,,,,,no_image
56314,Parasa minwangi,王敏绿刺蛾,,https://upload.wikimedia.org/wikipedia/commons/b/bf/Parasa_minwangi_male.jpg?utm_source=en.wikipedia.org&utm_campaign=api&utm_content=thumbnail_unscaled,"Wu S, Chang W",CC BY 3.0,https://creativecommons.org/licenses/by/3.0,https://en.wikipedia.org/wiki/File:Parasa_minwangi_male.jpg,download_failed
56334,Parasa xueshana,雪山绿刺蛾,,,,,,,no_image
56352,Parasarcophaga unguitigris,虎爪亚麻蝇,,,,,,,no_image
114010,Parasenecio ainsliaeiflorus,兔儿风蟹甲草,,,,,,,no_image
114034,Parasenecio jiulongensis,九龙蟹甲草,,,,,,,no_image
114056,Parasenecio profundorum,深山蟹甲草,,,,,,,no_image
56364,Parasetigena bicolor,异色毒蛾寄蝇,,,,,,,no_image
56377,Parasinophasma henanensis,,,,,,,,no_image
148020,Parasola plicatilis,,,https://upload.wikimedia.org/wikipedia/commons/6/66/Parasola_spec._-_Lindsey_2a.jpg?utm_source=en.wikipedia.org&utm_campaign=api&utm_content=thumbnail_unscaled,,,,https://en.wikipedia.org/wiki/Parasola_plicatilis,license_rejected
11533,Parasteatoda longiducta,长管拟肥腹蛛,,,,,,,no_image
56398,Parastrangalis andrei,,,,,,,,no_image
56418,Parastrangalis meridionalis,双条异花天牛,,,,,,,no_image
144266,Parasympodiella eucalypti,,,,,,,,no_image
56448,Paratanytarsus penicillatus,基座拟长跗摇蚊,,,,,,,no_image
143257,Paratetraploa exappendiculata,,,,,,,,no_image
114096,Parathelypteris nigrescens,黑叶金星蕨,,,,,,,no_image
56479,Paratolmerus primigenius,,,,,,,,no_image
56493,Paratrigonidium nitidum,单纹拟蛣蛉,,,,,,,no_image
15467,Paratus kentingensis,垦丁备蛛,,,,,,,no_image
56517,Paraxantia tibetensis,西藏似褶缘螽,,,,,,,no_image
16383,Pardosa anchoroides,锚形豹蛛,,,,,,,no_image
16515,Pardosa falcata,镰豹蛛,,,,,,,no_image
16502,Pardosa laciniata,条裂豹蛛,,,,,,,no_image
16583,Pardosa nanyuensis,南岳豹蛛,,,,,,,no_image
16484,Pardosa roeweri,偌氏豹蛛,,,,,,,no_image
16305,Pardosa taczanowskii,塔赞豹蛛,,,,,,,no_image
79438,Pareas andersonii,安氏钝头蛇,images/00/07/00079438.webp,https://thumb.wikimedia.org/wikipedia/commons/thumb/3/33/Pareas_andersonii_-_Shreeram_M_V_-_Murlem_Mizoram.jpg/960px-Pareas_andersonii_-_Shreeram_M_V_-_Murlem_Mizoram.jpg?utm_source=en.wikipedia.org&utm_campaign=api&utm_content=thumbnail,Mvshreeram,CC BY-SA 4.0,https://creativecommons.org/licenses/by-sa/4.0,https://en.wikipedia.org/wiki/File:Pareas_andersonii_-_Shreeram_M_V_-_Murlem_Mizoram.jpg,ok
79458,Pareas stanleyi,福建钝头蛇,,,,,,,no_image
114105,Parepigynum funingense,富宁藤,,,,,,,no_image
79472,Pareuchiloglanis myzostoma,兰坪&#x0000E065;,,,,,,,no_image
56556,Pareustroma aconisecta,秀叉突尺蛾,,,,,,,no_image
79480,Parexocoetus brachypterus,短鳍拟飞鱼,,https://upload.wikimedia.org/wikipedia/commons/7/72/Sailfin_flyingfish.jpg?utm_source=en.wikipedia.org&utm_campaign=api&utm_content=thumbnail_unscaled,David Starr Jordan and Barton Warren Evermann,Public domain,,https://en.wikipedia.org/wiki/File:Sailfin_flyingfish.jpg,download_failed
79482,Parioglossus dotui,尾斑舌塘鳢,,,,,,,no_image
114118,Paris fargesii,球药隔重楼,,,,,,,no_image
114154,Paris vietnamensis,南重楼,,,,,,,no_image
136161,Parmelia bitteriana,,,,,,,,no_image
136181,Parmelia glabra,茸梅衣,,,,,,,no_image
136201,Parmelia marmariza,蛇纹梅衣,,,,,,,no_image
136221,Parmelia ruderata,莠梅衣,,,,,,,no_image
136241,Parmelia subsulphurata,亚硫磺梅衣,,,,,,,no_image
137269,Parmeliella incisa,鳞甲衣,,,,,,,no_image
134764,Parmentaria obtecta,,,,,,,,no_image
136295,Parmotrema immiscens,黄髓大叶梅,,,,,,,no_image
136315,Parmotrema sancti-angelii,缘毛大叶梅,,,,,,,no_image
114164,Parnassia bifolia,双叶梅花草,,,,,,,no_image
114189,Parnassia guilinensis,桂林梅花草,,,,,,,no_image
114221,Parnassia perciliata,厚叶梅花草,,,,,,,no_image
114241,Parnassia yulongshanensis,玉龙山梅花草,,,,,,,no_image
56673,Parnassius jacquemontii,夏梦绢蝶,,https://upload.wikimedia.org/wikipedia/commons/2/2d/Parnassius_jacquemontii_ulster.jpg?utm_source=en.wikipedia.org&utm_campaign=api&utm_content=thumbnail_unscaled,Robert Nash,CC BY 2.5,https://creativecommons.org/licenses/by/2.5,https://en.wikipedia.org/wiki/File:Parnassius_jacquemontii_ulster.jpg,download_failed
15552,Parobisium qiangzhuang,强壮等伪蝎,,,,,,,no_image
56741,Paroeneis palaearcticus,古北拟酒眼蝶,,,,,,,no_image
56757,Paroriaethus multispinis,,,,,,,,no_image
114253,Parrya nudicaulis,裸茎条果芥,,,,,,,no_image
56776,Parthenocodrus kangdingensis,康定中沟细蜂,,,,,,,no_image
79499,Parupeneus pleurostigma,黑斑副绯鲤,images/00/07/00079499.webp,https://thumb.wikimedia.org/wikipedia/commons/thumb/4/41/M%C3%BAlido_%28Parupeneus_pleurostigma%29%2C_Zanz%C3%ADbar%2C_Tanzania%2C_2024-05-31%2C_DD_37.jpg/960px-M%C3%BAlido_%28Parupeneus_pleurostigma%29%2C_Zanz%C3%ADbar%2C_Tanzania%2C_2024-05-31%2C_DD_37.jpg?utm_source=en.wikipedia.org&utm_campaign=api&utm_content=thumbnail,Diego Delso,CC BY-SA 4.0,https://creativecommons.org/licenses/by-sa/4.0,"https://en.wikipedia.org/wiki/File:Múlido_(Parupeneus_pleurostigma),_Zanzíbar,_Tanzania,_2024-05-31,_DD_37.jpg",ok
905,Parvisquilla multituberculata,疣尾微虾蛄,,,,,,,no_image
114279,Paspalum dilatatum,毛花雀稗,images/00/11/00114279.webp,https://thumb.wikimedia.org/wikipedia/commons/thumb/2/28/%28MHNT%29_Paspalum_dilatatum_inflorescences.jpg/960px-%28MHNT%29_Paspalum_dilatatum_inflorescences.jpg?utm_source=en.wikipedia.org&utm_campaign=api&utm_content=thumbnail,Didier Descouens,CC BY-SA 4.0,https://creativecommons.org/licenses/by-sa/4.0,https://en.wikipedia.org/wiki/File:(MHNT)_Paspalum_dilatatum_inflorescences.jpg,ok
132764,Passalora corni,,,,,,,,no_image
132784,Passalora miurae,,,,,,,,no_image
56798,Passeromyia heterochaeta,异芒雀蝇,,,,,,,no_image
114315,Passiflora siamica,长叶西番莲,,,,,,,no_image
140638,Patella gilva,,,,,,,,no_image
56804,Pathysa agetes,斜纹绿凤蝶,images/00/05/00056804.webp,https://thumb.wikimedia.org/wikipedia/commons/thumb/7/7e/Fourbar_swordtail_%28Graphium_agetes_agetes%29_underside_Bach_Ma.jpg/960px-Fourbar_swordtail_%28Graphium_agetes_agetes%29_underside_Bach_Ma.jpg?utm_source=en.wikipedia.org&utm_campaign=api&utm_content=thumbnail,Charles J. Sharp,CC BY-SA 4.0,https://creativecommons.org/licenses/by-sa/4.0,https://en.wikipedia.org/wiki/File:Fourbar_swordtail_(Graphium_agetes_agetes)_underside_Bach_Ma.jpg,ok
114332,Patrinia trifoliata,三叶败酱,,,,,,,no_image
15747,Pauropus longiramus,长支少足,,,,,,,no_image
149486,Paxillus ammoniavirescens,,,,,,,,no_image
139857,Paxina macropus,长伞盘菌,,,,,,,no_image
114357,Pecteilis susannae,龙头兰,,https://upload.wikimedia.org/wikipedia/commons/1/14/Pecteilis_susannae_%286346377315%29_%28cropped%29.jpg?utm_source=en.wikipedia.org&utm_campaign=api&utm_content=thumbnail_unscaled,Len Worthington,CC BY-SA 2.0,https://creativecommons.org/licenses/by-sa/2.0,https://en.wikipedia.org/wiki/File:Pecteilis_susannae_(6346377315)_(cropped).jpg,download_failed
114366,Pedicularis alopecuros,狐尾马先蒿,,,,,,,no_image
114401,Pedicularis bicolor,二色马先蒿,,,,,,,no_image
114428,Pedicularis columigera,江达马先蒿,,,,,,,no_image
114459,Pedicularis cymbalaria,舟形马先蒿,,,,,,,no_image
114489,Pedicularis dolichocymba,长舟马先蒿,,,,,,,no_image
114514,Pedicularis flava,黄花马先蒿,,,,,,,no_image
114540,Pedicularis gracilituba,细管马先蒿,,,,,,,no_image
114567,Pedicularis integrifolia,全叶马先蒿,,,,,,,no_image
114597,Pedicularis latituba,粗管马先蒿,,,,,,,no_image
114623,Pedicularis ludwigii,小根马先蒿,,,,,,,no_image
114650,Pedicularis micrantha,小花马先蒿,,,,,,,no_image
114677,Pedicularis nyingchiensis,林芝马先蒿,,,,,,,no_image
114710,Pedicularis phaceliifolia,沙铃花叶马先蒿,,,,,,,no_image
114742,Pedicularis pseudoversicolor,假多色马先蒿,,,,,,,no_image
114779,Pedicularis rigidescens,那曲马先蒿,,,,,,,no_image
114809,Pedicularis sherriffii,昌都马先蒿,,,,,,,no_image
114839,Pedicularis subulatidens,针齿马先蒿,,,,,,,no_image
114862,Pedicularis thamnophila,灌丛马先蒿,,,,,,,no_image
114889,Pedicularis vagans,蔓生马先蒿,,,,,,,no_image
114914,Pedicularis zhongdianensis,中甸马先蒿,,,,,,,no_image
56849,Pediobius pupariae,白蛾柄腹姬小蜂,,,,,,,no_image
56868,Pedronia acanthodes,多刺榄粉蚧,,,,,,,no_image
56876,Pegomya aniseta,异鬃泉蝇,,,,,,,no_image
56896,Pegomya cunicularia,肖藜泉蝇,,,,,,,no_image
56916,Pegomya incrassata,厚重泉蝇,,,,,,,no_image
56936,Pegomya multidentis,多齿泉蝇,,,,,,,no_image
56956,Pegomya seitenstettensis,细眶泉蝇,,,,,,,no_image
56976,Pegomya yushuensis,玉树泉蝇,,,,,,,no_image
56994,Pelagodes antiquadraria,海绿尺蛾,,,,,,,no_image
57006,Pelastoneurus intactus,完美羽芒长足虻,,,,,,,no_image
114940,Pelekium versicolor,红毛鹤嘴藓,,,,,,,no_image
57027,Peleteria propinqua,钝突长须寄蝇,,,,,,,no_image
57045,Pelioptera guangyineensis,,,,,,,,no_image
114946,Peliosanthes kaoi,台东球子草,,,,,,,no_image
57063,Pella funesta,,,,,,,,no_image
12870,Pellenes nigrociliatus,黑线蝇犬蛛,images/00/01/00012870.webp,https://thumb.wikimedia.org/wikipedia/commons/thumb/1/11/Pellenes_nigrociliatus_fg02.jpg/960px-Pellenes_nigrociliatus_fg02.jpg?utm_source=en.wikipedia.org&utm_campaign=api&utm_content=thumbnail,Fritz Geller-Grimm,CC BY-SA 3.0,https://creativecommons.org/licenses/by-sa/3.0,https://en.wikipedia.org/wiki/File:Pellenes_nigrociliatus_fg02.jpg,ok
114980,Pellionia heyneana,全缘赤车,,,,,,,no_image
115002,Pellionia yunnanensis,云南赤车,,,,,,,no_image
57082,Pelomyiella obscurior,暗泥股岸蝇蝇,,,,,,,no_image
8999,Peloribates longisetosa,,,,,,,,no_image
137276,Peltidea ulorrhiza,,,,,,,,no_image
137295,Peltigera mauritzii,类软地卷,,,,,,,no_image
137315,Peltigera subcanina,亚犬地卷,,,,,,,no_image
139448,Peltula cylindrica,柱盾衣,,,,,,,no_image
57111,Pemphigus circellatus,环瘿绵蚜,,,,,,,no_image
745,Penaeus semisulcatus,短沟对虾,images/00/00/00000745.webp,https://thumb.wikimedia.org/wikipedia/commons/thumb/e/e6/Penaeus_semisulcatus_%28MNHN-IU-2011-5741%29.jpeg/960px-Penaeus_semisulcatus_%28MNHN-IU-2011-5741%29.jpeg?utm_source=en.wikipedia.org&utm_campaign=api&utm_content=thumbnail,Chan T. Y. &amp; Lin C. W.,CC BY 4.0,https://creativecommons.org/licenses/by/4.0,https://en.wikipedia.org/wiki/File:Penaeus_semisulcatus_(MNHN-IU-2011-5741).jpeg,ok
134469,Penicillium canescens,,,,,,,,no_image
134489,Penicillium echinulatum,,,,,,,,no_image
134509,Penicillium javanicum,,,,,,,,no_image
134529,Penicillium purpurascens,,,,,,,,no_image
134549,Penicillium thomii,,,,,,,,no_image
152070,Peniophora nuda,裸隔孢伏革菌,,,,,,,no_image
7367,Pennaria blistera,泡状笔螅水母,,,,,,,no_image
115021,Pennisetum qianningense,乾宁狼尾草,,,,,,,no_image
9904,Pentamerismus juniperi,,,,,,,,no_image
115036,Pentas lanceolata,五星花,images/00/11/00115036.webp,https://thumb.wikimedia.org/wikipedia/commons/thumb/9/9a/Penta.JPG/960px-Penta.JPG?utm_source=en.wikipedia.org&utm_campaign=api&utm_content=thumbnail,Cody Hough,CC BY-SA 3.0,https://creativecommons.org/licenses/by-sa/3.0,https://en.wikipedia.org/wiki/File:Penta.JPG,ok
57161,Penthetria motschulskii,摩氏叉毛蚊,,,,,,,no_image
115045,Peperomia heyneana,蒙自草胡椒,,,,,,,no_image
57177,Perciana marmorea,修夜蛾,,https://thumb.wikimedia.org/wikipedia/commons/thumb/7/7d/Perciana_marmorea3.jpg/960px-Perciana_marmorea3.jpg?utm_source=en.wikipedia.org&utm_campaign=api&utm_content=thumbnail,,,,https://en.wikipedia.org/wiki/Perciana_marmorea,license_rejected
151605,Perenniporia contraria,三角多年卧孔菌,,,,,,,no_image
151625,Perenniporia phloiophila,树皮多年卧孔菌,,,,,,,no_image
57180,Pergesa elpenor,,images/00/05/00057180.webp,https://thumb.wikimedia.org/wikipedia/commons/thumb/2/28/Deilephila_elpenor_04.jpg/960px-Deilephila_elpenor_04.jpg?utm_source=en.wikipedia.org&utm_campaign=api&utm_content=thumbnail,jean pierre Hamon (14),CC BY-SA 3.0,https://creativecommons.org/licenses/by-sa/3.0,https://en.wikipedia.org/wiki/File:Deilephila_elpenor_04.jpg,ok
57204,Peribaea similata,锡米等鬃寄蝇,,,,,,,no_image
57222,Pericapritermes wuzhishanensis,五指山近扭白蚁,,,,,,,no_image
5095,Periclimenes hongkongensis,香港岩虾,,,,,,,no_image
143265,Periconia byssoides,,,,,,,,no_image
79632,Pericrocotus speciosus,赤红山椒鸟,images/00/07/00079632.webp,https://thumb.wikimedia.org/wikipedia/commons/thumb/2/2e/20221225_Pericrocotus_speciosus.jpg/960px-20221225_Pericrocotus_speciosus.jpg?utm_source=en.wikipedia.org&utm_campaign=api&utm_content=thumbnail,James Jolokia (james1203),CC BY 4.0,https://creativecommons.org/licenses/by/4.0,https://en.wikipedia.org/wiki/File:20221225_Pericrocotus_speciosus.jpg,ok
153178,Peridermium complanatum,长叶松鞘锈菌,,,,,,,no_image
57255,Periergos antennae,触纡舟蛾,,,,,,,no_image
403,Periglypta clathrata,布目皱纹蛤,,,,,,,no_image
57282,Perilitus longivenus,长脉缘茧蜂,,,,,,,no_image
3955,Perinereis suluana,褐带围沙蚕,,,,,,,no_image
115072,Periploca calophylla,青蛇藤,,,,,,,no_image
3226,Perisesarma bidens,双齿近相手蟹,images/00/00/00003226.webp,https://thumb.wikimedia.org/wikipedia/commons/thumb/a/a6/Red_Claw_Crab.jpg/960px-Red_Claw_Crab.jpg?utm_source=en.wikipedia.org&utm_campaign=api&utm_content=thumbnail,RockStarRei,CC BY-SA 3.0,https://creativecommons.org/licenses/by-sa/3.0,https://en.wikipedia.org/wiki/File:Red_Claw_Crab.jpg,ok
57319,Perissus biluteofasciatus,,,,,,,,no_image
57340,Perissus laetus,,,,,,,,no_image
57357,Peristenus levigatus,滑常室茧蜂,,,,,,,no_image
115090,Peristylus affinis,小花阔蕊兰,,,,,,,no_image
57367,Peritropis advena,小佩盲蝽,,,,,,,no_image
57390,Perizoma parvaria,小周尺蛾,,,,,,,no_image
57411,Perlodes truncata,平截网(虫责),,,,,,,no_image
57426,Peromyscopsylla himalaica,喜山二刺蚤,,,,,,,no_image
115116,Perrottetia arisanensis,台湾核子木,,,,,,,no_image
115139,Persicaria glabra,光蓼,images/00/11/00115139.webp,https://thumb.wikimedia.org/wikipedia/commons/thumb/5/5c/Polygonum_glabrum_Willd..jpg/960px-Polygonum_glabrum_Willd..jpg?utm_source=en.wikipedia.org&utm_campaign=api&utm_content=thumbnail,Lalithamba,CC BY 2.0,https://creativecommons.org/licenses/by/2.0,https://en.wikipedia.org/wiki/File:Polygonum_glabrum_Willd..jpg,ok
115166,Persicaria nepalensis,尼泊尔蓼,images/00/11/00115166.webp,https://thumb.wikimedia.org/wikipedia/commons/thumb/9/92/Ratnaulo_%28Nepalese-_%E0%A4%B0%E0%A4%A4%E0%A5%8D%E0%A4%A8%E0%A5%8C%E0%A4%B2%E0%A5%8B%29_%284944039332%29.jpg/960px-Ratnaulo_%28Nepalese-_%E0%A4%B0%E0%A4%A4%E0%A5%8D%E0%A4%A8%E0%A5%8C%E0%A4%B2%E0%A5%8B%29_%284944039332%29.jpg?utm_source=en.wikipedia.org&utm_campaign=api&utm_content=thumbnail,"Dinesh Valke from Thane, India",CC BY-SA 2.0,https://creativecommons.org/licenses/by-sa/2.0,https://en.wikipedia.org/wiki/File:Ratnaulo_(Nepalese-_रत्नौलो)_(4944039332).jpg,ok
115192,Persicaria strindbergii,平卧蓼,,,,,,,no_image
137440,Pertusaria brachyspora,短孢鸡皮衣,,,,,,,no_image
137460,Pertusaria lacericans,撕裂鸡皮衣,,,,,,,no_image
137480,Pertusaria plittiana,坚疣鸡皮衣,,,,,,,no_image
137500,Pertusaria subviridis,类钟乳鸡皮衣,,,,,,,no_image
115215,Pertya henanensis,瓜叶帚菊,,,,,,,no_image
143279,Pesavis elongatus,,,,,,,,no_image
141066,Pestalotiopsis anacardii,,,,,,,,no_image
141086,Pestalotiopsis casuarinae,,,,,,,,no_image
141106,Pestalotiopsis eusora,,,,,,,,no_image
141126,Pestalotiopsis langloisii,,,,,,,,no_image
141146,Pestalotiopsis montellicoides,,,,,,,,no_image
141166,Pestalotiopsis saccardensis,,,,,,,,no_image
141186,Pestalotiopsis westerdijkii,,,,,,,,no_image
79669,Petaurista hainana,海南鼯鼠,,https://upload.wikimedia.org/wikipedia/commons/9/95/Indian_giant_flying_squirrel.jpg?utm_source=en.wikipedia.org&utm_campaign=api&utm_content=thumbnail_unscaled,,CC BY-SA 4.0,https://creativecommons.org/licenses/by-sa/4.0,https://en.wikipedia.org/wiki/File:Indian_giant_flying_squirrel.jpg,download_failed
57442,Petraphuma sulphurea,,,,,,,,no_image
115241,Petrocodon asterostriatus,星纹石山苣苔,,,,,,,no_image
115263,Petrocodon jingxiensis,靖西细筒苣苔,,,,,,,no_image
115283,Petrocodon rubroglandulosus,红腺异唇苣苔,,,,,,,no_image
115304,Petrocosmea coerulea,蓝石蝴蝶,,,,,,,no_image
115325,Petrocosmea leiandra,光蕊石蝴蝶,,,,,,,no_image
115349,Petrocosmea rhombifolia,菱叶石蝴蝶,,,,,,,no_image
2926,Petrolisthes boscii,鳞鸭岩瓷蟹,,,,,,,no_image
2913,Petrolisthes trilobatus,三叶岩瓷蟹,,,,,,,no_image
115372,Petrosimonia glaucescens,灰绿叉毛蓬,,,,,,,no_image
115395,Peucedanum mashanense,马山前胡,,,,,,,no_image
57455,Peudoptygonotus prominemargins,突缘拟凹背蝗,,,,,,,no_image
57475,Peyerimhoffia longiprojecta,长突配眼蕈蚊,,,,,,,no_image
115411,Peyssonnelia dubyi,基扇耳壳藻,,,,,,,no_image
140000,Peziza aeruginascens,,,,,,,,no_image
140020,Peziza ascoboloides,,,,,,,,no_image
140040,Peziza brunneoatra,棕黑盘菌,,,,,,,no_image
140060,Peziza cerina,,,,,,,,no_image
140080,Peziza controversa,,,,,,,,no_image
140100,Peziza domiciliana,家园盘菌,images/00/14/00140100.webp,https://thumb.wikimedia.org/wikipedia/commons/thumb/5/57/Peziza_domiciliana_129770.jpg/960px-Peziza_domiciliana_129770.jpg?utm_source=en.wikipedia.org&utm_campaign=api&utm_content=thumbnail,Britney (Riverdweller),CC BY-SA 3.0,https://creativecommons.org/licenses/by-sa/3.0,https://en.wikipedia.org/wiki/File:Peziza_domiciliana_129770.jpg,ok
140120,Peziza fructigena,,,,,,,,no_image
140140,Peziza howsei,疣孢盘菌,,,,,,,no_image
140160,Peziza luteonitens,,,,,,,,no_image
140180,Peziza nivea,,,,,,,,no_image
140200,Peziza polytrichi,,,,,,,,no_image
140220,Peziza rufo-olivacea,,,,,,,,no_image
140240,Peziza solitaria,,,,,,,,no_image
140260,Peziza tenuissima,,,,,,,,no_image
140280,Peziza versiformis,,,,,,,,no_image
115414,Phacellanthus tubiflorus,黄筒花,,,,,,,no_image
139108,Phacidium quadratum,,,,,,,,no_image
57495,Phaedon brassicae,小猿叶甲,,,,,,,no_image
57516,Phaenandrogomphus yunnanensis,云南显春蜓,,,,,,,no_image
57535,Phaenoserphus neimongolensis,内蒙古光胸细蜂,,,,,,,no_image
134610,Phaeocalicium tibetanicum,西藏暗粉衣,,,,,,,no_image
145988,Phaeocollybia minuta,米拉暗金钱菌,,,,,,,no_image
136991,Phaeographina quassiaecola,,,,,,,,no_image
137011,Phaeographis platycarpa,宽果黑文衣,,,,,,,no_image
151010,Phaeolus schweinizii,,,,,,,,no_image
135312,Phaeophyscia endococcina,红髓黑蜈蚣衣,,,,,,,no_image
150345,Phaeoporus lucidus,,,,,,,,no_image
57555,Phaesticus mellerborgi,梅卵节蚱,images/00/05/00057555.webp,https://thumb.wikimedia.org/wikipedia/commons/thumb/f/f7/Parasitic_wasp_on_top_of_a_Pygmy_grasshopper_%286282448159%29.jpg/960px-Parasitic_wasp_on_top_of_a_Pygmy_grasshopper_%286282448159%29.jpg?utm_source=en.wikipedia.org&utm_campaign=api&utm_content=thumbnail,"gbohne from Berlin, Germany",CC BY-SA 2.0,https://creativecommons.org/licenses/by-sa/2.0,https://en.wikipedia.org/wiki/File:Parasitic_wasp_on_top_of_a_Pygmy_grasshopper_(6282448159).jpg,ok
153308,Phakopsora circumvallata,,,,,,,,no_image
153328,Phakopsora meliosmae,泡花树层锈,,,,,,,no_image
57559,Phalacrosoma argyrea,银白长足虻,,,,,,,no_image
115457,Phalaenopsis marriottiana,泰国湿唇兰,images/00/11/00115457.webp,https://thumb.wikimedia.org/wikipedia/commons/thumb/0/00/The_Orchid_Album-02-0042-0061-Vanda_parishii_marriottiana.png/960px-The_Orchid_Album-02-0042-0061-Vanda_parishii_marriottiana.png?utm_source=en.wikipedia.org&utm_campaign=api&utm_content=thumbnail,John Nugent Fitch,Public domain,,https://en.wikipedia.org/wiki/File:The_Orchid_Album-02-0042-0061-Vanda_parishii_marriottiana.png,ok
115473,Phalaris arundinacea,虉草,,https://upload.wikimedia.org/wikipedia/commons/a/a4/Phalaris_arundinacea_1.jpg?utm_source=en.wikipedia.org&utm_campaign=api&utm_content=thumbnail_unscaled,Franz Xaver,CC BY-SA 3.0,https://creativecommons.org/licenses/by-sa/3.0,https://en.wikipedia.org/wiki/File:Phalaris_arundinacea_1.jpg,download_failed
57586,Phalera exserta,突掌舟蛾,,,,,,,no_image
57611,Phalera triodes,三齿掌舟蛾,,,,,,,no_image
57623,Phallocheira minor,小曲麻蝇,,,,,,,no_image
150808,Phallus imperialis,,,,,,,,no_image
150828,Phallus truncatus,,,,,,,,no_image
57643,Phalonidia silvestris,单带褐纹卷蛾,,,,,,,no_image
115496,Phanera hypochrysa,绸缎藤,,,,,,,no_image
151090,Phanerochaete burtii,伯特原毛平革菌,,,,,,,no_image
57649,Phaneroptera gracilis,瘦露螽,,,,,,,no_image
57669,Phaneroserphus tiani,田氏脊额细蜂,,,,,,,no_image
57685,Phaonia angustifuscata,狭棕斑棘蝇,,,,,,,no_image
57705,Phaonia bacillirostris,杆喙棘蝇,,,,,,,no_image
57725,Phaonia centa,百棘蝇,,,,,,,no_image
57746,Phaonia curvisetata,曲鬃棘蝇,,,,,,,no_image
57766,Phaonia dupliciseta,二鬃棘蝇,,,,,,,no_image
57786,Phaonia fortilabra,巨瓣棘蝇,,,,,,,no_image
57806,Phaonia guizhouensis,贵州棘蝇,,,,,,,no_image
57828,Phaonia hystricosternita,毛板棘蝇,,,,,,,no_image
57848,Phaonia labidosternita,铗棘蝇,,,,,,,no_image
57868,Phaonia longifurca,长叉棘蝇,,,,,,,no_image
57888,Phaonia maowenensis,茂汶棘蝇,,,,,,,no_image
57908,Phaonia moirigkawagarboensis,梅里雪山棘蝇,,,,,,,no_image
57929,Phaonia nigriserva,黑林棘蝇,,,,,,,no_image
57949,Phaonia paradisia,极乐棘蝇,,,,,,,no_image
57969,Phaonia pura,洁棘蝇,,,,,,,no_image
57989,Phaonia septentrionalis,北方棘蝇,,,,,,,no_image
58009,Phaonia subapicalis,亚端棘蝇,,,,,,,no_image
58029,Phaonia subnigrisquama,暗瓣棘蝇,,,,,,,no_image
58049,Phaonia taizipingga,太子棘蝇,,,,,,,no_image
58070,Phaonia vividiformis,活态棘蝇,,,,,,,no_image
58090,Phaonia yingjingensis,荥经棘蝇,,,,,,,no_image
14607,Pharta brevipalpus,短须范蟹蛛,,,,,,,no_image
115522,Phaseolus coccineus,荷包豆,images/00/11/00115522.webp,https://thumb.wikimedia.org/wikipedia/commons/thumb/f/f7/Illustration_Phaseolus_coccineus0.jpg/960px-Illustration_Phaseolus_coccineus0.jpg?utm_source=en.wikipedia.org&utm_campaign=api&utm_content=thumbnail,,Public domain,,https://en.wikipedia.org/wiki/File:Illustration_Phaseolus_coccineus0.jpg,ok
58123,Phasia yunnanica,云南突颜寄蝇,,,,,,,no_image
8855,Phauloppia xinjiangensis,新疆单奥甲螨,,,,,,,no_image
115528,Phedimus hybridus,杂交费菜,,,,,,,no_image
150347,Phellinidium aciferum,尖针小针层孔菌,,,,,,,no_image
150367,Phellinus betulinus,,,,,,,,no_image
150387,Phellinus fastuosus,,,,,,,,no_image
150407,Phellinus jezoensis,,,https://upload.wikimedia.org/wikipedia/commons/a/a5/Phellinus_pini.jpg?utm_source=en.wikipedia.org&utm_campaign=api&utm_content=thumbnail_unscaled,Joseph O'Brien,CC BY 3.0 us,https://creativecommons.org/licenses/by/3.0/us/deed.en,https://en.wikipedia.org/wiki/File:Phellinus_pini.jpg,download_failed
150427,Phellinus neoquercinus,,,,,,,,no_image
150447,Phellinus pusillus,,,,,,,,no_image
150467,Phellinus tricolor,,,,,,,,no_image
150480,Phellopilus nigrolimitatus,,,https://thumb.wikimedia.org/wikipedia/commons/thumb/0/0a/2010-08-04_Phellopilus_nigrolimitatus.jpg/960px-2010-08-04_Phellopilus_nigrolimitatus.jpg?utm_source=en.wikipedia.org&utm_campaign=api&utm_content=thumbnail,,,,https://en.wikipedia.org/wiki/Phellopilus_nigrolimitatus,license_rejected
58163,Phengaris atroguttata,白灰蝶,images/00/05/00058163.webp,https://thumb.wikimedia.org/wikipedia/commons/thumb/1/1d/Phengaris_atroguttata_R0010379.jpg/960px-Phengaris_atroguttata_R0010379.jpg?utm_source=en.wikipedia.org&utm_campaign=api&utm_content=thumbnail,Notafly,CC BY-SA 3.0,https://creativecommons.org/licenses/by-sa/3.0,https://en.wikipedia.org/wiki/File:Phengaris_atroguttata_R0010379.jpg,ok
58192,Pheosiopsis luscinicola,路夙舟蛾,,,,,,,no_image
58213,Pherbellia griseola,小灰负菊沼蝇,,,,,,,no_image
138796,Phialocephala victorinii,,,,,,,,no_image
115550,Philadelphus calvescens,丽江山梅花,,,,,,,no_image
115585,Philadelphus zhejiangensis,浙江山梅花,,,,,,,no_image
4204,Philbertia psalterium,竖琴菲螺,,,,,,,no_image
6615,Philine otukai,宽扁壳蛞蝓,,,,,,,no_image
14828,Philodamia gongi,龚氏喜蟹蛛,,,,,,,no_image
12574,Philodromus aryy,阿利逍遥蛛,,,,,,,no_image
58240,Philoganga vetusta,大溪蟌,,,,,,,no_image
115601,Philonotis lizangii,残齿泽藓,,,,,,,no_image
58261,Philonthus birmanus,,,,,,,,no_image
58281,Philonthus ebeninus,,,,,,,,no_image
58302,Philonthus industanus,,,,,,,,no_image
58322,Philonthus merops,,,,,,,,no_image
58343,Philonthus remotus,,,,,,,,no_image
58365,Philonthus tienmuschanensis,,,,,,,,no_image
58385,Philophylla latipennis,阔翅叶实蝇,,,,,,,no_image
58397,Philoptila metalychna,灯羽祝蛾,,,,,,,no_image
58418,Philygria posticata,端腹喜水蝇,,,,,,,no_image
13154,Phintella arenicolor,机敏金蝉蛛,,https://upload.wikimedia.org/wikipedia/commons/7/79/Sitticus_pallicolor_female_1906_fig152.jpg?utm_source=en.wikipedia.org&utm_campaign=api&utm_content=thumbnail_unscaled,Wilhelm Bösenberg &amp; Embrik Strand,Public domain,,https://en.wikipedia.org/wiki/File:Sitticus_pallicolor_female_1906_fig152.jpg,download_failed
13082,Phintella suavis,苏氏金蝉蛛,,,,,,,no_image
151053,Phlebia brevispora,,,,,,,,no_image
58434,Phlebotomus fengi,冯氏白蛉,,,,,,,no_image
115620,Phlegmariurus guangdongensis,广东马尾杉,,,,,,,no_image
12832,Phlegra semipullata,半暗绯蛛,,,,,,,no_image
115648,Phlogacanthus vitellinus,糙叶火焰花,,,,,,,no_image
115658,Phlomoides ambigua,沧江糙苏,,,,,,,no_image
115680,Phlomoides kansuensis,甘肃糙苏,,,,,,,no_image
115704,Phlomoides pedunculata,具梗糙苏,,,,,,,no_image
58459,Phlugiolopsis brevis,短尾吟螽,,,,,,,no_image
79733,Phoebastria immutabilis,黑背信天翁,images/00/07/00079733.webp,https://thumb.wikimedia.org/wikipedia/commons/thumb/d/d0/Laysan_Albatross_RWD2.jpg/960px-Laysan_Albatross_RWD2.jpg?utm_source=en.wikipedia.org&utm_campaign=api&utm_content=thumbnail,DickDaniels (http://theworldbirds.org/),CC BY-SA 3.0,https://creativecommons.org/licenses/by-sa/3.0,https://en.wikipedia.org/wiki/File:Laysan_Albatross_RWD2.jpg,ok
115750,Phoebe kwangsiensis,桂楠,,,,,,,no_image
79740,Phoenicurus coeruleocephala,蓝头红尾鸲,,https://upload.wikimedia.org/wikipedia/commons/e/e5/Blue-capped_Redstart_Uttarakhand_India.jpg?utm_source=en.wikipedia.org&utm_campaign=api&utm_content=thumbnail_unscaled,Dibyendu Ash,CC BY-SA 3.0,https://creativecommons.org/licenses/by-sa/3.0,https://en.wikipedia.org/wiki/File:Blue-capped_Redstart_Uttarakhand_India.jpg,download_failed
15146,Pholcus agilis,敏捷幽灵蛛,,,,,,,no_image
15046,Pholcus curvus,弯幽灵蛛,,,,,,,no_image
15004,Pholcus huberi,胡贝尔幽灵蛛,,,,,,,no_image
15070,Pholcus liutu,瘤突幽灵蛛,,,,,,,no_image
15202,Pholcus parayichengicus,副翼城幽灵蛛,,,,,,,no_image
15126,Pholcus tangyuensis,汤峪幽灵蛛,,,,,,,no_image
15167,Pholcus yichengicus,翼城幽灵蛛,,,,,,,no_image
115786,Pholidota niana,西畴石仙桃,,,,,,,no_image
148257,Pholiota aurivelloides,块鳞伞,,,,,,,no_image
148277,Pholiota erinaceella,刺毛鳞伞,,,,,,,no_image
148297,Pholiota lactea,乳白鳞伞,,,,,,,no_image
148317,Pholiota parva,小鳞伞,,,,,,,no_image
148337,Pholiota squarroso-adiposa,,,,,,,,no_image
148357,Pholiota virgata,杂纹鳞伞,,,,,,,no_image
133619,Phoma eriobotryae,,,,,,,,no_image
133639,Phoma polygonati,,,,,,,,no_image
141368,Phomopsis adansoniae,,,,,,,,no_image
141388,Phomopsis destructa,,,,,,,,no_image
141408,Phomopsis hibisci,,,,,,,,no_image
141428,Phomopsis melaleuca,,,,,,,,no_image
141448,Phomopsis quercicola,,,,,,,,no_image
141468,Phomopsis venenosa,,,,,,,,no_image
58486,Phora occidentata,西方蚤蝇,,,,,,,no_image
58506,Phorbia morula,桑草种绳,,,,,,,no_image
58527,Phorinia denticulata,刺基蚤寄蝇,,,,,,,no_image
11552,Phoroncidia concave,凹锥蛛,,,,,,,no_image
58555,Phortica eugamma,实叉茎伏果蝇,,,,,,,no_image
58575,Phortica huiluoi,慧荦伏果蝇,,,,,,,no_image
58595,Phortica perforcipata,暗黑伏果蝇,,,,,,,no_image
58615,Phortica uncinata,叉钩伏果蝇,,,,,,,no_image
115802,Photinia chiuana,裘氏石楠,,,,,,,no_image
115833,Photinia tushanensis,独山石楠,,,,,,,no_image
58636,Photoscotosia apicinotaria,双色幅尺蛾,,,,,,,no_image
58658,Photoscotosia leuconia,白珠幅尺蛾,,,,,,,no_image
58679,Photoscotosia sericata,丝幅尺蛾,,,,,,,no_image
153384,Phragmidium barclayi,巴克利多胞锈菌,,,,,,,no_image
153404,Phragmidium itoanum,,,,,,,,no_image
153424,Phragmidium rubi-fraxinifolii,梣叶悬钩子多胞锈菌,,,,,,,no_image
115834,Phragmites australis,芦苇,images/00/11/00115834.webp,https://thumb.wikimedia.org/wikipedia/commons/thumb/c/cc/Reed_panicle_at_Brodalen_1.jpg/960px-Reed_panicle_at_Brodalen_1.jpg?utm_source=en.wikipedia.org&utm_campaign=api&utm_content=thumbnail,W.carter,CC0,http://creativecommons.org/publicdomain/zero/1.0/deed.en,https://en.wikipedia.org/wiki/File:Reed_panicle_at_Brodalen_1.jpg,ok
58695,Phraortes chinensis,中华皮䗛,,,,,,,no_image
58715,Phraortes major,大皮䗛,,,,,,,no_image
58735,Phratora cuprea,铜色弗叶甲,,,,,,,no_image
115841,Phreatia taiwaniana,台湾馥兰,,,,,,,no_image
58772,Phronia moganshanana,莫干巧菌蚊,,,,,,,no_image
58787,Phryganogryllacris elbenioides,长刺杆蟋螽,,,,,,,no_image
115849,Phrynium tonkinense,云南柊叶,,,,,,,no_image
79785,Phrynocephalus mystaceus,大耳沙蜥,,https://upload.wikimedia.org/wikipedia/commons/f/f0/Phrynocephalus_mystaceus.jpg?utm_source=en.wikipedia.org&utm_campaign=api&utm_content=thumbnail_unscaled,Antoshin Konstantin,CC BY-SA 3.0,https://creativecommons.org/licenses/by-sa/3.0,https://en.wikipedia.org/wiki/File:Phrynocephalus_mystaceus.jpg,download_failed
9364,Phthiracarus abstemius,,,,,,,,no_image
58823,Phthitia sternipilis,端鬃中突小粪蝇,,,,,,,no_image
11685,Phycosoma digitula,指状藻蛛,images/00/01/00011685.webp,https://thumb.wikimedia.org/wikipedia/commons/thumb/c/c8/Phycosoma_digitula_69529298.jpg/960px-Phycosoma_digitula_69529298.jpg?utm_source=en.wikipedia.org&utm_campaign=api&utm_content=thumbnail,portioid,CC BY-SA 4.0,https://creativecommons.org/licenses/by-sa/4.0,https://en.wikipedia.org/wiki/File:Phycosoma_digitula_69529298.jpg,ok
144279,Phyllachora americana,,,,,,,,no_image
144299,Phyllachora contigua,,,,,,,,no_image
144319,Phyllachora fimbristylidicola,,,,,,,,no_image
144339,Phyllachora maydis,,,,,,,,no_image
144359,Phyllachora repens,,,,,,,,no_image
144379,Phyllachora yapensis,,,,,,,,no_image
138113,Phyllactinia enkianthi,,,,,,,,no_image
138133,Phyllactinia sabiae,,,,,,,,no_image
115872,Phyllanthodendron caudatifolium,尾叶珠子木,,,,,,,no_image
115896,Phyllanthus maderaspatensis,麻德拉斯叶下珠,images/00/11/00115896.webp,https://thumb.wikimedia.org/wikipedia/commons/thumb/5/5b/%E0%AE%AE%E0%AF%87%E0%AE%B2%E0%AE%BE%E0%AE%A8%E0%AF%86%E0%AE%B2%E0%AF%8D%E0%AE%B2%E0%AE%BF4.jpg/960px-%E0%AE%AE%E0%AF%87%E0%AE%B2%E0%AE%BE%E0%AE%A8%E0%AF%86%E0%AE%B2%E0%AF%8D%E0%AE%B2%E0%AE%BF4.jpg?utm_source=en.wikipedia.org&utm_campaign=api&utm_content=thumbnail,Dr.S.Soundarapandian,Public domain,,https://en.wikipedia.org/wiki/File:மேலாநெல்லி4.jpg,ok
139433,Phylliscum demangeonii,多孢菊花衣,,,,,,,no_image
10479,Phyllocoptes euonymusae,,,,,,,,no_image
10644,Phyllocoptes quzhounensis,,,,,,,,no_image
10371,Phyllocoptruta paniculata,,,,,,,,no_image
58853,Phyllodesma sinina,中国榆枯叶蛾,,,,,,,no_image
115920,Phyllodon lingulatus,舌形叶齿藓,,,,,,,no_image
115934,Phyllolobium pastorium,牧场蔓黄芪,,,,,,,no_image
58870,Phyllomya gymnops,吉姆驼寄蝇,,,,,,,no_image
58890,Phyllomyza luteipalpis,黄须真叶蝇,,,,,,,no_image
150482,Phylloporia capucina,,,,,,,,no_image
149222,Phylloporus pelletieri,,,https://thumb.wikimedia.org/wikipedia/commons/thumb/e/e5/Rohrbacher_Goldblatt_crop.jpg/960px-Rohrbacher_Goldblatt_crop.jpg?utm_source=en.wikipedia.org&utm_campaign=api&utm_content=thumbnail,,,,https://en.wikipedia.org/wiki/Phylloporus_pelletieri,license_rejected
79805,Phylloscopus calciatilis,灰岩柳莺,images/00/07/00079805.webp,https://thumb.wikimedia.org/wikipedia/commons/thumb/d/dc/Phylloscopus_calciatilis.JPG/960px-Phylloscopus_calciatilis.JPG?utm_source=en.wikipedia.org&utm_campaign=api&utm_content=thumbnail,Ulf Johansson/Naturhistoriska riksmuseet,CC BY 3.0,https://creativecommons.org/licenses/by/3.0,https://en.wikipedia.org/wiki/File:Phylloscopus_calciatilis.JPG,ok
79842,Phylloscopus kansuensis,甘肃柳莺,,https://upload.wikimedia.org/wikipedia/commons/f/f1/Gansu_leaf_warbler_%28cropped%29.jpg?utm_source=en.wikipedia.org&utm_campaign=api&utm_content=thumbnail_unscaled,James Eaton,CC0,http://creativecommons.org/publicdomain/zero/1.0/deed.en,https://en.wikipedia.org/wiki/File:Gansu_leaf_warbler_(cropped).jpg,download_failed
79873,Phylloscopus trochilus,欧柳莺,images/00/07/00079873.webp,https://thumb.wikimedia.org/wikipedia/commons/thumb/5/5b/Willow_Warbler_Phylloscopus_trochilus.jpg/960px-Willow_Warbler_Phylloscopus_trochilus.jpg?utm_source=en.wikipedia.org&utm_campaign=api&utm_content=thumbnail,Andreas Trepte,CC BY-SA 2.5,https://creativecommons.org/licenses/by-sa/2.5,https://en.wikipedia.org/wiki/File:Willow_Warbler_Phylloscopus_trochilus.jpg,ok
115955,Phyllostachys circumpilis,毛壳花哺鸡竹,,,,,,,no_image
115980,Phyllostachys longiciliata,瓜水竹,,,,,,,no_image
116002,Phyllostachys shuchengensis,舒城刚竹,,,,,,,no_image
131876,Phyllosticta alliicola,,,,,,,,no_image
131896,Phyllosticta bougainvilleae,,,,,,,,no_image
131916,Phyllosticta circumsepta,,,,,,,,no_image
131936,Phyllosticta cynanchi,,,,,,,,no_image
131956,Phyllosticta farfarae,,,,,,,,no_image
131976,Phyllosticta hemerocallidis,,,,,,,,no_image
131996,Phyllosticta lychnidis,,,,,,,,no_image
132016,Phyllosticta nigromaculans,,,,,,,,no_image
132036,Phyllosticta pittospori,,,,,,,,no_image
132056,Phyllosticta rumicicola,,,,,,,,no_image
132076,Phyllosticta theae,,,,,,,,no_image
58903,Phyllozelus dolichostylus,长腹突效绯螽,,,,,,,no_image
58921,Phymatodes zemlinae,,,,,,,,no_image
147751,Physalacria sasae,,,,,,,,no_image
144563,Physalospora sporadina,,,,,,,,no_image
135349,Physcia kansuensis,,,,,,,,no_image
116041,Physcomitrium japonicum,日本立碗藓,,,,,,,no_image
135379,Physconia perisidiosa,亚灰大孢衣,,,,,,,no_image
79892,Physignathus cocincinus,长鬣蜥,images/00/07/00079892.webp,https://thumb.wikimedia.org/wikipedia/commons/thumb/4/44/Chinese_Water_Dragon_%28Physignathus_cocincinus%29_-_Khao_Yai_National_Park_-_1.jpg/960px-Chinese_Water_Dragon_%28Physignathus_cocincinus%29_-_Khao_Yai_National_Park_-_1.jpg?utm_source=en.wikipedia.org&utm_campaign=api&utm_content=thumbnail,Rushenb,CC BY-SA 3.0,https://creativecommons.org/licenses/by-sa/3.0,https://en.wikipedia.org/wiki/File:Chinese_Water_Dragon_(Physignathus_cocincinus)_-_Khao_Yai_National_Park_-_1.jpg,ok
58951,Physocephala chrysorrhoea,金腹叉芒眼蝇,,,,,,,no_image
116055,Physochlaina macrophylla,大叶脬囊草,,,,,,,no_image
153343,Physopella meliosmae,泡花树壳锈,,,,,,,no_image
58973,Phytobia magna,大型菲潜蝇,,,,,,,no_image
58992,Phytocoris lui,吕氏植盲蝽,,,,,,,no_image
59012,Phytocoris yongpinganus,永平植盲蝽,,,,,,,no_image
116070,Phytolacca americana,垂序商陆,images/00/11/00116070.webp,https://thumb.wikimedia.org/wikipedia/commons/thumb/a/a0/Pokeweed_bush_in_Northumberland_County%2C_Pennsylvania.JPG/960px-Pokeweed_bush_in_Northumberland_County%2C_Pennsylvania.JPG?utm_source=en.wikipedia.org&utm_campaign=api&utm_content=thumbnail,Jakec,CC BY-SA 4.0,https://creativecommons.org/licenses/by-sa/4.0,"https://en.wikipedia.org/wiki/File:Pokeweed_bush_in_Northumberland_County,_Pennsylvania.JPG",ok
59049,Phytomyza pseudoangelicae,拟当归植潜蝇,,,,,,,no_image
59066,Phytorophaga nigriventris,黑腹植寄蝇,,,,,,,no_image
79899,Pica serica,喜鹊,images/00/07/00079899.webp,https://thumb.wikimedia.org/wikipedia/commons/thumb/c/ca/Korean_magpie_in_Daejeon_%28side_profile%29.jpg/960px-Korean_magpie_in_Daejeon_%28side_profile%29.jpg?utm_source=en.wikipedia.org&utm_campaign=api&utm_content=thumbnail,Yoo Chung,CC BY-SA 2.5,https://creativecommons.org/licenses/by-sa/2.5,https://en.wikipedia.org/wiki/File:Korean_magpie_in_Daejeon_(side_profile).jpg,ok
116105,Picea smithiana,长叶云杉,images/00/11/00116105.webp,https://thumb.wikimedia.org/wikipedia/commons/thumb/d/dd/Picea_smithiana_-_Solang_Valley_-_Kullu_2014-05-10_2593.jpg/960px-Picea_smithiana_-_Solang_Valley_-_Kullu_2014-05-10_2593.jpg?utm_source=en.wikipedia.org&utm_campaign=api&utm_content=thumbnail,"Original: Biswarup Ganguly, this edit: MPF",CC BY 3.0,https://creativecommons.org/licenses/by/3.0,https://en.wikipedia.org/wiki/File:Picea_smithiana_-_Solang_Valley_-_Kullu_2014-05-10_2593.jpg,ok
79915,Pictichromis diadema,紫红背绣雀鲷,images/00/07/00079915.webp,https://thumb.wikimedia.org/wikipedia/commons/thumb/8/8f/Pseudochromis_Diadema_Larry.JPG/960px-Pseudochromis_Diadema_Larry.JPG?utm_source=en.wikipedia.org&utm_campaign=api&utm_content=thumbnail,Mrbrefast,CC BY 3.0,https://creativecommons.org/licenses/by/3.0,https://en.wikipedia.org/wiki/File:Pseudochromis_Diadema_Larry.JPG,ok
59095,Pidonia alticollis,,,,,,,,no_image
59115,Pidonia confusa,,,,,,,,no_image
59135,Pidonia heudei,,,,,,,,no_image
59155,Pidonia occipitalis,,,,,,,,no_image
59175,Pidonia sororia,肖显纹驼花天牛,,,,,,,no_image
59197,Pieris canidia,东方菜粉蝶,images/00/05/00059197.webp,https://thumb.wikimedia.org/wikipedia/commons/thumb/7/7b/Indian_Cabbage_White_Butterfly.jpg/960px-Indian_Cabbage_White_Butterfly.jpg?utm_source=en.wikipedia.org&utm_campaign=api&utm_content=thumbnail,Pushpa CR,CC BY-SA 4.0,https://creativecommons.org/licenses/by-sa/4.0,https://en.wikipedia.org/wiki/File:Indian_Cabbage_White_Butterfly.jpg,ok
59233,Pieris wangi,王氏粉蝶,,,,,,,no_image
116137,Pilea auricularis,耳基冷水花,,,,,,,no_image
116159,Pilea gracilis,疣果冷水花,,,,,,,no_image
116189,Pilea media,中间型冷水花,,,,,,,no_image
116211,Pilea plataniflora,石筋草,,,,,,,no_image
116236,Pilea swinglei,三角形冷水花,,,,,,,no_image
116249,Pileostegia tomentella,星毛冠盖藤,,,,,,,no_image
148809,Piloderma byssinum,,,,,,,,no_image
59240,Pilotermes jiangxiensis,江西棘白蚁,,,,,,,no_image
2317,Pilumnus semilunaris,半月毛刺蟹,,,,,,,no_image
12047,Pimoa xinjianensis,新建派模蛛,,,,,,,no_image
116279,Pimpinella niitakayamensis,台湾茴芹,,,,,,,no_image
116301,Pinalia amica,粗茎苹兰,,https://upload.wikimedia.org/wikipedia/commons/d/d3/Pinalia_amica.jpg?utm_source=en.wikipedia.org&utm_campaign=api&utm_content=thumbnail_unscaled,Dalton Holland Baptista,CC BY-SA 3.0,https://creativecommons.org/licenses/by-sa/3.0,https://en.wikipedia.org/wiki/File:Pinalia_amica.jpg,download_failed
59245,Pinalitus rubeolus,红褐松盲蝽,,,,,,,no_image
11280,Pinelema bifida,双裂平莱蛛,,,,,,,no_image
11323,Pinelema mikrosphaira,小球平莱蛛,,,,,,,no_image
11309,Pinelema zonaria,带状平莱蛛,,,,,,,no_image
59259,Pingasa ruginaria,黄基粉尺蛾,images/00/05/00059259.webp,https://thumb.wikimedia.org/wikipedia/commons/thumb/1/1a/Pingasa_ruginaria_%28Geometridae_Geometrinae%29.jpg/960px-Pingasa_ruginaria_%28Geometridae_Geometrinae%29.jpg?utm_source=en.wikipedia.org&utm_campaign=api&utm_content=thumbnail,Alexey,CC BY-SA 2.0,https://creativecommons.org/licenses/by-sa/2.0,https://en.wikipedia.org/wiki/File:Pingasa_ruginaria_(Geometridae_Geometrinae).jpg,ok
116344,Pinnatella robusta,粗羽枝藓,,,,,,,no_image
4628,Pinnotheres serrignathus,锯颚豆蟹,,,,,,,no_image
116355,Pinus dabeshanensis,大别山五针松,,,,,,,no_image
116384,Pinus pinaster,海岸松,images/00/11/00116384.webp,https://thumb.wikimedia.org/wikipedia/commons/thumb/6/65/Pino_resinero_%286344573367%29.jpg/960px-Pino_resinero_%286344573367%29.jpg?utm_source=en.wikipedia.org&utm_campaign=api&utm_content=thumbnail,jacilluch,CC BY-SA 2.0,https://creativecommons.org/licenses/by-sa/2.0,https://en.wikipedia.org/wiki/File:Pino_resinero_(6344573367).jpg,ok
1097,Pionosyllis compacta,裸裂虫,,,,,,,no_image
116431,Piper hainanense,海南蒟,,,,,,,no_image
116453,Piper motuoense,墨脱胡椒,,,,,,,no_image
116473,Piper sintenense,小叶爬崖香,,,,,,,no_image
79947,Pipistrellus paterculus,棒茎伏翼,images/00/07/00079947.webp,https://thumb.wikimedia.org/wikipedia/commons/thumb/7/75/Range_Pipistrellus_paterculus.png/960px-Range_Pipistrellus_paterculus.png?utm_source=en.wikipedia.org&utm_campaign=api&utm_content=thumbnail,PhnomPencil,CC BY-SA 4.0,https://creativecommons.org/licenses/by-sa/4.0,https://en.wikipedia.org/wiki/File:Range_Pipistrellus_paterculus.png,ok
59293,Pipizella tiantaiensis,天台斜额蚜蝇,,,,,,,no_image
156077,Piptocephalis graefenhanii,,,,,,,,no_image
16478,Piratula montigena,高原小水狼蛛,,,,,,,no_image
12357,Pireneitega spinivulva,刺瓣拟隙蛛,,,,,,,no_image
2947,Pisidia streptocheles,扭螯豆瓷蟹,,,,,,,no_image
148745,Pistillaria fuscipes,,,,,,,,no_image
316,Pitar kurodai,日本卵蛤,,,,,,,no_image
59313,Pithitis unimaculata,蓝芦蜂,,,,,,,no_image
133376,Pithomyces trachelospermi,,,,,,,,no_image
116548,Pittosporum johnstonianum,滇西海桐,,,,,,,no_image
116578,Pittosporum planilobum,扁片海桐,,,,,,,no_image
59316,Placidellus conjugatus,双支离瓣叶蝉,,,,,,,no_image
7560,Placotrochides scaphula,盘车珊瑚,,,,,,,no_image
59332,Plaesius javanus,爪哇大阎甲,,https://thumb.wikimedia.org/wikipedia/commons/thumb/5/5c/Histeridae_-_Plaesius_javanus.JPG/960px-Histeridae_-_Plaesius_javanus.JPG?utm_source=en.wikipedia.org&utm_campaign=api&utm_content=thumbnail,,,,https://en.wikipedia.org/wiki/Plaesius_javanus,license_rejected
116617,Plagiochila aspericaulis,有刺羽苔,,,,,,,no_image
116638,Plagiochila durelii,密鳞羽苔,,,,,,,no_image
116660,Plagiochila khasiana,卡西羽苔,,,,,,,no_image
116680,Plagiochila pulcherrima,美姿羽苔,,,,,,,no_image
116700,Plagiochila zhuana,朱氏羽苔,,,,,,,no_image
116710,Plagiomnium acutum,尖叶匐灯藓,,,,,,,no_image
59351,Plagionotus christophi,,,,,,,,no_image
59359,Plagiophorus subcorticalis,,,,,,,,no_image
116738,Plagiostachys austrosinensis,偏穗姜,,,,,,,no_image
116760,Plagiothecium nemorale,垂蒴棉藓,,,,,,,no_image
59375,Plagiozopelma magniflavum,大黄基刺长足虻,,,,,,,no_image
2838,Planes marinus,海洋漂浮蟹,,,,,,,no_image
59400,Planososibia cornuta,角臀平健䗛,,,,,,,no_image
116788,Plantago lanceolata,长叶车前,,https://upload.wikimedia.org/wikipedia/commons/1/17/Ribwort_600.jpg?utm_source=en.wikipedia.org&utm_campaign=api&utm_content=thumbnail_unscaled,sannse,CC BY-SA 3.0,http://creativecommons.org/licenses/by-sa/3.0/,https://en.wikipedia.org/wiki/File:Ribwort_600.jpg,download_failed
59416,Plastus japonicus,,,,,,,,no_image
116806,Platanthera calceoliforme,反唇兰,,,,,,,no_image
116826,Platanthera jiuwanshanensis,九万山舌唇兰,,,,,,,no_image
116849,Platanthera oreophila,齿瓣舌唇兰,,,,,,,no_image
116870,Platanus occidentalis,一球悬铃木,images/00/11/00116870.webp,https://thumb.wikimedia.org/wikipedia/commons/thumb/8/83/Pawling_Sycamore%2C_Valley_Forge_National_Historic_Park%2C_Pennsylvania_June_2024.jpg/960px-Pawling_Sycamore%2C_Valley_Forge_National_Historic_Park%2C_Pennsylvania_June_2024.jpg?utm_source=en.wikipedia.org&utm_campaign=api&utm_content=thumbnail,Marty Aligata,CC BY-SA 4.0,https://creativecommons.org/licenses/by-sa/4.0,"https://en.wikipedia.org/wiki/File:Pawling_Sycamore,_Valley_Forge_National_Historic_Park,_Pennsylvania_June_2024.jpg",ok
136329,Platismatia erosa,裂芽宽叶衣,,,,,,,no_image
12188,Platocoelotes paralatus,副广宽隙蛛,,,,,,,no_image
59436,Platorischna sichuanensis,,,,,,,,no_image
59446,Platycephala lateralis,侧黑宽头秆蝇,,,,,,,no_image
59462,Platycheirus ambiguus,卷毛宽跗蚜蝇,images/00/05/00059462.webp,https://thumb.wikimedia.org/wikipedia/commons/thumb/a/ab/Platycheirus_ambiguus_02.JPG/960px-Platycheirus_ambiguus_02.JPG?utm_source=en.wikipedia.org&utm_campaign=api&utm_content=thumbnail,AfroBrazilian,CC BY-SA 4.0,https://creativecommons.org/licenses/by-sa/4.0,https://en.wikipedia.org/wiki/File:Platycheirus_ambiguus_02.JPG,ok
116883,Platycladus orientalis,侧柏,images/00/11/00116883.webp,https://thumb.wikimedia.org/wikipedia/commons/thumb/b/bb/Platycladus_orientalis_Simatai.jpg/960px-Platycladus_orientalis_Simatai.jpg?utm_source=en.wikipedia.org&utm_campaign=api&utm_content=thumbnail,yeowatzup at Flickr,CC BY 2.0,https://creativecommons.org/licenses/by/2.0,https://en.wikipedia.org/wiki/File:Platycladus_orientalis_Simatai.jpg,ok
59500,Platycorynus costipennis,脊鞘扁角肖叶甲,,,,,,,no_image
59522,Platycorynus undatus,波纹扁角肖叶甲,,,,,,,no_image
59540,Platydracus juang,,,,,,,,no_image
153047,Platygloea disciformis,,,,,,,,no_image
18575,Platyias leloupi,棱脊平甲轮虫,,,,,,,no_image
59576,Platylister unicus,独长卵阎甲,,,,,,,no_image
9056,Platynothrus banksi,斑氏平懒甲螨,,,,,,,no_image
59601,Platypalpus breviprocerus,短突平须舞虻,,,,,,,no_image
59621,Platypalpus henanensis,河南平须舞虻,,,,,,,no_image
59642,Platypalpus xizangenicus,西藏平须舞虻,,,,,,,no_image
263,Platypodia semigranosa,半粒扁足蟹,,,,,,,no_image
79989,Platysmacheilus zhenjiangensis,镇江片唇&#x0000E068;,,,,,,,no_image
59680,Platystethus arenarius,,,,,,,,no_image
59698,Platytibia ferruginea,红褐扁胫飞虱,,,,,,,no_image
59709,Plecia clina,斜襀毛蚊,,,,,,,no_image
59729,Plecia yunnanica,云南襀毛蚊,,,,,,,no_image
140883,Plectania rhytidia,皱红盘菌,images/00/14/00140883.webp,https://thumb.wikimedia.org/wikipedia/commons/thumb/5/5a/Plectania_rhytidia_214829.jpg/960px-Plectania_rhytidia_214829.jpg?utm_source=en.wikipedia.org&utm_campaign=api&utm_content=thumbnail,zaca,CC BY-SA 3.0,https://creativecommons.org/licenses/by-sa/3.0,https://en.wikipedia.org/wiki/File:Plectania_rhytidia_214829.jpg,ok
144739,Plectosphaera populina,,,,,,,,no_image
80029,Plectranthias xanthomaculatus,黄斑棘花鮨,,,,,,,no_image
116904,Pleioblastus altiligulatus,高舌苦竹,,,,,,,no_image
116931,Pleioblastus triangulata,五爪竹,,,,,,,no_image
116958,Pleione microphylla,小叶独蒜兰,,,,,,,no_image
138141,Pleochaeta populicola,,,,,,,,no_image
59740,Plesiochrysa remota,墨绿波草蛉,,,,,,,no_image
80062,Plestiodon tamdaoensis,越南石龙子,,,,,,,no_image
146895,Pleuroflammula flavomarginata,,,,,,,,no_image
17282,Pleuropsolus microsoma,小体侧茎吸虫,,,,,,,no_image
116993,Pleurospermum uralense,棱子芹,,,,,,,no_image
147822,Pleurotus anserinus,短柄侧耳,,,,,,,no_image
147842,Pleurotus flexilis,柔韧侧耳,,,,,,,no_image
147862,Pleurotus platypus,宽柄侧耳,,,,,,,no_image
116996,Pleurozia caledonica,宽叶紫叶苔,,,,,,,no_image
13165,Plexippoides subtristis,近忧拟蝇虎,,,,,,,no_image
140301,Plicaria subcitrina,,,,,,,,no_image
18454,Ploesoma hudsoni,郝氏皱甲轮虫,,,,,,,no_image
117014,Plumbago indica,紫花丹,images/00/11/00117014.webp,https://thumb.wikimedia.org/wikipedia/commons/thumb/1/15/Plumbago_rosea01.jpg/960px-Plumbago_rosea01.jpg?utm_source=en.wikipedia.org&utm_campaign=api&utm_content=thumbnail,,CC BY-SA 3.0,http://creativecommons.org/licenses/by-sa/3.0/,https://en.wikipedia.org/wiki/File:Plumbago_rosea01.jpg,ok
143304,Pluricellaesporites lagenosus,,,,,,,,no_image
147893,Pluteus chrysaegis,,,,,,,,no_image
147913,Pluteus luteus,,,,,,,,no_image
147933,Pluteus subcervinus,亚灰光柄菇,,,,,,,no_image
117031,Poa alpina,高山早熟禾,images/00/11/00117031.webp,https://thumb.wikimedia.org/wikipedia/commons/thumb/b/b6/Alpen-Rispengras_%28Poa_alpina%29.jpg/960px-Alpen-Rispengras_%28Poa_alpina%29.jpg?utm_source=en.wikipedia.org&utm_campaign=api&utm_content=thumbnail,Heinz Staudacher,CC BY-SA 4.0,https://creativecommons.org/licenses/by-sa/4.0,https://en.wikipedia.org/wiki/File:Alpen-Rispengras_(Poa_alpina).jpg,ok
117071,Poa gammieana,茛密早熟禾,,,,,,,no_image
117099,Poa nemoraliformis,林早熟禾,,,,,,,no_image
117133,Poa smirnowii,史米诺早熟禾,,,,,,,no_image
8177,Pocillopora damicornis,鹿角杯形珊瑚,images/00/00/00008177.webp,https://thumb.wikimedia.org/wikipedia/commons/thumb/a/a0/Pocillopora_damicornis_Landaagiraavaru.JPG/960px-Pocillopora_damicornis_Landaagiraavaru.JPG?utm_source=en.wikipedia.org&utm_campaign=api&utm_content=thumbnail,Ahmed Abdul Rahman,CC BY-SA 4.0,https://creativecommons.org/licenses/by-sa/4.0,https://en.wikipedia.org/wiki/File:Pocillopora_damicornis_Landaagiraavaru.JPG,ok
59777,Podismopsis bisonita,二声跃度蝗,,,,,,,no_image
5534,Podocerus brasiliensis,巴西地钩虾,,,,,,,no_image
151116,Podoscypha gillesii,,,,,,,,no_image
138154,Podosphaera hibiscicola,,,,,,,,no_image
144482,Podospora inflatula,,,,,,,,no_image
4875,Poecilasma kaempferi,蟹花茗荷,,,,,,,no_image
80118,Poecilopsetta praelonga,长体瓦鲽,,,,,,,no_image
59813,Poecilosomella punctipennis,斑星小粪蝇,,,,,,,no_image
117200,Pogonatum microstomum,小口小金发藓,,,,,,,no_image
19177,Pogonognathellus longicornis,,images/00/01/00019177.webp,https://thumb.wikimedia.org/wikipedia/commons/thumb/c/cd/Pogonognathellus_longicornis_01.JPG/960px-Pogonognathellus_longicornis_01.JPG?utm_source=en.wikipedia.org&utm_campaign=api&utm_content=thumbnail,Sanja565658,CC BY-SA 3.0,https://creativecommons.org/licenses/by-sa/3.0,https://en.wikipedia.org/wiki/File:Pogonognathellus_longicornis_01.JPG,ok
117228,Pogostemon glaber,刺蕊草,,,,,,,no_image
117250,Pohlia cruda,泛生丝瓜藓,,https://thumb.wikimedia.org/wikipedia/commons/thumb/6/62/Pohlia_cruda_%28a%2C_132959-473142%29_5015.JPG/960px-Pohlia_cruda_%28a%2C_132959-473142%29_5015.JPG?utm_source=en.wikipedia.org&utm_campaign=api&utm_content=thumbnail,,,,https://en.wikipedia.org/wiki/Pohlia_cruda,license_rejected
117272,Pohlia sphagnicola,大丝瓜藓,,,,,,,no_image
59833,Polia confusa,黄灰夜蛾,,,,,,,no_image
59852,Polietes koreicus,朝鲜直脉蝇,,,,,,,no_image
59862,Poliosia cubitifera,紫线灰苔蛾,,,,,,,no_image
59881,Polleniopsis discosternita,圆腹拟粉蝇,,,,,,,no_image
117291,Pollia hasskarlii,大杜若,,,,,,,no_image
117303,Polyalthiopsis chinensis,西藏疣叶木,,,,,,,no_image
117305,Polycarpaea corymbosa,白鼓钉,,,,,,,no_image
154781,Polycystis parallela,,,,,,,,no_image
117317,Polygala caudata,尾叶远志,,,,,,,no_image
117348,Polygala longifolia,长叶远志,,,,,,,no_image
117370,Polygonatum adnatum,贴梗黄精,,,,,,,no_image
117390,Polygonatum humile,小玉竹,images/00/11/00117390.webp,https://thumb.wikimedia.org/wikipedia/commons/thumb/5/52/Polygonatum_humile.JPG/960px-Polygonatum_humile.JPG?utm_source=en.wikipedia.org&utm_campaign=api&utm_content=thumbnail,Römert,CC BY-SA 3.0,https://creativecommons.org/licenses/by-sa/3.0,https://en.wikipedia.org/wiki/File:Polygonatum_humile.JPG,ok
117412,Polygonatum roseum,新疆黄精,,,,,,,no_image
117429,Polygonum hohuanshanense,合欢山蓼,,,,,,,no_image
80130,Polyipnus spinifer,头棘烛光鱼,,,,,,,no_image
80136,Polymetme surugaensis,骏河湾刀光鱼,,,,,,,no_image
2925,Polyonyx obesulus,肥胖多指瓷蟹,,,,,,,no_image
59950,Polypedilum basilarum,基毛多足摇蚊,,,,,,,no_image
59970,Polypedilum dilatum,粗铗多足摇蚊,,,,,,,no_image
59990,Polypedilum minimum,小内突多足摇蚊,,,,,,,no_image
60010,Polypedilum tamanigrum,多摩多足摇蚊,,,,,,,no_image
117454,Polypodiodes falcipinnula,镰羽水龙骨,,,,,,,no_image
151643,Polyporus auriscalpium,,,,,,,,no_image
151663,Polyporus cristulatus,鸡冠多孔菌,,,,,,,no_image
151683,Polyporus incrassatus,,,,,,,,no_image
151703,Polyporus megaloma,,,,,,,,no_image
151723,Polyporus pekingensis,佩克多孔菌,,,,,,,no_image
151743,Polyporus rugosissimus,,,,,,,,no_image
151763,Polyporus substygius,,,,,,,,no_image
151783,Polyporus zambesianus,,,,,,,,no_image
117479,Polyspora hainanensis,海南大头茶,,,,,,,no_image
117498,Polystichum atkinsonii,小狭叶芽胞耳蕨,,,,,,,no_image
117518,Polystichum clarinervium,显脉耳蕨,,,,,,,no_image
117538,Polystichum discretum,分离耳蕨,,,,,,,no_image
117558,Polystichum glaciale,玉龙蕨,,,,,,,no_image
117578,Polystichum integrilimbum,贡山耳蕨,,,,,,,no_image
117598,Polystichum liui,正宇耳蕨,,,,,,,no_image
117618,Polystichum menglaense,勐腊耳蕨,,,,,,,no_image
117638,Polystichum obliquum,斜羽耳蕨,,,,,,,no_image
117658,Polystichum pianmaense,片马耳蕨,,,,,,,no_image
117678,Polystichum retrosopaleaceum,倒鳞耳蕨,,,,,,,no_image
117698,Polystichum sinotsus-simense,中华对马耳蕨,,,,,,,no_image
117718,Polystichum tiandengense,天等耳蕨,,,,,,,no_image
117739,Polystichum yuanum,倒叶耳蕨,,,,,,,no_image
150503,Polystictus perennis,,,,,,,,no_image
60027,Polytremis choui,周氏孔弄蝶,,,,,,,no_image
60050,Polytrichophora brunneifrons,棕额多毛水蝇,,,,,,,no_image
60074,Polyzonus balachowskii,,,,,,,,no_image
60094,Polyzonus violaceus,,,,,,,,no_image
80168,Pomacentrus pavo,孔雀雀鲷,images/00/08/00080168.webp,https://thumb.wikimedia.org/wikipedia/commons/thumb/7/73/Pomacentrus_pavo%2C_Emily_Bay%2C_Kingston_2899%2C_Norfolk_Island_imported_from_iNaturalist_photo_509494160_%28cropped%29.jpg/960px-Pomacentrus_pavo%2C_Emily_Bay%2C_Kingston_2899%2C_Norfolk_Island_imported_from_iNaturalist_photo_509494160_%28cropped%29.jpg?utm_source=en.wikipedia.org&utm_campaign=api&utm_content=thumbnail,"(c) Susan Prior, some rights reserved (CC BY)",CC BY 4.0,https://creativecommons.org/licenses/by/4.0,"https://en.wikipedia.org/wiki/File:Pomacentrus_pavo,_Emily_Bay,_Kingston_2899,_Norfolk_Island_imported_from_iNaturalist_photo_509494160_(cropped).jpg",ok
80186,Pomatorhinus musicus,台湾棕颈钩嘴鹛,images/00/08/00080186.webp,https://thumb.wikimedia.org/wikipedia/commons/thumb/2/23/Taiwan_scimitar-babbler_%28Pomatorhinus_musicus%29_Shuangyu.jpg/960px-Taiwan_scimitar-babbler_%28Pomatorhinus_musicus%29_Shuangyu.jpg?utm_source=en.wikipedia.org&utm_campaign=api&utm_content=thumbnail,Charles J. Sharp,CC BY-SA 4.0,https://creativecommons.org/licenses/by-sa/4.0,https://en.wikipedia.org/wiki/File:Taiwan_scimitar-babbler_(Pomatorhinus_musicus)_Shuangyu.jpg,ok
117777,Ponerorchis crenulata,齿缘小红门兰,,,,,,,no_image
117799,Ponerorchis physoceras,球距无柱兰,,,,,,,no_image
117819,Pongamia oraria,香港水黄皮,,,,,,,no_image
18052,Pontodrilus bermudensis,百慕大泮蚓,,,,,,,no_image
117854,Populus cathayana,青杨,,,,,,,no_image
117887,Populus maximowiczii,辽杨,images/00/11/00117887.webp,https://thumb.wikimedia.org/wikipedia/commons/thumb/1/1f/Populus_suaveolens_in_Hackfalls_Arboretum_%282%29.jpg/960px-Populus_suaveolens_in_Hackfalls_Arboretum_%282%29.jpg?utm_source=en.wikipedia.org&utm_campaign=api&utm_content=thumbnail,Krzysztof Golik,CC BY-SA 4.0,https://creativecommons.org/licenses/by-sa/4.0,https://en.wikipedia.org/wiki/File:Populus_suaveolens_in_Hackfalls_Arboretum_(2).jpg,ok
117919,Populus suaveolens,甜杨,images/00/11/00117919.webp,https://thumb.wikimedia.org/wikipedia/commons/thumb/1/1f/Populus_suaveolens_in_Hackfalls_Arboretum_%282%29.jpg/960px-Populus_suaveolens_in_Hackfalls_Arboretum_%282%29.jpg?utm_source=en.wikipedia.org&utm_campaign=api&utm_content=thumbnail,Krzysztof Golik,CC BY-SA 4.0,https://creativecommons.org/licenses/by-sa/4.0,https://en.wikipedia.org/wiki/File:Populus_suaveolens_in_Hackfalls_Arboretum_(2).jpg,ok
117944,Porandra scandens,攀缘孔药花,,,,,,,no_image
117972,Porella fengii,小叶光萼苔,,,,,,,no_image
117996,Porella platyphylla,温带光萼苔,images/00/11/00117996.webp,https://thumb.wikimedia.org/wikipedia/commons/thumb/e/e6/Porella_platyphylla.jpg/960px-Porella_platyphylla.jpg?utm_source=en.wikipedia.org&utm_campaign=api&utm_content=thumbnail,,CC BY-SA 3.0,http://creativecommons.org/licenses/by-sa/3.0/,https://en.wikipedia.org/wiki/File:Porella_platyphylla.jpg,ok
151792,Poria pellicula,裂齿卧孔菌,,,,,,,no_image
137519,Porina epiphylloides,,,,,,,,no_image
137539,Porina tetracerae,四角污核衣,,,,,,,no_image
60117,Porocallus sinensis,,,,,,,,no_image
1427,Poromya castanea,栗壳孔螂,,,,,,,no_image
80223,Poropuntius margarianus,(410 )太平吻孔鲃,,,,,,,no_image
118027,Porphyra oligospermatangia,少精紫菜,,,,,,,no_image
136745,Porpidia athroocarpa,,,,,,,,no_image
14373,Porrhomma longjiangense,龙江洞厣蛛,,,,,,,no_image
60146,Porthesia xanthorrhoea,暗缘盗毒蛾,,,,,,,no_image
118040,Portulaca pilosa,毛马齿苋,images/00/11/00118040.webp,https://thumb.wikimedia.org/wikipedia/commons/thumb/4/47/Starr_060405-6884_Portulaca_pilosa.jpg/960px-Starr_060405-6884_Portulaca_pilosa.jpg?utm_source=en.wikipedia.org&utm_campaign=api&utm_content=thumbnail,Forest &amp; Kim Starr,CC BY 3.0,https://creativecommons.org/licenses/by/3.0,https://en.wikipedia.org/wiki/File:Starr_060405-6884_Portulaca_pilosa.jpg,ok
85,Portunus tridentatus,三齿梭子蟹,,,,,,,no_image
17276,Postorchigenes chinesis,中国亚睾吸虫,,,,,,,no_image
118051,Potamogeton gramineus,禾叶眼子菜,images/00/11/00118051.webp,https://thumb.wikimedia.org/wikipedia/commons/thumb/4/4b/Potamogeton_gramineus_%283817604665%29.jpg/960px-Potamogeton_gramineus_%283817604665%29.jpg?utm_source=en.wikipedia.org&utm_campaign=api&utm_content=thumbnail,pellaea,CC BY 2.0,https://creativecommons.org/licenses/by/2.0,https://en.wikipedia.org/wiki/File:Potamogeton_gramineus_(3817604665).jpg,ok
60164,Potanthus palnia,尖翅黄室弄蝶,images/00/06/00060164.webp,https://thumb.wikimedia.org/wikipedia/commons/thumb/b/bb/Potanthus_palnia.jpg/960px-Potanthus_palnia.jpg?utm_source=en.wikipedia.org&utm_campaign=api&utm_content=thumbnail,Firos AK https://www.inaturalist.org/people/firos_ak,CC BY 4.0,https://creativecommons.org/licenses/by/4.0,https://en.wikipedia.org/wiki/File:Potanthus_palnia.jpg,ok
118096,Potentilla cryptotaeniae,狼牙委陵菜,,,,,,,no_image
118127,Potentilla kansuensis,甘肃委陵菜,,,,,,,no_image
118157,Potentilla pseudosimulatrix,粗齿委陵菜,,,,,,,no_image
118191,Potentilla zhangbeiensis,张北委陵菜,,,,,,,no_image
60186,Pothyne pauloplicata,,,,,,,,no_image
118202,Pourthiaea arguta,锐齿石楠,,,,,,,no_image
118228,Pourthiaea villosa,落叶石楠,images/00/11/00118228.webp,https://thumb.wikimedia.org/wikipedia/commons/thumb/8/81/Photinia_villosa_2015-06-01_OB_059.jpg/960px-Photinia_villosa_2015-06-01_OB_059.jpg?utm_source=en.wikipedia.org&utm_campaign=api&utm_content=thumbnail,Salicyna,CC BY-SA 4.0,https://creativecommons.org/licenses/by-sa/4.0,https://en.wikipedia.org/wiki/File:Photinia_villosa_2015-06-01_OB_059.jpg,ok
2613,Praebebalia bidentata,双齿拟坚壳蟹,,,,,,,no_image
60215,Prasocuris gressitti,蓝绿狭叶甲,,,,,,,no_image
118264,Premna fordii,长序臭黄荆,,,,,,,no_image
118290,Premna scandens,藤豆腐柴,,,,,,,no_image
134152,Preussia aemulans,,,,,,,,no_image
60231,Primnoa jingpohu,镜泊湖翘尾蝗,,,,,,,no_image
118312,Primula ambita,圆回报春,,,,,,,no_image
118334,Primula boreiocalliantha,木里报春,,,,,,,no_image
118359,Primula cerina,蜡黄报春,,,,,,,no_image
118380,Primula comata,镇康报春,,,,,,,no_image
118403,Primula eburnea,乳白垂花报春,,,,,,,no_image
118426,Primula fernaldiana,雅东粉报春,,,,,,,no_image
118449,Primula griffithii,高莛脆蒴报春,,,,,,,no_image
118471,Primula ioessa,缺叶钟报春,,,,,,,no_image
118494,Primula levicalyx,光萼报春,,,,,,,no_image
118516,Primula maximowiczii,胭脂花,,,,,,,no_image
118540,Primula muscoides,苔状小报春,,,,,,,no_image
118567,Primula pelargoniifolia,天竺葵叶报春,,,,,,,no_image
118589,Primula pumilio,柔小粉报春,,,,,,,no_image
118610,Primula russeola,黑萼报春,,,,,,,no_image
118633,Primula sinoplantaginea,车前叶报春,,,,,,,no_image
118657,Primula tayloriana,淡粉报春,,,,,,,no_image
118680,Primula veris,,,https://thumb.wikimedia.org/wikipedia/commons/thumb/3/31/Primula_veris_230405.jpg/960px-Primula_veris_230405.jpg?utm_source=en.wikipedia.org&utm_campaign=api&utm_content=thumbnail,,,,https://en.wikipedia.org/wiki/File:Primula_veris_230405.jpg,license_rejected
118701,Primula woonyoungiana,焕镛报春,,,,,,,no_image
118721,Primulina baishouensis,百寿报春苣苔,,,,,,,no_image
118747,Primulina cordata,心叶报春苣苔,,,,,,,no_image
118767,Primulina fangii,方氏报春苣苔,,,,,,,no_image
118792,Primulina guihaiensis,桂海报春苣苔,,,,,,,no_image
118816,Primulina jiulianshanensis,九连山报春苣苔,,,,,,,no_image
118836,Primulina lijiangensis,漓江报春苣苔,,,,,,,no_image
118861,Primulina luzhaiensis,鹿寨报春苣苔,,,,,,,no_image
118881,Primulina nandanensis,南丹报春苣苔,,,,,,,no_image
118903,Primulina porphyrea,紫背报春苣苔,,,,,,,no_image
118924,Primulina rotundifolia,卵圆报春苣苔,,,,,,,no_image
118952,Primulina subulatisepala,钻萼报春苣苔,,,,,,,no_image
118974,Primulina xingyiensis,兴义报春苣苔,,,,,,,no_image
80254,Prinia inornata,纯色山鹪莺,,https://thumb.wikimedia.org/wikipedia/commons/thumb/d/d1/Plain_prinia_%28Prinia_inornata_inornata%29.jpg/960px-Plain_prinia_%28Prinia_inornata_inornata%29.jpg?utm_source=en.wikipedia.org&utm_campaign=api&utm_content=thumbnail,,,,https://en.wikipedia.org/wiki/Prinia_inornata,license_rejected
60252,Priochirus silvestrii,,,,,,,,no_image
60266,Prionispa sinica,中华楔铁甲,,,,,,,no_image
60279,Prionomma bigibbosum,,,,,,,,no_image
60296,Prionus scabripunctatus,,,,,,,,no_image
80281,Pristigenys meyeri,麦氏锯大眼鲷,,,,,,,no_image
18510,Proales fallaciosa,暧昧前翼轮虫,,,,,,,no_image
10326,Proartacr taiwanensis,,,,,,,,no_image
80296,Procapra przewalskii,普氏原羚,,https://upload.wikimedia.org/wikipedia/commons/5/59/The_book_of_antelopes_%281894%29_Procapra_przewalskii.jpg?utm_source=en.wikipedia.org&utm_campaign=api&utm_content=thumbnail_unscaled,Philip Sclater,Public domain,,https://en.wikipedia.org/wiki/File:The_book_of_antelopes_(1894)_Procapra_przewalskii.jpg,download_failed
60340,Prociphilus cheni,陈氏卷叶绵蚜,,,,,,,no_image
60360,Procladius insularis,岛前突摇蚊,,,,,,,no_image
16957,Proctoeces longisacum,长囊肛居吸虫,,,,,,,no_image
60394,Prodasineura sita,黄条微桥原蟌,,,,,,,no_image
80303,Prognichthys sealei,塞氏真燕鳐(塞氏燕飞鱼),,,,,,,no_image
60419,Prolygus niger,黑始丽盲蝽,,,,,,,no_image
60439,Promachus ramakrishnai,拉马叉胫食虫虻,,,,,,,no_image
119004,Pronephrium longipetiolatum,长柄新月蕨,,,,,,,no_image
60450,Pronomaea thaxteri,,,,,,,,no_image
60458,Propsilocerus taihuensis,太湖裸须摇蚊,,,,,,,no_image
119021,Prosaptia obliquata,琼崖穴子蕨,,,,,,,no_image
60487,Prosciara latifurca,侧叉首眼蕈蚊,,,,,,,no_image
60505,Prosena siberita,金龟长喙寄蝇,images/00/06/00060505.webp,https://thumb.wikimedia.org/wikipedia/commons/thumb/b/b1/Diptera-Tachinidae-Prosena-siberita-201308250095.JPG/960px-Diptera-Tachinidae-Prosena-siberita-201308250095.JPG?utm_source=en.wikipedia.org&utm_campaign=api&utm_content=thumbnail,TristramBrelstaff,CC BY-SA 3.0,https://creativecommons.org/licenses/by-sa/3.0,https://en.wikipedia.org/wiki/File:Diptera-Tachinidae-Prosena-siberita-201308250095.JPG,ok
60527,Prosoligosita perplexa,印度四棒赤眼蜂,,,,,,,no_image
17097,Prosorhynchus clarias,胡子鲶前吻吸虫,,,,,,,no_image
60545,Prospalta stellata,卫星普夜蛾,,,,,,,no_image
17279,Prosthodendrium duboisi,杜氏前腺吸虫,,,,,,,no_image
17055,Prosthogonimus ovatus,卵形前殖吸虫,,,,,,,no_image
19367,Protaphorura jilinensis,,,,,,,,no_image
3407,Proterato sulcifera,沟原爱神螺,images/00/00/00003407.webp,https://thumb.wikimedia.org/wikipedia/commons/thumb/c/c2/Eratoena_sulcifera_%28MNHN-IM-2000-25758%29_001.jpeg/960px-Eratoena_sulcifera_%28MNHN-IM-2000-25758%29_001.jpeg?utm_source=en.wikipedia.org&utm_campaign=api&utm_content=thumbnail,Manuel CABALLER,CC BY 4.0,https://creativecommons.org/licenses/by/4.0,https://en.wikipedia.org/wiki/File:Eratoena_sulcifera_(MNHN-IM-2000-25758)_001.jpeg,ok
60589,Protidricerus elwesii,宽原完眼蝶角蛉,,,,,,,no_image
80316,Protobothrops kaulbacki,缅北原矛头蝮,,,,,,,no_image
60605,Protocypus fulvotomentosus,,,,,,,,no_image
60622,Protohermes cangyuanensis,沧源星齿蛉,,,,,,,no_image
60642,Protohermes hubeiensis,湖北星齿蛉,,,,,,,no_image
60662,Protohermes yunnanensis,云南星齿蛉,,,,,,,no_image
144913,Protomyces microsporus,,,,,,,,no_image
7015,Protoptilum orientalum,东方原羽海鳃,,,,,,,no_image
311,Protothaca euglypta,真曲布目蛤,,,,,,,no_image
60708,Proxylocopa przewalskyi,褐足原木蜂,,,,,,,no_image
119043,Prunus austrosinensis,南方桂樱,,,,,,,no_image
119073,Prunus discadenia,盘腺樱桃,,,,,,,no_image
119094,Prunus hypoleuca,臭樱,,,,,,,no_image
119121,Prunus mugus,偃樱桃,,,,,,,no_image
119149,Prunus salicina,李,,https://upload.wikimedia.org/wikipedia/commons/9/9e/W_sumomo4061.jpg?utm_source=en.wikipedia.org&utm_campaign=api&utm_content=thumbnail_unscaled,,CC BY-SA 3.0,http://creativecommons.org/licenses/by-sa/3.0/,https://en.wikipedia.org/wiki/File:W_sumomo4061.jpg,download_failed
119181,Prunus tomentosa,毛樱桃,images/00/11/00119181.webp,https://thumb.wikimedia.org/wikipedia/commons/thumb/d/df/Berries_and_leaves_of_Prunus_Cerasus_tomentosa.jpg/960px-Berries_and_leaves_of_Prunus_Cerasus_tomentosa.jpg?utm_source=en.wikipedia.org&utm_campaign=api&utm_content=thumbnail,Ruslan V.Albitsky aka pauk,CC BY-SA 2.5,https://creativecommons.org/licenses/by-sa/2.5,https://en.wikipedia.org/wiki/File:Berries_and_leaves_of_Prunus_Cerasus_tomentosa.jpg,ok
119203,Prunus zhuxiensis,竹溪樱,,,,,,,no_image
145506,Psalliota placomyces,,,,,,,,no_image
7259,Psammocora digitata,指形沙珊瑚,,,,,,,no_image
5483,Psammotreta gubnanulum,截形白樱蛤,,,,,,,no_image
148039,Psathyrella cernua,,,,,,,,no_image
148059,Psathyrella kauffmanii,,,,,,,,no_image
148079,Psathyrella pertinax,,,,,,,,no_image
148099,Psathyrella subatrata,,,,,,,,no_image
13634,Psechrus inflatus,膨胀褛网蛛,,,,,,,no_image
60744,Psectrocladius obvius,明显刀突摇蚊,,,,,,,no_image
60763,Pselaphodes cornutus,,,,,,,,no_image
60783,Pselaphodes kishimotoi,,,,,,,,no_image
60803,Pselaphodes spinosus,,,,,,,,no_image
60823,Pselaphus chineus,,,,,,,,no_image
60842,Pselliophora longshengensis,龙胜比栉大蚊,,,,,,,no_image
80370,Psettina hainanensis,海南鳒鲆,,,,,,,no_image
80375,Pseudagkistrodon rudis,颈棱蛇,,https://upload.wikimedia.org/wikipedia/commons/0/02/Macropisthodon_rudis_from_Taiwan.jpg?utm_source=en.wikipedia.org&utm_campaign=api&utm_content=thumbnail_unscaled,王緒昂,CC BY 2.5,https://creativecommons.org/licenses/by/2.5,https://en.wikipedia.org/wiki/File:Macropisthodon_rudis_from_Taiwan.jpg,download_failed
60879,Pseudalosterna elegantula,,,,,,,,no_image
60895,Pseudanaesthetis mizunumai,,,,,,,,no_image
80394,Pseudanthias tuka,静拟花鮨,,,,,,,no_image
80396,Pseudaspius leptocephalus,拟赤梢鱼,,,,,,,no_image
80401,Pseudecheneis paviei,平吻褶&#x0000E065;,,,,,,,no_image
119228,Pseuderanthemum teysmannii,红河山壳骨,,,,,,,no_image
13062,Pseudicius dapoensis,大坡拟伊蛛,,,,,,,no_image
148601,Pseudoarmillariella ectypoides,,,,,,,,no_image
80426,Pseudobagrus taiwanensis,台湾拟鲿,,,,,,,no_image
60959,Pseudobironium hisamatsui,,,,,,,,no_image
119236,Pseudobriggsia damingshanensis,佛筒苣苔,,,,,,,no_image
60985,Pseudocalea schuelkei,,,,,,,,no_image
119241,Pseudocaryopteris paniculata,锥花莸,,,,,,,no_image
132816,Pseudocercospora ageratoides,,,,,,,,no_image
132836,Pseudocercospora arecacearum,,,,,,,,no_image
132856,Pseudocercospora bougainvilleae,,,,,,,,no_image
132876,Pseudocercospora ceanothi,,,,,,,,no_image
132896,Pseudocercospora consociata,,,,,,,,no_image
132916,Pseudocercospora cymbidiicola,,,,,,,,no_image
132936,Pseudocercospora elaeodendri,,,,,,,,no_image
132956,Pseudocercospora forrestiae,,,,,,,,no_image
132976,Pseudocercospora heteromalla,,,,,,,,no_image
132996,Pseudocercospora jussiaeae,,,,,,,,no_image
133016,Pseudocercospora lonicericola,,,,,,,,no_image
133036,Pseudocercospora millettiae,,,,,,,,no_image
133056,Pseudocercospora nojimae,,,,,,,,no_image
133076,Pseudocercospora petila,一品红假尾孢,,,,,,,no_image
133096,Pseudocercospora prunicola,,,,,,,,no_image
133116,Pseudocercospora riachueli,,,,,,,,no_image
133136,Pseudocercospora sordida,,,,,,,,no_image
133156,Pseudocercospora taichungensis,,,,,,,,no_image
133176,Pseudocercospora viburni-cylindrici,,,,,,,,no_image
80445,Pseudocetonurus septifer,拟栉尾鳕,,,,,,,no_image
80450,Pseudochromis cyanotaenia,蓝带拟雀鲷,,https://upload.wikimedia.org/wikipedia/commons/0/02/Pseudochromis_cyanotaenia_juvenile.jpg?utm_source=en.wikipedia.org&utm_campaign=api&utm_content=thumbnail_unscaled,Rainer Kretzberg,CC BY 3.0,https://creativecommons.org/licenses/by/3.0,https://en.wikipedia.org/wiki/File:Pseudochromis_cyanotaenia_juvenile.jpg,download_failed
61005,Pseudococcus comstocki,康氏粉蚧,,https://upload.wikimedia.org/wikipedia/commons/6/64/Pseudococcus_comstocki_%28Comstock_mealybug%29_%28cropped%29.png?utm_source=en.wikipedia.org&utm_campaign=api&utm_content=thumbnail_unscaled,Giuseppina Pellizzari,CC BY 3.0,https://creativecommons.org/licenses/by/3.0,https://en.wikipedia.org/wiki/File:Pseudococcus_comstocki_(Comstock_mealybug)_(cropped).png,download_failed
150837,Pseudocolus fusiformis,三叉鬼笔,images/00/15/00150837.webp,https://thumb.wikimedia.org/wikipedia/commons/thumb/2/28/Pseudocolus_fusiformis_423862.jpg/960px-Pseudocolus_fusiformis_423862.jpg?utm_source=en.wikipedia.org&utm_campaign=api&utm_content=thumbnail,Jon (watchcat),CC BY-SA 3.0,https://creativecommons.org/licenses/by-sa/3.0,https://en.wikipedia.org/wiki/File:Pseudocolus_fusiformis_423862.jpg,ok
17241,Pseudocryptotropa formosae,宝岛假隐弯吸虫,,,,,,,no_image
119289,Pseudocyclosorus latilobus,阔片假毛蕨,,,,,,,no_image
119309,Pseudocyclosorus xinpingensis,新平假毛蕨,,,,,,,no_image
61024,Pseudodendrothrips lateralis,侧伪棍蓟马,,,,,,,no_image
61037,Pseudoechthistatus chiangshunani,,,,,,,,no_image
61063,Pseudofentonia medioalbida,白中拟纷舟蛾,images/00/06/00061063.webp,https://thumb.wikimedia.org/wikipedia/commons/thumb/4/43/Pseudofentonia_%28Mimus%29_medioalbida.jpg/960px-Pseudofentonia_%28Mimus%29_medioalbida.jpg?utm_source=en.wikipedia.org&utm_campaign=api&utm_content=thumbnail,Hsu Hong Lin,CC BY-SA 2.0,https://creativecommons.org/licenses/by-sa/2.0,https://en.wikipedia.org/wiki/File:Pseudofentonia_(Mimus)_medioalbida.jpg,ok
61071,Pseudogargetta marmorata,愚舟蛾,,,,,,,no_image
119321,Pseudognaphalium luteoalbum,丝棉草,,https://upload.wikimedia.org/wikipedia/commons/f/fe/Pseudognaphalium_luteoalbum01.jpg?utm_source=en.wikipedia.org&utm_campaign=api&utm_content=thumbnail_unscaled,,CC BY-SA 3.0,http://creativecommons.org/licenses/by-sa/3.0/,https://en.wikipedia.org/wiki/File:Pseudognaphalium_luteoalbum01.jpg,download_failed
143739,Pseudohalonectria longirostrum,,,,,,,,no_image
61088,Pseudohoplitis vernalis,,,,,,,,no_image
61092,Pseudoips sylpha,希饰夜蛾,,,,,,,no_image
61100,Pseudolathra regularis,,,,,,,,no_image
61112,Pseudoligosita nephotetticum,叶蝉伪寡赤眼蜂,,,,,,,no_image
119338,Pseudolophozia sudetica,假裂叶苔,,,,,,,no_image
119348,Pseudolysimachion rotundum,无柄穗花,,,,,,,no_image
61154,Pseudomallada chaoi,赵氏叉草蛉,,,,,,,no_image
61174,Pseudomallada heudei,震旦叉草蛉,,,,,,,no_image
61194,Pseudomallada qingchengshana,青城叉草蛉,,,,,,,no_image
140657,Pseudombrophila xiangchengensis,乡城假雨盘菌,,,,,,,no_image
12894,Pseudomogrus albocinctus,白伪莫蛛,,,,,,,no_image
80505,Pseudonus squamiceps,鳞头拟鼠鳚,,,,,,,no_image
61234,Pseudopelmatops yunnanensis,云南拟突眼实蝇,,,,,,,no_image
119367,Pseudophegopteris rectangularis,对生紫柄蕨,,,,,,,no_image
61249,Pseudoplandria contusa,,,,,,,,no_image
61269,Pseudoplandria osellaiana,,,,,,,,no_image
13359,Pseudopoda bibulba,双球伪遁蛛,,,,,,,no_image
13454,Pseudopoda lushanensis,庐山伪遁蛛,,,,,,,no_image
13398,Pseudopoda shuo,硕伪遁蛛,,,,,,,no_image
80507,Pseudopodoces humilis,地山雀,,https://thumb.wikimedia.org/wikipedia/commons/thumb/6/68/Ground_Tit_north_Sikkim_India_16.10.2019.jpg/960px-Ground_Tit_north_Sikkim_India_16.10.2019.jpg?utm_source=en.wikipedia.org&utm_campaign=api&utm_content=thumbnail,,,,https://en.wikipedia.org/wiki/Pseudopodoces_humilis,license_rejected
61290,Pseudopsis smetanai,,,,,,,,no_image
119386,Pseudopyxis monilirhizoma,胀节假盖果草,,,,,,,no_image
61302,Pseudorhodania marginata,碎粉蚧,,,,,,,no_image
61309,Pseudorientis rotundiceps,,,,,,,,no_image
119393,Pseudosasa amabilis,茶竿竹,,,,,,,no_image
3200,Pseudosesarma patshuni,帕氏假相手蟹,,,,,,,no_image
61330,Pseudosmittia guineensis,几内亚伪施密摇蚊,,,,,,,no_image
143327,Pseudospiropes mussaendae,,,,,,,,no_image
61359,Pseudostegana silvana,森林斑翅果蝇,,,,,,,no_image
119434,Pseudostellaria zhejiangensis,浙江孩儿参,,,,,,,no_image
61370,Pseudoterpna simplex,平假垂耳尺蛾,,,,,,,no_image
119447,Pseudotsuga forrestii,澜沧黄杉,,,,,,,no_image
61389,Pseudoxyporus pulchellus,,,,,,,,no_image
61405,Psila potanini,波塔茎蝇,,,,,,,no_image
146692,Psilocybe crobula,鳞柄裸盖菇,,,,,,,no_image
146712,Psilocybe rhombispora,裸盖菇,,,,,,,no_image
61420,Psilometriocnemus saetheri,萨特裸中足摇蚊,,,,,,,no_image
61440,Psilopa rufipes,红足凸额水蝇,,,,,,,no_image
61447,Psilotagma decorata,染尺蛾,,,,,,,no_image
80560,Psittacula eupatria,亚历山大鹦鹉,images/00/08/00080560.webp,https://thumb.wikimedia.org/wikipedia/commons/thumb/e/e9/Alexandrine_parakeet_%28Psittacula_eupatria_eupatria%29_male.jpg/960px-Alexandrine_parakeet_%28Psittacula_eupatria_eupatria%29_male.jpg?utm_source=en.wikipedia.org&utm_campaign=api&utm_content=thumbnail,Charles J. Sharp,CC BY-SA 4.0,https://creativecommons.org/licenses/by-sa/4.0,https://en.wikipedia.org/wiki/File:Alexandrine_parakeet_(Psittacula_eupatria_eupatria)_male.jpg,ok
136485,Psora himalayana,,,,,,,,no_image
61479,Psychoda fo-no.1,台湾一号蛾蠓,,,,,,,no_image
119476,Psychotria hainanensis,海南九节,,,,,,,no_image
61494,Psyllaephagus latiscapus,阔柄木虱跳小蜂,,,,,,,no_image
61512,Ptecticus srilankai,斯里兰卡指突水虻,,,,,,,no_image
4473,Pterelectroma physoides,斑马翼电光贝,,,,,,,no_image
4474,Pteria savignyi,萨氏珍珠贝,,,,,,,no_image
119520,Pteris baksaensis,白沙凤尾蕨,,,,,,,no_image
119554,Pteris finotii,疏裂凤尾蕨,,,,,,,no_image
119578,Pteris longipinnula,翠绿凤尾蕨,,,,,,,no_image
119600,Pteris pseudopellucida,单叶凤尾蕨,,,,,,,no_image
119622,Pteris tripartita,三叉凤尾蕨,images/00/11/00119622.webp,https://thumb.wikimedia.org/wikipedia/commons/thumb/7/75/Pteris_tripartita_Sw._%28AM_AK349024%29.jpg/960px-Pteris_tripartita_Sw._%28AM_AK349024%29.jpg?utm_source=en.wikipedia.org&utm_campaign=api&utm_content=thumbnail,Art Whistler,CC BY 4.0,https://creativecommons.org/licenses/by/4.0,https://en.wikipedia.org/wiki/File:Pteris_tripartita_Sw._(AM_AK349024).jpg,ok
119646,Pternopetalum longicaule,长茎囊瓣芹,,,,,,,no_image
61523,Pterobates pennipes,幽麟蜂虻,,,,,,,no_image
119682,Pterocarpus marsupium,囊果紫檀,,https://upload.wikimedia.org/wikipedia/commons/7/73/Pterocarpus_marsupium_-_K%C3%B6hler%E2%80%93s_Medizinal-Pflanzen-252.jpg?utm_source=en.wikipedia.org&utm_campaign=api&utm_content=thumbnail_unscaled,"Franz Eugen Köhler, Köhler's Medizinal-Pflanzen",Public domain,,https://en.wikipedia.org/wiki/File:Pterocarpus_marsupium_-_Köhler–s_Medizinal-Pflanzen-252.jpg,download_failed
80598,Pterocles orientalis,黑腹沙鸡,images/00/08/00080598.webp,https://thumb.wikimedia.org/wikipedia/commons/thumb/2/21/Pterocles_orientalis_in_flight.jpg/960px-Pterocles_orientalis_in_flight.jpg?utm_source=en.wikipedia.org&utm_campaign=api&utm_content=thumbnail,Andreas Trepte,CC BY-SA 4.0,https://creativecommons.org/licenses/by-sa/4.0,https://en.wikipedia.org/wiki/File:Pterocles_orientalis_in_flight.jpg,ok
61528,Pterogenia flavopicta,黃彩美翅广口蝇,,,,,,,no_image
119708,Pterolobium macropterum,大翅老虎刺,,,,,,,no_image
61554,Pterolophia caudata,,images/00/06/00061554.webp,https://thumb.wikimedia.org/wikipedia/commons/thumb/b/b3/Brown-spotted_longicorn_beetle_holding_on_to_the_grass_-_2.jpg/960px-Brown-spotted_longicorn_beetle_holding_on_to_the_grass_-_2.jpg?utm_source=en.wikipedia.org&utm_campaign=api&utm_content=thumbnail,KKPCW（Kyu3）,CC BY-SA 4.0,https://creativecommons.org/licenses/by-sa/4.0,https://en.wikipedia.org/wiki/File:Brown-spotted_longicorn_beetle_holding_on_to_the_grass_-_2.jpg,ok
61576,Pterolophia humerosa,,,,,,,,no_image
61599,Pterolophia omeishana,,,,,,,,no_image
61619,Pterolophia subunicolor,,,,,,,,no_image
61636,Pteronemobius indicus,印度异针蟋,,,,,,,no_image
80640,Pterorhinus koslowi,棕草鹛,images/00/08/00080640.webp,https://thumb.wikimedia.org/wikipedia/commons/thumb/a/a8/Pterorhinus_koslowi_-_James_Eaton_-_367800186.jpeg/960px-Pterorhinus_koslowi_-_James_Eaton_-_367800186.jpeg?utm_source=en.wikipedia.org&utm_campaign=api&utm_content=thumbnail,James Eaton,CC0,http://creativecommons.org/publicdomain/zero/1.0/deed.en,https://en.wikipedia.org/wiki/File:Pterorhinus_koslowi_-_James_Eaton_-_367800186.jpeg,ok
147316,Pterospora atrocyanea,黑蓝翼孢菌,,,,,,,no_image
148128,Pterula himalayensis,,,,,,,,no_image
61653,Pterygida eurypyga,宽翅球螋,,,,,,,no_image
119735,Pterygopleurum neurophyllum,翅棱芹,,,,,,,no_image
119743,Ptilagrostis contracta,紧序细柄茅,,,,,,,no_image
61667,Ptilodon autumnalis,秋羽齿舟蛾,,,,,,,no_image
61688,Ptisciana seminivea,洁夜蛾,,https://thumb.wikimedia.org/wikipedia/commons/thumb/f/f0/Ptisciana_seminivea_%28Noctuidae%29_%287222521030%29.jpg/960px-Ptisciana_seminivea_%28Noctuidae%29_%287222521030%29.jpg?utm_source=en.wikipedia.org&utm_campaign=api&utm_content=thumbnail,,,,https://en.wikipedia.org/wiki/Ptisciana_seminivea,license_rejected
12897,Ptocasius vittatus,饰圈兜跳蛛,,,,,,,no_image
4378,Ptychobela suturalis,线缝摺塔螺,,https://upload.wikimedia.org/wikipedia/commons/1/1f/Ptychobela_suturalis_001.jpg?utm_source=en.wikipedia.org&utm_campaign=api&utm_content=thumbnail_unscaled,Naturalis Biodiversity Center,CC0,http://creativecommons.org/publicdomain/zero/1.0/deed.en,https://en.wikipedia.org/wiki/File:Ptychobela_suturalis_001.jpg,download_failed
119765,Ptychomitrium tortula,扭叶缩叶藓,,,,,,,no_image
61709,Ptygonotus chinghaiensis,青海凹背蝗,,,,,,,no_image
119770,Puccinellia chinampoensis,朝鲜碱茅,,,,,,,no_image
119790,Puccinellia ladakhensis,拉达克碱茅,,,,,,,no_image
119810,Puccinellia stapfiana,藏北碱茅,,,,,,,no_image
153502,Puccinia adjuncta,蒿柄锈菌,,,,,,,no_image
153522,Puccinia anemones-raddeanae,多被银莲花柄锈菌,,,,,,,no_image
153542,Puccinia artemisiae-keiskeanae,凯氏蒿柄锈菌,,,,,,,no_image
153562,Puccinia asteris,紫苑柄锈菌,images/00/15/00153562.webp,https://thumb.wikimedia.org/wikipedia/commons/thumb/d/da/Puccinia_cnici-oleracei_WF5_%283%29.jpg/960px-Puccinia_cnici-oleracei_WF5_%283%29.jpg?utm_source=en.wikipedia.org&utm_campaign=api&utm_content=thumbnail,Jerzy Opioła,CC BY-SA 4.0,https://creativecommons.org/licenses/by-sa/4.0,https://en.wikipedia.org/wiki/File:Puccinia_cnici-oleracei_WF5_(3).jpg,ok
153582,Puccinia bolleyana,博利柄锈菌,,,,,,,no_image
153602,Puccinia campanumeae,金钱豹柄锈菌,,,,,,,no_image
153622,Puccinia caricis-lingii,林氏苔草柄锈菌,,,,,,,no_image
153642,Puccinia chelonopsidis,铃子香柄锈菌,,,,,,,no_image
153662,Puccinia cnici-oleracei,蔬食蓟柄锈菌,images/00/15/00153662.webp,https://thumb.wikimedia.org/wikipedia/commons/thumb/d/da/Puccinia_cnici-oleracei_WF5_%283%29.jpg/960px-Puccinia_cnici-oleracei_WF5_%283%29.jpg?utm_source=en.wikipedia.org&utm_campaign=api&utm_content=thumbnail,Jerzy Opioła,CC BY-SA 4.0,https://creativecommons.org/licenses/by-sa/4.0,https://en.wikipedia.org/wiki/File:Puccinia_cnici-oleracei_WF5_(3).jpg,ok
153682,Puccinia crepidis-sibiricae,,,,,,,,no_image
153702,Puccinia dispori,万寿竹柄锈菌,,,,,,,no_image
153722,Puccinia eragrostidis-ferrugineae,,,,,,,,no_image
153742,Puccinia ferruginosa,,,,,,,,no_image
153762,Puccinia geranii-doniani,多氏老鹳草柄锈菌,,,,,,,no_image
153782,Puccinia harioti,哈氏柄锈,,,,,,,no_image
153802,Puccinia holboelliae-latifoliae,宽叶牛姆瓜柄锈菌,,,,,,,no_image
153822,Puccinia iridis,莺尾柄锈菌多孔变种,,,,,,,no_image
153842,Puccinia kwangsiana,广西柄锈,,,,,,,no_image
153862,Puccinia lauricola,月桂生柄锈菌,,,,,,,no_image
153882,Puccinia linkii,林克柄锈菌,,,,,,,no_image
153902,Puccinia mammillata,乳头状柄锈菌,,,,,,,no_image
153922,Puccinia miyakei,三宅柄锈菌,,,,,,,no_image
153942,Puccinia nerviphila,,,,,,,,no_image
153962,Puccinia okatamaensis,丘 珠 柄 锈 菌,,,,,,,no_image
153982,Puccinia partheniicola,,,,,,,,no_image
154002,Puccinia pilearum,冷水花柄锈菌,,,,,,,no_image
154022,Puccinia polygoni-cyanandri,蓝药蓼柄锈菌,,,,,,,no_image
154042,Puccinia psammochloae,沙鞭柄锈菌,,,,,,,no_image
154062,Puccinia ribis,茶藨子柄锈菌,,,,,,,no_image
154082,Puccinia saxifragae-ciliatae,腺毛岩白菜柄锈菌,,,,,,,no_image
154102,Puccinia sessilis,,images/00/15/00154102.webp,https://thumb.wikimedia.org/wikipedia/commons/thumb/f/f8/Puccinia_sessilis_0521.jpg/960px-Puccinia_sessilis_0521.jpg?utm_source=en.wikipedia.org&utm_campaign=api&utm_content=thumbnail,Velella,CC BY-SA 3.0,https://creativecommons.org/licenses/by-sa/3.0,https://en.wikipedia.org/wiki/File:Puccinia_sessilis_0521.jpg,ok
154122,Puccinia smilacis-sempervirentis,常绿菝葜柄锈菌,,,,,,,no_image
154142,Puccinia striiformoides,,,,,,,,no_image
154162,Puccinia thaliae,美人蕉柄锈菌,,https://upload.wikimedia.org/wikipedia/commons/9/91/Puccinia_thaliae_uredinium.jpg?utm_source=en.wikipedia.org&utm_campaign=api&utm_content=thumbnail_unscaled,"Tharntip Bhasabutra Department of Agriculture, Thailand",CC BY 3.0 au,https://creativecommons.org/licenses/by/3.0/au/deed.en,https://en.wikipedia.org/wiki/File:Puccinia_thaliae_uredinium.jpg,download_failed
154182,Puccinia trabutii,,,,,,,,no_image
154202,Puccinia veratri,藜芦柄锈菌,,,,,,,no_image
154222,Puccinia xanthii,苍耳柄锈,images/00/15/00154222.webp,https://thumb.wikimedia.org/wikipedia/commons/thumb/d/d3/Distrubution_of_Puccinia_xanthii.jpg/960px-Distrubution_of_Puccinia_xanthii.jpg?utm_source=en.wikipedia.org&utm_campaign=api&utm_content=thumbnail,MasonTheLizard,CC BY-SA 4.0,https://creativecommons.org/licenses/by-sa/4.0,https://en.wikipedia.org/wiki/File:Distrubution_of_Puccinia_xanthii.jpg,ok
154486,Pucciniastrum formosanum,台湾膨痂锈菌,,,,,,,no_image
153349,Pucciniostele mandschurica,东北两型锈菌,,,,,,,no_image
4644,Pugettia nipponensis,日本矶蟹,,,,,,,no_image
119843,Pulicaria vulgaris,蚤草,images/00/11/00119843.webp,https://thumb.wikimedia.org/wikipedia/commons/thumb/a/a0/PulicariaVulgaris2.jpg/960px-PulicariaVulgaris2.jpg?utm_source=en.wikipedia.org&utm_campaign=api&utm_content=thumbnail,Christian Fischer,CC BY-SA 3.0,https://creativecommons.org/licenses/by-sa/3.0,https://en.wikipedia.org/wiki/File:PulicariaVulgaris2.jpg,ok
119865,Pulsatilla saxatilis,岩生白头翁,,,,,,,no_image
61736,Pulvinaria neocellulosa,角绵蜡蚧,,,,,,,no_image
3767,Punctacteon kirai,吉良斑捻螺,,,,,,,no_image
80716,Puntioplites waandersi,爪哇鲃鲤,images/00/08/00080716.webp,https://thumb.wikimedia.org/wikipedia/commons/thumb/9/99/Puntioplites_waandersi_Bleeker.jpg/960px-Puntioplites_waandersi_Bleeker.jpg?utm_source=en.wikipedia.org&utm_campaign=api&utm_content=thumbnail,"Published by Zoologische Mededelingen, at http://www.zoologischemededelingen.nl .  Creative commons license published on main page.",CC BY 3.0,https://creativecommons.org/licenses/by/3.0,https://en.wikipedia.org/wiki/File:Puntioplites_waandersi_Bleeker.jpg,ok
17648,Pupinidius gregorii,格氏婴螺,,,,,,,no_image
61756,Purpuricenus sideriger,,,,,,,,no_image
6630,Pusula producta,凸泡螺,,,,,,,no_image
80726,Pycnonotus aurigaster,白喉红臀鹎,,https://thumb.wikimedia.org/wikipedia/commons/thumb/b/b9/Pycnonotus_aurigaster_pair.JPG/960px-Pycnonotus_aurigaster_pair.JPG?utm_source=en.wikipedia.org&utm_campaign=api&utm_content=thumbnail,,,,https://en.wikipedia.org/wiki/Pycnonotus_aurigaster,license_rejected
17224,Pycnoporus minimus,微小坚盘吸虫,,,,,,,no_image
61768,Pygaera timon,拟扇舟蛾,,https://upload.wikimedia.org/wikipedia/commons/f/fd/Pygaera_timon.jpg?utm_source=en.wikipedia.org&utm_campaign=api&utm_content=thumbnail_unscaled,Janne Rainio,Copyrighted free use,,https://en.wikipedia.org/wiki/File:Pygaera_timon.jpg,license_rejected
61776,Pygophora immacularis,异斑尾秽蝇,,,,,,,no_image
80751,Pygoplites diacanthus,双棘甲尻鱼,images/00/08/00080751.webp,https://thumb.wikimedia.org/wikipedia/commons/thumb/0/0a/Pez_%C3%A1ngel_real_%28Pygoplites_diacanthus%29%2C_parque_nacional_Ras_Muhammad%2C_Egipto%2C_2022-03-26%2C_DD_155.jpg/960px-Pez_%C3%A1ngel_real_%28Pygoplites_diacanthus%29%2C_parque_nacional_Ras_Muhammad%2C_Egipto%2C_2022-03-26%2C_DD_155.jpg?utm_source=en.wikipedia.org&utm_campaign=api&utm_content=thumbnail,Diego Delso,CC BY-SA 4.0,https://creativecommons.org/licenses/by-sa/4.0,"https://en.wikipedia.org/wiki/File:Pez_ángel_real_(Pygoplites_diacanthus),_parque_nacional_Ras_Muhammad,_Egipto,_2022-03-26,_DD_155.jpg",ok
119915,Pylaisia polyantha,金灰藓,,,,,,,no_image
119931,Pyracantha koidzumii,台湾火棘,images/00/11/00119931.webp,https://thumb.wikimedia.org/wikipedia/commons/thumb/2/2c/Pyracantha_koidzumii_Santa_Cruz_flowers.jpg/960px-Pyracantha_koidzumii_Santa_Cruz_flowers.jpg?utm_source=en.wikipedia.org&utm_campaign=api&utm_content=thumbnail,Stan Shebs,CC BY-SA 3.0,https://creativecommons.org/licenses/by-sa/3.0,https://en.wikipedia.org/wiki/File:Pyracantha_koidzumii_Santa_Cruz_flowers.jpg,ok
119947,Pyrenaria oblongicarpa,长核果茶,,,,,,,no_image
134674,Pyrenula chondrina,,,,,,,,no_image
134694,Pyrenula nebulosa,,,,,,,,no_image
61813,Pyrestes densatus,,,,,,,,no_image
6583,Pyrgomina oulastreae,齿纹高塔藤壶,,,,,,,no_image
119956,Pyrola alboreticulata,花叶鹿蹄草,,,,,,,no_image
119977,Pyrola rugosa,皱叶鹿蹄草,,,,,,,no_image
150531,Pyropolyporus pectinatus,筐形褐层孔,,,,,,,no_image
119984,Pyrrhobryum dozyanum,大桧藓,,,,,,,no_image
119987,Pyrrosia adnascens,贴生石韦,images/00/11/00119987.webp,https://thumb.wikimedia.org/wikipedia/commons/thumb/6/63/PyrrosiaadnascensShenzhen.jpg/960px-PyrrosiaadnascensShenzhen.jpg?utm_source=en.wikipedia.org&utm_campaign=api&utm_content=thumbnail,"Poyt448, Peter Woodard",CC0,http://creativecommons.org/publicdomain/zero/1.0/deed.en,https://en.wikipedia.org/wiki/File:PyrrosiaadnascensShenzhen.jpg,ok
120007,Pyrrosia mannii,蔓氏石韦,,,,,,,no_image
4147,Pyrunculus tokyoensis,东京梨螺,,,,,,,no_image
80784,Python bivittatus,缅甸蟒（双带蚺）,,https://upload.wikimedia.org/wikipedia/commons/1/10/Brooding_female_Python_molurus_bivittatus.jpg?utm_source=en.wikipedia.org&utm_campaign=api&utm_content=thumbnail_unscaled,Tigerpython,CC BY 3.0,https://creativecommons.org/licenses/by/3.0,https://en.wikipedia.org/wiki/File:Brooding_female_Python_molurus_bivittatus.jpg,download_failed
120050,Qineryangia baoxingensis,亲二菊,,,,,,,no_image
16746,Qiongthela yinae,尹氏琼蛛,,,,,,,no_image
152882,Quambalaria cyanescens,,,,,,,,no_image
155612,Quatunica erythropus,,,,,,,,no_image
61910,Quedius beesoni,,,,,,,,no_image
61930,Quedius chinensis,,,,,,,,no_image
61950,Quedius echion,,,,,,,,no_image
61970,Quedius filiolus,,,,,,,,no_image
61990,Quedius hei,,,,,,,,no_image
62010,Quedius kalganensis,,,,,,,,no_image
62030,Quedius lanugo,,,,,,,,no_image
62050,Quedius meilixue,,,,,,,,no_image
62070,Quedius nireus,,,,,,,,no_image
62090,Quedius pluvialis,,,,,,,,no_image
62110,Quedius rubor,,,,,,,,no_image
62130,Quedius syh,,,,,,,,no_image
62150,Quedius vafer,,,,,,,,no_image
62170,Quedius zenon,,,,,,,,no_image
120067,Quercus baloot,巴洛特栎,images/00/12/00120067.webp,https://thumb.wikimedia.org/wikipedia/commons/thumb/3/3f/Quercus_baloot.jpg/960px-Quercus_baloot.jpg?utm_source=en.wikipedia.org&utm_campaign=api&utm_content=thumbnail,MNHN - Museum national d'Histoire naturelle,CC BY 4.0,https://creativecommons.org/licenses/by/4.0,https://en.wikipedia.org/wiki/File:Quercus_baloot.jpg,ok
120087,Quercus disciformis,碟斗青冈,,,,,,,no_image
120107,Quercus jenseniana,大叶青冈,,,,,,,no_image
120127,Quercus multinervis,多脉青冈,,,,,,,no_image
120147,Quercus semecarpifolia,高山栎,images/00/12/00120147.webp,https://thumb.wikimedia.org/wikipedia/commons/thumb/0/0e/Quercus_semecarpifolia_kz04.jpg/960px-Quercus_semecarpifolia_kz04.jpg?utm_source=en.wikipedia.org&utm_campaign=api&utm_content=thumbnail,"Krzysztof Ziarnek, Kenraiz",CC BY-SA 4.0,https://creativecommons.org/licenses/by-sa/4.0,https://en.wikipedia.org/wiki/File:Quercus_semecarpifolia_kz04.jpg,ok
120169,Quercus variabilis,栓皮栎,images/00/12/00120169.webp,https://thumb.wikimedia.org/wikipedia/commons/thumb/a/ae/Quercus_Variabilis.jpg/960px-Quercus_Variabilis.jpg?utm_source=en.wikipedia.org&utm_campaign=api&utm_content=thumbnail,chiuluan,CC BY 4.0,https://creativecommons.org/licenses/by/4.0,https://en.wikipedia.org/wiki/File:Quercus_Variabilis.jpg,ok
9156,Quinquoppia nobilis,显五奥甲螨,,,,,,,no_image
62203,Rabigus alienus,,,,,,,,no_image
144564,Rachidicola palmae,,,,,,,,no_image
120181,Racomitrium lanuginosum,白毛砂藓,images/00/12/00120181.webp,https://thumb.wikimedia.org/wikipedia/commons/thumb/6/6c/Racomitrium_lanuginosum_%28c%2C_141022-472335%29_0960.JPG/960px-Racomitrium_lanuginosum_%28c%2C_141022-472335%29_0960.JPG?utm_source=en.wikipedia.org&utm_campaign=api&utm_content=thumbnail,HermannSchachner,CC0,http://creativecommons.org/publicdomain/zero/1.0/deed.en,"https://en.wikipedia.org/wiki/File:Racomitrium_lanuginosum_(c,_141022-472335)_0960.JPG",ok
120193,Radermachera sinica,菜豆树,,https://thumb.wikimedia.org/wikipedia/commons/thumb/5/53/Radermachera_sinica_-_%22China_Doll_tree%22_%283_photos%29_%284400613119%29.jpg/960px-Radermachera_sinica_-_%22China_Doll_tree%22_%283_photos%29_%284400613119%29.jpg?utm_source=en.wikipedia.org&utm_campaign=api&utm_content=thumbnail,,,,https://en.wikipedia.org/wiki/Radermachera_sinica,license_rejected
120211,Radula cavifolia,大瓣扁萼苔,,,,,,,no_image
120231,Radula onraedtii,南亚扁萼苔,,,,,,,no_image
80797,Rafetus swinhoei,斑鳖,,https://upload.wikimedia.org/wikipedia/commons/d/d8/R%C3%B9a_%C4%90%E1%BB%93ng_M%C3%B4.jpg?utm_source=en.wikipedia.org&utm_campaign=api&utm_content=thumbnail_unscaled,Phuongcacanh at Vietnamese Wikipedia,CC BY-SA 3.0,https://creativecommons.org/licenses/by-sa/3.0,https://en.wikipedia.org/wiki/File:Rùa_Đồng_Mô.jpg,download_failed
136535,Ramalina aspera,粗树花,,,,,,,no_image
136555,Ramalina maciformis,叶树花,,,,,,,no_image
136575,Ramalina subleptocarpha,长树花,,,,,,,no_image
149954,Ramaria camelicolor,驼毛色枝瑚菌,,,,,,,no_image
149974,Ramaria flaccida,小孢白枝瑚菌,images/00/14/00149974.webp,https://thumb.wikimedia.org/wikipedia/commons/thumb/1/12/Ramaria-flaccida-fichtenkoralle.jpg/960px-Ramaria-flaccida-fichtenkoralle.jpg?utm_source=en.wikipedia.org&utm_campaign=api&utm_content=thumbnail,Holger Krisp,CC BY 3.0,https://creativecommons.org/licenses/by/3.0,https://en.wikipedia.org/wiki/File:Ramaria-flaccida-fichtenkoralle.jpg,ok
149994,Ramaria indo-yunnaniana,印滇丛枝瑚,,,,,,,no_image
150014,Ramaria myceliosa,,images/00/15/00150014.webp,https://thumb.wikimedia.org/wikipedia/commons/thumb/7/71/Ramaria_myceliosa_73868.jpg/960px-Ramaria_myceliosa_73868.jpg?utm_source=en.wikipedia.org&utm_campaign=api&utm_content=thumbnail,Ron Pastorino (Ronpast),CC BY-SA 3.0,https://creativecommons.org/licenses/by-sa/3.0,https://en.wikipedia.org/wiki/File:Ramaria_myceliosa_73868.jpg,ok
150034,Ramaria sanguinea,,images/00/15/00150034.webp,https://thumb.wikimedia.org/wikipedia/commons/thumb/9/9f/Ramaria_sanguinea_25992.jpg/960px-Ramaria_sanguinea_25992.jpg?utm_source=en.wikipedia.org&utm_campaign=api&utm_content=thumbnail,Irene Andersson (irenea),CC BY-SA 3.0,https://creativecommons.org/licenses/by-sa/3.0,https://en.wikipedia.org/wiki/File:Ramaria_sanguinea_25992.jpg,ok
145722,Ramariopsis crocea,,,,,,,,no_image
62262,Ramesa siamica,泰枝舟蛾,,,,,,,no_image
133207,Ramularia arvensis,,,,,,,,no_image
133227,Ramularia crassiuscula,,,,,,,,no_image
133247,Ramularia leonuri,,,,,,,,no_image
133267,Ramularia plantaginis,,,,,,,,no_image
62265,Ramuliseta palpifera,须枝芒蝇,,,,,,,no_image
62285,Ramulus diancangensis,,,,,,,,no_image
62305,Ramulus interruptus,断脊短角棒䗛,,,,,,,no_image
62325,Ramulus obliquus,歪角短角棒䗛,,,,,,,no_image
62345,Ramulus vicinus,邻短角棒䗛,,,,,,,no_image
80816,Rana dabieshanensis,大别山林蛙,images/00/08/00080816.webp,https://thumb.wikimedia.org/wikipedia/commons/thumb/4/4a/Male_of_Rana_dabieshanensis.jpg/960px-Male_of_Rana_dabieshanensis.jpg?utm_source=en.wikipedia.org&utm_campaign=api&utm_content=thumbnail,"Chencheng Wang, Lifu Qian, Chenling Zhang, Weibo Guo, Tao Pan, Jun Wu, Hui Wang, Baowei Zhang",CC BY 4.0,https://creativecommons.org/licenses/by/4.0,https://en.wikipedia.org/wiki/File:Male_of_Rana_dabieshanensis.jpg,ok
80836,Rana zhijinensis,织金林蛙,,,,,,,no_image
120258,Ranunculus balikunensis,巴里坤毛茛,,,,,,,no_image
120286,Ranunculus dingjieensis,定结毛茛,,,,,,,no_image
120312,Ranunculus grandis,大毛茛,,,,,,,no_image
120347,Ranunculus lingua,长叶毛茛,images/00/12/00120347.webp,https://thumb.wikimedia.org/wikipedia/commons/thumb/c/c9/Boterbloem_grote%2C_Zandweteringpark_Deventer.jpg/960px-Boterbloem_grote%2C_Zandweteringpark_Deventer.jpg?utm_source=en.wikipedia.org&utm_campaign=api&utm_content=thumbnail,JanB46,CC BY-SA 4.0,https://creativecommons.org/licenses/by-sa/4.0,"https://en.wikipedia.org/wiki/File:Boterbloem_grote,_Zandweteringpark_Deventer.jpg",ok
120370,Ranunculus muscigenus,藓丛毛茛,,,,,,,no_image
120396,Ranunculus polyrhizos,多根毛茛,,,,,,,no_image
120420,Ranunculus sinovaginatus,褐鞘毛茛,,,,,,,no_image
120447,Ranunculus wangianus,文采毛茛,,,,,,,no_image
80847,Raorchestes menglaensis,勐腊灌树蛙,,,,,,,no_image
62374,Raparna transversa,横线瑰夜蛾,,,,,,,no_image
80851,Rasbora myersi,麦氏波鱼,,,,,,,no_image
80865,Ratufa bicolor,巨松鼠,images/00/08/00080865.webp,https://thumb.wikimedia.org/wikipedia/commons/thumb/3/35/Ratufa_bicolor_6237.jpg/960px-Ratufa_bicolor_6237.jpg?utm_source=en.wikipedia.org&utm_campaign=api&utm_content=thumbnail,JJ Harrison (https://www.jjharrison.com.au/),CC BY-SA 3.0,https://creativecommons.org/licenses/by-sa/3.0,https://en.wikipedia.org/wiki/File:Ratufa_bicolor_6237.jpg,ok
154561,Ravenelia indigoferae-scabridae,腺毛木蓝伞锈菌,,,,,,,no_image
11975,Raveniola spirula,旋雷文蛛,,,,,,,no_image
62396,Recticallis pseudoalni,拟桤直斑蚜,,,,,,,no_image
62408,Redoa leucoscela,丝点足毒蛾,,,,,,,no_image
120498,Reevesia rotundifolia,粗齿梭罗树,,,,,,,no_image
120512,Rehderodendron macrophyllum,大叶木瓜红,,,,,,,no_image
120532,Reissantia setulosa,毛扁蒴藤,,,,,,,no_image
62420,Remphan hopei,,,,,,,,no_image
80897,Repomucenus virgis,丝鳍斜棘[鱼衔],,,,,,,no_image
148610,Resupinatus striatulus,,,,,,,,no_image
62438,Reticulitermes ampliceps,扩头散白蚁,,,,,,,no_image
62458,Reticulitermes curticeps,短头散白蚁,,,,,,,no_image
62478,Reticulitermes gulinensis,古蔺散白蚁,,,,,,,no_image
62499,Reticulitermes luofunicus,罗浮散白蚁,,,,,,,no_image
62519,Reticulitermes qingdaoensis,青岛散白蚁,,,,,,,no_image
62539,Reticulitermes xingshanensis,兴山散白蚁,,,,,,,no_image
62555,Retipenna diana,滇罗草蛉,,,,,,,no_image
80898,Rexea prometheoides,短蛇鲭,,,,,,,no_image
62575,Rhabdomastix shansica,山西棒大蚊,,,,,,,no_image
80919,Rhabdosargus sarba,平鲷,images/00/08/00080919.webp,https://thumb.wikimedia.org/wikipedia/commons/thumb/6/6b/Flickr_-_uShaka_Sea_World_2157.jpg/960px-Flickr_-_uShaka_Sea_World_2157.jpg?utm_source=en.wikipedia.org&utm_campaign=api&utm_content=thumbnail,Peter Black,CC BY-SA 2.0,https://creativecommons.org/licenses/by-sa/2.0,https://en.wikipedia.org/wiki/File:Flickr_-_uShaka_Sea_World_2157.jpg,ok
80920,Rhacophorus bipunctatus,双斑树蛙,images/00/08/00080920.webp,https://thumb.wikimedia.org/wikipedia/commons/thumb/c/ce/Rhacophorus_bipunctatus_Davidraju_img_f2.jpg/960px-Rhacophorus_bipunctatus_Davidraju_img_f2.jpg?utm_source=en.wikipedia.org&utm_campaign=api&utm_content=thumbnail,David V. Raju,CC BY-SA 4.0,https://creativecommons.org/licenses/by-sa/4.0,https://en.wikipedia.org/wiki/File:Rhacophorus_bipunctatus_Davidraju_img_f2.jpg,ok
62586,Rhadinopsylla cedestis,宽臂纤蚤,,,,,,,no_image
62614,Rhadinopsylla xizangensis,西藏纤蚤,,,,,,,no_image
62639,Rhagio centrimaculatus,中黑鹬虻,,,,,,,no_image
62659,Rhagio separatus,离眼鹬虻,,,,,,,no_image
62680,Rhagoletis scutellata,斑盾绕实蝇,,,,,,,no_image
120574,Rhamnus arguta,锐齿鼠李,,,,,,,no_image
120604,Rhamnus globosa,圆叶鼠李,,,,,,,no_image
120628,Rhamnus nakaharae,台中鼠李,,,,,,,no_image
120658,Rhamnus wilsonii,山鼠李,,,,,,,no_image
62703,Rhamphomyia rostrifera,喙猎舞虻,,,,,,,no_image
120671,Rhaphidophora hongkongensis,狮子尾,,,,,,,no_image
120693,Rhaphiolepis umbellata,厚叶石斑木,images/00/12/00120693.webp,https://thumb.wikimedia.org/wikipedia/commons/thumb/2/20/Rhaphiolepis_umbellata2.jpg/960px-Rhaphiolepis_umbellata2.jpg?utm_source=en.wikipedia.org&utm_campaign=api&utm_content=thumbnail,KENPEI,CC BY-SA 3.0,http://creativecommons.org/licenses/by-sa/3.0/,https://en.wikipedia.org/wiki/File:Rhaphiolepis_umbellata2.jpg,ok
62737,Rhaphium qinghaiense,青海锥长足虻,,,,,,,no_image
62757,Rhaphuma brigittae,,,,,,,,no_image
62777,Rhaphuma gracilipes,,,,,,,,no_image
62797,Rhaphuma nigrolineata,,,,,,,,no_image
62819,Rhaphuma steinkae,,,,,,,,no_image
120704,Rhaponticum chinense,华漏芦,,,,,,,no_image
62834,Rheocricotopus brachypus,短足趋流摇蚊,,,,,,,no_image
62854,Rheocricotopus valgus,光趋流摇蚊,,,,,,,no_image
120710,Rheum acuminatum,心叶大黄,,,,,,,no_image
120730,Rheum officinale,药用大黄,,https://upload.wikimedia.org/wikipedia/commons/7/7f/Rheum_officinale1.jpg?utm_source=en.wikipedia.org&utm_campaign=api&utm_content=thumbnail_unscaled,Kurt Stüber [1],CC BY-SA 3.0,http://creativecommons.org/licenses/by-sa/3.0/,https://en.wikipedia.org/wiki/File:Rheum_officinale1.jpg,download_failed
62874,Rheumaptera acutata,尖汝尺蛾,,,,,,,no_image
62905,Rheumaptera melanoplagia,角斑汝尺蛾,,,,,,,no_image
120752,Rhinacanthus nasutus,灵枝草,images/00/12/00120752.webp,https://thumb.wikimedia.org/wikipedia/commons/thumb/a/af/Rhinacanthus_nasutus.jpg/960px-Rhinacanthus_nasutus.jpg?utm_source=en.wikipedia.org&utm_campaign=api&utm_content=thumbnail,Vinayaraj,CC BY-SA 3.0,https://creativecommons.org/licenses/by-sa/3.0,https://en.wikipedia.org/wiki/File:Rhinacanthus_nasutus.jpg,ok
62935,Rhingia nigrimargina,黑缘鼻颜蚜蝇,,,,,,,no_image
62941,Rhinocypha arguta,黄侧鼻蟌,,,,,,,no_image
80948,Rhinogobius candidianus,明潭吻鰕虎,,https://upload.wikimedia.org/wikipedia/commons/2/27/Rhinogobius_candidianus.jpg?utm_source=en.wikipedia.org&utm_campaign=api&utm_content=thumbnail_unscaled,Mingtai Zhou,CC BY 4.0,https://creativecommons.org/licenses/by/4.0,https://en.wikipedia.org/wiki/File:Rhinogobius_candidianus.jpg,download_failed
80968,Rhinogobius lentiginis,雀斑吻鰕虎,,,,,,,no_image
80988,Rhinogobius rubrolineatus,红条吻鰕虎,,,,,,,no_image
81002,Rhinolophus affinis,中菊头蝠,images/00/08/00081002.webp,https://thumb.wikimedia.org/wikipedia/commons/thumb/f/ff/Rhinolophus_affinis_86903750.jpg/960px-Rhinolophus_affinis_86903750.jpg?utm_source=en.wikipedia.org&utm_campaign=api&utm_content=thumbnail,ian_dugdale,CC BY 4.0,https://creativecommons.org/licenses/by/4.0,https://en.wikipedia.org/wiki/File:Rhinolophus_affinis_86903750.jpg,ok
62950,Rhinomiris conspersus,散鲨盲蝽,,,,,,,no_image
81028,Rhinopithecus roxellana,川金丝猴,,https://upload.wikimedia.org/wikipedia/commons/c/c8/Golden_Snub-nosed_Monkeys%2C_Qinling_Mountains_-_China.jpg?utm_source=en.wikipedia.org&utm_campaign=api&utm_content=thumbnail_unscaled,Giovanni Mari,CC BY-SA 2.0,https://creativecommons.org/licenses/by-sa/2.0,"https://en.wikipedia.org/wiki/File:Golden_Snub-nosed_Monkeys,_Qinling_Mountains_-_China.jpg",download_failed
62960,Rhipidia formosana,台湾栉形大蚊,,,,,,,no_image
17109,Rhipidocotyle carangi,鲹扇盘吸虫,,,,,,,no_image
62987,Rhipidolestes laui,劳氏扇山蟌,,,,,,,no_image
63003,Rhipiphorothrips pulchellus,丽色皱针蓟马,,,,,,,no_image
137553,Rhizocarpon expallescens,淡白地图衣,,,,,,,no_image
137573,Rhizocarpon subpostumum,,,,,,,,no_image
149677,Rhizoctonia microsclerotia,小菌核丝核菌,,,,,,,no_image
155934,Rhizomucor pusillus,微小根毛霉,,,,,,,no_image
155301,Rhizophydium elyensis,,,,,,,,no_image
135782,Rhizoplaca chrysoleuca,红脐鳞,images/00/13/00135782.webp,https://thumb.wikimedia.org/wikipedia/commons/thumb/7/70/Rhizoplaca_chrysoleuca_45084.jpg/960px-Rhizoplaca_chrysoleuca_45084.jpg?utm_source=en.wikipedia.org&utm_campaign=api&utm_content=thumbnail,"This image was created by user Daryl Thompson (woobs) at Mushroom Observer, a source for mycological images.You can contact this user here.",CC BY-SA 3.0,https://creativecommons.org/licenses/by-sa/3.0,https://en.wikipedia.org/wiki/File:Rhizoplaca_chrysoleuca_45084.jpg,ok
149513,Rhizopogon roseolus,红根须腹菌,images/00/14/00149513.webp,https://thumb.wikimedia.org/wikipedia/commons/thumb/d/de/2010-05-14_Rhizopogon_roseolus_1.jpg/960px-2010-05-14_Rhizopogon_roseolus_1.jpg?utm_source=en.wikipedia.org&utm_campaign=api&utm_content=thumbnail,Andreas Kunze,CC BY-SA 3.0,https://creativecommons.org/licenses/by-sa/3.0,https://en.wikipedia.org/wiki/File:2010-05-14_Rhizopogon_roseolus_1.jpg,ok
156043,Rhizopus sexualis,,,,,,,,no_image
63023,Rhodesiella elegantula,雅锥秆蝇,,,,,,,no_image
63043,Rhodesiella zonalis,带突锥秆蝇,,,,,,,no_image
120779,Rhodiola atsaensis,亚查红景天,,,,,,,no_image
120805,Rhodiola junggarica,准噶尔红景天,,,,,,,no_image
120835,Rhodiola semenovii,柱花红景天,,,,,,,no_image
120857,Rhodochorton purpureum,紫色红线藻,,,,,,,no_image
120869,Rhododendron adenobracteum,腺苞杜鹃,,,,,,,no_image
120898,Rhododendron argipeplum,毛枝杜鹃,,,,,,,no_image
120925,Rhododendron basilicum,粗枝杜鹃,,,,,,,no_image
120950,Rhododendron calostrotum,美被杜鹃,,https://upload.wikimedia.org/wikipedia/commons/b/bd/Rhododendron_calostrotum_ssp_keleticum_5.JPG?utm_source=en.wikipedia.org&utm_campaign=api&utm_content=thumbnail_unscaled,Ghislain118  https://www.fleurs-des-montagnes.net,CC BY-SA 3.0,https://creativecommons.org/licenses/by-sa/3.0,https://en.wikipedia.org/wiki/File:Rhododendron_calostrotum_ssp_keleticum_5.JPG,download_failed
120979,Rhododendron chrysodoron,纯黄杜鹃,,,,,,,no_image
121005,Rhododendron cyanocarpum,蓝果杜鹃,images/00/12/00121005.webp,https://thumb.wikimedia.org/wikipedia/commons/thumb/6/60/Rhododendron_cyanocarpum.jpg/960px-Rhododendron_cyanocarpum.jpg?utm_source=en.wikipedia.org&utm_campaign=api&utm_content=thumbnail,RogerHyam,CC BY-SA 3.0,https://creativecommons.org/licenses/by-sa/3.0,https://en.wikipedia.org/wiki/File:Rhododendron_cyanocarpum.jpg,ok
121033,Rhododendron densifolium,密叶杜鹃,,,,,,,no_image
121059,Rhododendron eudoxum,华丽杜鹃,images/00/12/00121059.webp,https://thumb.wikimedia.org/wikipedia/commons/thumb/b/bf/Rhododendron_eudoxum_-_VanDusen_Botanical_Garden_-_Vancouver%2C_BC_-_DSC06947.jpg/960px-Rhododendron_eudoxum_-_VanDusen_Botanical_Garden_-_Vancouver%2C_BC_-_DSC06947.jpg?utm_source=en.wikipedia.org&utm_campaign=api&utm_content=thumbnail,Daderot,CC0,http://creativecommons.org/publicdomain/zero/1.0/deed.en,"https://en.wikipedia.org/wiki/File:Rhododendron_eudoxum_-_VanDusen_Botanical_Garden_-_Vancouver,_BC_-_DSC06947.jpg",ok
121083,Rhododendron formosanum,台湾杜鹃,,,,,,,no_image
121106,Rhododendron griersonianum,朱红大杜鹃,images/00/12/00121106.webp,https://thumb.wikimedia.org/wikipedia/commons/thumb/f/fc/Rhododendron_griersonianum.jpg/960px-Rhododendron_griersonianum.jpg?utm_source=en.wikipedia.org&utm_campaign=api&utm_content=thumbnail,Misolonax,CC BY-SA 4.0,https://creativecommons.org/licenses/by-sa/4.0,https://en.wikipedia.org/wiki/File:Rhododendron_griersonianum.jpg,ok
121134,Rhododendron hirtipes,硬毛杜鹃,,,,,,,no_image
121156,Rhododendron intricatum,隐蕊杜鹃,images/00/12/00121156.webp,https://thumb.wikimedia.org/wikipedia/commons/thumb/3/38/Curtis%27s_botanical_magazine_%28Tab._8163%29_%289598180493%29.jpg/960px-Curtis%27s_botanical_magazine_%28Tab._8163%29_%289598180493%29.jpg?utm_source=en.wikipedia.org&utm_campaign=api&utm_content=thumbnail,"Bentham-Moxon Trust.; Curtis, William; Curtis's botanical magazine dedications, 1827-1927 : portraits and biographical notes.; Royal Botanic Gardens, Kew.; Stanley Smith Horticultural Trust.",Public domain,,https://en.wikipedia.org/wiki/File:Curtis's_botanical_magazine_(Tab._8163)_(9598180493).jpg,ok
121178,Rhododendron lacteum,乳黄杜鹃,,,,,,,no_image
121199,Rhododendron liaoxigense,辽西杜鹃,,,,,,,no_image
121221,Rhododendron lutescens,黄花杜鹃,images/00/12/00121221.webp,https://thumb.wikimedia.org/wikipedia/commons/thumb/a/ab/Rhododendron_lutescens_%282%29.jpg/960px-Rhododendron_lutescens_%282%29.jpg?utm_source=en.wikipedia.org&utm_campaign=api&utm_content=thumbnail,"peganum from Henfield, England",CC BY-SA 2.0,https://creativecommons.org/licenses/by-sa/2.0,https://en.wikipedia.org/wiki/File:Rhododendron_lutescens_(2).jpg,ok
121249,Rhododendron mengtszense,蒙自杜鹃,,,,,,,no_image
121270,Rhododendron mucronulatum,迎红杜鹃,images/00/12/00121270.webp,https://thumb.wikimedia.org/wikipedia/commons/thumb/e/e7/Korea-Jindallae-Rhododendron_mucronulatum-01.jpg/960px-Korea-Jindallae-Rhododendron_mucronulatum-01.jpg?utm_source=en.wikipedia.org&utm_campaign=api&utm_content=thumbnail,Tae Hoon Kang,CC BY 2.0,https://creativecommons.org/licenses/by/2.0,https://en.wikipedia.org/wiki/File:Korea-Jindallae-Rhododendron_mucronulatum-01.jpg,ok
121296,Rhododendron orbiculare,团叶杜鹃,images/00/12/00121296.webp,https://thumb.wikimedia.org/wikipedia/commons/thumb/d/d4/0_Rhododendron_-_Celles_%28Hainaut%29_2.JPG/960px-0_Rhododendron_-_Celles_%28Hainaut%29_2.JPG?utm_source=en.wikipedia.org&utm_campaign=api&utm_content=thumbnail,Jean-Pol GRANDMONT,CC BY 3.0,https://creativecommons.org/licenses/by/3.0,https://en.wikipedia.org/wiki/File:0_Rhododendron_-_Celles_(Hainaut)_2.JPG,ok
121326,Rhododendron pingianum,海绵杜鹃,,,,,,,no_image
121350,Rhododendron proteoides,矮生杜鹃,,,,,,,no_image
121375,Rhododendron radendum,毛叶杜鹃,,,,,,,no_image
121405,Rhododendron rupicola,多色杜鹃,,,,,,,no_image
121436,Rhododendron shanii,都支杜鹃,,,,,,,no_image
121463,Rhododendron spiciferum,碎米花,images/00/12/00121463.webp,https://thumb.wikimedia.org/wikipedia/commons/thumb/f/fe/Rhododendron_spiciferum_-_Kunming_Botanical_Garden_-_DSC02860.JPG/960px-Rhododendron_spiciferum_-_Kunming_Botanical_Garden_-_DSC02860.JPG?utm_source=en.wikipedia.org&utm_campaign=api&utm_content=thumbnail,Daderot,Public domain,,https://en.wikipedia.org/wiki/File:Rhododendron_spiciferum_-_Kunming_Botanical_Garden_-_DSC02860.JPG,ok
121490,Rhododendron tatsienense,硬叶杜鹃,,https://thumb.wikimedia.org/wikipedia/commons/thumb/c/c6/Rhododendron_tatsienense_3.jpg/960px-Rhododendron_tatsienense_3.jpg?utm_source=en.wikipedia.org&utm_campaign=api&utm_content=thumbnail,,,,https://en.wikipedia.org/wiki/Rhododendron_tatsienense,license_rejected
121520,Rhododendron truncatovarium,平房杜鹃,,,,,,,no_image
121549,Rhododendron virgatum,柳条杜鹃,,,,,,,no_image
121572,Rhododendron xanthostephanum,鲜黄杜鹃,,,,,,,no_image
121593,Rhododendron zhangjiajieense,张家界杜鹃,,,,,,,no_image
63059,Rhodoneura bullifera,宽带褐网蛾,,,,,,,no_image
63080,Rhodoneura pallida,后中线网蛾,,,,,,,no_image
146288,Rhodophyllus abortivus,,images/00/14/00146288.webp,https://thumb.wikimedia.org/wikipedia/commons/thumb/0/07/Armillaria_gallica_57535.jpg/960px-Armillaria_gallica_57535.jpg?utm_source=en.wikipedia.org&utm_campaign=api&utm_content=thumbnail,"This image was created by user Dan Molter (shroomydan) at Mushroom Observer, a source for mycological images.You can contact this user here.",CC BY-SA 3.0,https://creativecommons.org/licenses/by-sa/3.0,https://en.wikipedia.org/wiki/File:Armillaria_gallica_57535.jpg,ok
146308,Rhodophyllus madidus,湿粉褶菌,,,,,,,no_image
146328,Rhodophyllus sinuatus,毒赤褶菇,images/00/14/00146328.webp,https://thumb.wikimedia.org/wikipedia/commons/thumb/a/a5/Entoloma_sinuatum_group.JPG/960px-Entoloma_sinuatum_group.JPG?utm_source=en.wikipedia.org&utm_campaign=api&utm_content=thumbnail,No machine-readable author provided. Archenzo assumed (based on copyright claims).,CC BY-SA 3.0,http://creativecommons.org/licenses/by-sa/3.0/,https://en.wikipedia.org/wiki/File:Entoloma_sinuatum_group.JPG,ok
63102,Rhodosoma triopus,银斑天蛾,,,,,,,no_image
11703,Rhomphaea ceraosus,侧绕菱球蛛,,,,,,,no_image
63123,Rhopalicus guttatus,隆胸罗葩金小蜂,,,,,,,no_image
63134,Rhopalopsole bispina,双刺诺(虫责),,,,,,,no_image
63154,Rhopalopsole longtana,龙潭诺(虫责),,,,,,,no_image
63174,Rhopalopsole xui,许氏诺(虫责),,,,,,,no_image
63187,Rhopobota ustomaculata,越橘黑痣小卷蛾,,,,,,,no_image
63196,Rhyacia junonia,雍沁夜蛾,,,,,,,no_image
9741,Rhyncaphytoptus celtis,,,,,,,,no_image
9766,Rhyncaphytoptus mori,,,,,,,,no_image
81070,Rhynchobatus djiddensis,及达尖犁头鳐,images/00/08/00081070.webp,https://thumb.wikimedia.org/wikipedia/commons/thumb/9/9e/Rhynchobatus_djiddensis_durban.jpg/960px-Rhynchobatus_djiddensis_durban.jpg?utm_source=en.wikipedia.org&utm_campaign=api&utm_content=thumbnail,Peter Giger,CC BY 2.0,https://creativecommons.org/licenses/by/2.0,https://en.wikipedia.org/wiki/File:Rhynchobatus_djiddensis_durban.jpg,ok
6196,Rhynchonerella xishaensis,西沙鼻蚕,,,,,,,no_image
121641,Rhynchosia rufescens,淡红鹿藿,,,,,,,no_image
121660,Rhynchostegiella sakuraii,毛尖细喙藓,,,,,,,no_image
121679,Rhynchostylis gigantea,海南钻喙兰,,https://upload.wikimedia.org/wikipedia/commons/7/77/Rhynchostylis_gigantea.jpg?utm_source=en.wikipedia.org&utm_campaign=api&utm_content=thumbnail_unscaled,Lars.Kurth,Public domain,,https://en.wikipedia.org/wiki/File:Rhynchostylis_gigantea.jpg,download_failed
63231,Rhyothemis fuliginosa,黑丽翅蜻,images/00/06/00063231.webp,https://thumb.wikimedia.org/wikipedia/commons/thumb/7/72/Rhyothemis_fuliginosa.JPG/960px-Rhyothemis_fuliginosa.JPG?utm_source=en.wikipedia.org&utm_campaign=api&utm_content=thumbnail,Navian,Public domain,,https://en.wikipedia.org/wiki/File:Rhyothemis_fuliginosa.JPG,ok
12534,Rhysodromus hui,胡皱逍遥蛛,,,,,,,no_image
139353,Rhytisma anhuiense,安徽斑痣盘菌,,,,,,,no_image
63258,Ribautodelphax notabilis,名黎氏飞虱,,,,,,,no_image
121727,Ribes glaciale,冰川茶藨子,,,,,,,no_image
121765,Ribes meyeri,天山茶藨子,,,,,,,no_image
121794,Ribes takare,渐尖茶藨子,,,,,,,no_image
121822,Riccardia palmata,掌状片叶苔,,,,,,,no_image
121844,Riccia nipponica,日本钱苔,,,,,,,no_image
135080,Rickia aulachochiri,,,,,,,,no_image
151020,Rigidoporus microporus,小孔硬孔菌,images/00/15/00151020.webp,https://thumb.wikimedia.org/wikipedia/commons/thumb/a/af/Rigidoporus_microporus_-_Jardim_Bot%C3%A2nico_de_S%C3%A3o_Paulo_-_IMG_0313.jpg/960px-Rigidoporus_microporus_-_Jardim_Bot%C3%A2nico_de_S%C3%A3o_Paulo_-_IMG_0313.jpg?utm_source=en.wikipedia.org&utm_campaign=api&utm_content=thumbnail,Daderot,Public domain,,https://en.wikipedia.org/wiki/File:Rigidoporus_microporus_-_Jardim_Botânico_de_São_Paulo_-_IMG_0313.jpg,ok
2644,Ringicula niinoi,齿痕露齿螺,,,,,,,no_image
135395,Rinodina lecideina,,,,,,,,no_image
135415,Rinodina varians,变异饼干衣,,,,,,,no_image
63272,Riseveinus compressus,扁茎突脉叶蝉,,,,,,,no_image
15888,Riukiaria uraensis,,,,,,,,no_image
143341,Rivulicola incrustata,,,,,,,,no_image
121873,Robiquetia succisa,寄树兰,images/00/12/00121873.webp,https://thumb.wikimedia.org/wikipedia/commons/thumb/b/bc/Cleisostoma_recurvum_%28as_Sarcanthus_rostratus%29_-_Bot._Reg._12_pl._981_%281826%29.jpg/960px-Cleisostoma_recurvum_%28as_Sarcanthus_rostratus%29_-_Bot._Reg._12_pl._981_%281826%29.jpg?utm_source=en.wikipedia.org&utm_campaign=api&utm_content=thumbnail,Designer: M. Hart  - Engraver: J. Watts,Public domain,,https://en.wikipedia.org/wiki/File:Cleisostoma_recurvum_(as_Sarcanthus_rostratus)_-_Bot._Reg._12_pl._981_(1826).jpg,ok
121884,Rodgersia podophylla,鬼灯檠,images/00/12/00121884.webp,https://thumb.wikimedia.org/wikipedia/commons/thumb/c/cc/Rodgersia_podophylla_4587.jpg/960px-Rodgersia_podophylla_4587.jpg?utm_source=en.wikipedia.org&utm_campaign=api&utm_content=thumbnail,Velela,CC BY 2.5,https://creativecommons.org/licenses/by/2.5,https://en.wikipedia.org/wiki/File:Rodgersia_podophylla_4587.jpg,ok
63307,Rogas flavus,黄内茧蜂,,,,,,,no_image
121905,Rohdea gymnogyna,显房开口箭,,,,,,,no_image
63314,Rohdendorfia dimorpha,二形罗登蚜蝇,,,,,,,no_image
63332,Rondibilis yunnana,,,,,,,,no_image
63349,Ropica trichantennalis,,,,,,,,no_image
63369,Ropronia nasata,鼻形窄腹细蜂,,,,,,,no_image
121930,Rorippa daguanensis,大观蔊菜,,,,,,,no_image
121959,Rosa canina,犬蔷薇,images/00/12/00121959.webp,https://thumb.wikimedia.org/wikipedia/commons/thumb/3/32/Divlja_ruza_cvijet_270508.jpg/960px-Divlja_ruza_cvijet_270508.jpg?utm_source=en.wikipedia.org&utm_campaign=api&utm_content=thumbnail,Roberta F.,CC BY-SA 3.0,https://creativecommons.org/licenses/by-sa/3.0,https://en.wikipedia.org/wiki/File:Divlja_ruza_cvijet_270508.jpg,ok
121995,Rosa funingensis,富宁蔷薇,,,,,,,no_image
122027,Rosa longicuspis,长尖叶蔷薇,,,,,,,no_image
122065,Rosa praelucens,中甸刺玫,,,,,,,no_image
122098,Rosa sweginzowii,扁刺蔷薇,,,,,,,no_image
63385,Rosalia decempunctata,,,,,,,,no_image
3567,Rosaster attenuatus,细腕蔷薇海星,,,,,,,no_image
122144,Roscoea wardii,苍白象牙参,,https://upload.wikimedia.org/wikipedia/commons/d/df/Roscoea_wardii_060610.jpg?utm_source=en.wikipedia.org&utm_campaign=api&utm_content=thumbnail_unscaled,"""John Jearrard""",CC0,http://creativecommons.org/publicdomain/zero/1.0/deed.en,https://en.wikipedia.org/wiki/File:Roscoea_wardii_060610.jpg,download_failed
122146,Rostrinucula dependens,钩子木,,,,,,,no_image
122158,Rotala rotundifolia,圆叶节节菜,,https://thumb.wikimedia.org/wikipedia/commons/thumb/f/fe/Rotala_rotundifolia.jpg/960px-Rotala_rotundifolia.jpg?utm_source=en.wikipedia.org&utm_campaign=api&utm_content=thumbnail,,,,https://en.wikipedia.org/wiki/Rotala_rotundifolia,license_rejected
122168,Rourea microphylla,小叶红叶藤,,,,,,,no_image
6852,Roxasia klunzingeri,克氏散枝软珊瑚,,,,,,,no_image
122176,Rubia alata,金剑草,,,,,,,no_image
122200,Rubia oncotricha,钩毛茜草,,,,,,,no_image
122220,Rubia wallichiana,多花茜草,,,,,,,no_image
122240,Rubus angustibracteatus,狭苞悬钩子,,,,,,,no_image
122268,Rubus chroosepalus,毛萼莓,,,,,,,no_image
122309,Rubus eucalyptus,桉叶悬钩子,,,,,,,no_image
122342,Rubus gongshanensis,贡山悬钩子,,,,,,,no_image
122378,Rubus impressinervus,陷脉悬钩子,,,,,,,no_image
122418,Rubus lichuanensis,黎川悬钩子,,,,,,,no_image
122452,Rubus nagasawanus,高砂悬钩子,,,,,,,no_image
122481,Rubus pectinellus,黄藨,images/00/12/00122481.webp,https://thumb.wikimedia.org/wikipedia/commons/thumb/a/a1/%E3%82%B3%E3%83%90%E3%83%8E%E3%83%95%E3%83%A6%E3%82%A4%E3%83%81%E3%82%B4_Rubus_pectinellus.JPG/960px-%E3%82%B3%E3%83%90%E3%83%8E%E3%83%95%E3%83%A6%E3%82%A4%E3%83%81%E3%82%B4_Rubus_pectinellus.JPG?utm_source=en.wikipedia.org&utm_campaign=api&utm_content=thumbnail,Alpsdake,CC BY-SA 4.0,https://creativecommons.org/licenses/by-sa/4.0,https://en.wikipedia.org/wiki/File:コバノフユイチゴ_Rubus_pectinellus.JPG,ok
122521,Rubus pyrifolius,梨叶悬钩子,,,,,,,no_image
122561,Rubus stans,直立悬钩子,,,,,,,no_image
122595,Rubus tricolor,三色莓,images/00/12/00122595.webp,https://thumb.wikimedia.org/wikipedia/commons/thumb/0/06/Rubus_tricolor_-_UBC_Botanical_Garden_-_Vancouver%2C_Canada_-_DSC07737.jpg/960px-Rubus_tricolor_-_UBC_Botanical_Garden_-_Vancouver%2C_Canada_-_DSC07737.jpg?utm_source=en.wikipedia.org&utm_campaign=api&utm_content=thumbnail,Daderot,CC0,http://creativecommons.org/publicdomain/zero/1.0/deed.en,"https://en.wikipedia.org/wiki/File:Rubus_tricolor_-_UBC_Botanical_Garden_-_Vancouver,_Canada_-_DSC07737.jpg",ok
122618,Rubus zhexiensis,浙西悬钩子,,,,,,,no_image
122623,Ruellia blechum,赛山蓝,,https://upload.wikimedia.org/wikipedia/commons/e/e1/Green_Shrimp_Plant_%28997953606%29.jpg?utm_source=en.wikipedia.org&utm_campaign=api&utm_content=thumbnail_unscaled,Jason Hollinger,CC BY 2.0,https://creativecommons.org/licenses/by/2.0,https://en.wikipedia.org/wiki/File:Green_Shrimp_Plant_(997953606).jpg,download_failed
63442,Rugilus daxuensis,,,,,,,,no_image
63462,Rugilus rugosissimus,,,,,,,,no_image
122636,Rumex gmelinii,毛脉酸模,,,,,,,no_image
7724,Rumphella antipathes,灌丛柳珊瑚,,,,,,,no_image
122672,Rungia sinothailandica,中泰孩儿草,,,,,,,no_image
152323,Russula acrifolia,尖褶红菇,images/00/15/00152323.webp,https://thumb.wikimedia.org/wikipedia/commons/thumb/7/7c/Russula_acrifolia_82608.jpg/960px-Russula_acrifolia_82608.jpg?utm_source=en.wikipedia.org&utm_campaign=api&utm_content=thumbnail,"This image was created by user Anna Baykalova (anna_ru) at Mushroom Observer, a source for mycological images.You can contact this user here.",CC BY-SA 3.0,https://creativecommons.org/licenses/by-sa/3.0,https://en.wikipedia.org/wiki/File:Russula_acrifolia_82608.jpg,ok
152343,Russula badia,酱色红菇,images/00/15/00152343.webp,https://thumb.wikimedia.org/wikipedia/commons/thumb/4/4b/Russula_badia_a1_%282%29.jpg/960px-Russula_badia_a1_%282%29.jpg?utm_source=en.wikipedia.org&utm_campaign=api&utm_content=thumbnail,Jerzy Opioła,CC BY-SA 4.0,https://creativecommons.org/licenses/by-sa/4.0,https://en.wikipedia.org/wiki/File:Russula_badia_a1_(2).jpg,ok
152363,Russula compacta,致密红菇,,,,,,,no_image
152383,Russula exalbicans,非白红菇,,,,,,,no_image
152403,Russula heterophylla,异褶红菇,,https://upload.wikimedia.org/wikipedia/commons/d/db/Russ.het.jpg?utm_source=en.wikipedia.org&utm_campaign=api&utm_content=thumbnail_unscaled,User:Luridiformis,CC BY 3.0,https://creativecommons.org/licenses/by/3.0,https://en.wikipedia.org/wiki/File:Russ.het.jpg,download_failed
152423,Russula luteoloalba,红黄红菇,,,,,,,no_image
152443,Russula olivascens,橄榄色红菇,,,,,,,no_image
152463,Russula puellaris,美红菇,,,,,,,no_image
152483,Russula sanguinaria,血根草红菇,images/00/15/00152483.webp,https://thumb.wikimedia.org/wikipedia/commons/thumb/c/c9/Blut-T%C3%A4ubling_Russula_sanguinaria.JPG/960px-Blut-T%C3%A4ubling_Russula_sanguinaria.JPG?utm_source=en.wikipedia.org&utm_campaign=api&utm_content=thumbnail,Holger Krisp,CC BY 3.0,https://creativecommons.org/licenses/by/3.0,https://en.wikipedia.org/wiki/File:Blut-Täubling_Russula_sanguinaria.JPG,ok
152503,Russula vesca,菱红菇,images/00/15/00152503.webp,https://thumb.wikimedia.org/wikipedia/commons/thumb/f/fe/Russ.ves.jpg/960px-Russ.ves.jpg?utm_source=en.wikipedia.org&utm_campaign=api&utm_content=thumbnail,Luridiformis at English Wikipedia,CC BY 3.0,https://creativecommons.org/licenses/by/3.0,https://en.wikipedia.org/wiki/File:Russ.ves.jpg,ok
138889,Rutstroemia firma,坚实蜡盘菌,,,,,,,no_image
63479,Rypellia flavipes,黄足璃蝇,,,,,,,no_image
6662,Sabatieria parabyssalis,拟深海萨巴线虫,,,,,,,no_image
122706,Sabia swinhoei,尖叶清风藤,images/00/12/00122706.webp,https://thumb.wikimedia.org/wikipedia/commons/thumb/b/be/Sabia_swinhoei.jpg/960px-Sabia_swinhoei.jpg?utm_source=en.wikipedia.org&utm_campaign=api&utm_content=thumbnail,chenjacy,CC BY 4.0,https://creativecommons.org/licenses/by/4.0,https://en.wikipedia.org/wiki/File:Sabia_swinhoei.jpg,ok
4590,Saccella confusa,凸小囊蛤,,,,,,,no_image
122727,Saccharum narenga,河八王,,,,,,,no_image
139661,Saccobolus succineus,琥珀色集孢粪盘菌,,,,,,,no_image
14256,Sachaliphantes sachalinensis,三岔蛛,,,,,,,no_image
122755,Sageretia henryi,梗花雀梅藤,images/00/12/00122755.webp,https://thumb.wikimedia.org/wikipedia/commons/thumb/a/ad/Sageretia_henryi.jpg/960px-Sageretia_henryi.jpg?utm_source=en.wikipedia.org&utm_campaign=api&utm_content=thumbnail,"Smithsonian Institution, NMNH, Botany",CC0,http://creativecommons.org/publicdomain/zero/1.0/deed.en,https://en.wikipedia.org/wiki/File:Sageretia_henryi.jpg,ok
122777,Sagina saginoides,无毛漆姑草,,https://upload.wikimedia.org/wikipedia/commons/f/f5/Sagina_saginoides_Atlas_Alpenflora.jpg?utm_source=en.wikipedia.org&utm_campaign=api&utm_content=thumbnail_unscaled,Anton Hartinger,Public domain,,https://en.wikipedia.org/wiki/File:Sagina_saginoides_Atlas_Alpenflora.jpg,download_failed
63501,Saissetia formicarii,蚁珠蜡蚧,,,,,,,no_image
122799,Salacia malipoensis,麻栗坡五层龙,,,,,,,no_image
122806,Salicornia crassispica,厚穗盐角草,,,,,,,no_image
63524,Saliocleta goergneri,箭纹箩舟蛾,,,,,,,no_image
122813,Salix alfredii,秦岭柳,,,,,,,no_image
122841,Salix biondiana,庙王柳,,,,,,,no_image
122868,Salix chienii,银叶柳,,,,,,,no_image
122894,Salix divaricata,,,,,,,,no_image
122923,Salix gilashanica,吉拉柳,,,,,,,no_image
122945,Salix hypoleuca,小叶柳,,,,,,,no_image
122972,Salix kunyangensis,昆阳高山柳,,,,,,,no_image
122995,Salix maizhokunggarensis,墨竹柳,,,,,,,no_image
123020,Salix neowilsonii,新紫柳,images/00/12/00123020.webp,https://thumb.wikimedia.org/wikipedia/commons/thumb/d/d3/Salix_warburgii.jpg/960px-Salix_warburgii.jpg?utm_source=en.wikipedia.org&utm_campaign=api&utm_content=thumbnail,Clins210,CC BY-SA 4.0,https://creativecommons.org/licenses/by-sa/4.0,https://en.wikipedia.org/wiki/File:Salix_warburgii.jpg,ok
123048,Salix pella,黑枝柳,,,,,,,no_image
123073,Salix psilostigma,裸柱头柳,,,,,,,no_image
123103,Salix salwinensis,对叶柳,,,,,,,no_image
123131,Salix souliei,黄花垫柳,,,,,,,no_image
123163,Salix tianschanica,天山柳,,,,,,,no_image
123186,Salix yuhuangshanensis,玉皇柳,,,,,,,no_image
16055,Salpidobolus oceanicus,,,,,,,,no_image
123210,Salsola tragus,刺沙蓬,images/00/12/00123210.webp,https://thumb.wikimedia.org/wikipedia/commons/thumb/3/36/Starr_070313-5636_Salsola_tragus.jpg/960px-Starr_070313-5636_Salsola_tragus.jpg?utm_source=en.wikipedia.org&utm_campaign=api&utm_content=thumbnail,Forest &amp; Kim Starr,CC BY 3.0,https://creativecommons.org/licenses/by/3.0,https://en.wikipedia.org/wiki/File:Starr_070313-5636_Salsola_tragus.jpg,ok
123221,Salvia bifidocalyx,开萼鼠尾草,,,,,,,no_image
123258,Salvia dolichantha,长花鼠尾草,images/00/12/00123258.webp,https://thumb.wikimedia.org/wikipedia/commons/thumb/9/98/Salvia_dolichantha_%28Scott_Zona%29_001.jpg/960px-Salvia_dolichantha_%28Scott_Zona%29_001.jpg?utm_source=en.wikipedia.org&utm_campaign=api&utm_content=thumbnail,Scott Zona,CC BY 2.0,https://creativecommons.org/licenses/by/2.0,https://en.wikipedia.org/wiki/File:Salvia_dolichantha_(Scott_Zona)_001.jpg,ok
123286,Salvia liguliloba,舌瓣鼠尾草,,,,,,,no_image
123315,Salvia potaninii,虹桥鼠尾草,,,,,,,no_image
123347,Salvia tricuspis,黄鼠狼花,,,,,,,no_image
81137,Samaris cristatus,冠鲽,,https://upload.wikimedia.org/wikipedia/commons/8/8e/Samaris_cristatus.jpg?utm_source=en.wikipedia.org&utm_campaign=api&utm_content=thumbnail_unscaled,"Sahat Ratmuangkhwang (Andaman Coastal Research Station for Development, Faculty of Fisheries, Kasetsart University)",CC BY 3.0,https://creativecommons.org/licenses/by/3.0,https://en.wikipedia.org/wiki/File:Samaris_cristatus.jpg,download_failed
123371,Sandea japonica,小蛇苔,,,,,,,no_image
123400,Sanicula oviformis,卵叶变豆菜,,,,,,,no_image
63560,Saperda carcharias,,,https://thumb.wikimedia.org/wikipedia/commons/thumb/2/26/Saperda_carcharias02.jpg/960px-Saperda_carcharias02.jpg?utm_source=en.wikipedia.org&utm_campaign=api&utm_content=thumbnail,,,,https://en.wikipedia.org/wiki/Saperda_carcharias,license_rejected
123417,Saponaria officinalis,肥皂草,images/00/12/00123417.webp,https://thumb.wikimedia.org/wikipedia/commons/thumb/9/9a/Saponaria-officinalis-flower.jpg/960px-Saponaria-officinalis-flower.jpg?utm_source=en.wikipedia.org&utm_campaign=api&utm_content=thumbnail,,CC BY-SA 3.0,http://creativecommons.org/licenses/by-sa/3.0/,https://en.wikipedia.org/wiki/File:Saponaria-officinalis-flower.jpg,ok
63598,Saprinus optabilis,丽鞘腐阎甲,,,,,,,no_image
63620,Sapromyza pollinifrons,粉额双鬃缟蝇,,,,,,,no_image
63631,Sarasaeschna chiangchinlii,台湾沼蜓,,,,,,,no_image
123430,Sarcandra glabra,草珊瑚,images/00/12/00123430.webp,https://thumb.wikimedia.org/wikipedia/commons/thumb/4/49/Sarcandra_glabra1.jpg/960px-Sarcandra_glabra1.jpg?utm_source=en.wikipedia.org&utm_campaign=api&utm_content=thumbnail,KENPEI,CC BY-SA 3.0,http://creativecommons.org/licenses/by-sa/3.0/,https://en.wikipedia.org/wiki/File:Sarcandra_glabra1.jpg,ok
123446,Sarcodia montagneana,海木耳,,,,,,,no_image
137032,Sarcographa melanocarpa,黑肉果衣,,,,,,,no_image
7187,Sarcophyton acutangulum,锐角肉芝软珊瑚,,,,,,,no_image
151860,Sarcoporia polyspora,,,,,,,,no_image
140844,Sarcoscypha korfiana,柯夫肉杯菌,,,,,,,no_image
140889,Sarcosoma celebicum,小孢胶鼓菌,,,,,,,no_image
81161,Sardinella fimbriata,繸鳞小沙丁鱼,images/00/08/00081161.webp,https://thumb.wikimedia.org/wikipedia/commons/thumb/f/fa/Tuy%C3%B4_%28Sardinella_fimbriata%29%2C_uncooked_003.jpg/960px-Tuy%C3%B4_%28Sardinella_fimbriata%29%2C_uncooked_003.jpg?utm_source=en.wikipedia.org&utm_campaign=api&utm_content=thumbnail,Dandy1022,CC BY-SA 4.0,https://creativecommons.org/licenses/by-sa/4.0,"https://en.wikipedia.org/wiki/File:Tuyô_(Sardinella_fimbriata),_uncooked_003.jpg",ok
81179,Sargocentron praslin,普拉斯林棘鳞鱼,,https://upload.wikimedia.org/wikipedia/commons/4/4c/Sargocentron_praslin.jpg?utm_source=en.wikipedia.org&utm_campaign=api&utm_content=thumbnail_unscaled,Raju Saravanan,CC BY 3.0,https://creativecommons.org/licenses/by/3.0,https://en.wikipedia.org/wiki/File:Sargocentron_praslin.jpg,download_failed
63686,Sargus niphonensis,日本瘦腹水虻,,,,,,,no_image
63706,Sarisophora idonea,欣槐祝蛾,,,,,,,no_image
143348,Sarocladium oryzae,,,https://upload.wikimedia.org/wikipedia/commons/d/df/Sarocladium_oryzae_5390549.png?utm_source=en.wikipedia.org&utm_campaign=api&utm_content=thumbnail_unscaled,"Donald Groth, Louisiana State University AgCenter, Bugwood.org",CC BY 3.0 us,https://creativecommons.org/licenses/by/3.0/us/deed.en,https://en.wikipedia.org/wiki/File:Sarocladium_oryzae_5390549.png,download_failed
123474,Sasaokaea aomoriensis,类牛角藓,,,,,,,no_image
63742,Satarupa gopala,飒弄蝶,images/00/06/00063742.webp,https://thumb.wikimedia.org/wikipedia/commons/thumb/c/c6/Open_wing_position_of_Satarupa_gopala_Moore%2C_%281866%29_%E2%80%93_Large_White_Flat_MG_4408.jpg/960px-Open_wing_position_of_Satarupa_gopala_Moore%2C_%281866%29_%E2%80%93_Large_White_Flat_MG_4408.jpg?utm_source=en.wikipedia.org&utm_campaign=api&utm_content=thumbnail,Sourabh.biswas003,CC BY-SA 4.0,https://creativecommons.org/licenses/by-sa/4.0,"https://en.wikipedia.org/wiki/File:Open_wing_position_of_Satarupa_gopala_Moore,_(1866)_–_Large_White_Flat_MG_4408.jpg",ok
63768,Sathytes yunnanicus,,,,,,,,no_image
63784,Satyrium spini,刺痣洒灰蝶,images/00/06/00063784.webp,https://thumb.wikimedia.org/wikipedia/commons/thumb/f/f3/Lycaenidae_-_Satyrium_spini-1.JPG/960px-Lycaenidae_-_Satyrium_spini-1.JPG?utm_source=en.wikipedia.org&utm_campaign=api&utm_content=thumbnail,Ettore Balocchi,CC BY-SA 3.0,https://creativecommons.org/licenses/by-sa/3.0,https://en.wikipedia.org/wiki/File:Lycaenidae_-_Satyrium_spini-1.JPG,ok
123495,Saurauia tristyla,水东哥,,,,,,,no_image
81214,Saurogobio gracilicaudatus,细尾蛇&#x0000E068;,,,,,,,no_image
123512,Sauropus repandus,波萼守宫木,,,,,,,no_image
123532,Saussurea amara,草地风毛菊,,,,,,,no_image
123554,Saussurea brachylepis,短苞风毛菊,,,,,,,no_image
123575,Saussurea ciliaris,尖叶风毛菊,,,,,,,no_image
123597,Saussurea donkiah,亚东风毛菊,,,,,,,no_image
123617,Saussurea georgei,川滇雪兔子,,,,,,,no_image
123639,Saussurea hengduanshanensis,横断山雪莲,,,,,,,no_image
123661,Saussurea kanzanensis,台湾风毛菊,,,,,,,no_image
123681,Saussurea leclerei,利马川风毛菊,,,,,,,no_image
123701,Saussurea malitiosa,尖头风毛菊,,,,,,,no_image
123721,Saussurea nanzhengensis,南郑风毛菊,,,,,,,no_image
123741,Saussurea paleacea,糠秕风毛菊,,,,,,,no_image
123761,Saussurea populifolia,杨叶风毛菊,,,,,,,no_image
123781,Saussurea pubescens,毛果风毛菊,,,,,,,no_image
123805,Saussurea salemannii,倒卵叶风毛菊,,,,,,,no_image
123825,Saussurea smithiana,西康风毛菊,,,,,,,no_image
123845,Saussurea tenerifolia,长白山风毛菊,,,,,,,no_image
123871,Saussurea velutina,毡毛雪莲,,,,,,,no_image
123891,Saussurea zayuensis,竹瓦根风毛菊,,,,,,,no_image
144392,Savoryella curvispora,,,,,,,,no_image
123899,Saxifraga andersonii,短瓣虎耳草,,,,,,,no_image
123923,Saxifraga cacuminus,顶峰虎耳草,,,,,,,no_image
123945,Saxifraga dahaiensis,大海虎耳草,,,,,,,no_image
123969,Saxifraga dshagalensis,无爪虎耳草,,,,,,,no_image
123998,Saxifraga gemmipara,芽生虎耳草,,,,,,,no_image
124023,Saxifraga hirculus,山羊臭虎耳草,images/00/12/00124023.webp,https://thumb.wikimedia.org/wikipedia/commons/thumb/0/05/Skaftafell_-_Gelbe_Bl%C3%BCten.jpg/960px-Skaftafell_-_Gelbe_Bl%C3%BCten.jpg?utm_source=en.wikipedia.org&utm_campaign=api&utm_content=thumbnail,Wolfgang Sauber,CC BY-SA 3.0,https://creativecommons.org/licenses/by-sa/3.0,https://en.wikipedia.org/wiki/File:Skaftafell_-_Gelbe_Blüten.jpg,ok
124049,Saxifraga litangensis,理塘虎耳草,,,,,,,no_image
124075,Saxifraga moorcroftiana,聂拉木虎耳草,,,,,,,no_image
124100,Saxifraga parnassifolia,梅花草叶虎耳草,,,,,,,no_image
124126,Saxifraga sanguinea,红虎耳草,,,,,,,no_image
124154,Saxifraga subamplexicaulis,近抱茎虎耳草,,,,,,,no_image
124181,Saxifraga uninervia,单脉虎耳草,,,,,,,no_image
2704,Scabricola ocellata,,,https://upload.wikimedia.org/wikipedia/commons/6/67/Zoological_Illustrations_Mitrella_ocellata.jpg?utm_source=en.wikipedia.org&utm_campaign=api&utm_content=thumbnail_unscaled,William Swainson,Public domain,,https://en.wikipedia.org/wiki/File:Zoological_Illustrations_Mitrella_ocellata.jpg,download_failed
63818,Scalenus drescheri,,,,,,,,no_image
124205,Scandix stellata,针果芹,,,,,,,no_image
124225,Scapania harae,复瘤合叶苔,,,,,,,no_image
124249,Scapania rotundifolia,圆叶合叶苔,,,,,,,no_image
2252,Scapharca satowi,赛氏毛蚶,,,,,,,no_image
63837,Scaphidium coomani,,,,,,,,no_image
63857,Scaphidium laxum,,,,,,,,no_image
63879,Scaphidium takahashi,,,,,,,,no_image
63897,Scaphisoma atronotatum,,,,,,,,no_image
63918,Scaphisoma invertum,,,,,,,,no_image
63938,Scaphisoma parasolutum,,,,,,,,no_image
63958,Scaphisoma subtile,,,,,,,,no_image
63976,Scaphobaeocera incisa,,,,,,,,no_image
63993,Scaptodrosophila bryani,布氏花果蝇,,,,,,,no_image
64013,Scaptodrosophila rufifrons,红额花果蝇,,,,,,,no_image
64033,Scaptomyza sinica,中华姬果蝇,,,,,,,no_image
81247,Scarus festivus,杂色鹦嘴鱼,,,,,,,no_image
64040,Scatella henanensis,河南温泉水蝇,,,,,,,no_image
64060,Scathophaga xinjiangensis,新疆粪蝇,,,,,,,no_image
64079,Scatopse mastoidea,乳突粪蚊,,,,,,,no_image
124261,Sceptridium daucifolium,薄叶阴地蕨,,,,,,,no_image
9127,Scheloribates praeincisus,前凹菌甲螨,,,,,,,no_image
124280,Schima multibracteata,多苞木荷,,,,,,,no_image
124296,Schisandra grandiflora,大花五味子,images/00/12/00124296.webp,https://thumb.wikimedia.org/wikipedia/commons/thumb/c/c6/Schisandra_grandiflora_-_Flickr_-_peganum.jpg/960px-Schisandra_grandiflora_-_Flickr_-_peganum.jpg?utm_source=en.wikipedia.org&utm_campaign=api&utm_content=thumbnail,"peganum from Small Dole, England",CC BY-SA 2.0,https://creativecommons.org/licenses/by-sa/2.0,https://en.wikipedia.org/wiki/File:Schisandra_grandiflora_-_Flickr_-_peganum.jpg,ok
124322,Schismatoglottis hainanensis,落檐,,,,,,,no_image
124338,Schistochila aligera,狭瓣苔,,,,,,,no_image
81274,Schistura bannaensis,版纳南鳅,,,,,,,no_image
81296,Schistura malaise,云纹南鳅,,,,,,,no_image
124352,Schizachyrium delavayi,旱茅,,,,,,,no_image
10738,Schizopathes afffinis,近缘裂黑珊瑚,,,,,,,no_image
124385,Schizophyllopsis bidens,双齿裂褶苔,,,,,,,no_image
81325,Schizopygopsis thermalis,温泉裸裂尻鱼,,,,,,,no_image
124400,Schizotechium paniculatum,锥花独子繁缕,,,,,,,no_image
9691,Schizotetranychus yoshimekii,,,,,,,,no_image
81346,Schizothorax heterochilus,异唇裂腹鱼,,,,,,,no_image
81366,Schizothorax oligolepis,少鳞裂腹鱼,,,,,,,no_image
124406,Schlotheimia pungens,小火藓,,,,,,,no_image
124417,Schoenoplectiella articulata,节苞萤蔺,,,,,,,no_image
124438,Schoenoplectus monocephalus,单穗水葱,,,,,,,no_image
124460,Schrenkia vaginata,双球芹,,,,,,,no_image
124470,Schwetschkea sinica,中华附干藓,,,,,,,no_image
64146,Sciara sclerocerci,坚尾眼蕈蚊,,,,,,,no_image
81399,Scincella doriae,长肢滑蜥,,,,,,,no_image
150545,Scindalma chaffangeonii,,,,,,,,no_image
150565,Scindalma ochrolaccatum,,,,,,,,no_image
150585,Scindalma tropicum,,,,,,,,no_image
64169,Sciophila fujiana,福建粘菌蚊,,,,,,,no_image
124497,Scirpus rosthornii,百球藨草,,,,,,,no_image
124503,Scleria corymbosa,伞房珍珠茅,,,,,,,no_image
124525,Scleria terrestris,高秆珍珠茅,images/00/12/00124525.webp,https://thumb.wikimedia.org/wikipedia/commons/thumb/3/33/Scleria_terrestris.jpg/960px-Scleria_terrestris.jpg?utm_source=en.wikipedia.org&utm_campaign=api&utm_content=thumbnail,Mark Marathon,CC BY-SA 4.0,https://creativecommons.org/licenses/by-sa/4.0,https://en.wikipedia.org/wiki/File:Scleria_terrestris.jpg,ok
155782,Sclerocystis rubiformis,悬钩子状硬囊霉,,,,,,,no_image
149542,Scleroderma tenerum,薄硬皮马勃,,,,,,,no_image
64197,Sclerophaedon daccordii,达考特固猿叶甲,,,,,,,no_image
138992,Sclerotinia cinerea,灰核盘菌,images/00/13/00138992.webp,https://thumb.wikimedia.org/wikipedia/commons/thumb/0/0f/Brown_Rot_on_Apple.jpg/960px-Brown_Rot_on_Apple.jpg?utm_source=en.wikipedia.org&utm_campaign=api&utm_content=thumbnail,Arthuc01,CC BY-SA 3.0,https://creativecommons.org/licenses/by-sa/3.0,https://en.wikipedia.org/wiki/File:Brown_Rot_on_Apple.jpg,ok
139012,Sclerotinia opuntiarum,,,,,,,,no_image
140312,Scodellina vesiculosa,,,,,,,,no_image
136592,Scoliciosporum umbrinum,赭绦孢衣,,,,,,,no_image
81421,Scolopsis affinis,乌面眶棘鲈,images/00/08/00081421.webp,https://thumb.wikimedia.org/wikipedia/commons/thumb/6/64/Scolopsis_affinis_688045986.jpg/960px-Scolopsis_affinis_688045986.jpg?utm_source=en.wikipedia.org&utm_campaign=api&utm_content=thumbnail,jeyre,CC BY 4.0,https://creativecommons.org/licenses/by/4.0,https://en.wikipedia.org/wiki/File:Scolopsis_affinis_688045986.jpg,ok
81435,Scomberoides lysan,长颌似鲹,,https://upload.wikimedia.org/wikipedia/commons/4/41/Scomberoides_lysan_by_NPS.jpg?utm_source=en.wikipedia.org&utm_campaign=api&utm_content=thumbnail_unscaled,NNPS photo - Randall Watanuki,Public domain,,https://en.wikipedia.org/wiki/File:Scomberoides_lysan_by_NPS.jpg,download_failed
64235,Scopaeus velutinus,,,,,,,,no_image
124547,Scopelophila ligulata,舌叶藓,,,,,,,no_image
132129,Scorias spongiosa,,images/00/13/00132129.webp,https://thumb.wikimedia.org/wikipedia/commons/thumb/7/7d/Scorias_spongiosa_41710.jpg/960px-Scorias_spongiosa_41710.jpg?utm_source=en.wikipedia.org&utm_campaign=api&utm_content=thumbnail,"This image was created by user Dan Molter (shroomydan) at Mushroom Observer, a source for mycological images.You can contact this user here.",CC BY-SA 3.0,https://creativecommons.org/licenses/by-sa/3.0,https://en.wikipedia.org/wiki/File:Scorias_spongiosa_41710.jpg,ok
81473,Scorpaenopsis gibbosa,驼背拟鲉,images/00/08/00081473.webp,https://thumb.wikimedia.org/wikipedia/commons/thumb/9/97/Scorpaenopsis_gibbosa_R%C3%A9union.jpg/960px-Scorpaenopsis_gibbosa_R%C3%A9union.jpg?utm_source=en.wikipedia.org&utm_campaign=api&utm_content=thumbnail,Philippe Bourjon,CC BY-SA 3.0,https://creativecommons.org/licenses/by-sa/3.0,https://en.wikipedia.org/wiki/File:Scorpaenopsis_gibbosa_Réunion.jpg,ok
124559,Scorzonera manshurica,东北鸦葱,,,,,,,no_image
81484,Scotophilus kuhlii,小黄蝠,images/00/08/00081484.webp,https://thumb.wikimedia.org/wikipedia/commons/thumb/8/89/Scotophilus_kuhlii_%28Bukidnon%2C_Philippines%29_1.jpg/960px-Scotophilus_kuhlii_%28Bukidnon%2C_Philippines%29_1.jpg?utm_source=en.wikipedia.org&utm_campaign=api&utm_content=thumbnail,Obsidian Soul,CC BY-SA 3.0,https://creativecommons.org/licenses/by-sa/3.0,"https://en.wikipedia.org/wiki/File:Scotophilus_kuhlii_(Bukidnon,_Philippines)_1.jpg",ok
124578,Scrophularia delavayi,大花玄参,,,,,,,no_image
124598,Scrophularia moellendorffii,华北玄参,,,,,,,no_image
1805,Scrupocellaria maderensis,马岛粗胞苔虫,,,,,,,no_image
5451,Scutarcopagia linguafelis,舌形盾弧樱蛤,,,,,,,no_image
124652,Scutellaria delavayi,方枝黄芩,,,,,,,no_image
124682,Scutellaria laxa,散黄芩,,,,,,,no_image
124709,Scutellaria orthocalyx,直萼黄芩,,,,,,,no_image
124745,Scutellaria shweliensis,瑞丽黄芩,,,,,,,no_image
124768,Scutellaria tuberifera,假活血草,,,,,,,no_image
140693,Scutellinia cejpii,蔡氏盾盘菌,,,,,,,no_image
140713,Scutellinia parvispora,小孢盾盘菌,,,,,,,no_image
155620,Scutellospora calospora,丽孢盾巨孢囊霉,,,,,,,no_image
155640,Scutellospora verrucosa,疣壁盾巨孢囊霉,,,,,,,no_image
81503,Scutiger ningshanensis,宁陕齿突蟾,,,,,,,no_image
64273,Scydmaenus formosanus,,,,,,,,no_image
6669,Scyllarides haanii,韩氏拟扇虾,images/00/00/00006669.webp,https://thumb.wikimedia.org/wikipedia/commons/thumb/9/9a/Aesop_slipper_lobster.jpg/960px-Aesop_slipper_lobster.jpg?utm_source=en.wikipedia.org&utm_campaign=api&utm_content=thumbnail,RatioTile,CC BY-SA 4.0,https://creativecommons.org/licenses/by-sa/4.0,https://en.wikipedia.org/wiki/File:Aesop_slipper_lobster.jpg,ok
64292,Scythropiodes hamatellus,钩瓣绢祝蛾,,,,,,,no_image
11946,Scytodes albiapicalis,白顶花皮蛛,,,,,,,no_image
152635,Sebacina incrustans,蜡壳菌,,,,,,,no_image
81532,Sebastiscus tertius,三色菖鲉,,https://upload.wikimedia.org/wikipedia/commons/4/40/UkkariKG.jpg?utm_source=en.wikipedia.org&utm_campaign=api&utm_content=thumbnail_unscaled,Izuzuki,CC BY-SA 3.0,https://creativecommons.org/licenses/by-sa/3.0,https://en.wikipedia.org/wiki/File:UkkariKG.jpg,download_failed
81535,Secutor insidiator,静仰口鲾(静鲾),,https://upload.wikimedia.org/wikipedia/commons/3/3f/SecutorInsidiatorCSIRO.jpg?utm_source=en.wikipedia.org&utm_campaign=api&utm_content=thumbnail_unscaled,,,,https://en.wikipedia.org/wiki/Secutor_insidiator,license_rejected
124822,Sedum concarpum,合果景天,,,,,,,no_image
124847,Sedum fischeri,小景天,,,,,,,no_image
124868,Sedum jiuhuashanense,九华山景天,,,,,,,no_image
124890,Sedum microsepalum,小萼佛甲草,,,,,,,no_image
124912,Sedum phyllanthum,叶花景天,,,,,,,no_image
124933,Sedum shigatsense,西藏景天,,,,,,,no_image
124961,Sedum tsinghaicum,青海景天,,,,,,,no_image
141197,Seimatosporium lonicerae,,,,,,,,no_image
64319,Seladerma geniculatum,平胸塞拉金小蜂,,,,,,,no_image
124992,Selaginella chuweimingii,维明卷柏,,,,,,,no_image
125013,Selaginella indica,印度卷柏,,,,,,,no_image
125034,Selaginella nummularifolia,钱叶卷柏,,,,,,,no_image
125056,Selaginella shensiensis,陕西卷柏,,,,,,,no_image
125076,Selaginella vardei,细瘦卷柏,,,,,,,no_image
12704,Selenops radiatus,辐射拟扁蛛,,https://upload.wikimedia.org/wikipedia/commons/7/7d/Selenops_sp._%2821368608050%29.jpg?utm_source=en.wikipedia.org&utm_campaign=api&utm_content=thumbnail_unscaled,"Dick Culbert from Gibsons, B.C., Canada",CC BY 2.0,https://creativecommons.org/licenses/by/2.0,https://en.wikipedia.org/wiki/File:Selenops_sp._(21368608050).jpg,download_failed
125095,Selliguea cruciformis,十字假瘤蕨,,,,,,,no_image
125117,Selliguea kingpingensis,金平假瘤蕨,,,,,,,no_image
125137,Selliguea senanensis,陕西假瘤蕨,,,,,,,no_image
64327,Semachrysa guangxiensis,广西饰草蛉,,,,,,,no_image
888,Semela cordiformis,索纹双带蛤,,,,,,,no_image
18851,Semicerura goryshini,,,,,,,,no_image
64352,Semiotellus diversus,多变糙刻金小蜂,,,,,,,no_image
125186,Senecio biligulatus,双舌千里光,,,,,,,no_image
125209,Senecio krascheninnikovii,细梗千里光,,,,,,,no_image
125231,Senecio royleanus,珠峰千里光,,,,,,,no_image
125253,Senegalia hainanensis,海南藤儿茶,,,,,,,no_image
64361,Seniorwhitea princeps,拟东方辛麻蝇,,,,,,,no_image
125295,Senna surattensis,黄槐决明,images/00/12/00125295.webp,https://thumb.wikimedia.org/wikipedia/commons/thumb/a/a7/Starr_080314-3425_Senna_surattensis.jpg/960px-Starr_080314-3425_Senna_surattensis.jpg?utm_source=en.wikipedia.org&utm_campaign=api&utm_content=thumbnail,Forest &amp; Kim Starr,CC BY 3.0,https://creativecommons.org/licenses/by/3.0,https://en.wikipedia.org/wiki/File:Starr_080314-3425_Senna_surattensis.jpg,ok
64379,Senometopia polyvalens,壮裸基寄蝇,,,,,,,no_image
64399,Senotainia hainanensis,海南赛蜂麻蝇,,,,,,,no_image
64411,Sepedon plumbella,曲跗长角沼蝇,,,,,,,no_image
64431,Sepedophilus pumilus,,,,,,,,no_image
64456,Sepsis monostigma,单斑鼓翅蝇,,,,,,,no_image
154610,Septobasidium bogoriense,茂物隔担耳,,,,,,,no_image
154630,Septobasidium pedicellatum,桑灰色膏药病,,,,,,,no_image
143385,Septoria allii,,,,,,,,no_image
143405,Septoria bromi,,,,,,,,no_image
143425,Septoria coptidis,,,,,,,,no_image
143445,Septoria erigeronis,,,,,,,,no_image
143465,Septoria hydrocotylicola,,,,,,,,no_image
143485,Septoria mortolensis,,,,,,,,no_image
143505,Septoria platycodonis,,,,,,,,no_image
143525,Septoria sydowii,,,,,,,,no_image
143545,Septoria virgaureae,,,,,,,,no_image
64469,Sergentomyia barraudi,鲍氏司蛉,,,,,,,no_image
64489,Sergentomyia schwetzi,施氏司蛉,,,,,,,no_image
6478,Sergestes pectinatus,梳齿霞虾,,,,,,,no_image
8182,Seriatopora hystrix,前排孔珊瑚,images/00/00/00008182.webp,https://thumb.wikimedia.org/wikipedia/commons/thumb/d/dd/Seriatopora_hystrix.jpg/960px-Seriatopora_hystrix.jpg?utm_source=en.wikipedia.org&utm_campaign=api&utm_content=thumbnail,Faol,CC BY-SA 3.0,https://creativecommons.org/licenses/by-sa/3.0,https://en.wikipedia.org/wiki/File:Seriatopora_hystrix.jpg,ok
125303,Serissa japonica,六月雪,images/00/12/00125303.webp,https://thumb.wikimedia.org/wikipedia/commons/thumb/d/d8/Serissa_japonica-bunga_4-Hayati_Mayang_Arum.jpg/960px-Serissa_japonica-bunga_4-Hayati_Mayang_Arum.jpg?utm_source=en.wikipedia.org&utm_campaign=api&utm_content=thumbnail,Hayati Mayang Arum,CC BY-SA 4.0,https://creativecommons.org/licenses/by-sa/4.0,https://en.wikipedia.org/wiki/File:Serissa_japonica-bunga_4-Hayati_Mayang_Arum.jpg,ok
149550,Serpula tignicola,,,,,,,,no_image
7681,Sertularella polyzonias,多线小桧叶螅,images/00/00/00007681.webp,https://thumb.wikimedia.org/wikipedia/commons/thumb/7/70/B09_6286_polyzonias.jpg/960px-B09_6286_polyzonias.jpg?utm_source=en.wikipedia.org&utm_campaign=api&utm_content=thumbnail,Bernard Picton,CC BY-SA 4.0,https://creativecommons.org/licenses/by-sa/4.0,https://en.wikipedia.org/wiki/File:B09_6286_polyzonias.jpg,ok
64541,Servaisia rossica,毛股锚折麻蝇,,,,,,,no_image
125321,Seseli incisodentatum,锐齿西风芹,,,,,,,no_image
64553,Setalunula blepharipoides,饰腹鬃月寄蝇,,,,,,,no_image
64556,Setihercostomus wuyangensis,舞阳毛颜长足虻,,,,,,,no_image
64562,Setostylus chinensis,中华瑟菌蚊,,,,,,,no_image
14084,Shaanxinus seediq,塞德克陕蛛,,,,,,,no_image
11417,Shearella sanya,三亚希尔蛛,,,,,,,no_image
125373,Shibataea chinensis,鹅毛竹,,,,,,,no_image
64591,Shivaphis szelegiewiczi,斯氏绵叶蚜,,,,,,,no_image
134180,Shrungabeeja vadirajensis,附角豆角凸孢,,,,,,,no_image
64614,Sialis sinensis,中华泥蛉,,,,,,,no_image
12767,Sibianor latens,隐蔽西菱头蛛,,,,,,,no_image
64624,Siccia sordida,污干苔蛾,,,,,,,no_image
750,Sicyonia fallax,虚假单肢虾,,,,,,,no_image
125431,Sida cordifolioides,湖南黄花棯,,,,,,,no_image
13715,Sidydrassus tianschanicus,天山神掠蛛,,,,,,,no_image
1640,Sigambra tentaculata,长须钩毛虫,,,,,,,no_image
15970,Sigipinius complex,,,,,,,,no_image
125448,Silaum silaus,亮叶芹,images/00/12/00125448.webp,https://thumb.wikimedia.org/wikipedia/commons/thumb/7/75/Illustration_Silaum_silaus0.jpg/960px-Illustration_Silaum_silaus0.jpg?utm_source=en.wikipedia.org&utm_campaign=api&utm_content=thumbnail,,Public domain,,https://en.wikipedia.org/wiki/File:Illustration_Silaum_silaus0.jpg,ok
125453,Silene aprica,女娄菜,,,,,,,no_image
125475,Silene conoidea,麦瓶草,,https://upload.wikimedia.org/wikipedia/commons/4/4b/%E6%A4%8D%E7%89%A9%E5%90%8D%E5%AF%A6%E5%9C%96%E8%80%83%C2%B7%E6%B7%A8%E7%93%B6.jpg?utm_source=en.wikipedia.org&utm_campaign=api&utm_content=thumbnail_unscaled,Wu Qijun,Public domain,,https://en.wikipedia.org/wiki/File:植物名實圖考·淨瓶.jpg,download_failed
125497,Silene heptapotamica,黏蝇子草,,,,,,,no_image
125523,Silene langshanensis,狼山蝇子草,,,,,,,no_image
125547,Silene nepalensis,尼泊尔蝇子草,,,,,,,no_image
125569,Silene qiyunshanensis,齐云山蝇子草,,,,,,,no_image
125591,Silene tubulosa,管花蝇子草,,,,,,,no_image
4787,Siliqua japonica,日本荚蛏,,,,,,,no_image
81608,Silurus asotus,鲇,images/00/08/00081608.webp,https://thumb.wikimedia.org/wikipedia/commons/thumb/a/af/Silurus.jpg/960px-Silurus.jpg?utm_source=en.wikipedia.org&utm_campaign=api&utm_content=thumbnail,rhosoi,CC BY 2.0,https://creativecommons.org/licenses/by/2.0,https://en.wikipedia.org/wiki/File:Silurus.jpg,ok
64688,Silusa shaanxiensis,,,,,,,,no_image
15386,Simaoa yaojia,姚家思茅蛛,,,,,,,no_image
64710,Simulium acontum,尖板蚋,,,,,,,no_image
64730,Simulium bannaense,版纳绳蚋,,,,,,,no_image
64750,Simulium chungi,钟氏蚋,,,,,,,no_image
64770,Simulium equinum,马维蚋,,,,,,,no_image
64790,Simulium guiyangense,贵阳厌蚋,,,,,,,no_image
64810,Simulium japonicum,日本蚋,,,,,,,no_image
64830,Simulium leigongshanense,雷公山纺蚋,,,,,,,no_image
64850,Simulium malyschevi,淡足蚋,,,,,,,no_image
64870,Simulium nigrofemoralum,黑股绳蚋,,,,,,,no_image
64890,Simulium pelius,黑色蚋,,,,,,,no_image
64910,Simulium qini,秦氏蚋,,,,,,,no_image
64930,Simulium schizostylum,端裂山蚋,,,,,,,no_image
64950,Simulium synhaiense,苏海绳蚋,,,,,,,no_image
64970,Simulium tuenense,图讷绳蚋,,,,,,,no_image
64990,Simulium wuzhishanense,五指山蚋,,,,,,,no_image
65010,Simulium zunyiense,遵义蚋,,,,,,,no_image
10107,Sinacus caricae,,,,,,,,no_image
18352,Sinantherina socialis,群栖巨冠轮虫,,,,,,,no_image
18944,Sinella curviseta,,,,,,,,no_image
19062,Sinella quinocula,,,,,,,,no_image
19092,Sinella yunnanica,,,,,,,,no_image
11194,Singa kansuensis,甘肃亮腹蛛,,,,,,,no_image
65060,Siniconops fuscatus,暗黑唐眼蝇,,,,,,,no_image
81632,Siniperca obscura,暗鳜,,,,,,,no_image
125623,Sinobambusa henryi,扛竹,,,,,,,no_image
149268,Sinoboletus tengii,叔群华牛肝菌,,,,,,,no_image
125637,Sinocarum coloratum,紫茎小芹,,,,,,,no_image
65100,Sinochlora longifissa,长裂华绿螽,,,,,,,no_image
125658,Sinocladia ramossisima,繁枝华枝藻,,,,,,,no_image
12078,Sinocoelotes pseudoyunnanensis,伪云南华隙蛛,,,,,,,no_image
81639,Sinocrossocheilus guizhouensis,华缨鱼,,,,,,,no_image
81657,Sinocyclocheilus flexuosdorsalis,曲背金线鲃,,,,,,,no_image
81677,Sinocyclocheilus luopingensis,罗平金线鲃,,,,,,,no_image
81697,Sinocyclocheilus simengensis,泗孟金线鲃,,,,,,,no_image
16775,Sinoderces wenshanensis,文山华裸斑蛛,,,,,,,no_image
65121,Sinodorcadion jiangi,,,,,,,,no_image
81711,Sinogastromyzon hsiashiensis,下司华吸鳅,,,,,,,no_image
65133,Sinogomphus scissus,长角华春蜓,,,,,,,no_image
125689,Sinojackia rehderiana,狭果秤锤树,images/00/12/00125689.webp,https://thumb.wikimedia.org/wikipedia/commons/thumb/1/1c/Sinojackia_rehderiana_-_1_-_North_Carolina_Arboretum.JPG/960px-Sinojackia_rehderiana_-_1_-_North_Carolina_Arboretum.JPG?utm_source=en.wikipedia.org&utm_campaign=api&utm_content=thumbnail,Daderot,Public domain,,https://en.wikipedia.org/wiki/File:Sinojackia_rehderiana_-_1_-_North_Carolina_Arboretum.JPG,ok
81725,Sinomicrurus peinani,广西华珊瑚蛇,,,,,,,no_image
3944,Sinonereis heteropoda,异足中华沙蚕,,,,,,,no_image
65170,Sinophasma curvatum,曲腹华枝䗛,,,,,,,no_image
65192,Sinophilus rougemonti,,,,,,,,no_image
13443,Sinopoda crassa,厚华遁蛛,,,,,,,no_image
13395,Sinopoda lata,宽华遁蛛,,,,,,,no_image
13412,Sinopoda stellata,星状华遁蛛,,,,,,,no_image
65205,Sinopodisma kodamae,柯蹦蝗,,,,,,,no_image
2469,Sinorchestia taiwanensis,台湾华跳钩虾,,,,,,,no_image
125722,Sinosenecio confervifer,西南蒲儿根,,,,,,,no_image
125744,Sinosenecio lichuanensis,利川蒲儿根,,,,,,,no_image
125764,Sinosenecio tongziensis,桐梓蒲儿根,,,,,,,no_image
65227,Sinosticta hainanense,海南华扁蟌,,,,,,,no_image
16714,Sinothela sinensis,中华华蛛,,,,,,,no_image
65247,Sinstauchira yunnana,云南板齿蝗,,,,,,,no_image
7134,Sinularia halversoni,哈氏指软珊瑚,,,,,,,no_image
7182,Sinularia polydactyla,多指软珊瑚,images/00/00/00007182.webp,https://thumb.wikimedia.org/wikipedia/commons/thumb/7/7c/Finger_leather_coral%2C_Sinularia_polydactyla_%286165871011%29.jpg/960px-Finger_leather_coral%2C_Sinularia_polydactyla_%286165871011%29.jpg?utm_source=en.wikipedia.org&utm_campaign=api&utm_content=thumbnail,"Derek Keats from Johannesburg, South Africa",CC BY 2.0,https://creativecommons.org/licenses/by/2.0,"https://en.wikipedia.org/wiki/File:Finger_leather_coral,_Sinularia_polydactyla_(6165871011).jpg",ok
3330,Sinuolinea argyrosomi,白姑鱼弯缝虫,,,,,,,no_image
65260,Siphona selecta,择长唇寄蝇,,,,,,,no_image
125790,Siphonostegia chinensis,阴行草,,,,,,,no_image
65271,Sipyloidea samsoo,角臀管䗛,,,,,,,no_image
3053,Siriella sinensis,中华节糠虾,,,,,,,no_image
149788,Sistotrema octosporum,八孢白齿菌,,,,,,,no_image
65277,Sisyra aurorae,曙光水蛉,,,,,,,no_image
65289,Sitodiplosis mosellana,麦红吸浆虫,images/00/06/00065289.webp,https://thumb.wikimedia.org/wikipedia/commons/thumb/0/03/Sitodiplosis_mosellana_%2815800104237%29.jpg/960px-Sitodiplosis_mosellana_%2815800104237%29.jpg?utm_source=en.wikipedia.org&utm_campaign=api&utm_content=thumbnail,"Gilles San Martin from Namur, Belgium",CC BY-SA 2.0,https://creativecommons.org/licenses/by-sa/2.0,https://en.wikipedia.org/wiki/File:Sitodiplosis_mosellana_(15800104237).jpg,ok
125826,Sium ventricosum,滇西泽芹,,,,,,,no_image
65291,Skeloceras chagyabensis,察雅虞索金小蜂,,,,,,,no_image
125838,Sladenia integrifolia,全缘肋果茶,,,,,,,no_image
140739,Smardaea protea,,,,,,,,no_image
65301,Smeritus planus,蓝目天蛾,,,,,,,no_image
125872,Smilax aspera,穗菝葜,,https://upload.wikimedia.org/wikipedia/commons/7/74/Smilax_aspera.jpg?utm_source=en.wikipedia.org&utm_campaign=api&utm_content=thumbnail_unscaled,,CC BY-SA 3.0,http://creativecommons.org/licenses/by-sa/3.0/,https://en.wikipedia.org/wiki/File:Smilax_aspera.jpg,download_failed
125894,Smilax densibarbata,密刺菝葜,,,,,,,no_image
125916,Smilax lanceifolia,马甲菝葜,,,,,,,no_image
125938,Smilax nigrescens,黑叶菝葜,,,,,,,no_image
125961,Smilax sieboldii,华东菝葜,,,,,,,no_image
19199,Sminthurinus cantonensis,,,,,,,,no_image
65325,Smittia aterrima,黑施密摇蚊,,,,,,,no_image
14686,Smodicinodes yaoi,姚氏冕蟹蛛,,,,,,,no_image
65343,Sogatellana fusca,暗面淡背飞虱,,,,,,,no_image
125998,Solanum diphyllum,玛瑙珠,images/00/12/00125998.webp,https://thumb.wikimedia.org/wikipedia/commons/thumb/6/63/Solanum_diphyllum_-_USDA_ARS_2.jpg/960px-Solanum_diphyllum_-_USDA_ARS_2.jpg?utm_source=en.wikipedia.org&utm_campaign=api&utm_content=thumbnail,"Charles T. Bryson, USDA Agricultural Research Service, Bugwood.org",CC BY 3.0 us,https://creativecommons.org/licenses/by/3.0/us/deed.en,https://en.wikipedia.org/wiki/File:Solanum_diphyllum_-_USDA_ARS_2.jpg,ok
126018,Solanum nigrum,龙葵,,https://upload.wikimedia.org/wikipedia/commons/7/7e/Solanum_nigrum_flower.jpg?utm_source=en.wikipedia.org&utm_campaign=api&utm_content=thumbnail_unscaled,Harald Hubich,CC BY-SA 3.0,http://creativecommons.org/licenses/by-sa/3.0/,https://en.wikipedia.org/wiki/File:Solanum_nigrum_flower.jpg,download_failed
126038,Solanum violaceum,刺天茄,images/00/12/00126038.webp,https://thumb.wikimedia.org/wikipedia/commons/thumb/f/ff/Solanum_violaceum_02.JPG/960px-Solanum_violaceum_02.JPG?utm_source=en.wikipedia.org&utm_campaign=api&utm_content=thumbnail,Vinayaraj,CC BY-SA 3.0,https://creativecommons.org/licenses/by-sa/3.0,https://en.wikipedia.org/wiki/File:Solanum_violaceum_02.JPG,ok
81791,Solegnathus hardwickii,哈氏刁海龙,,,,,,,no_image
126043,Solena heterophylla,茅瓜,,,,,,,no_image
4843,Solenocera rathbunae,多突管鞭虾,,,,,,,no_image
126064,Solenostoma flagellatum,鞭枝管口苔,,,,,,,no_image
126084,Solenostoma patoniae,高山管口苔,,,,,,,no_image
126107,Solenostoma truncatum,截叶管口苔,,,,,,,no_image
3884,Soletellina chinensis,中国紫蛤,,,,,,,no_image
6093,Solidobalanus ciliatus,玲珑坚藤壶,,,,,,,no_image
126131,Solms-laubachia gamosepala,合萼丛菔,,,,,,,no_image
126151,Solms-laubachia sunhangiana,伍须丛菔,,,,,,,no_image
65356,Solva completa,完全粗腿木虻,,,,,,,no_image
65377,Somadasys lunata,月光枯叶蛾,,,,,,,no_image
126160,Sonchus oleraceus,苦苣菜,,https://thumb.wikimedia.org/wikipedia/commons/thumb/f/f9/Sonchus_February_2008-1.jpg/960px-Sonchus_February_2008-1.jpg?utm_source=en.wikipedia.org&utm_campaign=api&utm_content=thumbnail,,,,https://en.wikipedia.org/wiki/Sonchus_oleraceus,license_rejected
16717,Songthela goulouensis,岣嵝宋蛛,,,,,,,no_image
65398,Sophianus kerzhneri,克氏奇树盲蝽,,,,,,,no_image
65418,Sophonia microstaina,细点拟隐脉叶蝉,,,,,,,no_image
126185,Sophora brachygyna,短蕊槐,,,,,,,no_image
65436,Sophronica chinensis,,,,,,,,no_image
126243,Sorbus burtonsmithiorum,贡山花楸,,,,,,,no_image
126268,Sorbus folgneri,石灰花楸,images/00/12/00126268.webp,https://thumb.wikimedia.org/wikipedia/commons/thumb/7/7c/Sorbus_folgneri_-_Mingyueshan_2019.06.02_11-59-37.jpg/960px-Sorbus_folgneri_-_Mingyueshan_2019.06.02_11-59-37.jpg?utm_source=en.wikipedia.org&utm_campaign=api&utm_content=thumbnail,Zhangzhugang,CC BY-SA 4.0,https://creativecommons.org/licenses/by-sa/4.0,https://en.wikipedia.org/wiki/File:Sorbus_folgneri_-_Mingyueshan_2019.06.02_11-59-37.jpg,ok
126296,Sorbus koehneana,陕甘花楸,images/00/12/00126296.webp,https://thumb.wikimedia.org/wikipedia/commons/thumb/3/32/Sorbus-koehneana-fruits2.jpg/960px-Sorbus-koehneana-fruits2.jpg?utm_source=en.wikipedia.org&utm_campaign=api&utm_content=thumbnail,Sten Porse,CC BY-SA 3.0,https://creativecommons.org/licenses/by-sa/3.0,https://en.wikipedia.org/wiki/File:Sorbus-koehneana-fruits2.jpg,ok
126318,Sorbus parvifructa,小果花楸,,,,,,,no_image
126349,Sorbus setschwanensis,四川花楸,,,,,,,no_image
144491,Sordaria humana,,,,,,,,no_image
65439,Sorghothrips meishanensis,梅山额伸蓟马,,,,,,,no_image
65447,Sorolopha plinthograpta,台尾小卷蛾,,,,,,,no_image
154749,Sorosporium cymbopogonis-distantis,芸香草团黑粉菌,,,,,,,no_image
65453,Sosibia medogensis,墨脱健䗛,,,,,,,no_image
144463,Spadicoides minuta,,,,,,,,no_image
65473,Spalangia subpunctata,微点俑小蜂,,,,,,,no_image
65497,Spaniocentra incomptaria,旷环斑绿尺蛾,,,,,,,no_image
126400,Sparganium natans,矮黑三棱,images/00/12/00126400.webp,https://thumb.wikimedia.org/wikipedia/commons/thumb/0/0c/Sparganium_natans.jpeg/960px-Sparganium_natans.jpeg?utm_source=en.wikipedia.org&utm_campaign=api&utm_content=thumbnail,"Kristian Peters -- Fabelfroh 16:12, 22 October 2007 (UTC)",CC BY-SA 3.0,http://creativecommons.org/licenses/by-sa/3.0/,https://en.wikipedia.org/wiki/File:Sparganium_natans.jpeg,ok
126406,Spartina alterniflora,互花米草,images/00/12/00126406.webp,https://thumb.wikimedia.org/wikipedia/commons/thumb/7/7d/Spartina_alterniflora.jpg/960px-Spartina_alterniflora.jpg?utm_source=en.wikipedia.org&utm_campaign=api&utm_content=thumbnail,,Public domain,,https://en.wikipedia.org/wiki/File:Spartina_alterniflora.jpg,ok
126410,Spathodea campanulata,火焰树,images/00/12/00126410.webp,https://thumb.wikimedia.org/wikipedia/commons/thumb/2/21/Starr_031210-0047_Spathodea_campanulata.jpg/960px-Starr_031210-0047_Spathodea_campanulata.jpg?utm_source=en.wikipedia.org&utm_campaign=api&utm_content=thumbnail,Forest &amp; Kim Starr,CC BY 3.0,https://creativecommons.org/licenses/by/3.0,https://en.wikipedia.org/wiki/File:Starr_031210-0047_Spathodea_campanulata.jpg,ok
139127,Spathularia flavida,地匙菌,,https://upload.wikimedia.org/wikipedia/commons/b/be/Spathularia_flavida_29116.jpg?utm_source=en.wikipedia.org&utm_campaign=api&utm_content=thumbnail_unscaled,Irene Andersson,CC BY-SA 3.0,https://creativecommons.org/licenses/by-sa/3.0,https://en.wikipedia.org/wiki/File:Spathularia_flavida_29116.jpg,download_failed
65540,Specinervures nigrocarinata,黑脊异脉飞虱,,,,,,,no_image
65547,Spelobia longisetula,长毛刺尾小粪蝇,,,,,,,no_image
15776,Speophilosoma montanum,,,,,,,,no_image
81840,Spermophilus relictus,天山黄鼠,images/00/08/00081840.webp,https://thumb.wikimedia.org/wikipedia/commons/thumb/7/7a/Spermophilus_relictus_staying.jpg/960px-Spermophilus_relictus_staying.jpg?utm_source=en.wikipedia.org&utm_campaign=api&utm_content=thumbnail,Carpodacus,CC BY-SA 4.0,https://creativecommons.org/licenses/by-sa/4.0,https://en.wikipedia.org/wiki/File:Spermophilus_relictus_staying.jpg,ok
152986,Sphacelotheca erianthi,,,,,,,,no_image
153006,Sphacelotheca ophiuri-monostachydis,,,,,,,,no_image
81842,Sphaeramia nematoptera,丝鳍圆天竺鲷,images/00/08/00081842.webp,https://thumb.wikimedia.org/wikipedia/commons/thumb/e/e4/Pajama_cardinal_fish_Sphaeramia_nematoptera.jpg/960px-Pajama_cardinal_fish_Sphaeramia_nematoptera.jpg?utm_source=en.wikipedia.org&utm_campaign=api&utm_content=thumbnail,Brian Gratwicke,CC BY 2.0,https://creativecommons.org/licenses/by/2.0,https://en.wikipedia.org/wiki/File:Pajama_cardinal_fish_Sphaeramia_nematoptera.jpg,ok
65562,Sphaerites opacus,暗扁圆甲,,,,,,,no_image
65578,Sphaerobulbus yulongmontis,,,,,,,,no_image
8488,Sphaeroma terebrans,有孔团水虱,,,,,,,no_image
65598,Sphaerophoria abbreviata,离带细腹蚜蝇,,,,,,,no_image
65618,Sphaerophoria scripta,短翅细腹蚜蝇,images/00/06/00065618.webp,https://thumb.wikimedia.org/wikipedia/commons/thumb/e/e9/%28MHNT%29_Sphaerophoria_scripta_on_Achillea_millefolium.jpg/960px-%28MHNT%29_Sphaerophoria_scripta_on_Achillea_millefolium.jpg?utm_source=en.wikipedia.org&utm_campaign=api&utm_content=thumbnail,Didier Descouens,CC BY-SA 4.0,https://creativecommons.org/licenses/by-sa/4.0,https://en.wikipedia.org/wiki/File:(MHNT)_Sphaerophoria_scripta_on_Achillea_millefolium.jpg,ok
126454,Sphaeropteris guangxiensis,广西白桫椤,,,,,,,no_image
1124,Sphaerosyllis glandulata,腺猬球裂虫,,,,,,,no_image
138185,Sphaerotheca fuliginea,烟色单囊壳,images/00/13/00138185.webp,https://thumb.wikimedia.org/wikipedia/commons/thumb/e/e7/Podosphaera-fuliginea-alex.jpg/960px-Podosphaera-fuliginea-alex.jpg?utm_source=en.wikipedia.org&utm_campaign=api&utm_content=thumbnail,Alexoutside,CC BY 4.0,https://creativecommons.org/licenses/by/4.0,https://en.wikipedia.org/wiki/File:Podosphaera-fuliginea-alex.jpg,ok
6809,Sphaerozius nitidus,光辉圆扇蟹,,,,,,,no_image
126475,Sphagnum cuspidatum,狭叶泥炭藓,images/00/12/00126475.webp,https://thumb.wikimedia.org/wikipedia/commons/thumb/0/00/Sphagnum_cuspidatum_100911b.JPG/960px-Sphagnum_cuspidatum_100911b.JPG?utm_source=en.wikipedia.org&utm_campaign=api&utm_content=thumbnail,BerndH,CC BY-SA 3.0,https://creativecommons.org/licenses/by-sa/3.0,https://en.wikipedia.org/wiki/File:Sphagnum_cuspidatum_100911b.JPG,ok
126497,Sphagnum papillosum,疣泥炭藓,,https://upload.wikimedia.org/wikipedia/commons/3/33/Sphagnum.papillosum.2.jpg?utm_source=en.wikipedia.org&utm_campaign=api&utm_content=thumbnail_unscaled,James K. Lindsey,CC BY-SA 3.0,https://creativecommons.org/licenses/by-sa/3.0,https://en.wikipedia.org/wiki/File:Sphagnum.papillosum.2.jpg,download_failed
65625,Sphecapatodes kaszabi,卡氏泥蜂麻蝇,,,,,,,no_image
65644,Sphegina apicalis,无斑棒腹蚜蝇,,,,,,,no_image
81849,Sphenanthias tosaensis,土佐湾楔花鮨鰧,,,,,,,no_image
81850,Sphenomorphus courcyanum,墨脱蜓蜥,,,,,,,no_image
134613,Sphinctrina cubensis,,,,,,,,no_image
65698,Sphingonotus mongolicus,蒙古束颈蝗,,,,,,,no_image
65721,Sphiximorpha annulifemoralis,环腿腰角蚜蝇,,,,,,,no_image
81865,Sphyraena jello,斑条魣,images/00/08/00081865.webp,https://thumb.wikimedia.org/wikipedia/commons/thumb/e/ee/Pickhandle_barracuda_%28Sphyraena_jello%29.jpg/960px-Pickhandle_barracuda_%28Sphyraena_jello%29.jpg?utm_source=en.wikipedia.org&utm_campaign=api&utm_content=thumbnail,Rickard Zerpe,CC BY 2.0,https://creativecommons.org/licenses/by/2.0,https://en.wikipedia.org/wiki/File:Pickhandle_barracuda_(Sphyraena_jello).jpg,ok
65736,Spilarctia aurocostata,金缘污灯蛾,,,,,,,no_image
65761,Spilarctia robusta,强污灯蛾,images/00/06/00065761.webp,https://thumb.wikimedia.org/wikipedia/commons/thumb/8/80/Spilarctia_alba_%2833996388434%29.jpg/960px-Spilarctia_alba_%2833996388434%29.jpg?utm_source=en.wikipedia.org&utm_campaign=api&utm_content=thumbnail,"Hsu Hong Lin from 南投縣集集鎮, 中華民國",CC BY 2.0,https://creativecommons.org/licenses/by/2.0,https://en.wikipedia.org/wiki/File:Spilarctia_alba_(33996388434).jpg,ok
65781,Spilogona brevipila,短毛池蝇,,,,,,,no_image
65802,Spilogona lobuliunguis,片爪点池蝇,,,,,,,no_image
65822,Spilogona spiniterebra,棘肛点池蝇,,,,,,,no_image
65842,Spilomyia diophthalma,双带斑胸蚜蝇,images/00/06/00065842.webp,https://thumb.wikimedia.org/wikipedia/commons/thumb/c/c9/Spilomyia_diophthalma2.JPG/960px-Spilomyia_diophthalma2.JPG?utm_source=en.wikipedia.org&utm_campaign=api&utm_content=thumbnail,Adam Furlepa,CC BY-SA 3.0,https://creativecommons.org/licenses/by-sa/3.0,https://en.wikipedia.org/wiki/File:Spilomyia_diophthalma2.JPG,ok
65856,Spilosmylus kruegeri,克氏瑕溪蛉,,,,,,,no_image
9959,Spinaetergum adinae,,,,,,,,no_image
65890,Spinimegopis fujitai,,,,,,,,no_image
14465,Spinirta aviforma,鸟刺突蛛,,,,,,,no_image
4592,Spinula tasmanica,塔斯曼翼蛤,,,,,,,no_image
126541,Spiradiclis densa,密脉螺序草,,,,,,,no_image
126563,Spiradiclis longzhouensis,龙州螺序草,,,,,,,no_image
126583,Spiradiclis tonglingensis,通灵螺序草,,,,,,,no_image
126616,Spiraea chamaedryfolia,石蚕叶绣线菊,,https://thumb.wikimedia.org/wikipedia/commons/thumb/8/8e/Rosaceae_-_Spyraea_chamaedryfolia.JPG/960px-Rosaceae_-_Spyraea_chamaedryfolia.JPG?utm_source=en.wikipedia.org&utm_campaign=api&utm_content=thumbnail,,,,https://en.wikipedia.org/wiki/Spiraea_chamaedryfolia,license_rejected
126656,Spiraea kweichowensis,贵州绣线菊,,,,,,,no_image
126693,Spiraea pjassetzkii,平卧绣线菊,,,,,,,no_image
126729,Spiraea uratensis,乌拉绣线菊,,,,,,,no_image
12306,Spiricoelotes pseudozonatus,伪带旋隙蛛,,,,,,,no_image
16201,Spirostreptus fasciatus,,,,,,,,no_image
126767,Spodiopogon yuexiensis,白玉大油芒,,,,,,,no_image
3385,Spondylus aurantius,橘色海菊蛤,,,,,,,no_image
1617,Spongia irregularis,参差角骨海绵杰克逊变种,,,,,,,no_image
140760,Spooneromyces daliensis,大理斯布纳盘菌,,,,,,,no_image
143578,Sporidesmium aturbinatum,,,,,,,,no_image
143598,Sporidesmium liupanshanense,,,,,,,,no_image
143618,Sporidesmium taiwanense,,,,,,,,no_image
155000,Sporisorium arundinellae-nepalensis,,,,,,,,no_image
155020,Sporisorium isachnes,柳叶箬孢堆黑粉菌,,,,,,,no_image
155040,Sporisorium pollinianum,黄金茅孢堆黑粉菌,,,,,,,no_image
126778,Sporobolus pyramidatus,具枕鼠尾粟,,,,,,,no_image
141280,Sporoschisma nigroseptatum,,,,,,,,no_image
139460,Spragueola irregularis,,,,,,,,no_image
81907,Squalidus atromaculatus,暗斑银&#x0000E068;,,,,,,,no_image
148621,Squamanita umbonata,,,,,,,,no_image
18657,Squatinella mutica,无棘鳞冠轮虫,,,,,,,no_image
142227,Stachybotrys microspora,,,,,,,,no_image
126809,Stachyopsis oblongata,假水苏,,,,,,,no_image
126835,Stachys palustris,沼生水苏,images/00/12/00126835.webp,https://thumb.wikimedia.org/wikipedia/commons/thumb/b/b9/Stachys_palustris_-_soo-n%C3%B5ian%C3%B5ges.jpg/960px-Stachys_palustris_-_soo-n%C3%B5ian%C3%B5ges.jpg?utm_source=en.wikipedia.org&utm_campaign=api&utm_content=thumbnail,Ivar Leidus,CC BY-SA 3.0,https://creativecommons.org/licenses/by-sa/3.0,https://en.wikipedia.org/wiki/File:Stachys_palustris_-_soo-nõianõges.jpg,ok
133822,Stagonospora luzulae,,,,,,,,no_image
65959,Stamnodes rufescentus,散红四斑尺蛾,,,,,,,no_image
81940,Stanulus seychellensis,塞舌尔呆鳚,,https://upload.wikimedia.org/wikipedia/commons/8/89/Stanulus_seychellensis.jpg?utm_source=en.wikipedia.org&utm_campaign=api&utm_content=thumbnail_unscaled,Springer,CC BY 4.0,https://creativecommons.org/licenses/by/4.0,https://en.wikipedia.org/wiki/File:Stanulus_seychellensis.jpg,download_failed
2410,Staphyulaea staphylaea,葡萄贝,,,,,,,no_image
126883,Stauranthera grandifolia,大叶十字苣苔,,,,,,,no_image
126900,Staurogyne shanica,滇缅叉柱花,,,,,,,no_image
65997,Stauropus teikichiana,台蚁舟蛾,,,,,,,no_image
11484,Steatoda craniformis,盔肥腹蛛,,,,,,,no_image
11731,Steatoda triangulosa,三角肥腹蛛,,https://upload.wikimedia.org/wikipedia/commons/f/f3/Steatoda_triangulosa_%28Walckenaer%2C_1802%29_1638441185.jpg?utm_source=en.wikipedia.org&utm_campaign=api&utm_content=thumbnail_unscaled,"Staatliche Naturwissenschaftliche Sammlungen Bayerns (Wendt, Ingo)",CC BY-SA 4.0,https://creativecommons.org/licenses/by-sa/4.0,"https://en.wikipedia.org/wiki/File:Steatoda_triangulosa_(Walckenaer,_1802)_1638441185.jpg",download_failed
151906,Steccherinum oreophilum,山生齿耳,,,,,,,no_image
66006,Stefaniola insignis,长翅旱瘿蚊,,,,,,,no_image
66026,Stegana cheni,陈氏冠果蝇,,,,,,,no_image
66046,Stegana glabra,光板冠果蝇,,,,,,,no_image
66066,Stegana maichouensis,迈州冠果蝇,,,,,,,no_image
66086,Stegana nigrolimbata,黑缘冠果蝇,,,,,,,no_image
66106,Stegana rotunda,端圆冠果蝇,,,,,,,no_image
66126,Stegana xanthosticta,黄端冠果蝇,,,,,,,no_image
66137,Stegenagapanthia albovittata,,,,,,,,no_image
1456,Steineridora borealis,北方矩齿线虫,,,,,,,no_image
126920,Stellaria arenarioides,沙生繁缕,,,,,,,no_image
126954,Stellaria lanata,绵毛繁缕,,,,,,,no_image
126977,Stellaria pilosoides,长毛箐姑草,,,,,,,no_image
6625,Stelletta simplicifurca,简易星芒海绵,,,,,,,no_image
14413,Stemonyphantes griseus,格力冠蛛,,,,,,,no_image
134125,Stemphylium lactucae,,,,,,,,no_image
134145,Stemphylium vesicarium,,images/00/13/00134145.webp,https://thumb.wikimedia.org/wikipedia/commons/thumb/9/9b/Pear_leaves_with_stemphylium_vesicarium.jpg/960px-Pear_leaves_with_stemphylium_vesicarium.jpg?utm_source=en.wikipedia.org&utm_campaign=api&utm_content=thumbnail,"Andreas Gabler, Weixdorf",Public domain,,https://en.wikipedia.org/wiki/File:Pear_leaves_with_stemphylium_vesicarium.jpg,ok
16945,Stenakron megalobramae,平胸鳊狭首吸虫,,,,,,,no_image
66190,Stenchaetothrips zhangi,张氏直鬃蓟马,,,,,,,no_image
66205,Stenhomalus pallidus,,,,,,,,no_image
66227,Stenischia humilis,低地狭臀蚤,,,,,,,no_image
143641,Stenocarpella maydis,,images/00/14/00143641.webp,https://thumb.wikimedia.org/wikipedia/commons/thumb/2/2d/Stenocarpella_maydis_conidia_by_Martha_Patricia_Romero_Luna.jpg/960px-Stenocarpella_maydis_conidia_by_Martha_Patricia_Romero_Luna.jpg?utm_source=en.wikipedia.org&utm_campaign=api&utm_content=thumbnail,Jrodrigomendoza,CC BY-SA 4.0,https://creativecommons.org/licenses/by-sa/4.0,https://en.wikipedia.org/wiki/File:Stenocarpella_maydis_conidia_by_Martha_Patricia_Romero_Luna.jpg,ok
66264,Stenocorus amurensis,东北脊花天牛,,,,,,,no_image
66284,Stenocranus montanus,山类芦长突飞虱,,,,,,,no_image
66303,Stenodema holsata,扩翅狭盲蝽,images/00/06/00066303.webp,https://thumb.wikimedia.org/wikipedia/commons/thumb/d/da/Miridae_-_Stenodema_species.jpg/960px-Miridae_-_Stenodema_species.jpg?utm_source=en.wikipedia.org&utm_campaign=api&utm_content=thumbnail,Hectonichus,CC BY-SA 3.0,https://creativecommons.org/licenses/by-sa/3.0,https://en.wikipedia.org/wiki/File:Miridae_-_Stenodema_species.jpg,ok
66323,Stenodes emiliana,多带窄纹卷蛾,,,,,,,no_image
81957,Stenodus leucichthys,北鲑,images/00/08/00081957.webp,https://thumb.wikimedia.org/wikipedia/commons/thumb/e/e4/Stenodus_leucichthys.jpg/960px-Stenodus_leucichthys.jpg?utm_source=en.wikipedia.org&utm_campaign=api&utm_content=thumbnail,painter from Brockhaus and Efron Encyclopedic Dictionary,Public domain,,https://en.wikipedia.org/wiki/File:Stenodus_leucichthys.jpg,ok
66351,Stenoloba liuii,刘兰纹夜蛾,,,,,,,no_image
66371,Stenomastax nepalensis,,,,,,,,no_image
66390,Stenonabis hainana,海南狭姬蝽,,,,,,,no_image
66410,Stenoponia formozovi,短距狭蚤,,,,,,,no_image
66425,Stenostola basisuturalis,,,,,,,,no_image
66441,Stenus aeneonitens,,,,,,,,no_image
66461,Stenus asprisculptus,,,,,,,,no_image
66485,Stenus bispinoides,,,,,,,,no_image
66506,Stenus changi,,,,,,,,no_image
66526,Stenus cirrus,,,,,,,,no_image
66548,Stenus dabacola,,,,,,,,no_image
66568,Stenus dongbaishanus,,,,,,,,no_image
66588,Stenus fellowesi,,,,,,,,no_image
66610,Stenus gonggashanus,,,,,,,,no_image
66630,Stenus houhanmontis,,,,,,,,no_image
66650,Stenus insignatus,,,,,,,,no_image
66670,Stenus lacrimulus,,,,,,,,no_image
66692,Stenus luojiensis,,,,,,,,no_image
66716,Stenus mongolicus,,,,,,,,no_image
66736,Stenus nigraureolus,,,,,,,,no_image
66759,Stenus pectorifossatus,,,,,,,,no_image
66779,Stenus persculpturatus,,,,,,,,no_image
66800,Stenus pseudoflammeus,,,,,,,,no_image
66822,Stenus rufomaculatus,,,,,,,,no_image
66842,Stenus scopulus,,,,,,,,no_image
66862,Stenus stigmaticus,,,,,,,,no_image
66882,Stenus thanonensis,,,,,,,,no_image
66902,Stenus vegetus,,,,,,,,no_image
66922,Stenus xiaoxiangensis,,,,,,,,no_image
66942,Stenus zhoudeyaoi,,,,,,,,no_image
127028,Stephania elegans,雅丽千金藤,,,,,,,no_image
127051,Stephania novenanthera,九药千金藤,,,,,,,no_image
7943,Stephanoscyphistoma allmani,阿氏冠杯钵螅,,,,,,,no_image
127071,Sterculia hymenocalyx,膜萼苹婆,,,,,,,no_image
136626,Stereocaulon alpinum,高山珊瑚枝,,https://upload.wikimedia.org/wikipedia/commons/7/7c/Stereocaulon.alpinum.jpg?utm_source=en.wikipedia.org&utm_campaign=api&utm_content=thumbnail_unscaled,James K. Lindsey,CC BY-SA 3.0,https://creativecommons.org/licenses/by-sa/3.0,https://en.wikipedia.org/wiki/File:Stereocaulon.alpinum.jpg,download_failed
136646,Stereocaulon massartianum,侧顶果珊瑚枝,,,,,,,no_image
136666,Stereocaulon verruculigerum,疣珊瑚枝,,,,,,,no_image
127095,Stereospermum colais,羽叶楸,images/00/12/00127095.webp,https://thumb.wikimedia.org/wikipedia/commons/thumb/a/a0/Stereospermum_colais_06.jpg/960px-Stereospermum_colais_06.jpg?utm_source=en.wikipedia.org&utm_campaign=api&utm_content=thumbnail,Vinayaraj,CC BY-SA 4.0,https://creativecommons.org/licenses/by-sa/4.0,https://en.wikipedia.org/wiki/File:Stereospermum_colais_06.jpg,ok
152592,Stereum lobatum,脱毛韧革菌,images/00/15/00152592.webp,https://thumb.wikimedia.org/wikipedia/commons/thumb/e/e4/Stereum_lobatum.jpg/960px-Stereum_lobatum.jpg?utm_source=en.wikipedia.org&utm_campaign=api&utm_content=thumbnail,Alan Rockefeller,CC BY 4.0,https://creativecommons.org/licenses/by/4.0,https://en.wikipedia.org/wiki/File:Stereum_lobatum.jpg,ok
152612,Stereum subpileatum,密绒韧革菌,,,,,,,no_image
81975,Sterna sumatrana,黑枕燕鸥,images/00/08/00081975.webp,https://thumb.wikimedia.org/wikipedia/commons/thumb/9/9f/Black-naped_Tern_on_a_jetty_in_Ross_Island%2C_Andaman%2C_India.jpg/960px-Black-naped_Tern_on_a_jetty_in_Ross_Island%2C_Andaman%2C_India.jpg?utm_source=en.wikipedia.org&utm_campaign=api&utm_content=thumbnail,Mvbellad,CC BY-SA 4.0,https://creativecommons.org/licenses/by-sa/4.0,"https://en.wikipedia.org/wiki/File:Black-naped_Tern_on_a_jetty_in_Ross_Island,_Andaman,_India.jpg",ok
81985,Stethojulis interrupta,断带紫胸鱼,images/00/08/00081985.webp,https://thumb.wikimedia.org/wikipedia/commons/thumb/c/cb/Stethojulis_strigiventer_174545355.jpg/960px-Stethojulis_strigiventer_174545355.jpg?utm_source=en.wikipedia.org&utm_campaign=api&utm_content=thumbnail,Ewout Knoester,CC BY-SA 4.0,https://creativecommons.org/licenses/by-sa/4.0,https://en.wikipedia.org/wiki/File:Stethojulis_strigiventer_174545355.jpg,ok
127120,Stewartia obovata,钝叶折柄茶,,,,,,,no_image
4777,Sthenocephalus anopla,海芥头,,,,,,,no_image
6847,Stichodactyla mertensii,平展列指海葵,images/00/00/00006847.webp,https://thumb.wikimedia.org/wikipedia/commons/thumb/f/f9/Sea_anemone_mad_1.JPG/960px-Sea_anemone_mad_1.JPG?utm_source=en.wikipedia.org&utm_campaign=api&utm_content=thumbnail,Brocken Inaglory,CC BY-SA 3.0,http://creativecommons.org/licenses/by-sa/3.0/,https://en.wikipedia.org/wiki/File:Sea_anemone_mad_1.JPG,ok
66993,Stichophthalma howqua,箭环蝶,images/00/06/00066993.webp,https://thumb.wikimedia.org/wikipedia/commons/thumb/0/07/Stichophthalma_howqua_formosana_male.jpg/960px-Stichophthalma_howqua_formosana_male.jpg?utm_source=en.wikipedia.org&utm_campaign=api&utm_content=thumbnail,Peellden,CC BY-SA 4.0,https://creativecommons.org/licenses/by-sa/4.0,https://en.wikipedia.org/wiki/File:Stichophthalma_howqua_formosana_male.jpg,ok
137204,Sticta duplolimbata,双缘牛皮叶,,,,,,,no_image
137061,Stictis bengalensis,,,,,,,,no_image
67026,Stictoleptura succedanea,,,,,,,,no_image
67046,Stictoptera semialba,玉蕊夜蛾,,,,,,,no_image
67056,Stigmatophora rhodophila,玫痣苔蛾,,,,,,,no_image
144763,Stilbohypoxylon quisquiliarum,,,,,,,,no_image
67080,Stilicoderus japonicus,,,,,,,,no_image
127142,Stillingia lineata,线叶厚托桐,images/00/12/00127142.webp,https://thumb.wikimedia.org/wikipedia/commons/thumb/9/9b/Stillingia_lineata_-_Fangame_tree_-_Mauritius.jpg/960px-Stillingia_lineata_-_Fangame_tree_-_Mauritius.jpg?utm_source=en.wikipedia.org&utm_campaign=api&utm_content=thumbnail,Abu Shawka,CC0,http://creativecommons.org/publicdomain/zero/1.0/deed.en,https://en.wikipedia.org/wiki/File:Stillingia_lineata_-_Fangame_tree_-_Mauritius.jpg,ok
67119,Stilobezzia immodentis,坚齿柱蠓,,,,,,,no_image
67138,Stilpon nanlingensis,南岭短脉舞虻,,,,,,,no_image
127167,Stipa macroglossa,长舌针茅,,,,,,,no_image
81994,Stiphodon percnopterygionus,黑鳍枝牙鰕虎,images/00/08/00081994.webp,https://thumb.wikimedia.org/wikipedia/commons/thumb/f/fc/Stiphodon_percnopterygionus2.jpg/960px-Stiphodon_percnopterygionus2.jpg?utm_source=en.wikipedia.org&utm_campaign=api&utm_content=thumbnail,Laurent Pasteur,CC BY 3.0,https://creativecommons.org/licenses/by/3.0,https://en.wikipedia.org/wiki/File:Stiphodon_percnopterygionus2.jpg,ok
82000,Stolephorus insularis,岛屿侧带小公鱼,images/00/08/00082000.webp,https://thumb.wikimedia.org/wikipedia/commons/thumb/7/74/Engraulis_tri_Day_158.jpg/960px-Engraulis_tri_Day_158.jpg?utm_source=en.wikipedia.org&utm_campaign=api&utm_content=thumbnail,Francis Day,Public domain,,https://en.wikipedia.org/wiki/File:Engraulis_tri_Day_158.jpg,ok
67146,Stomina angustifrons,狭额喙寄蝇,,,,,,,no_image
67163,Stonemyia bazini,巴氏石虻,,,,,,,no_image
67173,Strangalomorpha chekianga,,,,,,,,no_image
67189,Stratiomys choui,周斑水虻,,,,,,,no_image
67208,Streblocera chaoi,赵氏长柄茧蜂,,,,,,,no_image
67228,Streblocera kenchingi,根清长柄茧蜂,,,,,,,no_image
67248,Streblocera sichuanensis,四川长柄茧蜂,,,,,,,no_image
67260,Strepsicrates coriariae,桉小卷蛾,,,,,,,no_image
143648,Striadiporites minor,,,,,,,,no_image
143655,Stridiporosporites retistriatus,,,,,,,,no_image
67281,Striglin scalaria,梯斜线网蛾,,,,,,,no_image
134205,Strigula phyllogena,,,,,,,,no_image
127231,Strobilanthes affinis,肖笼鸡,,,,,,,no_image
127255,Strobilanthes cuneata,楔叶马蓝,,,,,,,no_image
127278,Strobilanthes fluviatilis,溪畔黄球花,,,,,,,no_image
127301,Strobilanthes lamiifolia,蒙自金足草,,,,,,,no_image
127321,Strobilanthes nobilis,沙坝紫云菜,,,,,,,no_image
127341,Strobilanthes rankanensis,兰嵌马蓝,,,,,,,no_image
127361,Strobilanthes taoana,陶氏马蓝,,,,,,,no_image
149273,Strobilomyces atrosquamosus,黑鳞松塔牛肝菌,,,,,,,no_image
149293,Strobilomyces velutipes,绒柄松塔牛肝菌,,,,,,,no_image
147762,Strobilurus tenacellus,绒松果伞,images/00/14/00147762.webp,https://thumb.wikimedia.org/wikipedia/commons/thumb/a/aa/2012-04-22_Strobilurus_tenacellus_%28Pers.%29_Singer_214245.jpg/960px-2012-04-22_Strobilurus_tenacellus_%28Pers.%29_Singer_214245.jpg?utm_source=en.wikipedia.org&utm_campaign=api&utm_content=thumbnail,"This image was created by user Tatiana Bulyonkova (ressaure) at Mushroom Observer, a source for mycological images.You can contact this user here.",CC BY-SA 3.0,https://creativecommons.org/licenses/by-sa/3.0,https://en.wikipedia.org/wiki/File:2012-04-22_Strobilurus_tenacellus_(Pers.)_Singer_214245.jpg,ok
10810,Strombus aurisdianae,女神凤螺,images/00/01/00010810.webp,https://thumb.wikimedia.org/wikipedia/commons/thumb/d/df/Euprotomus_aurisdianae_01.JPG/960px-Euprotomus_aurisdianae_01.JPG?utm_source=en.wikipedia.org&utm_campaign=api&utm_content=thumbnail,H. Zell,CC BY-SA 3.0,https://creativecommons.org/licenses/by-sa/3.0,https://en.wikipedia.org/wiki/File:Euprotomus_aurisdianae_01.JPG,ok
10818,Strombus pipus,蟾凤螺,images/00/01/00010818.webp,https://thumb.wikimedia.org/wikipedia/commons/thumb/9/97/Lentigo_pipus_01.JPG/960px-Lentigo_pipus_01.JPG?utm_source=en.wikipedia.org&utm_campaign=api&utm_content=thumbnail,H. Zell,CC BY-SA 3.0,https://creativecommons.org/licenses/by-sa/3.0,https://en.wikipedia.org/wiki/File:Lentigo_pipus_01.JPG,ok
67307,Strongyloneura pseudosenomera,拟前尾弧彩蝇,,,,,,,no_image
127388,Strophanthus hispidus,箭毒羊角拗,,https://upload.wikimedia.org/wikipedia/commons/9/9b/Strophanthus_hispidus_-_K%C3%B6hler%E2%80%93s_Medizinal-Pflanzen-131.jpg?utm_source=en.wikipedia.org&utm_campaign=api&utm_content=thumbnail_unscaled,"E. Günther (Drawing and lithography, living in Gera, probably Ernst Günther)",Public domain,,https://en.wikipedia.org/wiki/File:Strophanthus_hispidus_-_Köhler–s_Medizinal-Pflanzen-131.jpg,download_failed
148375,Stropharia melasperma,,,,,,,,no_image
67321,Strouhalium gracilicorne,,,,,,,,no_image
67324,Strysopha aurantiaca,橙颚苔蛾,,,,,,,no_image
82042,Sturnus vulgaris,紫翅椋鸟,,https://thumb.wikimedia.org/wikipedia/commons/thumb/a/af/Common_starling_%28Sturnus_vulgaris%29_breeding_male_Marken.jpg/960px-Common_starling_%28Sturnus_vulgaris%29_breeding_male_Marken.jpg?utm_source=en.wikipedia.org&utm_campaign=api&utm_content=thumbnail,,,,https://en.wikipedia.org/wiki/Sturnus_vulgaris,license_rejected
67333,Stylogomphus annamensis,越中尖尾春蜓,,,,,,,no_image
67344,Styloperla obtusispina,钝刺刺(虫责),,,,,,,no_image
67357,Stylotermes fontanellus,长囟杆白蚁,,,,,,,no_image
67377,Stylotermes tsaii,蔡氏杆白蚁,,,,,,,no_image
67396,Stypocladius appendiculatus,突基指角蝇,,,,,,,no_image
127459,Styrax hwangiae,淑美安息香,,,,,,,no_image
67399,Styringomyia flava,黄色香大蚊,,,,,,,no_image
127490,Suaeda glauca,碱蓬,,,,,,,no_image
67415,Suarius huashanensis,华山俗草蛉,,,,,,,no_image
7657,Suberogorgia rubra,红扇软柳珊瑚,,,,,,,no_image
67439,Subulatus sangzhiensis,桑植锥茎叶蝉,,,,,,,no_image
9313,Suctobelbella dispersosetosa,散毛小盾珠甲螨,,,,,,,no_image
67445,Sugiyamamyia fenchihuensis,奋起湖吸麻蝇,,,,,,,no_image
149583,Suillus brunnescens,变褐乳牛肝菌,images/00/14/00149583.webp,https://thumb.wikimedia.org/wikipedia/commons/thumb/0/02/2014-08-09_Suillus_brunnescens_A.H._Sm._%26_Thiers_442903.jpg/960px-2014-08-09_Suillus_brunnescens_A.H._Sm._%26_Thiers_442903.jpg?utm_source=en.wikipedia.org&utm_campaign=api&utm_content=thumbnail,"This image was created by user Chris Kleine (ckleine) at Mushroom Observer, a source for mycological images.You can contact this user here.",CC BY-SA 3.0,https://creativecommons.org/licenses/by-sa/3.0,https://en.wikipedia.org/wiki/File:2014-08-09_Suillus_brunnescens_A.H._Sm._&_Thiers_442903.jpg,ok
149603,Suillus lakei,,images/00/14/00149603.webp,https://thumb.wikimedia.org/wikipedia/commons/thumb/2/25/Suillus_lakei_50606.jpg/960px-Suillus_lakei_50606.jpg?utm_source=en.wikipedia.org&utm_campaign=api&utm_content=thumbnail,Jason Hollinger,CC BY-SA 3.0,https://creativecommons.org/licenses/by-sa/3.0,https://en.wikipedia.org/wiki/File:Suillus_lakei_50606.jpg,ok
149623,Suillus subalutaceus,近淡革色乳牛肝菌,,,,,,,no_image
67464,Suinzona lopatini,娄氏梭形叶甲,,,,,,,no_image
67479,Sulcicnephia flavipes,黄足畦克蚋,,,,,,,no_image
127505,Sumatroscirpus rupestris,岩生苏门莎,,,,,,,no_image
127520,Sunipia bicolor,二色大苞兰,,,,,,,no_image
18746,Superodontella yunnanensis,,,,,,,,no_image
82071,Surniculus lugubris,乌鹃,images/00/08/00082071.webp,https://thumb.wikimedia.org/wikipedia/commons/thumb/3/39/Square-tailed_Drongo-Cuckoo_2.jpg/960px-Square-tailed_Drongo-Cuckoo_2.jpg?utm_source=en.wikipedia.org&utm_campaign=api&utm_content=thumbnail,TonyCastro,CC BY-SA 4.0,https://creativecommons.org/licenses/by-sa/4.0,https://en.wikipedia.org/wiki/File:Square-tailed_Drongo-Cuckoo_2.jpg,ok
67530,Sweltsa wui,胡氏长绿(虫责),,,,,,,no_image
127555,Swertia dichotoma,歧伞獐牙菜,,,,,,,no_image
127584,Swertia laticalyx,宽萼獐牙菜,,,,,,,no_image
127608,Swertia przewalskii,祁连獐牙菜,,,,,,,no_image
127631,Swertia verticillifolia,轮叶獐牙菜,,,,,,,no_image
67540,Sybistroma curvatus,弯叶粗柄长足虻,,,,,,,no_image
67560,Sybra baculina,,,,,,,,no_image
67585,Sybrocentrura costigera,,,,,,,,no_image
1139,Syllis amica,粗毛裂虫,,,,,,,no_image
127645,Symblepharis reinwardtii,南亚合睫藓,,,,,,,no_image
1594,Sympagurus planimanus,平螯合寄居蟹,,,,,,,no_image
67639,Sympetrum kunckeli,小黄赤蜻,,,,,,,no_image
67665,Sympherobius wuyianus,武夷益蛉,,,,,,,no_image
127654,Symphyllocarpus exilis,含苞草,,,,,,,no_image
67671,Sympiesis corrugata,皱羽角姬小蜂,,,,,,,no_image
67691,Symplecta gobiensis,戈壁滨合大蚊,,,,,,,no_image
127683,Symplocos chinensis,华山矾,,,,,,,no_image
127710,Symplocos modesta,长梗山矾,,,,,,,no_image
127732,Symplocos ulotricha,卷毛山矾,,,,,,,no_image
67709,Sympycnus maculatus,斑点合长足虻,,,,,,,no_image
12766,Synagelides hubeiensis,湖北合跳蛛,,,,,,,no_image
12907,Synagelides zhilcovae,齐氏合跳蛛,,,,,,,no_image
1403,Synalpheus odontophorus,齿孔合鼓虾,,,,,,,no_image
3154,Synapta maculata,斑锚参,images/00/00/00003154.webp,https://thumb.wikimedia.org/wikipedia/commons/thumb/3/3e/Reef1118_-_Flickr_-_NOAA_Photo_Library.jpg/960px-Reef1118_-_Flickr_-_NOAA_Photo_Library.jpg?utm_source=en.wikipedia.org&utm_campaign=api&utm_content=thumbnail,David Burdick.,Public domain,,https://en.wikipedia.org/wiki/File:Reef1118_-_Flickr_-_NOAA_Photo_Library.jpg,ok
156092,Syncephalis sphaerica,球形集珠霉,,,,,,,no_image
82127,Synchiropus grinnelli,格氏连鳍[鱼衔],,,,,,,no_image
67723,Syndemis musculana,灰综卷蛾,,https://upload.wikimedia.org/wikipedia/commons/8/80/Syndemis.musculana.-.lindsey.jpg?utm_source=en.wikipedia.org&utm_campaign=api&utm_content=thumbnail_unscaled,James K. Lindsey,CC BY-SA 3.0,https://creativecommons.org/licenses/by-sa/3.0,https://en.wikipedia.org/wiki/File:Syndemis.musculana.-.lindsey.jpg,download_failed
67734,Syndicus sichuanicus,,,,,,,,no_image
67754,Syneches guangdongensis,广东柄驼舞虻,,,,,,,no_image
67774,Syneches wangae,王氏柄驼舞虻,,,,,,,no_image
3022,Synerythrops intermedia,中间合红糠虾,,,,,,,no_image
3524,Synnotum aegyptiacum,埃及偶苔虫,,,,,,,no_image
3664,Synonema braziliense,巴西联丝线虫,,,,,,,no_image
127772,Synotis damiaoshanica,大苗山合耳菊,,,,,,,no_image
127792,Synotis panzhouensis,盘州合耳菊,,,,,,,no_image
67798,Syntetarca pilidia,冠鳞合跗祝蛾,,,,,,,no_image
67812,Syntormon henanensis,河南嵌长足虻,,,,,,,no_image
127818,Syntrichia laevipila,树生赤藓,,,,,,,no_image
67842,Syntypistis parcevirens,葩胯舟蛾,images/00/06/00067842.webp,https://thumb.wikimedia.org/wikipedia/commons/thumb/5/53/Syntypistis_sporadochlorus.jpg/960px-Syntypistis_sporadochlorus.jpg?utm_source=en.wikipedia.org&utm_campaign=api&utm_content=thumbnail,Ashokjbp,CC BY 4.0,https://creativecommons.org/licenses/by/4.0,https://en.wikipedia.org/wiki/File:Syntypistis_sporadochlorus.jpg,ok
67865,Sypnoides cyanivitta,粉蓝析夜蛾,,,,,,,no_image
127826,Syreitschikovia tenuifolia,疆菊,,,,,,,no_image
67895,Syritta orientalis,东方粗股蚜蝇,,,,,,,no_image
67911,Syrphus pernicis,敏食蚜蝇,,,,,,,no_image
127871,Syrrhopodon semiliber,阔叶网藓,,,,,,,no_image
67926,Systoechus gradatus,梯状卷蜂虻,,,,,,,no_image
67946,Systropus daiyunshanus,戴云姬蜂虻,,,,,,,no_image
67966,Systropus hoppo,黄边姬蜂虻,,,,,,,no_image
67986,Systropus sauteri,棕腹姬蜂虻,,,,,,,no_image
127878,Syzygiella securifolia,台湾对耳苔,,,,,,,no_image
127898,Syzygium congestiflorum,团花蒲桃,,,,,,,no_image
127920,Syzygium infrarubiginosum,褐背蒲桃,,,,,,,no_image
127944,Syzygium rehderianum,红枝蒲桃,,,,,,,no_image
127964,Syzygium wenshanense,文山蒲桃,,,,,,,no_image
68012,Tabanus aurepilus,金毛虻,,,,,,,no_image
68034,Tabanus ceylonicus,锡兰虻,,,,,,,no_image
68054,Tabanus fulvicinctus,棕带虻,,,,,,,no_image
68074,Tabanus hybridus,直条虻,,,,,,,no_image
68094,Tabanus lijiangensis,丽江虻,,,,,,,no_image
68114,Tabanus minshanensis,岷山虻,,,,,,,no_image
68134,Tabanus oliviventris,青腹虻,,,,,,,no_image
68154,Tabanus parviformus,微小虻,,,,,,,no_image
68174,Tabanus russatus,棕体虻,,,,,,,no_image
68194,Tabanus subrussatus,亚棕体虻,,,,,,,no_image
68214,Tabanus yunnanensis,云南虻,,,,,,,no_image
68223,Tachina alticola,深色寄蝇,,,,,,,no_image
68243,Tachina genurufa,源寄蝇,,,,,,,no_image
68263,Tachina nigrovillosa,黑角寄蝇,,,,,,,no_image
68283,Tachina tienmushan,黄胫寄蝇,,,,,,,no_image
68304,Tachinus bipustulatus,,,,,,,,no_image
68324,Tachinus humeronotatus,,,,,,,,no_image
68344,Tachinus masahiroi,,,,,,,,no_image
68365,Tachinus rufipes,,,,,,,,no_image
68384,Tachydromia digitiformis,指突合室舞虻,,,,,,,no_image
68402,Tachyporus kaiseri,,,,,,,,no_image
68420,Tachyusa harbinica,,,,,,,,no_image
127985,Taeniophyllum complanatum,扁根带叶兰,,,,,,,no_image
68434,Tagasta indica,印度橄蝗,,,,,,,no_image
68459,Tagosodes baina,白中带飞虱,,,,,,,no_image
128007,Tainia latifolia,阔叶带唇兰,,,,,,,no_image
12705,Taira sulciformis,槽胎拉蛛,,,,,,,no_image
68489,Taiwania desultrix,双桃台龟甲,,,,,,,no_image
68509,Taiwania nigroramosa,黑枝台龟甲,,,,,,,no_image
68531,Taiwania subprobata,小黑圆龟甲,,,,,,,no_image
17291,Taiwantrema arborophilae,山鹧鸪台蠕吸虫,,,,,,,no_image
16903,Takaoia similis,拟索氏高雄盲蛛,,,,,,,no_image
11819,Takayus wangi,王氏高蛛,,,,,,,no_image
82190,Takifugu fasciatus,暗纹多纪鲀,,,,,,,no_image
82210,Takydromus carinatus,隆线草蜥,,,,,,,no_image
134562,Talaromyces wortmannii,,,,,,,,no_image
2465,Talorchestia martensii,马氏愚钩虾,,,,,,,no_image
128046,Tamarix ramosissima,多枝柽柳,images/00/12/00128046.webp,https://thumb.wikimedia.org/wikipedia/commons/thumb/4/40/Tamarix_ramosissima_a2.jpg/960px-Tamarix_ramosissima_a2.jpg?utm_source=en.wikipedia.org&utm_campaign=api&utm_content=thumbnail,Jerzy Opioła,CC BY-SA 3.0,http://creativecommons.org/licenses/by-sa/3.0/,https://en.wikipedia.org/wiki/File:Tamarix_ramosissima_a2.jpg,ok
12362,Tamgrinia rectangularis,方形塔姆蛛,,,,,,,no_image
128059,Tanacetum kaschgarianum,托毛匹菊,,,,,,,no_image
68604,Tanaorhinus luteivirgatus,纹镰翅绿尺蛾,,,,,,,no_image
82241,Tanichthys guipingensis,桂平唐鱼,,,,,,,no_image
68628,Tanytarsus ahyoni,哈尼长跗摇蚊,,,,,,,no_image
128073,Tapeinidium pinnatum,达边蕨,,,,,,,no_image
144919,Taphrina mume,,,,,,,,no_image
14098,Tapinopa guttata,八齿苔蛛,,,,,,,no_image
128086,Taraxacum apargia,四川蒲公英,,,,,,,no_image
128106,Taraxacum dasypodum,丽江蒲公英,,,,,,,no_image
128126,Taraxacum imbricatius,叠鳞蒲公英,,,,,,,no_image
128146,Taraxacum mutatum,变化蒲公英,,,,,,,no_image
128166,Taraxacum qirae,策勒蒲公英,,,,,,,no_image
128186,Taraxacum subcontristans,圆叶蒲公英,,,,,,,no_image
128205,Tarenna depauperata,白皮乌口树,,,,,,,no_image
128222,Targionia formosica,台湾皮叶苔,,,,,,,no_image
68680,Tarsolepis inscius,俪心银斑舟蛾,,,,,,,no_image
128227,Tashiroea dayaoshanensis,大瑶山鸭脚茶,,,,,,,no_image
68704,Taxicera orientalis,,,,,,,,no_image
128263,Taxiphyllum alternans,互生叶鳞叶藓,,,,,,,no_image
128281,Taxotrophis ilicifolia,刺桑,images/00/12/00128281.webp,https://thumb.wikimedia.org/wikipedia/commons/thumb/e/eb/Streblus_ilicifolius_257290911.jpg/960px-Streblus_ilicifolius_257290911.jpg?utm_source=en.wikipedia.org&utm_campaign=api&utm_content=thumbnail,portioid,CC BY-SA 4.0,https://creativecommons.org/licenses/by-sa/4.0,https://en.wikipedia.org/wiki/File:Streblus_ilicifolius_257290911.jpg,ok
128305,Tayloria squarrosa,仰叶小壶藓,,,,,,,no_image
128312,Tectaria coadunata,大齿三叉蕨,,,,,,,no_image
128332,Tectaria morsei,掌状三叉蕨,,,,,,,no_image
9025,Tectocepheus sarekensis,萨勒盖头甲螨,,,,,,,no_image
10501,Tegolophus alangii,,,,,,,,no_image
10174,Tegolophus melicopi,,,,,,,,no_image
10179,Tegonotus aegopodii,,,,,,,,no_image
68730,Teia immaculata,清台毒蛾,,,,,,,no_image
82263,Teixeirichthys jordani,乔氏蜥雀鲷,,,,,,,no_image
11296,Telema guihua,桂花泰莱蛛,,,,,,,no_image
7642,Telesto arborea,树石花软珊瑚,,,,,,,no_image
5517,Tellinella rastellam,条纹小樱蛤,,,,,,,no_image
68790,Telomerina tuberculata,棒泽小粪蝇,,,,,,,no_image
4892,Temnaspis bathynomi,深海盾茗荷,,,,,,,no_image
4933,Temnotrema maculates,斑刻孔海胆,,,,,,,no_image
9676,Tenuipalpoides hastata,,,,,,,,no_image
9931,Tenuipalpus shanxiensis,,,,,,,,no_image
68817,Tephritis cometa,蓟花翅实蝇,images/00/06/00068817.webp,https://thumb.wikimedia.org/wikipedia/commons/thumb/c/cb/2019_05_13_Tephritis_cometa.jpg/960px-2019_05_13_Tephritis_cometa.jpg?utm_source=en.wikipedia.org&utm_campaign=api&utm_content=thumbnail,Slimguy,CC BY 4.0,https://creativecommons.org/licenses/by/4.0,https://en.wikipedia.org/wiki/File:2019_05_13_Tephritis_cometa.jpg,ok
68837,Tephritis oedipus,苜蓿花翅实蝇,,,,,,,no_image
136669,Tephromela atra,黑盘灰衣,images/00/13/00136669.webp,https://thumb.wikimedia.org/wikipedia/commons/thumb/5/58/Tephromela_atra_Guendrez.jpg/960px-Tephromela_atra_Guendrez.jpg?utm_source=en.wikipedia.org&utm_campaign=api&utm_content=thumbnail,Jymm,Public domain,,https://en.wikipedia.org/wiki/File:Tephromela_atra_Guendrez.jpg,ok
128379,Tephrosia kerrii,银灰毛豆,,,,,,,no_image
68855,Teratoleptura mirabilis,,,,,,,,no_image
68867,Teratura cincta,佩带畸螽,,,,,,,no_image
2291,Teredo schizoderma,裂膜船蛆,,,,,,,no_image
140313,Terfezia arenaria,地菇,,,,,,,no_image
128394,Terminalia catappa,榄仁,images/00/12/00128394.webp,https://thumb.wikimedia.org/wikipedia/commons/thumb/9/96/Terminalia_catappa_%28fruit%29.jpg/960px-Terminalia_catappa_%28fruit%29.jpg?utm_source=en.wikipedia.org&utm_campaign=api&utm_content=thumbnail,Hans Hillewaert,CC BY-SA 3.0,https://creativecommons.org/licenses/by-sa/3.0,https://en.wikipedia.org/wiki/File:Terminalia_catappa_(fruit).jpg,ok
147062,Termitomyces heimii,海姆鸡枞菌,,https://upload.wikimedia.org/wikipedia/commons/5/53/Termitomyces_heimii.jpg?utm_source=en.wikipedia.org&utm_campaign=api&utm_content=thumbnail_unscaled,"This image was created by user rajeshicfre at Mushroom Observer, a source for mycological images.You can contact this user here.",CC BY-SA 3.0,https://creativecommons.org/licenses/by-sa/3.0,https://en.wikipedia.org/wiki/File:Termitomyces_heimii.jpg,download_failed
14423,Ternatus malleatus,锤状三突蛛,,,,,,,no_image
82280,Terpsiphone affinis,东方寿带,,https://upload.wikimedia.org/wikipedia/commons/3/31/Oriental_Paradise_Flycatcher_-_Lip_Kee_%281%29.jpg?utm_source=en.wikipedia.org&utm_campaign=api&utm_content=thumbnail_unscaled,"Lip Kee from Singapore, Republic of Singapore",CC BY-SA 2.0,https://creativecommons.org/licenses/by-sa/2.0,https://en.wikipedia.org/wiki/File:Oriental_Paradise_Flycatcher_-_Lip_Kee_(1).jpg,download_failed
68910,Terthreutis orbicularis,圆斑卷蛾,,,,,,,no_image
18322,Testudinella tridentata,三齿镜轮虫,,,,,,,no_image
68965,Tethea subampliata,亚太波纹蛾,,,,,,,no_image
10193,Tetra formosae,,,,,,,,no_image
10072,Tetra populi,,,,,,,,no_image
68972,Tetrabothrus cavus,,,,,,,,no_image
143675,Tetracladium marchalianum,,,,,,,,no_image
128429,Tetradium calcicola,石山吴萸,,,,,,,no_image
14937,Tetragnatha esakii,江崎肖蛸,,,,,,,no_image
14930,Tetragnatha plena,丰肖蛸,,,,,,,no_image
14974,Tetragnatha zhuzhenrongi,振荣肖蛸,,,,,,,no_image
128438,Tetralophozia filiformis,纤细小广萼苔,,,,,,,no_image
69019,Tetraneura ulmi,榆四脉绵蚜,images/00/06/00069019.webp,https://thumb.wikimedia.org/wikipedia/commons/thumb/9/99/Galle_Ulmen-Blasenlaus_Tetraneura_ulmi.JPG/960px-Galle_Ulmen-Blasenlaus_Tetraneura_ulmi.JPG?utm_source=en.wikipedia.org&utm_campaign=api&utm_content=thumbnail,Holger Krisp,CC BY 3.0,https://creativecommons.org/licenses/by/3.0,https://en.wikipedia.org/wiki/File:Galle_Ulmen-Blasenlaus_Tetraneura_ulmi.JPG,ok
9485,Tetranychus malvae,,,,,,,,no_image
9628,Tetranycopsis matikaschviliae,,,,,,,,no_image
128442,Tetraphis pellucida,四齿藓,,https://upload.wikimedia.org/wikipedia/commons/8/83/Tetraphis_pellucida.jpeg?utm_source=en.wikipedia.org&utm_campaign=api&utm_content=thumbnail_unscaled,"Kristian Peters -- Fabelfroh 10:09, 4 December 2006 (UTC)",CC BY-SA 3.0,http://creativecommons.org/licenses/by-sa/3.0/,https://en.wikipedia.org/wiki/File:Tetraphis_pellucida.jpeg,download_failed
143681,Tetraposporium ravenelii,,,,,,,,no_image
69048,Tetrastichus coelarchus,亮绿啮小蜂,,,,,,,no_image
128455,Tetrastigma ceratopetalum,角花崖爬藤,,,,,,,no_image
128477,Tetrastigma obovatum,毛枝崖爬藤,,,,,,,no_image
128510,Tetrataenium bivittatum,二管四带芹,,,,,,,no_image
69075,Tetrix bolivari,波氏蚱,,,,,,,no_image
69098,Tetrix xinjianggensis,新疆蚱,,,,,,,no_image
69115,Tetroxyrhina brunneicosta,褐缘四带缟蝇,,,,,,,no_image
69123,Teucholabis fenestrata,锡兰甲大蚊,,,,,,,no_image
69143,Teuchophorus zhuae,朱氏脉胝长足虻,,,,,,,no_image
128545,Teucrium scordium,蒜味香科科,images/00/12/00128545.webp,https://thumb.wikimedia.org/wikipedia/commons/thumb/d/d8/Teucrium_scordium_%28s._str.%29_sl4.jpg/960px-Teucrium_scordium_%28s._str.%29_sl4.jpg?utm_source=en.wikipedia.org&utm_campaign=api&utm_content=thumbnail,Stefan.lefnaer,CC BY-SA 4.0,https://creativecommons.org/licenses/by-sa/4.0,https://en.wikipedia.org/wiki/File:Teucrium_scordium_(s._str.)_sl4.jpg,ok
128561,Teyleria tetragona,琼豆,,,,,,,no_image
17382,Thais lacera,可变荔枝螺,images/00/01/00017382.webp,https://thumb.wikimedia.org/wikipedia/commons/thumb/9/9d/Indothais_lacera_01.JPG/960px-Indothais_lacera_01.JPG?utm_source=en.wikipedia.org&utm_campaign=api&utm_content=thumbnail,H. Zell,CC BY-SA 3.0,https://creativecommons.org/licenses/by-sa/3.0,https://en.wikipedia.org/wiki/File:Indothais_lacera_01.JPG,ok
80,Thalamita exetastica,平桨短桨蟹,,,,,,,no_image
101,Thalamita seurati,叠额短桨蟹,,,,,,,no_image
19358,Thalassaphorura bapen,,,,,,,,no_image
19369,Thalassaphorura qinlingensis,,,,,,,,no_image
69162,Thalassodes intaminata,翡樟翠尺蛾,images/00/06/00069162.webp,https://thumb.wikimedia.org/wikipedia/commons/thumb/5/58/Thalassodes_intaminata.jpg/960px-Thalassodes_intaminata.jpg?utm_source=en.wikipedia.org&utm_campaign=api&utm_content=thumbnail,Tambe,CC BY-SA 4.0,https://creativecommons.org/licenses/by-sa/4.0,https://en.wikipedia.org/wiki/File:Thalassodes_intaminata.jpg,ok
69171,Thalatha xingshana,兴山纶夜蛾,,,,,,,no_image
128586,Thalictrum cirrhosum,星毛唐松草,,,,,,,no_image
128616,Thalictrum grandiflorum,大花唐松草,,,,,,,no_image
128639,Thalictrum minus,亚欧唐松草,,https://upload.wikimedia.org/wikipedia/commons/0/04/Thalictrum_minus_1.jpg?utm_source=en.wikipedia.org&utm_campaign=api&utm_content=thumbnail_unscaled,M. Jaume Saint-Hilaire (1772-1845),Public domain,,https://en.wikipedia.org/wiki/File:Thalictrum_minus_1.jpg,download_failed
128667,Thalictrum rostellatum,小喙唐松草,,,,,,,no_image
128691,Thalictrum trichopus,毛发唐松草,,,,,,,no_image
4497,Thalotia elongates,崎岖枝螺,,,,,,,no_image
156016,Thamnidium piriforme,,,,,,,,no_image
12565,Thanatus coloradensis,科罗拉多狼逍遥蛛,,,,,,,no_image
69199,Thaumapsylla breviceps,短头怪蜗蚤,,,,,,,no_image
69217,Thaumatosmylus zheanus,浙虹溪蛉,,,,,,,no_image
154772,Thecaphora schwarzmaniana,什瓦茨曼楔孢黑粉菌,,,,,,,no_image
69246,Thecophora obscuripes,暗昏微蜂眼蝇,,,,,,,no_image
154510,Thekopsora sparsa,云杉盖痂锈菌,,,,,,,no_image
128724,Thelasis khasiana,滇南矮柱兰,,,,,,,no_image
152688,Thelephora ganbajun,干巴菌,images/00/15/00152688.webp,https://thumb.wikimedia.org/wikipedia/commons/thumb/3/3c/2014-07-26_Thelephora_ganbajun_M._Zang_443675.jpg/960px-2014-07-26_Thelephora_ganbajun_M._Zang_443675.jpg?utm_source=en.wikipedia.org&utm_campaign=api&utm_content=thumbnail,"This image was created by user wombata at Mushroom Observer, a source for mycological images.You can contact this user here.",CC BY-SA 3.0,https://creativecommons.org/licenses/by-sa/3.0,https://en.wikipedia.org/wiki/File:2014-07-26_Thelephora_ganbajun_M._Zang_443675.jpg,ok
128728,Theligonum macranthum,假繁缕,,,,,,,no_image
142135,Thelonectria veuillotiana,,,,,,,,no_image
128729,Thelypteris fairbankii,鳞片沼泽蕨,,,,,,,no_image
69276,Themira bifida,双裂温热鼓翅蝇,,,,,,,no_image
870,Theora lata,理蛤,,,,,,,no_image
69309,Thereva aurantiaca,橘色剑虻,,,,,,,no_image
11649,Theridion gramineum,草栖球蛛,,,,,,,no_image
11775,Theridion mucidum,霉斑球蛛,,,,,,,no_image
11773,Theridion xianfengense,咸丰球蛛,,,,,,,no_image
69316,Therioaphis trifolii,三叶草彩斑蚜,images/00/06/00069316.webp,https://thumb.wikimedia.org/wikipedia/commons/thumb/1/1f/Therioaphis_trifolii_13247415.jpg/960px-Therioaphis_trifolii_13247415.jpg?utm_source=en.wikipedia.org&utm_campaign=api&utm_content=thumbnail,Jesse Rorabaugh,CC0,http://creativecommons.org/publicdomain/zero/1.0/deed.en,https://en.wikipedia.org/wiki/File:Therioaphis_trifolii_13247415.jpg,ok
134565,Thermoascus taitungiacus,,,,,,,,no_image
128769,Therorhodion redowskianum,云间杜鹃,,,,,,,no_image
128789,Thesium tongolicum,藏东百蕊草,,,,,,,no_image
13084,Thiania suboppressa,细齿方胸蛛,images/00/01/00013084.webp,https://thumb.wikimedia.org/wikipedia/commons/thumb/e/e8/Thiania_suboppressa_155069588.jpg/960px-Thiania_suboppressa_155069588.jpg?utm_source=en.wikipedia.org&utm_campaign=api&utm_content=thumbnail,Lawrence Hylton,CC BY 4.0,https://creativecommons.org/licenses/by/4.0,https://en.wikipedia.org/wiki/File:Thiania_suboppressa_155069588.jpg,ok
69360,Thienemannimyia carnea,肉质特长足摇蚊,,,,,,,no_image
69380,Thinodromus crinitus,,,,,,,,no_image
69400,Thinophilus integer,全缘滨长足虻,,,,,,,no_image
128802,Thismia taiwanensis,台湾水玉杯,,,,,,,no_image
128830,Thladiantha palmatipartita,掌叶赤瓟,,,,,,,no_image
14601,Thomisus albens,白蟹蛛,,,,,,,no_image
5191,Thor paschalis,复活托虾,,,,,,,no_image
69441,Thoracostrongylus baoxingensis,,,,,,,,no_image
69461,Thoressa latris,徕陀弄蝶,,,,,,,no_image
141286,Thozetella pinicola,,,,,,,,no_image
69496,Thressa maculata,斑翅羽芒秆蝇,,,,,,,no_image
69517,Thrips andrewsi,杜鹃蓟马,,,,,,,no_image
69537,Thripsaphis ballii,泊蓟马蚜,,,,,,,no_image
128861,Thrixspermum taeniophyllum,带叶白点兰,,,,,,,no_image
69549,Thubana albinulla,无白祝蛾,,,,,,,no_image
128874,Thuidium pristocalyx,灰羽藓,,,,,,,no_image
82371,Thunnus alalunga,长鳍金枪鱼,images/00/08/00082371.webp,https://thumb.wikimedia.org/wikipedia/commons/thumb/1/1e/Thon_germon_%28Thunnus_alalunga%29_%28Ifremer_00764-87615%29.jpg/960px-Thon_germon_%28Thunnus_alalunga%29_%28Ifremer_00764-87615%29.jpg?utm_source=en.wikipedia.org&utm_campaign=api&utm_content=thumbnail,"Hugues Evano (IFREMER, Délégation océan Indien (DOI), Département Ressources Biologiques et Environnement (RBE), F-97420 Le Port, France)",CC BY 4.0,https://creativecommons.org/licenses/by/4.0,https://en.wikipedia.org/wiki/File:Thon_germon_(Thunnus_alalunga)_(Ifremer_00764-87615).jpg,ok
12903,Thyene triangula,三角莎茵蛛,,,,,,,no_image
69590,Thymistadopsis trilinearia,三线麝钩蛾,,,,,,,no_image
128905,Thymus nervulosus,显脉百里香,,,,,,,no_image
69599,Thyreocephalus formosanus,,,,,,,,no_image
69617,Thyridosmylus medoganus,墨脱窗溪蛉,,,,,,,no_image
69629,Thyrsocnema kentejana,肯特麻蝇,,,,,,,no_image
135645,Thysanothecium scutellatum,扇盘衣,,,,,,,no_image
12570,Tibellus zhui,朱氏长逍遥蛛,,,,,,,no_image
128936,Ticanto crista,南天藤,,,,,,,no_image
69648,Tigrioides leucanioides,脉黑纹苔蛾,,,,,,,no_image
128979,Tilia taishanensis,泰山椴,,,,,,,no_image
152900,Tilletia bromi,雀麦腥黑粉菌,,,,,,,no_image
152920,Tilletia lineata,,,,,,,,no_image
152878,Tilletiaria anomala,,,,,,,,no_image
69670,Timia testacea,壳誉斑蝇,,,,,,,no_image
69678,Timomenus komarovi,克乔球螋,images/00/06/00069678.webp,https://thumb.wikimedia.org/wikipedia/commons/thumb/1/1b/Timomenus_komarowi_%2815502437885%29.jpg/960px-Timomenus_komarowi_%2815502437885%29.jpg?utm_source=en.wikipedia.org&utm_campaign=api&utm_content=thumbnail,"Donald Hobern from Copenhagen, Denmark",CC BY 2.0,https://creativecommons.org/licenses/by/2.0,https://en.wikipedia.org/wiki/File:Timomenus_komarowi_(15502437885).jpg,ok
69691,Tinginotopsis oryzae,瘤猬盲蝽,,,,,,,no_image
69711,Tinolius eburneigutta,亭夜蛾,images/00/06/00069711.webp,https://thumb.wikimedia.org/wikipedia/commons/thumb/1/1a/Tinolius_eburneigutta.jpg/960px-Tinolius_eburneigutta.jpg?utm_source=en.wikipedia.org&utm_campaign=api&utm_content=thumbnail,Goutham k,CC BY-SA 4.0,https://creativecommons.org/licenses/by-sa/4.0,https://en.wikipedia.org/wiki/File:Tinolius_eburneigutta.jpg,ok
69726,Tipula apicifurcata,叉端蜚大蚊,,,,,,,no_image
69746,Tipula bispathifera,双剑大蚊,,,,,,,no_image
69768,Tipula cruciata,十字普大蚊,,,,,,,no_image
69788,Tipula exusta,赭丽大蚊,,,,,,,no_image
69808,Tipula griseipennis,灰翅华大蚊,,,,,,,no_image
69828,Tipula inaequifurca,黄环蜚大蚊,,,,,,,no_image
69848,Tipula lackschewitziana,莱氏长角大蚊,,,,,,,no_image
69868,Tipula mallophora,长叶绒大蚊,,,,,,,no_image
69888,Tipula nastjasta,鼻中突大蚊,,,,,,,no_image
69908,Tipula pallitergata,淡背蜚大蚊,,,,,,,no_image
69928,Tipula poliocephala,灰头雅大蚊,,,,,,,no_image
69948,Tipula scandens,高山蜚大蚊,,,,,,,no_image
69968,Tipula strictura,疏斑普大蚊,,,,,,,no_image
69988,Tipula timenda,黄胸阔大蚊,,,,,,,no_image
70010,Tipula yaoluopingensis,鹞落坪豹大蚊,,,,,,,no_image
129017,Tirpitzia sinensis,青篱柴,,,,,,,no_image
70032,Titulcia confictella,斑表夜蛾,,,,,,,no_image
14619,Tmarus songi,宋氏峭腹蛛,,,,,,,no_image
129023,Tofieldia thibetica,岩菖蒲,,,,,,,no_image
70058,Tokunagaia oleantoni,奥列雅明摇蚊,,,,,,,no_image
70066,Tolmerinus fratrumelliotorum,,,,,,,,no_image
154966,Tolyposporium penicillariae,,images/00/15/00154966.webp,https://thumb.wikimedia.org/wikipedia/commons/thumb/5/51/Moesziomyces_bullatus_321590656.jpg/960px-Moesziomyces_bullatus_321590656.jpg?utm_source=en.wikipedia.org&utm_campaign=api&utm_content=thumbnail,bjoerns,CC BY-SA 4.0,https://creativecommons.org/licenses/by-sa/4.0,https://en.wikipedia.org/wiki/File:Moesziomyces_bullatus_321590656.jpg,ok
19174,Tomocerina fuxii,,,,,,,,no_image
19154,Tomocerus dong,,,,,,,,no_image
19166,Tomocerus nabanensis,,,,,,,,no_image
19159,Tomocerus vulgaris,,images/00/01/00019159.webp,https://thumb.wikimedia.org/wikipedia/commons/thumb/b/be/Tomocerus_vulgaris_%287046053315%29.jpg/960px-Tomocerus_vulgaris_%287046053315%29.jpg?utm_source=en.wikipedia.org&utm_campaign=api&utm_content=thumbnail,Andy Murray,CC BY-SA 2.0,https://creativecommons.org/licenses/by-sa/2.0,https://en.wikipedia.org/wiki/File:Tomocerus_vulgaris_(7046053315).jpg,ok
3736,Tomopteris pacifica,太平浮蚕,,,,,,,no_image
70094,Tongeia potanini,波太玄灰蝶,,,,,,,no_image
129049,Tongoloa zhongdianensis,中甸东俄芹,,,,,,,no_image
15913,Tonkinosoma flexipes,,,,,,,,no_image
12347,Tonsilla truculenta,猛扁桃蛛,,,,,,,no_image
70114,Topomyia margina,边缘局限蚊,,,,,,,no_image
129060,Torenia asiatica,长叶蝴蝶草,,,,,,,no_image
70131,Torodora dentijuxta,齿环瘤祝蛾,,,,,,,no_image
70151,Torodora ocreatana,鞘管瘤祝蛾,,,,,,,no_image
144495,Torpedospora radiata,,,,,,,,no_image
129082,Torreya nucifera,日本榧,images/00/12/00129082.webp,https://thumb.wikimedia.org/wikipedia/commons/thumb/c/c8/Torreya_nucifera_bgiu.jpg/960px-Torreya_nucifera_bgiu.jpg?utm_source=en.wikipedia.org&utm_campaign=api&utm_content=thumbnail,No machine-readable author provided. Bogdan assumed (based on copyright claims).,CC BY-SA 3.0,http://creativecommons.org/licenses/by-sa/3.0/,https://en.wikipedia.org/wiki/File:Torreya_nucifera_bgiu.jpg,ok
129099,Tortula leptotheca,长蒴墙藓,,,,,,,no_image
143688,Torulopsis rongensis,,,,,,,,no_image
13272,Toxeus septemdentatus,七齿射手蛛,,,,,,,no_image
129152,Toxicopueraria peduncularis,苦葛,,,,,,,no_image
70183,Toxopoda viduata,白头箭叶鼓翅蝇,,,,,,,no_image
70200,Toxotarca crassidigitata,粗环箭祝蛾,,,,,,,no_image
70219,Trachea prasinatra,韭绿陌夜蛾,,,,,,,no_image
129171,Trachelospermum jasminoides,络石,,https://upload.wikimedia.org/wikipedia/commons/9/92/Trachelospermum_jasminoides1215878198.jpg?utm_source=en.wikipedia.org&utm_campaign=api&utm_content=thumbnail_unscaled,Scott Zona from USA,CC BY 2.0,https://creativecommons.org/licenses/by/2.0,https://en.wikipedia.org/wiki/File:Trachelospermum_jasminoides1215878198.jpg,download_failed
82449,Trachonurus villosus,粗尾鳕,,,,,,,no_image
2143,Trachycardium beauforti,柏氏糙鸟蛤,,,,,,,no_image
129181,Trachycystis microphylla,疣灯藓,,,,,,,no_image
82453,Trachypithecus leucocephalus,白头叶猴,images/00/08/00082453.webp,https://thumb.wikimedia.org/wikipedia/commons/thumb/6/67/White-headed_Lutung_imported_from_iNaturalist_photo_331644860_on_22_February_2024.jpg/960px-White-headed_Lutung_imported_from_iNaturalist_photo_331644860_on_22_February_2024.jpg?utm_source=en.wikipedia.org&utm_campaign=api&utm_content=thumbnail,no rights reserved,CC0,http://creativecommons.org/publicdomain/zero/1.0/deed.en,https://en.wikipedia.org/wiki/File:White-headed_Lutung_imported_from_iNaturalist_photo_331644860_on_22_February_2024.jpg,ok
129207,Trachyspermum roxburghianum,滇南糙果芹,images/00/12/00129207.webp,https://thumb.wikimedia.org/wikipedia/commons/thumb/4/4d/Radhuniseeds.jpg/960px-Radhuniseeds.jpg?utm_source=en.wikipedia.org&utm_campaign=api&utm_content=thumbnail,Badagnani (talk),CC BY-SA 3.0,https://creativecommons.org/licenses/by-sa/3.0,https://en.wikipedia.org/wiki/File:Radhuniseeds.jpg,ok
82463,Tragopan caboti,黄腹角雉,images/00/08/00082463.webp,https://thumb.wikimedia.org/wikipedia/commons/thumb/0/0f/Tragopan_caboti_03.jpg/960px-Tragopan_caboti_03.jpg?utm_source=en.wikipedia.org&utm_campaign=api&utm_content=thumbnail,Sun Jiao (Interaccoonale),CC BY 4.0,https://creativecommons.org/licenses/by/4.0,https://en.wikipedia.org/wiki/File:Tragopan_caboti_03.jpg,ok
129234,Tragopogon stepposus,草原婆罗门参,,,,,,,no_image
151819,Trametes ellipsospora,椭孢栓菌,,,,,,,no_image
151839,Trametes pocas,羊毛栓菌,,,,,,,no_image
70259,Transtympanacris neipopennis,幼翅横鼓蝗,,,,,,,no_image
155058,Tranzscheliella otophora,,,,,,,,no_image
4048,Trapezia digitalis,指梯形蟹,,,,,,,no_image
3487,Trapezium sublaevigatum,亚光稜蛤,,,,,,,no_image
152713,Trechispora cohaerens,联柄糙孢孔菌,,,,,,,no_image
129255,Trematocarpus pygmaeus,矮孔果藻,,,,,,,no_image
154699,Tremella encephala,脑状银耳,images/00/15/00154699.webp,https://thumb.wikimedia.org/wikipedia/commons/thumb/0/0b/2008-02-29_Tremella_encephala_Stereum_sanguinolentum.jpg/960px-2008-02-29_Tremella_encephala_Stereum_sanguinolentum.jpg?utm_source=en.wikipedia.org&utm_campaign=api&utm_content=thumbnail,Andreas Kunze,CC BY-SA 3.0,https://creativecommons.org/licenses/by-sa/3.0,https://en.wikipedia.org/wiki/File:2008-02-29_Tremella_encephala_Stereum_sanguinolentum.jpg,ok
154719,Tremella moriformis,椹形银耳,,,,,,,no_image
70291,Trentepohlia esakii,艾氏弯脉大蚊,,,,,,,no_image
3114,Tresus keerae,基恩脊蛤蜊,,,,,,,no_image
129261,Triadenum breviflorum,三腺金丝桃,images/00/12/00129261.webp,https://thumb.wikimedia.org/wikipedia/commons/thumb/f/f8/Triadenum_virginicum.jpg/960px-Triadenum_virginicum.jpg?utm_source=en.wikipedia.org&utm_campaign=api&utm_content=thumbnail,,Public domain,,https://en.wikipedia.org/wiki/File:Triadenum_virginicum.jpg,ok
70310,Triartiger urceus,,,,,,,,no_image
70329,Tribasodites tianmuensis,,,,,,,,no_image
15434,Tricalamus papillatus,乳突三栉蛛,,,,,,,no_image
70339,Tricentrus altidorsus,高嵴三刺角蝉,,,,,,,no_image
70359,Tricentrus curvicornis,弯三刺角蝉,,,,,,,no_image
70379,Tricentrus fuscovenationis,暗脉三刺角蝉,,,,,,,no_image
70399,Tricentrus neokamaonensis,新卡三刺角蝉,,,,,,,no_image
70419,Tricentrus tabulatus,片三刺角蝉,,,,,,,no_image
140765,Tricharina gilva,黄薄毛盘菌,,,,,,,no_image
70434,Trichocanace sinensis,中华鬃滨蝇,,,,,,,no_image
18365,Trichocerca inermis,无甲异尾轮虫,,,,,,,no_image
18395,Trichocerca vargai,双褶异尾轮虫,,,,,,,no_image
70457,Trichochrysea purpureonotata,紫纹毛肖叶甲,,,,,,,no_image
70469,Trichoclinocera stackelbergi,斯氏毛脉溪舞虻,,,,,,,no_image
141898,Trichoderma asperellum,,,,,,,,no_image
141918,Trichoderma estonicum,,,,,,,,no_image
141938,Trichoderma oblongisporum,,,,,,,,no_image
141958,Trichoderma spirale,,,,,,,,no_image
129279,Trichodesma calycosum,毛束草,,,,,,,no_image
70490,Trichoglossina alticola,,,,,,,,no_image
70510,Trichoglossina xuemontis,,,,,,,,no_image
134911,Trichoglossum walteri,沃尔特毛舌菌,,https://upload.wikimedia.org/wikipedia/commons/7/78/2016-09-14_Trichoglossum_walteri_%28Berk.%29_E.J._Durand_665220.jpg?utm_source=en.wikipedia.org&utm_campaign=api&utm_content=thumbnail_unscaled,"This image was created by user Sava Krstic (sava) at Mushroom Observer, a source for mycological images.You can contact this user here.",CC BY-SA 3.0,https://creativecommons.org/licenses/by-sa/3.0,https://en.wikipedia.org/wiki/File:2016-09-14_Trichoglossum_walteri_(Berk.)_E.J._Durand_665220.jpg,download_failed
70529,Trichogramma leucaniae,粘虫赤眼蜂,,,,,,,no_image
70549,Trichogrammatoidea tenuigonadium,窄基分索赤眼蜂,,,,,,,no_image
148634,Tricholoma bambusarum,,,,,,,,no_image
148654,Tricholoma flavovirens,油口蘑,images/00/14/00148654.webp,https://thumb.wikimedia.org/wikipedia/commons/thumb/8/82/Tricholoma_equestre.jpg/960px-Tricholoma_equestre.jpg?utm_source=en.wikipedia.org&utm_campaign=api&utm_content=thumbnail,,CC BY-SA 3.0,http://creativecommons.org/licenses/by-sa/3.0/,https://en.wikipedia.org/wiki/File:Tricholoma_equestre.jpg,ok
148674,Tricholoma luridum,棕黄褐口蘑,,,,,,,no_image
148694,Tricholoma quercicola,青冈蕈,,,,,,,no_image
148714,Tricholoma tigrinum,虎斑口蘑,images/00/14/00148714.webp,https://thumb.wikimedia.org/wikipedia/commons/thumb/d/d7/Agaricus_tigrinus%2C_Schaefer_1762.jpg/960px-Agaricus_tigrinus%2C_Schaefer_1762.jpg?utm_source=en.wikipedia.org&utm_campaign=api&utm_content=thumbnail,Jacob Christian Schäffer,Public domain,,"https://en.wikipedia.org/wiki/File:Agaricus_tigrinus,_Schaefer_1762.jpg",ok
148733,Tricholomopsis sanguinea,,,,,,,,no_image
70568,Trichomachimus tenuis,细三叉食虫虻,,,,,,,no_image
70588,Trichomalopsis pompilicola,泊克氏金小蜂,,,,,,,no_image
82508,Trichonotus filamentosus,丝鳍毛背鱼,,,,,,,no_image
138757,Trichopeziza nivea,,,,,,,,no_image
129298,Trichophorum mattfeldianum,三棱蔺藨草,,,,,,,no_image
70610,Trichoplites cuprearia,铜脊尺蛾,,,,,,,no_image
70630,Trichopteryx carpinata,柳毛翅尺蛾,images/00/07/00070630.webp,https://thumb.wikimedia.org/wikipedia/commons/thumb/a/ad/Trichopteryx_carpinata%2C_Early_Tooth-striped%2C_Trawscoed%2C_North_Wales%2C_April_2017_%2834614019906%29.jpg/960px-Trichopteryx_carpinata%2C_Early_Tooth-striped%2C_Trawscoed%2C_North_Wales%2C_April_2017_%2834614019906%29.jpg?utm_source=en.wikipedia.org&utm_campaign=api&utm_content=thumbnail,janet graham,CC BY 2.0,https://creativecommons.org/licenses/by/2.0,"https://en.wikipedia.org/wiki/File:Trichopteryx_carpinata,_Early_Tooth-striped,_Trawscoed,_North_Wales,_April_2017_(34614019906).jpg",ok
129302,Trichosanthes anguina,蛇瓜,,https://upload.wikimedia.org/wikipedia/commons/c/cb/Trichosanthes_cucumerina_var._anguina_compose.jpg?utm_source=en.wikipedia.org&utm_campaign=api&utm_content=thumbnail_unscaled,"Aruna (top left), Leslie Seaton (bottom left), Naseer Ommer from Kerala, India (top right), 杉山龍彦 (bottom right), montage by RoRo",CC BY-SA 3.0,https://creativecommons.org/licenses/by-sa/3.0,https://en.wikipedia.org/wiki/File:Trichosanthes_cucumerina_var._anguina_compose.jpg,download_failed
129326,Trichosanthes pedata,趾叶栝楼,,,,,,,no_image
138761,Trichoscypha subtilissima,,,,,,,,no_image
70665,Trichosillana imperiosa,帝刚毛眼蕈蚊,,,,,,,no_image
129348,Trichosteleum boschii,垂蒴刺疣藓,,,,,,,no_image
70674,Trichotheca flavinotata,顶斑齿股肖叶甲,,,,,,,no_image
18527,Trichotria pocillum,台杯鬼轮虫,,,,,,,no_image
139041,Tricladium gracile,,,,,,,,no_image
129377,Tricyrtis lingyunyanensis,凌云岩油点草,,,,,,,no_image
82514,Tridentiger nudicervicus,裸项缟鰕虎,,,,,,,no_image
129395,Trifolium campestre,草原车轴草,images/00/12/00129395.webp,https://thumb.wikimedia.org/wikipedia/commons/thumb/1/15/Trifolium_campestre_300907.jpg/960px-Trifolium_campestre_300907.jpg?utm_source=en.wikipedia.org&utm_campaign=api&utm_content=thumbnail,Bernd Haynold,CC BY-SA 3.0,https://creativecommons.org/licenses/by-sa/3.0,https://en.wikipedia.org/wiki/File:Trifolium_campestre_300907.jpg,ok
70721,Trigomphus beatus,黄唇棘尾春蜓,,,,,,,no_image
129416,Trigonella emodi,喜马拉雅胡卢巴,,,,,,,no_image
70751,Trigonodemus pallidipennis,,,,,,,,no_image
129424,Trigonostemon chinensis,三宝木,,,,,,,no_image
129446,Trigonotis formosana,台湾附地菜,,,,,,,no_image
129474,Trigonotis nandanensis,南丹附地菜,,,,,,,no_image
70773,Trigonurus ruzickai,,,,,,,,no_image
129497,Trillium govanianum,西藏延龄草,,,,,,,no_image
82523,Trimeresurus lanna,兰纳竹叶青蛇,,,,,,,no_image
9845,Trimeroptes lambertianus,,,,,,,,no_image
138803,Trimmatostroma variabile,,,,,,,,no_image
70785,Triomicrus anfractus,,,,,,,,no_image
70805,Triomicrus punctifrons,,,,,,,,no_image
70821,Triphaenopsis confwcta,联带夜蛾,,,,,,,no_image
70843,Triphosa tumidula,膨光尺蛾,,,,,,,no_image
129507,Triphysaria chinensis,直果草,,,,,,,no_image
82576,Triplophysa bashanensis,巴山高原鳅,,,,,,,no_image
82596,Triplophysa grahami,昆明高原鳅,,,,,,,no_image
82616,Triplophysa longliensis,龙里高原鳅,,,,,,,no_image
82636,Triplophysa pappenheimi,黄河高原鳅,,,,,,,no_image
82656,Triplophysa strauchii,新疆高原鳅,,https://upload.wikimedia.org/wikipedia/commons/1/1f/Stamp_of_Kyrgyzstan_047.jpg?utm_source=en.wikipedia.org&utm_campaign=api&utm_content=thumbnail_unscaled,Post of Kyrgyzstan,Public domain,,https://en.wikipedia.org/wiki/File:Stamp_of_Kyrgyzstan_047.jpg,download_failed
82678,Triplophysa zamegacephala,巨头高原鳅,,,,,,,no_image
129530,Tripogon trifidus,三裂草沙蚕,,,,,,,no_image
70854,Tripteroides latispinus,宽刺杵蚊,,,,,,,no_image
129549,Tripterospermum microphyllum,小叶双蝴蝶,,,,,,,no_image
70873,Triraogus longwangensis,龙王三缝茧蜂,,,,,,,no_image
129557,Trisetum clarkei,长穗三毛草,,,,,,,no_image
70890,Trissopelopia longimana,高沟三叉粗腹摇蚊,,,,,,,no_image
70908,Trisunius iaculatus,,,,,,,,no_image
70922,Tritneptis riwoqensis,类乌齐翠金小蜂,,,,,,,no_image
129592,Triumfetta pilosa,长勾刺蒴麻,,,,,,,no_image
70932,Trixomorpha indica,印度三色寄蝇,,,,,,,no_image
154244,Trochodium sampathense,桑帕色轮孢锈菌,,,,,,,no_image
4534,Trochus creniferus,亲近马蹄螺,,,,,,,no_image
82721,Troglodytes troglodytes,鹪鹩,images/00/08/00082721.webp,https://thumb.wikimedia.org/wikipedia/commons/thumb/7/7c/Eurasian_wren_Franconville_02.jpg/960px-Eurasian_wren_Franconville_02.jpg?utm_source=en.wikipedia.org&utm_campaign=api&utm_content=thumbnail,Alexis Lours,CC BY 4.0,https://creativecommons.org/licenses/by/4.0,https://en.wikipedia.org/wiki/File:Eurasian_wren_Franconville_02.jpg,ok
129604,Trollius chinensis,金莲花,images/00/12/00129604.webp,https://thumb.wikimedia.org/wikipedia/commons/thumb/a/ab/Trollius_chinensis_%27Golden_Queen%27%2C_opvallende_bloem_met_warme_oranjeachtige_kleur._Locatie%2C_Tuinreservaat_Jonkervallei_04.jpg/960px-Trollius_chinensis_%27Golden_Queen%27%2C_opvallende_bloem_met_warme_oranjeachtige_kleur._Locatie%2C_Tuinreservaat_Jonkervallei_04.jpg?utm_source=en.wikipedia.org&utm_campaign=api&utm_content=thumbnail,Dominicus Johannes Bergsma,CC BY-SA 4.0,https://creativecommons.org/licenses/by-sa/4.0,"https://en.wikipedia.org/wiki/File:Trollius_chinensis_'Golden_Queen',_opvallende_bloem_met_warme_oranjeachtige_kleur._Locatie,_Tuinreservaat_Jonkervallei_04.jpg",ok
70944,Tropicomyza passiflorella,西番莲热潜蝇,,,,,,,no_image
70957,Tropidocephala nigra,黑匙顶飞虱,,,,,,,no_image
70969,Tropimenelytron convergentiae,,,,,,,,no_image
17620,Truncatellina cylindrica,圆柱截形螺相似种,,https://upload.wikimedia.org/wikipedia/commons/d/db/Truncatellina_cylindrica_%28F%C3%A9russac%2C_1807%29_%284176074059%29.jpg?utm_source=en.wikipedia.org&utm_campaign=api&utm_content=thumbnail_unscaled,Udo Schmidt from Deutschland,CC BY-SA 2.0,https://creativecommons.org/licenses/by-sa/2.0,"https://en.wikipedia.org/wiki/File:Truncatellina_cylindrica_(Férussac,_1807)_(4176074059).jpg",download_failed
70994,Trupanea pterostigma,褐痣星斑实蝇,,,,,,,no_image
71009,Trypeta longiseta,常股鬃实蝇,,,,,,,no_image
134232,Trypethelium variolosum,,,,,,,,no_image
71036,Tsaitermes yingdeensis,英德蔡白蚁,,,,,,,no_image
7101,Tubastrea diaphana,叉生筒星珊瑚,,,,,,,no_image
140931,Tuber maculatum,斑点块菌,,,,,,,no_image
71040,Tuberaphis coreana,朝鲜管扁蚜,,,,,,,no_image
71059,Tuberculatus indicus,印度侧棘斑蚜,,,,,,,no_image
71077,Tuberfemurus laminatus,叶瘤股蚱,,,,,,,no_image
150589,Tubulicrinis borealis,,,,,,,,no_image
154789,Tuburcinia bromi,,,,,,,,no_image
154809,Tuburcinia secalis-silvestris,,,,,,,,no_image
136363,Tuckneraria pseudocomplicata,拟褶缘毛衣,,,,,,,no_image
129667,Tulipa tetraphylla,四叶郁金香,,,,,,,no_image
145536,Tulostoma lacrimisporum,滴抱柄灰包,,,,,,,no_image
71083,Tumeochrysa longiscape,长柄多阶草蛉,,,,,,,no_image
129672,Tupistra cardinalis,红柱开口箭,,,,,,,no_image
7104,Turbinaria mesenterina,皱折陀螺珊瑚,,https://thumb.wikimedia.org/wikipedia/commons/thumb/b/bb/Turbinaria_mesenterina_Maldives.JPG/960px-Turbinaria_mesenterina_Maldives.JPG?utm_source=en.wikipedia.org&utm_campaign=api&utm_content=thumbnail,,,,https://en.wikipedia.org/wiki/Turbinaria_mesenterina,license_rejected
82755,Turdus cardis,乌灰鸫,images/00/08/00082755.webp,https://thumb.wikimedia.org/wikipedia/commons/thumb/9/9c/Japanese_Thrush_imported_from_iNaturalist_photo_248320437_on_21_June_2024.jpg/960px-Japanese_Thrush_imported_from_iNaturalist_photo_248320437_on_21_June_2024.jpg?utm_source=en.wikipedia.org&utm_campaign=api&utm_content=thumbnail,"(c) Lawrence Hylton, some rights reserved (CC BY)",CC BY 4.0,https://creativecommons.org/licenses/by/4.0,https://en.wikipedia.org/wiki/File:Japanese_Thrush_imported_from_iNaturalist_photo_248320437_on_21_June_2024.jpg,ok
82783,Turdus unicolor,蒂氏鸫,images/00/08/00082783.webp,https://thumb.wikimedia.org/wikipedia/commons/thumb/8/8b/Tickell%27s_Thrush_male.jpg/960px-Tickell%27s_Thrush_male.jpg?utm_source=en.wikipedia.org&utm_campaign=api&utm_content=thumbnail,Abledoc,CC BY-SA 4.0,https://creativecommons.org/licenses/by-sa/4.0,https://en.wikipedia.org/wiki/File:Tickell's_Thrush_male.jpg,ok
129689,Turpinia ovalifolia,卵叶山香圆,,,,,,,no_image
4431,Turris undosa,波纹塔螺,images/00/00/00004431.webp,https://thumb.wikimedia.org/wikipedia/commons/thumb/7/7e/Naturalis_Biodiversity_Center_-_ZMA.MOLL.364455_-_Turris_undosa_%28Lamarck%2C_1816%29_-_Turridae_-_Mollusc_shell.jpeg/960px-Naturalis_Biodiversity_Center_-_ZMA.MOLL.364455_-_Turris_undosa_%28Lamarck%2C_1816%29_-_Turridae_-_Mollusc_shell.jpeg?utm_source=en.wikipedia.org&utm_campaign=api&utm_content=thumbnail,"Lamarck, 1816",CC0,http://creativecommons.org/publicdomain/zero/1.0/deed.en,"https://en.wikipedia.org/wiki/File:Naturalis_Biodiversity_Center_-_ZMA.MOLL.364455_-_Turris_undosa_(Lamarck,_1816)_-_Turridae_-_Mollusc_shell.jpeg",ok
71120,Tvetenia discoloripes,杂色特维摇蚊,,,,,,,no_image
4661,Tylocarcinus nanshensis,南沙瘤结蟹,,,,,,,no_image
129708,Tylophora astephanoides,阔叶娃儿藤,,,,,,,no_image
129728,Tylophora nana,汶川娃儿藤,,,,,,,no_image
149301,Tylopilus argillaceus,土黄粉孢牛肝菌,,,,,,,no_image
149321,Tylopilus nigerrimus,黑粉孢牛肝菌,images/00/14/00149321.webp,https://thumb.wikimedia.org/wikipedia/commons/thumb/f/f7/Tylopilus_felleus_060914c.jpg/960px-Tylopilus_felleus_060914c.jpg?utm_source=en.wikipedia.org&utm_campaign=api&utm_content=thumbnail,bernd gliwa,CC BY-SA 2.5,https://creativecommons.org/licenses/by-sa/2.5,https://en.wikipedia.org/wiki/File:Tylopilus_felleus_060914c.jpg,ok
149341,Tylopilus virens,绿盖粉孢牛肝菌,images/00/14/00149341.webp,https://thumb.wikimedia.org/wikipedia/commons/thumb/a/a4/Tylopilus_virens_01.jpg/960px-Tylopilus_virens_01.jpg?utm_source=en.wikipedia.org&utm_campaign=api&utm_content=thumbnail,Σ64,CC BY 3.0,https://creativecommons.org/licenses/by/3.0,https://en.wikipedia.org/wiki/File:Tylopilus_virens_01.jpg,ok
4373,Tylotiella pica,褐斑瘤螺,,,,,,,no_image
71147,Tylotropidius yunnanensis,云南棒腿蝗,,,,,,,no_image
139085,Tympanis spermatiospora,性孢芽孢盘菌,,,,,,,no_image
129758,Typha przewalskii,普香蒲,,,,,,,no_image
82821,Typhlomys cinereus,猪尾鼠,images/00/08/00082821.webp,https://thumb.wikimedia.org/wikipedia/commons/thumb/8/82/Typhlomys_cinereus_ZooKeys-164-041-g004.jpg/960px-Typhlomys_cinereus_ZooKeys-164-041-g004.jpg?utm_source=en.wikipedia.org&utm_campaign=api&utm_content=thumbnail,photo by Alexei V. Abramov,CC BY 3.0,https://creativecommons.org/licenses/by/3.0,https://en.wikipedia.org/wiki/File:Typhlomys_cinereus_ZooKeys-164-041-g004.jpg,ok
148754,Typhula phacorrhiza,,,,,,,,no_image
1123,Typosyllis maculata,斑钩模裂虫,,,,,,,no_image
71170,Tyria jacobaeae,红棒球灯蛾,images/00/07/00071170.webp,https://thumb.wikimedia.org/wikipedia/commons/thumb/b/b8/Cinnabar_moth_%28Tyria_jacobaeae%29_2.jpg/960px-Cinnabar_moth_%28Tyria_jacobaeae%29_2.jpg?utm_source=en.wikipedia.org&utm_campaign=api&utm_content=thumbnail,Charles J. Sharp,CC BY-SA 4.0,https://creativecommons.org/licenses/by-sa/4.0,https://en.wikipedia.org/wiki/File:Cinnabar_moth_(Tyria_jacobaeae)_2.jpg,ok
150966,Tyromyces tibeticus,西藏干酪菌,,,,,,,no_image
3133,Uca perplexa,纠结招潮,images/00/00/00003133.webp,https://thumb.wikimedia.org/wikipedia/commons/thumb/a/af/Fiddler_Crab_-_Australia.jpg/960px-Fiddler_Crab_-_Australia.jpg?utm_source=en.wikipedia.org&utm_campaign=api&utm_content=thumbnail,"Denise Chan from Hong Kong, China",CC BY-SA 2.0,https://creativecommons.org/licenses/by-sa/2.0,https://en.wikipedia.org/wiki/File:Fiddler_Crab_-_Australia.jpg,ok
129778,Udotea xishaensis,西沙钙扇藻,,,,,,,no_image
71211,Ula flavidibasis,黄基胶大蚊,,,,,,,no_image
129792,Ulmus elongata,长序榆,images/00/12/00129792.webp,https://thumb.wikimedia.org/wikipedia/commons/thumb/3/33/The_habitat_of_Ulmus_elongata.JPG/960px-The_habitat_of_Ulmus_elongata.JPG?utm_source=en.wikipedia.org&utm_campaign=api&utm_content=thumbnail,Gaojianguo,CC BY-SA 3.0,https://creativecommons.org/licenses/by-sa/3.0,https://en.wikipedia.org/wiki/File:The_habitat_of_Ulmus_elongata.JPG,ok
15258,Uloborus formosanus,台湾妩蛛,,,,,,,no_image
129827,Ulota perbreviseta,短柄卷叶藓,,,,,,,no_image
6869,Umbellulifera striata,条纹伞花软珊瑚,,,,,,,no_image
137715,Umbilicaria decussata,网脊石耳,images/00/13/00137715.webp,https://thumb.wikimedia.org/wikipedia/commons/thumb/5/5a/Umbilicaria_decussata_TSB012143.jpg/960px-Umbilicaria_decussata_TSB012143.jpg?utm_source=en.wikipedia.org&utm_campaign=api&utm_content=thumbnail,Felix Schumm,CC BY-SA 4.0,https://creativecommons.org/licenses/by-sa/4.0,https://en.wikipedia.org/wiki/File:Umbilicaria_decussata_TSB012143.jpg,ok
137735,Umbilicaria mammulata,,images/00/13/00137735.webp,https://thumb.wikimedia.org/wikipedia/commons/thumb/5/57/Smooth_Rock_Tripe_%281290690248%29.jpg/960px-Smooth_Rock_Tripe_%281290690248%29.jpg?utm_source=en.wikipedia.org&utm_campaign=api&utm_content=thumbnail,Jason Hollinger,CC BY 2.0,https://creativecommons.org/licenses/by/2.0,https://en.wikipedia.org/wiki/File:Smooth_Rock_Tripe_(1290690248).jpg,ok
137755,Umbilicaria squamosa,皮芽石耳,,,,,,,no_image
129841,Uncaria laevigata,平滑钩藤,,,,,,,no_image
138210,Uncinula longispora,,,,,,,,no_image
82838,Upeneus moluccensis,马六甲绯鲤,,https://thumb.wikimedia.org/wikipedia/commons/thumb/0/06/Upeneus_moluccensis_India.JPG/960px-Upeneus_moluccensis_India.JPG?utm_source=en.wikipedia.org&utm_campaign=api&utm_content=thumbnail,,,,https://en.wikipedia.org/wiki/Upeneus_moluccensis,license_rejected
9276,Uracrobates magniporosus,大孔尾突甲螨,,,,,,,no_image
71242,Uranotaenia edwardsi,爱氏蓝带蚊,,,,,,,no_image
71262,Uranotaenia testacea,钻石蓝带蚊,,,,,,,no_image
82853,Uraspis uraspis,白口尾甲鲹,,https://upload.wikimedia.org/wikipedia/commons/f/f2/Uraspis_uraspis_2.JPG?utm_source=en.wikipedia.org&utm_campaign=api&utm_content=thumbnail_unscaled,Kare Kare,CC BY-SA 3.0,https://creativecommons.org/licenses/by-sa/3.0,https://en.wikipedia.org/wiki/File:Uraspis_uraspis_2.JPG,download_failed
154521,Uredinopsis pteridis,,,,,,,,no_image
13002,Uroballus carlei,卡氏尾鲍蛛,images/00/01/00013002.webp,https://thumb.wikimedia.org/wikipedia/commons/thumb/8/8c/Uroballus_carlei_male.jpg/960px-Uroballus_carlei_male.jpg?utm_source=en.wikipedia.org&utm_campaign=api&utm_content=thumbnail,Sarefo,CC BY-SA 4.0,https://creativecommons.org/licenses/by-sa/4.0,https://en.wikipedia.org/wiki/File:Uroballus_carlei_male.jpg,ok
13652,Uroctea lesserti,北国壁钱,,,,,,,no_image
154828,Urocystis chifengensis,赤峰条黑粉菌,,,,,,,no_image
154848,Urocystis leersiae,假稻条黑粉菌,,,,,,,no_image
154868,Urocystis ranunculi,毛茛条黑粉菌,,,,,,,no_image
154247,Uromyces acantholimonis,刺叽松单胞锈菌,,,,,,,no_image
154267,Uromyces arthraxonis,,,,,,,,no_image
154287,Uromyces coronatus,菱白单孢锈菌,,,,,,,no_image
154307,Uromyces fallens,脱柄单胞锈菌,images/00/15/00154307.webp,https://thumb.wikimedia.org/wikipedia/commons/thumb/8/87/Uromyces_trifolii-repentis_%2809%29.jpeg/960px-Uromyces_trifolii-repentis_%2809%29.jpeg?utm_source=en.wikipedia.org&utm_campaign=api&utm_content=thumbnail,bjoerns,CC BY-SA 4.0,https://creativecommons.org/licenses/by-sa/4.0,https://en.wikipedia.org/wiki/File:Uromyces_trifolii-repentis_(09).jpeg,ok
154327,Uromyces hobsoni,霍布森单胞锈菌,,,,,,,no_image
154347,Uromyces kunigamiensis,国头单胞锈菌,,,,,,,no_image
154367,Uromyces mercurialis,山靛单胞锈菌,,,,,,,no_image
154387,Uromyces rugulosus,皱纹单胞锈菌,,,,,,,no_image
154407,Uromyces sphaerocarpus,球状单胞锈菌,,,,,,,no_image
154427,Uromyces trunicicola,,,,,,,,no_image
71276,Urophora sinica,中华筒尾实蝇,,,,,,,no_image
82885,Uropterygius micropterus,小鳍尾鳝,,https://upload.wikimedia.org/wikipedia/commons/9/90/Uropterygius-micropterus-2025-06-11-288930724-1.jpg?utm_source=en.wikipedia.org&utm_campaign=api&utm_content=thumbnail_unscaled,karliatje,CC BY 4.0,https://creativecommons.org/licenses/by/4.0,https://en.wikipedia.org/wiki/File:Uropterygius-micropterus-2025-06-11-288930724-1.jpg,download_failed
799,Uroptychus triangularis,三角折尾虾,,,,,,,no_image
13668,Urozelotes rusticus,村尾狂蛛,,https://upload.wikimedia.org/wikipedia/commons/8/82/Urozelotes_rusticus_57219659.jpg?utm_source=en.wikipedia.org&utm_campaign=api&utm_content=thumbnail_unscaled,katunchik,CC BY 4.0,https://creativecommons.org/licenses/by/4.0,https://en.wikipedia.org/wiki/File:Urozelotes_rusticus_57219659.jpg,download_failed
129926,Urtica urens,欧荨麻,images/00/12/00129926.webp,https://thumb.wikimedia.org/wikipedia/commons/thumb/6/61/Urtica_urens_002.JPG/960px-Urtica_urens_002.JPG?utm_source=en.wikipedia.org&utm_campaign=api&utm_content=thumbnail,H. Zell,CC BY-SA 3.0,https://creativecommons.org/licenses/by-sa/3.0,https://en.wikipedia.org/wiki/File:Urtica_urens_002.JPG,ok
136378,Usnea diffracta,,,,,,,,no_image
136398,Usnea iteratocarpa,重生盘果松萝,,,,,,,no_image
136418,Usnea pseudogatai,拟台湾松萝,,,,,,,no_image
136438,Usnea trichodea,毛状松萝,,https://thumb.wikimedia.org/wikipedia/commons/thumb/3/35/Usnea_trichodea_-_Flickr_-_pellaea.jpg/960px-Usnea_trichodea_-_Flickr_-_pellaea.jpg?utm_source=en.wikipedia.org&utm_campaign=api&utm_content=thumbnail,,,,https://en.wikipedia.org/wiki/Usnea_trichodea,license_rejected
155070,Ustilago apludae,,,,,,,,no_image
155090,Ustilago coicis,薏苡黑穗病菌,,,,,,,no_image
155110,Ustilago eleusines,,,,,,,,no_image
155130,Ustilago hypodytes,茎黑粉菌,,,,,,,no_image
155150,Ustilago macrospora,大孢黑粉菌,,,,,,,no_image
155170,Ustilago panici-frumentacei,,,,,,,,no_image
155190,Ustilago scitaminea,甘蔗鞭黑粉菌,images/00/15/00155190.webp,https://thumb.wikimedia.org/wikipedia/commons/thumb/3/39/Sugar_cane_smut.jpg/960px-Sugar_cane_smut.jpg?utm_source=en.wikipedia.org&utm_campaign=api&utm_content=thumbnail,"William M. Brown Jr., Bugwood",CC BY 3.0 us,https://creativecommons.org/licenses/by/3.0/us/deed.en,https://en.wikipedia.org/wiki/File:Sugar_cane_smut.jpg,ok
155210,Ustilago striaeformis,,,,,,,,no_image
155230,Ustilago violacea,花药黑粉菌,images/00/15/00155230.webp,https://thumb.wikimedia.org/wikipedia/commons/thumb/9/96/Ustilago_violacea_en_Silene_alba.002.JPG/960px-Ustilago_violacea_en_Silene_alba.002.JPG?utm_source=en.wikipedia.org&utm_campaign=api&utm_content=thumbnail,Fernando Losada Rodríguez,CC BY-SA 4.0,https://creativecommons.org/licenses/by-sa/4.0,https://en.wikipedia.org/wiki/File:Ustilago_violacea_en_Silene_alba.002.JPG,ok
15501,Utivarachna taiwanica,台湾突头蛛,,,,,,,no_image
129944,Utricularia mangshanensis,莽山挖耳草,,,,,,,no_image
129968,Uvaria rufa,小花紫玉盘,images/00/12/00129968.webp,https://thumb.wikimedia.org/wikipedia/commons/thumb/e/e8/Uvaria_rufa_309605904.jpg/960px-Uvaria_rufa_309605904.jpg?utm_source=en.wikipedia.org&utm_campaign=api&utm_content=thumbnail,Apichart Songsangchun,CC BY 4.0,https://creativecommons.org/licenses/by/4.0,https://en.wikipedia.org/wiki/File:Uvaria_rufa_309605904.jpg,ok
129990,Vaccinium chengiae,四川越橘,,,,,,,no_image
130021,Vaccinium glaucoalbum,粉白越橘,images/00/13/00130021.webp,https://thumb.wikimedia.org/wikipedia/commons/thumb/0/0e/Vaccinium_glaucoalbum.jpg/500px-Vaccinium_glaucoalbum.jpg?utm_source=en.wikipedia.org&utm_campaign=api&utm_content=thumbnail,Stephen Barstow,CC BY 4.0,https://creativecommons.org/licenses/by/4.0,https://en.wikipedia.org/wiki/File:Vaccinium_glaucoalbum.jpg,ok
130047,Vaccinium longisetosum,长毛越橘,,,,,,,no_image
130067,Vaccinium pseudospadiceum,耳叶越橘,,,,,,,no_image
130090,Vaccinium uliginosum,笃斯越橘,images/00/13/00130090.webp,https://thumb.wikimedia.org/wikipedia/commons/thumb/c/cb/Vaccinium_uliginosum_fruit.jpg/960px-Vaccinium_uliginosum_fruit.jpg?utm_source=en.wikipedia.org&utm_campaign=api&utm_content=thumbnail,David Gaya,CC BY-SA 2.5,https://creativecommons.org/licenses/by-sa/2.5,https://en.wikipedia.org/wiki/File:Vaccinium_uliginosum_fruit.jpg,ok
82893,Valenciennea longipinnis,长鳍凡塘鳢,,https://upload.wikimedia.org/wikipedia/commons/0/0d/ValenciennLongipinnMarkShepherd.jpg?utm_source=en.wikipedia.org&utm_campaign=api&utm_content=thumbnail_unscaled,Mark Shepherd / Lizard Island Research Station,CC BY 3.0,https://creativecommons.org/licenses/by/3.0,https://en.wikipedia.org/wiki/File:ValenciennLongipinnMarkShepherd.jpg,download_failed
130114,Valeriana flaccidissima,柔垂缬草,,,,,,,no_image
71315,Valeriodes icamba,青准鹰冬夜蛾,,,,,,,no_image
17672,Vallonia tenera,脆瓦娄蜗牛,,,,,,,no_image
71321,Vamuna albulata,肖黄黑瓦苔蛾,,,,,,,no_image
130148,Vanda cristata,叉唇万代兰,images/00/13/00130148.webp,https://thumb.wikimedia.org/wikipedia/commons/thumb/9/98/Orchidaceae_Vanda_cristata_1.1.jpg/960px-Orchidaceae_Vanda_cristata_1.1.jpg?utm_source=en.wikipedia.org&utm_campaign=api&utm_content=thumbnail,NasserHalaweh,CC BY-SA 4.0,https://creativecommons.org/licenses/by-sa/4.0,https://en.wikipedia.org/wiki/File:Orchidaceae_Vanda_cristata_1.1.jpg,ok
71329,Vaneeckeia pallidifascia,木荷空舟蛾,,,,,,,no_image
82915,Vanmanenia hainanensis,海南原缨口鳅,,,,,,,no_image
152089,Vararia athabascensis,柳叉丝革菌,,,,,,,no_image
10351,Vasates irisanae,,,,,,,,no_image
138526,Velutaria rufo-olivacea,丝绒盘菌,,,,,,,no_image
82935,Ventrifossa fusca,暗色凹腹鳕,,,,,,,no_image
134280,Venturia helvetica,,,,,,,,no_image
71351,Venusia kioudjrouaria,克维尺蛾,,,,,,,no_image
4235,Veprecula hedleyi,兰花刺桂螺,,https://upload.wikimedia.org/wikipedia/commons/0/0f/Veprecula_hedleyi_001.jpg?utm_source=en.wikipedia.org&utm_campaign=api&utm_content=thumbnail_unscaled,J.C. Melvill,Public domain,,https://en.wikipedia.org/wiki/File:Veprecula_hedleyi_001.jpg,download_failed
130194,Veratrum formosanum,台湾藜芦,,,,,,,no_image
130217,Verbena bonariensis,柳叶马鞭草,images/00/13/00130217.webp,https://thumb.wikimedia.org/wikipedia/commons/thumb/4/41/Verbena_lila_%28Verbena_bonariensis%29%2C_Jard%C3%ADn_Bot%C3%A1nico%2C_M%C3%BAnich%2C_Alemania%2C_2013-09-08%2C_DD_01.JPG/960px-Verbena_lila_%28Verbena_bonariensis%29%2C_Jard%C3%ADn_Bot%C3%A1nico%2C_M%C3%BAnich%2C_Alemania%2C_2013-09-08%2C_DD_01.JPG?utm_source=en.wikipedia.org&utm_campaign=api&utm_content=thumbnail,Diego Delso,CC BY-SA 3.0,https://creativecommons.org/licenses/by-sa/3.0,"https://en.wikipedia.org/wiki/File:Verbena_lila_(Verbena_bonariensis),_Jardín_Botánico,_Múnich,_Alemania,_2013-09-08,_DD_01.JPG",ok
71397,Vermipsylla yeae,叶氏蠕形蚤,,,,,,,no_image
130231,Veronica arvensis,直立婆婆纳,images/00/13/00130231.webp,https://thumb.wikimedia.org/wikipedia/commons/thumb/3/3c/20190604Veronica_arvensis1.jpg/960px-20190604Veronica_arvensis1.jpg?utm_source=en.wikipedia.org&utm_campaign=api&utm_content=thumbnail,AnRo0002,CC0,http://creativecommons.org/publicdomain/zero/1.0/deed.en,https://en.wikipedia.org/wiki/File:20190604Veronica_arvensis1.jpg,ok
130257,Veronica hongii,德元婆婆纳,,,,,,,no_image
130281,Veronica serpyllifolia,小婆婆纳,images/00/13/00130281.webp,https://thumb.wikimedia.org/wikipedia/commons/thumb/e/ea/Veronica_serpyllifolia_W.jpg/960px-Veronica_serpyllifolia_W.jpg?utm_source=en.wikipedia.org&utm_campaign=api&utm_content=thumbnail,Fornax,CC BY-SA 3.0,https://creativecommons.org/licenses/by-sa/3.0,https://en.wikipedia.org/wiki/File:Veronica_serpyllifolia_W.jpg,ok
130307,Veronicastrum loshanense,罗山腹水草,,,,,,,no_image
134799,Verrucaria arisana,,,,,,,,no_image
134819,Verrucaria hochstetteri,,,,,,,,no_image
134839,Verrucaria prominula,,,,,,,,no_image
141660,Verticillium insectorum,,,,,,,,no_image
130332,Vesicularia montagnei,明叶藓,images/00/13/00130332.webp,https://thumb.wikimedia.org/wikipedia/commons/thumb/c/ca/Christmas_moss_and_riccia_%2814441185564%29.jpg/960px-Christmas_moss_and_riccia_%2814441185564%29.jpg?utm_source=en.wikipedia.org&utm_campaign=api&utm_content=thumbnail,Storm from Canada,CC BY-SA 2.0,https://creativecommons.org/licenses/by-sa/2.0,https://en.wikipedia.org/wiki/File:Christmas_moss_and_riccia_(14441185564).jpg,ok
2312,Viaderiana sentus,多刺维亚蟹,,,,,,,no_image
130342,Viburnum brevitubum,短筒荚蒾,,,,,,,no_image
130369,Viburnum foetidum,臭荚蒾,,,,,,,no_image
130401,Viburnum longiradiatum,长伞梗荚蒾,,,,,,,no_image
130436,Viburnum shweliense,瑞丽荚蒾,,,,,,,no_image
130466,Vicia bakeri,察隅野豌豆,,,,,,,no_image
130490,Vicia mingyueshanensis,明月山野豌豆,,,,,,,no_image
130523,Vicia venosa,柳叶野豌豆,,,,,,,no_image
19283,Vietnura caerulea,,,,,,,,no_image
71417,Viidaleppia incerta,疑俄带尺蛾,,,,,,,no_image
8227,Villogorgia compressa,紧绒柳珊瑚,,,,,,,no_image
130578,Vincetoxicum glaucescens,白前,,,,,,,no_image
130598,Vincetoxicum wangii,启无白前,,,,,,,no_image
130613,Viola baoshanensis,宝山堇菜,,,,,,,no_image
130639,Viola duclouxii,紫点堇菜,,,,,,,no_image
130660,Viola hybanthoides,鼠鞭堇状堇菜,,,,,,,no_image
130680,Viola muehldorfii,大黄花堇菜,,,,,,,no_image
130703,Viola raddeana,立堇菜,,,,,,,no_image
130726,Viola tienschiensis,滇西堇菜,,,,,,,no_image
143721,Virgariella sphaerica,,,,,,,,no_image
130757,Viscum ovalifolium,瘤果槲寄生,,,,,,,no_image
130790,Vitex yunnanensis,滇牡荆,,,,,,,no_image
130821,Vitis hui,庐山葡萄,,,,,,,no_image
130844,Vitis vinifera,葡萄,,https://upload.wikimedia.org/wikipedia/commons/d/dd/Cabernet_Sauvignon_Gaillac.jpg?utm_source=en.wikipedia.org&utm_campaign=api&utm_content=thumbnail_unscaled,,CC BY-SA 3.0,http://creativecommons.org/licenses/by-sa/3.0/,https://en.wikipedia.org/wiki/File:Cabernet_Sauvignon_Gaillac.jpg,download_failed
19269,Vitronura tubercula,,,,,,,,no_image
8192,Vogtia spinosa,多疣拟蹄水母,,,,,,,no_image
71448,Volucella galbicorpus,黄色蜂蚜蝇,,,,,,,no_image
71469,Volucella terauchii,蜡黄蜂蚜蝇,,,,,,,no_image
147948,Volvariella cookei,,,,,,,,no_image
147968,Volvariella terastia,,,,,,,,no_image
82974,Vulpes ferrilata,藏狐,,https://upload.wikimedia.org/wikipedia/commons/3/31/Vulpes_ferrilata.jpg?utm_source=en.wikipedia.org&utm_campaign=api&utm_content=thumbnail_unscaled,James Eaton,CC0,http://creativecommons.org/publicdomain/zero/1.0/deed.en,https://en.wikipedia.org/wiki/File:Vulpes_ferrilata.jpg,download_failed
130860,Wahlenbergia marginata,蓝花参,,,,,,,no_image
155240,Wallemia ichthyophaga,,images/00/15/00155240.webp,https://thumb.wikimedia.org/wikipedia/commons/thumb/d/d4/WiMicro.tif/lossy-page1-960px-WiMicro.tif.jpg?utm_source=en.wikipedia.org&utm_campaign=api&utm_content=thumbnail,Anticiklon,CC BY-SA 3.0,https://creativecommons.org/licenses/by-sa/3.0,https://en.wikipedia.org/wiki/File:WiMicro.tif,ok
71497,Wanyucallis amblyopappos,钝毛万玉斑蚜,,,,,,,no_image
71505,Weingaertneriella longiseta,长鬃魏寄蝇,,,,,,,no_image
14484,Wendilgarda sinensis,中华温氏蛛,,,,,,,no_image
130919,Wendlandia myriantha,密花水锦树,,,,,,,no_image
71512,Wesmaelia lepos,莱魏斯茧蜂,,,,,,,no_image
71531,Westermannia superba,俊夜蛾,images/00/07/00071531.webp,https://thumb.wikimedia.org/wikipedia/commons/thumb/4/4e/Westermannia_superba_%28Nolidae%29.jpg/960px-Westermannia_superba_%28Nolidae%29.jpg?utm_source=en.wikipedia.org&utm_campaign=api&utm_content=thumbnail,goldentakin,CC BY 2.0,https://creativecommons.org/licenses/by/2.0,https://en.wikipedia.org/wiki/File:Westermannia_superba_(Nolidae).jpg,ok
130961,Whytockia tsiangiana,白花异叶苣苔,,,,,,,no_image
130980,Wikstroemia delavayi,澜沧荛花,,,,,,,no_image
131001,Wikstroemia linoides,亚麻荛花,,,,,,,no_image
131024,Wikstroemia trichotoma,白花荛花,,,,,,,no_image
19038,Willowsia formosana,,,,,,,,no_image
71540,Winthemia angusta,狭肛温寄蝇,,,,,,,no_image
71560,Winthemia shimai,嶌洪温寄蝇,,,,,,,no_image
15546,Withius pekinensis,北京威伪蝎,,,,,,,no_image
150899,Wolfiporia cartilaginea,长白山沃菲卧孔菌,,,,,,,no_image
14931,Wolongia wangi,王氏卧龙蛛,,,,,,,no_image
131055,Woodsia cinnamomea,赤色岩蕨,,,,,,,no_image
131074,Woodsia subcordata,等基岩蕨,,,,,,,no_image
131091,Wrightia religiosa,无冠倒吊笔,images/00/13/00131091.webp,https://thumb.wikimedia.org/wikipedia/commons/thumb/b/be/Water_jasmine_flowers.jpg/960px-Water_jasmine_flowers.jpg?utm_source=en.wikipedia.org&utm_campaign=api&utm_content=thumbnail,Mokkie,CC BY-SA 3.0,https://creativecommons.org/licenses/by-sa/3.0,https://en.wikipedia.org/wiki/File:Water_jasmine_flowers.jpg,ok
152009,Wrightoporia tropicalis,,,,,,,,no_image
139862,Wynnella auricula,小丛耳,,,,,,,no_image
179,Xanthias canaliculatus,沟痕近扇蟹,,,,,,,no_image
150607,Xanthochrous rheades,团核褐孔,,,,,,,no_image
71635,Xanthonia collaris,杉针黄肖叶甲,,,,,,,no_image
136449,Xanthoparmelia conspersa,散生黄梅,images/00/13/00136449.webp,https://thumb.wikimedia.org/wikipedia/commons/thumb/3/3c/Xanthoparmelia_conspersa_SM1_%281%29.JPG/960px-Xanthoparmelia_conspersa_SM1_%281%29.JPG?utm_source=en.wikipedia.org&utm_campaign=api&utm_content=thumbnail,Jerzy Opioła,CC BY-SA 4.0,https://creativecommons.org/licenses/by-sa/4.0,https://en.wikipedia.org/wiki/File:Xanthoparmelia_conspersa_SM1_(1).JPG,ok
136469,Xanthoparmelia taractica,拟菊叶黄梅,,,,,,,no_image
151912,Xanthoporus peckianus,佩克金黄孔菌,,,,,,,no_image
137668,Xanthoria candelaria,细片石黄衣,images/00/13/00137668.webp,https://thumb.wikimedia.org/wikipedia/commons/thumb/6/66/Xanthoria_candelaria_G36_%281%29.JPG/960px-Xanthoria_candelaria_G36_%281%29.JPG?utm_source=en.wikipedia.org&utm_campaign=api&utm_content=thumbnail,Jerzy Opioła,CC BY-SA 3.0,https://creativecommons.org/licenses/by-sa/3.0,https://en.wikipedia.org/wiki/File:Xanthoria_candelaria_G36_(1).JPG,ok
71681,Xanthotryxus melanurus,黑尾金粉蝇,,,,,,,no_image
71689,Xenaspis maculipennis,斑翅大广口蝇,,,,,,,no_image
82989,Xenocephalus elongatus,青奇头鰧,,,,,,,no_image
82998,Xenodermichthys nodulosus,日本裸平头鱼,,,,,,,no_image
71720,Xenoleptura hecate,,,,,,,,no_image
83013,Xenophrys periosa,藏南角蟾,,,,,,,no_image
71739,Xenortholitha corioidea,革黑点尺蛾,images/00/07/00071739.webp,https://thumb.wikimedia.org/wikipedia/commons/thumb/f/f2/Xenortholitha_corioidea.jpg/960px-Xenortholitha_corioidea.jpg?utm_source=en.wikipedia.org&utm_campaign=api&utm_content=thumbnail,Hsu Hong Lin,CC BY-SA 2.0,https://creativecommons.org/licenses/by-sa/2.0,https://en.wikipedia.org/wiki/File:Xenortholitha_corioidea.jpg,ok
71753,Xenotachina armata,峨眉客夜蝇,,,,,,,no_image
71773,Xenotrachea albidisca,路夜蛾,,https://upload.wikimedia.org/wikipedia/commons/e/e5/Xenotrachea_albidisca.JPG?utm_source=en.wikipedia.org&utm_campaign=api&utm_content=thumbnail_unscaled,A.G.Butler,Public domain,,https://en.wikipedia.org/wiki/File:Xenotrachea_albidisca.JPG,download_failed
149355,Xerocomus cheoi,光柄绒盖牛肝菌,,,,,,,no_image
149375,Xerocomus pulverulentus,粉状绒盖牛肝菌,images/00/14/00149375.webp,https://thumb.wikimedia.org/wikipedia/commons/thumb/8/88/Boletus_pulverulentus_2011_G1.jpg/960px-Boletus_pulverulentus_2011_G1.jpg?utm_source=en.wikipedia.org&utm_campaign=api&utm_content=thumbnail,George Chernilevsky,Public domain,,https://en.wikipedia.org/wiki/File:Boletus_pulverulentus_2011_G1.jpg,ok
147528,Xeromphalina curtipes,,,,,,,,no_image
147774,Xerulina asprata,粗糙小干蘑,,,,,,,no_image
71796,Xestia dilatata,润鲁夜蛾,,,,,,,no_image
71817,Xestia patricioides,眉斑鲁夜蛾,,,,,,,no_image
71836,Xestomnaster lanifer,毛室凹缘金小蜂,,,,,,,no_image
71850,Xiphidiopsis appendiculata,尾幼剑螽,,,,,,,no_image
71867,Xiphozele hunanensis,湖南刀腹茧蜂,,,,,,,no_image
71881,Xoanodera maculata,,,,,,,,no_image
144779,Xylaria atrosphaerica,黑球炭角菌,,,,,,,no_image
144799,Xylaria cornu-damae,紫绒炭角菌,,,,,,,no_image
144819,Xylaria formosana,台湾炭角菌,,,,,,,no_image
144839,Xylaria jaliscoensis,,,,,,,,no_image
144859,Xylaria multiplex,簇炭角菌,,,,,,,no_image
144879,Xylaria primorskensis,普氏炭角菌,,,,,,,no_image
144899,Xylaria warburgii,绒柄炭角菌,,,,,,,no_image
152622,Xylobolus princeps,大趋木菌,,,,,,,no_image
71914,Xylocopa perforator,穿孔木蜂,,,,,,,no_image
150716,Xylodon brevisetus,,,,,,,,no_image
139387,Xyloma leucocreas,,,,,,,,no_image
132330,Xylomyces pusillus,,,,,,,,no_image
71957,Xylota bimaculata,双斑木蚜蝇,,,,,,,no_image
71977,Xylota sylvarum,金毛木蚜蝇,,https://upload.wikimedia.org/wikipedia/commons/a/ac/Diptera-Syrphidae-Xylota-sylvarum-201208160110.JPG?utm_source=en.wikipedia.org&utm_campaign=api&utm_content=thumbnail_unscaled,TristramBrelstaff,CC BY-SA 3.0,https://creativecommons.org/licenses/by-sa/3.0,https://en.wikipedia.org/wiki/File:Diptera-Syrphidae-Xylota-sylvarum-201208160110.JPG,download_failed
72000,Xylotrechus chatterjeei,,,,,,,,no_image
72026,Xylotrechus kuatunensis,,,,,,,,no_image
72052,Xylotrechus rufobasalis,,,,,,,,no_image
72071,Xyphon reticulatum,网翅尖头叶蝉,,,,,,,no_image
14581,Xysticus bohdanowiczi,博氏花蟹蛛,,,,,,,no_image
14643,Xysticus jiangi,蒋氏花蟹蛛,,,,,,,no_image
14756,Xysticus sicus,剑花蟹蛛,,,,,,,no_image
12769,Yaginumaella wenxianensis,文县雅蛛,,,,,,,no_image
72084,Yangissus maolanensis,茂兰杨氏瓢蜡蝉,,,,,,,no_image
72095,Yelicones longineva,长脉阔跗茧蜂,,,,,,,no_image
143730,Yinmingella mitriformis,,,,,,,,no_image
19165,Yoshiicerus dissimilis,,,,,,,,no_image
131164,Youngia hangii,五峰黄鹌菜,,,,,,,no_image
131188,Youngia sericea,绢毛黄鹌菜,,,,,,,no_image
72127,Ypthima dromon,重光矍眼蝶,,,,,,,no_image
131202,Yua austro-orientalis,大果俞藤,,,,,,,no_image
131215,Yulania elliptigemmata,椭蕾玉兰,,,,,,,no_image
72157,Yunchrysopa tropica,热带云草蛉,,,,,,,no_image
83060,Yunnanilus forkicaudalis,叉尾云南鳅,,,,,,,no_image
83080,Yunnanilus retrodorsalis,后鳍云南鳅,,,,,,,no_image
131235,Yushania auctiaurita,显耳玉山竹,,,,,,,no_image
131255,Yushania elevata,腾冲玉山竹,,,,,,,no_image
131275,Yushania longiuscula,蒙自玉山竹,,,,,,,no_image
131298,Yushania tongziensis,桐梓玉山竹,,,,,,,no_image
72177,Zachobiella submarginata,亚缘寡脉褐蛉,,,,,,,no_image
72190,Zanchius innotatus,无斑平盲蝽,,,,,,,no_image
72207,Zanclognatha lilacina,常镰须夜蛾,,,,,,,no_image
72219,Zangphasma nyingchiense,林芝藏䗛,,,,,,,no_image
131342,Zanthoxylum esquirolii,贵州花椒,,,,,,,no_image
131364,Zanthoxylum scandens,花椒簕,images/00/13/00131364.webp,https://thumb.wikimedia.org/wikipedia/commons/thumb/f/f2/Zanthoxylum_scandens.jpg/960px-Zanthoxylum_scandens.jpg?utm_source=en.wikipedia.org&utm_campaign=api&utm_content=thumbnail,Yj,CC BY 4.0,https://creativecommons.org/licenses/by/4.0,https://en.wikipedia.org/wiki/File:Zanthoxylum_scandens.jpg,ok
72231,Zaphne lineatocollis,长针鞭隰蝇,,,,,,,no_image
72245,Zaprionus multistriatus,条带线果蝇,,,,,,,no_image
72254,Zavrelia bragremia,光裸扎氏摇蚊,,,,,,,no_image
131377,Zehneria japonica,马瓟儿,,,,,,,no_image
72281,Zele niveitarsis,雪跗赛茧蜂,,,,,,,no_image
13821,Zelotes flabellis,扇狂蛛,,,,,,,no_image
13839,Zelotes yani,颜氏狂蛛,,,,,,,no_image
131387,Zephyranthes candida,葱莲,images/00/13/00131387.webp,https://thumb.wikimedia.org/wikipedia/commons/thumb/5/55/Carapitaia_%28nome_prov._de_origem_tupi%29%2C_Zephyranthes_candida_02.jpg/960px-Carapitaia_%28nome_prov._de_origem_tupi%29%2C_Zephyranthes_candida_02.jpg?utm_source=en.wikipedia.org&utm_campaign=api&utm_content=thumbnail,Bageense,CC BY 4.0,https://creativecommons.org/licenses/by/4.0,"https://en.wikipedia.org/wiki/File:Carapitaia_(nome_prov._de_origem_tupi),_Zephyranthes_candida_02.jpg",ok
131394,Zeuxine goodyeroides,白肋线柱兰,,,,,,,no_image
83116,Zhangixalus burmanus,缅甸树蛙,,https://upload.wikimedia.org/wikipedia/commons/f/f3/Rhacophorus_burmanus.jpeg?utm_source=en.wikipedia.org&utm_campaign=api&utm_content=thumbnail_unscaled,Chintan Sheth,CC0,http://creativecommons.org/publicdomain/zero/1.0/deed.en,https://en.wikipedia.org/wiki/File:Rhacophorus_burmanus.jpeg,download_failed
83136,Zhangixalus pinglongensis,平龙树蛙,,,,,,,no_image
2702,Ziba abyssicola,深栖笔螺,,,,,,,no_image
131422,Zingiber edule,美味姜,,,,,,,no_image
131442,Zingiber mioga,蘘荷,images/00/13/00131442.webp,https://thumb.wikimedia.org/wikipedia/commons/thumb/a/ae/%E3%83%9F%E3%83%A7%E3%82%A6%E3%82%AC%28%E8%8C%97%E8%8D%B7%29%28Zingiber_mioga%29-%E8%8A%B1_%285852495693%29.jpg/960px-%E3%83%9F%E3%83%A7%E3%82%A6%E3%82%AC%28%E8%8C%97%E8%8D%B7%29%28Zingiber_mioga%29-%E8%8A%B1_%285852495693%29.jpg?utm_source=en.wikipedia.org&utm_campaign=api&utm_content=thumbnail,yamatsu,CC0,http://creativecommons.org/publicdomain/zero/1.0/deed.en,https://en.wikipedia.org/wiki/File:ミョウガ(茗荷)(Zingiber_mioga)-花_(5852495693).jpg,ok
131463,Zingiber tenuifolium,细叶姜,,,,,,,no_image
72311,Zizina otis,毛眼灰蝶,images/00/07/00072311.webp,https://thumb.wikimedia.org/wikipedia/commons/thumb/e/e2/Lesser_grass_blue_%28Zizina_otis_lampa%29_male_I.jpg/960px-Lesser_grass_blue_%28Zizina_otis_lampa%29_male_I.jpg?utm_source=en.wikipedia.org&utm_campaign=api&utm_content=thumbnail,Charles J. Sharp,CC BY-SA 4.0,https://creativecommons.org/licenses/by-sa/4.0,https://en.wikipedia.org/wiki/File:Lesser_grass_blue_(Zizina_otis_lampa)_male_I.jpg,ok
8018,Zoanthus sansibaricus,桑给巴尔花群海葵,,https://upload.wikimedia.org/wikipedia/commons/2/24/Zoanthus_sansibaricus.jpg?utm_source=en.wikipedia.org&utm_campaign=api&utm_content=thumbnail_unscaled,"James Reimer, Angelo Poliseno, Bert Hoeksema",CC BY 4.0,https://creativecommons.org/licenses/by/4.0,https://en.wikipedia.org/wiki/File:Zoanthus_sansibaricus.jpg,download_failed
72323,Zographetus satwa,黄裳肿脉弄蝶,,,,,,,no_image
155513,Zoophthora calliphorae,,,,,,,,no_image
83160,Zoothera mollissima,淡背地鸫,,https://upload.wikimedia.org/wikipedia/commons/6/62/Zoothera_mollissima_Khangchendzonga_Biosphere_Reserve_West_Sikkim_India_16.02.2016.jpg?utm_source=en.wikipedia.org&utm_campaign=api&utm_content=thumbnail_unscaled,Dibyendu Ash,CC BY-SA 3.0,https://creativecommons.org/licenses/by-sa/3.0,https://en.wikipedia.org/wiki/File:Zoothera_mollissima_Khangchendzonga_Biosphere_Reserve_West_Sikkim_India_16.02.2016.jpg,download_failed
184,Zosimus aeneus,铜铸熟若蟹,images/00/00/00000184.webp,https://thumb.wikimedia.org/wikipedia/commons/thumb/6/6f/Zosimus_aeneus_38671123.jpg/960px-Zosimus_aeneus_38671123.jpg?utm_source=en.wikipedia.org&utm_campaign=api&utm_content=thumbnail,Ewout Knoester,CC BY-SA 4.0,https://creativecommons.org/licenses/by-sa/4.0,https://en.wikipedia.org/wiki/File:Zosimus_aeneus_38671123.jpg,ok
131505,Zoysia macrostachya,大穗结缕草,,,,,,,no_image
72354,Zvenella geniculata,黒胫茨娓蟋,,,,,,,no_image
72359,Zygoneura breviuscula,短首眼蕈蚊,,,,,,,no_image
7288,Zygophylax cervicornis,鹿角合螅,,,,,,,no_image
131531,Zygophyllum pterocarpum,翼果驼蹄瓣,,,,,,,no_image
8864,Zygoribatula vegeta,动合若甲螨,,,,,,,no_image
72392,Zyras bovinus,,,,,,,,no_image
72412,Zyras gibbus,,,,,,,,no_image
72432,Zyras obliquus,,,https://upload.wikimedia.org/wikipedia/commons/f/f4/Zyras_obliquus.jpg?utm_source=en.wikipedia.org&utm_campaign=api&utm_content=thumbnail_unscaled,"Reginald Webster, Jan Klimaszewski, Georges Pelletier, Karine Savard",CC BY 3.0,https://creativecommons.org/licenses/by/3.0,https://en.wikipedia.org/wiki/File:Zyras_obliquus.jpg,download_failed
72452,Zyras song,,,,,,,,no_image
5114,ocaste japonica,日本尤卡虾,,,,,,,no_image
